ISO-10303-21;
HEADER;
FILE_DESCRIPTION(('Open CASCADE Model'),'2;1');
FILE_NAME('Open CASCADE Shape Model','2026-05-29T15:41:52',('Author'),(
    'Open CASCADE'),'Open CASCADE STEP processor 7.8','Open CASCADE 7.8'
  ,'Unknown');
FILE_SCHEMA(('AUTOMOTIVE_DESIGN { 1 0 10303 214 1 1 1 1 }'));
ENDSEC;
DATA;
#1 = APPLICATION_PROTOCOL_DEFINITION('international standard',
  'automotive_design',2000,#2);
#2 = APPLICATION_CONTEXT(
  'core data for automotive mechanical design processes');
#3 = SHAPE_DEFINITION_REPRESENTATION(#4,#10);
#4 = PRODUCT_DEFINITION_SHAPE('','',#5);
#5 = PRODUCT_DEFINITION('design','',#6,#9);
#6 = PRODUCT_DEFINITION_FORMATION('','',#7);
#7 = PRODUCT('Open CASCADE STEP translator 7.8 6',
  'Open CASCADE STEP translator 7.8 6','',(#8));
#8 = PRODUCT_CONTEXT('',#2,'mechanical');
#9 = PRODUCT_DEFINITION_CONTEXT('part definition',#2,'design');
#10 = SHAPE_REPRESENTATION('',(#11,#15,#19),#23);
#11 = AXIS2_PLACEMENT_3D('',#12,#13,#14);
#12 = CARTESIAN_POINT('',(0.,0.,0.));
#13 = DIRECTION('',(0.,0.,1.));
#14 = DIRECTION('',(1.,0.,-0.));
#15 = AXIS2_PLACEMENT_3D('',#16,#17,#18);
#16 = CARTESIAN_POINT('',(29.840896530111,-1.650005638293,
    -18.69666887883));
#17 = DIRECTION('',(1.,4.395739881303E-15,3.135265563759E-15));
#18 = DIRECTION('',(3.135265563759E-15,-1.636781216748E-14,-1.));
#19 = AXIS2_PLACEMENT_3D('',#20,#21,#22);
#20 = CARTESIAN_POINT('',(74.840896530111,-1.650005638293,
    -31.69666887883));
#21 = DIRECTION('',(-3.274043441837E-15,1.644414000042E-14,1.));
#22 = DIRECTION('',(4.309003707505E-15,-1.,1.644414000042E-14));
#23 = ( GEOMETRIC_REPRESENTATION_CONTEXT(3) 
GLOBAL_UNCERTAINTY_ASSIGNED_CONTEXT((#27)) GLOBAL_UNIT_ASSIGNED_CONTEXT(
(#24,#25,#26)) REPRESENTATION_CONTEXT('Context #1',
  '3D Context with UNIT and UNCERTAINTY') );
#24 = ( LENGTH_UNIT() NAMED_UNIT(*) SI_UNIT(.MILLI.,.METRE.) );
#25 = ( NAMED_UNIT(*) PLANE_ANGLE_UNIT() SI_UNIT($,.RADIAN.) );
#26 = ( NAMED_UNIT(*) SI_UNIT($,.STERADIAN.) SOLID_ANGLE_UNIT() );
#27 = UNCERTAINTY_MEASURE_WITH_UNIT(LENGTH_MEASURE(5.E-05),#24,
  'distance_accuracy_value','confusion accuracy');
#28 = PRODUCT_RELATED_PRODUCT_CATEGORY('part',$,(#7));
#29 = SHAPE_DEFINITION_REPRESENTATION(#30,#36);
#30 = PRODUCT_DEFINITION_SHAPE('','',#31);
#31 = PRODUCT_DEFINITION('design','',#32,#35);
#32 = PRODUCT_DEFINITION_FORMATION('','',#33);
#33 = PRODUCT('Open CASCADE STEP translator 7.8 6.1',
  'Open CASCADE STEP translator 7.8 6.1','',(#34));
#34 = PRODUCT_CONTEXT('',#2,'mechanical');
#35 = PRODUCT_DEFINITION_CONTEXT('part definition',#2,'design');
#36 = ADVANCED_BREP_SHAPE_REPRESENTATION('',(#11,#37),#13637);
#37 = MANIFOLD_SOLID_BREP('',#38);
#38 = CLOSED_SHELL('',(#39,#389,#734,#1095,#1441,#1896,#2078,#2256,#3781
    ,#4380,#4978,#5487,#5607,#6302,#6422,#6522,#6622,#6793,#6840,#7011,
    #7058,#7105,#7152,#7199,#7246,#7293,#7340,#7387,#7434,#7509,#7580,
    #7697,#7841,#7890,#7960,#7967,#7995,#8023,#8030,#8058,#8065,#8072,
    #8079,#8086,#8093,#8100,#8107,#8114,#8121,#8128,#8135,#8142,#8191,
    #8240,#8289,#8338,#8365,#8392,#8419,#8446,#8453,#8460,#8467,#8474,
    #8502,#8530,#8558,#8565,#8593,#8621,#8649,#8656,#8684,#8712,#8740,
    #8747,#8775,#8803,#8831,#8838,#8958,#9078,#9198,#9318,#9418,#9467,
    #9522,#9599,#9627,#9655,#9749,#9821,#9849,#9877,#9954,#10004,#10032,
    #10060,#10109,#10116,#10238,#10287,#10364,#10441,#10469,#10497,
    #10547,#10619,#10647,#10675,#10752,#10824,#10852,#10880,#10907,
    #10914,#10997,#11069,#11118,#11212,#11289,#11317,#11345,#11422,
    #11472,#11544,#11572,#11600,#11627,#11655,#11683,#11690,#11763,
    #11841,#11939,#12012,#12062,#12089,#12116,#12166,#12244,#12300,
    #12350,#12400,#12427,#12454,#12481,#12488,#12516,#12588,#12639,
    #12666,#12747,#12819,#12826,#12854,#12882,#12889,#12918,#12967,
    #13022,#13072,#13153,#13229,#13236,#13264,#13292,#13299,#13346,
    #13393,#13440,#13487,#13534,#13581,#13588,#13595,#13602,#13609,
    #13616,#13623,#13630));
#39 = ADVANCED_FACE('',(#40,#159),#54,.F.);
#40 = FACE_BOUND('',#41,.T.);
#41 = EDGE_LOOP('',(#42,#77,#105,#133));
#42 = ORIENTED_EDGE('',*,*,#43,.T.);
#43 = EDGE_CURVE('',#44,#46,#48,.T.);
#44 = VERTEX_POINT('',#45);
#45 = CARTESIAN_POINT('',(13.6,85.1,0.));
#46 = VERTEX_POINT('',#47);
#47 = CARTESIAN_POINT('',(-13.6,85.1,0.));
#48 = SURFACE_CURVE('',#49,(#53,#65),.PCURVE_S1.);
#49 = LINE('',#50,#51);
#50 = CARTESIAN_POINT('',(3.469446951954E-15,85.1,0.));
#51 = VECTOR('',#52,1.);
#52 = DIRECTION('',(-1.,0.,0.));
#53 = PCURVE('',#54,#59);
#54 = PLANE('',#55);
#55 = AXIS2_PLACEMENT_3D('',#56,#57,#58);
#56 = CARTESIAN_POINT('',(3.469446951954E-15,85.1,5.));
#57 = DIRECTION('',(0.,-1.,0.));
#58 = DIRECTION('',(0.,0.,-1.));
#59 = DEFINITIONAL_REPRESENTATION('',(#60),#64);
#60 = LINE('',#61,#62);
#61 = CARTESIAN_POINT('',(5.,0.));
#62 = VECTOR('',#63,1.);
#63 = DIRECTION('',(0.,-1.));
#64 = ( GEOMETRIC_REPRESENTATION_CONTEXT(2) 
PARAMETRIC_REPRESENTATION_CONTEXT() REPRESENTATION_CONTEXT('2D SPACE',''
  ) );
#65 = PCURVE('',#66,#71);
#66 = PLANE('',#67);
#67 = AXIS2_PLACEMENT_3D('',#68,#69,#70);
#68 = CARTESIAN_POINT('',(0.,0.,0.));
#69 = DIRECTION('',(0.,0.,1.));
#70 = DIRECTION('',(1.,0.,-0.));
#71 = DEFINITIONAL_REPRESENTATION('',(#72),#76);
#72 = LINE('',#73,#74);
#73 = CARTESIAN_POINT('',(3.469446951954E-15,85.1));
#74 = VECTOR('',#75,1.);
#75 = DIRECTION('',(-1.,0.));
#76 = ( GEOMETRIC_REPRESENTATION_CONTEXT(2) 
PARAMETRIC_REPRESENTATION_CONTEXT() REPRESENTATION_CONTEXT('2D SPACE',''
  ) );
#77 = ORIENTED_EDGE('',*,*,#78,.F.);
#78 = EDGE_CURVE('',#79,#46,#81,.T.);
#79 = VERTEX_POINT('',#80);
#80 = CARTESIAN_POINT('',(-13.6,85.1,75.));
#81 = SURFACE_CURVE('',#82,(#86,#93),.PCURVE_S1.);
#82 = LINE('',#83,#84);
#83 = CARTESIAN_POINT('',(-13.6,85.1,75.));
#84 = VECTOR('',#85,1.);
#85 = DIRECTION('',(0.,0.,-1.));
#86 = PCURVE('',#54,#87);
#87 = DEFINITIONAL_REPRESENTATION('',(#88),#92);
#88 = LINE('',#89,#90);
#89 = CARTESIAN_POINT('',(-70.,-13.6));
#90 = VECTOR('',#91,1.);
#91 = DIRECTION('',(1.,0.));
#92 = ( GEOMETRIC_REPRESENTATION_CONTEXT(2) 
PARAMETRIC_REPRESENTATION_CONTEXT() REPRESENTATION_CONTEXT('2D SPACE',''
  ) );
#93 = PCURVE('',#94,#99);
#94 = CYLINDRICAL_SURFACE('',#95,5.);
#95 = AXIS2_PLACEMENT_3D('',#96,#97,#98);
#96 = CARTESIAN_POINT('',(-13.6,80.1,5.));
#97 = DIRECTION('',(0.,0.,1.));
#98 = DIRECTION('',(1.,0.,-0.));
#99 = DEFINITIONAL_REPRESENTATION('',(#100),#104);
#100 = LINE('',#101,#102);
#101 = CARTESIAN_POINT('',(1.570796326795,70.));
#102 = VECTOR('',#103,1.);
#103 = DIRECTION('',(0.,-1.));
#104 = ( GEOMETRIC_REPRESENTATION_CONTEXT(2) 
PARAMETRIC_REPRESENTATION_CONTEXT() REPRESENTATION_CONTEXT('2D SPACE',''
  ) );
#105 = ORIENTED_EDGE('',*,*,#106,.F.);
#106 = EDGE_CURVE('',#107,#79,#109,.T.);
#107 = VERTEX_POINT('',#108);
#108 = CARTESIAN_POINT('',(13.6,85.1,75.));
#109 = SURFACE_CURVE('',#110,(#114,#121),.PCURVE_S1.);
#110 = LINE('',#111,#112);
#111 = CARTESIAN_POINT('',(3.469446951954E-15,85.1,75.));
#112 = VECTOR('',#113,1.);
#113 = DIRECTION('',(-1.,0.,0.));
#114 = PCURVE('',#54,#115);
#115 = DEFINITIONAL_REPRESENTATION('',(#116),#120);
#116 = LINE('',#117,#118);
#117 = CARTESIAN_POINT('',(-70.,0.));
#118 = VECTOR('',#119,1.);
#119 = DIRECTION('',(0.,-1.));
#120 = ( GEOMETRIC_REPRESENTATION_CONTEXT(2) 
PARAMETRIC_REPRESENTATION_CONTEXT() REPRESENTATION_CONTEXT('2D SPACE',''
  ) );
#121 = PCURVE('',#122,#127);
#122 = PLANE('',#123);
#123 = AXIS2_PLACEMENT_3D('',#124,#125,#126);
#124 = CARTESIAN_POINT('',(3.469446951954E-15,95.1,75.));
#125 = DIRECTION('',(0.,0.,1.));
#126 = DIRECTION('',(1.,0.,-0.));
#127 = DEFINITIONAL_REPRESENTATION('',(#128),#132);
#128 = LINE('',#129,#130);
#129 = CARTESIAN_POINT('',(0.,-10.));
#130 = VECTOR('',#131,1.);
#131 = DIRECTION('',(-1.,0.));
#132 = ( GEOMETRIC_REPRESENTATION_CONTEXT(2) 
PARAMETRIC_REPRESENTATION_CONTEXT() REPRESENTATION_CONTEXT('2D SPACE',''
  ) );
#133 = ORIENTED_EDGE('',*,*,#134,.T.);
#134 = EDGE_CURVE('',#107,#44,#135,.T.);
#135 = SURFACE_CURVE('',#136,(#140,#147),.PCURVE_S1.);
#136 = LINE('',#137,#138);
#137 = CARTESIAN_POINT('',(13.6,85.1,5.));
#138 = VECTOR('',#139,1.);
#139 = DIRECTION('',(0.,0.,-1.));
#140 = PCURVE('',#54,#141);
#141 = DEFINITIONAL_REPRESENTATION('',(#142),#146);
#142 = LINE('',#143,#144);
#143 = CARTESIAN_POINT('',(0.,13.6));
#144 = VECTOR('',#145,1.);
#145 = DIRECTION('',(1.,0.));
#146 = ( GEOMETRIC_REPRESENTATION_CONTEXT(2) 
PARAMETRIC_REPRESENTATION_CONTEXT() REPRESENTATION_CONTEXT('2D SPACE',''
  ) );
#147 = PCURVE('',#148,#153);
#148 = CYLINDRICAL_SURFACE('',#149,5.);
#149 = AXIS2_PLACEMENT_3D('',#150,#151,#152);
#150 = CARTESIAN_POINT('',(13.6,80.1,5.));
#151 = DIRECTION('',(0.,0.,-1.));
#152 = DIRECTION('',(-1.,0.,0.));
#153 = DEFINITIONAL_REPRESENTATION('',(#154),#158);
#154 = LINE('',#155,#156);
#155 = CARTESIAN_POINT('',(1.570796326795,0.));
#156 = VECTOR('',#157,1.);
#157 = DIRECTION('',(0.,1.));
#158 = ( GEOMETRIC_REPRESENTATION_CONTEXT(2) 
PARAMETRIC_REPRESENTATION_CONTEXT() REPRESENTATION_CONTEXT('2D SPACE',''
  ) );
#159 = FACE_BOUND('',#160,.T.);
#160 = EDGE_LOOP('',(#161,#191,#220,#248,#277,#305,#334,#362));
#161 = ORIENTED_EDGE('',*,*,#162,.T.);
#162 = EDGE_CURVE('',#163,#165,#167,.T.);
#163 = VERTEX_POINT('',#164);
#164 = CARTESIAN_POINT('',(-6.6,85.1,5.));
#165 = VERTEX_POINT('',#166);
#166 = CARTESIAN_POINT('',(6.6,85.1,5.));
#167 = SURFACE_CURVE('',#168,(#172,#179),.PCURVE_S1.);
#168 = LINE('',#169,#170);
#169 = CARTESIAN_POINT('',(-6.696480287845E-14,85.1,5.));
#170 = VECTOR('',#171,1.);
#171 = DIRECTION('',(1.,0.,0.));
#172 = PCURVE('',#54,#173);
#173 = DEFINITIONAL_REPRESENTATION('',(#174),#178);
#174 = LINE('',#175,#176);
#175 = CARTESIAN_POINT('',(0.,-7.04342498304E-14));
#176 = VECTOR('',#177,1.);
#177 = DIRECTION('',(0.,1.));
#178 = ( GEOMETRIC_REPRESENTATION_CONTEXT(2) 
PARAMETRIC_REPRESENTATION_CONTEXT() REPRESENTATION_CONTEXT('2D SPACE',''
  ) );
#179 = PCURVE('',#180,#185);
#180 = PLANE('',#181);
#181 = AXIS2_PLACEMENT_3D('',#182,#183,#184);
#182 = CARTESIAN_POINT('',(0.,0.,5.));
#183 = DIRECTION('',(0.,0.,1.));
#184 = DIRECTION('',(1.,0.,-0.));
#185 = DEFINITIONAL_REPRESENTATION('',(#186),#190);
#186 = LINE('',#187,#188);
#187 = CARTESIAN_POINT('',(-6.696480287845E-14,85.1));
#188 = VECTOR('',#189,1.);
#189 = DIRECTION('',(1.,0.));
#190 = ( GEOMETRIC_REPRESENTATION_CONTEXT(2) 
PARAMETRIC_REPRESENTATION_CONTEXT() REPRESENTATION_CONTEXT('2D SPACE',''
  ) );
#191 = ORIENTED_EDGE('',*,*,#192,.T.);
#192 = EDGE_CURVE('',#165,#193,#195,.T.);
#193 = VERTEX_POINT('',#194);
#194 = CARTESIAN_POINT('',(8.6,85.1,7.));
#195 = SURFACE_CURVE('',#196,(#201,#208),.PCURVE_S1.);
#196 = CIRCLE('',#197,2.);
#197 = AXIS2_PLACEMENT_3D('',#198,#199,#200);
#198 = CARTESIAN_POINT('',(6.6,85.1,7.));
#199 = DIRECTION('',(0.,-1.,0.));
#200 = DIRECTION('',(0.,0.,-1.));
#201 = PCURVE('',#54,#202);
#202 = DEFINITIONAL_REPRESENTATION('',(#203),#207);
#203 = CIRCLE('',#204,2.);
#204 = AXIS2_PLACEMENT_2D('',#205,#206);
#205 = CARTESIAN_POINT('',(-2.,6.6));
#206 = DIRECTION('',(1.,0.));
#207 = ( GEOMETRIC_REPRESENTATION_CONTEXT(2) 
PARAMETRIC_REPRESENTATION_CONTEXT() REPRESENTATION_CONTEXT('2D SPACE',''
  ) );
#208 = PCURVE('',#209,#214);
#209 = CYLINDRICAL_SURFACE('',#210,2.);
#210 = AXIS2_PLACEMENT_3D('',#211,#212,#213);
#211 = CARTESIAN_POINT('',(6.6,85.102,7.));
#212 = DIRECTION('',(-3.73058812038E-16,1.,0.));
#213 = DIRECTION('',(-1.,-3.73058812038E-16,0.));
#214 = DEFINITIONAL_REPRESENTATION('',(#215),#219);
#215 = LINE('',#216,#217);
#216 = CARTESIAN_POINT('',(4.712388980385,-2.00000000001E-03));
#217 = VECTOR('',#218,1.);
#218 = DIRECTION('',(-1.,0.));
#219 = ( GEOMETRIC_REPRESENTATION_CONTEXT(2) 
PARAMETRIC_REPRESENTATION_CONTEXT() REPRESENTATION_CONTEXT('2D SPACE',''
  ) );
#220 = ORIENTED_EDGE('',*,*,#221,.T.);
#221 = EDGE_CURVE('',#193,#222,#224,.T.);
#222 = VERTEX_POINT('',#223);
#223 = CARTESIAN_POINT('',(8.6,85.1,68.));
#224 = SURFACE_CURVE('',#225,(#229,#236),.PCURVE_S1.);
#225 = LINE('',#226,#227);
#226 = CARTESIAN_POINT('',(8.6,85.1,37.5));
#227 = VECTOR('',#228,1.);
#228 = DIRECTION('',(-1.067522139063E-16,0.,1.));
#229 = PCURVE('',#54,#230);
#230 = DEFINITIONAL_REPRESENTATION('',(#231),#235);
#231 = LINE('',#232,#233);
#232 = CARTESIAN_POINT('',(-32.5,8.6));
#233 = VECTOR('',#234,1.);
#234 = DIRECTION('',(-1.,-1.067522139063E-16));
#235 = ( GEOMETRIC_REPRESENTATION_CONTEXT(2) 
PARAMETRIC_REPRESENTATION_CONTEXT() REPRESENTATION_CONTEXT('2D SPACE',''
  ) );
#236 = PCURVE('',#237,#242);
#237 = PLANE('',#238);
#238 = AXIS2_PLACEMENT_3D('',#239,#240,#241);
#239 = CARTESIAN_POINT('',(8.6,85.102,37.5));
#240 = DIRECTION('',(-1.,-3.73058812038E-16,-1.067522139063E-16));
#241 = DIRECTION('',(3.73058812038E-16,-1.,0.));
#242 = DEFINITIONAL_REPRESENTATION('',(#243),#247);
#243 = LINE('',#244,#245);
#244 = CARTESIAN_POINT('',(2.00000000001E-03,7.964970820498E-35));
#245 = VECTOR('',#246,1.);
#246 = DIRECTION('',(-3.98248541023E-32,1.));
#247 = ( GEOMETRIC_REPRESENTATION_CONTEXT(2) 
PARAMETRIC_REPRESENTATION_CONTEXT() REPRESENTATION_CONTEXT('2D SPACE',''
  ) );
#248 = ORIENTED_EDGE('',*,*,#249,.T.);
#249 = EDGE_CURVE('',#222,#250,#252,.T.);
#250 = VERTEX_POINT('',#251);
#251 = CARTESIAN_POINT('',(6.6,85.1,70.));
#252 = SURFACE_CURVE('',#253,(#258,#265),.PCURVE_S1.);
#253 = CIRCLE('',#254,2.);
#254 = AXIS2_PLACEMENT_3D('',#255,#256,#257);
#255 = CARTESIAN_POINT('',(6.6,85.1,68.));
#256 = DIRECTION('',(0.,-1.,0.));
#257 = DIRECTION('',(0.,0.,-1.));
#258 = PCURVE('',#54,#259);
#259 = DEFINITIONAL_REPRESENTATION('',(#260),#264);
#260 = CIRCLE('',#261,2.);
#261 = AXIS2_PLACEMENT_2D('',#262,#263);
#262 = CARTESIAN_POINT('',(-63.,6.6));
#263 = DIRECTION('',(1.,0.));
#264 = ( GEOMETRIC_REPRESENTATION_CONTEXT(2) 
PARAMETRIC_REPRESENTATION_CONTEXT() REPRESENTATION_CONTEXT('2D SPACE',''
  ) );
#265 = PCURVE('',#266,#271);
#266 = CYLINDRICAL_SURFACE('',#267,2.);
#267 = AXIS2_PLACEMENT_3D('',#268,#269,#270);
#268 = CARTESIAN_POINT('',(6.6,85.102,68.));
#269 = DIRECTION('',(-3.73058812038E-16,1.,0.));
#270 = DIRECTION('',(-1.,-3.73058812038E-16,0.));
#271 = DEFINITIONAL_REPRESENTATION('',(#272),#276);
#272 = LINE('',#273,#274);
#273 = CARTESIAN_POINT('',(4.712388980385,-2.00000000001E-03));
#274 = VECTOR('',#275,1.);
#275 = DIRECTION('',(-1.,0.));
#276 = ( GEOMETRIC_REPRESENTATION_CONTEXT(2) 
PARAMETRIC_REPRESENTATION_CONTEXT() REPRESENTATION_CONTEXT('2D SPACE',''
  ) );
#277 = ORIENTED_EDGE('',*,*,#278,.T.);
#278 = EDGE_CURVE('',#250,#279,#281,.T.);
#279 = VERTEX_POINT('',#280);
#280 = CARTESIAN_POINT('',(-6.6,85.1,70.));
#281 = SURFACE_CURVE('',#282,(#286,#293),.PCURVE_S1.);
#282 = LINE('',#283,#284);
#283 = CARTESIAN_POINT('',(-7.563842025833E-14,85.1,70.));
#284 = VECTOR('',#285,1.);
#285 = DIRECTION('',(-1.,0.,0.));
#286 = PCURVE('',#54,#287);
#287 = DEFINITIONAL_REPRESENTATION('',(#288),#292);
#288 = LINE('',#289,#290);
#289 = CARTESIAN_POINT('',(-65.,-7.910786721029E-14));
#290 = VECTOR('',#291,1.);
#291 = DIRECTION('',(0.,-1.));
#292 = ( GEOMETRIC_REPRESENTATION_CONTEXT(2) 
PARAMETRIC_REPRESENTATION_CONTEXT() REPRESENTATION_CONTEXT('2D SPACE',''
  ) );
#293 = PCURVE('',#294,#299);
#294 = PLANE('',#295);
#295 = AXIS2_PLACEMENT_3D('',#296,#297,#298);
#296 = CARTESIAN_POINT('',(-7.563842025833E-14,85.102,70.));
#297 = DIRECTION('',(0.,0.,-1.));
#298 = DIRECTION('',(-1.,0.,0.));
#299 = DEFINITIONAL_REPRESENTATION('',(#300),#304);
#300 = LINE('',#301,#302);
#301 = CARTESIAN_POINT('',(0.,-2.00000000001E-03));
#302 = VECTOR('',#303,1.);
#303 = DIRECTION('',(1.,0.));
#304 = ( GEOMETRIC_REPRESENTATION_CONTEXT(2) 
PARAMETRIC_REPRESENTATION_CONTEXT() REPRESENTATION_CONTEXT('2D SPACE',''
  ) );
#305 = ORIENTED_EDGE('',*,*,#306,.T.);
#306 = EDGE_CURVE('',#279,#307,#309,.T.);
#307 = VERTEX_POINT('',#308);
#308 = CARTESIAN_POINT('',(-8.6,85.1,68.));
#309 = SURFACE_CURVE('',#310,(#315,#322),.PCURVE_S1.);
#310 = CIRCLE('',#311,2.);
#311 = AXIS2_PLACEMENT_3D('',#312,#313,#314);
#312 = CARTESIAN_POINT('',(-6.6,85.1,68.));
#313 = DIRECTION('',(0.,-1.,0.));
#314 = DIRECTION('',(0.,0.,-1.));
#315 = PCURVE('',#54,#316);
#316 = DEFINITIONAL_REPRESENTATION('',(#317),#321);
#317 = CIRCLE('',#318,2.);
#318 = AXIS2_PLACEMENT_2D('',#319,#320);
#319 = CARTESIAN_POINT('',(-63.,-6.6));
#320 = DIRECTION('',(1.,0.));
#321 = ( GEOMETRIC_REPRESENTATION_CONTEXT(2) 
PARAMETRIC_REPRESENTATION_CONTEXT() REPRESENTATION_CONTEXT('2D SPACE',''
  ) );
#322 = PCURVE('',#323,#328);
#323 = CYLINDRICAL_SURFACE('',#324,2.);
#324 = AXIS2_PLACEMENT_3D('',#325,#326,#327);
#325 = CARTESIAN_POINT('',(-6.6,85.102,68.));
#326 = DIRECTION('',(-3.73058812038E-16,1.,0.));
#327 = DIRECTION('',(-1.,-3.73058812038E-16,0.));
#328 = DEFINITIONAL_REPRESENTATION('',(#329),#333);
#329 = LINE('',#330,#331);
#330 = CARTESIAN_POINT('',(4.712388980385,-2.00000000001E-03));
#331 = VECTOR('',#332,1.);
#332 = DIRECTION('',(-1.,0.));
#333 = ( GEOMETRIC_REPRESENTATION_CONTEXT(2) 
PARAMETRIC_REPRESENTATION_CONTEXT() REPRESENTATION_CONTEXT('2D SPACE',''
  ) );
#334 = ORIENTED_EDGE('',*,*,#335,.T.);
#335 = EDGE_CURVE('',#307,#336,#338,.T.);
#336 = VERTEX_POINT('',#337);
#337 = CARTESIAN_POINT('',(-8.6,85.1,7.));
#338 = SURFACE_CURVE('',#339,(#343,#350),.PCURVE_S1.);
#339 = LINE('',#340,#341);
#340 = CARTESIAN_POINT('',(-8.6,85.1,37.5));
#341 = VECTOR('',#342,1.);
#342 = DIRECTION('',(1.067522139063E-16,0.,-1.));
#343 = PCURVE('',#54,#344);
#344 = DEFINITIONAL_REPRESENTATION('',(#345),#349);
#345 = LINE('',#346,#347);
#346 = CARTESIAN_POINT('',(-32.5,-8.6));
#347 = VECTOR('',#348,1.);
#348 = DIRECTION('',(1.,1.067522139063E-16));
#349 = ( GEOMETRIC_REPRESENTATION_CONTEXT(2) 
PARAMETRIC_REPRESENTATION_CONTEXT() REPRESENTATION_CONTEXT('2D SPACE',''
  ) );
#350 = PCURVE('',#351,#356);
#351 = PLANE('',#352);
#352 = AXIS2_PLACEMENT_3D('',#353,#354,#355);
#353 = CARTESIAN_POINT('',(-8.6,85.102,37.5));
#354 = DIRECTION('',(1.,3.73058812038E-16,1.067522139063E-16));
#355 = DIRECTION('',(-3.73058812038E-16,1.,0.));
#356 = DEFINITIONAL_REPRESENTATION('',(#357),#361);
#357 = LINE('',#358,#359);
#358 = CARTESIAN_POINT('',(-2.00000000001E-03,7.964970820498E-35));
#359 = VECTOR('',#360,1.);
#360 = DIRECTION('',(-3.98248541023E-32,-1.));
#361 = ( GEOMETRIC_REPRESENTATION_CONTEXT(2) 
PARAMETRIC_REPRESENTATION_CONTEXT() REPRESENTATION_CONTEXT('2D SPACE',''
  ) );
#362 = ORIENTED_EDGE('',*,*,#363,.T.);
#363 = EDGE_CURVE('',#336,#163,#364,.T.);
#364 = SURFACE_CURVE('',#365,(#370,#377),.PCURVE_S1.);
#365 = CIRCLE('',#366,2.);
#366 = AXIS2_PLACEMENT_3D('',#367,#368,#369);
#367 = CARTESIAN_POINT('',(-6.6,85.1,7.));
#368 = DIRECTION('',(0.,-1.,0.));
#369 = DIRECTION('',(0.,0.,-1.));
#370 = PCURVE('',#54,#371);
#371 = DEFINITIONAL_REPRESENTATION('',(#372),#376);
#372 = CIRCLE('',#373,2.);
#373 = AXIS2_PLACEMENT_2D('',#374,#375);
#374 = CARTESIAN_POINT('',(-2.,-6.6));
#375 = DIRECTION('',(1.,0.));
#376 = ( GEOMETRIC_REPRESENTATION_CONTEXT(2) 
PARAMETRIC_REPRESENTATION_CONTEXT() REPRESENTATION_CONTEXT('2D SPACE',''
  ) );
#377 = PCURVE('',#378,#383);
#378 = CYLINDRICAL_SURFACE('',#379,2.);
#379 = AXIS2_PLACEMENT_3D('',#380,#381,#382);
#380 = CARTESIAN_POINT('',(-6.6,-2.462188159451E-15,7.));
#381 = DIRECTION('',(-3.73058812038E-16,1.,0.));
#382 = DIRECTION('',(-1.,-3.73058812038E-16,0.));
#383 = DEFINITIONAL_REPRESENTATION('',(#384),#388);
#384 = LINE('',#385,#386);
#385 = CARTESIAN_POINT('',(10.995574287564,85.1));
#386 = VECTOR('',#387,1.);
#387 = DIRECTION('',(-1.,0.));
#388 = ( GEOMETRIC_REPRESENTATION_CONTEXT(2) 
PARAMETRIC_REPRESENTATION_CONTEXT() REPRESENTATION_CONTEXT('2D SPACE',''
  ) );
#389 = ADVANCED_FACE('',(#390,#504),#404,.T.);
#390 = FACE_BOUND('',#391,.T.);
#391 = EDGE_LOOP('',(#392,#427,#455,#478));
#392 = ORIENTED_EDGE('',*,*,#393,.T.);
#393 = EDGE_CURVE('',#394,#396,#398,.T.);
#394 = VERTEX_POINT('',#395);
#395 = CARTESIAN_POINT('',(13.6,-85.1,75.));
#396 = VERTEX_POINT('',#397);
#397 = CARTESIAN_POINT('',(-13.6,-85.1,75.));
#398 = SURFACE_CURVE('',#399,(#403,#415),.PCURVE_S1.);
#399 = LINE('',#400,#401);
#400 = CARTESIAN_POINT('',(3.469446951954E-15,-85.1,75.));
#401 = VECTOR('',#402,1.);
#402 = DIRECTION('',(-1.,0.,0.));
#403 = PCURVE('',#404,#409);
#404 = PLANE('',#405);
#405 = AXIS2_PLACEMENT_3D('',#406,#407,#408);
#406 = CARTESIAN_POINT('',(-3.469446951954E-15,-85.1,5.));
#407 = DIRECTION('',(3.73058812038E-16,-1.,0.));
#408 = DIRECTION('',(1.,3.73058812038E-16,0.));
#409 = DEFINITIONAL_REPRESENTATION('',(#410),#414);
#410 = LINE('',#411,#412);
#411 = CARTESIAN_POINT('',(6.938893903907E-15,70.));
#412 = VECTOR('',#413,1.);
#413 = DIRECTION('',(-1.,0.));
#414 = ( GEOMETRIC_REPRESENTATION_CONTEXT(2) 
PARAMETRIC_REPRESENTATION_CONTEXT() REPRESENTATION_CONTEXT('2D SPACE',''
  ) );
#415 = PCURVE('',#416,#421);
#416 = PLANE('',#417);
#417 = AXIS2_PLACEMENT_3D('',#418,#419,#420);
#418 = CARTESIAN_POINT('',(3.469446951954E-15,-95.1,75.));
#419 = DIRECTION('',(0.,0.,1.));
#420 = DIRECTION('',(1.,0.,-0.));
#421 = DEFINITIONAL_REPRESENTATION('',(#422),#426);
#422 = LINE('',#423,#424);
#423 = CARTESIAN_POINT('',(0.,10.));
#424 = VECTOR('',#425,1.);
#425 = DIRECTION('',(-1.,0.));
#426 = ( GEOMETRIC_REPRESENTATION_CONTEXT(2) 
PARAMETRIC_REPRESENTATION_CONTEXT() REPRESENTATION_CONTEXT('2D SPACE',''
  ) );
#427 = ORIENTED_EDGE('',*,*,#428,.T.);
#428 = EDGE_CURVE('',#396,#429,#431,.T.);
#429 = VERTEX_POINT('',#430);
#430 = CARTESIAN_POINT('',(-13.6,-85.1,0.));
#431 = SURFACE_CURVE('',#432,(#436,#443),.PCURVE_S1.);
#432 = LINE('',#433,#434);
#433 = CARTESIAN_POINT('',(-13.6,-85.1,5.));
#434 = VECTOR('',#435,1.);
#435 = DIRECTION('',(0.,0.,-1.));
#436 = PCURVE('',#404,#437);
#437 = DEFINITIONAL_REPRESENTATION('',(#438),#442);
#438 = LINE('',#439,#440);
#439 = CARTESIAN_POINT('',(-13.6,0.));
#440 = VECTOR('',#441,1.);
#441 = DIRECTION('',(0.,-1.));
#442 = ( GEOMETRIC_REPRESENTATION_CONTEXT(2) 
PARAMETRIC_REPRESENTATION_CONTEXT() REPRESENTATION_CONTEXT('2D SPACE',''
  ) );
#443 = PCURVE('',#444,#449);
#444 = CYLINDRICAL_SURFACE('',#445,5.);
#445 = AXIS2_PLACEMENT_3D('',#446,#447,#448);
#446 = CARTESIAN_POINT('',(-13.6,-80.1,5.));
#447 = DIRECTION('',(0.,0.,-1.));
#448 = DIRECTION('',(-1.,0.,0.));
#449 = DEFINITIONAL_REPRESENTATION('',(#450),#454);
#450 = LINE('',#451,#452);
#451 = CARTESIAN_POINT('',(4.712388980385,0.));
#452 = VECTOR('',#453,1.);
#453 = DIRECTION('',(0.,1.));
#454 = ( GEOMETRIC_REPRESENTATION_CONTEXT(2) 
PARAMETRIC_REPRESENTATION_CONTEXT() REPRESENTATION_CONTEXT('2D SPACE',''
  ) );
#455 = ORIENTED_EDGE('',*,*,#456,.F.);
#456 = EDGE_CURVE('',#457,#429,#459,.T.);
#457 = VERTEX_POINT('',#458);
#458 = CARTESIAN_POINT('',(13.6,-85.1,0.));
#459 = SURFACE_CURVE('',#460,(#464,#471),.PCURVE_S1.);
#460 = LINE('',#461,#462);
#461 = CARTESIAN_POINT('',(-3.469446951954E-15,-85.1,0.));
#462 = VECTOR('',#463,1.);
#463 = DIRECTION('',(-1.,-3.73058812038E-16,0.));
#464 = PCURVE('',#404,#465);
#465 = DEFINITIONAL_REPRESENTATION('',(#466),#470);
#466 = LINE('',#467,#468);
#467 = CARTESIAN_POINT('',(0.,-5.));
#468 = VECTOR('',#469,1.);
#469 = DIRECTION('',(-1.,0.));
#470 = ( GEOMETRIC_REPRESENTATION_CONTEXT(2) 
PARAMETRIC_REPRESENTATION_CONTEXT() REPRESENTATION_CONTEXT('2D SPACE',''
  ) );
#471 = PCURVE('',#66,#472);
#472 = DEFINITIONAL_REPRESENTATION('',(#473),#477);
#473 = LINE('',#474,#475);
#474 = CARTESIAN_POINT('',(-3.469446951954E-15,-85.1));
#475 = VECTOR('',#476,1.);
#476 = DIRECTION('',(-1.,-3.73058812038E-16));
#477 = ( GEOMETRIC_REPRESENTATION_CONTEXT(2) 
PARAMETRIC_REPRESENTATION_CONTEXT() REPRESENTATION_CONTEXT('2D SPACE',''
  ) );
#478 = ORIENTED_EDGE('',*,*,#479,.F.);
#479 = EDGE_CURVE('',#394,#457,#480,.T.);
#480 = SURFACE_CURVE('',#481,(#485,#492),.PCURVE_S1.);
#481 = LINE('',#482,#483);
#482 = CARTESIAN_POINT('',(13.6,-85.1,75.));
#483 = VECTOR('',#484,1.);
#484 = DIRECTION('',(0.,0.,-1.));
#485 = PCURVE('',#404,#486);
#486 = DEFINITIONAL_REPRESENTATION('',(#487),#491);
#487 = LINE('',#488,#489);
#488 = CARTESIAN_POINT('',(13.6,70.));
#489 = VECTOR('',#490,1.);
#490 = DIRECTION('',(0.,-1.));
#491 = ( GEOMETRIC_REPRESENTATION_CONTEXT(2) 
PARAMETRIC_REPRESENTATION_CONTEXT() REPRESENTATION_CONTEXT('2D SPACE',''
  ) );
#492 = PCURVE('',#493,#498);
#493 = CYLINDRICAL_SURFACE('',#494,5.);
#494 = AXIS2_PLACEMENT_3D('',#495,#496,#497);
#495 = CARTESIAN_POINT('',(13.6,-80.1,5.));
#496 = DIRECTION('',(0.,0.,1.));
#497 = DIRECTION('',(1.,0.,-0.));
#498 = DEFINITIONAL_REPRESENTATION('',(#499),#503);
#499 = LINE('',#500,#501);
#500 = CARTESIAN_POINT('',(4.712388980385,70.));
#501 = VECTOR('',#502,1.);
#502 = DIRECTION('',(0.,-1.));
#503 = ( GEOMETRIC_REPRESENTATION_CONTEXT(2) 
PARAMETRIC_REPRESENTATION_CONTEXT() REPRESENTATION_CONTEXT('2D SPACE',''
  ) );
#504 = FACE_BOUND('',#505,.T.);
#505 = EDGE_LOOP('',(#506,#536,#565,#593,#622,#650,#679,#707));
#506 = ORIENTED_EDGE('',*,*,#507,.T.);
#507 = EDGE_CURVE('',#508,#510,#512,.T.);
#508 = VERTEX_POINT('',#509);
#509 = CARTESIAN_POINT('',(-8.6,-85.1,7.));
#510 = VERTEX_POINT('',#511);
#511 = CARTESIAN_POINT('',(-8.6,-85.1,68.));
#512 = SURFACE_CURVE('',#513,(#517,#524),.PCURVE_S1.);
#513 = LINE('',#514,#515);
#514 = CARTESIAN_POINT('',(-8.6,-85.1,37.5));
#515 = VECTOR('',#516,1.);
#516 = DIRECTION('',(-1.067522139063E-16,-3.98248541023E-32,1.));
#517 = PCURVE('',#404,#518);
#518 = DEFINITIONAL_REPRESENTATION('',(#519),#523);
#519 = LINE('',#520,#521);
#520 = CARTESIAN_POINT('',(-8.6,32.5));
#521 = VECTOR('',#522,1.);
#522 = DIRECTION('',(-1.067522139063E-16,1.));
#523 = ( GEOMETRIC_REPRESENTATION_CONTEXT(2) 
PARAMETRIC_REPRESENTATION_CONTEXT() REPRESENTATION_CONTEXT('2D SPACE',''
  ) );
#524 = PCURVE('',#525,#530);
#525 = PLANE('',#526);
#526 = AXIS2_PLACEMENT_3D('',#527,#528,#529);
#527 = CARTESIAN_POINT('',(-8.6,85.102,37.5));
#528 = DIRECTION('',(1.,3.73058812038E-16,1.067522139063E-16));
#529 = DIRECTION('',(-3.73058812038E-16,1.,0.));
#530 = DEFINITIONAL_REPRESENTATION('',(#531),#535);
#531 = LINE('',#532,#533);
#532 = CARTESIAN_POINT('',(-170.202,-4.841109264676E-32));
#533 = VECTOR('',#534,1.);
#534 = DIRECTION('',(4.266943953785E-47,1.));
#535 = ( GEOMETRIC_REPRESENTATION_CONTEXT(2) 
PARAMETRIC_REPRESENTATION_CONTEXT() REPRESENTATION_CONTEXT('2D SPACE',''
  ) );
#536 = ORIENTED_EDGE('',*,*,#537,.F.);
#537 = EDGE_CURVE('',#538,#510,#540,.T.);
#538 = VERTEX_POINT('',#539);
#539 = CARTESIAN_POINT('',(-6.6,-85.1,70.));
#540 = SURFACE_CURVE('',#541,(#546,#553),.PCURVE_S1.);
#541 = CIRCLE('',#542,2.);
#542 = AXIS2_PLACEMENT_3D('',#543,#544,#545);
#543 = CARTESIAN_POINT('',(-6.6,-85.1,68.));
#544 = DIRECTION('',(3.73058812038E-16,-1.,0.));
#545 = DIRECTION('',(1.,3.73058812038E-16,0.));
#546 = PCURVE('',#404,#547);
#547 = DEFINITIONAL_REPRESENTATION('',(#548),#552);
#548 = CIRCLE('',#549,2.);
#549 = AXIS2_PLACEMENT_2D('',#550,#551);
#550 = CARTESIAN_POINT('',(-6.6,63.));
#551 = DIRECTION('',(1.,0.));
#552 = ( GEOMETRIC_REPRESENTATION_CONTEXT(2) 
PARAMETRIC_REPRESENTATION_CONTEXT() REPRESENTATION_CONTEXT('2D SPACE',''
  ) );
#553 = PCURVE('',#554,#559);
#554 = CYLINDRICAL_SURFACE('',#555,2.);
#555 = AXIS2_PLACEMENT_3D('',#556,#557,#558);
#556 = CARTESIAN_POINT('',(-6.6,85.102,68.));
#557 = DIRECTION('',(-3.73058812038E-16,1.,0.));
#558 = DIRECTION('',(-1.,-3.73058812038E-16,0.));
#559 = DEFINITIONAL_REPRESENTATION('',(#560),#564);
#560 = LINE('',#561,#562);
#561 = CARTESIAN_POINT('',(3.14159265359,-170.202));
#562 = VECTOR('',#563,1.);
#563 = DIRECTION('',(-1.,0.));
#564 = ( GEOMETRIC_REPRESENTATION_CONTEXT(2) 
PARAMETRIC_REPRESENTATION_CONTEXT() REPRESENTATION_CONTEXT('2D SPACE',''
  ) );
#565 = ORIENTED_EDGE('',*,*,#566,.T.);
#566 = EDGE_CURVE('',#538,#567,#569,.T.);
#567 = VERTEX_POINT('',#568);
#568 = CARTESIAN_POINT('',(6.6,-85.1,70.));
#569 = SURFACE_CURVE('',#570,(#574,#581),.PCURVE_S1.);
#570 = LINE('',#571,#572);
#571 = CARTESIAN_POINT('',(-1.214306433184E-14,-85.1,70.));
#572 = VECTOR('',#573,1.);
#573 = DIRECTION('',(1.,3.73058812038E-16,0.));
#574 = PCURVE('',#404,#575);
#575 = DEFINITIONAL_REPRESENTATION('',(#576),#580);
#576 = LINE('',#577,#578);
#577 = CARTESIAN_POINT('',(-8.673617379884E-15,65.));
#578 = VECTOR('',#579,1.);
#579 = DIRECTION('',(1.,0.));
#580 = ( GEOMETRIC_REPRESENTATION_CONTEXT(2) 
PARAMETRIC_REPRESENTATION_CONTEXT() REPRESENTATION_CONTEXT('2D SPACE',''
  ) );
#581 = PCURVE('',#582,#587);
#582 = PLANE('',#583);
#583 = AXIS2_PLACEMENT_3D('',#584,#585,#586);
#584 = CARTESIAN_POINT('',(-7.563842025833E-14,85.102,70.));
#585 = DIRECTION('',(0.,0.,-1.));
#586 = DIRECTION('',(-1.,0.,0.));
#587 = DEFINITIONAL_REPRESENTATION('',(#588),#592);
#588 = LINE('',#589,#590);
#589 = CARTESIAN_POINT('',(-6.34953559265E-14,-170.202));
#590 = VECTOR('',#591,1.);
#591 = DIRECTION('',(-1.,3.73058812038E-16));
#592 = ( GEOMETRIC_REPRESENTATION_CONTEXT(2) 
PARAMETRIC_REPRESENTATION_CONTEXT() REPRESENTATION_CONTEXT('2D SPACE',''
  ) );
#593 = ORIENTED_EDGE('',*,*,#594,.F.);
#594 = EDGE_CURVE('',#595,#567,#597,.T.);
#595 = VERTEX_POINT('',#596);
#596 = CARTESIAN_POINT('',(8.6,-85.1,68.));
#597 = SURFACE_CURVE('',#598,(#603,#610),.PCURVE_S1.);
#598 = CIRCLE('',#599,2.);
#599 = AXIS2_PLACEMENT_3D('',#600,#601,#602);
#600 = CARTESIAN_POINT('',(6.6,-85.1,68.));
#601 = DIRECTION('',(3.73058812038E-16,-1.,0.));
#602 = DIRECTION('',(1.,3.73058812038E-16,0.));
#603 = PCURVE('',#404,#604);
#604 = DEFINITIONAL_REPRESENTATION('',(#605),#609);
#605 = CIRCLE('',#606,2.);
#606 = AXIS2_PLACEMENT_2D('',#607,#608);
#607 = CARTESIAN_POINT('',(6.6,63.));
#608 = DIRECTION('',(1.,0.));
#609 = ( GEOMETRIC_REPRESENTATION_CONTEXT(2) 
PARAMETRIC_REPRESENTATION_CONTEXT() REPRESENTATION_CONTEXT('2D SPACE',''
  ) );
#610 = PCURVE('',#611,#616);
#611 = CYLINDRICAL_SURFACE('',#612,2.);
#612 = AXIS2_PLACEMENT_3D('',#613,#614,#615);
#613 = CARTESIAN_POINT('',(6.6,85.102,68.));
#614 = DIRECTION('',(-3.73058812038E-16,1.,0.));
#615 = DIRECTION('',(-1.,-3.73058812038E-16,0.));
#616 = DEFINITIONAL_REPRESENTATION('',(#617),#621);
#617 = LINE('',#618,#619);
#618 = CARTESIAN_POINT('',(3.14159265359,-170.202));
#619 = VECTOR('',#620,1.);
#620 = DIRECTION('',(-1.,0.));
#621 = ( GEOMETRIC_REPRESENTATION_CONTEXT(2) 
PARAMETRIC_REPRESENTATION_CONTEXT() REPRESENTATION_CONTEXT('2D SPACE',''
  ) );
#622 = ORIENTED_EDGE('',*,*,#623,.T.);
#623 = EDGE_CURVE('',#595,#624,#626,.T.);
#624 = VERTEX_POINT('',#625);
#625 = CARTESIAN_POINT('',(8.6,-85.1,7.));
#626 = SURFACE_CURVE('',#627,(#631,#638),.PCURVE_S1.);
#627 = LINE('',#628,#629);
#628 = CARTESIAN_POINT('',(8.6,-85.1,37.5));
#629 = VECTOR('',#630,1.);
#630 = DIRECTION('',(1.067522139063E-16,3.98248541023E-32,-1.));
#631 = PCURVE('',#404,#632);
#632 = DEFINITIONAL_REPRESENTATION('',(#633),#637);
#633 = LINE('',#634,#635);
#634 = CARTESIAN_POINT('',(8.6,32.5));
#635 = VECTOR('',#636,1.);
#636 = DIRECTION('',(1.067522139063E-16,-1.));
#637 = ( GEOMETRIC_REPRESENTATION_CONTEXT(2) 
PARAMETRIC_REPRESENTATION_CONTEXT() REPRESENTATION_CONTEXT('2D SPACE',''
  ) );
#638 = PCURVE('',#639,#644);
#639 = PLANE('',#640);
#640 = AXIS2_PLACEMENT_3D('',#641,#642,#643);
#641 = CARTESIAN_POINT('',(8.6,85.102,37.5));
#642 = DIRECTION('',(-1.,-3.73058812038E-16,-1.067522139063E-16));
#643 = DIRECTION('',(3.73058812038E-16,-1.,0.));
#644 = DEFINITIONAL_REPRESENTATION('',(#645),#649);
#645 = LINE('',#646,#647);
#646 = CARTESIAN_POINT('',(170.202,-4.841109264676E-32));
#647 = VECTOR('',#648,1.);
#648 = DIRECTION('',(4.266943953785E-47,-1.));
#649 = ( GEOMETRIC_REPRESENTATION_CONTEXT(2) 
PARAMETRIC_REPRESENTATION_CONTEXT() REPRESENTATION_CONTEXT('2D SPACE',''
  ) );
#650 = ORIENTED_EDGE('',*,*,#651,.F.);
#651 = EDGE_CURVE('',#652,#624,#654,.T.);
#652 = VERTEX_POINT('',#653);
#653 = CARTESIAN_POINT('',(6.6,-85.1,5.));
#654 = SURFACE_CURVE('',#655,(#660,#667),.PCURVE_S1.);
#655 = CIRCLE('',#656,2.);
#656 = AXIS2_PLACEMENT_3D('',#657,#658,#659);
#657 = CARTESIAN_POINT('',(6.6,-85.1,7.));
#658 = DIRECTION('',(3.73058812038E-16,-1.,0.));
#659 = DIRECTION('',(1.,3.73058812038E-16,0.));
#660 = PCURVE('',#404,#661);
#661 = DEFINITIONAL_REPRESENTATION('',(#662),#666);
#662 = CIRCLE('',#663,2.);
#663 = AXIS2_PLACEMENT_2D('',#664,#665);
#664 = CARTESIAN_POINT('',(6.6,2.));
#665 = DIRECTION('',(1.,0.));
#666 = ( GEOMETRIC_REPRESENTATION_CONTEXT(2) 
PARAMETRIC_REPRESENTATION_CONTEXT() REPRESENTATION_CONTEXT('2D SPACE',''
  ) );
#667 = PCURVE('',#668,#673);
#668 = CYLINDRICAL_SURFACE('',#669,2.);
#669 = AXIS2_PLACEMENT_3D('',#670,#671,#672);
#670 = CARTESIAN_POINT('',(6.6,85.102,7.));
#671 = DIRECTION('',(-3.73058812038E-16,1.,0.));
#672 = DIRECTION('',(-1.,-3.73058812038E-16,0.));
#673 = DEFINITIONAL_REPRESENTATION('',(#674),#678);
#674 = LINE('',#675,#676);
#675 = CARTESIAN_POINT('',(9.424777960769,-170.202));
#676 = VECTOR('',#677,1.);
#677 = DIRECTION('',(-1.,0.));
#678 = ( GEOMETRIC_REPRESENTATION_CONTEXT(2) 
PARAMETRIC_REPRESENTATION_CONTEXT() REPRESENTATION_CONTEXT('2D SPACE',''
  ) );
#679 = ORIENTED_EDGE('',*,*,#680,.T.);
#680 = EDGE_CURVE('',#652,#681,#683,.T.);
#681 = VERTEX_POINT('',#682);
#682 = CARTESIAN_POINT('',(-6.6,-85.1,5.));
#683 = SURFACE_CURVE('',#684,(#688,#695),.PCURVE_S1.);
#684 = LINE('',#685,#686);
#685 = CARTESIAN_POINT('',(-3.469446951954E-15,-85.1,5.));
#686 = VECTOR('',#687,1.);
#687 = DIRECTION('',(-1.,-3.73058812038E-16,0.));
#688 = PCURVE('',#404,#689);
#689 = DEFINITIONAL_REPRESENTATION('',(#690),#694);
#690 = LINE('',#691,#692);
#691 = CARTESIAN_POINT('',(0.,0.));
#692 = VECTOR('',#693,1.);
#693 = DIRECTION('',(-1.,0.));
#694 = ( GEOMETRIC_REPRESENTATION_CONTEXT(2) 
PARAMETRIC_REPRESENTATION_CONTEXT() REPRESENTATION_CONTEXT('2D SPACE',''
  ) );
#695 = PCURVE('',#696,#701);
#696 = PLANE('',#697);
#697 = AXIS2_PLACEMENT_3D('',#698,#699,#700);
#698 = CARTESIAN_POINT('',(0.,0.,5.));
#699 = DIRECTION('',(0.,0.,1.));
#700 = DIRECTION('',(1.,0.,-0.));
#701 = DEFINITIONAL_REPRESENTATION('',(#702),#706);
#702 = LINE('',#703,#704);
#703 = CARTESIAN_POINT('',(-3.469446951954E-15,-85.1));
#704 = VECTOR('',#705,1.);
#705 = DIRECTION('',(-1.,-3.73058812038E-16));
#706 = ( GEOMETRIC_REPRESENTATION_CONTEXT(2) 
PARAMETRIC_REPRESENTATION_CONTEXT() REPRESENTATION_CONTEXT('2D SPACE',''
  ) );
#707 = ORIENTED_EDGE('',*,*,#708,.F.);
#708 = EDGE_CURVE('',#508,#681,#709,.T.);
#709 = SURFACE_CURVE('',#710,(#715,#722),.PCURVE_S1.);
#710 = CIRCLE('',#711,2.);
#711 = AXIS2_PLACEMENT_3D('',#712,#713,#714);
#712 = CARTESIAN_POINT('',(-6.6,-85.1,7.));
#713 = DIRECTION('',(3.73058812038E-16,-1.,0.));
#714 = DIRECTION('',(1.,3.73058812038E-16,0.));
#715 = PCURVE('',#404,#716);
#716 = DEFINITIONAL_REPRESENTATION('',(#717),#721);
#717 = CIRCLE('',#718,2.);
#718 = AXIS2_PLACEMENT_2D('',#719,#720);
#719 = CARTESIAN_POINT('',(-6.6,2.));
#720 = DIRECTION('',(1.,0.));
#721 = ( GEOMETRIC_REPRESENTATION_CONTEXT(2) 
PARAMETRIC_REPRESENTATION_CONTEXT() REPRESENTATION_CONTEXT('2D SPACE',''
  ) );
#722 = PCURVE('',#723,#728);
#723 = CYLINDRICAL_SURFACE('',#724,2.);
#724 = AXIS2_PLACEMENT_3D('',#725,#726,#727);
#725 = CARTESIAN_POINT('',(-6.6,-2.462188159451E-15,7.));
#726 = DIRECTION('',(-3.73058812038E-16,1.,0.));
#727 = DIRECTION('',(-1.,-3.73058812038E-16,0.));
#728 = DEFINITIONAL_REPRESENTATION('',(#729),#733);
#729 = LINE('',#730,#731);
#730 = CARTESIAN_POINT('',(9.424777960769,-85.1));
#731 = VECTOR('',#732,1.);
#732 = DIRECTION('',(-1.,0.));
#733 = ( GEOMETRIC_REPRESENTATION_CONTEXT(2) 
PARAMETRIC_REPRESENTATION_CONTEXT() REPRESENTATION_CONTEXT('2D SPACE',''
  ) );
#734 = ADVANCED_FACE('',(#735),#749,.F.);
#735 = FACE_BOUND('',#736,.T.);
#736 = EDGE_LOOP('',(#737,#767,#791,#814,#838,#861,#885,#908,#937,#965,
    #993,#1021,#1050,#1073));
#737 = ORIENTED_EDGE('',*,*,#738,.F.);
#738 = EDGE_CURVE('',#739,#741,#743,.T.);
#739 = VERTEX_POINT('',#740);
#740 = CARTESIAN_POINT('',(8.6,-80.1,68.));
#741 = VERTEX_POINT('',#742);
#742 = CARTESIAN_POINT('',(8.6,-80.1,7.));
#743 = SURFACE_CURVE('',#744,(#748,#760),.PCURVE_S1.);
#744 = LINE('',#745,#746);
#745 = CARTESIAN_POINT('',(8.6,-80.1,85.));
#746 = VECTOR('',#747,1.);
#747 = DIRECTION('',(1.067522139063E-16,5.446634458109E-32,-1.));
#748 = PCURVE('',#749,#754);
#749 = PLANE('',#750);
#750 = AXIS2_PLACEMENT_3D('',#751,#752,#753);
#751 = CARTESIAN_POINT('',(-3.469446951954E-15,-80.1,85.));
#752 = DIRECTION('',(5.10212787052E-16,-1.,0.));
#753 = DIRECTION('',(1.,5.10212787052E-16,0.));
#754 = DEFINITIONAL_REPRESENTATION('',(#755),#759);
#755 = LINE('',#756,#757);
#756 = CARTESIAN_POINT('',(8.6,0.));
#757 = VECTOR('',#758,1.);
#758 = DIRECTION('',(1.067522139063E-16,-1.));
#759 = ( GEOMETRIC_REPRESENTATION_CONTEXT(2) 
PARAMETRIC_REPRESENTATION_CONTEXT() REPRESENTATION_CONTEXT('2D SPACE',''
  ) );
#760 = PCURVE('',#639,#761);
#761 = DEFINITIONAL_REPRESENTATION('',(#762),#766);
#762 = LINE('',#763,#764);
#763 = CARTESIAN_POINT('',(165.202,47.5));
#764 = VECTOR('',#765,1.);
#765 = DIRECTION('',(-1.464149047879E-32,-1.));
#766 = ( GEOMETRIC_REPRESENTATION_CONTEXT(2) 
PARAMETRIC_REPRESENTATION_CONTEXT() REPRESENTATION_CONTEXT('2D SPACE',''
  ) );
#767 = ORIENTED_EDGE('',*,*,#768,.T.);
#768 = EDGE_CURVE('',#739,#769,#771,.T.);
#769 = VERTEX_POINT('',#770);
#770 = CARTESIAN_POINT('',(6.6,-80.1,70.));
#771 = SURFACE_CURVE('',#772,(#777,#784),.PCURVE_S1.);
#772 = CIRCLE('',#773,2.);
#773 = AXIS2_PLACEMENT_3D('',#774,#775,#776);
#774 = CARTESIAN_POINT('',(6.6,-80.1,68.));
#775 = DIRECTION('',(5.10212787052E-16,-1.,0.));
#776 = DIRECTION('',(1.,5.10212787052E-16,0.));
#777 = PCURVE('',#749,#778);
#778 = DEFINITIONAL_REPRESENTATION('',(#779),#783);
#779 = CIRCLE('',#780,2.);
#780 = AXIS2_PLACEMENT_2D('',#781,#782);
#781 = CARTESIAN_POINT('',(6.6,-17.));
#782 = DIRECTION('',(1.,0.));
#783 = ( GEOMETRIC_REPRESENTATION_CONTEXT(2) 
PARAMETRIC_REPRESENTATION_CONTEXT() REPRESENTATION_CONTEXT('2D SPACE',''
  ) );
#784 = PCURVE('',#611,#785);
#785 = DEFINITIONAL_REPRESENTATION('',(#786),#790);
#786 = LINE('',#787,#788);
#787 = CARTESIAN_POINT('',(3.14159265359,-165.202));
#788 = VECTOR('',#789,1.);
#789 = DIRECTION('',(-1.,0.));
#790 = ( GEOMETRIC_REPRESENTATION_CONTEXT(2) 
PARAMETRIC_REPRESENTATION_CONTEXT() REPRESENTATION_CONTEXT('2D SPACE',''
  ) );
#791 = ORIENTED_EDGE('',*,*,#792,.F.);
#792 = EDGE_CURVE('',#793,#769,#795,.T.);
#793 = VERTEX_POINT('',#794);
#794 = CARTESIAN_POINT('',(-6.6,-80.1,70.));
#795 = SURFACE_CURVE('',#796,(#800,#807),.PCURVE_S1.);
#796 = LINE('',#797,#798);
#797 = CARTESIAN_POINT('',(-3.469446951954E-15,-80.1,70.));
#798 = VECTOR('',#799,1.);
#799 = DIRECTION('',(1.,5.10212787052E-16,0.));
#800 = PCURVE('',#749,#801);
#801 = DEFINITIONAL_REPRESENTATION('',(#802),#806);
#802 = LINE('',#803,#804);
#803 = CARTESIAN_POINT('',(0.,-15.));
#804 = VECTOR('',#805,1.);
#805 = DIRECTION('',(1.,0.));
#806 = ( GEOMETRIC_REPRESENTATION_CONTEXT(2) 
PARAMETRIC_REPRESENTATION_CONTEXT() REPRESENTATION_CONTEXT('2D SPACE',''
  ) );
#807 = PCURVE('',#582,#808);
#808 = DEFINITIONAL_REPRESENTATION('',(#809),#813);
#809 = LINE('',#810,#811);
#810 = CARTESIAN_POINT('',(-7.216897330638E-14,-165.202));
#811 = VECTOR('',#812,1.);
#812 = DIRECTION('',(-1.,5.10212787052E-16));
#813 = ( GEOMETRIC_REPRESENTATION_CONTEXT(2) 
PARAMETRIC_REPRESENTATION_CONTEXT() REPRESENTATION_CONTEXT('2D SPACE',''
  ) );
#814 = ORIENTED_EDGE('',*,*,#815,.T.);
#815 = EDGE_CURVE('',#793,#816,#818,.T.);
#816 = VERTEX_POINT('',#817);
#817 = CARTESIAN_POINT('',(-8.6,-80.1,68.));
#818 = SURFACE_CURVE('',#819,(#824,#831),.PCURVE_S1.);
#819 = CIRCLE('',#820,2.);
#820 = AXIS2_PLACEMENT_3D('',#821,#822,#823);
#821 = CARTESIAN_POINT('',(-6.6,-80.1,68.));
#822 = DIRECTION('',(5.10212787052E-16,-1.,0.));
#823 = DIRECTION('',(1.,5.10212787052E-16,0.));
#824 = PCURVE('',#749,#825);
#825 = DEFINITIONAL_REPRESENTATION('',(#826),#830);
#826 = CIRCLE('',#827,2.);
#827 = AXIS2_PLACEMENT_2D('',#828,#829);
#828 = CARTESIAN_POINT('',(-6.6,-17.));
#829 = DIRECTION('',(1.,0.));
#830 = ( GEOMETRIC_REPRESENTATION_CONTEXT(2) 
PARAMETRIC_REPRESENTATION_CONTEXT() REPRESENTATION_CONTEXT('2D SPACE',''
  ) );
#831 = PCURVE('',#554,#832);
#832 = DEFINITIONAL_REPRESENTATION('',(#833),#837);
#833 = LINE('',#834,#835);
#834 = CARTESIAN_POINT('',(3.14159265359,-165.202));
#835 = VECTOR('',#836,1.);
#836 = DIRECTION('',(-1.,0.));
#837 = ( GEOMETRIC_REPRESENTATION_CONTEXT(2) 
PARAMETRIC_REPRESENTATION_CONTEXT() REPRESENTATION_CONTEXT('2D SPACE',''
  ) );
#838 = ORIENTED_EDGE('',*,*,#839,.F.);
#839 = EDGE_CURVE('',#840,#816,#842,.T.);
#840 = VERTEX_POINT('',#841);
#841 = CARTESIAN_POINT('',(-8.6,-80.1,7.));
#842 = SURFACE_CURVE('',#843,(#847,#854),.PCURVE_S1.);
#843 = LINE('',#844,#845);
#844 = CARTESIAN_POINT('',(-8.6,-80.1,85.));
#845 = VECTOR('',#846,1.);
#846 = DIRECTION('',(-1.067522139063E-16,-5.446634458109E-32,1.));
#847 = PCURVE('',#749,#848);
#848 = DEFINITIONAL_REPRESENTATION('',(#849),#853);
#849 = LINE('',#850,#851);
#850 = CARTESIAN_POINT('',(-8.6,0.));
#851 = VECTOR('',#852,1.);
#852 = DIRECTION('',(-1.067522139063E-16,1.));
#853 = ( GEOMETRIC_REPRESENTATION_CONTEXT(2) 
PARAMETRIC_REPRESENTATION_CONTEXT() REPRESENTATION_CONTEXT('2D SPACE',''
  ) );
#854 = PCURVE('',#525,#855);
#855 = DEFINITIONAL_REPRESENTATION('',(#856),#860);
#856 = LINE('',#857,#858);
#857 = CARTESIAN_POINT('',(-165.202,47.5));
#858 = VECTOR('',#859,1.);
#859 = DIRECTION('',(-1.464149047879E-32,1.));
#860 = ( GEOMETRIC_REPRESENTATION_CONTEXT(2) 
PARAMETRIC_REPRESENTATION_CONTEXT() REPRESENTATION_CONTEXT('2D SPACE',''
  ) );
#861 = ORIENTED_EDGE('',*,*,#862,.T.);
#862 = EDGE_CURVE('',#840,#863,#865,.T.);
#863 = VERTEX_POINT('',#864);
#864 = CARTESIAN_POINT('',(-6.6,-80.1,5.));
#865 = SURFACE_CURVE('',#866,(#871,#878),.PCURVE_S1.);
#866 = CIRCLE('',#867,2.);
#867 = AXIS2_PLACEMENT_3D('',#868,#869,#870);
#868 = CARTESIAN_POINT('',(-6.6,-80.1,7.));
#869 = DIRECTION('',(5.10212787052E-16,-1.,0.));
#870 = DIRECTION('',(1.,5.10212787052E-16,0.));
#871 = PCURVE('',#749,#872);
#872 = DEFINITIONAL_REPRESENTATION('',(#873),#877);
#873 = CIRCLE('',#874,2.);
#874 = AXIS2_PLACEMENT_2D('',#875,#876);
#875 = CARTESIAN_POINT('',(-6.6,-78.));
#876 = DIRECTION('',(1.,0.));
#877 = ( GEOMETRIC_REPRESENTATION_CONTEXT(2) 
PARAMETRIC_REPRESENTATION_CONTEXT() REPRESENTATION_CONTEXT('2D SPACE',''
  ) );
#878 = PCURVE('',#723,#879);
#879 = DEFINITIONAL_REPRESENTATION('',(#880),#884);
#880 = LINE('',#881,#882);
#881 = CARTESIAN_POINT('',(9.424777960769,-80.1));
#882 = VECTOR('',#883,1.);
#883 = DIRECTION('',(-1.,0.));
#884 = ( GEOMETRIC_REPRESENTATION_CONTEXT(2) 
PARAMETRIC_REPRESENTATION_CONTEXT() REPRESENTATION_CONTEXT('2D SPACE',''
  ) );
#885 = ORIENTED_EDGE('',*,*,#886,.F.);
#886 = EDGE_CURVE('',#887,#863,#889,.T.);
#887 = VERTEX_POINT('',#888);
#888 = CARTESIAN_POINT('',(-8.6,-80.1,5.));
#889 = SURFACE_CURVE('',#890,(#894,#901),.PCURVE_S1.);
#890 = LINE('',#891,#892);
#891 = CARTESIAN_POINT('',(4.086804424287E-14,-80.1,5.));
#892 = VECTOR('',#893,1.);
#893 = DIRECTION('',(1.,5.10212787052E-16,0.));
#894 = PCURVE('',#749,#895);
#895 = DEFINITIONAL_REPRESENTATION('',(#896),#900);
#896 = LINE('',#897,#898);
#897 = CARTESIAN_POINT('',(4.433749119482E-14,-80.));
#898 = VECTOR('',#899,1.);
#899 = DIRECTION('',(1.,0.));
#900 = ( GEOMETRIC_REPRESENTATION_CONTEXT(2) 
PARAMETRIC_REPRESENTATION_CONTEXT() REPRESENTATION_CONTEXT('2D SPACE',''
  ) );
#901 = PCURVE('',#696,#902);
#902 = DEFINITIONAL_REPRESENTATION('',(#903),#907);
#903 = LINE('',#904,#905);
#904 = CARTESIAN_POINT('',(4.086804424287E-14,-80.1));
#905 = VECTOR('',#906,1.);
#906 = DIRECTION('',(1.,5.10212787052E-16));
#907 = ( GEOMETRIC_REPRESENTATION_CONTEXT(2) 
PARAMETRIC_REPRESENTATION_CONTEXT() REPRESENTATION_CONTEXT('2D SPACE',''
  ) );
#908 = ORIENTED_EDGE('',*,*,#909,.F.);
#909 = EDGE_CURVE('',#910,#887,#912,.T.);
#910 = VERTEX_POINT('',#911);
#911 = CARTESIAN_POINT('',(-13.6,-80.1,10.));
#912 = SURFACE_CURVE('',#913,(#918,#925),.PCURVE_S1.);
#913 = CIRCLE('',#914,5.);
#914 = AXIS2_PLACEMENT_3D('',#915,#916,#917);
#915 = CARTESIAN_POINT('',(-8.6,-80.1,10.));
#916 = DIRECTION('',(5.10212787052E-16,-1.,0.));
#917 = DIRECTION('',(1.,5.10212787052E-16,0.));
#918 = PCURVE('',#749,#919);
#919 = DEFINITIONAL_REPRESENTATION('',(#920),#924);
#920 = CIRCLE('',#921,5.);
#921 = AXIS2_PLACEMENT_2D('',#922,#923);
#922 = CARTESIAN_POINT('',(-8.6,-75.));
#923 = DIRECTION('',(1.,0.));
#924 = ( GEOMETRIC_REPRESENTATION_CONTEXT(2) 
PARAMETRIC_REPRESENTATION_CONTEXT() REPRESENTATION_CONTEXT('2D SPACE',''
  ) );
#925 = PCURVE('',#926,#931);
#926 = CYLINDRICAL_SURFACE('',#927,5.);
#927 = AXIS2_PLACEMENT_3D('',#928,#929,#930);
#928 = CARTESIAN_POINT('',(-8.6,-3.248545835163E-16,10.));
#929 = DIRECTION('',(6.497091670325E-17,1.,0.));
#930 = DIRECTION('',(-1.,6.497091670325E-17,0.));
#931 = DEFINITIONAL_REPRESENTATION('',(#932),#936);
#932 = LINE('',#933,#934);
#933 = CARTESIAN_POINT('',(9.424777960769,-80.1));
#934 = VECTOR('',#935,1.);
#935 = DIRECTION('',(-1.,0.));
#936 = ( GEOMETRIC_REPRESENTATION_CONTEXT(2) 
PARAMETRIC_REPRESENTATION_CONTEXT() REPRESENTATION_CONTEXT('2D SPACE',''
  ) );
#937 = ORIENTED_EDGE('',*,*,#938,.F.);
#938 = EDGE_CURVE('',#939,#910,#941,.T.);
#939 = VERTEX_POINT('',#940);
#940 = CARTESIAN_POINT('',(-13.6,-80.1,85.));
#941 = SURFACE_CURVE('',#942,(#946,#953),.PCURVE_S1.);
#942 = LINE('',#943,#944);
#943 = CARTESIAN_POINT('',(-13.6,-80.1,85.));
#944 = VECTOR('',#945,1.);
#945 = DIRECTION('',(0.,0.,-1.));
#946 = PCURVE('',#749,#947);
#947 = DEFINITIONAL_REPRESENTATION('',(#948),#952);
#948 = LINE('',#949,#950);
#949 = CARTESIAN_POINT('',(-13.6,0.));
#950 = VECTOR('',#951,1.);
#951 = DIRECTION('',(0.,-1.));
#952 = ( GEOMETRIC_REPRESENTATION_CONTEXT(2) 
PARAMETRIC_REPRESENTATION_CONTEXT() REPRESENTATION_CONTEXT('2D SPACE',''
  ) );
#953 = PCURVE('',#954,#959);
#954 = PLANE('',#955);
#955 = AXIS2_PLACEMENT_3D('',#956,#957,#958);
#956 = CARTESIAN_POINT('',(-13.6,0.,85.));
#957 = DIRECTION('',(-1.,6.497091670325E-17,0.));
#958 = DIRECTION('',(-6.497091670325E-17,-1.,0.));
#959 = DEFINITIONAL_REPRESENTATION('',(#960),#964);
#960 = LINE('',#961,#962);
#961 = CARTESIAN_POINT('',(80.1,0.));
#962 = VECTOR('',#963,1.);
#963 = DIRECTION('',(-0.,-1.));
#964 = ( GEOMETRIC_REPRESENTATION_CONTEXT(2) 
PARAMETRIC_REPRESENTATION_CONTEXT() REPRESENTATION_CONTEXT('2D SPACE',''
  ) );
#965 = ORIENTED_EDGE('',*,*,#966,.F.);
#966 = EDGE_CURVE('',#967,#939,#969,.T.);
#967 = VERTEX_POINT('',#968);
#968 = CARTESIAN_POINT('',(13.6,-80.1,85.));
#969 = SURFACE_CURVE('',#970,(#974,#981),.PCURVE_S1.);
#970 = LINE('',#971,#972);
#971 = CARTESIAN_POINT('',(-3.469446951954E-15,-80.1,85.));
#972 = VECTOR('',#973,1.);
#973 = DIRECTION('',(-1.,-5.10212787052E-16,0.));
#974 = PCURVE('',#749,#975);
#975 = DEFINITIONAL_REPRESENTATION('',(#976),#980);
#976 = LINE('',#977,#978);
#977 = CARTESIAN_POINT('',(0.,0.));
#978 = VECTOR('',#979,1.);
#979 = DIRECTION('',(-1.,0.));
#980 = ( GEOMETRIC_REPRESENTATION_CONTEXT(2) 
PARAMETRIC_REPRESENTATION_CONTEXT() REPRESENTATION_CONTEXT('2D SPACE',''
  ) );
#981 = PCURVE('',#982,#987);
#982 = PLANE('',#983);
#983 = AXIS2_PLACEMENT_3D('',#984,#985,#986);
#984 = CARTESIAN_POINT('',(0.,0.,85.));
#985 = DIRECTION('',(0.,0.,1.));
#986 = DIRECTION('',(1.,0.,-0.));
#987 = DEFINITIONAL_REPRESENTATION('',(#988),#992);
#988 = LINE('',#989,#990);
#989 = CARTESIAN_POINT('',(-3.469446951954E-15,-80.1));
#990 = VECTOR('',#991,1.);
#991 = DIRECTION('',(-1.,-5.10212787052E-16));
#992 = ( GEOMETRIC_REPRESENTATION_CONTEXT(2) 
PARAMETRIC_REPRESENTATION_CONTEXT() REPRESENTATION_CONTEXT('2D SPACE',''
  ) );
#993 = ORIENTED_EDGE('',*,*,#994,.T.);
#994 = EDGE_CURVE('',#967,#995,#997,.T.);
#995 = VERTEX_POINT('',#996);
#996 = CARTESIAN_POINT('',(13.6,-80.1,10.));
#997 = SURFACE_CURVE('',#998,(#1002,#1009),.PCURVE_S1.);
#998 = LINE('',#999,#1000);
#999 = CARTESIAN_POINT('',(13.6,-80.1,85.));
#1000 = VECTOR('',#1001,1.);
#1001 = DIRECTION('',(0.,0.,-1.));
#1002 = PCURVE('',#749,#1003);
#1003 = DEFINITIONAL_REPRESENTATION('',(#1004),#1008);
#1004 = LINE('',#1005,#1006);
#1005 = CARTESIAN_POINT('',(13.6,0.));
#1006 = VECTOR('',#1007,1.);
#1007 = DIRECTION('',(0.,-1.));
#1008 = ( GEOMETRIC_REPRESENTATION_CONTEXT(2) 
PARAMETRIC_REPRESENTATION_CONTEXT() REPRESENTATION_CONTEXT('2D SPACE',''
  ) );
#1009 = PCURVE('',#1010,#1015);
#1010 = PLANE('',#1011);
#1011 = AXIS2_PLACEMENT_3D('',#1012,#1013,#1014);
#1012 = CARTESIAN_POINT('',(13.6,6.938893903907E-15,85.));
#1013 = DIRECTION('',(-1.,6.497091670325E-17,0.));
#1014 = DIRECTION('',(-6.497091670325E-17,-1.,0.));
#1015 = DEFINITIONAL_REPRESENTATION('',(#1016),#1020);
#1016 = LINE('',#1017,#1018);
#1017 = CARTESIAN_POINT('',(80.1,0.));
#1018 = VECTOR('',#1019,1.);
#1019 = DIRECTION('',(-0.,-1.));
#1020 = ( GEOMETRIC_REPRESENTATION_CONTEXT(2) 
PARAMETRIC_REPRESENTATION_CONTEXT() REPRESENTATION_CONTEXT('2D SPACE',''
  ) );
#1021 = ORIENTED_EDGE('',*,*,#1022,.F.);
#1022 = EDGE_CURVE('',#1023,#995,#1025,.T.);
#1023 = VERTEX_POINT('',#1024);
#1024 = CARTESIAN_POINT('',(8.6,-80.1,5.));
#1025 = SURFACE_CURVE('',#1026,(#1031,#1038),.PCURVE_S1.);
#1026 = CIRCLE('',#1027,5.);
#1027 = AXIS2_PLACEMENT_3D('',#1028,#1029,#1030);
#1028 = CARTESIAN_POINT('',(8.6,-80.1,10.));
#1029 = DIRECTION('',(5.10212787052E-16,-1.,0.));
#1030 = DIRECTION('',(1.,5.10212787052E-16,0.));
#1031 = PCURVE('',#749,#1032);
#1032 = DEFINITIONAL_REPRESENTATION('',(#1033),#1037);
#1033 = CIRCLE('',#1034,5.);
#1034 = AXIS2_PLACEMENT_2D('',#1035,#1036);
#1035 = CARTESIAN_POINT('',(8.6,-75.));
#1036 = DIRECTION('',(1.,0.));
#1037 = ( GEOMETRIC_REPRESENTATION_CONTEXT(2) 
PARAMETRIC_REPRESENTATION_CONTEXT() REPRESENTATION_CONTEXT('2D SPACE',''
  ) );
#1038 = PCURVE('',#1039,#1044);
#1039 = CYLINDRICAL_SURFACE('',#1040,5.);
#1040 = AXIS2_PLACEMENT_3D('',#1041,#1042,#1043);
#1041 = CARTESIAN_POINT('',(8.6,-5.58749883648E-16,10.));
#1042 = DIRECTION('',(-6.497091670325E-17,-1.,0.));
#1043 = DIRECTION('',(1.,-6.497091670325E-17,0.));
#1044 = DEFINITIONAL_REPRESENTATION('',(#1045),#1049);
#1045 = LINE('',#1046,#1047);
#1046 = CARTESIAN_POINT('',(8.881784197001E-16,80.1));
#1047 = VECTOR('',#1048,1.);
#1048 = DIRECTION('',(1.,0.));
#1049 = ( GEOMETRIC_REPRESENTATION_CONTEXT(2) 
PARAMETRIC_REPRESENTATION_CONTEXT() REPRESENTATION_CONTEXT('2D SPACE',''
  ) );
#1050 = ORIENTED_EDGE('',*,*,#1051,.F.);
#1051 = EDGE_CURVE('',#1052,#1023,#1054,.T.);
#1052 = VERTEX_POINT('',#1053);
#1053 = CARTESIAN_POINT('',(6.6,-80.1,5.));
#1054 = SURFACE_CURVE('',#1055,(#1059,#1066),.PCURVE_S1.);
#1055 = LINE('',#1056,#1057);
#1056 = CARTESIAN_POINT('',(4.086804424287E-14,-80.1,5.));
#1057 = VECTOR('',#1058,1.);
#1058 = DIRECTION('',(1.,5.10212787052E-16,0.));
#1059 = PCURVE('',#749,#1060);
#1060 = DEFINITIONAL_REPRESENTATION('',(#1061),#1065);
#1061 = LINE('',#1062,#1063);
#1062 = CARTESIAN_POINT('',(4.433749119482E-14,-80.));
#1063 = VECTOR('',#1064,1.);
#1064 = DIRECTION('',(1.,0.));
#1065 = ( GEOMETRIC_REPRESENTATION_CONTEXT(2) 
PARAMETRIC_REPRESENTATION_CONTEXT() REPRESENTATION_CONTEXT('2D SPACE',''
  ) );
#1066 = PCURVE('',#696,#1067);
#1067 = DEFINITIONAL_REPRESENTATION('',(#1068),#1072);
#1068 = LINE('',#1069,#1070);
#1069 = CARTESIAN_POINT('',(4.086804424287E-14,-80.1));
#1070 = VECTOR('',#1071,1.);
#1071 = DIRECTION('',(1.,5.10212787052E-16));
#1072 = ( GEOMETRIC_REPRESENTATION_CONTEXT(2) 
PARAMETRIC_REPRESENTATION_CONTEXT() REPRESENTATION_CONTEXT('2D SPACE',''
  ) );
#1073 = ORIENTED_EDGE('',*,*,#1074,.T.);
#1074 = EDGE_CURVE('',#1052,#741,#1075,.T.);
#1075 = SURFACE_CURVE('',#1076,(#1081,#1088),.PCURVE_S1.);
#1076 = CIRCLE('',#1077,2.);
#1077 = AXIS2_PLACEMENT_3D('',#1078,#1079,#1080);
#1078 = CARTESIAN_POINT('',(6.6,-80.1,7.));
#1079 = DIRECTION('',(5.10212787052E-16,-1.,0.));
#1080 = DIRECTION('',(1.,5.10212787052E-16,0.));
#1081 = PCURVE('',#749,#1082);
#1082 = DEFINITIONAL_REPRESENTATION('',(#1083),#1087);
#1083 = CIRCLE('',#1084,2.);
#1084 = AXIS2_PLACEMENT_2D('',#1085,#1086);
#1085 = CARTESIAN_POINT('',(6.6,-78.));
#1086 = DIRECTION('',(1.,0.));
#1087 = ( GEOMETRIC_REPRESENTATION_CONTEXT(2) 
PARAMETRIC_REPRESENTATION_CONTEXT() REPRESENTATION_CONTEXT('2D SPACE',''
  ) );
#1088 = PCURVE('',#668,#1089);
#1089 = DEFINITIONAL_REPRESENTATION('',(#1090),#1094);
#1090 = LINE('',#1091,#1092);
#1091 = CARTESIAN_POINT('',(9.424777960769,-165.202));
#1092 = VECTOR('',#1093,1.);
#1093 = DIRECTION('',(-1.,0.));
#1094 = ( GEOMETRIC_REPRESENTATION_CONTEXT(2) 
PARAMETRIC_REPRESENTATION_CONTEXT() REPRESENTATION_CONTEXT('2D SPACE',''
  ) );
#1095 = ADVANCED_FACE('',(#1096),#1110,.T.);
#1096 = FACE_BOUND('',#1097,.T.);
#1097 = EDGE_LOOP('',(#1098,#1128,#1152,#1175,#1199,#1222,#1246,#1269,
    #1298,#1321,#1344,#1367,#1396,#1419));
#1098 = ORIENTED_EDGE('',*,*,#1099,.T.);
#1099 = EDGE_CURVE('',#1100,#1102,#1104,.T.);
#1100 = VERTEX_POINT('',#1101);
#1101 = CARTESIAN_POINT('',(-8.6,80.1,7.));
#1102 = VERTEX_POINT('',#1103);
#1103 = CARTESIAN_POINT('',(-8.6,80.1,68.));
#1104 = SURFACE_CURVE('',#1105,(#1109,#1121),.PCURVE_S1.);
#1105 = LINE('',#1106,#1107);
#1106 = CARTESIAN_POINT('',(-8.6,80.1,85.));
#1107 = VECTOR('',#1108,1.);
#1108 = DIRECTION('',(-1.067522139063E-16,0.,1.));
#1109 = PCURVE('',#1110,#1115);
#1110 = PLANE('',#1111);
#1111 = AXIS2_PLACEMENT_3D('',#1112,#1113,#1114);
#1112 = CARTESIAN_POINT('',(5.20417042793E-15,80.1,85.));
#1113 = DIRECTION('',(0.,-1.,0.));
#1114 = DIRECTION('',(0.,0.,-1.));
#1115 = DEFINITIONAL_REPRESENTATION('',(#1116),#1120);
#1116 = LINE('',#1117,#1118);
#1117 = CARTESIAN_POINT('',(0.,-8.6));
#1118 = VECTOR('',#1119,1.);
#1119 = DIRECTION('',(-1.,-1.067522139063E-16));
#1120 = ( GEOMETRIC_REPRESENTATION_CONTEXT(2) 
PARAMETRIC_REPRESENTATION_CONTEXT() REPRESENTATION_CONTEXT('2D SPACE',''
  ) );
#1121 = PCURVE('',#351,#1122);
#1122 = DEFINITIONAL_REPRESENTATION('',(#1123),#1127);
#1123 = LINE('',#1124,#1125);
#1124 = CARTESIAN_POINT('',(-5.002,47.5));
#1125 = VECTOR('',#1126,1.);
#1126 = DIRECTION('',(3.98248541023E-32,1.));
#1127 = ( GEOMETRIC_REPRESENTATION_CONTEXT(2) 
PARAMETRIC_REPRESENTATION_CONTEXT() REPRESENTATION_CONTEXT('2D SPACE',''
  ) );
#1128 = ORIENTED_EDGE('',*,*,#1129,.F.);
#1129 = EDGE_CURVE('',#1130,#1102,#1132,.T.);
#1130 = VERTEX_POINT('',#1131);
#1131 = CARTESIAN_POINT('',(-6.6,80.1,70.));
#1132 = SURFACE_CURVE('',#1133,(#1138,#1145),.PCURVE_S1.);
#1133 = CIRCLE('',#1134,2.);
#1134 = AXIS2_PLACEMENT_3D('',#1135,#1136,#1137);
#1135 = CARTESIAN_POINT('',(-6.6,80.1,68.));
#1136 = DIRECTION('',(0.,-1.,0.));
#1137 = DIRECTION('',(0.,0.,-1.));
#1138 = PCURVE('',#1110,#1139);
#1139 = DEFINITIONAL_REPRESENTATION('',(#1140),#1144);
#1140 = CIRCLE('',#1141,2.);
#1141 = AXIS2_PLACEMENT_2D('',#1142,#1143);
#1142 = CARTESIAN_POINT('',(17.,-6.6));
#1143 = DIRECTION('',(1.,0.));
#1144 = ( GEOMETRIC_REPRESENTATION_CONTEXT(2) 
PARAMETRIC_REPRESENTATION_CONTEXT() REPRESENTATION_CONTEXT('2D SPACE',''
  ) );
#1145 = PCURVE('',#323,#1146);
#1146 = DEFINITIONAL_REPRESENTATION('',(#1147),#1151);
#1147 = LINE('',#1148,#1149);
#1148 = CARTESIAN_POINT('',(4.712388980385,-5.002));
#1149 = VECTOR('',#1150,1.);
#1150 = DIRECTION('',(-1.,0.));
#1151 = ( GEOMETRIC_REPRESENTATION_CONTEXT(2) 
PARAMETRIC_REPRESENTATION_CONTEXT() REPRESENTATION_CONTEXT('2D SPACE',''
  ) );
#1152 = ORIENTED_EDGE('',*,*,#1153,.T.);
#1153 = EDGE_CURVE('',#1130,#1154,#1156,.T.);
#1154 = VERTEX_POINT('',#1155);
#1155 = CARTESIAN_POINT('',(6.6,80.1,70.));
#1156 = SURFACE_CURVE('',#1157,(#1161,#1168),.PCURVE_S1.);
#1157 = LINE('',#1158,#1159);
#1158 = CARTESIAN_POINT('',(5.20417042793E-15,80.1,70.));
#1159 = VECTOR('',#1160,1.);
#1160 = DIRECTION('',(1.,0.,0.));
#1161 = PCURVE('',#1110,#1162);
#1162 = DEFINITIONAL_REPRESENTATION('',(#1163),#1167);
#1163 = LINE('',#1164,#1165);
#1164 = CARTESIAN_POINT('',(15.,0.));
#1165 = VECTOR('',#1166,1.);
#1166 = DIRECTION('',(0.,1.));
#1167 = ( GEOMETRIC_REPRESENTATION_CONTEXT(2) 
PARAMETRIC_REPRESENTATION_CONTEXT() REPRESENTATION_CONTEXT('2D SPACE',''
  ) );
#1168 = PCURVE('',#294,#1169);
#1169 = DEFINITIONAL_REPRESENTATION('',(#1170),#1174);
#1170 = LINE('',#1171,#1172);
#1171 = CARTESIAN_POINT('',(-8.084259068626E-14,-5.002));
#1172 = VECTOR('',#1173,1.);
#1173 = DIRECTION('',(-1.,0.));
#1174 = ( GEOMETRIC_REPRESENTATION_CONTEXT(2) 
PARAMETRIC_REPRESENTATION_CONTEXT() REPRESENTATION_CONTEXT('2D SPACE',''
  ) );
#1175 = ORIENTED_EDGE('',*,*,#1176,.F.);
#1176 = EDGE_CURVE('',#1177,#1154,#1179,.T.);
#1177 = VERTEX_POINT('',#1178);
#1178 = CARTESIAN_POINT('',(8.6,80.1,68.));
#1179 = SURFACE_CURVE('',#1180,(#1185,#1192),.PCURVE_S1.);
#1180 = CIRCLE('',#1181,2.);
#1181 = AXIS2_PLACEMENT_3D('',#1182,#1183,#1184);
#1182 = CARTESIAN_POINT('',(6.6,80.1,68.));
#1183 = DIRECTION('',(0.,-1.,0.));
#1184 = DIRECTION('',(0.,0.,-1.));
#1185 = PCURVE('',#1110,#1186);
#1186 = DEFINITIONAL_REPRESENTATION('',(#1187),#1191);
#1187 = CIRCLE('',#1188,2.);
#1188 = AXIS2_PLACEMENT_2D('',#1189,#1190);
#1189 = CARTESIAN_POINT('',(17.,6.6));
#1190 = DIRECTION('',(1.,0.));
#1191 = ( GEOMETRIC_REPRESENTATION_CONTEXT(2) 
PARAMETRIC_REPRESENTATION_CONTEXT() REPRESENTATION_CONTEXT('2D SPACE',''
  ) );
#1192 = PCURVE('',#266,#1193);
#1193 = DEFINITIONAL_REPRESENTATION('',(#1194),#1198);
#1194 = LINE('',#1195,#1196);
#1195 = CARTESIAN_POINT('',(4.712388980385,-5.002));
#1196 = VECTOR('',#1197,1.);
#1197 = DIRECTION('',(-1.,0.));
#1198 = ( GEOMETRIC_REPRESENTATION_CONTEXT(2) 
PARAMETRIC_REPRESENTATION_CONTEXT() REPRESENTATION_CONTEXT('2D SPACE',''
  ) );
#1199 = ORIENTED_EDGE('',*,*,#1200,.T.);
#1200 = EDGE_CURVE('',#1177,#1201,#1203,.T.);
#1201 = VERTEX_POINT('',#1202);
#1202 = CARTESIAN_POINT('',(8.6,80.1,7.));
#1203 = SURFACE_CURVE('',#1204,(#1208,#1215),.PCURVE_S1.);
#1204 = LINE('',#1205,#1206);
#1205 = CARTESIAN_POINT('',(8.6,80.1,85.));
#1206 = VECTOR('',#1207,1.);
#1207 = DIRECTION('',(1.067522139063E-16,0.,-1.));
#1208 = PCURVE('',#1110,#1209);
#1209 = DEFINITIONAL_REPRESENTATION('',(#1210),#1214);
#1210 = LINE('',#1211,#1212);
#1211 = CARTESIAN_POINT('',(0.,8.6));
#1212 = VECTOR('',#1213,1.);
#1213 = DIRECTION('',(1.,1.067522139063E-16));
#1214 = ( GEOMETRIC_REPRESENTATION_CONTEXT(2) 
PARAMETRIC_REPRESENTATION_CONTEXT() REPRESENTATION_CONTEXT('2D SPACE',''
  ) );
#1215 = PCURVE('',#237,#1216);
#1216 = DEFINITIONAL_REPRESENTATION('',(#1217),#1221);
#1217 = LINE('',#1218,#1219);
#1218 = CARTESIAN_POINT('',(5.002,47.5));
#1219 = VECTOR('',#1220,1.);
#1220 = DIRECTION('',(3.98248541023E-32,-1.));
#1221 = ( GEOMETRIC_REPRESENTATION_CONTEXT(2) 
PARAMETRIC_REPRESENTATION_CONTEXT() REPRESENTATION_CONTEXT('2D SPACE',''
  ) );
#1222 = ORIENTED_EDGE('',*,*,#1223,.F.);
#1223 = EDGE_CURVE('',#1224,#1201,#1226,.T.);
#1224 = VERTEX_POINT('',#1225);
#1225 = CARTESIAN_POINT('',(6.6,80.1,5.));
#1226 = SURFACE_CURVE('',#1227,(#1232,#1239),.PCURVE_S1.);
#1227 = CIRCLE('',#1228,2.);
#1228 = AXIS2_PLACEMENT_3D('',#1229,#1230,#1231);
#1229 = CARTESIAN_POINT('',(6.6,80.1,7.));
#1230 = DIRECTION('',(0.,-1.,0.));
#1231 = DIRECTION('',(0.,0.,-1.));
#1232 = PCURVE('',#1110,#1233);
#1233 = DEFINITIONAL_REPRESENTATION('',(#1234),#1238);
#1234 = CIRCLE('',#1235,2.);
#1235 = AXIS2_PLACEMENT_2D('',#1236,#1237);
#1236 = CARTESIAN_POINT('',(78.,6.6));
#1237 = DIRECTION('',(1.,0.));
#1238 = ( GEOMETRIC_REPRESENTATION_CONTEXT(2) 
PARAMETRIC_REPRESENTATION_CONTEXT() REPRESENTATION_CONTEXT('2D SPACE',''
  ) );
#1239 = PCURVE('',#209,#1240);
#1240 = DEFINITIONAL_REPRESENTATION('',(#1241),#1245);
#1241 = LINE('',#1242,#1243);
#1242 = CARTESIAN_POINT('',(4.712388980385,-5.002));
#1243 = VECTOR('',#1244,1.);
#1244 = DIRECTION('',(-1.,0.));
#1245 = ( GEOMETRIC_REPRESENTATION_CONTEXT(2) 
PARAMETRIC_REPRESENTATION_CONTEXT() REPRESENTATION_CONTEXT('2D SPACE',''
  ) );
#1246 = ORIENTED_EDGE('',*,*,#1247,.F.);
#1247 = EDGE_CURVE('',#1248,#1224,#1250,.T.);
#1248 = VERTEX_POINT('',#1249);
#1249 = CARTESIAN_POINT('',(8.6,80.1,5.));
#1250 = SURFACE_CURVE('',#1251,(#1255,#1262),.PCURVE_S1.);
#1251 = LINE('',#1252,#1253);
#1252 = CARTESIAN_POINT('',(5.20417042793E-15,80.1,5.));
#1253 = VECTOR('',#1254,1.);
#1254 = DIRECTION('',(-1.,0.,0.));
#1255 = PCURVE('',#1110,#1256);
#1256 = DEFINITIONAL_REPRESENTATION('',(#1257),#1261);
#1257 = LINE('',#1258,#1259);
#1258 = CARTESIAN_POINT('',(80.,0.));
#1259 = VECTOR('',#1260,1.);
#1260 = DIRECTION('',(0.,-1.));
#1261 = ( GEOMETRIC_REPRESENTATION_CONTEXT(2) 
PARAMETRIC_REPRESENTATION_CONTEXT() REPRESENTATION_CONTEXT('2D SPACE',''
  ) );
#1262 = PCURVE('',#180,#1263);
#1263 = DEFINITIONAL_REPRESENTATION('',(#1264),#1268);
#1264 = LINE('',#1265,#1266);
#1265 = CARTESIAN_POINT('',(5.20417042793E-15,80.1));
#1266 = VECTOR('',#1267,1.);
#1267 = DIRECTION('',(-1.,0.));
#1268 = ( GEOMETRIC_REPRESENTATION_CONTEXT(2) 
PARAMETRIC_REPRESENTATION_CONTEXT() REPRESENTATION_CONTEXT('2D SPACE',''
  ) );
#1269 = ORIENTED_EDGE('',*,*,#1270,.T.);
#1270 = EDGE_CURVE('',#1248,#1271,#1273,.T.);
#1271 = VERTEX_POINT('',#1272);
#1272 = CARTESIAN_POINT('',(13.6,80.1,10.));
#1273 = SURFACE_CURVE('',#1274,(#1279,#1286),.PCURVE_S1.);
#1274 = CIRCLE('',#1275,5.);
#1275 = AXIS2_PLACEMENT_3D('',#1276,#1277,#1278);
#1276 = CARTESIAN_POINT('',(8.6,80.1,10.));
#1277 = DIRECTION('',(0.,-1.,0.));
#1278 = DIRECTION('',(0.,0.,-1.));
#1279 = PCURVE('',#1110,#1280);
#1280 = DEFINITIONAL_REPRESENTATION('',(#1281),#1285);
#1281 = CIRCLE('',#1282,5.);
#1282 = AXIS2_PLACEMENT_2D('',#1283,#1284);
#1283 = CARTESIAN_POINT('',(75.,8.6));
#1284 = DIRECTION('',(1.,0.));
#1285 = ( GEOMETRIC_REPRESENTATION_CONTEXT(2) 
PARAMETRIC_REPRESENTATION_CONTEXT() REPRESENTATION_CONTEXT('2D SPACE',''
  ) );
#1286 = PCURVE('',#1287,#1292);
#1287 = CYLINDRICAL_SURFACE('',#1288,5.);
#1288 = AXIS2_PLACEMENT_3D('',#1289,#1290,#1291);
#1289 = CARTESIAN_POINT('',(8.6,-5.58749883648E-16,10.));
#1290 = DIRECTION('',(-6.497091670325E-17,-1.,0.));
#1291 = DIRECTION('',(1.,-6.497091670325E-17,0.));
#1292 = DEFINITIONAL_REPRESENTATION('',(#1293),#1297);
#1293 = LINE('',#1294,#1295);
#1294 = CARTESIAN_POINT('',(4.712388980385,-80.1));
#1295 = VECTOR('',#1296,1.);
#1296 = DIRECTION('',(1.,0.));
#1297 = ( GEOMETRIC_REPRESENTATION_CONTEXT(2) 
PARAMETRIC_REPRESENTATION_CONTEXT() REPRESENTATION_CONTEXT('2D SPACE',''
  ) );
#1298 = ORIENTED_EDGE('',*,*,#1299,.F.);
#1299 = EDGE_CURVE('',#1300,#1271,#1302,.T.);
#1300 = VERTEX_POINT('',#1301);
#1301 = CARTESIAN_POINT('',(13.6,80.1,85.));
#1302 = SURFACE_CURVE('',#1303,(#1307,#1314),.PCURVE_S1.);
#1303 = LINE('',#1304,#1305);
#1304 = CARTESIAN_POINT('',(13.6,80.1,85.));
#1305 = VECTOR('',#1306,1.);
#1306 = DIRECTION('',(0.,0.,-1.));
#1307 = PCURVE('',#1110,#1308);
#1308 = DEFINITIONAL_REPRESENTATION('',(#1309),#1313);
#1309 = LINE('',#1310,#1311);
#1310 = CARTESIAN_POINT('',(0.,13.6));
#1311 = VECTOR('',#1312,1.);
#1312 = DIRECTION('',(1.,0.));
#1313 = ( GEOMETRIC_REPRESENTATION_CONTEXT(2) 
PARAMETRIC_REPRESENTATION_CONTEXT() REPRESENTATION_CONTEXT('2D SPACE',''
  ) );
#1314 = PCURVE('',#1010,#1315);
#1315 = DEFINITIONAL_REPRESENTATION('',(#1316),#1320);
#1316 = LINE('',#1317,#1318);
#1317 = CARTESIAN_POINT('',(-80.1,0.));
#1318 = VECTOR('',#1319,1.);
#1319 = DIRECTION('',(-0.,-1.));
#1320 = ( GEOMETRIC_REPRESENTATION_CONTEXT(2) 
PARAMETRIC_REPRESENTATION_CONTEXT() REPRESENTATION_CONTEXT('2D SPACE',''
  ) );
#1321 = ORIENTED_EDGE('',*,*,#1322,.T.);
#1322 = EDGE_CURVE('',#1300,#1323,#1325,.T.);
#1323 = VERTEX_POINT('',#1324);
#1324 = CARTESIAN_POINT('',(-13.6,80.1,85.));
#1325 = SURFACE_CURVE('',#1326,(#1330,#1337),.PCURVE_S1.);
#1326 = LINE('',#1327,#1328);
#1327 = CARTESIAN_POINT('',(5.20417042793E-15,80.1,85.));
#1328 = VECTOR('',#1329,1.);
#1329 = DIRECTION('',(-1.,0.,0.));
#1330 = PCURVE('',#1110,#1331);
#1331 = DEFINITIONAL_REPRESENTATION('',(#1332),#1336);
#1332 = LINE('',#1333,#1334);
#1333 = CARTESIAN_POINT('',(0.,0.));
#1334 = VECTOR('',#1335,1.);
#1335 = DIRECTION('',(0.,-1.));
#1336 = ( GEOMETRIC_REPRESENTATION_CONTEXT(2) 
PARAMETRIC_REPRESENTATION_CONTEXT() REPRESENTATION_CONTEXT('2D SPACE',''
  ) );
#1337 = PCURVE('',#982,#1338);
#1338 = DEFINITIONAL_REPRESENTATION('',(#1339),#1343);
#1339 = LINE('',#1340,#1341);
#1340 = CARTESIAN_POINT('',(5.20417042793E-15,80.1));
#1341 = VECTOR('',#1342,1.);
#1342 = DIRECTION('',(-1.,0.));
#1343 = ( GEOMETRIC_REPRESENTATION_CONTEXT(2) 
PARAMETRIC_REPRESENTATION_CONTEXT() REPRESENTATION_CONTEXT('2D SPACE',''
  ) );
#1344 = ORIENTED_EDGE('',*,*,#1345,.T.);
#1345 = EDGE_CURVE('',#1323,#1346,#1348,.T.);
#1346 = VERTEX_POINT('',#1347);
#1347 = CARTESIAN_POINT('',(-13.6,80.1,10.));
#1348 = SURFACE_CURVE('',#1349,(#1353,#1360),.PCURVE_S1.);
#1349 = LINE('',#1350,#1351);
#1350 = CARTESIAN_POINT('',(-13.6,80.1,85.));
#1351 = VECTOR('',#1352,1.);
#1352 = DIRECTION('',(0.,0.,-1.));
#1353 = PCURVE('',#1110,#1354);
#1354 = DEFINITIONAL_REPRESENTATION('',(#1355),#1359);
#1355 = LINE('',#1356,#1357);
#1356 = CARTESIAN_POINT('',(0.,-13.6));
#1357 = VECTOR('',#1358,1.);
#1358 = DIRECTION('',(1.,0.));
#1359 = ( GEOMETRIC_REPRESENTATION_CONTEXT(2) 
PARAMETRIC_REPRESENTATION_CONTEXT() REPRESENTATION_CONTEXT('2D SPACE',''
  ) );
#1360 = PCURVE('',#954,#1361);
#1361 = DEFINITIONAL_REPRESENTATION('',(#1362),#1366);
#1362 = LINE('',#1363,#1364);
#1363 = CARTESIAN_POINT('',(-80.1,0.));
#1364 = VECTOR('',#1365,1.);
#1365 = DIRECTION('',(-0.,-1.));
#1366 = ( GEOMETRIC_REPRESENTATION_CONTEXT(2) 
PARAMETRIC_REPRESENTATION_CONTEXT() REPRESENTATION_CONTEXT('2D SPACE',''
  ) );
#1367 = ORIENTED_EDGE('',*,*,#1368,.T.);
#1368 = EDGE_CURVE('',#1346,#1369,#1371,.T.);
#1369 = VERTEX_POINT('',#1370);
#1370 = CARTESIAN_POINT('',(-8.6,80.1,5.));
#1371 = SURFACE_CURVE('',#1372,(#1377,#1384),.PCURVE_S1.);
#1372 = CIRCLE('',#1373,5.);
#1373 = AXIS2_PLACEMENT_3D('',#1374,#1375,#1376);
#1374 = CARTESIAN_POINT('',(-8.6,80.1,10.));
#1375 = DIRECTION('',(0.,-1.,0.));
#1376 = DIRECTION('',(0.,0.,-1.));
#1377 = PCURVE('',#1110,#1378);
#1378 = DEFINITIONAL_REPRESENTATION('',(#1379),#1383);
#1379 = CIRCLE('',#1380,5.);
#1380 = AXIS2_PLACEMENT_2D('',#1381,#1382);
#1381 = CARTESIAN_POINT('',(75.,-8.6));
#1382 = DIRECTION('',(1.,0.));
#1383 = ( GEOMETRIC_REPRESENTATION_CONTEXT(2) 
PARAMETRIC_REPRESENTATION_CONTEXT() REPRESENTATION_CONTEXT('2D SPACE',''
  ) );
#1384 = PCURVE('',#1385,#1390);
#1385 = CYLINDRICAL_SURFACE('',#1386,5.);
#1386 = AXIS2_PLACEMENT_3D('',#1387,#1388,#1389);
#1387 = CARTESIAN_POINT('',(-8.6,-3.248545835163E-16,10.));
#1388 = DIRECTION('',(6.497091670325E-17,1.,0.));
#1389 = DIRECTION('',(-1.,6.497091670325E-17,0.));
#1390 = DEFINITIONAL_REPRESENTATION('',(#1391),#1395);
#1391 = LINE('',#1392,#1393);
#1392 = CARTESIAN_POINT('',(10.995574287564,80.1));
#1393 = VECTOR('',#1394,1.);
#1394 = DIRECTION('',(-1.,0.));
#1395 = ( GEOMETRIC_REPRESENTATION_CONTEXT(2) 
PARAMETRIC_REPRESENTATION_CONTEXT() REPRESENTATION_CONTEXT('2D SPACE',''
  ) );
#1396 = ORIENTED_EDGE('',*,*,#1397,.F.);
#1397 = EDGE_CURVE('',#1398,#1369,#1400,.T.);
#1398 = VERTEX_POINT('',#1399);
#1399 = CARTESIAN_POINT('',(-6.6,80.1,5.));
#1400 = SURFACE_CURVE('',#1401,(#1405,#1412),.PCURVE_S1.);
#1401 = LINE('',#1402,#1403);
#1402 = CARTESIAN_POINT('',(5.20417042793E-15,80.1,5.));
#1403 = VECTOR('',#1404,1.);
#1404 = DIRECTION('',(-1.,0.,0.));
#1405 = PCURVE('',#1110,#1406);
#1406 = DEFINITIONAL_REPRESENTATION('',(#1407),#1411);
#1407 = LINE('',#1408,#1409);
#1408 = CARTESIAN_POINT('',(80.,0.));
#1409 = VECTOR('',#1410,1.);
#1410 = DIRECTION('',(0.,-1.));
#1411 = ( GEOMETRIC_REPRESENTATION_CONTEXT(2) 
PARAMETRIC_REPRESENTATION_CONTEXT() REPRESENTATION_CONTEXT('2D SPACE',''
  ) );
#1412 = PCURVE('',#180,#1413);
#1413 = DEFINITIONAL_REPRESENTATION('',(#1414),#1418);
#1414 = LINE('',#1415,#1416);
#1415 = CARTESIAN_POINT('',(5.20417042793E-15,80.1));
#1416 = VECTOR('',#1417,1.);
#1417 = DIRECTION('',(-1.,0.));
#1418 = ( GEOMETRIC_REPRESENTATION_CONTEXT(2) 
PARAMETRIC_REPRESENTATION_CONTEXT() REPRESENTATION_CONTEXT('2D SPACE',''
  ) );
#1419 = ORIENTED_EDGE('',*,*,#1420,.F.);
#1420 = EDGE_CURVE('',#1100,#1398,#1421,.T.);
#1421 = SURFACE_CURVE('',#1422,(#1427,#1434),.PCURVE_S1.);
#1422 = CIRCLE('',#1423,2.);
#1423 = AXIS2_PLACEMENT_3D('',#1424,#1425,#1426);
#1424 = CARTESIAN_POINT('',(-6.6,80.1,7.));
#1425 = DIRECTION('',(0.,-1.,0.));
#1426 = DIRECTION('',(0.,0.,-1.));
#1427 = PCURVE('',#1110,#1428);
#1428 = DEFINITIONAL_REPRESENTATION('',(#1429),#1433);
#1429 = CIRCLE('',#1430,2.);
#1430 = AXIS2_PLACEMENT_2D('',#1431,#1432);
#1431 = CARTESIAN_POINT('',(78.,-6.6));
#1432 = DIRECTION('',(1.,0.));
#1433 = ( GEOMETRIC_REPRESENTATION_CONTEXT(2) 
PARAMETRIC_REPRESENTATION_CONTEXT() REPRESENTATION_CONTEXT('2D SPACE',''
  ) );
#1434 = PCURVE('',#378,#1435);
#1435 = DEFINITIONAL_REPRESENTATION('',(#1436),#1440);
#1436 = LINE('',#1437,#1438);
#1437 = CARTESIAN_POINT('',(10.995574287564,80.1));
#1438 = VECTOR('',#1439,1.);
#1439 = DIRECTION('',(-1.,0.));
#1440 = ( GEOMETRIC_REPRESENTATION_CONTEXT(2) 
PARAMETRIC_REPRESENTATION_CONTEXT() REPRESENTATION_CONTEXT('2D SPACE',''
  ) );
#1441 = ADVANCED_FACE('',(#1442),#1456,.T.);
#1442 = FACE_BOUND('',#1443,.T.);
#1443 = EDGE_LOOP('',(#1444,#1474,#1502,#1530,#1559,#1587,#1616,#1644,
    #1672,#1705,#1728,#1757,#1785,#1813,#1842,#1870));
#1444 = ORIENTED_EDGE('',*,*,#1445,.T.);
#1445 = EDGE_CURVE('',#1446,#1448,#1450,.T.);
#1446 = VERTEX_POINT('',#1447);
#1447 = CARTESIAN_POINT('',(-18.6,-55.6,85.));
#1448 = VERTEX_POINT('',#1449);
#1449 = CARTESIAN_POINT('',(-18.6,55.6,85.));
#1450 = SURFACE_CURVE('',#1451,(#1455,#1467),.PCURVE_S1.);
#1451 = LINE('',#1452,#1453);
#1452 = CARTESIAN_POINT('',(-18.6,0.,85.));
#1453 = VECTOR('',#1454,1.);
#1454 = DIRECTION('',(6.115358904736E-17,1.,0.));
#1455 = PCURVE('',#1456,#1461);
#1456 = PLANE('',#1457);
#1457 = AXIS2_PLACEMENT_3D('',#1458,#1459,#1460);
#1458 = CARTESIAN_POINT('',(-18.6,0.,5.));
#1459 = DIRECTION('',(-1.,6.115358904736E-17,0.));
#1460 = DIRECTION('',(-6.115358904736E-17,-1.,0.));
#1461 = DEFINITIONAL_REPRESENTATION('',(#1462),#1466);
#1462 = LINE('',#1463,#1464);
#1463 = CARTESIAN_POINT('',(0.,80.));
#1464 = VECTOR('',#1465,1.);
#1465 = DIRECTION('',(-1.,0.));
#1466 = ( GEOMETRIC_REPRESENTATION_CONTEXT(2) 
PARAMETRIC_REPRESENTATION_CONTEXT() REPRESENTATION_CONTEXT('2D SPACE',''
  ) );
#1467 = PCURVE('',#982,#1468);
#1468 = DEFINITIONAL_REPRESENTATION('',(#1469),#1473);
#1469 = LINE('',#1470,#1471);
#1470 = CARTESIAN_POINT('',(-18.6,0.));
#1471 = VECTOR('',#1472,1.);
#1472 = DIRECTION('',(6.115358904736E-17,1.));
#1473 = ( GEOMETRIC_REPRESENTATION_CONTEXT(2) 
PARAMETRIC_REPRESENTATION_CONTEXT() REPRESENTATION_CONTEXT('2D SPACE',''
  ) );
#1474 = ORIENTED_EDGE('',*,*,#1475,.T.);
#1475 = EDGE_CURVE('',#1448,#1476,#1478,.T.);
#1476 = VERTEX_POINT('',#1477);
#1477 = CARTESIAN_POINT('',(-18.6,55.6,65.));
#1478 = SURFACE_CURVE('',#1479,(#1483,#1490),.PCURVE_S1.);
#1479 = LINE('',#1480,#1481);
#1480 = CARTESIAN_POINT('',(-18.6,55.6,65.));
#1481 = VECTOR('',#1482,1.);
#1482 = DIRECTION('',(0.,0.,-1.));
#1483 = PCURVE('',#1456,#1484);
#1484 = DEFINITIONAL_REPRESENTATION('',(#1485),#1489);
#1485 = LINE('',#1486,#1487);
#1486 = CARTESIAN_POINT('',(-55.6,60.));
#1487 = VECTOR('',#1488,1.);
#1488 = DIRECTION('',(-0.,-1.));
#1489 = ( GEOMETRIC_REPRESENTATION_CONTEXT(2) 
PARAMETRIC_REPRESENTATION_CONTEXT() REPRESENTATION_CONTEXT('2D SPACE',''
  ) );
#1490 = PCURVE('',#1491,#1496);
#1491 = CYLINDRICAL_SURFACE('',#1492,1.);
#1492 = AXIS2_PLACEMENT_3D('',#1493,#1494,#1495);
#1493 = CARTESIAN_POINT('',(-19.6,55.6,5.));
#1494 = DIRECTION('',(0.,0.,1.));
#1495 = DIRECTION('',(1.,0.,-0.));
#1496 = DEFINITIONAL_REPRESENTATION('',(#1497),#1501);
#1497 = LINE('',#1498,#1499);
#1498 = CARTESIAN_POINT('',(0.,60.));
#1499 = VECTOR('',#1500,1.);
#1500 = DIRECTION('',(0.,-1.));
#1501 = ( GEOMETRIC_REPRESENTATION_CONTEXT(2) 
PARAMETRIC_REPRESENTATION_CONTEXT() REPRESENTATION_CONTEXT('2D SPACE',''
  ) );
#1502 = ORIENTED_EDGE('',*,*,#1503,.T.);
#1503 = EDGE_CURVE('',#1476,#1504,#1506,.T.);
#1504 = VERTEX_POINT('',#1505);
#1505 = CARTESIAN_POINT('',(-18.6,-37.48362875257,65.));
#1506 = SURFACE_CURVE('',#1507,(#1511,#1518),.PCURVE_S1.);
#1507 = LINE('',#1508,#1509);
#1508 = CARTESIAN_POINT('',(-18.6,-1.27905878413E-14,65.));
#1509 = VECTOR('',#1510,1.);
#1510 = DIRECTION('',(-6.115358904736E-17,-1.,-2.131764640217E-16));
#1511 = PCURVE('',#1456,#1512);
#1512 = DEFINITIONAL_REPRESENTATION('',(#1513),#1517);
#1513 = LINE('',#1514,#1515);
#1514 = CARTESIAN_POINT('',(1.27905878413E-14,60.));
#1515 = VECTOR('',#1516,1.);
#1516 = DIRECTION('',(1.,-2.131764640217E-16));
#1517 = ( GEOMETRIC_REPRESENTATION_CONTEXT(2) 
PARAMETRIC_REPRESENTATION_CONTEXT() REPRESENTATION_CONTEXT('2D SPACE',''
  ) );
#1518 = PCURVE('',#1519,#1524);
#1519 = PLANE('',#1520);
#1520 = AXIS2_PLACEMENT_3D('',#1521,#1522,#1523);
#1521 = CARTESIAN_POINT('',(-78.4,1.980968594541E-14,65.));
#1522 = DIRECTION('',(1.303650587535E-32,2.131764640217E-16,-1.));
#1523 = DIRECTION('',(1.5804385645E-64,1.,2.131764640217E-16));
#1524 = DEFINITIONAL_REPRESENTATION('',(#1525),#1529);
#1525 = LINE('',#1526,#1527);
#1526 = CARTESIAN_POINT('',(-3.260027378671E-14,59.8));
#1527 = VECTOR('',#1528,1.);
#1528 = DIRECTION('',(-1.,-6.115358904736E-17));
#1529 = ( GEOMETRIC_REPRESENTATION_CONTEXT(2) 
PARAMETRIC_REPRESENTATION_CONTEXT() REPRESENTATION_CONTEXT('2D SPACE',''
  ) );
#1530 = ORIENTED_EDGE('',*,*,#1531,.F.);
#1531 = EDGE_CURVE('',#1532,#1504,#1534,.T.);
#1532 = VERTEX_POINT('',#1533);
#1533 = CARTESIAN_POINT('',(-18.6,-39.23668415558,55.31739423462));
#1534 = SURFACE_CURVE('',#1535,(#1540,#1547),.PCURVE_S1.);
#1535 = CIRCLE('',#1536,5.);
#1536 = AXIS2_PLACEMENT_3D('',#1537,#1538,#1539);
#1537 = CARTESIAN_POINT('',(-18.6,-37.48362875257,60.));
#1538 = DIRECTION('',(-1.,6.115358904736E-17,0.));
#1539 = DIRECTION('',(-6.115358904736E-17,-1.,0.));
#1540 = PCURVE('',#1456,#1541);
#1541 = DEFINITIONAL_REPRESENTATION('',(#1542),#1546);
#1542 = CIRCLE('',#1543,5.);
#1543 = AXIS2_PLACEMENT_2D('',#1544,#1545);
#1544 = CARTESIAN_POINT('',(37.483628752573,55.));
#1545 = DIRECTION('',(1.,0.));
#1546 = ( GEOMETRIC_REPRESENTATION_CONTEXT(2) 
PARAMETRIC_REPRESENTATION_CONTEXT() REPRESENTATION_CONTEXT('2D SPACE',''
  ) );
#1547 = PCURVE('',#1548,#1553);
#1548 = CYLINDRICAL_SURFACE('',#1549,5.);
#1549 = AXIS2_PLACEMENT_3D('',#1550,#1551,#1552);
#1550 = CARTESIAN_POINT('',(-78.4,-37.48362875257,60.));
#1551 = DIRECTION('',(1.,-6.115358904736E-17,-9.757646059101E-49));
#1552 = DIRECTION('',(-6.017527383368E-17,-0.984002325474,0.178155615859
    ));
#1553 = DEFINITIONAL_REPRESENTATION('',(#1554),#1558);
#1554 = LINE('',#1555,#1556);
#1555 = CARTESIAN_POINT('',(6.462297069481,59.8));
#1556 = VECTOR('',#1557,1.);
#1557 = DIRECTION('',(-1.,0.));
#1558 = ( GEOMETRIC_REPRESENTATION_CONTEXT(2) 
PARAMETRIC_REPRESENTATION_CONTEXT() REPRESENTATION_CONTEXT('2D SPACE',''
  ) );
#1559 = ORIENTED_EDGE('',*,*,#1560,.F.);
#1560 = EDGE_CURVE('',#1561,#1532,#1563,.T.);
#1561 = VERTEX_POINT('',#1562);
#1562 = CARTESIAN_POINT('',(-18.6,54.252204733304,20.31739423462));
#1563 = SURFACE_CURVE('',#1564,(#1568,#1575),.PCURVE_S1.);
#1564 = LINE('',#1565,#1566);
#1565 = CARTESIAN_POINT('',(-18.6,11.698660356558,36.248421663518));
#1566 = VECTOR('',#1567,1.);
#1567 = DIRECTION('',(-5.727162972937E-17,-0.936521153076,0.350611080602
    ));
#1568 = PCURVE('',#1456,#1569);
#1569 = DEFINITIONAL_REPRESENTATION('',(#1570),#1574);
#1570 = LINE('',#1571,#1572);
#1571 = CARTESIAN_POINT('',(-11.69866035655,31.248421663518));
#1572 = VECTOR('',#1573,1.);
#1573 = DIRECTION('',(0.936521153076,0.350611080602));
#1574 = ( GEOMETRIC_REPRESENTATION_CONTEXT(2) 
PARAMETRIC_REPRESENTATION_CONTEXT() REPRESENTATION_CONTEXT('2D SPACE',''
  ) );
#1575 = PCURVE('',#1576,#1581);
#1576 = PLANE('',#1577);
#1577 = AXIS2_PLACEMENT_3D('',#1578,#1579,#1580);
#1578 = CARTESIAN_POINT('',(-78.4,-5.,42.5));
#1579 = DIRECTION('',(-2.144112593862E-17,-0.350611080602,
    -0.936521153076));
#1580 = DIRECTION('',(5.794514502529E-34,0.936521153076,-0.350611080602)
  );
#1581 = DEFINITIONAL_REPRESENTATION('',(#1582),#1586);
#1582 = LINE('',#1583,#1584);
#1583 = CARTESIAN_POINT('',(17.830521287973,59.8));
#1584 = VECTOR('',#1585,1.);
#1585 = DIRECTION('',(-1.,-5.727162972937E-17));
#1586 = ( GEOMETRIC_REPRESENTATION_CONTEXT(2) 
PARAMETRIC_REPRESENTATION_CONTEXT() REPRESENTATION_CONTEXT('2D SPACE',''
  ) );
#1587 = ORIENTED_EDGE('',*,*,#1588,.F.);
#1588 = EDGE_CURVE('',#1589,#1561,#1591,.T.);
#1589 = VERTEX_POINT('',#1590);
#1590 = CARTESIAN_POINT('',(-18.6,56.005260136316,20.));
#1591 = SURFACE_CURVE('',#1592,(#1597,#1604),.PCURVE_S1.);
#1592 = CIRCLE('',#1593,5.);
#1593 = AXIS2_PLACEMENT_3D('',#1594,#1595,#1596);
#1594 = CARTESIAN_POINT('',(-18.6,56.005260136316,25.));
#1595 = DIRECTION('',(-1.,6.115358904736E-17,0.));
#1596 = DIRECTION('',(-6.115358904736E-17,-1.,0.));
#1597 = PCURVE('',#1456,#1598);
#1598 = DEFINITIONAL_REPRESENTATION('',(#1599),#1603);
#1599 = CIRCLE('',#1600,5.);
#1600 = AXIS2_PLACEMENT_2D('',#1601,#1602);
#1601 = CARTESIAN_POINT('',(-56.00526013631,20.));
#1602 = DIRECTION('',(1.,0.));
#1603 = ( GEOMETRIC_REPRESENTATION_CONTEXT(2) 
PARAMETRIC_REPRESENTATION_CONTEXT() REPRESENTATION_CONTEXT('2D SPACE',''
  ) );
#1604 = PCURVE('',#1605,#1610);
#1605 = CYLINDRICAL_SURFACE('',#1606,5.);
#1606 = AXIS2_PLACEMENT_3D('',#1607,#1608,#1609);
#1607 = CARTESIAN_POINT('',(-78.4,56.005260136316,25.));
#1608 = DIRECTION('',(-1.,6.115358904736E-17,-4.115498298939E-33));
#1609 = DIRECTION('',(-6.115358904736E-17,-1.,0.));
#1610 = DEFINITIONAL_REPRESENTATION('',(#1611),#1615);
#1611 = LINE('',#1612,#1613);
#1612 = CARTESIAN_POINT('',(-1.7763568394E-15,-59.8));
#1613 = VECTOR('',#1614,1.);
#1614 = DIRECTION('',(1.,0.));
#1615 = ( GEOMETRIC_REPRESENTATION_CONTEXT(2) 
PARAMETRIC_REPRESENTATION_CONTEXT() REPRESENTATION_CONTEXT('2D SPACE',''
  ) );
#1616 = ORIENTED_EDGE('',*,*,#1617,.F.);
#1617 = EDGE_CURVE('',#1618,#1589,#1620,.T.);
#1618 = VERTEX_POINT('',#1619);
#1619 = CARTESIAN_POINT('',(-18.6,56.6,20.));
#1620 = SURFACE_CURVE('',#1621,(#1625,#1632),.PCURVE_S1.);
#1621 = LINE('',#1622,#1623);
#1622 = CARTESIAN_POINT('',(-18.6,0.,20.));
#1623 = VECTOR('',#1624,1.);
#1624 = DIRECTION('',(-6.115358904736E-17,-1.,0.));
#1625 = PCURVE('',#1456,#1626);
#1626 = DEFINITIONAL_REPRESENTATION('',(#1627),#1631);
#1627 = LINE('',#1628,#1629);
#1628 = CARTESIAN_POINT('',(0.,15.));
#1629 = VECTOR('',#1630,1.);
#1630 = DIRECTION('',(1.,0.));
#1631 = ( GEOMETRIC_REPRESENTATION_CONTEXT(2) 
PARAMETRIC_REPRESENTATION_CONTEXT() REPRESENTATION_CONTEXT('2D SPACE',''
  ) );
#1632 = PCURVE('',#1633,#1638);
#1633 = PLANE('',#1634);
#1634 = AXIS2_PLACEMENT_3D('',#1635,#1636,#1637);
#1635 = CARTESIAN_POINT('',(-78.4,60.1,20.));
#1636 = DIRECTION('',(0.,0.,-1.));
#1637 = DIRECTION('',(-1.,0.,0.));
#1638 = DEFINITIONAL_REPRESENTATION('',(#1639),#1643);
#1639 = LINE('',#1640,#1641);
#1640 = CARTESIAN_POINT('',(-59.8,-60.1));
#1641 = VECTOR('',#1642,1.);
#1642 = DIRECTION('',(6.115358904736E-17,-1.));
#1643 = ( GEOMETRIC_REPRESENTATION_CONTEXT(2) 
PARAMETRIC_REPRESENTATION_CONTEXT() REPRESENTATION_CONTEXT('2D SPACE',''
  ) );
#1644 = ORIENTED_EDGE('',*,*,#1645,.T.);
#1645 = EDGE_CURVE('',#1618,#1646,#1648,.T.);
#1646 = VERTEX_POINT('',#1647);
#1647 = CARTESIAN_POINT('',(-18.6,56.6,8.));
#1648 = SURFACE_CURVE('',#1649,(#1653,#1660),.PCURVE_S1.);
#1649 = LINE('',#1650,#1651);
#1650 = CARTESIAN_POINT('',(-18.6,56.6,39.5));
#1651 = VECTOR('',#1652,1.);
#1652 = DIRECTION('',(0.,0.,-1.));
#1653 = PCURVE('',#1456,#1654);
#1654 = DEFINITIONAL_REPRESENTATION('',(#1655),#1659);
#1655 = LINE('',#1656,#1657);
#1656 = CARTESIAN_POINT('',(-56.6,34.5));
#1657 = VECTOR('',#1658,1.);
#1658 = DIRECTION('',(-0.,-1.));
#1659 = ( GEOMETRIC_REPRESENTATION_CONTEXT(2) 
PARAMETRIC_REPRESENTATION_CONTEXT() REPRESENTATION_CONTEXT('2D SPACE',''
  ) );
#1660 = PCURVE('',#1661,#1666);
#1661 = PLANE('',#1662);
#1662 = AXIS2_PLACEMENT_3D('',#1663,#1664,#1665);
#1663 = CARTESIAN_POINT('',(-21.6,56.6,39.5));
#1664 = DIRECTION('',(6.115358904736E-17,-1.,0.));
#1665 = DIRECTION('',(1.,6.115358904736E-17,0.));
#1666 = DEFINITIONAL_REPRESENTATION('',(#1667),#1671);
#1667 = LINE('',#1668,#1669);
#1668 = CARTESIAN_POINT('',(3.,0.));
#1669 = VECTOR('',#1670,1.);
#1670 = DIRECTION('',(0.,-1.));
#1671 = ( GEOMETRIC_REPRESENTATION_CONTEXT(2) 
PARAMETRIC_REPRESENTATION_CONTEXT() REPRESENTATION_CONTEXT('2D SPACE',''
  ) );
#1672 = ORIENTED_EDGE('',*,*,#1673,.T.);
#1673 = EDGE_CURVE('',#1646,#1674,#1676,.T.);
#1674 = VERTEX_POINT('',#1675);
#1675 = CARTESIAN_POINT('',(-18.6,64.6,0.));
#1676 = SURFACE_CURVE('',#1677,(#1682,#1693),.PCURVE_S1.);
#1677 = CIRCLE('',#1678,8.);
#1678 = AXIS2_PLACEMENT_3D('',#1679,#1680,#1681);
#1679 = CARTESIAN_POINT('',(-18.6,64.6,8.));
#1680 = DIRECTION('',(1.,6.115358904736E-17,0.));
#1681 = DIRECTION('',(-6.115358904736E-17,1.,0.));
#1682 = PCURVE('',#1456,#1683);
#1683 = DEFINITIONAL_REPRESENTATION('',(#1684),#1692);
#1684 = ( BOUNDED_CURVE() B_SPLINE_CURVE(2,(#1685,#1686,#1687,#1688,
#1689,#1690,#1691),.UNSPECIFIED.,.T.,.F.) B_SPLINE_CURVE_WITH_KNOTS((1,2
    ,2,2,2,1),(-2.094395102393,0.,2.094395102393,4.188790204786,
6.28318530718,8.377580409573),.UNSPECIFIED.) CURVE() 
GEOMETRIC_REPRESENTATION_ITEM() RATIONAL_B_SPLINE_CURVE((1.,0.5,1.,0.5,
1.,0.5,1.)) REPRESENTATION_ITEM('') );
#1685 = CARTESIAN_POINT('',(-72.6,3.));
#1686 = CARTESIAN_POINT('',(-72.6,16.856406460551));
#1687 = CARTESIAN_POINT('',(-60.6,9.928203230275));
#1688 = CARTESIAN_POINT('',(-48.6,3.));
#1689 = CARTESIAN_POINT('',(-60.6,-3.928203230275));
#1690 = CARTESIAN_POINT('',(-72.6,-10.85640646055));
#1691 = CARTESIAN_POINT('',(-72.6,3.));
#1692 = ( GEOMETRIC_REPRESENTATION_CONTEXT(2) 
PARAMETRIC_REPRESENTATION_CONTEXT() REPRESENTATION_CONTEXT('2D SPACE',''
  ) );
#1693 = PCURVE('',#1694,#1699);
#1694 = CYLINDRICAL_SURFACE('',#1695,8.);
#1695 = AXIS2_PLACEMENT_3D('',#1696,#1697,#1698);
#1696 = CARTESIAN_POINT('',(-21.6,64.6,8.));
#1697 = DIRECTION('',(1.,6.115358904736E-17,0.));
#1698 = DIRECTION('',(-6.115358904736E-17,1.,0.));
#1699 = DEFINITIONAL_REPRESENTATION('',(#1700),#1704);
#1700 = LINE('',#1701,#1702);
#1701 = CARTESIAN_POINT('',(0.,3.));
#1702 = VECTOR('',#1703,1.);
#1703 = DIRECTION('',(1.,0.));
#1704 = ( GEOMETRIC_REPRESENTATION_CONTEXT(2) 
PARAMETRIC_REPRESENTATION_CONTEXT() REPRESENTATION_CONTEXT('2D SPACE',''
  ) );
#1705 = ORIENTED_EDGE('',*,*,#1706,.F.);
#1706 = EDGE_CURVE('',#1707,#1674,#1709,.T.);
#1707 = VERTEX_POINT('',#1708);
#1708 = CARTESIAN_POINT('',(-18.6,-64.6,0.));
#1709 = SURFACE_CURVE('',#1710,(#1714,#1721),.PCURVE_S1.);
#1710 = LINE('',#1711,#1712);
#1711 = CARTESIAN_POINT('',(-18.6,0.,0.));
#1712 = VECTOR('',#1713,1.);
#1713 = DIRECTION('',(6.115358904736E-17,1.,0.));
#1714 = PCURVE('',#1456,#1715);
#1715 = DEFINITIONAL_REPRESENTATION('',(#1716),#1720);
#1716 = LINE('',#1717,#1718);
#1717 = CARTESIAN_POINT('',(-0.,-5.));
#1718 = VECTOR('',#1719,1.);
#1719 = DIRECTION('',(-1.,0.));
#1720 = ( GEOMETRIC_REPRESENTATION_CONTEXT(2) 
PARAMETRIC_REPRESENTATION_CONTEXT() REPRESENTATION_CONTEXT('2D SPACE',''
  ) );
#1721 = PCURVE('',#66,#1722);
#1722 = DEFINITIONAL_REPRESENTATION('',(#1723),#1727);
#1723 = LINE('',#1724,#1725);
#1724 = CARTESIAN_POINT('',(-18.6,0.));
#1725 = VECTOR('',#1726,1.);
#1726 = DIRECTION('',(6.115358904736E-17,1.));
#1727 = ( GEOMETRIC_REPRESENTATION_CONTEXT(2) 
PARAMETRIC_REPRESENTATION_CONTEXT() REPRESENTATION_CONTEXT('2D SPACE',''
  ) );
#1728 = ORIENTED_EDGE('',*,*,#1729,.F.);
#1729 = EDGE_CURVE('',#1730,#1707,#1732,.T.);
#1730 = VERTEX_POINT('',#1731);
#1731 = CARTESIAN_POINT('',(-18.6,-56.6,8.));
#1732 = SURFACE_CURVE('',#1733,(#1738,#1745),.PCURVE_S1.);
#1733 = CIRCLE('',#1734,8.);
#1734 = AXIS2_PLACEMENT_3D('',#1735,#1736,#1737);
#1735 = CARTESIAN_POINT('',(-18.6,-64.6,8.));
#1736 = DIRECTION('',(-1.,6.115358904736E-17,0.));
#1737 = DIRECTION('',(-6.115358904736E-17,-1.,0.));
#1738 = PCURVE('',#1456,#1739);
#1739 = DEFINITIONAL_REPRESENTATION('',(#1740),#1744);
#1740 = CIRCLE('',#1741,8.);
#1741 = AXIS2_PLACEMENT_2D('',#1742,#1743);
#1742 = CARTESIAN_POINT('',(64.6,3.));
#1743 = DIRECTION('',(1.,0.));
#1744 = ( GEOMETRIC_REPRESENTATION_CONTEXT(2) 
PARAMETRIC_REPRESENTATION_CONTEXT() REPRESENTATION_CONTEXT('2D SPACE',''
  ) );
#1745 = PCURVE('',#1746,#1751);
#1746 = CYLINDRICAL_SURFACE('',#1747,8.);
#1747 = AXIS2_PLACEMENT_3D('',#1748,#1749,#1750);
#1748 = CARTESIAN_POINT('',(-21.6,-64.6,8.));
#1749 = DIRECTION('',(1.,-6.115358904736E-17,0.));
#1750 = DIRECTION('',(6.115358904736E-17,1.,0.));
#1751 = DEFINITIONAL_REPRESENTATION('',(#1752),#1756);
#1752 = LINE('',#1753,#1754);
#1753 = CARTESIAN_POINT('',(9.424777960769,3.));
#1754 = VECTOR('',#1755,1.);
#1755 = DIRECTION('',(-1.,0.));
#1756 = ( GEOMETRIC_REPRESENTATION_CONTEXT(2) 
PARAMETRIC_REPRESENTATION_CONTEXT() REPRESENTATION_CONTEXT('2D SPACE',''
  ) );
#1757 = ORIENTED_EDGE('',*,*,#1758,.F.);
#1758 = EDGE_CURVE('',#1759,#1730,#1761,.T.);
#1759 = VERTEX_POINT('',#1760);
#1760 = CARTESIAN_POINT('',(-18.6,-56.6,20.));
#1761 = SURFACE_CURVE('',#1762,(#1766,#1773),.PCURVE_S1.);
#1762 = LINE('',#1763,#1764);
#1763 = CARTESIAN_POINT('',(-18.6,-56.6,39.5));
#1764 = VECTOR('',#1765,1.);
#1765 = DIRECTION('',(0.,0.,-1.));
#1766 = PCURVE('',#1456,#1767);
#1767 = DEFINITIONAL_REPRESENTATION('',(#1768),#1772);
#1768 = LINE('',#1769,#1770);
#1769 = CARTESIAN_POINT('',(56.6,34.5));
#1770 = VECTOR('',#1771,1.);
#1771 = DIRECTION('',(-0.,-1.));
#1772 = ( GEOMETRIC_REPRESENTATION_CONTEXT(2) 
PARAMETRIC_REPRESENTATION_CONTEXT() REPRESENTATION_CONTEXT('2D SPACE',''
  ) );
#1773 = PCURVE('',#1774,#1779);
#1774 = PLANE('',#1775);
#1775 = AXIS2_PLACEMENT_3D('',#1776,#1777,#1778);
#1776 = CARTESIAN_POINT('',(-21.6,-56.6,39.5));
#1777 = DIRECTION('',(-6.115358904736E-17,-1.,0.));
#1778 = DIRECTION('',(1.,-6.115358904736E-17,0.));
#1779 = DEFINITIONAL_REPRESENTATION('',(#1780),#1784);
#1780 = LINE('',#1781,#1782);
#1781 = CARTESIAN_POINT('',(3.,0.));
#1782 = VECTOR('',#1783,1.);
#1783 = DIRECTION('',(0.,-1.));
#1784 = ( GEOMETRIC_REPRESENTATION_CONTEXT(2) 
PARAMETRIC_REPRESENTATION_CONTEXT() REPRESENTATION_CONTEXT('2D SPACE',''
  ) );
#1785 = ORIENTED_EDGE('',*,*,#1786,.F.);
#1786 = EDGE_CURVE('',#1787,#1759,#1789,.T.);
#1787 = VERTEX_POINT('',#1788);
#1788 = CARTESIAN_POINT('',(-18.6,-29.55963401491,20.));
#1789 = SURFACE_CURVE('',#1790,(#1794,#1801),.PCURVE_S1.);
#1790 = LINE('',#1791,#1792);
#1791 = CARTESIAN_POINT('',(-18.6,0.,20.));
#1792 = VECTOR('',#1793,1.);
#1793 = DIRECTION('',(-6.115358904736E-17,-1.,0.));
#1794 = PCURVE('',#1456,#1795);
#1795 = DEFINITIONAL_REPRESENTATION('',(#1796),#1800);
#1796 = LINE('',#1797,#1798);
#1797 = CARTESIAN_POINT('',(0.,15.));
#1798 = VECTOR('',#1799,1.);
#1799 = DIRECTION('',(1.,0.));
#1800 = ( GEOMETRIC_REPRESENTATION_CONTEXT(2) 
PARAMETRIC_REPRESENTATION_CONTEXT() REPRESENTATION_CONTEXT('2D SPACE',''
  ) );
#1801 = PCURVE('',#1802,#1807);
#1802 = PLANE('',#1803);
#1803 = AXIS2_PLACEMENT_3D('',#1804,#1805,#1806);
#1804 = CARTESIAN_POINT('',(-78.4,-33.52163138374,20.));
#1805 = DIRECTION('',(0.,0.,-1.));
#1806 = DIRECTION('',(-1.,0.,0.));
#1807 = DEFINITIONAL_REPRESENTATION('',(#1808),#1812);
#1808 = LINE('',#1809,#1810);
#1809 = CARTESIAN_POINT('',(-59.8,33.521631383743));
#1810 = VECTOR('',#1811,1.);
#1811 = DIRECTION('',(6.115358904736E-17,-1.));
#1812 = ( GEOMETRIC_REPRESENTATION_CONTEXT(2) 
PARAMETRIC_REPRESENTATION_CONTEXT() REPRESENTATION_CONTEXT('2D SPACE',''
  ) );
#1813 = ORIENTED_EDGE('',*,*,#1814,.F.);
#1814 = EDGE_CURVE('',#1815,#1787,#1817,.T.);
#1815 = VERTEX_POINT('',#1816);
#1816 = CARTESIAN_POINT('',(-18.6,-27.8065786119,29.68260576538));
#1817 = SURFACE_CURVE('',#1818,(#1823,#1830),.PCURVE_S1.);
#1818 = CIRCLE('',#1819,5.);
#1819 = AXIS2_PLACEMENT_3D('',#1820,#1821,#1822);
#1820 = CARTESIAN_POINT('',(-18.6,-29.55963401491,25.));
#1821 = DIRECTION('',(-1.,6.115358904736E-17,0.));
#1822 = DIRECTION('',(-6.115358904736E-17,-1.,0.));
#1823 = PCURVE('',#1456,#1824);
#1824 = DEFINITIONAL_REPRESENTATION('',(#1825),#1829);
#1825 = CIRCLE('',#1826,5.);
#1826 = AXIS2_PLACEMENT_2D('',#1827,#1828);
#1827 = CARTESIAN_POINT('',(29.559634014913,20.));
#1828 = DIRECTION('',(1.,0.));
#1829 = ( GEOMETRIC_REPRESENTATION_CONTEXT(2) 
PARAMETRIC_REPRESENTATION_CONTEXT() REPRESENTATION_CONTEXT('2D SPACE',''
  ) );
#1830 = PCURVE('',#1831,#1836);
#1831 = CYLINDRICAL_SURFACE('',#1832,5.);
#1832 = AXIS2_PLACEMENT_3D('',#1833,#1834,#1835);
#1833 = CARTESIAN_POINT('',(-78.4,-29.55963401491,25.));
#1834 = DIRECTION('',(1.,-6.115358904736E-17,0.));
#1835 = DIRECTION('',(6.115358904736E-17,1.,0.));
#1836 = DEFINITIONAL_REPRESENTATION('',(#1837),#1841);
#1837 = LINE('',#1838,#1839);
#1838 = CARTESIAN_POINT('',(9.424777960769,59.8));
#1839 = VECTOR('',#1840,1.);
#1840 = DIRECTION('',(-1.,0.));
#1841 = ( GEOMETRIC_REPRESENTATION_CONTEXT(2) 
PARAMETRIC_REPRESENTATION_CONTEXT() REPRESENTATION_CONTEXT('2D SPACE',''
  ) );
#1842 = ORIENTED_EDGE('',*,*,#1843,.T.);
#1843 = EDGE_CURVE('',#1815,#1844,#1846,.T.);
#1844 = VERTEX_POINT('',#1845);
#1845 = CARTESIAN_POINT('',(-18.6,-55.6,40.087796800858));
#1846 = SURFACE_CURVE('',#1847,(#1851,#1858),.PCURVE_S1.);
#1847 = LINE('',#1848,#1849);
#1848 = CARTESIAN_POINT('',(-18.6,4.686438744509,17.517998601999));
#1849 = VECTOR('',#1850,1.);
#1850 = DIRECTION('',(-5.727162972937E-17,-0.936521153076,0.350611080602
    ));
#1851 = PCURVE('',#1456,#1852);
#1852 = DEFINITIONAL_REPRESENTATION('',(#1853),#1857);
#1853 = LINE('',#1854,#1855);
#1854 = CARTESIAN_POINT('',(-4.686438744509,12.517998601999));
#1855 = VECTOR('',#1856,1.);
#1856 = DIRECTION('',(0.936521153076,0.350611080602));
#1857 = ( GEOMETRIC_REPRESENTATION_CONTEXT(2) 
PARAMETRIC_REPRESENTATION_CONTEXT() REPRESENTATION_CONTEXT('2D SPACE',''
  ) );
#1858 = PCURVE('',#1859,#1864);
#1859 = PLANE('',#1860);
#1860 = AXIS2_PLACEMENT_3D('',#1861,#1862,#1863);
#1861 = CARTESIAN_POINT('',(-78.4,-33.52163138374,31.822184590113));
#1862 = DIRECTION('',(-2.144112593862E-17,-0.350611080602,
    -0.936521153076));
#1863 = DIRECTION('',(5.794514502529E-34,0.936521153076,-0.350611080602)
  );
#1864 = DEFINITIONAL_REPRESENTATION('',(#1865),#1869);
#1865 = LINE('',#1866,#1867);
#1866 = CARTESIAN_POINT('',(40.79787199975,59.8));
#1867 = VECTOR('',#1868,1.);
#1868 = DIRECTION('',(-1.,-5.727162972937E-17));
#1869 = ( GEOMETRIC_REPRESENTATION_CONTEXT(2) 
PARAMETRIC_REPRESENTATION_CONTEXT() REPRESENTATION_CONTEXT('2D SPACE',''
  ) );
#1870 = ORIENTED_EDGE('',*,*,#1871,.F.);
#1871 = EDGE_CURVE('',#1446,#1844,#1872,.T.);
#1872 = SURFACE_CURVE('',#1873,(#1877,#1884),.PCURVE_S1.);
#1873 = LINE('',#1874,#1875);
#1874 = CARTESIAN_POINT('',(-18.6,-55.6,5.));
#1875 = VECTOR('',#1876,1.);
#1876 = DIRECTION('',(0.,0.,-1.));
#1877 = PCURVE('',#1456,#1878);
#1878 = DEFINITIONAL_REPRESENTATION('',(#1879),#1883);
#1879 = LINE('',#1880,#1881);
#1880 = CARTESIAN_POINT('',(55.6,0.));
#1881 = VECTOR('',#1882,1.);
#1882 = DIRECTION('',(-0.,-1.));
#1883 = ( GEOMETRIC_REPRESENTATION_CONTEXT(2) 
PARAMETRIC_REPRESENTATION_CONTEXT() REPRESENTATION_CONTEXT('2D SPACE',''
  ) );
#1884 = PCURVE('',#1885,#1890);
#1885 = CYLINDRICAL_SURFACE('',#1886,1.);
#1886 = AXIS2_PLACEMENT_3D('',#1887,#1888,#1889);
#1887 = CARTESIAN_POINT('',(-19.6,-55.6,39.5));
#1888 = DIRECTION('',(0.,0.,-1.));
#1889 = DIRECTION('',(-1.,0.,0.));
#1890 = DEFINITIONAL_REPRESENTATION('',(#1891),#1895);
#1891 = LINE('',#1892,#1893);
#1892 = CARTESIAN_POINT('',(3.14159265359,34.5));
#1893 = VECTOR('',#1894,1.);
#1894 = DIRECTION('',(0.,1.));
#1895 = ( GEOMETRIC_REPRESENTATION_CONTEXT(2) 
PARAMETRIC_REPRESENTATION_CONTEXT() REPRESENTATION_CONTEXT('2D SPACE',''
  ) );
#1896 = ADVANCED_FACE('',(#1897),#1909,.T.);
#1897 = FACE_BOUND('',#1898,.T.);
#1898 = EDGE_LOOP('',(#1899,#1927,#1955,#1983,#2006,#2034,#2057));
#1899 = ORIENTED_EDGE('',*,*,#1900,.F.);
#1900 = EDGE_CURVE('',#1674,#1901,#1903,.T.);
#1901 = VERTEX_POINT('',#1902);
#1902 = CARTESIAN_POINT('',(-18.6,80.1,0.));
#1903 = SURFACE_CURVE('',#1904,(#1908,#1920),.PCURVE_S1.);
#1904 = LINE('',#1905,#1906);
#1905 = CARTESIAN_POINT('',(-18.6,0.,0.));
#1906 = VECTOR('',#1907,1.);
#1907 = DIRECTION('',(6.115358904736E-17,1.,0.));
#1908 = PCURVE('',#1909,#1914);
#1909 = PLANE('',#1910);
#1910 = AXIS2_PLACEMENT_3D('',#1911,#1912,#1913);
#1911 = CARTESIAN_POINT('',(-18.6,0.,5.));
#1912 = DIRECTION('',(-1.,6.115358904736E-17,0.));
#1913 = DIRECTION('',(-6.115358904736E-17,-1.,0.));
#1914 = DEFINITIONAL_REPRESENTATION('',(#1915),#1919);
#1915 = LINE('',#1916,#1917);
#1916 = CARTESIAN_POINT('',(-0.,-5.));
#1917 = VECTOR('',#1918,1.);
#1918 = DIRECTION('',(-1.,0.));
#1919 = ( GEOMETRIC_REPRESENTATION_CONTEXT(2) 
PARAMETRIC_REPRESENTATION_CONTEXT() REPRESENTATION_CONTEXT('2D SPACE',''
  ) );
#1920 = PCURVE('',#66,#1921);
#1921 = DEFINITIONAL_REPRESENTATION('',(#1922),#1926);
#1922 = LINE('',#1923,#1924);
#1923 = CARTESIAN_POINT('',(-18.6,0.));
#1924 = VECTOR('',#1925,1.);
#1925 = DIRECTION('',(6.115358904736E-17,1.));
#1926 = ( GEOMETRIC_REPRESENTATION_CONTEXT(2) 
PARAMETRIC_REPRESENTATION_CONTEXT() REPRESENTATION_CONTEXT('2D SPACE',''
  ) );
#1927 = ORIENTED_EDGE('',*,*,#1928,.T.);
#1928 = EDGE_CURVE('',#1674,#1929,#1931,.T.);
#1929 = VERTEX_POINT('',#1930);
#1930 = CARTESIAN_POINT('',(-18.6,72.6,8.));
#1931 = SURFACE_CURVE('',#1932,(#1937,#1948),.PCURVE_S1.);
#1932 = CIRCLE('',#1933,8.);
#1933 = AXIS2_PLACEMENT_3D('',#1934,#1935,#1936);
#1934 = CARTESIAN_POINT('',(-18.6,64.6,8.));
#1935 = DIRECTION('',(1.,6.115358904736E-17,0.));
#1936 = DIRECTION('',(-6.115358904736E-17,1.,0.));
#1937 = PCURVE('',#1909,#1938);
#1938 = DEFINITIONAL_REPRESENTATION('',(#1939),#1947);
#1939 = ( BOUNDED_CURVE() B_SPLINE_CURVE(2,(#1940,#1941,#1942,#1943,
#1944,#1945,#1946),.UNSPECIFIED.,.T.,.F.) B_SPLINE_CURVE_WITH_KNOTS((1,2
    ,2,2,2,1),(-2.094395102393,0.,2.094395102393,4.188790204786,
6.28318530718,8.377580409573),.UNSPECIFIED.) CURVE() 
GEOMETRIC_REPRESENTATION_ITEM() RATIONAL_B_SPLINE_CURVE((1.,0.5,1.,0.5,
1.,0.5,1.)) REPRESENTATION_ITEM('') );
#1940 = CARTESIAN_POINT('',(-72.6,3.));
#1941 = CARTESIAN_POINT('',(-72.6,16.856406460551));
#1942 = CARTESIAN_POINT('',(-60.6,9.928203230275));
#1943 = CARTESIAN_POINT('',(-48.6,3.));
#1944 = CARTESIAN_POINT('',(-60.6,-3.928203230275));
#1945 = CARTESIAN_POINT('',(-72.6,-10.85640646055));
#1946 = CARTESIAN_POINT('',(-72.6,3.));
#1947 = ( GEOMETRIC_REPRESENTATION_CONTEXT(2) 
PARAMETRIC_REPRESENTATION_CONTEXT() REPRESENTATION_CONTEXT('2D SPACE',''
  ) );
#1948 = PCURVE('',#1694,#1949);
#1949 = DEFINITIONAL_REPRESENTATION('',(#1950),#1954);
#1950 = LINE('',#1951,#1952);
#1951 = CARTESIAN_POINT('',(0.,3.));
#1952 = VECTOR('',#1953,1.);
#1953 = DIRECTION('',(1.,0.));
#1954 = ( GEOMETRIC_REPRESENTATION_CONTEXT(2) 
PARAMETRIC_REPRESENTATION_CONTEXT() REPRESENTATION_CONTEXT('2D SPACE',''
  ) );
#1955 = ORIENTED_EDGE('',*,*,#1956,.F.);
#1956 = EDGE_CURVE('',#1957,#1929,#1959,.T.);
#1957 = VERTEX_POINT('',#1958);
#1958 = CARTESIAN_POINT('',(-18.6,72.6,85.));
#1959 = SURFACE_CURVE('',#1960,(#1964,#1971),.PCURVE_S1.);
#1960 = LINE('',#1961,#1962);
#1961 = CARTESIAN_POINT('',(-18.6,72.6,39.5));
#1962 = VECTOR('',#1963,1.);
#1963 = DIRECTION('',(0.,0.,-1.));
#1964 = PCURVE('',#1909,#1965);
#1965 = DEFINITIONAL_REPRESENTATION('',(#1966),#1970);
#1966 = LINE('',#1967,#1968);
#1967 = CARTESIAN_POINT('',(-72.6,34.5));
#1968 = VECTOR('',#1969,1.);
#1969 = DIRECTION('',(-0.,-1.));
#1970 = ( GEOMETRIC_REPRESENTATION_CONTEXT(2) 
PARAMETRIC_REPRESENTATION_CONTEXT() REPRESENTATION_CONTEXT('2D SPACE',''
  ) );
#1971 = PCURVE('',#1972,#1977);
#1972 = PLANE('',#1973);
#1973 = AXIS2_PLACEMENT_3D('',#1974,#1975,#1976);
#1974 = CARTESIAN_POINT('',(-21.6,72.6,39.5));
#1975 = DIRECTION('',(6.115358904736E-17,-1.,0.));
#1976 = DIRECTION('',(1.,6.115358904736E-17,0.));
#1977 = DEFINITIONAL_REPRESENTATION('',(#1978),#1982);
#1978 = LINE('',#1979,#1980);
#1979 = CARTESIAN_POINT('',(3.,0.));
#1980 = VECTOR('',#1981,1.);
#1981 = DIRECTION('',(0.,-1.));
#1982 = ( GEOMETRIC_REPRESENTATION_CONTEXT(2) 
PARAMETRIC_REPRESENTATION_CONTEXT() REPRESENTATION_CONTEXT('2D SPACE',''
  ) );
#1983 = ORIENTED_EDGE('',*,*,#1984,.T.);
#1984 = EDGE_CURVE('',#1957,#1985,#1987,.T.);
#1985 = VERTEX_POINT('',#1986);
#1986 = CARTESIAN_POINT('',(-18.6,90.1,85.));
#1987 = SURFACE_CURVE('',#1988,(#1992,#1999),.PCURVE_S1.);
#1988 = LINE('',#1989,#1990);
#1989 = CARTESIAN_POINT('',(-18.6,0.,85.));
#1990 = VECTOR('',#1991,1.);
#1991 = DIRECTION('',(6.115358904736E-17,1.,0.));
#1992 = PCURVE('',#1909,#1993);
#1993 = DEFINITIONAL_REPRESENTATION('',(#1994),#1998);
#1994 = LINE('',#1995,#1996);
#1995 = CARTESIAN_POINT('',(0.,80.));
#1996 = VECTOR('',#1997,1.);
#1997 = DIRECTION('',(-1.,0.));
#1998 = ( GEOMETRIC_REPRESENTATION_CONTEXT(2) 
PARAMETRIC_REPRESENTATION_CONTEXT() REPRESENTATION_CONTEXT('2D SPACE',''
  ) );
#1999 = PCURVE('',#982,#2000);
#2000 = DEFINITIONAL_REPRESENTATION('',(#2001),#2005);
#2001 = LINE('',#2002,#2003);
#2002 = CARTESIAN_POINT('',(-18.6,0.));
#2003 = VECTOR('',#2004,1.);
#2004 = DIRECTION('',(6.115358904736E-17,1.));
#2005 = ( GEOMETRIC_REPRESENTATION_CONTEXT(2) 
PARAMETRIC_REPRESENTATION_CONTEXT() REPRESENTATION_CONTEXT('2D SPACE',''
  ) );
#2006 = ORIENTED_EDGE('',*,*,#2007,.T.);
#2007 = EDGE_CURVE('',#1985,#2008,#2010,.T.);
#2008 = VERTEX_POINT('',#2009);
#2009 = CARTESIAN_POINT('',(-18.6,90.1,75.));
#2010 = SURFACE_CURVE('',#2011,(#2015,#2022),.PCURVE_S1.);
#2011 = LINE('',#2012,#2013);
#2012 = CARTESIAN_POINT('',(-18.6,90.1,5.));
#2013 = VECTOR('',#2014,1.);
#2014 = DIRECTION('',(0.,0.,-1.));
#2015 = PCURVE('',#1909,#2016);
#2016 = DEFINITIONAL_REPRESENTATION('',(#2017),#2021);
#2017 = LINE('',#2018,#2019);
#2018 = CARTESIAN_POINT('',(-90.1,0.));
#2019 = VECTOR('',#2020,1.);
#2020 = DIRECTION('',(-0.,-1.));
#2021 = ( GEOMETRIC_REPRESENTATION_CONTEXT(2) 
PARAMETRIC_REPRESENTATION_CONTEXT() REPRESENTATION_CONTEXT('2D SPACE',''
  ) );
#2022 = PCURVE('',#2023,#2028);
#2023 = CYLINDRICAL_SURFACE('',#2024,5.);
#2024 = AXIS2_PLACEMENT_3D('',#2025,#2026,#2027);
#2025 = CARTESIAN_POINT('',(-13.6,90.1,5.));
#2026 = DIRECTION('',(0.,0.,-1.));
#2027 = DIRECTION('',(-1.,0.,0.));
#2028 = DEFINITIONAL_REPRESENTATION('',(#2029),#2033);
#2029 = LINE('',#2030,#2031);
#2030 = CARTESIAN_POINT('',(0.,0.));
#2031 = VECTOR('',#2032,1.);
#2032 = DIRECTION('',(0.,1.));
#2033 = ( GEOMETRIC_REPRESENTATION_CONTEXT(2) 
PARAMETRIC_REPRESENTATION_CONTEXT() REPRESENTATION_CONTEXT('2D SPACE',''
  ) );
#2034 = ORIENTED_EDGE('',*,*,#2035,.T.);
#2035 = EDGE_CURVE('',#2008,#2036,#2038,.T.);
#2036 = VERTEX_POINT('',#2037);
#2037 = CARTESIAN_POINT('',(-18.6,80.1,75.));
#2038 = SURFACE_CURVE('',#2039,(#2043,#2050),.PCURVE_S1.);
#2039 = LINE('',#2040,#2041);
#2040 = CARTESIAN_POINT('',(-18.6,95.1,75.));
#2041 = VECTOR('',#2042,1.);
#2042 = DIRECTION('',(0.,-1.,0.));
#2043 = PCURVE('',#1909,#2044);
#2044 = DEFINITIONAL_REPRESENTATION('',(#2045),#2049);
#2045 = LINE('',#2046,#2047);
#2046 = CARTESIAN_POINT('',(-95.1,70.));
#2047 = VECTOR('',#2048,1.);
#2048 = DIRECTION('',(1.,0.));
#2049 = ( GEOMETRIC_REPRESENTATION_CONTEXT(2) 
PARAMETRIC_REPRESENTATION_CONTEXT() REPRESENTATION_CONTEXT('2D SPACE',''
  ) );
#2050 = PCURVE('',#122,#2051);
#2051 = DEFINITIONAL_REPRESENTATION('',(#2052),#2056);
#2052 = LINE('',#2053,#2054);
#2053 = CARTESIAN_POINT('',(-18.6,0.));
#2054 = VECTOR('',#2055,1.);
#2055 = DIRECTION('',(0.,-1.));
#2056 = ( GEOMETRIC_REPRESENTATION_CONTEXT(2) 
PARAMETRIC_REPRESENTATION_CONTEXT() REPRESENTATION_CONTEXT('2D SPACE',''
  ) );
#2057 = ORIENTED_EDGE('',*,*,#2058,.T.);
#2058 = EDGE_CURVE('',#2036,#1901,#2059,.T.);
#2059 = SURFACE_CURVE('',#2060,(#2064,#2071),.PCURVE_S1.);
#2060 = LINE('',#2061,#2062);
#2061 = CARTESIAN_POINT('',(-18.6,80.1,0.));
#2062 = VECTOR('',#2063,1.);
#2063 = DIRECTION('',(0.,0.,-1.));
#2064 = PCURVE('',#1909,#2065);
#2065 = DEFINITIONAL_REPRESENTATION('',(#2066),#2070);
#2066 = LINE('',#2067,#2068);
#2067 = CARTESIAN_POINT('',(-80.1,-5.));
#2068 = VECTOR('',#2069,1.);
#2069 = DIRECTION('',(-0.,-1.));
#2070 = ( GEOMETRIC_REPRESENTATION_CONTEXT(2) 
PARAMETRIC_REPRESENTATION_CONTEXT() REPRESENTATION_CONTEXT('2D SPACE',''
  ) );
#2071 = PCURVE('',#94,#2072);
#2072 = DEFINITIONAL_REPRESENTATION('',(#2073),#2077);
#2073 = LINE('',#2074,#2075);
#2074 = CARTESIAN_POINT('',(3.14159265359,-5.));
#2075 = VECTOR('',#2076,1.);
#2076 = DIRECTION('',(0.,-1.));
#2077 = ( GEOMETRIC_REPRESENTATION_CONTEXT(2) 
PARAMETRIC_REPRESENTATION_CONTEXT() REPRESENTATION_CONTEXT('2D SPACE',''
  ) );
#2078 = ADVANCED_FACE('',(#2079),#2093,.T.);
#2079 = FACE_BOUND('',#2080,.T.);
#2080 = EDGE_LOOP('',(#2081,#2111,#2139,#2161,#2184,#2207,#2230));
#2081 = ORIENTED_EDGE('',*,*,#2082,.T.);
#2082 = EDGE_CURVE('',#2083,#2085,#2087,.T.);
#2083 = VERTEX_POINT('',#2084);
#2084 = CARTESIAN_POINT('',(-18.6,-90.1,85.));
#2085 = VERTEX_POINT('',#2086);
#2086 = CARTESIAN_POINT('',(-18.6,-72.6,85.));
#2087 = SURFACE_CURVE('',#2088,(#2092,#2104),.PCURVE_S1.);
#2088 = LINE('',#2089,#2090);
#2089 = CARTESIAN_POINT('',(-18.6,0.,85.));
#2090 = VECTOR('',#2091,1.);
#2091 = DIRECTION('',(6.115358904736E-17,1.,0.));
#2092 = PCURVE('',#2093,#2098);
#2093 = PLANE('',#2094);
#2094 = AXIS2_PLACEMENT_3D('',#2095,#2096,#2097);
#2095 = CARTESIAN_POINT('',(-18.6,0.,5.));
#2096 = DIRECTION('',(-1.,6.115358904736E-17,0.));
#2097 = DIRECTION('',(-6.115358904736E-17,-1.,0.));
#2098 = DEFINITIONAL_REPRESENTATION('',(#2099),#2103);
#2099 = LINE('',#2100,#2101);
#2100 = CARTESIAN_POINT('',(0.,80.));
#2101 = VECTOR('',#2102,1.);
#2102 = DIRECTION('',(-1.,0.));
#2103 = ( GEOMETRIC_REPRESENTATION_CONTEXT(2) 
PARAMETRIC_REPRESENTATION_CONTEXT() REPRESENTATION_CONTEXT('2D SPACE',''
  ) );
#2104 = PCURVE('',#982,#2105);
#2105 = DEFINITIONAL_REPRESENTATION('',(#2106),#2110);
#2106 = LINE('',#2107,#2108);
#2107 = CARTESIAN_POINT('',(-18.6,0.));
#2108 = VECTOR('',#2109,1.);
#2109 = DIRECTION('',(6.115358904736E-17,1.));
#2110 = ( GEOMETRIC_REPRESENTATION_CONTEXT(2) 
PARAMETRIC_REPRESENTATION_CONTEXT() REPRESENTATION_CONTEXT('2D SPACE',''
  ) );
#2111 = ORIENTED_EDGE('',*,*,#2112,.T.);
#2112 = EDGE_CURVE('',#2085,#2113,#2115,.T.);
#2113 = VERTEX_POINT('',#2114);
#2114 = CARTESIAN_POINT('',(-18.6,-72.6,8.));
#2115 = SURFACE_CURVE('',#2116,(#2120,#2127),.PCURVE_S1.);
#2116 = LINE('',#2117,#2118);
#2117 = CARTESIAN_POINT('',(-18.6,-72.6,39.5));
#2118 = VECTOR('',#2119,1.);
#2119 = DIRECTION('',(0.,0.,-1.));
#2120 = PCURVE('',#2093,#2121);
#2121 = DEFINITIONAL_REPRESENTATION('',(#2122),#2126);
#2122 = LINE('',#2123,#2124);
#2123 = CARTESIAN_POINT('',(72.6,34.5));
#2124 = VECTOR('',#2125,1.);
#2125 = DIRECTION('',(-0.,-1.));
#2126 = ( GEOMETRIC_REPRESENTATION_CONTEXT(2) 
PARAMETRIC_REPRESENTATION_CONTEXT() REPRESENTATION_CONTEXT('2D SPACE',''
  ) );
#2127 = PCURVE('',#2128,#2133);
#2128 = PLANE('',#2129);
#2129 = AXIS2_PLACEMENT_3D('',#2130,#2131,#2132);
#2130 = CARTESIAN_POINT('',(-21.6,-72.6,39.5));
#2131 = DIRECTION('',(-6.115358904736E-17,-1.,0.));
#2132 = DIRECTION('',(1.,-6.115358904736E-17,0.));
#2133 = DEFINITIONAL_REPRESENTATION('',(#2134),#2138);
#2134 = LINE('',#2135,#2136);
#2135 = CARTESIAN_POINT('',(3.,0.));
#2136 = VECTOR('',#2137,1.);
#2137 = DIRECTION('',(0.,-1.));
#2138 = ( GEOMETRIC_REPRESENTATION_CONTEXT(2) 
PARAMETRIC_REPRESENTATION_CONTEXT() REPRESENTATION_CONTEXT('2D SPACE',''
  ) );
#2139 = ORIENTED_EDGE('',*,*,#2140,.F.);
#2140 = EDGE_CURVE('',#1707,#2113,#2141,.T.);
#2141 = SURFACE_CURVE('',#2142,(#2147,#2154),.PCURVE_S1.);
#2142 = CIRCLE('',#2143,8.);
#2143 = AXIS2_PLACEMENT_3D('',#2144,#2145,#2146);
#2144 = CARTESIAN_POINT('',(-18.6,-64.6,8.));
#2145 = DIRECTION('',(-1.,6.115358904736E-17,0.));
#2146 = DIRECTION('',(-6.115358904736E-17,-1.,0.));
#2147 = PCURVE('',#2093,#2148);
#2148 = DEFINITIONAL_REPRESENTATION('',(#2149),#2153);
#2149 = CIRCLE('',#2150,8.);
#2150 = AXIS2_PLACEMENT_2D('',#2151,#2152);
#2151 = CARTESIAN_POINT('',(64.6,3.));
#2152 = DIRECTION('',(1.,0.));
#2153 = ( GEOMETRIC_REPRESENTATION_CONTEXT(2) 
PARAMETRIC_REPRESENTATION_CONTEXT() REPRESENTATION_CONTEXT('2D SPACE',''
  ) );
#2154 = PCURVE('',#1746,#2155);
#2155 = DEFINITIONAL_REPRESENTATION('',(#2156),#2160);
#2156 = LINE('',#2157,#2158);
#2157 = CARTESIAN_POINT('',(9.424777960769,3.));
#2158 = VECTOR('',#2159,1.);
#2159 = DIRECTION('',(-1.,0.));
#2160 = ( GEOMETRIC_REPRESENTATION_CONTEXT(2) 
PARAMETRIC_REPRESENTATION_CONTEXT() REPRESENTATION_CONTEXT('2D SPACE',''
  ) );
#2161 = ORIENTED_EDGE('',*,*,#2162,.F.);
#2162 = EDGE_CURVE('',#2163,#1707,#2165,.T.);
#2163 = VERTEX_POINT('',#2164);
#2164 = CARTESIAN_POINT('',(-18.6,-80.1,0.));
#2165 = SURFACE_CURVE('',#2166,(#2170,#2177),.PCURVE_S1.);
#2166 = LINE('',#2167,#2168);
#2167 = CARTESIAN_POINT('',(-18.6,0.,0.));
#2168 = VECTOR('',#2169,1.);
#2169 = DIRECTION('',(6.115358904736E-17,1.,0.));
#2170 = PCURVE('',#2093,#2171);
#2171 = DEFINITIONAL_REPRESENTATION('',(#2172),#2176);
#2172 = LINE('',#2173,#2174);
#2173 = CARTESIAN_POINT('',(-0.,-5.));
#2174 = VECTOR('',#2175,1.);
#2175 = DIRECTION('',(-1.,0.));
#2176 = ( GEOMETRIC_REPRESENTATION_CONTEXT(2) 
PARAMETRIC_REPRESENTATION_CONTEXT() REPRESENTATION_CONTEXT('2D SPACE',''
  ) );
#2177 = PCURVE('',#66,#2178);
#2178 = DEFINITIONAL_REPRESENTATION('',(#2179),#2183);
#2179 = LINE('',#2180,#2181);
#2180 = CARTESIAN_POINT('',(-18.6,0.));
#2181 = VECTOR('',#2182,1.);
#2182 = DIRECTION('',(6.115358904736E-17,1.));
#2183 = ( GEOMETRIC_REPRESENTATION_CONTEXT(2) 
PARAMETRIC_REPRESENTATION_CONTEXT() REPRESENTATION_CONTEXT('2D SPACE',''
  ) );
#2184 = ORIENTED_EDGE('',*,*,#2185,.F.);
#2185 = EDGE_CURVE('',#2186,#2163,#2188,.T.);
#2186 = VERTEX_POINT('',#2187);
#2187 = CARTESIAN_POINT('',(-18.6,-80.1,75.));
#2188 = SURFACE_CURVE('',#2189,(#2193,#2200),.PCURVE_S1.);
#2189 = LINE('',#2190,#2191);
#2190 = CARTESIAN_POINT('',(-18.6,-80.1,5.));
#2191 = VECTOR('',#2192,1.);
#2192 = DIRECTION('',(0.,0.,-1.));
#2193 = PCURVE('',#2093,#2194);
#2194 = DEFINITIONAL_REPRESENTATION('',(#2195),#2199);
#2195 = LINE('',#2196,#2197);
#2196 = CARTESIAN_POINT('',(80.1,0.));
#2197 = VECTOR('',#2198,1.);
#2198 = DIRECTION('',(-0.,-1.));
#2199 = ( GEOMETRIC_REPRESENTATION_CONTEXT(2) 
PARAMETRIC_REPRESENTATION_CONTEXT() REPRESENTATION_CONTEXT('2D SPACE',''
  ) );
#2200 = PCURVE('',#444,#2201);
#2201 = DEFINITIONAL_REPRESENTATION('',(#2202),#2206);
#2202 = LINE('',#2203,#2204);
#2203 = CARTESIAN_POINT('',(6.28318530718,0.));
#2204 = VECTOR('',#2205,1.);
#2205 = DIRECTION('',(0.,1.));
#2206 = ( GEOMETRIC_REPRESENTATION_CONTEXT(2) 
PARAMETRIC_REPRESENTATION_CONTEXT() REPRESENTATION_CONTEXT('2D SPACE',''
  ) );
#2207 = ORIENTED_EDGE('',*,*,#2208,.F.);
#2208 = EDGE_CURVE('',#2209,#2186,#2211,.T.);
#2209 = VERTEX_POINT('',#2210);
#2210 = CARTESIAN_POINT('',(-18.6,-90.1,75.));
#2211 = SURFACE_CURVE('',#2212,(#2216,#2223),.PCURVE_S1.);
#2212 = LINE('',#2213,#2214);
#2213 = CARTESIAN_POINT('',(-18.6,-95.1,75.));
#2214 = VECTOR('',#2215,1.);
#2215 = DIRECTION('',(0.,1.,0.));
#2216 = PCURVE('',#2093,#2217);
#2217 = DEFINITIONAL_REPRESENTATION('',(#2218),#2222);
#2218 = LINE('',#2219,#2220);
#2219 = CARTESIAN_POINT('',(95.1,70.));
#2220 = VECTOR('',#2221,1.);
#2221 = DIRECTION('',(-1.,0.));
#2222 = ( GEOMETRIC_REPRESENTATION_CONTEXT(2) 
PARAMETRIC_REPRESENTATION_CONTEXT() REPRESENTATION_CONTEXT('2D SPACE',''
  ) );
#2223 = PCURVE('',#416,#2224);
#2224 = DEFINITIONAL_REPRESENTATION('',(#2225),#2229);
#2225 = LINE('',#2226,#2227);
#2226 = CARTESIAN_POINT('',(-18.6,0.));
#2227 = VECTOR('',#2228,1.);
#2228 = DIRECTION('',(0.,1.));
#2229 = ( GEOMETRIC_REPRESENTATION_CONTEXT(2) 
PARAMETRIC_REPRESENTATION_CONTEXT() REPRESENTATION_CONTEXT('2D SPACE',''
  ) );
#2230 = ORIENTED_EDGE('',*,*,#2231,.F.);
#2231 = EDGE_CURVE('',#2083,#2209,#2232,.T.);
#2232 = SURFACE_CURVE('',#2233,(#2237,#2244),.PCURVE_S1.);
#2233 = LINE('',#2234,#2235);
#2234 = CARTESIAN_POINT('',(-18.6,-90.1,5.));
#2235 = VECTOR('',#2236,1.);
#2236 = DIRECTION('',(0.,0.,-1.));
#2237 = PCURVE('',#2093,#2238);
#2238 = DEFINITIONAL_REPRESENTATION('',(#2239),#2243);
#2239 = LINE('',#2240,#2241);
#2240 = CARTESIAN_POINT('',(90.1,0.));
#2241 = VECTOR('',#2242,1.);
#2242 = DIRECTION('',(-0.,-1.));
#2243 = ( GEOMETRIC_REPRESENTATION_CONTEXT(2) 
PARAMETRIC_REPRESENTATION_CONTEXT() REPRESENTATION_CONTEXT('2D SPACE',''
  ) );
#2244 = PCURVE('',#2245,#2250);
#2245 = CYLINDRICAL_SURFACE('',#2246,5.);
#2246 = AXIS2_PLACEMENT_3D('',#2247,#2248,#2249);
#2247 = CARTESIAN_POINT('',(-13.6,-90.1,42.5));
#2248 = DIRECTION('',(0.,0.,-1.));
#2249 = DIRECTION('',(-1.,0.,0.));
#2250 = DEFINITIONAL_REPRESENTATION('',(#2251),#2255);
#2251 = LINE('',#2252,#2253);
#2252 = CARTESIAN_POINT('',(6.28318530718,37.5));
#2253 = VECTOR('',#2254,1.);
#2254 = DIRECTION('',(0.,1.));
#2255 = ( GEOMETRIC_REPRESENTATION_CONTEXT(2) 
PARAMETRIC_REPRESENTATION_CONTEXT() REPRESENTATION_CONTEXT('2D SPACE',''
  ) );
#2256 = ADVANCED_FACE('',(#2257,#2458,#2688,#2918,#3148,#3378,#3551),
  #2271,.F.);
#2257 = FACE_BOUND('',#2258,.T.);
#2258 = EDGE_LOOP('',(#2259,#2289,#2317,#2340,#2368,#2391,#2414,#2437));
#2259 = ORIENTED_EDGE('',*,*,#2260,.F.);
#2260 = EDGE_CURVE('',#2261,#2263,#2265,.T.);
#2261 = VERTEX_POINT('',#2262);
#2262 = CARTESIAN_POINT('',(18.6,90.1,75.));
#2263 = VERTEX_POINT('',#2264);
#2264 = CARTESIAN_POINT('',(18.6,80.1,75.));
#2265 = SURFACE_CURVE('',#2266,(#2270,#2282),.PCURVE_S1.);
#2266 = LINE('',#2267,#2268);
#2267 = CARTESIAN_POINT('',(18.6,95.1,75.));
#2268 = VECTOR('',#2269,1.);
#2269 = DIRECTION('',(0.,-1.,0.));
#2270 = PCURVE('',#2271,#2276);
#2271 = PLANE('',#2272);
#2272 = AXIS2_PLACEMENT_3D('',#2273,#2274,#2275);
#2273 = CARTESIAN_POINT('',(18.6,1.387778780781E-14,5.));
#2274 = DIRECTION('',(-1.,6.115358904736E-17,0.));
#2275 = DIRECTION('',(-6.115358904736E-17,-1.,0.));
#2276 = DEFINITIONAL_REPRESENTATION('',(#2277),#2281);
#2277 = LINE('',#2278,#2279);
#2278 = CARTESIAN_POINT('',(-95.1,70.));
#2279 = VECTOR('',#2280,1.);
#2280 = DIRECTION('',(1.,0.));
#2281 = ( GEOMETRIC_REPRESENTATION_CONTEXT(2) 
PARAMETRIC_REPRESENTATION_CONTEXT() REPRESENTATION_CONTEXT('2D SPACE',''
  ) );
#2282 = PCURVE('',#122,#2283);
#2283 = DEFINITIONAL_REPRESENTATION('',(#2284),#2288);
#2284 = LINE('',#2285,#2286);
#2285 = CARTESIAN_POINT('',(18.6,0.));
#2286 = VECTOR('',#2287,1.);
#2287 = DIRECTION('',(0.,-1.));
#2288 = ( GEOMETRIC_REPRESENTATION_CONTEXT(2) 
PARAMETRIC_REPRESENTATION_CONTEXT() REPRESENTATION_CONTEXT('2D SPACE',''
  ) );
#2289 = ORIENTED_EDGE('',*,*,#2290,.F.);
#2290 = EDGE_CURVE('',#2291,#2261,#2293,.T.);
#2291 = VERTEX_POINT('',#2292);
#2292 = CARTESIAN_POINT('',(18.6,90.1,85.));
#2293 = SURFACE_CURVE('',#2294,(#2298,#2305),.PCURVE_S1.);
#2294 = LINE('',#2295,#2296);
#2295 = CARTESIAN_POINT('',(18.6,90.1,85.));
#2296 = VECTOR('',#2297,1.);
#2297 = DIRECTION('',(0.,0.,-1.));
#2298 = PCURVE('',#2271,#2299);
#2299 = DEFINITIONAL_REPRESENTATION('',(#2300),#2304);
#2300 = LINE('',#2301,#2302);
#2301 = CARTESIAN_POINT('',(-90.1,80.));
#2302 = VECTOR('',#2303,1.);
#2303 = DIRECTION('',(-0.,-1.));
#2304 = ( GEOMETRIC_REPRESENTATION_CONTEXT(2) 
PARAMETRIC_REPRESENTATION_CONTEXT() REPRESENTATION_CONTEXT('2D SPACE',''
  ) );
#2305 = PCURVE('',#2306,#2311);
#2306 = CYLINDRICAL_SURFACE('',#2307,5.);
#2307 = AXIS2_PLACEMENT_3D('',#2308,#2309,#2310);
#2308 = CARTESIAN_POINT('',(13.6,90.1,42.5));
#2309 = DIRECTION('',(0.,0.,1.));
#2310 = DIRECTION('',(1.,0.,-0.));
#2311 = DEFINITIONAL_REPRESENTATION('',(#2312),#2316);
#2312 = LINE('',#2313,#2314);
#2313 = CARTESIAN_POINT('',(0.,42.5));
#2314 = VECTOR('',#2315,1.);
#2315 = DIRECTION('',(0.,-1.));
#2316 = ( GEOMETRIC_REPRESENTATION_CONTEXT(2) 
PARAMETRIC_REPRESENTATION_CONTEXT() REPRESENTATION_CONTEXT('2D SPACE',''
  ) );
#2317 = ORIENTED_EDGE('',*,*,#2318,.F.);
#2318 = EDGE_CURVE('',#2319,#2291,#2321,.T.);
#2319 = VERTEX_POINT('',#2320);
#2320 = CARTESIAN_POINT('',(18.6,-90.1,85.));
#2321 = SURFACE_CURVE('',#2322,(#2326,#2333),.PCURVE_S1.);
#2322 = LINE('',#2323,#2324);
#2323 = CARTESIAN_POINT('',(18.6,1.387778780781E-14,85.));
#2324 = VECTOR('',#2325,1.);
#2325 = DIRECTION('',(6.115358904736E-17,1.,0.));
#2326 = PCURVE('',#2271,#2327);
#2327 = DEFINITIONAL_REPRESENTATION('',(#2328),#2332);
#2328 = LINE('',#2329,#2330);
#2329 = CARTESIAN_POINT('',(0.,80.));
#2330 = VECTOR('',#2331,1.);
#2331 = DIRECTION('',(-1.,0.));
#2332 = ( GEOMETRIC_REPRESENTATION_CONTEXT(2) 
PARAMETRIC_REPRESENTATION_CONTEXT() REPRESENTATION_CONTEXT('2D SPACE',''
  ) );
#2333 = PCURVE('',#982,#2334);
#2334 = DEFINITIONAL_REPRESENTATION('',(#2335),#2339);
#2335 = LINE('',#2336,#2337);
#2336 = CARTESIAN_POINT('',(18.6,1.387778780781E-14));
#2337 = VECTOR('',#2338,1.);
#2338 = DIRECTION('',(6.115358904736E-17,1.));
#2339 = ( GEOMETRIC_REPRESENTATION_CONTEXT(2) 
PARAMETRIC_REPRESENTATION_CONTEXT() REPRESENTATION_CONTEXT('2D SPACE',''
  ) );
#2340 = ORIENTED_EDGE('',*,*,#2341,.T.);
#2341 = EDGE_CURVE('',#2319,#2342,#2344,.T.);
#2342 = VERTEX_POINT('',#2343);
#2343 = CARTESIAN_POINT('',(18.6,-90.1,75.));
#2344 = SURFACE_CURVE('',#2345,(#2349,#2356),.PCURVE_S1.);
#2345 = LINE('',#2346,#2347);
#2346 = CARTESIAN_POINT('',(18.6,-90.1,75.));
#2347 = VECTOR('',#2348,1.);
#2348 = DIRECTION('',(0.,0.,-1.));
#2349 = PCURVE('',#2271,#2350);
#2350 = DEFINITIONAL_REPRESENTATION('',(#2351),#2355);
#2351 = LINE('',#2352,#2353);
#2352 = CARTESIAN_POINT('',(90.1,70.));
#2353 = VECTOR('',#2354,1.);
#2354 = DIRECTION('',(-0.,-1.));
#2355 = ( GEOMETRIC_REPRESENTATION_CONTEXT(2) 
PARAMETRIC_REPRESENTATION_CONTEXT() REPRESENTATION_CONTEXT('2D SPACE',''
  ) );
#2356 = PCURVE('',#2357,#2362);
#2357 = CYLINDRICAL_SURFACE('',#2358,5.);
#2358 = AXIS2_PLACEMENT_3D('',#2359,#2360,#2361);
#2359 = CARTESIAN_POINT('',(13.6,-90.1,5.));
#2360 = DIRECTION('',(0.,0.,1.));
#2361 = DIRECTION('',(1.,0.,-0.));
#2362 = DEFINITIONAL_REPRESENTATION('',(#2363),#2367);
#2363 = LINE('',#2364,#2365);
#2364 = CARTESIAN_POINT('',(6.28318530718,70.));
#2365 = VECTOR('',#2366,1.);
#2366 = DIRECTION('',(0.,-1.));
#2367 = ( GEOMETRIC_REPRESENTATION_CONTEXT(2) 
PARAMETRIC_REPRESENTATION_CONTEXT() REPRESENTATION_CONTEXT('2D SPACE',''
  ) );
#2368 = ORIENTED_EDGE('',*,*,#2369,.T.);
#2369 = EDGE_CURVE('',#2342,#2370,#2372,.T.);
#2370 = VERTEX_POINT('',#2371);
#2371 = CARTESIAN_POINT('',(18.6,-80.1,75.));
#2372 = SURFACE_CURVE('',#2373,(#2377,#2384),.PCURVE_S1.);
#2373 = LINE('',#2374,#2375);
#2374 = CARTESIAN_POINT('',(18.6,-95.1,75.));
#2375 = VECTOR('',#2376,1.);
#2376 = DIRECTION('',(0.,1.,0.));
#2377 = PCURVE('',#2271,#2378);
#2378 = DEFINITIONAL_REPRESENTATION('',(#2379),#2383);
#2379 = LINE('',#2380,#2381);
#2380 = CARTESIAN_POINT('',(95.1,70.));
#2381 = VECTOR('',#2382,1.);
#2382 = DIRECTION('',(-1.,0.));
#2383 = ( GEOMETRIC_REPRESENTATION_CONTEXT(2) 
PARAMETRIC_REPRESENTATION_CONTEXT() REPRESENTATION_CONTEXT('2D SPACE',''
  ) );
#2384 = PCURVE('',#416,#2385);
#2385 = DEFINITIONAL_REPRESENTATION('',(#2386),#2390);
#2386 = LINE('',#2387,#2388);
#2387 = CARTESIAN_POINT('',(18.6,0.));
#2388 = VECTOR('',#2389,1.);
#2389 = DIRECTION('',(0.,1.));
#2390 = ( GEOMETRIC_REPRESENTATION_CONTEXT(2) 
PARAMETRIC_REPRESENTATION_CONTEXT() REPRESENTATION_CONTEXT('2D SPACE',''
  ) );
#2391 = ORIENTED_EDGE('',*,*,#2392,.T.);
#2392 = EDGE_CURVE('',#2370,#2393,#2395,.T.);
#2393 = VERTEX_POINT('',#2394);
#2394 = CARTESIAN_POINT('',(18.6,-80.1,0.));
#2395 = SURFACE_CURVE('',#2396,(#2400,#2407),.PCURVE_S1.);
#2396 = LINE('',#2397,#2398);
#2397 = CARTESIAN_POINT('',(18.6,-80.1,0.));
#2398 = VECTOR('',#2399,1.);
#2399 = DIRECTION('',(0.,0.,-1.));
#2400 = PCURVE('',#2271,#2401);
#2401 = DEFINITIONAL_REPRESENTATION('',(#2402),#2406);
#2402 = LINE('',#2403,#2404);
#2403 = CARTESIAN_POINT('',(80.1,-5.));
#2404 = VECTOR('',#2405,1.);
#2405 = DIRECTION('',(-0.,-1.));
#2406 = ( GEOMETRIC_REPRESENTATION_CONTEXT(2) 
PARAMETRIC_REPRESENTATION_CONTEXT() REPRESENTATION_CONTEXT('2D SPACE',''
  ) );
#2407 = PCURVE('',#493,#2408);
#2408 = DEFINITIONAL_REPRESENTATION('',(#2409),#2413);
#2409 = LINE('',#2410,#2411);
#2410 = CARTESIAN_POINT('',(6.28318530718,-5.));
#2411 = VECTOR('',#2412,1.);
#2412 = DIRECTION('',(0.,-1.));
#2413 = ( GEOMETRIC_REPRESENTATION_CONTEXT(2) 
PARAMETRIC_REPRESENTATION_CONTEXT() REPRESENTATION_CONTEXT('2D SPACE',''
  ) );
#2414 = ORIENTED_EDGE('',*,*,#2415,.T.);
#2415 = EDGE_CURVE('',#2393,#2416,#2418,.T.);
#2416 = VERTEX_POINT('',#2417);
#2417 = CARTESIAN_POINT('',(18.6,80.1,0.));
#2418 = SURFACE_CURVE('',#2419,(#2423,#2430),.PCURVE_S1.);
#2419 = LINE('',#2420,#2421);
#2420 = CARTESIAN_POINT('',(18.6,1.387778780781E-14,0.));
#2421 = VECTOR('',#2422,1.);
#2422 = DIRECTION('',(6.115358904736E-17,1.,0.));
#2423 = PCURVE('',#2271,#2424);
#2424 = DEFINITIONAL_REPRESENTATION('',(#2425),#2429);
#2425 = LINE('',#2426,#2427);
#2426 = CARTESIAN_POINT('',(-0.,-5.));
#2427 = VECTOR('',#2428,1.);
#2428 = DIRECTION('',(-1.,0.));
#2429 = ( GEOMETRIC_REPRESENTATION_CONTEXT(2) 
PARAMETRIC_REPRESENTATION_CONTEXT() REPRESENTATION_CONTEXT('2D SPACE',''
  ) );
#2430 = PCURVE('',#66,#2431);
#2431 = DEFINITIONAL_REPRESENTATION('',(#2432),#2436);
#2432 = LINE('',#2433,#2434);
#2433 = CARTESIAN_POINT('',(18.6,1.387778780781E-14));
#2434 = VECTOR('',#2435,1.);
#2435 = DIRECTION('',(6.115358904736E-17,1.));
#2436 = ( GEOMETRIC_REPRESENTATION_CONTEXT(2) 
PARAMETRIC_REPRESENTATION_CONTEXT() REPRESENTATION_CONTEXT('2D SPACE',''
  ) );
#2437 = ORIENTED_EDGE('',*,*,#2438,.F.);
#2438 = EDGE_CURVE('',#2263,#2416,#2439,.T.);
#2439 = SURFACE_CURVE('',#2440,(#2444,#2451),.PCURVE_S1.);
#2440 = LINE('',#2441,#2442);
#2441 = CARTESIAN_POINT('',(18.6,80.1,5.));
#2442 = VECTOR('',#2443,1.);
#2443 = DIRECTION('',(0.,0.,-1.));
#2444 = PCURVE('',#2271,#2445);
#2445 = DEFINITIONAL_REPRESENTATION('',(#2446),#2450);
#2446 = LINE('',#2447,#2448);
#2447 = CARTESIAN_POINT('',(-80.1,0.));
#2448 = VECTOR('',#2449,1.);
#2449 = DIRECTION('',(-0.,-1.));
#2450 = ( GEOMETRIC_REPRESENTATION_CONTEXT(2) 
PARAMETRIC_REPRESENTATION_CONTEXT() REPRESENTATION_CONTEXT('2D SPACE',''
  ) );
#2451 = PCURVE('',#148,#2452);
#2452 = DEFINITIONAL_REPRESENTATION('',(#2453),#2457);
#2453 = LINE('',#2454,#2455);
#2454 = CARTESIAN_POINT('',(3.14159265359,0.));
#2455 = VECTOR('',#2456,1.);
#2456 = DIRECTION('',(0.,1.));
#2457 = ( GEOMETRIC_REPRESENTATION_CONTEXT(2) 
PARAMETRIC_REPRESENTATION_CONTEXT() REPRESENTATION_CONTEXT('2D SPACE',''
  ) );
#2458 = FACE_BOUND('',#2459,.T.);
#2459 = EDGE_LOOP('',(#2460,#2491,#2519,#2548,#2576,#2605,#2633,#2662));
#2460 = ORIENTED_EDGE('',*,*,#2461,.T.);
#2461 = EDGE_CURVE('',#2462,#2464,#2466,.T.);
#2462 = VERTEX_POINT('',#2463);
#2463 = CARTESIAN_POINT('',(18.6,-71.6,26.));
#2464 = VERTEX_POINT('',#2465);
#2465 = CARTESIAN_POINT('',(18.6,-69.6,24.));
#2466 = SURFACE_CURVE('',#2467,(#2472,#2479),.PCURVE_S1.);
#2467 = CIRCLE('',#2468,2.);
#2468 = AXIS2_PLACEMENT_3D('',#2469,#2470,#2471);
#2469 = CARTESIAN_POINT('',(18.6,-71.6,24.));
#2470 = DIRECTION('',(-1.,6.115358904736E-17,0.));
#2471 = DIRECTION('',(-6.115358904736E-17,-1.,0.));
#2472 = PCURVE('',#2271,#2473);
#2473 = DEFINITIONAL_REPRESENTATION('',(#2474),#2478);
#2474 = CIRCLE('',#2475,2.);
#2475 = AXIS2_PLACEMENT_2D('',#2476,#2477);
#2476 = CARTESIAN_POINT('',(71.6,19.));
#2477 = DIRECTION('',(1.,0.));
#2478 = ( GEOMETRIC_REPRESENTATION_CONTEXT(2) 
PARAMETRIC_REPRESENTATION_CONTEXT() REPRESENTATION_CONTEXT('2D SPACE',''
  ) );
#2479 = PCURVE('',#2480,#2485);
#2480 = TOROIDAL_SURFACE('',#2481,2.,1.);
#2481 = AXIS2_PLACEMENT_3D('',#2482,#2483,#2484);
#2482 = CARTESIAN_POINT('',(19.6,-71.6,24.));
#2483 = DIRECTION('',(-1.,6.115358904736E-17,0.));
#2484 = DIRECTION('',(-6.115358904736E-17,-1.,0.));
#2485 = DEFINITIONAL_REPRESENTATION('',(#2486),#2490);
#2486 = LINE('',#2487,#2488);
#2487 = CARTESIAN_POINT('',(0.,1.570796326795));
#2488 = VECTOR('',#2489,1.);
#2489 = DIRECTION('',(1.,0.));
#2490 = ( GEOMETRIC_REPRESENTATION_CONTEXT(2) 
PARAMETRIC_REPRESENTATION_CONTEXT() REPRESENTATION_CONTEXT('2D SPACE',''
  ) );
#2491 = ORIENTED_EDGE('',*,*,#2492,.F.);
#2492 = EDGE_CURVE('',#2493,#2464,#2495,.T.);
#2493 = VERTEX_POINT('',#2494);
#2494 = CARTESIAN_POINT('',(18.6,-69.6,18.));
#2495 = SURFACE_CURVE('',#2496,(#2500,#2507),.PCURVE_S1.);
#2496 = LINE('',#2497,#2498);
#2497 = CARTESIAN_POINT('',(18.6,-69.6,17.));
#2498 = VECTOR('',#2499,1.);
#2499 = DIRECTION('',(0.,0.,1.));
#2500 = PCURVE('',#2271,#2501);
#2501 = DEFINITIONAL_REPRESENTATION('',(#2502),#2506);
#2502 = LINE('',#2503,#2504);
#2503 = CARTESIAN_POINT('',(69.6,12.));
#2504 = VECTOR('',#2505,1.);
#2505 = DIRECTION('',(0.,1.));
#2506 = ( GEOMETRIC_REPRESENTATION_CONTEXT(2) 
PARAMETRIC_REPRESENTATION_CONTEXT() REPRESENTATION_CONTEXT('2D SPACE',''
  ) );
#2507 = PCURVE('',#2508,#2513);
#2508 = CYLINDRICAL_SURFACE('',#2509,1.);
#2509 = AXIS2_PLACEMENT_3D('',#2510,#2511,#2512);
#2510 = CARTESIAN_POINT('',(19.6,-69.6,21.));
#2511 = DIRECTION('',(0.,0.,-1.));
#2512 = DIRECTION('',(-1.,0.,0.));
#2513 = DEFINITIONAL_REPRESENTATION('',(#2514),#2518);
#2514 = LINE('',#2515,#2516);
#2515 = CARTESIAN_POINT('',(6.28318530718,4.));
#2516 = VECTOR('',#2517,1.);
#2517 = DIRECTION('',(0.,-1.));
#2518 = ( GEOMETRIC_REPRESENTATION_CONTEXT(2) 
PARAMETRIC_REPRESENTATION_CONTEXT() REPRESENTATION_CONTEXT('2D SPACE',''
  ) );
#2519 = ORIENTED_EDGE('',*,*,#2520,.T.);
#2520 = EDGE_CURVE('',#2493,#2521,#2523,.T.);
#2521 = VERTEX_POINT('',#2522);
#2522 = CARTESIAN_POINT('',(18.6,-71.6,16.));
#2523 = SURFACE_CURVE('',#2524,(#2529,#2536),.PCURVE_S1.);
#2524 = CIRCLE('',#2525,2.);
#2525 = AXIS2_PLACEMENT_3D('',#2526,#2527,#2528);
#2526 = CARTESIAN_POINT('',(18.6,-71.6,18.));
#2527 = DIRECTION('',(-1.,6.115358904736E-17,0.));
#2528 = DIRECTION('',(-6.115358904736E-17,-1.,0.));
#2529 = PCURVE('',#2271,#2530);
#2530 = DEFINITIONAL_REPRESENTATION('',(#2531),#2535);
#2531 = CIRCLE('',#2532,2.);
#2532 = AXIS2_PLACEMENT_2D('',#2533,#2534);
#2533 = CARTESIAN_POINT('',(71.6,13.));
#2534 = DIRECTION('',(1.,0.));
#2535 = ( GEOMETRIC_REPRESENTATION_CONTEXT(2) 
PARAMETRIC_REPRESENTATION_CONTEXT() REPRESENTATION_CONTEXT('2D SPACE',''
  ) );
#2536 = PCURVE('',#2537,#2542);
#2537 = TOROIDAL_SURFACE('',#2538,2.,1.);
#2538 = AXIS2_PLACEMENT_3D('',#2539,#2540,#2541);
#2539 = CARTESIAN_POINT('',(19.6,-71.6,18.));
#2540 = DIRECTION('',(-1.,6.115358904736E-17,0.));
#2541 = DIRECTION('',(-6.115358904736E-17,-1.,0.));
#2542 = DEFINITIONAL_REPRESENTATION('',(#2543),#2547);
#2543 = LINE('',#2544,#2545);
#2544 = CARTESIAN_POINT('',(0.,1.570796326795));
#2545 = VECTOR('',#2546,1.);
#2546 = DIRECTION('',(1.,0.));
#2547 = ( GEOMETRIC_REPRESENTATION_CONTEXT(2) 
PARAMETRIC_REPRESENTATION_CONTEXT() REPRESENTATION_CONTEXT('2D SPACE',''
  ) );
#2548 = ORIENTED_EDGE('',*,*,#2549,.T.);
#2549 = EDGE_CURVE('',#2521,#2550,#2552,.T.);
#2550 = VERTEX_POINT('',#2551);
#2551 = CARTESIAN_POINT('',(18.6,-73.6,16.));
#2552 = SURFACE_CURVE('',#2553,(#2557,#2564),.PCURVE_S1.);
#2553 = LINE('',#2554,#2555);
#2554 = CARTESIAN_POINT('',(18.6,1.387778780781E-14,16.));
#2555 = VECTOR('',#2556,1.);
#2556 = DIRECTION('',(-6.115358904736E-17,-1.,0.));
#2557 = PCURVE('',#2271,#2558);
#2558 = DEFINITIONAL_REPRESENTATION('',(#2559),#2563);
#2559 = LINE('',#2560,#2561);
#2560 = CARTESIAN_POINT('',(0.,11.));
#2561 = VECTOR('',#2562,1.);
#2562 = DIRECTION('',(1.,0.));
#2563 = ( GEOMETRIC_REPRESENTATION_CONTEXT(2) 
PARAMETRIC_REPRESENTATION_CONTEXT() REPRESENTATION_CONTEXT('2D SPACE',''
  ) );
#2564 = PCURVE('',#2565,#2570);
#2565 = CYLINDRICAL_SURFACE('',#2566,1.);
#2566 = AXIS2_PLACEMENT_3D('',#2567,#2568,#2569);
#2567 = CARTESIAN_POINT('',(19.6,1.381663421877E-14,16.));
#2568 = DIRECTION('',(-6.115358904736E-17,-1.,0.));
#2569 = DIRECTION('',(1.,-6.115358904736E-17,0.));
#2570 = DEFINITIONAL_REPRESENTATION('',(#2571),#2575);
#2571 = LINE('',#2572,#2573);
#2572 = CARTESIAN_POINT('',(3.14159265359,0.));
#2573 = VECTOR('',#2574,1.);
#2574 = DIRECTION('',(0.,1.));
#2575 = ( GEOMETRIC_REPRESENTATION_CONTEXT(2) 
PARAMETRIC_REPRESENTATION_CONTEXT() REPRESENTATION_CONTEXT('2D SPACE',''
  ) );
#2576 = ORIENTED_EDGE('',*,*,#2577,.T.);
#2577 = EDGE_CURVE('',#2550,#2578,#2580,.T.);
#2578 = VERTEX_POINT('',#2579);
#2579 = CARTESIAN_POINT('',(18.6,-75.6,18.));
#2580 = SURFACE_CURVE('',#2581,(#2586,#2593),.PCURVE_S1.);
#2581 = CIRCLE('',#2582,2.);
#2582 = AXIS2_PLACEMENT_3D('',#2583,#2584,#2585);
#2583 = CARTESIAN_POINT('',(18.6,-73.6,18.));
#2584 = DIRECTION('',(-1.,6.115358904736E-17,0.));
#2585 = DIRECTION('',(-6.115358904736E-17,-1.,0.));
#2586 = PCURVE('',#2271,#2587);
#2587 = DEFINITIONAL_REPRESENTATION('',(#2588),#2592);
#2588 = CIRCLE('',#2589,2.);
#2589 = AXIS2_PLACEMENT_2D('',#2590,#2591);
#2590 = CARTESIAN_POINT('',(73.6,13.));
#2591 = DIRECTION('',(1.,0.));
#2592 = ( GEOMETRIC_REPRESENTATION_CONTEXT(2) 
PARAMETRIC_REPRESENTATION_CONTEXT() REPRESENTATION_CONTEXT('2D SPACE',''
  ) );
#2593 = PCURVE('',#2594,#2599);
#2594 = TOROIDAL_SURFACE('',#2595,2.,1.);
#2595 = AXIS2_PLACEMENT_3D('',#2596,#2597,#2598);
#2596 = CARTESIAN_POINT('',(19.6,-73.6,18.));
#2597 = DIRECTION('',(-1.,6.115358904736E-17,0.));
#2598 = DIRECTION('',(-6.115358904736E-17,-1.,0.));
#2599 = DEFINITIONAL_REPRESENTATION('',(#2600),#2604);
#2600 = LINE('',#2601,#2602);
#2601 = CARTESIAN_POINT('',(0.,1.570796326795));
#2602 = VECTOR('',#2603,1.);
#2603 = DIRECTION('',(1.,0.));
#2604 = ( GEOMETRIC_REPRESENTATION_CONTEXT(2) 
PARAMETRIC_REPRESENTATION_CONTEXT() REPRESENTATION_CONTEXT('2D SPACE',''
  ) );
#2605 = ORIENTED_EDGE('',*,*,#2606,.T.);
#2606 = EDGE_CURVE('',#2578,#2607,#2609,.T.);
#2607 = VERTEX_POINT('',#2608);
#2608 = CARTESIAN_POINT('',(18.6,-75.6,24.));
#2609 = SURFACE_CURVE('',#2610,(#2614,#2621),.PCURVE_S1.);
#2610 = LINE('',#2611,#2612);
#2611 = CARTESIAN_POINT('',(18.6,-75.6,5.));
#2612 = VECTOR('',#2613,1.);
#2613 = DIRECTION('',(0.,0.,1.));
#2614 = PCURVE('',#2271,#2615);
#2615 = DEFINITIONAL_REPRESENTATION('',(#2616),#2620);
#2616 = LINE('',#2617,#2618);
#2617 = CARTESIAN_POINT('',(75.6,0.));
#2618 = VECTOR('',#2619,1.);
#2619 = DIRECTION('',(0.,1.));
#2620 = ( GEOMETRIC_REPRESENTATION_CONTEXT(2) 
PARAMETRIC_REPRESENTATION_CONTEXT() REPRESENTATION_CONTEXT('2D SPACE',''
  ) );
#2621 = PCURVE('',#2622,#2627);
#2622 = CYLINDRICAL_SURFACE('',#2623,1.);
#2623 = AXIS2_PLACEMENT_3D('',#2624,#2625,#2626);
#2624 = CARTESIAN_POINT('',(19.6,-75.6,5.));
#2625 = DIRECTION('',(0.,0.,1.));
#2626 = DIRECTION('',(1.,0.,-0.));
#2627 = DEFINITIONAL_REPRESENTATION('',(#2628),#2632);
#2628 = LINE('',#2629,#2630);
#2629 = CARTESIAN_POINT('',(3.14159265359,0.));
#2630 = VECTOR('',#2631,1.);
#2631 = DIRECTION('',(0.,1.));
#2632 = ( GEOMETRIC_REPRESENTATION_CONTEXT(2) 
PARAMETRIC_REPRESENTATION_CONTEXT() REPRESENTATION_CONTEXT('2D SPACE',''
  ) );
#2633 = ORIENTED_EDGE('',*,*,#2634,.T.);
#2634 = EDGE_CURVE('',#2607,#2635,#2637,.T.);
#2635 = VERTEX_POINT('',#2636);
#2636 = CARTESIAN_POINT('',(18.6,-73.6,26.));
#2637 = SURFACE_CURVE('',#2638,(#2643,#2650),.PCURVE_S1.);
#2638 = CIRCLE('',#2639,2.);
#2639 = AXIS2_PLACEMENT_3D('',#2640,#2641,#2642);
#2640 = CARTESIAN_POINT('',(18.6,-73.6,24.));
#2641 = DIRECTION('',(-1.,6.115358904736E-17,0.));
#2642 = DIRECTION('',(-6.115358904736E-17,-1.,0.));
#2643 = PCURVE('',#2271,#2644);
#2644 = DEFINITIONAL_REPRESENTATION('',(#2645),#2649);
#2645 = CIRCLE('',#2646,2.);
#2646 = AXIS2_PLACEMENT_2D('',#2647,#2648);
#2647 = CARTESIAN_POINT('',(73.6,19.));
#2648 = DIRECTION('',(1.,0.));
#2649 = ( GEOMETRIC_REPRESENTATION_CONTEXT(2) 
PARAMETRIC_REPRESENTATION_CONTEXT() REPRESENTATION_CONTEXT('2D SPACE',''
  ) );
#2650 = PCURVE('',#2651,#2656);
#2651 = TOROIDAL_SURFACE('',#2652,2.,1.);
#2652 = AXIS2_PLACEMENT_3D('',#2653,#2654,#2655);
#2653 = CARTESIAN_POINT('',(19.6,-73.6,24.));
#2654 = DIRECTION('',(-1.,6.115358904736E-17,0.));
#2655 = DIRECTION('',(-6.115358904736E-17,-1.,0.));
#2656 = DEFINITIONAL_REPRESENTATION('',(#2657),#2661);
#2657 = LINE('',#2658,#2659);
#2658 = CARTESIAN_POINT('',(0.,1.570796326795));
#2659 = VECTOR('',#2660,1.);
#2660 = DIRECTION('',(1.,0.));
#2661 = ( GEOMETRIC_REPRESENTATION_CONTEXT(2) 
PARAMETRIC_REPRESENTATION_CONTEXT() REPRESENTATION_CONTEXT('2D SPACE',''
  ) );
#2662 = ORIENTED_EDGE('',*,*,#2663,.F.);
#2663 = EDGE_CURVE('',#2462,#2635,#2664,.T.);
#2664 = SURFACE_CURVE('',#2665,(#2669,#2676),.PCURVE_S1.);
#2665 = LINE('',#2666,#2667);
#2666 = CARTESIAN_POINT('',(18.6,-70.6,26.));
#2667 = VECTOR('',#2668,1.);
#2668 = DIRECTION('',(-6.115358904736E-17,-1.,0.));
#2669 = PCURVE('',#2271,#2670);
#2670 = DEFINITIONAL_REPRESENTATION('',(#2671),#2675);
#2671 = LINE('',#2672,#2673);
#2672 = CARTESIAN_POINT('',(70.6,21.));
#2673 = VECTOR('',#2674,1.);
#2674 = DIRECTION('',(1.,0.));
#2675 = ( GEOMETRIC_REPRESENTATION_CONTEXT(2) 
PARAMETRIC_REPRESENTATION_CONTEXT() REPRESENTATION_CONTEXT('2D SPACE',''
  ) );
#2676 = PCURVE('',#2677,#2682);
#2677 = CYLINDRICAL_SURFACE('',#2678,1.);
#2678 = AXIS2_PLACEMENT_3D('',#2679,#2680,#2681);
#2679 = CARTESIAN_POINT('',(19.6,-72.6,26.));
#2680 = DIRECTION('',(6.115358904736E-17,1.,0.));
#2681 = DIRECTION('',(-1.,6.115358904736E-17,0.));
#2682 = DEFINITIONAL_REPRESENTATION('',(#2683),#2687);
#2683 = LINE('',#2684,#2685);
#2684 = CARTESIAN_POINT('',(6.28318530718,2.));
#2685 = VECTOR('',#2686,1.);
#2686 = DIRECTION('',(0.,-1.));
#2687 = ( GEOMETRIC_REPRESENTATION_CONTEXT(2) 
PARAMETRIC_REPRESENTATION_CONTEXT() REPRESENTATION_CONTEXT('2D SPACE',''
  ) );
#2688 = FACE_BOUND('',#2689,.T.);
#2689 = EDGE_LOOP('',(#2690,#2721,#2749,#2778,#2806,#2835,#2863,#2892));
#2690 = ORIENTED_EDGE('',*,*,#2691,.T.);
#2691 = EDGE_CURVE('',#2692,#2694,#2696,.T.);
#2692 = VERTEX_POINT('',#2693);
#2693 = CARTESIAN_POINT('',(18.6,71.6,66.));
#2694 = VERTEX_POINT('',#2695);
#2695 = CARTESIAN_POINT('',(18.6,69.6,68.));
#2696 = SURFACE_CURVE('',#2697,(#2702,#2709),.PCURVE_S1.);
#2697 = CIRCLE('',#2698,2.);
#2698 = AXIS2_PLACEMENT_3D('',#2699,#2700,#2701);
#2699 = CARTESIAN_POINT('',(18.6,71.6,68.));
#2700 = DIRECTION('',(-1.,6.115358904736E-17,0.));
#2701 = DIRECTION('',(-6.115358904736E-17,-1.,0.));
#2702 = PCURVE('',#2271,#2703);
#2703 = DEFINITIONAL_REPRESENTATION('',(#2704),#2708);
#2704 = CIRCLE('',#2705,2.);
#2705 = AXIS2_PLACEMENT_2D('',#2706,#2707);
#2706 = CARTESIAN_POINT('',(-71.6,63.));
#2707 = DIRECTION('',(1.,0.));
#2708 = ( GEOMETRIC_REPRESENTATION_CONTEXT(2) 
PARAMETRIC_REPRESENTATION_CONTEXT() REPRESENTATION_CONTEXT('2D SPACE',''
  ) );
#2709 = PCURVE('',#2710,#2715);
#2710 = TOROIDAL_SURFACE('',#2711,2.,1.);
#2711 = AXIS2_PLACEMENT_3D('',#2712,#2713,#2714);
#2712 = CARTESIAN_POINT('',(19.6,71.6,68.));
#2713 = DIRECTION('',(-1.,6.115358904736E-17,0.));
#2714 = DIRECTION('',(-6.115358904736E-17,-1.,0.));
#2715 = DEFINITIONAL_REPRESENTATION('',(#2716),#2720);
#2716 = LINE('',#2717,#2718);
#2717 = CARTESIAN_POINT('',(0.,1.570796326795));
#2718 = VECTOR('',#2719,1.);
#2719 = DIRECTION('',(1.,0.));
#2720 = ( GEOMETRIC_REPRESENTATION_CONTEXT(2) 
PARAMETRIC_REPRESENTATION_CONTEXT() REPRESENTATION_CONTEXT('2D SPACE',''
  ) );
#2721 = ORIENTED_EDGE('',*,*,#2722,.T.);
#2722 = EDGE_CURVE('',#2694,#2723,#2725,.T.);
#2723 = VERTEX_POINT('',#2724);
#2724 = CARTESIAN_POINT('',(18.6,69.6,74.));
#2725 = SURFACE_CURVE('',#2726,(#2730,#2737),.PCURVE_S1.);
#2726 = LINE('',#2727,#2728);
#2727 = CARTESIAN_POINT('',(18.6,69.6,5.));
#2728 = VECTOR('',#2729,1.);
#2729 = DIRECTION('',(0.,0.,1.));
#2730 = PCURVE('',#2271,#2731);
#2731 = DEFINITIONAL_REPRESENTATION('',(#2732),#2736);
#2732 = LINE('',#2733,#2734);
#2733 = CARTESIAN_POINT('',(-69.6,0.));
#2734 = VECTOR('',#2735,1.);
#2735 = DIRECTION('',(0.,1.));
#2736 = ( GEOMETRIC_REPRESENTATION_CONTEXT(2) 
PARAMETRIC_REPRESENTATION_CONTEXT() REPRESENTATION_CONTEXT('2D SPACE',''
  ) );
#2737 = PCURVE('',#2738,#2743);
#2738 = CYLINDRICAL_SURFACE('',#2739,1.);
#2739 = AXIS2_PLACEMENT_3D('',#2740,#2741,#2742);
#2740 = CARTESIAN_POINT('',(19.6,69.6,5.));
#2741 = DIRECTION('',(0.,0.,1.));
#2742 = DIRECTION('',(1.,0.,-0.));
#2743 = DEFINITIONAL_REPRESENTATION('',(#2744),#2748);
#2744 = LINE('',#2745,#2746);
#2745 = CARTESIAN_POINT('',(3.14159265359,0.));
#2746 = VECTOR('',#2747,1.);
#2747 = DIRECTION('',(0.,1.));
#2748 = ( GEOMETRIC_REPRESENTATION_CONTEXT(2) 
PARAMETRIC_REPRESENTATION_CONTEXT() REPRESENTATION_CONTEXT('2D SPACE',''
  ) );
#2749 = ORIENTED_EDGE('',*,*,#2750,.T.);
#2750 = EDGE_CURVE('',#2723,#2751,#2753,.T.);
#2751 = VERTEX_POINT('',#2752);
#2752 = CARTESIAN_POINT('',(18.6,71.6,76.));
#2753 = SURFACE_CURVE('',#2754,(#2759,#2766),.PCURVE_S1.);
#2754 = CIRCLE('',#2755,2.);
#2755 = AXIS2_PLACEMENT_3D('',#2756,#2757,#2758);
#2756 = CARTESIAN_POINT('',(18.6,71.6,74.));
#2757 = DIRECTION('',(-1.,6.115358904736E-17,0.));
#2758 = DIRECTION('',(-6.115358904736E-17,-1.,0.));
#2759 = PCURVE('',#2271,#2760);
#2760 = DEFINITIONAL_REPRESENTATION('',(#2761),#2765);
#2761 = CIRCLE('',#2762,2.);
#2762 = AXIS2_PLACEMENT_2D('',#2763,#2764);
#2763 = CARTESIAN_POINT('',(-71.6,69.));
#2764 = DIRECTION('',(1.,0.));
#2765 = ( GEOMETRIC_REPRESENTATION_CONTEXT(2) 
PARAMETRIC_REPRESENTATION_CONTEXT() REPRESENTATION_CONTEXT('2D SPACE',''
  ) );
#2766 = PCURVE('',#2767,#2772);
#2767 = TOROIDAL_SURFACE('',#2768,2.,1.);
#2768 = AXIS2_PLACEMENT_3D('',#2769,#2770,#2771);
#2769 = CARTESIAN_POINT('',(19.6,71.6,74.));
#2770 = DIRECTION('',(-1.,6.115358904736E-17,0.));
#2771 = DIRECTION('',(-6.115358904736E-17,-1.,0.));
#2772 = DEFINITIONAL_REPRESENTATION('',(#2773),#2777);
#2773 = LINE('',#2774,#2775);
#2774 = CARTESIAN_POINT('',(0.,1.570796326795));
#2775 = VECTOR('',#2776,1.);
#2776 = DIRECTION('',(1.,0.));
#2777 = ( GEOMETRIC_REPRESENTATION_CONTEXT(2) 
PARAMETRIC_REPRESENTATION_CONTEXT() REPRESENTATION_CONTEXT('2D SPACE',''
  ) );
#2778 = ORIENTED_EDGE('',*,*,#2779,.F.);
#2779 = EDGE_CURVE('',#2780,#2751,#2782,.T.);
#2780 = VERTEX_POINT('',#2781);
#2781 = CARTESIAN_POINT('',(18.6,73.6,76.));
#2782 = SURFACE_CURVE('',#2783,(#2787,#2794),.PCURVE_S1.);
#2783 = LINE('',#2784,#2785);
#2784 = CARTESIAN_POINT('',(18.6,74.6,76.));
#2785 = VECTOR('',#2786,1.);
#2786 = DIRECTION('',(-6.115358904736E-17,-1.,0.));
#2787 = PCURVE('',#2271,#2788);
#2788 = DEFINITIONAL_REPRESENTATION('',(#2789),#2793);
#2789 = LINE('',#2790,#2791);
#2790 = CARTESIAN_POINT('',(-74.6,71.));
#2791 = VECTOR('',#2792,1.);
#2792 = DIRECTION('',(1.,0.));
#2793 = ( GEOMETRIC_REPRESENTATION_CONTEXT(2) 
PARAMETRIC_REPRESENTATION_CONTEXT() REPRESENTATION_CONTEXT('2D SPACE',''
  ) );
#2794 = PCURVE('',#2795,#2800);
#2795 = CYLINDRICAL_SURFACE('',#2796,1.);
#2796 = AXIS2_PLACEMENT_3D('',#2797,#2798,#2799);
#2797 = CARTESIAN_POINT('',(19.6,72.6,76.));
#2798 = DIRECTION('',(6.115358904736E-17,1.,0.));
#2799 = DIRECTION('',(-1.,6.115358904736E-17,0.));
#2800 = DEFINITIONAL_REPRESENTATION('',(#2801),#2805);
#2801 = LINE('',#2802,#2803);
#2802 = CARTESIAN_POINT('',(6.28318530718,2.));
#2803 = VECTOR('',#2804,1.);
#2804 = DIRECTION('',(0.,-1.));
#2805 = ( GEOMETRIC_REPRESENTATION_CONTEXT(2) 
PARAMETRIC_REPRESENTATION_CONTEXT() REPRESENTATION_CONTEXT('2D SPACE',''
  ) );
#2806 = ORIENTED_EDGE('',*,*,#2807,.T.);
#2807 = EDGE_CURVE('',#2780,#2808,#2810,.T.);
#2808 = VERTEX_POINT('',#2809);
#2809 = CARTESIAN_POINT('',(18.6,75.6,74.));
#2810 = SURFACE_CURVE('',#2811,(#2816,#2823),.PCURVE_S1.);
#2811 = CIRCLE('',#2812,2.);
#2812 = AXIS2_PLACEMENT_3D('',#2813,#2814,#2815);
#2813 = CARTESIAN_POINT('',(18.6,73.6,74.));
#2814 = DIRECTION('',(-1.,6.115358904736E-17,0.));
#2815 = DIRECTION('',(-6.115358904736E-17,-1.,0.));
#2816 = PCURVE('',#2271,#2817);
#2817 = DEFINITIONAL_REPRESENTATION('',(#2818),#2822);
#2818 = CIRCLE('',#2819,2.);
#2819 = AXIS2_PLACEMENT_2D('',#2820,#2821);
#2820 = CARTESIAN_POINT('',(-73.6,69.));
#2821 = DIRECTION('',(1.,0.));
#2822 = ( GEOMETRIC_REPRESENTATION_CONTEXT(2) 
PARAMETRIC_REPRESENTATION_CONTEXT() REPRESENTATION_CONTEXT('2D SPACE',''
  ) );
#2823 = PCURVE('',#2824,#2829);
#2824 = TOROIDAL_SURFACE('',#2825,2.,1.);
#2825 = AXIS2_PLACEMENT_3D('',#2826,#2827,#2828);
#2826 = CARTESIAN_POINT('',(19.6,73.6,74.));
#2827 = DIRECTION('',(-1.,6.115358904736E-17,0.));
#2828 = DIRECTION('',(-6.115358904736E-17,-1.,0.));
#2829 = DEFINITIONAL_REPRESENTATION('',(#2830),#2834);
#2830 = LINE('',#2831,#2832);
#2831 = CARTESIAN_POINT('',(0.,1.570796326795));
#2832 = VECTOR('',#2833,1.);
#2833 = DIRECTION('',(1.,0.));
#2834 = ( GEOMETRIC_REPRESENTATION_CONTEXT(2) 
PARAMETRIC_REPRESENTATION_CONTEXT() REPRESENTATION_CONTEXT('2D SPACE',''
  ) );
#2835 = ORIENTED_EDGE('',*,*,#2836,.F.);
#2836 = EDGE_CURVE('',#2837,#2808,#2839,.T.);
#2837 = VERTEX_POINT('',#2838);
#2838 = CARTESIAN_POINT('',(18.6,75.6,68.));
#2839 = SURFACE_CURVE('',#2840,(#2844,#2851),.PCURVE_S1.);
#2840 = LINE('',#2841,#2842);
#2841 = CARTESIAN_POINT('',(18.6,75.6,67.));
#2842 = VECTOR('',#2843,1.);
#2843 = DIRECTION('',(0.,0.,1.));
#2844 = PCURVE('',#2271,#2845);
#2845 = DEFINITIONAL_REPRESENTATION('',(#2846),#2850);
#2846 = LINE('',#2847,#2848);
#2847 = CARTESIAN_POINT('',(-75.6,62.));
#2848 = VECTOR('',#2849,1.);
#2849 = DIRECTION('',(0.,1.));
#2850 = ( GEOMETRIC_REPRESENTATION_CONTEXT(2) 
PARAMETRIC_REPRESENTATION_CONTEXT() REPRESENTATION_CONTEXT('2D SPACE',''
  ) );
#2851 = PCURVE('',#2852,#2857);
#2852 = CYLINDRICAL_SURFACE('',#2853,1.);
#2853 = AXIS2_PLACEMENT_3D('',#2854,#2855,#2856);
#2854 = CARTESIAN_POINT('',(19.6,75.6,71.));
#2855 = DIRECTION('',(0.,0.,-1.));
#2856 = DIRECTION('',(-1.,0.,0.));
#2857 = DEFINITIONAL_REPRESENTATION('',(#2858),#2862);
#2858 = LINE('',#2859,#2860);
#2859 = CARTESIAN_POINT('',(6.28318530718,4.));
#2860 = VECTOR('',#2861,1.);
#2861 = DIRECTION('',(0.,-1.));
#2862 = ( GEOMETRIC_REPRESENTATION_CONTEXT(2) 
PARAMETRIC_REPRESENTATION_CONTEXT() REPRESENTATION_CONTEXT('2D SPACE',''
  ) );
#2863 = ORIENTED_EDGE('',*,*,#2864,.T.);
#2864 = EDGE_CURVE('',#2837,#2865,#2867,.T.);
#2865 = VERTEX_POINT('',#2866);
#2866 = CARTESIAN_POINT('',(18.6,73.6,66.));
#2867 = SURFACE_CURVE('',#2868,(#2873,#2880),.PCURVE_S1.);
#2868 = CIRCLE('',#2869,2.);
#2869 = AXIS2_PLACEMENT_3D('',#2870,#2871,#2872);
#2870 = CARTESIAN_POINT('',(18.6,73.6,68.));
#2871 = DIRECTION('',(-1.,6.115358904736E-17,0.));
#2872 = DIRECTION('',(-6.115358904736E-17,-1.,0.));
#2873 = PCURVE('',#2271,#2874);
#2874 = DEFINITIONAL_REPRESENTATION('',(#2875),#2879);
#2875 = CIRCLE('',#2876,2.);
#2876 = AXIS2_PLACEMENT_2D('',#2877,#2878);
#2877 = CARTESIAN_POINT('',(-73.6,63.));
#2878 = DIRECTION('',(1.,0.));
#2879 = ( GEOMETRIC_REPRESENTATION_CONTEXT(2) 
PARAMETRIC_REPRESENTATION_CONTEXT() REPRESENTATION_CONTEXT('2D SPACE',''
  ) );
#2880 = PCURVE('',#2881,#2886);
#2881 = TOROIDAL_SURFACE('',#2882,2.,1.);
#2882 = AXIS2_PLACEMENT_3D('',#2883,#2884,#2885);
#2883 = CARTESIAN_POINT('',(19.6,73.6,68.));
#2884 = DIRECTION('',(-1.,6.115358904736E-17,0.));
#2885 = DIRECTION('',(-6.115358904736E-17,-1.,0.));
#2886 = DEFINITIONAL_REPRESENTATION('',(#2887),#2891);
#2887 = LINE('',#2888,#2889);
#2888 = CARTESIAN_POINT('',(0.,1.570796326795));
#2889 = VECTOR('',#2890,1.);
#2890 = DIRECTION('',(1.,0.));
#2891 = ( GEOMETRIC_REPRESENTATION_CONTEXT(2) 
PARAMETRIC_REPRESENTATION_CONTEXT() REPRESENTATION_CONTEXT('2D SPACE',''
  ) );
#2892 = ORIENTED_EDGE('',*,*,#2893,.T.);
#2893 = EDGE_CURVE('',#2865,#2692,#2894,.T.);
#2894 = SURFACE_CURVE('',#2895,(#2899,#2906),.PCURVE_S1.);
#2895 = LINE('',#2896,#2897);
#2896 = CARTESIAN_POINT('',(18.6,1.387778780781E-14,66.));
#2897 = VECTOR('',#2898,1.);
#2898 = DIRECTION('',(-6.115358904736E-17,-1.,0.));
#2899 = PCURVE('',#2271,#2900);
#2900 = DEFINITIONAL_REPRESENTATION('',(#2901),#2905);
#2901 = LINE('',#2902,#2903);
#2902 = CARTESIAN_POINT('',(0.,61.));
#2903 = VECTOR('',#2904,1.);
#2904 = DIRECTION('',(1.,0.));
#2905 = ( GEOMETRIC_REPRESENTATION_CONTEXT(2) 
PARAMETRIC_REPRESENTATION_CONTEXT() REPRESENTATION_CONTEXT('2D SPACE',''
  ) );
#2906 = PCURVE('',#2907,#2912);
#2907 = CYLINDRICAL_SURFACE('',#2908,1.);
#2908 = AXIS2_PLACEMENT_3D('',#2909,#2910,#2911);
#2909 = CARTESIAN_POINT('',(19.6,1.381663421877E-14,66.));
#2910 = DIRECTION('',(-6.115358904736E-17,-1.,0.));
#2911 = DIRECTION('',(1.,-6.115358904736E-17,0.));
#2912 = DEFINITIONAL_REPRESENTATION('',(#2913),#2917);
#2913 = LINE('',#2914,#2915);
#2914 = CARTESIAN_POINT('',(3.14159265359,0.));
#2915 = VECTOR('',#2916,1.);
#2916 = DIRECTION('',(0.,1.));
#2917 = ( GEOMETRIC_REPRESENTATION_CONTEXT(2) 
PARAMETRIC_REPRESENTATION_CONTEXT() REPRESENTATION_CONTEXT('2D SPACE',''
  ) );
#2918 = FACE_BOUND('',#2919,.T.);
#2919 = EDGE_LOOP('',(#2920,#2951,#2979,#3008,#3036,#3065,#3093,#3122));
#2920 = ORIENTED_EDGE('',*,*,#2921,.T.);
#2921 = EDGE_CURVE('',#2922,#2924,#2926,.T.);
#2922 = VERTEX_POINT('',#2923);
#2923 = CARTESIAN_POINT('',(18.6,75.6,18.));
#2924 = VERTEX_POINT('',#2925);
#2925 = CARTESIAN_POINT('',(18.6,73.6,16.));
#2926 = SURFACE_CURVE('',#2927,(#2932,#2939),.PCURVE_S1.);
#2927 = CIRCLE('',#2928,2.);
#2928 = AXIS2_PLACEMENT_3D('',#2929,#2930,#2931);
#2929 = CARTESIAN_POINT('',(18.6,73.6,18.));
#2930 = DIRECTION('',(-1.,6.115358904736E-17,0.));
#2931 = DIRECTION('',(-6.115358904736E-17,-1.,0.));
#2932 = PCURVE('',#2271,#2933);
#2933 = DEFINITIONAL_REPRESENTATION('',(#2934),#2938);
#2934 = CIRCLE('',#2935,2.);
#2935 = AXIS2_PLACEMENT_2D('',#2936,#2937);
#2936 = CARTESIAN_POINT('',(-73.6,13.));
#2937 = DIRECTION('',(1.,0.));
#2938 = ( GEOMETRIC_REPRESENTATION_CONTEXT(2) 
PARAMETRIC_REPRESENTATION_CONTEXT() REPRESENTATION_CONTEXT('2D SPACE',''
  ) );
#2939 = PCURVE('',#2940,#2945);
#2940 = TOROIDAL_SURFACE('',#2941,2.,1.);
#2941 = AXIS2_PLACEMENT_3D('',#2942,#2943,#2944);
#2942 = CARTESIAN_POINT('',(19.6,73.6,18.));
#2943 = DIRECTION('',(-1.,6.115358904736E-17,0.));
#2944 = DIRECTION('',(-6.115358904736E-17,-1.,0.));
#2945 = DEFINITIONAL_REPRESENTATION('',(#2946),#2950);
#2946 = LINE('',#2947,#2948);
#2947 = CARTESIAN_POINT('',(0.,1.570796326795));
#2948 = VECTOR('',#2949,1.);
#2949 = DIRECTION('',(1.,0.));
#2950 = ( GEOMETRIC_REPRESENTATION_CONTEXT(2) 
PARAMETRIC_REPRESENTATION_CONTEXT() REPRESENTATION_CONTEXT('2D SPACE',''
  ) );
#2951 = ORIENTED_EDGE('',*,*,#2952,.T.);
#2952 = EDGE_CURVE('',#2924,#2953,#2955,.T.);
#2953 = VERTEX_POINT('',#2954);
#2954 = CARTESIAN_POINT('',(18.6,71.6,16.));
#2955 = SURFACE_CURVE('',#2956,(#2960,#2967),.PCURVE_S1.);
#2956 = LINE('',#2957,#2958);
#2957 = CARTESIAN_POINT('',(18.6,1.387778780781E-14,16.));
#2958 = VECTOR('',#2959,1.);
#2959 = DIRECTION('',(-6.115358904736E-17,-1.,0.));
#2960 = PCURVE('',#2271,#2961);
#2961 = DEFINITIONAL_REPRESENTATION('',(#2962),#2966);
#2962 = LINE('',#2963,#2964);
#2963 = CARTESIAN_POINT('',(0.,11.));
#2964 = VECTOR('',#2965,1.);
#2965 = DIRECTION('',(1.,0.));
#2966 = ( GEOMETRIC_REPRESENTATION_CONTEXT(2) 
PARAMETRIC_REPRESENTATION_CONTEXT() REPRESENTATION_CONTEXT('2D SPACE',''
  ) );
#2967 = PCURVE('',#2968,#2973);
#2968 = CYLINDRICAL_SURFACE('',#2969,1.);
#2969 = AXIS2_PLACEMENT_3D('',#2970,#2971,#2972);
#2970 = CARTESIAN_POINT('',(19.6,1.381663421877E-14,16.));
#2971 = DIRECTION('',(-6.115358904736E-17,-1.,0.));
#2972 = DIRECTION('',(1.,-6.115358904736E-17,0.));
#2973 = DEFINITIONAL_REPRESENTATION('',(#2974),#2978);
#2974 = LINE('',#2975,#2976);
#2975 = CARTESIAN_POINT('',(3.14159265359,0.));
#2976 = VECTOR('',#2977,1.);
#2977 = DIRECTION('',(0.,1.));
#2978 = ( GEOMETRIC_REPRESENTATION_CONTEXT(2) 
PARAMETRIC_REPRESENTATION_CONTEXT() REPRESENTATION_CONTEXT('2D SPACE',''
  ) );
#2979 = ORIENTED_EDGE('',*,*,#2980,.T.);
#2980 = EDGE_CURVE('',#2953,#2981,#2983,.T.);
#2981 = VERTEX_POINT('',#2982);
#2982 = CARTESIAN_POINT('',(18.6,69.6,18.));
#2983 = SURFACE_CURVE('',#2984,(#2989,#2996),.PCURVE_S1.);
#2984 = CIRCLE('',#2985,2.);
#2985 = AXIS2_PLACEMENT_3D('',#2986,#2987,#2988);
#2986 = CARTESIAN_POINT('',(18.6,71.6,18.));
#2987 = DIRECTION('',(-1.,6.115358904736E-17,0.));
#2988 = DIRECTION('',(-6.115358904736E-17,-1.,0.));
#2989 = PCURVE('',#2271,#2990);
#2990 = DEFINITIONAL_REPRESENTATION('',(#2991),#2995);
#2991 = CIRCLE('',#2992,2.);
#2992 = AXIS2_PLACEMENT_2D('',#2993,#2994);
#2993 = CARTESIAN_POINT('',(-71.6,13.));
#2994 = DIRECTION('',(1.,0.));
#2995 = ( GEOMETRIC_REPRESENTATION_CONTEXT(2) 
PARAMETRIC_REPRESENTATION_CONTEXT() REPRESENTATION_CONTEXT('2D SPACE',''
  ) );
#2996 = PCURVE('',#2997,#3002);
#2997 = TOROIDAL_SURFACE('',#2998,2.,1.);
#2998 = AXIS2_PLACEMENT_3D('',#2999,#3000,#3001);
#2999 = CARTESIAN_POINT('',(19.6,71.6,18.));
#3000 = DIRECTION('',(-1.,6.115358904736E-17,0.));
#3001 = DIRECTION('',(-6.115358904736E-17,-1.,0.));
#3002 = DEFINITIONAL_REPRESENTATION('',(#3003),#3007);
#3003 = LINE('',#3004,#3005);
#3004 = CARTESIAN_POINT('',(0.,1.570796326795));
#3005 = VECTOR('',#3006,1.);
#3006 = DIRECTION('',(1.,0.));
#3007 = ( GEOMETRIC_REPRESENTATION_CONTEXT(2) 
PARAMETRIC_REPRESENTATION_CONTEXT() REPRESENTATION_CONTEXT('2D SPACE',''
  ) );
#3008 = ORIENTED_EDGE('',*,*,#3009,.T.);
#3009 = EDGE_CURVE('',#2981,#3010,#3012,.T.);
#3010 = VERTEX_POINT('',#3011);
#3011 = CARTESIAN_POINT('',(18.6,69.6,24.));
#3012 = SURFACE_CURVE('',#3013,(#3017,#3024),.PCURVE_S1.);
#3013 = LINE('',#3014,#3015);
#3014 = CARTESIAN_POINT('',(18.6,69.6,5.));
#3015 = VECTOR('',#3016,1.);
#3016 = DIRECTION('',(0.,0.,1.));
#3017 = PCURVE('',#2271,#3018);
#3018 = DEFINITIONAL_REPRESENTATION('',(#3019),#3023);
#3019 = LINE('',#3020,#3021);
#3020 = CARTESIAN_POINT('',(-69.6,0.));
#3021 = VECTOR('',#3022,1.);
#3022 = DIRECTION('',(0.,1.));
#3023 = ( GEOMETRIC_REPRESENTATION_CONTEXT(2) 
PARAMETRIC_REPRESENTATION_CONTEXT() REPRESENTATION_CONTEXT('2D SPACE',''
  ) );
#3024 = PCURVE('',#3025,#3030);
#3025 = CYLINDRICAL_SURFACE('',#3026,1.);
#3026 = AXIS2_PLACEMENT_3D('',#3027,#3028,#3029);
#3027 = CARTESIAN_POINT('',(19.6,69.6,5.));
#3028 = DIRECTION('',(0.,0.,1.));
#3029 = DIRECTION('',(1.,0.,-0.));
#3030 = DEFINITIONAL_REPRESENTATION('',(#3031),#3035);
#3031 = LINE('',#3032,#3033);
#3032 = CARTESIAN_POINT('',(3.14159265359,0.));
#3033 = VECTOR('',#3034,1.);
#3034 = DIRECTION('',(0.,1.));
#3035 = ( GEOMETRIC_REPRESENTATION_CONTEXT(2) 
PARAMETRIC_REPRESENTATION_CONTEXT() REPRESENTATION_CONTEXT('2D SPACE',''
  ) );
#3036 = ORIENTED_EDGE('',*,*,#3037,.T.);
#3037 = EDGE_CURVE('',#3010,#3038,#3040,.T.);
#3038 = VERTEX_POINT('',#3039);
#3039 = CARTESIAN_POINT('',(18.6,71.6,26.));
#3040 = SURFACE_CURVE('',#3041,(#3046,#3053),.PCURVE_S1.);
#3041 = CIRCLE('',#3042,2.);
#3042 = AXIS2_PLACEMENT_3D('',#3043,#3044,#3045);
#3043 = CARTESIAN_POINT('',(18.6,71.6,24.));
#3044 = DIRECTION('',(-1.,6.115358904736E-17,0.));
#3045 = DIRECTION('',(-6.115358904736E-17,-1.,0.));
#3046 = PCURVE('',#2271,#3047);
#3047 = DEFINITIONAL_REPRESENTATION('',(#3048),#3052);
#3048 = CIRCLE('',#3049,2.);
#3049 = AXIS2_PLACEMENT_2D('',#3050,#3051);
#3050 = CARTESIAN_POINT('',(-71.6,19.));
#3051 = DIRECTION('',(1.,0.));
#3052 = ( GEOMETRIC_REPRESENTATION_CONTEXT(2) 
PARAMETRIC_REPRESENTATION_CONTEXT() REPRESENTATION_CONTEXT('2D SPACE',''
  ) );
#3053 = PCURVE('',#3054,#3059);
#3054 = TOROIDAL_SURFACE('',#3055,2.,1.);
#3055 = AXIS2_PLACEMENT_3D('',#3056,#3057,#3058);
#3056 = CARTESIAN_POINT('',(19.6,71.6,24.));
#3057 = DIRECTION('',(-1.,6.115358904736E-17,0.));
#3058 = DIRECTION('',(-6.115358904736E-17,-1.,0.));
#3059 = DEFINITIONAL_REPRESENTATION('',(#3060),#3064);
#3060 = LINE('',#3061,#3062);
#3061 = CARTESIAN_POINT('',(0.,1.570796326795));
#3062 = VECTOR('',#3063,1.);
#3063 = DIRECTION('',(1.,0.));
#3064 = ( GEOMETRIC_REPRESENTATION_CONTEXT(2) 
PARAMETRIC_REPRESENTATION_CONTEXT() REPRESENTATION_CONTEXT('2D SPACE',''
  ) );
#3065 = ORIENTED_EDGE('',*,*,#3066,.F.);
#3066 = EDGE_CURVE('',#3067,#3038,#3069,.T.);
#3067 = VERTEX_POINT('',#3068);
#3068 = CARTESIAN_POINT('',(18.6,73.6,26.));
#3069 = SURFACE_CURVE('',#3070,(#3074,#3081),.PCURVE_S1.);
#3070 = LINE('',#3071,#3072);
#3071 = CARTESIAN_POINT('',(18.6,74.6,26.));
#3072 = VECTOR('',#3073,1.);
#3073 = DIRECTION('',(-6.115358904736E-17,-1.,0.));
#3074 = PCURVE('',#2271,#3075);
#3075 = DEFINITIONAL_REPRESENTATION('',(#3076),#3080);
#3076 = LINE('',#3077,#3078);
#3077 = CARTESIAN_POINT('',(-74.6,21.));
#3078 = VECTOR('',#3079,1.);
#3079 = DIRECTION('',(1.,0.));
#3080 = ( GEOMETRIC_REPRESENTATION_CONTEXT(2) 
PARAMETRIC_REPRESENTATION_CONTEXT() REPRESENTATION_CONTEXT('2D SPACE',''
  ) );
#3081 = PCURVE('',#3082,#3087);
#3082 = CYLINDRICAL_SURFACE('',#3083,1.);
#3083 = AXIS2_PLACEMENT_3D('',#3084,#3085,#3086);
#3084 = CARTESIAN_POINT('',(19.6,72.6,26.));
#3085 = DIRECTION('',(6.115358904736E-17,1.,0.));
#3086 = DIRECTION('',(-1.,6.115358904736E-17,0.));
#3087 = DEFINITIONAL_REPRESENTATION('',(#3088),#3092);
#3088 = LINE('',#3089,#3090);
#3089 = CARTESIAN_POINT('',(6.28318530718,2.));
#3090 = VECTOR('',#3091,1.);
#3091 = DIRECTION('',(0.,-1.));
#3092 = ( GEOMETRIC_REPRESENTATION_CONTEXT(2) 
PARAMETRIC_REPRESENTATION_CONTEXT() REPRESENTATION_CONTEXT('2D SPACE',''
  ) );
#3093 = ORIENTED_EDGE('',*,*,#3094,.T.);
#3094 = EDGE_CURVE('',#3067,#3095,#3097,.T.);
#3095 = VERTEX_POINT('',#3096);
#3096 = CARTESIAN_POINT('',(18.6,75.6,24.));
#3097 = SURFACE_CURVE('',#3098,(#3103,#3110),.PCURVE_S1.);
#3098 = CIRCLE('',#3099,2.);
#3099 = AXIS2_PLACEMENT_3D('',#3100,#3101,#3102);
#3100 = CARTESIAN_POINT('',(18.6,73.6,24.));
#3101 = DIRECTION('',(-1.,6.115358904736E-17,0.));
#3102 = DIRECTION('',(-6.115358904736E-17,-1.,0.));
#3103 = PCURVE('',#2271,#3104);
#3104 = DEFINITIONAL_REPRESENTATION('',(#3105),#3109);
#3105 = CIRCLE('',#3106,2.);
#3106 = AXIS2_PLACEMENT_2D('',#3107,#3108);
#3107 = CARTESIAN_POINT('',(-73.6,19.));
#3108 = DIRECTION('',(1.,0.));
#3109 = ( GEOMETRIC_REPRESENTATION_CONTEXT(2) 
PARAMETRIC_REPRESENTATION_CONTEXT() REPRESENTATION_CONTEXT('2D SPACE',''
  ) );
#3110 = PCURVE('',#3111,#3116);
#3111 = TOROIDAL_SURFACE('',#3112,2.,1.);
#3112 = AXIS2_PLACEMENT_3D('',#3113,#3114,#3115);
#3113 = CARTESIAN_POINT('',(19.6,73.6,24.));
#3114 = DIRECTION('',(-1.,6.115358904736E-17,0.));
#3115 = DIRECTION('',(-6.115358904736E-17,-1.,0.));
#3116 = DEFINITIONAL_REPRESENTATION('',(#3117),#3121);
#3117 = LINE('',#3118,#3119);
#3118 = CARTESIAN_POINT('',(0.,1.570796326795));
#3119 = VECTOR('',#3120,1.);
#3120 = DIRECTION('',(1.,0.));
#3121 = ( GEOMETRIC_REPRESENTATION_CONTEXT(2) 
PARAMETRIC_REPRESENTATION_CONTEXT() REPRESENTATION_CONTEXT('2D SPACE',''
  ) );
#3122 = ORIENTED_EDGE('',*,*,#3123,.F.);
#3123 = EDGE_CURVE('',#2922,#3095,#3124,.T.);
#3124 = SURFACE_CURVE('',#3125,(#3129,#3136),.PCURVE_S1.);
#3125 = LINE('',#3126,#3127);
#3126 = CARTESIAN_POINT('',(18.6,75.6,17.));
#3127 = VECTOR('',#3128,1.);
#3128 = DIRECTION('',(0.,0.,1.));
#3129 = PCURVE('',#2271,#3130);
#3130 = DEFINITIONAL_REPRESENTATION('',(#3131),#3135);
#3131 = LINE('',#3132,#3133);
#3132 = CARTESIAN_POINT('',(-75.6,12.));
#3133 = VECTOR('',#3134,1.);
#3134 = DIRECTION('',(0.,1.));
#3135 = ( GEOMETRIC_REPRESENTATION_CONTEXT(2) 
PARAMETRIC_REPRESENTATION_CONTEXT() REPRESENTATION_CONTEXT('2D SPACE',''
  ) );
#3136 = PCURVE('',#3137,#3142);
#3137 = CYLINDRICAL_SURFACE('',#3138,1.);
#3138 = AXIS2_PLACEMENT_3D('',#3139,#3140,#3141);
#3139 = CARTESIAN_POINT('',(19.6,75.6,21.));
#3140 = DIRECTION('',(0.,0.,-1.));
#3141 = DIRECTION('',(-1.,0.,0.));
#3142 = DEFINITIONAL_REPRESENTATION('',(#3143),#3147);
#3143 = LINE('',#3144,#3145);
#3144 = CARTESIAN_POINT('',(6.28318530718,4.));
#3145 = VECTOR('',#3146,1.);
#3146 = DIRECTION('',(0.,-1.));
#3147 = ( GEOMETRIC_REPRESENTATION_CONTEXT(2) 
PARAMETRIC_REPRESENTATION_CONTEXT() REPRESENTATION_CONTEXT('2D SPACE',''
  ) );
#3148 = FACE_BOUND('',#3149,.T.);
#3149 = EDGE_LOOP('',(#3150,#3181,#3209,#3238,#3266,#3295,#3323,#3352));
#3150 = ORIENTED_EDGE('',*,*,#3151,.T.);
#3151 = EDGE_CURVE('',#3152,#3154,#3156,.T.);
#3152 = VERTEX_POINT('',#3153);
#3153 = CARTESIAN_POINT('',(18.6,-71.6,76.));
#3154 = VERTEX_POINT('',#3155);
#3155 = CARTESIAN_POINT('',(18.6,-69.6,74.));
#3156 = SURFACE_CURVE('',#3157,(#3162,#3169),.PCURVE_S1.);
#3157 = CIRCLE('',#3158,2.);
#3158 = AXIS2_PLACEMENT_3D('',#3159,#3160,#3161);
#3159 = CARTESIAN_POINT('',(18.6,-71.6,74.));
#3160 = DIRECTION('',(-1.,6.115358904736E-17,0.));
#3161 = DIRECTION('',(-6.115358904736E-17,-1.,0.));
#3162 = PCURVE('',#2271,#3163);
#3163 = DEFINITIONAL_REPRESENTATION('',(#3164),#3168);
#3164 = CIRCLE('',#3165,2.);
#3165 = AXIS2_PLACEMENT_2D('',#3166,#3167);
#3166 = CARTESIAN_POINT('',(71.6,69.));
#3167 = DIRECTION('',(1.,0.));
#3168 = ( GEOMETRIC_REPRESENTATION_CONTEXT(2) 
PARAMETRIC_REPRESENTATION_CONTEXT() REPRESENTATION_CONTEXT('2D SPACE',''
  ) );
#3169 = PCURVE('',#3170,#3175);
#3170 = TOROIDAL_SURFACE('',#3171,2.,1.);
#3171 = AXIS2_PLACEMENT_3D('',#3172,#3173,#3174);
#3172 = CARTESIAN_POINT('',(19.6,-71.6,74.));
#3173 = DIRECTION('',(-1.,6.115358904736E-17,0.));
#3174 = DIRECTION('',(-6.115358904736E-17,-1.,0.));
#3175 = DEFINITIONAL_REPRESENTATION('',(#3176),#3180);
#3176 = LINE('',#3177,#3178);
#3177 = CARTESIAN_POINT('',(0.,1.570796326795));
#3178 = VECTOR('',#3179,1.);
#3179 = DIRECTION('',(1.,0.));
#3180 = ( GEOMETRIC_REPRESENTATION_CONTEXT(2) 
PARAMETRIC_REPRESENTATION_CONTEXT() REPRESENTATION_CONTEXT('2D SPACE',''
  ) );
#3181 = ORIENTED_EDGE('',*,*,#3182,.F.);
#3182 = EDGE_CURVE('',#3183,#3154,#3185,.T.);
#3183 = VERTEX_POINT('',#3184);
#3184 = CARTESIAN_POINT('',(18.6,-69.6,68.));
#3185 = SURFACE_CURVE('',#3186,(#3190,#3197),.PCURVE_S1.);
#3186 = LINE('',#3187,#3188);
#3187 = CARTESIAN_POINT('',(18.6,-69.6,67.));
#3188 = VECTOR('',#3189,1.);
#3189 = DIRECTION('',(0.,0.,1.));
#3190 = PCURVE('',#2271,#3191);
#3191 = DEFINITIONAL_REPRESENTATION('',(#3192),#3196);
#3192 = LINE('',#3193,#3194);
#3193 = CARTESIAN_POINT('',(69.6,62.));
#3194 = VECTOR('',#3195,1.);
#3195 = DIRECTION('',(0.,1.));
#3196 = ( GEOMETRIC_REPRESENTATION_CONTEXT(2) 
PARAMETRIC_REPRESENTATION_CONTEXT() REPRESENTATION_CONTEXT('2D SPACE',''
  ) );
#3197 = PCURVE('',#3198,#3203);
#3198 = CYLINDRICAL_SURFACE('',#3199,1.);
#3199 = AXIS2_PLACEMENT_3D('',#3200,#3201,#3202);
#3200 = CARTESIAN_POINT('',(19.6,-69.6,71.));
#3201 = DIRECTION('',(0.,0.,-1.));
#3202 = DIRECTION('',(-1.,0.,0.));
#3203 = DEFINITIONAL_REPRESENTATION('',(#3204),#3208);
#3204 = LINE('',#3205,#3206);
#3205 = CARTESIAN_POINT('',(6.28318530718,4.));
#3206 = VECTOR('',#3207,1.);
#3207 = DIRECTION('',(0.,-1.));
#3208 = ( GEOMETRIC_REPRESENTATION_CONTEXT(2) 
PARAMETRIC_REPRESENTATION_CONTEXT() REPRESENTATION_CONTEXT('2D SPACE',''
  ) );
#3209 = ORIENTED_EDGE('',*,*,#3210,.T.);
#3210 = EDGE_CURVE('',#3183,#3211,#3213,.T.);
#3211 = VERTEX_POINT('',#3212);
#3212 = CARTESIAN_POINT('',(18.6,-71.6,66.));
#3213 = SURFACE_CURVE('',#3214,(#3219,#3226),.PCURVE_S1.);
#3214 = CIRCLE('',#3215,2.);
#3215 = AXIS2_PLACEMENT_3D('',#3216,#3217,#3218);
#3216 = CARTESIAN_POINT('',(18.6,-71.6,68.));
#3217 = DIRECTION('',(-1.,6.115358904736E-17,0.));
#3218 = DIRECTION('',(-6.115358904736E-17,-1.,0.));
#3219 = PCURVE('',#2271,#3220);
#3220 = DEFINITIONAL_REPRESENTATION('',(#3221),#3225);
#3221 = CIRCLE('',#3222,2.);
#3222 = AXIS2_PLACEMENT_2D('',#3223,#3224);
#3223 = CARTESIAN_POINT('',(71.6,63.));
#3224 = DIRECTION('',(1.,0.));
#3225 = ( GEOMETRIC_REPRESENTATION_CONTEXT(2) 
PARAMETRIC_REPRESENTATION_CONTEXT() REPRESENTATION_CONTEXT('2D SPACE',''
  ) );
#3226 = PCURVE('',#3227,#3232);
#3227 = TOROIDAL_SURFACE('',#3228,2.,1.);
#3228 = AXIS2_PLACEMENT_3D('',#3229,#3230,#3231);
#3229 = CARTESIAN_POINT('',(19.6,-71.6,68.));
#3230 = DIRECTION('',(-1.,6.115358904736E-17,0.));
#3231 = DIRECTION('',(-6.115358904736E-17,-1.,0.));
#3232 = DEFINITIONAL_REPRESENTATION('',(#3233),#3237);
#3233 = LINE('',#3234,#3235);
#3234 = CARTESIAN_POINT('',(0.,1.570796326795));
#3235 = VECTOR('',#3236,1.);
#3236 = DIRECTION('',(1.,0.));
#3237 = ( GEOMETRIC_REPRESENTATION_CONTEXT(2) 
PARAMETRIC_REPRESENTATION_CONTEXT() REPRESENTATION_CONTEXT('2D SPACE',''
  ) );
#3238 = ORIENTED_EDGE('',*,*,#3239,.T.);
#3239 = EDGE_CURVE('',#3211,#3240,#3242,.T.);
#3240 = VERTEX_POINT('',#3241);
#3241 = CARTESIAN_POINT('',(18.6,-73.6,66.));
#3242 = SURFACE_CURVE('',#3243,(#3247,#3254),.PCURVE_S1.);
#3243 = LINE('',#3244,#3245);
#3244 = CARTESIAN_POINT('',(18.6,1.387778780781E-14,66.));
#3245 = VECTOR('',#3246,1.);
#3246 = DIRECTION('',(-6.115358904736E-17,-1.,0.));
#3247 = PCURVE('',#2271,#3248);
#3248 = DEFINITIONAL_REPRESENTATION('',(#3249),#3253);
#3249 = LINE('',#3250,#3251);
#3250 = CARTESIAN_POINT('',(0.,61.));
#3251 = VECTOR('',#3252,1.);
#3252 = DIRECTION('',(1.,0.));
#3253 = ( GEOMETRIC_REPRESENTATION_CONTEXT(2) 
PARAMETRIC_REPRESENTATION_CONTEXT() REPRESENTATION_CONTEXT('2D SPACE',''
  ) );
#3254 = PCURVE('',#3255,#3260);
#3255 = CYLINDRICAL_SURFACE('',#3256,1.);
#3256 = AXIS2_PLACEMENT_3D('',#3257,#3258,#3259);
#3257 = CARTESIAN_POINT('',(19.6,1.381663421877E-14,66.));
#3258 = DIRECTION('',(-6.115358904736E-17,-1.,0.));
#3259 = DIRECTION('',(1.,-6.115358904736E-17,0.));
#3260 = DEFINITIONAL_REPRESENTATION('',(#3261),#3265);
#3261 = LINE('',#3262,#3263);
#3262 = CARTESIAN_POINT('',(3.14159265359,0.));
#3263 = VECTOR('',#3264,1.);
#3264 = DIRECTION('',(0.,1.));
#3265 = ( GEOMETRIC_REPRESENTATION_CONTEXT(2) 
PARAMETRIC_REPRESENTATION_CONTEXT() REPRESENTATION_CONTEXT('2D SPACE',''
  ) );
#3266 = ORIENTED_EDGE('',*,*,#3267,.T.);
#3267 = EDGE_CURVE('',#3240,#3268,#3270,.T.);
#3268 = VERTEX_POINT('',#3269);
#3269 = CARTESIAN_POINT('',(18.6,-75.6,68.));
#3270 = SURFACE_CURVE('',#3271,(#3276,#3283),.PCURVE_S1.);
#3271 = CIRCLE('',#3272,2.);
#3272 = AXIS2_PLACEMENT_3D('',#3273,#3274,#3275);
#3273 = CARTESIAN_POINT('',(18.6,-73.6,68.));
#3274 = DIRECTION('',(-1.,6.115358904736E-17,0.));
#3275 = DIRECTION('',(-6.115358904736E-17,-1.,0.));
#3276 = PCURVE('',#2271,#3277);
#3277 = DEFINITIONAL_REPRESENTATION('',(#3278),#3282);
#3278 = CIRCLE('',#3279,2.);
#3279 = AXIS2_PLACEMENT_2D('',#3280,#3281);
#3280 = CARTESIAN_POINT('',(73.6,63.));
#3281 = DIRECTION('',(1.,0.));
#3282 = ( GEOMETRIC_REPRESENTATION_CONTEXT(2) 
PARAMETRIC_REPRESENTATION_CONTEXT() REPRESENTATION_CONTEXT('2D SPACE',''
  ) );
#3283 = PCURVE('',#3284,#3289);
#3284 = TOROIDAL_SURFACE('',#3285,2.,1.);
#3285 = AXIS2_PLACEMENT_3D('',#3286,#3287,#3288);
#3286 = CARTESIAN_POINT('',(19.6,-73.6,68.));
#3287 = DIRECTION('',(-1.,6.115358904736E-17,0.));
#3288 = DIRECTION('',(-6.115358904736E-17,-1.,0.));
#3289 = DEFINITIONAL_REPRESENTATION('',(#3290),#3294);
#3290 = LINE('',#3291,#3292);
#3291 = CARTESIAN_POINT('',(0.,1.570796326795));
#3292 = VECTOR('',#3293,1.);
#3293 = DIRECTION('',(1.,0.));
#3294 = ( GEOMETRIC_REPRESENTATION_CONTEXT(2) 
PARAMETRIC_REPRESENTATION_CONTEXT() REPRESENTATION_CONTEXT('2D SPACE',''
  ) );
#3295 = ORIENTED_EDGE('',*,*,#3296,.T.);
#3296 = EDGE_CURVE('',#3268,#3297,#3299,.T.);
#3297 = VERTEX_POINT('',#3298);
#3298 = CARTESIAN_POINT('',(18.6,-75.6,74.));
#3299 = SURFACE_CURVE('',#3300,(#3304,#3311),.PCURVE_S1.);
#3300 = LINE('',#3301,#3302);
#3301 = CARTESIAN_POINT('',(18.6,-75.6,5.));
#3302 = VECTOR('',#3303,1.);
#3303 = DIRECTION('',(0.,0.,1.));
#3304 = PCURVE('',#2271,#3305);
#3305 = DEFINITIONAL_REPRESENTATION('',(#3306),#3310);
#3306 = LINE('',#3307,#3308);
#3307 = CARTESIAN_POINT('',(75.6,0.));
#3308 = VECTOR('',#3309,1.);
#3309 = DIRECTION('',(0.,1.));
#3310 = ( GEOMETRIC_REPRESENTATION_CONTEXT(2) 
PARAMETRIC_REPRESENTATION_CONTEXT() REPRESENTATION_CONTEXT('2D SPACE',''
  ) );
#3311 = PCURVE('',#3312,#3317);
#3312 = CYLINDRICAL_SURFACE('',#3313,1.);
#3313 = AXIS2_PLACEMENT_3D('',#3314,#3315,#3316);
#3314 = CARTESIAN_POINT('',(19.6,-75.6,5.));
#3315 = DIRECTION('',(0.,0.,1.));
#3316 = DIRECTION('',(1.,0.,-0.));
#3317 = DEFINITIONAL_REPRESENTATION('',(#3318),#3322);
#3318 = LINE('',#3319,#3320);
#3319 = CARTESIAN_POINT('',(3.14159265359,0.));
#3320 = VECTOR('',#3321,1.);
#3321 = DIRECTION('',(0.,1.));
#3322 = ( GEOMETRIC_REPRESENTATION_CONTEXT(2) 
PARAMETRIC_REPRESENTATION_CONTEXT() REPRESENTATION_CONTEXT('2D SPACE',''
  ) );
#3323 = ORIENTED_EDGE('',*,*,#3324,.T.);
#3324 = EDGE_CURVE('',#3297,#3325,#3327,.T.);
#3325 = VERTEX_POINT('',#3326);
#3326 = CARTESIAN_POINT('',(18.6,-73.6,76.));
#3327 = SURFACE_CURVE('',#3328,(#3333,#3340),.PCURVE_S1.);
#3328 = CIRCLE('',#3329,2.);
#3329 = AXIS2_PLACEMENT_3D('',#3330,#3331,#3332);
#3330 = CARTESIAN_POINT('',(18.6,-73.6,74.));
#3331 = DIRECTION('',(-1.,6.115358904736E-17,0.));
#3332 = DIRECTION('',(-6.115358904736E-17,-1.,0.));
#3333 = PCURVE('',#2271,#3334);
#3334 = DEFINITIONAL_REPRESENTATION('',(#3335),#3339);
#3335 = CIRCLE('',#3336,2.);
#3336 = AXIS2_PLACEMENT_2D('',#3337,#3338);
#3337 = CARTESIAN_POINT('',(73.6,69.));
#3338 = DIRECTION('',(1.,0.));
#3339 = ( GEOMETRIC_REPRESENTATION_CONTEXT(2) 
PARAMETRIC_REPRESENTATION_CONTEXT() REPRESENTATION_CONTEXT('2D SPACE',''
  ) );
#3340 = PCURVE('',#3341,#3346);
#3341 = TOROIDAL_SURFACE('',#3342,2.,1.);
#3342 = AXIS2_PLACEMENT_3D('',#3343,#3344,#3345);
#3343 = CARTESIAN_POINT('',(19.6,-73.6,74.));
#3344 = DIRECTION('',(-1.,6.115358904736E-17,0.));
#3345 = DIRECTION('',(-6.115358904736E-17,-1.,0.));
#3346 = DEFINITIONAL_REPRESENTATION('',(#3347),#3351);
#3347 = LINE('',#3348,#3349);
#3348 = CARTESIAN_POINT('',(0.,1.570796326795));
#3349 = VECTOR('',#3350,1.);
#3350 = DIRECTION('',(1.,0.));
#3351 = ( GEOMETRIC_REPRESENTATION_CONTEXT(2) 
PARAMETRIC_REPRESENTATION_CONTEXT() REPRESENTATION_CONTEXT('2D SPACE',''
  ) );
#3352 = ORIENTED_EDGE('',*,*,#3353,.F.);
#3353 = EDGE_CURVE('',#3152,#3325,#3354,.T.);
#3354 = SURFACE_CURVE('',#3355,(#3359,#3366),.PCURVE_S1.);
#3355 = LINE('',#3356,#3357);
#3356 = CARTESIAN_POINT('',(18.6,-70.6,76.));
#3357 = VECTOR('',#3358,1.);
#3358 = DIRECTION('',(-6.115358904736E-17,-1.,0.));
#3359 = PCURVE('',#2271,#3360);
#3360 = DEFINITIONAL_REPRESENTATION('',(#3361),#3365);
#3361 = LINE('',#3362,#3363);
#3362 = CARTESIAN_POINT('',(70.6,71.));
#3363 = VECTOR('',#3364,1.);
#3364 = DIRECTION('',(1.,0.));
#3365 = ( GEOMETRIC_REPRESENTATION_CONTEXT(2) 
PARAMETRIC_REPRESENTATION_CONTEXT() REPRESENTATION_CONTEXT('2D SPACE',''
  ) );
#3366 = PCURVE('',#3367,#3372);
#3367 = CYLINDRICAL_SURFACE('',#3368,1.);
#3368 = AXIS2_PLACEMENT_3D('',#3369,#3370,#3371);
#3369 = CARTESIAN_POINT('',(19.6,-72.6,76.));
#3370 = DIRECTION('',(6.115358904736E-17,1.,0.));
#3371 = DIRECTION('',(-1.,6.115358904736E-17,0.));
#3372 = DEFINITIONAL_REPRESENTATION('',(#3373),#3377);
#3373 = LINE('',#3374,#3375);
#3374 = CARTESIAN_POINT('',(6.28318530718,2.));
#3375 = VECTOR('',#3376,1.);
#3376 = DIRECTION('',(0.,-1.));
#3377 = ( GEOMETRIC_REPRESENTATION_CONTEXT(2) 
PARAMETRIC_REPRESENTATION_CONTEXT() REPRESENTATION_CONTEXT('2D SPACE',''
  ) );
#3378 = FACE_BOUND('',#3379,.T.);
#3379 = EDGE_LOOP('',(#3380,#3410,#3439,#3467,#3496,#3524));
#3380 = ORIENTED_EDGE('',*,*,#3381,.F.);
#3381 = EDGE_CURVE('',#3382,#3384,#3386,.T.);
#3382 = VERTEX_POINT('',#3383);
#3383 = CARTESIAN_POINT('',(18.6,-65.1,36.433581275615));
#3384 = VERTEX_POINT('',#3385);
#3385 = CARTESIAN_POINT('',(18.6,-65.1,25.));
#3386 = SURFACE_CURVE('',#3387,(#3391,#3398),.PCURVE_S1.);
#3387 = LINE('',#3388,#3389);
#3388 = CARTESIAN_POINT('',(18.6,-65.1,31.822184590113));
#3389 = VECTOR('',#3390,1.);
#3390 = DIRECTION('',(0.,0.,-1.));
#3391 = PCURVE('',#2271,#3392);
#3392 = DEFINITIONAL_REPRESENTATION('',(#3393),#3397);
#3393 = LINE('',#3394,#3395);
#3394 = CARTESIAN_POINT('',(65.1,26.822184590113));
#3395 = VECTOR('',#3396,1.);
#3396 = DIRECTION('',(-0.,-1.));
#3397 = ( GEOMETRIC_REPRESENTATION_CONTEXT(2) 
PARAMETRIC_REPRESENTATION_CONTEXT() REPRESENTATION_CONTEXT('2D SPACE',''
  ) );
#3398 = PCURVE('',#3399,#3404);
#3399 = PLANE('',#3400);
#3400 = AXIS2_PLACEMENT_3D('',#3401,#3402,#3403);
#3401 = CARTESIAN_POINT('',(-78.4,-65.1,31.822184590113));
#3402 = DIRECTION('',(-6.115358904736E-17,-1.,0.));
#3403 = DIRECTION('',(1.,-6.115358904736E-17,0.));
#3404 = DEFINITIONAL_REPRESENTATION('',(#3405),#3409);
#3405 = LINE('',#3406,#3407);
#3406 = CARTESIAN_POINT('',(97.,0.));
#3407 = VECTOR('',#3408,1.);
#3408 = DIRECTION('',(0.,-1.));
#3409 = ( GEOMETRIC_REPRESENTATION_CONTEXT(2) 
PARAMETRIC_REPRESENTATION_CONTEXT() REPRESENTATION_CONTEXT('2D SPACE',''
  ) );
#3410 = ORIENTED_EDGE('',*,*,#3411,.T.);
#3411 = EDGE_CURVE('',#3382,#3412,#3414,.T.);
#3412 = VERTEX_POINT('',#3413);
#3413 = CARTESIAN_POINT('',(18.6,-58.34694459698,41.116187040995));
#3414 = SURFACE_CURVE('',#3415,(#3420,#3427),.PCURVE_S1.);
#3415 = CIRCLE('',#3416,5.);
#3416 = AXIS2_PLACEMENT_3D('',#3417,#3418,#3419);
#3417 = CARTESIAN_POINT('',(18.6,-60.1,36.433581275615));
#3418 = DIRECTION('',(-1.,6.115358904736E-17,0.));
#3419 = DIRECTION('',(-6.115358904736E-17,-1.,0.));
#3420 = PCURVE('',#2271,#3421);
#3421 = DEFINITIONAL_REPRESENTATION('',(#3422),#3426);
#3422 = CIRCLE('',#3423,5.);
#3423 = AXIS2_PLACEMENT_2D('',#3424,#3425);
#3424 = CARTESIAN_POINT('',(60.1,31.433581275615));
#3425 = DIRECTION('',(1.,0.));
#3426 = ( GEOMETRIC_REPRESENTATION_CONTEXT(2) 
PARAMETRIC_REPRESENTATION_CONTEXT() REPRESENTATION_CONTEXT('2D SPACE',''
  ) );
#3427 = PCURVE('',#3428,#3433);
#3428 = CYLINDRICAL_SURFACE('',#3429,5.);
#3429 = AXIS2_PLACEMENT_3D('',#3430,#3431,#3432);
#3430 = CARTESIAN_POINT('',(-78.4,-60.1,36.433581275615));
#3431 = DIRECTION('',(1.,-6.115358904736E-17,1.005341833016E-32));
#3432 = DIRECTION('',(6.115358904736E-17,1.,0.));
#3433 = DEFINITIONAL_REPRESENTATION('',(#3434),#3438);
#3434 = LINE('',#3435,#3436);
#3435 = CARTESIAN_POINT('',(3.14159265359,97.));
#3436 = VECTOR('',#3437,1.);
#3437 = DIRECTION('',(-1.,0.));
#3438 = ( GEOMETRIC_REPRESENTATION_CONTEXT(2) 
PARAMETRIC_REPRESENTATION_CONTEXT() REPRESENTATION_CONTEXT('2D SPACE',''
  ) );
#3439 = ORIENTED_EDGE('',*,*,#3440,.T.);
#3440 = EDGE_CURVE('',#3412,#3441,#3443,.T.);
#3441 = VERTEX_POINT('',#3442);
#3442 = CARTESIAN_POINT('',(18.6,-27.8065786119,29.68260576538));
#3443 = SURFACE_CURVE('',#3444,(#3448,#3455),.PCURVE_S1.);
#3444 = LINE('',#3445,#3446);
#3445 = CARTESIAN_POINT('',(18.6,-33.52163138374,31.822184590113));
#3446 = VECTOR('',#3447,1.);
#3447 = DIRECTION('',(5.727162972937E-17,0.936521153076,-0.350611080602)
  );
#3448 = PCURVE('',#2271,#3449);
#3449 = DEFINITIONAL_REPRESENTATION('',(#3450),#3454);
#3450 = LINE('',#3451,#3452);
#3451 = CARTESIAN_POINT('',(33.521631383743,26.822184590113));
#3452 = VECTOR('',#3453,1.);
#3453 = DIRECTION('',(-0.936521153076,-0.350611080602));
#3454 = ( GEOMETRIC_REPRESENTATION_CONTEXT(2) 
PARAMETRIC_REPRESENTATION_CONTEXT() REPRESENTATION_CONTEXT('2D SPACE',''
  ) );
#3455 = PCURVE('',#3456,#3461);
#3456 = PLANE('',#3457);
#3457 = AXIS2_PLACEMENT_3D('',#3458,#3459,#3460);
#3458 = CARTESIAN_POINT('',(-78.4,-33.52163138374,31.822184590113));
#3459 = DIRECTION('',(-2.144112593862E-17,-0.350611080602,
    -0.936521153076));
#3460 = DIRECTION('',(5.794514502529E-34,0.936521153076,-0.350611080602)
  );
#3461 = DEFINITIONAL_REPRESENTATION('',(#3462),#3466);
#3462 = LINE('',#3463,#3464);
#3463 = CARTESIAN_POINT('',(1.245620781995E-15,97.));
#3464 = VECTOR('',#3465,1.);
#3465 = DIRECTION('',(1.,5.727162972937E-17));
#3466 = ( GEOMETRIC_REPRESENTATION_CONTEXT(2) 
PARAMETRIC_REPRESENTATION_CONTEXT() REPRESENTATION_CONTEXT('2D SPACE',''
  ) );
#3467 = ORIENTED_EDGE('',*,*,#3468,.T.);
#3468 = EDGE_CURVE('',#3441,#3469,#3471,.T.);
#3469 = VERTEX_POINT('',#3470);
#3470 = CARTESIAN_POINT('',(18.6,-29.55963401491,20.));
#3471 = SURFACE_CURVE('',#3472,(#3477,#3484),.PCURVE_S1.);
#3472 = CIRCLE('',#3473,5.);
#3473 = AXIS2_PLACEMENT_3D('',#3474,#3475,#3476);
#3474 = CARTESIAN_POINT('',(18.6,-29.55963401491,25.));
#3475 = DIRECTION('',(-1.,6.115358904736E-17,0.));
#3476 = DIRECTION('',(-6.115358904736E-17,-1.,0.));
#3477 = PCURVE('',#2271,#3478);
#3478 = DEFINITIONAL_REPRESENTATION('',(#3479),#3483);
#3479 = CIRCLE('',#3480,5.);
#3480 = AXIS2_PLACEMENT_2D('',#3481,#3482);
#3481 = CARTESIAN_POINT('',(29.559634014914,20.));
#3482 = DIRECTION('',(1.,0.));
#3483 = ( GEOMETRIC_REPRESENTATION_CONTEXT(2) 
PARAMETRIC_REPRESENTATION_CONTEXT() REPRESENTATION_CONTEXT('2D SPACE',''
  ) );
#3484 = PCURVE('',#3485,#3490);
#3485 = CYLINDRICAL_SURFACE('',#3486,5.);
#3486 = AXIS2_PLACEMENT_3D('',#3487,#3488,#3489);
#3487 = CARTESIAN_POINT('',(-78.4,-29.55963401491,25.));
#3488 = DIRECTION('',(1.,-6.115358904736E-17,0.));
#3489 = DIRECTION('',(6.115358904736E-17,1.,0.));
#3490 = DEFINITIONAL_REPRESENTATION('',(#3491),#3495);
#3491 = LINE('',#3492,#3493);
#3492 = CARTESIAN_POINT('',(9.424777960769,97.));
#3493 = VECTOR('',#3494,1.);
#3494 = DIRECTION('',(-1.,5.105630642807E-15));
#3495 = ( GEOMETRIC_REPRESENTATION_CONTEXT(2) 
PARAMETRIC_REPRESENTATION_CONTEXT() REPRESENTATION_CONTEXT('2D SPACE',''
  ) );
#3496 = ORIENTED_EDGE('',*,*,#3497,.F.);
#3497 = EDGE_CURVE('',#3498,#3469,#3500,.T.);
#3498 = VERTEX_POINT('',#3499);
#3499 = CARTESIAN_POINT('',(18.6,-60.1,20.));
#3500 = SURFACE_CURVE('',#3501,(#3505,#3512),.PCURVE_S1.);
#3501 = LINE('',#3502,#3503);
#3502 = CARTESIAN_POINT('',(18.6,-33.52163138374,20.));
#3503 = VECTOR('',#3504,1.);
#3504 = DIRECTION('',(6.115358904736E-17,1.,0.));
#3505 = PCURVE('',#2271,#3506);
#3506 = DEFINITIONAL_REPRESENTATION('',(#3507),#3511);
#3507 = LINE('',#3508,#3509);
#3508 = CARTESIAN_POINT('',(33.521631383743,15.));
#3509 = VECTOR('',#3510,1.);
#3510 = DIRECTION('',(-1.,0.));
#3511 = ( GEOMETRIC_REPRESENTATION_CONTEXT(2) 
PARAMETRIC_REPRESENTATION_CONTEXT() REPRESENTATION_CONTEXT('2D SPACE',''
  ) );
#3512 = PCURVE('',#3513,#3518);
#3513 = PLANE('',#3514);
#3514 = AXIS2_PLACEMENT_3D('',#3515,#3516,#3517);
#3515 = CARTESIAN_POINT('',(-78.4,-33.52163138374,20.));
#3516 = DIRECTION('',(0.,0.,-1.));
#3517 = DIRECTION('',(-1.,0.,0.));
#3518 = DEFINITIONAL_REPRESENTATION('',(#3519),#3523);
#3519 = LINE('',#3520,#3521);
#3520 = CARTESIAN_POINT('',(-97.,0.));
#3521 = VECTOR('',#3522,1.);
#3522 = DIRECTION('',(-6.115358904736E-17,1.));
#3523 = ( GEOMETRIC_REPRESENTATION_CONTEXT(2) 
PARAMETRIC_REPRESENTATION_CONTEXT() REPRESENTATION_CONTEXT('2D SPACE',''
  ) );
#3524 = ORIENTED_EDGE('',*,*,#3525,.T.);
#3525 = EDGE_CURVE('',#3498,#3384,#3526,.T.);
#3526 = SURFACE_CURVE('',#3527,(#3532,#3539),.PCURVE_S1.);
#3527 = CIRCLE('',#3528,5.);
#3528 = AXIS2_PLACEMENT_3D('',#3529,#3530,#3531);
#3529 = CARTESIAN_POINT('',(18.6,-60.1,25.));
#3530 = DIRECTION('',(-1.,6.115358904736E-17,0.));
#3531 = DIRECTION('',(-6.115358904736E-17,-1.,0.));
#3532 = PCURVE('',#2271,#3533);
#3533 = DEFINITIONAL_REPRESENTATION('',(#3534),#3538);
#3534 = CIRCLE('',#3535,5.);
#3535 = AXIS2_PLACEMENT_2D('',#3536,#3537);
#3536 = CARTESIAN_POINT('',(60.1,20.));
#3537 = DIRECTION('',(1.,0.));
#3538 = ( GEOMETRIC_REPRESENTATION_CONTEXT(2) 
PARAMETRIC_REPRESENTATION_CONTEXT() REPRESENTATION_CONTEXT('2D SPACE',''
  ) );
#3539 = PCURVE('',#3540,#3545);
#3540 = CYLINDRICAL_SURFACE('',#3541,5.);
#3541 = AXIS2_PLACEMENT_3D('',#3542,#3543,#3544);
#3542 = CARTESIAN_POINT('',(-78.4,-60.1,25.));
#3543 = DIRECTION('',(-1.,6.115358904736E-17,0.));
#3544 = DIRECTION('',(-6.115358904736E-17,-1.,0.));
#3545 = DEFINITIONAL_REPRESENTATION('',(#3546),#3550);
#3546 = LINE('',#3547,#3548);
#3547 = CARTESIAN_POINT('',(-1.7763568394E-15,-97.));
#3548 = VECTOR('',#3549,1.);
#3549 = DIRECTION('',(1.,0.));
#3550 = ( GEOMETRIC_REPRESENTATION_CONTEXT(2) 
PARAMETRIC_REPRESENTATION_CONTEXT() REPRESENTATION_CONTEXT('2D SPACE',''
  ) );
#3551 = FACE_BOUND('',#3552,.T.);
#3552 = EDGE_LOOP('',(#3553,#3583,#3612,#3640,#3669,#3697,#3726,#3754));
#3553 = ORIENTED_EDGE('',*,*,#3554,.F.);
#3554 = EDGE_CURVE('',#3555,#3557,#3559,.T.);
#3555 = VERTEX_POINT('',#3556);
#3556 = CARTESIAN_POINT('',(18.6,56.005260136316,20.));
#3557 = VERTEX_POINT('',#3558);
#3558 = CARTESIAN_POINT('',(18.6,60.1,20.));
#3559 = SURFACE_CURVE('',#3560,(#3564,#3571),.PCURVE_S1.);
#3560 = LINE('',#3561,#3562);
#3561 = CARTESIAN_POINT('',(18.6,60.1,20.));
#3562 = VECTOR('',#3563,1.);
#3563 = DIRECTION('',(6.115358904736E-17,1.,0.));
#3564 = PCURVE('',#2271,#3565);
#3565 = DEFINITIONAL_REPRESENTATION('',(#3566),#3570);
#3566 = LINE('',#3567,#3568);
#3567 = CARTESIAN_POINT('',(-60.1,15.));
#3568 = VECTOR('',#3569,1.);
#3569 = DIRECTION('',(-1.,0.));
#3570 = ( GEOMETRIC_REPRESENTATION_CONTEXT(2) 
PARAMETRIC_REPRESENTATION_CONTEXT() REPRESENTATION_CONTEXT('2D SPACE',''
  ) );
#3571 = PCURVE('',#3572,#3577);
#3572 = PLANE('',#3573);
#3573 = AXIS2_PLACEMENT_3D('',#3574,#3575,#3576);
#3574 = CARTESIAN_POINT('',(-78.4,60.1,20.));
#3575 = DIRECTION('',(0.,0.,-1.));
#3576 = DIRECTION('',(-1.,0.,0.));
#3577 = DEFINITIONAL_REPRESENTATION('',(#3578),#3582);
#3578 = LINE('',#3579,#3580);
#3579 = CARTESIAN_POINT('',(-97.,0.));
#3580 = VECTOR('',#3581,1.);
#3581 = DIRECTION('',(-6.115358904736E-17,1.));
#3582 = ( GEOMETRIC_REPRESENTATION_CONTEXT(2) 
PARAMETRIC_REPRESENTATION_CONTEXT() REPRESENTATION_CONTEXT('2D SPACE',''
  ) );
#3583 = ORIENTED_EDGE('',*,*,#3584,.T.);
#3584 = EDGE_CURVE('',#3555,#3585,#3587,.T.);
#3585 = VERTEX_POINT('',#3586);
#3586 = CARTESIAN_POINT('',(18.6,54.252204733304,20.31739423462));
#3587 = SURFACE_CURVE('',#3588,(#3593,#3600),.PCURVE_S1.);
#3588 = CIRCLE('',#3589,5.);
#3589 = AXIS2_PLACEMENT_3D('',#3590,#3591,#3592);
#3590 = CARTESIAN_POINT('',(18.6,56.005260136316,25.));
#3591 = DIRECTION('',(-1.,6.115358904736E-17,0.));
#3592 = DIRECTION('',(-6.115358904736E-17,-1.,0.));
#3593 = PCURVE('',#2271,#3594);
#3594 = DEFINITIONAL_REPRESENTATION('',(#3595),#3599);
#3595 = CIRCLE('',#3596,5.);
#3596 = AXIS2_PLACEMENT_2D('',#3597,#3598);
#3597 = CARTESIAN_POINT('',(-56.00526013631,20.));
#3598 = DIRECTION('',(1.,0.));
#3599 = ( GEOMETRIC_REPRESENTATION_CONTEXT(2) 
PARAMETRIC_REPRESENTATION_CONTEXT() REPRESENTATION_CONTEXT('2D SPACE',''
  ) );
#3600 = PCURVE('',#3601,#3606);
#3601 = CYLINDRICAL_SURFACE('',#3602,5.);
#3602 = AXIS2_PLACEMENT_3D('',#3603,#3604,#3605);
#3603 = CARTESIAN_POINT('',(-78.4,56.005260136316,25.));
#3604 = DIRECTION('',(-1.,6.115358904736E-17,-4.115498298939E-33));
#3605 = DIRECTION('',(-6.115358904736E-17,-1.,0.));
#3606 = DEFINITIONAL_REPRESENTATION('',(#3607),#3611);
#3607 = LINE('',#3608,#3609);
#3608 = CARTESIAN_POINT('',(-1.7763568394E-15,-97.));
#3609 = VECTOR('',#3610,1.);
#3610 = DIRECTION('',(1.,0.));
#3611 = ( GEOMETRIC_REPRESENTATION_CONTEXT(2) 
PARAMETRIC_REPRESENTATION_CONTEXT() REPRESENTATION_CONTEXT('2D SPACE',''
  ) );
#3612 = ORIENTED_EDGE('',*,*,#3613,.F.);
#3613 = EDGE_CURVE('',#3614,#3585,#3616,.T.);
#3614 = VERTEX_POINT('',#3615);
#3615 = CARTESIAN_POINT('',(18.6,-39.23668415558,55.31739423462));
#3616 = SURFACE_CURVE('',#3617,(#3621,#3628),.PCURVE_S1.);
#3617 = LINE('',#3618,#3619);
#3618 = CARTESIAN_POINT('',(18.6,-5.,42.5));
#3619 = VECTOR('',#3620,1.);
#3620 = DIRECTION('',(5.727162972937E-17,0.936521153076,-0.350611080602)
  );
#3621 = PCURVE('',#2271,#3622);
#3622 = DEFINITIONAL_REPRESENTATION('',(#3623),#3627);
#3623 = LINE('',#3624,#3625);
#3624 = CARTESIAN_POINT('',(5.,37.5));
#3625 = VECTOR('',#3626,1.);
#3626 = DIRECTION('',(-0.936521153076,-0.350611080602));
#3627 = ( GEOMETRIC_REPRESENTATION_CONTEXT(2) 
PARAMETRIC_REPRESENTATION_CONTEXT() REPRESENTATION_CONTEXT('2D SPACE',''
  ) );
#3628 = PCURVE('',#3629,#3634);
#3629 = PLANE('',#3630);
#3630 = AXIS2_PLACEMENT_3D('',#3631,#3632,#3633);
#3631 = CARTESIAN_POINT('',(-78.4,-5.,42.5));
#3632 = DIRECTION('',(-2.144112593862E-17,-0.350611080602,
    -0.936521153076));
#3633 = DIRECTION('',(5.794514502529E-34,0.936521153076,-0.350611080602)
  );
#3634 = DEFINITIONAL_REPRESENTATION('',(#3635),#3639);
#3635 = LINE('',#3636,#3637);
#3636 = CARTESIAN_POINT('',(-8.317978777548E-16,97.));
#3637 = VECTOR('',#3638,1.);
#3638 = DIRECTION('',(1.,5.727162972937E-17));
#3639 = ( GEOMETRIC_REPRESENTATION_CONTEXT(2) 
PARAMETRIC_REPRESENTATION_CONTEXT() REPRESENTATION_CONTEXT('2D SPACE',''
  ) );
#3640 = ORIENTED_EDGE('',*,*,#3641,.T.);
#3641 = EDGE_CURVE('',#3614,#3642,#3644,.T.);
#3642 = VERTEX_POINT('',#3643);
#3643 = CARTESIAN_POINT('',(18.6,-37.48362875257,65.));
#3644 = SURFACE_CURVE('',#3645,(#3650,#3657),.PCURVE_S1.);
#3645 = CIRCLE('',#3646,5.);
#3646 = AXIS2_PLACEMENT_3D('',#3647,#3648,#3649);
#3647 = CARTESIAN_POINT('',(18.6,-37.48362875257,60.));
#3648 = DIRECTION('',(-1.,6.115358904736E-17,0.));
#3649 = DIRECTION('',(-6.115358904736E-17,-1.,0.));
#3650 = PCURVE('',#2271,#3651);
#3651 = DEFINITIONAL_REPRESENTATION('',(#3652),#3656);
#3652 = CIRCLE('',#3653,5.);
#3653 = AXIS2_PLACEMENT_2D('',#3654,#3655);
#3654 = CARTESIAN_POINT('',(37.483628752573,55.));
#3655 = DIRECTION('',(1.,0.));
#3656 = ( GEOMETRIC_REPRESENTATION_CONTEXT(2) 
PARAMETRIC_REPRESENTATION_CONTEXT() REPRESENTATION_CONTEXT('2D SPACE',''
  ) );
#3657 = PCURVE('',#3658,#3663);
#3658 = CYLINDRICAL_SURFACE('',#3659,5.);
#3659 = AXIS2_PLACEMENT_3D('',#3660,#3661,#3662);
#3660 = CARTESIAN_POINT('',(-78.4,-37.48362875257,60.));
#3661 = DIRECTION('',(1.,-6.115358904736E-17,-9.757646059101E-49));
#3662 = DIRECTION('',(-6.017527383368E-17,-0.984002325474,0.178155615859
    ));
#3663 = DEFINITIONAL_REPRESENTATION('',(#3664),#3668);
#3664 = LINE('',#3665,#3666);
#3665 = CARTESIAN_POINT('',(6.462297069481,97.));
#3666 = VECTOR('',#3667,1.);
#3667 = DIRECTION('',(-1.,0.));
#3668 = ( GEOMETRIC_REPRESENTATION_CONTEXT(2) 
PARAMETRIC_REPRESENTATION_CONTEXT() REPRESENTATION_CONTEXT('2D SPACE',''
  ) );
#3669 = ORIENTED_EDGE('',*,*,#3670,.T.);
#3670 = EDGE_CURVE('',#3642,#3671,#3673,.T.);
#3671 = VERTEX_POINT('',#3672);
#3672 = CARTESIAN_POINT('',(18.6,60.1,65.));
#3673 = SURFACE_CURVE('',#3674,(#3678,#3685),.PCURVE_S1.);
#3674 = LINE('',#3675,#3676);
#3675 = CARTESIAN_POINT('',(18.6,1.387778780781E-14,65.));
#3676 = VECTOR('',#3677,1.);
#3677 = DIRECTION('',(6.115358904736E-17,1.,2.131764640217E-16));
#3678 = PCURVE('',#2271,#3679);
#3679 = DEFINITIONAL_REPRESENTATION('',(#3680),#3684);
#3680 = LINE('',#3681,#3682);
#3681 = CARTESIAN_POINT('',(0.,60.));
#3682 = VECTOR('',#3683,1.);
#3683 = DIRECTION('',(-1.,2.131764640217E-16));
#3684 = ( GEOMETRIC_REPRESENTATION_CONTEXT(2) 
PARAMETRIC_REPRESENTATION_CONTEXT() REPRESENTATION_CONTEXT('2D SPACE',''
  ) );
#3685 = PCURVE('',#3686,#3691);
#3686 = PLANE('',#3687);
#3687 = AXIS2_PLACEMENT_3D('',#3688,#3689,#3690);
#3688 = CARTESIAN_POINT('',(-78.4,1.980968594541E-14,65.));
#3689 = DIRECTION('',(1.303650587535E-32,2.131764640217E-16,-1.));
#3690 = DIRECTION('',(1.5804385645E-64,1.,2.131764640217E-16));
#3691 = DEFINITIONAL_REPRESENTATION('',(#3692),#3696);
#3692 = LINE('',#3693,#3694);
#3693 = CARTESIAN_POINT('',(-5.931898137594E-15,97.));
#3694 = VECTOR('',#3695,1.);
#3695 = DIRECTION('',(1.,6.115358904736E-17));
#3696 = ( GEOMETRIC_REPRESENTATION_CONTEXT(2) 
PARAMETRIC_REPRESENTATION_CONTEXT() REPRESENTATION_CONTEXT('2D SPACE',''
  ) );
#3697 = ORIENTED_EDGE('',*,*,#3698,.T.);
#3698 = EDGE_CURVE('',#3671,#3699,#3701,.T.);
#3699 = VERTEX_POINT('',#3700);
#3700 = CARTESIAN_POINT('',(18.6,65.1,60.));
#3701 = SURFACE_CURVE('',#3702,(#3707,#3714),.PCURVE_S1.);
#3702 = CIRCLE('',#3703,5.);
#3703 = AXIS2_PLACEMENT_3D('',#3704,#3705,#3706);
#3704 = CARTESIAN_POINT('',(18.6,60.1,60.));
#3705 = DIRECTION('',(-1.,6.115358904736E-17,0.));
#3706 = DIRECTION('',(-6.115358904736E-17,-1.,0.));
#3707 = PCURVE('',#2271,#3708);
#3708 = DEFINITIONAL_REPRESENTATION('',(#3709),#3713);
#3709 = CIRCLE('',#3710,5.);
#3710 = AXIS2_PLACEMENT_2D('',#3711,#3712);
#3711 = CARTESIAN_POINT('',(-60.1,55.));
#3712 = DIRECTION('',(1.,0.));
#3713 = ( GEOMETRIC_REPRESENTATION_CONTEXT(2) 
PARAMETRIC_REPRESENTATION_CONTEXT() REPRESENTATION_CONTEXT('2D SPACE',''
  ) );
#3714 = PCURVE('',#3715,#3720);
#3715 = CYLINDRICAL_SURFACE('',#3716,5.);
#3716 = AXIS2_PLACEMENT_3D('',#3717,#3718,#3719);
#3717 = CARTESIAN_POINT('',(-78.4,60.1,60.));
#3718 = DIRECTION('',(-1.,6.115358904736E-17,6.077163357286E-64));
#3719 = DIRECTION('',(-6.115358904736E-17,-1.,0.));
#3720 = DEFINITIONAL_REPRESENTATION('',(#3721),#3725);
#3721 = LINE('',#3722,#3723);
#3722 = CARTESIAN_POINT('',(1.554312234475E-15,-97.));
#3723 = VECTOR('',#3724,1.);
#3724 = DIRECTION('',(1.,0.));
#3725 = ( GEOMETRIC_REPRESENTATION_CONTEXT(2) 
PARAMETRIC_REPRESENTATION_CONTEXT() REPRESENTATION_CONTEXT('2D SPACE',''
  ) );
#3726 = ORIENTED_EDGE('',*,*,#3727,.T.);
#3727 = EDGE_CURVE('',#3699,#3728,#3730,.T.);
#3728 = VERTEX_POINT('',#3729);
#3729 = CARTESIAN_POINT('',(18.6,65.1,25.));
#3730 = SURFACE_CURVE('',#3731,(#3735,#3742),.PCURVE_S1.);
#3731 = LINE('',#3732,#3733);
#3732 = CARTESIAN_POINT('',(18.6,65.1,42.5));
#3733 = VECTOR('',#3734,1.);
#3734 = DIRECTION('',(0.,0.,-1.));
#3735 = PCURVE('',#2271,#3736);
#3736 = DEFINITIONAL_REPRESENTATION('',(#3737),#3741);
#3737 = LINE('',#3738,#3739);
#3738 = CARTESIAN_POINT('',(-65.1,37.5));
#3739 = VECTOR('',#3740,1.);
#3740 = DIRECTION('',(-0.,-1.));
#3741 = ( GEOMETRIC_REPRESENTATION_CONTEXT(2) 
PARAMETRIC_REPRESENTATION_CONTEXT() REPRESENTATION_CONTEXT('2D SPACE',''
  ) );
#3742 = PCURVE('',#3743,#3748);
#3743 = PLANE('',#3744);
#3744 = AXIS2_PLACEMENT_3D('',#3745,#3746,#3747);
#3745 = CARTESIAN_POINT('',(-78.4,65.1,42.5));
#3746 = DIRECTION('',(-6.115358904736E-17,-1.,0.));
#3747 = DIRECTION('',(1.,-6.115358904736E-17,0.));
#3748 = DEFINITIONAL_REPRESENTATION('',(#3749),#3753);
#3749 = LINE('',#3750,#3751);
#3750 = CARTESIAN_POINT('',(97.,0.));
#3751 = VECTOR('',#3752,1.);
#3752 = DIRECTION('',(0.,-1.));
#3753 = ( GEOMETRIC_REPRESENTATION_CONTEXT(2) 
PARAMETRIC_REPRESENTATION_CONTEXT() REPRESENTATION_CONTEXT('2D SPACE',''
  ) );
#3754 = ORIENTED_EDGE('',*,*,#3755,.T.);
#3755 = EDGE_CURVE('',#3728,#3557,#3756,.T.);
#3756 = SURFACE_CURVE('',#3757,(#3762,#3769),.PCURVE_S1.);
#3757 = CIRCLE('',#3758,5.);
#3758 = AXIS2_PLACEMENT_3D('',#3759,#3760,#3761);
#3759 = CARTESIAN_POINT('',(18.6,60.1,25.));
#3760 = DIRECTION('',(-1.,6.115358904736E-17,0.));
#3761 = DIRECTION('',(-6.115358904736E-17,-1.,0.));
#3762 = PCURVE('',#2271,#3763);
#3763 = DEFINITIONAL_REPRESENTATION('',(#3764),#3768);
#3764 = CIRCLE('',#3765,5.);
#3765 = AXIS2_PLACEMENT_2D('',#3766,#3767);
#3766 = CARTESIAN_POINT('',(-60.1,20.));
#3767 = DIRECTION('',(1.,0.));
#3768 = ( GEOMETRIC_REPRESENTATION_CONTEXT(2) 
PARAMETRIC_REPRESENTATION_CONTEXT() REPRESENTATION_CONTEXT('2D SPACE',''
  ) );
#3769 = PCURVE('',#3770,#3775);
#3770 = CYLINDRICAL_SURFACE('',#3771,5.);
#3771 = AXIS2_PLACEMENT_3D('',#3772,#3773,#3774);
#3772 = CARTESIAN_POINT('',(-78.4,60.1,25.));
#3773 = DIRECTION('',(1.,-6.115358904736E-17,0.));
#3774 = DIRECTION('',(6.115358904736E-17,1.,0.));
#3775 = DEFINITIONAL_REPRESENTATION('',(#3776),#3780);
#3776 = LINE('',#3777,#3778);
#3777 = CARTESIAN_POINT('',(9.424777960769,97.));
#3778 = VECTOR('',#3779,1.);
#3779 = DIRECTION('',(-1.,0.));
#3780 = ( GEOMETRIC_REPRESENTATION_CONTEXT(2) 
PARAMETRIC_REPRESENTATION_CONTEXT() REPRESENTATION_CONTEXT('2D SPACE',''
  ) );
#3781 = ADVANCED_FACE('',(#3782,#4046,#4251),#954,.F.);
#3782 = FACE_BOUND('',#3783,.T.);
#3783 = EDGE_LOOP('',(#3784,#3785,#3808,#3837,#3865,#3894,#3917,#3946,
    #3974,#4003,#4024,#4025));
#3784 = ORIENTED_EDGE('',*,*,#938,.T.);
#3785 = ORIENTED_EDGE('',*,*,#3786,.T.);
#3786 = EDGE_CURVE('',#910,#3787,#3789,.T.);
#3787 = VERTEX_POINT('',#3788);
#3788 = CARTESIAN_POINT('',(-13.6,-76.1,10.));
#3789 = SURFACE_CURVE('',#3790,(#3794,#3801),.PCURVE_S1.);
#3790 = LINE('',#3791,#3792);
#3791 = CARTESIAN_POINT('',(-13.6,0.,10.));
#3792 = VECTOR('',#3793,1.);
#3793 = DIRECTION('',(6.497091670325E-17,1.,0.));
#3794 = PCURVE('',#954,#3795);
#3795 = DEFINITIONAL_REPRESENTATION('',(#3796),#3800);
#3796 = LINE('',#3797,#3798);
#3797 = CARTESIAN_POINT('',(-0.,-75.));
#3798 = VECTOR('',#3799,1.);
#3799 = DIRECTION('',(-1.,0.));
#3800 = ( GEOMETRIC_REPRESENTATION_CONTEXT(2) 
PARAMETRIC_REPRESENTATION_CONTEXT() REPRESENTATION_CONTEXT('2D SPACE',''
  ) );
#3801 = PCURVE('',#926,#3802);
#3802 = DEFINITIONAL_REPRESENTATION('',(#3803),#3807);
#3803 = LINE('',#3804,#3805);
#3804 = CARTESIAN_POINT('',(6.28318530718,0.));
#3805 = VECTOR('',#3806,1.);
#3806 = DIRECTION('',(0.,1.));
#3807 = ( GEOMETRIC_REPRESENTATION_CONTEXT(2) 
PARAMETRIC_REPRESENTATION_CONTEXT() REPRESENTATION_CONTEXT('2D SPACE',''
  ) );
#3808 = ORIENTED_EDGE('',*,*,#3809,.T.);
#3809 = EDGE_CURVE('',#3787,#3810,#3812,.T.);
#3810 = VERTEX_POINT('',#3811);
#3811 = CARTESIAN_POINT('',(-13.6,-70.1,4.));
#3812 = SURFACE_CURVE('',#3813,(#3818,#3825),.PCURVE_S1.);
#3813 = CIRCLE('',#3814,6.);
#3814 = AXIS2_PLACEMENT_3D('',#3815,#3816,#3817);
#3815 = CARTESIAN_POINT('',(-13.6,-76.1,4.));
#3816 = DIRECTION('',(-1.,6.497091670325E-17,0.));
#3817 = DIRECTION('',(-6.497091670325E-17,-1.,0.));
#3818 = PCURVE('',#954,#3819);
#3819 = DEFINITIONAL_REPRESENTATION('',(#3820),#3824);
#3820 = CIRCLE('',#3821,6.);
#3821 = AXIS2_PLACEMENT_2D('',#3822,#3823);
#3822 = CARTESIAN_POINT('',(76.1,-81.));
#3823 = DIRECTION('',(1.,0.));
#3824 = ( GEOMETRIC_REPRESENTATION_CONTEXT(2) 
PARAMETRIC_REPRESENTATION_CONTEXT() REPRESENTATION_CONTEXT('2D SPACE',''
  ) );
#3825 = PCURVE('',#3826,#3831);
#3826 = TOROIDAL_SURFACE('',#3827,6.,5.);
#3827 = AXIS2_PLACEMENT_3D('',#3828,#3829,#3830);
#3828 = CARTESIAN_POINT('',(-8.6,-76.1,4.));
#3829 = DIRECTION('',(-1.,6.497091670325E-17,0.));
#3830 = DIRECTION('',(-6.497091670325E-17,-1.,0.));
#3831 = DEFINITIONAL_REPRESENTATION('',(#3832),#3836);
#3832 = LINE('',#3833,#3834);
#3833 = CARTESIAN_POINT('',(0.,1.570796326795));
#3834 = VECTOR('',#3835,1.);
#3835 = DIRECTION('',(1.,0.));
#3836 = ( GEOMETRIC_REPRESENTATION_CONTEXT(2) 
PARAMETRIC_REPRESENTATION_CONTEXT() REPRESENTATION_CONTEXT('2D SPACE',''
  ) );
#3837 = ORIENTED_EDGE('',*,*,#3838,.T.);
#3838 = EDGE_CURVE('',#3810,#3839,#3841,.T.);
#3839 = VERTEX_POINT('',#3840);
#3840 = CARTESIAN_POINT('',(-13.6,-70.1,1.));
#3841 = SURFACE_CURVE('',#3842,(#3846,#3853),.PCURVE_S1.);
#3842 = LINE('',#3843,#3844);
#3843 = CARTESIAN_POINT('',(-13.6,-70.1,1.));
#3844 = VECTOR('',#3845,1.);
#3845 = DIRECTION('',(0.,0.,-1.));
#3846 = PCURVE('',#954,#3847);
#3847 = DEFINITIONAL_REPRESENTATION('',(#3848),#3852);
#3848 = LINE('',#3849,#3850);
#3849 = CARTESIAN_POINT('',(70.1,-84.));
#3850 = VECTOR('',#3851,1.);
#3851 = DIRECTION('',(-0.,-1.));
#3852 = ( GEOMETRIC_REPRESENTATION_CONTEXT(2) 
PARAMETRIC_REPRESENTATION_CONTEXT() REPRESENTATION_CONTEXT('2D SPACE',''
  ) );
#3853 = PCURVE('',#3854,#3859);
#3854 = CYLINDRICAL_SURFACE('',#3855,5.);
#3855 = AXIS2_PLACEMENT_3D('',#3856,#3857,#3858);
#3856 = CARTESIAN_POINT('',(-8.6,-70.1,85.));
#3857 = DIRECTION('',(0.,0.,1.));
#3858 = DIRECTION('',(1.,0.,-0.));
#3859 = DEFINITIONAL_REPRESENTATION('',(#3860),#3864);
#3860 = LINE('',#3861,#3862);
#3861 = CARTESIAN_POINT('',(3.14159265359,-84.));
#3862 = VECTOR('',#3863,1.);
#3863 = DIRECTION('',(0.,-1.));
#3864 = ( GEOMETRIC_REPRESENTATION_CONTEXT(2) 
PARAMETRIC_REPRESENTATION_CONTEXT() REPRESENTATION_CONTEXT('2D SPACE',''
  ) );
#3865 = ORIENTED_EDGE('',*,*,#3866,.T.);
#3866 = EDGE_CURVE('',#3839,#3867,#3869,.T.);
#3867 = VERTEX_POINT('',#3868);
#3868 = CARTESIAN_POINT('',(-13.6,-70.1839202169,0.));
#3869 = SURFACE_CURVE('',#3870,(#3875,#3882),.PCURVE_S1.);
#3870 = CIRCLE('',#3871,6.);
#3871 = AXIS2_PLACEMENT_3D('',#3872,#3873,#3874);
#3872 = CARTESIAN_POINT('',(-13.6,-76.1,1.));
#3873 = DIRECTION('',(-1.,6.497091670325E-17,0.));
#3874 = DIRECTION('',(-6.497091670325E-17,-1.,0.));
#3875 = PCURVE('',#954,#3876);
#3876 = DEFINITIONAL_REPRESENTATION('',(#3877),#3881);
#3877 = CIRCLE('',#3878,6.);
#3878 = AXIS2_PLACEMENT_2D('',#3879,#3880);
#3879 = CARTESIAN_POINT('',(76.1,-84.));
#3880 = DIRECTION('',(1.,0.));
#3881 = ( GEOMETRIC_REPRESENTATION_CONTEXT(2) 
PARAMETRIC_REPRESENTATION_CONTEXT() REPRESENTATION_CONTEXT('2D SPACE',''
  ) );
#3882 = PCURVE('',#3883,#3888);
#3883 = TOROIDAL_SURFACE('',#3884,6.,5.);
#3884 = AXIS2_PLACEMENT_3D('',#3885,#3886,#3887);
#3885 = CARTESIAN_POINT('',(-8.6,-76.1,1.));
#3886 = DIRECTION('',(-1.,6.497091670325E-17,0.));
#3887 = DIRECTION('',(-6.497091670325E-17,-1.,0.));
#3888 = DEFINITIONAL_REPRESENTATION('',(#3889),#3893);
#3889 = LINE('',#3890,#3891);
#3890 = CARTESIAN_POINT('',(0.,1.570796326795));
#3891 = VECTOR('',#3892,1.);
#3892 = DIRECTION('',(1.,-3.978151423888E-15));
#3893 = ( GEOMETRIC_REPRESENTATION_CONTEXT(2) 
PARAMETRIC_REPRESENTATION_CONTEXT() REPRESENTATION_CONTEXT('2D SPACE',''
  ) );
#3894 = ORIENTED_EDGE('',*,*,#3895,.T.);
#3895 = EDGE_CURVE('',#3867,#3896,#3898,.T.);
#3896 = VERTEX_POINT('',#3897);
#3897 = CARTESIAN_POINT('',(-13.6,70.1839202169,0.));
#3898 = SURFACE_CURVE('',#3899,(#3903,#3910),.PCURVE_S1.);
#3899 = LINE('',#3900,#3901);
#3900 = CARTESIAN_POINT('',(-13.6,0.,0.));
#3901 = VECTOR('',#3902,1.);
#3902 = DIRECTION('',(6.497091670325E-17,1.,0.));
#3903 = PCURVE('',#954,#3904);
#3904 = DEFINITIONAL_REPRESENTATION('',(#3905),#3909);
#3905 = LINE('',#3906,#3907);
#3906 = CARTESIAN_POINT('',(-0.,-85.));
#3907 = VECTOR('',#3908,1.);
#3908 = DIRECTION('',(-1.,0.));
#3909 = ( GEOMETRIC_REPRESENTATION_CONTEXT(2) 
PARAMETRIC_REPRESENTATION_CONTEXT() REPRESENTATION_CONTEXT('2D SPACE',''
  ) );
#3910 = PCURVE('',#66,#3911);
#3911 = DEFINITIONAL_REPRESENTATION('',(#3912),#3916);
#3912 = LINE('',#3913,#3914);
#3913 = CARTESIAN_POINT('',(-13.6,0.));
#3914 = VECTOR('',#3915,1.);
#3915 = DIRECTION('',(6.497091670325E-17,1.));
#3916 = ( GEOMETRIC_REPRESENTATION_CONTEXT(2) 
PARAMETRIC_REPRESENTATION_CONTEXT() REPRESENTATION_CONTEXT('2D SPACE',''
  ) );
#3917 = ORIENTED_EDGE('',*,*,#3918,.T.);
#3918 = EDGE_CURVE('',#3896,#3919,#3921,.T.);
#3919 = VERTEX_POINT('',#3920);
#3920 = CARTESIAN_POINT('',(-13.6,70.1,1.));
#3921 = SURFACE_CURVE('',#3922,(#3927,#3934),.PCURVE_S1.);
#3922 = CIRCLE('',#3923,6.);
#3923 = AXIS2_PLACEMENT_3D('',#3924,#3925,#3926);
#3924 = CARTESIAN_POINT('',(-13.6,76.1,1.));
#3925 = DIRECTION('',(-1.,6.497091670325E-17,0.));
#3926 = DIRECTION('',(-6.497091670325E-17,-1.,0.));
#3927 = PCURVE('',#954,#3928);
#3928 = DEFINITIONAL_REPRESENTATION('',(#3929),#3933);
#3929 = CIRCLE('',#3930,6.);
#3930 = AXIS2_PLACEMENT_2D('',#3931,#3932);
#3931 = CARTESIAN_POINT('',(-76.1,-84.));
#3932 = DIRECTION('',(1.,0.));
#3933 = ( GEOMETRIC_REPRESENTATION_CONTEXT(2) 
PARAMETRIC_REPRESENTATION_CONTEXT() REPRESENTATION_CONTEXT('2D SPACE',''
  ) );
#3934 = PCURVE('',#3935,#3940);
#3935 = TOROIDAL_SURFACE('',#3936,6.,5.);
#3936 = AXIS2_PLACEMENT_3D('',#3937,#3938,#3939);
#3937 = CARTESIAN_POINT('',(-8.6,76.1,1.));
#3938 = DIRECTION('',(-1.,6.497091670325E-17,0.));
#3939 = DIRECTION('',(-6.497091670325E-17,-1.,0.));
#3940 = DEFINITIONAL_REPRESENTATION('',(#3941),#3945);
#3941 = LINE('',#3942,#3943);
#3942 = CARTESIAN_POINT('',(0.,1.570796326795));
#3943 = VECTOR('',#3944,1.);
#3944 = DIRECTION('',(1.,3.978151423888E-15));
#3945 = ( GEOMETRIC_REPRESENTATION_CONTEXT(2) 
PARAMETRIC_REPRESENTATION_CONTEXT() REPRESENTATION_CONTEXT('2D SPACE',''
  ) );
#3946 = ORIENTED_EDGE('',*,*,#3947,.F.);
#3947 = EDGE_CURVE('',#3948,#3919,#3950,.T.);
#3948 = VERTEX_POINT('',#3949);
#3949 = CARTESIAN_POINT('',(-13.6,70.1,4.));
#3950 = SURFACE_CURVE('',#3951,(#3955,#3962),.PCURVE_S1.);
#3951 = LINE('',#3952,#3953);
#3952 = CARTESIAN_POINT('',(-13.6,70.1,85.));
#3953 = VECTOR('',#3954,1.);
#3954 = DIRECTION('',(0.,0.,-1.));
#3955 = PCURVE('',#954,#3956);
#3956 = DEFINITIONAL_REPRESENTATION('',(#3957),#3961);
#3957 = LINE('',#3958,#3959);
#3958 = CARTESIAN_POINT('',(-70.1,0.));
#3959 = VECTOR('',#3960,1.);
#3960 = DIRECTION('',(-0.,-1.));
#3961 = ( GEOMETRIC_REPRESENTATION_CONTEXT(2) 
PARAMETRIC_REPRESENTATION_CONTEXT() REPRESENTATION_CONTEXT('2D SPACE',''
  ) );
#3962 = PCURVE('',#3963,#3968);
#3963 = CYLINDRICAL_SURFACE('',#3964,5.);
#3964 = AXIS2_PLACEMENT_3D('',#3965,#3966,#3967);
#3965 = CARTESIAN_POINT('',(-8.6,70.1,25.));
#3966 = DIRECTION('',(0.,0.,-1.));
#3967 = DIRECTION('',(-1.,0.,0.));
#3968 = DEFINITIONAL_REPRESENTATION('',(#3969),#3973);
#3969 = LINE('',#3970,#3971);
#3970 = CARTESIAN_POINT('',(0.,-60.));
#3971 = VECTOR('',#3972,1.);
#3972 = DIRECTION('',(0.,1.));
#3973 = ( GEOMETRIC_REPRESENTATION_CONTEXT(2) 
PARAMETRIC_REPRESENTATION_CONTEXT() REPRESENTATION_CONTEXT('2D SPACE',''
  ) );
#3974 = ORIENTED_EDGE('',*,*,#3975,.T.);
#3975 = EDGE_CURVE('',#3948,#3976,#3978,.T.);
#3976 = VERTEX_POINT('',#3977);
#3977 = CARTESIAN_POINT('',(-13.6,76.1,10.));
#3978 = SURFACE_CURVE('',#3979,(#3984,#3991),.PCURVE_S1.);
#3979 = CIRCLE('',#3980,6.);
#3980 = AXIS2_PLACEMENT_3D('',#3981,#3982,#3983);
#3981 = CARTESIAN_POINT('',(-13.6,76.1,4.));
#3982 = DIRECTION('',(-1.,6.497091670325E-17,0.));
#3983 = DIRECTION('',(-6.497091670325E-17,-1.,0.));
#3984 = PCURVE('',#954,#3985);
#3985 = DEFINITIONAL_REPRESENTATION('',(#3986),#3990);
#3986 = CIRCLE('',#3987,6.);
#3987 = AXIS2_PLACEMENT_2D('',#3988,#3989);
#3988 = CARTESIAN_POINT('',(-76.1,-81.));
#3989 = DIRECTION('',(1.,0.));
#3990 = ( GEOMETRIC_REPRESENTATION_CONTEXT(2) 
PARAMETRIC_REPRESENTATION_CONTEXT() REPRESENTATION_CONTEXT('2D SPACE',''
  ) );
#3991 = PCURVE('',#3992,#3997);
#3992 = TOROIDAL_SURFACE('',#3993,6.,5.);
#3993 = AXIS2_PLACEMENT_3D('',#3994,#3995,#3996);
#3994 = CARTESIAN_POINT('',(-8.6,76.1,4.));
#3995 = DIRECTION('',(-1.,6.497091670325E-17,0.));
#3996 = DIRECTION('',(-6.497091670325E-17,-1.,0.));
#3997 = DEFINITIONAL_REPRESENTATION('',(#3998),#4002);
#3998 = LINE('',#3999,#4000);
#3999 = CARTESIAN_POINT('',(0.,1.570796326795));
#4000 = VECTOR('',#4001,1.);
#4001 = DIRECTION('',(1.,0.));
#4002 = ( GEOMETRIC_REPRESENTATION_CONTEXT(2) 
PARAMETRIC_REPRESENTATION_CONTEXT() REPRESENTATION_CONTEXT('2D SPACE',''
  ) );
#4003 = ORIENTED_EDGE('',*,*,#4004,.T.);
#4004 = EDGE_CURVE('',#3976,#1346,#4005,.T.);
#4005 = SURFACE_CURVE('',#4006,(#4010,#4017),.PCURVE_S1.);
#4006 = LINE('',#4007,#4008);
#4007 = CARTESIAN_POINT('',(-13.6,0.,10.));
#4008 = VECTOR('',#4009,1.);
#4009 = DIRECTION('',(6.497091670325E-17,1.,0.));
#4010 = PCURVE('',#954,#4011);
#4011 = DEFINITIONAL_REPRESENTATION('',(#4012),#4016);
#4012 = LINE('',#4013,#4014);
#4013 = CARTESIAN_POINT('',(-0.,-75.));
#4014 = VECTOR('',#4015,1.);
#4015 = DIRECTION('',(-1.,0.));
#4016 = ( GEOMETRIC_REPRESENTATION_CONTEXT(2) 
PARAMETRIC_REPRESENTATION_CONTEXT() REPRESENTATION_CONTEXT('2D SPACE',''
  ) );
#4017 = PCURVE('',#1385,#4018);
#4018 = DEFINITIONAL_REPRESENTATION('',(#4019),#4023);
#4019 = LINE('',#4020,#4021);
#4020 = CARTESIAN_POINT('',(6.28318530718,0.));
#4021 = VECTOR('',#4022,1.);
#4022 = DIRECTION('',(0.,1.));
#4023 = ( GEOMETRIC_REPRESENTATION_CONTEXT(2) 
PARAMETRIC_REPRESENTATION_CONTEXT() REPRESENTATION_CONTEXT('2D SPACE',''
  ) );
#4024 = ORIENTED_EDGE('',*,*,#1345,.F.);
#4025 = ORIENTED_EDGE('',*,*,#4026,.F.);
#4026 = EDGE_CURVE('',#939,#1323,#4027,.T.);
#4027 = SURFACE_CURVE('',#4028,(#4032,#4039),.PCURVE_S1.);
#4028 = LINE('',#4029,#4030);
#4029 = CARTESIAN_POINT('',(-13.6,0.,85.));
#4030 = VECTOR('',#4031,1.);
#4031 = DIRECTION('',(6.497091670325E-17,1.,0.));
#4032 = PCURVE('',#954,#4033);
#4033 = DEFINITIONAL_REPRESENTATION('',(#4034),#4038);
#4034 = LINE('',#4035,#4036);
#4035 = CARTESIAN_POINT('',(0.,0.));
#4036 = VECTOR('',#4037,1.);
#4037 = DIRECTION('',(-1.,0.));
#4038 = ( GEOMETRIC_REPRESENTATION_CONTEXT(2) 
PARAMETRIC_REPRESENTATION_CONTEXT() REPRESENTATION_CONTEXT('2D SPACE',''
  ) );
#4039 = PCURVE('',#982,#4040);
#4040 = DEFINITIONAL_REPRESENTATION('',(#4041),#4045);
#4041 = LINE('',#4042,#4043);
#4042 = CARTESIAN_POINT('',(-13.6,0.));
#4043 = VECTOR('',#4044,1.);
#4044 = DIRECTION('',(6.497091670325E-17,1.));
#4045 = ( GEOMETRIC_REPRESENTATION_CONTEXT(2) 
PARAMETRIC_REPRESENTATION_CONTEXT() REPRESENTATION_CONTEXT('2D SPACE',''
  ) );
#4046 = FACE_BOUND('',#4047,.T.);
#4047 = EDGE_LOOP('',(#4048,#4078,#4107,#4130,#4154,#4177,#4201,#4224));
#4048 = ORIENTED_EDGE('',*,*,#4049,.F.);
#4049 = EDGE_CURVE('',#4050,#4052,#4054,.T.);
#4050 = VERTEX_POINT('',#4051);
#4051 = CARTESIAN_POINT('',(-13.6,65.1,25.));
#4052 = VERTEX_POINT('',#4053);
#4053 = CARTESIAN_POINT('',(-13.6,65.1,60.));
#4054 = SURFACE_CURVE('',#4055,(#4059,#4066),.PCURVE_S1.);
#4055 = LINE('',#4056,#4057);
#4056 = CARTESIAN_POINT('',(-13.6,65.1,85.));
#4057 = VECTOR('',#4058,1.);
#4058 = DIRECTION('',(0.,0.,1.));
#4059 = PCURVE('',#954,#4060);
#4060 = DEFINITIONAL_REPRESENTATION('',(#4061),#4065);
#4061 = LINE('',#4062,#4063);
#4062 = CARTESIAN_POINT('',(-65.1,0.));
#4063 = VECTOR('',#4064,1.);
#4064 = DIRECTION('',(0.,1.));
#4065 = ( GEOMETRIC_REPRESENTATION_CONTEXT(2) 
PARAMETRIC_REPRESENTATION_CONTEXT() REPRESENTATION_CONTEXT('2D SPACE',''
  ) );
#4066 = PCURVE('',#4067,#4072);
#4067 = PLANE('',#4068);
#4068 = AXIS2_PLACEMENT_3D('',#4069,#4070,#4071);
#4069 = CARTESIAN_POINT('',(-78.4,65.1,42.5));
#4070 = DIRECTION('',(-6.115358904736E-17,-1.,0.));
#4071 = DIRECTION('',(1.,-6.115358904736E-17,0.));
#4072 = DEFINITIONAL_REPRESENTATION('',(#4073),#4077);
#4073 = LINE('',#4074,#4075);
#4074 = CARTESIAN_POINT('',(64.8,42.5));
#4075 = VECTOR('',#4076,1.);
#4076 = DIRECTION('',(0.,1.));
#4077 = ( GEOMETRIC_REPRESENTATION_CONTEXT(2) 
PARAMETRIC_REPRESENTATION_CONTEXT() REPRESENTATION_CONTEXT('2D SPACE',''
  ) );
#4078 = ORIENTED_EDGE('',*,*,#4079,.T.);
#4079 = EDGE_CURVE('',#4050,#4080,#4082,.T.);
#4080 = VERTEX_POINT('',#4081);
#4081 = CARTESIAN_POINT('',(-13.6,60.1,20.));
#4082 = SURFACE_CURVE('',#4083,(#4088,#4095),.PCURVE_S1.);
#4083 = CIRCLE('',#4084,5.);
#4084 = AXIS2_PLACEMENT_3D('',#4085,#4086,#4087);
#4085 = CARTESIAN_POINT('',(-13.6,60.1,25.));
#4086 = DIRECTION('',(-1.,6.497091670325E-17,0.));
#4087 = DIRECTION('',(-6.497091670325E-17,-1.,0.));
#4088 = PCURVE('',#954,#4089);
#4089 = DEFINITIONAL_REPRESENTATION('',(#4090),#4094);
#4090 = CIRCLE('',#4091,5.);
#4091 = AXIS2_PLACEMENT_2D('',#4092,#4093);
#4092 = CARTESIAN_POINT('',(-60.1,-60.));
#4093 = DIRECTION('',(1.,0.));
#4094 = ( GEOMETRIC_REPRESENTATION_CONTEXT(2) 
PARAMETRIC_REPRESENTATION_CONTEXT() REPRESENTATION_CONTEXT('2D SPACE',''
  ) );
#4095 = PCURVE('',#4096,#4101);
#4096 = CYLINDRICAL_SURFACE('',#4097,5.);
#4097 = AXIS2_PLACEMENT_3D('',#4098,#4099,#4100);
#4098 = CARTESIAN_POINT('',(-78.4,60.1,25.));
#4099 = DIRECTION('',(1.,-6.115358904736E-17,0.));
#4100 = DIRECTION('',(6.115358904736E-17,1.,0.));
#4101 = DEFINITIONAL_REPRESENTATION('',(#4102),#4106);
#4102 = LINE('',#4103,#4104);
#4103 = CARTESIAN_POINT('',(9.424777960769,64.8));
#4104 = VECTOR('',#4105,1.);
#4105 = DIRECTION('',(-1.,0.));
#4106 = ( GEOMETRIC_REPRESENTATION_CONTEXT(2) 
PARAMETRIC_REPRESENTATION_CONTEXT() REPRESENTATION_CONTEXT('2D SPACE',''
  ) );
#4107 = ORIENTED_EDGE('',*,*,#4108,.T.);
#4108 = EDGE_CURVE('',#4080,#4109,#4111,.T.);
#4109 = VERTEX_POINT('',#4110);
#4110 = CARTESIAN_POINT('',(-13.6,56.005260136316,20.));
#4111 = SURFACE_CURVE('',#4112,(#4116,#4123),.PCURVE_S1.);
#4112 = LINE('',#4113,#4114);
#4113 = CARTESIAN_POINT('',(-13.6,0.,20.));
#4114 = VECTOR('',#4115,1.);
#4115 = DIRECTION('',(-6.497091670325E-17,-1.,0.));
#4116 = PCURVE('',#954,#4117);
#4117 = DEFINITIONAL_REPRESENTATION('',(#4118),#4122);
#4118 = LINE('',#4119,#4120);
#4119 = CARTESIAN_POINT('',(-0.,-65.));
#4120 = VECTOR('',#4121,1.);
#4121 = DIRECTION('',(1.,0.));
#4122 = ( GEOMETRIC_REPRESENTATION_CONTEXT(2) 
PARAMETRIC_REPRESENTATION_CONTEXT() REPRESENTATION_CONTEXT('2D SPACE',''
  ) );
#4123 = PCURVE('',#1633,#4124);
#4124 = DEFINITIONAL_REPRESENTATION('',(#4125),#4129);
#4125 = LINE('',#4126,#4127);
#4126 = CARTESIAN_POINT('',(-64.8,-60.1));
#4127 = VECTOR('',#4128,1.);
#4128 = DIRECTION('',(6.497091670325E-17,-1.));
#4129 = ( GEOMETRIC_REPRESENTATION_CONTEXT(2) 
PARAMETRIC_REPRESENTATION_CONTEXT() REPRESENTATION_CONTEXT('2D SPACE',''
  ) );
#4130 = ORIENTED_EDGE('',*,*,#4131,.T.);
#4131 = EDGE_CURVE('',#4109,#4132,#4134,.T.);
#4132 = VERTEX_POINT('',#4133);
#4133 = CARTESIAN_POINT('',(-13.6,54.252204733304,20.31739423462));
#4134 = SURFACE_CURVE('',#4135,(#4140,#4147),.PCURVE_S1.);
#4135 = CIRCLE('',#4136,5.);
#4136 = AXIS2_PLACEMENT_3D('',#4137,#4138,#4139);
#4137 = CARTESIAN_POINT('',(-13.6,56.005260136316,25.));
#4138 = DIRECTION('',(-1.,6.497091670325E-17,0.));
#4139 = DIRECTION('',(-6.497091670325E-17,-1.,0.));
#4140 = PCURVE('',#954,#4141);
#4141 = DEFINITIONAL_REPRESENTATION('',(#4142),#4146);
#4142 = CIRCLE('',#4143,5.);
#4143 = AXIS2_PLACEMENT_2D('',#4144,#4145);
#4144 = CARTESIAN_POINT('',(-56.00526013631,-60.));
#4145 = DIRECTION('',(1.,0.));
#4146 = ( GEOMETRIC_REPRESENTATION_CONTEXT(2) 
PARAMETRIC_REPRESENTATION_CONTEXT() REPRESENTATION_CONTEXT('2D SPACE',''
  ) );
#4147 = PCURVE('',#1605,#4148);
#4148 = DEFINITIONAL_REPRESENTATION('',(#4149),#4153);
#4149 = LINE('',#4150,#4151);
#4150 = CARTESIAN_POINT('',(-1.7763568394E-15,-64.8));
#4151 = VECTOR('',#4152,1.);
#4152 = DIRECTION('',(1.,0.));
#4153 = ( GEOMETRIC_REPRESENTATION_CONTEXT(2) 
PARAMETRIC_REPRESENTATION_CONTEXT() REPRESENTATION_CONTEXT('2D SPACE',''
  ) );
#4154 = ORIENTED_EDGE('',*,*,#4155,.T.);
#4155 = EDGE_CURVE('',#4132,#4156,#4158,.T.);
#4156 = VERTEX_POINT('',#4157);
#4157 = CARTESIAN_POINT('',(-13.6,-39.23668415558,55.31739423462));
#4158 = SURFACE_CURVE('',#4159,(#4163,#4170),.PCURVE_S1.);
#4159 = LINE('',#4160,#4161);
#4160 = CARTESIAN_POINT('',(-13.6,-14.5697151224,46.082672050818));
#4161 = VECTOR('',#4162,1.);
#4162 = DIRECTION('',(-6.084663782733E-17,-0.936521153076,0.350611080602
    ));
#4163 = PCURVE('',#954,#4164);
#4164 = DEFINITIONAL_REPRESENTATION('',(#4165),#4169);
#4165 = LINE('',#4166,#4167);
#4166 = CARTESIAN_POINT('',(14.569715122406,-38.91732794918));
#4167 = VECTOR('',#4168,1.);
#4168 = DIRECTION('',(0.936521153076,0.350611080602));
#4169 = ( GEOMETRIC_REPRESENTATION_CONTEXT(2) 
PARAMETRIC_REPRESENTATION_CONTEXT() REPRESENTATION_CONTEXT('2D SPACE',''
  ) );
#4170 = PCURVE('',#1576,#4171);
#4171 = DEFINITIONAL_REPRESENTATION('',(#4172),#4176);
#4172 = LINE('',#4173,#4174);
#4173 = CARTESIAN_POINT('',(-10.21836516022,64.8));
#4174 = VECTOR('',#4175,1.);
#4175 = DIRECTION('',(-1.,-6.084663782733E-17));
#4176 = ( GEOMETRIC_REPRESENTATION_CONTEXT(2) 
PARAMETRIC_REPRESENTATION_CONTEXT() REPRESENTATION_CONTEXT('2D SPACE',''
  ) );
#4177 = ORIENTED_EDGE('',*,*,#4178,.T.);
#4178 = EDGE_CURVE('',#4156,#4179,#4181,.T.);
#4179 = VERTEX_POINT('',#4180);
#4180 = CARTESIAN_POINT('',(-13.6,-37.48362875257,65.));
#4181 = SURFACE_CURVE('',#4182,(#4187,#4194),.PCURVE_S1.);
#4182 = CIRCLE('',#4183,5.);
#4183 = AXIS2_PLACEMENT_3D('',#4184,#4185,#4186);
#4184 = CARTESIAN_POINT('',(-13.6,-37.48362875257,60.));
#4185 = DIRECTION('',(-1.,6.497091670325E-17,0.));
#4186 = DIRECTION('',(-6.497091670325E-17,-1.,0.));
#4187 = PCURVE('',#954,#4188);
#4188 = DEFINITIONAL_REPRESENTATION('',(#4189),#4193);
#4189 = CIRCLE('',#4190,5.);
#4190 = AXIS2_PLACEMENT_2D('',#4191,#4192);
#4191 = CARTESIAN_POINT('',(37.483628752573,-25.));
#4192 = DIRECTION('',(1.,0.));
#4193 = ( GEOMETRIC_REPRESENTATION_CONTEXT(2) 
PARAMETRIC_REPRESENTATION_CONTEXT() REPRESENTATION_CONTEXT('2D SPACE',''
  ) );
#4194 = PCURVE('',#1548,#4195);
#4195 = DEFINITIONAL_REPRESENTATION('',(#4196),#4200);
#4196 = LINE('',#4197,#4198);
#4197 = CARTESIAN_POINT('',(6.462297069481,64.8));
#4198 = VECTOR('',#4199,1.);
#4199 = DIRECTION('',(-1.,0.));
#4200 = ( GEOMETRIC_REPRESENTATION_CONTEXT(2) 
PARAMETRIC_REPRESENTATION_CONTEXT() REPRESENTATION_CONTEXT('2D SPACE',''
  ) );
#4201 = ORIENTED_EDGE('',*,*,#4202,.F.);
#4202 = EDGE_CURVE('',#4203,#4179,#4205,.T.);
#4203 = VERTEX_POINT('',#4204);
#4204 = CARTESIAN_POINT('',(-13.6,60.1,65.));
#4205 = SURFACE_CURVE('',#4206,(#4210,#4217),.PCURVE_S1.);
#4206 = LINE('',#4207,#4208);
#4207 = CARTESIAN_POINT('',(-13.6,4.263529280435E-15,65.));
#4208 = VECTOR('',#4209,1.);
#4209 = DIRECTION('',(-6.497091670325E-17,-1.,-2.131764640217E-16));
#4210 = PCURVE('',#954,#4211);
#4211 = DEFINITIONAL_REPRESENTATION('',(#4212),#4216);
#4212 = LINE('',#4213,#4214);
#4213 = CARTESIAN_POINT('',(-4.263529280435E-15,-20.));
#4214 = VECTOR('',#4215,1.);
#4215 = DIRECTION('',(1.,-2.131764640217E-16));
#4216 = ( GEOMETRIC_REPRESENTATION_CONTEXT(2) 
PARAMETRIC_REPRESENTATION_CONTEXT() REPRESENTATION_CONTEXT('2D SPACE',''
  ) );
#4217 = PCURVE('',#1519,#4218);
#4218 = DEFINITIONAL_REPRESENTATION('',(#4219),#4223);
#4219 = LINE('',#4220,#4221);
#4220 = CARTESIAN_POINT('',(-1.554615666497E-14,64.8));
#4221 = VECTOR('',#4222,1.);
#4222 = DIRECTION('',(-1.,-6.497091670325E-17));
#4223 = ( GEOMETRIC_REPRESENTATION_CONTEXT(2) 
PARAMETRIC_REPRESENTATION_CONTEXT() REPRESENTATION_CONTEXT('2D SPACE',''
  ) );
#4224 = ORIENTED_EDGE('',*,*,#4225,.T.);
#4225 = EDGE_CURVE('',#4203,#4052,#4226,.T.);
#4226 = SURFACE_CURVE('',#4227,(#4232,#4239),.PCURVE_S1.);
#4227 = CIRCLE('',#4228,5.);
#4228 = AXIS2_PLACEMENT_3D('',#4229,#4230,#4231);
#4229 = CARTESIAN_POINT('',(-13.6,60.1,60.));
#4230 = DIRECTION('',(-1.,6.497091670325E-17,0.));
#4231 = DIRECTION('',(-6.497091670325E-17,-1.,0.));
#4232 = PCURVE('',#954,#4233);
#4233 = DEFINITIONAL_REPRESENTATION('',(#4234),#4238);
#4234 = CIRCLE('',#4235,5.);
#4235 = AXIS2_PLACEMENT_2D('',#4236,#4237);
#4236 = CARTESIAN_POINT('',(-60.1,-25.));
#4237 = DIRECTION('',(1.,0.));
#4238 = ( GEOMETRIC_REPRESENTATION_CONTEXT(2) 
PARAMETRIC_REPRESENTATION_CONTEXT() REPRESENTATION_CONTEXT('2D SPACE',''
  ) );
#4239 = PCURVE('',#4240,#4245);
#4240 = CYLINDRICAL_SURFACE('',#4241,5.);
#4241 = AXIS2_PLACEMENT_3D('',#4242,#4243,#4244);
#4242 = CARTESIAN_POINT('',(-78.4,60.1,60.));
#4243 = DIRECTION('',(-1.,6.115358904736E-17,6.077163357286E-64));
#4244 = DIRECTION('',(-6.115358904736E-17,-1.,0.));
#4245 = DEFINITIONAL_REPRESENTATION('',(#4246),#4250);
#4246 = LINE('',#4247,#4248);
#4247 = CARTESIAN_POINT('',(1.554312234475E-15,-64.8));
#4248 = VECTOR('',#4249,1.);
#4249 = DIRECTION('',(1.,0.));
#4250 = ( GEOMETRIC_REPRESENTATION_CONTEXT(2) 
PARAMETRIC_REPRESENTATION_CONTEXT() REPRESENTATION_CONTEXT('2D SPACE',''
  ) );
#4251 = FACE_BOUND('',#4252,.T.);
#4252 = EDGE_LOOP('',(#4253,#4278,#4302,#4325,#4354));
#4253 = ORIENTED_EDGE('',*,*,#4254,.F.);
#4254 = EDGE_CURVE('',#4255,#4257,#4259,.T.);
#4255 = VERTEX_POINT('',#4256);
#4256 = CARTESIAN_POINT('',(-13.6,-27.8065786119,29.68260576538));
#4257 = VERTEX_POINT('',#4258);
#4258 = CARTESIAN_POINT('',(-13.6,-65.1,43.644369180226));
#4259 = SURFACE_CURVE('',#4260,(#4264,#4271),.PCURVE_S1.);
#4260 = LINE('',#4261,#4262);
#4261 = CARTESIAN_POINT('',(-13.6,-21.58193673445,27.352248989298));
#4262 = VECTOR('',#4263,1.);
#4263 = DIRECTION('',(-6.084663782733E-17,-0.936521153076,0.350611080602
    ));
#4264 = PCURVE('',#954,#4265);
#4265 = DEFINITIONAL_REPRESENTATION('',(#4266),#4270);
#4266 = LINE('',#4267,#4268);
#4267 = CARTESIAN_POINT('',(21.581936734456,-57.6477510107));
#4268 = VECTOR('',#4269,1.);
#4269 = DIRECTION('',(0.936521153076,0.350611080602));
#4270 = ( GEOMETRIC_REPRESENTATION_CONTEXT(2) 
PARAMETRIC_REPRESENTATION_CONTEXT() REPRESENTATION_CONTEXT('2D SPACE',''
  ) );
#4271 = PCURVE('',#1859,#4272);
#4272 = DEFINITIONAL_REPRESENTATION('',(#4273),#4277);
#4273 = LINE('',#4274,#4275);
#4274 = CARTESIAN_POINT('',(12.748985551551,64.8));
#4275 = VECTOR('',#4276,1.);
#4276 = DIRECTION('',(-1.,-6.084663782733E-17));
#4277 = ( GEOMETRIC_REPRESENTATION_CONTEXT(2) 
PARAMETRIC_REPRESENTATION_CONTEXT() REPRESENTATION_CONTEXT('2D SPACE',''
  ) );
#4278 = ORIENTED_EDGE('',*,*,#4279,.T.);
#4279 = EDGE_CURVE('',#4255,#4280,#4282,.T.);
#4280 = VERTEX_POINT('',#4281);
#4281 = CARTESIAN_POINT('',(-13.6,-29.55963401491,20.));
#4282 = SURFACE_CURVE('',#4283,(#4288,#4295),.PCURVE_S1.);
#4283 = CIRCLE('',#4284,5.);
#4284 = AXIS2_PLACEMENT_3D('',#4285,#4286,#4287);
#4285 = CARTESIAN_POINT('',(-13.6,-29.55963401491,25.));
#4286 = DIRECTION('',(-1.,6.497091670325E-17,0.));
#4287 = DIRECTION('',(-6.497091670325E-17,-1.,0.));
#4288 = PCURVE('',#954,#4289);
#4289 = DEFINITIONAL_REPRESENTATION('',(#4290),#4294);
#4290 = CIRCLE('',#4291,5.);
#4291 = AXIS2_PLACEMENT_2D('',#4292,#4293);
#4292 = CARTESIAN_POINT('',(29.559634014913,-60.));
#4293 = DIRECTION('',(1.,0.));
#4294 = ( GEOMETRIC_REPRESENTATION_CONTEXT(2) 
PARAMETRIC_REPRESENTATION_CONTEXT() REPRESENTATION_CONTEXT('2D SPACE',''
  ) );
#4295 = PCURVE('',#1831,#4296);
#4296 = DEFINITIONAL_REPRESENTATION('',(#4297),#4301);
#4297 = LINE('',#4298,#4299);
#4298 = CARTESIAN_POINT('',(9.424777960769,64.8));
#4299 = VECTOR('',#4300,1.);
#4300 = DIRECTION('',(-1.,0.));
#4301 = ( GEOMETRIC_REPRESENTATION_CONTEXT(2) 
PARAMETRIC_REPRESENTATION_CONTEXT() REPRESENTATION_CONTEXT('2D SPACE',''
  ) );
#4302 = ORIENTED_EDGE('',*,*,#4303,.T.);
#4303 = EDGE_CURVE('',#4280,#4304,#4306,.T.);
#4304 = VERTEX_POINT('',#4305);
#4305 = CARTESIAN_POINT('',(-13.6,-60.1,20.));
#4306 = SURFACE_CURVE('',#4307,(#4311,#4318),.PCURVE_S1.);
#4307 = LINE('',#4308,#4309);
#4308 = CARTESIAN_POINT('',(-13.6,0.,20.));
#4309 = VECTOR('',#4310,1.);
#4310 = DIRECTION('',(-6.497091670325E-17,-1.,0.));
#4311 = PCURVE('',#954,#4312);
#4312 = DEFINITIONAL_REPRESENTATION('',(#4313),#4317);
#4313 = LINE('',#4314,#4315);
#4314 = CARTESIAN_POINT('',(-0.,-65.));
#4315 = VECTOR('',#4316,1.);
#4316 = DIRECTION('',(1.,0.));
#4317 = ( GEOMETRIC_REPRESENTATION_CONTEXT(2) 
PARAMETRIC_REPRESENTATION_CONTEXT() REPRESENTATION_CONTEXT('2D SPACE',''
  ) );
#4318 = PCURVE('',#1802,#4319);
#4319 = DEFINITIONAL_REPRESENTATION('',(#4320),#4324);
#4320 = LINE('',#4321,#4322);
#4321 = CARTESIAN_POINT('',(-64.8,33.521631383743));
#4322 = VECTOR('',#4323,1.);
#4323 = DIRECTION('',(6.497091670325E-17,-1.));
#4324 = ( GEOMETRIC_REPRESENTATION_CONTEXT(2) 
PARAMETRIC_REPRESENTATION_CONTEXT() REPRESENTATION_CONTEXT('2D SPACE',''
  ) );
#4325 = ORIENTED_EDGE('',*,*,#4326,.T.);
#4326 = EDGE_CURVE('',#4304,#4327,#4329,.T.);
#4327 = VERTEX_POINT('',#4328);
#4328 = CARTESIAN_POINT('',(-13.6,-65.1,25.));
#4329 = SURFACE_CURVE('',#4330,(#4335,#4342),.PCURVE_S1.);
#4330 = CIRCLE('',#4331,5.);
#4331 = AXIS2_PLACEMENT_3D('',#4332,#4333,#4334);
#4332 = CARTESIAN_POINT('',(-13.6,-60.1,25.));
#4333 = DIRECTION('',(-1.,6.497091670325E-17,0.));
#4334 = DIRECTION('',(-6.497091670325E-17,-1.,0.));
#4335 = PCURVE('',#954,#4336);
#4336 = DEFINITIONAL_REPRESENTATION('',(#4337),#4341);
#4337 = CIRCLE('',#4338,5.);
#4338 = AXIS2_PLACEMENT_2D('',#4339,#4340);
#4339 = CARTESIAN_POINT('',(60.1,-60.));
#4340 = DIRECTION('',(1.,0.));
#4341 = ( GEOMETRIC_REPRESENTATION_CONTEXT(2) 
PARAMETRIC_REPRESENTATION_CONTEXT() REPRESENTATION_CONTEXT('2D SPACE',''
  ) );
#4342 = PCURVE('',#4343,#4348);
#4343 = CYLINDRICAL_SURFACE('',#4344,5.);
#4344 = AXIS2_PLACEMENT_3D('',#4345,#4346,#4347);
#4345 = CARTESIAN_POINT('',(-78.4,-60.1,25.));
#4346 = DIRECTION('',(-1.,6.115358904736E-17,0.));
#4347 = DIRECTION('',(-6.115358904736E-17,-1.,0.));
#4348 = DEFINITIONAL_REPRESENTATION('',(#4349),#4353);
#4349 = LINE('',#4350,#4351);
#4350 = CARTESIAN_POINT('',(-1.7763568394E-15,-64.8));
#4351 = VECTOR('',#4352,1.);
#4352 = DIRECTION('',(1.,0.));
#4353 = ( GEOMETRIC_REPRESENTATION_CONTEXT(2) 
PARAMETRIC_REPRESENTATION_CONTEXT() REPRESENTATION_CONTEXT('2D SPACE',''
  ) );
#4354 = ORIENTED_EDGE('',*,*,#4355,.T.);
#4355 = EDGE_CURVE('',#4327,#4257,#4356,.T.);
#4356 = SURFACE_CURVE('',#4357,(#4361,#4368),.PCURVE_S1.);
#4357 = LINE('',#4358,#4359);
#4358 = CARTESIAN_POINT('',(-13.6,-65.1,85.));
#4359 = VECTOR('',#4360,1.);
#4360 = DIRECTION('',(0.,0.,1.));
#4361 = PCURVE('',#954,#4362);
#4362 = DEFINITIONAL_REPRESENTATION('',(#4363),#4367);
#4363 = LINE('',#4364,#4365);
#4364 = CARTESIAN_POINT('',(65.1,0.));
#4365 = VECTOR('',#4366,1.);
#4366 = DIRECTION('',(0.,1.));
#4367 = ( GEOMETRIC_REPRESENTATION_CONTEXT(2) 
PARAMETRIC_REPRESENTATION_CONTEXT() REPRESENTATION_CONTEXT('2D SPACE',''
  ) );
#4368 = PCURVE('',#4369,#4374);
#4369 = PLANE('',#4370);
#4370 = AXIS2_PLACEMENT_3D('',#4371,#4372,#4373);
#4371 = CARTESIAN_POINT('',(-78.4,-65.1,31.822184590113));
#4372 = DIRECTION('',(-6.115358904736E-17,-1.,0.));
#4373 = DIRECTION('',(1.,-6.115358904736E-17,0.));
#4374 = DEFINITIONAL_REPRESENTATION('',(#4375),#4379);
#4375 = LINE('',#4376,#4377);
#4376 = CARTESIAN_POINT('',(64.8,53.177815409887));
#4377 = VECTOR('',#4378,1.);
#4378 = DIRECTION('',(0.,1.));
#4379 = ( GEOMETRIC_REPRESENTATION_CONTEXT(2) 
PARAMETRIC_REPRESENTATION_CONTEXT() REPRESENTATION_CONTEXT('2D SPACE',''
  ) );
#4380 = ADVANCED_FACE('',(#4381,#4645,#4835),#1010,.T.);
#4381 = FACE_BOUND('',#4382,.T.);
#4382 = EDGE_LOOP('',(#4383,#4414,#4435,#4436,#4457,#4458,#4481,#4510,
    #4538,#4567,#4590,#4619));
#4383 = ORIENTED_EDGE('',*,*,#4384,.F.);
#4384 = EDGE_CURVE('',#4385,#4387,#4389,.T.);
#4385 = VERTEX_POINT('',#4386);
#4386 = CARTESIAN_POINT('',(13.6,-76.1,10.));
#4387 = VERTEX_POINT('',#4388);
#4388 = CARTESIAN_POINT('',(13.6,-70.1,4.));
#4389 = SURFACE_CURVE('',#4390,(#4395,#4402),.PCURVE_S1.);
#4390 = CIRCLE('',#4391,6.);
#4391 = AXIS2_PLACEMENT_3D('',#4392,#4393,#4394);
#4392 = CARTESIAN_POINT('',(13.6,-76.1,4.));
#4393 = DIRECTION('',(-1.,6.497091670325E-17,0.));
#4394 = DIRECTION('',(-6.497091670325E-17,-1.,0.));
#4395 = PCURVE('',#1010,#4396);
#4396 = DEFINITIONAL_REPRESENTATION('',(#4397),#4401);
#4397 = CIRCLE('',#4398,6.);
#4398 = AXIS2_PLACEMENT_2D('',#4399,#4400);
#4399 = CARTESIAN_POINT('',(76.1,-81.));
#4400 = DIRECTION('',(1.,0.));
#4401 = ( GEOMETRIC_REPRESENTATION_CONTEXT(2) 
PARAMETRIC_REPRESENTATION_CONTEXT() REPRESENTATION_CONTEXT('2D SPACE',''
  ) );
#4402 = PCURVE('',#4403,#4408);
#4403 = TOROIDAL_SURFACE('',#4404,6.,5.);
#4404 = AXIS2_PLACEMENT_3D('',#4405,#4406,#4407);
#4405 = CARTESIAN_POINT('',(8.6,-76.1,4.));
#4406 = DIRECTION('',(-1.,6.497091670325E-17,0.));
#4407 = DIRECTION('',(-6.497091670325E-17,-1.,0.));
#4408 = DEFINITIONAL_REPRESENTATION('',(#4409),#4413);
#4409 = LINE('',#4410,#4411);
#4410 = CARTESIAN_POINT('',(0.,4.712388980385));
#4411 = VECTOR('',#4412,1.);
#4412 = DIRECTION('',(1.,0.));
#4413 = ( GEOMETRIC_REPRESENTATION_CONTEXT(2) 
PARAMETRIC_REPRESENTATION_CONTEXT() REPRESENTATION_CONTEXT('2D SPACE',''
  ) );
#4414 = ORIENTED_EDGE('',*,*,#4415,.F.);
#4415 = EDGE_CURVE('',#995,#4385,#4416,.T.);
#4416 = SURFACE_CURVE('',#4417,(#4421,#4428),.PCURVE_S1.);
#4417 = LINE('',#4418,#4419);
#4418 = CARTESIAN_POINT('',(13.6,-80.1,10.));
#4419 = VECTOR('',#4420,1.);
#4420 = DIRECTION('',(6.497091670325E-17,1.,0.));
#4421 = PCURVE('',#1010,#4422);
#4422 = DEFINITIONAL_REPRESENTATION('',(#4423),#4427);
#4423 = LINE('',#4424,#4425);
#4424 = CARTESIAN_POINT('',(80.1,-75.));
#4425 = VECTOR('',#4426,1.);
#4426 = DIRECTION('',(-1.,0.));
#4427 = ( GEOMETRIC_REPRESENTATION_CONTEXT(2) 
PARAMETRIC_REPRESENTATION_CONTEXT() REPRESENTATION_CONTEXT('2D SPACE',''
  ) );
#4428 = PCURVE('',#1039,#4429);
#4429 = DEFINITIONAL_REPRESENTATION('',(#4430),#4434);
#4430 = LINE('',#4431,#4432);
#4431 = CARTESIAN_POINT('',(6.28318530718,80.1));
#4432 = VECTOR('',#4433,1.);
#4433 = DIRECTION('',(0.,-1.));
#4434 = ( GEOMETRIC_REPRESENTATION_CONTEXT(2) 
PARAMETRIC_REPRESENTATION_CONTEXT() REPRESENTATION_CONTEXT('2D SPACE',''
  ) );
#4435 = ORIENTED_EDGE('',*,*,#994,.F.);
#4436 = ORIENTED_EDGE('',*,*,#4437,.T.);
#4437 = EDGE_CURVE('',#967,#1300,#4438,.T.);
#4438 = SURFACE_CURVE('',#4439,(#4443,#4450),.PCURVE_S1.);
#4439 = LINE('',#4440,#4441);
#4440 = CARTESIAN_POINT('',(13.6,6.938893903907E-15,85.));
#4441 = VECTOR('',#4442,1.);
#4442 = DIRECTION('',(6.497091670325E-17,1.,0.));
#4443 = PCURVE('',#1010,#4444);
#4444 = DEFINITIONAL_REPRESENTATION('',(#4445),#4449);
#4445 = LINE('',#4446,#4447);
#4446 = CARTESIAN_POINT('',(0.,0.));
#4447 = VECTOR('',#4448,1.);
#4448 = DIRECTION('',(-1.,0.));
#4449 = ( GEOMETRIC_REPRESENTATION_CONTEXT(2) 
PARAMETRIC_REPRESENTATION_CONTEXT() REPRESENTATION_CONTEXT('2D SPACE',''
  ) );
#4450 = PCURVE('',#982,#4451);
#4451 = DEFINITIONAL_REPRESENTATION('',(#4452),#4456);
#4452 = LINE('',#4453,#4454);
#4453 = CARTESIAN_POINT('',(13.6,6.938893903907E-15));
#4454 = VECTOR('',#4455,1.);
#4455 = DIRECTION('',(6.497091670325E-17,1.));
#4456 = ( GEOMETRIC_REPRESENTATION_CONTEXT(2) 
PARAMETRIC_REPRESENTATION_CONTEXT() REPRESENTATION_CONTEXT('2D SPACE',''
  ) );
#4457 = ORIENTED_EDGE('',*,*,#1299,.T.);
#4458 = ORIENTED_EDGE('',*,*,#4459,.F.);
#4459 = EDGE_CURVE('',#4460,#1271,#4462,.T.);
#4460 = VERTEX_POINT('',#4461);
#4461 = CARTESIAN_POINT('',(13.6,76.1,10.));
#4462 = SURFACE_CURVE('',#4463,(#4467,#4474),.PCURVE_S1.);
#4463 = LINE('',#4464,#4465);
#4464 = CARTESIAN_POINT('',(13.6,76.1,10.));
#4465 = VECTOR('',#4466,1.);
#4466 = DIRECTION('',(6.497091670325E-17,1.,0.));
#4467 = PCURVE('',#1010,#4468);
#4468 = DEFINITIONAL_REPRESENTATION('',(#4469),#4473);
#4469 = LINE('',#4470,#4471);
#4470 = CARTESIAN_POINT('',(-76.1,-75.));
#4471 = VECTOR('',#4472,1.);
#4472 = DIRECTION('',(-1.,0.));
#4473 = ( GEOMETRIC_REPRESENTATION_CONTEXT(2) 
PARAMETRIC_REPRESENTATION_CONTEXT() REPRESENTATION_CONTEXT('2D SPACE',''
  ) );
#4474 = PCURVE('',#1287,#4475);
#4475 = DEFINITIONAL_REPRESENTATION('',(#4476),#4480);
#4476 = LINE('',#4477,#4478);
#4477 = CARTESIAN_POINT('',(6.28318530718,-76.1));
#4478 = VECTOR('',#4479,1.);
#4479 = DIRECTION('',(0.,-1.));
#4480 = ( GEOMETRIC_REPRESENTATION_CONTEXT(2) 
PARAMETRIC_REPRESENTATION_CONTEXT() REPRESENTATION_CONTEXT('2D SPACE',''
  ) );
#4481 = ORIENTED_EDGE('',*,*,#4482,.F.);
#4482 = EDGE_CURVE('',#4483,#4460,#4485,.T.);
#4483 = VERTEX_POINT('',#4484);
#4484 = CARTESIAN_POINT('',(13.6,70.1,4.));
#4485 = SURFACE_CURVE('',#4486,(#4491,#4498),.PCURVE_S1.);
#4486 = CIRCLE('',#4487,6.);
#4487 = AXIS2_PLACEMENT_3D('',#4488,#4489,#4490);
#4488 = CARTESIAN_POINT('',(13.6,76.1,4.));
#4489 = DIRECTION('',(-1.,6.497091670325E-17,0.));
#4490 = DIRECTION('',(-6.497091670325E-17,-1.,0.));
#4491 = PCURVE('',#1010,#4492);
#4492 = DEFINITIONAL_REPRESENTATION('',(#4493),#4497);
#4493 = CIRCLE('',#4494,6.);
#4494 = AXIS2_PLACEMENT_2D('',#4495,#4496);
#4495 = CARTESIAN_POINT('',(-76.1,-81.));
#4496 = DIRECTION('',(1.,0.));
#4497 = ( GEOMETRIC_REPRESENTATION_CONTEXT(2) 
PARAMETRIC_REPRESENTATION_CONTEXT() REPRESENTATION_CONTEXT('2D SPACE',''
  ) );
#4498 = PCURVE('',#4499,#4504);
#4499 = TOROIDAL_SURFACE('',#4500,6.,5.);
#4500 = AXIS2_PLACEMENT_3D('',#4501,#4502,#4503);
#4501 = CARTESIAN_POINT('',(8.6,76.1,4.));
#4502 = DIRECTION('',(-1.,6.497091670325E-17,0.));
#4503 = DIRECTION('',(-6.497091670325E-17,-1.,0.));
#4504 = DEFINITIONAL_REPRESENTATION('',(#4505),#4509);
#4505 = LINE('',#4506,#4507);
#4506 = CARTESIAN_POINT('',(0.,4.712388980385));
#4507 = VECTOR('',#4508,1.);
#4508 = DIRECTION('',(1.,0.));
#4509 = ( GEOMETRIC_REPRESENTATION_CONTEXT(2) 
PARAMETRIC_REPRESENTATION_CONTEXT() REPRESENTATION_CONTEXT('2D SPACE',''
  ) );
#4510 = ORIENTED_EDGE('',*,*,#4511,.T.);
#4511 = EDGE_CURVE('',#4483,#4512,#4514,.T.);
#4512 = VERTEX_POINT('',#4513);
#4513 = CARTESIAN_POINT('',(13.6,70.1,1.));
#4514 = SURFACE_CURVE('',#4515,(#4519,#4526),.PCURVE_S1.);
#4515 = LINE('',#4516,#4517);
#4516 = CARTESIAN_POINT('',(13.6,70.1,1.));
#4517 = VECTOR('',#4518,1.);
#4518 = DIRECTION('',(0.,0.,-1.));
#4519 = PCURVE('',#1010,#4520);
#4520 = DEFINITIONAL_REPRESENTATION('',(#4521),#4525);
#4521 = LINE('',#4522,#4523);
#4522 = CARTESIAN_POINT('',(-70.1,-84.));
#4523 = VECTOR('',#4524,1.);
#4524 = DIRECTION('',(-0.,-1.));
#4525 = ( GEOMETRIC_REPRESENTATION_CONTEXT(2) 
PARAMETRIC_REPRESENTATION_CONTEXT() REPRESENTATION_CONTEXT('2D SPACE',''
  ) );
#4526 = PCURVE('',#4527,#4532);
#4527 = CYLINDRICAL_SURFACE('',#4528,5.);
#4528 = AXIS2_PLACEMENT_3D('',#4529,#4530,#4531);
#4529 = CARTESIAN_POINT('',(8.6,70.1,85.));
#4530 = DIRECTION('',(0.,0.,1.));
#4531 = DIRECTION('',(1.,0.,-0.));
#4532 = DEFINITIONAL_REPRESENTATION('',(#4533),#4537);
#4533 = LINE('',#4534,#4535);
#4534 = CARTESIAN_POINT('',(0.,-84.));
#4535 = VECTOR('',#4536,1.);
#4536 = DIRECTION('',(0.,-1.));
#4537 = ( GEOMETRIC_REPRESENTATION_CONTEXT(2) 
PARAMETRIC_REPRESENTATION_CONTEXT() REPRESENTATION_CONTEXT('2D SPACE',''
  ) );
#4538 = ORIENTED_EDGE('',*,*,#4539,.F.);
#4539 = EDGE_CURVE('',#4540,#4512,#4542,.T.);
#4540 = VERTEX_POINT('',#4541);
#4541 = CARTESIAN_POINT('',(13.6,70.1839202169,0.));
#4542 = SURFACE_CURVE('',#4543,(#4548,#4555),.PCURVE_S1.);
#4543 = CIRCLE('',#4544,6.);
#4544 = AXIS2_PLACEMENT_3D('',#4545,#4546,#4547);
#4545 = CARTESIAN_POINT('',(13.6,76.1,1.));
#4546 = DIRECTION('',(-1.,6.497091670325E-17,0.));
#4547 = DIRECTION('',(-6.497091670325E-17,-1.,0.));
#4548 = PCURVE('',#1010,#4549);
#4549 = DEFINITIONAL_REPRESENTATION('',(#4550),#4554);
#4550 = CIRCLE('',#4551,6.);
#4551 = AXIS2_PLACEMENT_2D('',#4552,#4553);
#4552 = CARTESIAN_POINT('',(-76.1,-84.));
#4553 = DIRECTION('',(1.,0.));
#4554 = ( GEOMETRIC_REPRESENTATION_CONTEXT(2) 
PARAMETRIC_REPRESENTATION_CONTEXT() REPRESENTATION_CONTEXT('2D SPACE',''
  ) );
#4555 = PCURVE('',#4556,#4561);
#4556 = TOROIDAL_SURFACE('',#4557,6.,5.);
#4557 = AXIS2_PLACEMENT_3D('',#4558,#4559,#4560);
#4558 = CARTESIAN_POINT('',(8.6,76.1,1.));
#4559 = DIRECTION('',(-1.,6.497091670325E-17,0.));
#4560 = DIRECTION('',(-6.497091670325E-17,-1.,0.));
#4561 = DEFINITIONAL_REPRESENTATION('',(#4562),#4566);
#4562 = LINE('',#4563,#4564);
#4563 = CARTESIAN_POINT('',(0.,4.712388980385));
#4564 = VECTOR('',#4565,1.);
#4565 = DIRECTION('',(1.,-5.304201898517E-15));
#4566 = ( GEOMETRIC_REPRESENTATION_CONTEXT(2) 
PARAMETRIC_REPRESENTATION_CONTEXT() REPRESENTATION_CONTEXT('2D SPACE',''
  ) );
#4567 = ORIENTED_EDGE('',*,*,#4568,.F.);
#4568 = EDGE_CURVE('',#4569,#4540,#4571,.T.);
#4569 = VERTEX_POINT('',#4570);
#4570 = CARTESIAN_POINT('',(13.6,-70.1839202169,0.));
#4571 = SURFACE_CURVE('',#4572,(#4576,#4583),.PCURVE_S1.);
#4572 = LINE('',#4573,#4574);
#4573 = CARTESIAN_POINT('',(13.6,6.938893903907E-15,0.));
#4574 = VECTOR('',#4575,1.);
#4575 = DIRECTION('',(6.497091670325E-17,1.,0.));
#4576 = PCURVE('',#1010,#4577);
#4577 = DEFINITIONAL_REPRESENTATION('',(#4578),#4582);
#4578 = LINE('',#4579,#4580);
#4579 = CARTESIAN_POINT('',(-0.,-85.));
#4580 = VECTOR('',#4581,1.);
#4581 = DIRECTION('',(-1.,0.));
#4582 = ( GEOMETRIC_REPRESENTATION_CONTEXT(2) 
PARAMETRIC_REPRESENTATION_CONTEXT() REPRESENTATION_CONTEXT('2D SPACE',''
  ) );
#4583 = PCURVE('',#66,#4584);
#4584 = DEFINITIONAL_REPRESENTATION('',(#4585),#4589);
#4585 = LINE('',#4586,#4587);
#4586 = CARTESIAN_POINT('',(13.6,6.938893903907E-15));
#4587 = VECTOR('',#4588,1.);
#4588 = DIRECTION('',(6.497091670325E-17,1.));
#4589 = ( GEOMETRIC_REPRESENTATION_CONTEXT(2) 
PARAMETRIC_REPRESENTATION_CONTEXT() REPRESENTATION_CONTEXT('2D SPACE',''
  ) );
#4590 = ORIENTED_EDGE('',*,*,#4591,.F.);
#4591 = EDGE_CURVE('',#4592,#4569,#4594,.T.);
#4592 = VERTEX_POINT('',#4593);
#4593 = CARTESIAN_POINT('',(13.6,-70.1,1.));
#4594 = SURFACE_CURVE('',#4595,(#4600,#4607),.PCURVE_S1.);
#4595 = CIRCLE('',#4596,6.);
#4596 = AXIS2_PLACEMENT_3D('',#4597,#4598,#4599);
#4597 = CARTESIAN_POINT('',(13.6,-76.1,1.));
#4598 = DIRECTION('',(-1.,6.497091670325E-17,0.));
#4599 = DIRECTION('',(-6.497091670325E-17,-1.,0.));
#4600 = PCURVE('',#1010,#4601);
#4601 = DEFINITIONAL_REPRESENTATION('',(#4602),#4606);
#4602 = CIRCLE('',#4603,6.);
#4603 = AXIS2_PLACEMENT_2D('',#4604,#4605);
#4604 = CARTESIAN_POINT('',(76.1,-84.));
#4605 = DIRECTION('',(1.,0.));
#4606 = ( GEOMETRIC_REPRESENTATION_CONTEXT(2) 
PARAMETRIC_REPRESENTATION_CONTEXT() REPRESENTATION_CONTEXT('2D SPACE',''
  ) );
#4607 = PCURVE('',#4608,#4613);
#4608 = TOROIDAL_SURFACE('',#4609,6.,5.);
#4609 = AXIS2_PLACEMENT_3D('',#4610,#4611,#4612);
#4610 = CARTESIAN_POINT('',(8.6,-76.1,1.));
#4611 = DIRECTION('',(-1.,6.497091670325E-17,0.));
#4612 = DIRECTION('',(-6.497091670325E-17,-1.,0.));
#4613 = DEFINITIONAL_REPRESENTATION('',(#4614),#4618);
#4614 = LINE('',#4615,#4616);
#4615 = CARTESIAN_POINT('',(0.,4.712388980385));
#4616 = VECTOR('',#4617,1.);
#4617 = DIRECTION('',(1.,5.304201898517E-15));
#4618 = ( GEOMETRIC_REPRESENTATION_CONTEXT(2) 
PARAMETRIC_REPRESENTATION_CONTEXT() REPRESENTATION_CONTEXT('2D SPACE',''
  ) );
#4619 = ORIENTED_EDGE('',*,*,#4620,.F.);
#4620 = EDGE_CURVE('',#4387,#4592,#4621,.T.);
#4621 = SURFACE_CURVE('',#4622,(#4626,#4633),.PCURVE_S1.);
#4622 = LINE('',#4623,#4624);
#4623 = CARTESIAN_POINT('',(13.6,-70.1,85.));
#4624 = VECTOR('',#4625,1.);
#4625 = DIRECTION('',(0.,0.,-1.));
#4626 = PCURVE('',#1010,#4627);
#4627 = DEFINITIONAL_REPRESENTATION('',(#4628),#4632);
#4628 = LINE('',#4629,#4630);
#4629 = CARTESIAN_POINT('',(70.1,0.));
#4630 = VECTOR('',#4631,1.);
#4631 = DIRECTION('',(-0.,-1.));
#4632 = ( GEOMETRIC_REPRESENTATION_CONTEXT(2) 
PARAMETRIC_REPRESENTATION_CONTEXT() REPRESENTATION_CONTEXT('2D SPACE',''
  ) );
#4633 = PCURVE('',#4634,#4639);
#4634 = CYLINDRICAL_SURFACE('',#4635,5.);
#4635 = AXIS2_PLACEMENT_3D('',#4636,#4637,#4638);
#4636 = CARTESIAN_POINT('',(8.6,-70.1,25.));
#4637 = DIRECTION('',(0.,0.,-1.));
#4638 = DIRECTION('',(-1.,0.,0.));
#4639 = DEFINITIONAL_REPRESENTATION('',(#4640),#4644);
#4640 = LINE('',#4641,#4642);
#4641 = CARTESIAN_POINT('',(3.14159265359,-60.));
#4642 = VECTOR('',#4643,1.);
#4643 = DIRECTION('',(0.,1.));
#4644 = ( GEOMETRIC_REPRESENTATION_CONTEXT(2) 
PARAMETRIC_REPRESENTATION_CONTEXT() REPRESENTATION_CONTEXT('2D SPACE',''
  ) );
#4645 = FACE_BOUND('',#4646,.T.);
#4646 = EDGE_LOOP('',(#4647,#4672,#4696,#4719,#4743,#4766,#4790,#4813));
#4647 = ORIENTED_EDGE('',*,*,#4648,.F.);
#4648 = EDGE_CURVE('',#4649,#4651,#4653,.T.);
#4649 = VERTEX_POINT('',#4650);
#4650 = CARTESIAN_POINT('',(13.6,54.252204733304,20.31739423462));
#4651 = VERTEX_POINT('',#4652);
#4652 = CARTESIAN_POINT('',(13.6,-39.23668415558,55.31739423462));
#4653 = SURFACE_CURVE('',#4654,(#4658,#4665),.PCURVE_S1.);
#4654 = LINE('',#4655,#4656);
#4655 = CARTESIAN_POINT('',(13.6,-14.5697151224,46.082672050818));
#4656 = VECTOR('',#4657,1.);
#4657 = DIRECTION('',(-6.084663782733E-17,-0.936521153076,0.350611080602
    ));
#4658 = PCURVE('',#1010,#4659);
#4659 = DEFINITIONAL_REPRESENTATION('',(#4660),#4664);
#4660 = LINE('',#4661,#4662);
#4661 = CARTESIAN_POINT('',(14.569715122406,-38.91732794918));
#4662 = VECTOR('',#4663,1.);
#4663 = DIRECTION('',(0.936521153076,0.350611080602));
#4664 = ( GEOMETRIC_REPRESENTATION_CONTEXT(2) 
PARAMETRIC_REPRESENTATION_CONTEXT() REPRESENTATION_CONTEXT('2D SPACE',''
  ) );
#4665 = PCURVE('',#3629,#4666);
#4666 = DEFINITIONAL_REPRESENTATION('',(#4667),#4671);
#4667 = LINE('',#4668,#4669);
#4668 = CARTESIAN_POINT('',(-10.21836516022,92.));
#4669 = VECTOR('',#4670,1.);
#4670 = DIRECTION('',(-1.,-6.084663782733E-17));
#4671 = ( GEOMETRIC_REPRESENTATION_CONTEXT(2) 
PARAMETRIC_REPRESENTATION_CONTEXT() REPRESENTATION_CONTEXT('2D SPACE',''
  ) );
#4672 = ORIENTED_EDGE('',*,*,#4673,.F.);
#4673 = EDGE_CURVE('',#4674,#4649,#4676,.T.);
#4674 = VERTEX_POINT('',#4675);
#4675 = CARTESIAN_POINT('',(13.6,56.005260136316,20.));
#4676 = SURFACE_CURVE('',#4677,(#4682,#4689),.PCURVE_S1.);
#4677 = CIRCLE('',#4678,5.);
#4678 = AXIS2_PLACEMENT_3D('',#4679,#4680,#4681);
#4679 = CARTESIAN_POINT('',(13.6,56.005260136316,25.));
#4680 = DIRECTION('',(-1.,6.497091670325E-17,0.));
#4681 = DIRECTION('',(-6.497091670325E-17,-1.,0.));
#4682 = PCURVE('',#1010,#4683);
#4683 = DEFINITIONAL_REPRESENTATION('',(#4684),#4688);
#4684 = CIRCLE('',#4685,5.);
#4685 = AXIS2_PLACEMENT_2D('',#4686,#4687);
#4686 = CARTESIAN_POINT('',(-56.00526013631,-60.));
#4687 = DIRECTION('',(1.,0.));
#4688 = ( GEOMETRIC_REPRESENTATION_CONTEXT(2) 
PARAMETRIC_REPRESENTATION_CONTEXT() REPRESENTATION_CONTEXT('2D SPACE',''
  ) );
#4689 = PCURVE('',#3601,#4690);
#4690 = DEFINITIONAL_REPRESENTATION('',(#4691),#4695);
#4691 = LINE('',#4692,#4693);
#4692 = CARTESIAN_POINT('',(-1.7763568394E-15,-92.));
#4693 = VECTOR('',#4694,1.);
#4694 = DIRECTION('',(1.,0.));
#4695 = ( GEOMETRIC_REPRESENTATION_CONTEXT(2) 
PARAMETRIC_REPRESENTATION_CONTEXT() REPRESENTATION_CONTEXT('2D SPACE',''
  ) );
#4696 = ORIENTED_EDGE('',*,*,#4697,.F.);
#4697 = EDGE_CURVE('',#4698,#4674,#4700,.T.);
#4698 = VERTEX_POINT('',#4699);
#4699 = CARTESIAN_POINT('',(13.6,60.1,20.));
#4700 = SURFACE_CURVE('',#4701,(#4705,#4712),.PCURVE_S1.);
#4701 = LINE('',#4702,#4703);
#4702 = CARTESIAN_POINT('',(13.6,6.938893903907E-15,20.));
#4703 = VECTOR('',#4704,1.);
#4704 = DIRECTION('',(-6.497091670325E-17,-1.,0.));
#4705 = PCURVE('',#1010,#4706);
#4706 = DEFINITIONAL_REPRESENTATION('',(#4707),#4711);
#4707 = LINE('',#4708,#4709);
#4708 = CARTESIAN_POINT('',(-0.,-65.));
#4709 = VECTOR('',#4710,1.);
#4710 = DIRECTION('',(1.,0.));
#4711 = ( GEOMETRIC_REPRESENTATION_CONTEXT(2) 
PARAMETRIC_REPRESENTATION_CONTEXT() REPRESENTATION_CONTEXT('2D SPACE',''
  ) );
#4712 = PCURVE('',#3572,#4713);
#4713 = DEFINITIONAL_REPRESENTATION('',(#4714),#4718);
#4714 = LINE('',#4715,#4716);
#4715 = CARTESIAN_POINT('',(-92.,-60.1));
#4716 = VECTOR('',#4717,1.);
#4717 = DIRECTION('',(6.497091670325E-17,-1.));
#4718 = ( GEOMETRIC_REPRESENTATION_CONTEXT(2) 
PARAMETRIC_REPRESENTATION_CONTEXT() REPRESENTATION_CONTEXT('2D SPACE',''
  ) );
#4719 = ORIENTED_EDGE('',*,*,#4720,.F.);
#4720 = EDGE_CURVE('',#4721,#4698,#4723,.T.);
#4721 = VERTEX_POINT('',#4722);
#4722 = CARTESIAN_POINT('',(13.6,65.1,25.));
#4723 = SURFACE_CURVE('',#4724,(#4729,#4736),.PCURVE_S1.);
#4724 = CIRCLE('',#4725,5.);
#4725 = AXIS2_PLACEMENT_3D('',#4726,#4727,#4728);
#4726 = CARTESIAN_POINT('',(13.6,60.1,25.));
#4727 = DIRECTION('',(-1.,6.497091670325E-17,0.));
#4728 = DIRECTION('',(-6.497091670325E-17,-1.,0.));
#4729 = PCURVE('',#1010,#4730);
#4730 = DEFINITIONAL_REPRESENTATION('',(#4731),#4735);
#4731 = CIRCLE('',#4732,5.);
#4732 = AXIS2_PLACEMENT_2D('',#4733,#4734);
#4733 = CARTESIAN_POINT('',(-60.1,-60.));
#4734 = DIRECTION('',(1.,0.));
#4735 = ( GEOMETRIC_REPRESENTATION_CONTEXT(2) 
PARAMETRIC_REPRESENTATION_CONTEXT() REPRESENTATION_CONTEXT('2D SPACE',''
  ) );
#4736 = PCURVE('',#3770,#4737);
#4737 = DEFINITIONAL_REPRESENTATION('',(#4738),#4742);
#4738 = LINE('',#4739,#4740);
#4739 = CARTESIAN_POINT('',(9.424777960769,92.));
#4740 = VECTOR('',#4741,1.);
#4741 = DIRECTION('',(-1.,0.));
#4742 = ( GEOMETRIC_REPRESENTATION_CONTEXT(2) 
PARAMETRIC_REPRESENTATION_CONTEXT() REPRESENTATION_CONTEXT('2D SPACE',''
  ) );
#4743 = ORIENTED_EDGE('',*,*,#4744,.T.);
#4744 = EDGE_CURVE('',#4721,#4745,#4747,.T.);
#4745 = VERTEX_POINT('',#4746);
#4746 = CARTESIAN_POINT('',(13.6,65.1,60.));
#4747 = SURFACE_CURVE('',#4748,(#4752,#4759),.PCURVE_S1.);
#4748 = LINE('',#4749,#4750);
#4749 = CARTESIAN_POINT('',(13.6,65.1,85.));
#4750 = VECTOR('',#4751,1.);
#4751 = DIRECTION('',(0.,0.,1.));
#4752 = PCURVE('',#1010,#4753);
#4753 = DEFINITIONAL_REPRESENTATION('',(#4754),#4758);
#4754 = LINE('',#4755,#4756);
#4755 = CARTESIAN_POINT('',(-65.1,0.));
#4756 = VECTOR('',#4757,1.);
#4757 = DIRECTION('',(0.,1.));
#4758 = ( GEOMETRIC_REPRESENTATION_CONTEXT(2) 
PARAMETRIC_REPRESENTATION_CONTEXT() REPRESENTATION_CONTEXT('2D SPACE',''
  ) );
#4759 = PCURVE('',#3743,#4760);
#4760 = DEFINITIONAL_REPRESENTATION('',(#4761),#4765);
#4761 = LINE('',#4762,#4763);
#4762 = CARTESIAN_POINT('',(92.,42.5));
#4763 = VECTOR('',#4764,1.);
#4764 = DIRECTION('',(0.,1.));
#4765 = ( GEOMETRIC_REPRESENTATION_CONTEXT(2) 
PARAMETRIC_REPRESENTATION_CONTEXT() REPRESENTATION_CONTEXT('2D SPACE',''
  ) );
#4766 = ORIENTED_EDGE('',*,*,#4767,.F.);
#4767 = EDGE_CURVE('',#4768,#4745,#4770,.T.);
#4768 = VERTEX_POINT('',#4769);
#4769 = CARTESIAN_POINT('',(13.6,60.1,65.));
#4770 = SURFACE_CURVE('',#4771,(#4776,#4783),.PCURVE_S1.);
#4771 = CIRCLE('',#4772,5.);
#4772 = AXIS2_PLACEMENT_3D('',#4773,#4774,#4775);
#4773 = CARTESIAN_POINT('',(13.6,60.1,60.));
#4774 = DIRECTION('',(-1.,6.497091670325E-17,0.));
#4775 = DIRECTION('',(-6.497091670325E-17,-1.,0.));
#4776 = PCURVE('',#1010,#4777);
#4777 = DEFINITIONAL_REPRESENTATION('',(#4778),#4782);
#4778 = CIRCLE('',#4779,5.);
#4779 = AXIS2_PLACEMENT_2D('',#4780,#4781);
#4780 = CARTESIAN_POINT('',(-60.1,-25.));
#4781 = DIRECTION('',(1.,0.));
#4782 = ( GEOMETRIC_REPRESENTATION_CONTEXT(2) 
PARAMETRIC_REPRESENTATION_CONTEXT() REPRESENTATION_CONTEXT('2D SPACE',''
  ) );
#4783 = PCURVE('',#3715,#4784);
#4784 = DEFINITIONAL_REPRESENTATION('',(#4785),#4789);
#4785 = LINE('',#4786,#4787);
#4786 = CARTESIAN_POINT('',(1.554312234475E-15,-92.));
#4787 = VECTOR('',#4788,1.);
#4788 = DIRECTION('',(1.,0.));
#4789 = ( GEOMETRIC_REPRESENTATION_CONTEXT(2) 
PARAMETRIC_REPRESENTATION_CONTEXT() REPRESENTATION_CONTEXT('2D SPACE',''
  ) );
#4790 = ORIENTED_EDGE('',*,*,#4791,.T.);
#4791 = EDGE_CURVE('',#4768,#4792,#4794,.T.);
#4792 = VERTEX_POINT('',#4793);
#4793 = CARTESIAN_POINT('',(13.6,-37.48362875257,65.));
#4794 = SURFACE_CURVE('',#4795,(#4799,#4806),.PCURVE_S1.);
#4795 = LINE('',#4796,#4797);
#4796 = CARTESIAN_POINT('',(13.6,1.120242318434E-14,65.));
#4797 = VECTOR('',#4798,1.);
#4798 = DIRECTION('',(-6.497091670325E-17,-1.,-2.131764640217E-16));
#4799 = PCURVE('',#1010,#4800);
#4800 = DEFINITIONAL_REPRESENTATION('',(#4801),#4805);
#4801 = LINE('',#4802,#4803);
#4802 = CARTESIAN_POINT('',(-4.263529280435E-15,-20.));
#4803 = VECTOR('',#4804,1.);
#4804 = DIRECTION('',(1.,-2.131764640217E-16));
#4805 = ( GEOMETRIC_REPRESENTATION_CONTEXT(2) 
PARAMETRIC_REPRESENTATION_CONTEXT() REPRESENTATION_CONTEXT('2D SPACE',''
  ) );
#4806 = PCURVE('',#3686,#4807);
#4807 = DEFINITIONAL_REPRESENTATION('',(#4808),#4812);
#4808 = LINE('',#4809,#4810);
#4809 = CARTESIAN_POINT('',(-8.607262761067E-15,92.));
#4810 = VECTOR('',#4811,1.);
#4811 = DIRECTION('',(-1.,-6.497091670325E-17));
#4812 = ( GEOMETRIC_REPRESENTATION_CONTEXT(2) 
PARAMETRIC_REPRESENTATION_CONTEXT() REPRESENTATION_CONTEXT('2D SPACE',''
  ) );
#4813 = ORIENTED_EDGE('',*,*,#4814,.F.);
#4814 = EDGE_CURVE('',#4651,#4792,#4815,.T.);
#4815 = SURFACE_CURVE('',#4816,(#4821,#4828),.PCURVE_S1.);
#4816 = CIRCLE('',#4817,5.);
#4817 = AXIS2_PLACEMENT_3D('',#4818,#4819,#4820);
#4818 = CARTESIAN_POINT('',(13.6,-37.48362875257,60.));
#4819 = DIRECTION('',(-1.,6.497091670325E-17,0.));
#4820 = DIRECTION('',(-6.497091670325E-17,-1.,0.));
#4821 = PCURVE('',#1010,#4822);
#4822 = DEFINITIONAL_REPRESENTATION('',(#4823),#4827);
#4823 = CIRCLE('',#4824,5.);
#4824 = AXIS2_PLACEMENT_2D('',#4825,#4826);
#4825 = CARTESIAN_POINT('',(37.483628752573,-25.));
#4826 = DIRECTION('',(1.,0.));
#4827 = ( GEOMETRIC_REPRESENTATION_CONTEXT(2) 
PARAMETRIC_REPRESENTATION_CONTEXT() REPRESENTATION_CONTEXT('2D SPACE',''
  ) );
#4828 = PCURVE('',#3658,#4829);
#4829 = DEFINITIONAL_REPRESENTATION('',(#4830),#4834);
#4830 = LINE('',#4831,#4832);
#4831 = CARTESIAN_POINT('',(6.462297069481,92.));
#4832 = VECTOR('',#4833,1.);
#4833 = DIRECTION('',(-1.,0.));
#4834 = ( GEOMETRIC_REPRESENTATION_CONTEXT(2) 
PARAMETRIC_REPRESENTATION_CONTEXT() REPRESENTATION_CONTEXT('2D SPACE',''
  ) );
#4835 = FACE_BOUND('',#4836,.T.);
#4836 = EDGE_LOOP('',(#4837,#4862,#4886,#4909,#4933,#4956));
#4837 = ORIENTED_EDGE('',*,*,#4838,.F.);
#4838 = EDGE_CURVE('',#4839,#4841,#4843,.T.);
#4839 = VERTEX_POINT('',#4840);
#4840 = CARTESIAN_POINT('',(13.6,-29.55963401491,20.));
#4841 = VERTEX_POINT('',#4842);
#4842 = CARTESIAN_POINT('',(13.6,-60.1,20.));
#4843 = SURFACE_CURVE('',#4844,(#4848,#4855),.PCURVE_S1.);
#4844 = LINE('',#4845,#4846);
#4845 = CARTESIAN_POINT('',(13.6,6.938893903907E-15,20.));
#4846 = VECTOR('',#4847,1.);
#4847 = DIRECTION('',(-6.497091670325E-17,-1.,0.));
#4848 = PCURVE('',#1010,#4849);
#4849 = DEFINITIONAL_REPRESENTATION('',(#4850),#4854);
#4850 = LINE('',#4851,#4852);
#4851 = CARTESIAN_POINT('',(-0.,-65.));
#4852 = VECTOR('',#4853,1.);
#4853 = DIRECTION('',(1.,0.));
#4854 = ( GEOMETRIC_REPRESENTATION_CONTEXT(2) 
PARAMETRIC_REPRESENTATION_CONTEXT() REPRESENTATION_CONTEXT('2D SPACE',''
  ) );
#4855 = PCURVE('',#3513,#4856);
#4856 = DEFINITIONAL_REPRESENTATION('',(#4857),#4861);
#4857 = LINE('',#4858,#4859);
#4858 = CARTESIAN_POINT('',(-92.,33.521631383743));
#4859 = VECTOR('',#4860,1.);
#4860 = DIRECTION('',(6.497091670325E-17,-1.));
#4861 = ( GEOMETRIC_REPRESENTATION_CONTEXT(2) 
PARAMETRIC_REPRESENTATION_CONTEXT() REPRESENTATION_CONTEXT('2D SPACE',''
  ) );
#4862 = ORIENTED_EDGE('',*,*,#4863,.F.);
#4863 = EDGE_CURVE('',#4864,#4839,#4866,.T.);
#4864 = VERTEX_POINT('',#4865);
#4865 = CARTESIAN_POINT('',(13.6,-27.8065786119,29.68260576538));
#4866 = SURFACE_CURVE('',#4867,(#4872,#4879),.PCURVE_S1.);
#4867 = CIRCLE('',#4868,5.);
#4868 = AXIS2_PLACEMENT_3D('',#4869,#4870,#4871);
#4869 = CARTESIAN_POINT('',(13.6,-29.55963401491,25.));
#4870 = DIRECTION('',(-1.,6.497091670325E-17,0.));
#4871 = DIRECTION('',(-6.497091670325E-17,-1.,0.));
#4872 = PCURVE('',#1010,#4873);
#4873 = DEFINITIONAL_REPRESENTATION('',(#4874),#4878);
#4874 = CIRCLE('',#4875,5.);
#4875 = AXIS2_PLACEMENT_2D('',#4876,#4877);
#4876 = CARTESIAN_POINT('',(29.559634014914,-60.));
#4877 = DIRECTION('',(1.,0.));
#4878 = ( GEOMETRIC_REPRESENTATION_CONTEXT(2) 
PARAMETRIC_REPRESENTATION_CONTEXT() REPRESENTATION_CONTEXT('2D SPACE',''
  ) );
#4879 = PCURVE('',#3485,#4880);
#4880 = DEFINITIONAL_REPRESENTATION('',(#4881),#4885);
#4881 = LINE('',#4882,#4883);
#4882 = CARTESIAN_POINT('',(9.424777960769,92.));
#4883 = VECTOR('',#4884,1.);
#4884 = DIRECTION('',(-1.,0.));
#4885 = ( GEOMETRIC_REPRESENTATION_CONTEXT(2) 
PARAMETRIC_REPRESENTATION_CONTEXT() REPRESENTATION_CONTEXT('2D SPACE',''
  ) );
#4886 = ORIENTED_EDGE('',*,*,#4887,.T.);
#4887 = EDGE_CURVE('',#4864,#4888,#4890,.T.);
#4888 = VERTEX_POINT('',#4889);
#4889 = CARTESIAN_POINT('',(13.6,-58.34694459698,41.116187040995));
#4890 = SURFACE_CURVE('',#4891,(#4895,#4902),.PCURVE_S1.);
#4891 = LINE('',#4892,#4893);
#4892 = CARTESIAN_POINT('',(13.6,-21.58193673445,27.352248989298));
#4893 = VECTOR('',#4894,1.);
#4894 = DIRECTION('',(-6.084663782733E-17,-0.936521153076,0.350611080602
    ));
#4895 = PCURVE('',#1010,#4896);
#4896 = DEFINITIONAL_REPRESENTATION('',(#4897),#4901);
#4897 = LINE('',#4898,#4899);
#4898 = CARTESIAN_POINT('',(21.581936734456,-57.6477510107));
#4899 = VECTOR('',#4900,1.);
#4900 = DIRECTION('',(0.936521153076,0.350611080602));
#4901 = ( GEOMETRIC_REPRESENTATION_CONTEXT(2) 
PARAMETRIC_REPRESENTATION_CONTEXT() REPRESENTATION_CONTEXT('2D SPACE',''
  ) );
#4902 = PCURVE('',#3456,#4903);
#4903 = DEFINITIONAL_REPRESENTATION('',(#4904),#4908);
#4904 = LINE('',#4905,#4906);
#4905 = CARTESIAN_POINT('',(12.748985551551,92.));
#4906 = VECTOR('',#4907,1.);
#4907 = DIRECTION('',(-1.,-6.084663782733E-17));
#4908 = ( GEOMETRIC_REPRESENTATION_CONTEXT(2) 
PARAMETRIC_REPRESENTATION_CONTEXT() REPRESENTATION_CONTEXT('2D SPACE',''
  ) );
#4909 = ORIENTED_EDGE('',*,*,#4910,.F.);
#4910 = EDGE_CURVE('',#4911,#4888,#4913,.T.);
#4911 = VERTEX_POINT('',#4912);
#4912 = CARTESIAN_POINT('',(13.6,-65.1,36.433581275615));
#4913 = SURFACE_CURVE('',#4914,(#4919,#4926),.PCURVE_S1.);
#4914 = CIRCLE('',#4915,5.);
#4915 = AXIS2_PLACEMENT_3D('',#4916,#4917,#4918);
#4916 = CARTESIAN_POINT('',(13.6,-60.1,36.433581275615));
#4917 = DIRECTION('',(-1.,6.497091670325E-17,0.));
#4918 = DIRECTION('',(-6.497091670325E-17,-1.,0.));
#4919 = PCURVE('',#1010,#4920);
#4920 = DEFINITIONAL_REPRESENTATION('',(#4921),#4925);
#4921 = CIRCLE('',#4922,5.);
#4922 = AXIS2_PLACEMENT_2D('',#4923,#4924);
#4923 = CARTESIAN_POINT('',(60.1,-48.56641872438));
#4924 = DIRECTION('',(1.,0.));
#4925 = ( GEOMETRIC_REPRESENTATION_CONTEXT(2) 
PARAMETRIC_REPRESENTATION_CONTEXT() REPRESENTATION_CONTEXT('2D SPACE',''
  ) );
#4926 = PCURVE('',#3428,#4927);
#4927 = DEFINITIONAL_REPRESENTATION('',(#4928),#4932);
#4928 = LINE('',#4929,#4930);
#4929 = CARTESIAN_POINT('',(3.14159265359,92.));
#4930 = VECTOR('',#4931,1.);
#4931 = DIRECTION('',(-1.,0.));
#4932 = ( GEOMETRIC_REPRESENTATION_CONTEXT(2) 
PARAMETRIC_REPRESENTATION_CONTEXT() REPRESENTATION_CONTEXT('2D SPACE',''
  ) );
#4933 = ORIENTED_EDGE('',*,*,#4934,.F.);
#4934 = EDGE_CURVE('',#4935,#4911,#4937,.T.);
#4935 = VERTEX_POINT('',#4936);
#4936 = CARTESIAN_POINT('',(13.6,-65.1,25.));
#4937 = SURFACE_CURVE('',#4938,(#4942,#4949),.PCURVE_S1.);
#4938 = LINE('',#4939,#4940);
#4939 = CARTESIAN_POINT('',(13.6,-65.1,85.));
#4940 = VECTOR('',#4941,1.);
#4941 = DIRECTION('',(0.,0.,1.));
#4942 = PCURVE('',#1010,#4943);
#4943 = DEFINITIONAL_REPRESENTATION('',(#4944),#4948);
#4944 = LINE('',#4945,#4946);
#4945 = CARTESIAN_POINT('',(65.1,0.));
#4946 = VECTOR('',#4947,1.);
#4947 = DIRECTION('',(0.,1.));
#4948 = ( GEOMETRIC_REPRESENTATION_CONTEXT(2) 
PARAMETRIC_REPRESENTATION_CONTEXT() REPRESENTATION_CONTEXT('2D SPACE',''
  ) );
#4949 = PCURVE('',#3399,#4950);
#4950 = DEFINITIONAL_REPRESENTATION('',(#4951),#4955);
#4951 = LINE('',#4952,#4953);
#4952 = CARTESIAN_POINT('',(92.,53.177815409887));
#4953 = VECTOR('',#4954,1.);
#4954 = DIRECTION('',(0.,1.));
#4955 = ( GEOMETRIC_REPRESENTATION_CONTEXT(2) 
PARAMETRIC_REPRESENTATION_CONTEXT() REPRESENTATION_CONTEXT('2D SPACE',''
  ) );
#4956 = ORIENTED_EDGE('',*,*,#4957,.F.);
#4957 = EDGE_CURVE('',#4841,#4935,#4958,.T.);
#4958 = SURFACE_CURVE('',#4959,(#4964,#4971),.PCURVE_S1.);
#4959 = CIRCLE('',#4960,5.);
#4960 = AXIS2_PLACEMENT_3D('',#4961,#4962,#4963);
#4961 = CARTESIAN_POINT('',(13.6,-60.1,25.));
#4962 = DIRECTION('',(-1.,6.497091670325E-17,0.));
#4963 = DIRECTION('',(-6.497091670325E-17,-1.,0.));
#4964 = PCURVE('',#1010,#4965);
#4965 = DEFINITIONAL_REPRESENTATION('',(#4966),#4970);
#4966 = CIRCLE('',#4967,5.);
#4967 = AXIS2_PLACEMENT_2D('',#4968,#4969);
#4968 = CARTESIAN_POINT('',(60.1,-60.));
#4969 = DIRECTION('',(1.,0.));
#4970 = ( GEOMETRIC_REPRESENTATION_CONTEXT(2) 
PARAMETRIC_REPRESENTATION_CONTEXT() REPRESENTATION_CONTEXT('2D SPACE',''
  ) );
#4971 = PCURVE('',#3540,#4972);
#4972 = DEFINITIONAL_REPRESENTATION('',(#4973),#4977);
#4973 = LINE('',#4974,#4975);
#4974 = CARTESIAN_POINT('',(-1.7763568394E-15,-92.));
#4975 = VECTOR('',#4976,1.);
#4976 = DIRECTION('',(1.,0.));
#4977 = ( GEOMETRIC_REPRESENTATION_CONTEXT(2) 
PARAMETRIC_REPRESENTATION_CONTEXT() REPRESENTATION_CONTEXT('2D SPACE',''
  ) );
#4978 = ADVANCED_FACE('',(#4979,#5075),#66,.F.);
#4979 = FACE_BOUND('',#4980,.T.);
#4980 = EDGE_LOOP('',(#4981,#4982,#5004,#5005,#5006,#5007,#5029,#5030,
    #5052,#5053));
#4981 = ORIENTED_EDGE('',*,*,#456,.T.);
#4982 = ORIENTED_EDGE('',*,*,#4983,.F.);
#4983 = EDGE_CURVE('',#2163,#429,#4984,.T.);
#4984 = SURFACE_CURVE('',#4985,(#4990,#4997),.PCURVE_S1.);
#4985 = CIRCLE('',#4986,5.);
#4986 = AXIS2_PLACEMENT_3D('',#4987,#4988,#4989);
#4987 = CARTESIAN_POINT('',(-13.6,-80.1,0.));
#4988 = DIRECTION('',(0.,0.,1.));
#4989 = DIRECTION('',(1.,0.,-0.));
#4990 = PCURVE('',#66,#4991);
#4991 = DEFINITIONAL_REPRESENTATION('',(#4992),#4996);
#4992 = CIRCLE('',#4993,5.);
#4993 = AXIS2_PLACEMENT_2D('',#4994,#4995);
#4994 = CARTESIAN_POINT('',(-13.6,-80.1));
#4995 = DIRECTION('',(1.,0.));
#4996 = ( GEOMETRIC_REPRESENTATION_CONTEXT(2) 
PARAMETRIC_REPRESENTATION_CONTEXT() REPRESENTATION_CONTEXT('2D SPACE',''
  ) );
#4997 = PCURVE('',#444,#4998);
#4998 = DEFINITIONAL_REPRESENTATION('',(#4999),#5003);
#4999 = LINE('',#5000,#5001);
#5000 = CARTESIAN_POINT('',(9.424777960769,5.));
#5001 = VECTOR('',#5002,1.);
#5002 = DIRECTION('',(-1.,0.));
#5003 = ( GEOMETRIC_REPRESENTATION_CONTEXT(2) 
PARAMETRIC_REPRESENTATION_CONTEXT() REPRESENTATION_CONTEXT('2D SPACE',''
  ) );
#5004 = ORIENTED_EDGE('',*,*,#2162,.T.);
#5005 = ORIENTED_EDGE('',*,*,#1706,.T.);
#5006 = ORIENTED_EDGE('',*,*,#1900,.T.);
#5007 = ORIENTED_EDGE('',*,*,#5008,.F.);
#5008 = EDGE_CURVE('',#46,#1901,#5009,.T.);
#5009 = SURFACE_CURVE('',#5010,(#5015,#5022),.PCURVE_S1.);
#5010 = CIRCLE('',#5011,5.);
#5011 = AXIS2_PLACEMENT_3D('',#5012,#5013,#5014);
#5012 = CARTESIAN_POINT('',(-13.6,80.1,0.));
#5013 = DIRECTION('',(0.,0.,1.));
#5014 = DIRECTION('',(1.,0.,-0.));
#5015 = PCURVE('',#66,#5016);
#5016 = DEFINITIONAL_REPRESENTATION('',(#5017),#5021);
#5017 = CIRCLE('',#5018,5.);
#5018 = AXIS2_PLACEMENT_2D('',#5019,#5020);
#5019 = CARTESIAN_POINT('',(-13.6,80.1));
#5020 = DIRECTION('',(1.,0.));
#5021 = ( GEOMETRIC_REPRESENTATION_CONTEXT(2) 
PARAMETRIC_REPRESENTATION_CONTEXT() REPRESENTATION_CONTEXT('2D SPACE',''
  ) );
#5022 = PCURVE('',#94,#5023);
#5023 = DEFINITIONAL_REPRESENTATION('',(#5024),#5028);
#5024 = LINE('',#5025,#5026);
#5025 = CARTESIAN_POINT('',(0.,-5.));
#5026 = VECTOR('',#5027,1.);
#5027 = DIRECTION('',(1.,0.));
#5028 = ( GEOMETRIC_REPRESENTATION_CONTEXT(2) 
PARAMETRIC_REPRESENTATION_CONTEXT() REPRESENTATION_CONTEXT('2D SPACE',''
  ) );
#5029 = ORIENTED_EDGE('',*,*,#43,.F.);
#5030 = ORIENTED_EDGE('',*,*,#5031,.F.);
#5031 = EDGE_CURVE('',#2416,#44,#5032,.T.);
#5032 = SURFACE_CURVE('',#5033,(#5038,#5045),.PCURVE_S1.);
#5033 = CIRCLE('',#5034,5.);
#5034 = AXIS2_PLACEMENT_3D('',#5035,#5036,#5037);
#5035 = CARTESIAN_POINT('',(13.6,80.1,0.));
#5036 = DIRECTION('',(0.,0.,1.));
#5037 = DIRECTION('',(1.,0.,-0.));
#5038 = PCURVE('',#66,#5039);
#5039 = DEFINITIONAL_REPRESENTATION('',(#5040),#5044);
#5040 = CIRCLE('',#5041,5.);
#5041 = AXIS2_PLACEMENT_2D('',#5042,#5043);
#5042 = CARTESIAN_POINT('',(13.6,80.1));
#5043 = DIRECTION('',(1.,0.));
#5044 = ( GEOMETRIC_REPRESENTATION_CONTEXT(2) 
PARAMETRIC_REPRESENTATION_CONTEXT() REPRESENTATION_CONTEXT('2D SPACE',''
  ) );
#5045 = PCURVE('',#148,#5046);
#5046 = DEFINITIONAL_REPRESENTATION('',(#5047),#5051);
#5047 = LINE('',#5048,#5049);
#5048 = CARTESIAN_POINT('',(3.14159265359,5.));
#5049 = VECTOR('',#5050,1.);
#5050 = DIRECTION('',(-1.,0.));
#5051 = ( GEOMETRIC_REPRESENTATION_CONTEXT(2) 
PARAMETRIC_REPRESENTATION_CONTEXT() REPRESENTATION_CONTEXT('2D SPACE',''
  ) );
#5052 = ORIENTED_EDGE('',*,*,#2415,.F.);
#5053 = ORIENTED_EDGE('',*,*,#5054,.F.);
#5054 = EDGE_CURVE('',#457,#2393,#5055,.T.);
#5055 = SURFACE_CURVE('',#5056,(#5061,#5068),.PCURVE_S1.);
#5056 = CIRCLE('',#5057,5.);
#5057 = AXIS2_PLACEMENT_3D('',#5058,#5059,#5060);
#5058 = CARTESIAN_POINT('',(13.6,-80.1,0.));
#5059 = DIRECTION('',(0.,0.,1.));
#5060 = DIRECTION('',(1.,0.,-0.));
#5061 = PCURVE('',#66,#5062);
#5062 = DEFINITIONAL_REPRESENTATION('',(#5063),#5067);
#5063 = CIRCLE('',#5064,5.);
#5064 = AXIS2_PLACEMENT_2D('',#5065,#5066);
#5065 = CARTESIAN_POINT('',(13.6,-80.1));
#5066 = DIRECTION('',(1.,0.));
#5067 = ( GEOMETRIC_REPRESENTATION_CONTEXT(2) 
PARAMETRIC_REPRESENTATION_CONTEXT() REPRESENTATION_CONTEXT('2D SPACE',''
  ) );
#5068 = PCURVE('',#493,#5069);
#5069 = DEFINITIONAL_REPRESENTATION('',(#5070),#5074);
#5070 = LINE('',#5071,#5072);
#5071 = CARTESIAN_POINT('',(0.,-5.));
#5072 = VECTOR('',#5073,1.);
#5073 = DIRECTION('',(1.,0.));
#5074 = ( GEOMETRIC_REPRESENTATION_CONTEXT(2) 
PARAMETRIC_REPRESENTATION_CONTEXT() REPRESENTATION_CONTEXT('2D SPACE',''
  ) );
#5075 = FACE_BOUND('',#5076,.T.);
#5076 = EDGE_LOOP('',(#5077,#5078,#5167,#5195,#5282,#5283,#5372,#5400));
#5077 = ORIENTED_EDGE('',*,*,#3895,.F.);
#5078 = ORIENTED_EDGE('',*,*,#5079,.T.);
#5079 = EDGE_CURVE('',#3867,#5080,#5082,.T.);
#5080 = VERTEX_POINT('',#5081);
#5081 = CARTESIAN_POINT('',(-8.6,-76.1,0.));
#5082 = SURFACE_CURVE('',#5083,(#5098,#5116),.PCURVE_S1.);
#5083 = B_SPLINE_CURVE_WITH_KNOTS('',3,(#5084,#5085,#5086,#5087,#5088,
    #5089,#5090,#5091,#5092,#5093,#5094,#5095,#5096,#5097),
  .UNSPECIFIED.,.F.,.F.,(4,2,2,2,2,2,4),(2.267869625715,2.351948611617,
    2.43602759752,2.523050832248,2.610074066977,2.829346193921,
    3.048618320866),.UNSPECIFIED.);
#5084 = CARTESIAN_POINT('',(-13.6,-70.1839202169,0.));
#5085 = CARTESIAN_POINT('',(-13.6,-70.46418350324,-1.271616830034E-18));
#5086 = CARTESIAN_POINT('',(-13.5755578559,-70.77074718753,
    -1.009741958683E-27));
#5087 = CARTESIAN_POINT('',(-13.47049192357,-71.37417058779,
    -1.009741958683E-27));
#5088 = CARTESIAN_POINT('',(-13.38991072628,-71.67103771878,0.));
#5089 = CARTESIAN_POINT('',(-13.19888190942,-72.20843565851,0.));
#5090 = CARTESIAN_POINT('',(-13.06884553668,-72.49896370044,
    2.584939414228E-25));
#5091 = CARTESIAN_POINT('',(-12.75844231738,-73.05198814337,
    2.584939414228E-25));
#5092 = CARTESIAN_POINT('',(-12.57817167275,-73.31453853538,0.));
#5093 = CARTESIAN_POINT('',(-11.94141233847,-74.11262811612,0.));
#5094 = CARTESIAN_POINT('',(-11.34191938854,-74.62923212136,0.));
#5095 = CARTESIAN_POINT('',(-10.00330370597,-75.47130855417,0.));
#5096 = CARTESIAN_POINT('',(-9.26722383422,-75.80160843009,0.));
#5097 = CARTESIAN_POINT('',(-8.6,-76.1,0.));
#5098 = PCURVE('',#66,#5099);
#5099 = DEFINITIONAL_REPRESENTATION('',(#5100),#5115);
#5100 = B_SPLINE_CURVE_WITH_KNOTS('',3,(#5101,#5102,#5103,#5104,#5105,
    #5106,#5107,#5108,#5109,#5110,#5111,#5112,#5113,#5114),
  .UNSPECIFIED.,.F.,.F.,(4,2,2,2,2,2,4),(2.267869625715,2.351948611617,
    2.43602759752,2.523050832248,2.610074066977,2.829346193921,
    3.048618320866),.UNSPECIFIED.);
#5101 = CARTESIAN_POINT('',(-13.6,-70.1839202169));
#5102 = CARTESIAN_POINT('',(-13.6,-70.46418350324));
#5103 = CARTESIAN_POINT('',(-13.5755578559,-70.77074718753));
#5104 = CARTESIAN_POINT('',(-13.47049192357,-71.37417058779));
#5105 = CARTESIAN_POINT('',(-13.38991072628,-71.67103771878));
#5106 = CARTESIAN_POINT('',(-13.19888190942,-72.20843565851));
#5107 = CARTESIAN_POINT('',(-13.06884553668,-72.49896370044));
#5108 = CARTESIAN_POINT('',(-12.75844231738,-73.05198814337));
#5109 = CARTESIAN_POINT('',(-12.57817167275,-73.31453853538));
#5110 = CARTESIAN_POINT('',(-11.94141233847,-74.11262811612));
#5111 = CARTESIAN_POINT('',(-11.34191938854,-74.62923212136));
#5112 = CARTESIAN_POINT('',(-10.00330370597,-75.47130855417));
#5113 = CARTESIAN_POINT('',(-9.26722383422,-75.80160843009));
#5114 = CARTESIAN_POINT('',(-8.6,-76.1));
#5115 = ( GEOMETRIC_REPRESENTATION_CONTEXT(2) 
PARAMETRIC_REPRESENTATION_CONTEXT() REPRESENTATION_CONTEXT('2D SPACE',''
  ) );
#5116 = PCURVE('',#3883,#5117);
#5117 = DEFINITIONAL_REPRESENTATION('',(#5118),#5166);
#5118 = B_SPLINE_CURVE_WITH_KNOTS('',3,(#5119,#5120,#5121,#5122,#5123,
    #5124,#5125,#5126,#5127,#5128,#5129,#5130,#5131,#5132,#5133,#5134,
    #5135,#5136,#5137,#5138,#5139,#5140,#5141,#5142,#5143,#5144,#5145,
    #5146,#5147,#5148,#5149,#5150,#5151,#5152,#5153,#5154,#5155,#5156,
    #5157,#5158,#5159,#5160,#5161,#5162,#5163,#5164,#5165),
  .UNSPECIFIED.,.F.,.F.,(4,1,1,1,1,1,1,1,1,1,1,1,1,1,1,1,1,1,1,1,1,1,1,1
    ,1,1,1,1,1,1,1,1,1,1,1,1,1,1,1,1,1,1,1,1,4),(2.267869625715,
    2.285613914241,2.303358202767,2.321102491293,2.33884677982,
    2.356591068346,2.374335356872,2.392079645398,2.409823933924,
    2.42756822245,2.445312510976,2.463056799503,2.480801088029,
    2.498545376555,2.516289665081,2.534033953607,2.551778242133,
    2.56952253066,2.587266819186,2.605011107712,2.622755396238,
    2.640499684764,2.65824397329,2.675988261817,2.693732550343,
    2.711476838869,2.729221127395,2.746965415921,2.764709704447,
    2.782453992973,2.8001982815,2.817942570026,2.835686858552,
    2.853431147078,2.871175435604,2.88891972413,2.906664012657,
    2.924408301183,2.942152589709,2.959896878235,2.977641166761,
    2.995385455287,3.013129743813,3.03087403234,3.048618320866),
  .QUASI_UNIFORM_KNOTS.);
#5119 = CARTESIAN_POINT('',(3.309040732809,1.570796326795));
#5120 = CARTESIAN_POINT('',(3.310683442996,1.582460447874));
#5121 = CARTESIAN_POINT('',(3.314130772412,1.606240880447));
#5122 = CARTESIAN_POINT('',(3.319793289317,1.642966288377));
#5123 = CARTESIAN_POINT('',(3.325954891035,1.680443463045));
#5124 = CARTESIAN_POINT('',(3.33261695725,1.718373542676));
#5125 = CARTESIAN_POINT('',(3.339773242752,1.75646667086));
#5126 = CARTESIAN_POINT('',(3.347407987265,1.794445566603));
#5127 = CARTESIAN_POINT('',(3.355500421178,1.832032101001));
#5128 = CARTESIAN_POINT('',(3.364004603204,1.868913924645));
#5129 = CARTESIAN_POINT('',(3.372882808015,1.904864100981));
#5130 = CARTESIAN_POINT('',(3.381962363594,1.93932357969));
#5131 = CARTESIAN_POINT('',(3.392053650975,1.975201320564));
#5132 = CARTESIAN_POINT('',(3.403117265534,2.011854329416));
#5133 = CARTESIAN_POINT('',(3.415206348946,2.049099109538));
#5134 = CARTESIAN_POINT('',(3.428333839712,2.086635278418));
#5135 = CARTESIAN_POINT('',(3.442490923236,2.124208033955));
#5136 = CARTESIAN_POINT('',(3.457666881151,2.161560045407));
#5137 = CARTESIAN_POINT('',(3.473836462322,2.198419271646));
#5138 = CARTESIAN_POINT('',(3.490936304899,2.234524714128));
#5139 = CARTESIAN_POINT('',(3.50882889345,2.269554918514));
#5140 = CARTESIAN_POINT('',(3.527393185032,2.303416272686));
#5141 = CARTESIAN_POINT('',(3.547638808632,2.337839574441));
#5142 = CARTESIAN_POINT('',(3.569537005688,2.372445222661));
#5143 = CARTESIAN_POINT('',(3.593296387306,2.407306505544));
#5144 = CARTESIAN_POINT('',(3.619076834006,2.442371375615));
#5145 = CARTESIAN_POINT('',(3.647064341349,2.477618227555));
#5146 = CARTESIAN_POINT('',(3.677447550598,2.513015152284));
#5147 = CARTESIAN_POINT('',(3.710418541279,2.548531990827));
#5148 = CARTESIAN_POINT('',(3.746163949381,2.58413842317));
#5149 = CARTESIAN_POINT('',(3.784856215065,2.61980578891));
#5150 = CARTESIAN_POINT('',(3.826636117548,2.655508516935));
#5151 = CARTESIAN_POINT('',(3.871608990318,2.691223767151));
#5152 = CARTESIAN_POINT('',(3.919772132553,2.726938673795));
#5153 = CARTESIAN_POINT('',(3.97122513727,2.76262350388));
#5154 = CARTESIAN_POINT('',(4.026046579207,2.798240387614));
#5155 = CARTESIAN_POINT('',(4.084226523713,2.8337511283));
#5156 = CARTESIAN_POINT('',(4.145681953555,2.869114669288));
#5157 = CARTESIAN_POINT('',(4.210233282638,2.904289166672));
#5158 = CARTESIAN_POINT('',(4.277595697039,2.939232518588));
#5159 = CARTESIAN_POINT('',(4.347374472817,2.973902878522));
#5160 = CARTESIAN_POINT('',(4.419070720463,3.008258648312));
#5161 = CARTESIAN_POINT('',(4.492097465035,3.042258117057));
#5162 = CARTESIAN_POINT('',(4.565808182689,3.075858618783));
#5163 = CARTESIAN_POINT('',(4.639526654318,3.109016023947));
#5164 = CARTESIAN_POINT('',(4.68824555015,3.130793555839));
#5165 = CARTESIAN_POINT('',(4.712388980385,3.14159265359));
#5166 = ( GEOMETRIC_REPRESENTATION_CONTEXT(2) 
PARAMETRIC_REPRESENTATION_CONTEXT() REPRESENTATION_CONTEXT('2D SPACE',''
  ) );
#5167 = ORIENTED_EDGE('',*,*,#5168,.F.);
#5168 = EDGE_CURVE('',#5169,#5080,#5171,.T.);
#5169 = VERTEX_POINT('',#5170);
#5170 = CARTESIAN_POINT('',(8.6,-76.1,0.));
#5171 = SURFACE_CURVE('',#5172,(#5176,#5183),.PCURVE_S1.);
#5172 = LINE('',#5173,#5174);
#5173 = CARTESIAN_POINT('',(0.,-76.1,0.));
#5174 = VECTOR('',#5175,1.);
#5175 = DIRECTION('',(-1.,0.,0.));
#5176 = PCURVE('',#66,#5177);
#5177 = DEFINITIONAL_REPRESENTATION('',(#5178),#5182);
#5178 = LINE('',#5179,#5180);
#5179 = CARTESIAN_POINT('',(0.,-76.1));
#5180 = VECTOR('',#5181,1.);
#5181 = DIRECTION('',(-1.,0.));
#5182 = ( GEOMETRIC_REPRESENTATION_CONTEXT(2) 
PARAMETRIC_REPRESENTATION_CONTEXT() REPRESENTATION_CONTEXT('2D SPACE',''
  ) );
#5183 = PCURVE('',#5184,#5189);
#5184 = CYLINDRICAL_SURFACE('',#5185,1.);
#5185 = AXIS2_PLACEMENT_3D('',#5186,#5187,#5188);
#5186 = CARTESIAN_POINT('',(1.040834085586E-14,-76.1,1.));
#5187 = DIRECTION('',(-1.,0.,0.));
#5188 = DIRECTION('',(0.,0.,1.));
#5189 = DEFINITIONAL_REPRESENTATION('',(#5190),#5194);
#5190 = LINE('',#5191,#5192);
#5191 = CARTESIAN_POINT('',(3.14159265359,1.06581410364E-14));
#5192 = VECTOR('',#5193,1.);
#5193 = DIRECTION('',(0.,1.));
#5194 = ( GEOMETRIC_REPRESENTATION_CONTEXT(2) 
PARAMETRIC_REPRESENTATION_CONTEXT() REPRESENTATION_CONTEXT('2D SPACE',''
  ) );
#5195 = ORIENTED_EDGE('',*,*,#5196,.F.);
#5196 = EDGE_CURVE('',#4569,#5169,#5197,.T.);
#5197 = SURFACE_CURVE('',#5198,(#5213,#5231),.PCURVE_S1.);
#5198 = B_SPLINE_CURVE_WITH_KNOTS('',3,(#5199,#5200,#5201,#5202,#5203,
    #5204,#5205,#5206,#5207,#5208,#5209,#5210,#5211,#5212),
  .UNSPECIFIED.,.F.,.F.,(4,2,2,2,2,2,4),(-0.780748695151,-0.696669709248
    ,-0.612590723346,-0.525567488617,-0.438544253889,-0.219272126944,0.)
  ,.UNSPECIFIED.);
#5199 = CARTESIAN_POINT('',(13.6,-70.1839202169,0.));
#5200 = CARTESIAN_POINT('',(13.6,-70.46418350324,3.77157247999E-19));
#5201 = CARTESIAN_POINT('',(13.575557855901,-70.77074718753,0.));
#5202 = CARTESIAN_POINT('',(13.470491923578,-71.37417058779,0.));
#5203 = CARTESIAN_POINT('',(13.389910726287,-71.67103771878,0.));
#5204 = CARTESIAN_POINT('',(13.198881909424,-72.20843565851,0.));
#5205 = CARTESIAN_POINT('',(13.068845536681,-72.49896370044,0.));
#5206 = CARTESIAN_POINT('',(12.758442317385,-73.05198814337,0.));
#5207 = CARTESIAN_POINT('',(12.578171672756,-73.31453853538,0.));
#5208 = CARTESIAN_POINT('',(11.941412338475,-74.11262811612,0.));
#5209 = CARTESIAN_POINT('',(11.341919388543,-74.62923212136,
    4.235164736272E-21));
#5210 = CARTESIAN_POINT('',(10.003303705974,-75.47130855417,
    4.235164736272E-21));
#5211 = CARTESIAN_POINT('',(9.26722383422,-75.80160843009,0.));
#5212 = CARTESIAN_POINT('',(8.6,-76.1,0.));
#5213 = PCURVE('',#66,#5214);
#5214 = DEFINITIONAL_REPRESENTATION('',(#5215),#5230);
#5215 = B_SPLINE_CURVE_WITH_KNOTS('',3,(#5216,#5217,#5218,#5219,#5220,
    #5221,#5222,#5223,#5224,#5225,#5226,#5227,#5228,#5229),
  .UNSPECIFIED.,.F.,.F.,(4,2,2,2,2,2,4),(-0.780748695151,-0.696669709248
    ,-0.612590723346,-0.525567488617,-0.438544253889,-0.219272126944,0.)
  ,.UNSPECIFIED.);
#5216 = CARTESIAN_POINT('',(13.6,-70.1839202169));
#5217 = CARTESIAN_POINT('',(13.6,-70.46418350324));
#5218 = CARTESIAN_POINT('',(13.575557855901,-70.77074718753));
#5219 = CARTESIAN_POINT('',(13.470491923578,-71.37417058779));
#5220 = CARTESIAN_POINT('',(13.389910726287,-71.67103771878));
#5221 = CARTESIAN_POINT('',(13.198881909424,-72.20843565851));
#5222 = CARTESIAN_POINT('',(13.068845536681,-72.49896370044));
#5223 = CARTESIAN_POINT('',(12.758442317385,-73.05198814337));
#5224 = CARTESIAN_POINT('',(12.578171672756,-73.31453853538));
#5225 = CARTESIAN_POINT('',(11.941412338475,-74.11262811612));
#5226 = CARTESIAN_POINT('',(11.341919388543,-74.62923212136));
#5227 = CARTESIAN_POINT('',(10.003303705974,-75.47130855417));
#5228 = CARTESIAN_POINT('',(9.26722383422,-75.80160843009));
#5229 = CARTESIAN_POINT('',(8.6,-76.1));
#5230 = ( GEOMETRIC_REPRESENTATION_CONTEXT(2) 
PARAMETRIC_REPRESENTATION_CONTEXT() REPRESENTATION_CONTEXT('2D SPACE',''
  ) );
#5231 = PCURVE('',#4608,#5232);
#5232 = DEFINITIONAL_REPRESENTATION('',(#5233),#5281);
#5233 = B_SPLINE_CURVE_WITH_KNOTS('',3,(#5234,#5235,#5236,#5237,#5238,
    #5239,#5240,#5241,#5242,#5243,#5244,#5245,#5246,#5247,#5248,#5249,
    #5250,#5251,#5252,#5253,#5254,#5255,#5256,#5257,#5258,#5259,#5260,
    #5261,#5262,#5263,#5264,#5265,#5266,#5267,#5268,#5269,#5270,#5271,
    #5272,#5273,#5274,#5275,#5276,#5277,#5278,#5279,#5280),
  .UNSPECIFIED.,.F.,.F.,(4,1,1,1,1,1,1,1,1,1,1,1,1,1,1,1,1,1,1,1,1,1,1,1
    ,1,1,1,1,1,1,1,1,1,1,1,1,1,1,1,1,1,1,1,1,4),(-0.780748695151,
    -0.763004406625,-0.745260118099,-0.727515829572,-0.709771541046,
    -0.69202725252,-0.674282963994,-0.656538675468,-0.638794386942,
    -0.621050098415,-0.603305809889,-0.585561521363,-0.567817232837,
    -0.550072944311,-0.532328655785,-0.514584367259,-0.496840078732,
    -0.479095790206,-0.46135150168,-0.443607213154,-0.425862924628,
    -0.408118636102,-0.390374347575,-0.372630059049,-0.354885770523,
    -0.337141481997,-0.319397193471,-0.301652904945,-0.283908616418,
    -0.266164327892,-0.248420039366,-0.23067575084,-0.212931462314,
    -0.195187173788,-0.177442885262,-0.159698596735,-0.141954308209,
    -0.124210019683,-0.106465731157,-8.872144263078E-02,
    -7.097715410462E-02,-5.323286557847E-02,-3.548857705231E-02,
    -1.774428852616E-02,0.),.UNSPECIFIED.);
#5234 = CARTESIAN_POINT('',(3.309040732809,4.712388980385));
#5235 = CARTESIAN_POINT('',(3.310683442996,4.700724859306));
#5236 = CARTESIAN_POINT('',(3.314130772412,4.676944426733));
#5237 = CARTESIAN_POINT('',(3.319793289317,4.640219018803));
#5238 = CARTESIAN_POINT('',(3.325954891035,4.602741844135));
#5239 = CARTESIAN_POINT('',(3.33261695725,4.564811764503));
#5240 = CARTESIAN_POINT('',(3.339773242752,4.526718636319));
#5241 = CARTESIAN_POINT('',(3.347407987265,4.488739740576));
#5242 = CARTESIAN_POINT('',(3.355500421178,4.451153206178));
#5243 = CARTESIAN_POINT('',(3.364004603204,4.414271382534));
#5244 = CARTESIAN_POINT('',(3.372882808015,4.378321206199));
#5245 = CARTESIAN_POINT('',(3.381962363594,4.343861727489));
#5246 = CARTESIAN_POINT('',(3.392053650975,4.307983986616));
#5247 = CARTESIAN_POINT('',(3.403117265534,4.271330977763));
#5248 = CARTESIAN_POINT('',(3.415206348946,4.234086197642));
#5249 = CARTESIAN_POINT('',(3.428333839712,4.196550028761));
#5250 = CARTESIAN_POINT('',(3.442490923236,4.158977273225));
#5251 = CARTESIAN_POINT('',(3.457666881151,4.121625261772));
#5252 = CARTESIAN_POINT('',(3.473836462322,4.084766035534));
#5253 = CARTESIAN_POINT('',(3.490936304899,4.048660593051));
#5254 = CARTESIAN_POINT('',(3.50882889345,4.013630388665));
#5255 = CARTESIAN_POINT('',(3.527393185032,3.979769034493));
#5256 = CARTESIAN_POINT('',(3.547638808632,3.945345732739));
#5257 = CARTESIAN_POINT('',(3.569537005688,3.910740084518));
#5258 = CARTESIAN_POINT('',(3.593296387306,3.875878801635));
#5259 = CARTESIAN_POINT('',(3.619076834006,3.840813931564));
#5260 = CARTESIAN_POINT('',(3.647064341349,3.805567079625));
#5261 = CARTESIAN_POINT('',(3.677447550598,3.770170154895));
#5262 = CARTESIAN_POINT('',(3.710418541279,3.734653316353));
#5263 = CARTESIAN_POINT('',(3.746163949381,3.69904688401));
#5264 = CARTESIAN_POINT('',(3.784856215065,3.66337951827));
#5265 = CARTESIAN_POINT('',(3.826636117548,3.627676790245));
#5266 = CARTESIAN_POINT('',(3.871608990318,3.591961540028));
#5267 = CARTESIAN_POINT('',(3.919772132553,3.556246633385));
#5268 = CARTESIAN_POINT('',(3.97122513727,3.520561803299));
#5269 = CARTESIAN_POINT('',(4.026046579207,3.484944919565));
#5270 = CARTESIAN_POINT('',(4.084226523713,3.44943417888));
#5271 = CARTESIAN_POINT('',(4.145681953555,3.414070637891));
#5272 = CARTESIAN_POINT('',(4.210233282638,3.378896140507));
#5273 = CARTESIAN_POINT('',(4.277595697039,3.343952788592));
#5274 = CARTESIAN_POINT('',(4.347374472817,3.309282428658));
#5275 = CARTESIAN_POINT('',(4.419070720463,3.274926658868));
#5276 = CARTESIAN_POINT('',(4.492097465035,3.240927190122));
#5277 = CARTESIAN_POINT('',(4.565808182689,3.207326688397));
#5278 = CARTESIAN_POINT('',(4.639526654318,3.174169283233));
#5279 = CARTESIAN_POINT('',(4.68824555015,3.152391751341));
#5280 = CARTESIAN_POINT('',(4.712388980385,3.14159265359));
#5281 = ( GEOMETRIC_REPRESENTATION_CONTEXT(2) 
PARAMETRIC_REPRESENTATION_CONTEXT() REPRESENTATION_CONTEXT('2D SPACE',''
  ) );
#5282 = ORIENTED_EDGE('',*,*,#4568,.T.);
#5283 = ORIENTED_EDGE('',*,*,#5284,.T.);
#5284 = EDGE_CURVE('',#4540,#5285,#5287,.T.);
#5285 = VERTEX_POINT('',#5286);
#5286 = CARTESIAN_POINT('',(8.6,76.1,0.));
#5287 = SURFACE_CURVE('',#5288,(#5303,#5321),.PCURVE_S1.);
#5288 = B_SPLINE_CURVE_WITH_KNOTS('',3,(#5289,#5290,#5291,#5292,#5293,
    #5294,#5295,#5296,#5297,#5298,#5299,#5300,#5301,#5302),
  .UNSPECIFIED.,.F.,.F.,(4,2,2,2,2,2,4),(2.267869625715,2.351948611617,
    2.43602759752,2.523050832248,2.610074066977,2.829346193921,
    3.048618320866),.UNSPECIFIED.);
#5289 = CARTESIAN_POINT('',(13.6,70.1839202169,0.));
#5290 = CARTESIAN_POINT('',(13.6,70.464183503242,-8.1568257448E-18));
#5291 = CARTESIAN_POINT('',(13.575557855901,70.77074718753,
    -1.009741958683E-27));
#5292 = CARTESIAN_POINT('',(13.470491923578,71.374170587796,
    -1.009741958683E-27));
#5293 = CARTESIAN_POINT('',(13.389910726287,71.671037718781,0.));
#5294 = CARTESIAN_POINT('',(13.198881909424,72.208435658511,0.));
#5295 = CARTESIAN_POINT('',(13.068845536681,72.498963700442,
    2.584939414228E-25));
#5296 = CARTESIAN_POINT('',(12.758442317385,73.051988143375,
    2.584939414228E-25));
#5297 = CARTESIAN_POINT('',(12.578171672756,73.31453853538,0.));
#5298 = CARTESIAN_POINT('',(11.941412338475,74.112628116128,0.));
#5299 = CARTESIAN_POINT('',(11.341919388543,74.629232121364,0.));
#5300 = CARTESIAN_POINT('',(10.003303705974,75.471308554174,0.));
#5301 = CARTESIAN_POINT('',(9.26722383422,75.801608430095,0.));
#5302 = CARTESIAN_POINT('',(8.6,76.1,0.));
#5303 = PCURVE('',#66,#5304);
#5304 = DEFINITIONAL_REPRESENTATION('',(#5305),#5320);
#5305 = B_SPLINE_CURVE_WITH_KNOTS('',3,(#5306,#5307,#5308,#5309,#5310,
    #5311,#5312,#5313,#5314,#5315,#5316,#5317,#5318,#5319),
  .UNSPECIFIED.,.F.,.F.,(4,2,2,2,2,2,4),(2.267869625715,2.351948611617,
    2.43602759752,2.523050832248,2.610074066977,2.829346193921,
    3.048618320866),.UNSPECIFIED.);
#5306 = CARTESIAN_POINT('',(13.6,70.1839202169));
#5307 = CARTESIAN_POINT('',(13.6,70.464183503242));
#5308 = CARTESIAN_POINT('',(13.575557855901,70.77074718753));
#5309 = CARTESIAN_POINT('',(13.470491923578,71.374170587796));
#5310 = CARTESIAN_POINT('',(13.389910726287,71.671037718781));
#5311 = CARTESIAN_POINT('',(13.198881909424,72.208435658511));
#5312 = CARTESIAN_POINT('',(13.068845536681,72.498963700442));
#5313 = CARTESIAN_POINT('',(12.758442317385,73.051988143375));
#5314 = CARTESIAN_POINT('',(12.578171672756,73.31453853538));
#5315 = CARTESIAN_POINT('',(11.941412338475,74.112628116128));
#5316 = CARTESIAN_POINT('',(11.341919388543,74.629232121364));
#5317 = CARTESIAN_POINT('',(10.003303705974,75.471308554174));
#5318 = CARTESIAN_POINT('',(9.26722383422,75.801608430095));
#5319 = CARTESIAN_POINT('',(8.6,76.1));
#5320 = ( GEOMETRIC_REPRESENTATION_CONTEXT(2) 
PARAMETRIC_REPRESENTATION_CONTEXT() REPRESENTATION_CONTEXT('2D SPACE',''
  ) );
#5321 = PCURVE('',#4556,#5322);
#5322 = DEFINITIONAL_REPRESENTATION('',(#5323),#5371);
#5323 = B_SPLINE_CURVE_WITH_KNOTS('',3,(#5324,#5325,#5326,#5327,#5328,
    #5329,#5330,#5331,#5332,#5333,#5334,#5335,#5336,#5337,#5338,#5339,
    #5340,#5341,#5342,#5343,#5344,#5345,#5346,#5347,#5348,#5349,#5350,
    #5351,#5352,#5353,#5354,#5355,#5356,#5357,#5358,#5359,#5360,#5361,
    #5362,#5363,#5364,#5365,#5366,#5367,#5368,#5369,#5370),
  .UNSPECIFIED.,.F.,.F.,(4,1,1,1,1,1,1,1,1,1,1,1,1,1,1,1,1,1,1,1,1,1,1,1
    ,1,1,1,1,1,1,1,1,1,1,1,1,1,1,1,1,1,1,1,1,4),(2.267869625715,
    2.285613914241,2.303358202767,2.321102491293,2.33884677982,
    2.356591068346,2.374335356872,2.392079645398,2.409823933924,
    2.42756822245,2.445312510976,2.463056799503,2.480801088029,
    2.498545376555,2.516289665081,2.534033953607,2.551778242133,
    2.56952253066,2.587266819186,2.605011107712,2.622755396238,
    2.640499684764,2.65824397329,2.675988261817,2.693732550343,
    2.711476838869,2.729221127395,2.746965415921,2.764709704447,
    2.782453992973,2.8001982815,2.817942570026,2.835686858552,
    2.853431147078,2.871175435604,2.88891972413,2.906664012657,
    2.924408301183,2.942152589709,2.959896878235,2.977641166761,
    2.995385455287,3.013129743813,3.03087403234,3.048618320866),
  .QUASI_UNIFORM_KNOTS.);
#5324 = CARTESIAN_POINT('',(6.11573722796,4.712388980385));
#5325 = CARTESIAN_POINT('',(6.114094517774,4.700724859306));
#5326 = CARTESIAN_POINT('',(6.110647188357,4.676944426733));
#5327 = CARTESIAN_POINT('',(6.104984671453,4.640219018803));
#5328 = CARTESIAN_POINT('',(6.098823069735,4.602741844135));
#5329 = CARTESIAN_POINT('',(6.092161003519,4.564811764503));
#5330 = CARTESIAN_POINT('',(6.085004718017,4.526718636319));
#5331 = CARTESIAN_POINT('',(6.077369973504,4.488739740576));
#5332 = CARTESIAN_POINT('',(6.069277539591,4.451153206178));
#5333 = CARTESIAN_POINT('',(6.060773357566,4.414271382534));
#5334 = CARTESIAN_POINT('',(6.051895152755,4.378321206199));
#5335 = CARTESIAN_POINT('',(6.042815597175,4.343861727489));
#5336 = CARTESIAN_POINT('',(6.032724309794,4.307983986616));
#5337 = CARTESIAN_POINT('',(6.021660695236,4.271330977763));
#5338 = CARTESIAN_POINT('',(6.009571611824,4.234086197642));
#5339 = CARTESIAN_POINT('',(5.996444121058,4.196550028761));
#5340 = CARTESIAN_POINT('',(5.982287037533,4.158977273225));
#5341 = CARTESIAN_POINT('',(5.967111079618,4.121625261772));
#5342 = CARTESIAN_POINT('',(5.950941498448,4.084766035534));
#5343 = CARTESIAN_POINT('',(5.933841655871,4.048660593051));
#5344 = CARTESIAN_POINT('',(5.915949067319,4.013630388665));
#5345 = CARTESIAN_POINT('',(5.897384775737,3.979769034493));
#5346 = CARTESIAN_POINT('',(5.877139152137,3.945345732739));
#5347 = CARTESIAN_POINT('',(5.855240955082,3.910740084518));
#5348 = CARTESIAN_POINT('',(5.831481573463,3.875878801635));
#5349 = CARTESIAN_POINT('',(5.805701126763,3.840813931564));
#5350 = CARTESIAN_POINT('',(5.77771361942,3.805567079625));
#5351 = CARTESIAN_POINT('',(5.747330410171,3.770170154895));
#5352 = CARTESIAN_POINT('',(5.71435941949,3.734653316353));
#5353 = CARTESIAN_POINT('',(5.678614011388,3.69904688401));
#5354 = CARTESIAN_POINT('',(5.639921745704,3.66337951827));
#5355 = CARTESIAN_POINT('',(5.598141843222,3.627676790245));
#5356 = CARTESIAN_POINT('',(5.553168970451,3.591961540028));
#5357 = CARTESIAN_POINT('',(5.505005828216,3.556246633385));
#5358 = CARTESIAN_POINT('',(5.453552823499,3.520561803299));
#5359 = CARTESIAN_POINT('',(5.398731381562,3.484944919565));
#5360 = CARTESIAN_POINT('',(5.340551437056,3.44943417888));
#5361 = CARTESIAN_POINT('',(5.279096007214,3.414070637891));
#5362 = CARTESIAN_POINT('',(5.214544678131,3.378896140507));
#5363 = CARTESIAN_POINT('',(5.147182263731,3.343952788592));
#5364 = CARTESIAN_POINT('',(5.077403487952,3.309282428658));
#5365 = CARTESIAN_POINT('',(5.005707240306,3.274926658868));
#5366 = CARTESIAN_POINT('',(4.932680495734,3.240927190122));
#5367 = CARTESIAN_POINT('',(4.858969778081,3.207326688397));
#5368 = CARTESIAN_POINT('',(4.785251306452,3.174169283233));
#5369 = CARTESIAN_POINT('',(4.736532410619,3.152391751341));
#5370 = CARTESIAN_POINT('',(4.712388980385,3.14159265359));
#5371 = ( GEOMETRIC_REPRESENTATION_CONTEXT(2) 
PARAMETRIC_REPRESENTATION_CONTEXT() REPRESENTATION_CONTEXT('2D SPACE',''
  ) );
#5372 = ORIENTED_EDGE('',*,*,#5373,.T.);
#5373 = EDGE_CURVE('',#5285,#5374,#5376,.T.);
#5374 = VERTEX_POINT('',#5375);
#5375 = CARTESIAN_POINT('',(-8.6,76.1,0.));
#5376 = SURFACE_CURVE('',#5377,(#5381,#5388),.PCURVE_S1.);
#5377 = LINE('',#5378,#5379);
#5378 = CARTESIAN_POINT('',(-13.6,76.1,0.));
#5379 = VECTOR('',#5380,1.);
#5380 = DIRECTION('',(-1.,0.,0.));
#5381 = PCURVE('',#66,#5382);
#5382 = DEFINITIONAL_REPRESENTATION('',(#5383),#5387);
#5383 = LINE('',#5384,#5385);
#5384 = CARTESIAN_POINT('',(-13.6,76.1));
#5385 = VECTOR('',#5386,1.);
#5386 = DIRECTION('',(-1.,0.));
#5387 = ( GEOMETRIC_REPRESENTATION_CONTEXT(2) 
PARAMETRIC_REPRESENTATION_CONTEXT() REPRESENTATION_CONTEXT('2D SPACE',''
  ) );
#5388 = PCURVE('',#5389,#5394);
#5389 = CYLINDRICAL_SURFACE('',#5390,1.);
#5390 = AXIS2_PLACEMENT_3D('',#5391,#5392,#5393);
#5391 = CARTESIAN_POINT('',(0.,76.1,1.));
#5392 = DIRECTION('',(1.,0.,0.));
#5393 = DIRECTION('',(0.,0.,-1.));
#5394 = DEFINITIONAL_REPRESENTATION('',(#5395),#5399);
#5395 = LINE('',#5396,#5397);
#5396 = CARTESIAN_POINT('',(6.28318530718,-13.6));
#5397 = VECTOR('',#5398,1.);
#5398 = DIRECTION('',(0.,-1.));
#5399 = ( GEOMETRIC_REPRESENTATION_CONTEXT(2) 
PARAMETRIC_REPRESENTATION_CONTEXT() REPRESENTATION_CONTEXT('2D SPACE',''
  ) );
#5400 = ORIENTED_EDGE('',*,*,#5401,.F.);
#5401 = EDGE_CURVE('',#3896,#5374,#5402,.T.);
#5402 = SURFACE_CURVE('',#5403,(#5418,#5436),.PCURVE_S1.);
#5403 = B_SPLINE_CURVE_WITH_KNOTS('',3,(#5404,#5405,#5406,#5407,#5408,
    #5409,#5410,#5411,#5412,#5413,#5414,#5415,#5416,#5417),
  .UNSPECIFIED.,.F.,.F.,(4,2,2,2,2,2,4),(-0.780748695151,-0.696669709248
    ,-0.612590723346,-0.525567488617,-0.438544253889,-0.219272126944,0.)
  ,.UNSPECIFIED.);
#5404 = CARTESIAN_POINT('',(-13.6,70.1839202169,0.));
#5405 = CARTESIAN_POINT('',(-13.6,70.464183503242,-3.320719541307E-19));
#5406 = CARTESIAN_POINT('',(-13.5755578559,70.77074718753,0.));
#5407 = CARTESIAN_POINT('',(-13.47049192357,71.374170587796,0.));
#5408 = CARTESIAN_POINT('',(-13.38991072628,71.671037718781,0.));
#5409 = CARTESIAN_POINT('',(-13.19888190942,72.208435658511,0.));
#5410 = CARTESIAN_POINT('',(-13.06884553668,72.498963700442,0.));
#5411 = CARTESIAN_POINT('',(-12.75844231738,73.051988143375,0.));
#5412 = CARTESIAN_POINT('',(-12.57817167275,73.31453853538,0.));
#5413 = CARTESIAN_POINT('',(-11.94141233847,74.112628116128,0.));
#5414 = CARTESIAN_POINT('',(-11.34191938854,74.629232121364,
    4.235164736272E-21));
#5415 = CARTESIAN_POINT('',(-10.00330370597,75.471308554174,
    4.235164736272E-21));
#5416 = CARTESIAN_POINT('',(-9.26722383422,75.801608430095,0.));
#5417 = CARTESIAN_POINT('',(-8.6,76.1,0.));
#5418 = PCURVE('',#66,#5419);
#5419 = DEFINITIONAL_REPRESENTATION('',(#5420),#5435);
#5420 = B_SPLINE_CURVE_WITH_KNOTS('',3,(#5421,#5422,#5423,#5424,#5425,
    #5426,#5427,#5428,#5429,#5430,#5431,#5432,#5433,#5434),
  .UNSPECIFIED.,.F.,.F.,(4,2,2,2,2,2,4),(-0.780748695151,-0.696669709248
    ,-0.612590723346,-0.525567488617,-0.438544253889,-0.219272126944,0.)
  ,.UNSPECIFIED.);
#5421 = CARTESIAN_POINT('',(-13.6,70.1839202169));
#5422 = CARTESIAN_POINT('',(-13.6,70.464183503242));
#5423 = CARTESIAN_POINT('',(-13.5755578559,70.77074718753));
#5424 = CARTESIAN_POINT('',(-13.47049192357,71.374170587796));
#5425 = CARTESIAN_POINT('',(-13.38991072628,71.671037718781));
#5426 = CARTESIAN_POINT('',(-13.19888190942,72.208435658511));
#5427 = CARTESIAN_POINT('',(-13.06884553668,72.498963700442));
#5428 = CARTESIAN_POINT('',(-12.75844231738,73.051988143375));
#5429 = CARTESIAN_POINT('',(-12.57817167275,73.31453853538));
#5430 = CARTESIAN_POINT('',(-11.94141233847,74.112628116128));
#5431 = CARTESIAN_POINT('',(-11.34191938854,74.629232121364));
#5432 = CARTESIAN_POINT('',(-10.00330370597,75.471308554174));
#5433 = CARTESIAN_POINT('',(-9.26722383422,75.801608430095));
#5434 = CARTESIAN_POINT('',(-8.6,76.1));
#5435 = ( GEOMETRIC_REPRESENTATION_CONTEXT(2) 
PARAMETRIC_REPRESENTATION_CONTEXT() REPRESENTATION_CONTEXT('2D SPACE',''
  ) );
#5436 = PCURVE('',#3935,#5437);
#5437 = DEFINITIONAL_REPRESENTATION('',(#5438),#5486);
#5438 = B_SPLINE_CURVE_WITH_KNOTS('',3,(#5439,#5440,#5441,#5442,#5443,
    #5444,#5445,#5446,#5447,#5448,#5449,#5450,#5451,#5452,#5453,#5454,
    #5455,#5456,#5457,#5458,#5459,#5460,#5461,#5462,#5463,#5464,#5465,
    #5466,#5467,#5468,#5469,#5470,#5471,#5472,#5473,#5474,#5475,#5476,
    #5477,#5478,#5479,#5480,#5481,#5482,#5483,#5484,#5485),
  .UNSPECIFIED.,.F.,.F.,(4,1,1,1,1,1,1,1,1,1,1,1,1,1,1,1,1,1,1,1,1,1,1,1
    ,1,1,1,1,1,1,1,1,1,1,1,1,1,1,1,1,1,1,1,1,4),(-0.780748695151,
    -0.763004406625,-0.745260118099,-0.727515829572,-0.709771541046,
    -0.69202725252,-0.674282963994,-0.656538675468,-0.638794386942,
    -0.621050098415,-0.603305809889,-0.585561521363,-0.567817232837,
    -0.550072944311,-0.532328655785,-0.514584367259,-0.496840078732,
    -0.479095790206,-0.46135150168,-0.443607213154,-0.425862924628,
    -0.408118636102,-0.390374347575,-0.372630059049,-0.354885770523,
    -0.337141481997,-0.319397193471,-0.301652904945,-0.283908616418,
    -0.266164327892,-0.248420039366,-0.23067575084,-0.212931462314,
    -0.195187173788,-0.177442885262,-0.159698596735,-0.141954308209,
    -0.124210019683,-0.106465731157,-8.872144263078E-02,
    -7.097715410462E-02,-5.323286557847E-02,-3.548857705231E-02,
    -1.774428852616E-02,0.),.UNSPECIFIED.);
#5439 = CARTESIAN_POINT('',(6.11573722796,1.570796326795));
#5440 = CARTESIAN_POINT('',(6.114094517774,1.582460447874));
#5441 = CARTESIAN_POINT('',(6.110647188357,1.606240880447));
#5442 = CARTESIAN_POINT('',(6.104984671453,1.642966288377));
#5443 = CARTESIAN_POINT('',(6.098823069735,1.680443463045));
#5444 = CARTESIAN_POINT('',(6.092161003519,1.718373542676));
#5445 = CARTESIAN_POINT('',(6.085004718017,1.75646667086));
#5446 = CARTESIAN_POINT('',(6.077369973504,1.794445566603));
#5447 = CARTESIAN_POINT('',(6.069277539591,1.832032101001));
#5448 = CARTESIAN_POINT('',(6.060773357566,1.868913924645));
#5449 = CARTESIAN_POINT('',(6.051895152755,1.904864100981));
#5450 = CARTESIAN_POINT('',(6.042815597175,1.93932357969));
#5451 = CARTESIAN_POINT('',(6.032724309794,1.975201320564));
#5452 = CARTESIAN_POINT('',(6.021660695236,2.011854329416));
#5453 = CARTESIAN_POINT('',(6.009571611824,2.049099109538));
#5454 = CARTESIAN_POINT('',(5.996444121058,2.086635278418));
#5455 = CARTESIAN_POINT('',(5.982287037533,2.124208033955));
#5456 = CARTESIAN_POINT('',(5.967111079618,2.161560045407));
#5457 = CARTESIAN_POINT('',(5.950941498448,2.198419271646));
#5458 = CARTESIAN_POINT('',(5.933841655871,2.234524714128));
#5459 = CARTESIAN_POINT('',(5.915949067319,2.269554918514));
#5460 = CARTESIAN_POINT('',(5.897384775737,2.303416272686));
#5461 = CARTESIAN_POINT('',(5.877139152137,2.337839574441));
#5462 = CARTESIAN_POINT('',(5.855240955082,2.372445222661));
#5463 = CARTESIAN_POINT('',(5.831481573463,2.407306505544));
#5464 = CARTESIAN_POINT('',(5.805701126763,2.442371375615));
#5465 = CARTESIAN_POINT('',(5.77771361942,2.477618227555));
#5466 = CARTESIAN_POINT('',(5.747330410171,2.513015152284));
#5467 = CARTESIAN_POINT('',(5.71435941949,2.548531990827));
#5468 = CARTESIAN_POINT('',(5.678614011388,2.58413842317));
#5469 = CARTESIAN_POINT('',(5.639921745704,2.61980578891));
#5470 = CARTESIAN_POINT('',(5.598141843222,2.655508516935));
#5471 = CARTESIAN_POINT('',(5.553168970451,2.691223767151));
#5472 = CARTESIAN_POINT('',(5.505005828216,2.726938673795));
#5473 = CARTESIAN_POINT('',(5.453552823499,2.76262350388));
#5474 = CARTESIAN_POINT('',(5.398731381562,2.798240387614));
#5475 = CARTESIAN_POINT('',(5.340551437056,2.8337511283));
#5476 = CARTESIAN_POINT('',(5.279096007214,2.869114669288));
#5477 = CARTESIAN_POINT('',(5.214544678131,2.904289166672));
#5478 = CARTESIAN_POINT('',(5.147182263731,2.939232518588));
#5479 = CARTESIAN_POINT('',(5.077403487952,2.973902878522));
#5480 = CARTESIAN_POINT('',(5.005707240306,3.008258648312));
#5481 = CARTESIAN_POINT('',(4.932680495734,3.042258117057));
#5482 = CARTESIAN_POINT('',(4.858969778081,3.075858618783));
#5483 = CARTESIAN_POINT('',(4.785251306452,3.109016023947));
#5484 = CARTESIAN_POINT('',(4.736532410619,3.130793555839));
#5485 = CARTESIAN_POINT('',(4.712388980385,3.14159265359));
#5486 = ( GEOMETRIC_REPRESENTATION_CONTEXT(2) 
PARAMETRIC_REPRESENTATION_CONTEXT() REPRESENTATION_CONTEXT('2D SPACE',''
  ) );
#5487 = ADVANCED_FACE('',(#5488),#180,.T.);
#5488 = FACE_BOUND('',#5489,.T.);
#5489 = EDGE_LOOP('',(#5490,#5513,#5514,#5535,#5536,#5557,#5558,#5581));
#5490 = ORIENTED_EDGE('',*,*,#5491,.T.);
#5491 = EDGE_CURVE('',#5492,#1248,#5494,.T.);
#5492 = VERTEX_POINT('',#5493);
#5493 = CARTESIAN_POINT('',(8.6,76.1,5.));
#5494 = SURFACE_CURVE('',#5495,(#5499,#5506),.PCURVE_S1.);
#5495 = LINE('',#5496,#5497);
#5496 = CARTESIAN_POINT('',(8.6,80.1,5.));
#5497 = VECTOR('',#5498,1.);
#5498 = DIRECTION('',(6.497091670325E-17,1.,0.));
#5499 = PCURVE('',#180,#5500);
#5500 = DEFINITIONAL_REPRESENTATION('',(#5501),#5505);
#5501 = LINE('',#5502,#5503);
#5502 = CARTESIAN_POINT('',(8.6,80.1));
#5503 = VECTOR('',#5504,1.);
#5504 = DIRECTION('',(6.497091670325E-17,1.));
#5505 = ( GEOMETRIC_REPRESENTATION_CONTEXT(2) 
PARAMETRIC_REPRESENTATION_CONTEXT() REPRESENTATION_CONTEXT('2D SPACE',''
  ) );
#5506 = PCURVE('',#1287,#5507);
#5507 = DEFINITIONAL_REPRESENTATION('',(#5508),#5512);
#5508 = LINE('',#5509,#5510);
#5509 = CARTESIAN_POINT('',(4.712388980385,-80.1));
#5510 = VECTOR('',#5511,1.);
#5511 = DIRECTION('',(0.,-1.));
#5512 = ( GEOMETRIC_REPRESENTATION_CONTEXT(2) 
PARAMETRIC_REPRESENTATION_CONTEXT() REPRESENTATION_CONTEXT('2D SPACE',''
  ) );
#5513 = ORIENTED_EDGE('',*,*,#1247,.T.);
#5514 = ORIENTED_EDGE('',*,*,#5515,.F.);
#5515 = EDGE_CURVE('',#165,#1224,#5516,.T.);
#5516 = SURFACE_CURVE('',#5517,(#5521,#5528),.PCURVE_S1.);
#5517 = LINE('',#5518,#5519);
#5518 = CARTESIAN_POINT('',(6.6,85.1,5.));
#5519 = VECTOR('',#5520,1.);
#5520 = DIRECTION('',(3.73058812038E-16,-1.,0.));
#5521 = PCURVE('',#180,#5522);
#5522 = DEFINITIONAL_REPRESENTATION('',(#5523),#5527);
#5523 = LINE('',#5524,#5525);
#5524 = CARTESIAN_POINT('',(6.6,85.1));
#5525 = VECTOR('',#5526,1.);
#5526 = DIRECTION('',(3.73058812038E-16,-1.));
#5527 = ( GEOMETRIC_REPRESENTATION_CONTEXT(2) 
PARAMETRIC_REPRESENTATION_CONTEXT() REPRESENTATION_CONTEXT('2D SPACE',''
  ) );
#5528 = PCURVE('',#209,#5529);
#5529 = DEFINITIONAL_REPRESENTATION('',(#5530),#5534);
#5530 = LINE('',#5531,#5532);
#5531 = CARTESIAN_POINT('',(4.712388980385,-2.00000000001E-03));
#5532 = VECTOR('',#5533,1.);
#5533 = DIRECTION('',(0.,-1.));
#5534 = ( GEOMETRIC_REPRESENTATION_CONTEXT(2) 
PARAMETRIC_REPRESENTATION_CONTEXT() REPRESENTATION_CONTEXT('2D SPACE',''
  ) );
#5535 = ORIENTED_EDGE('',*,*,#162,.F.);
#5536 = ORIENTED_EDGE('',*,*,#5537,.T.);
#5537 = EDGE_CURVE('',#163,#1398,#5538,.T.);
#5538 = SURFACE_CURVE('',#5539,(#5543,#5550),.PCURVE_S1.);
#5539 = LINE('',#5540,#5541);
#5540 = CARTESIAN_POINT('',(-6.6,80.1,5.));
#5541 = VECTOR('',#5542,1.);
#5542 = DIRECTION('',(3.73058812038E-16,-1.,0.));
#5543 = PCURVE('',#180,#5544);
#5544 = DEFINITIONAL_REPRESENTATION('',(#5545),#5549);
#5545 = LINE('',#5546,#5547);
#5546 = CARTESIAN_POINT('',(-6.6,80.1));
#5547 = VECTOR('',#5548,1.);
#5548 = DIRECTION('',(3.73058812038E-16,-1.));
#5549 = ( GEOMETRIC_REPRESENTATION_CONTEXT(2) 
PARAMETRIC_REPRESENTATION_CONTEXT() REPRESENTATION_CONTEXT('2D SPACE',''
  ) );
#5550 = PCURVE('',#378,#5551);
#5551 = DEFINITIONAL_REPRESENTATION('',(#5552),#5556);
#5552 = LINE('',#5553,#5554);
#5553 = CARTESIAN_POINT('',(4.712388980385,80.1));
#5554 = VECTOR('',#5555,1.);
#5555 = DIRECTION('',(0.,-1.));
#5556 = ( GEOMETRIC_REPRESENTATION_CONTEXT(2) 
PARAMETRIC_REPRESENTATION_CONTEXT() REPRESENTATION_CONTEXT('2D SPACE',''
  ) );
#5557 = ORIENTED_EDGE('',*,*,#1397,.T.);
#5558 = ORIENTED_EDGE('',*,*,#5559,.F.);
#5559 = EDGE_CURVE('',#5560,#1369,#5562,.T.);
#5560 = VERTEX_POINT('',#5561);
#5561 = CARTESIAN_POINT('',(-8.6,76.1,5.));
#5562 = SURFACE_CURVE('',#5563,(#5567,#5574),.PCURVE_S1.);
#5563 = LINE('',#5564,#5565);
#5564 = CARTESIAN_POINT('',(-8.6,5.58749883648E-16,5.));
#5565 = VECTOR('',#5566,1.);
#5566 = DIRECTION('',(6.497091670325E-17,1.,0.));
#5567 = PCURVE('',#180,#5568);
#5568 = DEFINITIONAL_REPRESENTATION('',(#5569),#5573);
#5569 = LINE('',#5570,#5571);
#5570 = CARTESIAN_POINT('',(-8.6,5.58749883648E-16));
#5571 = VECTOR('',#5572,1.);
#5572 = DIRECTION('',(6.497091670325E-17,1.));
#5573 = ( GEOMETRIC_REPRESENTATION_CONTEXT(2) 
PARAMETRIC_REPRESENTATION_CONTEXT() REPRESENTATION_CONTEXT('2D SPACE',''
  ) );
#5574 = PCURVE('',#1385,#5575);
#5575 = DEFINITIONAL_REPRESENTATION('',(#5576),#5580);
#5576 = LINE('',#5577,#5578);
#5577 = CARTESIAN_POINT('',(4.712388980385,0.));
#5578 = VECTOR('',#5579,1.);
#5579 = DIRECTION('',(0.,1.));
#5580 = ( GEOMETRIC_REPRESENTATION_CONTEXT(2) 
PARAMETRIC_REPRESENTATION_CONTEXT() REPRESENTATION_CONTEXT('2D SPACE',''
  ) );
#5581 = ORIENTED_EDGE('',*,*,#5582,.T.);
#5582 = EDGE_CURVE('',#5560,#5492,#5583,.T.);
#5583 = SURFACE_CURVE('',#5584,(#5588,#5595),.PCURVE_S1.);
#5584 = LINE('',#5585,#5586);
#5585 = CARTESIAN_POINT('',(0.,76.1,5.));
#5586 = VECTOR('',#5587,1.);
#5587 = DIRECTION('',(1.,0.,0.));
#5588 = PCURVE('',#180,#5589);
#5589 = DEFINITIONAL_REPRESENTATION('',(#5590),#5594);
#5590 = LINE('',#5591,#5592);
#5591 = CARTESIAN_POINT('',(0.,76.1));
#5592 = VECTOR('',#5593,1.);
#5593 = DIRECTION('',(1.,0.));
#5594 = ( GEOMETRIC_REPRESENTATION_CONTEXT(2) 
PARAMETRIC_REPRESENTATION_CONTEXT() REPRESENTATION_CONTEXT('2D SPACE',''
  ) );
#5595 = PCURVE('',#5596,#5601);
#5596 = CYLINDRICAL_SURFACE('',#5597,1.);
#5597 = AXIS2_PLACEMENT_3D('',#5598,#5599,#5600);
#5598 = CARTESIAN_POINT('',(0.,76.1,4.));
#5599 = DIRECTION('',(1.,0.,0.));
#5600 = DIRECTION('',(0.,0.,-1.));
#5601 = DEFINITIONAL_REPRESENTATION('',(#5602),#5606);
#5602 = LINE('',#5603,#5604);
#5603 = CARTESIAN_POINT('',(3.14159265359,0.));
#5604 = VECTOR('',#5605,1.);
#5605 = DIRECTION('',(0.,1.));
#5606 = ( GEOMETRIC_REPRESENTATION_CONTEXT(2) 
PARAMETRIC_REPRESENTATION_CONTEXT() REPRESENTATION_CONTEXT('2D SPACE',''
  ) );
#5607 = ADVANCED_FACE('',(#5608,#6172,#6178,#6209,#6240,#6271),#982,.T.
  );
#5608 = FACE_BOUND('',#5609,.T.);
#5609 = EDGE_LOOP('',(#5610,#5640,#5669,#5697,#5726,#5749,#5772,#5794,
    #5795,#5819,#5842,#5870,#5899,#5927,#5956,#5979,#6000,#6001,#6025,
    #6053,#6075,#6076,#6100,#6128,#6150,#6151));
#5610 = ORIENTED_EDGE('',*,*,#5611,.T.);
#5611 = EDGE_CURVE('',#5612,#5614,#5616,.T.);
#5612 = VERTEX_POINT('',#5613);
#5613 = CARTESIAN_POINT('',(-21.6,72.6,85.));
#5614 = VERTEX_POINT('',#5615);
#5615 = CARTESIAN_POINT('',(-21.6,68.6,85.));
#5616 = SURFACE_CURVE('',#5617,(#5621,#5628),.PCURVE_S1.);
#5617 = LINE('',#5618,#5619);
#5618 = CARTESIAN_POINT('',(-21.6,-1.834607671421E-16,85.));
#5619 = VECTOR('',#5620,1.);
#5620 = DIRECTION('',(6.115358904736E-17,-1.,0.));
#5621 = PCURVE('',#982,#5622);
#5622 = DEFINITIONAL_REPRESENTATION('',(#5623),#5627);
#5623 = LINE('',#5624,#5625);
#5624 = CARTESIAN_POINT('',(-21.6,-1.834607671421E-16));
#5625 = VECTOR('',#5626,1.);
#5626 = DIRECTION('',(6.115358904736E-17,-1.));
#5627 = ( GEOMETRIC_REPRESENTATION_CONTEXT(2) 
PARAMETRIC_REPRESENTATION_CONTEXT() REPRESENTATION_CONTEXT('2D SPACE',''
  ) );
#5628 = PCURVE('',#5629,#5634);
#5629 = PLANE('',#5630);
#5630 = AXIS2_PLACEMENT_3D('',#5631,#5632,#5633);
#5631 = CARTESIAN_POINT('',(-21.6,-1.320917523423E-15,42.5));
#5632 = DIRECTION('',(-1.,-6.115358904736E-17,0.));
#5633 = DIRECTION('',(-6.115358904736E-17,1.,0.));
#5634 = DEFINITIONAL_REPRESENTATION('',(#5635),#5639);
#5635 = LINE('',#5636,#5637);
#5636 = CARTESIAN_POINT('',(1.137456756281E-15,-42.5));
#5637 = VECTOR('',#5638,1.);
#5638 = DIRECTION('',(-1.,-0.));
#5639 = ( GEOMETRIC_REPRESENTATION_CONTEXT(2) 
PARAMETRIC_REPRESENTATION_CONTEXT() REPRESENTATION_CONTEXT('2D SPACE',''
  ) );
#5640 = ORIENTED_EDGE('',*,*,#5641,.T.);
#5641 = EDGE_CURVE('',#5614,#5642,#5644,.T.);
#5642 = VERTEX_POINT('',#5643);
#5643 = CARTESIAN_POINT('',(-20.6,67.6,85.));
#5644 = SURFACE_CURVE('',#5645,(#5650,#5657),.PCURVE_S1.);
#5645 = CIRCLE('',#5646,1.);
#5646 = AXIS2_PLACEMENT_3D('',#5647,#5648,#5649);
#5647 = CARTESIAN_POINT('',(-20.6,68.6,85.));
#5648 = DIRECTION('',(0.,0.,1.));
#5649 = DIRECTION('',(1.,0.,-0.));
#5650 = PCURVE('',#982,#5651);
#5651 = DEFINITIONAL_REPRESENTATION('',(#5652),#5656);
#5652 = CIRCLE('',#5653,1.);
#5653 = AXIS2_PLACEMENT_2D('',#5654,#5655);
#5654 = CARTESIAN_POINT('',(-20.6,68.6));
#5655 = DIRECTION('',(1.,0.));
#5656 = ( GEOMETRIC_REPRESENTATION_CONTEXT(2) 
PARAMETRIC_REPRESENTATION_CONTEXT() REPRESENTATION_CONTEXT('2D SPACE',''
  ) );
#5657 = PCURVE('',#5658,#5663);
#5658 = CYLINDRICAL_SURFACE('',#5659,1.);
#5659 = AXIS2_PLACEMENT_3D('',#5660,#5661,#5662);
#5660 = CARTESIAN_POINT('',(-20.6,68.6,42.5));
#5661 = DIRECTION('',(0.,0.,-1.));
#5662 = DIRECTION('',(-1.,0.,0.));
#5663 = DEFINITIONAL_REPRESENTATION('',(#5664),#5668);
#5664 = LINE('',#5665,#5666);
#5665 = CARTESIAN_POINT('',(9.424777960769,-42.5));
#5666 = VECTOR('',#5667,1.);
#5667 = DIRECTION('',(-1.,0.));
#5668 = ( GEOMETRIC_REPRESENTATION_CONTEXT(2) 
PARAMETRIC_REPRESENTATION_CONTEXT() REPRESENTATION_CONTEXT('2D SPACE',''
  ) );
#5669 = ORIENTED_EDGE('',*,*,#5670,.T.);
#5670 = EDGE_CURVE('',#5642,#5671,#5673,.T.);
#5671 = VERTEX_POINT('',#5672);
#5672 = CARTESIAN_POINT('',(-20.6,61.6,85.));
#5673 = SURFACE_CURVE('',#5674,(#5678,#5685),.PCURVE_S1.);
#5674 = LINE('',#5675,#5676);
#5675 = CARTESIAN_POINT('',(-20.6,-1.223071780947E-16,85.));
#5676 = VECTOR('',#5677,1.);
#5677 = DIRECTION('',(6.115358904736E-17,-1.,0.));
#5678 = PCURVE('',#982,#5679);
#5679 = DEFINITIONAL_REPRESENTATION('',(#5680),#5684);
#5680 = LINE('',#5681,#5682);
#5681 = CARTESIAN_POINT('',(-20.6,-1.223071780947E-16));
#5682 = VECTOR('',#5683,1.);
#5683 = DIRECTION('',(6.115358904736E-17,-1.));
#5684 = ( GEOMETRIC_REPRESENTATION_CONTEXT(2) 
PARAMETRIC_REPRESENTATION_CONTEXT() REPRESENTATION_CONTEXT('2D SPACE',''
  ) );
#5685 = PCURVE('',#5686,#5691);
#5686 = PLANE('',#5687);
#5687 = AXIS2_PLACEMENT_3D('',#5688,#5689,#5690);
#5688 = CARTESIAN_POINT('',(-20.6,-1.259763934376E-15,42.5));
#5689 = DIRECTION('',(-1.,-6.115358904736E-17,0.));
#5690 = DIRECTION('',(-6.115358904736E-17,1.,0.));
#5691 = DEFINITIONAL_REPRESENTATION('',(#5692),#5696);
#5692 = LINE('',#5693,#5694);
#5693 = CARTESIAN_POINT('',(1.137456756281E-15,-42.5));
#5694 = VECTOR('',#5695,1.);
#5695 = DIRECTION('',(-1.,-0.));
#5696 = ( GEOMETRIC_REPRESENTATION_CONTEXT(2) 
PARAMETRIC_REPRESENTATION_CONTEXT() REPRESENTATION_CONTEXT('2D SPACE',''
  ) );
#5697 = ORIENTED_EDGE('',*,*,#5698,.T.);
#5698 = EDGE_CURVE('',#5671,#5699,#5701,.T.);
#5699 = VERTEX_POINT('',#5700);
#5700 = CARTESIAN_POINT('',(-21.6,60.6,85.));
#5701 = SURFACE_CURVE('',#5702,(#5707,#5714),.PCURVE_S1.);
#5702 = CIRCLE('',#5703,1.);
#5703 = AXIS2_PLACEMENT_3D('',#5704,#5705,#5706);
#5704 = CARTESIAN_POINT('',(-20.6,60.6,85.));
#5705 = DIRECTION('',(0.,0.,1.));
#5706 = DIRECTION('',(1.,0.,-0.));
#5707 = PCURVE('',#982,#5708);
#5708 = DEFINITIONAL_REPRESENTATION('',(#5709),#5713);
#5709 = CIRCLE('',#5710,1.);
#5710 = AXIS2_PLACEMENT_2D('',#5711,#5712);
#5711 = CARTESIAN_POINT('',(-20.6,60.6));
#5712 = DIRECTION('',(1.,0.));
#5713 = ( GEOMETRIC_REPRESENTATION_CONTEXT(2) 
PARAMETRIC_REPRESENTATION_CONTEXT() REPRESENTATION_CONTEXT('2D SPACE',''
  ) );
#5714 = PCURVE('',#5715,#5720);
#5715 = CYLINDRICAL_SURFACE('',#5716,1.);
#5716 = AXIS2_PLACEMENT_3D('',#5717,#5718,#5719);
#5717 = CARTESIAN_POINT('',(-20.6,60.6,42.5));
#5718 = DIRECTION('',(0.,0.,1.));
#5719 = DIRECTION('',(1.,0.,-0.));
#5720 = DEFINITIONAL_REPRESENTATION('',(#5721),#5725);
#5721 = LINE('',#5722,#5723);
#5722 = CARTESIAN_POINT('',(0.,42.5));
#5723 = VECTOR('',#5724,1.);
#5724 = DIRECTION('',(1.,0.));
#5725 = ( GEOMETRIC_REPRESENTATION_CONTEXT(2) 
PARAMETRIC_REPRESENTATION_CONTEXT() REPRESENTATION_CONTEXT('2D SPACE',''
  ) );
#5726 = ORIENTED_EDGE('',*,*,#5727,.T.);
#5727 = EDGE_CURVE('',#5699,#5728,#5730,.T.);
#5728 = VERTEX_POINT('',#5729);
#5729 = CARTESIAN_POINT('',(-21.6,56.6,85.));
#5730 = SURFACE_CURVE('',#5731,(#5735,#5742),.PCURVE_S1.);
#5731 = LINE('',#5732,#5733);
#5732 = CARTESIAN_POINT('',(-21.6,-1.834607671421E-16,85.));
#5733 = VECTOR('',#5734,1.);
#5734 = DIRECTION('',(6.115358904736E-17,-1.,0.));
#5735 = PCURVE('',#982,#5736);
#5736 = DEFINITIONAL_REPRESENTATION('',(#5737),#5741);
#5737 = LINE('',#5738,#5739);
#5738 = CARTESIAN_POINT('',(-21.6,-1.834607671421E-16));
#5739 = VECTOR('',#5740,1.);
#5740 = DIRECTION('',(6.115358904736E-17,-1.));
#5741 = ( GEOMETRIC_REPRESENTATION_CONTEXT(2) 
PARAMETRIC_REPRESENTATION_CONTEXT() REPRESENTATION_CONTEXT('2D SPACE',''
  ) );
#5742 = PCURVE('',#5629,#5743);
#5743 = DEFINITIONAL_REPRESENTATION('',(#5744),#5748);
#5744 = LINE('',#5745,#5746);
#5745 = CARTESIAN_POINT('',(1.137456756281E-15,-42.5));
#5746 = VECTOR('',#5747,1.);
#5747 = DIRECTION('',(-1.,-0.));
#5748 = ( GEOMETRIC_REPRESENTATION_CONTEXT(2) 
PARAMETRIC_REPRESENTATION_CONTEXT() REPRESENTATION_CONTEXT('2D SPACE',''
  ) );
#5749 = ORIENTED_EDGE('',*,*,#5750,.T.);
#5750 = EDGE_CURVE('',#5728,#5751,#5753,.T.);
#5751 = VERTEX_POINT('',#5752);
#5752 = CARTESIAN_POINT('',(-19.6,56.6,85.));
#5753 = SURFACE_CURVE('',#5754,(#5758,#5765),.PCURVE_S1.);
#5754 = LINE('',#5755,#5756);
#5755 = CARTESIAN_POINT('',(-21.6,56.6,85.));
#5756 = VECTOR('',#5757,1.);
#5757 = DIRECTION('',(1.,6.115358904736E-17,0.));
#5758 = PCURVE('',#982,#5759);
#5759 = DEFINITIONAL_REPRESENTATION('',(#5760),#5764);
#5760 = LINE('',#5761,#5762);
#5761 = CARTESIAN_POINT('',(-21.6,56.6));
#5762 = VECTOR('',#5763,1.);
#5763 = DIRECTION('',(1.,6.115358904736E-17));
#5764 = ( GEOMETRIC_REPRESENTATION_CONTEXT(2) 
PARAMETRIC_REPRESENTATION_CONTEXT() REPRESENTATION_CONTEXT('2D SPACE',''
  ) );
#5765 = PCURVE('',#1661,#5766);
#5766 = DEFINITIONAL_REPRESENTATION('',(#5767),#5771);
#5767 = LINE('',#5768,#5769);
#5768 = CARTESIAN_POINT('',(0.,45.5));
#5769 = VECTOR('',#5770,1.);
#5770 = DIRECTION('',(1.,0.));
#5771 = ( GEOMETRIC_REPRESENTATION_CONTEXT(2) 
PARAMETRIC_REPRESENTATION_CONTEXT() REPRESENTATION_CONTEXT('2D SPACE',''
  ) );
#5772 = ORIENTED_EDGE('',*,*,#5773,.F.);
#5773 = EDGE_CURVE('',#1448,#5751,#5774,.T.);
#5774 = SURFACE_CURVE('',#5775,(#5780,#5787),.PCURVE_S1.);
#5775 = CIRCLE('',#5776,1.);
#5776 = AXIS2_PLACEMENT_3D('',#5777,#5778,#5779);
#5777 = CARTESIAN_POINT('',(-19.6,55.6,85.));
#5778 = DIRECTION('',(0.,0.,1.));
#5779 = DIRECTION('',(1.,0.,-0.));
#5780 = PCURVE('',#982,#5781);
#5781 = DEFINITIONAL_REPRESENTATION('',(#5782),#5786);
#5782 = CIRCLE('',#5783,1.);
#5783 = AXIS2_PLACEMENT_2D('',#5784,#5785);
#5784 = CARTESIAN_POINT('',(-19.6,55.6));
#5785 = DIRECTION('',(1.,0.));
#5786 = ( GEOMETRIC_REPRESENTATION_CONTEXT(2) 
PARAMETRIC_REPRESENTATION_CONTEXT() REPRESENTATION_CONTEXT('2D SPACE',''
  ) );
#5787 = PCURVE('',#1491,#5788);
#5788 = DEFINITIONAL_REPRESENTATION('',(#5789),#5793);
#5789 = LINE('',#5790,#5791);
#5790 = CARTESIAN_POINT('',(0.,80.));
#5791 = VECTOR('',#5792,1.);
#5792 = DIRECTION('',(1.,0.));
#5793 = ( GEOMETRIC_REPRESENTATION_CONTEXT(2) 
PARAMETRIC_REPRESENTATION_CONTEXT() REPRESENTATION_CONTEXT('2D SPACE',''
  ) );
#5794 = ORIENTED_EDGE('',*,*,#1445,.F.);
#5795 = ORIENTED_EDGE('',*,*,#5796,.F.);
#5796 = EDGE_CURVE('',#5797,#1446,#5799,.T.);
#5797 = VERTEX_POINT('',#5798);
#5798 = CARTESIAN_POINT('',(-19.6,-56.6,85.));
#5799 = SURFACE_CURVE('',#5800,(#5805,#5812),.PCURVE_S1.);
#5800 = CIRCLE('',#5801,1.);
#5801 = AXIS2_PLACEMENT_3D('',#5802,#5803,#5804);
#5802 = CARTESIAN_POINT('',(-19.6,-55.6,85.));
#5803 = DIRECTION('',(0.,0.,1.));
#5804 = DIRECTION('',(1.,0.,-0.));
#5805 = PCURVE('',#982,#5806);
#5806 = DEFINITIONAL_REPRESENTATION('',(#5807),#5811);
#5807 = CIRCLE('',#5808,1.);
#5808 = AXIS2_PLACEMENT_2D('',#5809,#5810);
#5809 = CARTESIAN_POINT('',(-19.6,-55.6));
#5810 = DIRECTION('',(1.,0.));
#5811 = ( GEOMETRIC_REPRESENTATION_CONTEXT(2) 
PARAMETRIC_REPRESENTATION_CONTEXT() REPRESENTATION_CONTEXT('2D SPACE',''
  ) );
#5812 = PCURVE('',#1885,#5813);
#5813 = DEFINITIONAL_REPRESENTATION('',(#5814),#5818);
#5814 = LINE('',#5815,#5816);
#5815 = CARTESIAN_POINT('',(9.424777960769,-45.5));
#5816 = VECTOR('',#5817,1.);
#5817 = DIRECTION('',(-1.,0.));
#5818 = ( GEOMETRIC_REPRESENTATION_CONTEXT(2) 
PARAMETRIC_REPRESENTATION_CONTEXT() REPRESENTATION_CONTEXT('2D SPACE',''
  ) );
#5819 = ORIENTED_EDGE('',*,*,#5820,.F.);
#5820 = EDGE_CURVE('',#5821,#5797,#5823,.T.);
#5821 = VERTEX_POINT('',#5822);
#5822 = CARTESIAN_POINT('',(-21.6,-56.6,85.));
#5823 = SURFACE_CURVE('',#5824,(#5828,#5835),.PCURVE_S1.);
#5824 = LINE('',#5825,#5826);
#5825 = CARTESIAN_POINT('',(-21.6,-56.6,85.));
#5826 = VECTOR('',#5827,1.);
#5827 = DIRECTION('',(1.,-6.115358904736E-17,0.));
#5828 = PCURVE('',#982,#5829);
#5829 = DEFINITIONAL_REPRESENTATION('',(#5830),#5834);
#5830 = LINE('',#5831,#5832);
#5831 = CARTESIAN_POINT('',(-21.6,-56.6));
#5832 = VECTOR('',#5833,1.);
#5833 = DIRECTION('',(1.,-6.115358904736E-17));
#5834 = ( GEOMETRIC_REPRESENTATION_CONTEXT(2) 
PARAMETRIC_REPRESENTATION_CONTEXT() REPRESENTATION_CONTEXT('2D SPACE',''
  ) );
#5835 = PCURVE('',#1774,#5836);
#5836 = DEFINITIONAL_REPRESENTATION('',(#5837),#5841);
#5837 = LINE('',#5838,#5839);
#5838 = CARTESIAN_POINT('',(0.,45.5));
#5839 = VECTOR('',#5840,1.);
#5840 = DIRECTION('',(1.,0.));
#5841 = ( GEOMETRIC_REPRESENTATION_CONTEXT(2) 
PARAMETRIC_REPRESENTATION_CONTEXT() REPRESENTATION_CONTEXT('2D SPACE',''
  ) );
#5842 = ORIENTED_EDGE('',*,*,#5843,.F.);
#5843 = EDGE_CURVE('',#5844,#5821,#5846,.T.);
#5844 = VERTEX_POINT('',#5845);
#5845 = CARTESIAN_POINT('',(-21.6,-60.6,85.));
#5846 = SURFACE_CURVE('',#5847,(#5851,#5858),.PCURVE_S1.);
#5847 = LINE('',#5848,#5849);
#5848 = CARTESIAN_POINT('',(-21.6,1.834607671421E-16,85.));
#5849 = VECTOR('',#5850,1.);
#5850 = DIRECTION('',(6.115358904736E-17,1.,0.));
#5851 = PCURVE('',#982,#5852);
#5852 = DEFINITIONAL_REPRESENTATION('',(#5853),#5857);
#5853 = LINE('',#5854,#5855);
#5854 = CARTESIAN_POINT('',(-21.6,1.834607671421E-16));
#5855 = VECTOR('',#5856,1.);
#5856 = DIRECTION('',(6.115358904736E-17,1.));
#5857 = ( GEOMETRIC_REPRESENTATION_CONTEXT(2) 
PARAMETRIC_REPRESENTATION_CONTEXT() REPRESENTATION_CONTEXT('2D SPACE',''
  ) );
#5858 = PCURVE('',#5859,#5864);
#5859 = PLANE('',#5860);
#5860 = AXIS2_PLACEMENT_3D('',#5861,#5862,#5863);
#5861 = CARTESIAN_POINT('',(-21.6,1.320917523423E-15,42.5));
#5862 = DIRECTION('',(-1.,6.115358904736E-17,0.));
#5863 = DIRECTION('',(-6.115358904736E-17,-1.,0.));
#5864 = DEFINITIONAL_REPRESENTATION('',(#5865),#5869);
#5865 = LINE('',#5866,#5867);
#5866 = CARTESIAN_POINT('',(1.137456756281E-15,42.5));
#5867 = VECTOR('',#5868,1.);
#5868 = DIRECTION('',(-1.,0.));
#5869 = ( GEOMETRIC_REPRESENTATION_CONTEXT(2) 
PARAMETRIC_REPRESENTATION_CONTEXT() REPRESENTATION_CONTEXT('2D SPACE',''
  ) );
#5870 = ORIENTED_EDGE('',*,*,#5871,.T.);
#5871 = EDGE_CURVE('',#5844,#5872,#5874,.T.);
#5872 = VERTEX_POINT('',#5873);
#5873 = CARTESIAN_POINT('',(-20.6,-61.6,85.));
#5874 = SURFACE_CURVE('',#5875,(#5880,#5887),.PCURVE_S1.);
#5875 = CIRCLE('',#5876,1.);
#5876 = AXIS2_PLACEMENT_3D('',#5877,#5878,#5879);
#5877 = CARTESIAN_POINT('',(-20.6,-60.6,85.));
#5878 = DIRECTION('',(0.,0.,1.));
#5879 = DIRECTION('',(1.,0.,-0.));
#5880 = PCURVE('',#982,#5881);
#5881 = DEFINITIONAL_REPRESENTATION('',(#5882),#5886);
#5882 = CIRCLE('',#5883,1.);
#5883 = AXIS2_PLACEMENT_2D('',#5884,#5885);
#5884 = CARTESIAN_POINT('',(-20.6,-60.6));
#5885 = DIRECTION('',(1.,0.));
#5886 = ( GEOMETRIC_REPRESENTATION_CONTEXT(2) 
PARAMETRIC_REPRESENTATION_CONTEXT() REPRESENTATION_CONTEXT('2D SPACE',''
  ) );
#5887 = PCURVE('',#5888,#5893);
#5888 = CYLINDRICAL_SURFACE('',#5889,1.);
#5889 = AXIS2_PLACEMENT_3D('',#5890,#5891,#5892);
#5890 = CARTESIAN_POINT('',(-20.6,-60.6,39.5));
#5891 = DIRECTION('',(0.,0.,-1.));
#5892 = DIRECTION('',(-1.,0.,0.));
#5893 = DEFINITIONAL_REPRESENTATION('',(#5894),#5898);
#5894 = LINE('',#5895,#5896);
#5895 = CARTESIAN_POINT('',(9.424777960769,-45.5));
#5896 = VECTOR('',#5897,1.);
#5897 = DIRECTION('',(-1.,0.));
#5898 = ( GEOMETRIC_REPRESENTATION_CONTEXT(2) 
PARAMETRIC_REPRESENTATION_CONTEXT() REPRESENTATION_CONTEXT('2D SPACE',''
  ) );
#5899 = ORIENTED_EDGE('',*,*,#5900,.F.);
#5900 = EDGE_CURVE('',#5901,#5872,#5903,.T.);
#5901 = VERTEX_POINT('',#5902);
#5902 = CARTESIAN_POINT('',(-20.6,-67.6,85.));
#5903 = SURFACE_CURVE('',#5904,(#5908,#5915),.PCURVE_S1.);
#5904 = LINE('',#5905,#5906);
#5905 = CARTESIAN_POINT('',(-20.6,1.223071780947E-16,85.));
#5906 = VECTOR('',#5907,1.);
#5907 = DIRECTION('',(6.115358904736E-17,1.,0.));
#5908 = PCURVE('',#982,#5909);
#5909 = DEFINITIONAL_REPRESENTATION('',(#5910),#5914);
#5910 = LINE('',#5911,#5912);
#5911 = CARTESIAN_POINT('',(-20.6,1.223071780947E-16));
#5912 = VECTOR('',#5913,1.);
#5913 = DIRECTION('',(6.115358904736E-17,1.));
#5914 = ( GEOMETRIC_REPRESENTATION_CONTEXT(2) 
PARAMETRIC_REPRESENTATION_CONTEXT() REPRESENTATION_CONTEXT('2D SPACE',''
  ) );
#5915 = PCURVE('',#5916,#5921);
#5916 = PLANE('',#5917);
#5917 = AXIS2_PLACEMENT_3D('',#5918,#5919,#5920);
#5918 = CARTESIAN_POINT('',(-20.6,1.259763934376E-15,42.5));
#5919 = DIRECTION('',(-1.,6.115358904736E-17,0.));
#5920 = DIRECTION('',(-6.115358904736E-17,-1.,0.));
#5921 = DEFINITIONAL_REPRESENTATION('',(#5922),#5926);
#5922 = LINE('',#5923,#5924);
#5923 = CARTESIAN_POINT('',(1.137456756281E-15,42.5));
#5924 = VECTOR('',#5925,1.);
#5925 = DIRECTION('',(-1.,0.));
#5926 = ( GEOMETRIC_REPRESENTATION_CONTEXT(2) 
PARAMETRIC_REPRESENTATION_CONTEXT() REPRESENTATION_CONTEXT('2D SPACE',''
  ) );
#5927 = ORIENTED_EDGE('',*,*,#5928,.T.);
#5928 = EDGE_CURVE('',#5901,#5929,#5931,.T.);
#5929 = VERTEX_POINT('',#5930);
#5930 = CARTESIAN_POINT('',(-21.6,-68.6,85.));
#5931 = SURFACE_CURVE('',#5932,(#5937,#5944),.PCURVE_S1.);
#5932 = CIRCLE('',#5933,1.);
#5933 = AXIS2_PLACEMENT_3D('',#5934,#5935,#5936);
#5934 = CARTESIAN_POINT('',(-20.6,-68.6,85.));
#5935 = DIRECTION('',(0.,0.,1.));
#5936 = DIRECTION('',(1.,0.,-0.));
#5937 = PCURVE('',#982,#5938);
#5938 = DEFINITIONAL_REPRESENTATION('',(#5939),#5943);
#5939 = CIRCLE('',#5940,1.);
#5940 = AXIS2_PLACEMENT_2D('',#5941,#5942);
#5941 = CARTESIAN_POINT('',(-20.6,-68.6));
#5942 = DIRECTION('',(1.,0.));
#5943 = ( GEOMETRIC_REPRESENTATION_CONTEXT(2) 
PARAMETRIC_REPRESENTATION_CONTEXT() REPRESENTATION_CONTEXT('2D SPACE',''
  ) );
#5944 = PCURVE('',#5945,#5950);
#5945 = CYLINDRICAL_SURFACE('',#5946,1.);
#5946 = AXIS2_PLACEMENT_3D('',#5947,#5948,#5949);
#5947 = CARTESIAN_POINT('',(-20.6,-68.6,78.));
#5948 = DIRECTION('',(0.,0.,1.));
#5949 = DIRECTION('',(1.,0.,-0.));
#5950 = DEFINITIONAL_REPRESENTATION('',(#5951),#5955);
#5951 = LINE('',#5952,#5953);
#5952 = CARTESIAN_POINT('',(0.,7.));
#5953 = VECTOR('',#5954,1.);
#5954 = DIRECTION('',(1.,0.));
#5955 = ( GEOMETRIC_REPRESENTATION_CONTEXT(2) 
PARAMETRIC_REPRESENTATION_CONTEXT() REPRESENTATION_CONTEXT('2D SPACE',''
  ) );
#5956 = ORIENTED_EDGE('',*,*,#5957,.F.);
#5957 = EDGE_CURVE('',#5958,#5929,#5960,.T.);
#5958 = VERTEX_POINT('',#5959);
#5959 = CARTESIAN_POINT('',(-21.6,-72.6,85.));
#5960 = SURFACE_CURVE('',#5961,(#5965,#5972),.PCURVE_S1.);
#5961 = LINE('',#5962,#5963);
#5962 = CARTESIAN_POINT('',(-21.6,1.834607671421E-16,85.));
#5963 = VECTOR('',#5964,1.);
#5964 = DIRECTION('',(6.115358904736E-17,1.,0.));
#5965 = PCURVE('',#982,#5966);
#5966 = DEFINITIONAL_REPRESENTATION('',(#5967),#5971);
#5967 = LINE('',#5968,#5969);
#5968 = CARTESIAN_POINT('',(-21.6,1.834607671421E-16));
#5969 = VECTOR('',#5970,1.);
#5970 = DIRECTION('',(6.115358904736E-17,1.));
#5971 = ( GEOMETRIC_REPRESENTATION_CONTEXT(2) 
PARAMETRIC_REPRESENTATION_CONTEXT() REPRESENTATION_CONTEXT('2D SPACE',''
  ) );
#5972 = PCURVE('',#5859,#5973);
#5973 = DEFINITIONAL_REPRESENTATION('',(#5974),#5978);
#5974 = LINE('',#5975,#5976);
#5975 = CARTESIAN_POINT('',(1.137456756281E-15,42.5));
#5976 = VECTOR('',#5977,1.);
#5977 = DIRECTION('',(-1.,0.));
#5978 = ( GEOMETRIC_REPRESENTATION_CONTEXT(2) 
PARAMETRIC_REPRESENTATION_CONTEXT() REPRESENTATION_CONTEXT('2D SPACE',''
  ) );
#5979 = ORIENTED_EDGE('',*,*,#5980,.T.);
#5980 = EDGE_CURVE('',#5958,#2085,#5981,.T.);
#5981 = SURFACE_CURVE('',#5982,(#5986,#5993),.PCURVE_S1.);
#5982 = LINE('',#5983,#5984);
#5983 = CARTESIAN_POINT('',(-21.6,-72.6,85.));
#5984 = VECTOR('',#5985,1.);
#5985 = DIRECTION('',(1.,-6.115358904736E-17,0.));
#5986 = PCURVE('',#982,#5987);
#5987 = DEFINITIONAL_REPRESENTATION('',(#5988),#5992);
#5988 = LINE('',#5989,#5990);
#5989 = CARTESIAN_POINT('',(-21.6,-72.6));
#5990 = VECTOR('',#5991,1.);
#5991 = DIRECTION('',(1.,-6.115358904736E-17));
#5992 = ( GEOMETRIC_REPRESENTATION_CONTEXT(2) 
PARAMETRIC_REPRESENTATION_CONTEXT() REPRESENTATION_CONTEXT('2D SPACE',''
  ) );
#5993 = PCURVE('',#2128,#5994);
#5994 = DEFINITIONAL_REPRESENTATION('',(#5995),#5999);
#5995 = LINE('',#5996,#5997);
#5996 = CARTESIAN_POINT('',(0.,45.5));
#5997 = VECTOR('',#5998,1.);
#5998 = DIRECTION('',(1.,0.));
#5999 = ( GEOMETRIC_REPRESENTATION_CONTEXT(2) 
PARAMETRIC_REPRESENTATION_CONTEXT() REPRESENTATION_CONTEXT('2D SPACE',''
  ) );
#6000 = ORIENTED_EDGE('',*,*,#2082,.F.);
#6001 = ORIENTED_EDGE('',*,*,#6002,.T.);
#6002 = EDGE_CURVE('',#2083,#6003,#6005,.T.);
#6003 = VERTEX_POINT('',#6004);
#6004 = CARTESIAN_POINT('',(-13.6,-95.1,85.));
#6005 = SURFACE_CURVE('',#6006,(#6011,#6018),.PCURVE_S1.);
#6006 = CIRCLE('',#6007,5.);
#6007 = AXIS2_PLACEMENT_3D('',#6008,#6009,#6010);
#6008 = CARTESIAN_POINT('',(-13.6,-90.1,85.));
#6009 = DIRECTION('',(0.,0.,1.));
#6010 = DIRECTION('',(1.,0.,-0.));
#6011 = PCURVE('',#982,#6012);
#6012 = DEFINITIONAL_REPRESENTATION('',(#6013),#6017);
#6013 = CIRCLE('',#6014,5.);
#6014 = AXIS2_PLACEMENT_2D('',#6015,#6016);
#6015 = CARTESIAN_POINT('',(-13.6,-90.1));
#6016 = DIRECTION('',(1.,0.));
#6017 = ( GEOMETRIC_REPRESENTATION_CONTEXT(2) 
PARAMETRIC_REPRESENTATION_CONTEXT() REPRESENTATION_CONTEXT('2D SPACE',''
  ) );
#6018 = PCURVE('',#2245,#6019);
#6019 = DEFINITIONAL_REPRESENTATION('',(#6020),#6024);
#6020 = LINE('',#6021,#6022);
#6021 = CARTESIAN_POINT('',(9.424777960769,-42.5));
#6022 = VECTOR('',#6023,1.);
#6023 = DIRECTION('',(-1.,0.));
#6024 = ( GEOMETRIC_REPRESENTATION_CONTEXT(2) 
PARAMETRIC_REPRESENTATION_CONTEXT() REPRESENTATION_CONTEXT('2D SPACE',''
  ) );
#6025 = ORIENTED_EDGE('',*,*,#6026,.F.);
#6026 = EDGE_CURVE('',#6027,#6003,#6029,.T.);
#6027 = VERTEX_POINT('',#6028);
#6028 = CARTESIAN_POINT('',(13.6,-95.1,85.));
#6029 = SURFACE_CURVE('',#6030,(#6034,#6041),.PCURVE_S1.);
#6030 = LINE('',#6031,#6032);
#6031 = CARTESIAN_POINT('',(3.469446951954E-15,-95.1,85.));
#6032 = VECTOR('',#6033,1.);
#6033 = DIRECTION('',(-1.,0.,0.));
#6034 = PCURVE('',#982,#6035);
#6035 = DEFINITIONAL_REPRESENTATION('',(#6036),#6040);
#6036 = LINE('',#6037,#6038);
#6037 = CARTESIAN_POINT('',(3.469446951954E-15,-95.1));
#6038 = VECTOR('',#6039,1.);
#6039 = DIRECTION('',(-1.,0.));
#6040 = ( GEOMETRIC_REPRESENTATION_CONTEXT(2) 
PARAMETRIC_REPRESENTATION_CONTEXT() REPRESENTATION_CONTEXT('2D SPACE',''
  ) );
#6041 = PCURVE('',#6042,#6047);
#6042 = PLANE('',#6043);
#6043 = AXIS2_PLACEMENT_3D('',#6044,#6045,#6046);
#6044 = CARTESIAN_POINT('',(0.,-95.1,42.5));
#6045 = DIRECTION('',(0.,-1.,0.));
#6046 = DIRECTION('',(-1.,0.,0.));
#6047 = DEFINITIONAL_REPRESENTATION('',(#6048),#6052);
#6048 = LINE('',#6049,#6050);
#6049 = CARTESIAN_POINT('',(-3.469446951954E-15,-42.5));
#6050 = VECTOR('',#6051,1.);
#6051 = DIRECTION('',(1.,0.));
#6052 = ( GEOMETRIC_REPRESENTATION_CONTEXT(2) 
PARAMETRIC_REPRESENTATION_CONTEXT() REPRESENTATION_CONTEXT('2D SPACE',''
  ) );
#6053 = ORIENTED_EDGE('',*,*,#6054,.T.);
#6054 = EDGE_CURVE('',#6027,#2319,#6055,.T.);
#6055 = SURFACE_CURVE('',#6056,(#6061,#6068),.PCURVE_S1.);
#6056 = CIRCLE('',#6057,5.);
#6057 = AXIS2_PLACEMENT_3D('',#6058,#6059,#6060);
#6058 = CARTESIAN_POINT('',(13.6,-90.1,85.));
#6059 = DIRECTION('',(0.,0.,1.));
#6060 = DIRECTION('',(1.,0.,-0.));
#6061 = PCURVE('',#982,#6062);
#6062 = DEFINITIONAL_REPRESENTATION('',(#6063),#6067);
#6063 = CIRCLE('',#6064,5.);
#6064 = AXIS2_PLACEMENT_2D('',#6065,#6066);
#6065 = CARTESIAN_POINT('',(13.6,-90.1));
#6066 = DIRECTION('',(1.,0.));
#6067 = ( GEOMETRIC_REPRESENTATION_CONTEXT(2) 
PARAMETRIC_REPRESENTATION_CONTEXT() REPRESENTATION_CONTEXT('2D SPACE',''
  ) );
#6068 = PCURVE('',#2357,#6069);
#6069 = DEFINITIONAL_REPRESENTATION('',(#6070),#6074);
#6070 = LINE('',#6071,#6072);
#6071 = CARTESIAN_POINT('',(0.,80.));
#6072 = VECTOR('',#6073,1.);
#6073 = DIRECTION('',(1.,0.));
#6074 = ( GEOMETRIC_REPRESENTATION_CONTEXT(2) 
PARAMETRIC_REPRESENTATION_CONTEXT() REPRESENTATION_CONTEXT('2D SPACE',''
  ) );
#6075 = ORIENTED_EDGE('',*,*,#2318,.T.);
#6076 = ORIENTED_EDGE('',*,*,#6077,.T.);
#6077 = EDGE_CURVE('',#2291,#6078,#6080,.T.);
#6078 = VERTEX_POINT('',#6079);
#6079 = CARTESIAN_POINT('',(13.6,95.1,85.));
#6080 = SURFACE_CURVE('',#6081,(#6086,#6093),.PCURVE_S1.);
#6081 = CIRCLE('',#6082,5.);
#6082 = AXIS2_PLACEMENT_3D('',#6083,#6084,#6085);
#6083 = CARTESIAN_POINT('',(13.6,90.1,85.));
#6084 = DIRECTION('',(0.,0.,1.));
#6085 = DIRECTION('',(1.,0.,-0.));
#6086 = PCURVE('',#982,#6087);
#6087 = DEFINITIONAL_REPRESENTATION('',(#6088),#6092);
#6088 = CIRCLE('',#6089,5.);
#6089 = AXIS2_PLACEMENT_2D('',#6090,#6091);
#6090 = CARTESIAN_POINT('',(13.6,90.1));
#6091 = DIRECTION('',(1.,0.));
#6092 = ( GEOMETRIC_REPRESENTATION_CONTEXT(2) 
PARAMETRIC_REPRESENTATION_CONTEXT() REPRESENTATION_CONTEXT('2D SPACE',''
  ) );
#6093 = PCURVE('',#2306,#6094);
#6094 = DEFINITIONAL_REPRESENTATION('',(#6095),#6099);
#6095 = LINE('',#6096,#6097);
#6096 = CARTESIAN_POINT('',(0.,42.5));
#6097 = VECTOR('',#6098,1.);
#6098 = DIRECTION('',(1.,0.));
#6099 = ( GEOMETRIC_REPRESENTATION_CONTEXT(2) 
PARAMETRIC_REPRESENTATION_CONTEXT() REPRESENTATION_CONTEXT('2D SPACE',''
  ) );
#6100 = ORIENTED_EDGE('',*,*,#6101,.T.);
#6101 = EDGE_CURVE('',#6078,#6102,#6104,.T.);
#6102 = VERTEX_POINT('',#6103);
#6103 = CARTESIAN_POINT('',(-13.6,95.1,85.));
#6104 = SURFACE_CURVE('',#6105,(#6109,#6116),.PCURVE_S1.);
#6105 = LINE('',#6106,#6107);
#6106 = CARTESIAN_POINT('',(3.469446951954E-15,95.1,85.));
#6107 = VECTOR('',#6108,1.);
#6108 = DIRECTION('',(-1.,0.,0.));
#6109 = PCURVE('',#982,#6110);
#6110 = DEFINITIONAL_REPRESENTATION('',(#6111),#6115);
#6111 = LINE('',#6112,#6113);
#6112 = CARTESIAN_POINT('',(3.469446951954E-15,95.1));
#6113 = VECTOR('',#6114,1.);
#6114 = DIRECTION('',(-1.,0.));
#6115 = ( GEOMETRIC_REPRESENTATION_CONTEXT(2) 
PARAMETRIC_REPRESENTATION_CONTEXT() REPRESENTATION_CONTEXT('2D SPACE',''
  ) );
#6116 = PCURVE('',#6117,#6122);
#6117 = PLANE('',#6118);
#6118 = AXIS2_PLACEMENT_3D('',#6119,#6120,#6121);
#6119 = CARTESIAN_POINT('',(0.,95.1,42.5));
#6120 = DIRECTION('',(0.,1.,0.));
#6121 = DIRECTION('',(-1.,0.,0.));
#6122 = DEFINITIONAL_REPRESENTATION('',(#6123),#6127);
#6123 = LINE('',#6124,#6125);
#6124 = CARTESIAN_POINT('',(-3.469446951954E-15,42.5));
#6125 = VECTOR('',#6126,1.);
#6126 = DIRECTION('',(1.,0.));
#6127 = ( GEOMETRIC_REPRESENTATION_CONTEXT(2) 
PARAMETRIC_REPRESENTATION_CONTEXT() REPRESENTATION_CONTEXT('2D SPACE',''
  ) );
#6128 = ORIENTED_EDGE('',*,*,#6129,.T.);
#6129 = EDGE_CURVE('',#6102,#1985,#6130,.T.);
#6130 = SURFACE_CURVE('',#6131,(#6136,#6143),.PCURVE_S1.);
#6131 = CIRCLE('',#6132,5.);
#6132 = AXIS2_PLACEMENT_3D('',#6133,#6134,#6135);
#6133 = CARTESIAN_POINT('',(-13.6,90.1,85.));
#6134 = DIRECTION('',(0.,0.,1.));
#6135 = DIRECTION('',(1.,0.,-0.));
#6136 = PCURVE('',#982,#6137);
#6137 = DEFINITIONAL_REPRESENTATION('',(#6138),#6142);
#6138 = CIRCLE('',#6139,5.);
#6139 = AXIS2_PLACEMENT_2D('',#6140,#6141);
#6140 = CARTESIAN_POINT('',(-13.6,90.1));
#6141 = DIRECTION('',(1.,0.));
#6142 = ( GEOMETRIC_REPRESENTATION_CONTEXT(2) 
PARAMETRIC_REPRESENTATION_CONTEXT() REPRESENTATION_CONTEXT('2D SPACE',''
  ) );
#6143 = PCURVE('',#2023,#6144);
#6144 = DEFINITIONAL_REPRESENTATION('',(#6145),#6149);
#6145 = LINE('',#6146,#6147);
#6146 = CARTESIAN_POINT('',(3.14159265359,-80.));
#6147 = VECTOR('',#6148,1.);
#6148 = DIRECTION('',(-1.,0.));
#6149 = ( GEOMETRIC_REPRESENTATION_CONTEXT(2) 
PARAMETRIC_REPRESENTATION_CONTEXT() REPRESENTATION_CONTEXT('2D SPACE',''
  ) );
#6150 = ORIENTED_EDGE('',*,*,#1984,.F.);
#6151 = ORIENTED_EDGE('',*,*,#6152,.F.);
#6152 = EDGE_CURVE('',#5612,#1957,#6153,.T.);
#6153 = SURFACE_CURVE('',#6154,(#6158,#6165),.PCURVE_S1.);
#6154 = LINE('',#6155,#6156);
#6155 = CARTESIAN_POINT('',(-21.6,72.6,85.));
#6156 = VECTOR('',#6157,1.);
#6157 = DIRECTION('',(1.,6.115358904736E-17,0.));
#6158 = PCURVE('',#982,#6159);
#6159 = DEFINITIONAL_REPRESENTATION('',(#6160),#6164);
#6160 = LINE('',#6161,#6162);
#6161 = CARTESIAN_POINT('',(-21.6,72.6));
#6162 = VECTOR('',#6163,1.);
#6163 = DIRECTION('',(1.,6.115358904736E-17));
#6164 = ( GEOMETRIC_REPRESENTATION_CONTEXT(2) 
PARAMETRIC_REPRESENTATION_CONTEXT() REPRESENTATION_CONTEXT('2D SPACE',''
  ) );
#6165 = PCURVE('',#1972,#6166);
#6166 = DEFINITIONAL_REPRESENTATION('',(#6167),#6171);
#6167 = LINE('',#6168,#6169);
#6168 = CARTESIAN_POINT('',(0.,45.5));
#6169 = VECTOR('',#6170,1.);
#6170 = DIRECTION('',(1.,0.));
#6171 = ( GEOMETRIC_REPRESENTATION_CONTEXT(2) 
PARAMETRIC_REPRESENTATION_CONTEXT() REPRESENTATION_CONTEXT('2D SPACE',''
  ) );
#6172 = FACE_BOUND('',#6173,.T.);
#6173 = EDGE_LOOP('',(#6174,#6175,#6176,#6177));
#6174 = ORIENTED_EDGE('',*,*,#966,.T.);
#6175 = ORIENTED_EDGE('',*,*,#4026,.T.);
#6176 = ORIENTED_EDGE('',*,*,#1322,.F.);
#6177 = ORIENTED_EDGE('',*,*,#4437,.F.);
#6178 = FACE_BOUND('',#6179,.T.);
#6179 = EDGE_LOOP('',(#6180));
#6180 = ORIENTED_EDGE('',*,*,#6181,.F.);
#6181 = EDGE_CURVE('',#6182,#6182,#6184,.T.);
#6182 = VERTEX_POINT('',#6183);
#6183 = CARTESIAN_POINT('',(-10.05,-90.1,85.));
#6184 = SURFACE_CURVE('',#6185,(#6190,#6197),.PCURVE_S1.);
#6185 = CIRCLE('',#6186,1.45);
#6186 = AXIS2_PLACEMENT_3D('',#6187,#6188,#6189);
#6187 = CARTESIAN_POINT('',(-8.6,-90.1,85.));
#6188 = DIRECTION('',(0.,0.,1.));
#6189 = DIRECTION('',(1.,0.,-0.));
#6190 = PCURVE('',#982,#6191);
#6191 = DEFINITIONAL_REPRESENTATION('',(#6192),#6196);
#6192 = CIRCLE('',#6193,1.45);
#6193 = AXIS2_PLACEMENT_2D('',#6194,#6195);
#6194 = CARTESIAN_POINT('',(-8.6,-90.1));
#6195 = DIRECTION('',(1.,0.));
#6196 = ( GEOMETRIC_REPRESENTATION_CONTEXT(2) 
PARAMETRIC_REPRESENTATION_CONTEXT() REPRESENTATION_CONTEXT('2D SPACE',''
  ) );
#6197 = PCURVE('',#6198,#6203);
#6198 = CYLINDRICAL_SURFACE('',#6199,1.45);
#6199 = AXIS2_PLACEMENT_3D('',#6200,#6201,#6202);
#6200 = CARTESIAN_POINT('',(-8.6,-90.1,60.));
#6201 = DIRECTION('',(0.,0.,1.));
#6202 = DIRECTION('',(1.,0.,-0.));
#6203 = DEFINITIONAL_REPRESENTATION('',(#6204),#6208);
#6204 = LINE('',#6205,#6206);
#6205 = CARTESIAN_POINT('',(0.,25.));
#6206 = VECTOR('',#6207,1.);
#6207 = DIRECTION('',(1.,0.));
#6208 = ( GEOMETRIC_REPRESENTATION_CONTEXT(2) 
PARAMETRIC_REPRESENTATION_CONTEXT() REPRESENTATION_CONTEXT('2D SPACE',''
  ) );
#6209 = FACE_BOUND('',#6210,.T.);
#6210 = EDGE_LOOP('',(#6211));
#6211 = ORIENTED_EDGE('',*,*,#6212,.F.);
#6212 = EDGE_CURVE('',#6213,#6213,#6215,.T.);
#6213 = VERTEX_POINT('',#6214);
#6214 = CARTESIAN_POINT('',(7.15,-90.1,85.));
#6215 = SURFACE_CURVE('',#6216,(#6221,#6228),.PCURVE_S1.);
#6216 = CIRCLE('',#6217,1.45);
#6217 = AXIS2_PLACEMENT_3D('',#6218,#6219,#6220);
#6218 = CARTESIAN_POINT('',(8.6,-90.1,85.));
#6219 = DIRECTION('',(0.,0.,1.));
#6220 = DIRECTION('',(1.,0.,-0.));
#6221 = PCURVE('',#982,#6222);
#6222 = DEFINITIONAL_REPRESENTATION('',(#6223),#6227);
#6223 = CIRCLE('',#6224,1.45);
#6224 = AXIS2_PLACEMENT_2D('',#6225,#6226);
#6225 = CARTESIAN_POINT('',(8.6,-90.1));
#6226 = DIRECTION('',(1.,0.));
#6227 = ( GEOMETRIC_REPRESENTATION_CONTEXT(2) 
PARAMETRIC_REPRESENTATION_CONTEXT() REPRESENTATION_CONTEXT('2D SPACE',''
  ) );
#6228 = PCURVE('',#6229,#6234);
#6229 = CYLINDRICAL_SURFACE('',#6230,1.45);
#6230 = AXIS2_PLACEMENT_3D('',#6231,#6232,#6233);
#6231 = CARTESIAN_POINT('',(8.6,-90.1,60.));
#6232 = DIRECTION('',(0.,0.,1.));
#6233 = DIRECTION('',(1.,0.,-0.));
#6234 = DEFINITIONAL_REPRESENTATION('',(#6235),#6239);
#6235 = LINE('',#6236,#6237);
#6236 = CARTESIAN_POINT('',(0.,25.));
#6237 = VECTOR('',#6238,1.);
#6238 = DIRECTION('',(1.,0.));
#6239 = ( GEOMETRIC_REPRESENTATION_CONTEXT(2) 
PARAMETRIC_REPRESENTATION_CONTEXT() REPRESENTATION_CONTEXT('2D SPACE',''
  ) );
#6240 = FACE_BOUND('',#6241,.T.);
#6241 = EDGE_LOOP('',(#6242));
#6242 = ORIENTED_EDGE('',*,*,#6243,.F.);
#6243 = EDGE_CURVE('',#6244,#6244,#6246,.T.);
#6244 = VERTEX_POINT('',#6245);
#6245 = CARTESIAN_POINT('',(7.15,90.1,85.));
#6246 = SURFACE_CURVE('',#6247,(#6252,#6259),.PCURVE_S1.);
#6247 = CIRCLE('',#6248,1.45);
#6248 = AXIS2_PLACEMENT_3D('',#6249,#6250,#6251);
#6249 = CARTESIAN_POINT('',(8.6,90.1,85.));
#6250 = DIRECTION('',(0.,0.,1.));
#6251 = DIRECTION('',(1.,0.,-0.));
#6252 = PCURVE('',#982,#6253);
#6253 = DEFINITIONAL_REPRESENTATION('',(#6254),#6258);
#6254 = CIRCLE('',#6255,1.45);
#6255 = AXIS2_PLACEMENT_2D('',#6256,#6257);
#6256 = CARTESIAN_POINT('',(8.6,90.1));
#6257 = DIRECTION('',(1.,0.));
#6258 = ( GEOMETRIC_REPRESENTATION_CONTEXT(2) 
PARAMETRIC_REPRESENTATION_CONTEXT() REPRESENTATION_CONTEXT('2D SPACE',''
  ) );
#6259 = PCURVE('',#6260,#6265);
#6260 = CYLINDRICAL_SURFACE('',#6261,1.45);
#6261 = AXIS2_PLACEMENT_3D('',#6262,#6263,#6264);
#6262 = CARTESIAN_POINT('',(8.6,90.1,60.));
#6263 = DIRECTION('',(0.,0.,1.));
#6264 = DIRECTION('',(1.,0.,-0.));
#6265 = DEFINITIONAL_REPRESENTATION('',(#6266),#6270);
#6266 = LINE('',#6267,#6268);
#6267 = CARTESIAN_POINT('',(0.,25.));
#6268 = VECTOR('',#6269,1.);
#6269 = DIRECTION('',(1.,0.));
#6270 = ( GEOMETRIC_REPRESENTATION_CONTEXT(2) 
PARAMETRIC_REPRESENTATION_CONTEXT() REPRESENTATION_CONTEXT('2D SPACE',''
  ) );
#6271 = FACE_BOUND('',#6272,.T.);
#6272 = EDGE_LOOP('',(#6273));
#6273 = ORIENTED_EDGE('',*,*,#6274,.F.);
#6274 = EDGE_CURVE('',#6275,#6275,#6277,.T.);
#6275 = VERTEX_POINT('',#6276);
#6276 = CARTESIAN_POINT('',(-10.05,90.1,85.));
#6277 = SURFACE_CURVE('',#6278,(#6283,#6290),.PCURVE_S1.);
#6278 = CIRCLE('',#6279,1.45);
#6279 = AXIS2_PLACEMENT_3D('',#6280,#6281,#6282);
#6280 = CARTESIAN_POINT('',(-8.6,90.1,85.));
#6281 = DIRECTION('',(0.,0.,1.));
#6282 = DIRECTION('',(1.,0.,-0.));
#6283 = PCURVE('',#982,#6284);
#6284 = DEFINITIONAL_REPRESENTATION('',(#6285),#6289);
#6285 = CIRCLE('',#6286,1.45);
#6286 = AXIS2_PLACEMENT_2D('',#6287,#6288);
#6287 = CARTESIAN_POINT('',(-8.6,90.1));
#6288 = DIRECTION('',(1.,0.));
#6289 = ( GEOMETRIC_REPRESENTATION_CONTEXT(2) 
PARAMETRIC_REPRESENTATION_CONTEXT() REPRESENTATION_CONTEXT('2D SPACE',''
  ) );
#6290 = PCURVE('',#6291,#6296);
#6291 = CYLINDRICAL_SURFACE('',#6292,1.45);
#6292 = AXIS2_PLACEMENT_3D('',#6293,#6294,#6295);
#6293 = CARTESIAN_POINT('',(-8.6,90.1,60.));
#6294 = DIRECTION('',(0.,0.,1.));
#6295 = DIRECTION('',(1.,0.,-0.));
#6296 = DEFINITIONAL_REPRESENTATION('',(#6297),#6301);
#6297 = LINE('',#6298,#6299);
#6298 = CARTESIAN_POINT('',(0.,25.));
#6299 = VECTOR('',#6300,1.);
#6300 = DIRECTION('',(1.,0.));
#6301 = ( GEOMETRIC_REPRESENTATION_CONTEXT(2) 
PARAMETRIC_REPRESENTATION_CONTEXT() REPRESENTATION_CONTEXT('2D SPACE',''
  ) );
#6302 = ADVANCED_FACE('',(#6303),#696,.T.);
#6303 = FACE_BOUND('',#6304,.T.);
#6304 = EDGE_LOOP('',(#6305,#6306,#6327,#6328,#6351,#6379,#6400,#6401));
#6305 = ORIENTED_EDGE('',*,*,#680,.F.);
#6306 = ORIENTED_EDGE('',*,*,#6307,.F.);
#6307 = EDGE_CURVE('',#1052,#652,#6308,.T.);
#6308 = SURFACE_CURVE('',#6309,(#6313,#6320),.PCURVE_S1.);
#6309 = LINE('',#6310,#6311);
#6310 = CARTESIAN_POINT('',(6.6,-80.1,5.));
#6311 = VECTOR('',#6312,1.);
#6312 = DIRECTION('',(3.73058812038E-16,-1.,0.));
#6313 = PCURVE('',#696,#6314);
#6314 = DEFINITIONAL_REPRESENTATION('',(#6315),#6319);
#6315 = LINE('',#6316,#6317);
#6316 = CARTESIAN_POINT('',(6.6,-80.1));
#6317 = VECTOR('',#6318,1.);
#6318 = DIRECTION('',(3.73058812038E-16,-1.));
#6319 = ( GEOMETRIC_REPRESENTATION_CONTEXT(2) 
PARAMETRIC_REPRESENTATION_CONTEXT() REPRESENTATION_CONTEXT('2D SPACE',''
  ) );
#6320 = PCURVE('',#668,#6321);
#6321 = DEFINITIONAL_REPRESENTATION('',(#6322),#6326);
#6322 = LINE('',#6323,#6324);
#6323 = CARTESIAN_POINT('',(4.712388980385,-165.202));
#6324 = VECTOR('',#6325,1.);
#6325 = DIRECTION('',(0.,-1.));
#6326 = ( GEOMETRIC_REPRESENTATION_CONTEXT(2) 
PARAMETRIC_REPRESENTATION_CONTEXT() REPRESENTATION_CONTEXT('2D SPACE',''
  ) );
#6327 = ORIENTED_EDGE('',*,*,#1051,.T.);
#6328 = ORIENTED_EDGE('',*,*,#6329,.T.);
#6329 = EDGE_CURVE('',#1023,#6330,#6332,.T.);
#6330 = VERTEX_POINT('',#6331);
#6331 = CARTESIAN_POINT('',(8.6,-76.1,5.));
#6332 = SURFACE_CURVE('',#6333,(#6337,#6344),.PCURVE_S1.);
#6333 = LINE('',#6334,#6335);
#6334 = CARTESIAN_POINT('',(8.6,-76.1,5.));
#6335 = VECTOR('',#6336,1.);
#6336 = DIRECTION('',(6.497091670325E-17,1.,0.));
#6337 = PCURVE('',#696,#6338);
#6338 = DEFINITIONAL_REPRESENTATION('',(#6339),#6343);
#6339 = LINE('',#6340,#6341);
#6340 = CARTESIAN_POINT('',(8.6,-76.1));
#6341 = VECTOR('',#6342,1.);
#6342 = DIRECTION('',(6.497091670325E-17,1.));
#6343 = ( GEOMETRIC_REPRESENTATION_CONTEXT(2) 
PARAMETRIC_REPRESENTATION_CONTEXT() REPRESENTATION_CONTEXT('2D SPACE',''
  ) );
#6344 = PCURVE('',#1039,#6345);
#6345 = DEFINITIONAL_REPRESENTATION('',(#6346),#6350);
#6346 = LINE('',#6347,#6348);
#6347 = CARTESIAN_POINT('',(4.712388980385,76.1));
#6348 = VECTOR('',#6349,1.);
#6349 = DIRECTION('',(0.,-1.));
#6350 = ( GEOMETRIC_REPRESENTATION_CONTEXT(2) 
PARAMETRIC_REPRESENTATION_CONTEXT() REPRESENTATION_CONTEXT('2D SPACE',''
  ) );
#6351 = ORIENTED_EDGE('',*,*,#6352,.F.);
#6352 = EDGE_CURVE('',#6353,#6330,#6355,.T.);
#6353 = VERTEX_POINT('',#6354);
#6354 = CARTESIAN_POINT('',(-8.6,-76.1,5.));
#6355 = SURFACE_CURVE('',#6356,(#6360,#6367),.PCURVE_S1.);
#6356 = LINE('',#6357,#6358);
#6357 = CARTESIAN_POINT('',(-13.6,-76.1,5.));
#6358 = VECTOR('',#6359,1.);
#6359 = DIRECTION('',(1.,0.,0.));
#6360 = PCURVE('',#696,#6361);
#6361 = DEFINITIONAL_REPRESENTATION('',(#6362),#6366);
#6362 = LINE('',#6363,#6364);
#6363 = CARTESIAN_POINT('',(-13.6,-76.1));
#6364 = VECTOR('',#6365,1.);
#6365 = DIRECTION('',(1.,0.));
#6366 = ( GEOMETRIC_REPRESENTATION_CONTEXT(2) 
PARAMETRIC_REPRESENTATION_CONTEXT() REPRESENTATION_CONTEXT('2D SPACE',''
  ) );
#6367 = PCURVE('',#6368,#6373);
#6368 = CYLINDRICAL_SURFACE('',#6369,1.);
#6369 = AXIS2_PLACEMENT_3D('',#6370,#6371,#6372);
#6370 = CARTESIAN_POINT('',(1.040834085586E-14,-76.1,4.));
#6371 = DIRECTION('',(-1.,0.,0.));
#6372 = DIRECTION('',(0.,0.,1.));
#6373 = DEFINITIONAL_REPRESENTATION('',(#6374),#6378);
#6374 = LINE('',#6375,#6376);
#6375 = CARTESIAN_POINT('',(0.,13.6));
#6376 = VECTOR('',#6377,1.);
#6377 = DIRECTION('',(0.,-1.));
#6378 = ( GEOMETRIC_REPRESENTATION_CONTEXT(2) 
PARAMETRIC_REPRESENTATION_CONTEXT() REPRESENTATION_CONTEXT('2D SPACE',''
  ) );
#6379 = ORIENTED_EDGE('',*,*,#6380,.F.);
#6380 = EDGE_CURVE('',#887,#6353,#6381,.T.);
#6381 = SURFACE_CURVE('',#6382,(#6386,#6393),.PCURVE_S1.);
#6382 = LINE('',#6383,#6384);
#6383 = CARTESIAN_POINT('',(-8.6,5.58749883648E-16,5.));
#6384 = VECTOR('',#6385,1.);
#6385 = DIRECTION('',(6.497091670325E-17,1.,0.));
#6386 = PCURVE('',#696,#6387);
#6387 = DEFINITIONAL_REPRESENTATION('',(#6388),#6392);
#6388 = LINE('',#6389,#6390);
#6389 = CARTESIAN_POINT('',(-8.6,5.58749883648E-16));
#6390 = VECTOR('',#6391,1.);
#6391 = DIRECTION('',(6.497091670325E-17,1.));
#6392 = ( GEOMETRIC_REPRESENTATION_CONTEXT(2) 
PARAMETRIC_REPRESENTATION_CONTEXT() REPRESENTATION_CONTEXT('2D SPACE',''
  ) );
#6393 = PCURVE('',#926,#6394);
#6394 = DEFINITIONAL_REPRESENTATION('',(#6395),#6399);
#6395 = LINE('',#6396,#6397);
#6396 = CARTESIAN_POINT('',(4.712388980385,0.));
#6397 = VECTOR('',#6398,1.);
#6398 = DIRECTION('',(0.,1.));
#6399 = ( GEOMETRIC_REPRESENTATION_CONTEXT(2) 
PARAMETRIC_REPRESENTATION_CONTEXT() REPRESENTATION_CONTEXT('2D SPACE',''
  ) );
#6400 = ORIENTED_EDGE('',*,*,#886,.T.);
#6401 = ORIENTED_EDGE('',*,*,#6402,.T.);
#6402 = EDGE_CURVE('',#863,#681,#6403,.T.);
#6403 = SURFACE_CURVE('',#6404,(#6408,#6415),.PCURVE_S1.);
#6404 = LINE('',#6405,#6406);
#6405 = CARTESIAN_POINT('',(-6.6,-85.1,5.));
#6406 = VECTOR('',#6407,1.);
#6407 = DIRECTION('',(3.73058812038E-16,-1.,0.));
#6408 = PCURVE('',#696,#6409);
#6409 = DEFINITIONAL_REPRESENTATION('',(#6410),#6414);
#6410 = LINE('',#6411,#6412);
#6411 = CARTESIAN_POINT('',(-6.6,-85.1));
#6412 = VECTOR('',#6413,1.);
#6413 = DIRECTION('',(3.73058812038E-16,-1.));
#6414 = ( GEOMETRIC_REPRESENTATION_CONTEXT(2) 
PARAMETRIC_REPRESENTATION_CONTEXT() REPRESENTATION_CONTEXT('2D SPACE',''
  ) );
#6415 = PCURVE('',#723,#6416);
#6416 = DEFINITIONAL_REPRESENTATION('',(#6417),#6421);
#6417 = LINE('',#6418,#6419);
#6418 = CARTESIAN_POINT('',(4.712388980385,-85.1));
#6419 = VECTOR('',#6420,1.);
#6420 = DIRECTION('',(0.,-1.));
#6421 = ( GEOMETRIC_REPRESENTATION_CONTEXT(2) 
PARAMETRIC_REPRESENTATION_CONTEXT() REPRESENTATION_CONTEXT('2D SPACE',''
  ) );
#6422 = ADVANCED_FACE('',(#6423),#6437,.T.);
#6423 = FACE_BOUND('',#6424,.T.);
#6424 = EDGE_LOOP('',(#6425,#6455,#6478,#6501));
#6425 = ORIENTED_EDGE('',*,*,#6426,.F.);
#6426 = EDGE_CURVE('',#6427,#6429,#6431,.T.);
#6427 = VERTEX_POINT('',#6428);
#6428 = CARTESIAN_POINT('',(8.6,75.1,1.));
#6429 = VERTEX_POINT('',#6430);
#6430 = CARTESIAN_POINT('',(-8.6,75.1,1.));
#6431 = SURFACE_CURVE('',#6432,(#6436,#6448),.PCURVE_S1.);
#6432 = LINE('',#6433,#6434);
#6433 = CARTESIAN_POINT('',(13.6,75.1,1.));
#6434 = VECTOR('',#6435,1.);
#6435 = DIRECTION('',(-1.,0.,0.));
#6436 = PCURVE('',#6437,#6442);
#6437 = PLANE('',#6438);
#6438 = AXIS2_PLACEMENT_3D('',#6439,#6440,#6441);
#6439 = CARTESIAN_POINT('',(-8.673617379884E-15,75.1,25.));
#6440 = DIRECTION('',(0.,-1.,0.));
#6441 = DIRECTION('',(0.,0.,-1.));
#6442 = DEFINITIONAL_REPRESENTATION('',(#6443),#6447);
#6443 = LINE('',#6444,#6445);
#6444 = CARTESIAN_POINT('',(24.,13.6));
#6445 = VECTOR('',#6446,1.);
#6446 = DIRECTION('',(0.,-1.));
#6447 = ( GEOMETRIC_REPRESENTATION_CONTEXT(2) 
PARAMETRIC_REPRESENTATION_CONTEXT() REPRESENTATION_CONTEXT('2D SPACE',''
  ) );
#6448 = PCURVE('',#5389,#6449);
#6449 = DEFINITIONAL_REPRESENTATION('',(#6450),#6454);
#6450 = LINE('',#6451,#6452);
#6451 = CARTESIAN_POINT('',(4.712388980385,13.6));
#6452 = VECTOR('',#6453,1.);
#6453 = DIRECTION('',(0.,-1.));
#6454 = ( GEOMETRIC_REPRESENTATION_CONTEXT(2) 
PARAMETRIC_REPRESENTATION_CONTEXT() REPRESENTATION_CONTEXT('2D SPACE',''
  ) );
#6455 = ORIENTED_EDGE('',*,*,#6456,.F.);
#6456 = EDGE_CURVE('',#6457,#6427,#6459,.T.);
#6457 = VERTEX_POINT('',#6458);
#6458 = CARTESIAN_POINT('',(8.6,75.1,4.));
#6459 = SURFACE_CURVE('',#6460,(#6464,#6471),.PCURVE_S1.);
#6460 = LINE('',#6461,#6462);
#6461 = CARTESIAN_POINT('',(8.6,75.1,4.));
#6462 = VECTOR('',#6463,1.);
#6463 = DIRECTION('',(0.,0.,-1.));
#6464 = PCURVE('',#6437,#6465);
#6465 = DEFINITIONAL_REPRESENTATION('',(#6466),#6470);
#6466 = LINE('',#6467,#6468);
#6467 = CARTESIAN_POINT('',(21.,8.6));
#6468 = VECTOR('',#6469,1.);
#6469 = DIRECTION('',(1.,0.));
#6470 = ( GEOMETRIC_REPRESENTATION_CONTEXT(2) 
PARAMETRIC_REPRESENTATION_CONTEXT() REPRESENTATION_CONTEXT('2D SPACE',''
  ) );
#6471 = PCURVE('',#4527,#6472);
#6472 = DEFINITIONAL_REPRESENTATION('',(#6473),#6477);
#6473 = LINE('',#6474,#6475);
#6474 = CARTESIAN_POINT('',(1.570796326795,-81.));
#6475 = VECTOR('',#6476,1.);
#6476 = DIRECTION('',(0.,-1.));
#6477 = ( GEOMETRIC_REPRESENTATION_CONTEXT(2) 
PARAMETRIC_REPRESENTATION_CONTEXT() REPRESENTATION_CONTEXT('2D SPACE',''
  ) );
#6478 = ORIENTED_EDGE('',*,*,#6479,.F.);
#6479 = EDGE_CURVE('',#6480,#6457,#6482,.T.);
#6480 = VERTEX_POINT('',#6481);
#6481 = CARTESIAN_POINT('',(-8.6,75.1,4.));
#6482 = SURFACE_CURVE('',#6483,(#6487,#6494),.PCURVE_S1.);
#6483 = LINE('',#6484,#6485);
#6484 = CARTESIAN_POINT('',(-8.673617379884E-15,75.1,4.));
#6485 = VECTOR('',#6486,1.);
#6486 = DIRECTION('',(1.,0.,0.));
#6487 = PCURVE('',#6437,#6488);
#6488 = DEFINITIONAL_REPRESENTATION('',(#6489),#6493);
#6489 = LINE('',#6490,#6491);
#6490 = CARTESIAN_POINT('',(21.,0.));
#6491 = VECTOR('',#6492,1.);
#6492 = DIRECTION('',(0.,1.));
#6493 = ( GEOMETRIC_REPRESENTATION_CONTEXT(2) 
PARAMETRIC_REPRESENTATION_CONTEXT() REPRESENTATION_CONTEXT('2D SPACE',''
  ) );
#6494 = PCURVE('',#5596,#6495);
#6495 = DEFINITIONAL_REPRESENTATION('',(#6496),#6500);
#6496 = LINE('',#6497,#6498);
#6497 = CARTESIAN_POINT('',(4.712388980385,-8.881784197001E-15));
#6498 = VECTOR('',#6499,1.);
#6499 = DIRECTION('',(0.,1.));
#6500 = ( GEOMETRIC_REPRESENTATION_CONTEXT(2) 
PARAMETRIC_REPRESENTATION_CONTEXT() REPRESENTATION_CONTEXT('2D SPACE',''
  ) );
#6501 = ORIENTED_EDGE('',*,*,#6502,.T.);
#6502 = EDGE_CURVE('',#6480,#6429,#6503,.T.);
#6503 = SURFACE_CURVE('',#6504,(#6508,#6515),.PCURVE_S1.);
#6504 = LINE('',#6505,#6506);
#6505 = CARTESIAN_POINT('',(-8.6,75.1,25.));
#6506 = VECTOR('',#6507,1.);
#6507 = DIRECTION('',(0.,0.,-1.));
#6508 = PCURVE('',#6437,#6509);
#6509 = DEFINITIONAL_REPRESENTATION('',(#6510),#6514);
#6510 = LINE('',#6511,#6512);
#6511 = CARTESIAN_POINT('',(0.,-8.6));
#6512 = VECTOR('',#6513,1.);
#6513 = DIRECTION('',(1.,0.));
#6514 = ( GEOMETRIC_REPRESENTATION_CONTEXT(2) 
PARAMETRIC_REPRESENTATION_CONTEXT() REPRESENTATION_CONTEXT('2D SPACE',''
  ) );
#6515 = PCURVE('',#3963,#6516);
#6516 = DEFINITIONAL_REPRESENTATION('',(#6517),#6521);
#6517 = LINE('',#6518,#6519);
#6518 = CARTESIAN_POINT('',(1.570796326795,0.));
#6519 = VECTOR('',#6520,1.);
#6520 = DIRECTION('',(0.,1.));
#6521 = ( GEOMETRIC_REPRESENTATION_CONTEXT(2) 
PARAMETRIC_REPRESENTATION_CONTEXT() REPRESENTATION_CONTEXT('2D SPACE',''
  ) );
#6522 = ADVANCED_FACE('',(#6523),#6537,.F.);
#6523 = FACE_BOUND('',#6524,.T.);
#6524 = EDGE_LOOP('',(#6525,#6555,#6578,#6601));
#6525 = ORIENTED_EDGE('',*,*,#6526,.T.);
#6526 = EDGE_CURVE('',#6527,#6529,#6531,.T.);
#6527 = VERTEX_POINT('',#6528);
#6528 = CARTESIAN_POINT('',(-8.6,-75.1,4.));
#6529 = VERTEX_POINT('',#6530);
#6530 = CARTESIAN_POINT('',(8.6,-75.1,4.));
#6531 = SURFACE_CURVE('',#6532,(#6536,#6548),.PCURVE_S1.);
#6532 = LINE('',#6533,#6534);
#6533 = CARTESIAN_POINT('',(13.6,-75.1,4.));
#6534 = VECTOR('',#6535,1.);
#6535 = DIRECTION('',(1.,0.,0.));
#6536 = PCURVE('',#6537,#6542);
#6537 = PLANE('',#6538);
#6538 = AXIS2_PLACEMENT_3D('',#6539,#6540,#6541);
#6539 = CARTESIAN_POINT('',(1.040834085586E-14,-75.1,25.));
#6540 = DIRECTION('',(0.,-1.,0.));
#6541 = DIRECTION('',(0.,0.,-1.));
#6542 = DEFINITIONAL_REPRESENTATION('',(#6543),#6547);
#6543 = LINE('',#6544,#6545);
#6544 = CARTESIAN_POINT('',(21.,13.6));
#6545 = VECTOR('',#6546,1.);
#6546 = DIRECTION('',(0.,1.));
#6547 = ( GEOMETRIC_REPRESENTATION_CONTEXT(2) 
PARAMETRIC_REPRESENTATION_CONTEXT() REPRESENTATION_CONTEXT('2D SPACE',''
  ) );
#6548 = PCURVE('',#6368,#6549);
#6549 = DEFINITIONAL_REPRESENTATION('',(#6550),#6554);
#6550 = LINE('',#6551,#6552);
#6551 = CARTESIAN_POINT('',(1.570796326795,-13.6));
#6552 = VECTOR('',#6553,1.);
#6553 = DIRECTION('',(0.,-1.));
#6554 = ( GEOMETRIC_REPRESENTATION_CONTEXT(2) 
PARAMETRIC_REPRESENTATION_CONTEXT() REPRESENTATION_CONTEXT('2D SPACE',''
  ) );
#6555 = ORIENTED_EDGE('',*,*,#6556,.T.);
#6556 = EDGE_CURVE('',#6529,#6557,#6559,.T.);
#6557 = VERTEX_POINT('',#6558);
#6558 = CARTESIAN_POINT('',(8.6,-75.1,1.));
#6559 = SURFACE_CURVE('',#6560,(#6564,#6571),.PCURVE_S1.);
#6560 = LINE('',#6561,#6562);
#6561 = CARTESIAN_POINT('',(8.6,-75.1,25.));
#6562 = VECTOR('',#6563,1.);
#6563 = DIRECTION('',(0.,0.,-1.));
#6564 = PCURVE('',#6537,#6565);
#6565 = DEFINITIONAL_REPRESENTATION('',(#6566),#6570);
#6566 = LINE('',#6567,#6568);
#6567 = CARTESIAN_POINT('',(0.,8.6));
#6568 = VECTOR('',#6569,1.);
#6569 = DIRECTION('',(1.,0.));
#6570 = ( GEOMETRIC_REPRESENTATION_CONTEXT(2) 
PARAMETRIC_REPRESENTATION_CONTEXT() REPRESENTATION_CONTEXT('2D SPACE',''
  ) );
#6571 = PCURVE('',#4634,#6572);
#6572 = DEFINITIONAL_REPRESENTATION('',(#6573),#6577);
#6573 = LINE('',#6574,#6575);
#6574 = CARTESIAN_POINT('',(4.712388980385,0.));
#6575 = VECTOR('',#6576,1.);
#6576 = DIRECTION('',(0.,1.));
#6577 = ( GEOMETRIC_REPRESENTATION_CONTEXT(2) 
PARAMETRIC_REPRESENTATION_CONTEXT() REPRESENTATION_CONTEXT('2D SPACE',''
  ) );
#6578 = ORIENTED_EDGE('',*,*,#6579,.T.);
#6579 = EDGE_CURVE('',#6557,#6580,#6582,.T.);
#6580 = VERTEX_POINT('',#6581);
#6581 = CARTESIAN_POINT('',(-8.6,-75.1,1.));
#6582 = SURFACE_CURVE('',#6583,(#6587,#6594),.PCURVE_S1.);
#6583 = LINE('',#6584,#6585);
#6584 = CARTESIAN_POINT('',(1.040834085586E-14,-75.1,1.));
#6585 = VECTOR('',#6586,1.);
#6586 = DIRECTION('',(-1.,0.,0.));
#6587 = PCURVE('',#6537,#6588);
#6588 = DEFINITIONAL_REPRESENTATION('',(#6589),#6593);
#6589 = LINE('',#6590,#6591);
#6590 = CARTESIAN_POINT('',(24.,0.));
#6591 = VECTOR('',#6592,1.);
#6592 = DIRECTION('',(0.,-1.));
#6593 = ( GEOMETRIC_REPRESENTATION_CONTEXT(2) 
PARAMETRIC_REPRESENTATION_CONTEXT() REPRESENTATION_CONTEXT('2D SPACE',''
  ) );
#6594 = PCURVE('',#5184,#6595);
#6595 = DEFINITIONAL_REPRESENTATION('',(#6596),#6600);
#6596 = LINE('',#6597,#6598);
#6597 = CARTESIAN_POINT('',(1.570796326795,0.));
#6598 = VECTOR('',#6599,1.);
#6599 = DIRECTION('',(0.,1.));
#6600 = ( GEOMETRIC_REPRESENTATION_CONTEXT(2) 
PARAMETRIC_REPRESENTATION_CONTEXT() REPRESENTATION_CONTEXT('2D SPACE',''
  ) );
#6601 = ORIENTED_EDGE('',*,*,#6602,.F.);
#6602 = EDGE_CURVE('',#6527,#6580,#6603,.T.);
#6603 = SURFACE_CURVE('',#6604,(#6608,#6615),.PCURVE_S1.);
#6604 = LINE('',#6605,#6606);
#6605 = CARTESIAN_POINT('',(-8.6,-75.1,4.));
#6606 = VECTOR('',#6607,1.);
#6607 = DIRECTION('',(0.,0.,-1.));
#6608 = PCURVE('',#6537,#6609);
#6609 = DEFINITIONAL_REPRESENTATION('',(#6610),#6614);
#6610 = LINE('',#6611,#6612);
#6611 = CARTESIAN_POINT('',(21.,-8.6));
#6612 = VECTOR('',#6613,1.);
#6613 = DIRECTION('',(1.,0.));
#6614 = ( GEOMETRIC_REPRESENTATION_CONTEXT(2) 
PARAMETRIC_REPRESENTATION_CONTEXT() REPRESENTATION_CONTEXT('2D SPACE',''
  ) );
#6615 = PCURVE('',#3854,#6616);
#6616 = DEFINITIONAL_REPRESENTATION('',(#6617),#6621);
#6617 = LINE('',#6618,#6619);
#6618 = CARTESIAN_POINT('',(4.712388980385,-81.));
#6619 = VECTOR('',#6620,1.);
#6620 = DIRECTION('',(0.,-1.));
#6621 = ( GEOMETRIC_REPRESENTATION_CONTEXT(2) 
PARAMETRIC_REPRESENTATION_CONTEXT() REPRESENTATION_CONTEXT('2D SPACE',''
  ) );
#6622 = ADVANCED_FACE('',(#6623,#6741,#6767),#416,.F.);
#6623 = FACE_BOUND('',#6624,.T.);
#6624 = EDGE_LOOP('',(#6625,#6626,#6650,#6673,#6695,#6696,#6718,#6719));
#6625 = ORIENTED_EDGE('',*,*,#2369,.F.);
#6626 = ORIENTED_EDGE('',*,*,#6627,.F.);
#6627 = EDGE_CURVE('',#6628,#2342,#6630,.T.);
#6628 = VERTEX_POINT('',#6629);
#6629 = CARTESIAN_POINT('',(13.6,-95.1,75.));
#6630 = SURFACE_CURVE('',#6631,(#6636,#6643),.PCURVE_S1.);
#6631 = CIRCLE('',#6632,5.);
#6632 = AXIS2_PLACEMENT_3D('',#6633,#6634,#6635);
#6633 = CARTESIAN_POINT('',(13.6,-90.1,75.));
#6634 = DIRECTION('',(0.,0.,1.));
#6635 = DIRECTION('',(1.,0.,-0.));
#6636 = PCURVE('',#416,#6637);
#6637 = DEFINITIONAL_REPRESENTATION('',(#6638),#6642);
#6638 = CIRCLE('',#6639,5.);
#6639 = AXIS2_PLACEMENT_2D('',#6640,#6641);
#6640 = CARTESIAN_POINT('',(13.6,5.));
#6641 = DIRECTION('',(1.,0.));
#6642 = ( GEOMETRIC_REPRESENTATION_CONTEXT(2) 
PARAMETRIC_REPRESENTATION_CONTEXT() REPRESENTATION_CONTEXT('2D SPACE',''
  ) );
#6643 = PCURVE('',#2357,#6644);
#6644 = DEFINITIONAL_REPRESENTATION('',(#6645),#6649);
#6645 = LINE('',#6646,#6647);
#6646 = CARTESIAN_POINT('',(0.,70.));
#6647 = VECTOR('',#6648,1.);
#6648 = DIRECTION('',(1.,0.));
#6649 = ( GEOMETRIC_REPRESENTATION_CONTEXT(2) 
PARAMETRIC_REPRESENTATION_CONTEXT() REPRESENTATION_CONTEXT('2D SPACE',''
  ) );
#6650 = ORIENTED_EDGE('',*,*,#6651,.T.);
#6651 = EDGE_CURVE('',#6628,#6652,#6654,.T.);
#6652 = VERTEX_POINT('',#6653);
#6653 = CARTESIAN_POINT('',(-13.6,-95.1,75.));
#6654 = SURFACE_CURVE('',#6655,(#6659,#6666),.PCURVE_S1.);
#6655 = LINE('',#6656,#6657);
#6656 = CARTESIAN_POINT('',(3.469446951954E-15,-95.1,75.));
#6657 = VECTOR('',#6658,1.);
#6658 = DIRECTION('',(-1.,0.,0.));
#6659 = PCURVE('',#416,#6660);
#6660 = DEFINITIONAL_REPRESENTATION('',(#6661),#6665);
#6661 = LINE('',#6662,#6663);
#6662 = CARTESIAN_POINT('',(0.,0.));
#6663 = VECTOR('',#6664,1.);
#6664 = DIRECTION('',(-1.,0.));
#6665 = ( GEOMETRIC_REPRESENTATION_CONTEXT(2) 
PARAMETRIC_REPRESENTATION_CONTEXT() REPRESENTATION_CONTEXT('2D SPACE',''
  ) );
#6666 = PCURVE('',#6042,#6667);
#6667 = DEFINITIONAL_REPRESENTATION('',(#6668),#6672);
#6668 = LINE('',#6669,#6670);
#6669 = CARTESIAN_POINT('',(-3.469446951954E-15,-32.5));
#6670 = VECTOR('',#6671,1.);
#6671 = DIRECTION('',(1.,0.));
#6672 = ( GEOMETRIC_REPRESENTATION_CONTEXT(2) 
PARAMETRIC_REPRESENTATION_CONTEXT() REPRESENTATION_CONTEXT('2D SPACE',''
  ) );
#6673 = ORIENTED_EDGE('',*,*,#6674,.F.);
#6674 = EDGE_CURVE('',#2209,#6652,#6675,.T.);
#6675 = SURFACE_CURVE('',#6676,(#6681,#6688),.PCURVE_S1.);
#6676 = CIRCLE('',#6677,5.);
#6677 = AXIS2_PLACEMENT_3D('',#6678,#6679,#6680);
#6678 = CARTESIAN_POINT('',(-13.6,-90.1,75.));
#6679 = DIRECTION('',(0.,0.,1.));
#6680 = DIRECTION('',(1.,0.,-0.));
#6681 = PCURVE('',#416,#6682);
#6682 = DEFINITIONAL_REPRESENTATION('',(#6683),#6687);
#6683 = CIRCLE('',#6684,5.);
#6684 = AXIS2_PLACEMENT_2D('',#6685,#6686);
#6685 = CARTESIAN_POINT('',(-13.6,5.));
#6686 = DIRECTION('',(1.,0.));
#6687 = ( GEOMETRIC_REPRESENTATION_CONTEXT(2) 
PARAMETRIC_REPRESENTATION_CONTEXT() REPRESENTATION_CONTEXT('2D SPACE',''
  ) );
#6688 = PCURVE('',#2245,#6689);
#6689 = DEFINITIONAL_REPRESENTATION('',(#6690),#6694);
#6690 = LINE('',#6691,#6692);
#6691 = CARTESIAN_POINT('',(9.424777960769,-32.5));
#6692 = VECTOR('',#6693,1.);
#6693 = DIRECTION('',(-1.,0.));
#6694 = ( GEOMETRIC_REPRESENTATION_CONTEXT(2) 
PARAMETRIC_REPRESENTATION_CONTEXT() REPRESENTATION_CONTEXT('2D SPACE',''
  ) );
#6695 = ORIENTED_EDGE('',*,*,#2208,.T.);
#6696 = ORIENTED_EDGE('',*,*,#6697,.T.);
#6697 = EDGE_CURVE('',#2186,#396,#6698,.T.);
#6698 = SURFACE_CURVE('',#6699,(#6704,#6711),.PCURVE_S1.);
#6699 = CIRCLE('',#6700,5.);
#6700 = AXIS2_PLACEMENT_3D('',#6701,#6702,#6703);
#6701 = CARTESIAN_POINT('',(-13.6,-80.1,75.));
#6702 = DIRECTION('',(0.,0.,1.));
#6703 = DIRECTION('',(1.,0.,-0.));
#6704 = PCURVE('',#416,#6705);
#6705 = DEFINITIONAL_REPRESENTATION('',(#6706),#6710);
#6706 = CIRCLE('',#6707,5.);
#6707 = AXIS2_PLACEMENT_2D('',#6708,#6709);
#6708 = CARTESIAN_POINT('',(-13.6,15.));
#6709 = DIRECTION('',(1.,0.));
#6710 = ( GEOMETRIC_REPRESENTATION_CONTEXT(2) 
PARAMETRIC_REPRESENTATION_CONTEXT() REPRESENTATION_CONTEXT('2D SPACE',''
  ) );
#6711 = PCURVE('',#444,#6712);
#6712 = DEFINITIONAL_REPRESENTATION('',(#6713),#6717);
#6713 = LINE('',#6714,#6715);
#6714 = CARTESIAN_POINT('',(9.424777960769,-70.));
#6715 = VECTOR('',#6716,1.);
#6716 = DIRECTION('',(-1.,0.));
#6717 = ( GEOMETRIC_REPRESENTATION_CONTEXT(2) 
PARAMETRIC_REPRESENTATION_CONTEXT() REPRESENTATION_CONTEXT('2D SPACE',''
  ) );
#6718 = ORIENTED_EDGE('',*,*,#393,.F.);
#6719 = ORIENTED_EDGE('',*,*,#6720,.T.);
#6720 = EDGE_CURVE('',#394,#2370,#6721,.T.);
#6721 = SURFACE_CURVE('',#6722,(#6727,#6734),.PCURVE_S1.);
#6722 = CIRCLE('',#6723,5.);
#6723 = AXIS2_PLACEMENT_3D('',#6724,#6725,#6726);
#6724 = CARTESIAN_POINT('',(13.6,-80.1,75.));
#6725 = DIRECTION('',(0.,0.,1.));
#6726 = DIRECTION('',(1.,0.,-0.));
#6727 = PCURVE('',#416,#6728);
#6728 = DEFINITIONAL_REPRESENTATION('',(#6729),#6733);
#6729 = CIRCLE('',#6730,5.);
#6730 = AXIS2_PLACEMENT_2D('',#6731,#6732);
#6731 = CARTESIAN_POINT('',(13.6,15.));
#6732 = DIRECTION('',(1.,0.));
#6733 = ( GEOMETRIC_REPRESENTATION_CONTEXT(2) 
PARAMETRIC_REPRESENTATION_CONTEXT() REPRESENTATION_CONTEXT('2D SPACE',''
  ) );
#6734 = PCURVE('',#493,#6735);
#6735 = DEFINITIONAL_REPRESENTATION('',(#6736),#6740);
#6736 = LINE('',#6737,#6738);
#6737 = CARTESIAN_POINT('',(0.,70.));
#6738 = VECTOR('',#6739,1.);
#6739 = DIRECTION('',(1.,0.));
#6740 = ( GEOMETRIC_REPRESENTATION_CONTEXT(2) 
PARAMETRIC_REPRESENTATION_CONTEXT() REPRESENTATION_CONTEXT('2D SPACE',''
  ) );
#6741 = FACE_BOUND('',#6742,.T.);
#6742 = EDGE_LOOP('',(#6743));
#6743 = ORIENTED_EDGE('',*,*,#6744,.T.);
#6744 = EDGE_CURVE('',#6745,#6745,#6747,.T.);
#6745 = VERTEX_POINT('',#6746);
#6746 = CARTESIAN_POINT('',(-10.05,-90.1,75.));
#6747 = SURFACE_CURVE('',#6748,(#6753,#6760),.PCURVE_S1.);
#6748 = CIRCLE('',#6749,1.45);
#6749 = AXIS2_PLACEMENT_3D('',#6750,#6751,#6752);
#6750 = CARTESIAN_POINT('',(-8.6,-90.1,75.));
#6751 = DIRECTION('',(0.,0.,1.));
#6752 = DIRECTION('',(1.,0.,-0.));
#6753 = PCURVE('',#416,#6754);
#6754 = DEFINITIONAL_REPRESENTATION('',(#6755),#6759);
#6755 = CIRCLE('',#6756,1.45);
#6756 = AXIS2_PLACEMENT_2D('',#6757,#6758);
#6757 = CARTESIAN_POINT('',(-8.6,5.));
#6758 = DIRECTION('',(1.,0.));
#6759 = ( GEOMETRIC_REPRESENTATION_CONTEXT(2) 
PARAMETRIC_REPRESENTATION_CONTEXT() REPRESENTATION_CONTEXT('2D SPACE',''
  ) );
#6760 = PCURVE('',#6198,#6761);
#6761 = DEFINITIONAL_REPRESENTATION('',(#6762),#6766);
#6762 = LINE('',#6763,#6764);
#6763 = CARTESIAN_POINT('',(0.,15.));
#6764 = VECTOR('',#6765,1.);
#6765 = DIRECTION('',(1.,0.));
#6766 = ( GEOMETRIC_REPRESENTATION_CONTEXT(2) 
PARAMETRIC_REPRESENTATION_CONTEXT() REPRESENTATION_CONTEXT('2D SPACE',''
  ) );
#6767 = FACE_BOUND('',#6768,.T.);
#6768 = EDGE_LOOP('',(#6769));
#6769 = ORIENTED_EDGE('',*,*,#6770,.T.);
#6770 = EDGE_CURVE('',#6771,#6771,#6773,.T.);
#6771 = VERTEX_POINT('',#6772);
#6772 = CARTESIAN_POINT('',(7.15,-90.1,75.));
#6773 = SURFACE_CURVE('',#6774,(#6779,#6786),.PCURVE_S1.);
#6774 = CIRCLE('',#6775,1.45);
#6775 = AXIS2_PLACEMENT_3D('',#6776,#6777,#6778);
#6776 = CARTESIAN_POINT('',(8.6,-90.1,75.));
#6777 = DIRECTION('',(0.,0.,1.));
#6778 = DIRECTION('',(1.,0.,-0.));
#6779 = PCURVE('',#416,#6780);
#6780 = DEFINITIONAL_REPRESENTATION('',(#6781),#6785);
#6781 = CIRCLE('',#6782,1.45);
#6782 = AXIS2_PLACEMENT_2D('',#6783,#6784);
#6783 = CARTESIAN_POINT('',(8.6,5.));
#6784 = DIRECTION('',(1.,0.));
#6785 = ( GEOMETRIC_REPRESENTATION_CONTEXT(2) 
PARAMETRIC_REPRESENTATION_CONTEXT() REPRESENTATION_CONTEXT('2D SPACE',''
  ) );
#6786 = PCURVE('',#6229,#6787);
#6787 = DEFINITIONAL_REPRESENTATION('',(#6788),#6792);
#6788 = LINE('',#6789,#6790);
#6789 = CARTESIAN_POINT('',(0.,15.));
#6790 = VECTOR('',#6791,1.);
#6791 = DIRECTION('',(1.,0.));
#6792 = ( GEOMETRIC_REPRESENTATION_CONTEXT(2) 
PARAMETRIC_REPRESENTATION_CONTEXT() REPRESENTATION_CONTEXT('2D SPACE',''
  ) );
#6793 = ADVANCED_FACE('',(#6794),#6042,.T.);
#6794 = FACE_BOUND('',#6795,.T.);
#6795 = EDGE_LOOP('',(#6796,#6797,#6818,#6819));
#6796 = ORIENTED_EDGE('',*,*,#6651,.F.);
#6797 = ORIENTED_EDGE('',*,*,#6798,.F.);
#6798 = EDGE_CURVE('',#6027,#6628,#6799,.T.);
#6799 = SURFACE_CURVE('',#6800,(#6804,#6811),.PCURVE_S1.);
#6800 = LINE('',#6801,#6802);
#6801 = CARTESIAN_POINT('',(13.6,-95.1,85.));
#6802 = VECTOR('',#6803,1.);
#6803 = DIRECTION('',(0.,0.,-1.));
#6804 = PCURVE('',#6042,#6805);
#6805 = DEFINITIONAL_REPRESENTATION('',(#6806),#6810);
#6806 = LINE('',#6807,#6808);
#6807 = CARTESIAN_POINT('',(-13.6,-42.5));
#6808 = VECTOR('',#6809,1.);
#6809 = DIRECTION('',(0.,1.));
#6810 = ( GEOMETRIC_REPRESENTATION_CONTEXT(2) 
PARAMETRIC_REPRESENTATION_CONTEXT() REPRESENTATION_CONTEXT('2D SPACE',''
  ) );
#6811 = PCURVE('',#2357,#6812);
#6812 = DEFINITIONAL_REPRESENTATION('',(#6813),#6817);
#6813 = LINE('',#6814,#6815);
#6814 = CARTESIAN_POINT('',(4.712388980385,80.));
#6815 = VECTOR('',#6816,1.);
#6816 = DIRECTION('',(0.,-1.));
#6817 = ( GEOMETRIC_REPRESENTATION_CONTEXT(2) 
PARAMETRIC_REPRESENTATION_CONTEXT() REPRESENTATION_CONTEXT('2D SPACE',''
  ) );
#6818 = ORIENTED_EDGE('',*,*,#6026,.T.);
#6819 = ORIENTED_EDGE('',*,*,#6820,.T.);
#6820 = EDGE_CURVE('',#6003,#6652,#6821,.T.);
#6821 = SURFACE_CURVE('',#6822,(#6826,#6833),.PCURVE_S1.);
#6822 = LINE('',#6823,#6824);
#6823 = CARTESIAN_POINT('',(-13.6,-95.1,42.5));
#6824 = VECTOR('',#6825,1.);
#6825 = DIRECTION('',(0.,0.,-1.));
#6826 = PCURVE('',#6042,#6827);
#6827 = DEFINITIONAL_REPRESENTATION('',(#6828),#6832);
#6828 = LINE('',#6829,#6830);
#6829 = CARTESIAN_POINT('',(13.6,0.));
#6830 = VECTOR('',#6831,1.);
#6831 = DIRECTION('',(0.,1.));
#6832 = ( GEOMETRIC_REPRESENTATION_CONTEXT(2) 
PARAMETRIC_REPRESENTATION_CONTEXT() REPRESENTATION_CONTEXT('2D SPACE',''
  ) );
#6833 = PCURVE('',#2245,#6834);
#6834 = DEFINITIONAL_REPRESENTATION('',(#6835),#6839);
#6835 = LINE('',#6836,#6837);
#6836 = CARTESIAN_POINT('',(4.712388980385,0.));
#6837 = VECTOR('',#6838,1.);
#6838 = DIRECTION('',(0.,1.));
#6839 = ( GEOMETRIC_REPRESENTATION_CONTEXT(2) 
PARAMETRIC_REPRESENTATION_CONTEXT() REPRESENTATION_CONTEXT('2D SPACE',''
  ) );
#6840 = ADVANCED_FACE('',(#6841,#6959,#6985),#122,.F.);
#6841 = FACE_BOUND('',#6842,.T.);
#6842 = EDGE_LOOP('',(#6843,#6844,#6868,#6891,#6913,#6914,#6936,#6937));
#6843 = ORIENTED_EDGE('',*,*,#2035,.F.);
#6844 = ORIENTED_EDGE('',*,*,#6845,.F.);
#6845 = EDGE_CURVE('',#6846,#2008,#6848,.T.);
#6846 = VERTEX_POINT('',#6847);
#6847 = CARTESIAN_POINT('',(-13.6,95.1,75.));
#6848 = SURFACE_CURVE('',#6849,(#6854,#6861),.PCURVE_S1.);
#6849 = CIRCLE('',#6850,5.);
#6850 = AXIS2_PLACEMENT_3D('',#6851,#6852,#6853);
#6851 = CARTESIAN_POINT('',(-13.6,90.1,75.));
#6852 = DIRECTION('',(0.,0.,1.));
#6853 = DIRECTION('',(1.,0.,-0.));
#6854 = PCURVE('',#122,#6855);
#6855 = DEFINITIONAL_REPRESENTATION('',(#6856),#6860);
#6856 = CIRCLE('',#6857,5.);
#6857 = AXIS2_PLACEMENT_2D('',#6858,#6859);
#6858 = CARTESIAN_POINT('',(-13.6,-5.));
#6859 = DIRECTION('',(1.,0.));
#6860 = ( GEOMETRIC_REPRESENTATION_CONTEXT(2) 
PARAMETRIC_REPRESENTATION_CONTEXT() REPRESENTATION_CONTEXT('2D SPACE',''
  ) );
#6861 = PCURVE('',#2023,#6862);
#6862 = DEFINITIONAL_REPRESENTATION('',(#6863),#6867);
#6863 = LINE('',#6864,#6865);
#6864 = CARTESIAN_POINT('',(3.14159265359,-70.));
#6865 = VECTOR('',#6866,1.);
#6866 = DIRECTION('',(-1.,0.));
#6867 = ( GEOMETRIC_REPRESENTATION_CONTEXT(2) 
PARAMETRIC_REPRESENTATION_CONTEXT() REPRESENTATION_CONTEXT('2D SPACE',''
  ) );
#6868 = ORIENTED_EDGE('',*,*,#6869,.F.);
#6869 = EDGE_CURVE('',#6870,#6846,#6872,.T.);
#6870 = VERTEX_POINT('',#6871);
#6871 = CARTESIAN_POINT('',(13.6,95.1,75.));
#6872 = SURFACE_CURVE('',#6873,(#6877,#6884),.PCURVE_S1.);
#6873 = LINE('',#6874,#6875);
#6874 = CARTESIAN_POINT('',(3.469446951954E-15,95.1,75.));
#6875 = VECTOR('',#6876,1.);
#6876 = DIRECTION('',(-1.,0.,0.));
#6877 = PCURVE('',#122,#6878);
#6878 = DEFINITIONAL_REPRESENTATION('',(#6879),#6883);
#6879 = LINE('',#6880,#6881);
#6880 = CARTESIAN_POINT('',(0.,0.));
#6881 = VECTOR('',#6882,1.);
#6882 = DIRECTION('',(-1.,0.));
#6883 = ( GEOMETRIC_REPRESENTATION_CONTEXT(2) 
PARAMETRIC_REPRESENTATION_CONTEXT() REPRESENTATION_CONTEXT('2D SPACE',''
  ) );
#6884 = PCURVE('',#6117,#6885);
#6885 = DEFINITIONAL_REPRESENTATION('',(#6886),#6890);
#6886 = LINE('',#6887,#6888);
#6887 = CARTESIAN_POINT('',(-3.469446951954E-15,32.5));
#6888 = VECTOR('',#6889,1.);
#6889 = DIRECTION('',(1.,0.));
#6890 = ( GEOMETRIC_REPRESENTATION_CONTEXT(2) 
PARAMETRIC_REPRESENTATION_CONTEXT() REPRESENTATION_CONTEXT('2D SPACE',''
  ) );
#6891 = ORIENTED_EDGE('',*,*,#6892,.F.);
#6892 = EDGE_CURVE('',#2261,#6870,#6893,.T.);
#6893 = SURFACE_CURVE('',#6894,(#6899,#6906),.PCURVE_S1.);
#6894 = CIRCLE('',#6895,5.);
#6895 = AXIS2_PLACEMENT_3D('',#6896,#6897,#6898);
#6896 = CARTESIAN_POINT('',(13.6,90.1,75.));
#6897 = DIRECTION('',(0.,0.,1.));
#6898 = DIRECTION('',(1.,0.,-0.));
#6899 = PCURVE('',#122,#6900);
#6900 = DEFINITIONAL_REPRESENTATION('',(#6901),#6905);
#6901 = CIRCLE('',#6902,5.);
#6902 = AXIS2_PLACEMENT_2D('',#6903,#6904);
#6903 = CARTESIAN_POINT('',(13.6,-5.));
#6904 = DIRECTION('',(1.,0.));
#6905 = ( GEOMETRIC_REPRESENTATION_CONTEXT(2) 
PARAMETRIC_REPRESENTATION_CONTEXT() REPRESENTATION_CONTEXT('2D SPACE',''
  ) );
#6906 = PCURVE('',#2306,#6907);
#6907 = DEFINITIONAL_REPRESENTATION('',(#6908),#6912);
#6908 = LINE('',#6909,#6910);
#6909 = CARTESIAN_POINT('',(0.,32.5));
#6910 = VECTOR('',#6911,1.);
#6911 = DIRECTION('',(1.,0.));
#6912 = ( GEOMETRIC_REPRESENTATION_CONTEXT(2) 
PARAMETRIC_REPRESENTATION_CONTEXT() REPRESENTATION_CONTEXT('2D SPACE',''
  ) );
#6913 = ORIENTED_EDGE('',*,*,#2260,.T.);
#6914 = ORIENTED_EDGE('',*,*,#6915,.T.);
#6915 = EDGE_CURVE('',#2263,#107,#6916,.T.);
#6916 = SURFACE_CURVE('',#6917,(#6922,#6929),.PCURVE_S1.);
#6917 = CIRCLE('',#6918,5.);
#6918 = AXIS2_PLACEMENT_3D('',#6919,#6920,#6921);
#6919 = CARTESIAN_POINT('',(13.6,80.1,75.));
#6920 = DIRECTION('',(0.,0.,1.));
#6921 = DIRECTION('',(1.,0.,-0.));
#6922 = PCURVE('',#122,#6923);
#6923 = DEFINITIONAL_REPRESENTATION('',(#6924),#6928);
#6924 = CIRCLE('',#6925,5.);
#6925 = AXIS2_PLACEMENT_2D('',#6926,#6927);
#6926 = CARTESIAN_POINT('',(13.6,-15.));
#6927 = DIRECTION('',(1.,0.));
#6928 = ( GEOMETRIC_REPRESENTATION_CONTEXT(2) 
PARAMETRIC_REPRESENTATION_CONTEXT() REPRESENTATION_CONTEXT('2D SPACE',''
  ) );
#6929 = PCURVE('',#148,#6930);
#6930 = DEFINITIONAL_REPRESENTATION('',(#6931),#6935);
#6931 = LINE('',#6932,#6933);
#6932 = CARTESIAN_POINT('',(3.14159265359,-70.));
#6933 = VECTOR('',#6934,1.);
#6934 = DIRECTION('',(-1.,0.));
#6935 = ( GEOMETRIC_REPRESENTATION_CONTEXT(2) 
PARAMETRIC_REPRESENTATION_CONTEXT() REPRESENTATION_CONTEXT('2D SPACE',''
  ) );
#6936 = ORIENTED_EDGE('',*,*,#106,.T.);
#6937 = ORIENTED_EDGE('',*,*,#6938,.T.);
#6938 = EDGE_CURVE('',#79,#2036,#6939,.T.);
#6939 = SURFACE_CURVE('',#6940,(#6945,#6952),.PCURVE_S1.);
#6940 = CIRCLE('',#6941,5.);
#6941 = AXIS2_PLACEMENT_3D('',#6942,#6943,#6944);
#6942 = CARTESIAN_POINT('',(-13.6,80.1,75.));
#6943 = DIRECTION('',(0.,0.,1.));
#6944 = DIRECTION('',(1.,0.,-0.));
#6945 = PCURVE('',#122,#6946);
#6946 = DEFINITIONAL_REPRESENTATION('',(#6947),#6951);
#6947 = CIRCLE('',#6948,5.);
#6948 = AXIS2_PLACEMENT_2D('',#6949,#6950);
#6949 = CARTESIAN_POINT('',(-13.6,-15.));
#6950 = DIRECTION('',(1.,0.));
#6951 = ( GEOMETRIC_REPRESENTATION_CONTEXT(2) 
PARAMETRIC_REPRESENTATION_CONTEXT() REPRESENTATION_CONTEXT('2D SPACE',''
  ) );
#6952 = PCURVE('',#94,#6953);
#6953 = DEFINITIONAL_REPRESENTATION('',(#6954),#6958);
#6954 = LINE('',#6955,#6956);
#6955 = CARTESIAN_POINT('',(0.,70.));
#6956 = VECTOR('',#6957,1.);
#6957 = DIRECTION('',(1.,0.));
#6958 = ( GEOMETRIC_REPRESENTATION_CONTEXT(2) 
PARAMETRIC_REPRESENTATION_CONTEXT() REPRESENTATION_CONTEXT('2D SPACE',''
  ) );
#6959 = FACE_BOUND('',#6960,.T.);
#6960 = EDGE_LOOP('',(#6961));
#6961 = ORIENTED_EDGE('',*,*,#6962,.T.);
#6962 = EDGE_CURVE('',#6963,#6963,#6965,.T.);
#6963 = VERTEX_POINT('',#6964);
#6964 = CARTESIAN_POINT('',(7.15,90.1,75.));
#6965 = SURFACE_CURVE('',#6966,(#6971,#6978),.PCURVE_S1.);
#6966 = CIRCLE('',#6967,1.45);
#6967 = AXIS2_PLACEMENT_3D('',#6968,#6969,#6970);
#6968 = CARTESIAN_POINT('',(8.6,90.1,75.));
#6969 = DIRECTION('',(0.,0.,1.));
#6970 = DIRECTION('',(1.,0.,-0.));
#6971 = PCURVE('',#122,#6972);
#6972 = DEFINITIONAL_REPRESENTATION('',(#6973),#6977);
#6973 = CIRCLE('',#6974,1.45);
#6974 = AXIS2_PLACEMENT_2D('',#6975,#6976);
#6975 = CARTESIAN_POINT('',(8.6,-5.));
#6976 = DIRECTION('',(1.,0.));
#6977 = ( GEOMETRIC_REPRESENTATION_CONTEXT(2) 
PARAMETRIC_REPRESENTATION_CONTEXT() REPRESENTATION_CONTEXT('2D SPACE',''
  ) );
#6978 = PCURVE('',#6260,#6979);
#6979 = DEFINITIONAL_REPRESENTATION('',(#6980),#6984);
#6980 = LINE('',#6981,#6982);
#6981 = CARTESIAN_POINT('',(0.,15.));
#6982 = VECTOR('',#6983,1.);
#6983 = DIRECTION('',(1.,0.));
#6984 = ( GEOMETRIC_REPRESENTATION_CONTEXT(2) 
PARAMETRIC_REPRESENTATION_CONTEXT() REPRESENTATION_CONTEXT('2D SPACE',''
  ) );
#6985 = FACE_BOUND('',#6986,.T.);
#6986 = EDGE_LOOP('',(#6987));
#6987 = ORIENTED_EDGE('',*,*,#6988,.T.);
#6988 = EDGE_CURVE('',#6989,#6989,#6991,.T.);
#6989 = VERTEX_POINT('',#6990);
#6990 = CARTESIAN_POINT('',(-10.05,90.1,75.));
#6991 = SURFACE_CURVE('',#6992,(#6997,#7004),.PCURVE_S1.);
#6992 = CIRCLE('',#6993,1.45);
#6993 = AXIS2_PLACEMENT_3D('',#6994,#6995,#6996);
#6994 = CARTESIAN_POINT('',(-8.6,90.1,75.));
#6995 = DIRECTION('',(0.,0.,1.));
#6996 = DIRECTION('',(1.,0.,-0.));
#6997 = PCURVE('',#122,#6998);
#6998 = DEFINITIONAL_REPRESENTATION('',(#6999),#7003);
#6999 = CIRCLE('',#7000,1.45);
#7000 = AXIS2_PLACEMENT_2D('',#7001,#7002);
#7001 = CARTESIAN_POINT('',(-8.6,-5.));
#7002 = DIRECTION('',(1.,0.));
#7003 = ( GEOMETRIC_REPRESENTATION_CONTEXT(2) 
PARAMETRIC_REPRESENTATION_CONTEXT() REPRESENTATION_CONTEXT('2D SPACE',''
  ) );
#7004 = PCURVE('',#6291,#7005);
#7005 = DEFINITIONAL_REPRESENTATION('',(#7006),#7010);
#7006 = LINE('',#7007,#7008);
#7007 = CARTESIAN_POINT('',(0.,15.));
#7008 = VECTOR('',#7009,1.);
#7009 = DIRECTION('',(1.,0.));
#7010 = ( GEOMETRIC_REPRESENTATION_CONTEXT(2) 
PARAMETRIC_REPRESENTATION_CONTEXT() REPRESENTATION_CONTEXT('2D SPACE',''
  ) );
#7011 = ADVANCED_FACE('',(#7012),#6117,.T.);
#7012 = FACE_BOUND('',#7013,.T.);
#7013 = EDGE_LOOP('',(#7014,#7015,#7036,#7037));
#7014 = ORIENTED_EDGE('',*,*,#6869,.T.);
#7015 = ORIENTED_EDGE('',*,*,#7016,.F.);
#7016 = EDGE_CURVE('',#6102,#6846,#7017,.T.);
#7017 = SURFACE_CURVE('',#7018,(#7022,#7029),.PCURVE_S1.);
#7018 = LINE('',#7019,#7020);
#7019 = CARTESIAN_POINT('',(-13.6,95.1,42.5));
#7020 = VECTOR('',#7021,1.);
#7021 = DIRECTION('',(0.,0.,-1.));
#7022 = PCURVE('',#6117,#7023);
#7023 = DEFINITIONAL_REPRESENTATION('',(#7024),#7028);
#7024 = LINE('',#7025,#7026);
#7025 = CARTESIAN_POINT('',(13.6,0.));
#7026 = VECTOR('',#7027,1.);
#7027 = DIRECTION('',(0.,-1.));
#7028 = ( GEOMETRIC_REPRESENTATION_CONTEXT(2) 
PARAMETRIC_REPRESENTATION_CONTEXT() REPRESENTATION_CONTEXT('2D SPACE',''
  ) );
#7029 = PCURVE('',#2023,#7030);
#7030 = DEFINITIONAL_REPRESENTATION('',(#7031),#7035);
#7031 = LINE('',#7032,#7033);
#7032 = CARTESIAN_POINT('',(1.570796326795,-37.5));
#7033 = VECTOR('',#7034,1.);
#7034 = DIRECTION('',(0.,1.));
#7035 = ( GEOMETRIC_REPRESENTATION_CONTEXT(2) 
PARAMETRIC_REPRESENTATION_CONTEXT() REPRESENTATION_CONTEXT('2D SPACE',''
  ) );
#7036 = ORIENTED_EDGE('',*,*,#6101,.F.);
#7037 = ORIENTED_EDGE('',*,*,#7038,.T.);
#7038 = EDGE_CURVE('',#6078,#6870,#7039,.T.);
#7039 = SURFACE_CURVE('',#7040,(#7044,#7051),.PCURVE_S1.);
#7040 = LINE('',#7041,#7042);
#7041 = CARTESIAN_POINT('',(13.6,95.1,75.));
#7042 = VECTOR('',#7043,1.);
#7043 = DIRECTION('',(0.,0.,-1.));
#7044 = PCURVE('',#6117,#7045);
#7045 = DEFINITIONAL_REPRESENTATION('',(#7046),#7050);
#7046 = LINE('',#7047,#7048);
#7047 = CARTESIAN_POINT('',(-13.6,32.5));
#7048 = VECTOR('',#7049,1.);
#7049 = DIRECTION('',(0.,-1.));
#7050 = ( GEOMETRIC_REPRESENTATION_CONTEXT(2) 
PARAMETRIC_REPRESENTATION_CONTEXT() REPRESENTATION_CONTEXT('2D SPACE',''
  ) );
#7051 = PCURVE('',#2306,#7052);
#7052 = DEFINITIONAL_REPRESENTATION('',(#7053),#7057);
#7053 = LINE('',#7054,#7055);
#7054 = CARTESIAN_POINT('',(1.570796326795,32.5));
#7055 = VECTOR('',#7056,1.);
#7056 = DIRECTION('',(0.,-1.));
#7057 = ( GEOMETRIC_REPRESENTATION_CONTEXT(2) 
PARAMETRIC_REPRESENTATION_CONTEXT() REPRESENTATION_CONTEXT('2D SPACE',''
  ) );
#7058 = ADVANCED_FACE('',(#7059),#3686,.T.);
#7059 = FACE_BOUND('',#7060,.T.);
#7060 = EDGE_LOOP('',(#7061,#7062,#7083,#7084));
#7061 = ORIENTED_EDGE('',*,*,#3670,.F.);
#7062 = ORIENTED_EDGE('',*,*,#7063,.F.);
#7063 = EDGE_CURVE('',#4792,#3642,#7064,.T.);
#7064 = SURFACE_CURVE('',#7065,(#7069,#7076),.PCURVE_S1.);
#7065 = LINE('',#7066,#7067);
#7066 = CARTESIAN_POINT('',(-78.4,-37.48362875257,65.));
#7067 = VECTOR('',#7068,1.);
#7068 = DIRECTION('',(1.,-6.115358904736E-17,0.));
#7069 = PCURVE('',#3686,#7070);
#7070 = DEFINITIONAL_REPRESENTATION('',(#7071),#7075);
#7071 = LINE('',#7072,#7073);
#7072 = CARTESIAN_POINT('',(-37.48362875257,-8.109002946905E-47));
#7073 = VECTOR('',#7074,1.);
#7074 = DIRECTION('',(-6.115358904736E-17,1.));
#7075 = ( GEOMETRIC_REPRESENTATION_CONTEXT(2) 
PARAMETRIC_REPRESENTATION_CONTEXT() REPRESENTATION_CONTEXT('2D SPACE',''
  ) );
#7076 = PCURVE('',#3658,#7077);
#7077 = DEFINITIONAL_REPRESENTATION('',(#7078),#7082);
#7078 = LINE('',#7079,#7080);
#7079 = CARTESIAN_POINT('',(-1.391684564494,0.));
#7080 = VECTOR('',#7081,1.);
#7081 = DIRECTION('',(0.,1.));
#7082 = ( GEOMETRIC_REPRESENTATION_CONTEXT(2) 
PARAMETRIC_REPRESENTATION_CONTEXT() REPRESENTATION_CONTEXT('2D SPACE',''
  ) );
#7083 = ORIENTED_EDGE('',*,*,#4791,.F.);
#7084 = ORIENTED_EDGE('',*,*,#7085,.T.);
#7085 = EDGE_CURVE('',#4768,#3671,#7086,.T.);
#7086 = SURFACE_CURVE('',#7087,(#7091,#7098),.PCURVE_S1.);
#7087 = LINE('',#7088,#7089);
#7088 = CARTESIAN_POINT('',(18.6,60.1,65.));
#7089 = VECTOR('',#7090,1.);
#7090 = DIRECTION('',(1.,-6.115358904736E-17,-2.736911063134E-48));
#7091 = PCURVE('',#3686,#7092);
#7092 = DEFINITIONAL_REPRESENTATION('',(#7093),#7097);
#7093 = LINE('',#7094,#7095);
#7094 = CARTESIAN_POINT('',(60.1,97.));
#7095 = VECTOR('',#7096,1.);
#7096 = DIRECTION('',(-6.115358904736E-17,1.));
#7097 = ( GEOMETRIC_REPRESENTATION_CONTEXT(2) 
PARAMETRIC_REPRESENTATION_CONTEXT() REPRESENTATION_CONTEXT('2D SPACE',''
  ) );
#7098 = PCURVE('',#3715,#7099);
#7099 = DEFINITIONAL_REPRESENTATION('',(#7100),#7104);
#7100 = LINE('',#7101,#7102);
#7101 = CARTESIAN_POINT('',(1.570796326795,-97.));
#7102 = VECTOR('',#7103,1.);
#7103 = DIRECTION('',(0.,-1.));
#7104 = ( GEOMETRIC_REPRESENTATION_CONTEXT(2) 
PARAMETRIC_REPRESENTATION_CONTEXT() REPRESENTATION_CONTEXT('2D SPACE',''
  ) );
#7105 = ADVANCED_FACE('',(#7106),#3743,.T.);
#7106 = FACE_BOUND('',#7107,.T.);
#7107 = EDGE_LOOP('',(#7108,#7109,#7130,#7131));
#7108 = ORIENTED_EDGE('',*,*,#3727,.F.);
#7109 = ORIENTED_EDGE('',*,*,#7110,.F.);
#7110 = EDGE_CURVE('',#4745,#3699,#7111,.T.);
#7111 = SURFACE_CURVE('',#7112,(#7116,#7123),.PCURVE_S1.);
#7112 = LINE('',#7113,#7114);
#7113 = CARTESIAN_POINT('',(13.6,65.1,60.));
#7114 = VECTOR('',#7115,1.);
#7115 = DIRECTION('',(1.,-6.115358904736E-17,-6.077163357286E-64));
#7116 = PCURVE('',#3743,#7117);
#7117 = DEFINITIONAL_REPRESENTATION('',(#7118),#7122);
#7118 = LINE('',#7119,#7120);
#7119 = CARTESIAN_POINT('',(92.,17.5));
#7120 = VECTOR('',#7121,1.);
#7121 = DIRECTION('',(1.,-6.077163357286E-64));
#7122 = ( GEOMETRIC_REPRESENTATION_CONTEXT(2) 
PARAMETRIC_REPRESENTATION_CONTEXT() REPRESENTATION_CONTEXT('2D SPACE',''
  ) );
#7123 = PCURVE('',#3715,#7124);
#7124 = DEFINITIONAL_REPRESENTATION('',(#7125),#7129);
#7125 = LINE('',#7126,#7127);
#7126 = CARTESIAN_POINT('',(3.14159265359,-92.));
#7127 = VECTOR('',#7128,1.);
#7128 = DIRECTION('',(0.,-1.));
#7129 = ( GEOMETRIC_REPRESENTATION_CONTEXT(2) 
PARAMETRIC_REPRESENTATION_CONTEXT() REPRESENTATION_CONTEXT('2D SPACE',''
  ) );
#7130 = ORIENTED_EDGE('',*,*,#4744,.F.);
#7131 = ORIENTED_EDGE('',*,*,#7132,.T.);
#7132 = EDGE_CURVE('',#4721,#3728,#7133,.T.);
#7133 = SURFACE_CURVE('',#7134,(#7138,#7145),.PCURVE_S1.);
#7134 = LINE('',#7135,#7136);
#7135 = CARTESIAN_POINT('',(-78.4,65.1,25.));
#7136 = VECTOR('',#7137,1.);
#7137 = DIRECTION('',(1.,-6.115358904736E-17,0.));
#7138 = PCURVE('',#3743,#7139);
#7139 = DEFINITIONAL_REPRESENTATION('',(#7140),#7144);
#7140 = LINE('',#7141,#7142);
#7141 = CARTESIAN_POINT('',(0.,-17.5));
#7142 = VECTOR('',#7143,1.);
#7143 = DIRECTION('',(1.,0.));
#7144 = ( GEOMETRIC_REPRESENTATION_CONTEXT(2) 
PARAMETRIC_REPRESENTATION_CONTEXT() REPRESENTATION_CONTEXT('2D SPACE',''
  ) );
#7145 = PCURVE('',#3770,#7146);
#7146 = DEFINITIONAL_REPRESENTATION('',(#7147),#7151);
#7147 = LINE('',#7148,#7149);
#7148 = CARTESIAN_POINT('',(6.28318530718,0.));
#7149 = VECTOR('',#7150,1.);
#7150 = DIRECTION('',(0.,1.));
#7151 = ( GEOMETRIC_REPRESENTATION_CONTEXT(2) 
PARAMETRIC_REPRESENTATION_CONTEXT() REPRESENTATION_CONTEXT('2D SPACE',''
  ) );
#7152 = ADVANCED_FACE('',(#7153),#3572,.F.);
#7153 = FACE_BOUND('',#7154,.T.);
#7154 = EDGE_LOOP('',(#7155,#7156,#7177,#7178));
#7155 = ORIENTED_EDGE('',*,*,#4697,.T.);
#7156 = ORIENTED_EDGE('',*,*,#7157,.T.);
#7157 = EDGE_CURVE('',#4674,#3555,#7158,.T.);
#7158 = SURFACE_CURVE('',#7159,(#7163,#7170),.PCURVE_S1.);
#7159 = LINE('',#7160,#7161);
#7160 = CARTESIAN_POINT('',(18.6,56.005260136316,20.));
#7161 = VECTOR('',#7162,1.);
#7162 = DIRECTION('',(1.,-6.115358904736E-17,0.));
#7163 = PCURVE('',#3572,#7164);
#7164 = DEFINITIONAL_REPRESENTATION('',(#7165),#7169);
#7165 = LINE('',#7166,#7167);
#7166 = CARTESIAN_POINT('',(-97.,-4.094739863684));
#7167 = VECTOR('',#7168,1.);
#7168 = DIRECTION('',(-1.,-6.115358904736E-17));
#7169 = ( GEOMETRIC_REPRESENTATION_CONTEXT(2) 
PARAMETRIC_REPRESENTATION_CONTEXT() REPRESENTATION_CONTEXT('2D SPACE',''
  ) );
#7170 = PCURVE('',#3601,#7171);
#7171 = DEFINITIONAL_REPRESENTATION('',(#7172),#7176);
#7172 = LINE('',#7173,#7174);
#7173 = CARTESIAN_POINT('',(4.712388980385,-97.));
#7174 = VECTOR('',#7175,1.);
#7175 = DIRECTION('',(0.,-1.));
#7176 = ( GEOMETRIC_REPRESENTATION_CONTEXT(2) 
PARAMETRIC_REPRESENTATION_CONTEXT() REPRESENTATION_CONTEXT('2D SPACE',''
  ) );
#7177 = ORIENTED_EDGE('',*,*,#3554,.T.);
#7178 = ORIENTED_EDGE('',*,*,#7179,.F.);
#7179 = EDGE_CURVE('',#4698,#3557,#7180,.T.);
#7180 = SURFACE_CURVE('',#7181,(#7185,#7192),.PCURVE_S1.);
#7181 = LINE('',#7182,#7183);
#7182 = CARTESIAN_POINT('',(-78.4,60.1,20.));
#7183 = VECTOR('',#7184,1.);
#7184 = DIRECTION('',(1.,-6.115358904736E-17,0.));
#7185 = PCURVE('',#3572,#7186);
#7186 = DEFINITIONAL_REPRESENTATION('',(#7187),#7191);
#7187 = LINE('',#7188,#7189);
#7188 = CARTESIAN_POINT('',(0.,0.));
#7189 = VECTOR('',#7190,1.);
#7190 = DIRECTION('',(-1.,-6.115358904736E-17));
#7191 = ( GEOMETRIC_REPRESENTATION_CONTEXT(2) 
PARAMETRIC_REPRESENTATION_CONTEXT() REPRESENTATION_CONTEXT('2D SPACE',''
  ) );
#7192 = PCURVE('',#3770,#7193);
#7193 = DEFINITIONAL_REPRESENTATION('',(#7194),#7198);
#7194 = LINE('',#7195,#7196);
#7195 = CARTESIAN_POINT('',(4.712388980385,0.));
#7196 = VECTOR('',#7197,1.);
#7197 = DIRECTION('',(0.,1.));
#7198 = ( GEOMETRIC_REPRESENTATION_CONTEXT(2) 
PARAMETRIC_REPRESENTATION_CONTEXT() REPRESENTATION_CONTEXT('2D SPACE',''
  ) );
#7199 = ADVANCED_FACE('',(#7200),#3629,.F.);
#7200 = FACE_BOUND('',#7201,.T.);
#7201 = EDGE_LOOP('',(#7202,#7203,#7224,#7225));
#7202 = ORIENTED_EDGE('',*,*,#4648,.T.);
#7203 = ORIENTED_EDGE('',*,*,#7204,.T.);
#7204 = EDGE_CURVE('',#4651,#3614,#7205,.T.);
#7205 = SURFACE_CURVE('',#7206,(#7210,#7217),.PCURVE_S1.);
#7206 = LINE('',#7207,#7208);
#7207 = CARTESIAN_POINT('',(-78.4,-39.23668415558,55.31739423462));
#7208 = VECTOR('',#7209,1.);
#7209 = DIRECTION('',(1.,-6.115358904736E-17,-2.863359131338E-33));
#7210 = PCURVE('',#3629,#7211);
#7211 = DEFINITIONAL_REPRESENTATION('',(#7212),#7216);
#7212 = LINE('',#7213,#7214);
#7213 = CARTESIAN_POINT('',(-36.55729936599,-1.364465017916E-32));
#7214 = VECTOR('',#7215,1.);
#7215 = DIRECTION('',(-5.727162972937E-17,1.));
#7216 = ( GEOMETRIC_REPRESENTATION_CONTEXT(2) 
PARAMETRIC_REPRESENTATION_CONTEXT() REPRESENTATION_CONTEXT('2D SPACE',''
  ) );
#7217 = PCURVE('',#3658,#7218);
#7218 = DEFINITIONAL_REPRESENTATION('',(#7219),#7223);
#7219 = LINE('',#7220,#7221);
#7220 = CARTESIAN_POINT('',(1.391684564494,0.));
#7221 = VECTOR('',#7222,1.);
#7222 = DIRECTION('',(0.,1.));
#7223 = ( GEOMETRIC_REPRESENTATION_CONTEXT(2) 
PARAMETRIC_REPRESENTATION_CONTEXT() REPRESENTATION_CONTEXT('2D SPACE',''
  ) );
#7224 = ORIENTED_EDGE('',*,*,#3613,.T.);
#7225 = ORIENTED_EDGE('',*,*,#7226,.F.);
#7226 = EDGE_CURVE('',#4649,#3585,#7227,.T.);
#7227 = SURFACE_CURVE('',#7228,(#7232,#7239),.PCURVE_S1.);
#7228 = LINE('',#7229,#7230);
#7229 = CARTESIAN_POINT('',(13.6,54.252204733304,20.31739423462));
#7230 = VECTOR('',#7231,1.);
#7231 = DIRECTION('',(1.,-6.115358904736E-17,3.322361803956E-34));
#7232 = PCURVE('',#3629,#7233);
#7233 = DEFINITIONAL_REPRESENTATION('',(#7234),#7238);
#7234 = LINE('',#7235,#7236);
#7235 = CARTESIAN_POINT('',(63.268410477106,92.));
#7236 = VECTOR('',#7237,1.);
#7237 = DIRECTION('',(-5.727162972937E-17,1.));
#7238 = ( GEOMETRIC_REPRESENTATION_CONTEXT(2) 
PARAMETRIC_REPRESENTATION_CONTEXT() REPRESENTATION_CONTEXT('2D SPACE',''
  ) );
#7239 = PCURVE('',#3601,#7240);
#7240 = DEFINITIONAL_REPRESENTATION('',(#7241),#7245);
#7241 = LINE('',#7242,#7243);
#7242 = CARTESIAN_POINT('',(5.070612504987,-92.));
#7243 = VECTOR('',#7244,1.);
#7244 = DIRECTION('',(0.,-1.));
#7245 = ( GEOMETRIC_REPRESENTATION_CONTEXT(2) 
PARAMETRIC_REPRESENTATION_CONTEXT() REPRESENTATION_CONTEXT('2D SPACE',''
  ) );
#7246 = ADVANCED_FACE('',(#7247),#3513,.F.);
#7247 = FACE_BOUND('',#7248,.T.);
#7248 = EDGE_LOOP('',(#7249,#7250,#7271,#7272));
#7249 = ORIENTED_EDGE('',*,*,#3497,.T.);
#7250 = ORIENTED_EDGE('',*,*,#7251,.F.);
#7251 = EDGE_CURVE('',#4839,#3469,#7252,.T.);
#7252 = SURFACE_CURVE('',#7253,(#7257,#7264),.PCURVE_S1.);
#7253 = LINE('',#7254,#7255);
#7254 = CARTESIAN_POINT('',(-78.4,-29.55963401491,20.));
#7255 = VECTOR('',#7256,1.);
#7256 = DIRECTION('',(1.,-6.115358904736E-17,0.));
#7257 = PCURVE('',#3513,#7258);
#7258 = DEFINITIONAL_REPRESENTATION('',(#7259),#7263);
#7259 = LINE('',#7260,#7261);
#7260 = CARTESIAN_POINT('',(0.,3.96199736883));
#7261 = VECTOR('',#7262,1.);
#7262 = DIRECTION('',(-1.,-6.115358904736E-17));
#7263 = ( GEOMETRIC_REPRESENTATION_CONTEXT(2) 
PARAMETRIC_REPRESENTATION_CONTEXT() REPRESENTATION_CONTEXT('2D SPACE',''
  ) );
#7264 = PCURVE('',#3485,#7265);
#7265 = DEFINITIONAL_REPRESENTATION('',(#7266),#7270);
#7266 = LINE('',#7267,#7268);
#7267 = CARTESIAN_POINT('',(4.712388980385,0.));
#7268 = VECTOR('',#7269,1.);
#7269 = DIRECTION('',(0.,1.));
#7270 = ( GEOMETRIC_REPRESENTATION_CONTEXT(2) 
PARAMETRIC_REPRESENTATION_CONTEXT() REPRESENTATION_CONTEXT('2D SPACE',''
  ) );
#7271 = ORIENTED_EDGE('',*,*,#4838,.T.);
#7272 = ORIENTED_EDGE('',*,*,#7273,.T.);
#7273 = EDGE_CURVE('',#4841,#3498,#7274,.T.);
#7274 = SURFACE_CURVE('',#7275,(#7279,#7286),.PCURVE_S1.);
#7275 = LINE('',#7276,#7277);
#7276 = CARTESIAN_POINT('',(18.6,-60.1,20.));
#7277 = VECTOR('',#7278,1.);
#7278 = DIRECTION('',(1.,-6.115358904736E-17,0.));
#7279 = PCURVE('',#3513,#7280);
#7280 = DEFINITIONAL_REPRESENTATION('',(#7281),#7285);
#7281 = LINE('',#7282,#7283);
#7282 = CARTESIAN_POINT('',(-97.,-26.57836861625));
#7283 = VECTOR('',#7284,1.);
#7284 = DIRECTION('',(-1.,-6.115358904736E-17));
#7285 = ( GEOMETRIC_REPRESENTATION_CONTEXT(2) 
PARAMETRIC_REPRESENTATION_CONTEXT() REPRESENTATION_CONTEXT('2D SPACE',''
  ) );
#7286 = PCURVE('',#3540,#7287);
#7287 = DEFINITIONAL_REPRESENTATION('',(#7288),#7292);
#7288 = LINE('',#7289,#7290);
#7289 = CARTESIAN_POINT('',(4.712388980385,-97.));
#7290 = VECTOR('',#7291,1.);
#7291 = DIRECTION('',(0.,-1.));
#7292 = ( GEOMETRIC_REPRESENTATION_CONTEXT(2) 
PARAMETRIC_REPRESENTATION_CONTEXT() REPRESENTATION_CONTEXT('2D SPACE',''
  ) );
#7293 = ADVANCED_FACE('',(#7294),#3399,.F.);
#7294 = FACE_BOUND('',#7295,.T.);
#7295 = EDGE_LOOP('',(#7296,#7297,#7318,#7319));
#7296 = ORIENTED_EDGE('',*,*,#4934,.T.);
#7297 = ORIENTED_EDGE('',*,*,#7298,.T.);
#7298 = EDGE_CURVE('',#4911,#3382,#7299,.T.);
#7299 = SURFACE_CURVE('',#7300,(#7304,#7311),.PCURVE_S1.);
#7300 = LINE('',#7301,#7302);
#7301 = CARTESIAN_POINT('',(-78.4,-65.1,36.433581275615));
#7302 = VECTOR('',#7303,1.);
#7303 = DIRECTION('',(1.,-6.115358904736E-17,1.005341833016E-32));
#7304 = PCURVE('',#3399,#7305);
#7305 = DEFINITIONAL_REPRESENTATION('',(#7306),#7310);
#7306 = LINE('',#7307,#7308);
#7307 = CARTESIAN_POINT('',(0.,4.611396685502));
#7308 = VECTOR('',#7309,1.);
#7309 = DIRECTION('',(1.,1.005341833016E-32));
#7310 = ( GEOMETRIC_REPRESENTATION_CONTEXT(2) 
PARAMETRIC_REPRESENTATION_CONTEXT() REPRESENTATION_CONTEXT('2D SPACE',''
  ) );
#7311 = PCURVE('',#3428,#7312);
#7312 = DEFINITIONAL_REPRESENTATION('',(#7313),#7317);
#7313 = LINE('',#7314,#7315);
#7314 = CARTESIAN_POINT('',(3.14159265359,0.));
#7315 = VECTOR('',#7316,1.);
#7316 = DIRECTION('',(0.,1.));
#7317 = ( GEOMETRIC_REPRESENTATION_CONTEXT(2) 
PARAMETRIC_REPRESENTATION_CONTEXT() REPRESENTATION_CONTEXT('2D SPACE',''
  ) );
#7318 = ORIENTED_EDGE('',*,*,#3381,.T.);
#7319 = ORIENTED_EDGE('',*,*,#7320,.F.);
#7320 = EDGE_CURVE('',#4935,#3384,#7321,.T.);
#7321 = SURFACE_CURVE('',#7322,(#7326,#7333),.PCURVE_S1.);
#7322 = LINE('',#7323,#7324);
#7323 = CARTESIAN_POINT('',(13.6,-65.1,25.));
#7324 = VECTOR('',#7325,1.);
#7325 = DIRECTION('',(1.,-6.115358904736E-17,0.));
#7326 = PCURVE('',#3399,#7327);
#7327 = DEFINITIONAL_REPRESENTATION('',(#7328),#7332);
#7328 = LINE('',#7329,#7330);
#7329 = CARTESIAN_POINT('',(92.,-6.822184590113));
#7330 = VECTOR('',#7331,1.);
#7331 = DIRECTION('',(1.,0.));
#7332 = ( GEOMETRIC_REPRESENTATION_CONTEXT(2) 
PARAMETRIC_REPRESENTATION_CONTEXT() REPRESENTATION_CONTEXT('2D SPACE',''
  ) );
#7333 = PCURVE('',#3540,#7334);
#7334 = DEFINITIONAL_REPRESENTATION('',(#7335),#7339);
#7335 = LINE('',#7336,#7337);
#7336 = CARTESIAN_POINT('',(6.28318530718,-92.));
#7337 = VECTOR('',#7338,1.);
#7338 = DIRECTION('',(0.,-1.));
#7339 = ( GEOMETRIC_REPRESENTATION_CONTEXT(2) 
PARAMETRIC_REPRESENTATION_CONTEXT() REPRESENTATION_CONTEXT('2D SPACE',''
  ) );
#7340 = ADVANCED_FACE('',(#7341),#3456,.T.);
#7341 = FACE_BOUND('',#7342,.T.);
#7342 = EDGE_LOOP('',(#7343,#7344,#7365,#7366));
#7343 = ORIENTED_EDGE('',*,*,#4887,.F.);
#7344 = ORIENTED_EDGE('',*,*,#7345,.T.);
#7345 = EDGE_CURVE('',#4864,#3441,#7346,.T.);
#7346 = SURFACE_CURVE('',#7347,(#7351,#7358),.PCURVE_S1.);
#7347 = LINE('',#7348,#7349);
#7348 = CARTESIAN_POINT('',(-78.4,-27.8065786119,29.68260576538));
#7349 = VECTOR('',#7350,1.);
#7350 = DIRECTION('',(1.,-6.115358904736E-17,-1.072866856897E-33));
#7351 = PCURVE('',#3456,#7352);
#7352 = DEFINITIONAL_REPRESENTATION('',(#7353),#7357);
#7353 = LINE('',#7354,#7355);
#7354 = CARTESIAN_POINT('',(6.10242785555,-1.320261757866E-32));
#7355 = VECTOR('',#7356,1.);
#7356 = DIRECTION('',(-5.727162972937E-17,1.));
#7357 = ( GEOMETRIC_REPRESENTATION_CONTEXT(2) 
PARAMETRIC_REPRESENTATION_CONTEXT() REPRESENTATION_CONTEXT('2D SPACE',''
  ) );
#7358 = PCURVE('',#3485,#7359);
#7359 = DEFINITIONAL_REPRESENTATION('',(#7360),#7364);
#7360 = LINE('',#7361,#7362);
#7361 = CARTESIAN_POINT('',(7.495758109372,0.));
#7362 = VECTOR('',#7363,1.);
#7363 = DIRECTION('',(0.,1.));
#7364 = ( GEOMETRIC_REPRESENTATION_CONTEXT(2) 
PARAMETRIC_REPRESENTATION_CONTEXT() REPRESENTATION_CONTEXT('2D SPACE',''
  ) );
#7365 = ORIENTED_EDGE('',*,*,#3440,.F.);
#7366 = ORIENTED_EDGE('',*,*,#7367,.F.);
#7367 = EDGE_CURVE('',#4888,#3412,#7368,.T.);
#7368 = SURFACE_CURVE('',#7369,(#7373,#7380),.PCURVE_S1.);
#7369 = LINE('',#7370,#7371);
#7370 = CARTESIAN_POINT('',(-78.4,-58.34694459698,41.116187040995));
#7371 = VECTOR('',#7372,1.);
#7372 = DIRECTION('',(1.,-6.115358904736E-17,4.986087586175E-33));
#7373 = PCURVE('',#3456,#7374);
#7374 = DEFINITIONAL_REPRESENTATION('',(#7375),#7379);
#7375 = LINE('',#7376,#7377);
#7376 = CARTESIAN_POINT('',(-26.50801119836,1.601583221003E-32));
#7377 = VECTOR('',#7378,1.);
#7378 = DIRECTION('',(-5.727162972937E-17,1.));
#7379 = ( GEOMETRIC_REPRESENTATION_CONTEXT(2) 
PARAMETRIC_REPRESENTATION_CONTEXT() REPRESENTATION_CONTEXT('2D SPACE',''
  ) );
#7380 = PCURVE('',#3428,#7381);
#7381 = DEFINITIONAL_REPRESENTATION('',(#7382),#7386);
#7382 = LINE('',#7383,#7384);
#7383 = CARTESIAN_POINT('',(1.212572802193,0.));
#7384 = VECTOR('',#7385,1.);
#7385 = DIRECTION('',(0.,1.));
#7386 = ( GEOMETRIC_REPRESENTATION_CONTEXT(2) 
PARAMETRIC_REPRESENTATION_CONTEXT() REPRESENTATION_CONTEXT('2D SPACE',''
  ) );
#7387 = ADVANCED_FACE('',(#7388),#1576,.F.);
#7388 = FACE_BOUND('',#7389,.T.);
#7389 = EDGE_LOOP('',(#7390,#7391,#7412,#7413));
#7390 = ORIENTED_EDGE('',*,*,#4155,.F.);
#7391 = ORIENTED_EDGE('',*,*,#7392,.F.);
#7392 = EDGE_CURVE('',#1561,#4132,#7393,.T.);
#7393 = SURFACE_CURVE('',#7394,(#7398,#7405),.PCURVE_S1.);
#7394 = LINE('',#7395,#7396);
#7395 = CARTESIAN_POINT('',(-18.6,54.252204733304,20.31739423462));
#7396 = VECTOR('',#7397,1.);
#7397 = DIRECTION('',(1.,-6.115358904736E-17,3.322361803956E-34));
#7398 = PCURVE('',#1576,#7399);
#7399 = DEFINITIONAL_REPRESENTATION('',(#7400),#7404);
#7400 = LINE('',#7401,#7402);
#7401 = CARTESIAN_POINT('',(63.268410477106,59.8));
#7402 = VECTOR('',#7403,1.);
#7403 = DIRECTION('',(-5.727162972937E-17,1.));
#7404 = ( GEOMETRIC_REPRESENTATION_CONTEXT(2) 
PARAMETRIC_REPRESENTATION_CONTEXT() REPRESENTATION_CONTEXT('2D SPACE',''
  ) );
#7405 = PCURVE('',#1605,#7406);
#7406 = DEFINITIONAL_REPRESENTATION('',(#7407),#7411);
#7407 = LINE('',#7408,#7409);
#7408 = CARTESIAN_POINT('',(5.070612504987,-59.8));
#7409 = VECTOR('',#7410,1.);
#7410 = DIRECTION('',(0.,-1.));
#7411 = ( GEOMETRIC_REPRESENTATION_CONTEXT(2) 
PARAMETRIC_REPRESENTATION_CONTEXT() REPRESENTATION_CONTEXT('2D SPACE',''
  ) );
#7412 = ORIENTED_EDGE('',*,*,#1560,.T.);
#7413 = ORIENTED_EDGE('',*,*,#7414,.T.);
#7414 = EDGE_CURVE('',#1532,#4156,#7415,.T.);
#7415 = SURFACE_CURVE('',#7416,(#7420,#7427),.PCURVE_S1.);
#7416 = LINE('',#7417,#7418);
#7417 = CARTESIAN_POINT('',(-78.4,-39.23668415558,55.31739423462));
#7418 = VECTOR('',#7419,1.);
#7419 = DIRECTION('',(1.,-6.115358904736E-17,-2.863359131338E-33));
#7420 = PCURVE('',#1576,#7421);
#7421 = DEFINITIONAL_REPRESENTATION('',(#7422),#7426);
#7422 = LINE('',#7423,#7424);
#7423 = CARTESIAN_POINT('',(-36.55729936599,-1.364465017916E-32));
#7424 = VECTOR('',#7425,1.);
#7425 = DIRECTION('',(-5.727162972937E-17,1.));
#7426 = ( GEOMETRIC_REPRESENTATION_CONTEXT(2) 
PARAMETRIC_REPRESENTATION_CONTEXT() REPRESENTATION_CONTEXT('2D SPACE',''
  ) );
#7427 = PCURVE('',#1548,#7428);
#7428 = DEFINITIONAL_REPRESENTATION('',(#7429),#7433);
#7429 = LINE('',#7430,#7431);
#7430 = CARTESIAN_POINT('',(1.391684564494,0.));
#7431 = VECTOR('',#7432,1.);
#7432 = DIRECTION('',(0.,1.));
#7433 = ( GEOMETRIC_REPRESENTATION_CONTEXT(2) 
PARAMETRIC_REPRESENTATION_CONTEXT() REPRESENTATION_CONTEXT('2D SPACE',''
  ) );
#7434 = ADVANCED_FACE('',(#7435),#1633,.F.);
#7435 = FACE_BOUND('',#7436,.T.);
#7436 = EDGE_LOOP('',(#7437,#7465,#7466,#7487,#7488));
#7437 = ORIENTED_EDGE('',*,*,#7438,.T.);
#7438 = EDGE_CURVE('',#7439,#1618,#7441,.T.);
#7439 = VERTEX_POINT('',#7440);
#7440 = CARTESIAN_POINT('',(-18.6,60.1,20.));
#7441 = SURFACE_CURVE('',#7442,(#7446,#7453),.PCURVE_S1.);
#7442 = LINE('',#7443,#7444);
#7443 = CARTESIAN_POINT('',(-18.6,0.,20.));
#7444 = VECTOR('',#7445,1.);
#7445 = DIRECTION('',(-6.115358904736E-17,-1.,0.));
#7446 = PCURVE('',#1633,#7447);
#7447 = DEFINITIONAL_REPRESENTATION('',(#7448),#7452);
#7448 = LINE('',#7449,#7450);
#7449 = CARTESIAN_POINT('',(-59.8,-60.1));
#7450 = VECTOR('',#7451,1.);
#7451 = DIRECTION('',(6.115358904736E-17,-1.));
#7452 = ( GEOMETRIC_REPRESENTATION_CONTEXT(2) 
PARAMETRIC_REPRESENTATION_CONTEXT() REPRESENTATION_CONTEXT('2D SPACE',''
  ) );
#7453 = PCURVE('',#7454,#7459);
#7454 = PLANE('',#7455);
#7455 = AXIS2_PLACEMENT_3D('',#7456,#7457,#7458);
#7456 = CARTESIAN_POINT('',(-18.6,-1.137456756281E-15,42.5));
#7457 = DIRECTION('',(-1.,-6.115358904736E-17,0.));
#7458 = DIRECTION('',(-6.115358904736E-17,1.,0.));
#7459 = DEFINITIONAL_REPRESENTATION('',(#7460),#7464);
#7460 = LINE('',#7461,#7462);
#7461 = CARTESIAN_POINT('',(1.137456756281E-15,22.5));
#7462 = VECTOR('',#7463,1.);
#7463 = DIRECTION('',(-1.,-0.));
#7464 = ( GEOMETRIC_REPRESENTATION_CONTEXT(2) 
PARAMETRIC_REPRESENTATION_CONTEXT() REPRESENTATION_CONTEXT('2D SPACE',''
  ) );
#7465 = ORIENTED_EDGE('',*,*,#1617,.T.);
#7466 = ORIENTED_EDGE('',*,*,#7467,.T.);
#7467 = EDGE_CURVE('',#1589,#4109,#7468,.T.);
#7468 = SURFACE_CURVE('',#7469,(#7473,#7480),.PCURVE_S1.);
#7469 = LINE('',#7470,#7471);
#7470 = CARTESIAN_POINT('',(-13.6,56.005260136316,20.));
#7471 = VECTOR('',#7472,1.);
#7472 = DIRECTION('',(1.,-6.115358904736E-17,0.));
#7473 = PCURVE('',#1633,#7474);
#7474 = DEFINITIONAL_REPRESENTATION('',(#7475),#7479);
#7475 = LINE('',#7476,#7477);
#7476 = CARTESIAN_POINT('',(-64.8,-4.094739863684));
#7477 = VECTOR('',#7478,1.);
#7478 = DIRECTION('',(-1.,-6.115358904736E-17));
#7479 = ( GEOMETRIC_REPRESENTATION_CONTEXT(2) 
PARAMETRIC_REPRESENTATION_CONTEXT() REPRESENTATION_CONTEXT('2D SPACE',''
  ) );
#7480 = PCURVE('',#1605,#7481);
#7481 = DEFINITIONAL_REPRESENTATION('',(#7482),#7486);
#7482 = LINE('',#7483,#7484);
#7483 = CARTESIAN_POINT('',(4.712388980385,-64.8));
#7484 = VECTOR('',#7485,1.);
#7485 = DIRECTION('',(0.,-1.));
#7486 = ( GEOMETRIC_REPRESENTATION_CONTEXT(2) 
PARAMETRIC_REPRESENTATION_CONTEXT() REPRESENTATION_CONTEXT('2D SPACE',''
  ) );
#7487 = ORIENTED_EDGE('',*,*,#4108,.F.);
#7488 = ORIENTED_EDGE('',*,*,#7489,.F.);
#7489 = EDGE_CURVE('',#7439,#4080,#7490,.T.);
#7490 = SURFACE_CURVE('',#7491,(#7495,#7502),.PCURVE_S1.);
#7491 = LINE('',#7492,#7493);
#7492 = CARTESIAN_POINT('',(-78.4,60.1,20.));
#7493 = VECTOR('',#7494,1.);
#7494 = DIRECTION('',(1.,-6.115358904736E-17,0.));
#7495 = PCURVE('',#1633,#7496);
#7496 = DEFINITIONAL_REPRESENTATION('',(#7497),#7501);
#7497 = LINE('',#7498,#7499);
#7498 = CARTESIAN_POINT('',(0.,0.));
#7499 = VECTOR('',#7500,1.);
#7500 = DIRECTION('',(-1.,-6.115358904736E-17));
#7501 = ( GEOMETRIC_REPRESENTATION_CONTEXT(2) 
PARAMETRIC_REPRESENTATION_CONTEXT() REPRESENTATION_CONTEXT('2D SPACE',''
  ) );
#7502 = PCURVE('',#4096,#7503);
#7503 = DEFINITIONAL_REPRESENTATION('',(#7504),#7508);
#7504 = LINE('',#7505,#7506);
#7505 = CARTESIAN_POINT('',(4.712388980385,0.));
#7506 = VECTOR('',#7507,1.);
#7507 = DIRECTION('',(0.,1.));
#7508 = ( GEOMETRIC_REPRESENTATION_CONTEXT(2) 
PARAMETRIC_REPRESENTATION_CONTEXT() REPRESENTATION_CONTEXT('2D SPACE',''
  ) );
#7509 = ADVANCED_FACE('',(#7510),#4067,.T.);
#7510 = FACE_BOUND('',#7511,.T.);
#7511 = EDGE_LOOP('',(#7512,#7513,#7536,#7559));
#7512 = ORIENTED_EDGE('',*,*,#4049,.T.);
#7513 = ORIENTED_EDGE('',*,*,#7514,.F.);
#7514 = EDGE_CURVE('',#7515,#4052,#7517,.T.);
#7515 = VERTEX_POINT('',#7516);
#7516 = CARTESIAN_POINT('',(-18.6,65.1,60.));
#7517 = SURFACE_CURVE('',#7518,(#7522,#7529),.PCURVE_S1.);
#7518 = LINE('',#7519,#7520);
#7519 = CARTESIAN_POINT('',(-18.6,65.1,60.));
#7520 = VECTOR('',#7521,1.);
#7521 = DIRECTION('',(1.,-6.115358904736E-17,-6.077163357286E-64));
#7522 = PCURVE('',#4067,#7523);
#7523 = DEFINITIONAL_REPRESENTATION('',(#7524),#7528);
#7524 = LINE('',#7525,#7526);
#7525 = CARTESIAN_POINT('',(59.8,17.5));
#7526 = VECTOR('',#7527,1.);
#7527 = DIRECTION('',(1.,-6.077163357286E-64));
#7528 = ( GEOMETRIC_REPRESENTATION_CONTEXT(2) 
PARAMETRIC_REPRESENTATION_CONTEXT() REPRESENTATION_CONTEXT('2D SPACE',''
  ) );
#7529 = PCURVE('',#4240,#7530);
#7530 = DEFINITIONAL_REPRESENTATION('',(#7531),#7535);
#7531 = LINE('',#7532,#7533);
#7532 = CARTESIAN_POINT('',(3.14159265359,-59.8));
#7533 = VECTOR('',#7534,1.);
#7534 = DIRECTION('',(0.,-1.));
#7535 = ( GEOMETRIC_REPRESENTATION_CONTEXT(2) 
PARAMETRIC_REPRESENTATION_CONTEXT() REPRESENTATION_CONTEXT('2D SPACE',''
  ) );
#7536 = ORIENTED_EDGE('',*,*,#7537,.F.);
#7537 = EDGE_CURVE('',#7538,#7515,#7540,.T.);
#7538 = VERTEX_POINT('',#7539);
#7539 = CARTESIAN_POINT('',(-18.6,65.1,25.));
#7540 = SURFACE_CURVE('',#7541,(#7545,#7552),.PCURVE_S1.);
#7541 = LINE('',#7542,#7543);
#7542 = CARTESIAN_POINT('',(-18.6,65.1,5.));
#7543 = VECTOR('',#7544,1.);
#7544 = DIRECTION('',(0.,0.,1.));
#7545 = PCURVE('',#4067,#7546);
#7546 = DEFINITIONAL_REPRESENTATION('',(#7547),#7551);
#7547 = LINE('',#7548,#7549);
#7548 = CARTESIAN_POINT('',(59.8,-37.5));
#7549 = VECTOR('',#7550,1.);
#7550 = DIRECTION('',(0.,1.));
#7551 = ( GEOMETRIC_REPRESENTATION_CONTEXT(2) 
PARAMETRIC_REPRESENTATION_CONTEXT() REPRESENTATION_CONTEXT('2D SPACE',''
  ) );
#7552 = PCURVE('',#7454,#7553);
#7553 = DEFINITIONAL_REPRESENTATION('',(#7554),#7558);
#7554 = LINE('',#7555,#7556);
#7555 = CARTESIAN_POINT('',(65.1,37.5));
#7556 = VECTOR('',#7557,1.);
#7557 = DIRECTION('',(0.,-1.));
#7558 = ( GEOMETRIC_REPRESENTATION_CONTEXT(2) 
PARAMETRIC_REPRESENTATION_CONTEXT() REPRESENTATION_CONTEXT('2D SPACE',''
  ) );
#7559 = ORIENTED_EDGE('',*,*,#7560,.T.);
#7560 = EDGE_CURVE('',#7538,#4050,#7561,.T.);
#7561 = SURFACE_CURVE('',#7562,(#7566,#7573),.PCURVE_S1.);
#7562 = LINE('',#7563,#7564);
#7563 = CARTESIAN_POINT('',(-78.4,65.1,25.));
#7564 = VECTOR('',#7565,1.);
#7565 = DIRECTION('',(1.,-6.115358904736E-17,0.));
#7566 = PCURVE('',#4067,#7567);
#7567 = DEFINITIONAL_REPRESENTATION('',(#7568),#7572);
#7568 = LINE('',#7569,#7570);
#7569 = CARTESIAN_POINT('',(0.,-17.5));
#7570 = VECTOR('',#7571,1.);
#7571 = DIRECTION('',(1.,0.));
#7572 = ( GEOMETRIC_REPRESENTATION_CONTEXT(2) 
PARAMETRIC_REPRESENTATION_CONTEXT() REPRESENTATION_CONTEXT('2D SPACE',''
  ) );
#7573 = PCURVE('',#4096,#7574);
#7574 = DEFINITIONAL_REPRESENTATION('',(#7575),#7579);
#7575 = LINE('',#7576,#7577);
#7576 = CARTESIAN_POINT('',(6.28318530718,0.));
#7577 = VECTOR('',#7578,1.);
#7578 = DIRECTION('',(0.,1.));
#7579 = ( GEOMETRIC_REPRESENTATION_CONTEXT(2) 
PARAMETRIC_REPRESENTATION_CONTEXT() REPRESENTATION_CONTEXT('2D SPACE',''
  ) );
#7580 = ADVANCED_FACE('',(#7581),#1519,.T.);
#7581 = FACE_BOUND('',#7582,.T.);
#7582 = EDGE_LOOP('',(#7583,#7608,#7629,#7630,#7651,#7652,#7676));
#7583 = ORIENTED_EDGE('',*,*,#7584,.F.);
#7584 = EDGE_CURVE('',#7585,#7587,#7589,.T.);
#7585 = VERTEX_POINT('',#7586);
#7586 = CARTESIAN_POINT('',(-18.6,60.1,65.));
#7587 = VERTEX_POINT('',#7588);
#7588 = CARTESIAN_POINT('',(-18.6,56.6,65.));
#7589 = SURFACE_CURVE('',#7590,(#7594,#7601),.PCURVE_S1.);
#7590 = LINE('',#7591,#7592);
#7591 = CARTESIAN_POINT('',(-18.6,-1.27905878413E-14,65.));
#7592 = VECTOR('',#7593,1.);
#7593 = DIRECTION('',(-6.115358904736E-17,-1.,-2.131764640217E-16));
#7594 = PCURVE('',#1519,#7595);
#7595 = DEFINITIONAL_REPRESENTATION('',(#7596),#7600);
#7596 = LINE('',#7597,#7598);
#7597 = CARTESIAN_POINT('',(-3.260027378671E-14,59.8));
#7598 = VECTOR('',#7599,1.);
#7599 = DIRECTION('',(-1.,-6.115358904736E-17));
#7600 = ( GEOMETRIC_REPRESENTATION_CONTEXT(2) 
PARAMETRIC_REPRESENTATION_CONTEXT() REPRESENTATION_CONTEXT('2D SPACE',''
  ) );
#7601 = PCURVE('',#7454,#7602);
#7602 = DEFINITIONAL_REPRESENTATION('',(#7603),#7607);
#7603 = LINE('',#7604,#7605);
#7604 = CARTESIAN_POINT('',(-1.165313108502E-14,-22.5));
#7605 = VECTOR('',#7606,1.);
#7606 = DIRECTION('',(-1.,2.131764640217E-16));
#7607 = ( GEOMETRIC_REPRESENTATION_CONTEXT(2) 
PARAMETRIC_REPRESENTATION_CONTEXT() REPRESENTATION_CONTEXT('2D SPACE',''
  ) );
#7608 = ORIENTED_EDGE('',*,*,#7609,.T.);
#7609 = EDGE_CURVE('',#7585,#4203,#7610,.T.);
#7610 = SURFACE_CURVE('',#7611,(#7615,#7622),.PCURVE_S1.);
#7611 = LINE('',#7612,#7613);
#7612 = CARTESIAN_POINT('',(-13.6,60.1,65.));
#7613 = VECTOR('',#7614,1.);
#7614 = DIRECTION('',(1.,-6.115358904736E-17,-2.736911063134E-48));
#7615 = PCURVE('',#1519,#7616);
#7616 = DEFINITIONAL_REPRESENTATION('',(#7617),#7621);
#7617 = LINE('',#7618,#7619);
#7618 = CARTESIAN_POINT('',(60.1,64.8));
#7619 = VECTOR('',#7620,1.);
#7620 = DIRECTION('',(-6.115358904736E-17,1.));
#7621 = ( GEOMETRIC_REPRESENTATION_CONTEXT(2) 
PARAMETRIC_REPRESENTATION_CONTEXT() REPRESENTATION_CONTEXT('2D SPACE',''
  ) );
#7622 = PCURVE('',#4240,#7623);
#7623 = DEFINITIONAL_REPRESENTATION('',(#7624),#7628);
#7624 = LINE('',#7625,#7626);
#7625 = CARTESIAN_POINT('',(1.570796326795,-64.8));
#7626 = VECTOR('',#7627,1.);
#7627 = DIRECTION('',(0.,-1.));
#7628 = ( GEOMETRIC_REPRESENTATION_CONTEXT(2) 
PARAMETRIC_REPRESENTATION_CONTEXT() REPRESENTATION_CONTEXT('2D SPACE',''
  ) );
#7629 = ORIENTED_EDGE('',*,*,#4202,.T.);
#7630 = ORIENTED_EDGE('',*,*,#7631,.F.);
#7631 = EDGE_CURVE('',#1504,#4179,#7632,.T.);
#7632 = SURFACE_CURVE('',#7633,(#7637,#7644),.PCURVE_S1.);
#7633 = LINE('',#7634,#7635);
#7634 = CARTESIAN_POINT('',(-78.4,-37.48362875257,65.));
#7635 = VECTOR('',#7636,1.);
#7636 = DIRECTION('',(1.,-6.115358904736E-17,0.));
#7637 = PCURVE('',#1519,#7638);
#7638 = DEFINITIONAL_REPRESENTATION('',(#7639),#7643);
#7639 = LINE('',#7640,#7641);
#7640 = CARTESIAN_POINT('',(-37.48362875257,-8.109002946905E-47));
#7641 = VECTOR('',#7642,1.);
#7642 = DIRECTION('',(-6.115358904736E-17,1.));
#7643 = ( GEOMETRIC_REPRESENTATION_CONTEXT(2) 
PARAMETRIC_REPRESENTATION_CONTEXT() REPRESENTATION_CONTEXT('2D SPACE',''
  ) );
#7644 = PCURVE('',#1548,#7645);
#7645 = DEFINITIONAL_REPRESENTATION('',(#7646),#7650);
#7646 = LINE('',#7647,#7648);
#7647 = CARTESIAN_POINT('',(-1.391684564494,0.));
#7648 = VECTOR('',#7649,1.);
#7649 = DIRECTION('',(0.,1.));
#7650 = ( GEOMETRIC_REPRESENTATION_CONTEXT(2) 
PARAMETRIC_REPRESENTATION_CONTEXT() REPRESENTATION_CONTEXT('2D SPACE',''
  ) );
#7651 = ORIENTED_EDGE('',*,*,#1503,.F.);
#7652 = ORIENTED_EDGE('',*,*,#7653,.F.);
#7653 = EDGE_CURVE('',#7654,#1476,#7656,.T.);
#7654 = VERTEX_POINT('',#7655);
#7655 = CARTESIAN_POINT('',(-19.6,56.6,65.));
#7656 = SURFACE_CURVE('',#7657,(#7662,#7669),.PCURVE_S1.);
#7657 = CIRCLE('',#7658,1.);
#7658 = AXIS2_PLACEMENT_3D('',#7659,#7660,#7661);
#7659 = CARTESIAN_POINT('',(-19.6,55.6,65.));
#7660 = DIRECTION('',(1.303650587535E-32,2.131764640217E-16,-1.));
#7661 = DIRECTION('',(1.5804385645E-64,1.,2.131764640217E-16));
#7662 = PCURVE('',#1519,#7663);
#7663 = DEFINITIONAL_REPRESENTATION('',(#7664),#7668);
#7664 = CIRCLE('',#7665,1.);
#7665 = AXIS2_PLACEMENT_2D('',#7666,#7667);
#7666 = CARTESIAN_POINT('',(55.6,58.8));
#7667 = DIRECTION('',(1.,-1.5804385645E-64));
#7668 = ( GEOMETRIC_REPRESENTATION_CONTEXT(2) 
PARAMETRIC_REPRESENTATION_CONTEXT() REPRESENTATION_CONTEXT('2D SPACE',''
  ) );
#7669 = PCURVE('',#1491,#7670);
#7670 = DEFINITIONAL_REPRESENTATION('',(#7671),#7675);
#7671 = LINE('',#7672,#7673);
#7672 = CARTESIAN_POINT('',(1.570796326795,60.));
#7673 = VECTOR('',#7674,1.);
#7674 = DIRECTION('',(-1.,0.));
#7675 = ( GEOMETRIC_REPRESENTATION_CONTEXT(2) 
PARAMETRIC_REPRESENTATION_CONTEXT() REPRESENTATION_CONTEXT('2D SPACE',''
  ) );
#7676 = ORIENTED_EDGE('',*,*,#7677,.F.);
#7677 = EDGE_CURVE('',#7587,#7654,#7678,.T.);
#7678 = SURFACE_CURVE('',#7679,(#7683,#7690),.PCURVE_S1.);
#7679 = LINE('',#7680,#7681);
#7680 = CARTESIAN_POINT('',(-78.4,56.6,65.));
#7681 = VECTOR('',#7682,1.);
#7682 = DIRECTION('',(-1.,-6.115358904736E-17,-2.607301175071E-32));
#7683 = PCURVE('',#1519,#7684);
#7684 = DEFINITIONAL_REPRESENTATION('',(#7685),#7689);
#7685 = LINE('',#7686,#7687);
#7686 = CARTESIAN_POINT('',(56.6,2.796417661355E-47));
#7687 = VECTOR('',#7688,1.);
#7688 = DIRECTION('',(-6.115358904736E-17,-1.));
#7689 = ( GEOMETRIC_REPRESENTATION_CONTEXT(2) 
PARAMETRIC_REPRESENTATION_CONTEXT() REPRESENTATION_CONTEXT('2D SPACE',''
  ) );
#7690 = PCURVE('',#1661,#7691);
#7691 = DEFINITIONAL_REPRESENTATION('',(#7692),#7696);
#7692 = LINE('',#7693,#7694);
#7693 = CARTESIAN_POINT('',(-56.8,25.5));
#7694 = VECTOR('',#7695,1.);
#7695 = DIRECTION('',(-1.,-2.607301175071E-32));
#7696 = ( GEOMETRIC_REPRESENTATION_CONTEXT(2) 
PARAMETRIC_REPRESENTATION_CONTEXT() REPRESENTATION_CONTEXT('2D SPACE',''
  ) );
#7697 = ADVANCED_FACE('',(#7698),#1859,.T.);
#7698 = FACE_BOUND('',#7699,.T.);
#7699 = EDGE_LOOP('',(#7700,#7701,#7722,#7723,#7746,#7774,#7797));
#7700 = ORIENTED_EDGE('',*,*,#1843,.F.);
#7701 = ORIENTED_EDGE('',*,*,#7702,.T.);
#7702 = EDGE_CURVE('',#1815,#4255,#7703,.T.);
#7703 = SURFACE_CURVE('',#7704,(#7708,#7715),.PCURVE_S1.);
#7704 = LINE('',#7705,#7706);
#7705 = CARTESIAN_POINT('',(-78.4,-27.8065786119,29.68260576538));
#7706 = VECTOR('',#7707,1.);
#7707 = DIRECTION('',(1.,-6.115358904736E-17,-1.072866856897E-33));
#7708 = PCURVE('',#1859,#7709);
#7709 = DEFINITIONAL_REPRESENTATION('',(#7710),#7714);
#7710 = LINE('',#7711,#7712);
#7711 = CARTESIAN_POINT('',(6.10242785555,-1.320261757866E-32));
#7712 = VECTOR('',#7713,1.);
#7713 = DIRECTION('',(-5.727162972937E-17,1.));
#7714 = ( GEOMETRIC_REPRESENTATION_CONTEXT(2) 
PARAMETRIC_REPRESENTATION_CONTEXT() REPRESENTATION_CONTEXT('2D SPACE',''
  ) );
#7715 = PCURVE('',#1831,#7716);
#7716 = DEFINITIONAL_REPRESENTATION('',(#7717),#7721);
#7717 = LINE('',#7718,#7719);
#7718 = CARTESIAN_POINT('',(7.495758109372,0.));
#7719 = VECTOR('',#7720,1.);
#7720 = DIRECTION('',(0.,1.));
#7721 = ( GEOMETRIC_REPRESENTATION_CONTEXT(2) 
PARAMETRIC_REPRESENTATION_CONTEXT() REPRESENTATION_CONTEXT('2D SPACE',''
  ) );
#7722 = ORIENTED_EDGE('',*,*,#4254,.T.);
#7723 = ORIENTED_EDGE('',*,*,#7724,.F.);
#7724 = EDGE_CURVE('',#7725,#4257,#7727,.T.);
#7725 = VERTEX_POINT('',#7726);
#7726 = CARTESIAN_POINT('',(-18.6,-65.1,43.644369180226));
#7727 = SURFACE_CURVE('',#7728,(#7732,#7739),.PCURVE_S1.);
#7728 = LINE('',#7729,#7730);
#7729 = CARTESIAN_POINT('',(-78.4,-65.1,43.644369180226));
#7730 = VECTOR('',#7731,1.);
#7731 = DIRECTION('',(1.,-6.115358904736E-17,0.));
#7732 = PCURVE('',#1859,#7733);
#7733 = DEFINITIONAL_REPRESENTATION('',(#7734),#7738);
#7734 = LINE('',#7735,#7736);
#7735 = CARTESIAN_POINT('',(-33.71879910297,3.117507325053E-32));
#7736 = VECTOR('',#7737,1.);
#7737 = DIRECTION('',(-5.727162972937E-17,1.));
#7738 = ( GEOMETRIC_REPRESENTATION_CONTEXT(2) 
PARAMETRIC_REPRESENTATION_CONTEXT() REPRESENTATION_CONTEXT('2D SPACE',''
  ) );
#7739 = PCURVE('',#4369,#7740);
#7740 = DEFINITIONAL_REPRESENTATION('',(#7741),#7745);
#7741 = LINE('',#7742,#7743);
#7742 = CARTESIAN_POINT('',(0.,11.822184590113));
#7743 = VECTOR('',#7744,1.);
#7744 = DIRECTION('',(1.,0.));
#7745 = ( GEOMETRIC_REPRESENTATION_CONTEXT(2) 
PARAMETRIC_REPRESENTATION_CONTEXT() REPRESENTATION_CONTEXT('2D SPACE',''
  ) );
#7746 = ORIENTED_EDGE('',*,*,#7747,.F.);
#7747 = EDGE_CURVE('',#7748,#7725,#7750,.T.);
#7748 = VERTEX_POINT('',#7749);
#7749 = CARTESIAN_POINT('',(-18.6,-56.6,40.462172840791));
#7750 = SURFACE_CURVE('',#7751,(#7755,#7762),.PCURVE_S1.);
#7751 = LINE('',#7752,#7753);
#7752 = CARTESIAN_POINT('',(-18.6,4.686438744509,17.517998601999));
#7753 = VECTOR('',#7754,1.);
#7754 = DIRECTION('',(-5.727162972937E-17,-0.936521153076,0.350611080602
    ));
#7755 = PCURVE('',#1859,#7756);
#7756 = DEFINITIONAL_REPRESENTATION('',(#7757),#7761);
#7757 = LINE('',#7758,#7759);
#7758 = CARTESIAN_POINT('',(40.79787199975,59.8));
#7759 = VECTOR('',#7760,1.);
#7760 = DIRECTION('',(-1.,-5.727162972937E-17));
#7761 = ( GEOMETRIC_REPRESENTATION_CONTEXT(2) 
PARAMETRIC_REPRESENTATION_CONTEXT() REPRESENTATION_CONTEXT('2D SPACE',''
  ) );
#7762 = PCURVE('',#7763,#7768);
#7763 = PLANE('',#7764);
#7764 = AXIS2_PLACEMENT_3D('',#7765,#7766,#7767);
#7765 = CARTESIAN_POINT('',(-18.6,1.137456756281E-15,42.5));
#7766 = DIRECTION('',(-1.,6.115358904736E-17,0.));
#7767 = DIRECTION('',(-6.115358904736E-17,-1.,0.));
#7768 = DEFINITIONAL_REPRESENTATION('',(#7769),#7773);
#7769 = LINE('',#7770,#7771);
#7770 = CARTESIAN_POINT('',(-4.686438744509,-24.982001398));
#7771 = VECTOR('',#7772,1.);
#7772 = DIRECTION('',(0.936521153076,0.350611080602));
#7773 = ( GEOMETRIC_REPRESENTATION_CONTEXT(2) 
PARAMETRIC_REPRESENTATION_CONTEXT() REPRESENTATION_CONTEXT('2D SPACE',''
  ) );
#7774 = ORIENTED_EDGE('',*,*,#7775,.F.);
#7775 = EDGE_CURVE('',#7776,#7748,#7778,.T.);
#7776 = VERTEX_POINT('',#7777);
#7777 = CARTESIAN_POINT('',(-19.6,-56.6,40.462172840791));
#7778 = SURFACE_CURVE('',#7779,(#7783,#7790),.PCURVE_S1.);
#7779 = LINE('',#7780,#7781);
#7780 = CARTESIAN_POINT('',(-21.6,-56.6,40.462172840791));
#7781 = VECTOR('',#7782,1.);
#7782 = DIRECTION('',(1.,-6.115358904736E-17,4.044772985489E-34));
#7783 = PCURVE('',#1859,#7784);
#7784 = DEFINITIONAL_REPRESENTATION('',(#7785),#7789);
#7785 = LINE('',#7786,#7787);
#7786 = CARTESIAN_POINT('',(-24.64265600457,56.8));
#7787 = VECTOR('',#7788,1.);
#7788 = DIRECTION('',(-5.727162972937E-17,1.));
#7789 = ( GEOMETRIC_REPRESENTATION_CONTEXT(2) 
PARAMETRIC_REPRESENTATION_CONTEXT() REPRESENTATION_CONTEXT('2D SPACE',''
  ) );
#7790 = PCURVE('',#1774,#7791);
#7791 = DEFINITIONAL_REPRESENTATION('',(#7792),#7796);
#7792 = LINE('',#7793,#7794);
#7793 = CARTESIAN_POINT('',(0.,0.962172840791));
#7794 = VECTOR('',#7795,1.);
#7795 = DIRECTION('',(1.,4.044772985489E-34));
#7796 = ( GEOMETRIC_REPRESENTATION_CONTEXT(2) 
PARAMETRIC_REPRESENTATION_CONTEXT() REPRESENTATION_CONTEXT('2D SPACE',''
  ) );
#7797 = ORIENTED_EDGE('',*,*,#7798,.F.);
#7798 = EDGE_CURVE('',#1844,#7776,#7799,.T.);
#7799 = SURFACE_CURVE('',#7800,(#7805,#7812),.PCURVE_S1.);
#7800 = ELLIPSE('',#7801,1.067781540989,1.);
#7801 = AXIS2_PLACEMENT_3D('',#7802,#7803,#7804);
#7802 = CARTESIAN_POINT('',(-19.6,-55.6,40.087796800858));
#7803 = DIRECTION('',(-2.144112593862E-17,-0.350611080602,
    -0.936521153076));
#7804 = DIRECTION('',(5.727162972937E-17,0.936521153076,-0.350611080602)
  );
#7805 = PCURVE('',#1859,#7806);
#7806 = DEFINITIONAL_REPRESENTATION('',(#7807),#7811);
#7807 = ELLIPSE('',#7808,1.067781540989,1.);
#7808 = AXIS2_PLACEMENT_2D('',#7809,#7810);
#7809 = CARTESIAN_POINT('',(-23.57487446358,58.8));
#7810 = DIRECTION('',(1.,5.727162972937E-17));
#7811 = ( GEOMETRIC_REPRESENTATION_CONTEXT(2) 
PARAMETRIC_REPRESENTATION_CONTEXT() REPRESENTATION_CONTEXT('2D SPACE',''
  ) );
#7812 = PCURVE('',#1885,#7813);
#7813 = DEFINITIONAL_REPRESENTATION('',(#7814),#7840);
#7814 = B_SPLINE_CURVE_WITH_KNOTS('',3,(#7815,#7816,#7817,#7818,#7819,
    #7820,#7821,#7822,#7823,#7824,#7825,#7826,#7827,#7828,#7829,#7830,
    #7831,#7832,#7833,#7834,#7835,#7836,#7837,#7838,#7839),
  .UNSPECIFIED.,.F.,.F.,(4,1,1,1,1,1,1,1,1,1,1,1,1,1,1,1,1,1,1,1,1,1,4),
  (1.570796326795,1.642196159831,1.713595992867,1.784995825903,
    1.856395658939,1.927795491976,1.999195325012,2.070595158048,
    2.141994991084,2.21339482412,2.284794657156,2.356194490192,
    2.427594323228,2.498994156265,2.570393989301,2.641793822337,
    2.713193655373,2.784593488409,2.855993321445,2.927393154481,
    2.998792987518,3.070192820554,3.14159265359),.QUASI_UNIFORM_KNOTS.);
#7815 = CARTESIAN_POINT('',(3.14159265359,-0.587796800858));
#7816 = CARTESIAN_POINT('',(3.165392597935,-0.596706999116));
#7817 = CARTESIAN_POINT('',(3.212992486626,-0.61452715096));
#7818 = CARTESIAN_POINT('',(3.284392319662,-0.641121363501));
#7819 = CARTESIAN_POINT('',(3.355792152698,-0.66744379364));
#7820 = CARTESIAN_POINT('',(3.427191985734,-0.693360375068));
#7821 = CARTESIAN_POINT('',(3.49859181877,-0.718739024939));
#7822 = CARTESIAN_POINT('',(3.569991651807,-0.743450424264));
#7823 = CARTESIAN_POINT('',(3.641391484843,-0.767368648131));
#7824 = CARTESIAN_POINT('',(3.712791317879,-0.790371815099));
#7825 = CARTESIAN_POINT('',(3.784191150915,-0.81234270621));
#7826 = CARTESIAN_POINT('',(3.855590983951,-0.833169362862));
#7827 = CARTESIAN_POINT('',(3.926990816987,-0.852745657181));
#7828 = CARTESIAN_POINT('',(3.998390650023,-0.870971832864));
#7829 = CARTESIAN_POINT('',(4.06979048306,-0.887755013478));
#7830 = CARTESIAN_POINT('',(4.141190316096,-0.903009675856));
#7831 = CARTESIAN_POINT('',(4.212590149132,-0.916658085454));
#7832 = CARTESIAN_POINT('',(4.283989982168,-0.928630694158));
#7833 = CARTESIAN_POINT('',(4.355389815204,-0.938866488366));
#7834 = CARTESIAN_POINT('',(4.42678964824,-0.947313323498));
#7835 = CARTESIAN_POINT('',(4.498189481276,-0.953928101625));
#7836 = CARTESIAN_POINT('',(4.569589314312,-0.958677319844));
#7837 = CARTESIAN_POINT('',(4.640989147349,-0.961536014062));
#7838 = CARTESIAN_POINT('',(4.688589036039,-0.962173648154));
#7839 = CARTESIAN_POINT('',(4.712388980385,-0.962172840791));
#7840 = ( GEOMETRIC_REPRESENTATION_CONTEXT(2) 
PARAMETRIC_REPRESENTATION_CONTEXT() REPRESENTATION_CONTEXT('2D SPACE',''
  ) );
#7841 = ADVANCED_FACE('',(#7842),#4369,.F.);
#7842 = FACE_BOUND('',#7843,.T.);
#7843 = EDGE_LOOP('',(#7844,#7845,#7868,#7889));
#7844 = ORIENTED_EDGE('',*,*,#4355,.F.);
#7845 = ORIENTED_EDGE('',*,*,#7846,.F.);
#7846 = EDGE_CURVE('',#7847,#4327,#7849,.T.);
#7847 = VERTEX_POINT('',#7848);
#7848 = CARTESIAN_POINT('',(-18.6,-65.1,25.));
#7849 = SURFACE_CURVE('',#7850,(#7854,#7861),.PCURVE_S1.);
#7850 = LINE('',#7851,#7852);
#7851 = CARTESIAN_POINT('',(-18.6,-65.1,25.));
#7852 = VECTOR('',#7853,1.);
#7853 = DIRECTION('',(1.,-6.115358904736E-17,0.));
#7854 = PCURVE('',#4369,#7855);
#7855 = DEFINITIONAL_REPRESENTATION('',(#7856),#7860);
#7856 = LINE('',#7857,#7858);
#7857 = CARTESIAN_POINT('',(59.8,-6.822184590113));
#7858 = VECTOR('',#7859,1.);
#7859 = DIRECTION('',(1.,0.));
#7860 = ( GEOMETRIC_REPRESENTATION_CONTEXT(2) 
PARAMETRIC_REPRESENTATION_CONTEXT() REPRESENTATION_CONTEXT('2D SPACE',''
  ) );
#7861 = PCURVE('',#4343,#7862);
#7862 = DEFINITIONAL_REPRESENTATION('',(#7863),#7867);
#7863 = LINE('',#7864,#7865);
#7864 = CARTESIAN_POINT('',(6.28318530718,-59.8));
#7865 = VECTOR('',#7866,1.);
#7866 = DIRECTION('',(0.,-1.));
#7867 = ( GEOMETRIC_REPRESENTATION_CONTEXT(2) 
PARAMETRIC_REPRESENTATION_CONTEXT() REPRESENTATION_CONTEXT('2D SPACE',''
  ) );
#7868 = ORIENTED_EDGE('',*,*,#7869,.T.);
#7869 = EDGE_CURVE('',#7847,#7725,#7870,.T.);
#7870 = SURFACE_CURVE('',#7871,(#7875,#7882),.PCURVE_S1.);
#7871 = LINE('',#7872,#7873);
#7872 = CARTESIAN_POINT('',(-18.6,-65.1,5.));
#7873 = VECTOR('',#7874,1.);
#7874 = DIRECTION('',(0.,0.,1.));
#7875 = PCURVE('',#4369,#7876);
#7876 = DEFINITIONAL_REPRESENTATION('',(#7877),#7881);
#7877 = LINE('',#7878,#7879);
#7878 = CARTESIAN_POINT('',(59.8,-26.82218459011));
#7879 = VECTOR('',#7880,1.);
#7880 = DIRECTION('',(0.,1.));
#7881 = ( GEOMETRIC_REPRESENTATION_CONTEXT(2) 
PARAMETRIC_REPRESENTATION_CONTEXT() REPRESENTATION_CONTEXT('2D SPACE',''
  ) );
#7882 = PCURVE('',#7763,#7883);
#7883 = DEFINITIONAL_REPRESENTATION('',(#7884),#7888);
#7884 = LINE('',#7885,#7886);
#7885 = CARTESIAN_POINT('',(65.1,-37.5));
#7886 = VECTOR('',#7887,1.);
#7887 = DIRECTION('',(0.,1.));
#7888 = ( GEOMETRIC_REPRESENTATION_CONTEXT(2) 
PARAMETRIC_REPRESENTATION_CONTEXT() REPRESENTATION_CONTEXT('2D SPACE',''
  ) );
#7889 = ORIENTED_EDGE('',*,*,#7724,.T.);
#7890 = ADVANCED_FACE('',(#7891),#1802,.F.);
#7891 = FACE_BOUND('',#7892,.T.);
#7892 = EDGE_LOOP('',(#7893,#7894,#7915,#7916,#7939));
#7893 = ORIENTED_EDGE('',*,*,#4303,.F.);
#7894 = ORIENTED_EDGE('',*,*,#7895,.F.);
#7895 = EDGE_CURVE('',#1787,#4280,#7896,.T.);
#7896 = SURFACE_CURVE('',#7897,(#7901,#7908),.PCURVE_S1.);
#7897 = LINE('',#7898,#7899);
#7898 = CARTESIAN_POINT('',(-78.4,-29.55963401491,20.));
#7899 = VECTOR('',#7900,1.);
#7900 = DIRECTION('',(1.,-6.115358904736E-17,0.));
#7901 = PCURVE('',#1802,#7902);
#7902 = DEFINITIONAL_REPRESENTATION('',(#7903),#7907);
#7903 = LINE('',#7904,#7905);
#7904 = CARTESIAN_POINT('',(0.,3.96199736883));
#7905 = VECTOR('',#7906,1.);
#7906 = DIRECTION('',(-1.,-6.115358904736E-17));
#7907 = ( GEOMETRIC_REPRESENTATION_CONTEXT(2) 
PARAMETRIC_REPRESENTATION_CONTEXT() REPRESENTATION_CONTEXT('2D SPACE',''
  ) );
#7908 = PCURVE('',#1831,#7909);
#7909 = DEFINITIONAL_REPRESENTATION('',(#7910),#7914);
#7910 = LINE('',#7911,#7912);
#7911 = CARTESIAN_POINT('',(4.712388980385,0.));
#7912 = VECTOR('',#7913,1.);
#7913 = DIRECTION('',(0.,1.));
#7914 = ( GEOMETRIC_REPRESENTATION_CONTEXT(2) 
PARAMETRIC_REPRESENTATION_CONTEXT() REPRESENTATION_CONTEXT('2D SPACE',''
  ) );
#7915 = ORIENTED_EDGE('',*,*,#1786,.T.);
#7916 = ORIENTED_EDGE('',*,*,#7917,.T.);
#7917 = EDGE_CURVE('',#1759,#7918,#7920,.T.);
#7918 = VERTEX_POINT('',#7919);
#7919 = CARTESIAN_POINT('',(-18.6,-60.1,20.));
#7920 = SURFACE_CURVE('',#7921,(#7925,#7932),.PCURVE_S1.);
#7921 = LINE('',#7922,#7923);
#7922 = CARTESIAN_POINT('',(-18.6,0.,20.));
#7923 = VECTOR('',#7924,1.);
#7924 = DIRECTION('',(-6.115358904736E-17,-1.,0.));
#7925 = PCURVE('',#1802,#7926);
#7926 = DEFINITIONAL_REPRESENTATION('',(#7927),#7931);
#7927 = LINE('',#7928,#7929);
#7928 = CARTESIAN_POINT('',(-59.8,33.521631383743));
#7929 = VECTOR('',#7930,1.);
#7930 = DIRECTION('',(6.115358904736E-17,-1.));
#7931 = ( GEOMETRIC_REPRESENTATION_CONTEXT(2) 
PARAMETRIC_REPRESENTATION_CONTEXT() REPRESENTATION_CONTEXT('2D SPACE',''
  ) );
#7932 = PCURVE('',#7763,#7933);
#7933 = DEFINITIONAL_REPRESENTATION('',(#7934),#7938);
#7934 = LINE('',#7935,#7936);
#7935 = CARTESIAN_POINT('',(1.137456756281E-15,-22.5));
#7936 = VECTOR('',#7937,1.);
#7937 = DIRECTION('',(1.,0.));
#7938 = ( GEOMETRIC_REPRESENTATION_CONTEXT(2) 
PARAMETRIC_REPRESENTATION_CONTEXT() REPRESENTATION_CONTEXT('2D SPACE',''
  ) );
#7939 = ORIENTED_EDGE('',*,*,#7940,.T.);
#7940 = EDGE_CURVE('',#7918,#4304,#7941,.T.);
#7941 = SURFACE_CURVE('',#7942,(#7946,#7953),.PCURVE_S1.);
#7942 = LINE('',#7943,#7944);
#7943 = CARTESIAN_POINT('',(-13.6,-60.1,20.));
#7944 = VECTOR('',#7945,1.);
#7945 = DIRECTION('',(1.,-6.115358904736E-17,0.));
#7946 = PCURVE('',#1802,#7947);
#7947 = DEFINITIONAL_REPRESENTATION('',(#7948),#7952);
#7948 = LINE('',#7949,#7950);
#7949 = CARTESIAN_POINT('',(-64.8,-26.57836861625));
#7950 = VECTOR('',#7951,1.);
#7951 = DIRECTION('',(-1.,-6.115358904736E-17));
#7952 = ( GEOMETRIC_REPRESENTATION_CONTEXT(2) 
PARAMETRIC_REPRESENTATION_CONTEXT() REPRESENTATION_CONTEXT('2D SPACE',''
  ) );
#7953 = PCURVE('',#4343,#7954);
#7954 = DEFINITIONAL_REPRESENTATION('',(#7955),#7959);
#7955 = LINE('',#7956,#7957);
#7956 = CARTESIAN_POINT('',(4.712388980385,-64.8));
#7957 = VECTOR('',#7958,1.);
#7958 = DIRECTION('',(0.,-1.));
#7959 = ( GEOMETRIC_REPRESENTATION_CONTEXT(2) 
PARAMETRIC_REPRESENTATION_CONTEXT() REPRESENTATION_CONTEXT('2D SPACE',''
  ) );
#7960 = ADVANCED_FACE('',(#7961),#1831,.F.);
#7961 = FACE_BOUND('',#7962,.F.);
#7962 = EDGE_LOOP('',(#7963,#7964,#7965,#7966));
#7963 = ORIENTED_EDGE('',*,*,#7702,.T.);
#7964 = ORIENTED_EDGE('',*,*,#4279,.T.);
#7965 = ORIENTED_EDGE('',*,*,#7895,.F.);
#7966 = ORIENTED_EDGE('',*,*,#1814,.F.);
#7967 = ADVANCED_FACE('',(#7968),#4343,.F.);
#7968 = FACE_BOUND('',#7969,.F.);
#7969 = EDGE_LOOP('',(#7970,#7971,#7972,#7973));
#7970 = ORIENTED_EDGE('',*,*,#7940,.T.);
#7971 = ORIENTED_EDGE('',*,*,#4326,.T.);
#7972 = ORIENTED_EDGE('',*,*,#7846,.F.);
#7973 = ORIENTED_EDGE('',*,*,#7974,.F.);
#7974 = EDGE_CURVE('',#7918,#7847,#7975,.T.);
#7975 = SURFACE_CURVE('',#7976,(#7981,#7988),.PCURVE_S1.);
#7976 = CIRCLE('',#7977,5.);
#7977 = AXIS2_PLACEMENT_3D('',#7978,#7979,#7980);
#7978 = CARTESIAN_POINT('',(-18.6,-60.1,25.));
#7979 = DIRECTION('',(-1.,6.115358904736E-17,0.));
#7980 = DIRECTION('',(-6.115358904736E-17,-1.,0.));
#7981 = PCURVE('',#4343,#7982);
#7982 = DEFINITIONAL_REPRESENTATION('',(#7983),#7987);
#7983 = LINE('',#7984,#7985);
#7984 = CARTESIAN_POINT('',(-1.7763568394E-15,-59.8));
#7985 = VECTOR('',#7986,1.);
#7986 = DIRECTION('',(1.,0.));
#7987 = ( GEOMETRIC_REPRESENTATION_CONTEXT(2) 
PARAMETRIC_REPRESENTATION_CONTEXT() REPRESENTATION_CONTEXT('2D SPACE',''
  ) );
#7988 = PCURVE('',#7763,#7989);
#7989 = DEFINITIONAL_REPRESENTATION('',(#7990),#7994);
#7990 = CIRCLE('',#7991,5.);
#7991 = AXIS2_PLACEMENT_2D('',#7992,#7993);
#7992 = CARTESIAN_POINT('',(60.1,-17.5));
#7993 = DIRECTION('',(1.,0.));
#7994 = ( GEOMETRIC_REPRESENTATION_CONTEXT(2) 
PARAMETRIC_REPRESENTATION_CONTEXT() REPRESENTATION_CONTEXT('2D SPACE',''
  ) );
#7995 = ADVANCED_FACE('',(#7996),#4240,.F.);
#7996 = FACE_BOUND('',#7997,.F.);
#7997 = EDGE_LOOP('',(#7998,#7999,#8000,#8001));
#7998 = ORIENTED_EDGE('',*,*,#7609,.T.);
#7999 = ORIENTED_EDGE('',*,*,#4225,.T.);
#8000 = ORIENTED_EDGE('',*,*,#7514,.F.);
#8001 = ORIENTED_EDGE('',*,*,#8002,.F.);
#8002 = EDGE_CURVE('',#7585,#7515,#8003,.T.);
#8003 = SURFACE_CURVE('',#8004,(#8009,#8016),.PCURVE_S1.);
#8004 = CIRCLE('',#8005,5.);
#8005 = AXIS2_PLACEMENT_3D('',#8006,#8007,#8008);
#8006 = CARTESIAN_POINT('',(-18.6,60.1,60.));
#8007 = DIRECTION('',(-1.,6.115358904736E-17,0.));
#8008 = DIRECTION('',(-6.115358904736E-17,-1.,0.));
#8009 = PCURVE('',#4240,#8010);
#8010 = DEFINITIONAL_REPRESENTATION('',(#8011),#8015);
#8011 = LINE('',#8012,#8013);
#8012 = CARTESIAN_POINT('',(1.554312234475E-15,-59.8));
#8013 = VECTOR('',#8014,1.);
#8014 = DIRECTION('',(1.,0.));
#8015 = ( GEOMETRIC_REPRESENTATION_CONTEXT(2) 
PARAMETRIC_REPRESENTATION_CONTEXT() REPRESENTATION_CONTEXT('2D SPACE',''
  ) );
#8016 = PCURVE('',#7454,#8017);
#8017 = DEFINITIONAL_REPRESENTATION('',(#8018),#8022);
#8018 = CIRCLE('',#8019,5.);
#8019 = AXIS2_PLACEMENT_2D('',#8020,#8021);
#8020 = CARTESIAN_POINT('',(60.1,-17.5));
#8021 = DIRECTION('',(-1.,-0.));
#8022 = ( GEOMETRIC_REPRESENTATION_CONTEXT(2) 
PARAMETRIC_REPRESENTATION_CONTEXT() REPRESENTATION_CONTEXT('2D SPACE',''
  ) );
#8023 = ADVANCED_FACE('',(#8024),#1605,.F.);
#8024 = FACE_BOUND('',#8025,.F.);
#8025 = EDGE_LOOP('',(#8026,#8027,#8028,#8029));
#8026 = ORIENTED_EDGE('',*,*,#7467,.T.);
#8027 = ORIENTED_EDGE('',*,*,#4131,.T.);
#8028 = ORIENTED_EDGE('',*,*,#7392,.F.);
#8029 = ORIENTED_EDGE('',*,*,#1588,.F.);
#8030 = ADVANCED_FACE('',(#8031),#4096,.F.);
#8031 = FACE_BOUND('',#8032,.F.);
#8032 = EDGE_LOOP('',(#8033,#8034,#8035,#8036));
#8033 = ORIENTED_EDGE('',*,*,#7560,.T.);
#8034 = ORIENTED_EDGE('',*,*,#4079,.T.);
#8035 = ORIENTED_EDGE('',*,*,#7489,.F.);
#8036 = ORIENTED_EDGE('',*,*,#8037,.F.);
#8037 = EDGE_CURVE('',#7538,#7439,#8038,.T.);
#8038 = SURFACE_CURVE('',#8039,(#8044,#8051),.PCURVE_S1.);
#8039 = CIRCLE('',#8040,5.);
#8040 = AXIS2_PLACEMENT_3D('',#8041,#8042,#8043);
#8041 = CARTESIAN_POINT('',(-18.6,60.1,25.));
#8042 = DIRECTION('',(-1.,6.115358904736E-17,0.));
#8043 = DIRECTION('',(-6.115358904736E-17,-1.,0.));
#8044 = PCURVE('',#4096,#8045);
#8045 = DEFINITIONAL_REPRESENTATION('',(#8046),#8050);
#8046 = LINE('',#8047,#8048);
#8047 = CARTESIAN_POINT('',(9.424777960769,59.8));
#8048 = VECTOR('',#8049,1.);
#8049 = DIRECTION('',(-1.,0.));
#8050 = ( GEOMETRIC_REPRESENTATION_CONTEXT(2) 
PARAMETRIC_REPRESENTATION_CONTEXT() REPRESENTATION_CONTEXT('2D SPACE',''
  ) );
#8051 = PCURVE('',#7454,#8052);
#8052 = DEFINITIONAL_REPRESENTATION('',(#8053),#8057);
#8053 = CIRCLE('',#8054,5.);
#8054 = AXIS2_PLACEMENT_2D('',#8055,#8056);
#8055 = CARTESIAN_POINT('',(60.1,17.5));
#8056 = DIRECTION('',(-1.,-0.));
#8057 = ( GEOMETRIC_REPRESENTATION_CONTEXT(2) 
PARAMETRIC_REPRESENTATION_CONTEXT() REPRESENTATION_CONTEXT('2D SPACE',''
  ) );
#8058 = ADVANCED_FACE('',(#8059),#1548,.F.);
#8059 = FACE_BOUND('',#8060,.F.);
#8060 = EDGE_LOOP('',(#8061,#8062,#8063,#8064));
#8061 = ORIENTED_EDGE('',*,*,#7414,.T.);
#8062 = ORIENTED_EDGE('',*,*,#4178,.T.);
#8063 = ORIENTED_EDGE('',*,*,#7631,.F.);
#8064 = ORIENTED_EDGE('',*,*,#1531,.F.);
#8065 = ADVANCED_FACE('',(#8066),#3658,.F.);
#8066 = FACE_BOUND('',#8067,.F.);
#8067 = EDGE_LOOP('',(#8068,#8069,#8070,#8071));
#8068 = ORIENTED_EDGE('',*,*,#7204,.T.);
#8069 = ORIENTED_EDGE('',*,*,#3641,.T.);
#8070 = ORIENTED_EDGE('',*,*,#7063,.F.);
#8071 = ORIENTED_EDGE('',*,*,#4814,.F.);
#8072 = ADVANCED_FACE('',(#8073),#3715,.F.);
#8073 = FACE_BOUND('',#8074,.F.);
#8074 = EDGE_LOOP('',(#8075,#8076,#8077,#8078));
#8075 = ORIENTED_EDGE('',*,*,#7085,.T.);
#8076 = ORIENTED_EDGE('',*,*,#3698,.T.);
#8077 = ORIENTED_EDGE('',*,*,#7110,.F.);
#8078 = ORIENTED_EDGE('',*,*,#4767,.F.);
#8079 = ADVANCED_FACE('',(#8080),#3601,.F.);
#8080 = FACE_BOUND('',#8081,.F.);
#8081 = EDGE_LOOP('',(#8082,#8083,#8084,#8085));
#8082 = ORIENTED_EDGE('',*,*,#7157,.T.);
#8083 = ORIENTED_EDGE('',*,*,#3584,.T.);
#8084 = ORIENTED_EDGE('',*,*,#7226,.F.);
#8085 = ORIENTED_EDGE('',*,*,#4673,.F.);
#8086 = ADVANCED_FACE('',(#8087),#3770,.F.);
#8087 = FACE_BOUND('',#8088,.F.);
#8088 = EDGE_LOOP('',(#8089,#8090,#8091,#8092));
#8089 = ORIENTED_EDGE('',*,*,#7132,.T.);
#8090 = ORIENTED_EDGE('',*,*,#3755,.T.);
#8091 = ORIENTED_EDGE('',*,*,#7179,.F.);
#8092 = ORIENTED_EDGE('',*,*,#4720,.F.);
#8093 = ADVANCED_FACE('',(#8094),#3485,.F.);
#8094 = FACE_BOUND('',#8095,.F.);
#8095 = EDGE_LOOP('',(#8096,#8097,#8098,#8099));
#8096 = ORIENTED_EDGE('',*,*,#7345,.T.);
#8097 = ORIENTED_EDGE('',*,*,#3468,.T.);
#8098 = ORIENTED_EDGE('',*,*,#7251,.F.);
#8099 = ORIENTED_EDGE('',*,*,#4863,.F.);
#8100 = ADVANCED_FACE('',(#8101),#3428,.F.);
#8101 = FACE_BOUND('',#8102,.F.);
#8102 = EDGE_LOOP('',(#8103,#8104,#8105,#8106));
#8103 = ORIENTED_EDGE('',*,*,#7298,.T.);
#8104 = ORIENTED_EDGE('',*,*,#3411,.T.);
#8105 = ORIENTED_EDGE('',*,*,#7367,.F.);
#8106 = ORIENTED_EDGE('',*,*,#4910,.F.);
#8107 = ADVANCED_FACE('',(#8108),#3540,.F.);
#8108 = FACE_BOUND('',#8109,.F.);
#8109 = EDGE_LOOP('',(#8110,#8111,#8112,#8113));
#8110 = ORIENTED_EDGE('',*,*,#7273,.T.);
#8111 = ORIENTED_EDGE('',*,*,#3525,.T.);
#8112 = ORIENTED_EDGE('',*,*,#7320,.F.);
#8113 = ORIENTED_EDGE('',*,*,#4957,.F.);
#8114 = ADVANCED_FACE('',(#8115),#444,.T.);
#8115 = FACE_BOUND('',#8116,.T.);
#8116 = EDGE_LOOP('',(#8117,#8118,#8119,#8120));
#8117 = ORIENTED_EDGE('',*,*,#6697,.F.);
#8118 = ORIENTED_EDGE('',*,*,#2185,.T.);
#8119 = ORIENTED_EDGE('',*,*,#4983,.T.);
#8120 = ORIENTED_EDGE('',*,*,#428,.F.);
#8121 = ADVANCED_FACE('',(#8122),#493,.T.);
#8122 = FACE_BOUND('',#8123,.T.);
#8123 = EDGE_LOOP('',(#8124,#8125,#8126,#8127));
#8124 = ORIENTED_EDGE('',*,*,#6720,.F.);
#8125 = ORIENTED_EDGE('',*,*,#479,.T.);
#8126 = ORIENTED_EDGE('',*,*,#5054,.T.);
#8127 = ORIENTED_EDGE('',*,*,#2392,.F.);
#8128 = ADVANCED_FACE('',(#8129),#94,.T.);
#8129 = FACE_BOUND('',#8130,.T.);
#8130 = EDGE_LOOP('',(#8131,#8132,#8133,#8134));
#8131 = ORIENTED_EDGE('',*,*,#6938,.F.);
#8132 = ORIENTED_EDGE('',*,*,#78,.T.);
#8133 = ORIENTED_EDGE('',*,*,#5008,.T.);
#8134 = ORIENTED_EDGE('',*,*,#2058,.F.);
#8135 = ADVANCED_FACE('',(#8136),#148,.T.);
#8136 = FACE_BOUND('',#8137,.T.);
#8137 = EDGE_LOOP('',(#8138,#8139,#8140,#8141));
#8138 = ORIENTED_EDGE('',*,*,#6915,.F.);
#8139 = ORIENTED_EDGE('',*,*,#2438,.T.);
#8140 = ORIENTED_EDGE('',*,*,#5031,.T.);
#8141 = ORIENTED_EDGE('',*,*,#134,.F.);
#8142 = ADVANCED_FACE('',(#8143),#5184,.T.);
#8143 = FACE_BOUND('',#8144,.T.);
#8144 = EDGE_LOOP('',(#8145,#8146,#8168,#8169));
#8145 = ORIENTED_EDGE('',*,*,#6579,.F.);
#8146 = ORIENTED_EDGE('',*,*,#8147,.T.);
#8147 = EDGE_CURVE('',#6557,#5169,#8148,.T.);
#8148 = SURFACE_CURVE('',#8149,(#8154,#8161),.PCURVE_S1.);
#8149 = CIRCLE('',#8150,1.);
#8150 = AXIS2_PLACEMENT_3D('',#8151,#8152,#8153);
#8151 = CARTESIAN_POINT('',(8.6,-76.1,1.));
#8152 = DIRECTION('',(-1.,6.497091670325E-17,0.));
#8153 = DIRECTION('',(-6.497091670325E-17,-1.,0.));
#8154 = PCURVE('',#5184,#8155);
#8155 = DEFINITIONAL_REPRESENTATION('',(#8156),#8160);
#8156 = LINE('',#8157,#8158);
#8157 = CARTESIAN_POINT('',(-1.570796326795,-8.6));
#8158 = VECTOR('',#8159,1.);
#8159 = DIRECTION('',(1.,0.));
#8160 = ( GEOMETRIC_REPRESENTATION_CONTEXT(2) 
PARAMETRIC_REPRESENTATION_CONTEXT() REPRESENTATION_CONTEXT('2D SPACE',''
  ) );
#8161 = PCURVE('',#4608,#8162);
#8162 = DEFINITIONAL_REPRESENTATION('',(#8163),#8167);
#8163 = LINE('',#8164,#8165);
#8164 = CARTESIAN_POINT('',(0.,3.14159265359));
#8165 = VECTOR('',#8166,1.);
#8166 = DIRECTION('',(1.,0.));
#8167 = ( GEOMETRIC_REPRESENTATION_CONTEXT(2) 
PARAMETRIC_REPRESENTATION_CONTEXT() REPRESENTATION_CONTEXT('2D SPACE',''
  ) );
#8168 = ORIENTED_EDGE('',*,*,#5168,.T.);
#8169 = ORIENTED_EDGE('',*,*,#8170,.F.);
#8170 = EDGE_CURVE('',#6580,#5080,#8171,.T.);
#8171 = SURFACE_CURVE('',#8172,(#8177,#8184),.PCURVE_S1.);
#8172 = CIRCLE('',#8173,1.);
#8173 = AXIS2_PLACEMENT_3D('',#8174,#8175,#8176);
#8174 = CARTESIAN_POINT('',(-8.6,-76.1,1.));
#8175 = DIRECTION('',(-1.,6.497091670325E-17,0.));
#8176 = DIRECTION('',(-6.497091670325E-17,-1.,0.));
#8177 = PCURVE('',#5184,#8178);
#8178 = DEFINITIONAL_REPRESENTATION('',(#8179),#8183);
#8179 = LINE('',#8180,#8181);
#8180 = CARTESIAN_POINT('',(-1.570796326795,8.6));
#8181 = VECTOR('',#8182,1.);
#8182 = DIRECTION('',(1.,0.));
#8183 = ( GEOMETRIC_REPRESENTATION_CONTEXT(2) 
PARAMETRIC_REPRESENTATION_CONTEXT() REPRESENTATION_CONTEXT('2D SPACE',''
  ) );
#8184 = PCURVE('',#3883,#8185);
#8185 = DEFINITIONAL_REPRESENTATION('',(#8186),#8190);
#8186 = LINE('',#8187,#8188);
#8187 = CARTESIAN_POINT('',(0.,3.14159265359));
#8188 = VECTOR('',#8189,1.);
#8189 = DIRECTION('',(1.,0.));
#8190 = ( GEOMETRIC_REPRESENTATION_CONTEXT(2) 
PARAMETRIC_REPRESENTATION_CONTEXT() REPRESENTATION_CONTEXT('2D SPACE',''
  ) );
#8191 = ADVANCED_FACE('',(#8192),#6368,.T.);
#8192 = FACE_BOUND('',#8193,.T.);
#8193 = EDGE_LOOP('',(#8194,#8195,#8217,#8218));
#8194 = ORIENTED_EDGE('',*,*,#6352,.T.);
#8195 = ORIENTED_EDGE('',*,*,#8196,.T.);
#8196 = EDGE_CURVE('',#6330,#6529,#8197,.T.);
#8197 = SURFACE_CURVE('',#8198,(#8203,#8210),.PCURVE_S1.);
#8198 = CIRCLE('',#8199,1.);
#8199 = AXIS2_PLACEMENT_3D('',#8200,#8201,#8202);
#8200 = CARTESIAN_POINT('',(8.6,-76.1,4.));
#8201 = DIRECTION('',(-1.,6.497091670325E-17,0.));
#8202 = DIRECTION('',(-6.497091670325E-17,-1.,0.));
#8203 = PCURVE('',#6368,#8204);
#8204 = DEFINITIONAL_REPRESENTATION('',(#8205),#8209);
#8205 = LINE('',#8206,#8207);
#8206 = CARTESIAN_POINT('',(-1.570796326795,-8.6));
#8207 = VECTOR('',#8208,1.);
#8208 = DIRECTION('',(1.,0.));
#8209 = ( GEOMETRIC_REPRESENTATION_CONTEXT(2) 
PARAMETRIC_REPRESENTATION_CONTEXT() REPRESENTATION_CONTEXT('2D SPACE',''
  ) );
#8210 = PCURVE('',#4403,#8211);
#8211 = DEFINITIONAL_REPRESENTATION('',(#8212),#8216);
#8212 = LINE('',#8213,#8214);
#8213 = CARTESIAN_POINT('',(0.,3.14159265359));
#8214 = VECTOR('',#8215,1.);
#8215 = DIRECTION('',(1.,0.));
#8216 = ( GEOMETRIC_REPRESENTATION_CONTEXT(2) 
PARAMETRIC_REPRESENTATION_CONTEXT() REPRESENTATION_CONTEXT('2D SPACE',''
  ) );
#8217 = ORIENTED_EDGE('',*,*,#6526,.F.);
#8218 = ORIENTED_EDGE('',*,*,#8219,.F.);
#8219 = EDGE_CURVE('',#6353,#6527,#8220,.T.);
#8220 = SURFACE_CURVE('',#8221,(#8226,#8233),.PCURVE_S1.);
#8221 = CIRCLE('',#8222,1.);
#8222 = AXIS2_PLACEMENT_3D('',#8223,#8224,#8225);
#8223 = CARTESIAN_POINT('',(-8.6,-76.1,4.));
#8224 = DIRECTION('',(-1.,6.497091670325E-17,0.));
#8225 = DIRECTION('',(-6.497091670325E-17,-1.,0.));
#8226 = PCURVE('',#6368,#8227);
#8227 = DEFINITIONAL_REPRESENTATION('',(#8228),#8232);
#8228 = LINE('',#8229,#8230);
#8229 = CARTESIAN_POINT('',(-1.570796326795,8.6));
#8230 = VECTOR('',#8231,1.);
#8231 = DIRECTION('',(1.,0.));
#8232 = ( GEOMETRIC_REPRESENTATION_CONTEXT(2) 
PARAMETRIC_REPRESENTATION_CONTEXT() REPRESENTATION_CONTEXT('2D SPACE',''
  ) );
#8233 = PCURVE('',#3826,#8234);
#8234 = DEFINITIONAL_REPRESENTATION('',(#8235),#8239);
#8235 = LINE('',#8236,#8237);
#8236 = CARTESIAN_POINT('',(0.,3.14159265359));
#8237 = VECTOR('',#8238,1.);
#8238 = DIRECTION('',(1.,0.));
#8239 = ( GEOMETRIC_REPRESENTATION_CONTEXT(2) 
PARAMETRIC_REPRESENTATION_CONTEXT() REPRESENTATION_CONTEXT('2D SPACE',''
  ) );
#8240 = ADVANCED_FACE('',(#8241),#5389,.T.);
#8241 = FACE_BOUND('',#8242,.T.);
#8242 = EDGE_LOOP('',(#8243,#8244,#8266,#8267));
#8243 = ORIENTED_EDGE('',*,*,#5373,.F.);
#8244 = ORIENTED_EDGE('',*,*,#8245,.T.);
#8245 = EDGE_CURVE('',#5285,#6427,#8246,.T.);
#8246 = SURFACE_CURVE('',#8247,(#8252,#8259),.PCURVE_S1.);
#8247 = CIRCLE('',#8248,1.);
#8248 = AXIS2_PLACEMENT_3D('',#8249,#8250,#8251);
#8249 = CARTESIAN_POINT('',(8.6,76.1,1.));
#8250 = DIRECTION('',(-1.,6.497091670325E-17,0.));
#8251 = DIRECTION('',(-6.497091670325E-17,-1.,0.));
#8252 = PCURVE('',#5389,#8253);
#8253 = DEFINITIONAL_REPRESENTATION('',(#8254),#8258);
#8254 = LINE('',#8255,#8256);
#8255 = CARTESIAN_POINT('',(10.995574287564,8.6));
#8256 = VECTOR('',#8257,1.);
#8257 = DIRECTION('',(-1.,0.));
#8258 = ( GEOMETRIC_REPRESENTATION_CONTEXT(2) 
PARAMETRIC_REPRESENTATION_CONTEXT() REPRESENTATION_CONTEXT('2D SPACE',''
  ) );
#8259 = PCURVE('',#4556,#8260);
#8260 = DEFINITIONAL_REPRESENTATION('',(#8261),#8265);
#8261 = LINE('',#8262,#8263);
#8262 = CARTESIAN_POINT('',(0.,3.14159265359));
#8263 = VECTOR('',#8264,1.);
#8264 = DIRECTION('',(1.,0.));
#8265 = ( GEOMETRIC_REPRESENTATION_CONTEXT(2) 
PARAMETRIC_REPRESENTATION_CONTEXT() REPRESENTATION_CONTEXT('2D SPACE',''
  ) );
#8266 = ORIENTED_EDGE('',*,*,#6426,.T.);
#8267 = ORIENTED_EDGE('',*,*,#8268,.F.);
#8268 = EDGE_CURVE('',#5374,#6429,#8269,.T.);
#8269 = SURFACE_CURVE('',#8270,(#8275,#8282),.PCURVE_S1.);
#8270 = CIRCLE('',#8271,1.);
#8271 = AXIS2_PLACEMENT_3D('',#8272,#8273,#8274);
#8272 = CARTESIAN_POINT('',(-8.6,76.1,1.));
#8273 = DIRECTION('',(-1.,6.497091670325E-17,0.));
#8274 = DIRECTION('',(-6.497091670325E-17,-1.,0.));
#8275 = PCURVE('',#5389,#8276);
#8276 = DEFINITIONAL_REPRESENTATION('',(#8277),#8281);
#8277 = LINE('',#8278,#8279);
#8278 = CARTESIAN_POINT('',(10.995574287564,-8.6));
#8279 = VECTOR('',#8280,1.);
#8280 = DIRECTION('',(-1.,0.));
#8281 = ( GEOMETRIC_REPRESENTATION_CONTEXT(2) 
PARAMETRIC_REPRESENTATION_CONTEXT() REPRESENTATION_CONTEXT('2D SPACE',''
  ) );
#8282 = PCURVE('',#3935,#8283);
#8283 = DEFINITIONAL_REPRESENTATION('',(#8284),#8288);
#8284 = LINE('',#8285,#8286);
#8285 = CARTESIAN_POINT('',(0.,3.14159265359));
#8286 = VECTOR('',#8287,1.);
#8287 = DIRECTION('',(1.,0.));
#8288 = ( GEOMETRIC_REPRESENTATION_CONTEXT(2) 
PARAMETRIC_REPRESENTATION_CONTEXT() REPRESENTATION_CONTEXT('2D SPACE',''
  ) );
#8289 = ADVANCED_FACE('',(#8290),#5596,.T.);
#8290 = FACE_BOUND('',#8291,.T.);
#8291 = EDGE_LOOP('',(#8292,#8293,#8315,#8316));
#8292 = ORIENTED_EDGE('',*,*,#6479,.T.);
#8293 = ORIENTED_EDGE('',*,*,#8294,.T.);
#8294 = EDGE_CURVE('',#6457,#5492,#8295,.T.);
#8295 = SURFACE_CURVE('',#8296,(#8301,#8308),.PCURVE_S1.);
#8296 = CIRCLE('',#8297,1.);
#8297 = AXIS2_PLACEMENT_3D('',#8298,#8299,#8300);
#8298 = CARTESIAN_POINT('',(8.6,76.1,4.));
#8299 = DIRECTION('',(-1.,6.497091670325E-17,0.));
#8300 = DIRECTION('',(-6.497091670325E-17,-1.,0.));
#8301 = PCURVE('',#5596,#8302);
#8302 = DEFINITIONAL_REPRESENTATION('',(#8303),#8307);
#8303 = LINE('',#8304,#8305);
#8304 = CARTESIAN_POINT('',(4.712388980385,8.6));
#8305 = VECTOR('',#8306,1.);
#8306 = DIRECTION('',(-1.,0.));
#8307 = ( GEOMETRIC_REPRESENTATION_CONTEXT(2) 
PARAMETRIC_REPRESENTATION_CONTEXT() REPRESENTATION_CONTEXT('2D SPACE',''
  ) );
#8308 = PCURVE('',#4499,#8309);
#8309 = DEFINITIONAL_REPRESENTATION('',(#8310),#8314);
#8310 = LINE('',#8311,#8312);
#8311 = CARTESIAN_POINT('',(0.,3.14159265359));
#8312 = VECTOR('',#8313,1.);
#8313 = DIRECTION('',(1.,0.));
#8314 = ( GEOMETRIC_REPRESENTATION_CONTEXT(2) 
PARAMETRIC_REPRESENTATION_CONTEXT() REPRESENTATION_CONTEXT('2D SPACE',''
  ) );
#8315 = ORIENTED_EDGE('',*,*,#5582,.F.);
#8316 = ORIENTED_EDGE('',*,*,#8317,.F.);
#8317 = EDGE_CURVE('',#6480,#5560,#8318,.T.);
#8318 = SURFACE_CURVE('',#8319,(#8324,#8331),.PCURVE_S1.);
#8319 = CIRCLE('',#8320,1.);
#8320 = AXIS2_PLACEMENT_3D('',#8321,#8322,#8323);
#8321 = CARTESIAN_POINT('',(-8.6,76.1,4.));
#8322 = DIRECTION('',(-1.,6.497091670325E-17,0.));
#8323 = DIRECTION('',(-6.497091670325E-17,-1.,0.));
#8324 = PCURVE('',#5596,#8325);
#8325 = DEFINITIONAL_REPRESENTATION('',(#8326),#8330);
#8326 = LINE('',#8327,#8328);
#8327 = CARTESIAN_POINT('',(4.712388980385,-8.6));
#8328 = VECTOR('',#8329,1.);
#8329 = DIRECTION('',(-1.,0.));
#8330 = ( GEOMETRIC_REPRESENTATION_CONTEXT(2) 
PARAMETRIC_REPRESENTATION_CONTEXT() REPRESENTATION_CONTEXT('2D SPACE',''
  ) );
#8331 = PCURVE('',#3992,#8332);
#8332 = DEFINITIONAL_REPRESENTATION('',(#8333),#8337);
#8333 = LINE('',#8334,#8335);
#8334 = CARTESIAN_POINT('',(0.,3.14159265359));
#8335 = VECTOR('',#8336,1.);
#8336 = DIRECTION('',(1.,0.));
#8337 = ( GEOMETRIC_REPRESENTATION_CONTEXT(2) 
PARAMETRIC_REPRESENTATION_CONTEXT() REPRESENTATION_CONTEXT('2D SPACE',''
  ) );
#8338 = ADVANCED_FACE('',(#8339),#6291,.F.);
#8339 = FACE_BOUND('',#8340,.F.);
#8340 = EDGE_LOOP('',(#8341,#8362,#8363,#8364));
#8341 = ORIENTED_EDGE('',*,*,#8342,.T.);
#8342 = EDGE_CURVE('',#6989,#6275,#8343,.T.);
#8343 = SEAM_CURVE('',#8344,(#8348,#8355),.PCURVE_S1.);
#8344 = LINE('',#8345,#8346);
#8345 = CARTESIAN_POINT('',(-10.05,90.1,60.));
#8346 = VECTOR('',#8347,1.);
#8347 = DIRECTION('',(0.,0.,1.));
#8348 = PCURVE('',#6291,#8349);
#8349 = DEFINITIONAL_REPRESENTATION('',(#8350),#8354);
#8350 = LINE('',#8351,#8352);
#8351 = CARTESIAN_POINT('',(9.424777960769,0.));
#8352 = VECTOR('',#8353,1.);
#8353 = DIRECTION('',(0.,1.));
#8354 = ( GEOMETRIC_REPRESENTATION_CONTEXT(2) 
PARAMETRIC_REPRESENTATION_CONTEXT() REPRESENTATION_CONTEXT('2D SPACE',''
  ) );
#8355 = PCURVE('',#6291,#8356);
#8356 = DEFINITIONAL_REPRESENTATION('',(#8357),#8361);
#8357 = LINE('',#8358,#8359);
#8358 = CARTESIAN_POINT('',(3.14159265359,0.));
#8359 = VECTOR('',#8360,1.);
#8360 = DIRECTION('',(0.,1.));
#8361 = ( GEOMETRIC_REPRESENTATION_CONTEXT(2) 
PARAMETRIC_REPRESENTATION_CONTEXT() REPRESENTATION_CONTEXT('2D SPACE',''
  ) );
#8362 = ORIENTED_EDGE('',*,*,#6274,.F.);
#8363 = ORIENTED_EDGE('',*,*,#8342,.F.);
#8364 = ORIENTED_EDGE('',*,*,#6988,.T.);
#8365 = ADVANCED_FACE('',(#8366),#6260,.F.);
#8366 = FACE_BOUND('',#8367,.F.);
#8367 = EDGE_LOOP('',(#8368,#8389,#8390,#8391));
#8368 = ORIENTED_EDGE('',*,*,#8369,.T.);
#8369 = EDGE_CURVE('',#6963,#6244,#8370,.T.);
#8370 = SEAM_CURVE('',#8371,(#8375,#8382),.PCURVE_S1.);
#8371 = LINE('',#8372,#8373);
#8372 = CARTESIAN_POINT('',(7.15,90.1,60.));
#8373 = VECTOR('',#8374,1.);
#8374 = DIRECTION('',(0.,0.,1.));
#8375 = PCURVE('',#6260,#8376);
#8376 = DEFINITIONAL_REPRESENTATION('',(#8377),#8381);
#8377 = LINE('',#8378,#8379);
#8378 = CARTESIAN_POINT('',(9.424777960769,0.));
#8379 = VECTOR('',#8380,1.);
#8380 = DIRECTION('',(0.,1.));
#8381 = ( GEOMETRIC_REPRESENTATION_CONTEXT(2) 
PARAMETRIC_REPRESENTATION_CONTEXT() REPRESENTATION_CONTEXT('2D SPACE',''
  ) );
#8382 = PCURVE('',#6260,#8383);
#8383 = DEFINITIONAL_REPRESENTATION('',(#8384),#8388);
#8384 = LINE('',#8385,#8386);
#8385 = CARTESIAN_POINT('',(3.14159265359,0.));
#8386 = VECTOR('',#8387,1.);
#8387 = DIRECTION('',(0.,1.));
#8388 = ( GEOMETRIC_REPRESENTATION_CONTEXT(2) 
PARAMETRIC_REPRESENTATION_CONTEXT() REPRESENTATION_CONTEXT('2D SPACE',''
  ) );
#8389 = ORIENTED_EDGE('',*,*,#6243,.F.);
#8390 = ORIENTED_EDGE('',*,*,#8369,.F.);
#8391 = ORIENTED_EDGE('',*,*,#6962,.T.);
#8392 = ADVANCED_FACE('',(#8393),#6229,.F.);
#8393 = FACE_BOUND('',#8394,.F.);
#8394 = EDGE_LOOP('',(#8395,#8416,#8417,#8418));
#8395 = ORIENTED_EDGE('',*,*,#8396,.T.);
#8396 = EDGE_CURVE('',#6771,#6213,#8397,.T.);
#8397 = SEAM_CURVE('',#8398,(#8402,#8409),.PCURVE_S1.);
#8398 = LINE('',#8399,#8400);
#8399 = CARTESIAN_POINT('',(7.15,-90.1,60.));
#8400 = VECTOR('',#8401,1.);
#8401 = DIRECTION('',(0.,0.,1.));
#8402 = PCURVE('',#6229,#8403);
#8403 = DEFINITIONAL_REPRESENTATION('',(#8404),#8408);
#8404 = LINE('',#8405,#8406);
#8405 = CARTESIAN_POINT('',(9.424777960769,0.));
#8406 = VECTOR('',#8407,1.);
#8407 = DIRECTION('',(0.,1.));
#8408 = ( GEOMETRIC_REPRESENTATION_CONTEXT(2) 
PARAMETRIC_REPRESENTATION_CONTEXT() REPRESENTATION_CONTEXT('2D SPACE',''
  ) );
#8409 = PCURVE('',#6229,#8410);
#8410 = DEFINITIONAL_REPRESENTATION('',(#8411),#8415);
#8411 = LINE('',#8412,#8413);
#8412 = CARTESIAN_POINT('',(3.14159265359,0.));
#8413 = VECTOR('',#8414,1.);
#8414 = DIRECTION('',(0.,1.));
#8415 = ( GEOMETRIC_REPRESENTATION_CONTEXT(2) 
PARAMETRIC_REPRESENTATION_CONTEXT() REPRESENTATION_CONTEXT('2D SPACE',''
  ) );
#8416 = ORIENTED_EDGE('',*,*,#6212,.F.);
#8417 = ORIENTED_EDGE('',*,*,#8396,.F.);
#8418 = ORIENTED_EDGE('',*,*,#6770,.T.);
#8419 = ADVANCED_FACE('',(#8420),#6198,.F.);
#8420 = FACE_BOUND('',#8421,.F.);
#8421 = EDGE_LOOP('',(#8422,#8443,#8444,#8445));
#8422 = ORIENTED_EDGE('',*,*,#8423,.T.);
#8423 = EDGE_CURVE('',#6745,#6182,#8424,.T.);
#8424 = SEAM_CURVE('',#8425,(#8429,#8436),.PCURVE_S1.);
#8425 = LINE('',#8426,#8427);
#8426 = CARTESIAN_POINT('',(-10.05,-90.1,60.));
#8427 = VECTOR('',#8428,1.);
#8428 = DIRECTION('',(0.,0.,1.));
#8429 = PCURVE('',#6198,#8430);
#8430 = DEFINITIONAL_REPRESENTATION('',(#8431),#8435);
#8431 = LINE('',#8432,#8433);
#8432 = CARTESIAN_POINT('',(9.424777960769,0.));
#8433 = VECTOR('',#8434,1.);
#8434 = DIRECTION('',(0.,1.));
#8435 = ( GEOMETRIC_REPRESENTATION_CONTEXT(2) 
PARAMETRIC_REPRESENTATION_CONTEXT() REPRESENTATION_CONTEXT('2D SPACE',''
  ) );
#8436 = PCURVE('',#6198,#8437);
#8437 = DEFINITIONAL_REPRESENTATION('',(#8438),#8442);
#8438 = LINE('',#8439,#8440);
#8439 = CARTESIAN_POINT('',(3.14159265359,0.));
#8440 = VECTOR('',#8441,1.);
#8441 = DIRECTION('',(0.,1.));
#8442 = ( GEOMETRIC_REPRESENTATION_CONTEXT(2) 
PARAMETRIC_REPRESENTATION_CONTEXT() REPRESENTATION_CONTEXT('2D SPACE',''
  ) );
#8443 = ORIENTED_EDGE('',*,*,#6181,.F.);
#8444 = ORIENTED_EDGE('',*,*,#8423,.F.);
#8445 = ORIENTED_EDGE('',*,*,#6744,.T.);
#8446 = ADVANCED_FACE('',(#8447),#2023,.T.);
#8447 = FACE_BOUND('',#8448,.T.);
#8448 = EDGE_LOOP('',(#8449,#8450,#8451,#8452));
#8449 = ORIENTED_EDGE('',*,*,#6129,.F.);
#8450 = ORIENTED_EDGE('',*,*,#7016,.T.);
#8451 = ORIENTED_EDGE('',*,*,#6845,.T.);
#8452 = ORIENTED_EDGE('',*,*,#2007,.F.);
#8453 = ADVANCED_FACE('',(#8454),#2306,.T.);
#8454 = FACE_BOUND('',#8455,.T.);
#8455 = EDGE_LOOP('',(#8456,#8457,#8458,#8459));
#8456 = ORIENTED_EDGE('',*,*,#6077,.F.);
#8457 = ORIENTED_EDGE('',*,*,#2290,.T.);
#8458 = ORIENTED_EDGE('',*,*,#6892,.T.);
#8459 = ORIENTED_EDGE('',*,*,#7038,.F.);
#8460 = ADVANCED_FACE('',(#8461),#2357,.T.);
#8461 = FACE_BOUND('',#8462,.T.);
#8462 = EDGE_LOOP('',(#8463,#8464,#8465,#8466));
#8463 = ORIENTED_EDGE('',*,*,#6054,.F.);
#8464 = ORIENTED_EDGE('',*,*,#6798,.T.);
#8465 = ORIENTED_EDGE('',*,*,#6627,.T.);
#8466 = ORIENTED_EDGE('',*,*,#2341,.F.);
#8467 = ADVANCED_FACE('',(#8468),#2245,.T.);
#8468 = FACE_BOUND('',#8469,.T.);
#8469 = EDGE_LOOP('',(#8470,#8471,#8472,#8473));
#8470 = ORIENTED_EDGE('',*,*,#6002,.F.);
#8471 = ORIENTED_EDGE('',*,*,#2231,.T.);
#8472 = ORIENTED_EDGE('',*,*,#6674,.T.);
#8473 = ORIENTED_EDGE('',*,*,#6820,.F.);
#8474 = ADVANCED_FACE('',(#8475),#4608,.F.);
#8475 = FACE_BOUND('',#8476,.F.);
#8476 = EDGE_LOOP('',(#8477,#8478,#8500,#8501));
#8477 = ORIENTED_EDGE('',*,*,#4591,.F.);
#8478 = ORIENTED_EDGE('',*,*,#8479,.T.);
#8479 = EDGE_CURVE('',#4592,#6557,#8480,.T.);
#8480 = SURFACE_CURVE('',#8481,(#8486,#8493),.PCURVE_S1.);
#8481 = CIRCLE('',#8482,5.);
#8482 = AXIS2_PLACEMENT_3D('',#8483,#8484,#8485);
#8483 = CARTESIAN_POINT('',(8.6,-70.1,1.));
#8484 = DIRECTION('',(0.,0.,-1.));
#8485 = DIRECTION('',(-1.,0.,0.));
#8486 = PCURVE('',#4608,#8487);
#8487 = DEFINITIONAL_REPRESENTATION('',(#8488),#8492);
#8488 = LINE('',#8489,#8490);
#8489 = CARTESIAN_POINT('',(3.14159265359,7.853981633974));
#8490 = VECTOR('',#8491,1.);
#8491 = DIRECTION('',(0.,-1.));
#8492 = ( GEOMETRIC_REPRESENTATION_CONTEXT(2) 
PARAMETRIC_REPRESENTATION_CONTEXT() REPRESENTATION_CONTEXT('2D SPACE',''
  ) );
#8493 = PCURVE('',#4634,#8494);
#8494 = DEFINITIONAL_REPRESENTATION('',(#8495),#8499);
#8495 = LINE('',#8496,#8497);
#8496 = CARTESIAN_POINT('',(0.,24.));
#8497 = VECTOR('',#8498,1.);
#8498 = DIRECTION('',(1.,0.));
#8499 = ( GEOMETRIC_REPRESENTATION_CONTEXT(2) 
PARAMETRIC_REPRESENTATION_CONTEXT() REPRESENTATION_CONTEXT('2D SPACE',''
  ) );
#8500 = ORIENTED_EDGE('',*,*,#8147,.T.);
#8501 = ORIENTED_EDGE('',*,*,#5196,.F.);
#8502 = ADVANCED_FACE('',(#8503),#4634,.F.);
#8503 = FACE_BOUND('',#8504,.F.);
#8504 = EDGE_LOOP('',(#8505,#8506,#8528,#8529));
#8505 = ORIENTED_EDGE('',*,*,#4620,.F.);
#8506 = ORIENTED_EDGE('',*,*,#8507,.T.);
#8507 = EDGE_CURVE('',#4387,#6529,#8508,.T.);
#8508 = SURFACE_CURVE('',#8509,(#8514,#8521),.PCURVE_S1.);
#8509 = CIRCLE('',#8510,5.);
#8510 = AXIS2_PLACEMENT_3D('',#8511,#8512,#8513);
#8511 = CARTESIAN_POINT('',(8.6,-70.1,4.));
#8512 = DIRECTION('',(0.,0.,-1.));
#8513 = DIRECTION('',(-1.,0.,0.));
#8514 = PCURVE('',#4634,#8515);
#8515 = DEFINITIONAL_REPRESENTATION('',(#8516),#8520);
#8516 = LINE('',#8517,#8518);
#8517 = CARTESIAN_POINT('',(0.,21.));
#8518 = VECTOR('',#8519,1.);
#8519 = DIRECTION('',(1.,0.));
#8520 = ( GEOMETRIC_REPRESENTATION_CONTEXT(2) 
PARAMETRIC_REPRESENTATION_CONTEXT() REPRESENTATION_CONTEXT('2D SPACE',''
  ) );
#8521 = PCURVE('',#4403,#8522);
#8522 = DEFINITIONAL_REPRESENTATION('',(#8523),#8527);
#8523 = LINE('',#8524,#8525);
#8524 = CARTESIAN_POINT('',(3.14159265359,7.853981633974));
#8525 = VECTOR('',#8526,1.);
#8526 = DIRECTION('',(0.,-1.));
#8527 = ( GEOMETRIC_REPRESENTATION_CONTEXT(2) 
PARAMETRIC_REPRESENTATION_CONTEXT() REPRESENTATION_CONTEXT('2D SPACE',''
  ) );
#8528 = ORIENTED_EDGE('',*,*,#6556,.T.);
#8529 = ORIENTED_EDGE('',*,*,#8479,.F.);
#8530 = ADVANCED_FACE('',(#8531),#4403,.F.);
#8531 = FACE_BOUND('',#8532,.F.);
#8532 = EDGE_LOOP('',(#8533,#8534,#8556,#8557));
#8533 = ORIENTED_EDGE('',*,*,#4384,.F.);
#8534 = ORIENTED_EDGE('',*,*,#8535,.T.);
#8535 = EDGE_CURVE('',#4385,#6330,#8536,.T.);
#8536 = SURFACE_CURVE('',#8537,(#8542,#8549),.PCURVE_S1.);
#8537 = CIRCLE('',#8538,5.);
#8538 = AXIS2_PLACEMENT_3D('',#8539,#8540,#8541);
#8539 = CARTESIAN_POINT('',(8.6,-76.1,10.));
#8540 = DIRECTION('',(0.,1.,0.));
#8541 = DIRECTION('',(0.,-0.,1.));
#8542 = PCURVE('',#4403,#8543);
#8543 = DEFINITIONAL_REPRESENTATION('',(#8544),#8548);
#8544 = LINE('',#8545,#8546);
#8545 = CARTESIAN_POINT('',(1.570796326795,6.28318530718));
#8546 = VECTOR('',#8547,1.);
#8547 = DIRECTION('',(0.,-1.));
#8548 = ( GEOMETRIC_REPRESENTATION_CONTEXT(2) 
PARAMETRIC_REPRESENTATION_CONTEXT() REPRESENTATION_CONTEXT('2D SPACE',''
  ) );
#8549 = PCURVE('',#1039,#8550);
#8550 = DEFINITIONAL_REPRESENTATION('',(#8551),#8555);
#8551 = LINE('',#8552,#8553);
#8552 = CARTESIAN_POINT('',(7.853981633974,76.1));
#8553 = VECTOR('',#8554,1.);
#8554 = DIRECTION('',(-1.,0.));
#8555 = ( GEOMETRIC_REPRESENTATION_CONTEXT(2) 
PARAMETRIC_REPRESENTATION_CONTEXT() REPRESENTATION_CONTEXT('2D SPACE',''
  ) );
#8556 = ORIENTED_EDGE('',*,*,#8196,.T.);
#8557 = ORIENTED_EDGE('',*,*,#8507,.F.);
#8558 = ADVANCED_FACE('',(#8559),#1039,.F.);
#8559 = FACE_BOUND('',#8560,.F.);
#8560 = EDGE_LOOP('',(#8561,#8562,#8563,#8564));
#8561 = ORIENTED_EDGE('',*,*,#6329,.T.);
#8562 = ORIENTED_EDGE('',*,*,#8535,.F.);
#8563 = ORIENTED_EDGE('',*,*,#4415,.F.);
#8564 = ORIENTED_EDGE('',*,*,#1022,.F.);
#8565 = ADVANCED_FACE('',(#8566),#4556,.F.);
#8566 = FACE_BOUND('',#8567,.F.);
#8567 = EDGE_LOOP('',(#8568,#8569,#8591,#8592));
#8568 = ORIENTED_EDGE('',*,*,#8245,.T.);
#8569 = ORIENTED_EDGE('',*,*,#8570,.T.);
#8570 = EDGE_CURVE('',#6427,#4512,#8571,.T.);
#8571 = SURFACE_CURVE('',#8572,(#8577,#8584),.PCURVE_S1.);
#8572 = CIRCLE('',#8573,5.);
#8573 = AXIS2_PLACEMENT_3D('',#8574,#8575,#8576);
#8574 = CARTESIAN_POINT('',(8.6,70.1,1.));
#8575 = DIRECTION('',(0.,0.,-1.));
#8576 = DIRECTION('',(-1.,0.,0.));
#8577 = PCURVE('',#4556,#8578);
#8578 = DEFINITIONAL_REPRESENTATION('',(#8579),#8583);
#8579 = LINE('',#8580,#8581);
#8580 = CARTESIAN_POINT('',(6.28318530718,1.570796326795));
#8581 = VECTOR('',#8582,1.);
#8582 = DIRECTION('',(0.,1.));
#8583 = ( GEOMETRIC_REPRESENTATION_CONTEXT(2) 
PARAMETRIC_REPRESENTATION_CONTEXT() REPRESENTATION_CONTEXT('2D SPACE',''
  ) );
#8584 = PCURVE('',#4527,#8585);
#8585 = DEFINITIONAL_REPRESENTATION('',(#8586),#8590);
#8586 = LINE('',#8587,#8588);
#8587 = CARTESIAN_POINT('',(3.14159265359,-84.));
#8588 = VECTOR('',#8589,1.);
#8589 = DIRECTION('',(-1.,0.));
#8590 = ( GEOMETRIC_REPRESENTATION_CONTEXT(2) 
PARAMETRIC_REPRESENTATION_CONTEXT() REPRESENTATION_CONTEXT('2D SPACE',''
  ) );
#8591 = ORIENTED_EDGE('',*,*,#4539,.F.);
#8592 = ORIENTED_EDGE('',*,*,#5284,.T.);
#8593 = ADVANCED_FACE('',(#8594),#4527,.F.);
#8594 = FACE_BOUND('',#8595,.F.);
#8595 = EDGE_LOOP('',(#8596,#8597,#8619,#8620));
#8596 = ORIENTED_EDGE('',*,*,#6456,.F.);
#8597 = ORIENTED_EDGE('',*,*,#8598,.T.);
#8598 = EDGE_CURVE('',#6457,#4483,#8599,.T.);
#8599 = SURFACE_CURVE('',#8600,(#8605,#8612),.PCURVE_S1.);
#8600 = CIRCLE('',#8601,5.);
#8601 = AXIS2_PLACEMENT_3D('',#8602,#8603,#8604);
#8602 = CARTESIAN_POINT('',(8.6,70.1,4.));
#8603 = DIRECTION('',(0.,0.,-1.));
#8604 = DIRECTION('',(-1.,0.,0.));
#8605 = PCURVE('',#4527,#8606);
#8606 = DEFINITIONAL_REPRESENTATION('',(#8607),#8611);
#8607 = LINE('',#8608,#8609);
#8608 = CARTESIAN_POINT('',(3.14159265359,-81.));
#8609 = VECTOR('',#8610,1.);
#8610 = DIRECTION('',(-1.,0.));
#8611 = ( GEOMETRIC_REPRESENTATION_CONTEXT(2) 
PARAMETRIC_REPRESENTATION_CONTEXT() REPRESENTATION_CONTEXT('2D SPACE',''
  ) );
#8612 = PCURVE('',#4499,#8613);
#8613 = DEFINITIONAL_REPRESENTATION('',(#8614),#8618);
#8614 = LINE('',#8615,#8616);
#8615 = CARTESIAN_POINT('',(0.,1.570796326795));
#8616 = VECTOR('',#8617,1.);
#8617 = DIRECTION('',(0.,1.));
#8618 = ( GEOMETRIC_REPRESENTATION_CONTEXT(2) 
PARAMETRIC_REPRESENTATION_CONTEXT() REPRESENTATION_CONTEXT('2D SPACE',''
  ) );
#8619 = ORIENTED_EDGE('',*,*,#4511,.T.);
#8620 = ORIENTED_EDGE('',*,*,#8570,.F.);
#8621 = ADVANCED_FACE('',(#8622),#4499,.F.);
#8622 = FACE_BOUND('',#8623,.F.);
#8623 = EDGE_LOOP('',(#8624,#8625,#8647,#8648));
#8624 = ORIENTED_EDGE('',*,*,#8294,.T.);
#8625 = ORIENTED_EDGE('',*,*,#8626,.T.);
#8626 = EDGE_CURVE('',#5492,#4460,#8627,.T.);
#8627 = SURFACE_CURVE('',#8628,(#8633,#8640),.PCURVE_S1.);
#8628 = CIRCLE('',#8629,5.);
#8629 = AXIS2_PLACEMENT_3D('',#8630,#8631,#8632);
#8630 = CARTESIAN_POINT('',(8.6,76.1,10.));
#8631 = DIRECTION('',(0.,-1.,0.));
#8632 = DIRECTION('',(0.,0.,-1.));
#8633 = PCURVE('',#4499,#8634);
#8634 = DEFINITIONAL_REPRESENTATION('',(#8635),#8639);
#8635 = LINE('',#8636,#8637);
#8636 = CARTESIAN_POINT('',(1.570796326795,3.14159265359));
#8637 = VECTOR('',#8638,1.);
#8638 = DIRECTION('',(0.,1.));
#8639 = ( GEOMETRIC_REPRESENTATION_CONTEXT(2) 
PARAMETRIC_REPRESENTATION_CONTEXT() REPRESENTATION_CONTEXT('2D SPACE',''
  ) );
#8640 = PCURVE('',#1287,#8641);
#8641 = DEFINITIONAL_REPRESENTATION('',(#8642),#8646);
#8642 = LINE('',#8643,#8644);
#8643 = CARTESIAN_POINT('',(4.712388980385,-76.1));
#8644 = VECTOR('',#8645,1.);
#8645 = DIRECTION('',(1.,0.));
#8646 = ( GEOMETRIC_REPRESENTATION_CONTEXT(2) 
PARAMETRIC_REPRESENTATION_CONTEXT() REPRESENTATION_CONTEXT('2D SPACE',''
  ) );
#8647 = ORIENTED_EDGE('',*,*,#4482,.F.);
#8648 = ORIENTED_EDGE('',*,*,#8598,.F.);
#8649 = ADVANCED_FACE('',(#8650),#1287,.F.);
#8650 = FACE_BOUND('',#8651,.F.);
#8651 = EDGE_LOOP('',(#8652,#8653,#8654,#8655));
#8652 = ORIENTED_EDGE('',*,*,#5491,.T.);
#8653 = ORIENTED_EDGE('',*,*,#1270,.T.);
#8654 = ORIENTED_EDGE('',*,*,#4459,.F.);
#8655 = ORIENTED_EDGE('',*,*,#8626,.F.);
#8656 = ADVANCED_FACE('',(#8657),#3883,.F.);
#8657 = FACE_BOUND('',#8658,.F.);
#8658 = EDGE_LOOP('',(#8659,#8660,#8682,#8683));
#8659 = ORIENTED_EDGE('',*,*,#8170,.F.);
#8660 = ORIENTED_EDGE('',*,*,#8661,.T.);
#8661 = EDGE_CURVE('',#6580,#3839,#8662,.T.);
#8662 = SURFACE_CURVE('',#8663,(#8668,#8675),.PCURVE_S1.);
#8663 = CIRCLE('',#8664,5.);
#8664 = AXIS2_PLACEMENT_3D('',#8665,#8666,#8667);
#8665 = CARTESIAN_POINT('',(-8.6,-70.1,1.));
#8666 = DIRECTION('',(0.,0.,-1.));
#8667 = DIRECTION('',(-1.,0.,0.));
#8668 = PCURVE('',#3883,#8669);
#8669 = DEFINITIONAL_REPRESENTATION('',(#8670),#8674);
#8670 = LINE('',#8671,#8672);
#8671 = CARTESIAN_POINT('',(3.14159265359,7.853981633974));
#8672 = VECTOR('',#8673,1.);
#8673 = DIRECTION('',(0.,-1.));
#8674 = ( GEOMETRIC_REPRESENTATION_CONTEXT(2) 
PARAMETRIC_REPRESENTATION_CONTEXT() REPRESENTATION_CONTEXT('2D SPACE',''
  ) );
#8675 = PCURVE('',#3854,#8676);
#8676 = DEFINITIONAL_REPRESENTATION('',(#8677),#8681);
#8677 = LINE('',#8678,#8679);
#8678 = CARTESIAN_POINT('',(9.424777960769,-84.));
#8679 = VECTOR('',#8680,1.);
#8680 = DIRECTION('',(-1.,0.));
#8681 = ( GEOMETRIC_REPRESENTATION_CONTEXT(2) 
PARAMETRIC_REPRESENTATION_CONTEXT() REPRESENTATION_CONTEXT('2D SPACE',''
  ) );
#8682 = ORIENTED_EDGE('',*,*,#3866,.T.);
#8683 = ORIENTED_EDGE('',*,*,#5079,.T.);
#8684 = ADVANCED_FACE('',(#8685),#3854,.F.);
#8685 = FACE_BOUND('',#8686,.F.);
#8686 = EDGE_LOOP('',(#8687,#8688,#8710,#8711));
#8687 = ORIENTED_EDGE('',*,*,#6602,.F.);
#8688 = ORIENTED_EDGE('',*,*,#8689,.T.);
#8689 = EDGE_CURVE('',#6527,#3810,#8690,.T.);
#8690 = SURFACE_CURVE('',#8691,(#8696,#8703),.PCURVE_S1.);
#8691 = CIRCLE('',#8692,5.);
#8692 = AXIS2_PLACEMENT_3D('',#8693,#8694,#8695);
#8693 = CARTESIAN_POINT('',(-8.6,-70.1,4.));
#8694 = DIRECTION('',(0.,0.,-1.));
#8695 = DIRECTION('',(-1.,0.,0.));
#8696 = PCURVE('',#3854,#8697);
#8697 = DEFINITIONAL_REPRESENTATION('',(#8698),#8702);
#8698 = LINE('',#8699,#8700);
#8699 = CARTESIAN_POINT('',(9.424777960769,-81.));
#8700 = VECTOR('',#8701,1.);
#8701 = DIRECTION('',(-1.,0.));
#8702 = ( GEOMETRIC_REPRESENTATION_CONTEXT(2) 
PARAMETRIC_REPRESENTATION_CONTEXT() REPRESENTATION_CONTEXT('2D SPACE',''
  ) );
#8703 = PCURVE('',#3826,#8704);
#8704 = DEFINITIONAL_REPRESENTATION('',(#8705),#8709);
#8705 = LINE('',#8706,#8707);
#8706 = CARTESIAN_POINT('',(3.14159265359,7.853981633974));
#8707 = VECTOR('',#8708,1.);
#8708 = DIRECTION('',(0.,-1.));
#8709 = ( GEOMETRIC_REPRESENTATION_CONTEXT(2) 
PARAMETRIC_REPRESENTATION_CONTEXT() REPRESENTATION_CONTEXT('2D SPACE',''
  ) );
#8710 = ORIENTED_EDGE('',*,*,#3838,.T.);
#8711 = ORIENTED_EDGE('',*,*,#8661,.F.);
#8712 = ADVANCED_FACE('',(#8713),#3826,.F.);
#8713 = FACE_BOUND('',#8714,.F.);
#8714 = EDGE_LOOP('',(#8715,#8716,#8738,#8739));
#8715 = ORIENTED_EDGE('',*,*,#8219,.F.);
#8716 = ORIENTED_EDGE('',*,*,#8717,.T.);
#8717 = EDGE_CURVE('',#6353,#3787,#8718,.T.);
#8718 = SURFACE_CURVE('',#8719,(#8724,#8731),.PCURVE_S1.);
#8719 = CIRCLE('',#8720,5.);
#8720 = AXIS2_PLACEMENT_3D('',#8721,#8722,#8723);
#8721 = CARTESIAN_POINT('',(-8.6,-76.1,10.));
#8722 = DIRECTION('',(0.,1.,0.));
#8723 = DIRECTION('',(0.,-0.,1.));
#8724 = PCURVE('',#3826,#8725);
#8725 = DEFINITIONAL_REPRESENTATION('',(#8726),#8730);
#8726 = LINE('',#8727,#8728);
#8727 = CARTESIAN_POINT('',(1.570796326795,6.28318530718));
#8728 = VECTOR('',#8729,1.);
#8729 = DIRECTION('',(0.,-1.));
#8730 = ( GEOMETRIC_REPRESENTATION_CONTEXT(2) 
PARAMETRIC_REPRESENTATION_CONTEXT() REPRESENTATION_CONTEXT('2D SPACE',''
  ) );
#8731 = PCURVE('',#926,#8732);
#8732 = DEFINITIONAL_REPRESENTATION('',(#8733),#8737);
#8733 = LINE('',#8734,#8735);
#8734 = CARTESIAN_POINT('',(1.570796326795,-76.1));
#8735 = VECTOR('',#8736,1.);
#8736 = DIRECTION('',(1.,0.));
#8737 = ( GEOMETRIC_REPRESENTATION_CONTEXT(2) 
PARAMETRIC_REPRESENTATION_CONTEXT() REPRESENTATION_CONTEXT('2D SPACE',''
  ) );
#8738 = ORIENTED_EDGE('',*,*,#3809,.T.);
#8739 = ORIENTED_EDGE('',*,*,#8689,.F.);
#8740 = ADVANCED_FACE('',(#8741),#926,.F.);
#8741 = FACE_BOUND('',#8742,.F.);
#8742 = EDGE_LOOP('',(#8743,#8744,#8745,#8746));
#8743 = ORIENTED_EDGE('',*,*,#3786,.T.);
#8744 = ORIENTED_EDGE('',*,*,#8717,.F.);
#8745 = ORIENTED_EDGE('',*,*,#6380,.F.);
#8746 = ORIENTED_EDGE('',*,*,#909,.F.);
#8747 = ADVANCED_FACE('',(#8748),#3935,.F.);
#8748 = FACE_BOUND('',#8749,.F.);
#8749 = EDGE_LOOP('',(#8750,#8751,#8773,#8774));
#8750 = ORIENTED_EDGE('',*,*,#3918,.T.);
#8751 = ORIENTED_EDGE('',*,*,#8752,.T.);
#8752 = EDGE_CURVE('',#3919,#6429,#8753,.T.);
#8753 = SURFACE_CURVE('',#8754,(#8759,#8766),.PCURVE_S1.);
#8754 = CIRCLE('',#8755,5.);
#8755 = AXIS2_PLACEMENT_3D('',#8756,#8757,#8758);
#8756 = CARTESIAN_POINT('',(-8.6,70.1,1.));
#8757 = DIRECTION('',(0.,0.,-1.));
#8758 = DIRECTION('',(-1.,0.,0.));
#8759 = PCURVE('',#3935,#8760);
#8760 = DEFINITIONAL_REPRESENTATION('',(#8761),#8765);
#8761 = LINE('',#8762,#8763);
#8762 = CARTESIAN_POINT('',(6.28318530718,1.570796326795));
#8763 = VECTOR('',#8764,1.);
#8764 = DIRECTION('',(0.,1.));
#8765 = ( GEOMETRIC_REPRESENTATION_CONTEXT(2) 
PARAMETRIC_REPRESENTATION_CONTEXT() REPRESENTATION_CONTEXT('2D SPACE',''
  ) );
#8766 = PCURVE('',#3963,#8767);
#8767 = DEFINITIONAL_REPRESENTATION('',(#8768),#8772);
#8768 = LINE('',#8769,#8770);
#8769 = CARTESIAN_POINT('',(0.,24.));
#8770 = VECTOR('',#8771,1.);
#8771 = DIRECTION('',(1.,0.));
#8772 = ( GEOMETRIC_REPRESENTATION_CONTEXT(2) 
PARAMETRIC_REPRESENTATION_CONTEXT() REPRESENTATION_CONTEXT('2D SPACE',''
  ) );
#8773 = ORIENTED_EDGE('',*,*,#8268,.F.);
#8774 = ORIENTED_EDGE('',*,*,#5401,.F.);
#8775 = ADVANCED_FACE('',(#8776),#3963,.F.);
#8776 = FACE_BOUND('',#8777,.F.);
#8777 = EDGE_LOOP('',(#8778,#8779,#8801,#8802));
#8778 = ORIENTED_EDGE('',*,*,#3947,.F.);
#8779 = ORIENTED_EDGE('',*,*,#8780,.T.);
#8780 = EDGE_CURVE('',#3948,#6480,#8781,.T.);
#8781 = SURFACE_CURVE('',#8782,(#8787,#8794),.PCURVE_S1.);
#8782 = CIRCLE('',#8783,5.);
#8783 = AXIS2_PLACEMENT_3D('',#8784,#8785,#8786);
#8784 = CARTESIAN_POINT('',(-8.6,70.1,4.));
#8785 = DIRECTION('',(0.,0.,-1.));
#8786 = DIRECTION('',(-1.,0.,0.));
#8787 = PCURVE('',#3963,#8788);
#8788 = DEFINITIONAL_REPRESENTATION('',(#8789),#8793);
#8789 = LINE('',#8790,#8791);
#8790 = CARTESIAN_POINT('',(0.,21.));
#8791 = VECTOR('',#8792,1.);
#8792 = DIRECTION('',(1.,0.));
#8793 = ( GEOMETRIC_REPRESENTATION_CONTEXT(2) 
PARAMETRIC_REPRESENTATION_CONTEXT() REPRESENTATION_CONTEXT('2D SPACE',''
  ) );
#8794 = PCURVE('',#3992,#8795);
#8795 = DEFINITIONAL_REPRESENTATION('',(#8796),#8800);
#8796 = LINE('',#8797,#8798);
#8797 = CARTESIAN_POINT('',(0.,1.570796326795));
#8798 = VECTOR('',#8799,1.);
#8799 = DIRECTION('',(0.,1.));
#8800 = ( GEOMETRIC_REPRESENTATION_CONTEXT(2) 
PARAMETRIC_REPRESENTATION_CONTEXT() REPRESENTATION_CONTEXT('2D SPACE',''
  ) );
#8801 = ORIENTED_EDGE('',*,*,#6502,.T.);
#8802 = ORIENTED_EDGE('',*,*,#8752,.F.);
#8803 = ADVANCED_FACE('',(#8804),#3992,.F.);
#8804 = FACE_BOUND('',#8805,.F.);
#8805 = EDGE_LOOP('',(#8806,#8807,#8829,#8830));
#8806 = ORIENTED_EDGE('',*,*,#3975,.T.);
#8807 = ORIENTED_EDGE('',*,*,#8808,.T.);
#8808 = EDGE_CURVE('',#3976,#5560,#8809,.T.);
#8809 = SURFACE_CURVE('',#8810,(#8815,#8822),.PCURVE_S1.);
#8810 = CIRCLE('',#8811,5.);
#8811 = AXIS2_PLACEMENT_3D('',#8812,#8813,#8814);
#8812 = CARTESIAN_POINT('',(-8.6,76.1,10.));
#8813 = DIRECTION('',(0.,-1.,0.));
#8814 = DIRECTION('',(0.,0.,-1.));
#8815 = PCURVE('',#3992,#8816);
#8816 = DEFINITIONAL_REPRESENTATION('',(#8817),#8821);
#8817 = LINE('',#8818,#8819);
#8818 = CARTESIAN_POINT('',(1.570796326795,-3.14159265359));
#8819 = VECTOR('',#8820,1.);
#8820 = DIRECTION('',(0.,1.));
#8821 = ( GEOMETRIC_REPRESENTATION_CONTEXT(2) 
PARAMETRIC_REPRESENTATION_CONTEXT() REPRESENTATION_CONTEXT('2D SPACE',''
  ) );
#8822 = PCURVE('',#1385,#8823);
#8823 = DEFINITIONAL_REPRESENTATION('',(#8824),#8828);
#8824 = LINE('',#8825,#8826);
#8825 = CARTESIAN_POINT('',(10.995574287564,76.1));
#8826 = VECTOR('',#8827,1.);
#8827 = DIRECTION('',(-1.,0.));
#8828 = ( GEOMETRIC_REPRESENTATION_CONTEXT(2) 
PARAMETRIC_REPRESENTATION_CONTEXT() REPRESENTATION_CONTEXT('2D SPACE',''
  ) );
#8829 = ORIENTED_EDGE('',*,*,#8317,.F.);
#8830 = ORIENTED_EDGE('',*,*,#8780,.F.);
#8831 = ADVANCED_FACE('',(#8832),#1385,.F.);
#8832 = FACE_BOUND('',#8833,.F.);
#8833 = EDGE_LOOP('',(#8834,#8835,#8836,#8837));
#8834 = ORIENTED_EDGE('',*,*,#4004,.T.);
#8835 = ORIENTED_EDGE('',*,*,#1368,.T.);
#8836 = ORIENTED_EDGE('',*,*,#5559,.F.);
#8837 = ORIENTED_EDGE('',*,*,#8808,.F.);
#8838 = ADVANCED_FACE('',(#8839),#8853,.T.);
#8839 = FACE_BOUND('',#8840,.T.);
#8840 = EDGE_LOOP('',(#8841,#8876,#8904,#8932));
#8841 = ORIENTED_EDGE('',*,*,#8842,.T.);
#8842 = EDGE_CURVE('',#8843,#8845,#8847,.T.);
#8843 = VERTEX_POINT('',#8844);
#8844 = CARTESIAN_POINT('',(20.6,-71.6,68.));
#8845 = VERTEX_POINT('',#8846);
#8846 = CARTESIAN_POINT('',(20.6,-71.6,74.));
#8847 = SURFACE_CURVE('',#8848,(#8852,#8864),.PCURVE_S1.);
#8848 = LINE('',#8849,#8850);
#8849 = CARTESIAN_POINT('',(20.6,-71.6,75.));
#8850 = VECTOR('',#8851,1.);
#8851 = DIRECTION('',(0.,0.,1.));
#8852 = PCURVE('',#8853,#8858);
#8853 = PLANE('',#8854);
#8854 = AXIS2_PLACEMENT_3D('',#8855,#8856,#8857);
#8855 = CARTESIAN_POINT('',(20.6,-1.259763934376E-15,42.5));
#8856 = DIRECTION('',(1.,-6.115358904736E-17,0.));
#8857 = DIRECTION('',(6.115358904736E-17,1.,0.));
#8858 = DEFINITIONAL_REPRESENTATION('',(#8859),#8863);
#8859 = LINE('',#8860,#8861);
#8860 = CARTESIAN_POINT('',(-71.6,32.5));
#8861 = VECTOR('',#8862,1.);
#8862 = DIRECTION('',(0.,1.));
#8863 = ( GEOMETRIC_REPRESENTATION_CONTEXT(2) 
PARAMETRIC_REPRESENTATION_CONTEXT() REPRESENTATION_CONTEXT('2D SPACE',''
  ) );
#8864 = PCURVE('',#8865,#8870);
#8865 = CYLINDRICAL_SURFACE('',#8866,1.);
#8866 = AXIS2_PLACEMENT_3D('',#8867,#8868,#8869);
#8867 = CARTESIAN_POINT('',(19.6,-71.6,42.5));
#8868 = DIRECTION('',(0.,0.,-1.));
#8869 = DIRECTION('',(-1.,0.,0.));
#8870 = DEFINITIONAL_REPRESENTATION('',(#8871),#8875);
#8871 = LINE('',#8872,#8873);
#8872 = CARTESIAN_POINT('',(3.14159265359,-32.5));
#8873 = VECTOR('',#8874,1.);
#8874 = DIRECTION('',(0.,-1.));
#8875 = ( GEOMETRIC_REPRESENTATION_CONTEXT(2) 
PARAMETRIC_REPRESENTATION_CONTEXT() REPRESENTATION_CONTEXT('2D SPACE',''
  ) );
#8876 = ORIENTED_EDGE('',*,*,#8877,.T.);
#8877 = EDGE_CURVE('',#8845,#8878,#8880,.T.);
#8878 = VERTEX_POINT('',#8879);
#8879 = CARTESIAN_POINT('',(20.6,-73.6,74.));
#8880 = SURFACE_CURVE('',#8881,(#8885,#8892),.PCURVE_S1.);
#8881 = LINE('',#8882,#8883);
#8882 = CARTESIAN_POINT('',(20.6,-74.6,74.));
#8883 = VECTOR('',#8884,1.);
#8884 = DIRECTION('',(-6.115358904736E-17,-1.,0.));
#8885 = PCURVE('',#8853,#8886);
#8886 = DEFINITIONAL_REPRESENTATION('',(#8887),#8891);
#8887 = LINE('',#8888,#8889);
#8888 = CARTESIAN_POINT('',(-74.6,31.5));
#8889 = VECTOR('',#8890,1.);
#8890 = DIRECTION('',(-1.,0.));
#8891 = ( GEOMETRIC_REPRESENTATION_CONTEXT(2) 
PARAMETRIC_REPRESENTATION_CONTEXT() REPRESENTATION_CONTEXT('2D SPACE',''
  ) );
#8892 = PCURVE('',#8893,#8898);
#8893 = CYLINDRICAL_SURFACE('',#8894,1.);
#8894 = AXIS2_PLACEMENT_3D('',#8895,#8896,#8897);
#8895 = CARTESIAN_POINT('',(19.6,-1.198610345328E-15,74.));
#8896 = DIRECTION('',(6.115358904736E-17,1.,0.));
#8897 = DIRECTION('',(-1.,6.115358904736E-17,0.));
#8898 = DEFINITIONAL_REPRESENTATION('',(#8899),#8903);
#8899 = LINE('',#8900,#8901);
#8900 = CARTESIAN_POINT('',(3.14159265359,-74.6));
#8901 = VECTOR('',#8902,1.);
#8902 = DIRECTION('',(0.,-1.));
#8903 = ( GEOMETRIC_REPRESENTATION_CONTEXT(2) 
PARAMETRIC_REPRESENTATION_CONTEXT() REPRESENTATION_CONTEXT('2D SPACE',''
  ) );
#8904 = ORIENTED_EDGE('',*,*,#8905,.F.);
#8905 = EDGE_CURVE('',#8906,#8878,#8908,.T.);
#8906 = VERTEX_POINT('',#8907);
#8907 = CARTESIAN_POINT('',(20.6,-73.6,68.));
#8908 = SURFACE_CURVE('',#8909,(#8913,#8920),.PCURVE_S1.);
#8909 = LINE('',#8910,#8911);
#8910 = CARTESIAN_POINT('',(20.6,-73.6,42.5));
#8911 = VECTOR('',#8912,1.);
#8912 = DIRECTION('',(0.,0.,1.));
#8913 = PCURVE('',#8853,#8914);
#8914 = DEFINITIONAL_REPRESENTATION('',(#8915),#8919);
#8915 = LINE('',#8916,#8917);
#8916 = CARTESIAN_POINT('',(-73.6,0.));
#8917 = VECTOR('',#8918,1.);
#8918 = DIRECTION('',(0.,1.));
#8919 = ( GEOMETRIC_REPRESENTATION_CONTEXT(2) 
PARAMETRIC_REPRESENTATION_CONTEXT() REPRESENTATION_CONTEXT('2D SPACE',''
  ) );
#8920 = PCURVE('',#8921,#8926);
#8921 = CYLINDRICAL_SURFACE('',#8922,1.);
#8922 = AXIS2_PLACEMENT_3D('',#8923,#8924,#8925);
#8923 = CARTESIAN_POINT('',(19.6,-73.6,71.));
#8924 = DIRECTION('',(0.,0.,1.));
#8925 = DIRECTION('',(1.,0.,-0.));
#8926 = DEFINITIONAL_REPRESENTATION('',(#8927),#8931);
#8927 = LINE('',#8928,#8929);
#8928 = CARTESIAN_POINT('',(6.28318530718,-28.5));
#8929 = VECTOR('',#8930,1.);
#8930 = DIRECTION('',(0.,1.));
#8931 = ( GEOMETRIC_REPRESENTATION_CONTEXT(2) 
PARAMETRIC_REPRESENTATION_CONTEXT() REPRESENTATION_CONTEXT('2D SPACE',''
  ) );
#8932 = ORIENTED_EDGE('',*,*,#8933,.F.);
#8933 = EDGE_CURVE('',#8843,#8906,#8934,.T.);
#8934 = SURFACE_CURVE('',#8935,(#8939,#8946),.PCURVE_S1.);
#8935 = LINE('',#8936,#8937);
#8936 = CARTESIAN_POINT('',(20.6,-1.259763934376E-15,68.));
#8937 = VECTOR('',#8938,1.);
#8938 = DIRECTION('',(-6.115358904736E-17,-1.,0.));
#8939 = PCURVE('',#8853,#8940);
#8940 = DEFINITIONAL_REPRESENTATION('',(#8941),#8945);
#8941 = LINE('',#8942,#8943);
#8942 = CARTESIAN_POINT('',(0.,25.5));
#8943 = VECTOR('',#8944,1.);
#8944 = DIRECTION('',(-1.,0.));
#8945 = ( GEOMETRIC_REPRESENTATION_CONTEXT(2) 
PARAMETRIC_REPRESENTATION_CONTEXT() REPRESENTATION_CONTEXT('2D SPACE',''
  ) );
#8946 = PCURVE('',#8947,#8952);
#8947 = CYLINDRICAL_SURFACE('',#8948,1.);
#8948 = AXIS2_PLACEMENT_3D('',#8949,#8950,#8951);
#8949 = CARTESIAN_POINT('',(19.6,-72.6,68.));
#8950 = DIRECTION('',(-6.115358904736E-17,-1.,0.));
#8951 = DIRECTION('',(1.,-6.115358904736E-17,0.));
#8952 = DEFINITIONAL_REPRESENTATION('',(#8953),#8957);
#8953 = LINE('',#8954,#8955);
#8954 = CARTESIAN_POINT('',(6.28318530718,-72.6));
#8955 = VECTOR('',#8956,1.);
#8956 = DIRECTION('',(0.,1.));
#8957 = ( GEOMETRIC_REPRESENTATION_CONTEXT(2) 
PARAMETRIC_REPRESENTATION_CONTEXT() REPRESENTATION_CONTEXT('2D SPACE',''
  ) );
#8958 = ADVANCED_FACE('',(#8959),#8973,.T.);
#8959 = FACE_BOUND('',#8960,.T.);
#8960 = EDGE_LOOP('',(#8961,#8996,#9024,#9052));
#8961 = ORIENTED_EDGE('',*,*,#8962,.T.);
#8962 = EDGE_CURVE('',#8963,#8965,#8967,.T.);
#8963 = VERTEX_POINT('',#8964);
#8964 = CARTESIAN_POINT('',(20.6,73.6,24.));
#8965 = VERTEX_POINT('',#8966);
#8966 = CARTESIAN_POINT('',(20.6,71.6,24.));
#8967 = SURFACE_CURVE('',#8968,(#8972,#8984),.PCURVE_S1.);
#8968 = LINE('',#8969,#8970);
#8969 = CARTESIAN_POINT('',(20.6,70.6,24.));
#8970 = VECTOR('',#8971,1.);
#8971 = DIRECTION('',(-6.115358904736E-17,-1.,0.));
#8972 = PCURVE('',#8973,#8978);
#8973 = PLANE('',#8974);
#8974 = AXIS2_PLACEMENT_3D('',#8975,#8976,#8977);
#8975 = CARTESIAN_POINT('',(20.6,-1.259763934376E-15,42.5));
#8976 = DIRECTION('',(1.,-6.115358904736E-17,0.));
#8977 = DIRECTION('',(6.115358904736E-17,1.,0.));
#8978 = DEFINITIONAL_REPRESENTATION('',(#8979),#8983);
#8979 = LINE('',#8980,#8981);
#8980 = CARTESIAN_POINT('',(70.6,-18.5));
#8981 = VECTOR('',#8982,1.);
#8982 = DIRECTION('',(-1.,0.));
#8983 = ( GEOMETRIC_REPRESENTATION_CONTEXT(2) 
PARAMETRIC_REPRESENTATION_CONTEXT() REPRESENTATION_CONTEXT('2D SPACE',''
  ) );
#8984 = PCURVE('',#8985,#8990);
#8985 = CYLINDRICAL_SURFACE('',#8986,1.);
#8986 = AXIS2_PLACEMENT_3D('',#8987,#8988,#8989);
#8987 = CARTESIAN_POINT('',(19.6,-1.198610345328E-15,24.));
#8988 = DIRECTION('',(6.115358904736E-17,1.,0.));
#8989 = DIRECTION('',(-1.,6.115358904736E-17,0.));
#8990 = DEFINITIONAL_REPRESENTATION('',(#8991),#8995);
#8991 = LINE('',#8992,#8993);
#8992 = CARTESIAN_POINT('',(3.14159265359,70.6));
#8993 = VECTOR('',#8994,1.);
#8994 = DIRECTION('',(0.,-1.));
#8995 = ( GEOMETRIC_REPRESENTATION_CONTEXT(2) 
PARAMETRIC_REPRESENTATION_CONTEXT() REPRESENTATION_CONTEXT('2D SPACE',''
  ) );
#8996 = ORIENTED_EDGE('',*,*,#8997,.F.);
#8997 = EDGE_CURVE('',#8998,#8965,#9000,.T.);
#8998 = VERTEX_POINT('',#8999);
#8999 = CARTESIAN_POINT('',(20.6,71.6,18.));
#9000 = SURFACE_CURVE('',#9001,(#9005,#9012),.PCURVE_S1.);
#9001 = LINE('',#9002,#9003);
#9002 = CARTESIAN_POINT('',(20.6,71.6,42.5));
#9003 = VECTOR('',#9004,1.);
#9004 = DIRECTION('',(0.,0.,1.));
#9005 = PCURVE('',#8973,#9006);
#9006 = DEFINITIONAL_REPRESENTATION('',(#9007),#9011);
#9007 = LINE('',#9008,#9009);
#9008 = CARTESIAN_POINT('',(71.6,0.));
#9009 = VECTOR('',#9010,1.);
#9010 = DIRECTION('',(0.,1.));
#9011 = ( GEOMETRIC_REPRESENTATION_CONTEXT(2) 
PARAMETRIC_REPRESENTATION_CONTEXT() REPRESENTATION_CONTEXT('2D SPACE',''
  ) );
#9012 = PCURVE('',#9013,#9018);
#9013 = CYLINDRICAL_SURFACE('',#9014,1.);
#9014 = AXIS2_PLACEMENT_3D('',#9015,#9016,#9017);
#9015 = CARTESIAN_POINT('',(19.6,71.6,21.));
#9016 = DIRECTION('',(0.,0.,1.));
#9017 = DIRECTION('',(1.,0.,-0.));
#9018 = DEFINITIONAL_REPRESENTATION('',(#9019),#9023);
#9019 = LINE('',#9020,#9021);
#9020 = CARTESIAN_POINT('',(6.28318530718,21.5));
#9021 = VECTOR('',#9022,1.);
#9022 = DIRECTION('',(0.,1.));
#9023 = ( GEOMETRIC_REPRESENTATION_CONTEXT(2) 
PARAMETRIC_REPRESENTATION_CONTEXT() REPRESENTATION_CONTEXT('2D SPACE',''
  ) );
#9024 = ORIENTED_EDGE('',*,*,#9025,.F.);
#9025 = EDGE_CURVE('',#9026,#8998,#9028,.T.);
#9026 = VERTEX_POINT('',#9027);
#9027 = CARTESIAN_POINT('',(20.6,73.6,18.));
#9028 = SURFACE_CURVE('',#9029,(#9033,#9040),.PCURVE_S1.);
#9029 = LINE('',#9030,#9031);
#9030 = CARTESIAN_POINT('',(20.6,-1.259763934376E-15,18.));
#9031 = VECTOR('',#9032,1.);
#9032 = DIRECTION('',(-6.115358904736E-17,-1.,0.));
#9033 = PCURVE('',#8973,#9034);
#9034 = DEFINITIONAL_REPRESENTATION('',(#9035),#9039);
#9035 = LINE('',#9036,#9037);
#9036 = CARTESIAN_POINT('',(0.,-24.5));
#9037 = VECTOR('',#9038,1.);
#9038 = DIRECTION('',(-1.,0.));
#9039 = ( GEOMETRIC_REPRESENTATION_CONTEXT(2) 
PARAMETRIC_REPRESENTATION_CONTEXT() REPRESENTATION_CONTEXT('2D SPACE',''
  ) );
#9040 = PCURVE('',#9041,#9046);
#9041 = CYLINDRICAL_SURFACE('',#9042,1.);
#9042 = AXIS2_PLACEMENT_3D('',#9043,#9044,#9045);
#9043 = CARTESIAN_POINT('',(19.6,72.6,18.));
#9044 = DIRECTION('',(-6.115358904736E-17,-1.,0.));
#9045 = DIRECTION('',(1.,-6.115358904736E-17,0.));
#9046 = DEFINITIONAL_REPRESENTATION('',(#9047),#9051);
#9047 = LINE('',#9048,#9049);
#9048 = CARTESIAN_POINT('',(6.28318530718,72.6));
#9049 = VECTOR('',#9050,1.);
#9050 = DIRECTION('',(0.,1.));
#9051 = ( GEOMETRIC_REPRESENTATION_CONTEXT(2) 
PARAMETRIC_REPRESENTATION_CONTEXT() REPRESENTATION_CONTEXT('2D SPACE',''
  ) );
#9052 = ORIENTED_EDGE('',*,*,#9053,.T.);
#9053 = EDGE_CURVE('',#9026,#8963,#9054,.T.);
#9054 = SURFACE_CURVE('',#9055,(#9059,#9066),.PCURVE_S1.);
#9055 = LINE('',#9056,#9057);
#9056 = CARTESIAN_POINT('',(20.6,73.6,25.));
#9057 = VECTOR('',#9058,1.);
#9058 = DIRECTION('',(0.,0.,1.));
#9059 = PCURVE('',#8973,#9060);
#9060 = DEFINITIONAL_REPRESENTATION('',(#9061),#9065);
#9061 = LINE('',#9062,#9063);
#9062 = CARTESIAN_POINT('',(73.6,-17.5));
#9063 = VECTOR('',#9064,1.);
#9064 = DIRECTION('',(0.,1.));
#9065 = ( GEOMETRIC_REPRESENTATION_CONTEXT(2) 
PARAMETRIC_REPRESENTATION_CONTEXT() REPRESENTATION_CONTEXT('2D SPACE',''
  ) );
#9066 = PCURVE('',#9067,#9072);
#9067 = CYLINDRICAL_SURFACE('',#9068,1.);
#9068 = AXIS2_PLACEMENT_3D('',#9069,#9070,#9071);
#9069 = CARTESIAN_POINT('',(19.6,73.6,42.5));
#9070 = DIRECTION('',(0.,0.,-1.));
#9071 = DIRECTION('',(-1.,0.,0.));
#9072 = DEFINITIONAL_REPRESENTATION('',(#9073),#9077);
#9073 = LINE('',#9074,#9075);
#9074 = CARTESIAN_POINT('',(3.14159265359,17.5));
#9075 = VECTOR('',#9076,1.);
#9076 = DIRECTION('',(0.,-1.));
#9077 = ( GEOMETRIC_REPRESENTATION_CONTEXT(2) 
PARAMETRIC_REPRESENTATION_CONTEXT() REPRESENTATION_CONTEXT('2D SPACE',''
  ) );
#9078 = ADVANCED_FACE('',(#9079),#9093,.T.);
#9079 = FACE_BOUND('',#9080,.T.);
#9080 = EDGE_LOOP('',(#9081,#9116,#9144,#9172));
#9081 = ORIENTED_EDGE('',*,*,#9082,.T.);
#9082 = EDGE_CURVE('',#9083,#9085,#9087,.T.);
#9083 = VERTEX_POINT('',#9084);
#9084 = CARTESIAN_POINT('',(20.6,73.6,68.));
#9085 = VERTEX_POINT('',#9086);
#9086 = CARTESIAN_POINT('',(20.6,73.6,74.));
#9087 = SURFACE_CURVE('',#9088,(#9092,#9104),.PCURVE_S1.);
#9088 = LINE('',#9089,#9090);
#9089 = CARTESIAN_POINT('',(20.6,73.6,75.));
#9090 = VECTOR('',#9091,1.);
#9091 = DIRECTION('',(0.,0.,1.));
#9092 = PCURVE('',#9093,#9098);
#9093 = PLANE('',#9094);
#9094 = AXIS2_PLACEMENT_3D('',#9095,#9096,#9097);
#9095 = CARTESIAN_POINT('',(20.6,-1.259763934376E-15,42.5));
#9096 = DIRECTION('',(1.,-6.115358904736E-17,0.));
#9097 = DIRECTION('',(6.115358904736E-17,1.,0.));
#9098 = DEFINITIONAL_REPRESENTATION('',(#9099),#9103);
#9099 = LINE('',#9100,#9101);
#9100 = CARTESIAN_POINT('',(73.6,32.5));
#9101 = VECTOR('',#9102,1.);
#9102 = DIRECTION('',(0.,1.));
#9103 = ( GEOMETRIC_REPRESENTATION_CONTEXT(2) 
PARAMETRIC_REPRESENTATION_CONTEXT() REPRESENTATION_CONTEXT('2D SPACE',''
  ) );
#9104 = PCURVE('',#9105,#9110);
#9105 = CYLINDRICAL_SURFACE('',#9106,1.);
#9106 = AXIS2_PLACEMENT_3D('',#9107,#9108,#9109);
#9107 = CARTESIAN_POINT('',(19.6,73.6,42.5));
#9108 = DIRECTION('',(0.,0.,-1.));
#9109 = DIRECTION('',(-1.,0.,0.));
#9110 = DEFINITIONAL_REPRESENTATION('',(#9111),#9115);
#9111 = LINE('',#9112,#9113);
#9112 = CARTESIAN_POINT('',(3.14159265359,-32.5));
#9113 = VECTOR('',#9114,1.);
#9114 = DIRECTION('',(0.,-1.));
#9115 = ( GEOMETRIC_REPRESENTATION_CONTEXT(2) 
PARAMETRIC_REPRESENTATION_CONTEXT() REPRESENTATION_CONTEXT('2D SPACE',''
  ) );
#9116 = ORIENTED_EDGE('',*,*,#9117,.T.);
#9117 = EDGE_CURVE('',#9085,#9118,#9120,.T.);
#9118 = VERTEX_POINT('',#9119);
#9119 = CARTESIAN_POINT('',(20.6,71.6,74.));
#9120 = SURFACE_CURVE('',#9121,(#9125,#9132),.PCURVE_S1.);
#9121 = LINE('',#9122,#9123);
#9122 = CARTESIAN_POINT('',(20.6,70.6,74.));
#9123 = VECTOR('',#9124,1.);
#9124 = DIRECTION('',(-6.115358904736E-17,-1.,0.));
#9125 = PCURVE('',#9093,#9126);
#9126 = DEFINITIONAL_REPRESENTATION('',(#9127),#9131);
#9127 = LINE('',#9128,#9129);
#9128 = CARTESIAN_POINT('',(70.6,31.5));
#9129 = VECTOR('',#9130,1.);
#9130 = DIRECTION('',(-1.,0.));
#9131 = ( GEOMETRIC_REPRESENTATION_CONTEXT(2) 
PARAMETRIC_REPRESENTATION_CONTEXT() REPRESENTATION_CONTEXT('2D SPACE',''
  ) );
#9132 = PCURVE('',#9133,#9138);
#9133 = CYLINDRICAL_SURFACE('',#9134,1.);
#9134 = AXIS2_PLACEMENT_3D('',#9135,#9136,#9137);
#9135 = CARTESIAN_POINT('',(19.6,-1.198610345328E-15,74.));
#9136 = DIRECTION('',(6.115358904736E-17,1.,0.));
#9137 = DIRECTION('',(-1.,6.115358904736E-17,0.));
#9138 = DEFINITIONAL_REPRESENTATION('',(#9139),#9143);
#9139 = LINE('',#9140,#9141);
#9140 = CARTESIAN_POINT('',(3.14159265359,70.6));
#9141 = VECTOR('',#9142,1.);
#9142 = DIRECTION('',(0.,-1.));
#9143 = ( GEOMETRIC_REPRESENTATION_CONTEXT(2) 
PARAMETRIC_REPRESENTATION_CONTEXT() REPRESENTATION_CONTEXT('2D SPACE',''
  ) );
#9144 = ORIENTED_EDGE('',*,*,#9145,.F.);
#9145 = EDGE_CURVE('',#9146,#9118,#9148,.T.);
#9146 = VERTEX_POINT('',#9147);
#9147 = CARTESIAN_POINT('',(20.6,71.6,68.));
#9148 = SURFACE_CURVE('',#9149,(#9153,#9160),.PCURVE_S1.);
#9149 = LINE('',#9150,#9151);
#9150 = CARTESIAN_POINT('',(20.6,71.6,42.5));
#9151 = VECTOR('',#9152,1.);
#9152 = DIRECTION('',(0.,0.,1.));
#9153 = PCURVE('',#9093,#9154);
#9154 = DEFINITIONAL_REPRESENTATION('',(#9155),#9159);
#9155 = LINE('',#9156,#9157);
#9156 = CARTESIAN_POINT('',(71.6,0.));
#9157 = VECTOR('',#9158,1.);
#9158 = DIRECTION('',(0.,1.));
#9159 = ( GEOMETRIC_REPRESENTATION_CONTEXT(2) 
PARAMETRIC_REPRESENTATION_CONTEXT() REPRESENTATION_CONTEXT('2D SPACE',''
  ) );
#9160 = PCURVE('',#9161,#9166);
#9161 = CYLINDRICAL_SURFACE('',#9162,1.);
#9162 = AXIS2_PLACEMENT_3D('',#9163,#9164,#9165);
#9163 = CARTESIAN_POINT('',(19.6,71.6,71.));
#9164 = DIRECTION('',(0.,0.,1.));
#9165 = DIRECTION('',(1.,0.,-0.));
#9166 = DEFINITIONAL_REPRESENTATION('',(#9167),#9171);
#9167 = LINE('',#9168,#9169);
#9168 = CARTESIAN_POINT('',(6.28318530718,-28.5));
#9169 = VECTOR('',#9170,1.);
#9170 = DIRECTION('',(0.,1.));
#9171 = ( GEOMETRIC_REPRESENTATION_CONTEXT(2) 
PARAMETRIC_REPRESENTATION_CONTEXT() REPRESENTATION_CONTEXT('2D SPACE',''
  ) );
#9172 = ORIENTED_EDGE('',*,*,#9173,.F.);
#9173 = EDGE_CURVE('',#9083,#9146,#9174,.T.);
#9174 = SURFACE_CURVE('',#9175,(#9179,#9186),.PCURVE_S1.);
#9175 = LINE('',#9176,#9177);
#9176 = CARTESIAN_POINT('',(20.6,-1.259763934376E-15,68.));
#9177 = VECTOR('',#9178,1.);
#9178 = DIRECTION('',(-6.115358904736E-17,-1.,0.));
#9179 = PCURVE('',#9093,#9180);
#9180 = DEFINITIONAL_REPRESENTATION('',(#9181),#9185);
#9181 = LINE('',#9182,#9183);
#9182 = CARTESIAN_POINT('',(0.,25.5));
#9183 = VECTOR('',#9184,1.);
#9184 = DIRECTION('',(-1.,0.));
#9185 = ( GEOMETRIC_REPRESENTATION_CONTEXT(2) 
PARAMETRIC_REPRESENTATION_CONTEXT() REPRESENTATION_CONTEXT('2D SPACE',''
  ) );
#9186 = PCURVE('',#9187,#9192);
#9187 = CYLINDRICAL_SURFACE('',#9188,1.);
#9188 = AXIS2_PLACEMENT_3D('',#9189,#9190,#9191);
#9189 = CARTESIAN_POINT('',(19.6,72.6,68.));
#9190 = DIRECTION('',(-6.115358904736E-17,-1.,0.));
#9191 = DIRECTION('',(1.,-6.115358904736E-17,0.));
#9192 = DEFINITIONAL_REPRESENTATION('',(#9193),#9197);
#9193 = LINE('',#9194,#9195);
#9194 = CARTESIAN_POINT('',(6.28318530718,72.6));
#9195 = VECTOR('',#9196,1.);
#9196 = DIRECTION('',(0.,1.));
#9197 = ( GEOMETRIC_REPRESENTATION_CONTEXT(2) 
PARAMETRIC_REPRESENTATION_CONTEXT() REPRESENTATION_CONTEXT('2D SPACE',''
  ) );
#9198 = ADVANCED_FACE('',(#9199),#9213,.T.);
#9199 = FACE_BOUND('',#9200,.T.);
#9200 = EDGE_LOOP('',(#9201,#9236,#9264,#9292));
#9201 = ORIENTED_EDGE('',*,*,#9202,.T.);
#9202 = EDGE_CURVE('',#9203,#9205,#9207,.T.);
#9203 = VERTEX_POINT('',#9204);
#9204 = CARTESIAN_POINT('',(20.6,-71.6,18.));
#9205 = VERTEX_POINT('',#9206);
#9206 = CARTESIAN_POINT('',(20.6,-71.6,24.));
#9207 = SURFACE_CURVE('',#9208,(#9212,#9224),.PCURVE_S1.);
#9208 = LINE('',#9209,#9210);
#9209 = CARTESIAN_POINT('',(20.6,-71.6,25.));
#9210 = VECTOR('',#9211,1.);
#9211 = DIRECTION('',(0.,0.,1.));
#9212 = PCURVE('',#9213,#9218);
#9213 = PLANE('',#9214);
#9214 = AXIS2_PLACEMENT_3D('',#9215,#9216,#9217);
#9215 = CARTESIAN_POINT('',(20.6,-1.259763934376E-15,42.5));
#9216 = DIRECTION('',(1.,-6.115358904736E-17,0.));
#9217 = DIRECTION('',(6.115358904736E-17,1.,0.));
#9218 = DEFINITIONAL_REPRESENTATION('',(#9219),#9223);
#9219 = LINE('',#9220,#9221);
#9220 = CARTESIAN_POINT('',(-71.6,-17.5));
#9221 = VECTOR('',#9222,1.);
#9222 = DIRECTION('',(0.,1.));
#9223 = ( GEOMETRIC_REPRESENTATION_CONTEXT(2) 
PARAMETRIC_REPRESENTATION_CONTEXT() REPRESENTATION_CONTEXT('2D SPACE',''
  ) );
#9224 = PCURVE('',#9225,#9230);
#9225 = CYLINDRICAL_SURFACE('',#9226,1.);
#9226 = AXIS2_PLACEMENT_3D('',#9227,#9228,#9229);
#9227 = CARTESIAN_POINT('',(19.6,-71.6,42.5));
#9228 = DIRECTION('',(0.,0.,-1.));
#9229 = DIRECTION('',(-1.,0.,0.));
#9230 = DEFINITIONAL_REPRESENTATION('',(#9231),#9235);
#9231 = LINE('',#9232,#9233);
#9232 = CARTESIAN_POINT('',(3.14159265359,17.5));
#9233 = VECTOR('',#9234,1.);
#9234 = DIRECTION('',(0.,-1.));
#9235 = ( GEOMETRIC_REPRESENTATION_CONTEXT(2) 
PARAMETRIC_REPRESENTATION_CONTEXT() REPRESENTATION_CONTEXT('2D SPACE',''
  ) );
#9236 = ORIENTED_EDGE('',*,*,#9237,.T.);
#9237 = EDGE_CURVE('',#9205,#9238,#9240,.T.);
#9238 = VERTEX_POINT('',#9239);
#9239 = CARTESIAN_POINT('',(20.6,-73.6,24.));
#9240 = SURFACE_CURVE('',#9241,(#9245,#9252),.PCURVE_S1.);
#9241 = LINE('',#9242,#9243);
#9242 = CARTESIAN_POINT('',(20.6,-74.6,24.));
#9243 = VECTOR('',#9244,1.);
#9244 = DIRECTION('',(-6.115358904736E-17,-1.,0.));
#9245 = PCURVE('',#9213,#9246);
#9246 = DEFINITIONAL_REPRESENTATION('',(#9247),#9251);
#9247 = LINE('',#9248,#9249);
#9248 = CARTESIAN_POINT('',(-74.6,-18.5));
#9249 = VECTOR('',#9250,1.);
#9250 = DIRECTION('',(-1.,0.));
#9251 = ( GEOMETRIC_REPRESENTATION_CONTEXT(2) 
PARAMETRIC_REPRESENTATION_CONTEXT() REPRESENTATION_CONTEXT('2D SPACE',''
  ) );
#9252 = PCURVE('',#9253,#9258);
#9253 = CYLINDRICAL_SURFACE('',#9254,1.);
#9254 = AXIS2_PLACEMENT_3D('',#9255,#9256,#9257);
#9255 = CARTESIAN_POINT('',(19.6,-1.198610345328E-15,24.));
#9256 = DIRECTION('',(6.115358904736E-17,1.,0.));
#9257 = DIRECTION('',(-1.,6.115358904736E-17,0.));
#9258 = DEFINITIONAL_REPRESENTATION('',(#9259),#9263);
#9259 = LINE('',#9260,#9261);
#9260 = CARTESIAN_POINT('',(3.14159265359,-74.6));
#9261 = VECTOR('',#9262,1.);
#9262 = DIRECTION('',(0.,-1.));
#9263 = ( GEOMETRIC_REPRESENTATION_CONTEXT(2) 
PARAMETRIC_REPRESENTATION_CONTEXT() REPRESENTATION_CONTEXT('2D SPACE',''
  ) );
#9264 = ORIENTED_EDGE('',*,*,#9265,.F.);
#9265 = EDGE_CURVE('',#9266,#9238,#9268,.T.);
#9266 = VERTEX_POINT('',#9267);
#9267 = CARTESIAN_POINT('',(20.6,-73.6,18.));
#9268 = SURFACE_CURVE('',#9269,(#9273,#9280),.PCURVE_S1.);
#9269 = LINE('',#9270,#9271);
#9270 = CARTESIAN_POINT('',(20.6,-73.6,42.5));
#9271 = VECTOR('',#9272,1.);
#9272 = DIRECTION('',(0.,0.,1.));
#9273 = PCURVE('',#9213,#9274);
#9274 = DEFINITIONAL_REPRESENTATION('',(#9275),#9279);
#9275 = LINE('',#9276,#9277);
#9276 = CARTESIAN_POINT('',(-73.6,0.));
#9277 = VECTOR('',#9278,1.);
#9278 = DIRECTION('',(0.,1.));
#9279 = ( GEOMETRIC_REPRESENTATION_CONTEXT(2) 
PARAMETRIC_REPRESENTATION_CONTEXT() REPRESENTATION_CONTEXT('2D SPACE',''
  ) );
#9280 = PCURVE('',#9281,#9286);
#9281 = CYLINDRICAL_SURFACE('',#9282,1.);
#9282 = AXIS2_PLACEMENT_3D('',#9283,#9284,#9285);
#9283 = CARTESIAN_POINT('',(19.6,-73.6,21.));
#9284 = DIRECTION('',(0.,0.,1.));
#9285 = DIRECTION('',(1.,0.,-0.));
#9286 = DEFINITIONAL_REPRESENTATION('',(#9287),#9291);
#9287 = LINE('',#9288,#9289);
#9288 = CARTESIAN_POINT('',(6.28318530718,21.5));
#9289 = VECTOR('',#9290,1.);
#9290 = DIRECTION('',(0.,1.));
#9291 = ( GEOMETRIC_REPRESENTATION_CONTEXT(2) 
PARAMETRIC_REPRESENTATION_CONTEXT() REPRESENTATION_CONTEXT('2D SPACE',''
  ) );
#9292 = ORIENTED_EDGE('',*,*,#9293,.F.);
#9293 = EDGE_CURVE('',#9203,#9266,#9294,.T.);
#9294 = SURFACE_CURVE('',#9295,(#9299,#9306),.PCURVE_S1.);
#9295 = LINE('',#9296,#9297);
#9296 = CARTESIAN_POINT('',(20.6,-1.259763934376E-15,18.));
#9297 = VECTOR('',#9298,1.);
#9298 = DIRECTION('',(-6.115358904736E-17,-1.,0.));
#9299 = PCURVE('',#9213,#9300);
#9300 = DEFINITIONAL_REPRESENTATION('',(#9301),#9305);
#9301 = LINE('',#9302,#9303);
#9302 = CARTESIAN_POINT('',(0.,-24.5));
#9303 = VECTOR('',#9304,1.);
#9304 = DIRECTION('',(-1.,0.));
#9305 = ( GEOMETRIC_REPRESENTATION_CONTEXT(2) 
PARAMETRIC_REPRESENTATION_CONTEXT() REPRESENTATION_CONTEXT('2D SPACE',''
  ) );
#9306 = PCURVE('',#9307,#9312);
#9307 = CYLINDRICAL_SURFACE('',#9308,1.);
#9308 = AXIS2_PLACEMENT_3D('',#9309,#9310,#9311);
#9309 = CARTESIAN_POINT('',(19.6,-72.6,18.));
#9310 = DIRECTION('',(-6.115358904736E-17,-1.,0.));
#9311 = DIRECTION('',(1.,-6.115358904736E-17,0.));
#9312 = DEFINITIONAL_REPRESENTATION('',(#9313),#9317);
#9313 = LINE('',#9314,#9315);
#9314 = CARTESIAN_POINT('',(6.28318530718,-72.6));
#9315 = VECTOR('',#9316,1.);
#9316 = DIRECTION('',(0.,1.));
#9317 = ( GEOMETRIC_REPRESENTATION_CONTEXT(2) 
PARAMETRIC_REPRESENTATION_CONTEXT() REPRESENTATION_CONTEXT('2D SPACE',''
  ) );
#9318 = ADVANCED_FACE('',(#9319),#9332,.T.);
#9319 = FACE_BOUND('',#9320,.T.);
#9320 = EDGE_LOOP('',(#9321,#9350,#9396));
#9321 = ORIENTED_EDGE('',*,*,#9322,.T.);
#9322 = EDGE_CURVE('',#8845,#9323,#9325,.T.);
#9323 = VERTEX_POINT('',#9324);
#9324 = CARTESIAN_POINT('',(19.6,-70.6,74.));
#9325 = SURFACE_CURVE('',#9326,(#9331,#9343),.PCURVE_S1.);
#9326 = CIRCLE('',#9327,1.);
#9327 = AXIS2_PLACEMENT_3D('',#9328,#9329,#9330);
#9328 = CARTESIAN_POINT('',(19.6,-71.6,74.));
#9329 = DIRECTION('',(0.,0.,1.));
#9330 = DIRECTION('',(1.,0.,-0.));
#9331 = PCURVE('',#9332,#9337);
#9332 = SPHERICAL_SURFACE('',#9333,1.);
#9333 = AXIS2_PLACEMENT_3D('',#9334,#9335,#9336);
#9334 = CARTESIAN_POINT('',(19.6,-71.6,74.));
#9335 = DIRECTION('',(0.,0.,1.));
#9336 = DIRECTION('',(1.,0.,-0.));
#9337 = DEFINITIONAL_REPRESENTATION('',(#9338),#9342);
#9338 = LINE('',#9339,#9340);
#9339 = CARTESIAN_POINT('',(0.,0.));
#9340 = VECTOR('',#9341,1.);
#9341 = DIRECTION('',(1.,0.));
#9342 = ( GEOMETRIC_REPRESENTATION_CONTEXT(2) 
PARAMETRIC_REPRESENTATION_CONTEXT() REPRESENTATION_CONTEXT('2D SPACE',''
  ) );
#9343 = PCURVE('',#8865,#9344);
#9344 = DEFINITIONAL_REPRESENTATION('',(#9345),#9349);
#9345 = LINE('',#9346,#9347);
#9346 = CARTESIAN_POINT('',(3.14159265359,-31.5));
#9347 = VECTOR('',#9348,1.);
#9348 = DIRECTION('',(-1.,0.));
#9349 = ( GEOMETRIC_REPRESENTATION_CONTEXT(2) 
PARAMETRIC_REPRESENTATION_CONTEXT() REPRESENTATION_CONTEXT('2D SPACE',''
  ) );
#9350 = ORIENTED_EDGE('',*,*,#9351,.F.);
#9351 = EDGE_CURVE('',#9352,#9323,#9354,.T.);
#9352 = VERTEX_POINT('',#9353);
#9353 = CARTESIAN_POINT('',(19.6,-71.6,75.));
#9354 = SURFACE_CURVE('',#9355,(#9360,#9389),.PCURVE_S1.);
#9355 = CIRCLE('',#9356,1.);
#9356 = AXIS2_PLACEMENT_3D('',#9357,#9358,#9359);
#9357 = CARTESIAN_POINT('',(19.6,-71.6,74.));
#9358 = DIRECTION('',(-1.,6.115358904736E-17,0.));
#9359 = DIRECTION('',(-6.115358904736E-17,-1.,0.));
#9360 = PCURVE('',#9332,#9361);
#9361 = DEFINITIONAL_REPRESENTATION('',(#9362),#9388);
#9362 = B_SPLINE_CURVE_WITH_KNOTS('',3,(#9363,#9364,#9365,#9366,#9367,
    #9368,#9369,#9370,#9371,#9372,#9373,#9374,#9375,#9376,#9377,#9378,
    #9379,#9380,#9381,#9382,#9383,#9384,#9385,#9386,#9387),
  .UNSPECIFIED.,.F.,.F.,(4,1,1,1,1,1,1,1,1,1,1,1,1,1,1,1,1,1,1,1,1,1,4),
  (1.570796326795,1.642196159831,1.713595992867,1.784995825903,
    1.856395658939,1.927795491976,1.999195325012,2.070595158048,
    2.141994991084,2.21339482412,2.284794657156,2.356194490192,
    2.427594323228,2.498994156265,2.570393989301,2.641793822337,
    2.713193655373,2.784593488409,2.855993321445,2.927393154481,
    2.998792987518,3.070192820554,3.14159265359),.QUASI_UNIFORM_KNOTS.);
#9363 = CARTESIAN_POINT('',(1.570796326795,1.570796326795));
#9364 = CARTESIAN_POINT('',(1.570796326795,1.54699638245));
#9365 = CARTESIAN_POINT('',(1.570796326795,1.499396493759));
#9366 = CARTESIAN_POINT('',(1.570796326795,1.427996660723));
#9367 = CARTESIAN_POINT('',(1.570796326795,1.356596827687));
#9368 = CARTESIAN_POINT('',(1.570796326795,1.28519699465));
#9369 = CARTESIAN_POINT('',(1.570796326795,1.213797161614));
#9370 = CARTESIAN_POINT('',(1.570796326795,1.142397328578));
#9371 = CARTESIAN_POINT('',(1.570796326795,1.070997495542));
#9372 = CARTESIAN_POINT('',(1.570796326795,0.999597662506));
#9373 = CARTESIAN_POINT('',(1.570796326795,0.92819782947));
#9374 = CARTESIAN_POINT('',(1.570796326795,0.856797996434));
#9375 = CARTESIAN_POINT('',(1.570796326795,0.785398163397));
#9376 = CARTESIAN_POINT('',(1.570796326795,0.713998330361));
#9377 = CARTESIAN_POINT('',(1.570796326795,0.642598497325));
#9378 = CARTESIAN_POINT('',(1.570796326795,0.571198664289));
#9379 = CARTESIAN_POINT('',(1.570796326795,0.499798831253));
#9380 = CARTESIAN_POINT('',(1.570796326795,0.428398998217));
#9381 = CARTESIAN_POINT('',(1.570796326795,0.356999165181));
#9382 = CARTESIAN_POINT('',(1.570796326795,0.285599332145));
#9383 = CARTESIAN_POINT('',(1.570796326795,0.214199499108));
#9384 = CARTESIAN_POINT('',(1.570796326795,0.142799666072));
#9385 = CARTESIAN_POINT('',(1.570796326795,7.139983303613E-02));
#9386 = CARTESIAN_POINT('',(1.570796326795,2.379994434538E-02));
#9387 = CARTESIAN_POINT('',(1.570796326795,0.));
#9388 = ( GEOMETRIC_REPRESENTATION_CONTEXT(2) 
PARAMETRIC_REPRESENTATION_CONTEXT() REPRESENTATION_CONTEXT('2D SPACE',''
  ) );
#9389 = PCURVE('',#3170,#9390);
#9390 = DEFINITIONAL_REPRESENTATION('',(#9391),#9395);
#9391 = LINE('',#9392,#9393);
#9392 = CARTESIAN_POINT('',(0.,3.14159265359));
#9393 = VECTOR('',#9394,1.);
#9394 = DIRECTION('',(1.,0.));
#9395 = ( GEOMETRIC_REPRESENTATION_CONTEXT(2) 
PARAMETRIC_REPRESENTATION_CONTEXT() REPRESENTATION_CONTEXT('2D SPACE',''
  ) );
#9396 = ORIENTED_EDGE('',*,*,#9397,.T.);
#9397 = EDGE_CURVE('',#9352,#8845,#9398,.T.);
#9398 = SURFACE_CURVE('',#9399,(#9404,#9411),.PCURVE_S1.);
#9399 = CIRCLE('',#9400,1.);
#9400 = AXIS2_PLACEMENT_3D('',#9401,#9402,#9403);
#9401 = CARTESIAN_POINT('',(19.6,-71.6,74.));
#9402 = DIRECTION('',(0.,1.,0.));
#9403 = DIRECTION('',(0.,-0.,1.));
#9404 = PCURVE('',#9332,#9405);
#9405 = DEFINITIONAL_REPRESENTATION('',(#9406),#9410);
#9406 = LINE('',#9407,#9408);
#9407 = CARTESIAN_POINT('',(0.,1.570796326795));
#9408 = VECTOR('',#9409,1.);
#9409 = DIRECTION('',(0.,-1.));
#9410 = ( GEOMETRIC_REPRESENTATION_CONTEXT(2) 
PARAMETRIC_REPRESENTATION_CONTEXT() REPRESENTATION_CONTEXT('2D SPACE',''
  ) );
#9411 = PCURVE('',#8893,#9412);
#9412 = DEFINITIONAL_REPRESENTATION('',(#9413),#9417);
#9413 = LINE('',#9414,#9415);
#9414 = CARTESIAN_POINT('',(1.570796326795,-71.6));
#9415 = VECTOR('',#9416,1.);
#9416 = DIRECTION('',(1.,0.));
#9417 = ( GEOMETRIC_REPRESENTATION_CONTEXT(2) 
PARAMETRIC_REPRESENTATION_CONTEXT() REPRESENTATION_CONTEXT('2D SPACE',''
  ) );
#9418 = ADVANCED_FACE('',(#9419),#3170,.F.);
#9419 = FACE_BOUND('',#9420,.F.);
#9420 = EDGE_LOOP('',(#9421,#9422,#9444,#9445));
#9421 = ORIENTED_EDGE('',*,*,#3151,.T.);
#9422 = ORIENTED_EDGE('',*,*,#9423,.F.);
#9423 = EDGE_CURVE('',#9323,#3154,#9424,.T.);
#9424 = SURFACE_CURVE('',#9425,(#9430,#9437),.PCURVE_S1.);
#9425 = CIRCLE('',#9426,1.);
#9426 = AXIS2_PLACEMENT_3D('',#9427,#9428,#9429);
#9427 = CARTESIAN_POINT('',(19.6,-69.6,74.));
#9428 = DIRECTION('',(0.,0.,-1.));
#9429 = DIRECTION('',(-1.,0.,0.));
#9430 = PCURVE('',#3170,#9431);
#9431 = DEFINITIONAL_REPRESENTATION('',(#9432),#9436);
#9432 = LINE('',#9433,#9434);
#9433 = CARTESIAN_POINT('',(3.14159265359,7.853981633974));
#9434 = VECTOR('',#9435,1.);
#9435 = DIRECTION('',(0.,-1.));
#9436 = ( GEOMETRIC_REPRESENTATION_CONTEXT(2) 
PARAMETRIC_REPRESENTATION_CONTEXT() REPRESENTATION_CONTEXT('2D SPACE',''
  ) );
#9437 = PCURVE('',#3198,#9438);
#9438 = DEFINITIONAL_REPRESENTATION('',(#9439),#9443);
#9439 = LINE('',#9440,#9441);
#9440 = CARTESIAN_POINT('',(0.,-3.));
#9441 = VECTOR('',#9442,1.);
#9442 = DIRECTION('',(1.,0.));
#9443 = ( GEOMETRIC_REPRESENTATION_CONTEXT(2) 
PARAMETRIC_REPRESENTATION_CONTEXT() REPRESENTATION_CONTEXT('2D SPACE',''
  ) );
#9444 = ORIENTED_EDGE('',*,*,#9351,.F.);
#9445 = ORIENTED_EDGE('',*,*,#9446,.F.);
#9446 = EDGE_CURVE('',#3152,#9352,#9447,.T.);
#9447 = SURFACE_CURVE('',#9448,(#9453,#9460),.PCURVE_S1.);
#9448 = CIRCLE('',#9449,1.);
#9449 = AXIS2_PLACEMENT_3D('',#9450,#9451,#9452);
#9450 = CARTESIAN_POINT('',(19.6,-71.6,76.));
#9451 = DIRECTION('',(0.,-1.,0.));
#9452 = DIRECTION('',(0.,0.,-1.));
#9453 = PCURVE('',#3170,#9454);
#9454 = DEFINITIONAL_REPRESENTATION('',(#9455),#9459);
#9455 = LINE('',#9456,#9457);
#9456 = CARTESIAN_POINT('',(1.570796326795,-3.14159265359));
#9457 = VECTOR('',#9458,1.);
#9458 = DIRECTION('',(0.,1.));
#9459 = ( GEOMETRIC_REPRESENTATION_CONTEXT(2) 
PARAMETRIC_REPRESENTATION_CONTEXT() REPRESENTATION_CONTEXT('2D SPACE',''
  ) );
#9460 = PCURVE('',#3367,#9461);
#9461 = DEFINITIONAL_REPRESENTATION('',(#9462),#9466);
#9462 = LINE('',#9463,#9464);
#9463 = CARTESIAN_POINT('',(10.995574287564,1.));
#9464 = VECTOR('',#9465,1.);
#9465 = DIRECTION('',(-1.,0.));
#9466 = ( GEOMETRIC_REPRESENTATION_CONTEXT(2) 
PARAMETRIC_REPRESENTATION_CONTEXT() REPRESENTATION_CONTEXT('2D SPACE',''
  ) );
#9467 = ADVANCED_FACE('',(#9468),#8893,.T.);
#9468 = FACE_BOUND('',#9469,.T.);
#9469 = EDGE_LOOP('',(#9470,#9471,#9472,#9495));
#9470 = ORIENTED_EDGE('',*,*,#8877,.F.);
#9471 = ORIENTED_EDGE('',*,*,#9397,.F.);
#9472 = ORIENTED_EDGE('',*,*,#9473,.T.);
#9473 = EDGE_CURVE('',#9352,#9474,#9476,.T.);
#9474 = VERTEX_POINT('',#9475);
#9475 = CARTESIAN_POINT('',(19.6,-73.6,75.));
#9476 = SURFACE_CURVE('',#9477,(#9481,#9488),.PCURVE_S1.);
#9477 = LINE('',#9478,#9479);
#9478 = CARTESIAN_POINT('',(19.6,-70.6,75.));
#9479 = VECTOR('',#9480,1.);
#9480 = DIRECTION('',(-6.115358904736E-17,-1.,0.));
#9481 = PCURVE('',#8893,#9482);
#9482 = DEFINITIONAL_REPRESENTATION('',(#9483),#9487);
#9483 = LINE('',#9484,#9485);
#9484 = CARTESIAN_POINT('',(1.570796326795,-70.6));
#9485 = VECTOR('',#9486,1.);
#9486 = DIRECTION('',(0.,-1.));
#9487 = ( GEOMETRIC_REPRESENTATION_CONTEXT(2) 
PARAMETRIC_REPRESENTATION_CONTEXT() REPRESENTATION_CONTEXT('2D SPACE',''
  ) );
#9488 = PCURVE('',#3367,#9489);
#9489 = DEFINITIONAL_REPRESENTATION('',(#9490),#9494);
#9490 = LINE('',#9491,#9492);
#9491 = CARTESIAN_POINT('',(4.712388980385,2.));
#9492 = VECTOR('',#9493,1.);
#9493 = DIRECTION('',(0.,-1.));
#9494 = ( GEOMETRIC_REPRESENTATION_CONTEXT(2) 
PARAMETRIC_REPRESENTATION_CONTEXT() REPRESENTATION_CONTEXT('2D SPACE',''
  ) );
#9495 = ORIENTED_EDGE('',*,*,#9496,.F.);
#9496 = EDGE_CURVE('',#8878,#9474,#9497,.T.);
#9497 = SURFACE_CURVE('',#9498,(#9503,#9510),.PCURVE_S1.);
#9498 = CIRCLE('',#9499,1.);
#9499 = AXIS2_PLACEMENT_3D('',#9500,#9501,#9502);
#9500 = CARTESIAN_POINT('',(19.6,-73.6,74.));
#9501 = DIRECTION('',(0.,-1.,0.));
#9502 = DIRECTION('',(0.,0.,-1.));
#9503 = PCURVE('',#8893,#9504);
#9504 = DEFINITIONAL_REPRESENTATION('',(#9505),#9509);
#9505 = LINE('',#9506,#9507);
#9506 = CARTESIAN_POINT('',(4.712388980385,-73.6));
#9507 = VECTOR('',#9508,1.);
#9508 = DIRECTION('',(-1.,0.));
#9509 = ( GEOMETRIC_REPRESENTATION_CONTEXT(2) 
PARAMETRIC_REPRESENTATION_CONTEXT() REPRESENTATION_CONTEXT('2D SPACE',''
  ) );
#9510 = PCURVE('',#9511,#9516);
#9511 = SPHERICAL_SURFACE('',#9512,1.);
#9512 = AXIS2_PLACEMENT_3D('',#9513,#9514,#9515);
#9513 = CARTESIAN_POINT('',(19.6,-73.6,74.));
#9514 = DIRECTION('',(0.,0.,1.));
#9515 = DIRECTION('',(1.,0.,-0.));
#9516 = DEFINITIONAL_REPRESENTATION('',(#9517),#9521);
#9517 = LINE('',#9518,#9519);
#9518 = CARTESIAN_POINT('',(6.28318530718,-1.570796326795));
#9519 = VECTOR('',#9520,1.);
#9520 = DIRECTION('',(0.,1.));
#9521 = ( GEOMETRIC_REPRESENTATION_CONTEXT(2) 
PARAMETRIC_REPRESENTATION_CONTEXT() REPRESENTATION_CONTEXT('2D SPACE',''
  ) );
#9522 = ADVANCED_FACE('',(#9523),#8865,.T.);
#9523 = FACE_BOUND('',#9524,.T.);
#9524 = EDGE_LOOP('',(#9525,#9576,#9597,#9598));
#9525 = ORIENTED_EDGE('',*,*,#9526,.F.);
#9526 = EDGE_CURVE('',#9527,#8843,#9529,.T.);
#9527 = VERTEX_POINT('',#9528);
#9528 = CARTESIAN_POINT('',(19.6,-70.6,68.));
#9529 = SURFACE_CURVE('',#9530,(#9535,#9542),.PCURVE_S1.);
#9530 = CIRCLE('',#9531,1.);
#9531 = AXIS2_PLACEMENT_3D('',#9532,#9533,#9534);
#9532 = CARTESIAN_POINT('',(19.6,-71.6,68.));
#9533 = DIRECTION('',(0.,0.,-1.));
#9534 = DIRECTION('',(-1.,0.,0.));
#9535 = PCURVE('',#8865,#9536);
#9536 = DEFINITIONAL_REPRESENTATION('',(#9537),#9541);
#9537 = LINE('',#9538,#9539);
#9538 = CARTESIAN_POINT('',(0.,-25.5));
#9539 = VECTOR('',#9540,1.);
#9540 = DIRECTION('',(1.,0.));
#9541 = ( GEOMETRIC_REPRESENTATION_CONTEXT(2) 
PARAMETRIC_REPRESENTATION_CONTEXT() REPRESENTATION_CONTEXT('2D SPACE',''
  ) );
#9542 = PCURVE('',#9543,#9548);
#9543 = SPHERICAL_SURFACE('',#9544,1.);
#9544 = AXIS2_PLACEMENT_3D('',#9545,#9546,#9547);
#9545 = CARTESIAN_POINT('',(19.6,-71.6,68.));
#9546 = DIRECTION('',(0.,1.,0.));
#9547 = DIRECTION('',(0.,-0.,1.));
#9548 = DEFINITIONAL_REPRESENTATION('',(#9549),#9575);
#9549 = B_SPLINE_CURVE_WITH_KNOTS('',3,(#9550,#9551,#9552,#9553,#9554,
    #9555,#9556,#9557,#9558,#9559,#9560,#9561,#9562,#9563,#9564,#9565,
    #9566,#9567,#9568,#9569,#9570,#9571,#9572,#9573,#9574),
  .UNSPECIFIED.,.F.,.F.,(4,1,1,1,1,1,1,1,1,1,1,1,1,1,1,1,1,1,1,1,1,1,4),
  (1.570796326795,1.642196159831,1.713595992867,1.784995825903,
    1.856395658939,1.927795491976,1.999195325012,2.070595158048,
    2.141994991084,2.21339482412,2.284794657156,2.356194490192,
    2.427594323228,2.498994156265,2.570393989301,2.641793822337,
    2.713193655373,2.784593488409,2.855993321445,2.927393154481,
    2.998792987518,3.070192820554,3.14159265359),.QUASI_UNIFORM_KNOTS.);
#9550 = CARTESIAN_POINT('',(1.570796326795,1.570796326795));
#9551 = CARTESIAN_POINT('',(1.570796326795,1.54699638245));
#9552 = CARTESIAN_POINT('',(1.570796326795,1.499396493759));
#9553 = CARTESIAN_POINT('',(1.570796326795,1.427996660723));
#9554 = CARTESIAN_POINT('',(1.570796326795,1.356596827687));
#9555 = CARTESIAN_POINT('',(1.570796326795,1.28519699465));
#9556 = CARTESIAN_POINT('',(1.570796326795,1.213797161614));
#9557 = CARTESIAN_POINT('',(1.570796326795,1.142397328578));
#9558 = CARTESIAN_POINT('',(1.570796326795,1.070997495542));
#9559 = CARTESIAN_POINT('',(1.570796326795,0.999597662506));
#9560 = CARTESIAN_POINT('',(1.570796326795,0.92819782947));
#9561 = CARTESIAN_POINT('',(1.570796326795,0.856797996434));
#9562 = CARTESIAN_POINT('',(1.570796326795,0.785398163397));
#9563 = CARTESIAN_POINT('',(1.570796326795,0.713998330361));
#9564 = CARTESIAN_POINT('',(1.570796326795,0.642598497325));
#9565 = CARTESIAN_POINT('',(1.570796326795,0.571198664289));
#9566 = CARTESIAN_POINT('',(1.570796326795,0.499798831253));
#9567 = CARTESIAN_POINT('',(1.570796326795,0.428398998217));
#9568 = CARTESIAN_POINT('',(1.570796326795,0.356999165181));
#9569 = CARTESIAN_POINT('',(1.570796326795,0.285599332145));
#9570 = CARTESIAN_POINT('',(1.570796326795,0.214199499108));
#9571 = CARTESIAN_POINT('',(1.570796326795,0.142799666072));
#9572 = CARTESIAN_POINT('',(1.570796326795,7.139983303613E-02));
#9573 = CARTESIAN_POINT('',(1.570796326795,2.379994434538E-02));
#9574 = CARTESIAN_POINT('',(1.570796326795,0.));
#9575 = ( GEOMETRIC_REPRESENTATION_CONTEXT(2) 
PARAMETRIC_REPRESENTATION_CONTEXT() REPRESENTATION_CONTEXT('2D SPACE',''
  ) );
#9576 = ORIENTED_EDGE('',*,*,#9577,.T.);
#9577 = EDGE_CURVE('',#9527,#9323,#9578,.T.);
#9578 = SURFACE_CURVE('',#9579,(#9583,#9590),.PCURVE_S1.);
#9579 = LINE('',#9580,#9581);
#9580 = CARTESIAN_POINT('',(19.6,-70.6,67.));
#9581 = VECTOR('',#9582,1.);
#9582 = DIRECTION('',(0.,0.,1.));
#9583 = PCURVE('',#8865,#9584);
#9584 = DEFINITIONAL_REPRESENTATION('',(#9585),#9589);
#9585 = LINE('',#9586,#9587);
#9586 = CARTESIAN_POINT('',(1.570796326795,-24.5));
#9587 = VECTOR('',#9588,1.);
#9588 = DIRECTION('',(0.,-1.));
#9589 = ( GEOMETRIC_REPRESENTATION_CONTEXT(2) 
PARAMETRIC_REPRESENTATION_CONTEXT() REPRESENTATION_CONTEXT('2D SPACE',''
  ) );
#9590 = PCURVE('',#3198,#9591);
#9591 = DEFINITIONAL_REPRESENTATION('',(#9592),#9596);
#9592 = LINE('',#9593,#9594);
#9593 = CARTESIAN_POINT('',(4.712388980385,4.));
#9594 = VECTOR('',#9595,1.);
#9595 = DIRECTION('',(0.,-1.));
#9596 = ( GEOMETRIC_REPRESENTATION_CONTEXT(2) 
PARAMETRIC_REPRESENTATION_CONTEXT() REPRESENTATION_CONTEXT('2D SPACE',''
  ) );
#9597 = ORIENTED_EDGE('',*,*,#9322,.F.);
#9598 = ORIENTED_EDGE('',*,*,#8842,.F.);
#9599 = ADVANCED_FACE('',(#9600),#3198,.F.);
#9600 = FACE_BOUND('',#9601,.F.);
#9601 = EDGE_LOOP('',(#9602,#9603,#9625,#9626));
#9602 = ORIENTED_EDGE('',*,*,#3182,.F.);
#9603 = ORIENTED_EDGE('',*,*,#9604,.T.);
#9604 = EDGE_CURVE('',#3183,#9527,#9605,.T.);
#9605 = SURFACE_CURVE('',#9606,(#9611,#9618),.PCURVE_S1.);
#9606 = CIRCLE('',#9607,1.);
#9607 = AXIS2_PLACEMENT_3D('',#9608,#9609,#9610);
#9608 = CARTESIAN_POINT('',(19.6,-69.6,68.));
#9609 = DIRECTION('',(0.,0.,1.));
#9610 = DIRECTION('',(1.,0.,-0.));
#9611 = PCURVE('',#3198,#9612);
#9612 = DEFINITIONAL_REPRESENTATION('',(#9613),#9617);
#9613 = LINE('',#9614,#9615);
#9614 = CARTESIAN_POINT('',(9.424777960769,3.));
#9615 = VECTOR('',#9616,1.);
#9616 = DIRECTION('',(-1.,0.));
#9617 = ( GEOMETRIC_REPRESENTATION_CONTEXT(2) 
PARAMETRIC_REPRESENTATION_CONTEXT() REPRESENTATION_CONTEXT('2D SPACE',''
  ) );
#9618 = PCURVE('',#3227,#9619);
#9619 = DEFINITIONAL_REPRESENTATION('',(#9620),#9624);
#9620 = LINE('',#9621,#9622);
#9621 = CARTESIAN_POINT('',(3.14159265359,-1.570796326795));
#9622 = VECTOR('',#9623,1.);
#9623 = DIRECTION('',(0.,1.));
#9624 = ( GEOMETRIC_REPRESENTATION_CONTEXT(2) 
PARAMETRIC_REPRESENTATION_CONTEXT() REPRESENTATION_CONTEXT('2D SPACE',''
  ) );
#9625 = ORIENTED_EDGE('',*,*,#9577,.T.);
#9626 = ORIENTED_EDGE('',*,*,#9423,.T.);
#9627 = ADVANCED_FACE('',(#9628),#3367,.F.);
#9628 = FACE_BOUND('',#9629,.F.);
#9629 = EDGE_LOOP('',(#9630,#9631,#9632,#9633));
#9630 = ORIENTED_EDGE('',*,*,#3353,.F.);
#9631 = ORIENTED_EDGE('',*,*,#9446,.T.);
#9632 = ORIENTED_EDGE('',*,*,#9473,.T.);
#9633 = ORIENTED_EDGE('',*,*,#9634,.T.);
#9634 = EDGE_CURVE('',#9474,#3325,#9635,.T.);
#9635 = SURFACE_CURVE('',#9636,(#9641,#9648),.PCURVE_S1.);
#9636 = CIRCLE('',#9637,1.);
#9637 = AXIS2_PLACEMENT_3D('',#9638,#9639,#9640);
#9638 = CARTESIAN_POINT('',(19.6,-73.6,76.));
#9639 = DIRECTION('',(0.,1.,0.));
#9640 = DIRECTION('',(0.,-0.,1.));
#9641 = PCURVE('',#3367,#9642);
#9642 = DEFINITIONAL_REPRESENTATION('',(#9643),#9647);
#9643 = LINE('',#9644,#9645);
#9644 = CARTESIAN_POINT('',(1.570796326795,-1.));
#9645 = VECTOR('',#9646,1.);
#9646 = DIRECTION('',(1.,0.));
#9647 = ( GEOMETRIC_REPRESENTATION_CONTEXT(2) 
PARAMETRIC_REPRESENTATION_CONTEXT() REPRESENTATION_CONTEXT('2D SPACE',''
  ) );
#9648 = PCURVE('',#3341,#9649);
#9649 = DEFINITIONAL_REPRESENTATION('',(#9650),#9654);
#9650 = LINE('',#9651,#9652);
#9651 = CARTESIAN_POINT('',(1.570796326795,6.28318530718));
#9652 = VECTOR('',#9653,1.);
#9653 = DIRECTION('',(0.,-1.));
#9654 = ( GEOMETRIC_REPRESENTATION_CONTEXT(2) 
PARAMETRIC_REPRESENTATION_CONTEXT() REPRESENTATION_CONTEXT('2D SPACE',''
  ) );
#9655 = ADVANCED_FACE('',(#9656),#9511,.T.);
#9656 = FACE_BOUND('',#9657,.T.);
#9657 = EDGE_LOOP('',(#9658,#9659,#9705));
#9658 = ORIENTED_EDGE('',*,*,#9496,.T.);
#9659 = ORIENTED_EDGE('',*,*,#9660,.F.);
#9660 = EDGE_CURVE('',#9661,#9474,#9663,.T.);
#9661 = VERTEX_POINT('',#9662);
#9662 = CARTESIAN_POINT('',(19.6,-74.6,74.));
#9663 = SURFACE_CURVE('',#9664,(#9669,#9698),.PCURVE_S1.);
#9664 = CIRCLE('',#9665,1.);
#9665 = AXIS2_PLACEMENT_3D('',#9666,#9667,#9668);
#9666 = CARTESIAN_POINT('',(19.6,-73.6,74.));
#9667 = DIRECTION('',(-1.,6.115358904736E-17,0.));
#9668 = DIRECTION('',(-6.115358904736E-17,-1.,0.));
#9669 = PCURVE('',#9511,#9670);
#9670 = DEFINITIONAL_REPRESENTATION('',(#9671),#9697);
#9671 = B_SPLINE_CURVE_WITH_KNOTS('',3,(#9672,#9673,#9674,#9675,#9676,
    #9677,#9678,#9679,#9680,#9681,#9682,#9683,#9684,#9685,#9686,#9687,
    #9688,#9689,#9690,#9691,#9692,#9693,#9694,#9695,#9696),
  .UNSPECIFIED.,.F.,.F.,(4,1,1,1,1,1,1,1,1,1,1,1,1,1,1,1,1,1,1,1,1,1,4),
  (0.,7.139983303613E-02,0.142799666072,0.214199499108,0.285599332145,
    0.356999165181,0.428398998217,0.499798831253,0.571198664289,
    0.642598497325,0.713998330361,0.785398163397,0.856797996434,
    0.92819782947,0.999597662506,1.070997495542,1.142397328578,
    1.213797161614,1.28519699465,1.356596827687,1.427996660723,
    1.499396493759,1.570796326795),.QUASI_UNIFORM_KNOTS.);
#9672 = CARTESIAN_POINT('',(4.712388980385,0.));
#9673 = CARTESIAN_POINT('',(4.712388980385,2.379994434538E-02));
#9674 = CARTESIAN_POINT('',(4.712388980385,7.139983303613E-02));
#9675 = CARTESIAN_POINT('',(4.712388980385,0.142799666072));
#9676 = CARTESIAN_POINT('',(4.712388980385,0.214199499108));
#9677 = CARTESIAN_POINT('',(4.712388980385,0.285599332145));
#9678 = CARTESIAN_POINT('',(4.712388980385,0.356999165181));
#9679 = CARTESIAN_POINT('',(4.712388980385,0.428398998217));
#9680 = CARTESIAN_POINT('',(4.712388980385,0.499798831253));
#9681 = CARTESIAN_POINT('',(4.712388980385,0.571198664289));
#9682 = CARTESIAN_POINT('',(4.712388980385,0.642598497325));
#9683 = CARTESIAN_POINT('',(4.712388980385,0.713998330361));
#9684 = CARTESIAN_POINT('',(4.712388980385,0.785398163397));
#9685 = CARTESIAN_POINT('',(4.712388980385,0.856797996434));
#9686 = CARTESIAN_POINT('',(4.712388980385,0.92819782947));
#9687 = CARTESIAN_POINT('',(4.712388980385,0.999597662506));
#9688 = CARTESIAN_POINT('',(4.712388980385,1.070997495542));
#9689 = CARTESIAN_POINT('',(4.712388980385,1.142397328578));
#9690 = CARTESIAN_POINT('',(4.712388980385,1.213797161614));
#9691 = CARTESIAN_POINT('',(4.712388980385,1.28519699465));
#9692 = CARTESIAN_POINT('',(4.712388980385,1.356596827687));
#9693 = CARTESIAN_POINT('',(4.712388980385,1.427996660723));
#9694 = CARTESIAN_POINT('',(4.712388980385,1.499396493759));
#9695 = CARTESIAN_POINT('',(4.712388980385,1.54699638245));
#9696 = CARTESIAN_POINT('',(4.712388980385,1.570796326795));
#9697 = ( GEOMETRIC_REPRESENTATION_CONTEXT(2) 
PARAMETRIC_REPRESENTATION_CONTEXT() REPRESENTATION_CONTEXT('2D SPACE',''
  ) );
#9698 = PCURVE('',#3341,#9699);
#9699 = DEFINITIONAL_REPRESENTATION('',(#9700),#9704);
#9700 = LINE('',#9701,#9702);
#9701 = CARTESIAN_POINT('',(0.,3.14159265359));
#9702 = VECTOR('',#9703,1.);
#9703 = DIRECTION('',(1.,0.));
#9704 = ( GEOMETRIC_REPRESENTATION_CONTEXT(2) 
PARAMETRIC_REPRESENTATION_CONTEXT() REPRESENTATION_CONTEXT('2D SPACE',''
  ) );
#9705 = ORIENTED_EDGE('',*,*,#9706,.T.);
#9706 = EDGE_CURVE('',#9661,#8878,#9707,.T.);
#9707 = SURFACE_CURVE('',#9708,(#9713,#9742),.PCURVE_S1.);
#9708 = CIRCLE('',#9709,1.);
#9709 = AXIS2_PLACEMENT_3D('',#9710,#9711,#9712);
#9710 = CARTESIAN_POINT('',(19.6,-73.6,74.));
#9711 = DIRECTION('',(0.,0.,1.));
#9712 = DIRECTION('',(1.,0.,-0.));
#9713 = PCURVE('',#9511,#9714);
#9714 = DEFINITIONAL_REPRESENTATION('',(#9715),#9741);
#9715 = B_SPLINE_CURVE_WITH_KNOTS('',3,(#9716,#9717,#9718,#9719,#9720,
    #9721,#9722,#9723,#9724,#9725,#9726,#9727,#9728,#9729,#9730,#9731,
    #9732,#9733,#9734,#9735,#9736,#9737,#9738,#9739,#9740),
  .UNSPECIFIED.,.F.,.F.,(4,1,1,1,1,1,1,1,1,1,1,1,1,1,1,1,1,1,1,1,1,1,4),
  (4.712388980385,4.783788813421,4.855188646457,4.926588479493,
    4.997988312529,5.069388145565,5.140787978601,5.212187811638,
    5.283587644674,5.35498747771,5.426387310746,5.497787143782,
    5.569186976818,5.640586809854,5.711986642891,5.783386475927,
    5.854786308963,5.926186141999,5.997585975035,6.068985808071,
    6.140385641107,6.211785474143,6.28318530718),.QUASI_UNIFORM_KNOTS.);
#9716 = CARTESIAN_POINT('',(4.712388980385,0.));
#9717 = CARTESIAN_POINT('',(4.73618892473,0.));
#9718 = CARTESIAN_POINT('',(4.783788813421,-6.253171281508E-28));
#9719 = CARTESIAN_POINT('',(4.855188646457,2.188609948528E-27));
#9720 = CARTESIAN_POINT('',(4.926588479493,-8.12912266596E-27));
#9721 = CARTESIAN_POINT('',(4.997988312529,3.032788071531E-26));
#9722 = CARTESIAN_POINT('',(5.069388145565,-1.131824001953E-25));
#9723 = CARTESIAN_POINT('',(5.140787978601,4.224017200658E-25));
#9724 = CARTESIAN_POINT('',(5.212187811638,-1.576424480068E-24));
#9725 = CARTESIAN_POINT('',(5.283587644674,5.883296200206E-24));
#9726 = CARTESIAN_POINT('',(5.35498747771,-2.195676032076E-23));
#9727 = CARTESIAN_POINT('',(5.426387310746,8.194374508282E-23));
#9728 = CARTESIAN_POINT('',(5.497787143782,-3.058182200105E-22));
#9729 = CARTESIAN_POINT('',(5.569186976818,1.141329134959E-21));
#9730 = CARTESIAN_POINT('',(5.640586809854,-4.259498319827E-21));
#9731 = CARTESIAN_POINT('',(5.711986642891,1.589666414435E-20));
#9732 = CARTESIAN_POINT('',(5.783386475927,-5.932715825756E-20));
#9733 = CARTESIAN_POINT('',(5.854786308963,2.214119688859E-19));
#9734 = CARTESIAN_POINT('',(5.926186141999,-8.263207172861E-19));
#9735 = CARTESIAN_POINT('',(5.997585975035,3.083870900258E-18));
#9736 = CARTESIAN_POINT('',(6.068985808071,-1.150916288375E-17));
#9737 = CARTESIAN_POINT('',(6.140385641107,4.295278063473E-17));
#9738 = CARTESIAN_POINT('',(6.211785474143,-1.603019596552E-16));
#9739 = CARTESIAN_POINT('',(6.259385362834,3.454027187723E-16));
#9740 = CARTESIAN_POINT('',(6.28318530718,8.881784197001E-16));
#9741 = ( GEOMETRIC_REPRESENTATION_CONTEXT(2) 
PARAMETRIC_REPRESENTATION_CONTEXT() REPRESENTATION_CONTEXT('2D SPACE',''
  ) );
#9742 = PCURVE('',#8921,#9743);
#9743 = DEFINITIONAL_REPRESENTATION('',(#9744),#9748);
#9744 = LINE('',#9745,#9746);
#9745 = CARTESIAN_POINT('',(0.,3.));
#9746 = VECTOR('',#9747,1.);
#9747 = DIRECTION('',(1.,0.));
#9748 = ( GEOMETRIC_REPRESENTATION_CONTEXT(2) 
PARAMETRIC_REPRESENTATION_CONTEXT() REPRESENTATION_CONTEXT('2D SPACE',''
  ) );
#9749 = ADVANCED_FACE('',(#9750),#9543,.T.);
#9750 = FACE_BOUND('',#9751,.T.);
#9751 = EDGE_LOOP('',(#9752,#9798,#9799));
#9752 = ORIENTED_EDGE('',*,*,#9753,.T.);
#9753 = EDGE_CURVE('',#9754,#9527,#9756,.T.);
#9754 = VERTEX_POINT('',#9755);
#9755 = CARTESIAN_POINT('',(19.6,-71.6,67.));
#9756 = SURFACE_CURVE('',#9757,(#9762,#9791),.PCURVE_S1.);
#9757 = CIRCLE('',#9758,1.);
#9758 = AXIS2_PLACEMENT_3D('',#9759,#9760,#9761);
#9759 = CARTESIAN_POINT('',(19.6,-71.6,68.));
#9760 = DIRECTION('',(1.,0.,0.));
#9761 = DIRECTION('',(0.,0.,-1.));
#9762 = PCURVE('',#9543,#9763);
#9763 = DEFINITIONAL_REPRESENTATION('',(#9764),#9790);
#9764 = B_SPLINE_CURVE_WITH_KNOTS('',3,(#9765,#9766,#9767,#9768,#9769,
    #9770,#9771,#9772,#9773,#9774,#9775,#9776,#9777,#9778,#9779,#9780,
    #9781,#9782,#9783,#9784,#9785,#9786,#9787,#9788,#9789),
  .UNSPECIFIED.,.F.,.F.,(4,1,1,1,1,1,1,1,1,1,1,1,1,1,1,1,1,1,1,1,1,1,4),
  (0.,7.139983303613E-02,0.142799666072,0.214199499108,0.285599332145,
    0.356999165181,0.428398998217,0.499798831253,0.571198664289,
    0.642598497325,0.713998330361,0.785398163397,0.856797996434,
    0.92819782947,0.999597662506,1.070997495542,1.142397328578,
    1.213797161614,1.28519699465,1.356596827687,1.427996660723,
    1.499396493759,1.570796326795),.QUASI_UNIFORM_KNOTS.);
#9765 = CARTESIAN_POINT('',(3.14159265359,0.));
#9766 = CARTESIAN_POINT('',(3.14159265359,2.379994434538E-02));
#9767 = CARTESIAN_POINT('',(3.14159265359,7.139983303613E-02));
#9768 = CARTESIAN_POINT('',(3.14159265359,0.142799666072));
#9769 = CARTESIAN_POINT('',(3.14159265359,0.214199499108));
#9770 = CARTESIAN_POINT('',(3.14159265359,0.285599332145));
#9771 = CARTESIAN_POINT('',(3.14159265359,0.356999165181));
#9772 = CARTESIAN_POINT('',(3.14159265359,0.428398998217));
#9773 = CARTESIAN_POINT('',(3.14159265359,0.499798831253));
#9774 = CARTESIAN_POINT('',(3.14159265359,0.571198664289));
#9775 = CARTESIAN_POINT('',(3.14159265359,0.642598497325));
#9776 = CARTESIAN_POINT('',(3.14159265359,0.713998330361));
#9777 = CARTESIAN_POINT('',(3.14159265359,0.785398163397));
#9778 = CARTESIAN_POINT('',(3.14159265359,0.856797996434));
#9779 = CARTESIAN_POINT('',(3.14159265359,0.92819782947));
#9780 = CARTESIAN_POINT('',(3.14159265359,0.999597662506));
#9781 = CARTESIAN_POINT('',(3.14159265359,1.070997495542));
#9782 = CARTESIAN_POINT('',(3.14159265359,1.142397328578));
#9783 = CARTESIAN_POINT('',(3.14159265359,1.213797161614));
#9784 = CARTESIAN_POINT('',(3.14159265359,1.28519699465));
#9785 = CARTESIAN_POINT('',(3.14159265359,1.356596827687));
#9786 = CARTESIAN_POINT('',(3.14159265359,1.427996660723));
#9787 = CARTESIAN_POINT('',(3.14159265359,1.499396493759));
#9788 = CARTESIAN_POINT('',(3.14159265359,1.54699638245));
#9789 = CARTESIAN_POINT('',(3.14159265359,1.570796326795));
#9790 = ( GEOMETRIC_REPRESENTATION_CONTEXT(2) 
PARAMETRIC_REPRESENTATION_CONTEXT() REPRESENTATION_CONTEXT('2D SPACE',''
  ) );
#9791 = PCURVE('',#3227,#9792);
#9792 = DEFINITIONAL_REPRESENTATION('',(#9793),#9797);
#9793 = LINE('',#9794,#9795);
#9794 = CARTESIAN_POINT('',(4.712388980385,3.14159265359));
#9795 = VECTOR('',#9796,1.);
#9796 = DIRECTION('',(-1.,0.));
#9797 = ( GEOMETRIC_REPRESENTATION_CONTEXT(2) 
PARAMETRIC_REPRESENTATION_CONTEXT() REPRESENTATION_CONTEXT('2D SPACE',''
  ) );
#9798 = ORIENTED_EDGE('',*,*,#9526,.T.);
#9799 = ORIENTED_EDGE('',*,*,#9800,.T.);
#9800 = EDGE_CURVE('',#8843,#9754,#9801,.T.);
#9801 = SURFACE_CURVE('',#9802,(#9807,#9814),.PCURVE_S1.);
#9802 = CIRCLE('',#9803,1.);
#9803 = AXIS2_PLACEMENT_3D('',#9804,#9805,#9806);
#9804 = CARTESIAN_POINT('',(19.6,-71.6,68.));
#9805 = DIRECTION('',(0.,1.,0.));
#9806 = DIRECTION('',(0.,-0.,1.));
#9807 = PCURVE('',#9543,#9808);
#9808 = DEFINITIONAL_REPRESENTATION('',(#9809),#9813);
#9809 = LINE('',#9810,#9811);
#9810 = CARTESIAN_POINT('',(0.,0.));
#9811 = VECTOR('',#9812,1.);
#9812 = DIRECTION('',(1.,0.));
#9813 = ( GEOMETRIC_REPRESENTATION_CONTEXT(2) 
PARAMETRIC_REPRESENTATION_CONTEXT() REPRESENTATION_CONTEXT('2D SPACE',''
  ) );
#9814 = PCURVE('',#8947,#9815);
#9815 = DEFINITIONAL_REPRESENTATION('',(#9816),#9820);
#9816 = LINE('',#9817,#9818);
#9817 = CARTESIAN_POINT('',(7.853981633974,-1.));
#9818 = VECTOR('',#9819,1.);
#9819 = DIRECTION('',(-1.,0.));
#9820 = ( GEOMETRIC_REPRESENTATION_CONTEXT(2) 
PARAMETRIC_REPRESENTATION_CONTEXT() REPRESENTATION_CONTEXT('2D SPACE',''
  ) );
#9821 = ADVANCED_FACE('',(#9822),#3227,.F.);
#9822 = FACE_BOUND('',#9823,.F.);
#9823 = EDGE_LOOP('',(#9824,#9825,#9847,#9848));
#9824 = ORIENTED_EDGE('',*,*,#3210,.T.);
#9825 = ORIENTED_EDGE('',*,*,#9826,.F.);
#9826 = EDGE_CURVE('',#9754,#3211,#9827,.T.);
#9827 = SURFACE_CURVE('',#9828,(#9833,#9840),.PCURVE_S1.);
#9828 = CIRCLE('',#9829,1.);
#9829 = AXIS2_PLACEMENT_3D('',#9830,#9831,#9832);
#9830 = CARTESIAN_POINT('',(19.6,-71.6,66.));
#9831 = DIRECTION('',(0.,-1.,0.));
#9832 = DIRECTION('',(0.,0.,-1.));
#9833 = PCURVE('',#3227,#9834);
#9834 = DEFINITIONAL_REPRESENTATION('',(#9835),#9839);
#9835 = LINE('',#9836,#9837);
#9836 = CARTESIAN_POINT('',(4.712388980385,6.28318530718));
#9837 = VECTOR('',#9838,1.);
#9838 = DIRECTION('',(0.,-1.));
#9839 = ( GEOMETRIC_REPRESENTATION_CONTEXT(2) 
PARAMETRIC_REPRESENTATION_CONTEXT() REPRESENTATION_CONTEXT('2D SPACE',''
  ) );
#9840 = PCURVE('',#3255,#9841);
#9841 = DEFINITIONAL_REPRESENTATION('',(#9842),#9846);
#9842 = LINE('',#9843,#9844);
#9843 = CARTESIAN_POINT('',(-1.570796326795,71.6));
#9844 = VECTOR('',#9845,1.);
#9845 = DIRECTION('',(1.,0.));
#9846 = ( GEOMETRIC_REPRESENTATION_CONTEXT(2) 
PARAMETRIC_REPRESENTATION_CONTEXT() REPRESENTATION_CONTEXT('2D SPACE',''
  ) );
#9847 = ORIENTED_EDGE('',*,*,#9753,.T.);
#9848 = ORIENTED_EDGE('',*,*,#9604,.F.);
#9849 = ADVANCED_FACE('',(#9850),#3341,.F.);
#9850 = FACE_BOUND('',#9851,.F.);
#9851 = EDGE_LOOP('',(#9852,#9853,#9875,#9876));
#9852 = ORIENTED_EDGE('',*,*,#9660,.F.);
#9853 = ORIENTED_EDGE('',*,*,#9854,.F.);
#9854 = EDGE_CURVE('',#3297,#9661,#9855,.T.);
#9855 = SURFACE_CURVE('',#9856,(#9861,#9868),.PCURVE_S1.);
#9856 = CIRCLE('',#9857,1.);
#9857 = AXIS2_PLACEMENT_3D('',#9858,#9859,#9860);
#9858 = CARTESIAN_POINT('',(19.6,-75.6,74.));
#9859 = DIRECTION('',(0.,0.,-1.));
#9860 = DIRECTION('',(-1.,0.,0.));
#9861 = PCURVE('',#3341,#9862);
#9862 = DEFINITIONAL_REPRESENTATION('',(#9863),#9867);
#9863 = LINE('',#9864,#9865);
#9864 = CARTESIAN_POINT('',(0.,1.570796326795));
#9865 = VECTOR('',#9866,1.);
#9866 = DIRECTION('',(0.,1.));
#9867 = ( GEOMETRIC_REPRESENTATION_CONTEXT(2) 
PARAMETRIC_REPRESENTATION_CONTEXT() REPRESENTATION_CONTEXT('2D SPACE',''
  ) );
#9868 = PCURVE('',#3312,#9869);
#9869 = DEFINITIONAL_REPRESENTATION('',(#9870),#9874);
#9870 = LINE('',#9871,#9872);
#9871 = CARTESIAN_POINT('',(3.14159265359,69.));
#9872 = VECTOR('',#9873,1.);
#9873 = DIRECTION('',(-1.,0.));
#9874 = ( GEOMETRIC_REPRESENTATION_CONTEXT(2) 
PARAMETRIC_REPRESENTATION_CONTEXT() REPRESENTATION_CONTEXT('2D SPACE',''
  ) );
#9875 = ORIENTED_EDGE('',*,*,#3324,.T.);
#9876 = ORIENTED_EDGE('',*,*,#9634,.F.);
#9877 = ADVANCED_FACE('',(#9878),#8921,.T.);
#9878 = FACE_BOUND('',#9879,.T.);
#9879 = EDGE_LOOP('',(#9880,#9881,#9882,#9905));
#9880 = ORIENTED_EDGE('',*,*,#8905,.T.);
#9881 = ORIENTED_EDGE('',*,*,#9706,.F.);
#9882 = ORIENTED_EDGE('',*,*,#9883,.F.);
#9883 = EDGE_CURVE('',#9884,#9661,#9886,.T.);
#9884 = VERTEX_POINT('',#9885);
#9885 = CARTESIAN_POINT('',(19.6,-74.6,68.));
#9886 = SURFACE_CURVE('',#9887,(#9891,#9898),.PCURVE_S1.);
#9887 = LINE('',#9888,#9889);
#9888 = CARTESIAN_POINT('',(19.6,-74.6,71.));
#9889 = VECTOR('',#9890,1.);
#9890 = DIRECTION('',(0.,0.,1.));
#9891 = PCURVE('',#8921,#9892);
#9892 = DEFINITIONAL_REPRESENTATION('',(#9893),#9897);
#9893 = LINE('',#9894,#9895);
#9894 = CARTESIAN_POINT('',(4.712388980385,0.));
#9895 = VECTOR('',#9896,1.);
#9896 = DIRECTION('',(0.,1.));
#9897 = ( GEOMETRIC_REPRESENTATION_CONTEXT(2) 
PARAMETRIC_REPRESENTATION_CONTEXT() REPRESENTATION_CONTEXT('2D SPACE',''
  ) );
#9898 = PCURVE('',#3312,#9899);
#9899 = DEFINITIONAL_REPRESENTATION('',(#9900),#9904);
#9900 = LINE('',#9901,#9902);
#9901 = CARTESIAN_POINT('',(1.570796326795,66.));
#9902 = VECTOR('',#9903,1.);
#9903 = DIRECTION('',(0.,1.));
#9904 = ( GEOMETRIC_REPRESENTATION_CONTEXT(2) 
PARAMETRIC_REPRESENTATION_CONTEXT() REPRESENTATION_CONTEXT('2D SPACE',''
  ) );
#9905 = ORIENTED_EDGE('',*,*,#9906,.F.);
#9906 = EDGE_CURVE('',#8906,#9884,#9907,.T.);
#9907 = SURFACE_CURVE('',#9908,(#9913,#9920),.PCURVE_S1.);
#9908 = CIRCLE('',#9909,1.);
#9909 = AXIS2_PLACEMENT_3D('',#9910,#9911,#9912);
#9910 = CARTESIAN_POINT('',(19.6,-73.6,68.));
#9911 = DIRECTION('',(0.,0.,-1.));
#9912 = DIRECTION('',(-1.,0.,0.));
#9913 = PCURVE('',#8921,#9914);
#9914 = DEFINITIONAL_REPRESENTATION('',(#9915),#9919);
#9915 = LINE('',#9916,#9917);
#9916 = CARTESIAN_POINT('',(9.424777960769,-3.));
#9917 = VECTOR('',#9918,1.);
#9918 = DIRECTION('',(-1.,0.));
#9919 = ( GEOMETRIC_REPRESENTATION_CONTEXT(2) 
PARAMETRIC_REPRESENTATION_CONTEXT() REPRESENTATION_CONTEXT('2D SPACE',''
  ) );
#9920 = PCURVE('',#9921,#9926);
#9921 = SPHERICAL_SURFACE('',#9922,1.);
#9922 = AXIS2_PLACEMENT_3D('',#9923,#9924,#9925);
#9923 = CARTESIAN_POINT('',(19.6,-73.6,68.));
#9924 = DIRECTION('',(1.,0.,0.));
#9925 = DIRECTION('',(0.,0.,-1.));
#9926 = DEFINITIONAL_REPRESENTATION('',(#9927),#9953);
#9927 = B_SPLINE_CURVE_WITH_KNOTS('',3,(#9928,#9929,#9930,#9931,#9932,
    #9933,#9934,#9935,#9936,#9937,#9938,#9939,#9940,#9941,#9942,#9943,
    #9944,#9945,#9946,#9947,#9948,#9949,#9950,#9951,#9952),
  .UNSPECIFIED.,.F.,.F.,(4,1,1,1,1,1,1,1,1,1,1,1,1,1,1,1,1,1,1,1,1,1,4),
  (3.14159265359,3.212992486626,3.284392319662,3.355792152698,
    3.427191985734,3.49859181877,3.569991651807,3.641391484843,
    3.712791317879,3.784191150915,3.855590983951,3.926990816987,
    3.998390650023,4.06979048306,4.141190316096,4.212590149132,
    4.283989982168,4.355389815204,4.42678964824,4.498189481276,
    4.569589314312,4.640989147349,4.712388980385),
  .QUASI_UNIFORM_KNOTS.);
#9928 = CARTESIAN_POINT('',(4.712388980385,1.570796326795));
#9929 = CARTESIAN_POINT('',(4.712388980385,1.54699638245));
#9930 = CARTESIAN_POINT('',(4.712388980385,1.499396493759));
#9931 = CARTESIAN_POINT('',(4.712388980385,1.427996660723));
#9932 = CARTESIAN_POINT('',(4.712388980385,1.356596827687));
#9933 = CARTESIAN_POINT('',(4.712388980385,1.28519699465));
#9934 = CARTESIAN_POINT('',(4.712388980385,1.213797161614));
#9935 = CARTESIAN_POINT('',(4.712388980385,1.142397328578));
#9936 = CARTESIAN_POINT('',(4.712388980385,1.070997495542));
#9937 = CARTESIAN_POINT('',(4.712388980385,0.999597662506));
#9938 = CARTESIAN_POINT('',(4.712388980385,0.92819782947));
#9939 = CARTESIAN_POINT('',(4.712388980385,0.856797996434));
#9940 = CARTESIAN_POINT('',(4.712388980385,0.785398163397));
#9941 = CARTESIAN_POINT('',(4.712388980385,0.713998330361));
#9942 = CARTESIAN_POINT('',(4.712388980385,0.642598497325));
#9943 = CARTESIAN_POINT('',(4.712388980385,0.571198664289));
#9944 = CARTESIAN_POINT('',(4.712388980385,0.499798831253));
#9945 = CARTESIAN_POINT('',(4.712388980385,0.428398998217));
#9946 = CARTESIAN_POINT('',(4.712388980385,0.356999165181));
#9947 = CARTESIAN_POINT('',(4.712388980385,0.285599332145));
#9948 = CARTESIAN_POINT('',(4.712388980385,0.214199499108));
#9949 = CARTESIAN_POINT('',(4.712388980385,0.142799666072));
#9950 = CARTESIAN_POINT('',(4.712388980385,7.139983303613E-02));
#9951 = CARTESIAN_POINT('',(4.712388980385,2.379994434538E-02));
#9952 = CARTESIAN_POINT('',(4.712388980385,0.));
#9953 = ( GEOMETRIC_REPRESENTATION_CONTEXT(2) 
PARAMETRIC_REPRESENTATION_CONTEXT() REPRESENTATION_CONTEXT('2D SPACE',''
  ) );
#9954 = ADVANCED_FACE('',(#9955),#8947,.T.);
#9955 = FACE_BOUND('',#9956,.T.);
#9956 = EDGE_LOOP('',(#9957,#9980,#9981,#9982));
#9957 = ORIENTED_EDGE('',*,*,#9958,.F.);
#9958 = EDGE_CURVE('',#9754,#9959,#9961,.T.);
#9959 = VERTEX_POINT('',#9960);
#9960 = CARTESIAN_POINT('',(19.6,-73.6,67.));
#9961 = SURFACE_CURVE('',#9962,(#9966,#9973),.PCURVE_S1.);
#9962 = LINE('',#9963,#9964);
#9963 = CARTESIAN_POINT('',(19.6,-72.6,67.));
#9964 = VECTOR('',#9965,1.);
#9965 = DIRECTION('',(-6.115358904736E-17,-1.,0.));
#9966 = PCURVE('',#8947,#9967);
#9967 = DEFINITIONAL_REPRESENTATION('',(#9968),#9972);
#9968 = LINE('',#9969,#9970);
#9969 = CARTESIAN_POINT('',(4.712388980385,0.));
#9970 = VECTOR('',#9971,1.);
#9971 = DIRECTION('',(0.,1.));
#9972 = ( GEOMETRIC_REPRESENTATION_CONTEXT(2) 
PARAMETRIC_REPRESENTATION_CONTEXT() REPRESENTATION_CONTEXT('2D SPACE',''
  ) );
#9973 = PCURVE('',#3255,#9974);
#9974 = DEFINITIONAL_REPRESENTATION('',(#9975),#9979);
#9975 = LINE('',#9976,#9977);
#9976 = CARTESIAN_POINT('',(1.570796326795,72.6));
#9977 = VECTOR('',#9978,1.);
#9978 = DIRECTION('',(0.,1.));
#9979 = ( GEOMETRIC_REPRESENTATION_CONTEXT(2) 
PARAMETRIC_REPRESENTATION_CONTEXT() REPRESENTATION_CONTEXT('2D SPACE',''
  ) );
#9980 = ORIENTED_EDGE('',*,*,#9800,.F.);
#9981 = ORIENTED_EDGE('',*,*,#8933,.T.);
#9982 = ORIENTED_EDGE('',*,*,#9983,.F.);
#9983 = EDGE_CURVE('',#9959,#8906,#9984,.T.);
#9984 = SURFACE_CURVE('',#9985,(#9990,#9997),.PCURVE_S1.);
#9985 = CIRCLE('',#9986,1.);
#9986 = AXIS2_PLACEMENT_3D('',#9987,#9988,#9989);
#9987 = CARTESIAN_POINT('',(19.6,-73.6,68.));
#9988 = DIRECTION('',(0.,-1.,0.));
#9989 = DIRECTION('',(0.,0.,-1.));
#9990 = PCURVE('',#8947,#9991);
#9991 = DEFINITIONAL_REPRESENTATION('',(#9992),#9996);
#9992 = LINE('',#9993,#9994);
#9993 = CARTESIAN_POINT('',(4.712388980385,1.));
#9994 = VECTOR('',#9995,1.);
#9995 = DIRECTION('',(1.,0.));
#9996 = ( GEOMETRIC_REPRESENTATION_CONTEXT(2) 
PARAMETRIC_REPRESENTATION_CONTEXT() REPRESENTATION_CONTEXT('2D SPACE',''
  ) );
#9997 = PCURVE('',#9921,#9998);
#9998 = DEFINITIONAL_REPRESENTATION('',(#9999),#10003);
#9999 = LINE('',#10000,#10001);
#10000 = CARTESIAN_POINT('',(6.28318530718,0.));
#10001 = VECTOR('',#10002,1.);
#10002 = DIRECTION('',(0.,1.));
#10003 = ( GEOMETRIC_REPRESENTATION_CONTEXT(2) 
PARAMETRIC_REPRESENTATION_CONTEXT() REPRESENTATION_CONTEXT('2D SPACE',''
  ) );
#10004 = ADVANCED_FACE('',(#10005),#3255,.F.);
#10005 = FACE_BOUND('',#10006,.F.);
#10006 = EDGE_LOOP('',(#10007,#10008,#10030,#10031));
#10007 = ORIENTED_EDGE('',*,*,#3239,.T.);
#10008 = ORIENTED_EDGE('',*,*,#10009,.T.);
#10009 = EDGE_CURVE('',#3240,#9959,#10010,.T.);
#10010 = SURFACE_CURVE('',#10011,(#10016,#10023),.PCURVE_S1.);
#10011 = CIRCLE('',#10012,1.);
#10012 = AXIS2_PLACEMENT_3D('',#10013,#10014,#10015);
#10013 = CARTESIAN_POINT('',(19.6,-73.6,66.));
#10014 = DIRECTION('',(0.,1.,0.));
#10015 = DIRECTION('',(0.,-0.,1.));
#10016 = PCURVE('',#3255,#10017);
#10017 = DEFINITIONAL_REPRESENTATION('',(#10018),#10022);
#10018 = LINE('',#10019,#10020);
#10019 = CARTESIAN_POINT('',(7.853981633974,73.6));
#10020 = VECTOR('',#10021,1.);
#10021 = DIRECTION('',(-1.,0.));
#10022 = ( GEOMETRIC_REPRESENTATION_CONTEXT(2) 
PARAMETRIC_REPRESENTATION_CONTEXT() REPRESENTATION_CONTEXT('2D SPACE',''
  ) );
#10023 = PCURVE('',#3284,#10024);
#10024 = DEFINITIONAL_REPRESENTATION('',(#10025),#10029);
#10025 = LINE('',#10026,#10027);
#10026 = CARTESIAN_POINT('',(4.712388980385,-3.14159265359));
#10027 = VECTOR('',#10028,1.);
#10028 = DIRECTION('',(0.,1.));
#10029 = ( GEOMETRIC_REPRESENTATION_CONTEXT(2) 
PARAMETRIC_REPRESENTATION_CONTEXT() REPRESENTATION_CONTEXT('2D SPACE',''
  ) );
#10030 = ORIENTED_EDGE('',*,*,#9958,.F.);
#10031 = ORIENTED_EDGE('',*,*,#9826,.T.);
#10032 = ADVANCED_FACE('',(#10033),#3312,.F.);
#10033 = FACE_BOUND('',#10034,.F.);
#10034 = EDGE_LOOP('',(#10035,#10036,#10058,#10059));
#10035 = ORIENTED_EDGE('',*,*,#9883,.F.);
#10036 = ORIENTED_EDGE('',*,*,#10037,.T.);
#10037 = EDGE_CURVE('',#9884,#3268,#10038,.T.);
#10038 = SURFACE_CURVE('',#10039,(#10044,#10051),.PCURVE_S1.);
#10039 = CIRCLE('',#10040,1.);
#10040 = AXIS2_PLACEMENT_3D('',#10041,#10042,#10043);
#10041 = CARTESIAN_POINT('',(19.6,-75.6,68.));
#10042 = DIRECTION('',(0.,0.,1.));
#10043 = DIRECTION('',(1.,0.,-0.));
#10044 = PCURVE('',#3312,#10045);
#10045 = DEFINITIONAL_REPRESENTATION('',(#10046),#10050);
#10046 = LINE('',#10047,#10048);
#10047 = CARTESIAN_POINT('',(0.,63.));
#10048 = VECTOR('',#10049,1.);
#10049 = DIRECTION('',(1.,0.));
#10050 = ( GEOMETRIC_REPRESENTATION_CONTEXT(2) 
PARAMETRIC_REPRESENTATION_CONTEXT() REPRESENTATION_CONTEXT('2D SPACE',''
  ) );
#10051 = PCURVE('',#3284,#10052);
#10052 = DEFINITIONAL_REPRESENTATION('',(#10053),#10057);
#10053 = LINE('',#10054,#10055);
#10054 = CARTESIAN_POINT('',(6.28318530718,4.712388980385));
#10055 = VECTOR('',#10056,1.);
#10056 = DIRECTION('',(0.,-1.));
#10057 = ( GEOMETRIC_REPRESENTATION_CONTEXT(2) 
PARAMETRIC_REPRESENTATION_CONTEXT() REPRESENTATION_CONTEXT('2D SPACE',''
  ) );
#10058 = ORIENTED_EDGE('',*,*,#3296,.T.);
#10059 = ORIENTED_EDGE('',*,*,#9854,.T.);
#10060 = ADVANCED_FACE('',(#10061),#9921,.T.);
#10061 = FACE_BOUND('',#10062,.T.);
#10062 = EDGE_LOOP('',(#10063,#10064,#10065));
#10063 = ORIENTED_EDGE('',*,*,#9983,.T.);
#10064 = ORIENTED_EDGE('',*,*,#9906,.T.);
#10065 = ORIENTED_EDGE('',*,*,#10066,.T.);
#10066 = EDGE_CURVE('',#9884,#9959,#10067,.T.);
#10067 = SURFACE_CURVE('',#10068,(#10073,#10102),.PCURVE_S1.);
#10068 = CIRCLE('',#10069,1.);
#10069 = AXIS2_PLACEMENT_3D('',#10070,#10071,#10072);
#10070 = CARTESIAN_POINT('',(19.6,-73.6,68.));
#10071 = DIRECTION('',(1.,0.,0.));
#10072 = DIRECTION('',(0.,0.,-1.));
#10073 = PCURVE('',#9921,#10074);
#10074 = DEFINITIONAL_REPRESENTATION('',(#10075),#10101);
#10075 = B_SPLINE_CURVE_WITH_KNOTS('',3,(#10076,#10077,#10078,#10079,
    #10080,#10081,#10082,#10083,#10084,#10085,#10086,#10087,#10088,
    #10089,#10090,#10091,#10092,#10093,#10094,#10095,#10096,#10097,
    #10098,#10099,#10100),.UNSPECIFIED.,.F.,.F.,(4,1,1,1,1,1,1,1,1,1,1,1
    ,1,1,1,1,1,1,1,1,1,1,4),(4.712388980385,4.783788813421,
    4.855188646457,4.926588479493,4.997988312529,5.069388145565,
    5.140787978601,5.212187811638,5.283587644674,5.35498747771,
    5.426387310746,5.497787143782,5.569186976818,5.640586809854,
    5.711986642891,5.783386475927,5.854786308963,5.926186141999,
    5.997585975035,6.068985808071,6.140385641107,6.211785474143,
    6.28318530718),.QUASI_UNIFORM_KNOTS.);
#10076 = CARTESIAN_POINT('',(4.712388980385,0.));
#10077 = CARTESIAN_POINT('',(4.73618892473,0.));
#10078 = CARTESIAN_POINT('',(4.783788813421,-6.253171281508E-28));
#10079 = CARTESIAN_POINT('',(4.855188646457,2.188609948528E-27));
#10080 = CARTESIAN_POINT('',(4.926588479493,-8.12912266596E-27));
#10081 = CARTESIAN_POINT('',(4.997988312529,3.032788071531E-26));
#10082 = CARTESIAN_POINT('',(5.069388145565,-1.131824001953E-25));
#10083 = CARTESIAN_POINT('',(5.140787978601,4.224017200658E-25));
#10084 = CARTESIAN_POINT('',(5.212187811638,-1.576424480068E-24));
#10085 = CARTESIAN_POINT('',(5.283587644674,5.883296200206E-24));
#10086 = CARTESIAN_POINT('',(5.35498747771,-2.195676032076E-23));
#10087 = CARTESIAN_POINT('',(5.426387310746,8.194374508282E-23));
#10088 = CARTESIAN_POINT('',(5.497787143782,-3.058182200105E-22));
#10089 = CARTESIAN_POINT('',(5.569186976818,1.141329134959E-21));
#10090 = CARTESIAN_POINT('',(5.640586809854,-4.259498319827E-21));
#10091 = CARTESIAN_POINT('',(5.711986642891,1.589666414435E-20));
#10092 = CARTESIAN_POINT('',(5.783386475927,-5.932715825756E-20));
#10093 = CARTESIAN_POINT('',(5.854786308963,2.214119688859E-19));
#10094 = CARTESIAN_POINT('',(5.926186141999,-8.263207172861E-19));
#10095 = CARTESIAN_POINT('',(5.997585975035,3.083870900258E-18));
#10096 = CARTESIAN_POINT('',(6.068985808071,-1.150916288375E-17));
#10097 = CARTESIAN_POINT('',(6.140385641107,4.295278063473E-17));
#10098 = CARTESIAN_POINT('',(6.211785474143,-1.603019596552E-16));
#10099 = CARTESIAN_POINT('',(6.259385362834,3.454027187723E-16));
#10100 = CARTESIAN_POINT('',(6.28318530718,8.881784197001E-16));
#10101 = ( GEOMETRIC_REPRESENTATION_CONTEXT(2) 
PARAMETRIC_REPRESENTATION_CONTEXT() REPRESENTATION_CONTEXT('2D SPACE',''
  ) );
#10102 = PCURVE('',#3284,#10103);
#10103 = DEFINITIONAL_REPRESENTATION('',(#10104),#10108);
#10104 = LINE('',#10105,#10106);
#10105 = CARTESIAN_POINT('',(10.995574287564,3.14159265359));
#10106 = VECTOR('',#10107,1.);
#10107 = DIRECTION('',(-1.,0.));
#10108 = ( GEOMETRIC_REPRESENTATION_CONTEXT(2) 
PARAMETRIC_REPRESENTATION_CONTEXT() REPRESENTATION_CONTEXT('2D SPACE',''
  ) );
#10109 = ADVANCED_FACE('',(#10110),#3284,.F.);
#10110 = FACE_BOUND('',#10111,.F.);
#10111 = EDGE_LOOP('',(#10112,#10113,#10114,#10115));
#10112 = ORIENTED_EDGE('',*,*,#10037,.F.);
#10113 = ORIENTED_EDGE('',*,*,#10066,.T.);
#10114 = ORIENTED_EDGE('',*,*,#10009,.F.);
#10115 = ORIENTED_EDGE('',*,*,#3267,.T.);
#10116 = ADVANCED_FACE('',(#10117),#10130,.T.);
#10117 = FACE_BOUND('',#10118,.T.);
#10118 = EDGE_LOOP('',(#10119,#10148,#10194));
#10119 = ORIENTED_EDGE('',*,*,#10120,.T.);
#10120 = EDGE_CURVE('',#9203,#10121,#10123,.T.);
#10121 = VERTEX_POINT('',#10122);
#10122 = CARTESIAN_POINT('',(19.6,-71.6,17.));
#10123 = SURFACE_CURVE('',#10124,(#10129,#10141),.PCURVE_S1.);
#10124 = CIRCLE('',#10125,1.);
#10125 = AXIS2_PLACEMENT_3D('',#10126,#10127,#10128);
#10126 = CARTESIAN_POINT('',(19.6,-71.6,18.));
#10127 = DIRECTION('',(0.,1.,0.));
#10128 = DIRECTION('',(0.,-0.,1.));
#10129 = PCURVE('',#10130,#10135);
#10130 = SPHERICAL_SURFACE('',#10131,1.);
#10131 = AXIS2_PLACEMENT_3D('',#10132,#10133,#10134);
#10132 = CARTESIAN_POINT('',(19.6,-71.6,18.));
#10133 = DIRECTION('',(0.,1.,0.));
#10134 = DIRECTION('',(0.,-0.,1.));
#10135 = DEFINITIONAL_REPRESENTATION('',(#10136),#10140);
#10136 = LINE('',#10137,#10138);
#10137 = CARTESIAN_POINT('',(0.,0.));
#10138 = VECTOR('',#10139,1.);
#10139 = DIRECTION('',(1.,0.));
#10140 = ( GEOMETRIC_REPRESENTATION_CONTEXT(2) 
PARAMETRIC_REPRESENTATION_CONTEXT() REPRESENTATION_CONTEXT('2D SPACE',''
  ) );
#10141 = PCURVE('',#9307,#10142);
#10142 = DEFINITIONAL_REPRESENTATION('',(#10143),#10147);
#10143 = LINE('',#10144,#10145);
#10144 = CARTESIAN_POINT('',(7.853981633974,-1.));
#10145 = VECTOR('',#10146,1.);
#10146 = DIRECTION('',(-1.,0.));
#10147 = ( GEOMETRIC_REPRESENTATION_CONTEXT(2) 
PARAMETRIC_REPRESENTATION_CONTEXT() REPRESENTATION_CONTEXT('2D SPACE',''
  ) );
#10148 = ORIENTED_EDGE('',*,*,#10149,.F.);
#10149 = EDGE_CURVE('',#10150,#10121,#10152,.T.);
#10150 = VERTEX_POINT('',#10151);
#10151 = CARTESIAN_POINT('',(19.6,-70.6,18.));
#10152 = SURFACE_CURVE('',#10153,(#10158,#10187),.PCURVE_S1.);
#10153 = CIRCLE('',#10154,1.);
#10154 = AXIS2_PLACEMENT_3D('',#10155,#10156,#10157);
#10155 = CARTESIAN_POINT('',(19.6,-71.6,18.));
#10156 = DIRECTION('',(-1.,6.115358904736E-17,0.));
#10157 = DIRECTION('',(-6.115358904736E-17,-1.,0.));
#10158 = PCURVE('',#10130,#10159);
#10159 = DEFINITIONAL_REPRESENTATION('',(#10160),#10186);
#10160 = B_SPLINE_CURVE_WITH_KNOTS('',3,(#10161,#10162,#10163,#10164,
    #10165,#10166,#10167,#10168,#10169,#10170,#10171,#10172,#10173,
    #10174,#10175,#10176,#10177,#10178,#10179,#10180,#10181,#10182,
    #10183,#10184,#10185),.UNSPECIFIED.,.F.,.F.,(4,1,1,1,1,1,1,1,1,1,1,1
    ,1,1,1,1,1,1,1,1,1,1,4),(3.14159265359,3.212992486626,3.284392319662
    ,3.355792152698,3.427191985734,3.49859181877,3.569991651807,
    3.641391484843,3.712791317879,3.784191150915,3.855590983951,
    3.926990816987,3.998390650023,4.06979048306,4.141190316096,
    4.212590149132,4.283989982168,4.355389815204,4.42678964824,
    4.498189481276,4.569589314312,4.640989147349,4.712388980385),
  .QUASI_UNIFORM_KNOTS.);
#10161 = CARTESIAN_POINT('',(3.14159265359,1.570796326795));
#10162 = CARTESIAN_POINT('',(3.14159265359,1.54699638245));
#10163 = CARTESIAN_POINT('',(3.14159265359,1.499396493759));
#10164 = CARTESIAN_POINT('',(3.14159265359,1.427996660723));
#10165 = CARTESIAN_POINT('',(3.14159265359,1.356596827687));
#10166 = CARTESIAN_POINT('',(3.14159265359,1.28519699465));
#10167 = CARTESIAN_POINT('',(3.14159265359,1.213797161614));
#10168 = CARTESIAN_POINT('',(3.14159265359,1.142397328578));
#10169 = CARTESIAN_POINT('',(3.14159265359,1.070997495542));
#10170 = CARTESIAN_POINT('',(3.14159265359,0.999597662506));
#10171 = CARTESIAN_POINT('',(3.14159265359,0.92819782947));
#10172 = CARTESIAN_POINT('',(3.14159265359,0.856797996434));
#10173 = CARTESIAN_POINT('',(3.14159265359,0.785398163397));
#10174 = CARTESIAN_POINT('',(3.14159265359,0.713998330361));
#10175 = CARTESIAN_POINT('',(3.14159265359,0.642598497325));
#10176 = CARTESIAN_POINT('',(3.14159265359,0.571198664289));
#10177 = CARTESIAN_POINT('',(3.14159265359,0.499798831253));
#10178 = CARTESIAN_POINT('',(3.14159265359,0.428398998217));
#10179 = CARTESIAN_POINT('',(3.14159265359,0.356999165181));
#10180 = CARTESIAN_POINT('',(3.14159265359,0.285599332145));
#10181 = CARTESIAN_POINT('',(3.14159265359,0.214199499108));
#10182 = CARTESIAN_POINT('',(3.14159265359,0.142799666072));
#10183 = CARTESIAN_POINT('',(3.14159265359,7.139983303613E-02));
#10184 = CARTESIAN_POINT('',(3.14159265359,2.379994434538E-02));
#10185 = CARTESIAN_POINT('',(3.14159265359,0.));
#10186 = ( GEOMETRIC_REPRESENTATION_CONTEXT(2) 
PARAMETRIC_REPRESENTATION_CONTEXT() REPRESENTATION_CONTEXT('2D SPACE',''
  ) );
#10187 = PCURVE('',#2537,#10188);
#10188 = DEFINITIONAL_REPRESENTATION('',(#10189),#10193);
#10189 = LINE('',#10190,#10191);
#10190 = CARTESIAN_POINT('',(0.,3.14159265359));
#10191 = VECTOR('',#10192,1.);
#10192 = DIRECTION('',(1.,0.));
#10193 = ( GEOMETRIC_REPRESENTATION_CONTEXT(2) 
PARAMETRIC_REPRESENTATION_CONTEXT() REPRESENTATION_CONTEXT('2D SPACE',''
  ) );
#10194 = ORIENTED_EDGE('',*,*,#10195,.T.);
#10195 = EDGE_CURVE('',#10150,#9203,#10196,.T.);
#10196 = SURFACE_CURVE('',#10197,(#10202,#10231),.PCURVE_S1.);
#10197 = CIRCLE('',#10198,1.);
#10198 = AXIS2_PLACEMENT_3D('',#10199,#10200,#10201);
#10199 = CARTESIAN_POINT('',(19.6,-71.6,18.));
#10200 = DIRECTION('',(0.,0.,-1.));
#10201 = DIRECTION('',(-1.,0.,0.));
#10202 = PCURVE('',#10130,#10203);
#10203 = DEFINITIONAL_REPRESENTATION('',(#10204),#10230);
#10204 = B_SPLINE_CURVE_WITH_KNOTS('',3,(#10205,#10206,#10207,#10208,
    #10209,#10210,#10211,#10212,#10213,#10214,#10215,#10216,#10217,
    #10218,#10219,#10220,#10221,#10222,#10223,#10224,#10225,#10226,
    #10227,#10228,#10229),.UNSPECIFIED.,.F.,.F.,(4,1,1,1,1,1,1,1,1,1,1,1
    ,1,1,1,1,1,1,1,1,1,1,4),(1.570796326795,1.642196159831,
    1.713595992867,1.784995825903,1.856395658939,1.927795491976,
    1.999195325012,2.070595158048,2.141994991084,2.21339482412,
    2.284794657156,2.356194490192,2.427594323228,2.498994156265,
    2.570393989301,2.641793822337,2.713193655373,2.784593488409,
    2.855993321445,2.927393154481,2.998792987518,3.070192820554,
    3.14159265359),.QUASI_UNIFORM_KNOTS.);
#10205 = CARTESIAN_POINT('',(1.570796326795,1.570796326795));
#10206 = CARTESIAN_POINT('',(1.570796326795,1.54699638245));
#10207 = CARTESIAN_POINT('',(1.570796326795,1.499396493759));
#10208 = CARTESIAN_POINT('',(1.570796326795,1.427996660723));
#10209 = CARTESIAN_POINT('',(1.570796326795,1.356596827687));
#10210 = CARTESIAN_POINT('',(1.570796326795,1.28519699465));
#10211 = CARTESIAN_POINT('',(1.570796326795,1.213797161614));
#10212 = CARTESIAN_POINT('',(1.570796326795,1.142397328578));
#10213 = CARTESIAN_POINT('',(1.570796326795,1.070997495542));
#10214 = CARTESIAN_POINT('',(1.570796326795,0.999597662506));
#10215 = CARTESIAN_POINT('',(1.570796326795,0.92819782947));
#10216 = CARTESIAN_POINT('',(1.570796326795,0.856797996434));
#10217 = CARTESIAN_POINT('',(1.570796326795,0.785398163397));
#10218 = CARTESIAN_POINT('',(1.570796326795,0.713998330361));
#10219 = CARTESIAN_POINT('',(1.570796326795,0.642598497325));
#10220 = CARTESIAN_POINT('',(1.570796326795,0.571198664289));
#10221 = CARTESIAN_POINT('',(1.570796326795,0.499798831253));
#10222 = CARTESIAN_POINT('',(1.570796326795,0.428398998217));
#10223 = CARTESIAN_POINT('',(1.570796326795,0.356999165181));
#10224 = CARTESIAN_POINT('',(1.570796326795,0.285599332145));
#10225 = CARTESIAN_POINT('',(1.570796326795,0.214199499108));
#10226 = CARTESIAN_POINT('',(1.570796326795,0.142799666072));
#10227 = CARTESIAN_POINT('',(1.570796326795,7.139983303613E-02));
#10228 = CARTESIAN_POINT('',(1.570796326795,2.379994434538E-02));
#10229 = CARTESIAN_POINT('',(1.570796326795,0.));
#10230 = ( GEOMETRIC_REPRESENTATION_CONTEXT(2) 
PARAMETRIC_REPRESENTATION_CONTEXT() REPRESENTATION_CONTEXT('2D SPACE',''
  ) );
#10231 = PCURVE('',#9225,#10232);
#10232 = DEFINITIONAL_REPRESENTATION('',(#10233),#10237);
#10233 = LINE('',#10234,#10235);
#10234 = CARTESIAN_POINT('',(0.,24.5));
#10235 = VECTOR('',#10236,1.);
#10236 = DIRECTION('',(1.,0.));
#10237 = ( GEOMETRIC_REPRESENTATION_CONTEXT(2) 
PARAMETRIC_REPRESENTATION_CONTEXT() REPRESENTATION_CONTEXT('2D SPACE',''
  ) );
#10238 = ADVANCED_FACE('',(#10239),#2537,.F.);
#10239 = FACE_BOUND('',#10240,.F.);
#10240 = EDGE_LOOP('',(#10241,#10242,#10264,#10265));
#10241 = ORIENTED_EDGE('',*,*,#2520,.T.);
#10242 = ORIENTED_EDGE('',*,*,#10243,.F.);
#10243 = EDGE_CURVE('',#10121,#2521,#10244,.T.);
#10244 = SURFACE_CURVE('',#10245,(#10250,#10257),.PCURVE_S1.);
#10245 = CIRCLE('',#10246,1.);
#10246 = AXIS2_PLACEMENT_3D('',#10247,#10248,#10249);
#10247 = CARTESIAN_POINT('',(19.6,-71.6,16.));
#10248 = DIRECTION('',(0.,-1.,0.));
#10249 = DIRECTION('',(0.,0.,-1.));
#10250 = PCURVE('',#2537,#10251);
#10251 = DEFINITIONAL_REPRESENTATION('',(#10252),#10256);
#10252 = LINE('',#10253,#10254);
#10253 = CARTESIAN_POINT('',(4.712388980385,6.28318530718));
#10254 = VECTOR('',#10255,1.);
#10255 = DIRECTION('',(0.,-1.));
#10256 = ( GEOMETRIC_REPRESENTATION_CONTEXT(2) 
PARAMETRIC_REPRESENTATION_CONTEXT() REPRESENTATION_CONTEXT('2D SPACE',''
  ) );
#10257 = PCURVE('',#2565,#10258);
#10258 = DEFINITIONAL_REPRESENTATION('',(#10259),#10263);
#10259 = LINE('',#10260,#10261);
#10260 = CARTESIAN_POINT('',(-1.570796326795,71.6));
#10261 = VECTOR('',#10262,1.);
#10262 = DIRECTION('',(1.,0.));
#10263 = ( GEOMETRIC_REPRESENTATION_CONTEXT(2) 
PARAMETRIC_REPRESENTATION_CONTEXT() REPRESENTATION_CONTEXT('2D SPACE',''
  ) );
#10264 = ORIENTED_EDGE('',*,*,#10149,.F.);
#10265 = ORIENTED_EDGE('',*,*,#10266,.F.);
#10266 = EDGE_CURVE('',#2493,#10150,#10267,.T.);
#10267 = SURFACE_CURVE('',#10268,(#10273,#10280),.PCURVE_S1.);
#10268 = CIRCLE('',#10269,1.);
#10269 = AXIS2_PLACEMENT_3D('',#10270,#10271,#10272);
#10270 = CARTESIAN_POINT('',(19.6,-69.6,18.));
#10271 = DIRECTION('',(0.,0.,1.));
#10272 = DIRECTION('',(1.,0.,-0.));
#10273 = PCURVE('',#2537,#10274);
#10274 = DEFINITIONAL_REPRESENTATION('',(#10275),#10279);
#10275 = LINE('',#10276,#10277);
#10276 = CARTESIAN_POINT('',(3.14159265359,-1.570796326795));
#10277 = VECTOR('',#10278,1.);
#10278 = DIRECTION('',(0.,1.));
#10279 = ( GEOMETRIC_REPRESENTATION_CONTEXT(2) 
PARAMETRIC_REPRESENTATION_CONTEXT() REPRESENTATION_CONTEXT('2D SPACE',''
  ) );
#10280 = PCURVE('',#2508,#10281);
#10281 = DEFINITIONAL_REPRESENTATION('',(#10282),#10286);
#10282 = LINE('',#10283,#10284);
#10283 = CARTESIAN_POINT('',(9.424777960769,3.));
#10284 = VECTOR('',#10285,1.);
#10285 = DIRECTION('',(-1.,0.));
#10286 = ( GEOMETRIC_REPRESENTATION_CONTEXT(2) 
PARAMETRIC_REPRESENTATION_CONTEXT() REPRESENTATION_CONTEXT('2D SPACE',''
  ) );
#10287 = ADVANCED_FACE('',(#10288),#9225,.T.);
#10288 = FACE_BOUND('',#10289,.T.);
#10289 = EDGE_LOOP('',(#10290,#10291,#10292,#10315));
#10290 = ORIENTED_EDGE('',*,*,#9202,.F.);
#10291 = ORIENTED_EDGE('',*,*,#10195,.F.);
#10292 = ORIENTED_EDGE('',*,*,#10293,.T.);
#10293 = EDGE_CURVE('',#10150,#10294,#10296,.T.);
#10294 = VERTEX_POINT('',#10295);
#10295 = CARTESIAN_POINT('',(19.6,-70.6,24.));
#10296 = SURFACE_CURVE('',#10297,(#10301,#10308),.PCURVE_S1.);
#10297 = LINE('',#10298,#10299);
#10298 = CARTESIAN_POINT('',(19.6,-70.6,17.));
#10299 = VECTOR('',#10300,1.);
#10300 = DIRECTION('',(0.,0.,1.));
#10301 = PCURVE('',#9225,#10302);
#10302 = DEFINITIONAL_REPRESENTATION('',(#10303),#10307);
#10303 = LINE('',#10304,#10305);
#10304 = CARTESIAN_POINT('',(1.570796326795,25.5));
#10305 = VECTOR('',#10306,1.);
#10306 = DIRECTION('',(0.,-1.));
#10307 = ( GEOMETRIC_REPRESENTATION_CONTEXT(2) 
PARAMETRIC_REPRESENTATION_CONTEXT() REPRESENTATION_CONTEXT('2D SPACE',''
  ) );
#10308 = PCURVE('',#2508,#10309);
#10309 = DEFINITIONAL_REPRESENTATION('',(#10310),#10314);
#10310 = LINE('',#10311,#10312);
#10311 = CARTESIAN_POINT('',(4.712388980385,4.));
#10312 = VECTOR('',#10313,1.);
#10313 = DIRECTION('',(0.,-1.));
#10314 = ( GEOMETRIC_REPRESENTATION_CONTEXT(2) 
PARAMETRIC_REPRESENTATION_CONTEXT() REPRESENTATION_CONTEXT('2D SPACE',''
  ) );
#10315 = ORIENTED_EDGE('',*,*,#10316,.F.);
#10316 = EDGE_CURVE('',#9205,#10294,#10317,.T.);
#10317 = SURFACE_CURVE('',#10318,(#10323,#10330),.PCURVE_S1.);
#10318 = CIRCLE('',#10319,1.);
#10319 = AXIS2_PLACEMENT_3D('',#10320,#10321,#10322);
#10320 = CARTESIAN_POINT('',(19.6,-71.6,24.));
#10321 = DIRECTION('',(0.,0.,1.));
#10322 = DIRECTION('',(1.,0.,-0.));
#10323 = PCURVE('',#9225,#10324);
#10324 = DEFINITIONAL_REPRESENTATION('',(#10325),#10329);
#10325 = LINE('',#10326,#10327);
#10326 = CARTESIAN_POINT('',(3.14159265359,18.5));
#10327 = VECTOR('',#10328,1.);
#10328 = DIRECTION('',(-1.,0.));
#10329 = ( GEOMETRIC_REPRESENTATION_CONTEXT(2) 
PARAMETRIC_REPRESENTATION_CONTEXT() REPRESENTATION_CONTEXT('2D SPACE',''
  ) );
#10330 = PCURVE('',#10331,#10336);
#10331 = SPHERICAL_SURFACE('',#10332,1.);
#10332 = AXIS2_PLACEMENT_3D('',#10333,#10334,#10335);
#10333 = CARTESIAN_POINT('',(19.6,-71.6,24.));
#10334 = DIRECTION('',(0.,1.,0.));
#10335 = DIRECTION('',(0.,-0.,1.));
#10336 = DEFINITIONAL_REPRESENTATION('',(#10337),#10363);
#10337 = B_SPLINE_CURVE_WITH_KNOTS('',3,(#10338,#10339,#10340,#10341,
    #10342,#10343,#10344,#10345,#10346,#10347,#10348,#10349,#10350,
    #10351,#10352,#10353,#10354,#10355,#10356,#10357,#10358,#10359,
    #10360,#10361,#10362),.UNSPECIFIED.,.F.,.F.,(4,1,1,1,1,1,1,1,1,1,1,1
    ,1,1,1,1,1,1,1,1,1,1,4),(0.,7.139983303613E-02,0.142799666072,
    0.214199499108,0.285599332145,0.356999165181,0.428398998217,
    0.499798831253,0.571198664289,0.642598497325,0.713998330361,
    0.785398163397,0.856797996434,0.92819782947,0.999597662506,
    1.070997495542,1.142397328578,1.213797161614,1.28519699465,
    1.356596827687,1.427996660723,1.499396493759,1.570796326795),
  .QUASI_UNIFORM_KNOTS.);
#10338 = CARTESIAN_POINT('',(1.570796326795,0.));
#10339 = CARTESIAN_POINT('',(1.570796326795,2.379994434538E-02));
#10340 = CARTESIAN_POINT('',(1.570796326795,7.139983303613E-02));
#10341 = CARTESIAN_POINT('',(1.570796326795,0.142799666072));
#10342 = CARTESIAN_POINT('',(1.570796326795,0.214199499108));
#10343 = CARTESIAN_POINT('',(1.570796326795,0.285599332145));
#10344 = CARTESIAN_POINT('',(1.570796326795,0.356999165181));
#10345 = CARTESIAN_POINT('',(1.570796326795,0.428398998217));
#10346 = CARTESIAN_POINT('',(1.570796326795,0.499798831253));
#10347 = CARTESIAN_POINT('',(1.570796326795,0.571198664289));
#10348 = CARTESIAN_POINT('',(1.570796326795,0.642598497325));
#10349 = CARTESIAN_POINT('',(1.570796326795,0.713998330361));
#10350 = CARTESIAN_POINT('',(1.570796326795,0.785398163397));
#10351 = CARTESIAN_POINT('',(1.570796326795,0.856797996434));
#10352 = CARTESIAN_POINT('',(1.570796326795,0.92819782947));
#10353 = CARTESIAN_POINT('',(1.570796326795,0.999597662506));
#10354 = CARTESIAN_POINT('',(1.570796326795,1.070997495542));
#10355 = CARTESIAN_POINT('',(1.570796326795,1.142397328578));
#10356 = CARTESIAN_POINT('',(1.570796326795,1.213797161614));
#10357 = CARTESIAN_POINT('',(1.570796326795,1.28519699465));
#10358 = CARTESIAN_POINT('',(1.570796326795,1.356596827687));
#10359 = CARTESIAN_POINT('',(1.570796326795,1.427996660723));
#10360 = CARTESIAN_POINT('',(1.570796326795,1.499396493759));
#10361 = CARTESIAN_POINT('',(1.570796326795,1.54699638245));
#10362 = CARTESIAN_POINT('',(1.570796326795,1.570796326795));
#10363 = ( GEOMETRIC_REPRESENTATION_CONTEXT(2) 
PARAMETRIC_REPRESENTATION_CONTEXT() REPRESENTATION_CONTEXT('2D SPACE',''
  ) );
#10364 = ADVANCED_FACE('',(#10365),#9307,.T.);
#10365 = FACE_BOUND('',#10366,.T.);
#10366 = EDGE_LOOP('',(#10367,#10418,#10439,#10440));
#10367 = ORIENTED_EDGE('',*,*,#10368,.F.);
#10368 = EDGE_CURVE('',#10369,#9266,#10371,.T.);
#10369 = VERTEX_POINT('',#10370);
#10370 = CARTESIAN_POINT('',(19.6,-73.6,17.));
#10371 = SURFACE_CURVE('',#10372,(#10377,#10384),.PCURVE_S1.);
#10372 = CIRCLE('',#10373,1.);
#10373 = AXIS2_PLACEMENT_3D('',#10374,#10375,#10376);
#10374 = CARTESIAN_POINT('',(19.6,-73.6,18.));
#10375 = DIRECTION('',(0.,-1.,0.));
#10376 = DIRECTION('',(0.,0.,-1.));
#10377 = PCURVE('',#9307,#10378);
#10378 = DEFINITIONAL_REPRESENTATION('',(#10379),#10383);
#10379 = LINE('',#10380,#10381);
#10380 = CARTESIAN_POINT('',(4.712388980385,1.));
#10381 = VECTOR('',#10382,1.);
#10382 = DIRECTION('',(1.,0.));
#10383 = ( GEOMETRIC_REPRESENTATION_CONTEXT(2) 
PARAMETRIC_REPRESENTATION_CONTEXT() REPRESENTATION_CONTEXT('2D SPACE',''
  ) );
#10384 = PCURVE('',#10385,#10390);
#10385 = SPHERICAL_SURFACE('',#10386,1.);
#10386 = AXIS2_PLACEMENT_3D('',#10387,#10388,#10389);
#10387 = CARTESIAN_POINT('',(19.6,-73.6,18.));
#10388 = DIRECTION('',(0.,0.,-1.));
#10389 = DIRECTION('',(-1.,0.,0.));
#10390 = DEFINITIONAL_REPRESENTATION('',(#10391),#10417);
#10391 = B_SPLINE_CURVE_WITH_KNOTS('',3,(#10392,#10393,#10394,#10395,
    #10396,#10397,#10398,#10399,#10400,#10401,#10402,#10403,#10404,
    #10405,#10406,#10407,#10408,#10409,#10410,#10411,#10412,#10413,
    #10414,#10415,#10416),.UNSPECIFIED.,.F.,.F.,(4,1,1,1,1,1,1,1,1,1,1,1
    ,1,1,1,1,1,1,1,1,1,1,4),(0.,7.139983303613E-02,0.142799666072,
    0.214199499108,0.285599332145,0.356999165181,0.428398998217,
    0.499798831253,0.571198664289,0.642598497325,0.713998330361,
    0.785398163397,0.856797996434,0.92819782947,0.999597662506,
    1.070997495542,1.142397328578,1.213797161614,1.28519699465,
    1.356596827687,1.427996660723,1.499396493759,1.570796326795),
  .QUASI_UNIFORM_KNOTS.);
#10392 = CARTESIAN_POINT('',(3.14159265359,1.570796326795));
#10393 = CARTESIAN_POINT('',(3.14159265359,1.54699638245));
#10394 = CARTESIAN_POINT('',(3.14159265359,1.499396493759));
#10395 = CARTESIAN_POINT('',(3.14159265359,1.427996660723));
#10396 = CARTESIAN_POINT('',(3.14159265359,1.356596827687));
#10397 = CARTESIAN_POINT('',(3.14159265359,1.28519699465));
#10398 = CARTESIAN_POINT('',(3.14159265359,1.213797161614));
#10399 = CARTESIAN_POINT('',(3.14159265359,1.142397328578));
#10400 = CARTESIAN_POINT('',(3.14159265359,1.070997495542));
#10401 = CARTESIAN_POINT('',(3.14159265359,0.999597662506));
#10402 = CARTESIAN_POINT('',(3.14159265359,0.92819782947));
#10403 = CARTESIAN_POINT('',(3.14159265359,0.856797996434));
#10404 = CARTESIAN_POINT('',(3.14159265359,0.785398163397));
#10405 = CARTESIAN_POINT('',(3.14159265359,0.713998330361));
#10406 = CARTESIAN_POINT('',(3.14159265359,0.642598497325));
#10407 = CARTESIAN_POINT('',(3.14159265359,0.571198664289));
#10408 = CARTESIAN_POINT('',(3.14159265359,0.499798831253));
#10409 = CARTESIAN_POINT('',(3.14159265359,0.428398998217));
#10410 = CARTESIAN_POINT('',(3.14159265359,0.356999165181));
#10411 = CARTESIAN_POINT('',(3.14159265359,0.285599332145));
#10412 = CARTESIAN_POINT('',(3.14159265359,0.214199499108));
#10413 = CARTESIAN_POINT('',(3.14159265359,0.142799666072));
#10414 = CARTESIAN_POINT('',(3.14159265359,7.139983303613E-02));
#10415 = CARTESIAN_POINT('',(3.14159265359,2.379994434538E-02));
#10416 = CARTESIAN_POINT('',(3.14159265359,0.));
#10417 = ( GEOMETRIC_REPRESENTATION_CONTEXT(2) 
PARAMETRIC_REPRESENTATION_CONTEXT() REPRESENTATION_CONTEXT('2D SPACE',''
  ) );
#10418 = ORIENTED_EDGE('',*,*,#10419,.F.);
#10419 = EDGE_CURVE('',#10121,#10369,#10420,.T.);
#10420 = SURFACE_CURVE('',#10421,(#10425,#10432),.PCURVE_S1.);
#10421 = LINE('',#10422,#10423);
#10422 = CARTESIAN_POINT('',(19.6,-72.6,17.));
#10423 = VECTOR('',#10424,1.);
#10424 = DIRECTION('',(-6.115358904736E-17,-1.,0.));
#10425 = PCURVE('',#9307,#10426);
#10426 = DEFINITIONAL_REPRESENTATION('',(#10427),#10431);
#10427 = LINE('',#10428,#10429);
#10428 = CARTESIAN_POINT('',(4.712388980385,0.));
#10429 = VECTOR('',#10430,1.);
#10430 = DIRECTION('',(0.,1.));
#10431 = ( GEOMETRIC_REPRESENTATION_CONTEXT(2) 
PARAMETRIC_REPRESENTATION_CONTEXT() REPRESENTATION_CONTEXT('2D SPACE',''
  ) );
#10432 = PCURVE('',#2565,#10433);
#10433 = DEFINITIONAL_REPRESENTATION('',(#10434),#10438);
#10434 = LINE('',#10435,#10436);
#10435 = CARTESIAN_POINT('',(1.570796326795,72.6));
#10436 = VECTOR('',#10437,1.);
#10437 = DIRECTION('',(0.,1.));
#10438 = ( GEOMETRIC_REPRESENTATION_CONTEXT(2) 
PARAMETRIC_REPRESENTATION_CONTEXT() REPRESENTATION_CONTEXT('2D SPACE',''
  ) );
#10439 = ORIENTED_EDGE('',*,*,#10120,.F.);
#10440 = ORIENTED_EDGE('',*,*,#9293,.T.);
#10441 = ADVANCED_FACE('',(#10442),#2565,.F.);
#10442 = FACE_BOUND('',#10443,.F.);
#10443 = EDGE_LOOP('',(#10444,#10445,#10467,#10468));
#10444 = ORIENTED_EDGE('',*,*,#2549,.T.);
#10445 = ORIENTED_EDGE('',*,*,#10446,.T.);
#10446 = EDGE_CURVE('',#2550,#10369,#10447,.T.);
#10447 = SURFACE_CURVE('',#10448,(#10453,#10460),.PCURVE_S1.);
#10448 = CIRCLE('',#10449,1.);
#10449 = AXIS2_PLACEMENT_3D('',#10450,#10451,#10452);
#10450 = CARTESIAN_POINT('',(19.6,-73.6,16.));
#10451 = DIRECTION('',(0.,1.,0.));
#10452 = DIRECTION('',(0.,-0.,1.));
#10453 = PCURVE('',#2565,#10454);
#10454 = DEFINITIONAL_REPRESENTATION('',(#10455),#10459);
#10455 = LINE('',#10456,#10457);
#10456 = CARTESIAN_POINT('',(7.853981633974,73.6));
#10457 = VECTOR('',#10458,1.);
#10458 = DIRECTION('',(-1.,0.));
#10459 = ( GEOMETRIC_REPRESENTATION_CONTEXT(2) 
PARAMETRIC_REPRESENTATION_CONTEXT() REPRESENTATION_CONTEXT('2D SPACE',''
  ) );
#10460 = PCURVE('',#2594,#10461);
#10461 = DEFINITIONAL_REPRESENTATION('',(#10462),#10466);
#10462 = LINE('',#10463,#10464);
#10463 = CARTESIAN_POINT('',(4.712388980385,-3.14159265359));
#10464 = VECTOR('',#10465,1.);
#10465 = DIRECTION('',(0.,1.));
#10466 = ( GEOMETRIC_REPRESENTATION_CONTEXT(2) 
PARAMETRIC_REPRESENTATION_CONTEXT() REPRESENTATION_CONTEXT('2D SPACE',''
  ) );
#10467 = ORIENTED_EDGE('',*,*,#10419,.F.);
#10468 = ORIENTED_EDGE('',*,*,#10243,.T.);
#10469 = ADVANCED_FACE('',(#10470),#2508,.F.);
#10470 = FACE_BOUND('',#10471,.F.);
#10471 = EDGE_LOOP('',(#10472,#10473,#10474,#10475));
#10472 = ORIENTED_EDGE('',*,*,#2492,.F.);
#10473 = ORIENTED_EDGE('',*,*,#10266,.T.);
#10474 = ORIENTED_EDGE('',*,*,#10293,.T.);
#10475 = ORIENTED_EDGE('',*,*,#10476,.T.);
#10476 = EDGE_CURVE('',#10294,#2464,#10477,.T.);
#10477 = SURFACE_CURVE('',#10478,(#10483,#10490),.PCURVE_S1.);
#10478 = CIRCLE('',#10479,1.);
#10479 = AXIS2_PLACEMENT_3D('',#10480,#10481,#10482);
#10480 = CARTESIAN_POINT('',(19.6,-69.6,24.));
#10481 = DIRECTION('',(0.,0.,-1.));
#10482 = DIRECTION('',(-1.,0.,0.));
#10483 = PCURVE('',#2508,#10484);
#10484 = DEFINITIONAL_REPRESENTATION('',(#10485),#10489);
#10485 = LINE('',#10486,#10487);
#10486 = CARTESIAN_POINT('',(0.,-3.));
#10487 = VECTOR('',#10488,1.);
#10488 = DIRECTION('',(1.,0.));
#10489 = ( GEOMETRIC_REPRESENTATION_CONTEXT(2) 
PARAMETRIC_REPRESENTATION_CONTEXT() REPRESENTATION_CONTEXT('2D SPACE',''
  ) );
#10490 = PCURVE('',#2480,#10491);
#10491 = DEFINITIONAL_REPRESENTATION('',(#10492),#10496);
#10492 = LINE('',#10493,#10494);
#10493 = CARTESIAN_POINT('',(3.14159265359,7.853981633974));
#10494 = VECTOR('',#10495,1.);
#10495 = DIRECTION('',(0.,-1.));
#10496 = ( GEOMETRIC_REPRESENTATION_CONTEXT(2) 
PARAMETRIC_REPRESENTATION_CONTEXT() REPRESENTATION_CONTEXT('2D SPACE',''
  ) );
#10497 = ADVANCED_FACE('',(#10498),#10331,.T.);
#10498 = FACE_BOUND('',#10499,.T.);
#10499 = EDGE_LOOP('',(#10500,#10501,#10525));
#10500 = ORIENTED_EDGE('',*,*,#10316,.T.);
#10501 = ORIENTED_EDGE('',*,*,#10502,.F.);
#10502 = EDGE_CURVE('',#10503,#10294,#10505,.T.);
#10503 = VERTEX_POINT('',#10504);
#10504 = CARTESIAN_POINT('',(19.6,-71.6,25.));
#10505 = SURFACE_CURVE('',#10506,(#10511,#10518),.PCURVE_S1.);
#10506 = CIRCLE('',#10507,1.);
#10507 = AXIS2_PLACEMENT_3D('',#10508,#10509,#10510);
#10508 = CARTESIAN_POINT('',(19.6,-71.6,24.));
#10509 = DIRECTION('',(-1.,6.115358904736E-17,0.));
#10510 = DIRECTION('',(-6.115358904736E-17,-1.,0.));
#10511 = PCURVE('',#10331,#10512);
#10512 = DEFINITIONAL_REPRESENTATION('',(#10513),#10517);
#10513 = LINE('',#10514,#10515);
#10514 = CARTESIAN_POINT('',(0.,-1.570796326795));
#10515 = VECTOR('',#10516,1.);
#10516 = DIRECTION('',(0.,1.));
#10517 = ( GEOMETRIC_REPRESENTATION_CONTEXT(2) 
PARAMETRIC_REPRESENTATION_CONTEXT() REPRESENTATION_CONTEXT('2D SPACE',''
  ) );
#10518 = PCURVE('',#2480,#10519);
#10519 = DEFINITIONAL_REPRESENTATION('',(#10520),#10524);
#10520 = LINE('',#10521,#10522);
#10521 = CARTESIAN_POINT('',(0.,3.14159265359));
#10522 = VECTOR('',#10523,1.);
#10523 = DIRECTION('',(1.,0.));
#10524 = ( GEOMETRIC_REPRESENTATION_CONTEXT(2) 
PARAMETRIC_REPRESENTATION_CONTEXT() REPRESENTATION_CONTEXT('2D SPACE',''
  ) );
#10525 = ORIENTED_EDGE('',*,*,#10526,.T.);
#10526 = EDGE_CURVE('',#10503,#9205,#10527,.T.);
#10527 = SURFACE_CURVE('',#10528,(#10533,#10540),.PCURVE_S1.);
#10528 = CIRCLE('',#10529,1.);
#10529 = AXIS2_PLACEMENT_3D('',#10530,#10531,#10532);
#10530 = CARTESIAN_POINT('',(19.6,-71.6,24.));
#10531 = DIRECTION('',(0.,1.,0.));
#10532 = DIRECTION('',(0.,-0.,1.));
#10533 = PCURVE('',#10331,#10534);
#10534 = DEFINITIONAL_REPRESENTATION('',(#10535),#10539);
#10535 = LINE('',#10536,#10537);
#10536 = CARTESIAN_POINT('',(0.,0.));
#10537 = VECTOR('',#10538,1.);
#10538 = DIRECTION('',(1.,0.));
#10539 = ( GEOMETRIC_REPRESENTATION_CONTEXT(2) 
PARAMETRIC_REPRESENTATION_CONTEXT() REPRESENTATION_CONTEXT('2D SPACE',''
  ) );
#10540 = PCURVE('',#9253,#10541);
#10541 = DEFINITIONAL_REPRESENTATION('',(#10542),#10546);
#10542 = LINE('',#10543,#10544);
#10543 = CARTESIAN_POINT('',(1.570796326795,-71.6));
#10544 = VECTOR('',#10545,1.);
#10545 = DIRECTION('',(1.,0.));
#10546 = ( GEOMETRIC_REPRESENTATION_CONTEXT(2) 
PARAMETRIC_REPRESENTATION_CONTEXT() REPRESENTATION_CONTEXT('2D SPACE',''
  ) );
#10547 = ADVANCED_FACE('',(#10548),#10385,.T.);
#10548 = FACE_BOUND('',#10549,.T.);
#10549 = EDGE_LOOP('',(#10550,#10596,#10597));
#10550 = ORIENTED_EDGE('',*,*,#10551,.T.);
#10551 = EDGE_CURVE('',#10552,#10369,#10554,.T.);
#10552 = VERTEX_POINT('',#10553);
#10553 = CARTESIAN_POINT('',(19.6,-74.6,18.));
#10554 = SURFACE_CURVE('',#10555,(#10560,#10589),.PCURVE_S1.);
#10555 = CIRCLE('',#10556,1.);
#10556 = AXIS2_PLACEMENT_3D('',#10557,#10558,#10559);
#10557 = CARTESIAN_POINT('',(19.6,-73.6,18.));
#10558 = DIRECTION('',(1.,0.,0.));
#10559 = DIRECTION('',(0.,0.,-1.));
#10560 = PCURVE('',#10385,#10561);
#10561 = DEFINITIONAL_REPRESENTATION('',(#10562),#10588);
#10562 = B_SPLINE_CURVE_WITH_KNOTS('',3,(#10563,#10564,#10565,#10566,
    #10567,#10568,#10569,#10570,#10571,#10572,#10573,#10574,#10575,
    #10576,#10577,#10578,#10579,#10580,#10581,#10582,#10583,#10584,
    #10585,#10586,#10587),.UNSPECIFIED.,.F.,.F.,(4,1,1,1,1,1,1,1,1,1,1,1
    ,1,1,1,1,1,1,1,1,1,1,4),(4.712388980385,4.783788813421,
    4.855188646457,4.926588479493,4.997988312529,5.069388145565,
    5.140787978601,5.212187811638,5.283587644674,5.35498747771,
    5.426387310746,5.497787143782,5.569186976818,5.640586809854,
    5.711986642891,5.783386475927,5.854786308963,5.926186141999,
    5.997585975035,6.068985808071,6.140385641107,6.211785474143,
    6.28318530718),.QUASI_UNIFORM_KNOTS.);
#10563 = CARTESIAN_POINT('',(4.712388980385,0.));
#10564 = CARTESIAN_POINT('',(4.712388980385,2.379994434538E-02));
#10565 = CARTESIAN_POINT('',(4.712388980385,7.139983303613E-02));
#10566 = CARTESIAN_POINT('',(4.712388980385,0.142799666072));
#10567 = CARTESIAN_POINT('',(4.712388980385,0.214199499108));
#10568 = CARTESIAN_POINT('',(4.712388980385,0.285599332145));
#10569 = CARTESIAN_POINT('',(4.712388980385,0.356999165181));
#10570 = CARTESIAN_POINT('',(4.712388980385,0.428398998217));
#10571 = CARTESIAN_POINT('',(4.712388980385,0.499798831253));
#10572 = CARTESIAN_POINT('',(4.712388980385,0.571198664289));
#10573 = CARTESIAN_POINT('',(4.712388980385,0.642598497325));
#10574 = CARTESIAN_POINT('',(4.712388980385,0.713998330361));
#10575 = CARTESIAN_POINT('',(4.712388980385,0.785398163397));
#10576 = CARTESIAN_POINT('',(4.712388980385,0.856797996434));
#10577 = CARTESIAN_POINT('',(4.712388980385,0.92819782947));
#10578 = CARTESIAN_POINT('',(4.712388980385,0.999597662506));
#10579 = CARTESIAN_POINT('',(4.712388980385,1.070997495542));
#10580 = CARTESIAN_POINT('',(4.712388980385,1.142397328578));
#10581 = CARTESIAN_POINT('',(4.712388980385,1.213797161614));
#10582 = CARTESIAN_POINT('',(4.712388980385,1.28519699465));
#10583 = CARTESIAN_POINT('',(4.712388980385,1.356596827686));
#10584 = CARTESIAN_POINT('',(4.712388980385,1.427996660723));
#10585 = CARTESIAN_POINT('',(4.712388980385,1.499396493759));
#10586 = CARTESIAN_POINT('',(4.712388980385,1.54699638245));
#10587 = CARTESIAN_POINT('',(4.712388980385,1.570796326795));
#10588 = ( GEOMETRIC_REPRESENTATION_CONTEXT(2) 
PARAMETRIC_REPRESENTATION_CONTEXT() REPRESENTATION_CONTEXT('2D SPACE',''
  ) );
#10589 = PCURVE('',#2594,#10590);
#10590 = DEFINITIONAL_REPRESENTATION('',(#10591),#10595);
#10591 = LINE('',#10592,#10593);
#10592 = CARTESIAN_POINT('',(10.995574287564,3.14159265359));
#10593 = VECTOR('',#10594,1.);
#10594 = DIRECTION('',(-1.,0.));
#10595 = ( GEOMETRIC_REPRESENTATION_CONTEXT(2) 
PARAMETRIC_REPRESENTATION_CONTEXT() REPRESENTATION_CONTEXT('2D SPACE',''
  ) );
#10596 = ORIENTED_EDGE('',*,*,#10368,.T.);
#10597 = ORIENTED_EDGE('',*,*,#10598,.T.);
#10598 = EDGE_CURVE('',#9266,#10552,#10599,.T.);
#10599 = SURFACE_CURVE('',#10600,(#10605,#10612),.PCURVE_S1.);
#10600 = CIRCLE('',#10601,1.);
#10601 = AXIS2_PLACEMENT_3D('',#10602,#10603,#10604);
#10602 = CARTESIAN_POINT('',(19.6,-73.6,18.));
#10603 = DIRECTION('',(0.,0.,-1.));
#10604 = DIRECTION('',(-1.,0.,0.));
#10605 = PCURVE('',#10385,#10606);
#10606 = DEFINITIONAL_REPRESENTATION('',(#10607),#10611);
#10607 = LINE('',#10608,#10609);
#10608 = CARTESIAN_POINT('',(0.,0.));
#10609 = VECTOR('',#10610,1.);
#10610 = DIRECTION('',(1.,0.));
#10611 = ( GEOMETRIC_REPRESENTATION_CONTEXT(2) 
PARAMETRIC_REPRESENTATION_CONTEXT() REPRESENTATION_CONTEXT('2D SPACE',''
  ) );
#10612 = PCURVE('',#9281,#10613);
#10613 = DEFINITIONAL_REPRESENTATION('',(#10614),#10618);
#10614 = LINE('',#10615,#10616);
#10615 = CARTESIAN_POINT('',(9.424777960769,-3.));
#10616 = VECTOR('',#10617,1.);
#10617 = DIRECTION('',(-1.,0.));
#10618 = ( GEOMETRIC_REPRESENTATION_CONTEXT(2) 
PARAMETRIC_REPRESENTATION_CONTEXT() REPRESENTATION_CONTEXT('2D SPACE',''
  ) );
#10619 = ADVANCED_FACE('',(#10620),#2594,.F.);
#10620 = FACE_BOUND('',#10621,.F.);
#10621 = EDGE_LOOP('',(#10622,#10623,#10645,#10646));
#10622 = ORIENTED_EDGE('',*,*,#2577,.T.);
#10623 = ORIENTED_EDGE('',*,*,#10624,.F.);
#10624 = EDGE_CURVE('',#10552,#2578,#10625,.T.);
#10625 = SURFACE_CURVE('',#10626,(#10631,#10638),.PCURVE_S1.);
#10626 = CIRCLE('',#10627,1.);
#10627 = AXIS2_PLACEMENT_3D('',#10628,#10629,#10630);
#10628 = CARTESIAN_POINT('',(19.6,-75.6,18.));
#10629 = DIRECTION('',(0.,0.,1.));
#10630 = DIRECTION('',(1.,0.,-0.));
#10631 = PCURVE('',#2594,#10632);
#10632 = DEFINITIONAL_REPRESENTATION('',(#10633),#10637);
#10633 = LINE('',#10634,#10635);
#10634 = CARTESIAN_POINT('',(6.28318530718,4.712388980385));
#10635 = VECTOR('',#10636,1.);
#10636 = DIRECTION('',(0.,-1.));
#10637 = ( GEOMETRIC_REPRESENTATION_CONTEXT(2) 
PARAMETRIC_REPRESENTATION_CONTEXT() REPRESENTATION_CONTEXT('2D SPACE',''
  ) );
#10638 = PCURVE('',#2622,#10639);
#10639 = DEFINITIONAL_REPRESENTATION('',(#10640),#10644);
#10640 = LINE('',#10641,#10642);
#10641 = CARTESIAN_POINT('',(0.,13.));
#10642 = VECTOR('',#10643,1.);
#10643 = DIRECTION('',(1.,0.));
#10644 = ( GEOMETRIC_REPRESENTATION_CONTEXT(2) 
PARAMETRIC_REPRESENTATION_CONTEXT() REPRESENTATION_CONTEXT('2D SPACE',''
  ) );
#10645 = ORIENTED_EDGE('',*,*,#10551,.T.);
#10646 = ORIENTED_EDGE('',*,*,#10446,.F.);
#10647 = ADVANCED_FACE('',(#10648),#2480,.F.);
#10648 = FACE_BOUND('',#10649,.F.);
#10649 = EDGE_LOOP('',(#10650,#10651,#10673,#10674));
#10650 = ORIENTED_EDGE('',*,*,#10502,.F.);
#10651 = ORIENTED_EDGE('',*,*,#10652,.F.);
#10652 = EDGE_CURVE('',#2462,#10503,#10653,.T.);
#10653 = SURFACE_CURVE('',#10654,(#10659,#10666),.PCURVE_S1.);
#10654 = CIRCLE('',#10655,1.);
#10655 = AXIS2_PLACEMENT_3D('',#10656,#10657,#10658);
#10656 = CARTESIAN_POINT('',(19.6,-71.6,26.));
#10657 = DIRECTION('',(0.,-1.,0.));
#10658 = DIRECTION('',(0.,0.,-1.));
#10659 = PCURVE('',#2480,#10660);
#10660 = DEFINITIONAL_REPRESENTATION('',(#10661),#10665);
#10661 = LINE('',#10662,#10663);
#10662 = CARTESIAN_POINT('',(1.570796326795,-3.14159265359));
#10663 = VECTOR('',#10664,1.);
#10664 = DIRECTION('',(0.,1.));
#10665 = ( GEOMETRIC_REPRESENTATION_CONTEXT(2) 
PARAMETRIC_REPRESENTATION_CONTEXT() REPRESENTATION_CONTEXT('2D SPACE',''
  ) );
#10666 = PCURVE('',#2677,#10667);
#10667 = DEFINITIONAL_REPRESENTATION('',(#10668),#10672);
#10668 = LINE('',#10669,#10670);
#10669 = CARTESIAN_POINT('',(10.995574287564,1.));
#10670 = VECTOR('',#10671,1.);
#10671 = DIRECTION('',(-1.,0.));
#10672 = ( GEOMETRIC_REPRESENTATION_CONTEXT(2) 
PARAMETRIC_REPRESENTATION_CONTEXT() REPRESENTATION_CONTEXT('2D SPACE',''
  ) );
#10673 = ORIENTED_EDGE('',*,*,#2461,.T.);
#10674 = ORIENTED_EDGE('',*,*,#10476,.F.);
#10675 = ADVANCED_FACE('',(#10676),#9253,.T.);
#10676 = FACE_BOUND('',#10677,.T.);
#10677 = EDGE_LOOP('',(#10678,#10679,#10680,#10703));
#10678 = ORIENTED_EDGE('',*,*,#9237,.F.);
#10679 = ORIENTED_EDGE('',*,*,#10526,.F.);
#10680 = ORIENTED_EDGE('',*,*,#10681,.T.);
#10681 = EDGE_CURVE('',#10503,#10682,#10684,.T.);
#10682 = VERTEX_POINT('',#10683);
#10683 = CARTESIAN_POINT('',(19.6,-73.6,25.));
#10684 = SURFACE_CURVE('',#10685,(#10689,#10696),.PCURVE_S1.);
#10685 = LINE('',#10686,#10687);
#10686 = CARTESIAN_POINT('',(19.6,-70.6,25.));
#10687 = VECTOR('',#10688,1.);
#10688 = DIRECTION('',(-6.115358904736E-17,-1.,0.));
#10689 = PCURVE('',#9253,#10690);
#10690 = DEFINITIONAL_REPRESENTATION('',(#10691),#10695);
#10691 = LINE('',#10692,#10693);
#10692 = CARTESIAN_POINT('',(1.570796326795,-70.6));
#10693 = VECTOR('',#10694,1.);
#10694 = DIRECTION('',(0.,-1.));
#10695 = ( GEOMETRIC_REPRESENTATION_CONTEXT(2) 
PARAMETRIC_REPRESENTATION_CONTEXT() REPRESENTATION_CONTEXT('2D SPACE',''
  ) );
#10696 = PCURVE('',#2677,#10697);
#10697 = DEFINITIONAL_REPRESENTATION('',(#10698),#10702);
#10698 = LINE('',#10699,#10700);
#10699 = CARTESIAN_POINT('',(4.712388980385,2.));
#10700 = VECTOR('',#10701,1.);
#10701 = DIRECTION('',(0.,-1.));
#10702 = ( GEOMETRIC_REPRESENTATION_CONTEXT(2) 
PARAMETRIC_REPRESENTATION_CONTEXT() REPRESENTATION_CONTEXT('2D SPACE',''
  ) );
#10703 = ORIENTED_EDGE('',*,*,#10704,.F.);
#10704 = EDGE_CURVE('',#9238,#10682,#10705,.T.);
#10705 = SURFACE_CURVE('',#10706,(#10711,#10718),.PCURVE_S1.);
#10706 = CIRCLE('',#10707,1.);
#10707 = AXIS2_PLACEMENT_3D('',#10708,#10709,#10710);
#10708 = CARTESIAN_POINT('',(19.6,-73.6,24.));
#10709 = DIRECTION('',(0.,-1.,0.));
#10710 = DIRECTION('',(0.,0.,-1.));
#10711 = PCURVE('',#9253,#10712);
#10712 = DEFINITIONAL_REPRESENTATION('',(#10713),#10717);
#10713 = LINE('',#10714,#10715);
#10714 = CARTESIAN_POINT('',(4.712388980385,-73.6));
#10715 = VECTOR('',#10716,1.);
#10716 = DIRECTION('',(-1.,0.));
#10717 = ( GEOMETRIC_REPRESENTATION_CONTEXT(2) 
PARAMETRIC_REPRESENTATION_CONTEXT() REPRESENTATION_CONTEXT('2D SPACE',''
  ) );
#10718 = PCURVE('',#10719,#10724);
#10719 = SPHERICAL_SURFACE('',#10720,1.);
#10720 = AXIS2_PLACEMENT_3D('',#10721,#10722,#10723);
#10721 = CARTESIAN_POINT('',(19.6,-73.6,24.));
#10722 = DIRECTION('',(1.,0.,0.));
#10723 = DIRECTION('',(0.,0.,-1.));
#10724 = DEFINITIONAL_REPRESENTATION('',(#10725),#10751);
#10725 = B_SPLINE_CURVE_WITH_KNOTS('',3,(#10726,#10727,#10728,#10729,
    #10730,#10731,#10732,#10733,#10734,#10735,#10736,#10737,#10738,
    #10739,#10740,#10741,#10742,#10743,#10744,#10745,#10746,#10747,
    #10748,#10749,#10750),.UNSPECIFIED.,.F.,.F.,(4,1,1,1,1,1,1,1,1,1,1,1
    ,1,1,1,1,1,1,1,1,1,1,4),(1.570796326795,1.642196159831,
    1.713595992867,1.784995825903,1.856395658939,1.927795491976,
    1.999195325012,2.070595158048,2.141994991084,2.21339482412,
    2.284794657156,2.356194490192,2.427594323228,2.498994156265,
    2.570393989301,2.641793822337,2.713193655373,2.784593488409,
    2.855993321445,2.927393154481,2.998792987518,3.070192820554,
    3.14159265359),.QUASI_UNIFORM_KNOTS.);
#10726 = CARTESIAN_POINT('',(3.14159265359,1.570796326795));
#10727 = CARTESIAN_POINT('',(3.14159265359,1.54699638245));
#10728 = CARTESIAN_POINT('',(3.14159265359,1.499396493759));
#10729 = CARTESIAN_POINT('',(3.14159265359,1.427996660723));
#10730 = CARTESIAN_POINT('',(3.14159265359,1.356596827687));
#10731 = CARTESIAN_POINT('',(3.14159265359,1.28519699465));
#10732 = CARTESIAN_POINT('',(3.14159265359,1.213797161614));
#10733 = CARTESIAN_POINT('',(3.14159265359,1.142397328578));
#10734 = CARTESIAN_POINT('',(3.14159265359,1.070997495542));
#10735 = CARTESIAN_POINT('',(3.14159265359,0.999597662506));
#10736 = CARTESIAN_POINT('',(3.14159265359,0.92819782947));
#10737 = CARTESIAN_POINT('',(3.14159265359,0.856797996434));
#10738 = CARTESIAN_POINT('',(3.14159265359,0.785398163397));
#10739 = CARTESIAN_POINT('',(3.14159265359,0.713998330361));
#10740 = CARTESIAN_POINT('',(3.14159265359,0.642598497325));
#10741 = CARTESIAN_POINT('',(3.14159265359,0.571198664289));
#10742 = CARTESIAN_POINT('',(3.14159265359,0.499798831253));
#10743 = CARTESIAN_POINT('',(3.14159265359,0.428398998217));
#10744 = CARTESIAN_POINT('',(3.14159265359,0.356999165181));
#10745 = CARTESIAN_POINT('',(3.14159265359,0.285599332145));
#10746 = CARTESIAN_POINT('',(3.14159265359,0.214199499108));
#10747 = CARTESIAN_POINT('',(3.14159265359,0.142799666072));
#10748 = CARTESIAN_POINT('',(3.14159265359,7.139983303613E-02));
#10749 = CARTESIAN_POINT('',(3.14159265359,2.379994434538E-02));
#10750 = CARTESIAN_POINT('',(3.14159265359,0.));
#10751 = ( GEOMETRIC_REPRESENTATION_CONTEXT(2) 
PARAMETRIC_REPRESENTATION_CONTEXT() REPRESENTATION_CONTEXT('2D SPACE',''
  ) );
#10752 = ADVANCED_FACE('',(#10753),#9281,.T.);
#10753 = FACE_BOUND('',#10754,.T.);
#10754 = EDGE_LOOP('',(#10755,#10778,#10779,#10780));
#10755 = ORIENTED_EDGE('',*,*,#10756,.F.);
#10756 = EDGE_CURVE('',#10552,#10757,#10759,.T.);
#10757 = VERTEX_POINT('',#10758);
#10758 = CARTESIAN_POINT('',(19.6,-74.6,24.));
#10759 = SURFACE_CURVE('',#10760,(#10764,#10771),.PCURVE_S1.);
#10760 = LINE('',#10761,#10762);
#10761 = CARTESIAN_POINT('',(19.6,-74.6,21.));
#10762 = VECTOR('',#10763,1.);
#10763 = DIRECTION('',(0.,0.,1.));
#10764 = PCURVE('',#9281,#10765);
#10765 = DEFINITIONAL_REPRESENTATION('',(#10766),#10770);
#10766 = LINE('',#10767,#10768);
#10767 = CARTESIAN_POINT('',(4.712388980385,0.));
#10768 = VECTOR('',#10769,1.);
#10769 = DIRECTION('',(0.,1.));
#10770 = ( GEOMETRIC_REPRESENTATION_CONTEXT(2) 
PARAMETRIC_REPRESENTATION_CONTEXT() REPRESENTATION_CONTEXT('2D SPACE',''
  ) );
#10771 = PCURVE('',#2622,#10772);
#10772 = DEFINITIONAL_REPRESENTATION('',(#10773),#10777);
#10773 = LINE('',#10774,#10775);
#10774 = CARTESIAN_POINT('',(1.570796326795,16.));
#10775 = VECTOR('',#10776,1.);
#10776 = DIRECTION('',(0.,1.));
#10777 = ( GEOMETRIC_REPRESENTATION_CONTEXT(2) 
PARAMETRIC_REPRESENTATION_CONTEXT() REPRESENTATION_CONTEXT('2D SPACE',''
  ) );
#10778 = ORIENTED_EDGE('',*,*,#10598,.F.);
#10779 = ORIENTED_EDGE('',*,*,#9265,.T.);
#10780 = ORIENTED_EDGE('',*,*,#10781,.F.);
#10781 = EDGE_CURVE('',#10757,#9238,#10782,.T.);
#10782 = SURFACE_CURVE('',#10783,(#10788,#10795),.PCURVE_S1.);
#10783 = CIRCLE('',#10784,1.);
#10784 = AXIS2_PLACEMENT_3D('',#10785,#10786,#10787);
#10785 = CARTESIAN_POINT('',(19.6,-73.6,24.));
#10786 = DIRECTION('',(0.,0.,1.));
#10787 = DIRECTION('',(1.,0.,-0.));
#10788 = PCURVE('',#9281,#10789);
#10789 = DEFINITIONAL_REPRESENTATION('',(#10790),#10794);
#10790 = LINE('',#10791,#10792);
#10791 = CARTESIAN_POINT('',(0.,3.));
#10792 = VECTOR('',#10793,1.);
#10793 = DIRECTION('',(1.,0.));
#10794 = ( GEOMETRIC_REPRESENTATION_CONTEXT(2) 
PARAMETRIC_REPRESENTATION_CONTEXT() REPRESENTATION_CONTEXT('2D SPACE',''
  ) );
#10795 = PCURVE('',#10719,#10796);
#10796 = DEFINITIONAL_REPRESENTATION('',(#10797),#10823);
#10797 = B_SPLINE_CURVE_WITH_KNOTS('',3,(#10798,#10799,#10800,#10801,
    #10802,#10803,#10804,#10805,#10806,#10807,#10808,#10809,#10810,
    #10811,#10812,#10813,#10814,#10815,#10816,#10817,#10818,#10819,
    #10820,#10821,#10822),.UNSPECIFIED.,.F.,.F.,(4,1,1,1,1,1,1,1,1,1,1,1
    ,1,1,1,1,1,1,1,1,1,1,4),(4.712388980385,4.783788813421,
    4.855188646457,4.926588479493,4.997988312529,5.069388145565,
    5.140787978601,5.212187811638,5.283587644674,5.35498747771,
    5.426387310746,5.497787143782,5.569186976818,5.640586809854,
    5.711986642891,5.783386475927,5.854786308963,5.926186141999,
    5.997585975035,6.068985808071,6.140385641107,6.211785474143,
    6.28318530718),.QUASI_UNIFORM_KNOTS.);
#10798 = CARTESIAN_POINT('',(4.712388980385,0.));
#10799 = CARTESIAN_POINT('',(4.712388980385,2.379994434538E-02));
#10800 = CARTESIAN_POINT('',(4.712388980385,7.139983303613E-02));
#10801 = CARTESIAN_POINT('',(4.712388980385,0.142799666072));
#10802 = CARTESIAN_POINT('',(4.712388980385,0.214199499108));
#10803 = CARTESIAN_POINT('',(4.712388980385,0.285599332145));
#10804 = CARTESIAN_POINT('',(4.712388980385,0.356999165181));
#10805 = CARTESIAN_POINT('',(4.712388980385,0.428398998217));
#10806 = CARTESIAN_POINT('',(4.712388980385,0.499798831253));
#10807 = CARTESIAN_POINT('',(4.712388980385,0.571198664289));
#10808 = CARTESIAN_POINT('',(4.712388980385,0.642598497325));
#10809 = CARTESIAN_POINT('',(4.712388980385,0.713998330361));
#10810 = CARTESIAN_POINT('',(4.712388980385,0.785398163397));
#10811 = CARTESIAN_POINT('',(4.712388980385,0.856797996434));
#10812 = CARTESIAN_POINT('',(4.712388980385,0.92819782947));
#10813 = CARTESIAN_POINT('',(4.712388980385,0.999597662506));
#10814 = CARTESIAN_POINT('',(4.712388980385,1.070997495542));
#10815 = CARTESIAN_POINT('',(4.712388980385,1.142397328578));
#10816 = CARTESIAN_POINT('',(4.712388980385,1.213797161614));
#10817 = CARTESIAN_POINT('',(4.712388980385,1.28519699465));
#10818 = CARTESIAN_POINT('',(4.712388980385,1.356596827686));
#10819 = CARTESIAN_POINT('',(4.712388980385,1.427996660723));
#10820 = CARTESIAN_POINT('',(4.712388980385,1.499396493759));
#10821 = CARTESIAN_POINT('',(4.712388980385,1.54699638245));
#10822 = CARTESIAN_POINT('',(4.712388980385,1.570796326795));
#10823 = ( GEOMETRIC_REPRESENTATION_CONTEXT(2) 
PARAMETRIC_REPRESENTATION_CONTEXT() REPRESENTATION_CONTEXT('2D SPACE',''
  ) );
#10824 = ADVANCED_FACE('',(#10825),#2622,.F.);
#10825 = FACE_BOUND('',#10826,.F.);
#10826 = EDGE_LOOP('',(#10827,#10828,#10850,#10851));
#10827 = ORIENTED_EDGE('',*,*,#2606,.T.);
#10828 = ORIENTED_EDGE('',*,*,#10829,.T.);
#10829 = EDGE_CURVE('',#2607,#10757,#10830,.T.);
#10830 = SURFACE_CURVE('',#10831,(#10836,#10843),.PCURVE_S1.);
#10831 = CIRCLE('',#10832,1.);
#10832 = AXIS2_PLACEMENT_3D('',#10833,#10834,#10835);
#10833 = CARTESIAN_POINT('',(19.6,-75.6,24.));
#10834 = DIRECTION('',(0.,0.,-1.));
#10835 = DIRECTION('',(-1.,0.,0.));
#10836 = PCURVE('',#2622,#10837);
#10837 = DEFINITIONAL_REPRESENTATION('',(#10838),#10842);
#10838 = LINE('',#10839,#10840);
#10839 = CARTESIAN_POINT('',(3.14159265359,19.));
#10840 = VECTOR('',#10841,1.);
#10841 = DIRECTION('',(-1.,0.));
#10842 = ( GEOMETRIC_REPRESENTATION_CONTEXT(2) 
PARAMETRIC_REPRESENTATION_CONTEXT() REPRESENTATION_CONTEXT('2D SPACE',''
  ) );
#10843 = PCURVE('',#2651,#10844);
#10844 = DEFINITIONAL_REPRESENTATION('',(#10845),#10849);
#10845 = LINE('',#10846,#10847);
#10846 = CARTESIAN_POINT('',(0.,1.570796326795));
#10847 = VECTOR('',#10848,1.);
#10848 = DIRECTION('',(0.,1.));
#10849 = ( GEOMETRIC_REPRESENTATION_CONTEXT(2) 
PARAMETRIC_REPRESENTATION_CONTEXT() REPRESENTATION_CONTEXT('2D SPACE',''
  ) );
#10850 = ORIENTED_EDGE('',*,*,#10756,.F.);
#10851 = ORIENTED_EDGE('',*,*,#10624,.T.);
#10852 = ADVANCED_FACE('',(#10853),#2677,.F.);
#10853 = FACE_BOUND('',#10854,.F.);
#10854 = EDGE_LOOP('',(#10855,#10856,#10878,#10879));
#10855 = ORIENTED_EDGE('',*,*,#10681,.T.);
#10856 = ORIENTED_EDGE('',*,*,#10857,.T.);
#10857 = EDGE_CURVE('',#10682,#2635,#10858,.T.);
#10858 = SURFACE_CURVE('',#10859,(#10864,#10871),.PCURVE_S1.);
#10859 = CIRCLE('',#10860,1.);
#10860 = AXIS2_PLACEMENT_3D('',#10861,#10862,#10863);
#10861 = CARTESIAN_POINT('',(19.6,-73.6,26.));
#10862 = DIRECTION('',(0.,1.,0.));
#10863 = DIRECTION('',(0.,-0.,1.));
#10864 = PCURVE('',#2677,#10865);
#10865 = DEFINITIONAL_REPRESENTATION('',(#10866),#10870);
#10866 = LINE('',#10867,#10868);
#10867 = CARTESIAN_POINT('',(1.570796326795,-1.));
#10868 = VECTOR('',#10869,1.);
#10869 = DIRECTION('',(1.,0.));
#10870 = ( GEOMETRIC_REPRESENTATION_CONTEXT(2) 
PARAMETRIC_REPRESENTATION_CONTEXT() REPRESENTATION_CONTEXT('2D SPACE',''
  ) );
#10871 = PCURVE('',#2651,#10872);
#10872 = DEFINITIONAL_REPRESENTATION('',(#10873),#10877);
#10873 = LINE('',#10874,#10875);
#10874 = CARTESIAN_POINT('',(1.570796326795,6.28318530718));
#10875 = VECTOR('',#10876,1.);
#10876 = DIRECTION('',(0.,-1.));
#10877 = ( GEOMETRIC_REPRESENTATION_CONTEXT(2) 
PARAMETRIC_REPRESENTATION_CONTEXT() REPRESENTATION_CONTEXT('2D SPACE',''
  ) );
#10878 = ORIENTED_EDGE('',*,*,#2663,.F.);
#10879 = ORIENTED_EDGE('',*,*,#10652,.T.);
#10880 = ADVANCED_FACE('',(#10881),#10719,.T.);
#10881 = FACE_BOUND('',#10882,.T.);
#10882 = EDGE_LOOP('',(#10883,#10884,#10885));
#10883 = ORIENTED_EDGE('',*,*,#10781,.T.);
#10884 = ORIENTED_EDGE('',*,*,#10704,.T.);
#10885 = ORIENTED_EDGE('',*,*,#10886,.T.);
#10886 = EDGE_CURVE('',#10682,#10757,#10887,.T.);
#10887 = SURFACE_CURVE('',#10888,(#10893,#10900),.PCURVE_S1.);
#10888 = CIRCLE('',#10889,1.);
#10889 = AXIS2_PLACEMENT_3D('',#10890,#10891,#10892);
#10890 = CARTESIAN_POINT('',(19.6,-73.6,24.));
#10891 = DIRECTION('',(1.,0.,0.));
#10892 = DIRECTION('',(0.,0.,-1.));
#10893 = PCURVE('',#10719,#10894);
#10894 = DEFINITIONAL_REPRESENTATION('',(#10895),#10899);
#10895 = LINE('',#10896,#10897);
#10896 = CARTESIAN_POINT('',(0.,0.));
#10897 = VECTOR('',#10898,1.);
#10898 = DIRECTION('',(1.,0.));
#10899 = ( GEOMETRIC_REPRESENTATION_CONTEXT(2) 
PARAMETRIC_REPRESENTATION_CONTEXT() REPRESENTATION_CONTEXT('2D SPACE',''
  ) );
#10900 = PCURVE('',#2651,#10901);
#10901 = DEFINITIONAL_REPRESENTATION('',(#10902),#10906);
#10902 = LINE('',#10903,#10904);
#10903 = CARTESIAN_POINT('',(4.712388980385,3.14159265359));
#10904 = VECTOR('',#10905,1.);
#10905 = DIRECTION('',(-1.,0.));
#10906 = ( GEOMETRIC_REPRESENTATION_CONTEXT(2) 
PARAMETRIC_REPRESENTATION_CONTEXT() REPRESENTATION_CONTEXT('2D SPACE',''
  ) );
#10907 = ADVANCED_FACE('',(#10908),#2651,.F.);
#10908 = FACE_BOUND('',#10909,.F.);
#10909 = EDGE_LOOP('',(#10910,#10911,#10912,#10913));
#10910 = ORIENTED_EDGE('',*,*,#10857,.F.);
#10911 = ORIENTED_EDGE('',*,*,#10886,.T.);
#10912 = ORIENTED_EDGE('',*,*,#10829,.F.);
#10913 = ORIENTED_EDGE('',*,*,#2634,.T.);
#10914 = ADVANCED_FACE('',(#10915),#8985,.T.);
#10915 = FACE_BOUND('',#10916,.T.);
#10916 = EDGE_LOOP('',(#10917,#10946,#10969,#10996));
#10917 = ORIENTED_EDGE('',*,*,#10918,.F.);
#10918 = EDGE_CURVE('',#10919,#8963,#10921,.T.);
#10919 = VERTEX_POINT('',#10920);
#10920 = CARTESIAN_POINT('',(19.6,73.6,25.));
#10921 = SURFACE_CURVE('',#10922,(#10927,#10934),.PCURVE_S1.);
#10922 = CIRCLE('',#10923,1.);
#10923 = AXIS2_PLACEMENT_3D('',#10924,#10925,#10926);
#10924 = CARTESIAN_POINT('',(19.6,73.6,24.));
#10925 = DIRECTION('',(0.,1.,0.));
#10926 = DIRECTION('',(0.,-0.,1.));
#10927 = PCURVE('',#8985,#10928);
#10928 = DEFINITIONAL_REPRESENTATION('',(#10929),#10933);
#10929 = LINE('',#10930,#10931);
#10930 = CARTESIAN_POINT('',(1.570796326795,73.6));
#10931 = VECTOR('',#10932,1.);
#10932 = DIRECTION('',(1.,0.));
#10933 = ( GEOMETRIC_REPRESENTATION_CONTEXT(2) 
PARAMETRIC_REPRESENTATION_CONTEXT() REPRESENTATION_CONTEXT('2D SPACE',''
  ) );
#10934 = PCURVE('',#10935,#10940);
#10935 = SPHERICAL_SURFACE('',#10936,1.);
#10936 = AXIS2_PLACEMENT_3D('',#10937,#10938,#10939);
#10937 = CARTESIAN_POINT('',(19.6,73.6,24.));
#10938 = DIRECTION('',(0.,0.,1.));
#10939 = DIRECTION('',(1.,0.,-0.));
#10940 = DEFINITIONAL_REPRESENTATION('',(#10941),#10945);
#10941 = LINE('',#10942,#10943);
#10942 = CARTESIAN_POINT('',(0.,1.570796326795));
#10943 = VECTOR('',#10944,1.);
#10944 = DIRECTION('',(0.,-1.));
#10945 = ( GEOMETRIC_REPRESENTATION_CONTEXT(2) 
PARAMETRIC_REPRESENTATION_CONTEXT() REPRESENTATION_CONTEXT('2D SPACE',''
  ) );
#10946 = ORIENTED_EDGE('',*,*,#10947,.T.);
#10947 = EDGE_CURVE('',#10919,#10948,#10950,.T.);
#10948 = VERTEX_POINT('',#10949);
#10949 = CARTESIAN_POINT('',(19.6,71.6,25.));
#10950 = SURFACE_CURVE('',#10951,(#10955,#10962),.PCURVE_S1.);
#10951 = LINE('',#10952,#10953);
#10952 = CARTESIAN_POINT('',(19.6,74.6,25.));
#10953 = VECTOR('',#10954,1.);
#10954 = DIRECTION('',(-6.115358904736E-17,-1.,0.));
#10955 = PCURVE('',#8985,#10956);
#10956 = DEFINITIONAL_REPRESENTATION('',(#10957),#10961);
#10957 = LINE('',#10958,#10959);
#10958 = CARTESIAN_POINT('',(1.570796326795,74.6));
#10959 = VECTOR('',#10960,1.);
#10960 = DIRECTION('',(0.,-1.));
#10961 = ( GEOMETRIC_REPRESENTATION_CONTEXT(2) 
PARAMETRIC_REPRESENTATION_CONTEXT() REPRESENTATION_CONTEXT('2D SPACE',''
  ) );
#10962 = PCURVE('',#3082,#10963);
#10963 = DEFINITIONAL_REPRESENTATION('',(#10964),#10968);
#10964 = LINE('',#10965,#10966);
#10965 = CARTESIAN_POINT('',(4.712388980385,2.));
#10966 = VECTOR('',#10967,1.);
#10967 = DIRECTION('',(0.,-1.));
#10968 = ( GEOMETRIC_REPRESENTATION_CONTEXT(2) 
PARAMETRIC_REPRESENTATION_CONTEXT() REPRESENTATION_CONTEXT('2D SPACE',''
  ) );
#10969 = ORIENTED_EDGE('',*,*,#10970,.F.);
#10970 = EDGE_CURVE('',#8965,#10948,#10971,.T.);
#10971 = SURFACE_CURVE('',#10972,(#10977,#10984),.PCURVE_S1.);
#10972 = CIRCLE('',#10973,1.);
#10973 = AXIS2_PLACEMENT_3D('',#10974,#10975,#10976);
#10974 = CARTESIAN_POINT('',(19.6,71.6,24.));
#10975 = DIRECTION('',(0.,-1.,0.));
#10976 = DIRECTION('',(0.,0.,-1.));
#10977 = PCURVE('',#8985,#10978);
#10978 = DEFINITIONAL_REPRESENTATION('',(#10979),#10983);
#10979 = LINE('',#10980,#10981);
#10980 = CARTESIAN_POINT('',(4.712388980385,71.6));
#10981 = VECTOR('',#10982,1.);
#10982 = DIRECTION('',(-1.,0.));
#10983 = ( GEOMETRIC_REPRESENTATION_CONTEXT(2) 
PARAMETRIC_REPRESENTATION_CONTEXT() REPRESENTATION_CONTEXT('2D SPACE',''
  ) );
#10984 = PCURVE('',#10985,#10990);
#10985 = SPHERICAL_SURFACE('',#10986,1.);
#10986 = AXIS2_PLACEMENT_3D('',#10987,#10988,#10989);
#10987 = CARTESIAN_POINT('',(19.6,71.6,24.));
#10988 = DIRECTION('',(0.,0.,1.));
#10989 = DIRECTION('',(1.,0.,-0.));
#10990 = DEFINITIONAL_REPRESENTATION('',(#10991),#10995);
#10991 = LINE('',#10992,#10993);
#10992 = CARTESIAN_POINT('',(6.28318530718,-1.570796326795));
#10993 = VECTOR('',#10994,1.);
#10994 = DIRECTION('',(0.,1.));
#10995 = ( GEOMETRIC_REPRESENTATION_CONTEXT(2) 
PARAMETRIC_REPRESENTATION_CONTEXT() REPRESENTATION_CONTEXT('2D SPACE',''
  ) );
#10996 = ORIENTED_EDGE('',*,*,#8962,.F.);
#10997 = ADVANCED_FACE('',(#10998),#10935,.T.);
#10998 = FACE_BOUND('',#10999,.T.);
#10999 = EDGE_LOOP('',(#11000,#11046,#11047));
#11000 = ORIENTED_EDGE('',*,*,#11001,.T.);
#11001 = EDGE_CURVE('',#11002,#10919,#11004,.T.);
#11002 = VERTEX_POINT('',#11003);
#11003 = CARTESIAN_POINT('',(19.6,74.6,24.));
#11004 = SURFACE_CURVE('',#11005,(#11010,#11039),.PCURVE_S1.);
#11005 = CIRCLE('',#11006,1.);
#11006 = AXIS2_PLACEMENT_3D('',#11007,#11008,#11009);
#11007 = CARTESIAN_POINT('',(19.6,73.6,24.));
#11008 = DIRECTION('',(1.,0.,0.));
#11009 = DIRECTION('',(0.,0.,-1.));
#11010 = PCURVE('',#10935,#11011);
#11011 = DEFINITIONAL_REPRESENTATION('',(#11012),#11038);
#11012 = B_SPLINE_CURVE_WITH_KNOTS('',3,(#11013,#11014,#11015,#11016,
    #11017,#11018,#11019,#11020,#11021,#11022,#11023,#11024,#11025,
    #11026,#11027,#11028,#11029,#11030,#11031,#11032,#11033,#11034,
    #11035,#11036,#11037),.UNSPECIFIED.,.F.,.F.,(4,1,1,1,1,1,1,1,1,1,1,1
    ,1,1,1,1,1,1,1,1,1,1,4),(1.570796326795,1.642196159831,
    1.713595992867,1.784995825903,1.856395658939,1.927795491976,
    1.999195325012,2.070595158048,2.141994991084,2.21339482412,
    2.284794657156,2.356194490192,2.427594323228,2.498994156265,
    2.570393989301,2.641793822337,2.713193655373,2.784593488409,
    2.855993321445,2.927393154481,2.998792987518,3.070192820554,
    3.14159265359),.QUASI_UNIFORM_KNOTS.);
#11013 = CARTESIAN_POINT('',(1.570796326795,0.));
#11014 = CARTESIAN_POINT('',(1.570796326795,2.379994434538E-02));
#11015 = CARTESIAN_POINT('',(1.570796326795,7.139983303613E-02));
#11016 = CARTESIAN_POINT('',(1.570796326795,0.142799666072));
#11017 = CARTESIAN_POINT('',(1.570796326795,0.214199499108));
#11018 = CARTESIAN_POINT('',(1.570796326795,0.285599332145));
#11019 = CARTESIAN_POINT('',(1.570796326795,0.356999165181));
#11020 = CARTESIAN_POINT('',(1.570796326795,0.428398998217));
#11021 = CARTESIAN_POINT('',(1.570796326795,0.499798831253));
#11022 = CARTESIAN_POINT('',(1.570796326795,0.571198664289));
#11023 = CARTESIAN_POINT('',(1.570796326795,0.642598497325));
#11024 = CARTESIAN_POINT('',(1.570796326795,0.713998330361));
#11025 = CARTESIAN_POINT('',(1.570796326795,0.785398163397));
#11026 = CARTESIAN_POINT('',(1.570796326795,0.856797996434));
#11027 = CARTESIAN_POINT('',(1.570796326795,0.92819782947));
#11028 = CARTESIAN_POINT('',(1.570796326795,0.999597662506));
#11029 = CARTESIAN_POINT('',(1.570796326795,1.070997495542));
#11030 = CARTESIAN_POINT('',(1.570796326795,1.142397328578));
#11031 = CARTESIAN_POINT('',(1.570796326795,1.213797161614));
#11032 = CARTESIAN_POINT('',(1.570796326795,1.28519699465));
#11033 = CARTESIAN_POINT('',(1.570796326795,1.356596827687));
#11034 = CARTESIAN_POINT('',(1.570796326795,1.427996660723));
#11035 = CARTESIAN_POINT('',(1.570796326795,1.499396493759));
#11036 = CARTESIAN_POINT('',(1.570796326795,1.54699638245));
#11037 = CARTESIAN_POINT('',(1.570796326795,1.570796326795));
#11038 = ( GEOMETRIC_REPRESENTATION_CONTEXT(2) 
PARAMETRIC_REPRESENTATION_CONTEXT() REPRESENTATION_CONTEXT('2D SPACE',''
  ) );
#11039 = PCURVE('',#3111,#11040);
#11040 = DEFINITIONAL_REPRESENTATION('',(#11041),#11045);
#11041 = LINE('',#11042,#11043);
#11042 = CARTESIAN_POINT('',(4.712388980385,3.14159265359));
#11043 = VECTOR('',#11044,1.);
#11044 = DIRECTION('',(-1.,0.));
#11045 = ( GEOMETRIC_REPRESENTATION_CONTEXT(2) 
PARAMETRIC_REPRESENTATION_CONTEXT() REPRESENTATION_CONTEXT('2D SPACE',''
  ) );
#11046 = ORIENTED_EDGE('',*,*,#10918,.T.);
#11047 = ORIENTED_EDGE('',*,*,#11048,.T.);
#11048 = EDGE_CURVE('',#8963,#11002,#11049,.T.);
#11049 = SURFACE_CURVE('',#11050,(#11055,#11062),.PCURVE_S1.);
#11050 = CIRCLE('',#11051,1.);
#11051 = AXIS2_PLACEMENT_3D('',#11052,#11053,#11054);
#11052 = CARTESIAN_POINT('',(19.6,73.6,24.));
#11053 = DIRECTION('',(0.,0.,1.));
#11054 = DIRECTION('',(1.,0.,-0.));
#11055 = PCURVE('',#10935,#11056);
#11056 = DEFINITIONAL_REPRESENTATION('',(#11057),#11061);
#11057 = LINE('',#11058,#11059);
#11058 = CARTESIAN_POINT('',(0.,0.));
#11059 = VECTOR('',#11060,1.);
#11060 = DIRECTION('',(1.,0.));
#11061 = ( GEOMETRIC_REPRESENTATION_CONTEXT(2) 
PARAMETRIC_REPRESENTATION_CONTEXT() REPRESENTATION_CONTEXT('2D SPACE',''
  ) );
#11062 = PCURVE('',#9067,#11063);
#11063 = DEFINITIONAL_REPRESENTATION('',(#11064),#11068);
#11064 = LINE('',#11065,#11066);
#11065 = CARTESIAN_POINT('',(3.14159265359,18.5));
#11066 = VECTOR('',#11067,1.);
#11067 = DIRECTION('',(-1.,0.));
#11068 = ( GEOMETRIC_REPRESENTATION_CONTEXT(2) 
PARAMETRIC_REPRESENTATION_CONTEXT() REPRESENTATION_CONTEXT('2D SPACE',''
  ) );
#11069 = ADVANCED_FACE('',(#11070),#3082,.F.);
#11070 = FACE_BOUND('',#11071,.F.);
#11071 = EDGE_LOOP('',(#11072,#11073,#11095,#11096));
#11072 = ORIENTED_EDGE('',*,*,#3066,.F.);
#11073 = ORIENTED_EDGE('',*,*,#11074,.T.);
#11074 = EDGE_CURVE('',#3067,#10919,#11075,.T.);
#11075 = SURFACE_CURVE('',#11076,(#11081,#11088),.PCURVE_S1.);
#11076 = CIRCLE('',#11077,1.);
#11077 = AXIS2_PLACEMENT_3D('',#11078,#11079,#11080);
#11078 = CARTESIAN_POINT('',(19.6,73.6,26.));
#11079 = DIRECTION('',(0.,-1.,0.));
#11080 = DIRECTION('',(0.,0.,-1.));
#11081 = PCURVE('',#3082,#11082);
#11082 = DEFINITIONAL_REPRESENTATION('',(#11083),#11087);
#11083 = LINE('',#11084,#11085);
#11084 = CARTESIAN_POINT('',(10.995574287564,1.));
#11085 = VECTOR('',#11086,1.);
#11086 = DIRECTION('',(-1.,0.));
#11087 = ( GEOMETRIC_REPRESENTATION_CONTEXT(2) 
PARAMETRIC_REPRESENTATION_CONTEXT() REPRESENTATION_CONTEXT('2D SPACE',''
  ) );
#11088 = PCURVE('',#3111,#11089);
#11089 = DEFINITIONAL_REPRESENTATION('',(#11090),#11094);
#11090 = LINE('',#11091,#11092);
#11091 = CARTESIAN_POINT('',(1.570796326795,-3.14159265359));
#11092 = VECTOR('',#11093,1.);
#11093 = DIRECTION('',(0.,1.));
#11094 = ( GEOMETRIC_REPRESENTATION_CONTEXT(2) 
PARAMETRIC_REPRESENTATION_CONTEXT() REPRESENTATION_CONTEXT('2D SPACE',''
  ) );
#11095 = ORIENTED_EDGE('',*,*,#10947,.T.);
#11096 = ORIENTED_EDGE('',*,*,#11097,.T.);
#11097 = EDGE_CURVE('',#10948,#3038,#11098,.T.);
#11098 = SURFACE_CURVE('',#11099,(#11104,#11111),.PCURVE_S1.);
#11099 = CIRCLE('',#11100,1.);
#11100 = AXIS2_PLACEMENT_3D('',#11101,#11102,#11103);
#11101 = CARTESIAN_POINT('',(19.6,71.6,26.));
#11102 = DIRECTION('',(0.,1.,0.));
#11103 = DIRECTION('',(0.,-0.,1.));
#11104 = PCURVE('',#3082,#11105);
#11105 = DEFINITIONAL_REPRESENTATION('',(#11106),#11110);
#11106 = LINE('',#11107,#11108);
#11107 = CARTESIAN_POINT('',(1.570796326795,-1.));
#11108 = VECTOR('',#11109,1.);
#11109 = DIRECTION('',(1.,0.));
#11110 = ( GEOMETRIC_REPRESENTATION_CONTEXT(2) 
PARAMETRIC_REPRESENTATION_CONTEXT() REPRESENTATION_CONTEXT('2D SPACE',''
  ) );
#11111 = PCURVE('',#3054,#11112);
#11112 = DEFINITIONAL_REPRESENTATION('',(#11113),#11117);
#11113 = LINE('',#11114,#11115);
#11114 = CARTESIAN_POINT('',(1.570796326795,6.28318530718));
#11115 = VECTOR('',#11116,1.);
#11116 = DIRECTION('',(0.,-1.));
#11117 = ( GEOMETRIC_REPRESENTATION_CONTEXT(2) 
PARAMETRIC_REPRESENTATION_CONTEXT() REPRESENTATION_CONTEXT('2D SPACE',''
  ) );
#11118 = ADVANCED_FACE('',(#11119),#10985,.T.);
#11119 = FACE_BOUND('',#11120,.T.);
#11120 = EDGE_LOOP('',(#11121,#11122,#11168));
#11121 = ORIENTED_EDGE('',*,*,#10970,.T.);
#11122 = ORIENTED_EDGE('',*,*,#11123,.F.);
#11123 = EDGE_CURVE('',#11124,#10948,#11126,.T.);
#11124 = VERTEX_POINT('',#11125);
#11125 = CARTESIAN_POINT('',(19.6,70.6,24.));
#11126 = SURFACE_CURVE('',#11127,(#11132,#11161),.PCURVE_S1.);
#11127 = CIRCLE('',#11128,1.);
#11128 = AXIS2_PLACEMENT_3D('',#11129,#11130,#11131);
#11129 = CARTESIAN_POINT('',(19.6,71.6,24.));
#11130 = DIRECTION('',(-1.,6.115358904736E-17,0.));
#11131 = DIRECTION('',(-6.115358904736E-17,-1.,0.));
#11132 = PCURVE('',#10985,#11133);
#11133 = DEFINITIONAL_REPRESENTATION('',(#11134),#11160);
#11134 = B_SPLINE_CURVE_WITH_KNOTS('',3,(#11135,#11136,#11137,#11138,
    #11139,#11140,#11141,#11142,#11143,#11144,#11145,#11146,#11147,
    #11148,#11149,#11150,#11151,#11152,#11153,#11154,#11155,#11156,
    #11157,#11158,#11159),.UNSPECIFIED.,.F.,.F.,(4,1,1,1,1,1,1,1,1,1,1,1
    ,1,1,1,1,1,1,1,1,1,1,4),(0.,7.139983303613E-02,0.142799666072,
    0.214199499108,0.285599332145,0.356999165181,0.428398998217,
    0.499798831253,0.571198664289,0.642598497325,0.713998330361,
    0.785398163397,0.856797996434,0.92819782947,0.999597662506,
    1.070997495542,1.142397328578,1.213797161614,1.28519699465,
    1.356596827687,1.427996660723,1.499396493759,1.570796326795),
  .QUASI_UNIFORM_KNOTS.);
#11135 = CARTESIAN_POINT('',(4.712388980385,0.));
#11136 = CARTESIAN_POINT('',(4.712388980385,2.379994434538E-02));
#11137 = CARTESIAN_POINT('',(4.712388980385,7.139983303613E-02));
#11138 = CARTESIAN_POINT('',(4.712388980385,0.142799666072));
#11139 = CARTESIAN_POINT('',(4.712388980385,0.214199499108));
#11140 = CARTESIAN_POINT('',(4.712388980385,0.285599332145));
#11141 = CARTESIAN_POINT('',(4.712388980385,0.356999165181));
#11142 = CARTESIAN_POINT('',(4.712388980385,0.428398998217));
#11143 = CARTESIAN_POINT('',(4.712388980385,0.499798831253));
#11144 = CARTESIAN_POINT('',(4.712388980385,0.571198664289));
#11145 = CARTESIAN_POINT('',(4.712388980385,0.642598497325));
#11146 = CARTESIAN_POINT('',(4.712388980385,0.713998330361));
#11147 = CARTESIAN_POINT('',(4.712388980385,0.785398163397));
#11148 = CARTESIAN_POINT('',(4.712388980385,0.856797996434));
#11149 = CARTESIAN_POINT('',(4.712388980385,0.92819782947));
#11150 = CARTESIAN_POINT('',(4.712388980385,0.999597662506));
#11151 = CARTESIAN_POINT('',(4.712388980385,1.070997495542));
#11152 = CARTESIAN_POINT('',(4.712388980385,1.142397328578));
#11153 = CARTESIAN_POINT('',(4.712388980385,1.213797161614));
#11154 = CARTESIAN_POINT('',(4.712388980385,1.28519699465));
#11155 = CARTESIAN_POINT('',(4.712388980385,1.356596827687));
#11156 = CARTESIAN_POINT('',(4.712388980385,1.427996660723));
#11157 = CARTESIAN_POINT('',(4.712388980385,1.499396493759));
#11158 = CARTESIAN_POINT('',(4.712388980385,1.54699638245));
#11159 = CARTESIAN_POINT('',(4.712388980385,1.570796326795));
#11160 = ( GEOMETRIC_REPRESENTATION_CONTEXT(2) 
PARAMETRIC_REPRESENTATION_CONTEXT() REPRESENTATION_CONTEXT('2D SPACE',''
  ) );
#11161 = PCURVE('',#3054,#11162);
#11162 = DEFINITIONAL_REPRESENTATION('',(#11163),#11167);
#11163 = LINE('',#11164,#11165);
#11164 = CARTESIAN_POINT('',(0.,3.14159265359));
#11165 = VECTOR('',#11166,1.);
#11166 = DIRECTION('',(1.,0.));
#11167 = ( GEOMETRIC_REPRESENTATION_CONTEXT(2) 
PARAMETRIC_REPRESENTATION_CONTEXT() REPRESENTATION_CONTEXT('2D SPACE',''
  ) );
#11168 = ORIENTED_EDGE('',*,*,#11169,.T.);
#11169 = EDGE_CURVE('',#11124,#8965,#11170,.T.);
#11170 = SURFACE_CURVE('',#11171,(#11176,#11205),.PCURVE_S1.);
#11171 = CIRCLE('',#11172,1.);
#11172 = AXIS2_PLACEMENT_3D('',#11173,#11174,#11175);
#11173 = CARTESIAN_POINT('',(19.6,71.6,24.));
#11174 = DIRECTION('',(0.,0.,1.));
#11175 = DIRECTION('',(1.,0.,-0.));
#11176 = PCURVE('',#10985,#11177);
#11177 = DEFINITIONAL_REPRESENTATION('',(#11178),#11204);
#11178 = B_SPLINE_CURVE_WITH_KNOTS('',3,(#11179,#11180,#11181,#11182,
    #11183,#11184,#11185,#11186,#11187,#11188,#11189,#11190,#11191,
    #11192,#11193,#11194,#11195,#11196,#11197,#11198,#11199,#11200,
    #11201,#11202,#11203),.UNSPECIFIED.,.F.,.F.,(4,1,1,1,1,1,1,1,1,1,1,1
    ,1,1,1,1,1,1,1,1,1,1,4),(4.712388980385,4.783788813421,
    4.855188646457,4.926588479493,4.997988312529,5.069388145565,
    5.140787978601,5.212187811638,5.283587644674,5.35498747771,
    5.426387310746,5.497787143782,5.569186976818,5.640586809854,
    5.711986642891,5.783386475927,5.854786308963,5.926186141999,
    5.997585975035,6.068985808071,6.140385641107,6.211785474143,
    6.28318530718),.QUASI_UNIFORM_KNOTS.);
#11179 = CARTESIAN_POINT('',(4.712388980385,0.));
#11180 = CARTESIAN_POINT('',(4.73618892473,0.));
#11181 = CARTESIAN_POINT('',(4.783788813421,-6.253171281508E-28));
#11182 = CARTESIAN_POINT('',(4.855188646457,2.188609948528E-27));
#11183 = CARTESIAN_POINT('',(4.926588479493,-8.12912266596E-27));
#11184 = CARTESIAN_POINT('',(4.997988312529,3.032788071531E-26));
#11185 = CARTESIAN_POINT('',(5.069388145565,-1.131824001953E-25));
#11186 = CARTESIAN_POINT('',(5.140787978601,4.224017200658E-25));
#11187 = CARTESIAN_POINT('',(5.212187811638,-1.576424480068E-24));
#11188 = CARTESIAN_POINT('',(5.283587644674,5.883296200206E-24));
#11189 = CARTESIAN_POINT('',(5.35498747771,-2.195676032076E-23));
#11190 = CARTESIAN_POINT('',(5.426387310746,8.194374508282E-23));
#11191 = CARTESIAN_POINT('',(5.497787143782,-3.058182200105E-22));
#11192 = CARTESIAN_POINT('',(5.569186976818,1.141329134959E-21));
#11193 = CARTESIAN_POINT('',(5.640586809854,-4.259498319827E-21));
#11194 = CARTESIAN_POINT('',(5.711986642891,1.589666414435E-20));
#11195 = CARTESIAN_POINT('',(5.783386475927,-5.932715825756E-20));
#11196 = CARTESIAN_POINT('',(5.854786308963,2.214119688859E-19));
#11197 = CARTESIAN_POINT('',(5.926186141999,-8.263207172861E-19));
#11198 = CARTESIAN_POINT('',(5.997585975035,3.083870900258E-18));
#11199 = CARTESIAN_POINT('',(6.068985808071,-1.150916288375E-17));
#11200 = CARTESIAN_POINT('',(6.140385641107,4.295278063473E-17));
#11201 = CARTESIAN_POINT('',(6.211785474143,-1.603019596552E-16));
#11202 = CARTESIAN_POINT('',(6.259385362834,3.454027187723E-16));
#11203 = CARTESIAN_POINT('',(6.28318530718,8.881784197001E-16));
#11204 = ( GEOMETRIC_REPRESENTATION_CONTEXT(2) 
PARAMETRIC_REPRESENTATION_CONTEXT() REPRESENTATION_CONTEXT('2D SPACE',''
  ) );
#11205 = PCURVE('',#9013,#11206);
#11206 = DEFINITIONAL_REPRESENTATION('',(#11207),#11211);
#11207 = LINE('',#11208,#11209);
#11208 = CARTESIAN_POINT('',(0.,3.));
#11209 = VECTOR('',#11210,1.);
#11210 = DIRECTION('',(1.,0.));
#11211 = ( GEOMETRIC_REPRESENTATION_CONTEXT(2) 
PARAMETRIC_REPRESENTATION_CONTEXT() REPRESENTATION_CONTEXT('2D SPACE',''
  ) );
#11212 = ADVANCED_FACE('',(#11213),#9067,.T.);
#11213 = FACE_BOUND('',#11214,.T.);
#11214 = EDGE_LOOP('',(#11215,#11216,#11217,#11268));
#11215 = ORIENTED_EDGE('',*,*,#11048,.F.);
#11216 = ORIENTED_EDGE('',*,*,#9053,.F.);
#11217 = ORIENTED_EDGE('',*,*,#11218,.F.);
#11218 = EDGE_CURVE('',#11219,#9026,#11221,.T.);
#11219 = VERTEX_POINT('',#11220);
#11220 = CARTESIAN_POINT('',(19.6,74.6,18.));
#11221 = SURFACE_CURVE('',#11222,(#11227,#11234),.PCURVE_S1.);
#11222 = CIRCLE('',#11223,1.);
#11223 = AXIS2_PLACEMENT_3D('',#11224,#11225,#11226);
#11224 = CARTESIAN_POINT('',(19.6,73.6,18.));
#11225 = DIRECTION('',(0.,0.,-1.));
#11226 = DIRECTION('',(-1.,0.,0.));
#11227 = PCURVE('',#9067,#11228);
#11228 = DEFINITIONAL_REPRESENTATION('',(#11229),#11233);
#11229 = LINE('',#11230,#11231);
#11230 = CARTESIAN_POINT('',(0.,24.5));
#11231 = VECTOR('',#11232,1.);
#11232 = DIRECTION('',(1.,0.));
#11233 = ( GEOMETRIC_REPRESENTATION_CONTEXT(2) 
PARAMETRIC_REPRESENTATION_CONTEXT() REPRESENTATION_CONTEXT('2D SPACE',''
  ) );
#11234 = PCURVE('',#11235,#11240);
#11235 = SPHERICAL_SURFACE('',#11236,1.);
#11236 = AXIS2_PLACEMENT_3D('',#11237,#11238,#11239);
#11237 = CARTESIAN_POINT('',(19.6,73.6,18.));
#11238 = DIRECTION('',(0.,1.,0.));
#11239 = DIRECTION('',(0.,-0.,1.));
#11240 = DEFINITIONAL_REPRESENTATION('',(#11241),#11267);
#11241 = B_SPLINE_CURVE_WITH_KNOTS('',3,(#11242,#11243,#11244,#11245,
    #11246,#11247,#11248,#11249,#11250,#11251,#11252,#11253,#11254,
    #11255,#11256,#11257,#11258,#11259,#11260,#11261,#11262,#11263,
    #11264,#11265,#11266),.UNSPECIFIED.,.F.,.F.,(4,1,1,1,1,1,1,1,1,1,1,1
    ,1,1,1,1,1,1,1,1,1,1,4),(1.570796326795,1.642196159831,
    1.713595992867,1.784995825903,1.856395658939,1.927795491976,
    1.999195325012,2.070595158048,2.141994991084,2.21339482412,
    2.284794657156,2.356194490192,2.427594323228,2.498994156265,
    2.570393989301,2.641793822337,2.713193655373,2.784593488409,
    2.855993321445,2.927393154481,2.998792987518,3.070192820554,
    3.14159265359),.QUASI_UNIFORM_KNOTS.);
#11242 = CARTESIAN_POINT('',(1.570796326795,1.570796326795));
#11243 = CARTESIAN_POINT('',(1.570796326795,1.54699638245));
#11244 = CARTESIAN_POINT('',(1.570796326795,1.499396493759));
#11245 = CARTESIAN_POINT('',(1.570796326795,1.427996660723));
#11246 = CARTESIAN_POINT('',(1.570796326795,1.356596827687));
#11247 = CARTESIAN_POINT('',(1.570796326795,1.28519699465));
#11248 = CARTESIAN_POINT('',(1.570796326795,1.213797161614));
#11249 = CARTESIAN_POINT('',(1.570796326795,1.142397328578));
#11250 = CARTESIAN_POINT('',(1.570796326795,1.070997495542));
#11251 = CARTESIAN_POINT('',(1.570796326795,0.999597662506));
#11252 = CARTESIAN_POINT('',(1.570796326795,0.92819782947));
#11253 = CARTESIAN_POINT('',(1.570796326795,0.856797996434));
#11254 = CARTESIAN_POINT('',(1.570796326795,0.785398163397));
#11255 = CARTESIAN_POINT('',(1.570796326795,0.713998330361));
#11256 = CARTESIAN_POINT('',(1.570796326795,0.642598497325));
#11257 = CARTESIAN_POINT('',(1.570796326795,0.571198664289));
#11258 = CARTESIAN_POINT('',(1.570796326795,0.499798831253));
#11259 = CARTESIAN_POINT('',(1.570796326795,0.428398998217));
#11260 = CARTESIAN_POINT('',(1.570796326795,0.356999165181));
#11261 = CARTESIAN_POINT('',(1.570796326795,0.285599332145));
#11262 = CARTESIAN_POINT('',(1.570796326795,0.214199499108));
#11263 = CARTESIAN_POINT('',(1.570796326795,0.142799666072));
#11264 = CARTESIAN_POINT('',(1.570796326795,7.139983303613E-02));
#11265 = CARTESIAN_POINT('',(1.570796326795,2.379994434538E-02));
#11266 = CARTESIAN_POINT('',(1.570796326795,0.));
#11267 = ( GEOMETRIC_REPRESENTATION_CONTEXT(2) 
PARAMETRIC_REPRESENTATION_CONTEXT() REPRESENTATION_CONTEXT('2D SPACE',''
  ) );
#11268 = ORIENTED_EDGE('',*,*,#11269,.T.);
#11269 = EDGE_CURVE('',#11219,#11002,#11270,.T.);
#11270 = SURFACE_CURVE('',#11271,(#11275,#11282),.PCURVE_S1.);
#11271 = LINE('',#11272,#11273);
#11272 = CARTESIAN_POINT('',(19.6,74.6,17.));
#11273 = VECTOR('',#11274,1.);
#11274 = DIRECTION('',(0.,0.,1.));
#11275 = PCURVE('',#9067,#11276);
#11276 = DEFINITIONAL_REPRESENTATION('',(#11277),#11281);
#11277 = LINE('',#11278,#11279);
#11278 = CARTESIAN_POINT('',(1.570796326795,25.5));
#11279 = VECTOR('',#11280,1.);
#11280 = DIRECTION('',(0.,-1.));
#11281 = ( GEOMETRIC_REPRESENTATION_CONTEXT(2) 
PARAMETRIC_REPRESENTATION_CONTEXT() REPRESENTATION_CONTEXT('2D SPACE',''
  ) );
#11282 = PCURVE('',#3137,#11283);
#11283 = DEFINITIONAL_REPRESENTATION('',(#11284),#11288);
#11284 = LINE('',#11285,#11286);
#11285 = CARTESIAN_POINT('',(4.712388980385,4.));
#11286 = VECTOR('',#11287,1.);
#11287 = DIRECTION('',(0.,-1.));
#11288 = ( GEOMETRIC_REPRESENTATION_CONTEXT(2) 
PARAMETRIC_REPRESENTATION_CONTEXT() REPRESENTATION_CONTEXT('2D SPACE',''
  ) );
#11289 = ADVANCED_FACE('',(#11290),#3111,.F.);
#11290 = FACE_BOUND('',#11291,.F.);
#11291 = EDGE_LOOP('',(#11292,#11293,#11315,#11316));
#11292 = ORIENTED_EDGE('',*,*,#3094,.T.);
#11293 = ORIENTED_EDGE('',*,*,#11294,.F.);
#11294 = EDGE_CURVE('',#11002,#3095,#11295,.T.);
#11295 = SURFACE_CURVE('',#11296,(#11301,#11308),.PCURVE_S1.);
#11296 = CIRCLE('',#11297,1.);
#11297 = AXIS2_PLACEMENT_3D('',#11298,#11299,#11300);
#11298 = CARTESIAN_POINT('',(19.6,75.6,24.));
#11299 = DIRECTION('',(0.,0.,-1.));
#11300 = DIRECTION('',(-1.,0.,0.));
#11301 = PCURVE('',#3111,#11302);
#11302 = DEFINITIONAL_REPRESENTATION('',(#11303),#11307);
#11303 = LINE('',#11304,#11305);
#11304 = CARTESIAN_POINT('',(3.14159265359,7.853981633974));
#11305 = VECTOR('',#11306,1.);
#11306 = DIRECTION('',(0.,-1.));
#11307 = ( GEOMETRIC_REPRESENTATION_CONTEXT(2) 
PARAMETRIC_REPRESENTATION_CONTEXT() REPRESENTATION_CONTEXT('2D SPACE',''
  ) );
#11308 = PCURVE('',#3137,#11309);
#11309 = DEFINITIONAL_REPRESENTATION('',(#11310),#11314);
#11310 = LINE('',#11311,#11312);
#11311 = CARTESIAN_POINT('',(0.,-3.));
#11312 = VECTOR('',#11313,1.);
#11313 = DIRECTION('',(1.,0.));
#11314 = ( GEOMETRIC_REPRESENTATION_CONTEXT(2) 
PARAMETRIC_REPRESENTATION_CONTEXT() REPRESENTATION_CONTEXT('2D SPACE',''
  ) );
#11315 = ORIENTED_EDGE('',*,*,#11001,.T.);
#11316 = ORIENTED_EDGE('',*,*,#11074,.F.);
#11317 = ADVANCED_FACE('',(#11318),#3054,.F.);
#11318 = FACE_BOUND('',#11319,.F.);
#11319 = EDGE_LOOP('',(#11320,#11321,#11343,#11344));
#11320 = ORIENTED_EDGE('',*,*,#11123,.F.);
#11321 = ORIENTED_EDGE('',*,*,#11322,.F.);
#11322 = EDGE_CURVE('',#3010,#11124,#11323,.T.);
#11323 = SURFACE_CURVE('',#11324,(#11329,#11336),.PCURVE_S1.);
#11324 = CIRCLE('',#11325,1.);
#11325 = AXIS2_PLACEMENT_3D('',#11326,#11327,#11328);
#11326 = CARTESIAN_POINT('',(19.6,69.6,24.));
#11327 = DIRECTION('',(0.,0.,-1.));
#11328 = DIRECTION('',(-1.,0.,0.));
#11329 = PCURVE('',#3054,#11330);
#11330 = DEFINITIONAL_REPRESENTATION('',(#11331),#11335);
#11331 = LINE('',#11332,#11333);
#11332 = CARTESIAN_POINT('',(0.,1.570796326795));
#11333 = VECTOR('',#11334,1.);
#11334 = DIRECTION('',(0.,1.));
#11335 = ( GEOMETRIC_REPRESENTATION_CONTEXT(2) 
PARAMETRIC_REPRESENTATION_CONTEXT() REPRESENTATION_CONTEXT('2D SPACE',''
  ) );
#11336 = PCURVE('',#3025,#11337);
#11337 = DEFINITIONAL_REPRESENTATION('',(#11338),#11342);
#11338 = LINE('',#11339,#11340);
#11339 = CARTESIAN_POINT('',(3.14159265359,19.));
#11340 = VECTOR('',#11341,1.);
#11341 = DIRECTION('',(-1.,0.));
#11342 = ( GEOMETRIC_REPRESENTATION_CONTEXT(2) 
PARAMETRIC_REPRESENTATION_CONTEXT() REPRESENTATION_CONTEXT('2D SPACE',''
  ) );
#11343 = ORIENTED_EDGE('',*,*,#3037,.T.);
#11344 = ORIENTED_EDGE('',*,*,#11097,.F.);
#11345 = ADVANCED_FACE('',(#11346),#9013,.T.);
#11346 = FACE_BOUND('',#11347,.T.);
#11347 = EDGE_LOOP('',(#11348,#11399,#11400,#11401));
#11348 = ORIENTED_EDGE('',*,*,#11349,.F.);
#11349 = EDGE_CURVE('',#8998,#11350,#11352,.T.);
#11350 = VERTEX_POINT('',#11351);
#11351 = CARTESIAN_POINT('',(19.6,70.6,18.));
#11352 = SURFACE_CURVE('',#11353,(#11358,#11365),.PCURVE_S1.);
#11353 = CIRCLE('',#11354,1.);
#11354 = AXIS2_PLACEMENT_3D('',#11355,#11356,#11357);
#11355 = CARTESIAN_POINT('',(19.6,71.6,18.));
#11356 = DIRECTION('',(0.,0.,-1.));
#11357 = DIRECTION('',(-1.,0.,0.));
#11358 = PCURVE('',#9013,#11359);
#11359 = DEFINITIONAL_REPRESENTATION('',(#11360),#11364);
#11360 = LINE('',#11361,#11362);
#11361 = CARTESIAN_POINT('',(9.424777960769,-3.));
#11362 = VECTOR('',#11363,1.);
#11363 = DIRECTION('',(-1.,0.));
#11364 = ( GEOMETRIC_REPRESENTATION_CONTEXT(2) 
PARAMETRIC_REPRESENTATION_CONTEXT() REPRESENTATION_CONTEXT('2D SPACE',''
  ) );
#11365 = PCURVE('',#11366,#11371);
#11366 = SPHERICAL_SURFACE('',#11367,1.);
#11367 = AXIS2_PLACEMENT_3D('',#11368,#11369,#11370);
#11368 = CARTESIAN_POINT('',(19.6,71.6,18.));
#11369 = DIRECTION('',(0.,-1.,0.));
#11370 = DIRECTION('',(0.,0.,-1.));
#11371 = DEFINITIONAL_REPRESENTATION('',(#11372),#11398);
#11372 = B_SPLINE_CURVE_WITH_KNOTS('',3,(#11373,#11374,#11375,#11376,
    #11377,#11378,#11379,#11380,#11381,#11382,#11383,#11384,#11385,
    #11386,#11387,#11388,#11389,#11390,#11391,#11392,#11393,#11394,
    #11395,#11396,#11397),.UNSPECIFIED.,.F.,.F.,(4,1,1,1,1,1,1,1,1,1,1,1
    ,1,1,1,1,1,1,1,1,1,1,4),(3.14159265359,3.212992486626,3.284392319662
    ,3.355792152698,3.427191985734,3.49859181877,3.569991651807,
    3.641391484843,3.712791317879,3.784191150915,3.855590983951,
    3.926990816987,3.998390650023,4.06979048306,4.141190316096,
    4.212590149132,4.283989982168,4.355389815204,4.42678964824,
    4.498189481276,4.569589314312,4.640989147349,4.712388980385),
  .QUASI_UNIFORM_KNOTS.);
#11373 = CARTESIAN_POINT('',(1.570796326795,0.));
#11374 = CARTESIAN_POINT('',(1.570796326795,2.379994434538E-02));
#11375 = CARTESIAN_POINT('',(1.570796326795,7.139983303613E-02));
#11376 = CARTESIAN_POINT('',(1.570796326795,0.142799666072));
#11377 = CARTESIAN_POINT('',(1.570796326795,0.214199499108));
#11378 = CARTESIAN_POINT('',(1.570796326795,0.285599332145));
#11379 = CARTESIAN_POINT('',(1.570796326795,0.356999165181));
#11380 = CARTESIAN_POINT('',(1.570796326795,0.428398998217));
#11381 = CARTESIAN_POINT('',(1.570796326795,0.499798831253));
#11382 = CARTESIAN_POINT('',(1.570796326795,0.571198664289));
#11383 = CARTESIAN_POINT('',(1.570796326795,0.642598497325));
#11384 = CARTESIAN_POINT('',(1.570796326795,0.713998330361));
#11385 = CARTESIAN_POINT('',(1.570796326795,0.785398163397));
#11386 = CARTESIAN_POINT('',(1.570796326795,0.856797996434));
#11387 = CARTESIAN_POINT('',(1.570796326795,0.92819782947));
#11388 = CARTESIAN_POINT('',(1.570796326795,0.999597662506));
#11389 = CARTESIAN_POINT('',(1.570796326795,1.070997495542));
#11390 = CARTESIAN_POINT('',(1.570796326795,1.142397328578));
#11391 = CARTESIAN_POINT('',(1.570796326795,1.213797161614));
#11392 = CARTESIAN_POINT('',(1.570796326795,1.28519699465));
#11393 = CARTESIAN_POINT('',(1.570796326795,1.356596827687));
#11394 = CARTESIAN_POINT('',(1.570796326795,1.427996660723));
#11395 = CARTESIAN_POINT('',(1.570796326795,1.499396493759));
#11396 = CARTESIAN_POINT('',(1.570796326795,1.54699638245));
#11397 = CARTESIAN_POINT('',(1.570796326795,1.570796326795));
#11398 = ( GEOMETRIC_REPRESENTATION_CONTEXT(2) 
PARAMETRIC_REPRESENTATION_CONTEXT() REPRESENTATION_CONTEXT('2D SPACE',''
  ) );
#11399 = ORIENTED_EDGE('',*,*,#8997,.T.);
#11400 = ORIENTED_EDGE('',*,*,#11169,.F.);
#11401 = ORIENTED_EDGE('',*,*,#11402,.F.);
#11402 = EDGE_CURVE('',#11350,#11124,#11403,.T.);
#11403 = SURFACE_CURVE('',#11404,(#11408,#11415),.PCURVE_S1.);
#11404 = LINE('',#11405,#11406);
#11405 = CARTESIAN_POINT('',(19.6,70.6,21.));
#11406 = VECTOR('',#11407,1.);
#11407 = DIRECTION('',(0.,0.,1.));
#11408 = PCURVE('',#9013,#11409);
#11409 = DEFINITIONAL_REPRESENTATION('',(#11410),#11414);
#11410 = LINE('',#11411,#11412);
#11411 = CARTESIAN_POINT('',(4.712388980385,0.));
#11412 = VECTOR('',#11413,1.);
#11413 = DIRECTION('',(0.,1.));
#11414 = ( GEOMETRIC_REPRESENTATION_CONTEXT(2) 
PARAMETRIC_REPRESENTATION_CONTEXT() REPRESENTATION_CONTEXT('2D SPACE',''
  ) );
#11415 = PCURVE('',#3025,#11416);
#11416 = DEFINITIONAL_REPRESENTATION('',(#11417),#11421);
#11417 = LINE('',#11418,#11419);
#11418 = CARTESIAN_POINT('',(1.570796326795,16.));
#11419 = VECTOR('',#11420,1.);
#11420 = DIRECTION('',(0.,1.));
#11421 = ( GEOMETRIC_REPRESENTATION_CONTEXT(2) 
PARAMETRIC_REPRESENTATION_CONTEXT() REPRESENTATION_CONTEXT('2D SPACE',''
  ) );
#11422 = ADVANCED_FACE('',(#11423),#11366,.T.);
#11423 = FACE_BOUND('',#11424,.T.);
#11424 = EDGE_LOOP('',(#11425,#11449,#11450));
#11425 = ORIENTED_EDGE('',*,*,#11426,.T.);
#11426 = EDGE_CURVE('',#11427,#8998,#11429,.T.);
#11427 = VERTEX_POINT('',#11428);
#11428 = CARTESIAN_POINT('',(19.6,71.6,17.));
#11429 = SURFACE_CURVE('',#11430,(#11435,#11442),.PCURVE_S1.);
#11430 = CIRCLE('',#11431,1.);
#11431 = AXIS2_PLACEMENT_3D('',#11432,#11433,#11434);
#11432 = CARTESIAN_POINT('',(19.6,71.6,18.));
#11433 = DIRECTION('',(0.,-1.,0.));
#11434 = DIRECTION('',(0.,0.,-1.));
#11435 = PCURVE('',#11366,#11436);
#11436 = DEFINITIONAL_REPRESENTATION('',(#11437),#11441);
#11437 = LINE('',#11438,#11439);
#11438 = CARTESIAN_POINT('',(0.,0.));
#11439 = VECTOR('',#11440,1.);
#11440 = DIRECTION('',(1.,0.));
#11441 = ( GEOMETRIC_REPRESENTATION_CONTEXT(2) 
PARAMETRIC_REPRESENTATION_CONTEXT() REPRESENTATION_CONTEXT('2D SPACE',''
  ) );
#11442 = PCURVE('',#9041,#11443);
#11443 = DEFINITIONAL_REPRESENTATION('',(#11444),#11448);
#11444 = LINE('',#11445,#11446);
#11445 = CARTESIAN_POINT('',(4.712388980385,1.));
#11446 = VECTOR('',#11447,1.);
#11447 = DIRECTION('',(1.,0.));
#11448 = ( GEOMETRIC_REPRESENTATION_CONTEXT(2) 
PARAMETRIC_REPRESENTATION_CONTEXT() REPRESENTATION_CONTEXT('2D SPACE',''
  ) );
#11449 = ORIENTED_EDGE('',*,*,#11349,.T.);
#11450 = ORIENTED_EDGE('',*,*,#11451,.T.);
#11451 = EDGE_CURVE('',#11350,#11427,#11452,.T.);
#11452 = SURFACE_CURVE('',#11453,(#11458,#11465),.PCURVE_S1.);
#11453 = CIRCLE('',#11454,1.);
#11454 = AXIS2_PLACEMENT_3D('',#11455,#11456,#11457);
#11455 = CARTESIAN_POINT('',(19.6,71.6,18.));
#11456 = DIRECTION('',(1.,0.,0.));
#11457 = DIRECTION('',(0.,0.,-1.));
#11458 = PCURVE('',#11366,#11459);
#11459 = DEFINITIONAL_REPRESENTATION('',(#11460),#11464);
#11460 = LINE('',#11461,#11462);
#11461 = CARTESIAN_POINT('',(0.,6.28318530718));
#11462 = VECTOR('',#11463,1.);
#11463 = DIRECTION('',(0.,-1.));
#11464 = ( GEOMETRIC_REPRESENTATION_CONTEXT(2) 
PARAMETRIC_REPRESENTATION_CONTEXT() REPRESENTATION_CONTEXT('2D SPACE',''
  ) );
#11465 = PCURVE('',#2997,#11466);
#11466 = DEFINITIONAL_REPRESENTATION('',(#11467),#11471);
#11467 = LINE('',#11468,#11469);
#11468 = CARTESIAN_POINT('',(10.995574287564,3.14159265359));
#11469 = VECTOR('',#11470,1.);
#11470 = DIRECTION('',(-1.,0.));
#11471 = ( GEOMETRIC_REPRESENTATION_CONTEXT(2) 
PARAMETRIC_REPRESENTATION_CONTEXT() REPRESENTATION_CONTEXT('2D SPACE',''
  ) );
#11472 = ADVANCED_FACE('',(#11473),#11235,.T.);
#11473 = FACE_BOUND('',#11474,.T.);
#11474 = EDGE_LOOP('',(#11475,#11521,#11522));
#11475 = ORIENTED_EDGE('',*,*,#11476,.T.);
#11476 = EDGE_CURVE('',#11477,#11219,#11479,.T.);
#11477 = VERTEX_POINT('',#11478);
#11478 = CARTESIAN_POINT('',(19.6,73.6,17.));
#11479 = SURFACE_CURVE('',#11480,(#11485,#11514),.PCURVE_S1.);
#11480 = CIRCLE('',#11481,1.);
#11481 = AXIS2_PLACEMENT_3D('',#11482,#11483,#11484);
#11482 = CARTESIAN_POINT('',(19.6,73.6,18.));
#11483 = DIRECTION('',(1.,0.,0.));
#11484 = DIRECTION('',(0.,0.,-1.));
#11485 = PCURVE('',#11235,#11486);
#11486 = DEFINITIONAL_REPRESENTATION('',(#11487),#11513);
#11487 = B_SPLINE_CURVE_WITH_KNOTS('',3,(#11488,#11489,#11490,#11491,
    #11492,#11493,#11494,#11495,#11496,#11497,#11498,#11499,#11500,
    #11501,#11502,#11503,#11504,#11505,#11506,#11507,#11508,#11509,
    #11510,#11511,#11512),.UNSPECIFIED.,.F.,.F.,(4,1,1,1,1,1,1,1,1,1,1,1
    ,1,1,1,1,1,1,1,1,1,1,4),(0.,7.139983303613E-02,0.142799666072,
    0.214199499108,0.285599332145,0.356999165181,0.428398998217,
    0.499798831253,0.571198664289,0.642598497325,0.713998330361,
    0.785398163397,0.856797996434,0.92819782947,0.999597662506,
    1.070997495542,1.142397328578,1.213797161614,1.28519699465,
    1.356596827687,1.427996660723,1.499396493759,1.570796326795),
  .QUASI_UNIFORM_KNOTS.);
#11488 = CARTESIAN_POINT('',(3.14159265359,0.));
#11489 = CARTESIAN_POINT('',(3.14159265359,2.379994434538E-02));
#11490 = CARTESIAN_POINT('',(3.14159265359,7.139983303613E-02));
#11491 = CARTESIAN_POINT('',(3.14159265359,0.142799666072));
#11492 = CARTESIAN_POINT('',(3.14159265359,0.214199499108));
#11493 = CARTESIAN_POINT('',(3.14159265359,0.285599332145));
#11494 = CARTESIAN_POINT('',(3.14159265359,0.356999165181));
#11495 = CARTESIAN_POINT('',(3.14159265359,0.428398998217));
#11496 = CARTESIAN_POINT('',(3.14159265359,0.499798831253));
#11497 = CARTESIAN_POINT('',(3.14159265359,0.571198664289));
#11498 = CARTESIAN_POINT('',(3.14159265359,0.642598497325));
#11499 = CARTESIAN_POINT('',(3.14159265359,0.713998330361));
#11500 = CARTESIAN_POINT('',(3.14159265359,0.785398163397));
#11501 = CARTESIAN_POINT('',(3.14159265359,0.856797996434));
#11502 = CARTESIAN_POINT('',(3.14159265359,0.92819782947));
#11503 = CARTESIAN_POINT('',(3.14159265359,0.999597662506));
#11504 = CARTESIAN_POINT('',(3.14159265359,1.070997495542));
#11505 = CARTESIAN_POINT('',(3.14159265359,1.142397328578));
#11506 = CARTESIAN_POINT('',(3.14159265359,1.213797161614));
#11507 = CARTESIAN_POINT('',(3.14159265359,1.28519699465));
#11508 = CARTESIAN_POINT('',(3.14159265359,1.356596827687));
#11509 = CARTESIAN_POINT('',(3.14159265359,1.427996660723));
#11510 = CARTESIAN_POINT('',(3.14159265359,1.499396493759));
#11511 = CARTESIAN_POINT('',(3.14159265359,1.54699638245));
#11512 = CARTESIAN_POINT('',(3.14159265359,1.570796326795));
#11513 = ( GEOMETRIC_REPRESENTATION_CONTEXT(2) 
PARAMETRIC_REPRESENTATION_CONTEXT() REPRESENTATION_CONTEXT('2D SPACE',''
  ) );
#11514 = PCURVE('',#2940,#11515);
#11515 = DEFINITIONAL_REPRESENTATION('',(#11516),#11520);
#11516 = LINE('',#11517,#11518);
#11517 = CARTESIAN_POINT('',(4.712388980385,3.14159265359));
#11518 = VECTOR('',#11519,1.);
#11519 = DIRECTION('',(-1.,0.));
#11520 = ( GEOMETRIC_REPRESENTATION_CONTEXT(2) 
PARAMETRIC_REPRESENTATION_CONTEXT() REPRESENTATION_CONTEXT('2D SPACE',''
  ) );
#11521 = ORIENTED_EDGE('',*,*,#11218,.T.);
#11522 = ORIENTED_EDGE('',*,*,#11523,.T.);
#11523 = EDGE_CURVE('',#9026,#11477,#11524,.T.);
#11524 = SURFACE_CURVE('',#11525,(#11530,#11537),.PCURVE_S1.);
#11525 = CIRCLE('',#11526,1.);
#11526 = AXIS2_PLACEMENT_3D('',#11527,#11528,#11529);
#11527 = CARTESIAN_POINT('',(19.6,73.6,18.));
#11528 = DIRECTION('',(0.,1.,0.));
#11529 = DIRECTION('',(0.,-0.,1.));
#11530 = PCURVE('',#11235,#11531);
#11531 = DEFINITIONAL_REPRESENTATION('',(#11532),#11536);
#11532 = LINE('',#11533,#11534);
#11533 = CARTESIAN_POINT('',(0.,0.));
#11534 = VECTOR('',#11535,1.);
#11535 = DIRECTION('',(1.,0.));
#11536 = ( GEOMETRIC_REPRESENTATION_CONTEXT(2) 
PARAMETRIC_REPRESENTATION_CONTEXT() REPRESENTATION_CONTEXT('2D SPACE',''
  ) );
#11537 = PCURVE('',#9041,#11538);
#11538 = DEFINITIONAL_REPRESENTATION('',(#11539),#11543);
#11539 = LINE('',#11540,#11541);
#11540 = CARTESIAN_POINT('',(7.853981633974,-1.));
#11541 = VECTOR('',#11542,1.);
#11542 = DIRECTION('',(-1.,0.));
#11543 = ( GEOMETRIC_REPRESENTATION_CONTEXT(2) 
PARAMETRIC_REPRESENTATION_CONTEXT() REPRESENTATION_CONTEXT('2D SPACE',''
  ) );
#11544 = ADVANCED_FACE('',(#11545),#3137,.F.);
#11545 = FACE_BOUND('',#11546,.F.);
#11546 = EDGE_LOOP('',(#11547,#11548,#11570,#11571));
#11547 = ORIENTED_EDGE('',*,*,#3123,.F.);
#11548 = ORIENTED_EDGE('',*,*,#11549,.T.);
#11549 = EDGE_CURVE('',#2922,#11219,#11550,.T.);
#11550 = SURFACE_CURVE('',#11551,(#11556,#11563),.PCURVE_S1.);
#11551 = CIRCLE('',#11552,1.);
#11552 = AXIS2_PLACEMENT_3D('',#11553,#11554,#11555);
#11553 = CARTESIAN_POINT('',(19.6,75.6,18.));
#11554 = DIRECTION('',(0.,0.,1.));
#11555 = DIRECTION('',(1.,0.,-0.));
#11556 = PCURVE('',#3137,#11557);
#11557 = DEFINITIONAL_REPRESENTATION('',(#11558),#11562);
#11558 = LINE('',#11559,#11560);
#11559 = CARTESIAN_POINT('',(9.424777960769,3.));
#11560 = VECTOR('',#11561,1.);
#11561 = DIRECTION('',(-1.,0.));
#11562 = ( GEOMETRIC_REPRESENTATION_CONTEXT(2) 
PARAMETRIC_REPRESENTATION_CONTEXT() REPRESENTATION_CONTEXT('2D SPACE',''
  ) );
#11563 = PCURVE('',#2940,#11564);
#11564 = DEFINITIONAL_REPRESENTATION('',(#11565),#11569);
#11565 = LINE('',#11566,#11567);
#11566 = CARTESIAN_POINT('',(3.14159265359,-1.570796326795));
#11567 = VECTOR('',#11568,1.);
#11568 = DIRECTION('',(0.,1.));
#11569 = ( GEOMETRIC_REPRESENTATION_CONTEXT(2) 
PARAMETRIC_REPRESENTATION_CONTEXT() REPRESENTATION_CONTEXT('2D SPACE',''
  ) );
#11570 = ORIENTED_EDGE('',*,*,#11269,.T.);
#11571 = ORIENTED_EDGE('',*,*,#11294,.T.);
#11572 = ADVANCED_FACE('',(#11573),#3025,.F.);
#11573 = FACE_BOUND('',#11574,.F.);
#11574 = EDGE_LOOP('',(#11575,#11576,#11598,#11599));
#11575 = ORIENTED_EDGE('',*,*,#11402,.F.);
#11576 = ORIENTED_EDGE('',*,*,#11577,.T.);
#11577 = EDGE_CURVE('',#11350,#2981,#11578,.T.);
#11578 = SURFACE_CURVE('',#11579,(#11584,#11591),.PCURVE_S1.);
#11579 = CIRCLE('',#11580,1.);
#11580 = AXIS2_PLACEMENT_3D('',#11581,#11582,#11583);
#11581 = CARTESIAN_POINT('',(19.6,69.6,18.));
#11582 = DIRECTION('',(0.,0.,1.));
#11583 = DIRECTION('',(1.,0.,-0.));
#11584 = PCURVE('',#3025,#11585);
#11585 = DEFINITIONAL_REPRESENTATION('',(#11586),#11590);
#11586 = LINE('',#11587,#11588);
#11587 = CARTESIAN_POINT('',(0.,13.));
#11588 = VECTOR('',#11589,1.);
#11589 = DIRECTION('',(1.,0.));
#11590 = ( GEOMETRIC_REPRESENTATION_CONTEXT(2) 
PARAMETRIC_REPRESENTATION_CONTEXT() REPRESENTATION_CONTEXT('2D SPACE',''
  ) );
#11591 = PCURVE('',#2997,#11592);
#11592 = DEFINITIONAL_REPRESENTATION('',(#11593),#11597);
#11593 = LINE('',#11594,#11595);
#11594 = CARTESIAN_POINT('',(6.28318530718,4.712388980385));
#11595 = VECTOR('',#11596,1.);
#11596 = DIRECTION('',(0.,-1.));
#11597 = ( GEOMETRIC_REPRESENTATION_CONTEXT(2) 
PARAMETRIC_REPRESENTATION_CONTEXT() REPRESENTATION_CONTEXT('2D SPACE',''
  ) );
#11598 = ORIENTED_EDGE('',*,*,#3009,.T.);
#11599 = ORIENTED_EDGE('',*,*,#11322,.T.);
#11600 = ADVANCED_FACE('',(#11601),#9041,.T.);
#11601 = FACE_BOUND('',#11602,.T.);
#11602 = EDGE_LOOP('',(#11603,#11604,#11605,#11626));
#11603 = ORIENTED_EDGE('',*,*,#9025,.T.);
#11604 = ORIENTED_EDGE('',*,*,#11426,.F.);
#11605 = ORIENTED_EDGE('',*,*,#11606,.F.);
#11606 = EDGE_CURVE('',#11477,#11427,#11607,.T.);
#11607 = SURFACE_CURVE('',#11608,(#11612,#11619),.PCURVE_S1.);
#11608 = LINE('',#11609,#11610);
#11609 = CARTESIAN_POINT('',(19.6,72.6,17.));
#11610 = VECTOR('',#11611,1.);
#11611 = DIRECTION('',(-6.115358904736E-17,-1.,0.));
#11612 = PCURVE('',#9041,#11613);
#11613 = DEFINITIONAL_REPRESENTATION('',(#11614),#11618);
#11614 = LINE('',#11615,#11616);
#11615 = CARTESIAN_POINT('',(4.712388980385,0.));
#11616 = VECTOR('',#11617,1.);
#11617 = DIRECTION('',(0.,1.));
#11618 = ( GEOMETRIC_REPRESENTATION_CONTEXT(2) 
PARAMETRIC_REPRESENTATION_CONTEXT() REPRESENTATION_CONTEXT('2D SPACE',''
  ) );
#11619 = PCURVE('',#2968,#11620);
#11620 = DEFINITIONAL_REPRESENTATION('',(#11621),#11625);
#11621 = LINE('',#11622,#11623);
#11622 = CARTESIAN_POINT('',(1.570796326795,-72.6));
#11623 = VECTOR('',#11624,1.);
#11624 = DIRECTION('',(0.,1.));
#11625 = ( GEOMETRIC_REPRESENTATION_CONTEXT(2) 
PARAMETRIC_REPRESENTATION_CONTEXT() REPRESENTATION_CONTEXT('2D SPACE',''
  ) );
#11626 = ORIENTED_EDGE('',*,*,#11523,.F.);
#11627 = ADVANCED_FACE('',(#11628),#2940,.F.);
#11628 = FACE_BOUND('',#11629,.F.);
#11629 = EDGE_LOOP('',(#11630,#11631,#11653,#11654));
#11630 = ORIENTED_EDGE('',*,*,#2921,.T.);
#11631 = ORIENTED_EDGE('',*,*,#11632,.F.);
#11632 = EDGE_CURVE('',#11477,#2924,#11633,.T.);
#11633 = SURFACE_CURVE('',#11634,(#11639,#11646),.PCURVE_S1.);
#11634 = CIRCLE('',#11635,1.);
#11635 = AXIS2_PLACEMENT_3D('',#11636,#11637,#11638);
#11636 = CARTESIAN_POINT('',(19.6,73.6,16.));
#11637 = DIRECTION('',(0.,-1.,0.));
#11638 = DIRECTION('',(0.,0.,-1.));
#11639 = PCURVE('',#2940,#11640);
#11640 = DEFINITIONAL_REPRESENTATION('',(#11641),#11645);
#11641 = LINE('',#11642,#11643);
#11642 = CARTESIAN_POINT('',(4.712388980385,6.28318530718));
#11643 = VECTOR('',#11644,1.);
#11644 = DIRECTION('',(0.,-1.));
#11645 = ( GEOMETRIC_REPRESENTATION_CONTEXT(2) 
PARAMETRIC_REPRESENTATION_CONTEXT() REPRESENTATION_CONTEXT('2D SPACE',''
  ) );
#11646 = PCURVE('',#2968,#11647);
#11647 = DEFINITIONAL_REPRESENTATION('',(#11648),#11652);
#11648 = LINE('',#11649,#11650);
#11649 = CARTESIAN_POINT('',(-1.570796326795,-73.6));
#11650 = VECTOR('',#11651,1.);
#11651 = DIRECTION('',(1.,0.));
#11652 = ( GEOMETRIC_REPRESENTATION_CONTEXT(2) 
PARAMETRIC_REPRESENTATION_CONTEXT() REPRESENTATION_CONTEXT('2D SPACE',''
  ) );
#11653 = ORIENTED_EDGE('',*,*,#11476,.T.);
#11654 = ORIENTED_EDGE('',*,*,#11549,.F.);
#11655 = ADVANCED_FACE('',(#11656),#2997,.F.);
#11656 = FACE_BOUND('',#11657,.F.);
#11657 = EDGE_LOOP('',(#11658,#11659,#11681,#11682));
#11658 = ORIENTED_EDGE('',*,*,#11451,.T.);
#11659 = ORIENTED_EDGE('',*,*,#11660,.F.);
#11660 = EDGE_CURVE('',#2953,#11427,#11661,.T.);
#11661 = SURFACE_CURVE('',#11662,(#11667,#11674),.PCURVE_S1.);
#11662 = CIRCLE('',#11663,1.);
#11663 = AXIS2_PLACEMENT_3D('',#11664,#11665,#11666);
#11664 = CARTESIAN_POINT('',(19.6,71.6,16.));
#11665 = DIRECTION('',(0.,1.,0.));
#11666 = DIRECTION('',(0.,-0.,1.));
#11667 = PCURVE('',#2997,#11668);
#11668 = DEFINITIONAL_REPRESENTATION('',(#11669),#11673);
#11669 = LINE('',#11670,#11671);
#11670 = CARTESIAN_POINT('',(4.712388980385,-3.14159265359));
#11671 = VECTOR('',#11672,1.);
#11672 = DIRECTION('',(0.,1.));
#11673 = ( GEOMETRIC_REPRESENTATION_CONTEXT(2) 
PARAMETRIC_REPRESENTATION_CONTEXT() REPRESENTATION_CONTEXT('2D SPACE',''
  ) );
#11674 = PCURVE('',#2968,#11675);
#11675 = DEFINITIONAL_REPRESENTATION('',(#11676),#11680);
#11676 = LINE('',#11677,#11678);
#11677 = CARTESIAN_POINT('',(7.853981633974,-71.6));
#11678 = VECTOR('',#11679,1.);
#11679 = DIRECTION('',(-1.,0.));
#11680 = ( GEOMETRIC_REPRESENTATION_CONTEXT(2) 
PARAMETRIC_REPRESENTATION_CONTEXT() REPRESENTATION_CONTEXT('2D SPACE',''
  ) );
#11681 = ORIENTED_EDGE('',*,*,#2980,.T.);
#11682 = ORIENTED_EDGE('',*,*,#11577,.F.);
#11683 = ADVANCED_FACE('',(#11684),#2968,.F.);
#11684 = FACE_BOUND('',#11685,.F.);
#11685 = EDGE_LOOP('',(#11686,#11687,#11688,#11689));
#11686 = ORIENTED_EDGE('',*,*,#2952,.T.);
#11687 = ORIENTED_EDGE('',*,*,#11660,.T.);
#11688 = ORIENTED_EDGE('',*,*,#11606,.F.);
#11689 = ORIENTED_EDGE('',*,*,#11632,.T.);
#11690 = ADVANCED_FACE('',(#11691),#2907,.F.);
#11691 = FACE_BOUND('',#11692,.F.);
#11692 = EDGE_LOOP('',(#11693,#11718,#11740,#11741));
#11693 = ORIENTED_EDGE('',*,*,#11694,.F.);
#11694 = EDGE_CURVE('',#11695,#11697,#11699,.T.);
#11695 = VERTEX_POINT('',#11696);
#11696 = CARTESIAN_POINT('',(19.6,73.6,67.));
#11697 = VERTEX_POINT('',#11698);
#11698 = CARTESIAN_POINT('',(19.6,71.6,67.));
#11699 = SURFACE_CURVE('',#11700,(#11704,#11711),.PCURVE_S1.);
#11700 = LINE('',#11701,#11702);
#11701 = CARTESIAN_POINT('',(19.6,72.6,67.));
#11702 = VECTOR('',#11703,1.);
#11703 = DIRECTION('',(-6.115358904736E-17,-1.,0.));
#11704 = PCURVE('',#2907,#11705);
#11705 = DEFINITIONAL_REPRESENTATION('',(#11706),#11710);
#11706 = LINE('',#11707,#11708);
#11707 = CARTESIAN_POINT('',(1.570796326795,-72.6));
#11708 = VECTOR('',#11709,1.);
#11709 = DIRECTION('',(0.,1.));
#11710 = ( GEOMETRIC_REPRESENTATION_CONTEXT(2) 
PARAMETRIC_REPRESENTATION_CONTEXT() REPRESENTATION_CONTEXT('2D SPACE',''
  ) );
#11711 = PCURVE('',#9187,#11712);
#11712 = DEFINITIONAL_REPRESENTATION('',(#11713),#11717);
#11713 = LINE('',#11714,#11715);
#11714 = CARTESIAN_POINT('',(4.712388980385,0.));
#11715 = VECTOR('',#11716,1.);
#11716 = DIRECTION('',(0.,1.));
#11717 = ( GEOMETRIC_REPRESENTATION_CONTEXT(2) 
PARAMETRIC_REPRESENTATION_CONTEXT() REPRESENTATION_CONTEXT('2D SPACE',''
  ) );
#11718 = ORIENTED_EDGE('',*,*,#11719,.T.);
#11719 = EDGE_CURVE('',#11695,#2865,#11720,.T.);
#11720 = SURFACE_CURVE('',#11721,(#11726,#11733),.PCURVE_S1.);
#11721 = CIRCLE('',#11722,1.);
#11722 = AXIS2_PLACEMENT_3D('',#11723,#11724,#11725);
#11723 = CARTESIAN_POINT('',(19.6,73.6,66.));
#11724 = DIRECTION('',(0.,-1.,0.));
#11725 = DIRECTION('',(0.,0.,-1.));
#11726 = PCURVE('',#2907,#11727);
#11727 = DEFINITIONAL_REPRESENTATION('',(#11728),#11732);
#11728 = LINE('',#11729,#11730);
#11729 = CARTESIAN_POINT('',(-1.570796326795,-73.6));
#11730 = VECTOR('',#11731,1.);
#11731 = DIRECTION('',(1.,0.));
#11732 = ( GEOMETRIC_REPRESENTATION_CONTEXT(2) 
PARAMETRIC_REPRESENTATION_CONTEXT() REPRESENTATION_CONTEXT('2D SPACE',''
  ) );
#11733 = PCURVE('',#2881,#11734);
#11734 = DEFINITIONAL_REPRESENTATION('',(#11735),#11739);
#11735 = LINE('',#11736,#11737);
#11736 = CARTESIAN_POINT('',(4.712388980385,6.28318530718));
#11737 = VECTOR('',#11738,1.);
#11738 = DIRECTION('',(0.,-1.));
#11739 = ( GEOMETRIC_REPRESENTATION_CONTEXT(2) 
PARAMETRIC_REPRESENTATION_CONTEXT() REPRESENTATION_CONTEXT('2D SPACE',''
  ) );
#11740 = ORIENTED_EDGE('',*,*,#2893,.T.);
#11741 = ORIENTED_EDGE('',*,*,#11742,.T.);
#11742 = EDGE_CURVE('',#2692,#11697,#11743,.T.);
#11743 = SURFACE_CURVE('',#11744,(#11749,#11756),.PCURVE_S1.);
#11744 = CIRCLE('',#11745,1.);
#11745 = AXIS2_PLACEMENT_3D('',#11746,#11747,#11748);
#11746 = CARTESIAN_POINT('',(19.6,71.6,66.));
#11747 = DIRECTION('',(0.,1.,0.));
#11748 = DIRECTION('',(0.,-0.,1.));
#11749 = PCURVE('',#2907,#11750);
#11750 = DEFINITIONAL_REPRESENTATION('',(#11751),#11755);
#11751 = LINE('',#11752,#11753);
#11752 = CARTESIAN_POINT('',(7.853981633974,-71.6));
#11753 = VECTOR('',#11754,1.);
#11754 = DIRECTION('',(-1.,0.));
#11755 = ( GEOMETRIC_REPRESENTATION_CONTEXT(2) 
PARAMETRIC_REPRESENTATION_CONTEXT() REPRESENTATION_CONTEXT('2D SPACE',''
  ) );
#11756 = PCURVE('',#2710,#11757);
#11757 = DEFINITIONAL_REPRESENTATION('',(#11758),#11762);
#11758 = LINE('',#11759,#11760);
#11759 = CARTESIAN_POINT('',(4.712388980385,-3.14159265359));
#11760 = VECTOR('',#11761,1.);
#11761 = DIRECTION('',(0.,1.));
#11762 = ( GEOMETRIC_REPRESENTATION_CONTEXT(2) 
PARAMETRIC_REPRESENTATION_CONTEXT() REPRESENTATION_CONTEXT('2D SPACE',''
  ) );
#11763 = ADVANCED_FACE('',(#11764),#2881,.F.);
#11764 = FACE_BOUND('',#11765,.F.);
#11765 = EDGE_LOOP('',(#11766,#11790,#11791,#11792));
#11766 = ORIENTED_EDGE('',*,*,#11767,.F.);
#11767 = EDGE_CURVE('',#2837,#11768,#11770,.T.);
#11768 = VERTEX_POINT('',#11769);
#11769 = CARTESIAN_POINT('',(19.6,74.6,68.));
#11770 = SURFACE_CURVE('',#11771,(#11776,#11783),.PCURVE_S1.);
#11771 = CIRCLE('',#11772,1.);
#11772 = AXIS2_PLACEMENT_3D('',#11773,#11774,#11775);
#11773 = CARTESIAN_POINT('',(19.6,75.6,68.));
#11774 = DIRECTION('',(0.,0.,1.));
#11775 = DIRECTION('',(1.,0.,-0.));
#11776 = PCURVE('',#2881,#11777);
#11777 = DEFINITIONAL_REPRESENTATION('',(#11778),#11782);
#11778 = LINE('',#11779,#11780);
#11779 = CARTESIAN_POINT('',(3.14159265359,-1.570796326795));
#11780 = VECTOR('',#11781,1.);
#11781 = DIRECTION('',(0.,1.));
#11782 = ( GEOMETRIC_REPRESENTATION_CONTEXT(2) 
PARAMETRIC_REPRESENTATION_CONTEXT() REPRESENTATION_CONTEXT('2D SPACE',''
  ) );
#11783 = PCURVE('',#2852,#11784);
#11784 = DEFINITIONAL_REPRESENTATION('',(#11785),#11789);
#11785 = LINE('',#11786,#11787);
#11786 = CARTESIAN_POINT('',(9.424777960769,3.));
#11787 = VECTOR('',#11788,1.);
#11788 = DIRECTION('',(-1.,0.));
#11789 = ( GEOMETRIC_REPRESENTATION_CONTEXT(2) 
PARAMETRIC_REPRESENTATION_CONTEXT() REPRESENTATION_CONTEXT('2D SPACE',''
  ) );
#11790 = ORIENTED_EDGE('',*,*,#2864,.T.);
#11791 = ORIENTED_EDGE('',*,*,#11719,.F.);
#11792 = ORIENTED_EDGE('',*,*,#11793,.F.);
#11793 = EDGE_CURVE('',#11768,#11695,#11794,.T.);
#11794 = SURFACE_CURVE('',#11795,(#11800,#11807),.PCURVE_S1.);
#11795 = CIRCLE('',#11796,1.);
#11796 = AXIS2_PLACEMENT_3D('',#11797,#11798,#11799);
#11797 = CARTESIAN_POINT('',(19.6,73.6,68.));
#11798 = DIRECTION('',(-1.,6.115358904736E-17,0.));
#11799 = DIRECTION('',(-6.115358904736E-17,-1.,0.));
#11800 = PCURVE('',#2881,#11801);
#11801 = DEFINITIONAL_REPRESENTATION('',(#11802),#11806);
#11802 = LINE('',#11803,#11804);
#11803 = CARTESIAN_POINT('',(0.,3.14159265359));
#11804 = VECTOR('',#11805,1.);
#11805 = DIRECTION('',(1.,0.));
#11806 = ( GEOMETRIC_REPRESENTATION_CONTEXT(2) 
PARAMETRIC_REPRESENTATION_CONTEXT() REPRESENTATION_CONTEXT('2D SPACE',''
  ) );
#11807 = PCURVE('',#11808,#11813);
#11808 = SPHERICAL_SURFACE('',#11809,1.);
#11809 = AXIS2_PLACEMENT_3D('',#11810,#11811,#11812);
#11810 = CARTESIAN_POINT('',(19.6,73.6,68.));
#11811 = DIRECTION('',(0.,0.,-1.));
#11812 = DIRECTION('',(-1.,0.,0.));
#11813 = DEFINITIONAL_REPRESENTATION('',(#11814),#11840);
#11814 = B_SPLINE_CURVE_WITH_KNOTS('',3,(#11815,#11816,#11817,#11818,
    #11819,#11820,#11821,#11822,#11823,#11824,#11825,#11826,#11827,
    #11828,#11829,#11830,#11831,#11832,#11833,#11834,#11835,#11836,
    #11837,#11838,#11839),.UNSPECIFIED.,.F.,.F.,(4,1,1,1,1,1,1,1,1,1,1,1
    ,1,1,1,1,1,1,1,1,1,1,4),(3.14159265359,3.212992486626,3.284392319662
    ,3.355792152698,3.427191985734,3.49859181877,3.569991651807,
    3.641391484843,3.712791317879,3.784191150915,3.855590983951,
    3.926990816987,3.998390650023,4.06979048306,4.141190316096,
    4.212590149132,4.283989982168,4.355389815204,4.42678964824,
    4.498189481276,4.569589314312,4.640989147349,4.712388980385),
  .QUASI_UNIFORM_KNOTS.);
#11815 = CARTESIAN_POINT('',(1.570796326795,0.));
#11816 = CARTESIAN_POINT('',(1.570796326795,2.379994434538E-02));
#11817 = CARTESIAN_POINT('',(1.570796326795,7.139983303613E-02));
#11818 = CARTESIAN_POINT('',(1.570796326795,0.142799666072));
#11819 = CARTESIAN_POINT('',(1.570796326795,0.214199499108));
#11820 = CARTESIAN_POINT('',(1.570796326795,0.285599332145));
#11821 = CARTESIAN_POINT('',(1.570796326795,0.356999165181));
#11822 = CARTESIAN_POINT('',(1.570796326795,0.428398998217));
#11823 = CARTESIAN_POINT('',(1.570796326795,0.499798831253));
#11824 = CARTESIAN_POINT('',(1.570796326795,0.571198664289));
#11825 = CARTESIAN_POINT('',(1.570796326795,0.642598497325));
#11826 = CARTESIAN_POINT('',(1.570796326795,0.713998330361));
#11827 = CARTESIAN_POINT('',(1.570796326795,0.785398163397));
#11828 = CARTESIAN_POINT('',(1.570796326795,0.856797996434));
#11829 = CARTESIAN_POINT('',(1.570796326795,0.92819782947));
#11830 = CARTESIAN_POINT('',(1.570796326795,0.999597662506));
#11831 = CARTESIAN_POINT('',(1.570796326795,1.070997495542));
#11832 = CARTESIAN_POINT('',(1.570796326795,1.142397328578));
#11833 = CARTESIAN_POINT('',(1.570796326795,1.213797161614));
#11834 = CARTESIAN_POINT('',(1.570796326795,1.28519699465));
#11835 = CARTESIAN_POINT('',(1.570796326795,1.356596827686));
#11836 = CARTESIAN_POINT('',(1.570796326795,1.427996660723));
#11837 = CARTESIAN_POINT('',(1.570796326795,1.499396493759));
#11838 = CARTESIAN_POINT('',(1.570796326795,1.54699638245));
#11839 = CARTESIAN_POINT('',(1.570796326795,1.570796326795));
#11840 = ( GEOMETRIC_REPRESENTATION_CONTEXT(2) 
PARAMETRIC_REPRESENTATION_CONTEXT() REPRESENTATION_CONTEXT('2D SPACE',''
  ) );
#11841 = ADVANCED_FACE('',(#11842),#9187,.T.);
#11842 = FACE_BOUND('',#11843,.T.);
#11843 = EDGE_LOOP('',(#11844,#11893,#11894,#11938));
#11844 = ORIENTED_EDGE('',*,*,#11845,.F.);
#11845 = EDGE_CURVE('',#11697,#9146,#11846,.T.);
#11846 = SURFACE_CURVE('',#11847,(#11852,#11859),.PCURVE_S1.);
#11847 = CIRCLE('',#11848,1.);
#11848 = AXIS2_PLACEMENT_3D('',#11849,#11850,#11851);
#11849 = CARTESIAN_POINT('',(19.6,71.6,68.));
#11850 = DIRECTION('',(0.,-1.,0.));
#11851 = DIRECTION('',(0.,0.,-1.));
#11852 = PCURVE('',#9187,#11853);
#11853 = DEFINITIONAL_REPRESENTATION('',(#11854),#11858);
#11854 = LINE('',#11855,#11856);
#11855 = CARTESIAN_POINT('',(4.712388980385,1.));
#11856 = VECTOR('',#11857,1.);
#11857 = DIRECTION('',(1.,0.));
#11858 = ( GEOMETRIC_REPRESENTATION_CONTEXT(2) 
PARAMETRIC_REPRESENTATION_CONTEXT() REPRESENTATION_CONTEXT('2D SPACE',''
  ) );
#11859 = PCURVE('',#11860,#11865);
#11860 = SPHERICAL_SURFACE('',#11861,1.);
#11861 = AXIS2_PLACEMENT_3D('',#11862,#11863,#11864);
#11862 = CARTESIAN_POINT('',(19.6,71.6,68.));
#11863 = DIRECTION('',(0.,0.,-1.));
#11864 = DIRECTION('',(-1.,0.,0.));
#11865 = DEFINITIONAL_REPRESENTATION('',(#11866),#11892);
#11866 = B_SPLINE_CURVE_WITH_KNOTS('',3,(#11867,#11868,#11869,#11870,
    #11871,#11872,#11873,#11874,#11875,#11876,#11877,#11878,#11879,
    #11880,#11881,#11882,#11883,#11884,#11885,#11886,#11887,#11888,
    #11889,#11890,#11891),.UNSPECIFIED.,.F.,.F.,(4,1,1,1,1,1,1,1,1,1,1,1
    ,1,1,1,1,1,1,1,1,1,1,4),(0.,7.139983303613E-02,0.142799666072,
    0.214199499108,0.285599332145,0.356999165181,0.428398998217,
    0.499798831253,0.571198664289,0.642598497325,0.713998330361,
    0.785398163397,0.856797996434,0.92819782947,0.999597662506,
    1.070997495542,1.142397328578,1.213797161614,1.28519699465,
    1.356596827687,1.427996660723,1.499396493759,1.570796326795),
  .QUASI_UNIFORM_KNOTS.);
#11867 = CARTESIAN_POINT('',(3.14159265359,1.570796326795));
#11868 = CARTESIAN_POINT('',(3.14159265359,1.54699638245));
#11869 = CARTESIAN_POINT('',(3.14159265359,1.499396493759));
#11870 = CARTESIAN_POINT('',(3.14159265359,1.427996660723));
#11871 = CARTESIAN_POINT('',(3.14159265359,1.356596827687));
#11872 = CARTESIAN_POINT('',(3.14159265359,1.28519699465));
#11873 = CARTESIAN_POINT('',(3.14159265359,1.213797161614));
#11874 = CARTESIAN_POINT('',(3.14159265359,1.142397328578));
#11875 = CARTESIAN_POINT('',(3.14159265359,1.070997495542));
#11876 = CARTESIAN_POINT('',(3.14159265359,0.999597662506));
#11877 = CARTESIAN_POINT('',(3.14159265359,0.92819782947));
#11878 = CARTESIAN_POINT('',(3.14159265359,0.856797996434));
#11879 = CARTESIAN_POINT('',(3.14159265359,0.785398163397));
#11880 = CARTESIAN_POINT('',(3.14159265359,0.713998330361));
#11881 = CARTESIAN_POINT('',(3.14159265359,0.642598497325));
#11882 = CARTESIAN_POINT('',(3.14159265359,0.571198664289));
#11883 = CARTESIAN_POINT('',(3.14159265359,0.499798831253));
#11884 = CARTESIAN_POINT('',(3.14159265359,0.428398998217));
#11885 = CARTESIAN_POINT('',(3.14159265359,0.356999165181));
#11886 = CARTESIAN_POINT('',(3.14159265359,0.285599332145));
#11887 = CARTESIAN_POINT('',(3.14159265359,0.214199499108));
#11888 = CARTESIAN_POINT('',(3.14159265359,0.142799666072));
#11889 = CARTESIAN_POINT('',(3.14159265359,7.139983303613E-02));
#11890 = CARTESIAN_POINT('',(3.14159265359,2.379994434538E-02));
#11891 = CARTESIAN_POINT('',(3.14159265359,0.));
#11892 = ( GEOMETRIC_REPRESENTATION_CONTEXT(2) 
PARAMETRIC_REPRESENTATION_CONTEXT() REPRESENTATION_CONTEXT('2D SPACE',''
  ) );
#11893 = ORIENTED_EDGE('',*,*,#11694,.F.);
#11894 = ORIENTED_EDGE('',*,*,#11895,.F.);
#11895 = EDGE_CURVE('',#9083,#11695,#11896,.T.);
#11896 = SURFACE_CURVE('',#11897,(#11902,#11909),.PCURVE_S1.);
#11897 = CIRCLE('',#11898,1.);
#11898 = AXIS2_PLACEMENT_3D('',#11899,#11900,#11901);
#11899 = CARTESIAN_POINT('',(19.6,73.6,68.));
#11900 = DIRECTION('',(0.,1.,0.));
#11901 = DIRECTION('',(0.,-0.,1.));
#11902 = PCURVE('',#9187,#11903);
#11903 = DEFINITIONAL_REPRESENTATION('',(#11904),#11908);
#11904 = LINE('',#11905,#11906);
#11905 = CARTESIAN_POINT('',(7.853981633974,-1.));
#11906 = VECTOR('',#11907,1.);
#11907 = DIRECTION('',(-1.,0.));
#11908 = ( GEOMETRIC_REPRESENTATION_CONTEXT(2) 
PARAMETRIC_REPRESENTATION_CONTEXT() REPRESENTATION_CONTEXT('2D SPACE',''
  ) );
#11909 = PCURVE('',#11808,#11910);
#11910 = DEFINITIONAL_REPRESENTATION('',(#11911),#11937);
#11911 = B_SPLINE_CURVE_WITH_KNOTS('',3,(#11912,#11913,#11914,#11915,
    #11916,#11917,#11918,#11919,#11920,#11921,#11922,#11923,#11924,
    #11925,#11926,#11927,#11928,#11929,#11930,#11931,#11932,#11933,
    #11934,#11935,#11936),.UNSPECIFIED.,.F.,.F.,(4,1,1,1,1,1,1,1,1,1,1,1
    ,1,1,1,1,1,1,1,1,1,1,4),(1.570796326795,1.642196159831,
    1.713595992867,1.784995825903,1.856395658939,1.927795491976,
    1.999195325012,2.070595158048,2.141994991084,2.21339482412,
    2.284794657156,2.356194490192,2.427594323228,2.498994156265,
    2.570393989301,2.641793822337,2.713193655373,2.784593488409,
    2.855993321445,2.927393154481,2.998792987518,3.070192820554,
    3.14159265359),.QUASI_UNIFORM_KNOTS.);
#11912 = CARTESIAN_POINT('',(3.14159265359,0.));
#11913 = CARTESIAN_POINT('',(3.14159265359,2.379994434538E-02));
#11914 = CARTESIAN_POINT('',(3.14159265359,7.139983303613E-02));
#11915 = CARTESIAN_POINT('',(3.14159265359,0.142799666072));
#11916 = CARTESIAN_POINT('',(3.14159265359,0.214199499108));
#11917 = CARTESIAN_POINT('',(3.14159265359,0.285599332145));
#11918 = CARTESIAN_POINT('',(3.14159265359,0.356999165181));
#11919 = CARTESIAN_POINT('',(3.14159265359,0.428398998217));
#11920 = CARTESIAN_POINT('',(3.14159265359,0.499798831253));
#11921 = CARTESIAN_POINT('',(3.14159265359,0.571198664289));
#11922 = CARTESIAN_POINT('',(3.14159265359,0.642598497325));
#11923 = CARTESIAN_POINT('',(3.14159265359,0.713998330361));
#11924 = CARTESIAN_POINT('',(3.14159265359,0.785398163397));
#11925 = CARTESIAN_POINT('',(3.14159265359,0.856797996434));
#11926 = CARTESIAN_POINT('',(3.14159265359,0.92819782947));
#11927 = CARTESIAN_POINT('',(3.14159265359,0.999597662506));
#11928 = CARTESIAN_POINT('',(3.14159265359,1.070997495542));
#11929 = CARTESIAN_POINT('',(3.14159265359,1.142397328578));
#11930 = CARTESIAN_POINT('',(3.14159265359,1.213797161614));
#11931 = CARTESIAN_POINT('',(3.14159265359,1.28519699465));
#11932 = CARTESIAN_POINT('',(3.14159265359,1.356596827687));
#11933 = CARTESIAN_POINT('',(3.14159265359,1.427996660723));
#11934 = CARTESIAN_POINT('',(3.14159265359,1.499396493759));
#11935 = CARTESIAN_POINT('',(3.14159265359,1.54699638245));
#11936 = CARTESIAN_POINT('',(3.14159265359,1.570796326795));
#11937 = ( GEOMETRIC_REPRESENTATION_CONTEXT(2) 
PARAMETRIC_REPRESENTATION_CONTEXT() REPRESENTATION_CONTEXT('2D SPACE',''
  ) );
#11938 = ORIENTED_EDGE('',*,*,#9173,.T.);
#11939 = ADVANCED_FACE('',(#11940),#2710,.F.);
#11940 = FACE_BOUND('',#11941,.F.);
#11941 = EDGE_LOOP('',(#11942,#11943,#11967,#12011));
#11942 = ORIENTED_EDGE('',*,*,#2691,.T.);
#11943 = ORIENTED_EDGE('',*,*,#11944,.F.);
#11944 = EDGE_CURVE('',#11945,#2694,#11947,.T.);
#11945 = VERTEX_POINT('',#11946);
#11946 = CARTESIAN_POINT('',(19.6,70.6,68.));
#11947 = SURFACE_CURVE('',#11948,(#11953,#11960),.PCURVE_S1.);
#11948 = CIRCLE('',#11949,1.);
#11949 = AXIS2_PLACEMENT_3D('',#11950,#11951,#11952);
#11950 = CARTESIAN_POINT('',(19.6,69.6,68.));
#11951 = DIRECTION('',(0.,0.,1.));
#11952 = DIRECTION('',(1.,0.,-0.));
#11953 = PCURVE('',#2710,#11954);
#11954 = DEFINITIONAL_REPRESENTATION('',(#11955),#11959);
#11955 = LINE('',#11956,#11957);
#11956 = CARTESIAN_POINT('',(6.28318530718,4.712388980385));
#11957 = VECTOR('',#11958,1.);
#11958 = DIRECTION('',(0.,-1.));
#11959 = ( GEOMETRIC_REPRESENTATION_CONTEXT(2) 
PARAMETRIC_REPRESENTATION_CONTEXT() REPRESENTATION_CONTEXT('2D SPACE',''
  ) );
#11960 = PCURVE('',#2738,#11961);
#11961 = DEFINITIONAL_REPRESENTATION('',(#11962),#11966);
#11962 = LINE('',#11963,#11964);
#11963 = CARTESIAN_POINT('',(0.,63.));
#11964 = VECTOR('',#11965,1.);
#11965 = DIRECTION('',(1.,0.));
#11966 = ( GEOMETRIC_REPRESENTATION_CONTEXT(2) 
PARAMETRIC_REPRESENTATION_CONTEXT() REPRESENTATION_CONTEXT('2D SPACE',''
  ) );
#11967 = ORIENTED_EDGE('',*,*,#11968,.T.);
#11968 = EDGE_CURVE('',#11945,#11697,#11969,.T.);
#11969 = SURFACE_CURVE('',#11970,(#11975,#11982),.PCURVE_S1.);
#11970 = CIRCLE('',#11971,1.);
#11971 = AXIS2_PLACEMENT_3D('',#11972,#11973,#11974);
#11972 = CARTESIAN_POINT('',(19.6,71.6,68.));
#11973 = DIRECTION('',(1.,0.,0.));
#11974 = DIRECTION('',(0.,0.,-1.));
#11975 = PCURVE('',#2710,#11976);
#11976 = DEFINITIONAL_REPRESENTATION('',(#11977),#11981);
#11977 = LINE('',#11978,#11979);
#11978 = CARTESIAN_POINT('',(10.995574287564,3.14159265359));
#11979 = VECTOR('',#11980,1.);
#11980 = DIRECTION('',(-1.,0.));
#11981 = ( GEOMETRIC_REPRESENTATION_CONTEXT(2) 
PARAMETRIC_REPRESENTATION_CONTEXT() REPRESENTATION_CONTEXT('2D SPACE',''
  ) );
#11982 = PCURVE('',#11860,#11983);
#11983 = DEFINITIONAL_REPRESENTATION('',(#11984),#12010);
#11984 = B_SPLINE_CURVE_WITH_KNOTS('',3,(#11985,#11986,#11987,#11988,
    #11989,#11990,#11991,#11992,#11993,#11994,#11995,#11996,#11997,
    #11998,#11999,#12000,#12001,#12002,#12003,#12004,#12005,#12006,
    #12007,#12008,#12009),.UNSPECIFIED.,.F.,.F.,(4,1,1,1,1,1,1,1,1,1,1,1
    ,1,1,1,1,1,1,1,1,1,1,4),(4.712388980385,4.783788813421,
    4.855188646457,4.926588479493,4.997988312529,5.069388145565,
    5.140787978601,5.212187811638,5.283587644674,5.35498747771,
    5.426387310746,5.497787143782,5.569186976818,5.640586809854,
    5.711986642891,5.783386475927,5.854786308963,5.926186141999,
    5.997585975035,6.068985808071,6.140385641107,6.211785474143,
    6.28318530718),.QUASI_UNIFORM_KNOTS.);
#11985 = CARTESIAN_POINT('',(4.712388980385,0.));
#11986 = CARTESIAN_POINT('',(4.712388980385,2.379994434538E-02));
#11987 = CARTESIAN_POINT('',(4.712388980385,7.139983303613E-02));
#11988 = CARTESIAN_POINT('',(4.712388980385,0.142799666072));
#11989 = CARTESIAN_POINT('',(4.712388980385,0.214199499108));
#11990 = CARTESIAN_POINT('',(4.712388980385,0.285599332145));
#11991 = CARTESIAN_POINT('',(4.712388980385,0.356999165181));
#11992 = CARTESIAN_POINT('',(4.712388980385,0.428398998217));
#11993 = CARTESIAN_POINT('',(4.712388980385,0.499798831253));
#11994 = CARTESIAN_POINT('',(4.712388980385,0.571198664289));
#11995 = CARTESIAN_POINT('',(4.712388980385,0.642598497325));
#11996 = CARTESIAN_POINT('',(4.712388980385,0.713998330361));
#11997 = CARTESIAN_POINT('',(4.712388980385,0.785398163397));
#11998 = CARTESIAN_POINT('',(4.712388980385,0.856797996434));
#11999 = CARTESIAN_POINT('',(4.712388980385,0.92819782947));
#12000 = CARTESIAN_POINT('',(4.712388980385,0.999597662506));
#12001 = CARTESIAN_POINT('',(4.712388980385,1.070997495542));
#12002 = CARTESIAN_POINT('',(4.712388980385,1.142397328578));
#12003 = CARTESIAN_POINT('',(4.712388980385,1.213797161614));
#12004 = CARTESIAN_POINT('',(4.712388980385,1.28519699465));
#12005 = CARTESIAN_POINT('',(4.712388980385,1.356596827686));
#12006 = CARTESIAN_POINT('',(4.712388980385,1.427996660723));
#12007 = CARTESIAN_POINT('',(4.712388980385,1.499396493759));
#12008 = CARTESIAN_POINT('',(4.712388980385,1.54699638245));
#12009 = CARTESIAN_POINT('',(4.712388980385,1.570796326795));
#12010 = ( GEOMETRIC_REPRESENTATION_CONTEXT(2) 
PARAMETRIC_REPRESENTATION_CONTEXT() REPRESENTATION_CONTEXT('2D SPACE',''
  ) );
#12011 = ORIENTED_EDGE('',*,*,#11742,.F.);
#12012 = ADVANCED_FACE('',(#12013),#2852,.F.);
#12013 = FACE_BOUND('',#12014,.F.);
#12014 = EDGE_LOOP('',(#12015,#12038,#12060,#12061));
#12015 = ORIENTED_EDGE('',*,*,#12016,.T.);
#12016 = EDGE_CURVE('',#11768,#12017,#12019,.T.);
#12017 = VERTEX_POINT('',#12018);
#12018 = CARTESIAN_POINT('',(19.6,74.6,74.));
#12019 = SURFACE_CURVE('',#12020,(#12024,#12031),.PCURVE_S1.);
#12020 = LINE('',#12021,#12022);
#12021 = CARTESIAN_POINT('',(19.6,74.6,75.));
#12022 = VECTOR('',#12023,1.);
#12023 = DIRECTION('',(0.,0.,1.));
#12024 = PCURVE('',#2852,#12025);
#12025 = DEFINITIONAL_REPRESENTATION('',(#12026),#12030);
#12026 = LINE('',#12027,#12028);
#12027 = CARTESIAN_POINT('',(4.712388980385,-4.));
#12028 = VECTOR('',#12029,1.);
#12029 = DIRECTION('',(0.,-1.));
#12030 = ( GEOMETRIC_REPRESENTATION_CONTEXT(2) 
PARAMETRIC_REPRESENTATION_CONTEXT() REPRESENTATION_CONTEXT('2D SPACE',''
  ) );
#12031 = PCURVE('',#9105,#12032);
#12032 = DEFINITIONAL_REPRESENTATION('',(#12033),#12037);
#12033 = LINE('',#12034,#12035);
#12034 = CARTESIAN_POINT('',(1.570796326795,-32.5));
#12035 = VECTOR('',#12036,1.);
#12036 = DIRECTION('',(0.,-1.));
#12037 = ( GEOMETRIC_REPRESENTATION_CONTEXT(2) 
PARAMETRIC_REPRESENTATION_CONTEXT() REPRESENTATION_CONTEXT('2D SPACE',''
  ) );
#12038 = ORIENTED_EDGE('',*,*,#12039,.T.);
#12039 = EDGE_CURVE('',#12017,#2808,#12040,.T.);
#12040 = SURFACE_CURVE('',#12041,(#12046,#12053),.PCURVE_S1.);
#12041 = CIRCLE('',#12042,1.);
#12042 = AXIS2_PLACEMENT_3D('',#12043,#12044,#12045);
#12043 = CARTESIAN_POINT('',(19.6,75.6,74.));
#12044 = DIRECTION('',(0.,0.,-1.));
#12045 = DIRECTION('',(-1.,0.,0.));
#12046 = PCURVE('',#2852,#12047);
#12047 = DEFINITIONAL_REPRESENTATION('',(#12048),#12052);
#12048 = LINE('',#12049,#12050);
#12049 = CARTESIAN_POINT('',(0.,-3.));
#12050 = VECTOR('',#12051,1.);
#12051 = DIRECTION('',(1.,0.));
#12052 = ( GEOMETRIC_REPRESENTATION_CONTEXT(2) 
PARAMETRIC_REPRESENTATION_CONTEXT() REPRESENTATION_CONTEXT('2D SPACE',''
  ) );
#12053 = PCURVE('',#2824,#12054);
#12054 = DEFINITIONAL_REPRESENTATION('',(#12055),#12059);
#12055 = LINE('',#12056,#12057);
#12056 = CARTESIAN_POINT('',(3.14159265359,7.853981633974));
#12057 = VECTOR('',#12058,1.);
#12058 = DIRECTION('',(0.,-1.));
#12059 = ( GEOMETRIC_REPRESENTATION_CONTEXT(2) 
PARAMETRIC_REPRESENTATION_CONTEXT() REPRESENTATION_CONTEXT('2D SPACE',''
  ) );
#12060 = ORIENTED_EDGE('',*,*,#2836,.F.);
#12061 = ORIENTED_EDGE('',*,*,#11767,.T.);
#12062 = ADVANCED_FACE('',(#12063),#11808,.T.);
#12063 = FACE_BOUND('',#12064,.T.);
#12064 = EDGE_LOOP('',(#12065,#12066,#12067));
#12065 = ORIENTED_EDGE('',*,*,#11895,.T.);
#12066 = ORIENTED_EDGE('',*,*,#11793,.F.);
#12067 = ORIENTED_EDGE('',*,*,#12068,.T.);
#12068 = EDGE_CURVE('',#11768,#9083,#12069,.T.);
#12069 = SURFACE_CURVE('',#12070,(#12075,#12082),.PCURVE_S1.);
#12070 = CIRCLE('',#12071,1.);
#12071 = AXIS2_PLACEMENT_3D('',#12072,#12073,#12074);
#12072 = CARTESIAN_POINT('',(19.6,73.6,68.));
#12073 = DIRECTION('',(0.,0.,-1.));
#12074 = DIRECTION('',(-1.,0.,0.));
#12075 = PCURVE('',#11808,#12076);
#12076 = DEFINITIONAL_REPRESENTATION('',(#12077),#12081);
#12077 = LINE('',#12078,#12079);
#12078 = CARTESIAN_POINT('',(0.,0.));
#12079 = VECTOR('',#12080,1.);
#12080 = DIRECTION('',(1.,0.));
#12081 = ( GEOMETRIC_REPRESENTATION_CONTEXT(2) 
PARAMETRIC_REPRESENTATION_CONTEXT() REPRESENTATION_CONTEXT('2D SPACE',''
  ) );
#12082 = PCURVE('',#9105,#12083);
#12083 = DEFINITIONAL_REPRESENTATION('',(#12084),#12088);
#12084 = LINE('',#12085,#12086);
#12085 = CARTESIAN_POINT('',(0.,-25.5));
#12086 = VECTOR('',#12087,1.);
#12087 = DIRECTION('',(1.,0.));
#12088 = ( GEOMETRIC_REPRESENTATION_CONTEXT(2) 
PARAMETRIC_REPRESENTATION_CONTEXT() REPRESENTATION_CONTEXT('2D SPACE',''
  ) );
#12089 = ADVANCED_FACE('',(#12090),#11860,.T.);
#12090 = FACE_BOUND('',#12091,.T.);
#12091 = EDGE_LOOP('',(#12092,#12093,#12094));
#12092 = ORIENTED_EDGE('',*,*,#11968,.T.);
#12093 = ORIENTED_EDGE('',*,*,#11845,.T.);
#12094 = ORIENTED_EDGE('',*,*,#12095,.T.);
#12095 = EDGE_CURVE('',#9146,#11945,#12096,.T.);
#12096 = SURFACE_CURVE('',#12097,(#12102,#12109),.PCURVE_S1.);
#12097 = CIRCLE('',#12098,1.);
#12098 = AXIS2_PLACEMENT_3D('',#12099,#12100,#12101);
#12099 = CARTESIAN_POINT('',(19.6,71.6,68.));
#12100 = DIRECTION('',(0.,0.,-1.));
#12101 = DIRECTION('',(-1.,0.,0.));
#12102 = PCURVE('',#11860,#12103);
#12103 = DEFINITIONAL_REPRESENTATION('',(#12104),#12108);
#12104 = LINE('',#12105,#12106);
#12105 = CARTESIAN_POINT('',(0.,0.));
#12106 = VECTOR('',#12107,1.);
#12107 = DIRECTION('',(1.,0.));
#12108 = ( GEOMETRIC_REPRESENTATION_CONTEXT(2) 
PARAMETRIC_REPRESENTATION_CONTEXT() REPRESENTATION_CONTEXT('2D SPACE',''
  ) );
#12109 = PCURVE('',#9161,#12110);
#12110 = DEFINITIONAL_REPRESENTATION('',(#12111),#12115);
#12111 = LINE('',#12112,#12113);
#12112 = CARTESIAN_POINT('',(9.424777960769,-3.));
#12113 = VECTOR('',#12114,1.);
#12114 = DIRECTION('',(-1.,0.));
#12115 = ( GEOMETRIC_REPRESENTATION_CONTEXT(2) 
PARAMETRIC_REPRESENTATION_CONTEXT() REPRESENTATION_CONTEXT('2D SPACE',''
  ) );
#12116 = ADVANCED_FACE('',(#12117),#2738,.F.);
#12117 = FACE_BOUND('',#12118,.F.);
#12118 = EDGE_LOOP('',(#12119,#12142,#12143,#12144));
#12119 = ORIENTED_EDGE('',*,*,#12120,.F.);
#12120 = EDGE_CURVE('',#11945,#12121,#12123,.T.);
#12121 = VERTEX_POINT('',#12122);
#12122 = CARTESIAN_POINT('',(19.6,70.6,74.));
#12123 = SURFACE_CURVE('',#12124,(#12128,#12135),.PCURVE_S1.);
#12124 = LINE('',#12125,#12126);
#12125 = CARTESIAN_POINT('',(19.6,70.6,71.));
#12126 = VECTOR('',#12127,1.);
#12127 = DIRECTION('',(0.,0.,1.));
#12128 = PCURVE('',#2738,#12129);
#12129 = DEFINITIONAL_REPRESENTATION('',(#12130),#12134);
#12130 = LINE('',#12131,#12132);
#12131 = CARTESIAN_POINT('',(1.570796326795,66.));
#12132 = VECTOR('',#12133,1.);
#12133 = DIRECTION('',(0.,1.));
#12134 = ( GEOMETRIC_REPRESENTATION_CONTEXT(2) 
PARAMETRIC_REPRESENTATION_CONTEXT() REPRESENTATION_CONTEXT('2D SPACE',''
  ) );
#12135 = PCURVE('',#9161,#12136);
#12136 = DEFINITIONAL_REPRESENTATION('',(#12137),#12141);
#12137 = LINE('',#12138,#12139);
#12138 = CARTESIAN_POINT('',(4.712388980385,0.));
#12139 = VECTOR('',#12140,1.);
#12140 = DIRECTION('',(0.,1.));
#12141 = ( GEOMETRIC_REPRESENTATION_CONTEXT(2) 
PARAMETRIC_REPRESENTATION_CONTEXT() REPRESENTATION_CONTEXT('2D SPACE',''
  ) );
#12142 = ORIENTED_EDGE('',*,*,#11944,.T.);
#12143 = ORIENTED_EDGE('',*,*,#2722,.T.);
#12144 = ORIENTED_EDGE('',*,*,#12145,.T.);
#12145 = EDGE_CURVE('',#2723,#12121,#12146,.T.);
#12146 = SURFACE_CURVE('',#12147,(#12152,#12159),.PCURVE_S1.);
#12147 = CIRCLE('',#12148,1.);
#12148 = AXIS2_PLACEMENT_3D('',#12149,#12150,#12151);
#12149 = CARTESIAN_POINT('',(19.6,69.6,74.));
#12150 = DIRECTION('',(0.,0.,-1.));
#12151 = DIRECTION('',(-1.,0.,0.));
#12152 = PCURVE('',#2738,#12153);
#12153 = DEFINITIONAL_REPRESENTATION('',(#12154),#12158);
#12154 = LINE('',#12155,#12156);
#12155 = CARTESIAN_POINT('',(3.14159265359,69.));
#12156 = VECTOR('',#12157,1.);
#12157 = DIRECTION('',(-1.,0.));
#12158 = ( GEOMETRIC_REPRESENTATION_CONTEXT(2) 
PARAMETRIC_REPRESENTATION_CONTEXT() REPRESENTATION_CONTEXT('2D SPACE',''
  ) );
#12159 = PCURVE('',#2767,#12160);
#12160 = DEFINITIONAL_REPRESENTATION('',(#12161),#12165);
#12161 = LINE('',#12162,#12163);
#12162 = CARTESIAN_POINT('',(0.,1.570796326795));
#12163 = VECTOR('',#12164,1.);
#12164 = DIRECTION('',(0.,1.));
#12165 = ( GEOMETRIC_REPRESENTATION_CONTEXT(2) 
PARAMETRIC_REPRESENTATION_CONTEXT() REPRESENTATION_CONTEXT('2D SPACE',''
  ) );
#12166 = ADVANCED_FACE('',(#12167),#2767,.F.);
#12167 = FACE_BOUND('',#12168,.F.);
#12168 = EDGE_LOOP('',(#12169,#12193,#12242,#12243));
#12169 = ORIENTED_EDGE('',*,*,#12170,.F.);
#12170 = EDGE_CURVE('',#12171,#2751,#12173,.T.);
#12171 = VERTEX_POINT('',#12172);
#12172 = CARTESIAN_POINT('',(19.6,71.6,75.));
#12173 = SURFACE_CURVE('',#12174,(#12179,#12186),.PCURVE_S1.);
#12174 = CIRCLE('',#12175,1.);
#12175 = AXIS2_PLACEMENT_3D('',#12176,#12177,#12178);
#12176 = CARTESIAN_POINT('',(19.6,71.6,76.));
#12177 = DIRECTION('',(0.,1.,0.));
#12178 = DIRECTION('',(0.,-0.,1.));
#12179 = PCURVE('',#2767,#12180);
#12180 = DEFINITIONAL_REPRESENTATION('',(#12181),#12185);
#12181 = LINE('',#12182,#12183);
#12182 = CARTESIAN_POINT('',(1.570796326795,6.28318530718));
#12183 = VECTOR('',#12184,1.);
#12184 = DIRECTION('',(0.,-1.));
#12185 = ( GEOMETRIC_REPRESENTATION_CONTEXT(2) 
PARAMETRIC_REPRESENTATION_CONTEXT() REPRESENTATION_CONTEXT('2D SPACE',''
  ) );
#12186 = PCURVE('',#2795,#12187);
#12187 = DEFINITIONAL_REPRESENTATION('',(#12188),#12192);
#12188 = LINE('',#12189,#12190);
#12189 = CARTESIAN_POINT('',(1.570796326795,-1.));
#12190 = VECTOR('',#12191,1.);
#12191 = DIRECTION('',(1.,0.));
#12192 = ( GEOMETRIC_REPRESENTATION_CONTEXT(2) 
PARAMETRIC_REPRESENTATION_CONTEXT() REPRESENTATION_CONTEXT('2D SPACE',''
  ) );
#12193 = ORIENTED_EDGE('',*,*,#12194,.F.);
#12194 = EDGE_CURVE('',#12121,#12171,#12195,.T.);
#12195 = SURFACE_CURVE('',#12196,(#12201,#12208),.PCURVE_S1.);
#12196 = CIRCLE('',#12197,1.);
#12197 = AXIS2_PLACEMENT_3D('',#12198,#12199,#12200);
#12198 = CARTESIAN_POINT('',(19.6,71.6,74.));
#12199 = DIRECTION('',(-1.,6.115358904736E-17,0.));
#12200 = DIRECTION('',(-6.115358904736E-17,-1.,0.));
#12201 = PCURVE('',#2767,#12202);
#12202 = DEFINITIONAL_REPRESENTATION('',(#12203),#12207);
#12203 = LINE('',#12204,#12205);
#12204 = CARTESIAN_POINT('',(0.,3.14159265359));
#12205 = VECTOR('',#12206,1.);
#12206 = DIRECTION('',(1.,0.));
#12207 = ( GEOMETRIC_REPRESENTATION_CONTEXT(2) 
PARAMETRIC_REPRESENTATION_CONTEXT() REPRESENTATION_CONTEXT('2D SPACE',''
  ) );
#12208 = PCURVE('',#12209,#12214);
#12209 = SPHERICAL_SURFACE('',#12210,1.);
#12210 = AXIS2_PLACEMENT_3D('',#12211,#12212,#12213);
#12211 = CARTESIAN_POINT('',(19.6,71.6,74.));
#12212 = DIRECTION('',(0.,-1.,0.));
#12213 = DIRECTION('',(0.,0.,-1.));
#12214 = DEFINITIONAL_REPRESENTATION('',(#12215),#12241);
#12215 = B_SPLINE_CURVE_WITH_KNOTS('',3,(#12216,#12217,#12218,#12219,
    #12220,#12221,#12222,#12223,#12224,#12225,#12226,#12227,#12228,
    #12229,#12230,#12231,#12232,#12233,#12234,#12235,#12236,#12237,
    #12238,#12239,#12240),.UNSPECIFIED.,.F.,.F.,(4,1,1,1,1,1,1,1,1,1,1,1
    ,1,1,1,1,1,1,1,1,1,1,4),(0.,7.139983303613E-02,0.142799666072,
    0.214199499108,0.285599332145,0.356999165181,0.428398998217,
    0.499798831253,0.571198664289,0.642598497325,0.713998330361,
    0.785398163397,0.856797996434,0.92819782947,0.999597662506,
    1.070997495542,1.142397328578,1.213797161614,1.28519699465,
    1.356596827687,1.427996660723,1.499396493759,1.570796326795),
  .QUASI_UNIFORM_KNOTS.);
#12216 = CARTESIAN_POINT('',(3.14159265359,1.570796326795));
#12217 = CARTESIAN_POINT('',(3.14159265359,1.54699638245));
#12218 = CARTESIAN_POINT('',(3.14159265359,1.499396493759));
#12219 = CARTESIAN_POINT('',(3.14159265359,1.427996660723));
#12220 = CARTESIAN_POINT('',(3.14159265359,1.356596827687));
#12221 = CARTESIAN_POINT('',(3.14159265359,1.28519699465));
#12222 = CARTESIAN_POINT('',(3.14159265359,1.213797161614));
#12223 = CARTESIAN_POINT('',(3.14159265359,1.142397328578));
#12224 = CARTESIAN_POINT('',(3.14159265359,1.070997495542));
#12225 = CARTESIAN_POINT('',(3.14159265359,0.999597662506));
#12226 = CARTESIAN_POINT('',(3.14159265359,0.92819782947));
#12227 = CARTESIAN_POINT('',(3.14159265359,0.856797996434));
#12228 = CARTESIAN_POINT('',(3.14159265359,0.785398163397));
#12229 = CARTESIAN_POINT('',(3.14159265359,0.713998330361));
#12230 = CARTESIAN_POINT('',(3.14159265359,0.642598497325));
#12231 = CARTESIAN_POINT('',(3.14159265359,0.571198664289));
#12232 = CARTESIAN_POINT('',(3.14159265359,0.499798831253));
#12233 = CARTESIAN_POINT('',(3.14159265359,0.428398998217));
#12234 = CARTESIAN_POINT('',(3.14159265359,0.356999165181));
#12235 = CARTESIAN_POINT('',(3.14159265359,0.285599332145));
#12236 = CARTESIAN_POINT('',(3.14159265359,0.214199499108));
#12237 = CARTESIAN_POINT('',(3.14159265359,0.142799666072));
#12238 = CARTESIAN_POINT('',(3.14159265359,7.139983303613E-02));
#12239 = CARTESIAN_POINT('',(3.14159265359,2.379994434538E-02));
#12240 = CARTESIAN_POINT('',(3.14159265359,0.));
#12241 = ( GEOMETRIC_REPRESENTATION_CONTEXT(2) 
PARAMETRIC_REPRESENTATION_CONTEXT() REPRESENTATION_CONTEXT('2D SPACE',''
  ) );
#12242 = ORIENTED_EDGE('',*,*,#12145,.F.);
#12243 = ORIENTED_EDGE('',*,*,#2750,.T.);
#12244 = ADVANCED_FACE('',(#12245),#2824,.F.);
#12245 = FACE_BOUND('',#12246,.F.);
#12246 = EDGE_LOOP('',(#12247,#12271,#12272,#12273));
#12247 = ORIENTED_EDGE('',*,*,#12248,.F.);
#12248 = EDGE_CURVE('',#2780,#12249,#12251,.T.);
#12249 = VERTEX_POINT('',#12250);
#12250 = CARTESIAN_POINT('',(19.6,73.6,75.));
#12251 = SURFACE_CURVE('',#12252,(#12257,#12264),.PCURVE_S1.);
#12252 = CIRCLE('',#12253,1.);
#12253 = AXIS2_PLACEMENT_3D('',#12254,#12255,#12256);
#12254 = CARTESIAN_POINT('',(19.6,73.6,76.));
#12255 = DIRECTION('',(0.,-1.,0.));
#12256 = DIRECTION('',(0.,0.,-1.));
#12257 = PCURVE('',#2824,#12258);
#12258 = DEFINITIONAL_REPRESENTATION('',(#12259),#12263);
#12259 = LINE('',#12260,#12261);
#12260 = CARTESIAN_POINT('',(1.570796326795,-3.14159265359));
#12261 = VECTOR('',#12262,1.);
#12262 = DIRECTION('',(0.,1.));
#12263 = ( GEOMETRIC_REPRESENTATION_CONTEXT(2) 
PARAMETRIC_REPRESENTATION_CONTEXT() REPRESENTATION_CONTEXT('2D SPACE',''
  ) );
#12264 = PCURVE('',#2795,#12265);
#12265 = DEFINITIONAL_REPRESENTATION('',(#12266),#12270);
#12266 = LINE('',#12267,#12268);
#12267 = CARTESIAN_POINT('',(10.995574287564,1.));
#12268 = VECTOR('',#12269,1.);
#12269 = DIRECTION('',(-1.,0.));
#12270 = ( GEOMETRIC_REPRESENTATION_CONTEXT(2) 
PARAMETRIC_REPRESENTATION_CONTEXT() REPRESENTATION_CONTEXT('2D SPACE',''
  ) );
#12271 = ORIENTED_EDGE('',*,*,#2807,.T.);
#12272 = ORIENTED_EDGE('',*,*,#12039,.F.);
#12273 = ORIENTED_EDGE('',*,*,#12274,.F.);
#12274 = EDGE_CURVE('',#12249,#12017,#12275,.T.);
#12275 = SURFACE_CURVE('',#12276,(#12281,#12288),.PCURVE_S1.);
#12276 = CIRCLE('',#12277,1.);
#12277 = AXIS2_PLACEMENT_3D('',#12278,#12279,#12280);
#12278 = CARTESIAN_POINT('',(19.6,73.6,74.));
#12279 = DIRECTION('',(-1.,6.115358904736E-17,0.));
#12280 = DIRECTION('',(-6.115358904736E-17,-1.,0.));
#12281 = PCURVE('',#2824,#12282);
#12282 = DEFINITIONAL_REPRESENTATION('',(#12283),#12287);
#12283 = LINE('',#12284,#12285);
#12284 = CARTESIAN_POINT('',(0.,3.14159265359));
#12285 = VECTOR('',#12286,1.);
#12286 = DIRECTION('',(1.,0.));
#12287 = ( GEOMETRIC_REPRESENTATION_CONTEXT(2) 
PARAMETRIC_REPRESENTATION_CONTEXT() REPRESENTATION_CONTEXT('2D SPACE',''
  ) );
#12288 = PCURVE('',#12289,#12294);
#12289 = SPHERICAL_SURFACE('',#12290,1.);
#12290 = AXIS2_PLACEMENT_3D('',#12291,#12292,#12293);
#12291 = CARTESIAN_POINT('',(19.6,73.6,74.));
#12292 = DIRECTION('',(0.,1.,0.));
#12293 = DIRECTION('',(0.,-0.,1.));
#12294 = DEFINITIONAL_REPRESENTATION('',(#12295),#12299);
#12295 = LINE('',#12296,#12297);
#12296 = CARTESIAN_POINT('',(0.,-1.570796326795));
#12297 = VECTOR('',#12298,1.);
#12298 = DIRECTION('',(0.,1.));
#12299 = ( GEOMETRIC_REPRESENTATION_CONTEXT(2) 
PARAMETRIC_REPRESENTATION_CONTEXT() REPRESENTATION_CONTEXT('2D SPACE',''
  ) );
#12300 = ADVANCED_FACE('',(#12301),#9105,.T.);
#12301 = FACE_BOUND('',#12302,.T.);
#12302 = EDGE_LOOP('',(#12303,#12304,#12305,#12349));
#12303 = ORIENTED_EDGE('',*,*,#12068,.F.);
#12304 = ORIENTED_EDGE('',*,*,#12016,.T.);
#12305 = ORIENTED_EDGE('',*,*,#12306,.F.);
#12306 = EDGE_CURVE('',#9085,#12017,#12307,.T.);
#12307 = SURFACE_CURVE('',#12308,(#12313,#12320),.PCURVE_S1.);
#12308 = CIRCLE('',#12309,1.);
#12309 = AXIS2_PLACEMENT_3D('',#12310,#12311,#12312);
#12310 = CARTESIAN_POINT('',(19.6,73.6,74.));
#12311 = DIRECTION('',(0.,0.,1.));
#12312 = DIRECTION('',(1.,0.,-0.));
#12313 = PCURVE('',#9105,#12314);
#12314 = DEFINITIONAL_REPRESENTATION('',(#12315),#12319);
#12315 = LINE('',#12316,#12317);
#12316 = CARTESIAN_POINT('',(3.14159265359,-31.5));
#12317 = VECTOR('',#12318,1.);
#12318 = DIRECTION('',(-1.,0.));
#12319 = ( GEOMETRIC_REPRESENTATION_CONTEXT(2) 
PARAMETRIC_REPRESENTATION_CONTEXT() REPRESENTATION_CONTEXT('2D SPACE',''
  ) );
#12320 = PCURVE('',#12289,#12321);
#12321 = DEFINITIONAL_REPRESENTATION('',(#12322),#12348);
#12322 = B_SPLINE_CURVE_WITH_KNOTS('',3,(#12323,#12324,#12325,#12326,
    #12327,#12328,#12329,#12330,#12331,#12332,#12333,#12334,#12335,
    #12336,#12337,#12338,#12339,#12340,#12341,#12342,#12343,#12344,
    #12345,#12346,#12347),.UNSPECIFIED.,.F.,.F.,(4,1,1,1,1,1,1,1,1,1,1,1
    ,1,1,1,1,1,1,1,1,1,1,4),(0.,7.139983303613E-02,0.142799666072,
    0.214199499108,0.285599332145,0.356999165181,0.428398998217,
    0.499798831253,0.571198664289,0.642598497325,0.713998330361,
    0.785398163397,0.856797996434,0.92819782947,0.999597662506,
    1.070997495542,1.142397328578,1.213797161614,1.28519699465,
    1.356596827687,1.427996660723,1.499396493759,1.570796326795),
  .QUASI_UNIFORM_KNOTS.);
#12323 = CARTESIAN_POINT('',(1.570796326795,0.));
#12324 = CARTESIAN_POINT('',(1.570796326795,2.379994434538E-02));
#12325 = CARTESIAN_POINT('',(1.570796326795,7.139983303613E-02));
#12326 = CARTESIAN_POINT('',(1.570796326795,0.142799666072));
#12327 = CARTESIAN_POINT('',(1.570796326795,0.214199499108));
#12328 = CARTESIAN_POINT('',(1.570796326795,0.285599332145));
#12329 = CARTESIAN_POINT('',(1.570796326795,0.356999165181));
#12330 = CARTESIAN_POINT('',(1.570796326795,0.428398998217));
#12331 = CARTESIAN_POINT('',(1.570796326795,0.499798831253));
#12332 = CARTESIAN_POINT('',(1.570796326795,0.571198664289));
#12333 = CARTESIAN_POINT('',(1.570796326795,0.642598497325));
#12334 = CARTESIAN_POINT('',(1.570796326795,0.713998330361));
#12335 = CARTESIAN_POINT('',(1.570796326795,0.785398163397));
#12336 = CARTESIAN_POINT('',(1.570796326795,0.856797996434));
#12337 = CARTESIAN_POINT('',(1.570796326795,0.92819782947));
#12338 = CARTESIAN_POINT('',(1.570796326795,0.999597662506));
#12339 = CARTESIAN_POINT('',(1.570796326795,1.070997495542));
#12340 = CARTESIAN_POINT('',(1.570796326795,1.142397328578));
#12341 = CARTESIAN_POINT('',(1.570796326795,1.213797161614));
#12342 = CARTESIAN_POINT('',(1.570796326795,1.28519699465));
#12343 = CARTESIAN_POINT('',(1.570796326795,1.356596827687));
#12344 = CARTESIAN_POINT('',(1.570796326795,1.427996660723));
#12345 = CARTESIAN_POINT('',(1.570796326795,1.499396493759));
#12346 = CARTESIAN_POINT('',(1.570796326795,1.54699638245));
#12347 = CARTESIAN_POINT('',(1.570796326795,1.570796326795));
#12348 = ( GEOMETRIC_REPRESENTATION_CONTEXT(2) 
PARAMETRIC_REPRESENTATION_CONTEXT() REPRESENTATION_CONTEXT('2D SPACE',''
  ) );
#12349 = ORIENTED_EDGE('',*,*,#9082,.F.);
#12350 = ADVANCED_FACE('',(#12351),#9161,.T.);
#12351 = FACE_BOUND('',#12352,.T.);
#12352 = EDGE_LOOP('',(#12353,#12354,#12355,#12399));
#12353 = ORIENTED_EDGE('',*,*,#12095,.F.);
#12354 = ORIENTED_EDGE('',*,*,#9145,.T.);
#12355 = ORIENTED_EDGE('',*,*,#12356,.F.);
#12356 = EDGE_CURVE('',#12121,#9118,#12357,.T.);
#12357 = SURFACE_CURVE('',#12358,(#12363,#12370),.PCURVE_S1.);
#12358 = CIRCLE('',#12359,1.);
#12359 = AXIS2_PLACEMENT_3D('',#12360,#12361,#12362);
#12360 = CARTESIAN_POINT('',(19.6,71.6,74.));
#12361 = DIRECTION('',(0.,0.,1.));
#12362 = DIRECTION('',(1.,0.,-0.));
#12363 = PCURVE('',#9161,#12364);
#12364 = DEFINITIONAL_REPRESENTATION('',(#12365),#12369);
#12365 = LINE('',#12366,#12367);
#12366 = CARTESIAN_POINT('',(0.,3.));
#12367 = VECTOR('',#12368,1.);
#12368 = DIRECTION('',(1.,0.));
#12369 = ( GEOMETRIC_REPRESENTATION_CONTEXT(2) 
PARAMETRIC_REPRESENTATION_CONTEXT() REPRESENTATION_CONTEXT('2D SPACE',''
  ) );
#12370 = PCURVE('',#12209,#12371);
#12371 = DEFINITIONAL_REPRESENTATION('',(#12372),#12398);
#12372 = B_SPLINE_CURVE_WITH_KNOTS('',3,(#12373,#12374,#12375,#12376,
    #12377,#12378,#12379,#12380,#12381,#12382,#12383,#12384,#12385,
    #12386,#12387,#12388,#12389,#12390,#12391,#12392,#12393,#12394,
    #12395,#12396,#12397),.UNSPECIFIED.,.F.,.F.,(4,1,1,1,1,1,1,1,1,1,1,1
    ,1,1,1,1,1,1,1,1,1,1,4),(4.712388980385,4.783788813421,
    4.855188646457,4.926588479493,4.997988312529,5.069388145565,
    5.140787978601,5.212187811638,5.283587644674,5.35498747771,
    5.426387310746,5.497787143782,5.569186976818,5.640586809854,
    5.711986642891,5.783386475927,5.854786308963,5.926186141999,
    5.997585975035,6.068985808071,6.140385641107,6.211785474143,
    6.28318530718),.QUASI_UNIFORM_KNOTS.);
#12373 = CARTESIAN_POINT('',(1.570796326795,1.570796326795));
#12374 = CARTESIAN_POINT('',(1.570796326795,1.54699638245));
#12375 = CARTESIAN_POINT('',(1.570796326795,1.499396493759));
#12376 = CARTESIAN_POINT('',(1.570796326795,1.427996660723));
#12377 = CARTESIAN_POINT('',(1.570796326795,1.356596827687));
#12378 = CARTESIAN_POINT('',(1.570796326795,1.28519699465));
#12379 = CARTESIAN_POINT('',(1.570796326795,1.213797161614));
#12380 = CARTESIAN_POINT('',(1.570796326795,1.142397328578));
#12381 = CARTESIAN_POINT('',(1.570796326795,1.070997495542));
#12382 = CARTESIAN_POINT('',(1.570796326795,0.999597662506));
#12383 = CARTESIAN_POINT('',(1.570796326795,0.92819782947));
#12384 = CARTESIAN_POINT('',(1.570796326795,0.856797996434));
#12385 = CARTESIAN_POINT('',(1.570796326795,0.785398163397));
#12386 = CARTESIAN_POINT('',(1.570796326795,0.713998330361));
#12387 = CARTESIAN_POINT('',(1.570796326795,0.642598497325));
#12388 = CARTESIAN_POINT('',(1.570796326795,0.571198664289));
#12389 = CARTESIAN_POINT('',(1.570796326795,0.499798831253));
#12390 = CARTESIAN_POINT('',(1.570796326795,0.428398998217));
#12391 = CARTESIAN_POINT('',(1.570796326795,0.356999165181));
#12392 = CARTESIAN_POINT('',(1.570796326795,0.285599332145));
#12393 = CARTESIAN_POINT('',(1.570796326795,0.214199499108));
#12394 = CARTESIAN_POINT('',(1.570796326795,0.142799666072));
#12395 = CARTESIAN_POINT('',(1.570796326795,7.139983303613E-02));
#12396 = CARTESIAN_POINT('',(1.570796326795,2.379994434538E-02));
#12397 = CARTESIAN_POINT('',(1.570796326795,0.));
#12398 = ( GEOMETRIC_REPRESENTATION_CONTEXT(2) 
PARAMETRIC_REPRESENTATION_CONTEXT() REPRESENTATION_CONTEXT('2D SPACE',''
  ) );
#12399 = ORIENTED_EDGE('',*,*,#12120,.F.);
#12400 = ADVANCED_FACE('',(#12401),#2795,.F.);
#12401 = FACE_BOUND('',#12402,.F.);
#12402 = EDGE_LOOP('',(#12403,#12404,#12425,#12426));
#12403 = ORIENTED_EDGE('',*,*,#12248,.T.);
#12404 = ORIENTED_EDGE('',*,*,#12405,.T.);
#12405 = EDGE_CURVE('',#12249,#12171,#12406,.T.);
#12406 = SURFACE_CURVE('',#12407,(#12411,#12418),.PCURVE_S1.);
#12407 = LINE('',#12408,#12409);
#12408 = CARTESIAN_POINT('',(19.6,70.6,75.));
#12409 = VECTOR('',#12410,1.);
#12410 = DIRECTION('',(-6.115358904736E-17,-1.,0.));
#12411 = PCURVE('',#2795,#12412);
#12412 = DEFINITIONAL_REPRESENTATION('',(#12413),#12417);
#12413 = LINE('',#12414,#12415);
#12414 = CARTESIAN_POINT('',(4.712388980385,-2.));
#12415 = VECTOR('',#12416,1.);
#12416 = DIRECTION('',(0.,-1.));
#12417 = ( GEOMETRIC_REPRESENTATION_CONTEXT(2) 
PARAMETRIC_REPRESENTATION_CONTEXT() REPRESENTATION_CONTEXT('2D SPACE',''
  ) );
#12418 = PCURVE('',#9133,#12419);
#12419 = DEFINITIONAL_REPRESENTATION('',(#12420),#12424);
#12420 = LINE('',#12421,#12422);
#12421 = CARTESIAN_POINT('',(1.570796326795,70.6));
#12422 = VECTOR('',#12423,1.);
#12423 = DIRECTION('',(0.,-1.));
#12424 = ( GEOMETRIC_REPRESENTATION_CONTEXT(2) 
PARAMETRIC_REPRESENTATION_CONTEXT() REPRESENTATION_CONTEXT('2D SPACE',''
  ) );
#12425 = ORIENTED_EDGE('',*,*,#12170,.T.);
#12426 = ORIENTED_EDGE('',*,*,#2779,.F.);
#12427 = ADVANCED_FACE('',(#12428),#12289,.T.);
#12428 = FACE_BOUND('',#12429,.T.);
#12429 = EDGE_LOOP('',(#12430,#12431,#12432));
#12430 = ORIENTED_EDGE('',*,*,#12306,.T.);
#12431 = ORIENTED_EDGE('',*,*,#12274,.F.);
#12432 = ORIENTED_EDGE('',*,*,#12433,.T.);
#12433 = EDGE_CURVE('',#12249,#9085,#12434,.T.);
#12434 = SURFACE_CURVE('',#12435,(#12440,#12447),.PCURVE_S1.);
#12435 = CIRCLE('',#12436,1.);
#12436 = AXIS2_PLACEMENT_3D('',#12437,#12438,#12439);
#12437 = CARTESIAN_POINT('',(19.6,73.6,74.));
#12438 = DIRECTION('',(0.,1.,0.));
#12439 = DIRECTION('',(0.,-0.,1.));
#12440 = PCURVE('',#12289,#12441);
#12441 = DEFINITIONAL_REPRESENTATION('',(#12442),#12446);
#12442 = LINE('',#12443,#12444);
#12443 = CARTESIAN_POINT('',(0.,0.));
#12444 = VECTOR('',#12445,1.);
#12445 = DIRECTION('',(1.,0.));
#12446 = ( GEOMETRIC_REPRESENTATION_CONTEXT(2) 
PARAMETRIC_REPRESENTATION_CONTEXT() REPRESENTATION_CONTEXT('2D SPACE',''
  ) );
#12447 = PCURVE('',#9133,#12448);
#12448 = DEFINITIONAL_REPRESENTATION('',(#12449),#12453);
#12449 = LINE('',#12450,#12451);
#12450 = CARTESIAN_POINT('',(1.570796326795,73.6));
#12451 = VECTOR('',#12452,1.);
#12452 = DIRECTION('',(1.,0.));
#12453 = ( GEOMETRIC_REPRESENTATION_CONTEXT(2) 
PARAMETRIC_REPRESENTATION_CONTEXT() REPRESENTATION_CONTEXT('2D SPACE',''
  ) );
#12454 = ADVANCED_FACE('',(#12455),#12209,.T.);
#12455 = FACE_BOUND('',#12456,.T.);
#12456 = EDGE_LOOP('',(#12457,#12458,#12459));
#12457 = ORIENTED_EDGE('',*,*,#12194,.F.);
#12458 = ORIENTED_EDGE('',*,*,#12356,.T.);
#12459 = ORIENTED_EDGE('',*,*,#12460,.T.);
#12460 = EDGE_CURVE('',#9118,#12171,#12461,.T.);
#12461 = SURFACE_CURVE('',#12462,(#12467,#12474),.PCURVE_S1.);
#12462 = CIRCLE('',#12463,1.);
#12463 = AXIS2_PLACEMENT_3D('',#12464,#12465,#12466);
#12464 = CARTESIAN_POINT('',(19.6,71.6,74.));
#12465 = DIRECTION('',(0.,-1.,0.));
#12466 = DIRECTION('',(0.,0.,-1.));
#12467 = PCURVE('',#12209,#12468);
#12468 = DEFINITIONAL_REPRESENTATION('',(#12469),#12473);
#12469 = LINE('',#12470,#12471);
#12470 = CARTESIAN_POINT('',(0.,0.));
#12471 = VECTOR('',#12472,1.);
#12472 = DIRECTION('',(1.,0.));
#12473 = ( GEOMETRIC_REPRESENTATION_CONTEXT(2) 
PARAMETRIC_REPRESENTATION_CONTEXT() REPRESENTATION_CONTEXT('2D SPACE',''
  ) );
#12474 = PCURVE('',#9133,#12475);
#12475 = DEFINITIONAL_REPRESENTATION('',(#12476),#12480);
#12476 = LINE('',#12477,#12478);
#12477 = CARTESIAN_POINT('',(4.712388980385,71.6));
#12478 = VECTOR('',#12479,1.);
#12479 = DIRECTION('',(-1.,0.));
#12480 = ( GEOMETRIC_REPRESENTATION_CONTEXT(2) 
PARAMETRIC_REPRESENTATION_CONTEXT() REPRESENTATION_CONTEXT('2D SPACE',''
  ) );
#12481 = ADVANCED_FACE('',(#12482),#9133,.T.);
#12482 = FACE_BOUND('',#12483,.T.);
#12483 = EDGE_LOOP('',(#12484,#12485,#12486,#12487));
#12484 = ORIENTED_EDGE('',*,*,#12433,.F.);
#12485 = ORIENTED_EDGE('',*,*,#12405,.T.);
#12486 = ORIENTED_EDGE('',*,*,#12460,.F.);
#12487 = ORIENTED_EDGE('',*,*,#9117,.F.);
#12488 = ADVANCED_FACE('',(#12489),#7763,.F.);
#12489 = FACE_BOUND('',#12490,.T.);
#12490 = EDGE_LOOP('',(#12491,#12512,#12513,#12514,#12515));
#12491 = ORIENTED_EDGE('',*,*,#12492,.F.);
#12492 = EDGE_CURVE('',#7748,#1759,#12493,.T.);
#12493 = SURFACE_CURVE('',#12494,(#12498,#12505),.PCURVE_S1.);
#12494 = LINE('',#12495,#12496);
#12495 = CARTESIAN_POINT('',(-18.6,-56.6,39.5));
#12496 = VECTOR('',#12497,1.);
#12497 = DIRECTION('',(0.,0.,-1.));
#12498 = PCURVE('',#7763,#12499);
#12499 = DEFINITIONAL_REPRESENTATION('',(#12500),#12504);
#12500 = LINE('',#12501,#12502);
#12501 = CARTESIAN_POINT('',(56.6,-3.));
#12502 = VECTOR('',#12503,1.);
#12503 = DIRECTION('',(-0.,-1.));
#12504 = ( GEOMETRIC_REPRESENTATION_CONTEXT(2) 
PARAMETRIC_REPRESENTATION_CONTEXT() REPRESENTATION_CONTEXT('2D SPACE',''
  ) );
#12505 = PCURVE('',#1774,#12506);
#12506 = DEFINITIONAL_REPRESENTATION('',(#12507),#12511);
#12507 = LINE('',#12508,#12509);
#12508 = CARTESIAN_POINT('',(3.,0.));
#12509 = VECTOR('',#12510,1.);
#12510 = DIRECTION('',(0.,-1.));
#12511 = ( GEOMETRIC_REPRESENTATION_CONTEXT(2) 
PARAMETRIC_REPRESENTATION_CONTEXT() REPRESENTATION_CONTEXT('2D SPACE',''
  ) );
#12512 = ORIENTED_EDGE('',*,*,#7747,.T.);
#12513 = ORIENTED_EDGE('',*,*,#7869,.F.);
#12514 = ORIENTED_EDGE('',*,*,#7974,.F.);
#12515 = ORIENTED_EDGE('',*,*,#7917,.F.);
#12516 = ADVANCED_FACE('',(#12517),#1774,.F.);
#12517 = FACE_BOUND('',#12518,.T.);
#12518 = EDGE_LOOP('',(#12519,#12520,#12541,#12542,#12543,#12544,#12567)
  );
#12519 = ORIENTED_EDGE('',*,*,#5820,.T.);
#12520 = ORIENTED_EDGE('',*,*,#12521,.T.);
#12521 = EDGE_CURVE('',#5797,#7776,#12522,.T.);
#12522 = SURFACE_CURVE('',#12523,(#12527,#12534),.PCURVE_S1.);
#12523 = LINE('',#12524,#12525);
#12524 = CARTESIAN_POINT('',(-19.6,-56.6,39.5));
#12525 = VECTOR('',#12526,1.);
#12526 = DIRECTION('',(0.,0.,-1.));
#12527 = PCURVE('',#1774,#12528);
#12528 = DEFINITIONAL_REPRESENTATION('',(#12529),#12533);
#12529 = LINE('',#12530,#12531);
#12530 = CARTESIAN_POINT('',(2.,0.));
#12531 = VECTOR('',#12532,1.);
#12532 = DIRECTION('',(0.,-1.));
#12533 = ( GEOMETRIC_REPRESENTATION_CONTEXT(2) 
PARAMETRIC_REPRESENTATION_CONTEXT() REPRESENTATION_CONTEXT('2D SPACE',''
  ) );
#12534 = PCURVE('',#1885,#12535);
#12535 = DEFINITIONAL_REPRESENTATION('',(#12536),#12540);
#12536 = LINE('',#12537,#12538);
#12537 = CARTESIAN_POINT('',(4.712388980385,0.));
#12538 = VECTOR('',#12539,1.);
#12539 = DIRECTION('',(0.,1.));
#12540 = ( GEOMETRIC_REPRESENTATION_CONTEXT(2) 
PARAMETRIC_REPRESENTATION_CONTEXT() REPRESENTATION_CONTEXT('2D SPACE',''
  ) );
#12541 = ORIENTED_EDGE('',*,*,#7775,.T.);
#12542 = ORIENTED_EDGE('',*,*,#12492,.T.);
#12543 = ORIENTED_EDGE('',*,*,#1758,.T.);
#12544 = ORIENTED_EDGE('',*,*,#12545,.F.);
#12545 = EDGE_CURVE('',#12546,#1730,#12548,.T.);
#12546 = VERTEX_POINT('',#12547);
#12547 = CARTESIAN_POINT('',(-21.6,-56.6,8.));
#12548 = SURFACE_CURVE('',#12549,(#12553,#12560),.PCURVE_S1.);
#12549 = LINE('',#12550,#12551);
#12550 = CARTESIAN_POINT('',(-21.6,-56.6,8.));
#12551 = VECTOR('',#12552,1.);
#12552 = DIRECTION('',(1.,-6.115358904736E-17,0.));
#12553 = PCURVE('',#1774,#12554);
#12554 = DEFINITIONAL_REPRESENTATION('',(#12555),#12559);
#12555 = LINE('',#12556,#12557);
#12556 = CARTESIAN_POINT('',(0.,-31.5));
#12557 = VECTOR('',#12558,1.);
#12558 = DIRECTION('',(1.,0.));
#12559 = ( GEOMETRIC_REPRESENTATION_CONTEXT(2) 
PARAMETRIC_REPRESENTATION_CONTEXT() REPRESENTATION_CONTEXT('2D SPACE',''
  ) );
#12560 = PCURVE('',#1746,#12561);
#12561 = DEFINITIONAL_REPRESENTATION('',(#12562),#12566);
#12562 = LINE('',#12563,#12564);
#12563 = CARTESIAN_POINT('',(6.28318530718,0.));
#12564 = VECTOR('',#12565,1.);
#12565 = DIRECTION('',(0.,1.));
#12566 = ( GEOMETRIC_REPRESENTATION_CONTEXT(2) 
PARAMETRIC_REPRESENTATION_CONTEXT() REPRESENTATION_CONTEXT('2D SPACE',''
  ) );
#12567 = ORIENTED_EDGE('',*,*,#12568,.F.);
#12568 = EDGE_CURVE('',#5821,#12546,#12569,.T.);
#12569 = SURFACE_CURVE('',#12570,(#12574,#12581),.PCURVE_S1.);
#12570 = LINE('',#12571,#12572);
#12571 = CARTESIAN_POINT('',(-21.6,-56.6,39.5));
#12572 = VECTOR('',#12573,1.);
#12573 = DIRECTION('',(0.,0.,-1.));
#12574 = PCURVE('',#1774,#12575);
#12575 = DEFINITIONAL_REPRESENTATION('',(#12576),#12580);
#12576 = LINE('',#12577,#12578);
#12577 = CARTESIAN_POINT('',(0.,0.));
#12578 = VECTOR('',#12579,1.);
#12579 = DIRECTION('',(0.,-1.));
#12580 = ( GEOMETRIC_REPRESENTATION_CONTEXT(2) 
PARAMETRIC_REPRESENTATION_CONTEXT() REPRESENTATION_CONTEXT('2D SPACE',''
  ) );
#12581 = PCURVE('',#5859,#12582);
#12582 = DEFINITIONAL_REPRESENTATION('',(#12583),#12587);
#12583 = LINE('',#12584,#12585);
#12584 = CARTESIAN_POINT('',(56.6,-3.));
#12585 = VECTOR('',#12586,1.);
#12586 = DIRECTION('',(-0.,-1.));
#12587 = ( GEOMETRIC_REPRESENTATION_CONTEXT(2) 
PARAMETRIC_REPRESENTATION_CONTEXT() REPRESENTATION_CONTEXT('2D SPACE',''
  ) );
#12588 = ADVANCED_FACE('',(#12589),#1746,.T.);
#12589 = FACE_BOUND('',#12590,.T.);
#12590 = EDGE_LOOP('',(#12591,#12592,#12593,#12616,#12638));
#12591 = ORIENTED_EDGE('',*,*,#1729,.T.);
#12592 = ORIENTED_EDGE('',*,*,#2140,.T.);
#12593 = ORIENTED_EDGE('',*,*,#12594,.F.);
#12594 = EDGE_CURVE('',#12595,#2113,#12597,.T.);
#12595 = VERTEX_POINT('',#12596);
#12596 = CARTESIAN_POINT('',(-21.6,-72.6,8.));
#12597 = SURFACE_CURVE('',#12598,(#12602,#12609),.PCURVE_S1.);
#12598 = LINE('',#12599,#12600);
#12599 = CARTESIAN_POINT('',(-21.6,-72.6,8.));
#12600 = VECTOR('',#12601,1.);
#12601 = DIRECTION('',(1.,-6.115358904736E-17,0.));
#12602 = PCURVE('',#1746,#12603);
#12603 = DEFINITIONAL_REPRESENTATION('',(#12604),#12608);
#12604 = LINE('',#12605,#12606);
#12605 = CARTESIAN_POINT('',(3.14159265359,0.));
#12606 = VECTOR('',#12607,1.);
#12607 = DIRECTION('',(0.,1.));
#12608 = ( GEOMETRIC_REPRESENTATION_CONTEXT(2) 
PARAMETRIC_REPRESENTATION_CONTEXT() REPRESENTATION_CONTEXT('2D SPACE',''
  ) );
#12609 = PCURVE('',#2128,#12610);
#12610 = DEFINITIONAL_REPRESENTATION('',(#12611),#12615);
#12611 = LINE('',#12612,#12613);
#12612 = CARTESIAN_POINT('',(0.,-31.5));
#12613 = VECTOR('',#12614,1.);
#12614 = DIRECTION('',(1.,0.));
#12615 = ( GEOMETRIC_REPRESENTATION_CONTEXT(2) 
PARAMETRIC_REPRESENTATION_CONTEXT() REPRESENTATION_CONTEXT('2D SPACE',''
  ) );
#12616 = ORIENTED_EDGE('',*,*,#12617,.F.);
#12617 = EDGE_CURVE('',#12546,#12595,#12618,.T.);
#12618 = SURFACE_CURVE('',#12619,(#12624,#12631),.PCURVE_S1.);
#12619 = CIRCLE('',#12620,8.);
#12620 = AXIS2_PLACEMENT_3D('',#12621,#12622,#12623);
#12621 = CARTESIAN_POINT('',(-21.6,-64.6,8.));
#12622 = DIRECTION('',(-1.,6.115358904736E-17,0.));
#12623 = DIRECTION('',(-6.115358904736E-17,-1.,0.));
#12624 = PCURVE('',#1746,#12625);
#12625 = DEFINITIONAL_REPRESENTATION('',(#12626),#12630);
#12626 = LINE('',#12627,#12628);
#12627 = CARTESIAN_POINT('',(9.424777960769,0.));
#12628 = VECTOR('',#12629,1.);
#12629 = DIRECTION('',(-1.,0.));
#12630 = ( GEOMETRIC_REPRESENTATION_CONTEXT(2) 
PARAMETRIC_REPRESENTATION_CONTEXT() REPRESENTATION_CONTEXT('2D SPACE',''
  ) );
#12631 = PCURVE('',#5859,#12632);
#12632 = DEFINITIONAL_REPRESENTATION('',(#12633),#12637);
#12633 = CIRCLE('',#12634,8.);
#12634 = AXIS2_PLACEMENT_2D('',#12635,#12636);
#12635 = CARTESIAN_POINT('',(64.6,-34.5));
#12636 = DIRECTION('',(1.,0.));
#12637 = ( GEOMETRIC_REPRESENTATION_CONTEXT(2) 
PARAMETRIC_REPRESENTATION_CONTEXT() REPRESENTATION_CONTEXT('2D SPACE',''
  ) );
#12638 = ORIENTED_EDGE('',*,*,#12545,.T.);
#12639 = ADVANCED_FACE('',(#12640),#2128,.T.);
#12640 = FACE_BOUND('',#12641,.T.);
#12641 = EDGE_LOOP('',(#12642,#12643,#12644,#12665));
#12642 = ORIENTED_EDGE('',*,*,#2112,.F.);
#12643 = ORIENTED_EDGE('',*,*,#5980,.F.);
#12644 = ORIENTED_EDGE('',*,*,#12645,.T.);
#12645 = EDGE_CURVE('',#5958,#12595,#12646,.T.);
#12646 = SURFACE_CURVE('',#12647,(#12651,#12658),.PCURVE_S1.);
#12647 = LINE('',#12648,#12649);
#12648 = CARTESIAN_POINT('',(-21.6,-72.6,39.5));
#12649 = VECTOR('',#12650,1.);
#12650 = DIRECTION('',(0.,0.,-1.));
#12651 = PCURVE('',#2128,#12652);
#12652 = DEFINITIONAL_REPRESENTATION('',(#12653),#12657);
#12653 = LINE('',#12654,#12655);
#12654 = CARTESIAN_POINT('',(0.,0.));
#12655 = VECTOR('',#12656,1.);
#12656 = DIRECTION('',(0.,-1.));
#12657 = ( GEOMETRIC_REPRESENTATION_CONTEXT(2) 
PARAMETRIC_REPRESENTATION_CONTEXT() REPRESENTATION_CONTEXT('2D SPACE',''
  ) );
#12658 = PCURVE('',#5859,#12659);
#12659 = DEFINITIONAL_REPRESENTATION('',(#12660),#12664);
#12660 = LINE('',#12661,#12662);
#12661 = CARTESIAN_POINT('',(72.6,-3.));
#12662 = VECTOR('',#12663,1.);
#12663 = DIRECTION('',(-0.,-1.));
#12664 = ( GEOMETRIC_REPRESENTATION_CONTEXT(2) 
PARAMETRIC_REPRESENTATION_CONTEXT() REPRESENTATION_CONTEXT('2D SPACE',''
  ) );
#12665 = ORIENTED_EDGE('',*,*,#12594,.T.);
#12666 = ADVANCED_FACE('',(#12667),#5859,.T.);
#12667 = FACE_BOUND('',#12668,.T.);
#12668 = EDGE_LOOP('',(#12669,#12670,#12693,#12722,#12743,#12744,#12745,
    #12746));
#12669 = ORIENTED_EDGE('',*,*,#5957,.T.);
#12670 = ORIENTED_EDGE('',*,*,#12671,.F.);
#12671 = EDGE_CURVE('',#12672,#5929,#12674,.T.);
#12672 = VERTEX_POINT('',#12673);
#12673 = CARTESIAN_POINT('',(-21.6,-68.6,8.));
#12674 = SURFACE_CURVE('',#12675,(#12679,#12686),.PCURVE_S1.);
#12675 = LINE('',#12676,#12677);
#12676 = CARTESIAN_POINT('',(-21.6,-68.6,42.5));
#12677 = VECTOR('',#12678,1.);
#12678 = DIRECTION('',(0.,0.,1.));
#12679 = PCURVE('',#5859,#12680);
#12680 = DEFINITIONAL_REPRESENTATION('',(#12681),#12685);
#12681 = LINE('',#12682,#12683);
#12682 = CARTESIAN_POINT('',(68.6,0.));
#12683 = VECTOR('',#12684,1.);
#12684 = DIRECTION('',(0.,1.));
#12685 = ( GEOMETRIC_REPRESENTATION_CONTEXT(2) 
PARAMETRIC_REPRESENTATION_CONTEXT() REPRESENTATION_CONTEXT('2D SPACE',''
  ) );
#12686 = PCURVE('',#5945,#12687);
#12687 = DEFINITIONAL_REPRESENTATION('',(#12688),#12692);
#12688 = LINE('',#12689,#12690);
#12689 = CARTESIAN_POINT('',(3.14159265359,-35.5));
#12690 = VECTOR('',#12691,1.);
#12691 = DIRECTION('',(0.,1.));
#12692 = ( GEOMETRIC_REPRESENTATION_CONTEXT(2) 
PARAMETRIC_REPRESENTATION_CONTEXT() REPRESENTATION_CONTEXT('2D SPACE',''
  ) );
#12693 = ORIENTED_EDGE('',*,*,#12694,.F.);
#12694 = EDGE_CURVE('',#12695,#12672,#12697,.T.);
#12695 = VERTEX_POINT('',#12696);
#12696 = CARTESIAN_POINT('',(-21.6,-60.6,8.));
#12697 = SURFACE_CURVE('',#12698,(#12703,#12710),.PCURVE_S1.);
#12698 = CIRCLE('',#12699,4.);
#12699 = AXIS2_PLACEMENT_3D('',#12700,#12701,#12702);
#12700 = CARTESIAN_POINT('',(-21.6,-64.6,8.));
#12701 = DIRECTION('',(-1.,6.115358904736E-17,0.));
#12702 = DIRECTION('',(-6.115358904736E-17,-1.,0.));
#12703 = PCURVE('',#5859,#12704);
#12704 = DEFINITIONAL_REPRESENTATION('',(#12705),#12709);
#12705 = CIRCLE('',#12706,4.);
#12706 = AXIS2_PLACEMENT_2D('',#12707,#12708);
#12707 = CARTESIAN_POINT('',(64.6,-34.5));
#12708 = DIRECTION('',(1.,0.));
#12709 = ( GEOMETRIC_REPRESENTATION_CONTEXT(2) 
PARAMETRIC_REPRESENTATION_CONTEXT() REPRESENTATION_CONTEXT('2D SPACE',''
  ) );
#12710 = PCURVE('',#12711,#12716);
#12711 = TOROIDAL_SURFACE('',#12712,4.,1.);
#12712 = AXIS2_PLACEMENT_3D('',#12713,#12714,#12715);
#12713 = CARTESIAN_POINT('',(-20.6,-64.6,8.));
#12714 = DIRECTION('',(-1.,6.115358904736E-17,0.));
#12715 = DIRECTION('',(-6.115358904736E-17,-1.,0.));
#12716 = DEFINITIONAL_REPRESENTATION('',(#12717),#12721);
#12717 = LINE('',#12718,#12719);
#12718 = CARTESIAN_POINT('',(0.,1.570796326795));
#12719 = VECTOR('',#12720,1.);
#12720 = DIRECTION('',(1.,0.));
#12721 = ( GEOMETRIC_REPRESENTATION_CONTEXT(2) 
PARAMETRIC_REPRESENTATION_CONTEXT() REPRESENTATION_CONTEXT('2D SPACE',''
  ) );
#12722 = ORIENTED_EDGE('',*,*,#12723,.F.);
#12723 = EDGE_CURVE('',#5844,#12695,#12724,.T.);
#12724 = SURFACE_CURVE('',#12725,(#12729,#12736),.PCURVE_S1.);
#12725 = LINE('',#12726,#12727);
#12726 = CARTESIAN_POINT('',(-21.6,-60.6,42.5));
#12727 = VECTOR('',#12728,1.);
#12728 = DIRECTION('',(0.,0.,-1.));
#12729 = PCURVE('',#5859,#12730);
#12730 = DEFINITIONAL_REPRESENTATION('',(#12731),#12735);
#12731 = LINE('',#12732,#12733);
#12732 = CARTESIAN_POINT('',(60.6,0.));
#12733 = VECTOR('',#12734,1.);
#12734 = DIRECTION('',(-0.,-1.));
#12735 = ( GEOMETRIC_REPRESENTATION_CONTEXT(2) 
PARAMETRIC_REPRESENTATION_CONTEXT() REPRESENTATION_CONTEXT('2D SPACE',''
  ) );
#12736 = PCURVE('',#5888,#12737);
#12737 = DEFINITIONAL_REPRESENTATION('',(#12738),#12742);
#12738 = LINE('',#12739,#12740);
#12739 = CARTESIAN_POINT('',(6.28318530718,-3.));
#12740 = VECTOR('',#12741,1.);
#12741 = DIRECTION('',(0.,1.));
#12742 = ( GEOMETRIC_REPRESENTATION_CONTEXT(2) 
PARAMETRIC_REPRESENTATION_CONTEXT() REPRESENTATION_CONTEXT('2D SPACE',''
  ) );
#12743 = ORIENTED_EDGE('',*,*,#5843,.T.);
#12744 = ORIENTED_EDGE('',*,*,#12568,.T.);
#12745 = ORIENTED_EDGE('',*,*,#12617,.T.);
#12746 = ORIENTED_EDGE('',*,*,#12645,.F.);
#12747 = ADVANCED_FACE('',(#12748),#5916,.T.);
#12748 = FACE_BOUND('',#12749,.T.);
#12749 = EDGE_LOOP('',(#12750,#12773,#12797,#12818));
#12750 = ORIENTED_EDGE('',*,*,#12751,.F.);
#12751 = EDGE_CURVE('',#12752,#5872,#12754,.T.);
#12752 = VERTEX_POINT('',#12753);
#12753 = CARTESIAN_POINT('',(-20.6,-61.6,8.));
#12754 = SURFACE_CURVE('',#12755,(#12759,#12766),.PCURVE_S1.);
#12755 = LINE('',#12756,#12757);
#12756 = CARTESIAN_POINT('',(-20.6,-61.6,78.));
#12757 = VECTOR('',#12758,1.);
#12758 = DIRECTION('',(0.,0.,1.));
#12759 = PCURVE('',#5916,#12760);
#12760 = DEFINITIONAL_REPRESENTATION('',(#12761),#12765);
#12761 = LINE('',#12762,#12763);
#12762 = CARTESIAN_POINT('',(61.6,35.5));
#12763 = VECTOR('',#12764,1.);
#12764 = DIRECTION('',(0.,1.));
#12765 = ( GEOMETRIC_REPRESENTATION_CONTEXT(2) 
PARAMETRIC_REPRESENTATION_CONTEXT() REPRESENTATION_CONTEXT('2D SPACE',''
  ) );
#12766 = PCURVE('',#5888,#12767);
#12767 = DEFINITIONAL_REPRESENTATION('',(#12768),#12772);
#12768 = LINE('',#12769,#12770);
#12769 = CARTESIAN_POINT('',(4.712388980385,-38.5));
#12770 = VECTOR('',#12771,1.);
#12771 = DIRECTION('',(0.,-1.));
#12772 = ( GEOMETRIC_REPRESENTATION_CONTEXT(2) 
PARAMETRIC_REPRESENTATION_CONTEXT() REPRESENTATION_CONTEXT('2D SPACE',''
  ) );
#12773 = ORIENTED_EDGE('',*,*,#12774,.T.);
#12774 = EDGE_CURVE('',#12752,#12775,#12777,.T.);
#12775 = VERTEX_POINT('',#12776);
#12776 = CARTESIAN_POINT('',(-20.6,-67.6,8.));
#12777 = SURFACE_CURVE('',#12778,(#12783,#12790),.PCURVE_S1.);
#12778 = CIRCLE('',#12779,3.);
#12779 = AXIS2_PLACEMENT_3D('',#12780,#12781,#12782);
#12780 = CARTESIAN_POINT('',(-20.6,-64.6,8.));
#12781 = DIRECTION('',(-1.,6.115358904736E-17,0.));
#12782 = DIRECTION('',(-6.115358904736E-17,-1.,0.));
#12783 = PCURVE('',#5916,#12784);
#12784 = DEFINITIONAL_REPRESENTATION('',(#12785),#12789);
#12785 = CIRCLE('',#12786,3.);
#12786 = AXIS2_PLACEMENT_2D('',#12787,#12788);
#12787 = CARTESIAN_POINT('',(64.6,-34.5));
#12788 = DIRECTION('',(1.,0.));
#12789 = ( GEOMETRIC_REPRESENTATION_CONTEXT(2) 
PARAMETRIC_REPRESENTATION_CONTEXT() REPRESENTATION_CONTEXT('2D SPACE',''
  ) );
#12790 = PCURVE('',#12711,#12791);
#12791 = DEFINITIONAL_REPRESENTATION('',(#12792),#12796);
#12792 = LINE('',#12793,#12794);
#12793 = CARTESIAN_POINT('',(0.,3.14159265359));
#12794 = VECTOR('',#12795,1.);
#12795 = DIRECTION('',(1.,1.413579858428E-16));
#12796 = ( GEOMETRIC_REPRESENTATION_CONTEXT(2) 
PARAMETRIC_REPRESENTATION_CONTEXT() REPRESENTATION_CONTEXT('2D SPACE',''
  ) );
#12797 = ORIENTED_EDGE('',*,*,#12798,.F.);
#12798 = EDGE_CURVE('',#5901,#12775,#12799,.T.);
#12799 = SURFACE_CURVE('',#12800,(#12804,#12811),.PCURVE_S1.);
#12800 = LINE('',#12801,#12802);
#12801 = CARTESIAN_POINT('',(-20.6,-67.6,39.5));
#12802 = VECTOR('',#12803,1.);
#12803 = DIRECTION('',(0.,0.,-1.));
#12804 = PCURVE('',#5916,#12805);
#12805 = DEFINITIONAL_REPRESENTATION('',(#12806),#12810);
#12806 = LINE('',#12807,#12808);
#12807 = CARTESIAN_POINT('',(67.6,-3.));
#12808 = VECTOR('',#12809,1.);
#12809 = DIRECTION('',(-0.,-1.));
#12810 = ( GEOMETRIC_REPRESENTATION_CONTEXT(2) 
PARAMETRIC_REPRESENTATION_CONTEXT() REPRESENTATION_CONTEXT('2D SPACE',''
  ) );
#12811 = PCURVE('',#5945,#12812);
#12812 = DEFINITIONAL_REPRESENTATION('',(#12813),#12817);
#12813 = LINE('',#12814,#12815);
#12814 = CARTESIAN_POINT('',(1.570796326795,-38.5));
#12815 = VECTOR('',#12816,1.);
#12816 = DIRECTION('',(0.,-1.));
#12817 = ( GEOMETRIC_REPRESENTATION_CONTEXT(2) 
PARAMETRIC_REPRESENTATION_CONTEXT() REPRESENTATION_CONTEXT('2D SPACE',''
  ) );
#12818 = ORIENTED_EDGE('',*,*,#5900,.T.);
#12819 = ADVANCED_FACE('',(#12820),#1885,.F.);
#12820 = FACE_BOUND('',#12821,.F.);
#12821 = EDGE_LOOP('',(#12822,#12823,#12824,#12825));
#12822 = ORIENTED_EDGE('',*,*,#12521,.T.);
#12823 = ORIENTED_EDGE('',*,*,#7798,.F.);
#12824 = ORIENTED_EDGE('',*,*,#1871,.F.);
#12825 = ORIENTED_EDGE('',*,*,#5796,.F.);
#12826 = ADVANCED_FACE('',(#12827),#5888,.T.);
#12827 = FACE_BOUND('',#12828,.T.);
#12828 = EDGE_LOOP('',(#12829,#12830,#12831,#12853));
#12829 = ORIENTED_EDGE('',*,*,#5871,.F.);
#12830 = ORIENTED_EDGE('',*,*,#12723,.T.);
#12831 = ORIENTED_EDGE('',*,*,#12832,.F.);
#12832 = EDGE_CURVE('',#12752,#12695,#12833,.T.);
#12833 = SURFACE_CURVE('',#12834,(#12839,#12846),.PCURVE_S1.);
#12834 = CIRCLE('',#12835,1.);
#12835 = AXIS2_PLACEMENT_3D('',#12836,#12837,#12838);
#12836 = CARTESIAN_POINT('',(-20.6,-60.6,8.));
#12837 = DIRECTION('',(0.,0.,-1.));
#12838 = DIRECTION('',(-1.,0.,0.));
#12839 = PCURVE('',#5888,#12840);
#12840 = DEFINITIONAL_REPRESENTATION('',(#12841),#12845);
#12841 = LINE('',#12842,#12843);
#12842 = CARTESIAN_POINT('',(0.,31.5));
#12843 = VECTOR('',#12844,1.);
#12844 = DIRECTION('',(1.,0.));
#12845 = ( GEOMETRIC_REPRESENTATION_CONTEXT(2) 
PARAMETRIC_REPRESENTATION_CONTEXT() REPRESENTATION_CONTEXT('2D SPACE',''
  ) );
#12846 = PCURVE('',#12711,#12847);
#12847 = DEFINITIONAL_REPRESENTATION('',(#12848),#12852);
#12848 = LINE('',#12849,#12850);
#12849 = CARTESIAN_POINT('',(3.14159265359,7.853981633974));
#12850 = VECTOR('',#12851,1.);
#12851 = DIRECTION('',(0.,-1.));
#12852 = ( GEOMETRIC_REPRESENTATION_CONTEXT(2) 
PARAMETRIC_REPRESENTATION_CONTEXT() REPRESENTATION_CONTEXT('2D SPACE',''
  ) );
#12853 = ORIENTED_EDGE('',*,*,#12751,.T.);
#12854 = ADVANCED_FACE('',(#12855),#12711,.T.);
#12855 = FACE_BOUND('',#12856,.T.);
#12856 = EDGE_LOOP('',(#12857,#12858,#12859,#12881));
#12857 = ORIENTED_EDGE('',*,*,#12832,.T.);
#12858 = ORIENTED_EDGE('',*,*,#12694,.T.);
#12859 = ORIENTED_EDGE('',*,*,#12860,.F.);
#12860 = EDGE_CURVE('',#12775,#12672,#12861,.T.);
#12861 = SURFACE_CURVE('',#12862,(#12867,#12874),.PCURVE_S1.);
#12862 = CIRCLE('',#12863,1.);
#12863 = AXIS2_PLACEMENT_3D('',#12864,#12865,#12866);
#12864 = CARTESIAN_POINT('',(-20.6,-68.6,8.));
#12865 = DIRECTION('',(1.734723475977E-15,-1.734723475977E-15,1.));
#12866 = DIRECTION('',(1.,0.,-1.734723475977E-15));
#12867 = PCURVE('',#12711,#12868);
#12868 = DEFINITIONAL_REPRESENTATION('',(#12869),#12873);
#12869 = LINE('',#12870,#12871);
#12870 = CARTESIAN_POINT('',(6.28318530718,4.712388980385));
#12871 = VECTOR('',#12872,1.);
#12872 = DIRECTION('',(0.,-1.));
#12873 = ( GEOMETRIC_REPRESENTATION_CONTEXT(2) 
PARAMETRIC_REPRESENTATION_CONTEXT() REPRESENTATION_CONTEXT('2D SPACE',''
  ) );
#12874 = PCURVE('',#5945,#12875);
#12875 = DEFINITIONAL_REPRESENTATION('',(#12876),#12880);
#12876 = LINE('',#12877,#12878);
#12877 = CARTESIAN_POINT('',(0.,-70.));
#12878 = VECTOR('',#12879,1.);
#12879 = DIRECTION('',(1.,0.));
#12880 = ( GEOMETRIC_REPRESENTATION_CONTEXT(2) 
PARAMETRIC_REPRESENTATION_CONTEXT() REPRESENTATION_CONTEXT('2D SPACE',''
  ) );
#12881 = ORIENTED_EDGE('',*,*,#12774,.F.);
#12882 = ADVANCED_FACE('',(#12883),#5945,.T.);
#12883 = FACE_BOUND('',#12884,.T.);
#12884 = EDGE_LOOP('',(#12885,#12886,#12887,#12888));
#12885 = ORIENTED_EDGE('',*,*,#12860,.T.);
#12886 = ORIENTED_EDGE('',*,*,#12671,.T.);
#12887 = ORIENTED_EDGE('',*,*,#5928,.F.);
#12888 = ORIENTED_EDGE('',*,*,#12798,.T.);
#12889 = ADVANCED_FACE('',(#12890),#7454,.F.);
#12890 = FACE_BOUND('',#12891,.T.);
#12891 = EDGE_LOOP('',(#12892,#12893,#12894,#12895,#12896,#12897));
#12892 = ORIENTED_EDGE('',*,*,#7438,.F.);
#12893 = ORIENTED_EDGE('',*,*,#8037,.F.);
#12894 = ORIENTED_EDGE('',*,*,#7537,.T.);
#12895 = ORIENTED_EDGE('',*,*,#8002,.F.);
#12896 = ORIENTED_EDGE('',*,*,#7584,.T.);
#12897 = ORIENTED_EDGE('',*,*,#12898,.T.);
#12898 = EDGE_CURVE('',#7587,#1618,#12899,.T.);
#12899 = SURFACE_CURVE('',#12900,(#12904,#12911),.PCURVE_S1.);
#12900 = LINE('',#12901,#12902);
#12901 = CARTESIAN_POINT('',(-18.6,56.6,39.5));
#12902 = VECTOR('',#12903,1.);
#12903 = DIRECTION('',(0.,0.,-1.));
#12904 = PCURVE('',#7454,#12905);
#12905 = DEFINITIONAL_REPRESENTATION('',(#12906),#12910);
#12906 = LINE('',#12907,#12908);
#12907 = CARTESIAN_POINT('',(56.6,3.));
#12908 = VECTOR('',#12909,1.);
#12909 = DIRECTION('',(0.,1.));
#12910 = ( GEOMETRIC_REPRESENTATION_CONTEXT(2) 
PARAMETRIC_REPRESENTATION_CONTEXT() REPRESENTATION_CONTEXT('2D SPACE',''
  ) );
#12911 = PCURVE('',#1661,#12912);
#12912 = DEFINITIONAL_REPRESENTATION('',(#12913),#12917);
#12913 = LINE('',#12914,#12915);
#12914 = CARTESIAN_POINT('',(3.,0.));
#12915 = VECTOR('',#12916,1.);
#12916 = DIRECTION('',(0.,-1.));
#12917 = ( GEOMETRIC_REPRESENTATION_CONTEXT(2) 
PARAMETRIC_REPRESENTATION_CONTEXT() REPRESENTATION_CONTEXT('2D SPACE',''
  ) );
#12918 = ADVANCED_FACE('',(#12919),#1972,.F.);
#12919 = FACE_BOUND('',#12920,.T.);
#12920 = EDGE_LOOP('',(#12921,#12922,#12945,#12966));
#12921 = ORIENTED_EDGE('',*,*,#1956,.T.);
#12922 = ORIENTED_EDGE('',*,*,#12923,.F.);
#12923 = EDGE_CURVE('',#12924,#1929,#12926,.T.);
#12924 = VERTEX_POINT('',#12925);
#12925 = CARTESIAN_POINT('',(-21.6,72.6,8.));
#12926 = SURFACE_CURVE('',#12927,(#12931,#12938),.PCURVE_S1.);
#12927 = LINE('',#12928,#12929);
#12928 = CARTESIAN_POINT('',(-21.6,72.6,8.));
#12929 = VECTOR('',#12930,1.);
#12930 = DIRECTION('',(1.,6.115358904736E-17,0.));
#12931 = PCURVE('',#1972,#12932);
#12932 = DEFINITIONAL_REPRESENTATION('',(#12933),#12937);
#12933 = LINE('',#12934,#12935);
#12934 = CARTESIAN_POINT('',(0.,-31.5));
#12935 = VECTOR('',#12936,1.);
#12936 = DIRECTION('',(1.,0.));
#12937 = ( GEOMETRIC_REPRESENTATION_CONTEXT(2) 
PARAMETRIC_REPRESENTATION_CONTEXT() REPRESENTATION_CONTEXT('2D SPACE',''
  ) );
#12938 = PCURVE('',#1694,#12939);
#12939 = DEFINITIONAL_REPRESENTATION('',(#12940),#12944);
#12940 = LINE('',#12941,#12942);
#12941 = CARTESIAN_POINT('',(6.28318530718,0.));
#12942 = VECTOR('',#12943,1.);
#12943 = DIRECTION('',(0.,1.));
#12944 = ( GEOMETRIC_REPRESENTATION_CONTEXT(2) 
PARAMETRIC_REPRESENTATION_CONTEXT() REPRESENTATION_CONTEXT('2D SPACE',''
  ) );
#12945 = ORIENTED_EDGE('',*,*,#12946,.F.);
#12946 = EDGE_CURVE('',#5612,#12924,#12947,.T.);
#12947 = SURFACE_CURVE('',#12948,(#12952,#12959),.PCURVE_S1.);
#12948 = LINE('',#12949,#12950);
#12949 = CARTESIAN_POINT('',(-21.6,72.6,39.5));
#12950 = VECTOR('',#12951,1.);
#12951 = DIRECTION('',(0.,0.,-1.));
#12952 = PCURVE('',#1972,#12953);
#12953 = DEFINITIONAL_REPRESENTATION('',(#12954),#12958);
#12954 = LINE('',#12955,#12956);
#12955 = CARTESIAN_POINT('',(0.,0.));
#12956 = VECTOR('',#12957,1.);
#12957 = DIRECTION('',(0.,-1.));
#12958 = ( GEOMETRIC_REPRESENTATION_CONTEXT(2) 
PARAMETRIC_REPRESENTATION_CONTEXT() REPRESENTATION_CONTEXT('2D SPACE',''
  ) );
#12959 = PCURVE('',#5629,#12960);
#12960 = DEFINITIONAL_REPRESENTATION('',(#12961),#12965);
#12961 = LINE('',#12962,#12963);
#12962 = CARTESIAN_POINT('',(72.6,3.));
#12963 = VECTOR('',#12964,1.);
#12964 = DIRECTION('',(0.,1.));
#12965 = ( GEOMETRIC_REPRESENTATION_CONTEXT(2) 
PARAMETRIC_REPRESENTATION_CONTEXT() REPRESENTATION_CONTEXT('2D SPACE',''
  ) );
#12966 = ORIENTED_EDGE('',*,*,#6152,.T.);
#12967 = ADVANCED_FACE('',(#12968),#1694,.T.);
#12968 = FACE_BOUND('',#12969,.T.);
#12969 = EDGE_LOOP('',(#12970,#12971,#12994,#13020,#13021));
#12970 = ORIENTED_EDGE('',*,*,#1673,.F.);
#12971 = ORIENTED_EDGE('',*,*,#12972,.F.);
#12972 = EDGE_CURVE('',#12973,#1646,#12975,.T.);
#12973 = VERTEX_POINT('',#12974);
#12974 = CARTESIAN_POINT('',(-21.6,56.6,8.));
#12975 = SURFACE_CURVE('',#12976,(#12980,#12987),.PCURVE_S1.);
#12976 = LINE('',#12977,#12978);
#12977 = CARTESIAN_POINT('',(-21.6,56.6,8.));
#12978 = VECTOR('',#12979,1.);
#12979 = DIRECTION('',(1.,6.115358904736E-17,0.));
#12980 = PCURVE('',#1694,#12981);
#12981 = DEFINITIONAL_REPRESENTATION('',(#12982),#12986);
#12982 = LINE('',#12983,#12984);
#12983 = CARTESIAN_POINT('',(3.14159265359,0.));
#12984 = VECTOR('',#12985,1.);
#12985 = DIRECTION('',(0.,1.));
#12986 = ( GEOMETRIC_REPRESENTATION_CONTEXT(2) 
PARAMETRIC_REPRESENTATION_CONTEXT() REPRESENTATION_CONTEXT('2D SPACE',''
  ) );
#12987 = PCURVE('',#1661,#12988);
#12988 = DEFINITIONAL_REPRESENTATION('',(#12989),#12993);
#12989 = LINE('',#12990,#12991);
#12990 = CARTESIAN_POINT('',(0.,-31.5));
#12991 = VECTOR('',#12992,1.);
#12992 = DIRECTION('',(1.,0.));
#12993 = ( GEOMETRIC_REPRESENTATION_CONTEXT(2) 
PARAMETRIC_REPRESENTATION_CONTEXT() REPRESENTATION_CONTEXT('2D SPACE',''
  ) );
#12994 = ORIENTED_EDGE('',*,*,#12995,.T.);
#12995 = EDGE_CURVE('',#12973,#12924,#12996,.T.);
#12996 = SURFACE_CURVE('',#12997,(#13002,#13009),.PCURVE_S1.);
#12997 = CIRCLE('',#12998,8.);
#12998 = AXIS2_PLACEMENT_3D('',#12999,#13000,#13001);
#12999 = CARTESIAN_POINT('',(-21.6,64.6,8.));
#13000 = DIRECTION('',(1.,6.115358904736E-17,0.));
#13001 = DIRECTION('',(-6.115358904736E-17,1.,0.));
#13002 = PCURVE('',#1694,#13003);
#13003 = DEFINITIONAL_REPRESENTATION('',(#13004),#13008);
#13004 = LINE('',#13005,#13006);
#13005 = CARTESIAN_POINT('',(0.,0.));
#13006 = VECTOR('',#13007,1.);
#13007 = DIRECTION('',(1.,0.));
#13008 = ( GEOMETRIC_REPRESENTATION_CONTEXT(2) 
PARAMETRIC_REPRESENTATION_CONTEXT() REPRESENTATION_CONTEXT('2D SPACE',''
  ) );
#13009 = PCURVE('',#5629,#13010);
#13010 = DEFINITIONAL_REPRESENTATION('',(#13011),#13019);
#13011 = ( BOUNDED_CURVE() B_SPLINE_CURVE(2,(#13012,#13013,#13014,#13015
    ,#13016,#13017,#13018),.UNSPECIFIED.,.T.,.F.) 
B_SPLINE_CURVE_WITH_KNOTS((1,2,2,2,2,1),(-2.094395102393,0.,
    2.094395102393,4.188790204786,6.28318530718,8.377580409573),
.UNSPECIFIED.) CURVE() GEOMETRIC_REPRESENTATION_ITEM() 
RATIONAL_B_SPLINE_CURVE((1.,0.5,1.,0.5,1.,0.5,1.)) REPRESENTATION_ITEM(
  '') );
#13012 = CARTESIAN_POINT('',(72.6,34.5));
#13013 = CARTESIAN_POINT('',(72.6,20.643593539449));
#13014 = CARTESIAN_POINT('',(60.6,27.571796769725));
#13015 = CARTESIAN_POINT('',(48.6,34.5));
#13016 = CARTESIAN_POINT('',(60.6,41.428203230275));
#13017 = CARTESIAN_POINT('',(72.6,48.356406460551));
#13018 = CARTESIAN_POINT('',(72.6,34.5));
#13019 = ( GEOMETRIC_REPRESENTATION_CONTEXT(2) 
PARAMETRIC_REPRESENTATION_CONTEXT() REPRESENTATION_CONTEXT('2D SPACE',''
  ) );
#13020 = ORIENTED_EDGE('',*,*,#12923,.T.);
#13021 = ORIENTED_EDGE('',*,*,#1928,.F.);
#13022 = ADVANCED_FACE('',(#13023),#1661,.T.);
#13023 = FACE_BOUND('',#13024,.T.);
#13024 = EDGE_LOOP('',(#13025,#13026,#13027,#13048,#13049,#13070,#13071)
  );
#13025 = ORIENTED_EDGE('',*,*,#12898,.F.);
#13026 = ORIENTED_EDGE('',*,*,#7677,.T.);
#13027 = ORIENTED_EDGE('',*,*,#13028,.F.);
#13028 = EDGE_CURVE('',#5751,#7654,#13029,.T.);
#13029 = SURFACE_CURVE('',#13030,(#13034,#13041),.PCURVE_S1.);
#13030 = LINE('',#13031,#13032);
#13031 = CARTESIAN_POINT('',(-19.6,56.6,85.));
#13032 = VECTOR('',#13033,1.);
#13033 = DIRECTION('',(0.,0.,-1.));
#13034 = PCURVE('',#1661,#13035);
#13035 = DEFINITIONAL_REPRESENTATION('',(#13036),#13040);
#13036 = LINE('',#13037,#13038);
#13037 = CARTESIAN_POINT('',(2.,45.5));
#13038 = VECTOR('',#13039,1.);
#13039 = DIRECTION('',(0.,-1.));
#13040 = ( GEOMETRIC_REPRESENTATION_CONTEXT(2) 
PARAMETRIC_REPRESENTATION_CONTEXT() REPRESENTATION_CONTEXT('2D SPACE',''
  ) );
#13041 = PCURVE('',#1491,#13042);
#13042 = DEFINITIONAL_REPRESENTATION('',(#13043),#13047);
#13043 = LINE('',#13044,#13045);
#13044 = CARTESIAN_POINT('',(1.570796326795,80.));
#13045 = VECTOR('',#13046,1.);
#13046 = DIRECTION('',(0.,-1.));
#13047 = ( GEOMETRIC_REPRESENTATION_CONTEXT(2) 
PARAMETRIC_REPRESENTATION_CONTEXT() REPRESENTATION_CONTEXT('2D SPACE',''
  ) );
#13048 = ORIENTED_EDGE('',*,*,#5750,.F.);
#13049 = ORIENTED_EDGE('',*,*,#13050,.T.);
#13050 = EDGE_CURVE('',#5728,#12973,#13051,.T.);
#13051 = SURFACE_CURVE('',#13052,(#13056,#13063),.PCURVE_S1.);
#13052 = LINE('',#13053,#13054);
#13053 = CARTESIAN_POINT('',(-21.6,56.6,39.5));
#13054 = VECTOR('',#13055,1.);
#13055 = DIRECTION('',(0.,0.,-1.));
#13056 = PCURVE('',#1661,#13057);
#13057 = DEFINITIONAL_REPRESENTATION('',(#13058),#13062);
#13058 = LINE('',#13059,#13060);
#13059 = CARTESIAN_POINT('',(0.,0.));
#13060 = VECTOR('',#13061,1.);
#13061 = DIRECTION('',(0.,-1.));
#13062 = ( GEOMETRIC_REPRESENTATION_CONTEXT(2) 
PARAMETRIC_REPRESENTATION_CONTEXT() REPRESENTATION_CONTEXT('2D SPACE',''
  ) );
#13063 = PCURVE('',#5629,#13064);
#13064 = DEFINITIONAL_REPRESENTATION('',(#13065),#13069);
#13065 = LINE('',#13066,#13067);
#13066 = CARTESIAN_POINT('',(56.6,3.));
#13067 = VECTOR('',#13068,1.);
#13068 = DIRECTION('',(0.,1.));
#13069 = ( GEOMETRIC_REPRESENTATION_CONTEXT(2) 
PARAMETRIC_REPRESENTATION_CONTEXT() REPRESENTATION_CONTEXT('2D SPACE',''
  ) );
#13070 = ORIENTED_EDGE('',*,*,#12972,.T.);
#13071 = ORIENTED_EDGE('',*,*,#1645,.F.);
#13072 = ADVANCED_FACE('',(#13073),#5629,.T.);
#13073 = FACE_BOUND('',#13074,.T.);
#13074 = EDGE_LOOP('',(#13075,#13106,#13127,#13128,#13129,#13130,#13131,
    #13132));
#13075 = ORIENTED_EDGE('',*,*,#13076,.F.);
#13076 = EDGE_CURVE('',#13077,#13079,#13081,.T.);
#13077 = VERTEX_POINT('',#13078);
#13078 = CARTESIAN_POINT('',(-21.6,68.6,8.));
#13079 = VERTEX_POINT('',#13080);
#13080 = CARTESIAN_POINT('',(-21.6,60.6,8.));
#13081 = SURFACE_CURVE('',#13082,(#13087,#13094),.PCURVE_S1.);
#13082 = CIRCLE('',#13083,4.);
#13083 = AXIS2_PLACEMENT_3D('',#13084,#13085,#13086);
#13084 = CARTESIAN_POINT('',(-21.6,64.6,8.));
#13085 = DIRECTION('',(-1.,-6.115358904736E-17,0.));
#13086 = DIRECTION('',(6.115358904736E-17,-1.,0.));
#13087 = PCURVE('',#5629,#13088);
#13088 = DEFINITIONAL_REPRESENTATION('',(#13089),#13093);
#13089 = CIRCLE('',#13090,4.);
#13090 = AXIS2_PLACEMENT_2D('',#13091,#13092);
#13091 = CARTESIAN_POINT('',(64.6,34.5));
#13092 = DIRECTION('',(-1.,-0.));
#13093 = ( GEOMETRIC_REPRESENTATION_CONTEXT(2) 
PARAMETRIC_REPRESENTATION_CONTEXT() REPRESENTATION_CONTEXT('2D SPACE',''
  ) );
#13094 = PCURVE('',#13095,#13100);
#13095 = TOROIDAL_SURFACE('',#13096,4.,1.);
#13096 = AXIS2_PLACEMENT_3D('',#13097,#13098,#13099);
#13097 = CARTESIAN_POINT('',(-20.6,64.6,8.));
#13098 = DIRECTION('',(-1.,-6.115358904736E-17,0.));
#13099 = DIRECTION('',(6.115358904736E-17,-1.,0.));
#13100 = DEFINITIONAL_REPRESENTATION('',(#13101),#13105);
#13101 = LINE('',#13102,#13103);
#13102 = CARTESIAN_POINT('',(0.,1.570796326795));
#13103 = VECTOR('',#13104,1.);
#13104 = DIRECTION('',(1.,0.));
#13105 = ( GEOMETRIC_REPRESENTATION_CONTEXT(2) 
PARAMETRIC_REPRESENTATION_CONTEXT() REPRESENTATION_CONTEXT('2D SPACE',''
  ) );
#13106 = ORIENTED_EDGE('',*,*,#13107,.T.);
#13107 = EDGE_CURVE('',#13077,#5614,#13108,.T.);
#13108 = SURFACE_CURVE('',#13109,(#13113,#13120),.PCURVE_S1.);
#13109 = LINE('',#13110,#13111);
#13110 = CARTESIAN_POINT('',(-21.6,68.6,85.));
#13111 = VECTOR('',#13112,1.);
#13112 = DIRECTION('',(0.,0.,1.));
#13113 = PCURVE('',#5629,#13114);
#13114 = DEFINITIONAL_REPRESENTATION('',(#13115),#13119);
#13115 = LINE('',#13116,#13117);
#13116 = CARTESIAN_POINT('',(68.6,-42.5));
#13117 = VECTOR('',#13118,1.);
#13118 = DIRECTION('',(0.,-1.));
#13119 = ( GEOMETRIC_REPRESENTATION_CONTEXT(2) 
PARAMETRIC_REPRESENTATION_CONTEXT() REPRESENTATION_CONTEXT('2D SPACE',''
  ) );
#13120 = PCURVE('',#5658,#13121);
#13121 = DEFINITIONAL_REPRESENTATION('',(#13122),#13126);
#13122 = LINE('',#13123,#13124);
#13123 = CARTESIAN_POINT('',(6.28318530718,-42.5));
#13124 = VECTOR('',#13125,1.);
#13125 = DIRECTION('',(0.,-1.));
#13126 = ( GEOMETRIC_REPRESENTATION_CONTEXT(2) 
PARAMETRIC_REPRESENTATION_CONTEXT() REPRESENTATION_CONTEXT('2D SPACE',''
  ) );
#13127 = ORIENTED_EDGE('',*,*,#5611,.F.);
#13128 = ORIENTED_EDGE('',*,*,#12946,.T.);
#13129 = ORIENTED_EDGE('',*,*,#12995,.F.);
#13130 = ORIENTED_EDGE('',*,*,#13050,.F.);
#13131 = ORIENTED_EDGE('',*,*,#5727,.F.);
#13132 = ORIENTED_EDGE('',*,*,#13133,.T.);
#13133 = EDGE_CURVE('',#5699,#13079,#13134,.T.);
#13134 = SURFACE_CURVE('',#13135,(#13139,#13146),.PCURVE_S1.);
#13135 = LINE('',#13136,#13137);
#13136 = CARTESIAN_POINT('',(-21.6,60.6,8.));
#13137 = VECTOR('',#13138,1.);
#13138 = DIRECTION('',(0.,0.,-1.));
#13139 = PCURVE('',#5629,#13140);
#13140 = DEFINITIONAL_REPRESENTATION('',(#13141),#13145);
#13141 = LINE('',#13142,#13143);
#13142 = CARTESIAN_POINT('',(60.6,34.5));
#13143 = VECTOR('',#13144,1.);
#13144 = DIRECTION('',(0.,1.));
#13145 = ( GEOMETRIC_REPRESENTATION_CONTEXT(2) 
PARAMETRIC_REPRESENTATION_CONTEXT() REPRESENTATION_CONTEXT('2D SPACE',''
  ) );
#13146 = PCURVE('',#5715,#13147);
#13147 = DEFINITIONAL_REPRESENTATION('',(#13148),#13152);
#13148 = LINE('',#13149,#13150);
#13149 = CARTESIAN_POINT('',(3.14159265359,-34.5));
#13150 = VECTOR('',#13151,1.);
#13151 = DIRECTION('',(0.,-1.));
#13152 = ( GEOMETRIC_REPRESENTATION_CONTEXT(2) 
PARAMETRIC_REPRESENTATION_CONTEXT() REPRESENTATION_CONTEXT('2D SPACE',''
  ) );
#13153 = ADVANCED_FACE('',(#13154),#5686,.T.);
#13154 = FACE_BOUND('',#13155,.T.);
#13155 = EDGE_LOOP('',(#13156,#13186,#13207,#13208));
#13156 = ORIENTED_EDGE('',*,*,#13157,.F.);
#13157 = EDGE_CURVE('',#13158,#13160,#13162,.T.);
#13158 = VERTEX_POINT('',#13159);
#13159 = CARTESIAN_POINT('',(-20.6,61.6,8.));
#13160 = VERTEX_POINT('',#13161);
#13161 = CARTESIAN_POINT('',(-20.6,67.6,8.));
#13162 = SURFACE_CURVE('',#13163,(#13168,#13179),.PCURVE_S1.);
#13163 = CIRCLE('',#13164,3.);
#13164 = AXIS2_PLACEMENT_3D('',#13165,#13166,#13167);
#13165 = CARTESIAN_POINT('',(-20.6,64.6,8.));
#13166 = DIRECTION('',(1.,6.115358904736E-17,0.));
#13167 = DIRECTION('',(-6.115358904736E-17,1.,0.));
#13168 = PCURVE('',#5686,#13169);
#13169 = DEFINITIONAL_REPRESENTATION('',(#13170),#13178);
#13170 = ( BOUNDED_CURVE() B_SPLINE_CURVE(2,(#13171,#13172,#13173,#13174
    ,#13175,#13176,#13177),.UNSPECIFIED.,.T.,.F.) 
B_SPLINE_CURVE_WITH_KNOTS((1,2,2,2,2,1),(-2.094395102393,0.,
    2.094395102393,4.188790204786,6.28318530718,8.377580409573),
.UNSPECIFIED.) CURVE() GEOMETRIC_REPRESENTATION_ITEM() 
RATIONAL_B_SPLINE_CURVE((1.,0.5,1.,0.5,1.,0.5,1.)) REPRESENTATION_ITEM(
  '') );
#13171 = CARTESIAN_POINT('',(67.6,34.5));
#13172 = CARTESIAN_POINT('',(67.6,29.303847577293));
#13173 = CARTESIAN_POINT('',(63.1,31.901923788647));
#13174 = CARTESIAN_POINT('',(58.6,34.5));
#13175 = CARTESIAN_POINT('',(63.1,37.098076211353));
#13176 = CARTESIAN_POINT('',(67.6,39.696152422707));
#13177 = CARTESIAN_POINT('',(67.6,34.5));
#13178 = ( GEOMETRIC_REPRESENTATION_CONTEXT(2) 
PARAMETRIC_REPRESENTATION_CONTEXT() REPRESENTATION_CONTEXT('2D SPACE',''
  ) );
#13179 = PCURVE('',#13095,#13180);
#13180 = DEFINITIONAL_REPRESENTATION('',(#13181),#13185);
#13181 = LINE('',#13182,#13183);
#13182 = CARTESIAN_POINT('',(9.424777960769,3.14159265359));
#13183 = VECTOR('',#13184,1.);
#13184 = DIRECTION('',(-1.,-4.240739575285E-16));
#13185 = ( GEOMETRIC_REPRESENTATION_CONTEXT(2) 
PARAMETRIC_REPRESENTATION_CONTEXT() REPRESENTATION_CONTEXT('2D SPACE',''
  ) );
#13186 = ORIENTED_EDGE('',*,*,#13187,.T.);
#13187 = EDGE_CURVE('',#13158,#5671,#13188,.T.);
#13188 = SURFACE_CURVE('',#13189,(#13193,#13200),.PCURVE_S1.);
#13189 = LINE('',#13190,#13191);
#13190 = CARTESIAN_POINT('',(-20.6,61.6,78.));
#13191 = VECTOR('',#13192,1.);
#13192 = DIRECTION('',(0.,0.,1.));
#13193 = PCURVE('',#5686,#13194);
#13194 = DEFINITIONAL_REPRESENTATION('',(#13195),#13199);
#13195 = LINE('',#13196,#13197);
#13196 = CARTESIAN_POINT('',(61.6,-35.5));
#13197 = VECTOR('',#13198,1.);
#13198 = DIRECTION('',(0.,-1.));
#13199 = ( GEOMETRIC_REPRESENTATION_CONTEXT(2) 
PARAMETRIC_REPRESENTATION_CONTEXT() REPRESENTATION_CONTEXT('2D SPACE',''
  ) );
#13200 = PCURVE('',#5715,#13201);
#13201 = DEFINITIONAL_REPRESENTATION('',(#13202),#13206);
#13202 = LINE('',#13203,#13204);
#13203 = CARTESIAN_POINT('',(1.570796326795,35.5));
#13204 = VECTOR('',#13205,1.);
#13205 = DIRECTION('',(0.,1.));
#13206 = ( GEOMETRIC_REPRESENTATION_CONTEXT(2) 
PARAMETRIC_REPRESENTATION_CONTEXT() REPRESENTATION_CONTEXT('2D SPACE',''
  ) );
#13207 = ORIENTED_EDGE('',*,*,#5670,.F.);
#13208 = ORIENTED_EDGE('',*,*,#13209,.T.);
#13209 = EDGE_CURVE('',#5642,#13160,#13210,.T.);
#13210 = SURFACE_CURVE('',#13211,(#13215,#13222),.PCURVE_S1.);
#13211 = LINE('',#13212,#13213);
#13212 = CARTESIAN_POINT('',(-20.6,67.6,39.5));
#13213 = VECTOR('',#13214,1.);
#13214 = DIRECTION('',(0.,0.,-1.));
#13215 = PCURVE('',#5686,#13216);
#13216 = DEFINITIONAL_REPRESENTATION('',(#13217),#13221);
#13217 = LINE('',#13218,#13219);
#13218 = CARTESIAN_POINT('',(67.6,3.));
#13219 = VECTOR('',#13220,1.);
#13220 = DIRECTION('',(0.,1.));
#13221 = ( GEOMETRIC_REPRESENTATION_CONTEXT(2) 
PARAMETRIC_REPRESENTATION_CONTEXT() REPRESENTATION_CONTEXT('2D SPACE',''
  ) );
#13222 = PCURVE('',#5658,#13223);
#13223 = DEFINITIONAL_REPRESENTATION('',(#13224),#13228);
#13224 = LINE('',#13225,#13226);
#13225 = CARTESIAN_POINT('',(4.712388980385,3.));
#13226 = VECTOR('',#13227,1.);
#13227 = DIRECTION('',(0.,1.));
#13228 = ( GEOMETRIC_REPRESENTATION_CONTEXT(2) 
PARAMETRIC_REPRESENTATION_CONTEXT() REPRESENTATION_CONTEXT('2D SPACE',''
  ) );
#13229 = ADVANCED_FACE('',(#13230),#1491,.F.);
#13230 = FACE_BOUND('',#13231,.F.);
#13231 = EDGE_LOOP('',(#13232,#13233,#13234,#13235));
#13232 = ORIENTED_EDGE('',*,*,#1475,.T.);
#13233 = ORIENTED_EDGE('',*,*,#7653,.F.);
#13234 = ORIENTED_EDGE('',*,*,#13028,.F.);
#13235 = ORIENTED_EDGE('',*,*,#5773,.F.);
#13236 = ADVANCED_FACE('',(#13237),#5715,.T.);
#13237 = FACE_BOUND('',#13238,.T.);
#13238 = EDGE_LOOP('',(#13239,#13240,#13241,#13263));
#13239 = ORIENTED_EDGE('',*,*,#5698,.F.);
#13240 = ORIENTED_EDGE('',*,*,#13187,.F.);
#13241 = ORIENTED_EDGE('',*,*,#13242,.F.);
#13242 = EDGE_CURVE('',#13079,#13158,#13243,.T.);
#13243 = SURFACE_CURVE('',#13244,(#13249,#13256),.PCURVE_S1.);
#13244 = CIRCLE('',#13245,1.);
#13245 = AXIS2_PLACEMENT_3D('',#13246,#13247,#13248);
#13246 = CARTESIAN_POINT('',(-20.6,60.6,8.));
#13247 = DIRECTION('',(0.,0.,-1.));
#13248 = DIRECTION('',(-1.,0.,0.));
#13249 = PCURVE('',#5715,#13250);
#13250 = DEFINITIONAL_REPRESENTATION('',(#13251),#13255);
#13251 = LINE('',#13252,#13253);
#13252 = CARTESIAN_POINT('',(3.14159265359,-34.5));
#13253 = VECTOR('',#13254,1.);
#13254 = DIRECTION('',(-1.,0.));
#13255 = ( GEOMETRIC_REPRESENTATION_CONTEXT(2) 
PARAMETRIC_REPRESENTATION_CONTEXT() REPRESENTATION_CONTEXT('2D SPACE',''
  ) );
#13256 = PCURVE('',#13095,#13257);
#13257 = DEFINITIONAL_REPRESENTATION('',(#13258),#13262);
#13258 = LINE('',#13259,#13260);
#13259 = CARTESIAN_POINT('',(6.28318530718,1.570796326795));
#13260 = VECTOR('',#13261,1.);
#13261 = DIRECTION('',(0.,1.));
#13262 = ( GEOMETRIC_REPRESENTATION_CONTEXT(2) 
PARAMETRIC_REPRESENTATION_CONTEXT() REPRESENTATION_CONTEXT('2D SPACE',''
  ) );
#13263 = ORIENTED_EDGE('',*,*,#13133,.F.);
#13264 = ADVANCED_FACE('',(#13265),#13095,.T.);
#13265 = FACE_BOUND('',#13266,.T.);
#13266 = EDGE_LOOP('',(#13267,#13268,#13269,#13291));
#13267 = ORIENTED_EDGE('',*,*,#13242,.T.);
#13268 = ORIENTED_EDGE('',*,*,#13157,.T.);
#13269 = ORIENTED_EDGE('',*,*,#13270,.F.);
#13270 = EDGE_CURVE('',#13077,#13160,#13271,.T.);
#13271 = SURFACE_CURVE('',#13272,(#13277,#13284),.PCURVE_S1.);
#13272 = CIRCLE('',#13273,1.);
#13273 = AXIS2_PLACEMENT_3D('',#13274,#13275,#13276);
#13274 = CARTESIAN_POINT('',(-20.6,68.6,8.));
#13275 = DIRECTION('',(0.,0.,1.));
#13276 = DIRECTION('',(1.,0.,-0.));
#13277 = PCURVE('',#13095,#13278);
#13278 = DEFINITIONAL_REPRESENTATION('',(#13279),#13283);
#13279 = LINE('',#13280,#13281);
#13280 = CARTESIAN_POINT('',(3.14159265359,-1.570796326795));
#13281 = VECTOR('',#13282,1.);
#13282 = DIRECTION('',(0.,1.));
#13283 = ( GEOMETRIC_REPRESENTATION_CONTEXT(2) 
PARAMETRIC_REPRESENTATION_CONTEXT() REPRESENTATION_CONTEXT('2D SPACE',''
  ) );
#13284 = PCURVE('',#5658,#13285);
#13285 = DEFINITIONAL_REPRESENTATION('',(#13286),#13290);
#13286 = LINE('',#13287,#13288);
#13287 = CARTESIAN_POINT('',(9.424777960769,34.5));
#13288 = VECTOR('',#13289,1.);
#13289 = DIRECTION('',(-1.,0.));
#13290 = ( GEOMETRIC_REPRESENTATION_CONTEXT(2) 
PARAMETRIC_REPRESENTATION_CONTEXT() REPRESENTATION_CONTEXT('2D SPACE',''
  ) );
#13291 = ORIENTED_EDGE('',*,*,#13076,.T.);
#13292 = ADVANCED_FACE('',(#13293),#5658,.T.);
#13293 = FACE_BOUND('',#13294,.T.);
#13294 = EDGE_LOOP('',(#13295,#13296,#13297,#13298));
#13295 = ORIENTED_EDGE('',*,*,#13270,.T.);
#13296 = ORIENTED_EDGE('',*,*,#13209,.F.);
#13297 = ORIENTED_EDGE('',*,*,#5641,.F.);
#13298 = ORIENTED_EDGE('',*,*,#13107,.F.);
#13299 = ADVANCED_FACE('',(#13300),#351,.T.);
#13300 = FACE_BOUND('',#13301,.T.);
#13301 = EDGE_LOOP('',(#13302,#13303,#13324,#13325));
#13302 = ORIENTED_EDGE('',*,*,#1099,.F.);
#13303 = ORIENTED_EDGE('',*,*,#13304,.F.);
#13304 = EDGE_CURVE('',#336,#1100,#13305,.T.);
#13305 = SURFACE_CURVE('',#13306,(#13310,#13317),.PCURVE_S1.);
#13306 = LINE('',#13307,#13308);
#13307 = CARTESIAN_POINT('',(-8.6,85.1,7.));
#13308 = VECTOR('',#13309,1.);
#13309 = DIRECTION('',(3.73058812038E-16,-1.,0.));
#13310 = PCURVE('',#351,#13311);
#13311 = DEFINITIONAL_REPRESENTATION('',(#13312),#13316);
#13312 = LINE('',#13313,#13314);
#13313 = CARTESIAN_POINT('',(-2.00000000001E-03,-30.5));
#13314 = VECTOR('',#13315,1.);
#13315 = DIRECTION('',(-1.,1.121137472305E-48));
#13316 = ( GEOMETRIC_REPRESENTATION_CONTEXT(2) 
PARAMETRIC_REPRESENTATION_CONTEXT() REPRESENTATION_CONTEXT('2D SPACE',''
  ) );
#13317 = PCURVE('',#378,#13318);
#13318 = DEFINITIONAL_REPRESENTATION('',(#13319),#13323);
#13319 = LINE('',#13320,#13321);
#13320 = CARTESIAN_POINT('',(6.28318530718,85.1));
#13321 = VECTOR('',#13322,1.);
#13322 = DIRECTION('',(0.,-1.));
#13323 = ( GEOMETRIC_REPRESENTATION_CONTEXT(2) 
PARAMETRIC_REPRESENTATION_CONTEXT() REPRESENTATION_CONTEXT('2D SPACE',''
  ) );
#13324 = ORIENTED_EDGE('',*,*,#335,.F.);
#13325 = ORIENTED_EDGE('',*,*,#13326,.T.);
#13326 = EDGE_CURVE('',#307,#1102,#13327,.T.);
#13327 = SURFACE_CURVE('',#13328,(#13332,#13339),.PCURVE_S1.);
#13328 = LINE('',#13329,#13330);
#13329 = CARTESIAN_POINT('',(-8.6,80.1,68.));
#13330 = VECTOR('',#13331,1.);
#13331 = DIRECTION('',(3.73058812038E-16,-1.,0.));
#13332 = PCURVE('',#351,#13333);
#13333 = DEFINITIONAL_REPRESENTATION('',(#13334),#13338);
#13334 = LINE('',#13335,#13336);
#13335 = CARTESIAN_POINT('',(-5.002,30.5));
#13336 = VECTOR('',#13337,1.);
#13337 = DIRECTION('',(-1.,1.121137472305E-48));
#13338 = ( GEOMETRIC_REPRESENTATION_CONTEXT(2) 
PARAMETRIC_REPRESENTATION_CONTEXT() REPRESENTATION_CONTEXT('2D SPACE',''
  ) );
#13339 = PCURVE('',#323,#13340);
#13340 = DEFINITIONAL_REPRESENTATION('',(#13341),#13345);
#13341 = LINE('',#13342,#13343);
#13342 = CARTESIAN_POINT('',(0.,-5.002));
#13343 = VECTOR('',#13344,1.);
#13344 = DIRECTION('',(0.,-1.));
#13345 = ( GEOMETRIC_REPRESENTATION_CONTEXT(2) 
PARAMETRIC_REPRESENTATION_CONTEXT() REPRESENTATION_CONTEXT('2D SPACE',''
  ) );
#13346 = ADVANCED_FACE('',(#13347),#294,.T.);
#13347 = FACE_BOUND('',#13348,.T.);
#13348 = EDGE_LOOP('',(#13349,#13350,#13371,#13372));
#13349 = ORIENTED_EDGE('',*,*,#1153,.F.);
#13350 = ORIENTED_EDGE('',*,*,#13351,.F.);
#13351 = EDGE_CURVE('',#279,#1130,#13352,.T.);
#13352 = SURFACE_CURVE('',#13353,(#13357,#13364),.PCURVE_S1.);
#13353 = LINE('',#13354,#13355);
#13354 = CARTESIAN_POINT('',(-6.6,85.1,70.));
#13355 = VECTOR('',#13356,1.);
#13356 = DIRECTION('',(3.73058812038E-16,-1.,0.));
#13357 = PCURVE('',#294,#13358);
#13358 = DEFINITIONAL_REPRESENTATION('',(#13359),#13363);
#13359 = LINE('',#13360,#13361);
#13360 = CARTESIAN_POINT('',(6.6,-2.00000000001E-03));
#13361 = VECTOR('',#13362,1.);
#13362 = DIRECTION('',(-3.73058812038E-16,-1.));
#13363 = ( GEOMETRIC_REPRESENTATION_CONTEXT(2) 
PARAMETRIC_REPRESENTATION_CONTEXT() REPRESENTATION_CONTEXT('2D SPACE',''
  ) );
#13364 = PCURVE('',#323,#13365);
#13365 = DEFINITIONAL_REPRESENTATION('',(#13366),#13370);
#13366 = LINE('',#13367,#13368);
#13367 = CARTESIAN_POINT('',(1.570796326795,-2.00000000001E-03));
#13368 = VECTOR('',#13369,1.);
#13369 = DIRECTION('',(0.,-1.));
#13370 = ( GEOMETRIC_REPRESENTATION_CONTEXT(2) 
PARAMETRIC_REPRESENTATION_CONTEXT() REPRESENTATION_CONTEXT('2D SPACE',''
  ) );
#13371 = ORIENTED_EDGE('',*,*,#278,.F.);
#13372 = ORIENTED_EDGE('',*,*,#13373,.T.);
#13373 = EDGE_CURVE('',#250,#1154,#13374,.T.);
#13374 = SURFACE_CURVE('',#13375,(#13379,#13386),.PCURVE_S1.);
#13375 = LINE('',#13376,#13377);
#13376 = CARTESIAN_POINT('',(6.6,80.1,70.));
#13377 = VECTOR('',#13378,1.);
#13378 = DIRECTION('',(3.73058812038E-16,-1.,0.));
#13379 = PCURVE('',#294,#13380);
#13380 = DEFINITIONAL_REPRESENTATION('',(#13381),#13385);
#13381 = LINE('',#13382,#13383);
#13382 = CARTESIAN_POINT('',(-6.6,-5.002));
#13383 = VECTOR('',#13384,1.);
#13384 = DIRECTION('',(-3.73058812038E-16,-1.));
#13385 = ( GEOMETRIC_REPRESENTATION_CONTEXT(2) 
PARAMETRIC_REPRESENTATION_CONTEXT() REPRESENTATION_CONTEXT('2D SPACE',''
  ) );
#13386 = PCURVE('',#266,#13387);
#13387 = DEFINITIONAL_REPRESENTATION('',(#13388),#13392);
#13388 = LINE('',#13389,#13390);
#13389 = CARTESIAN_POINT('',(1.570796326795,-5.002));
#13390 = VECTOR('',#13391,1.);
#13391 = DIRECTION('',(0.,-1.));
#13392 = ( GEOMETRIC_REPRESENTATION_CONTEXT(2) 
PARAMETRIC_REPRESENTATION_CONTEXT() REPRESENTATION_CONTEXT('2D SPACE',''
  ) );
#13393 = ADVANCED_FACE('',(#13394),#237,.T.);
#13394 = FACE_BOUND('',#13395,.T.);
#13395 = EDGE_LOOP('',(#13396,#13397,#13418,#13419));
#13396 = ORIENTED_EDGE('',*,*,#221,.F.);
#13397 = ORIENTED_EDGE('',*,*,#13398,.T.);
#13398 = EDGE_CURVE('',#193,#1201,#13399,.T.);
#13399 = SURFACE_CURVE('',#13400,(#13404,#13411),.PCURVE_S1.);
#13400 = LINE('',#13401,#13402);
#13401 = CARTESIAN_POINT('',(8.6,80.1,7.));
#13402 = VECTOR('',#13403,1.);
#13403 = DIRECTION('',(3.73058812038E-16,-1.,0.));
#13404 = PCURVE('',#237,#13405);
#13405 = DEFINITIONAL_REPRESENTATION('',(#13406),#13410);
#13406 = LINE('',#13407,#13408);
#13407 = CARTESIAN_POINT('',(5.002,-30.5));
#13408 = VECTOR('',#13409,1.);
#13409 = DIRECTION('',(1.,1.121137472305E-48));
#13410 = ( GEOMETRIC_REPRESENTATION_CONTEXT(2) 
PARAMETRIC_REPRESENTATION_CONTEXT() REPRESENTATION_CONTEXT('2D SPACE',''
  ) );
#13411 = PCURVE('',#209,#13412);
#13412 = DEFINITIONAL_REPRESENTATION('',(#13413),#13417);
#13413 = LINE('',#13414,#13415);
#13414 = CARTESIAN_POINT('',(3.14159265359,-5.002));
#13415 = VECTOR('',#13416,1.);
#13416 = DIRECTION('',(0.,-1.));
#13417 = ( GEOMETRIC_REPRESENTATION_CONTEXT(2) 
PARAMETRIC_REPRESENTATION_CONTEXT() REPRESENTATION_CONTEXT('2D SPACE',''
  ) );
#13418 = ORIENTED_EDGE('',*,*,#1200,.F.);
#13419 = ORIENTED_EDGE('',*,*,#13420,.F.);
#13420 = EDGE_CURVE('',#222,#1177,#13421,.T.);
#13421 = SURFACE_CURVE('',#13422,(#13426,#13433),.PCURVE_S1.);
#13422 = LINE('',#13423,#13424);
#13423 = CARTESIAN_POINT('',(8.6,85.1,68.));
#13424 = VECTOR('',#13425,1.);
#13425 = DIRECTION('',(3.73058812038E-16,-1.,0.));
#13426 = PCURVE('',#237,#13427);
#13427 = DEFINITIONAL_REPRESENTATION('',(#13428),#13432);
#13428 = LINE('',#13429,#13430);
#13429 = CARTESIAN_POINT('',(2.00000000001E-03,30.5));
#13430 = VECTOR('',#13431,1.);
#13431 = DIRECTION('',(1.,1.121137472305E-48));
#13432 = ( GEOMETRIC_REPRESENTATION_CONTEXT(2) 
PARAMETRIC_REPRESENTATION_CONTEXT() REPRESENTATION_CONTEXT('2D SPACE',''
  ) );
#13433 = PCURVE('',#266,#13434);
#13434 = DEFINITIONAL_REPRESENTATION('',(#13435),#13439);
#13435 = LINE('',#13436,#13437);
#13436 = CARTESIAN_POINT('',(3.14159265359,-2.00000000001E-03));
#13437 = VECTOR('',#13438,1.);
#13438 = DIRECTION('',(0.,-1.));
#13439 = ( GEOMETRIC_REPRESENTATION_CONTEXT(2) 
PARAMETRIC_REPRESENTATION_CONTEXT() REPRESENTATION_CONTEXT('2D SPACE',''
  ) );
#13440 = ADVANCED_FACE('',(#13441),#582,.T.);
#13441 = FACE_BOUND('',#13442,.T.);
#13442 = EDGE_LOOP('',(#13443,#13444,#13465,#13466));
#13443 = ORIENTED_EDGE('',*,*,#566,.F.);
#13444 = ORIENTED_EDGE('',*,*,#13445,.F.);
#13445 = EDGE_CURVE('',#793,#538,#13446,.T.);
#13446 = SURFACE_CURVE('',#13447,(#13451,#13458),.PCURVE_S1.);
#13447 = LINE('',#13448,#13449);
#13448 = CARTESIAN_POINT('',(-6.6,-80.1,70.));
#13449 = VECTOR('',#13450,1.);
#13450 = DIRECTION('',(3.73058812038E-16,-1.,0.));
#13451 = PCURVE('',#582,#13452);
#13452 = DEFINITIONAL_REPRESENTATION('',(#13453),#13457);
#13453 = LINE('',#13454,#13455);
#13454 = CARTESIAN_POINT('',(6.6,-165.202));
#13455 = VECTOR('',#13456,1.);
#13456 = DIRECTION('',(-3.73058812038E-16,-1.));
#13457 = ( GEOMETRIC_REPRESENTATION_CONTEXT(2) 
PARAMETRIC_REPRESENTATION_CONTEXT() REPRESENTATION_CONTEXT('2D SPACE',''
  ) );
#13458 = PCURVE('',#554,#13459);
#13459 = DEFINITIONAL_REPRESENTATION('',(#13460),#13464);
#13460 = LINE('',#13461,#13462);
#13461 = CARTESIAN_POINT('',(1.570796326795,-165.202));
#13462 = VECTOR('',#13463,1.);
#13463 = DIRECTION('',(0.,-1.));
#13464 = ( GEOMETRIC_REPRESENTATION_CONTEXT(2) 
PARAMETRIC_REPRESENTATION_CONTEXT() REPRESENTATION_CONTEXT('2D SPACE',''
  ) );
#13465 = ORIENTED_EDGE('',*,*,#792,.T.);
#13466 = ORIENTED_EDGE('',*,*,#13467,.T.);
#13467 = EDGE_CURVE('',#769,#567,#13468,.T.);
#13468 = SURFACE_CURVE('',#13469,(#13473,#13480),.PCURVE_S1.);
#13469 = LINE('',#13470,#13471);
#13470 = CARTESIAN_POINT('',(6.6,-85.1,70.));
#13471 = VECTOR('',#13472,1.);
#13472 = DIRECTION('',(3.73058812038E-16,-1.,0.));
#13473 = PCURVE('',#582,#13474);
#13474 = DEFINITIONAL_REPRESENTATION('',(#13475),#13479);
#13475 = LINE('',#13476,#13477);
#13476 = CARTESIAN_POINT('',(-6.6,-170.202));
#13477 = VECTOR('',#13478,1.);
#13478 = DIRECTION('',(-3.73058812038E-16,-1.));
#13479 = ( GEOMETRIC_REPRESENTATION_CONTEXT(2) 
PARAMETRIC_REPRESENTATION_CONTEXT() REPRESENTATION_CONTEXT('2D SPACE',''
  ) );
#13480 = PCURVE('',#611,#13481);
#13481 = DEFINITIONAL_REPRESENTATION('',(#13482),#13486);
#13482 = LINE('',#13483,#13484);
#13483 = CARTESIAN_POINT('',(1.570796326795,-170.202));
#13484 = VECTOR('',#13485,1.);
#13485 = DIRECTION('',(0.,-1.));
#13486 = ( GEOMETRIC_REPRESENTATION_CONTEXT(2) 
PARAMETRIC_REPRESENTATION_CONTEXT() REPRESENTATION_CONTEXT('2D SPACE',''
  ) );
#13487 = ADVANCED_FACE('',(#13488),#639,.T.);
#13488 = FACE_BOUND('',#13489,.T.);
#13489 = EDGE_LOOP('',(#13490,#13491,#13512,#13513));
#13490 = ORIENTED_EDGE('',*,*,#623,.F.);
#13491 = ORIENTED_EDGE('',*,*,#13492,.F.);
#13492 = EDGE_CURVE('',#739,#595,#13493,.T.);
#13493 = SURFACE_CURVE('',#13494,(#13498,#13505),.PCURVE_S1.);
#13494 = LINE('',#13495,#13496);
#13495 = CARTESIAN_POINT('',(8.6,-80.1,68.));
#13496 = VECTOR('',#13497,1.);
#13497 = DIRECTION('',(3.73058812038E-16,-1.,0.));
#13498 = PCURVE('',#639,#13499);
#13499 = DEFINITIONAL_REPRESENTATION('',(#13500),#13504);
#13500 = LINE('',#13501,#13502);
#13501 = CARTESIAN_POINT('',(165.202,30.5));
#13502 = VECTOR('',#13503,1.);
#13503 = DIRECTION('',(1.,1.121137472305E-48));
#13504 = ( GEOMETRIC_REPRESENTATION_CONTEXT(2) 
PARAMETRIC_REPRESENTATION_CONTEXT() REPRESENTATION_CONTEXT('2D SPACE',''
  ) );
#13505 = PCURVE('',#611,#13506);
#13506 = DEFINITIONAL_REPRESENTATION('',(#13507),#13511);
#13507 = LINE('',#13508,#13509);
#13508 = CARTESIAN_POINT('',(3.14159265359,-165.202));
#13509 = VECTOR('',#13510,1.);
#13510 = DIRECTION('',(0.,-1.));
#13511 = ( GEOMETRIC_REPRESENTATION_CONTEXT(2) 
PARAMETRIC_REPRESENTATION_CONTEXT() REPRESENTATION_CONTEXT('2D SPACE',''
  ) );
#13512 = ORIENTED_EDGE('',*,*,#738,.T.);
#13513 = ORIENTED_EDGE('',*,*,#13514,.T.);
#13514 = EDGE_CURVE('',#741,#624,#13515,.T.);
#13515 = SURFACE_CURVE('',#13516,(#13520,#13527),.PCURVE_S1.);
#13516 = LINE('',#13517,#13518);
#13517 = CARTESIAN_POINT('',(8.6,-85.1,7.));
#13518 = VECTOR('',#13519,1.);
#13519 = DIRECTION('',(3.73058812038E-16,-1.,0.));
#13520 = PCURVE('',#639,#13521);
#13521 = DEFINITIONAL_REPRESENTATION('',(#13522),#13526);
#13522 = LINE('',#13523,#13524);
#13523 = CARTESIAN_POINT('',(170.202,-30.5));
#13524 = VECTOR('',#13525,1.);
#13525 = DIRECTION('',(1.,1.121137472305E-48));
#13526 = ( GEOMETRIC_REPRESENTATION_CONTEXT(2) 
PARAMETRIC_REPRESENTATION_CONTEXT() REPRESENTATION_CONTEXT('2D SPACE',''
  ) );
#13527 = PCURVE('',#668,#13528);
#13528 = DEFINITIONAL_REPRESENTATION('',(#13529),#13533);
#13529 = LINE('',#13530,#13531);
#13530 = CARTESIAN_POINT('',(3.14159265359,-170.202));
#13531 = VECTOR('',#13532,1.);
#13532 = DIRECTION('',(0.,-1.));
#13533 = ( GEOMETRIC_REPRESENTATION_CONTEXT(2) 
PARAMETRIC_REPRESENTATION_CONTEXT() REPRESENTATION_CONTEXT('2D SPACE',''
  ) );
#13534 = ADVANCED_FACE('',(#13535),#525,.T.);
#13535 = FACE_BOUND('',#13536,.T.);
#13536 = EDGE_LOOP('',(#13537,#13538,#13559,#13560));
#13537 = ORIENTED_EDGE('',*,*,#839,.T.);
#13538 = ORIENTED_EDGE('',*,*,#13539,.T.);
#13539 = EDGE_CURVE('',#816,#510,#13540,.T.);
#13540 = SURFACE_CURVE('',#13541,(#13545,#13552),.PCURVE_S1.);
#13541 = LINE('',#13542,#13543);
#13542 = CARTESIAN_POINT('',(-8.6,-85.1,68.));
#13543 = VECTOR('',#13544,1.);
#13544 = DIRECTION('',(3.73058812038E-16,-1.,0.));
#13545 = PCURVE('',#525,#13546);
#13546 = DEFINITIONAL_REPRESENTATION('',(#13547),#13551);
#13547 = LINE('',#13548,#13549);
#13548 = CARTESIAN_POINT('',(-170.202,30.5));
#13549 = VECTOR('',#13550,1.);
#13550 = DIRECTION('',(-1.,1.121137472305E-48));
#13551 = ( GEOMETRIC_REPRESENTATION_CONTEXT(2) 
PARAMETRIC_REPRESENTATION_CONTEXT() REPRESENTATION_CONTEXT('2D SPACE',''
  ) );
#13552 = PCURVE('',#554,#13553);
#13553 = DEFINITIONAL_REPRESENTATION('',(#13554),#13558);
#13554 = LINE('',#13555,#13556);
#13555 = CARTESIAN_POINT('',(0.,-170.202));
#13556 = VECTOR('',#13557,1.);
#13557 = DIRECTION('',(0.,-1.));
#13558 = ( GEOMETRIC_REPRESENTATION_CONTEXT(2) 
PARAMETRIC_REPRESENTATION_CONTEXT() REPRESENTATION_CONTEXT('2D SPACE',''
  ) );
#13559 = ORIENTED_EDGE('',*,*,#507,.F.);
#13560 = ORIENTED_EDGE('',*,*,#13561,.F.);
#13561 = EDGE_CURVE('',#840,#508,#13562,.T.);
#13562 = SURFACE_CURVE('',#13563,(#13567,#13574),.PCURVE_S1.);
#13563 = LINE('',#13564,#13565);
#13564 = CARTESIAN_POINT('',(-8.6,-80.1,7.));
#13565 = VECTOR('',#13566,1.);
#13566 = DIRECTION('',(3.73058812038E-16,-1.,0.));
#13567 = PCURVE('',#525,#13568);
#13568 = DEFINITIONAL_REPRESENTATION('',(#13569),#13573);
#13569 = LINE('',#13570,#13571);
#13570 = CARTESIAN_POINT('',(-165.202,-30.5));
#13571 = VECTOR('',#13572,1.);
#13572 = DIRECTION('',(-1.,1.121137472305E-48));
#13573 = ( GEOMETRIC_REPRESENTATION_CONTEXT(2) 
PARAMETRIC_REPRESENTATION_CONTEXT() REPRESENTATION_CONTEXT('2D SPACE',''
  ) );
#13574 = PCURVE('',#723,#13575);
#13575 = DEFINITIONAL_REPRESENTATION('',(#13576),#13580);
#13576 = LINE('',#13577,#13578);
#13577 = CARTESIAN_POINT('',(6.28318530718,-80.1));
#13578 = VECTOR('',#13579,1.);
#13579 = DIRECTION('',(0.,-1.));
#13580 = ( GEOMETRIC_REPRESENTATION_CONTEXT(2) 
PARAMETRIC_REPRESENTATION_CONTEXT() REPRESENTATION_CONTEXT('2D SPACE',''
  ) );
#13581 = ADVANCED_FACE('',(#13582),#209,.F.);
#13582 = FACE_BOUND('',#13583,.F.);
#13583 = EDGE_LOOP('',(#13584,#13585,#13586,#13587));
#13584 = ORIENTED_EDGE('',*,*,#13398,.T.);
#13585 = ORIENTED_EDGE('',*,*,#1223,.F.);
#13586 = ORIENTED_EDGE('',*,*,#5515,.F.);
#13587 = ORIENTED_EDGE('',*,*,#192,.T.);
#13588 = ADVANCED_FACE('',(#13589),#378,.F.);
#13589 = FACE_BOUND('',#13590,.F.);
#13590 = EDGE_LOOP('',(#13591,#13592,#13593,#13594));
#13591 = ORIENTED_EDGE('',*,*,#5537,.T.);
#13592 = ORIENTED_EDGE('',*,*,#1420,.F.);
#13593 = ORIENTED_EDGE('',*,*,#13304,.F.);
#13594 = ORIENTED_EDGE('',*,*,#363,.T.);
#13595 = ADVANCED_FACE('',(#13596),#323,.F.);
#13596 = FACE_BOUND('',#13597,.F.);
#13597 = EDGE_LOOP('',(#13598,#13599,#13600,#13601));
#13598 = ORIENTED_EDGE('',*,*,#13326,.T.);
#13599 = ORIENTED_EDGE('',*,*,#1129,.F.);
#13600 = ORIENTED_EDGE('',*,*,#13351,.F.);
#13601 = ORIENTED_EDGE('',*,*,#306,.T.);
#13602 = ADVANCED_FACE('',(#13603),#266,.F.);
#13603 = FACE_BOUND('',#13604,.F.);
#13604 = EDGE_LOOP('',(#13605,#13606,#13607,#13608));
#13605 = ORIENTED_EDGE('',*,*,#13373,.T.);
#13606 = ORIENTED_EDGE('',*,*,#1176,.F.);
#13607 = ORIENTED_EDGE('',*,*,#13420,.F.);
#13608 = ORIENTED_EDGE('',*,*,#249,.T.);
#13609 = ADVANCED_FACE('',(#13610),#554,.F.);
#13610 = FACE_BOUND('',#13611,.F.);
#13611 = EDGE_LOOP('',(#13612,#13613,#13614,#13615));
#13612 = ORIENTED_EDGE('',*,*,#13539,.T.);
#13613 = ORIENTED_EDGE('',*,*,#537,.F.);
#13614 = ORIENTED_EDGE('',*,*,#13445,.F.);
#13615 = ORIENTED_EDGE('',*,*,#815,.T.);
#13616 = ADVANCED_FACE('',(#13617),#611,.F.);
#13617 = FACE_BOUND('',#13618,.F.);
#13618 = EDGE_LOOP('',(#13619,#13620,#13621,#13622));
#13619 = ORIENTED_EDGE('',*,*,#13467,.T.);
#13620 = ORIENTED_EDGE('',*,*,#594,.F.);
#13621 = ORIENTED_EDGE('',*,*,#13492,.F.);
#13622 = ORIENTED_EDGE('',*,*,#768,.T.);
#13623 = ADVANCED_FACE('',(#13624),#668,.F.);
#13624 = FACE_BOUND('',#13625,.F.);
#13625 = EDGE_LOOP('',(#13626,#13627,#13628,#13629));
#13626 = ORIENTED_EDGE('',*,*,#13514,.T.);
#13627 = ORIENTED_EDGE('',*,*,#651,.F.);
#13628 = ORIENTED_EDGE('',*,*,#6307,.F.);
#13629 = ORIENTED_EDGE('',*,*,#1074,.T.);
#13630 = ADVANCED_FACE('',(#13631),#723,.F.);
#13631 = FACE_BOUND('',#13632,.F.);
#13632 = EDGE_LOOP('',(#13633,#13634,#13635,#13636));
#13633 = ORIENTED_EDGE('',*,*,#6402,.T.);
#13634 = ORIENTED_EDGE('',*,*,#708,.F.);
#13635 = ORIENTED_EDGE('',*,*,#13561,.F.);
#13636 = ORIENTED_EDGE('',*,*,#862,.T.);
#13637 = ( GEOMETRIC_REPRESENTATION_CONTEXT(3) 
GLOBAL_UNCERTAINTY_ASSIGNED_CONTEXT((#13641)) 
GLOBAL_UNIT_ASSIGNED_CONTEXT((#13638,#13639,#13640)) 
REPRESENTATION_CONTEXT('Context #1',
  '3D Context with UNIT and UNCERTAINTY') );
#13638 = ( LENGTH_UNIT() NAMED_UNIT(*) SI_UNIT(.MILLI.,.METRE.) );
#13639 = ( NAMED_UNIT(*) PLANE_ANGLE_UNIT() SI_UNIT($,.RADIAN.) );
#13640 = ( NAMED_UNIT(*) SI_UNIT($,.STERADIAN.) SOLID_ANGLE_UNIT() );
#13641 = UNCERTAINTY_MEASURE_WITH_UNIT(LENGTH_MEASURE(5.E-05),#13638,
  'distance_accuracy_value','confusion accuracy');
#13642 = CONTEXT_DEPENDENT_SHAPE_REPRESENTATION(#13643,#13645);
#13643 = ( REPRESENTATION_RELATIONSHIP('','',#36,#10) 
REPRESENTATION_RELATIONSHIP_WITH_TRANSFORMATION(#13644) 
SHAPE_REPRESENTATION_RELATIONSHIP() );
#13644 = ITEM_DEFINED_TRANSFORMATION('','',#11,#15);
#13645 = PRODUCT_DEFINITION_SHAPE('Placement','Placement of an item',
  #13646);
#13646 = NEXT_ASSEMBLY_USAGE_OCCURRENCE('251','','',#5,#31,$);
#13647 = PRODUCT_RELATED_PRODUCT_CATEGORY('part',$,(#33));
#13648 = SHAPE_DEFINITION_REPRESENTATION(#13649,#13655);
#13649 = PRODUCT_DEFINITION_SHAPE('','',#13650);
#13650 = PRODUCT_DEFINITION('design','',#13651,#13654);
#13651 = PRODUCT_DEFINITION_FORMATION('','',#13652);
#13652 = PRODUCT('Open CASCADE STEP translator 7.8 6.2',
  'Open CASCADE STEP translator 7.8 6.2','',(#13653));
#13653 = PRODUCT_CONTEXT('',#2,'mechanical');
#13654 = PRODUCT_DEFINITION_CONTEXT('part definition',#2,'design');
#13655 = ADVANCED_BREP_SHAPE_REPRESENTATION('',(#11,#13656),#13986);
#13656 = MANIFOLD_SOLID_BREP('',#13657);
#13657 = CLOSED_SHELL('',(#13658,#13778,#13854,#13925,#13972,#13979));
#13658 = ADVANCED_FACE('',(#13659),#13673,.T.);
#13659 = FACE_BOUND('',#13660,.T.);
#13660 = EDGE_LOOP('',(#13661,#13696,#13724,#13752));
#13661 = ORIENTED_EDGE('',*,*,#13662,.F.);
#13662 = EDGE_CURVE('',#13663,#13665,#13667,.T.);
#13663 = VERTEX_POINT('',#13664);
#13664 = CARTESIAN_POINT('',(80.,-40.,0.));
#13665 = VERTEX_POINT('',#13666);
#13666 = CARTESIAN_POINT('',(-80.,-40.,0.));
#13667 = SURFACE_CURVE('',#13668,(#13672,#13684),.PCURVE_S1.);
#13668 = LINE('',#13669,#13670);
#13669 = CARTESIAN_POINT('',(0.,-40.,0.));
#13670 = VECTOR('',#13671,1.);
#13671 = DIRECTION('',(-1.,-8.673617379884E-17,0.));
#13672 = PCURVE('',#13673,#13678);
#13673 = PLANE('',#13674);
#13674 = AXIS2_PLACEMENT_3D('',#13675,#13676,#13677);
#13675 = CARTESIAN_POINT('',(0.,-40.,26.));
#13676 = DIRECTION('',(8.673617379884E-17,-1.,0.));
#13677 = DIRECTION('',(1.,8.673617379884E-17,0.));
#13678 = DEFINITIONAL_REPRESENTATION('',(#13679),#13683);
#13679 = LINE('',#13680,#13681);
#13680 = CARTESIAN_POINT('',(0.,-26.));
#13681 = VECTOR('',#13682,1.);
#13682 = DIRECTION('',(-1.,0.));
#13683 = ( GEOMETRIC_REPRESENTATION_CONTEXT(2) 
PARAMETRIC_REPRESENTATION_CONTEXT() REPRESENTATION_CONTEXT('2D SPACE',''
  ) );
#13684 = PCURVE('',#13685,#13690);
#13685 = PLANE('',#13686);
#13686 = AXIS2_PLACEMENT_3D('',#13687,#13688,#13689);
#13687 = CARTESIAN_POINT('',(0.,0.,0.));
#13688 = DIRECTION('',(0.,0.,1.));
#13689 = DIRECTION('',(1.,0.,-0.));
#13690 = DEFINITIONAL_REPRESENTATION('',(#13691),#13695);
#13691 = LINE('',#13692,#13693);
#13692 = CARTESIAN_POINT('',(0.,-40.));
#13693 = VECTOR('',#13694,1.);
#13694 = DIRECTION('',(-1.,-8.673617379884E-17));
#13695 = ( GEOMETRIC_REPRESENTATION_CONTEXT(2) 
PARAMETRIC_REPRESENTATION_CONTEXT() REPRESENTATION_CONTEXT('2D SPACE',''
  ) );
#13696 = ORIENTED_EDGE('',*,*,#13697,.F.);
#13697 = EDGE_CURVE('',#13698,#13663,#13700,.T.);
#13698 = VERTEX_POINT('',#13699);
#13699 = CARTESIAN_POINT('',(80.,-40.,26.));
#13700 = SURFACE_CURVE('',#13701,(#13705,#13712),.PCURVE_S1.);
#13701 = LINE('',#13702,#13703);
#13702 = CARTESIAN_POINT('',(80.,-40.,26.));
#13703 = VECTOR('',#13704,1.);
#13704 = DIRECTION('',(0.,0.,-1.));
#13705 = PCURVE('',#13673,#13706);
#13706 = DEFINITIONAL_REPRESENTATION('',(#13707),#13711);
#13707 = LINE('',#13708,#13709);
#13708 = CARTESIAN_POINT('',(80.,0.));
#13709 = VECTOR('',#13710,1.);
#13710 = DIRECTION('',(0.,-1.));
#13711 = ( GEOMETRIC_REPRESENTATION_CONTEXT(2) 
PARAMETRIC_REPRESENTATION_CONTEXT() REPRESENTATION_CONTEXT('2D SPACE',''
  ) );
#13712 = PCURVE('',#13713,#13718);
#13713 = PLANE('',#13714);
#13714 = AXIS2_PLACEMENT_3D('',#13715,#13716,#13717);
#13715 = CARTESIAN_POINT('',(80.,1.387778780781E-14,26.));
#13716 = DIRECTION('',(-1.,-1.734723475977E-16,0.));
#13717 = DIRECTION('',(1.734723475977E-16,-1.,0.));
#13718 = DEFINITIONAL_REPRESENTATION('',(#13719),#13723);
#13719 = LINE('',#13720,#13721);
#13720 = CARTESIAN_POINT('',(40.,0.));
#13721 = VECTOR('',#13722,1.);
#13722 = DIRECTION('',(0.,-1.));
#13723 = ( GEOMETRIC_REPRESENTATION_CONTEXT(2) 
PARAMETRIC_REPRESENTATION_CONTEXT() REPRESENTATION_CONTEXT('2D SPACE',''
  ) );
#13724 = ORIENTED_EDGE('',*,*,#13725,.T.);
#13725 = EDGE_CURVE('',#13698,#13726,#13728,.T.);
#13726 = VERTEX_POINT('',#13727);
#13727 = CARTESIAN_POINT('',(-80.,-40.,26.));
#13728 = SURFACE_CURVE('',#13729,(#13733,#13740),.PCURVE_S1.);
#13729 = LINE('',#13730,#13731);
#13730 = CARTESIAN_POINT('',(0.,-40.,26.));
#13731 = VECTOR('',#13732,1.);
#13732 = DIRECTION('',(-1.,-8.673617379884E-17,0.));
#13733 = PCURVE('',#13673,#13734);
#13734 = DEFINITIONAL_REPRESENTATION('',(#13735),#13739);
#13735 = LINE('',#13736,#13737);
#13736 = CARTESIAN_POINT('',(0.,0.));
#13737 = VECTOR('',#13738,1.);
#13738 = DIRECTION('',(-1.,0.));
#13739 = ( GEOMETRIC_REPRESENTATION_CONTEXT(2) 
PARAMETRIC_REPRESENTATION_CONTEXT() REPRESENTATION_CONTEXT('2D SPACE',''
  ) );
#13740 = PCURVE('',#13741,#13746);
#13741 = PLANE('',#13742);
#13742 = AXIS2_PLACEMENT_3D('',#13743,#13744,#13745);
#13743 = CARTESIAN_POINT('',(0.,0.,26.));
#13744 = DIRECTION('',(0.,0.,1.));
#13745 = DIRECTION('',(1.,0.,-0.));
#13746 = DEFINITIONAL_REPRESENTATION('',(#13747),#13751);
#13747 = LINE('',#13748,#13749);
#13748 = CARTESIAN_POINT('',(0.,-40.));
#13749 = VECTOR('',#13750,1.);
#13750 = DIRECTION('',(-1.,-8.673617379884E-17));
#13751 = ( GEOMETRIC_REPRESENTATION_CONTEXT(2) 
PARAMETRIC_REPRESENTATION_CONTEXT() REPRESENTATION_CONTEXT('2D SPACE',''
  ) );
#13752 = ORIENTED_EDGE('',*,*,#13753,.T.);
#13753 = EDGE_CURVE('',#13726,#13665,#13754,.T.);
#13754 = SURFACE_CURVE('',#13755,(#13759,#13766),.PCURVE_S1.);
#13755 = LINE('',#13756,#13757);
#13756 = CARTESIAN_POINT('',(-80.,-40.,26.));
#13757 = VECTOR('',#13758,1.);
#13758 = DIRECTION('',(0.,0.,-1.));
#13759 = PCURVE('',#13673,#13760);
#13760 = DEFINITIONAL_REPRESENTATION('',(#13761),#13765);
#13761 = LINE('',#13762,#13763);
#13762 = CARTESIAN_POINT('',(-80.,0.));
#13763 = VECTOR('',#13764,1.);
#13764 = DIRECTION('',(0.,-1.));
#13765 = ( GEOMETRIC_REPRESENTATION_CONTEXT(2) 
PARAMETRIC_REPRESENTATION_CONTEXT() REPRESENTATION_CONTEXT('2D SPACE',''
  ) );
#13766 = PCURVE('',#13767,#13772);
#13767 = PLANE('',#13768);
#13768 = AXIS2_PLACEMENT_3D('',#13769,#13770,#13771);
#13769 = CARTESIAN_POINT('',(-80.,0.,26.));
#13770 = DIRECTION('',(-1.,-1.734723475977E-16,0.));
#13771 = DIRECTION('',(1.734723475977E-16,-1.,0.));
#13772 = DEFINITIONAL_REPRESENTATION('',(#13773),#13777);
#13773 = LINE('',#13774,#13775);
#13774 = CARTESIAN_POINT('',(40.,0.));
#13775 = VECTOR('',#13776,1.);
#13776 = DIRECTION('',(0.,-1.));
#13777 = ( GEOMETRIC_REPRESENTATION_CONTEXT(2) 
PARAMETRIC_REPRESENTATION_CONTEXT() REPRESENTATION_CONTEXT('2D SPACE',''
  ) );
#13778 = ADVANCED_FACE('',(#13779),#13713,.F.);
#13779 = FACE_BOUND('',#13780,.T.);
#13780 = EDGE_LOOP('',(#13781,#13804,#13832,#13853));
#13781 = ORIENTED_EDGE('',*,*,#13782,.T.);
#13782 = EDGE_CURVE('',#13663,#13783,#13785,.T.);
#13783 = VERTEX_POINT('',#13784);
#13784 = CARTESIAN_POINT('',(80.,40.,0.));
#13785 = SURFACE_CURVE('',#13786,(#13790,#13797),.PCURVE_S1.);
#13786 = LINE('',#13787,#13788);
#13787 = CARTESIAN_POINT('',(80.,1.387778780781E-14,0.));
#13788 = VECTOR('',#13789,1.);
#13789 = DIRECTION('',(-1.734723475977E-16,1.,0.));
#13790 = PCURVE('',#13713,#13791);
#13791 = DEFINITIONAL_REPRESENTATION('',(#13792),#13796);
#13792 = LINE('',#13793,#13794);
#13793 = CARTESIAN_POINT('',(0.,-26.));
#13794 = VECTOR('',#13795,1.);
#13795 = DIRECTION('',(-1.,0.));
#13796 = ( GEOMETRIC_REPRESENTATION_CONTEXT(2) 
PARAMETRIC_REPRESENTATION_CONTEXT() REPRESENTATION_CONTEXT('2D SPACE',''
  ) );
#13797 = PCURVE('',#13685,#13798);
#13798 = DEFINITIONAL_REPRESENTATION('',(#13799),#13803);
#13799 = LINE('',#13800,#13801);
#13800 = CARTESIAN_POINT('',(80.,1.387778780781E-14));
#13801 = VECTOR('',#13802,1.);
#13802 = DIRECTION('',(-1.734723475977E-16,1.));
#13803 = ( GEOMETRIC_REPRESENTATION_CONTEXT(2) 
PARAMETRIC_REPRESENTATION_CONTEXT() REPRESENTATION_CONTEXT('2D SPACE',''
  ) );
#13804 = ORIENTED_EDGE('',*,*,#13805,.F.);
#13805 = EDGE_CURVE('',#13806,#13783,#13808,.T.);
#13806 = VERTEX_POINT('',#13807);
#13807 = CARTESIAN_POINT('',(80.,40.,26.));
#13808 = SURFACE_CURVE('',#13809,(#13813,#13820),.PCURVE_S1.);
#13809 = LINE('',#13810,#13811);
#13810 = CARTESIAN_POINT('',(80.,40.,26.));
#13811 = VECTOR('',#13812,1.);
#13812 = DIRECTION('',(0.,0.,-1.));
#13813 = PCURVE('',#13713,#13814);
#13814 = DEFINITIONAL_REPRESENTATION('',(#13815),#13819);
#13815 = LINE('',#13816,#13817);
#13816 = CARTESIAN_POINT('',(-40.,0.));
#13817 = VECTOR('',#13818,1.);
#13818 = DIRECTION('',(0.,-1.));
#13819 = ( GEOMETRIC_REPRESENTATION_CONTEXT(2) 
PARAMETRIC_REPRESENTATION_CONTEXT() REPRESENTATION_CONTEXT('2D SPACE',''
  ) );
#13820 = PCURVE('',#13821,#13826);
#13821 = PLANE('',#13822);
#13822 = AXIS2_PLACEMENT_3D('',#13823,#13824,#13825);
#13823 = CARTESIAN_POINT('',(-1.387778780781E-14,40.,26.));
#13824 = DIRECTION('',(8.673617379884E-17,-1.,0.));
#13825 = DIRECTION('',(1.,8.673617379884E-17,0.));
#13826 = DEFINITIONAL_REPRESENTATION('',(#13827),#13831);
#13827 = LINE('',#13828,#13829);
#13828 = CARTESIAN_POINT('',(80.,0.));
#13829 = VECTOR('',#13830,1.);
#13830 = DIRECTION('',(0.,-1.));
#13831 = ( GEOMETRIC_REPRESENTATION_CONTEXT(2) 
PARAMETRIC_REPRESENTATION_CONTEXT() REPRESENTATION_CONTEXT('2D SPACE',''
  ) );
#13832 = ORIENTED_EDGE('',*,*,#13833,.F.);
#13833 = EDGE_CURVE('',#13698,#13806,#13834,.T.);
#13834 = SURFACE_CURVE('',#13835,(#13839,#13846),.PCURVE_S1.);
#13835 = LINE('',#13836,#13837);
#13836 = CARTESIAN_POINT('',(80.,1.387778780781E-14,26.));
#13837 = VECTOR('',#13838,1.);
#13838 = DIRECTION('',(-1.734723475977E-16,1.,0.));
#13839 = PCURVE('',#13713,#13840);
#13840 = DEFINITIONAL_REPRESENTATION('',(#13841),#13845);
#13841 = LINE('',#13842,#13843);
#13842 = CARTESIAN_POINT('',(0.,0.));
#13843 = VECTOR('',#13844,1.);
#13844 = DIRECTION('',(-1.,0.));
#13845 = ( GEOMETRIC_REPRESENTATION_CONTEXT(2) 
PARAMETRIC_REPRESENTATION_CONTEXT() REPRESENTATION_CONTEXT('2D SPACE',''
  ) );
#13846 = PCURVE('',#13741,#13847);
#13847 = DEFINITIONAL_REPRESENTATION('',(#13848),#13852);
#13848 = LINE('',#13849,#13850);
#13849 = CARTESIAN_POINT('',(80.,1.387778780781E-14));
#13850 = VECTOR('',#13851,1.);
#13851 = DIRECTION('',(-1.734723475977E-16,1.));
#13852 = ( GEOMETRIC_REPRESENTATION_CONTEXT(2) 
PARAMETRIC_REPRESENTATION_CONTEXT() REPRESENTATION_CONTEXT('2D SPACE',''
  ) );
#13853 = ORIENTED_EDGE('',*,*,#13697,.T.);
#13854 = ADVANCED_FACE('',(#13855),#13821,.F.);
#13855 = FACE_BOUND('',#13856,.T.);
#13856 = EDGE_LOOP('',(#13857,#13880,#13903,#13924));
#13857 = ORIENTED_EDGE('',*,*,#13858,.T.);
#13858 = EDGE_CURVE('',#13783,#13859,#13861,.T.);
#13859 = VERTEX_POINT('',#13860);
#13860 = CARTESIAN_POINT('',(-80.,40.,0.));
#13861 = SURFACE_CURVE('',#13862,(#13866,#13873),.PCURVE_S1.);
#13862 = LINE('',#13863,#13864);
#13863 = CARTESIAN_POINT('',(-1.387778780781E-14,40.,0.));
#13864 = VECTOR('',#13865,1.);
#13865 = DIRECTION('',(-1.,-8.673617379884E-17,0.));
#13866 = PCURVE('',#13821,#13867);
#13867 = DEFINITIONAL_REPRESENTATION('',(#13868),#13872);
#13868 = LINE('',#13869,#13870);
#13869 = CARTESIAN_POINT('',(0.,-26.));
#13870 = VECTOR('',#13871,1.);
#13871 = DIRECTION('',(-1.,0.));
#13872 = ( GEOMETRIC_REPRESENTATION_CONTEXT(2) 
PARAMETRIC_REPRESENTATION_CONTEXT() REPRESENTATION_CONTEXT('2D SPACE',''
  ) );
#13873 = PCURVE('',#13685,#13874);
#13874 = DEFINITIONAL_REPRESENTATION('',(#13875),#13879);
#13875 = LINE('',#13876,#13877);
#13876 = CARTESIAN_POINT('',(-1.387778780781E-14,40.));
#13877 = VECTOR('',#13878,1.);
#13878 = DIRECTION('',(-1.,-8.673617379884E-17));
#13879 = ( GEOMETRIC_REPRESENTATION_CONTEXT(2) 
PARAMETRIC_REPRESENTATION_CONTEXT() REPRESENTATION_CONTEXT('2D SPACE',''
  ) );
#13880 = ORIENTED_EDGE('',*,*,#13881,.F.);
#13881 = EDGE_CURVE('',#13882,#13859,#13884,.T.);
#13882 = VERTEX_POINT('',#13883);
#13883 = CARTESIAN_POINT('',(-80.,40.,26.));
#13884 = SURFACE_CURVE('',#13885,(#13889,#13896),.PCURVE_S1.);
#13885 = LINE('',#13886,#13887);
#13886 = CARTESIAN_POINT('',(-80.,40.,26.));
#13887 = VECTOR('',#13888,1.);
#13888 = DIRECTION('',(0.,0.,-1.));
#13889 = PCURVE('',#13821,#13890);
#13890 = DEFINITIONAL_REPRESENTATION('',(#13891),#13895);
#13891 = LINE('',#13892,#13893);
#13892 = CARTESIAN_POINT('',(-80.,0.));
#13893 = VECTOR('',#13894,1.);
#13894 = DIRECTION('',(0.,-1.));
#13895 = ( GEOMETRIC_REPRESENTATION_CONTEXT(2) 
PARAMETRIC_REPRESENTATION_CONTEXT() REPRESENTATION_CONTEXT('2D SPACE',''
  ) );
#13896 = PCURVE('',#13767,#13897);
#13897 = DEFINITIONAL_REPRESENTATION('',(#13898),#13902);
#13898 = LINE('',#13899,#13900);
#13899 = CARTESIAN_POINT('',(-40.,0.));
#13900 = VECTOR('',#13901,1.);
#13901 = DIRECTION('',(0.,-1.));
#13902 = ( GEOMETRIC_REPRESENTATION_CONTEXT(2) 
PARAMETRIC_REPRESENTATION_CONTEXT() REPRESENTATION_CONTEXT('2D SPACE',''
  ) );
#13903 = ORIENTED_EDGE('',*,*,#13904,.F.);
#13904 = EDGE_CURVE('',#13806,#13882,#13905,.T.);
#13905 = SURFACE_CURVE('',#13906,(#13910,#13917),.PCURVE_S1.);
#13906 = LINE('',#13907,#13908);
#13907 = CARTESIAN_POINT('',(-1.387778780781E-14,40.,26.));
#13908 = VECTOR('',#13909,1.);
#13909 = DIRECTION('',(-1.,-8.673617379884E-17,0.));
#13910 = PCURVE('',#13821,#13911);
#13911 = DEFINITIONAL_REPRESENTATION('',(#13912),#13916);
#13912 = LINE('',#13913,#13914);
#13913 = CARTESIAN_POINT('',(0.,0.));
#13914 = VECTOR('',#13915,1.);
#13915 = DIRECTION('',(-1.,0.));
#13916 = ( GEOMETRIC_REPRESENTATION_CONTEXT(2) 
PARAMETRIC_REPRESENTATION_CONTEXT() REPRESENTATION_CONTEXT('2D SPACE',''
  ) );
#13917 = PCURVE('',#13741,#13918);
#13918 = DEFINITIONAL_REPRESENTATION('',(#13919),#13923);
#13919 = LINE('',#13920,#13921);
#13920 = CARTESIAN_POINT('',(-1.387778780781E-14,40.));
#13921 = VECTOR('',#13922,1.);
#13922 = DIRECTION('',(-1.,-8.673617379884E-17));
#13923 = ( GEOMETRIC_REPRESENTATION_CONTEXT(2) 
PARAMETRIC_REPRESENTATION_CONTEXT() REPRESENTATION_CONTEXT('2D SPACE',''
  ) );
#13924 = ORIENTED_EDGE('',*,*,#13805,.T.);
#13925 = ADVANCED_FACE('',(#13926),#13767,.T.);
#13926 = FACE_BOUND('',#13927,.T.);
#13927 = EDGE_LOOP('',(#13928,#13949,#13950,#13971));
#13928 = ORIENTED_EDGE('',*,*,#13929,.F.);
#13929 = EDGE_CURVE('',#13665,#13859,#13930,.T.);
#13930 = SURFACE_CURVE('',#13931,(#13935,#13942),.PCURVE_S1.);
#13931 = LINE('',#13932,#13933);
#13932 = CARTESIAN_POINT('',(-80.,0.,0.));
#13933 = VECTOR('',#13934,1.);
#13934 = DIRECTION('',(-1.734723475977E-16,1.,0.));
#13935 = PCURVE('',#13767,#13936);
#13936 = DEFINITIONAL_REPRESENTATION('',(#13937),#13941);
#13937 = LINE('',#13938,#13939);
#13938 = CARTESIAN_POINT('',(0.,-26.));
#13939 = VECTOR('',#13940,1.);
#13940 = DIRECTION('',(-1.,0.));
#13941 = ( GEOMETRIC_REPRESENTATION_CONTEXT(2) 
PARAMETRIC_REPRESENTATION_CONTEXT() REPRESENTATION_CONTEXT('2D SPACE',''
  ) );
#13942 = PCURVE('',#13685,#13943);
#13943 = DEFINITIONAL_REPRESENTATION('',(#13944),#13948);
#13944 = LINE('',#13945,#13946);
#13945 = CARTESIAN_POINT('',(-80.,0.));
#13946 = VECTOR('',#13947,1.);
#13947 = DIRECTION('',(-1.734723475977E-16,1.));
#13948 = ( GEOMETRIC_REPRESENTATION_CONTEXT(2) 
PARAMETRIC_REPRESENTATION_CONTEXT() REPRESENTATION_CONTEXT('2D SPACE',''
  ) );
#13949 = ORIENTED_EDGE('',*,*,#13753,.F.);
#13950 = ORIENTED_EDGE('',*,*,#13951,.T.);
#13951 = EDGE_CURVE('',#13726,#13882,#13952,.T.);
#13952 = SURFACE_CURVE('',#13953,(#13957,#13964),.PCURVE_S1.);
#13953 = LINE('',#13954,#13955);
#13954 = CARTESIAN_POINT('',(-80.,0.,26.));
#13955 = VECTOR('',#13956,1.);
#13956 = DIRECTION('',(-1.734723475977E-16,1.,0.));
#13957 = PCURVE('',#13767,#13958);
#13958 = DEFINITIONAL_REPRESENTATION('',(#13959),#13963);
#13959 = LINE('',#13960,#13961);
#13960 = CARTESIAN_POINT('',(0.,0.));
#13961 = VECTOR('',#13962,1.);
#13962 = DIRECTION('',(-1.,0.));
#13963 = ( GEOMETRIC_REPRESENTATION_CONTEXT(2) 
PARAMETRIC_REPRESENTATION_CONTEXT() REPRESENTATION_CONTEXT('2D SPACE',''
  ) );
#13964 = PCURVE('',#13741,#13965);
#13965 = DEFINITIONAL_REPRESENTATION('',(#13966),#13970);
#13966 = LINE('',#13967,#13968);
#13967 = CARTESIAN_POINT('',(-80.,0.));
#13968 = VECTOR('',#13969,1.);
#13969 = DIRECTION('',(-1.734723475977E-16,1.));
#13970 = ( GEOMETRIC_REPRESENTATION_CONTEXT(2) 
PARAMETRIC_REPRESENTATION_CONTEXT() REPRESENTATION_CONTEXT('2D SPACE',''
  ) );
#13971 = ORIENTED_EDGE('',*,*,#13881,.T.);
#13972 = ADVANCED_FACE('',(#13973),#13741,.T.);
#13973 = FACE_BOUND('',#13974,.T.);
#13974 = EDGE_LOOP('',(#13975,#13976,#13977,#13978));
#13975 = ORIENTED_EDGE('',*,*,#13725,.F.);
#13976 = ORIENTED_EDGE('',*,*,#13833,.T.);
#13977 = ORIENTED_EDGE('',*,*,#13904,.T.);
#13978 = ORIENTED_EDGE('',*,*,#13951,.F.);
#13979 = ADVANCED_FACE('',(#13980),#13685,.F.);
#13980 = FACE_BOUND('',#13981,.T.);
#13981 = EDGE_LOOP('',(#13982,#13983,#13984,#13985));
#13982 = ORIENTED_EDGE('',*,*,#13662,.T.);
#13983 = ORIENTED_EDGE('',*,*,#13929,.T.);
#13984 = ORIENTED_EDGE('',*,*,#13858,.F.);
#13985 = ORIENTED_EDGE('',*,*,#13782,.F.);
#13986 = ( GEOMETRIC_REPRESENTATION_CONTEXT(3) 
GLOBAL_UNCERTAINTY_ASSIGNED_CONTEXT((#13990)) 
GLOBAL_UNIT_ASSIGNED_CONTEXT((#13987,#13988,#13989)) 
REPRESENTATION_CONTEXT('Context #1',
  '3D Context with UNIT and UNCERTAINTY') );
#13987 = ( LENGTH_UNIT() NAMED_UNIT(*) SI_UNIT(.MILLI.,.METRE.) );
#13988 = ( NAMED_UNIT(*) PLANE_ANGLE_UNIT() SI_UNIT($,.RADIAN.) );
#13989 = ( NAMED_UNIT(*) SI_UNIT($,.STERADIAN.) SOLID_ANGLE_UNIT() );
#13990 = UNCERTAINTY_MEASURE_WITH_UNIT(LENGTH_MEASURE(1.E-07),#13987,
  'distance_accuracy_value','confusion accuracy');
#13991 = CONTEXT_DEPENDENT_SHAPE_REPRESENTATION(#13992,#13994);
#13992 = ( REPRESENTATION_RELATIONSHIP('','',#13655,#10) 
REPRESENTATION_RELATIONSHIP_WITH_TRANSFORMATION(#13993) 
SHAPE_REPRESENTATION_RELATIONSHIP() );
#13993 = ITEM_DEFINED_TRANSFORMATION('','',#11,#19);
#13994 = PRODUCT_DEFINITION_SHAPE('Placement','Placement of an item',
  #13995);
#13995 = NEXT_ASSEMBLY_USAGE_OCCURRENCE('252','','',#5,#13650,$);
#13996 = PRODUCT_RELATED_PRODUCT_CATEGORY('part',$,(#13652));
ENDSEC;
END-ISO-10303-21;
