ISO-10303-21;
HEADER;
FILE_DESCRIPTION(('Open CASCADE Model'),'2;1');
FILE_NAME('Open CASCADE Shape Model','2026-05-29T15:41:52',('Author'),(
    'Open CASCADE'),'Open CASCADE STEP processor 7.8','Open CASCADE 7.8'
  ,'Unknown');
FILE_SCHEMA(('AUTOMOTIVE_DESIGN { 1 0 10303 214 1 1 1 1 }'));
ENDSEC;
DATA;
#1 = APPLICATION_PROTOCOL_DEFINITION('international standard',
  'automotive_design',2000,#2);
#2 = APPLICATION_CONTEXT(
  'core data for automotive mechanical design processes');
#3 = SHAPE_DEFINITION_REPRESENTATION(#4,#10);
#4 = PRODUCT_DEFINITION_SHAPE('','',#5);
#5 = PRODUCT_DEFINITION('design','',#6,#9);
#6 = PRODUCT_DEFINITION_FORMATION('','',#7);
#7 = PRODUCT('Open CASCADE STEP translator 7.8 8',
  'Open CASCADE STEP translator 7.8 8','',(#8));
#8 = PRODUCT_CONTEXT('',#2,'mechanical');
#9 = PRODUCT_DEFINITION_CONTEXT('part definition',#2,'design');
#10 = SHAPE_REPRESENTATION('',(#11,#15,#19,#23,#27),#31);
#11 = AXIS2_PLACEMENT_3D('',#12,#13,#14);
#12 = CARTESIAN_POINT('',(0.,0.,0.));
#13 = DIRECTION('',(0.,0.,1.));
#14 = DIRECTION('',(1.,0.,-0.));
#15 = AXIS2_PLACEMENT_3D('',#16,#17,#18);
#16 = CARTESIAN_POINT('',(40.84089653011,-1.650005638294,19.003331121166
    ));
#17 = DIRECTION('',(1.,5.728007510852E-15,-1.486037776241E-15));
#18 = DIRECTION('',(-1.486037776241E-15,-1.63157026553E-14,-1.));
#19 = AXIS2_PLACEMENT_3D('',#20,#21,#22);
#20 = CARTESIAN_POINT('',(54.474908776129,-285.6014669534,9.503331121167
    ));
#21 = DIRECTION('',(-3.274043441837E-15,1.639896938215E-14,1.));
#22 = DIRECTION('',(5.631633984409E-15,-1.,1.639896938215E-14));
#23 = AXIS2_PLACEMENT_3D('',#24,#25,#26);
#24 = CARTESIAN_POINT('',(59.840896530113,-131.6500056382,
    58.803331121168));
#25 = DIRECTION('',(4.28353659868E-15,-1.,1.547259518102E-14));
#26 = DIRECTION('',(-1.,-4.28353659868E-15,-3.342127123122E-15));
#27 = AXIS2_PLACEMENT_3D('',#28,#29,#30);
#28 = CARTESIAN_POINT('',(59.840896530111,128.3499943617,58.803331121164
    ));
#29 = DIRECTION('',(-4.519458991412E-15,1.,-1.547259518102E-14));
#30 = DIRECTION('',(1.,4.519458991413E-15,3.342127123122E-15));
#31 = ( GEOMETRIC_REPRESENTATION_CONTEXT(3) 
GLOBAL_UNCERTAINTY_ASSIGNED_CONTEXT((#35)) GLOBAL_UNIT_ASSIGNED_CONTEXT(
(#32,#33,#34)) REPRESENTATION_CONTEXT('Context #1',
  '3D Context with UNIT and UNCERTAINTY') );
#32 = ( LENGTH_UNIT() NAMED_UNIT(*) SI_UNIT(.MILLI.,.METRE.) );
#33 = ( NAMED_UNIT(*) PLANE_ANGLE_UNIT() SI_UNIT($,.RADIAN.) );
#34 = ( NAMED_UNIT(*) SI_UNIT($,.STERADIAN.) SOLID_ANGLE_UNIT() );
#35 = UNCERTAINTY_MEASURE_WITH_UNIT(LENGTH_MEASURE(2.E-04),#32,
  'distance_accuracy_value','confusion accuracy');
#36 = PRODUCT_RELATED_PRODUCT_CATEGORY('part',$,(#7));
#37 = SHAPE_DEFINITION_REPRESENTATION(#38,#44);
#38 = PRODUCT_DEFINITION_SHAPE('','',#39);
#39 = PRODUCT_DEFINITION('design','',#40,#43);
#40 = PRODUCT_DEFINITION_FORMATION('','',#41);
#41 = PRODUCT('Open CASCADE STEP translator 7.8 8.1',
  'Open CASCADE STEP translator 7.8 8.1','',(#42));
#42 = PRODUCT_CONTEXT('',#2,'mechanical');
#43 = PRODUCT_DEFINITION_CONTEXT('part definition',#2,'design');
#44 = ADVANCED_BREP_SHAPE_REPRESENTATION('',(#11,#45),#13745);
#45 = MANIFOLD_SOLID_BREP('',#46);
#46 = CLOSED_SHELL('',(#47,#397,#742,#1103,#1449,#1638,#1823,#3348,#3626
    ,#4250,#4848,#5449,#5569,#6298,#6418,#6518,#6618,#6789,#6836,#7007,
    #7054,#7101,#7148,#7195,#7242,#7289,#7336,#7383,#7458,#7529,#7600,
    #7717,#7793,#7842,#7913,#7941,#7969,#7997,#8025,#8053,#8060,#8067,
    #8074,#8081,#8088,#8095,#8102,#8109,#8116,#8123,#8130,#8137,#8186,
    #8235,#8284,#8333,#8360,#8387,#8414,#8441,#8448,#8455,#8462,#8469,
    #8497,#8525,#8553,#8560,#8588,#8616,#8644,#8651,#8679,#8707,#8735,
    #8742,#8770,#8798,#8826,#8833,#8953,#9073,#9193,#9313,#9413,#9462,
    #9517,#9594,#9622,#9650,#9744,#9816,#9844,#9872,#9949,#9999,#10027,
    #10055,#10104,#10111,#10233,#10282,#10359,#10436,#10464,#10492,
    #10542,#10614,#10642,#10670,#10747,#10819,#10847,#10875,#10902,
    #10909,#10992,#11064,#11113,#11207,#11284,#11312,#11340,#11417,
    #11467,#11539,#11567,#11595,#11622,#11650,#11678,#11685,#11758,
    #11836,#11934,#12007,#12057,#12084,#12111,#12161,#12239,#12295,
    #12345,#12395,#12422,#12449,#12476,#12483,#12491,#12567,#12662,
    #12709,#12790,#12862,#12890,#12897,#12925,#12932,#12960,#12988,
    #12995,#13026,#13075,#13130,#13180,#13261,#13337,#13344,#13372,
    #13400,#13407,#13454,#13501,#13548,#13595,#13642,#13689,#13696,
    #13703,#13710,#13717,#13724,#13731,#13738));
#47 = ADVANCED_FACE('',(#48,#167),#62,.F.);
#48 = FACE_BOUND('',#49,.T.);
#49 = EDGE_LOOP('',(#50,#85,#113,#141));
#50 = ORIENTED_EDGE('',*,*,#51,.T.);
#51 = EDGE_CURVE('',#52,#54,#56,.T.);
#52 = VERTEX_POINT('',#53);
#53 = CARTESIAN_POINT('',(10.1,77.1,0.));
#54 = VERTEX_POINT('',#55);
#55 = CARTESIAN_POINT('',(-10.1,77.1,0.));
#56 = SURFACE_CURVE('',#57,(#61,#73),.PCURVE_S1.);
#57 = LINE('',#58,#59);
#58 = CARTESIAN_POINT('',(0.,77.1,0.));
#59 = VECTOR('',#60,1.);
#60 = DIRECTION('',(-1.,0.,0.));
#61 = PCURVE('',#62,#67);
#62 = PLANE('',#63);
#63 = AXIS2_PLACEMENT_3D('',#64,#65,#66);
#64 = CARTESIAN_POINT('',(0.,77.1,5.));
#65 = DIRECTION('',(0.,-1.,0.));
#66 = DIRECTION('',(0.,0.,-1.));
#67 = DEFINITIONAL_REPRESENTATION('',(#68),#72);
#68 = LINE('',#69,#70);
#69 = CARTESIAN_POINT('',(5.,0.));
#70 = VECTOR('',#71,1.);
#71 = DIRECTION('',(0.,-1.));
#72 = ( GEOMETRIC_REPRESENTATION_CONTEXT(2) 
PARAMETRIC_REPRESENTATION_CONTEXT() REPRESENTATION_CONTEXT('2D SPACE',''
  ) );
#73 = PCURVE('',#74,#79);
#74 = PLANE('',#75);
#75 = AXIS2_PLACEMENT_3D('',#76,#77,#78);
#76 = CARTESIAN_POINT('',(-6.938893903907E-15,0.,0.));
#77 = DIRECTION('',(0.,0.,1.));
#78 = DIRECTION('',(1.,0.,-0.));
#79 = DEFINITIONAL_REPRESENTATION('',(#80),#84);
#80 = LINE('',#81,#82);
#81 = CARTESIAN_POINT('',(6.938893903907E-15,77.1));
#82 = VECTOR('',#83,1.);
#83 = DIRECTION('',(-1.,0.));
#84 = ( GEOMETRIC_REPRESENTATION_CONTEXT(2) 
PARAMETRIC_REPRESENTATION_CONTEXT() REPRESENTATION_CONTEXT('2D SPACE',''
  ) );
#85 = ORIENTED_EDGE('',*,*,#86,.F.);
#86 = EDGE_CURVE('',#87,#54,#89,.T.);
#87 = VERTEX_POINT('',#88);
#88 = CARTESIAN_POINT('',(-10.1,77.1,64.));
#89 = SURFACE_CURVE('',#90,(#94,#101),.PCURVE_S1.);
#90 = LINE('',#91,#92);
#91 = CARTESIAN_POINT('',(-10.1,77.1,64.));
#92 = VECTOR('',#93,1.);
#93 = DIRECTION('',(0.,0.,-1.));
#94 = PCURVE('',#62,#95);
#95 = DEFINITIONAL_REPRESENTATION('',(#96),#100);
#96 = LINE('',#97,#98);
#97 = CARTESIAN_POINT('',(-59.,-10.1));
#98 = VECTOR('',#99,1.);
#99 = DIRECTION('',(1.,0.));
#100 = ( GEOMETRIC_REPRESENTATION_CONTEXT(2) 
PARAMETRIC_REPRESENTATION_CONTEXT() REPRESENTATION_CONTEXT('2D SPACE',''
  ) );
#101 = PCURVE('',#102,#107);
#102 = CYLINDRICAL_SURFACE('',#103,5.);
#103 = AXIS2_PLACEMENT_3D('',#104,#105,#106);
#104 = CARTESIAN_POINT('',(-10.1,72.1,5.));
#105 = DIRECTION('',(0.,0.,1.));
#106 = DIRECTION('',(1.,0.,-0.));
#107 = DEFINITIONAL_REPRESENTATION('',(#108),#112);
#108 = LINE('',#109,#110);
#109 = CARTESIAN_POINT('',(1.570796326795,59.));
#110 = VECTOR('',#111,1.);
#111 = DIRECTION('',(0.,-1.));
#112 = ( GEOMETRIC_REPRESENTATION_CONTEXT(2) 
PARAMETRIC_REPRESENTATION_CONTEXT() REPRESENTATION_CONTEXT('2D SPACE',''
  ) );
#113 = ORIENTED_EDGE('',*,*,#114,.F.);
#114 = EDGE_CURVE('',#115,#87,#117,.T.);
#115 = VERTEX_POINT('',#116);
#116 = CARTESIAN_POINT('',(10.1,77.1,64.));
#117 = SURFACE_CURVE('',#118,(#122,#129),.PCURVE_S1.);
#118 = LINE('',#119,#120);
#119 = CARTESIAN_POINT('',(0.,77.1,64.));
#120 = VECTOR('',#121,1.);
#121 = DIRECTION('',(-1.,0.,0.));
#122 = PCURVE('',#62,#123);
#123 = DEFINITIONAL_REPRESENTATION('',(#124),#128);
#124 = LINE('',#125,#126);
#125 = CARTESIAN_POINT('',(-59.,0.));
#126 = VECTOR('',#127,1.);
#127 = DIRECTION('',(0.,-1.));
#128 = ( GEOMETRIC_REPRESENTATION_CONTEXT(2) 
PARAMETRIC_REPRESENTATION_CONTEXT() REPRESENTATION_CONTEXT('2D SPACE',''
  ) );
#129 = PCURVE('',#130,#135);
#130 = PLANE('',#131);
#131 = AXIS2_PLACEMENT_3D('',#132,#133,#134);
#132 = CARTESIAN_POINT('',(0.,87.1,64.));
#133 = DIRECTION('',(0.,0.,1.));
#134 = DIRECTION('',(1.,0.,-0.));
#135 = DEFINITIONAL_REPRESENTATION('',(#136),#140);
#136 = LINE('',#137,#138);
#137 = CARTESIAN_POINT('',(0.,-10.));
#138 = VECTOR('',#139,1.);
#139 = DIRECTION('',(-1.,0.));
#140 = ( GEOMETRIC_REPRESENTATION_CONTEXT(2) 
PARAMETRIC_REPRESENTATION_CONTEXT() REPRESENTATION_CONTEXT('2D SPACE',''
  ) );
#141 = ORIENTED_EDGE('',*,*,#142,.T.);
#142 = EDGE_CURVE('',#115,#52,#143,.T.);
#143 = SURFACE_CURVE('',#144,(#148,#155),.PCURVE_S1.);
#144 = LINE('',#145,#146);
#145 = CARTESIAN_POINT('',(10.1,77.1,5.));
#146 = VECTOR('',#147,1.);
#147 = DIRECTION('',(0.,0.,-1.));
#148 = PCURVE('',#62,#149);
#149 = DEFINITIONAL_REPRESENTATION('',(#150),#154);
#150 = LINE('',#151,#152);
#151 = CARTESIAN_POINT('',(0.,10.1));
#152 = VECTOR('',#153,1.);
#153 = DIRECTION('',(1.,0.));
#154 = ( GEOMETRIC_REPRESENTATION_CONTEXT(2) 
PARAMETRIC_REPRESENTATION_CONTEXT() REPRESENTATION_CONTEXT('2D SPACE',''
  ) );
#155 = PCURVE('',#156,#161);
#156 = CYLINDRICAL_SURFACE('',#157,5.);
#157 = AXIS2_PLACEMENT_3D('',#158,#159,#160);
#158 = CARTESIAN_POINT('',(10.1,72.1,5.));
#159 = DIRECTION('',(0.,0.,-1.));
#160 = DIRECTION('',(-1.,0.,0.));
#161 = DEFINITIONAL_REPRESENTATION('',(#162),#166);
#162 = LINE('',#163,#164);
#163 = CARTESIAN_POINT('',(1.570796326795,0.));
#164 = VECTOR('',#165,1.);
#165 = DIRECTION('',(0.,1.));
#166 = ( GEOMETRIC_REPRESENTATION_CONTEXT(2) 
PARAMETRIC_REPRESENTATION_CONTEXT() REPRESENTATION_CONTEXT('2D SPACE',''
  ) );
#167 = FACE_BOUND('',#168,.T.);
#168 = EDGE_LOOP('',(#169,#199,#228,#256,#285,#313,#342,#370));
#169 = ORIENTED_EDGE('',*,*,#170,.T.);
#170 = EDGE_CURVE('',#171,#173,#175,.T.);
#171 = VERTEX_POINT('',#172);
#172 = CARTESIAN_POINT('',(-3.1,77.1,5.));
#173 = VERTEX_POINT('',#174);
#174 = CARTESIAN_POINT('',(3.1,77.1,5.));
#175 = SURFACE_CURVE('',#176,(#180,#187),.PCURVE_S1.);
#176 = LINE('',#177,#178);
#177 = CARTESIAN_POINT('',(-7.779924607413E-14,77.1,5.));
#178 = VECTOR('',#179,1.);
#179 = DIRECTION('',(1.,0.,0.));
#180 = PCURVE('',#62,#181);
#181 = DEFINITIONAL_REPRESENTATION('',(#182),#186);
#182 = LINE('',#183,#184);
#183 = CARTESIAN_POINT('',(0.,-7.779924607413E-14));
#184 = VECTOR('',#185,1.);
#185 = DIRECTION('',(0.,1.));
#186 = ( GEOMETRIC_REPRESENTATION_CONTEXT(2) 
PARAMETRIC_REPRESENTATION_CONTEXT() REPRESENTATION_CONTEXT('2D SPACE',''
  ) );
#187 = PCURVE('',#188,#193);
#188 = PLANE('',#189);
#189 = AXIS2_PLACEMENT_3D('',#190,#191,#192);
#190 = CARTESIAN_POINT('',(-6.938893903907E-15,0.,5.));
#191 = DIRECTION('',(0.,0.,1.));
#192 = DIRECTION('',(1.,0.,-0.));
#193 = DEFINITIONAL_REPRESENTATION('',(#194),#198);
#194 = LINE('',#195,#196);
#195 = CARTESIAN_POINT('',(-7.086035217022E-14,77.1));
#196 = VECTOR('',#197,1.);
#197 = DIRECTION('',(1.,0.));
#198 = ( GEOMETRIC_REPRESENTATION_CONTEXT(2) 
PARAMETRIC_REPRESENTATION_CONTEXT() REPRESENTATION_CONTEXT('2D SPACE',''
  ) );
#199 = ORIENTED_EDGE('',*,*,#200,.T.);
#200 = EDGE_CURVE('',#173,#201,#203,.T.);
#201 = VERTEX_POINT('',#202);
#202 = CARTESIAN_POINT('',(5.1,77.1,7.));
#203 = SURFACE_CURVE('',#204,(#209,#216),.PCURVE_S1.);
#204 = CIRCLE('',#205,2.);
#205 = AXIS2_PLACEMENT_3D('',#206,#207,#208);
#206 = CARTESIAN_POINT('',(3.1,77.1,7.));
#207 = DIRECTION('',(0.,-1.,0.));
#208 = DIRECTION('',(0.,0.,-1.));
#209 = PCURVE('',#62,#210);
#210 = DEFINITIONAL_REPRESENTATION('',(#211),#215);
#211 = CIRCLE('',#212,2.);
#212 = AXIS2_PLACEMENT_2D('',#213,#214);
#213 = CARTESIAN_POINT('',(-2.,3.1));
#214 = DIRECTION('',(1.,0.));
#215 = ( GEOMETRIC_REPRESENTATION_CONTEXT(2) 
PARAMETRIC_REPRESENTATION_CONTEXT() REPRESENTATION_CONTEXT('2D SPACE',''
  ) );
#216 = PCURVE('',#217,#222);
#217 = CYLINDRICAL_SURFACE('',#218,2.);
#218 = AXIS2_PLACEMENT_3D('',#219,#220,#221);
#219 = CARTESIAN_POINT('',(3.1,77.102,7.));
#220 = DIRECTION('',(-4.595293976097E-16,1.,0.));
#221 = DIRECTION('',(-1.,-4.595293976097E-16,0.));
#222 = DEFINITIONAL_REPRESENTATION('',(#223),#227);
#223 = LINE('',#224,#225);
#224 = CARTESIAN_POINT('',(4.712388980385,-1.999999999995E-03));
#225 = VECTOR('',#226,1.);
#226 = DIRECTION('',(-1.,0.));
#227 = ( GEOMETRIC_REPRESENTATION_CONTEXT(2) 
PARAMETRIC_REPRESENTATION_CONTEXT() REPRESENTATION_CONTEXT('2D SPACE',''
  ) );
#228 = ORIENTED_EDGE('',*,*,#229,.T.);
#229 = EDGE_CURVE('',#201,#230,#232,.T.);
#230 = VERTEX_POINT('',#231);
#231 = CARTESIAN_POINT('',(5.1,77.1,57.));
#232 = SURFACE_CURVE('',#233,(#237,#244),.PCURVE_S1.);
#233 = LINE('',#234,#235);
#234 = CARTESIAN_POINT('',(5.1,77.1,32.));
#235 = VECTOR('',#236,1.);
#236 = DIRECTION('',(-1.284980352575E-16,0.,1.));
#237 = PCURVE('',#62,#238);
#238 = DEFINITIONAL_REPRESENTATION('',(#239),#243);
#239 = LINE('',#240,#241);
#240 = CARTESIAN_POINT('',(-27.,5.1));
#241 = VECTOR('',#242,1.);
#242 = DIRECTION('',(-1.,-1.284980352575E-16));
#243 = ( GEOMETRIC_REPRESENTATION_CONTEXT(2) 
PARAMETRIC_REPRESENTATION_CONTEXT() REPRESENTATION_CONTEXT('2D SPACE',''
  ) );
#244 = PCURVE('',#245,#250);
#245 = PLANE('',#246);
#246 = AXIS2_PLACEMENT_3D('',#247,#248,#249);
#247 = CARTESIAN_POINT('',(5.1,77.102,32.));
#248 = DIRECTION('',(-1.,-4.595293976097E-16,-1.284980352575E-16));
#249 = DIRECTION('',(4.595293976097E-16,-1.,0.));
#250 = DEFINITIONAL_REPRESENTATION('',(#251),#255);
#251 = LINE('',#252,#253);
#252 = CARTESIAN_POINT('',(1.999999999995E-03,1.180972494716E-34));
#253 = VECTOR('',#254,1.);
#254 = DIRECTION('',(-5.904862473593E-32,1.));
#255 = ( GEOMETRIC_REPRESENTATION_CONTEXT(2) 
PARAMETRIC_REPRESENTATION_CONTEXT() REPRESENTATION_CONTEXT('2D SPACE',''
  ) );
#256 = ORIENTED_EDGE('',*,*,#257,.T.);
#257 = EDGE_CURVE('',#230,#258,#260,.T.);
#258 = VERTEX_POINT('',#259);
#259 = CARTESIAN_POINT('',(3.1,77.1,59.));
#260 = SURFACE_CURVE('',#261,(#266,#273),.PCURVE_S1.);
#261 = CIRCLE('',#262,2.);
#262 = AXIS2_PLACEMENT_3D('',#263,#264,#265);
#263 = CARTESIAN_POINT('',(3.1,77.1,57.));
#264 = DIRECTION('',(0.,-1.,0.));
#265 = DIRECTION('',(0.,0.,-1.));
#266 = PCURVE('',#62,#267);
#267 = DEFINITIONAL_REPRESENTATION('',(#268),#272);
#268 = CIRCLE('',#269,2.);
#269 = AXIS2_PLACEMENT_2D('',#270,#271);
#270 = CARTESIAN_POINT('',(-52.,3.1));
#271 = DIRECTION('',(1.,0.));
#272 = ( GEOMETRIC_REPRESENTATION_CONTEXT(2) 
PARAMETRIC_REPRESENTATION_CONTEXT() REPRESENTATION_CONTEXT('2D SPACE',''
  ) );
#273 = PCURVE('',#274,#279);
#274 = CYLINDRICAL_SURFACE('',#275,2.);
#275 = AXIS2_PLACEMENT_3D('',#276,#277,#278);
#276 = CARTESIAN_POINT('',(3.1,77.102,57.));
#277 = DIRECTION('',(-4.595293976097E-16,1.,0.));
#278 = DIRECTION('',(-1.,-4.595293976097E-16,0.));
#279 = DEFINITIONAL_REPRESENTATION('',(#280),#284);
#280 = LINE('',#281,#282);
#281 = CARTESIAN_POINT('',(4.712388980385,-1.999999999995E-03));
#282 = VECTOR('',#283,1.);
#283 = DIRECTION('',(-1.,0.));
#284 = ( GEOMETRIC_REPRESENTATION_CONTEXT(2) 
PARAMETRIC_REPRESENTATION_CONTEXT() REPRESENTATION_CONTEXT('2D SPACE',''
  ) );
#285 = ORIENTED_EDGE('',*,*,#286,.T.);
#286 = EDGE_CURVE('',#258,#287,#289,.T.);
#287 = VERTEX_POINT('',#288);
#288 = CARTESIAN_POINT('',(-3.1,77.1,59.));
#289 = SURFACE_CURVE('',#290,(#294,#301),.PCURVE_S1.);
#290 = LINE('',#291,#292);
#291 = CARTESIAN_POINT('',(-8.560550171602E-14,77.1,59.));
#292 = VECTOR('',#293,1.);
#293 = DIRECTION('',(-1.,0.,0.));
#294 = PCURVE('',#62,#295);
#295 = DEFINITIONAL_REPRESENTATION('',(#296),#300);
#296 = LINE('',#297,#298);
#297 = CARTESIAN_POINT('',(-54.,-8.560550171602E-14));
#298 = VECTOR('',#299,1.);
#299 = DIRECTION('',(0.,-1.));
#300 = ( GEOMETRIC_REPRESENTATION_CONTEXT(2) 
PARAMETRIC_REPRESENTATION_CONTEXT() REPRESENTATION_CONTEXT('2D SPACE',''
  ) );
#301 = PCURVE('',#302,#307);
#302 = PLANE('',#303);
#303 = AXIS2_PLACEMENT_3D('',#304,#305,#306);
#304 = CARTESIAN_POINT('',(-8.560550171602E-14,77.102,59.));
#305 = DIRECTION('',(0.,0.,-1.));
#306 = DIRECTION('',(-1.,0.,0.));
#307 = DEFINITIONAL_REPRESENTATION('',(#308),#312);
#308 = LINE('',#309,#310);
#309 = CARTESIAN_POINT('',(0.,-1.999999999995E-03));
#310 = VECTOR('',#311,1.);
#311 = DIRECTION('',(1.,0.));
#312 = ( GEOMETRIC_REPRESENTATION_CONTEXT(2) 
PARAMETRIC_REPRESENTATION_CONTEXT() REPRESENTATION_CONTEXT('2D SPACE',''
  ) );
#313 = ORIENTED_EDGE('',*,*,#314,.T.);
#314 = EDGE_CURVE('',#287,#315,#317,.T.);
#315 = VERTEX_POINT('',#316);
#316 = CARTESIAN_POINT('',(-5.1,77.1,57.));
#317 = SURFACE_CURVE('',#318,(#323,#330),.PCURVE_S1.);
#318 = CIRCLE('',#319,2.);
#319 = AXIS2_PLACEMENT_3D('',#320,#321,#322);
#320 = CARTESIAN_POINT('',(-3.1,77.1,57.));
#321 = DIRECTION('',(0.,-1.,0.));
#322 = DIRECTION('',(0.,0.,-1.));
#323 = PCURVE('',#62,#324);
#324 = DEFINITIONAL_REPRESENTATION('',(#325),#329);
#325 = CIRCLE('',#326,2.);
#326 = AXIS2_PLACEMENT_2D('',#327,#328);
#327 = CARTESIAN_POINT('',(-52.,-3.1));
#328 = DIRECTION('',(1.,0.));
#329 = ( GEOMETRIC_REPRESENTATION_CONTEXT(2) 
PARAMETRIC_REPRESENTATION_CONTEXT() REPRESENTATION_CONTEXT('2D SPACE',''
  ) );
#330 = PCURVE('',#331,#336);
#331 = CYLINDRICAL_SURFACE('',#332,2.);
#332 = AXIS2_PLACEMENT_3D('',#333,#334,#335);
#333 = CARTESIAN_POINT('',(-3.1,77.102,57.));
#334 = DIRECTION('',(-4.595293976097E-16,1.,0.));
#335 = DIRECTION('',(-1.,-4.595293976097E-16,0.));
#336 = DEFINITIONAL_REPRESENTATION('',(#337),#341);
#337 = LINE('',#338,#339);
#338 = CARTESIAN_POINT('',(4.712388980385,-1.999999999995E-03));
#339 = VECTOR('',#340,1.);
#340 = DIRECTION('',(-1.,0.));
#341 = ( GEOMETRIC_REPRESENTATION_CONTEXT(2) 
PARAMETRIC_REPRESENTATION_CONTEXT() REPRESENTATION_CONTEXT('2D SPACE',''
  ) );
#342 = ORIENTED_EDGE('',*,*,#343,.T.);
#343 = EDGE_CURVE('',#315,#344,#346,.T.);
#344 = VERTEX_POINT('',#345);
#345 = CARTESIAN_POINT('',(-5.1,77.1,7.));
#346 = SURFACE_CURVE('',#347,(#351,#358),.PCURVE_S1.);
#347 = LINE('',#348,#349);
#348 = CARTESIAN_POINT('',(-5.1,77.1,32.));
#349 = VECTOR('',#350,1.);
#350 = DIRECTION('',(1.284980352575E-16,0.,-1.));
#351 = PCURVE('',#62,#352);
#352 = DEFINITIONAL_REPRESENTATION('',(#353),#357);
#353 = LINE('',#354,#355);
#354 = CARTESIAN_POINT('',(-27.,-5.1));
#355 = VECTOR('',#356,1.);
#356 = DIRECTION('',(1.,1.284980352575E-16));
#357 = ( GEOMETRIC_REPRESENTATION_CONTEXT(2) 
PARAMETRIC_REPRESENTATION_CONTEXT() REPRESENTATION_CONTEXT('2D SPACE',''
  ) );
#358 = PCURVE('',#359,#364);
#359 = PLANE('',#360);
#360 = AXIS2_PLACEMENT_3D('',#361,#362,#363);
#361 = CARTESIAN_POINT('',(-5.1,77.102,32.));
#362 = DIRECTION('',(1.,4.595293976097E-16,1.284980352575E-16));
#363 = DIRECTION('',(-4.595293976097E-16,1.,0.));
#364 = DEFINITIONAL_REPRESENTATION('',(#365),#369);
#365 = LINE('',#366,#367);
#366 = CARTESIAN_POINT('',(-1.999999999995E-03,1.180972494716E-34));
#367 = VECTOR('',#368,1.);
#368 = DIRECTION('',(-5.904862473593E-32,-1.));
#369 = ( GEOMETRIC_REPRESENTATION_CONTEXT(2) 
PARAMETRIC_REPRESENTATION_CONTEXT() REPRESENTATION_CONTEXT('2D SPACE',''
  ) );
#370 = ORIENTED_EDGE('',*,*,#371,.T.);
#371 = EDGE_CURVE('',#344,#171,#372,.T.);
#372 = SURFACE_CURVE('',#373,(#378,#385),.PCURVE_S1.);
#373 = CIRCLE('',#374,2.);
#374 = AXIS2_PLACEMENT_3D('',#375,#376,#377);
#375 = CARTESIAN_POINT('',(-3.1,77.1,7.));
#376 = DIRECTION('',(0.,-1.,0.));
#377 = DIRECTION('',(0.,0.,-1.));
#378 = PCURVE('',#62,#379);
#379 = DEFINITIONAL_REPRESENTATION('',(#380),#384);
#380 = CIRCLE('',#381,2.);
#381 = AXIS2_PLACEMENT_2D('',#382,#383);
#382 = CARTESIAN_POINT('',(-2.,-3.1));
#383 = DIRECTION('',(1.,0.));
#384 = ( GEOMETRIC_REPRESENTATION_CONTEXT(2) 
PARAMETRIC_REPRESENTATION_CONTEXT() REPRESENTATION_CONTEXT('2D SPACE',''
  ) );
#385 = PCURVE('',#386,#391);
#386 = CYLINDRICAL_SURFACE('',#387,2.);
#387 = AXIS2_PLACEMENT_3D('',#388,#389,#390);
#388 = CARTESIAN_POINT('',(-3.1,-1.42454113259E-15,7.));
#389 = DIRECTION('',(-4.595293976097E-16,1.,0.));
#390 = DIRECTION('',(-1.,-4.595293976097E-16,0.));
#391 = DEFINITIONAL_REPRESENTATION('',(#392),#396);
#392 = LINE('',#393,#394);
#393 = CARTESIAN_POINT('',(10.995574287564,77.1));
#394 = VECTOR('',#395,1.);
#395 = DIRECTION('',(-1.,0.));
#396 = ( GEOMETRIC_REPRESENTATION_CONTEXT(2) 
PARAMETRIC_REPRESENTATION_CONTEXT() REPRESENTATION_CONTEXT('2D SPACE',''
  ) );
#397 = ADVANCED_FACE('',(#398,#512),#412,.T.);
#398 = FACE_BOUND('',#399,.T.);
#399 = EDGE_LOOP('',(#400,#435,#463,#486));
#400 = ORIENTED_EDGE('',*,*,#401,.T.);
#401 = EDGE_CURVE('',#402,#404,#406,.T.);
#402 = VERTEX_POINT('',#403);
#403 = CARTESIAN_POINT('',(10.1,-77.1,64.));
#404 = VERTEX_POINT('',#405);
#405 = CARTESIAN_POINT('',(-10.1,-77.1,64.));
#406 = SURFACE_CURVE('',#407,(#411,#423),.PCURVE_S1.);
#407 = LINE('',#408,#409);
#408 = CARTESIAN_POINT('',(0.,-77.1,64.));
#409 = VECTOR('',#410,1.);
#410 = DIRECTION('',(-1.,0.,0.));
#411 = PCURVE('',#412,#417);
#412 = PLANE('',#413);
#413 = AXIS2_PLACEMENT_3D('',#414,#415,#416);
#414 = CARTESIAN_POINT('',(-1.040834085586E-14,-77.1,5.));
#415 = DIRECTION('',(4.595293976097E-16,-1.,0.));
#416 = DIRECTION('',(1.,4.595293976097E-16,0.));
#417 = DEFINITIONAL_REPRESENTATION('',(#418),#422);
#418 = LINE('',#419,#420);
#419 = CARTESIAN_POINT('',(1.040834085586E-14,59.));
#420 = VECTOR('',#421,1.);
#421 = DIRECTION('',(-1.,0.));
#422 = ( GEOMETRIC_REPRESENTATION_CONTEXT(2) 
PARAMETRIC_REPRESENTATION_CONTEXT() REPRESENTATION_CONTEXT('2D SPACE',''
  ) );
#423 = PCURVE('',#424,#429);
#424 = PLANE('',#425);
#425 = AXIS2_PLACEMENT_3D('',#426,#427,#428);
#426 = CARTESIAN_POINT('',(0.,-87.1,64.));
#427 = DIRECTION('',(0.,0.,1.));
#428 = DIRECTION('',(1.,0.,-0.));
#429 = DEFINITIONAL_REPRESENTATION('',(#430),#434);
#430 = LINE('',#431,#432);
#431 = CARTESIAN_POINT('',(0.,10.));
#432 = VECTOR('',#433,1.);
#433 = DIRECTION('',(-1.,0.));
#434 = ( GEOMETRIC_REPRESENTATION_CONTEXT(2) 
PARAMETRIC_REPRESENTATION_CONTEXT() REPRESENTATION_CONTEXT('2D SPACE',''
  ) );
#435 = ORIENTED_EDGE('',*,*,#436,.T.);
#436 = EDGE_CURVE('',#404,#437,#439,.T.);
#437 = VERTEX_POINT('',#438);
#438 = CARTESIAN_POINT('',(-10.1,-77.1,0.));
#439 = SURFACE_CURVE('',#440,(#444,#451),.PCURVE_S1.);
#440 = LINE('',#441,#442);
#441 = CARTESIAN_POINT('',(-10.1,-77.1,5.));
#442 = VECTOR('',#443,1.);
#443 = DIRECTION('',(0.,0.,-1.));
#444 = PCURVE('',#412,#445);
#445 = DEFINITIONAL_REPRESENTATION('',(#446),#450);
#446 = LINE('',#447,#448);
#447 = CARTESIAN_POINT('',(-10.1,0.));
#448 = VECTOR('',#449,1.);
#449 = DIRECTION('',(0.,-1.));
#450 = ( GEOMETRIC_REPRESENTATION_CONTEXT(2) 
PARAMETRIC_REPRESENTATION_CONTEXT() REPRESENTATION_CONTEXT('2D SPACE',''
  ) );
#451 = PCURVE('',#452,#457);
#452 = CYLINDRICAL_SURFACE('',#453,5.);
#453 = AXIS2_PLACEMENT_3D('',#454,#455,#456);
#454 = CARTESIAN_POINT('',(-10.1,-72.1,5.));
#455 = DIRECTION('',(0.,0.,-1.));
#456 = DIRECTION('',(-1.,0.,0.));
#457 = DEFINITIONAL_REPRESENTATION('',(#458),#462);
#458 = LINE('',#459,#460);
#459 = CARTESIAN_POINT('',(4.712388980385,0.));
#460 = VECTOR('',#461,1.);
#461 = DIRECTION('',(0.,1.));
#462 = ( GEOMETRIC_REPRESENTATION_CONTEXT(2) 
PARAMETRIC_REPRESENTATION_CONTEXT() REPRESENTATION_CONTEXT('2D SPACE',''
  ) );
#463 = ORIENTED_EDGE('',*,*,#464,.F.);
#464 = EDGE_CURVE('',#465,#437,#467,.T.);
#465 = VERTEX_POINT('',#466);
#466 = CARTESIAN_POINT('',(10.1,-77.1,0.));
#467 = SURFACE_CURVE('',#468,(#472,#479),.PCURVE_S1.);
#468 = LINE('',#469,#470);
#469 = CARTESIAN_POINT('',(-1.040834085586E-14,-77.1,0.));
#470 = VECTOR('',#471,1.);
#471 = DIRECTION('',(-1.,-4.595293976097E-16,0.));
#472 = PCURVE('',#412,#473);
#473 = DEFINITIONAL_REPRESENTATION('',(#474),#478);
#474 = LINE('',#475,#476);
#475 = CARTESIAN_POINT('',(0.,-5.));
#476 = VECTOR('',#477,1.);
#477 = DIRECTION('',(-1.,0.));
#478 = ( GEOMETRIC_REPRESENTATION_CONTEXT(2) 
PARAMETRIC_REPRESENTATION_CONTEXT() REPRESENTATION_CONTEXT('2D SPACE',''
  ) );
#479 = PCURVE('',#74,#480);
#480 = DEFINITIONAL_REPRESENTATION('',(#481),#485);
#481 = LINE('',#482,#483);
#482 = CARTESIAN_POINT('',(-3.469446951954E-15,-77.1));
#483 = VECTOR('',#484,1.);
#484 = DIRECTION('',(-1.,-4.595293976097E-16));
#485 = ( GEOMETRIC_REPRESENTATION_CONTEXT(2) 
PARAMETRIC_REPRESENTATION_CONTEXT() REPRESENTATION_CONTEXT('2D SPACE',''
  ) );
#486 = ORIENTED_EDGE('',*,*,#487,.F.);
#487 = EDGE_CURVE('',#402,#465,#488,.T.);
#488 = SURFACE_CURVE('',#489,(#493,#500),.PCURVE_S1.);
#489 = LINE('',#490,#491);
#490 = CARTESIAN_POINT('',(10.1,-77.1,64.));
#491 = VECTOR('',#492,1.);
#492 = DIRECTION('',(0.,0.,-1.));
#493 = PCURVE('',#412,#494);
#494 = DEFINITIONAL_REPRESENTATION('',(#495),#499);
#495 = LINE('',#496,#497);
#496 = CARTESIAN_POINT('',(10.1,59.));
#497 = VECTOR('',#498,1.);
#498 = DIRECTION('',(0.,-1.));
#499 = ( GEOMETRIC_REPRESENTATION_CONTEXT(2) 
PARAMETRIC_REPRESENTATION_CONTEXT() REPRESENTATION_CONTEXT('2D SPACE',''
  ) );
#500 = PCURVE('',#501,#506);
#501 = CYLINDRICAL_SURFACE('',#502,5.);
#502 = AXIS2_PLACEMENT_3D('',#503,#504,#505);
#503 = CARTESIAN_POINT('',(10.1,-72.1,5.));
#504 = DIRECTION('',(0.,0.,1.));
#505 = DIRECTION('',(1.,0.,-0.));
#506 = DEFINITIONAL_REPRESENTATION('',(#507),#511);
#507 = LINE('',#508,#509);
#508 = CARTESIAN_POINT('',(4.712388980385,59.));
#509 = VECTOR('',#510,1.);
#510 = DIRECTION('',(0.,-1.));
#511 = ( GEOMETRIC_REPRESENTATION_CONTEXT(2) 
PARAMETRIC_REPRESENTATION_CONTEXT() REPRESENTATION_CONTEXT('2D SPACE',''
  ) );
#512 = FACE_BOUND('',#513,.T.);
#513 = EDGE_LOOP('',(#514,#544,#573,#601,#630,#658,#687,#715));
#514 = ORIENTED_EDGE('',*,*,#515,.T.);
#515 = EDGE_CURVE('',#516,#518,#520,.T.);
#516 = VERTEX_POINT('',#517);
#517 = CARTESIAN_POINT('',(-5.1,-77.1,7.));
#518 = VERTEX_POINT('',#519);
#519 = CARTESIAN_POINT('',(-5.1,-77.1,57.));
#520 = SURFACE_CURVE('',#521,(#525,#532),.PCURVE_S1.);
#521 = LINE('',#522,#523);
#522 = CARTESIAN_POINT('',(-5.1,-77.1,32.));
#523 = VECTOR('',#524,1.);
#524 = DIRECTION('',(-1.284980352575E-16,-5.904862473593E-32,1.));
#525 = PCURVE('',#412,#526);
#526 = DEFINITIONAL_REPRESENTATION('',(#527),#531);
#527 = LINE('',#528,#529);
#528 = CARTESIAN_POINT('',(-5.1,27.));
#529 = VECTOR('',#530,1.);
#530 = DIRECTION('',(-1.284980352575E-16,1.));
#531 = ( GEOMETRIC_REPRESENTATION_CONTEXT(2) 
PARAMETRIC_REPRESENTATION_CONTEXT() REPRESENTATION_CONTEXT('2D SPACE',''
  ) );
#532 = PCURVE('',#533,#538);
#533 = PLANE('',#534);
#534 = AXIS2_PLACEMENT_3D('',#535,#536,#537);
#535 = CARTESIAN_POINT('',(-5.1,77.102,32.));
#536 = DIRECTION('',(1.,4.595293976097E-16,1.284980352575E-16));
#537 = DIRECTION('',(-4.595293976097E-16,1.,0.));
#538 = DEFINITIONAL_REPRESENTATION('',(#539),#543);
#539 = LINE('',#540,#541);
#540 = CARTESIAN_POINT('',(-154.202,-2.491851963857E-32));
#541 = VECTOR('',#542,1.);
#542 = DIRECTION('',(-6.880273528862E-47,1.));
#543 = ( GEOMETRIC_REPRESENTATION_CONTEXT(2) 
PARAMETRIC_REPRESENTATION_CONTEXT() REPRESENTATION_CONTEXT('2D SPACE',''
  ) );
#544 = ORIENTED_EDGE('',*,*,#545,.F.);
#545 = EDGE_CURVE('',#546,#518,#548,.T.);
#546 = VERTEX_POINT('',#547);
#547 = CARTESIAN_POINT('',(-3.1,-77.1,59.));
#548 = SURFACE_CURVE('',#549,(#554,#561),.PCURVE_S1.);
#549 = CIRCLE('',#550,2.);
#550 = AXIS2_PLACEMENT_3D('',#551,#552,#553);
#551 = CARTESIAN_POINT('',(-3.1,-77.1,57.));
#552 = DIRECTION('',(4.595293976097E-16,-1.,0.));
#553 = DIRECTION('',(1.,4.595293976097E-16,0.));
#554 = PCURVE('',#412,#555);
#555 = DEFINITIONAL_REPRESENTATION('',(#556),#560);
#556 = CIRCLE('',#557,2.);
#557 = AXIS2_PLACEMENT_2D('',#558,#559);
#558 = CARTESIAN_POINT('',(-3.1,52.));
#559 = DIRECTION('',(1.,0.));
#560 = ( GEOMETRIC_REPRESENTATION_CONTEXT(2) 
PARAMETRIC_REPRESENTATION_CONTEXT() REPRESENTATION_CONTEXT('2D SPACE',''
  ) );
#561 = PCURVE('',#562,#567);
#562 = CYLINDRICAL_SURFACE('',#563,2.);
#563 = AXIS2_PLACEMENT_3D('',#564,#565,#566);
#564 = CARTESIAN_POINT('',(-3.1,77.102,57.));
#565 = DIRECTION('',(-4.595293976097E-16,1.,0.));
#566 = DIRECTION('',(-1.,-4.595293976097E-16,0.));
#567 = DEFINITIONAL_REPRESENTATION('',(#568),#572);
#568 = LINE('',#569,#570);
#569 = CARTESIAN_POINT('',(3.14159265359,-154.202));
#570 = VECTOR('',#571,1.);
#571 = DIRECTION('',(-1.,0.));
#572 = ( GEOMETRIC_REPRESENTATION_CONTEXT(2) 
PARAMETRIC_REPRESENTATION_CONTEXT() REPRESENTATION_CONTEXT('2D SPACE',''
  ) );
#573 = ORIENTED_EDGE('',*,*,#574,.T.);
#574 = EDGE_CURVE('',#546,#575,#577,.T.);
#575 = VERTEX_POINT('',#576);
#576 = CARTESIAN_POINT('',(3.1,-77.1,59.));
#577 = SURFACE_CURVE('',#578,(#582,#589),.PCURVE_S1.);
#578 = LINE('',#579,#580);
#579 = CARTESIAN_POINT('',(-1.47451495458E-14,-77.1,59.));
#580 = VECTOR('',#581,1.);
#581 = DIRECTION('',(1.,4.595293976097E-16,0.));
#582 = PCURVE('',#412,#583);
#583 = DEFINITIONAL_REPRESENTATION('',(#584),#588);
#584 = LINE('',#585,#586);
#585 = CARTESIAN_POINT('',(-4.336808689942E-15,54.));
#586 = VECTOR('',#587,1.);
#587 = DIRECTION('',(1.,0.));
#588 = ( GEOMETRIC_REPRESENTATION_CONTEXT(2) 
PARAMETRIC_REPRESENTATION_CONTEXT() REPRESENTATION_CONTEXT('2D SPACE',''
  ) );
#589 = PCURVE('',#590,#595);
#590 = PLANE('',#591);
#591 = AXIS2_PLACEMENT_3D('',#592,#593,#594);
#592 = CARTESIAN_POINT('',(-8.560550171602E-14,77.102,59.));
#593 = DIRECTION('',(0.,0.,-1.));
#594 = DIRECTION('',(-1.,0.,0.));
#595 = DEFINITIONAL_REPRESENTATION('',(#596),#600);
#596 = LINE('',#597,#598);
#597 = CARTESIAN_POINT('',(-7.086035217022E-14,-154.202));
#598 = VECTOR('',#599,1.);
#599 = DIRECTION('',(-1.,4.595293976097E-16));
#600 = ( GEOMETRIC_REPRESENTATION_CONTEXT(2) 
PARAMETRIC_REPRESENTATION_CONTEXT() REPRESENTATION_CONTEXT('2D SPACE',''
  ) );
#601 = ORIENTED_EDGE('',*,*,#602,.F.);
#602 = EDGE_CURVE('',#603,#575,#605,.T.);
#603 = VERTEX_POINT('',#604);
#604 = CARTESIAN_POINT('',(5.1,-77.1,57.));
#605 = SURFACE_CURVE('',#606,(#611,#618),.PCURVE_S1.);
#606 = CIRCLE('',#607,2.);
#607 = AXIS2_PLACEMENT_3D('',#608,#609,#610);
#608 = CARTESIAN_POINT('',(3.1,-77.1,57.));
#609 = DIRECTION('',(4.595293976097E-16,-1.,0.));
#610 = DIRECTION('',(1.,4.595293976097E-16,0.));
#611 = PCURVE('',#412,#612);
#612 = DEFINITIONAL_REPRESENTATION('',(#613),#617);
#613 = CIRCLE('',#614,2.);
#614 = AXIS2_PLACEMENT_2D('',#615,#616);
#615 = CARTESIAN_POINT('',(3.1,52.));
#616 = DIRECTION('',(1.,0.));
#617 = ( GEOMETRIC_REPRESENTATION_CONTEXT(2) 
PARAMETRIC_REPRESENTATION_CONTEXT() REPRESENTATION_CONTEXT('2D SPACE',''
  ) );
#618 = PCURVE('',#619,#624);
#619 = CYLINDRICAL_SURFACE('',#620,2.);
#620 = AXIS2_PLACEMENT_3D('',#621,#622,#623);
#621 = CARTESIAN_POINT('',(3.1,77.102,57.));
#622 = DIRECTION('',(-4.595293976097E-16,1.,0.));
#623 = DIRECTION('',(-1.,-4.595293976097E-16,0.));
#624 = DEFINITIONAL_REPRESENTATION('',(#625),#629);
#625 = LINE('',#626,#627);
#626 = CARTESIAN_POINT('',(3.14159265359,-154.202));
#627 = VECTOR('',#628,1.);
#628 = DIRECTION('',(-1.,0.));
#629 = ( GEOMETRIC_REPRESENTATION_CONTEXT(2) 
PARAMETRIC_REPRESENTATION_CONTEXT() REPRESENTATION_CONTEXT('2D SPACE',''
  ) );
#630 = ORIENTED_EDGE('',*,*,#631,.T.);
#631 = EDGE_CURVE('',#603,#632,#634,.T.);
#632 = VERTEX_POINT('',#633);
#633 = CARTESIAN_POINT('',(5.1,-77.1,7.));
#634 = SURFACE_CURVE('',#635,(#639,#646),.PCURVE_S1.);
#635 = LINE('',#636,#637);
#636 = CARTESIAN_POINT('',(5.1,-77.1,32.));
#637 = VECTOR('',#638,1.);
#638 = DIRECTION('',(1.284980352575E-16,5.904862473593E-32,-1.));
#639 = PCURVE('',#412,#640);
#640 = DEFINITIONAL_REPRESENTATION('',(#641),#645);
#641 = LINE('',#642,#643);
#642 = CARTESIAN_POINT('',(5.1,27.));
#643 = VECTOR('',#644,1.);
#644 = DIRECTION('',(1.284980352575E-16,-1.));
#645 = ( GEOMETRIC_REPRESENTATION_CONTEXT(2) 
PARAMETRIC_REPRESENTATION_CONTEXT() REPRESENTATION_CONTEXT('2D SPACE',''
  ) );
#646 = PCURVE('',#647,#652);
#647 = PLANE('',#648);
#648 = AXIS2_PLACEMENT_3D('',#649,#650,#651);
#649 = CARTESIAN_POINT('',(5.1,77.102,32.));
#650 = DIRECTION('',(-1.,-4.595293976097E-16,-1.284980352575E-16));
#651 = DIRECTION('',(4.595293976097E-16,-1.,0.));
#652 = DEFINITIONAL_REPRESENTATION('',(#653),#657);
#653 = LINE('',#654,#655);
#654 = CARTESIAN_POINT('',(154.202,-2.491851963857E-32));
#655 = VECTOR('',#656,1.);
#656 = DIRECTION('',(-6.880273528862E-47,-1.));
#657 = ( GEOMETRIC_REPRESENTATION_CONTEXT(2) 
PARAMETRIC_REPRESENTATION_CONTEXT() REPRESENTATION_CONTEXT('2D SPACE',''
  ) );
#658 = ORIENTED_EDGE('',*,*,#659,.F.);
#659 = EDGE_CURVE('',#660,#632,#662,.T.);
#660 = VERTEX_POINT('',#661);
#661 = CARTESIAN_POINT('',(3.1,-77.1,5.));
#662 = SURFACE_CURVE('',#663,(#668,#675),.PCURVE_S1.);
#663 = CIRCLE('',#664,2.);
#664 = AXIS2_PLACEMENT_3D('',#665,#666,#667);
#665 = CARTESIAN_POINT('',(3.1,-77.1,7.));
#666 = DIRECTION('',(4.595293976097E-16,-1.,0.));
#667 = DIRECTION('',(1.,4.595293976097E-16,0.));
#668 = PCURVE('',#412,#669);
#669 = DEFINITIONAL_REPRESENTATION('',(#670),#674);
#670 = CIRCLE('',#671,2.);
#671 = AXIS2_PLACEMENT_2D('',#672,#673);
#672 = CARTESIAN_POINT('',(3.1,2.));
#673 = DIRECTION('',(1.,0.));
#674 = ( GEOMETRIC_REPRESENTATION_CONTEXT(2) 
PARAMETRIC_REPRESENTATION_CONTEXT() REPRESENTATION_CONTEXT('2D SPACE',''
  ) );
#675 = PCURVE('',#676,#681);
#676 = CYLINDRICAL_SURFACE('',#677,2.);
#677 = AXIS2_PLACEMENT_3D('',#678,#679,#680);
#678 = CARTESIAN_POINT('',(3.1,77.102,7.));
#679 = DIRECTION('',(-4.595293976097E-16,1.,0.));
#680 = DIRECTION('',(-1.,-4.595293976097E-16,0.));
#681 = DEFINITIONAL_REPRESENTATION('',(#682),#686);
#682 = LINE('',#683,#684);
#683 = CARTESIAN_POINT('',(9.424777960769,-154.202));
#684 = VECTOR('',#685,1.);
#685 = DIRECTION('',(-1.,0.));
#686 = ( GEOMETRIC_REPRESENTATION_CONTEXT(2) 
PARAMETRIC_REPRESENTATION_CONTEXT() REPRESENTATION_CONTEXT('2D SPACE',''
  ) );
#687 = ORIENTED_EDGE('',*,*,#688,.T.);
#688 = EDGE_CURVE('',#660,#689,#691,.T.);
#689 = VERTEX_POINT('',#690);
#690 = CARTESIAN_POINT('',(-3.1,-77.1,5.));
#691 = SURFACE_CURVE('',#692,(#696,#703),.PCURVE_S1.);
#692 = LINE('',#693,#694);
#693 = CARTESIAN_POINT('',(-6.938893903907E-15,-77.1,5.));
#694 = VECTOR('',#695,1.);
#695 = DIRECTION('',(-1.,-4.595293976097E-16,0.));
#696 = PCURVE('',#412,#697);
#697 = DEFINITIONAL_REPRESENTATION('',(#698),#702);
#698 = LINE('',#699,#700);
#699 = CARTESIAN_POINT('',(3.469446951954E-15,0.));
#700 = VECTOR('',#701,1.);
#701 = DIRECTION('',(-1.,0.));
#702 = ( GEOMETRIC_REPRESENTATION_CONTEXT(2) 
PARAMETRIC_REPRESENTATION_CONTEXT() REPRESENTATION_CONTEXT('2D SPACE',''
  ) );
#703 = PCURVE('',#704,#709);
#704 = PLANE('',#705);
#705 = AXIS2_PLACEMENT_3D('',#706,#707,#708);
#706 = CARTESIAN_POINT('',(-6.938893903907E-15,0.,5.));
#707 = DIRECTION('',(0.,0.,1.));
#708 = DIRECTION('',(1.,0.,-0.));
#709 = DEFINITIONAL_REPRESENTATION('',(#710),#714);
#710 = LINE('',#711,#712);
#711 = CARTESIAN_POINT('',(0.,-77.1));
#712 = VECTOR('',#713,1.);
#713 = DIRECTION('',(-1.,-4.595293976097E-16));
#714 = ( GEOMETRIC_REPRESENTATION_CONTEXT(2) 
PARAMETRIC_REPRESENTATION_CONTEXT() REPRESENTATION_CONTEXT('2D SPACE',''
  ) );
#715 = ORIENTED_EDGE('',*,*,#716,.F.);
#716 = EDGE_CURVE('',#516,#689,#717,.T.);
#717 = SURFACE_CURVE('',#718,(#723,#730),.PCURVE_S1.);
#718 = CIRCLE('',#719,2.);
#719 = AXIS2_PLACEMENT_3D('',#720,#721,#722);
#720 = CARTESIAN_POINT('',(-3.1,-77.1,7.));
#721 = DIRECTION('',(4.595293976097E-16,-1.,0.));
#722 = DIRECTION('',(1.,4.595293976097E-16,0.));
#723 = PCURVE('',#412,#724);
#724 = DEFINITIONAL_REPRESENTATION('',(#725),#729);
#725 = CIRCLE('',#726,2.);
#726 = AXIS2_PLACEMENT_2D('',#727,#728);
#727 = CARTESIAN_POINT('',(-3.1,2.));
#728 = DIRECTION('',(1.,0.));
#729 = ( GEOMETRIC_REPRESENTATION_CONTEXT(2) 
PARAMETRIC_REPRESENTATION_CONTEXT() REPRESENTATION_CONTEXT('2D SPACE',''
  ) );
#730 = PCURVE('',#731,#736);
#731 = CYLINDRICAL_SURFACE('',#732,2.);
#732 = AXIS2_PLACEMENT_3D('',#733,#734,#735);
#733 = CARTESIAN_POINT('',(-3.1,-1.42454113259E-15,7.));
#734 = DIRECTION('',(-4.595293976097E-16,1.,0.));
#735 = DIRECTION('',(-1.,-4.595293976097E-16,0.));
#736 = DEFINITIONAL_REPRESENTATION('',(#737),#741);
#737 = LINE('',#738,#739);
#738 = CARTESIAN_POINT('',(9.424777960769,-77.1));
#739 = VECTOR('',#740,1.);
#740 = DIRECTION('',(-1.,0.));
#741 = ( GEOMETRIC_REPRESENTATION_CONTEXT(2) 
PARAMETRIC_REPRESENTATION_CONTEXT() REPRESENTATION_CONTEXT('2D SPACE',''
  ) );
#742 = ADVANCED_FACE('',(#743),#757,.F.);
#743 = FACE_BOUND('',#744,.T.);
#744 = EDGE_LOOP('',(#745,#775,#799,#822,#846,#869,#893,#916,#945,#973,
    #1001,#1029,#1058,#1081));
#745 = ORIENTED_EDGE('',*,*,#746,.F.);
#746 = EDGE_CURVE('',#747,#749,#751,.T.);
#747 = VERTEX_POINT('',#748);
#748 = CARTESIAN_POINT('',(5.1,-72.1,57.));
#749 = VERTEX_POINT('',#750);
#750 = CARTESIAN_POINT('',(5.1,-72.1,7.));
#751 = SURFACE_CURVE('',#752,(#756,#768),.PCURVE_S1.);
#752 = LINE('',#753,#754);
#753 = CARTESIAN_POINT('',(5.1,-72.1,74.));
#754 = VECTOR('',#755,1.);
#755 = DIRECTION('',(1.284980352575E-16,0.,-1.));
#756 = PCURVE('',#757,#762);
#757 = PLANE('',#758);
#758 = AXIS2_PLACEMENT_3D('',#759,#760,#761);
#759 = CARTESIAN_POINT('',(-6.938893903907E-15,-72.1,74.));
#760 = DIRECTION('',(0.,-1.,0.));
#761 = DIRECTION('',(0.,0.,-1.));
#762 = DEFINITIONAL_REPRESENTATION('',(#763),#767);
#763 = LINE('',#764,#765);
#764 = CARTESIAN_POINT('',(0.,5.1));
#765 = VECTOR('',#766,1.);
#766 = DIRECTION('',(1.,1.284980352575E-16));
#767 = ( GEOMETRIC_REPRESENTATION_CONTEXT(2) 
PARAMETRIC_REPRESENTATION_CONTEXT() REPRESENTATION_CONTEXT('2D SPACE',''
  ) );
#768 = PCURVE('',#647,#769);
#769 = DEFINITIONAL_REPRESENTATION('',(#770),#774);
#770 = LINE('',#771,#772);
#771 = CARTESIAN_POINT('',(149.202,42.));
#772 = VECTOR('',#773,1.);
#773 = DIRECTION('',(5.904862473593E-32,-1.));
#774 = ( GEOMETRIC_REPRESENTATION_CONTEXT(2) 
PARAMETRIC_REPRESENTATION_CONTEXT() REPRESENTATION_CONTEXT('2D SPACE',''
  ) );
#775 = ORIENTED_EDGE('',*,*,#776,.T.);
#776 = EDGE_CURVE('',#747,#777,#779,.T.);
#777 = VERTEX_POINT('',#778);
#778 = CARTESIAN_POINT('',(3.1,-72.1,59.));
#779 = SURFACE_CURVE('',#780,(#785,#792),.PCURVE_S1.);
#780 = CIRCLE('',#781,2.);
#781 = AXIS2_PLACEMENT_3D('',#782,#783,#784);
#782 = CARTESIAN_POINT('',(3.1,-72.1,57.));
#783 = DIRECTION('',(0.,-1.,0.));
#784 = DIRECTION('',(0.,0.,-1.));
#785 = PCURVE('',#757,#786);
#786 = DEFINITIONAL_REPRESENTATION('',(#787),#791);
#787 = CIRCLE('',#788,2.);
#788 = AXIS2_PLACEMENT_2D('',#789,#790);
#789 = CARTESIAN_POINT('',(17.,3.1));
#790 = DIRECTION('',(1.,0.));
#791 = ( GEOMETRIC_REPRESENTATION_CONTEXT(2) 
PARAMETRIC_REPRESENTATION_CONTEXT() REPRESENTATION_CONTEXT('2D SPACE',''
  ) );
#792 = PCURVE('',#619,#793);
#793 = DEFINITIONAL_REPRESENTATION('',(#794),#798);
#794 = LINE('',#795,#796);
#795 = CARTESIAN_POINT('',(4.712388980385,-149.202));
#796 = VECTOR('',#797,1.);
#797 = DIRECTION('',(-1.,0.));
#798 = ( GEOMETRIC_REPRESENTATION_CONTEXT(2) 
PARAMETRIC_REPRESENTATION_CONTEXT() REPRESENTATION_CONTEXT('2D SPACE',''
  ) );
#799 = ORIENTED_EDGE('',*,*,#800,.F.);
#800 = EDGE_CURVE('',#801,#777,#803,.T.);
#801 = VERTEX_POINT('',#802);
#802 = CARTESIAN_POINT('',(-3.1,-72.1,59.));
#803 = SURFACE_CURVE('',#804,(#808,#815),.PCURVE_S1.);
#804 = LINE('',#805,#806);
#805 = CARTESIAN_POINT('',(-6.938893903907E-15,-72.1,59.));
#806 = VECTOR('',#807,1.);
#807 = DIRECTION('',(1.,0.,0.));
#808 = PCURVE('',#757,#809);
#809 = DEFINITIONAL_REPRESENTATION('',(#810),#814);
#810 = LINE('',#811,#812);
#811 = CARTESIAN_POINT('',(15.,0.));
#812 = VECTOR('',#813,1.);
#813 = DIRECTION('',(0.,1.));
#814 = ( GEOMETRIC_REPRESENTATION_CONTEXT(2) 
PARAMETRIC_REPRESENTATION_CONTEXT() REPRESENTATION_CONTEXT('2D SPACE',''
  ) );
#815 = PCURVE('',#590,#816);
#816 = DEFINITIONAL_REPRESENTATION('',(#817),#821);
#817 = LINE('',#818,#819);
#818 = CARTESIAN_POINT('',(-7.866660781211E-14,-149.202));
#819 = VECTOR('',#820,1.);
#820 = DIRECTION('',(-1.,0.));
#821 = ( GEOMETRIC_REPRESENTATION_CONTEXT(2) 
PARAMETRIC_REPRESENTATION_CONTEXT() REPRESENTATION_CONTEXT('2D SPACE',''
  ) );
#822 = ORIENTED_EDGE('',*,*,#823,.T.);
#823 = EDGE_CURVE('',#801,#824,#826,.T.);
#824 = VERTEX_POINT('',#825);
#825 = CARTESIAN_POINT('',(-5.1,-72.1,57.));
#826 = SURFACE_CURVE('',#827,(#832,#839),.PCURVE_S1.);
#827 = CIRCLE('',#828,2.);
#828 = AXIS2_PLACEMENT_3D('',#829,#830,#831);
#829 = CARTESIAN_POINT('',(-3.1,-72.1,57.));
#830 = DIRECTION('',(0.,-1.,0.));
#831 = DIRECTION('',(0.,0.,-1.));
#832 = PCURVE('',#757,#833);
#833 = DEFINITIONAL_REPRESENTATION('',(#834),#838);
#834 = CIRCLE('',#835,2.);
#835 = AXIS2_PLACEMENT_2D('',#836,#837);
#836 = CARTESIAN_POINT('',(17.,-3.1));
#837 = DIRECTION('',(1.,0.));
#838 = ( GEOMETRIC_REPRESENTATION_CONTEXT(2) 
PARAMETRIC_REPRESENTATION_CONTEXT() REPRESENTATION_CONTEXT('2D SPACE',''
  ) );
#839 = PCURVE('',#562,#840);
#840 = DEFINITIONAL_REPRESENTATION('',(#841),#845);
#841 = LINE('',#842,#843);
#842 = CARTESIAN_POINT('',(4.712388980385,-149.202));
#843 = VECTOR('',#844,1.);
#844 = DIRECTION('',(-1.,0.));
#845 = ( GEOMETRIC_REPRESENTATION_CONTEXT(2) 
PARAMETRIC_REPRESENTATION_CONTEXT() REPRESENTATION_CONTEXT('2D SPACE',''
  ) );
#846 = ORIENTED_EDGE('',*,*,#847,.F.);
#847 = EDGE_CURVE('',#848,#824,#850,.T.);
#848 = VERTEX_POINT('',#849);
#849 = CARTESIAN_POINT('',(-5.1,-72.1,7.));
#850 = SURFACE_CURVE('',#851,(#855,#862),.PCURVE_S1.);
#851 = LINE('',#852,#853);
#852 = CARTESIAN_POINT('',(-5.1,-72.1,74.));
#853 = VECTOR('',#854,1.);
#854 = DIRECTION('',(-1.284980352575E-16,0.,1.));
#855 = PCURVE('',#757,#856);
#856 = DEFINITIONAL_REPRESENTATION('',(#857),#861);
#857 = LINE('',#858,#859);
#858 = CARTESIAN_POINT('',(0.,-5.1));
#859 = VECTOR('',#860,1.);
#860 = DIRECTION('',(-1.,-1.284980352575E-16));
#861 = ( GEOMETRIC_REPRESENTATION_CONTEXT(2) 
PARAMETRIC_REPRESENTATION_CONTEXT() REPRESENTATION_CONTEXT('2D SPACE',''
  ) );
#862 = PCURVE('',#533,#863);
#863 = DEFINITIONAL_REPRESENTATION('',(#864),#868);
#864 = LINE('',#865,#866);
#865 = CARTESIAN_POINT('',(-149.202,42.));
#866 = VECTOR('',#867,1.);
#867 = DIRECTION('',(5.904862473593E-32,1.));
#868 = ( GEOMETRIC_REPRESENTATION_CONTEXT(2) 
PARAMETRIC_REPRESENTATION_CONTEXT() REPRESENTATION_CONTEXT('2D SPACE',''
  ) );
#869 = ORIENTED_EDGE('',*,*,#870,.T.);
#870 = EDGE_CURVE('',#848,#871,#873,.T.);
#871 = VERTEX_POINT('',#872);
#872 = CARTESIAN_POINT('',(-3.1,-72.1,5.));
#873 = SURFACE_CURVE('',#874,(#879,#886),.PCURVE_S1.);
#874 = CIRCLE('',#875,2.);
#875 = AXIS2_PLACEMENT_3D('',#876,#877,#878);
#876 = CARTESIAN_POINT('',(-3.1,-72.1,7.));
#877 = DIRECTION('',(0.,-1.,0.));
#878 = DIRECTION('',(0.,0.,-1.));
#879 = PCURVE('',#757,#880);
#880 = DEFINITIONAL_REPRESENTATION('',(#881),#885);
#881 = CIRCLE('',#882,2.);
#882 = AXIS2_PLACEMENT_2D('',#883,#884);
#883 = CARTESIAN_POINT('',(67.,-3.1));
#884 = DIRECTION('',(1.,0.));
#885 = ( GEOMETRIC_REPRESENTATION_CONTEXT(2) 
PARAMETRIC_REPRESENTATION_CONTEXT() REPRESENTATION_CONTEXT('2D SPACE',''
  ) );
#886 = PCURVE('',#731,#887);
#887 = DEFINITIONAL_REPRESENTATION('',(#888),#892);
#888 = LINE('',#889,#890);
#889 = CARTESIAN_POINT('',(10.995574287564,-72.1));
#890 = VECTOR('',#891,1.);
#891 = DIRECTION('',(-1.,0.));
#892 = ( GEOMETRIC_REPRESENTATION_CONTEXT(2) 
PARAMETRIC_REPRESENTATION_CONTEXT() REPRESENTATION_CONTEXT('2D SPACE',''
  ) );
#893 = ORIENTED_EDGE('',*,*,#894,.F.);
#894 = EDGE_CURVE('',#895,#871,#897,.T.);
#895 = VERTEX_POINT('',#896);
#896 = CARTESIAN_POINT('',(-5.1,-72.1,5.));
#897 = SURFACE_CURVE('',#898,(#902,#909),.PCURVE_S1.);
#898 = LINE('',#899,#900);
#899 = CARTESIAN_POINT('',(-6.938893903907E-15,-72.1,5.));
#900 = VECTOR('',#901,1.);
#901 = DIRECTION('',(1.,0.,0.));
#902 = PCURVE('',#757,#903);
#903 = DEFINITIONAL_REPRESENTATION('',(#904),#908);
#904 = LINE('',#905,#906);
#905 = CARTESIAN_POINT('',(69.,0.));
#906 = VECTOR('',#907,1.);
#907 = DIRECTION('',(0.,1.));
#908 = ( GEOMETRIC_REPRESENTATION_CONTEXT(2) 
PARAMETRIC_REPRESENTATION_CONTEXT() REPRESENTATION_CONTEXT('2D SPACE',''
  ) );
#909 = PCURVE('',#704,#910);
#910 = DEFINITIONAL_REPRESENTATION('',(#911),#915);
#911 = LINE('',#912,#913);
#912 = CARTESIAN_POINT('',(0.,-72.1));
#913 = VECTOR('',#914,1.);
#914 = DIRECTION('',(1.,0.));
#915 = ( GEOMETRIC_REPRESENTATION_CONTEXT(2) 
PARAMETRIC_REPRESENTATION_CONTEXT() REPRESENTATION_CONTEXT('2D SPACE',''
  ) );
#916 = ORIENTED_EDGE('',*,*,#917,.F.);
#917 = EDGE_CURVE('',#918,#895,#920,.T.);
#918 = VERTEX_POINT('',#919);
#919 = CARTESIAN_POINT('',(-10.1,-72.1,10.));
#920 = SURFACE_CURVE('',#921,(#926,#933),.PCURVE_S1.);
#921 = CIRCLE('',#922,5.);
#922 = AXIS2_PLACEMENT_3D('',#923,#924,#925);
#923 = CARTESIAN_POINT('',(-5.1,-72.1,10.));
#924 = DIRECTION('',(0.,-1.,0.));
#925 = DIRECTION('',(0.,0.,-1.));
#926 = PCURVE('',#757,#927);
#927 = DEFINITIONAL_REPRESENTATION('',(#928),#932);
#928 = CIRCLE('',#929,5.);
#929 = AXIS2_PLACEMENT_2D('',#930,#931);
#930 = CARTESIAN_POINT('',(64.,-5.1));
#931 = DIRECTION('',(1.,0.));
#932 = ( GEOMETRIC_REPRESENTATION_CONTEXT(2) 
PARAMETRIC_REPRESENTATION_CONTEXT() REPRESENTATION_CONTEXT('2D SPACE',''
  ) );
#933 = PCURVE('',#934,#939);
#934 = CYLINDRICAL_SURFACE('',#935,5.);
#935 = AXIS2_PLACEMENT_3D('',#936,#937,#938);
#936 = CARTESIAN_POINT('',(-5.1,-7.239643466317E-15,10.));
#937 = DIRECTION('',(6.014991248186E-17,1.,0.));
#938 = DIRECTION('',(-1.,6.014991248186E-17,0.));
#939 = DEFINITIONAL_REPRESENTATION('',(#940),#944);
#940 = LINE('',#941,#942);
#941 = CARTESIAN_POINT('',(10.995574287564,-72.1));
#942 = VECTOR('',#943,1.);
#943 = DIRECTION('',(-1.,0.));
#944 = ( GEOMETRIC_REPRESENTATION_CONTEXT(2) 
PARAMETRIC_REPRESENTATION_CONTEXT() REPRESENTATION_CONTEXT('2D SPACE',''
  ) );
#945 = ORIENTED_EDGE('',*,*,#946,.F.);
#946 = EDGE_CURVE('',#947,#918,#949,.T.);
#947 = VERTEX_POINT('',#948);
#948 = CARTESIAN_POINT('',(-10.1,-72.1,74.));
#949 = SURFACE_CURVE('',#950,(#954,#961),.PCURVE_S1.);
#950 = LINE('',#951,#952);
#951 = CARTESIAN_POINT('',(-10.1,-72.1,74.));
#952 = VECTOR('',#953,1.);
#953 = DIRECTION('',(0.,0.,-1.));
#954 = PCURVE('',#757,#955);
#955 = DEFINITIONAL_REPRESENTATION('',(#956),#960);
#956 = LINE('',#957,#958);
#957 = CARTESIAN_POINT('',(0.,-10.1));
#958 = VECTOR('',#959,1.);
#959 = DIRECTION('',(1.,0.));
#960 = ( GEOMETRIC_REPRESENTATION_CONTEXT(2) 
PARAMETRIC_REPRESENTATION_CONTEXT() REPRESENTATION_CONTEXT('2D SPACE',''
  ) );
#961 = PCURVE('',#962,#967);
#962 = PLANE('',#963);
#963 = AXIS2_PLACEMENT_3D('',#964,#965,#966);
#964 = CARTESIAN_POINT('',(-10.1,-6.938893903907E-15,74.));
#965 = DIRECTION('',(-1.,6.014991248186E-17,0.));
#966 = DIRECTION('',(-6.014991248186E-17,-1.,0.));
#967 = DEFINITIONAL_REPRESENTATION('',(#968),#972);
#968 = LINE('',#969,#970);
#969 = CARTESIAN_POINT('',(72.1,0.));
#970 = VECTOR('',#971,1.);
#971 = DIRECTION('',(-0.,-1.));
#972 = ( GEOMETRIC_REPRESENTATION_CONTEXT(2) 
PARAMETRIC_REPRESENTATION_CONTEXT() REPRESENTATION_CONTEXT('2D SPACE',''
  ) );
#973 = ORIENTED_EDGE('',*,*,#974,.F.);
#974 = EDGE_CURVE('',#975,#947,#977,.T.);
#975 = VERTEX_POINT('',#976);
#976 = CARTESIAN_POINT('',(10.1,-72.1,74.));
#977 = SURFACE_CURVE('',#978,(#982,#989),.PCURVE_S1.);
#978 = LINE('',#979,#980);
#979 = CARTESIAN_POINT('',(-6.938893903907E-15,-72.1,74.));
#980 = VECTOR('',#981,1.);
#981 = DIRECTION('',(-1.,0.,0.));
#982 = PCURVE('',#757,#983);
#983 = DEFINITIONAL_REPRESENTATION('',(#984),#988);
#984 = LINE('',#985,#986);
#985 = CARTESIAN_POINT('',(0.,0.));
#986 = VECTOR('',#987,1.);
#987 = DIRECTION('',(0.,-1.));
#988 = ( GEOMETRIC_REPRESENTATION_CONTEXT(2) 
PARAMETRIC_REPRESENTATION_CONTEXT() REPRESENTATION_CONTEXT('2D SPACE',''
  ) );
#989 = PCURVE('',#990,#995);
#990 = PLANE('',#991);
#991 = AXIS2_PLACEMENT_3D('',#992,#993,#994);
#992 = CARTESIAN_POINT('',(-6.938893903907E-15,0.,74.));
#993 = DIRECTION('',(0.,0.,1.));
#994 = DIRECTION('',(1.,0.,-0.));
#995 = DEFINITIONAL_REPRESENTATION('',(#996),#1000);
#996 = LINE('',#997,#998);
#997 = CARTESIAN_POINT('',(0.,-72.1));
#998 = VECTOR('',#999,1.);
#999 = DIRECTION('',(-1.,0.));
#1000 = ( GEOMETRIC_REPRESENTATION_CONTEXT(2) 
PARAMETRIC_REPRESENTATION_CONTEXT() REPRESENTATION_CONTEXT('2D SPACE',''
  ) );
#1001 = ORIENTED_EDGE('',*,*,#1002,.T.);
#1002 = EDGE_CURVE('',#975,#1003,#1005,.T.);
#1003 = VERTEX_POINT('',#1004);
#1004 = CARTESIAN_POINT('',(10.1,-72.1,10.));
#1005 = SURFACE_CURVE('',#1006,(#1010,#1017),.PCURVE_S1.);
#1006 = LINE('',#1007,#1008);
#1007 = CARTESIAN_POINT('',(10.1,-72.1,74.));
#1008 = VECTOR('',#1009,1.);
#1009 = DIRECTION('',(0.,0.,-1.));
#1010 = PCURVE('',#757,#1011);
#1011 = DEFINITIONAL_REPRESENTATION('',(#1012),#1016);
#1012 = LINE('',#1013,#1014);
#1013 = CARTESIAN_POINT('',(0.,10.1));
#1014 = VECTOR('',#1015,1.);
#1015 = DIRECTION('',(1.,0.));
#1016 = ( GEOMETRIC_REPRESENTATION_CONTEXT(2) 
PARAMETRIC_REPRESENTATION_CONTEXT() REPRESENTATION_CONTEXT('2D SPACE',''
  ) );
#1017 = PCURVE('',#1018,#1023);
#1018 = PLANE('',#1019);
#1019 = AXIS2_PLACEMENT_3D('',#1020,#1021,#1022);
#1020 = CARTESIAN_POINT('',(10.1,0.,74.));
#1021 = DIRECTION('',(-1.,6.014991248186E-17,0.));
#1022 = DIRECTION('',(-6.014991248186E-17,-1.,0.));
#1023 = DEFINITIONAL_REPRESENTATION('',(#1024),#1028);
#1024 = LINE('',#1025,#1026);
#1025 = CARTESIAN_POINT('',(72.1,0.));
#1026 = VECTOR('',#1027,1.);
#1027 = DIRECTION('',(-0.,-1.));
#1028 = ( GEOMETRIC_REPRESENTATION_CONTEXT(2) 
PARAMETRIC_REPRESENTATION_CONTEXT() REPRESENTATION_CONTEXT('2D SPACE',''
  ) );
#1029 = ORIENTED_EDGE('',*,*,#1030,.F.);
#1030 = EDGE_CURVE('',#1031,#1003,#1033,.T.);
#1031 = VERTEX_POINT('',#1032);
#1032 = CARTESIAN_POINT('',(5.1,-72.1,5.));
#1033 = SURFACE_CURVE('',#1034,(#1039,#1046),.PCURVE_S1.);
#1034 = CIRCLE('',#1035,5.);
#1035 = AXIS2_PLACEMENT_3D('',#1036,#1037,#1038);
#1036 = CARTESIAN_POINT('',(5.1,-72.1,10.));
#1037 = DIRECTION('',(0.,-1.,0.));
#1038 = DIRECTION('',(0.,0.,-1.));
#1039 = PCURVE('',#757,#1040);
#1040 = DEFINITIONAL_REPRESENTATION('',(#1041),#1045);
#1041 = CIRCLE('',#1042,5.);
#1042 = AXIS2_PLACEMENT_2D('',#1043,#1044);
#1043 = CARTESIAN_POINT('',(64.,5.1));
#1044 = DIRECTION('',(1.,0.));
#1045 = ( GEOMETRIC_REPRESENTATION_CONTEXT(2) 
PARAMETRIC_REPRESENTATION_CONTEXT() REPRESENTATION_CONTEXT('2D SPACE',''
  ) );
#1046 = PCURVE('',#1047,#1052);
#1047 = CYLINDRICAL_SURFACE('',#1048,5.);
#1048 = AXIS2_PLACEMENT_3D('',#1049,#1050,#1051);
#1049 = CARTESIAN_POINT('',(5.1,-3.067645536575E-16,10.));
#1050 = DIRECTION('',(-6.014991248186E-17,-1.,0.));
#1051 = DIRECTION('',(1.,-6.014991248186E-17,0.));
#1052 = DEFINITIONAL_REPRESENTATION('',(#1053),#1057);
#1053 = LINE('',#1054,#1055);
#1054 = CARTESIAN_POINT('',(4.712388980385,72.1));
#1055 = VECTOR('',#1056,1.);
#1056 = DIRECTION('',(1.,0.));
#1057 = ( GEOMETRIC_REPRESENTATION_CONTEXT(2) 
PARAMETRIC_REPRESENTATION_CONTEXT() REPRESENTATION_CONTEXT('2D SPACE',''
  ) );
#1058 = ORIENTED_EDGE('',*,*,#1059,.F.);
#1059 = EDGE_CURVE('',#1060,#1031,#1062,.T.);
#1060 = VERTEX_POINT('',#1061);
#1061 = CARTESIAN_POINT('',(3.1,-72.1,5.));
#1062 = SURFACE_CURVE('',#1063,(#1067,#1074),.PCURVE_S1.);
#1063 = LINE('',#1064,#1065);
#1064 = CARTESIAN_POINT('',(-6.938893903907E-15,-72.1,5.));
#1065 = VECTOR('',#1066,1.);
#1066 = DIRECTION('',(1.,0.,0.));
#1067 = PCURVE('',#757,#1068);
#1068 = DEFINITIONAL_REPRESENTATION('',(#1069),#1073);
#1069 = LINE('',#1070,#1071);
#1070 = CARTESIAN_POINT('',(69.,0.));
#1071 = VECTOR('',#1072,1.);
#1072 = DIRECTION('',(0.,1.));
#1073 = ( GEOMETRIC_REPRESENTATION_CONTEXT(2) 
PARAMETRIC_REPRESENTATION_CONTEXT() REPRESENTATION_CONTEXT('2D SPACE',''
  ) );
#1074 = PCURVE('',#704,#1075);
#1075 = DEFINITIONAL_REPRESENTATION('',(#1076),#1080);
#1076 = LINE('',#1077,#1078);
#1077 = CARTESIAN_POINT('',(0.,-72.1));
#1078 = VECTOR('',#1079,1.);
#1079 = DIRECTION('',(1.,0.));
#1080 = ( GEOMETRIC_REPRESENTATION_CONTEXT(2) 
PARAMETRIC_REPRESENTATION_CONTEXT() REPRESENTATION_CONTEXT('2D SPACE',''
  ) );
#1081 = ORIENTED_EDGE('',*,*,#1082,.T.);
#1082 = EDGE_CURVE('',#1060,#749,#1083,.T.);
#1083 = SURFACE_CURVE('',#1084,(#1089,#1096),.PCURVE_S1.);
#1084 = CIRCLE('',#1085,2.);
#1085 = AXIS2_PLACEMENT_3D('',#1086,#1087,#1088);
#1086 = CARTESIAN_POINT('',(3.1,-72.1,7.));
#1087 = DIRECTION('',(0.,-1.,0.));
#1088 = DIRECTION('',(0.,0.,-1.));
#1089 = PCURVE('',#757,#1090);
#1090 = DEFINITIONAL_REPRESENTATION('',(#1091),#1095);
#1091 = CIRCLE('',#1092,2.);
#1092 = AXIS2_PLACEMENT_2D('',#1093,#1094);
#1093 = CARTESIAN_POINT('',(67.,3.1));
#1094 = DIRECTION('',(1.,0.));
#1095 = ( GEOMETRIC_REPRESENTATION_CONTEXT(2) 
PARAMETRIC_REPRESENTATION_CONTEXT() REPRESENTATION_CONTEXT('2D SPACE',''
  ) );
#1096 = PCURVE('',#676,#1097);
#1097 = DEFINITIONAL_REPRESENTATION('',(#1098),#1102);
#1098 = LINE('',#1099,#1100);
#1099 = CARTESIAN_POINT('',(4.712388980385,-149.202));
#1100 = VECTOR('',#1101,1.);
#1101 = DIRECTION('',(-1.,0.));
#1102 = ( GEOMETRIC_REPRESENTATION_CONTEXT(2) 
PARAMETRIC_REPRESENTATION_CONTEXT() REPRESENTATION_CONTEXT('2D SPACE',''
  ) );
#1103 = ADVANCED_FACE('',(#1104),#1118,.T.);
#1104 = FACE_BOUND('',#1105,.T.);
#1105 = EDGE_LOOP('',(#1106,#1136,#1160,#1183,#1207,#1230,#1254,#1277,
    #1306,#1329,#1352,#1375,#1404,#1427));
#1106 = ORIENTED_EDGE('',*,*,#1107,.T.);
#1107 = EDGE_CURVE('',#1108,#1110,#1112,.T.);
#1108 = VERTEX_POINT('',#1109);
#1109 = CARTESIAN_POINT('',(-5.1,72.1,7.));
#1110 = VERTEX_POINT('',#1111);
#1111 = CARTESIAN_POINT('',(-5.1,72.1,57.));
#1112 = SURFACE_CURVE('',#1113,(#1117,#1129),.PCURVE_S1.);
#1113 = LINE('',#1114,#1115);
#1114 = CARTESIAN_POINT('',(-5.1,72.1,74.));
#1115 = VECTOR('',#1116,1.);
#1116 = DIRECTION('',(-1.284980352575E-16,0.,1.));
#1117 = PCURVE('',#1118,#1123);
#1118 = PLANE('',#1119);
#1119 = AXIS2_PLACEMENT_3D('',#1120,#1121,#1122);
#1120 = CARTESIAN_POINT('',(-1.734723475977E-15,72.1,74.));
#1121 = DIRECTION('',(0.,-1.,0.));
#1122 = DIRECTION('',(0.,0.,-1.));
#1123 = DEFINITIONAL_REPRESENTATION('',(#1124),#1128);
#1124 = LINE('',#1125,#1126);
#1125 = CARTESIAN_POINT('',(0.,-5.1));
#1126 = VECTOR('',#1127,1.);
#1127 = DIRECTION('',(-1.,-1.284980352575E-16));
#1128 = ( GEOMETRIC_REPRESENTATION_CONTEXT(2) 
PARAMETRIC_REPRESENTATION_CONTEXT() REPRESENTATION_CONTEXT('2D SPACE',''
  ) );
#1129 = PCURVE('',#359,#1130);
#1130 = DEFINITIONAL_REPRESENTATION('',(#1131),#1135);
#1131 = LINE('',#1132,#1133);
#1132 = CARTESIAN_POINT('',(-5.002,42.));
#1133 = VECTOR('',#1134,1.);
#1134 = DIRECTION('',(5.904862473593E-32,1.));
#1135 = ( GEOMETRIC_REPRESENTATION_CONTEXT(2) 
PARAMETRIC_REPRESENTATION_CONTEXT() REPRESENTATION_CONTEXT('2D SPACE',''
  ) );
#1136 = ORIENTED_EDGE('',*,*,#1137,.F.);
#1137 = EDGE_CURVE('',#1138,#1110,#1140,.T.);
#1138 = VERTEX_POINT('',#1139);
#1139 = CARTESIAN_POINT('',(-3.1,72.1,59.));
#1140 = SURFACE_CURVE('',#1141,(#1146,#1153),.PCURVE_S1.);
#1141 = CIRCLE('',#1142,2.);
#1142 = AXIS2_PLACEMENT_3D('',#1143,#1144,#1145);
#1143 = CARTESIAN_POINT('',(-3.1,72.1,57.));
#1144 = DIRECTION('',(0.,-1.,0.));
#1145 = DIRECTION('',(0.,0.,-1.));
#1146 = PCURVE('',#1118,#1147);
#1147 = DEFINITIONAL_REPRESENTATION('',(#1148),#1152);
#1148 = CIRCLE('',#1149,2.);
#1149 = AXIS2_PLACEMENT_2D('',#1150,#1151);
#1150 = CARTESIAN_POINT('',(17.,-3.1));
#1151 = DIRECTION('',(1.,0.));
#1152 = ( GEOMETRIC_REPRESENTATION_CONTEXT(2) 
PARAMETRIC_REPRESENTATION_CONTEXT() REPRESENTATION_CONTEXT('2D SPACE',''
  ) );
#1153 = PCURVE('',#331,#1154);
#1154 = DEFINITIONAL_REPRESENTATION('',(#1155),#1159);
#1155 = LINE('',#1156,#1157);
#1156 = CARTESIAN_POINT('',(4.712388980385,-5.002));
#1157 = VECTOR('',#1158,1.);
#1158 = DIRECTION('',(-1.,0.));
#1159 = ( GEOMETRIC_REPRESENTATION_CONTEXT(2) 
PARAMETRIC_REPRESENTATION_CONTEXT() REPRESENTATION_CONTEXT('2D SPACE',''
  ) );
#1160 = ORIENTED_EDGE('',*,*,#1161,.T.);
#1161 = EDGE_CURVE('',#1138,#1162,#1164,.T.);
#1162 = VERTEX_POINT('',#1163);
#1163 = CARTESIAN_POINT('',(3.1,72.1,59.));
#1164 = SURFACE_CURVE('',#1165,(#1169,#1176),.PCURVE_S1.);
#1165 = LINE('',#1166,#1167);
#1166 = CARTESIAN_POINT('',(-1.734723475977E-15,72.1,59.));
#1167 = VECTOR('',#1168,1.);
#1168 = DIRECTION('',(1.,0.,0.));
#1169 = PCURVE('',#1118,#1170);
#1170 = DEFINITIONAL_REPRESENTATION('',(#1171),#1175);
#1171 = LINE('',#1172,#1173);
#1172 = CARTESIAN_POINT('',(15.,0.));
#1173 = VECTOR('',#1174,1.);
#1174 = DIRECTION('',(0.,1.));
#1175 = ( GEOMETRIC_REPRESENTATION_CONTEXT(2) 
PARAMETRIC_REPRESENTATION_CONTEXT() REPRESENTATION_CONTEXT('2D SPACE',''
  ) );
#1176 = PCURVE('',#302,#1177);
#1177 = DEFINITIONAL_REPRESENTATION('',(#1178),#1182);
#1178 = LINE('',#1179,#1180);
#1179 = CARTESIAN_POINT('',(-8.387077824004E-14,-5.002));
#1180 = VECTOR('',#1181,1.);
#1181 = DIRECTION('',(-1.,0.));
#1182 = ( GEOMETRIC_REPRESENTATION_CONTEXT(2) 
PARAMETRIC_REPRESENTATION_CONTEXT() REPRESENTATION_CONTEXT('2D SPACE',''
  ) );
#1183 = ORIENTED_EDGE('',*,*,#1184,.F.);
#1184 = EDGE_CURVE('',#1185,#1162,#1187,.T.);
#1185 = VERTEX_POINT('',#1186);
#1186 = CARTESIAN_POINT('',(5.1,72.1,57.));
#1187 = SURFACE_CURVE('',#1188,(#1193,#1200),.PCURVE_S1.);
#1188 = CIRCLE('',#1189,2.);
#1189 = AXIS2_PLACEMENT_3D('',#1190,#1191,#1192);
#1190 = CARTESIAN_POINT('',(3.1,72.1,57.));
#1191 = DIRECTION('',(0.,-1.,0.));
#1192 = DIRECTION('',(0.,0.,-1.));
#1193 = PCURVE('',#1118,#1194);
#1194 = DEFINITIONAL_REPRESENTATION('',(#1195),#1199);
#1195 = CIRCLE('',#1196,2.);
#1196 = AXIS2_PLACEMENT_2D('',#1197,#1198);
#1197 = CARTESIAN_POINT('',(17.,3.1));
#1198 = DIRECTION('',(1.,0.));
#1199 = ( GEOMETRIC_REPRESENTATION_CONTEXT(2) 
PARAMETRIC_REPRESENTATION_CONTEXT() REPRESENTATION_CONTEXT('2D SPACE',''
  ) );
#1200 = PCURVE('',#274,#1201);
#1201 = DEFINITIONAL_REPRESENTATION('',(#1202),#1206);
#1202 = LINE('',#1203,#1204);
#1203 = CARTESIAN_POINT('',(4.712388980385,-5.002));
#1204 = VECTOR('',#1205,1.);
#1205 = DIRECTION('',(-1.,0.));
#1206 = ( GEOMETRIC_REPRESENTATION_CONTEXT(2) 
PARAMETRIC_REPRESENTATION_CONTEXT() REPRESENTATION_CONTEXT('2D SPACE',''
  ) );
#1207 = ORIENTED_EDGE('',*,*,#1208,.T.);
#1208 = EDGE_CURVE('',#1185,#1209,#1211,.T.);
#1209 = VERTEX_POINT('',#1210);
#1210 = CARTESIAN_POINT('',(5.1,72.1,7.));
#1211 = SURFACE_CURVE('',#1212,(#1216,#1223),.PCURVE_S1.);
#1212 = LINE('',#1213,#1214);
#1213 = CARTESIAN_POINT('',(5.1,72.1,74.));
#1214 = VECTOR('',#1215,1.);
#1215 = DIRECTION('',(1.284980352575E-16,0.,-1.));
#1216 = PCURVE('',#1118,#1217);
#1217 = DEFINITIONAL_REPRESENTATION('',(#1218),#1222);
#1218 = LINE('',#1219,#1220);
#1219 = CARTESIAN_POINT('',(0.,5.1));
#1220 = VECTOR('',#1221,1.);
#1221 = DIRECTION('',(1.,1.284980352575E-16));
#1222 = ( GEOMETRIC_REPRESENTATION_CONTEXT(2) 
PARAMETRIC_REPRESENTATION_CONTEXT() REPRESENTATION_CONTEXT('2D SPACE',''
  ) );
#1223 = PCURVE('',#245,#1224);
#1224 = DEFINITIONAL_REPRESENTATION('',(#1225),#1229);
#1225 = LINE('',#1226,#1227);
#1226 = CARTESIAN_POINT('',(5.002,42.));
#1227 = VECTOR('',#1228,1.);
#1228 = DIRECTION('',(5.904862473593E-32,-1.));
#1229 = ( GEOMETRIC_REPRESENTATION_CONTEXT(2) 
PARAMETRIC_REPRESENTATION_CONTEXT() REPRESENTATION_CONTEXT('2D SPACE',''
  ) );
#1230 = ORIENTED_EDGE('',*,*,#1231,.F.);
#1231 = EDGE_CURVE('',#1232,#1209,#1234,.T.);
#1232 = VERTEX_POINT('',#1233);
#1233 = CARTESIAN_POINT('',(3.1,72.1,5.));
#1234 = SURFACE_CURVE('',#1235,(#1240,#1247),.PCURVE_S1.);
#1235 = CIRCLE('',#1236,2.);
#1236 = AXIS2_PLACEMENT_3D('',#1237,#1238,#1239);
#1237 = CARTESIAN_POINT('',(3.1,72.1,7.));
#1238 = DIRECTION('',(0.,-1.,0.));
#1239 = DIRECTION('',(0.,0.,-1.));
#1240 = PCURVE('',#1118,#1241);
#1241 = DEFINITIONAL_REPRESENTATION('',(#1242),#1246);
#1242 = CIRCLE('',#1243,2.);
#1243 = AXIS2_PLACEMENT_2D('',#1244,#1245);
#1244 = CARTESIAN_POINT('',(67.,3.1));
#1245 = DIRECTION('',(1.,0.));
#1246 = ( GEOMETRIC_REPRESENTATION_CONTEXT(2) 
PARAMETRIC_REPRESENTATION_CONTEXT() REPRESENTATION_CONTEXT('2D SPACE',''
  ) );
#1247 = PCURVE('',#217,#1248);
#1248 = DEFINITIONAL_REPRESENTATION('',(#1249),#1253);
#1249 = LINE('',#1250,#1251);
#1250 = CARTESIAN_POINT('',(4.712388980385,-5.002));
#1251 = VECTOR('',#1252,1.);
#1252 = DIRECTION('',(-1.,0.));
#1253 = ( GEOMETRIC_REPRESENTATION_CONTEXT(2) 
PARAMETRIC_REPRESENTATION_CONTEXT() REPRESENTATION_CONTEXT('2D SPACE',''
  ) );
#1254 = ORIENTED_EDGE('',*,*,#1255,.F.);
#1255 = EDGE_CURVE('',#1256,#1232,#1258,.T.);
#1256 = VERTEX_POINT('',#1257);
#1257 = CARTESIAN_POINT('',(5.1,72.1,5.));
#1258 = SURFACE_CURVE('',#1259,(#1263,#1270),.PCURVE_S1.);
#1259 = LINE('',#1260,#1261);
#1260 = CARTESIAN_POINT('',(-1.734723475977E-15,72.1,5.));
#1261 = VECTOR('',#1262,1.);
#1262 = DIRECTION('',(-1.,0.,0.));
#1263 = PCURVE('',#1118,#1264);
#1264 = DEFINITIONAL_REPRESENTATION('',(#1265),#1269);
#1265 = LINE('',#1266,#1267);
#1266 = CARTESIAN_POINT('',(69.,0.));
#1267 = VECTOR('',#1268,1.);
#1268 = DIRECTION('',(0.,-1.));
#1269 = ( GEOMETRIC_REPRESENTATION_CONTEXT(2) 
PARAMETRIC_REPRESENTATION_CONTEXT() REPRESENTATION_CONTEXT('2D SPACE',''
  ) );
#1270 = PCURVE('',#188,#1271);
#1271 = DEFINITIONAL_REPRESENTATION('',(#1272),#1276);
#1272 = LINE('',#1273,#1274);
#1273 = CARTESIAN_POINT('',(5.20417042793E-15,72.1));
#1274 = VECTOR('',#1275,1.);
#1275 = DIRECTION('',(-1.,0.));
#1276 = ( GEOMETRIC_REPRESENTATION_CONTEXT(2) 
PARAMETRIC_REPRESENTATION_CONTEXT() REPRESENTATION_CONTEXT('2D SPACE',''
  ) );
#1277 = ORIENTED_EDGE('',*,*,#1278,.T.);
#1278 = EDGE_CURVE('',#1256,#1279,#1281,.T.);
#1279 = VERTEX_POINT('',#1280);
#1280 = CARTESIAN_POINT('',(10.1,72.1,10.));
#1281 = SURFACE_CURVE('',#1282,(#1287,#1294),.PCURVE_S1.);
#1282 = CIRCLE('',#1283,5.);
#1283 = AXIS2_PLACEMENT_3D('',#1284,#1285,#1286);
#1284 = CARTESIAN_POINT('',(5.1,72.1,10.));
#1285 = DIRECTION('',(0.,-1.,0.));
#1286 = DIRECTION('',(0.,0.,-1.));
#1287 = PCURVE('',#1118,#1288);
#1288 = DEFINITIONAL_REPRESENTATION('',(#1289),#1293);
#1289 = CIRCLE('',#1290,5.);
#1290 = AXIS2_PLACEMENT_2D('',#1291,#1292);
#1291 = CARTESIAN_POINT('',(64.,5.1));
#1292 = DIRECTION('',(1.,0.));
#1293 = ( GEOMETRIC_REPRESENTATION_CONTEXT(2) 
PARAMETRIC_REPRESENTATION_CONTEXT() REPRESENTATION_CONTEXT('2D SPACE',''
  ) );
#1294 = PCURVE('',#1295,#1300);
#1295 = CYLINDRICAL_SURFACE('',#1296,5.);
#1296 = AXIS2_PLACEMENT_3D('',#1297,#1298,#1299);
#1297 = CARTESIAN_POINT('',(5.1,-3.067645536575E-16,10.));
#1298 = DIRECTION('',(-6.014991248186E-17,-1.,0.));
#1299 = DIRECTION('',(1.,-6.014991248186E-17,0.));
#1300 = DEFINITIONAL_REPRESENTATION('',(#1301),#1305);
#1301 = LINE('',#1302,#1303);
#1302 = CARTESIAN_POINT('',(4.712388980385,-72.1));
#1303 = VECTOR('',#1304,1.);
#1304 = DIRECTION('',(1.,0.));
#1305 = ( GEOMETRIC_REPRESENTATION_CONTEXT(2) 
PARAMETRIC_REPRESENTATION_CONTEXT() REPRESENTATION_CONTEXT('2D SPACE',''
  ) );
#1306 = ORIENTED_EDGE('',*,*,#1307,.F.);
#1307 = EDGE_CURVE('',#1308,#1279,#1310,.T.);
#1308 = VERTEX_POINT('',#1309);
#1309 = CARTESIAN_POINT('',(10.1,72.1,74.));
#1310 = SURFACE_CURVE('',#1311,(#1315,#1322),.PCURVE_S1.);
#1311 = LINE('',#1312,#1313);
#1312 = CARTESIAN_POINT('',(10.1,72.1,74.));
#1313 = VECTOR('',#1314,1.);
#1314 = DIRECTION('',(0.,0.,-1.));
#1315 = PCURVE('',#1118,#1316);
#1316 = DEFINITIONAL_REPRESENTATION('',(#1317),#1321);
#1317 = LINE('',#1318,#1319);
#1318 = CARTESIAN_POINT('',(0.,10.1));
#1319 = VECTOR('',#1320,1.);
#1320 = DIRECTION('',(1.,0.));
#1321 = ( GEOMETRIC_REPRESENTATION_CONTEXT(2) 
PARAMETRIC_REPRESENTATION_CONTEXT() REPRESENTATION_CONTEXT('2D SPACE',''
  ) );
#1322 = PCURVE('',#1018,#1323);
#1323 = DEFINITIONAL_REPRESENTATION('',(#1324),#1328);
#1324 = LINE('',#1325,#1326);
#1325 = CARTESIAN_POINT('',(-72.1,0.));
#1326 = VECTOR('',#1327,1.);
#1327 = DIRECTION('',(-0.,-1.));
#1328 = ( GEOMETRIC_REPRESENTATION_CONTEXT(2) 
PARAMETRIC_REPRESENTATION_CONTEXT() REPRESENTATION_CONTEXT('2D SPACE',''
  ) );
#1329 = ORIENTED_EDGE('',*,*,#1330,.T.);
#1330 = EDGE_CURVE('',#1308,#1331,#1333,.T.);
#1331 = VERTEX_POINT('',#1332);
#1332 = CARTESIAN_POINT('',(-10.1,72.1,74.));
#1333 = SURFACE_CURVE('',#1334,(#1338,#1345),.PCURVE_S1.);
#1334 = LINE('',#1335,#1336);
#1335 = CARTESIAN_POINT('',(-1.734723475977E-15,72.1,74.));
#1336 = VECTOR('',#1337,1.);
#1337 = DIRECTION('',(-1.,0.,0.));
#1338 = PCURVE('',#1118,#1339);
#1339 = DEFINITIONAL_REPRESENTATION('',(#1340),#1344);
#1340 = LINE('',#1341,#1342);
#1341 = CARTESIAN_POINT('',(0.,0.));
#1342 = VECTOR('',#1343,1.);
#1343 = DIRECTION('',(0.,-1.));
#1344 = ( GEOMETRIC_REPRESENTATION_CONTEXT(2) 
PARAMETRIC_REPRESENTATION_CONTEXT() REPRESENTATION_CONTEXT('2D SPACE',''
  ) );
#1345 = PCURVE('',#990,#1346);
#1346 = DEFINITIONAL_REPRESENTATION('',(#1347),#1351);
#1347 = LINE('',#1348,#1349);
#1348 = CARTESIAN_POINT('',(5.20417042793E-15,72.1));
#1349 = VECTOR('',#1350,1.);
#1350 = DIRECTION('',(-1.,0.));
#1351 = ( GEOMETRIC_REPRESENTATION_CONTEXT(2) 
PARAMETRIC_REPRESENTATION_CONTEXT() REPRESENTATION_CONTEXT('2D SPACE',''
  ) );
#1352 = ORIENTED_EDGE('',*,*,#1353,.T.);
#1353 = EDGE_CURVE('',#1331,#1354,#1356,.T.);
#1354 = VERTEX_POINT('',#1355);
#1355 = CARTESIAN_POINT('',(-10.1,72.1,10.));
#1356 = SURFACE_CURVE('',#1357,(#1361,#1368),.PCURVE_S1.);
#1357 = LINE('',#1358,#1359);
#1358 = CARTESIAN_POINT('',(-10.1,72.1,74.));
#1359 = VECTOR('',#1360,1.);
#1360 = DIRECTION('',(0.,0.,-1.));
#1361 = PCURVE('',#1118,#1362);
#1362 = DEFINITIONAL_REPRESENTATION('',(#1363),#1367);
#1363 = LINE('',#1364,#1365);
#1364 = CARTESIAN_POINT('',(0.,-10.1));
#1365 = VECTOR('',#1366,1.);
#1366 = DIRECTION('',(1.,0.));
#1367 = ( GEOMETRIC_REPRESENTATION_CONTEXT(2) 
PARAMETRIC_REPRESENTATION_CONTEXT() REPRESENTATION_CONTEXT('2D SPACE',''
  ) );
#1368 = PCURVE('',#962,#1369);
#1369 = DEFINITIONAL_REPRESENTATION('',(#1370),#1374);
#1370 = LINE('',#1371,#1372);
#1371 = CARTESIAN_POINT('',(-72.1,0.));
#1372 = VECTOR('',#1373,1.);
#1373 = DIRECTION('',(-0.,-1.));
#1374 = ( GEOMETRIC_REPRESENTATION_CONTEXT(2) 
PARAMETRIC_REPRESENTATION_CONTEXT() REPRESENTATION_CONTEXT('2D SPACE',''
  ) );
#1375 = ORIENTED_EDGE('',*,*,#1376,.T.);
#1376 = EDGE_CURVE('',#1354,#1377,#1379,.T.);
#1377 = VERTEX_POINT('',#1378);
#1378 = CARTESIAN_POINT('',(-5.1,72.1,5.));
#1379 = SURFACE_CURVE('',#1380,(#1385,#1392),.PCURVE_S1.);
#1380 = CIRCLE('',#1381,5.);
#1381 = AXIS2_PLACEMENT_3D('',#1382,#1383,#1384);
#1382 = CARTESIAN_POINT('',(-5.1,72.1,10.));
#1383 = DIRECTION('',(0.,-1.,0.));
#1384 = DIRECTION('',(0.,0.,-1.));
#1385 = PCURVE('',#1118,#1386);
#1386 = DEFINITIONAL_REPRESENTATION('',(#1387),#1391);
#1387 = CIRCLE('',#1388,5.);
#1388 = AXIS2_PLACEMENT_2D('',#1389,#1390);
#1389 = CARTESIAN_POINT('',(64.,-5.1));
#1390 = DIRECTION('',(1.,0.));
#1391 = ( GEOMETRIC_REPRESENTATION_CONTEXT(2) 
PARAMETRIC_REPRESENTATION_CONTEXT() REPRESENTATION_CONTEXT('2D SPACE',''
  ) );
#1392 = PCURVE('',#1393,#1398);
#1393 = CYLINDRICAL_SURFACE('',#1394,5.);
#1394 = AXIS2_PLACEMENT_3D('',#1395,#1396,#1397);
#1395 = CARTESIAN_POINT('',(-5.1,-7.239643466317E-15,10.));
#1396 = DIRECTION('',(6.014991248186E-17,1.,0.));
#1397 = DIRECTION('',(-1.,6.014991248186E-17,0.));
#1398 = DEFINITIONAL_REPRESENTATION('',(#1399),#1403);
#1399 = LINE('',#1400,#1401);
#1400 = CARTESIAN_POINT('',(10.995574287564,72.1));
#1401 = VECTOR('',#1402,1.);
#1402 = DIRECTION('',(-1.,0.));
#1403 = ( GEOMETRIC_REPRESENTATION_CONTEXT(2) 
PARAMETRIC_REPRESENTATION_CONTEXT() REPRESENTATION_CONTEXT('2D SPACE',''
  ) );
#1404 = ORIENTED_EDGE('',*,*,#1405,.F.);
#1405 = EDGE_CURVE('',#1406,#1377,#1408,.T.);
#1406 = VERTEX_POINT('',#1407);
#1407 = CARTESIAN_POINT('',(-3.1,72.1,5.));
#1408 = SURFACE_CURVE('',#1409,(#1413,#1420),.PCURVE_S1.);
#1409 = LINE('',#1410,#1411);
#1410 = CARTESIAN_POINT('',(-1.734723475977E-15,72.1,5.));
#1411 = VECTOR('',#1412,1.);
#1412 = DIRECTION('',(-1.,0.,0.));
#1413 = PCURVE('',#1118,#1414);
#1414 = DEFINITIONAL_REPRESENTATION('',(#1415),#1419);
#1415 = LINE('',#1416,#1417);
#1416 = CARTESIAN_POINT('',(69.,0.));
#1417 = VECTOR('',#1418,1.);
#1418 = DIRECTION('',(0.,-1.));
#1419 = ( GEOMETRIC_REPRESENTATION_CONTEXT(2) 
PARAMETRIC_REPRESENTATION_CONTEXT() REPRESENTATION_CONTEXT('2D SPACE',''
  ) );
#1420 = PCURVE('',#188,#1421);
#1421 = DEFINITIONAL_REPRESENTATION('',(#1422),#1426);
#1422 = LINE('',#1423,#1424);
#1423 = CARTESIAN_POINT('',(5.20417042793E-15,72.1));
#1424 = VECTOR('',#1425,1.);
#1425 = DIRECTION('',(-1.,0.));
#1426 = ( GEOMETRIC_REPRESENTATION_CONTEXT(2) 
PARAMETRIC_REPRESENTATION_CONTEXT() REPRESENTATION_CONTEXT('2D SPACE',''
  ) );
#1427 = ORIENTED_EDGE('',*,*,#1428,.F.);
#1428 = EDGE_CURVE('',#1108,#1406,#1429,.T.);
#1429 = SURFACE_CURVE('',#1430,(#1435,#1442),.PCURVE_S1.);
#1430 = CIRCLE('',#1431,2.);
#1431 = AXIS2_PLACEMENT_3D('',#1432,#1433,#1434);
#1432 = CARTESIAN_POINT('',(-3.1,72.1,7.));
#1433 = DIRECTION('',(0.,-1.,0.));
#1434 = DIRECTION('',(0.,0.,-1.));
#1435 = PCURVE('',#1118,#1436);
#1436 = DEFINITIONAL_REPRESENTATION('',(#1437),#1441);
#1437 = CIRCLE('',#1438,2.);
#1438 = AXIS2_PLACEMENT_2D('',#1439,#1440);
#1439 = CARTESIAN_POINT('',(67.,-3.1));
#1440 = DIRECTION('',(1.,0.));
#1441 = ( GEOMETRIC_REPRESENTATION_CONTEXT(2) 
PARAMETRIC_REPRESENTATION_CONTEXT() REPRESENTATION_CONTEXT('2D SPACE',''
  ) );
#1442 = PCURVE('',#386,#1443);
#1443 = DEFINITIONAL_REPRESENTATION('',(#1444),#1448);
#1444 = LINE('',#1445,#1446);
#1445 = CARTESIAN_POINT('',(10.995574287564,72.1));
#1446 = VECTOR('',#1447,1.);
#1447 = DIRECTION('',(-1.,0.));
#1448 = ( GEOMETRIC_REPRESENTATION_CONTEXT(2) 
PARAMETRIC_REPRESENTATION_CONTEXT() REPRESENTATION_CONTEXT('2D SPACE',''
  ) );
#1449 = ADVANCED_FACE('',(#1450),#1464,.T.);
#1450 = FACE_BOUND('',#1451,.T.);
#1451 = EDGE_LOOP('',(#1452,#1482,#1515,#1543,#1566,#1594,#1617));
#1452 = ORIENTED_EDGE('',*,*,#1453,.F.);
#1453 = EDGE_CURVE('',#1454,#1456,#1458,.T.);
#1454 = VERTEX_POINT('',#1455);
#1455 = CARTESIAN_POINT('',(-15.1,51.1,0.));
#1456 = VERTEX_POINT('',#1457);
#1457 = CARTESIAN_POINT('',(-15.1,72.1,0.));
#1458 = SURFACE_CURVE('',#1459,(#1463,#1475),.PCURVE_S1.);
#1459 = LINE('',#1460,#1461);
#1460 = CARTESIAN_POINT('',(-15.1,-6.938893903907E-15,0.));
#1461 = VECTOR('',#1462,1.);
#1462 = DIRECTION('',(5.624913994737E-17,1.,0.));
#1463 = PCURVE('',#1464,#1469);
#1464 = PLANE('',#1465);
#1465 = AXIS2_PLACEMENT_3D('',#1466,#1467,#1468);
#1466 = CARTESIAN_POINT('',(-15.1,-6.938893903907E-15,5.));
#1467 = DIRECTION('',(-1.,5.624913994737E-17,0.));
#1468 = DIRECTION('',(-5.624913994737E-17,-1.,0.));
#1469 = DEFINITIONAL_REPRESENTATION('',(#1470),#1474);
#1470 = LINE('',#1471,#1472);
#1471 = CARTESIAN_POINT('',(-0.,-5.));
#1472 = VECTOR('',#1473,1.);
#1473 = DIRECTION('',(-1.,0.));
#1474 = ( GEOMETRIC_REPRESENTATION_CONTEXT(2) 
PARAMETRIC_REPRESENTATION_CONTEXT() REPRESENTATION_CONTEXT('2D SPACE',''
  ) );
#1475 = PCURVE('',#74,#1476);
#1476 = DEFINITIONAL_REPRESENTATION('',(#1477),#1481);
#1477 = LINE('',#1478,#1479);
#1478 = CARTESIAN_POINT('',(-15.1,-6.938893903907E-15));
#1479 = VECTOR('',#1480,1.);
#1480 = DIRECTION('',(5.624913994737E-17,1.));
#1481 = ( GEOMETRIC_REPRESENTATION_CONTEXT(2) 
PARAMETRIC_REPRESENTATION_CONTEXT() REPRESENTATION_CONTEXT('2D SPACE',''
  ) );
#1482 = ORIENTED_EDGE('',*,*,#1483,.T.);
#1483 = EDGE_CURVE('',#1454,#1484,#1486,.T.);
#1484 = VERTEX_POINT('',#1485);
#1485 = CARTESIAN_POINT('',(-15.1,59.1,8.));
#1486 = SURFACE_CURVE('',#1487,(#1492,#1503),.PCURVE_S1.);
#1487 = CIRCLE('',#1488,8.);
#1488 = AXIS2_PLACEMENT_3D('',#1489,#1490,#1491);
#1489 = CARTESIAN_POINT('',(-15.1,51.1,8.));
#1490 = DIRECTION('',(1.,5.624913994737E-17,0.));
#1491 = DIRECTION('',(-5.624913994737E-17,1.,0.));
#1492 = PCURVE('',#1464,#1493);
#1493 = DEFINITIONAL_REPRESENTATION('',(#1494),#1502);
#1494 = ( BOUNDED_CURVE() B_SPLINE_CURVE(2,(#1495,#1496,#1497,#1498,
#1499,#1500,#1501),.UNSPECIFIED.,.T.,.F.) B_SPLINE_CURVE_WITH_KNOTS((1,2
    ,2,2,2,1),(-2.094395102393,0.,2.094395102393,4.188790204786,
6.28318530718,8.377580409573),.UNSPECIFIED.) CURVE() 
GEOMETRIC_REPRESENTATION_ITEM() RATIONAL_B_SPLINE_CURVE((1.,0.5,1.,0.5,
1.,0.5,1.)) REPRESENTATION_ITEM('') );
#1495 = CARTESIAN_POINT('',(-59.1,3.));
#1496 = CARTESIAN_POINT('',(-59.1,16.856406460551));
#1497 = CARTESIAN_POINT('',(-47.1,9.928203230275));
#1498 = CARTESIAN_POINT('',(-35.1,3.));
#1499 = CARTESIAN_POINT('',(-47.1,-3.928203230275));
#1500 = CARTESIAN_POINT('',(-59.1,-10.85640646055));
#1501 = CARTESIAN_POINT('',(-59.1,3.));
#1502 = ( GEOMETRIC_REPRESENTATION_CONTEXT(2) 
PARAMETRIC_REPRESENTATION_CONTEXT() REPRESENTATION_CONTEXT('2D SPACE',''
  ) );
#1503 = PCURVE('',#1504,#1509);
#1504 = CYLINDRICAL_SURFACE('',#1505,8.);
#1505 = AXIS2_PLACEMENT_3D('',#1506,#1507,#1508);
#1506 = CARTESIAN_POINT('',(-18.1,51.1,8.));
#1507 = DIRECTION('',(1.,5.624913994737E-17,0.));
#1508 = DIRECTION('',(-5.624913994737E-17,1.,0.));
#1509 = DEFINITIONAL_REPRESENTATION('',(#1510),#1514);
#1510 = LINE('',#1511,#1512);
#1511 = CARTESIAN_POINT('',(0.,3.));
#1512 = VECTOR('',#1513,1.);
#1513 = DIRECTION('',(1.,0.));
#1514 = ( GEOMETRIC_REPRESENTATION_CONTEXT(2) 
PARAMETRIC_REPRESENTATION_CONTEXT() REPRESENTATION_CONTEXT('2D SPACE',''
  ) );
#1515 = ORIENTED_EDGE('',*,*,#1516,.F.);
#1516 = EDGE_CURVE('',#1517,#1484,#1519,.T.);
#1517 = VERTEX_POINT('',#1518);
#1518 = CARTESIAN_POINT('',(-15.1,59.1,74.));
#1519 = SURFACE_CURVE('',#1520,(#1524,#1531),.PCURVE_S1.);
#1520 = LINE('',#1521,#1522);
#1521 = CARTESIAN_POINT('',(-15.1,59.1,39.5));
#1522 = VECTOR('',#1523,1.);
#1523 = DIRECTION('',(0.,0.,-1.));
#1524 = PCURVE('',#1464,#1525);
#1525 = DEFINITIONAL_REPRESENTATION('',(#1526),#1530);
#1526 = LINE('',#1527,#1528);
#1527 = CARTESIAN_POINT('',(-59.1,34.5));
#1528 = VECTOR('',#1529,1.);
#1529 = DIRECTION('',(-0.,-1.));
#1530 = ( GEOMETRIC_REPRESENTATION_CONTEXT(2) 
PARAMETRIC_REPRESENTATION_CONTEXT() REPRESENTATION_CONTEXT('2D SPACE',''
  ) );
#1531 = PCURVE('',#1532,#1537);
#1532 = PLANE('',#1533);
#1533 = AXIS2_PLACEMENT_3D('',#1534,#1535,#1536);
#1534 = CARTESIAN_POINT('',(-18.1,59.1,39.5));
#1535 = DIRECTION('',(5.624913994737E-17,-1.,0.));
#1536 = DIRECTION('',(1.,5.624913994737E-17,0.));
#1537 = DEFINITIONAL_REPRESENTATION('',(#1538),#1542);
#1538 = LINE('',#1539,#1540);
#1539 = CARTESIAN_POINT('',(3.,0.));
#1540 = VECTOR('',#1541,1.);
#1541 = DIRECTION('',(0.,-1.));
#1542 = ( GEOMETRIC_REPRESENTATION_CONTEXT(2) 
PARAMETRIC_REPRESENTATION_CONTEXT() REPRESENTATION_CONTEXT('2D SPACE',''
  ) );
#1543 = ORIENTED_EDGE('',*,*,#1544,.T.);
#1544 = EDGE_CURVE('',#1517,#1545,#1547,.T.);
#1545 = VERTEX_POINT('',#1546);
#1546 = CARTESIAN_POINT('',(-15.1,82.1,74.));
#1547 = SURFACE_CURVE('',#1548,(#1552,#1559),.PCURVE_S1.);
#1548 = LINE('',#1549,#1550);
#1549 = CARTESIAN_POINT('',(-15.1,-6.938893903907E-15,74.));
#1550 = VECTOR('',#1551,1.);
#1551 = DIRECTION('',(5.624913994737E-17,1.,0.));
#1552 = PCURVE('',#1464,#1553);
#1553 = DEFINITIONAL_REPRESENTATION('',(#1554),#1558);
#1554 = LINE('',#1555,#1556);
#1555 = CARTESIAN_POINT('',(0.,69.));
#1556 = VECTOR('',#1557,1.);
#1557 = DIRECTION('',(-1.,0.));
#1558 = ( GEOMETRIC_REPRESENTATION_CONTEXT(2) 
PARAMETRIC_REPRESENTATION_CONTEXT() REPRESENTATION_CONTEXT('2D SPACE',''
  ) );
#1559 = PCURVE('',#990,#1560);
#1560 = DEFINITIONAL_REPRESENTATION('',(#1561),#1565);
#1561 = LINE('',#1562,#1563);
#1562 = CARTESIAN_POINT('',(-15.1,-6.938893903907E-15));
#1563 = VECTOR('',#1564,1.);
#1564 = DIRECTION('',(5.624913994737E-17,1.));
#1565 = ( GEOMETRIC_REPRESENTATION_CONTEXT(2) 
PARAMETRIC_REPRESENTATION_CONTEXT() REPRESENTATION_CONTEXT('2D SPACE',''
  ) );
#1566 = ORIENTED_EDGE('',*,*,#1567,.T.);
#1567 = EDGE_CURVE('',#1545,#1568,#1570,.T.);
#1568 = VERTEX_POINT('',#1569);
#1569 = CARTESIAN_POINT('',(-15.1,82.1,64.));
#1570 = SURFACE_CURVE('',#1571,(#1575,#1582),.PCURVE_S1.);
#1571 = LINE('',#1572,#1573);
#1572 = CARTESIAN_POINT('',(-15.1,82.1,5.));
#1573 = VECTOR('',#1574,1.);
#1574 = DIRECTION('',(0.,0.,-1.));
#1575 = PCURVE('',#1464,#1576);
#1576 = DEFINITIONAL_REPRESENTATION('',(#1577),#1581);
#1577 = LINE('',#1578,#1579);
#1578 = CARTESIAN_POINT('',(-82.1,0.));
#1579 = VECTOR('',#1580,1.);
#1580 = DIRECTION('',(-0.,-1.));
#1581 = ( GEOMETRIC_REPRESENTATION_CONTEXT(2) 
PARAMETRIC_REPRESENTATION_CONTEXT() REPRESENTATION_CONTEXT('2D SPACE',''
  ) );
#1582 = PCURVE('',#1583,#1588);
#1583 = CYLINDRICAL_SURFACE('',#1584,5.);
#1584 = AXIS2_PLACEMENT_3D('',#1585,#1586,#1587);
#1585 = CARTESIAN_POINT('',(-10.1,82.1,5.));
#1586 = DIRECTION('',(0.,0.,-1.));
#1587 = DIRECTION('',(-1.,0.,0.));
#1588 = DEFINITIONAL_REPRESENTATION('',(#1589),#1593);
#1589 = LINE('',#1590,#1591);
#1590 = CARTESIAN_POINT('',(0.,0.));
#1591 = VECTOR('',#1592,1.);
#1592 = DIRECTION('',(0.,1.));
#1593 = ( GEOMETRIC_REPRESENTATION_CONTEXT(2) 
PARAMETRIC_REPRESENTATION_CONTEXT() REPRESENTATION_CONTEXT('2D SPACE',''
  ) );
#1594 = ORIENTED_EDGE('',*,*,#1595,.T.);
#1595 = EDGE_CURVE('',#1568,#1596,#1598,.T.);
#1596 = VERTEX_POINT('',#1597);
#1597 = CARTESIAN_POINT('',(-15.1,72.1,64.));
#1598 = SURFACE_CURVE('',#1599,(#1603,#1610),.PCURVE_S1.);
#1599 = LINE('',#1600,#1601);
#1600 = CARTESIAN_POINT('',(-15.1,87.1,64.));
#1601 = VECTOR('',#1602,1.);
#1602 = DIRECTION('',(0.,-1.,0.));
#1603 = PCURVE('',#1464,#1604);
#1604 = DEFINITIONAL_REPRESENTATION('',(#1605),#1609);
#1605 = LINE('',#1606,#1607);
#1606 = CARTESIAN_POINT('',(-87.1,59.));
#1607 = VECTOR('',#1608,1.);
#1608 = DIRECTION('',(1.,0.));
#1609 = ( GEOMETRIC_REPRESENTATION_CONTEXT(2) 
PARAMETRIC_REPRESENTATION_CONTEXT() REPRESENTATION_CONTEXT('2D SPACE',''
  ) );
#1610 = PCURVE('',#130,#1611);
#1611 = DEFINITIONAL_REPRESENTATION('',(#1612),#1616);
#1612 = LINE('',#1613,#1614);
#1613 = CARTESIAN_POINT('',(-15.1,0.));
#1614 = VECTOR('',#1615,1.);
#1615 = DIRECTION('',(0.,-1.));
#1616 = ( GEOMETRIC_REPRESENTATION_CONTEXT(2) 
PARAMETRIC_REPRESENTATION_CONTEXT() REPRESENTATION_CONTEXT('2D SPACE',''
  ) );
#1617 = ORIENTED_EDGE('',*,*,#1618,.T.);
#1618 = EDGE_CURVE('',#1596,#1456,#1619,.T.);
#1619 = SURFACE_CURVE('',#1620,(#1624,#1631),.PCURVE_S1.);
#1620 = LINE('',#1621,#1622);
#1621 = CARTESIAN_POINT('',(-15.1,72.1,0.));
#1622 = VECTOR('',#1623,1.);
#1623 = DIRECTION('',(0.,0.,-1.));
#1624 = PCURVE('',#1464,#1625);
#1625 = DEFINITIONAL_REPRESENTATION('',(#1626),#1630);
#1626 = LINE('',#1627,#1628);
#1627 = CARTESIAN_POINT('',(-72.1,-5.));
#1628 = VECTOR('',#1629,1.);
#1629 = DIRECTION('',(-0.,-1.));
#1630 = ( GEOMETRIC_REPRESENTATION_CONTEXT(2) 
PARAMETRIC_REPRESENTATION_CONTEXT() REPRESENTATION_CONTEXT('2D SPACE',''
  ) );
#1631 = PCURVE('',#102,#1632);
#1632 = DEFINITIONAL_REPRESENTATION('',(#1633),#1637);
#1633 = LINE('',#1634,#1635);
#1634 = CARTESIAN_POINT('',(3.14159265359,-5.));
#1635 = VECTOR('',#1636,1.);
#1636 = DIRECTION('',(0.,-1.));
#1637 = ( GEOMETRIC_REPRESENTATION_CONTEXT(2) 
PARAMETRIC_REPRESENTATION_CONTEXT() REPRESENTATION_CONTEXT('2D SPACE',''
  ) );
#1638 = ADVANCED_FACE('',(#1639),#1653,.T.);
#1639 = FACE_BOUND('',#1640,.T.);
#1640 = EDGE_LOOP('',(#1641,#1671,#1699,#1728,#1751,#1774,#1797));
#1641 = ORIENTED_EDGE('',*,*,#1642,.T.);
#1642 = EDGE_CURVE('',#1643,#1645,#1647,.T.);
#1643 = VERTEX_POINT('',#1644);
#1644 = CARTESIAN_POINT('',(-15.1,-82.1,74.));
#1645 = VERTEX_POINT('',#1646);
#1646 = CARTESIAN_POINT('',(-15.1,-60.1,74.));
#1647 = SURFACE_CURVE('',#1648,(#1652,#1664),.PCURVE_S1.);
#1648 = LINE('',#1649,#1650);
#1649 = CARTESIAN_POINT('',(-15.1,-6.938893903907E-15,74.));
#1650 = VECTOR('',#1651,1.);
#1651 = DIRECTION('',(5.624913994737E-17,1.,0.));
#1652 = PCURVE('',#1653,#1658);
#1653 = PLANE('',#1654);
#1654 = AXIS2_PLACEMENT_3D('',#1655,#1656,#1657);
#1655 = CARTESIAN_POINT('',(-15.1,-6.938893903907E-15,5.));
#1656 = DIRECTION('',(-1.,5.624913994737E-17,0.));
#1657 = DIRECTION('',(-5.624913994737E-17,-1.,0.));
#1658 = DEFINITIONAL_REPRESENTATION('',(#1659),#1663);
#1659 = LINE('',#1660,#1661);
#1660 = CARTESIAN_POINT('',(0.,69.));
#1661 = VECTOR('',#1662,1.);
#1662 = DIRECTION('',(-1.,0.));
#1663 = ( GEOMETRIC_REPRESENTATION_CONTEXT(2) 
PARAMETRIC_REPRESENTATION_CONTEXT() REPRESENTATION_CONTEXT('2D SPACE',''
  ) );
#1664 = PCURVE('',#990,#1665);
#1665 = DEFINITIONAL_REPRESENTATION('',(#1666),#1670);
#1666 = LINE('',#1667,#1668);
#1667 = CARTESIAN_POINT('',(-15.1,-6.938893903907E-15));
#1668 = VECTOR('',#1669,1.);
#1669 = DIRECTION('',(5.624913994737E-17,1.));
#1670 = ( GEOMETRIC_REPRESENTATION_CONTEXT(2) 
PARAMETRIC_REPRESENTATION_CONTEXT() REPRESENTATION_CONTEXT('2D SPACE',''
  ) );
#1671 = ORIENTED_EDGE('',*,*,#1672,.T.);
#1672 = EDGE_CURVE('',#1645,#1673,#1675,.T.);
#1673 = VERTEX_POINT('',#1674);
#1674 = CARTESIAN_POINT('',(-15.1,-60.1,8.));
#1675 = SURFACE_CURVE('',#1676,(#1680,#1687),.PCURVE_S1.);
#1676 = LINE('',#1677,#1678);
#1677 = CARTESIAN_POINT('',(-15.1,-60.1,8.));
#1678 = VECTOR('',#1679,1.);
#1679 = DIRECTION('',(0.,0.,-1.));
#1680 = PCURVE('',#1653,#1681);
#1681 = DEFINITIONAL_REPRESENTATION('',(#1682),#1686);
#1682 = LINE('',#1683,#1684);
#1683 = CARTESIAN_POINT('',(60.1,3.));
#1684 = VECTOR('',#1685,1.);
#1685 = DIRECTION('',(-0.,-1.));
#1686 = ( GEOMETRIC_REPRESENTATION_CONTEXT(2) 
PARAMETRIC_REPRESENTATION_CONTEXT() REPRESENTATION_CONTEXT('2D SPACE',''
  ) );
#1687 = PCURVE('',#1688,#1693);
#1688 = CYLINDRICAL_SURFACE('',#1689,1.);
#1689 = AXIS2_PLACEMENT_3D('',#1690,#1691,#1692);
#1690 = CARTESIAN_POINT('',(-16.1,-60.1,5.));
#1691 = DIRECTION('',(0.,0.,1.));
#1692 = DIRECTION('',(1.,0.,-0.));
#1693 = DEFINITIONAL_REPRESENTATION('',(#1694),#1698);
#1694 = LINE('',#1695,#1696);
#1695 = CARTESIAN_POINT('',(0.,3.));
#1696 = VECTOR('',#1697,1.);
#1697 = DIRECTION('',(0.,-1.));
#1698 = ( GEOMETRIC_REPRESENTATION_CONTEXT(2) 
PARAMETRIC_REPRESENTATION_CONTEXT() REPRESENTATION_CONTEXT('2D SPACE',''
  ) );
#1699 = ORIENTED_EDGE('',*,*,#1700,.F.);
#1700 = EDGE_CURVE('',#1701,#1673,#1703,.T.);
#1701 = VERTEX_POINT('',#1702);
#1702 = CARTESIAN_POINT('',(-15.1,-55.22310562561,0.));
#1703 = SURFACE_CURVE('',#1704,(#1709,#1716),.PCURVE_S1.);
#1704 = CIRCLE('',#1705,9.);
#1705 = AXIS2_PLACEMENT_3D('',#1706,#1707,#1708);
#1706 = CARTESIAN_POINT('',(-15.1,-51.1,8.));
#1707 = DIRECTION('',(-1.,5.624913994737E-17,0.));
#1708 = DIRECTION('',(-5.624913994737E-17,-1.,0.));
#1709 = PCURVE('',#1653,#1710);
#1710 = DEFINITIONAL_REPRESENTATION('',(#1711),#1715);
#1711 = CIRCLE('',#1712,9.);
#1712 = AXIS2_PLACEMENT_2D('',#1713,#1714);
#1713 = CARTESIAN_POINT('',(51.1,3.));
#1714 = DIRECTION('',(1.,0.));
#1715 = ( GEOMETRIC_REPRESENTATION_CONTEXT(2) 
PARAMETRIC_REPRESENTATION_CONTEXT() REPRESENTATION_CONTEXT('2D SPACE',''
  ) );
#1716 = PCURVE('',#1717,#1722);
#1717 = TOROIDAL_SURFACE('',#1718,9.,1.);
#1718 = AXIS2_PLACEMENT_3D('',#1719,#1720,#1721);
#1719 = CARTESIAN_POINT('',(-16.1,-51.1,8.));
#1720 = DIRECTION('',(-1.,5.624913994737E-17,0.));
#1721 = DIRECTION('',(-5.624913994737E-17,-1.,0.));
#1722 = DEFINITIONAL_REPRESENTATION('',(#1723),#1727);
#1723 = LINE('',#1724,#1725);
#1724 = CARTESIAN_POINT('',(0.,4.712388980385));
#1725 = VECTOR('',#1726,1.);
#1726 = DIRECTION('',(1.,-8.111854968789E-16));
#1727 = ( GEOMETRIC_REPRESENTATION_CONTEXT(2) 
PARAMETRIC_REPRESENTATION_CONTEXT() REPRESENTATION_CONTEXT('2D SPACE',''
  ) );
#1728 = ORIENTED_EDGE('',*,*,#1729,.F.);
#1729 = EDGE_CURVE('',#1730,#1701,#1732,.T.);
#1730 = VERTEX_POINT('',#1731);
#1731 = CARTESIAN_POINT('',(-15.1,-72.1,0.));
#1732 = SURFACE_CURVE('',#1733,(#1737,#1744),.PCURVE_S1.);
#1733 = LINE('',#1734,#1735);
#1734 = CARTESIAN_POINT('',(-15.1,-6.938893903907E-15,0.));
#1735 = VECTOR('',#1736,1.);
#1736 = DIRECTION('',(5.624913994737E-17,1.,0.));
#1737 = PCURVE('',#1653,#1738);
#1738 = DEFINITIONAL_REPRESENTATION('',(#1739),#1743);
#1739 = LINE('',#1740,#1741);
#1740 = CARTESIAN_POINT('',(-0.,-5.));
#1741 = VECTOR('',#1742,1.);
#1742 = DIRECTION('',(-1.,0.));
#1743 = ( GEOMETRIC_REPRESENTATION_CONTEXT(2) 
PARAMETRIC_REPRESENTATION_CONTEXT() REPRESENTATION_CONTEXT('2D SPACE',''
  ) );
#1744 = PCURVE('',#74,#1745);
#1745 = DEFINITIONAL_REPRESENTATION('',(#1746),#1750);
#1746 = LINE('',#1747,#1748);
#1747 = CARTESIAN_POINT('',(-15.1,-6.938893903907E-15));
#1748 = VECTOR('',#1749,1.);
#1749 = DIRECTION('',(5.624913994737E-17,1.));
#1750 = ( GEOMETRIC_REPRESENTATION_CONTEXT(2) 
PARAMETRIC_REPRESENTATION_CONTEXT() REPRESENTATION_CONTEXT('2D SPACE',''
  ) );
#1751 = ORIENTED_EDGE('',*,*,#1752,.F.);
#1752 = EDGE_CURVE('',#1753,#1730,#1755,.T.);
#1753 = VERTEX_POINT('',#1754);
#1754 = CARTESIAN_POINT('',(-15.1,-72.1,64.));
#1755 = SURFACE_CURVE('',#1756,(#1760,#1767),.PCURVE_S1.);
#1756 = LINE('',#1757,#1758);
#1757 = CARTESIAN_POINT('',(-15.1,-72.1,5.));
#1758 = VECTOR('',#1759,1.);
#1759 = DIRECTION('',(0.,0.,-1.));
#1760 = PCURVE('',#1653,#1761);
#1761 = DEFINITIONAL_REPRESENTATION('',(#1762),#1766);
#1762 = LINE('',#1763,#1764);
#1763 = CARTESIAN_POINT('',(72.1,0.));
#1764 = VECTOR('',#1765,1.);
#1765 = DIRECTION('',(-0.,-1.));
#1766 = ( GEOMETRIC_REPRESENTATION_CONTEXT(2) 
PARAMETRIC_REPRESENTATION_CONTEXT() REPRESENTATION_CONTEXT('2D SPACE',''
  ) );
#1767 = PCURVE('',#452,#1768);
#1768 = DEFINITIONAL_REPRESENTATION('',(#1769),#1773);
#1769 = LINE('',#1770,#1771);
#1770 = CARTESIAN_POINT('',(6.28318530718,0.));
#1771 = VECTOR('',#1772,1.);
#1772 = DIRECTION('',(0.,1.));
#1773 = ( GEOMETRIC_REPRESENTATION_CONTEXT(2) 
PARAMETRIC_REPRESENTATION_CONTEXT() REPRESENTATION_CONTEXT('2D SPACE',''
  ) );
#1774 = ORIENTED_EDGE('',*,*,#1775,.F.);
#1775 = EDGE_CURVE('',#1776,#1753,#1778,.T.);
#1776 = VERTEX_POINT('',#1777);
#1777 = CARTESIAN_POINT('',(-15.1,-82.1,64.));
#1778 = SURFACE_CURVE('',#1779,(#1783,#1790),.PCURVE_S1.);
#1779 = LINE('',#1780,#1781);
#1780 = CARTESIAN_POINT('',(-15.1,-87.1,64.));
#1781 = VECTOR('',#1782,1.);
#1782 = DIRECTION('',(0.,1.,0.));
#1783 = PCURVE('',#1653,#1784);
#1784 = DEFINITIONAL_REPRESENTATION('',(#1785),#1789);
#1785 = LINE('',#1786,#1787);
#1786 = CARTESIAN_POINT('',(87.1,59.));
#1787 = VECTOR('',#1788,1.);
#1788 = DIRECTION('',(-1.,0.));
#1789 = ( GEOMETRIC_REPRESENTATION_CONTEXT(2) 
PARAMETRIC_REPRESENTATION_CONTEXT() REPRESENTATION_CONTEXT('2D SPACE',''
  ) );
#1790 = PCURVE('',#424,#1791);
#1791 = DEFINITIONAL_REPRESENTATION('',(#1792),#1796);
#1792 = LINE('',#1793,#1794);
#1793 = CARTESIAN_POINT('',(-15.1,0.));
#1794 = VECTOR('',#1795,1.);
#1795 = DIRECTION('',(0.,1.));
#1796 = ( GEOMETRIC_REPRESENTATION_CONTEXT(2) 
PARAMETRIC_REPRESENTATION_CONTEXT() REPRESENTATION_CONTEXT('2D SPACE',''
  ) );
#1797 = ORIENTED_EDGE('',*,*,#1798,.F.);
#1798 = EDGE_CURVE('',#1643,#1776,#1799,.T.);
#1799 = SURFACE_CURVE('',#1800,(#1804,#1811),.PCURVE_S1.);
#1800 = LINE('',#1801,#1802);
#1801 = CARTESIAN_POINT('',(-15.1,-82.1,5.));
#1802 = VECTOR('',#1803,1.);
#1803 = DIRECTION('',(0.,0.,-1.));
#1804 = PCURVE('',#1653,#1805);
#1805 = DEFINITIONAL_REPRESENTATION('',(#1806),#1810);
#1806 = LINE('',#1807,#1808);
#1807 = CARTESIAN_POINT('',(82.1,0.));
#1808 = VECTOR('',#1809,1.);
#1809 = DIRECTION('',(-0.,-1.));
#1810 = ( GEOMETRIC_REPRESENTATION_CONTEXT(2) 
PARAMETRIC_REPRESENTATION_CONTEXT() REPRESENTATION_CONTEXT('2D SPACE',''
  ) );
#1811 = PCURVE('',#1812,#1817);
#1812 = CYLINDRICAL_SURFACE('',#1813,5.);
#1813 = AXIS2_PLACEMENT_3D('',#1814,#1815,#1816);
#1814 = CARTESIAN_POINT('',(-10.1,-82.1,37.));
#1815 = DIRECTION('',(0.,0.,-1.));
#1816 = DIRECTION('',(-1.,0.,0.));
#1817 = DEFINITIONAL_REPRESENTATION('',(#1818),#1822);
#1818 = LINE('',#1819,#1820);
#1819 = CARTESIAN_POINT('',(6.28318530718,32.));
#1820 = VECTOR('',#1821,1.);
#1821 = DIRECTION('',(0.,1.));
#1822 = ( GEOMETRIC_REPRESENTATION_CONTEXT(2) 
PARAMETRIC_REPRESENTATION_CONTEXT() REPRESENTATION_CONTEXT('2D SPACE',''
  ) );
#1823 = ADVANCED_FACE('',(#1824,#2025,#2255,#2485,#2715,#2945,#3118),
  #1838,.F.);
#1824 = FACE_BOUND('',#1825,.T.);
#1825 = EDGE_LOOP('',(#1826,#1856,#1884,#1907,#1935,#1958,#1981,#2004));
#1826 = ORIENTED_EDGE('',*,*,#1827,.F.);
#1827 = EDGE_CURVE('',#1828,#1830,#1832,.T.);
#1828 = VERTEX_POINT('',#1829);
#1829 = CARTESIAN_POINT('',(15.1,82.1,64.));
#1830 = VERTEX_POINT('',#1831);
#1831 = CARTESIAN_POINT('',(15.1,72.1,64.));
#1832 = SURFACE_CURVE('',#1833,(#1837,#1849),.PCURVE_S1.);
#1833 = LINE('',#1834,#1835);
#1834 = CARTESIAN_POINT('',(15.1,87.1,64.));
#1835 = VECTOR('',#1836,1.);
#1836 = DIRECTION('',(0.,-1.,0.));
#1837 = PCURVE('',#1838,#1843);
#1838 = PLANE('',#1839);
#1839 = AXIS2_PLACEMENT_3D('',#1840,#1841,#1842);
#1840 = CARTESIAN_POINT('',(15.1,0.,5.));
#1841 = DIRECTION('',(-1.,5.624913994737E-17,0.));
#1842 = DIRECTION('',(-5.624913994737E-17,-1.,0.));
#1843 = DEFINITIONAL_REPRESENTATION('',(#1844),#1848);
#1844 = LINE('',#1845,#1846);
#1845 = CARTESIAN_POINT('',(-87.1,59.));
#1846 = VECTOR('',#1847,1.);
#1847 = DIRECTION('',(1.,0.));
#1848 = ( GEOMETRIC_REPRESENTATION_CONTEXT(2) 
PARAMETRIC_REPRESENTATION_CONTEXT() REPRESENTATION_CONTEXT('2D SPACE',''
  ) );
#1849 = PCURVE('',#130,#1850);
#1850 = DEFINITIONAL_REPRESENTATION('',(#1851),#1855);
#1851 = LINE('',#1852,#1853);
#1852 = CARTESIAN_POINT('',(15.1,0.));
#1853 = VECTOR('',#1854,1.);
#1854 = DIRECTION('',(0.,-1.));
#1855 = ( GEOMETRIC_REPRESENTATION_CONTEXT(2) 
PARAMETRIC_REPRESENTATION_CONTEXT() REPRESENTATION_CONTEXT('2D SPACE',''
  ) );
#1856 = ORIENTED_EDGE('',*,*,#1857,.F.);
#1857 = EDGE_CURVE('',#1858,#1828,#1860,.T.);
#1858 = VERTEX_POINT('',#1859);
#1859 = CARTESIAN_POINT('',(15.1,82.1,74.));
#1860 = SURFACE_CURVE('',#1861,(#1865,#1872),.PCURVE_S1.);
#1861 = LINE('',#1862,#1863);
#1862 = CARTESIAN_POINT('',(15.1,82.1,74.));
#1863 = VECTOR('',#1864,1.);
#1864 = DIRECTION('',(0.,0.,-1.));
#1865 = PCURVE('',#1838,#1866);
#1866 = DEFINITIONAL_REPRESENTATION('',(#1867),#1871);
#1867 = LINE('',#1868,#1869);
#1868 = CARTESIAN_POINT('',(-82.1,69.));
#1869 = VECTOR('',#1870,1.);
#1870 = DIRECTION('',(-0.,-1.));
#1871 = ( GEOMETRIC_REPRESENTATION_CONTEXT(2) 
PARAMETRIC_REPRESENTATION_CONTEXT() REPRESENTATION_CONTEXT('2D SPACE',''
  ) );
#1872 = PCURVE('',#1873,#1878);
#1873 = CYLINDRICAL_SURFACE('',#1874,5.);
#1874 = AXIS2_PLACEMENT_3D('',#1875,#1876,#1877);
#1875 = CARTESIAN_POINT('',(10.1,82.1,37.));
#1876 = DIRECTION('',(0.,0.,1.));
#1877 = DIRECTION('',(1.,0.,-0.));
#1878 = DEFINITIONAL_REPRESENTATION('',(#1879),#1883);
#1879 = LINE('',#1880,#1881);
#1880 = CARTESIAN_POINT('',(0.,37.));
#1881 = VECTOR('',#1882,1.);
#1882 = DIRECTION('',(0.,-1.));
#1883 = ( GEOMETRIC_REPRESENTATION_CONTEXT(2) 
PARAMETRIC_REPRESENTATION_CONTEXT() REPRESENTATION_CONTEXT('2D SPACE',''
  ) );
#1884 = ORIENTED_EDGE('',*,*,#1885,.F.);
#1885 = EDGE_CURVE('',#1886,#1858,#1888,.T.);
#1886 = VERTEX_POINT('',#1887);
#1887 = CARTESIAN_POINT('',(15.1,-82.1,74.));
#1888 = SURFACE_CURVE('',#1889,(#1893,#1900),.PCURVE_S1.);
#1889 = LINE('',#1890,#1891);
#1890 = CARTESIAN_POINT('',(15.1,0.,74.));
#1891 = VECTOR('',#1892,1.);
#1892 = DIRECTION('',(5.624913994737E-17,1.,0.));
#1893 = PCURVE('',#1838,#1894);
#1894 = DEFINITIONAL_REPRESENTATION('',(#1895),#1899);
#1895 = LINE('',#1896,#1897);
#1896 = CARTESIAN_POINT('',(0.,69.));
#1897 = VECTOR('',#1898,1.);
#1898 = DIRECTION('',(-1.,0.));
#1899 = ( GEOMETRIC_REPRESENTATION_CONTEXT(2) 
PARAMETRIC_REPRESENTATION_CONTEXT() REPRESENTATION_CONTEXT('2D SPACE',''
  ) );
#1900 = PCURVE('',#990,#1901);
#1901 = DEFINITIONAL_REPRESENTATION('',(#1902),#1906);
#1902 = LINE('',#1903,#1904);
#1903 = CARTESIAN_POINT('',(15.1,0.));
#1904 = VECTOR('',#1905,1.);
#1905 = DIRECTION('',(5.624913994737E-17,1.));
#1906 = ( GEOMETRIC_REPRESENTATION_CONTEXT(2) 
PARAMETRIC_REPRESENTATION_CONTEXT() REPRESENTATION_CONTEXT('2D SPACE',''
  ) );
#1907 = ORIENTED_EDGE('',*,*,#1908,.T.);
#1908 = EDGE_CURVE('',#1886,#1909,#1911,.T.);
#1909 = VERTEX_POINT('',#1910);
#1910 = CARTESIAN_POINT('',(15.1,-82.1,64.));
#1911 = SURFACE_CURVE('',#1912,(#1916,#1923),.PCURVE_S1.);
#1912 = LINE('',#1913,#1914);
#1913 = CARTESIAN_POINT('',(15.1,-82.1,64.));
#1914 = VECTOR('',#1915,1.);
#1915 = DIRECTION('',(0.,0.,-1.));
#1916 = PCURVE('',#1838,#1917);
#1917 = DEFINITIONAL_REPRESENTATION('',(#1918),#1922);
#1918 = LINE('',#1919,#1920);
#1919 = CARTESIAN_POINT('',(82.1,59.));
#1920 = VECTOR('',#1921,1.);
#1921 = DIRECTION('',(-0.,-1.));
#1922 = ( GEOMETRIC_REPRESENTATION_CONTEXT(2) 
PARAMETRIC_REPRESENTATION_CONTEXT() REPRESENTATION_CONTEXT('2D SPACE',''
  ) );
#1923 = PCURVE('',#1924,#1929);
#1924 = CYLINDRICAL_SURFACE('',#1925,5.);
#1925 = AXIS2_PLACEMENT_3D('',#1926,#1927,#1928);
#1926 = CARTESIAN_POINT('',(10.1,-82.1,5.));
#1927 = DIRECTION('',(0.,0.,1.));
#1928 = DIRECTION('',(1.,0.,-0.));
#1929 = DEFINITIONAL_REPRESENTATION('',(#1930),#1934);
#1930 = LINE('',#1931,#1932);
#1931 = CARTESIAN_POINT('',(6.28318530718,59.));
#1932 = VECTOR('',#1933,1.);
#1933 = DIRECTION('',(0.,-1.));
#1934 = ( GEOMETRIC_REPRESENTATION_CONTEXT(2) 
PARAMETRIC_REPRESENTATION_CONTEXT() REPRESENTATION_CONTEXT('2D SPACE',''
  ) );
#1935 = ORIENTED_EDGE('',*,*,#1936,.T.);
#1936 = EDGE_CURVE('',#1909,#1937,#1939,.T.);
#1937 = VERTEX_POINT('',#1938);
#1938 = CARTESIAN_POINT('',(15.1,-72.1,64.));
#1939 = SURFACE_CURVE('',#1940,(#1944,#1951),.PCURVE_S1.);
#1940 = LINE('',#1941,#1942);
#1941 = CARTESIAN_POINT('',(15.1,-87.1,64.));
#1942 = VECTOR('',#1943,1.);
#1943 = DIRECTION('',(0.,1.,0.));
#1944 = PCURVE('',#1838,#1945);
#1945 = DEFINITIONAL_REPRESENTATION('',(#1946),#1950);
#1946 = LINE('',#1947,#1948);
#1947 = CARTESIAN_POINT('',(87.1,59.));
#1948 = VECTOR('',#1949,1.);
#1949 = DIRECTION('',(-1.,0.));
#1950 = ( GEOMETRIC_REPRESENTATION_CONTEXT(2) 
PARAMETRIC_REPRESENTATION_CONTEXT() REPRESENTATION_CONTEXT('2D SPACE',''
  ) );
#1951 = PCURVE('',#424,#1952);
#1952 = DEFINITIONAL_REPRESENTATION('',(#1953),#1957);
#1953 = LINE('',#1954,#1955);
#1954 = CARTESIAN_POINT('',(15.1,0.));
#1955 = VECTOR('',#1956,1.);
#1956 = DIRECTION('',(0.,1.));
#1957 = ( GEOMETRIC_REPRESENTATION_CONTEXT(2) 
PARAMETRIC_REPRESENTATION_CONTEXT() REPRESENTATION_CONTEXT('2D SPACE',''
  ) );
#1958 = ORIENTED_EDGE('',*,*,#1959,.T.);
#1959 = EDGE_CURVE('',#1937,#1960,#1962,.T.);
#1960 = VERTEX_POINT('',#1961);
#1961 = CARTESIAN_POINT('',(15.1,-72.1,0.));
#1962 = SURFACE_CURVE('',#1963,(#1967,#1974),.PCURVE_S1.);
#1963 = LINE('',#1964,#1965);
#1964 = CARTESIAN_POINT('',(15.1,-72.1,0.));
#1965 = VECTOR('',#1966,1.);
#1966 = DIRECTION('',(0.,0.,-1.));
#1967 = PCURVE('',#1838,#1968);
#1968 = DEFINITIONAL_REPRESENTATION('',(#1969),#1973);
#1969 = LINE('',#1970,#1971);
#1970 = CARTESIAN_POINT('',(72.1,-5.));
#1971 = VECTOR('',#1972,1.);
#1972 = DIRECTION('',(-0.,-1.));
#1973 = ( GEOMETRIC_REPRESENTATION_CONTEXT(2) 
PARAMETRIC_REPRESENTATION_CONTEXT() REPRESENTATION_CONTEXT('2D SPACE',''
  ) );
#1974 = PCURVE('',#501,#1975);
#1975 = DEFINITIONAL_REPRESENTATION('',(#1976),#1980);
#1976 = LINE('',#1977,#1978);
#1977 = CARTESIAN_POINT('',(6.28318530718,-5.));
#1978 = VECTOR('',#1979,1.);
#1979 = DIRECTION('',(0.,-1.));
#1980 = ( GEOMETRIC_REPRESENTATION_CONTEXT(2) 
PARAMETRIC_REPRESENTATION_CONTEXT() REPRESENTATION_CONTEXT('2D SPACE',''
  ) );
#1981 = ORIENTED_EDGE('',*,*,#1982,.T.);
#1982 = EDGE_CURVE('',#1960,#1983,#1985,.T.);
#1983 = VERTEX_POINT('',#1984);
#1984 = CARTESIAN_POINT('',(15.1,72.1,0.));
#1985 = SURFACE_CURVE('',#1986,(#1990,#1997),.PCURVE_S1.);
#1986 = LINE('',#1987,#1988);
#1987 = CARTESIAN_POINT('',(15.1,0.,0.));
#1988 = VECTOR('',#1989,1.);
#1989 = DIRECTION('',(5.624913994737E-17,1.,0.));
#1990 = PCURVE('',#1838,#1991);
#1991 = DEFINITIONAL_REPRESENTATION('',(#1992),#1996);
#1992 = LINE('',#1993,#1994);
#1993 = CARTESIAN_POINT('',(-0.,-5.));
#1994 = VECTOR('',#1995,1.);
#1995 = DIRECTION('',(-1.,0.));
#1996 = ( GEOMETRIC_REPRESENTATION_CONTEXT(2) 
PARAMETRIC_REPRESENTATION_CONTEXT() REPRESENTATION_CONTEXT('2D SPACE',''
  ) );
#1997 = PCURVE('',#74,#1998);
#1998 = DEFINITIONAL_REPRESENTATION('',(#1999),#2003);
#1999 = LINE('',#2000,#2001);
#2000 = CARTESIAN_POINT('',(15.1,0.));
#2001 = VECTOR('',#2002,1.);
#2002 = DIRECTION('',(5.624913994737E-17,1.));
#2003 = ( GEOMETRIC_REPRESENTATION_CONTEXT(2) 
PARAMETRIC_REPRESENTATION_CONTEXT() REPRESENTATION_CONTEXT('2D SPACE',''
  ) );
#2004 = ORIENTED_EDGE('',*,*,#2005,.F.);
#2005 = EDGE_CURVE('',#1830,#1983,#2006,.T.);
#2006 = SURFACE_CURVE('',#2007,(#2011,#2018),.PCURVE_S1.);
#2007 = LINE('',#2008,#2009);
#2008 = CARTESIAN_POINT('',(15.1,72.1,5.));
#2009 = VECTOR('',#2010,1.);
#2010 = DIRECTION('',(0.,0.,-1.));
#2011 = PCURVE('',#1838,#2012);
#2012 = DEFINITIONAL_REPRESENTATION('',(#2013),#2017);
#2013 = LINE('',#2014,#2015);
#2014 = CARTESIAN_POINT('',(-72.1,0.));
#2015 = VECTOR('',#2016,1.);
#2016 = DIRECTION('',(-0.,-1.));
#2017 = ( GEOMETRIC_REPRESENTATION_CONTEXT(2) 
PARAMETRIC_REPRESENTATION_CONTEXT() REPRESENTATION_CONTEXT('2D SPACE',''
  ) );
#2018 = PCURVE('',#156,#2019);
#2019 = DEFINITIONAL_REPRESENTATION('',(#2020),#2024);
#2020 = LINE('',#2021,#2022);
#2021 = CARTESIAN_POINT('',(3.14159265359,0.));
#2022 = VECTOR('',#2023,1.);
#2023 = DIRECTION('',(0.,1.));
#2024 = ( GEOMETRIC_REPRESENTATION_CONTEXT(2) 
PARAMETRIC_REPRESENTATION_CONTEXT() REPRESENTATION_CONTEXT('2D SPACE',''
  ) );
#2025 = FACE_BOUND('',#2026,.T.);
#2026 = EDGE_LOOP('',(#2027,#2058,#2086,#2115,#2143,#2172,#2200,#2229));
#2027 = ORIENTED_EDGE('',*,*,#2028,.T.);
#2028 = EDGE_CURVE('',#2029,#2031,#2033,.T.);
#2029 = VERTEX_POINT('',#2030);
#2030 = CARTESIAN_POINT('',(15.1,-63.6,25.));
#2031 = VERTEX_POINT('',#2032);
#2032 = CARTESIAN_POINT('',(15.1,-61.6,23.));
#2033 = SURFACE_CURVE('',#2034,(#2039,#2046),.PCURVE_S1.);
#2034 = CIRCLE('',#2035,2.);
#2035 = AXIS2_PLACEMENT_3D('',#2036,#2037,#2038);
#2036 = CARTESIAN_POINT('',(15.1,-63.6,23.));
#2037 = DIRECTION('',(-1.,5.624913994737E-17,0.));
#2038 = DIRECTION('',(-5.624913994737E-17,-1.,0.));
#2039 = PCURVE('',#1838,#2040);
#2040 = DEFINITIONAL_REPRESENTATION('',(#2041),#2045);
#2041 = CIRCLE('',#2042,2.);
#2042 = AXIS2_PLACEMENT_2D('',#2043,#2044);
#2043 = CARTESIAN_POINT('',(63.6,18.));
#2044 = DIRECTION('',(1.,0.));
#2045 = ( GEOMETRIC_REPRESENTATION_CONTEXT(2) 
PARAMETRIC_REPRESENTATION_CONTEXT() REPRESENTATION_CONTEXT('2D SPACE',''
  ) );
#2046 = PCURVE('',#2047,#2052);
#2047 = TOROIDAL_SURFACE('',#2048,2.,1.);
#2048 = AXIS2_PLACEMENT_3D('',#2049,#2050,#2051);
#2049 = CARTESIAN_POINT('',(16.1,-63.6,23.));
#2050 = DIRECTION('',(-1.,5.624913994737E-17,0.));
#2051 = DIRECTION('',(-5.624913994737E-17,-1.,0.));
#2052 = DEFINITIONAL_REPRESENTATION('',(#2053),#2057);
#2053 = LINE('',#2054,#2055);
#2054 = CARTESIAN_POINT('',(0.,1.570796326795));
#2055 = VECTOR('',#2056,1.);
#2056 = DIRECTION('',(1.,0.));
#2057 = ( GEOMETRIC_REPRESENTATION_CONTEXT(2) 
PARAMETRIC_REPRESENTATION_CONTEXT() REPRESENTATION_CONTEXT('2D SPACE',''
  ) );
#2058 = ORIENTED_EDGE('',*,*,#2059,.F.);
#2059 = EDGE_CURVE('',#2060,#2031,#2062,.T.);
#2060 = VERTEX_POINT('',#2061);
#2061 = CARTESIAN_POINT('',(15.1,-61.6,17.));
#2062 = SURFACE_CURVE('',#2063,(#2067,#2074),.PCURVE_S1.);
#2063 = LINE('',#2064,#2065);
#2064 = CARTESIAN_POINT('',(15.1,-61.6,16.));
#2065 = VECTOR('',#2066,1.);
#2066 = DIRECTION('',(0.,0.,1.));
#2067 = PCURVE('',#1838,#2068);
#2068 = DEFINITIONAL_REPRESENTATION('',(#2069),#2073);
#2069 = LINE('',#2070,#2071);
#2070 = CARTESIAN_POINT('',(61.6,11.));
#2071 = VECTOR('',#2072,1.);
#2072 = DIRECTION('',(0.,1.));
#2073 = ( GEOMETRIC_REPRESENTATION_CONTEXT(2) 
PARAMETRIC_REPRESENTATION_CONTEXT() REPRESENTATION_CONTEXT('2D SPACE',''
  ) );
#2074 = PCURVE('',#2075,#2080);
#2075 = CYLINDRICAL_SURFACE('',#2076,1.);
#2076 = AXIS2_PLACEMENT_3D('',#2077,#2078,#2079);
#2077 = CARTESIAN_POINT('',(16.1,-61.6,20.));
#2078 = DIRECTION('',(0.,0.,-1.));
#2079 = DIRECTION('',(-1.,0.,0.));
#2080 = DEFINITIONAL_REPRESENTATION('',(#2081),#2085);
#2081 = LINE('',#2082,#2083);
#2082 = CARTESIAN_POINT('',(6.28318530718,4.));
#2083 = VECTOR('',#2084,1.);
#2084 = DIRECTION('',(0.,-1.));
#2085 = ( GEOMETRIC_REPRESENTATION_CONTEXT(2) 
PARAMETRIC_REPRESENTATION_CONTEXT() REPRESENTATION_CONTEXT('2D SPACE',''
  ) );
#2086 = ORIENTED_EDGE('',*,*,#2087,.T.);
#2087 = EDGE_CURVE('',#2060,#2088,#2090,.T.);
#2088 = VERTEX_POINT('',#2089);
#2089 = CARTESIAN_POINT('',(15.1,-63.6,15.));
#2090 = SURFACE_CURVE('',#2091,(#2096,#2103),.PCURVE_S1.);
#2091 = CIRCLE('',#2092,2.);
#2092 = AXIS2_PLACEMENT_3D('',#2093,#2094,#2095);
#2093 = CARTESIAN_POINT('',(15.1,-63.6,17.));
#2094 = DIRECTION('',(-1.,5.624913994737E-17,0.));
#2095 = DIRECTION('',(-5.624913994737E-17,-1.,0.));
#2096 = PCURVE('',#1838,#2097);
#2097 = DEFINITIONAL_REPRESENTATION('',(#2098),#2102);
#2098 = CIRCLE('',#2099,2.);
#2099 = AXIS2_PLACEMENT_2D('',#2100,#2101);
#2100 = CARTESIAN_POINT('',(63.6,12.));
#2101 = DIRECTION('',(1.,0.));
#2102 = ( GEOMETRIC_REPRESENTATION_CONTEXT(2) 
PARAMETRIC_REPRESENTATION_CONTEXT() REPRESENTATION_CONTEXT('2D SPACE',''
  ) );
#2103 = PCURVE('',#2104,#2109);
#2104 = TOROIDAL_SURFACE('',#2105,2.,1.);
#2105 = AXIS2_PLACEMENT_3D('',#2106,#2107,#2108);
#2106 = CARTESIAN_POINT('',(16.1,-63.6,17.));
#2107 = DIRECTION('',(-1.,5.624913994737E-17,0.));
#2108 = DIRECTION('',(-5.624913994737E-17,-1.,0.));
#2109 = DEFINITIONAL_REPRESENTATION('',(#2110),#2114);
#2110 = LINE('',#2111,#2112);
#2111 = CARTESIAN_POINT('',(0.,1.570796326795));
#2112 = VECTOR('',#2113,1.);
#2113 = DIRECTION('',(1.,0.));
#2114 = ( GEOMETRIC_REPRESENTATION_CONTEXT(2) 
PARAMETRIC_REPRESENTATION_CONTEXT() REPRESENTATION_CONTEXT('2D SPACE',''
  ) );
#2115 = ORIENTED_EDGE('',*,*,#2116,.T.);
#2116 = EDGE_CURVE('',#2088,#2117,#2119,.T.);
#2117 = VERTEX_POINT('',#2118);
#2118 = CARTESIAN_POINT('',(15.1,-65.6,15.));
#2119 = SURFACE_CURVE('',#2120,(#2124,#2131),.PCURVE_S1.);
#2120 = LINE('',#2121,#2122);
#2121 = CARTESIAN_POINT('',(15.1,0.,15.));
#2122 = VECTOR('',#2123,1.);
#2123 = DIRECTION('',(-5.624913994737E-17,-1.,0.));
#2124 = PCURVE('',#1838,#2125);
#2125 = DEFINITIONAL_REPRESENTATION('',(#2126),#2130);
#2126 = LINE('',#2127,#2128);
#2127 = CARTESIAN_POINT('',(0.,10.));
#2128 = VECTOR('',#2129,1.);
#2129 = DIRECTION('',(1.,0.));
#2130 = ( GEOMETRIC_REPRESENTATION_CONTEXT(2) 
PARAMETRIC_REPRESENTATION_CONTEXT() REPRESENTATION_CONTEXT('2D SPACE',''
  ) );
#2131 = PCURVE('',#2132,#2137);
#2132 = CYLINDRICAL_SURFACE('',#2133,1.);
#2133 = AXIS2_PLACEMENT_3D('',#2134,#2135,#2136);
#2134 = CARTESIAN_POINT('',(16.1,-5.624913994737E-17,15.));
#2135 = DIRECTION('',(-5.624913994737E-17,-1.,0.));
#2136 = DIRECTION('',(1.,-5.624913994737E-17,0.));
#2137 = DEFINITIONAL_REPRESENTATION('',(#2138),#2142);
#2138 = LINE('',#2139,#2140);
#2139 = CARTESIAN_POINT('',(3.14159265359,0.));
#2140 = VECTOR('',#2141,1.);
#2141 = DIRECTION('',(0.,1.));
#2142 = ( GEOMETRIC_REPRESENTATION_CONTEXT(2) 
PARAMETRIC_REPRESENTATION_CONTEXT() REPRESENTATION_CONTEXT('2D SPACE',''
  ) );
#2143 = ORIENTED_EDGE('',*,*,#2144,.T.);
#2144 = EDGE_CURVE('',#2117,#2145,#2147,.T.);
#2145 = VERTEX_POINT('',#2146);
#2146 = CARTESIAN_POINT('',(15.1,-67.6,17.));
#2147 = SURFACE_CURVE('',#2148,(#2153,#2160),.PCURVE_S1.);
#2148 = CIRCLE('',#2149,2.);
#2149 = AXIS2_PLACEMENT_3D('',#2150,#2151,#2152);
#2150 = CARTESIAN_POINT('',(15.1,-65.6,17.));
#2151 = DIRECTION('',(-1.,5.624913994737E-17,0.));
#2152 = DIRECTION('',(-5.624913994737E-17,-1.,0.));
#2153 = PCURVE('',#1838,#2154);
#2154 = DEFINITIONAL_REPRESENTATION('',(#2155),#2159);
#2155 = CIRCLE('',#2156,2.);
#2156 = AXIS2_PLACEMENT_2D('',#2157,#2158);
#2157 = CARTESIAN_POINT('',(65.6,12.));
#2158 = DIRECTION('',(1.,0.));
#2159 = ( GEOMETRIC_REPRESENTATION_CONTEXT(2) 
PARAMETRIC_REPRESENTATION_CONTEXT() REPRESENTATION_CONTEXT('2D SPACE',''
  ) );
#2160 = PCURVE('',#2161,#2166);
#2161 = TOROIDAL_SURFACE('',#2162,2.,1.);
#2162 = AXIS2_PLACEMENT_3D('',#2163,#2164,#2165);
#2163 = CARTESIAN_POINT('',(16.1,-65.6,17.));
#2164 = DIRECTION('',(-1.,5.624913994737E-17,0.));
#2165 = DIRECTION('',(-5.624913994737E-17,-1.,0.));
#2166 = DEFINITIONAL_REPRESENTATION('',(#2167),#2171);
#2167 = LINE('',#2168,#2169);
#2168 = CARTESIAN_POINT('',(0.,1.570796326795));
#2169 = VECTOR('',#2170,1.);
#2170 = DIRECTION('',(1.,0.));
#2171 = ( GEOMETRIC_REPRESENTATION_CONTEXT(2) 
PARAMETRIC_REPRESENTATION_CONTEXT() REPRESENTATION_CONTEXT('2D SPACE',''
  ) );
#2172 = ORIENTED_EDGE('',*,*,#2173,.T.);
#2173 = EDGE_CURVE('',#2145,#2174,#2176,.T.);
#2174 = VERTEX_POINT('',#2175);
#2175 = CARTESIAN_POINT('',(15.1,-67.6,23.));
#2176 = SURFACE_CURVE('',#2177,(#2181,#2188),.PCURVE_S1.);
#2177 = LINE('',#2178,#2179);
#2178 = CARTESIAN_POINT('',(15.1,-67.6,5.));
#2179 = VECTOR('',#2180,1.);
#2180 = DIRECTION('',(0.,0.,1.));
#2181 = PCURVE('',#1838,#2182);
#2182 = DEFINITIONAL_REPRESENTATION('',(#2183),#2187);
#2183 = LINE('',#2184,#2185);
#2184 = CARTESIAN_POINT('',(67.6,0.));
#2185 = VECTOR('',#2186,1.);
#2186 = DIRECTION('',(0.,1.));
#2187 = ( GEOMETRIC_REPRESENTATION_CONTEXT(2) 
PARAMETRIC_REPRESENTATION_CONTEXT() REPRESENTATION_CONTEXT('2D SPACE',''
  ) );
#2188 = PCURVE('',#2189,#2194);
#2189 = CYLINDRICAL_SURFACE('',#2190,1.);
#2190 = AXIS2_PLACEMENT_3D('',#2191,#2192,#2193);
#2191 = CARTESIAN_POINT('',(16.1,-67.6,5.));
#2192 = DIRECTION('',(0.,0.,1.));
#2193 = DIRECTION('',(1.,0.,-0.));
#2194 = DEFINITIONAL_REPRESENTATION('',(#2195),#2199);
#2195 = LINE('',#2196,#2197);
#2196 = CARTESIAN_POINT('',(3.14159265359,0.));
#2197 = VECTOR('',#2198,1.);
#2198 = DIRECTION('',(0.,1.));
#2199 = ( GEOMETRIC_REPRESENTATION_CONTEXT(2) 
PARAMETRIC_REPRESENTATION_CONTEXT() REPRESENTATION_CONTEXT('2D SPACE',''
  ) );
#2200 = ORIENTED_EDGE('',*,*,#2201,.T.);
#2201 = EDGE_CURVE('',#2174,#2202,#2204,.T.);
#2202 = VERTEX_POINT('',#2203);
#2203 = CARTESIAN_POINT('',(15.1,-65.6,25.));
#2204 = SURFACE_CURVE('',#2205,(#2210,#2217),.PCURVE_S1.);
#2205 = CIRCLE('',#2206,2.);
#2206 = AXIS2_PLACEMENT_3D('',#2207,#2208,#2209);
#2207 = CARTESIAN_POINT('',(15.1,-65.6,23.));
#2208 = DIRECTION('',(-1.,5.624913994737E-17,0.));
#2209 = DIRECTION('',(-5.624913994737E-17,-1.,0.));
#2210 = PCURVE('',#1838,#2211);
#2211 = DEFINITIONAL_REPRESENTATION('',(#2212),#2216);
#2212 = CIRCLE('',#2213,2.);
#2213 = AXIS2_PLACEMENT_2D('',#2214,#2215);
#2214 = CARTESIAN_POINT('',(65.6,18.));
#2215 = DIRECTION('',(1.,0.));
#2216 = ( GEOMETRIC_REPRESENTATION_CONTEXT(2) 
PARAMETRIC_REPRESENTATION_CONTEXT() REPRESENTATION_CONTEXT('2D SPACE',''
  ) );
#2217 = PCURVE('',#2218,#2223);
#2218 = TOROIDAL_SURFACE('',#2219,2.,1.);
#2219 = AXIS2_PLACEMENT_3D('',#2220,#2221,#2222);
#2220 = CARTESIAN_POINT('',(16.1,-65.6,23.));
#2221 = DIRECTION('',(-1.,5.624913994737E-17,0.));
#2222 = DIRECTION('',(-5.624913994737E-17,-1.,0.));
#2223 = DEFINITIONAL_REPRESENTATION('',(#2224),#2228);
#2224 = LINE('',#2225,#2226);
#2225 = CARTESIAN_POINT('',(0.,1.570796326795));
#2226 = VECTOR('',#2227,1.);
#2227 = DIRECTION('',(1.,0.));
#2228 = ( GEOMETRIC_REPRESENTATION_CONTEXT(2) 
PARAMETRIC_REPRESENTATION_CONTEXT() REPRESENTATION_CONTEXT('2D SPACE',''
  ) );
#2229 = ORIENTED_EDGE('',*,*,#2230,.F.);
#2230 = EDGE_CURVE('',#2029,#2202,#2231,.T.);
#2231 = SURFACE_CURVE('',#2232,(#2236,#2243),.PCURVE_S1.);
#2232 = LINE('',#2233,#2234);
#2233 = CARTESIAN_POINT('',(15.1,-62.6,25.));
#2234 = VECTOR('',#2235,1.);
#2235 = DIRECTION('',(-5.624913994737E-17,-1.,0.));
#2236 = PCURVE('',#1838,#2237);
#2237 = DEFINITIONAL_REPRESENTATION('',(#2238),#2242);
#2238 = LINE('',#2239,#2240);
#2239 = CARTESIAN_POINT('',(62.6,20.));
#2240 = VECTOR('',#2241,1.);
#2241 = DIRECTION('',(1.,0.));
#2242 = ( GEOMETRIC_REPRESENTATION_CONTEXT(2) 
PARAMETRIC_REPRESENTATION_CONTEXT() REPRESENTATION_CONTEXT('2D SPACE',''
  ) );
#2243 = PCURVE('',#2244,#2249);
#2244 = CYLINDRICAL_SURFACE('',#2245,1.);
#2245 = AXIS2_PLACEMENT_3D('',#2246,#2247,#2248);
#2246 = CARTESIAN_POINT('',(16.1,-64.6,25.));
#2247 = DIRECTION('',(5.624913994737E-17,1.,0.));
#2248 = DIRECTION('',(-1.,5.624913994737E-17,0.));
#2249 = DEFINITIONAL_REPRESENTATION('',(#2250),#2254);
#2250 = LINE('',#2251,#2252);
#2251 = CARTESIAN_POINT('',(6.28318530718,2.));
#2252 = VECTOR('',#2253,1.);
#2253 = DIRECTION('',(0.,-1.));
#2254 = ( GEOMETRIC_REPRESENTATION_CONTEXT(2) 
PARAMETRIC_REPRESENTATION_CONTEXT() REPRESENTATION_CONTEXT('2D SPACE',''
  ) );
#2255 = FACE_BOUND('',#2256,.T.);
#2256 = EDGE_LOOP('',(#2257,#2288,#2316,#2345,#2373,#2402,#2430,#2459));
#2257 = ORIENTED_EDGE('',*,*,#2258,.T.);
#2258 = EDGE_CURVE('',#2259,#2261,#2263,.T.);
#2259 = VERTEX_POINT('',#2260);
#2260 = CARTESIAN_POINT('',(15.1,63.6,55.));
#2261 = VERTEX_POINT('',#2262);
#2262 = CARTESIAN_POINT('',(15.1,61.6,57.));
#2263 = SURFACE_CURVE('',#2264,(#2269,#2276),.PCURVE_S1.);
#2264 = CIRCLE('',#2265,2.);
#2265 = AXIS2_PLACEMENT_3D('',#2266,#2267,#2268);
#2266 = CARTESIAN_POINT('',(15.1,63.6,57.));
#2267 = DIRECTION('',(-1.,5.624913994737E-17,0.));
#2268 = DIRECTION('',(-5.624913994737E-17,-1.,0.));
#2269 = PCURVE('',#1838,#2270);
#2270 = DEFINITIONAL_REPRESENTATION('',(#2271),#2275);
#2271 = CIRCLE('',#2272,2.);
#2272 = AXIS2_PLACEMENT_2D('',#2273,#2274);
#2273 = CARTESIAN_POINT('',(-63.6,52.));
#2274 = DIRECTION('',(1.,0.));
#2275 = ( GEOMETRIC_REPRESENTATION_CONTEXT(2) 
PARAMETRIC_REPRESENTATION_CONTEXT() REPRESENTATION_CONTEXT('2D SPACE',''
  ) );
#2276 = PCURVE('',#2277,#2282);
#2277 = TOROIDAL_SURFACE('',#2278,2.,1.);
#2278 = AXIS2_PLACEMENT_3D('',#2279,#2280,#2281);
#2279 = CARTESIAN_POINT('',(16.1,63.6,57.));
#2280 = DIRECTION('',(-1.,5.624913994737E-17,0.));
#2281 = DIRECTION('',(-5.624913994737E-17,-1.,0.));
#2282 = DEFINITIONAL_REPRESENTATION('',(#2283),#2287);
#2283 = LINE('',#2284,#2285);
#2284 = CARTESIAN_POINT('',(0.,1.570796326795));
#2285 = VECTOR('',#2286,1.);
#2286 = DIRECTION('',(1.,0.));
#2287 = ( GEOMETRIC_REPRESENTATION_CONTEXT(2) 
PARAMETRIC_REPRESENTATION_CONTEXT() REPRESENTATION_CONTEXT('2D SPACE',''
  ) );
#2288 = ORIENTED_EDGE('',*,*,#2289,.T.);
#2289 = EDGE_CURVE('',#2261,#2290,#2292,.T.);
#2290 = VERTEX_POINT('',#2291);
#2291 = CARTESIAN_POINT('',(15.1,61.6,63.));
#2292 = SURFACE_CURVE('',#2293,(#2297,#2304),.PCURVE_S1.);
#2293 = LINE('',#2294,#2295);
#2294 = CARTESIAN_POINT('',(15.1,61.6,5.));
#2295 = VECTOR('',#2296,1.);
#2296 = DIRECTION('',(0.,0.,1.));
#2297 = PCURVE('',#1838,#2298);
#2298 = DEFINITIONAL_REPRESENTATION('',(#2299),#2303);
#2299 = LINE('',#2300,#2301);
#2300 = CARTESIAN_POINT('',(-61.6,0.));
#2301 = VECTOR('',#2302,1.);
#2302 = DIRECTION('',(0.,1.));
#2303 = ( GEOMETRIC_REPRESENTATION_CONTEXT(2) 
PARAMETRIC_REPRESENTATION_CONTEXT() REPRESENTATION_CONTEXT('2D SPACE',''
  ) );
#2304 = PCURVE('',#2305,#2310);
#2305 = CYLINDRICAL_SURFACE('',#2306,1.);
#2306 = AXIS2_PLACEMENT_3D('',#2307,#2308,#2309);
#2307 = CARTESIAN_POINT('',(16.1,61.6,5.));
#2308 = DIRECTION('',(0.,0.,1.));
#2309 = DIRECTION('',(1.,0.,-0.));
#2310 = DEFINITIONAL_REPRESENTATION('',(#2311),#2315);
#2311 = LINE('',#2312,#2313);
#2312 = CARTESIAN_POINT('',(3.14159265359,0.));
#2313 = VECTOR('',#2314,1.);
#2314 = DIRECTION('',(0.,1.));
#2315 = ( GEOMETRIC_REPRESENTATION_CONTEXT(2) 
PARAMETRIC_REPRESENTATION_CONTEXT() REPRESENTATION_CONTEXT('2D SPACE',''
  ) );
#2316 = ORIENTED_EDGE('',*,*,#2317,.T.);
#2317 = EDGE_CURVE('',#2290,#2318,#2320,.T.);
#2318 = VERTEX_POINT('',#2319);
#2319 = CARTESIAN_POINT('',(15.1,63.6,65.));
#2320 = SURFACE_CURVE('',#2321,(#2326,#2333),.PCURVE_S1.);
#2321 = CIRCLE('',#2322,2.);
#2322 = AXIS2_PLACEMENT_3D('',#2323,#2324,#2325);
#2323 = CARTESIAN_POINT('',(15.1,63.6,63.));
#2324 = DIRECTION('',(-1.,5.624913994737E-17,0.));
#2325 = DIRECTION('',(-5.624913994737E-17,-1.,0.));
#2326 = PCURVE('',#1838,#2327);
#2327 = DEFINITIONAL_REPRESENTATION('',(#2328),#2332);
#2328 = CIRCLE('',#2329,2.);
#2329 = AXIS2_PLACEMENT_2D('',#2330,#2331);
#2330 = CARTESIAN_POINT('',(-63.6,58.));
#2331 = DIRECTION('',(1.,0.));
#2332 = ( GEOMETRIC_REPRESENTATION_CONTEXT(2) 
PARAMETRIC_REPRESENTATION_CONTEXT() REPRESENTATION_CONTEXT('2D SPACE',''
  ) );
#2333 = PCURVE('',#2334,#2339);
#2334 = TOROIDAL_SURFACE('',#2335,2.,1.);
#2335 = AXIS2_PLACEMENT_3D('',#2336,#2337,#2338);
#2336 = CARTESIAN_POINT('',(16.1,63.6,63.));
#2337 = DIRECTION('',(-1.,5.624913994737E-17,0.));
#2338 = DIRECTION('',(-5.624913994737E-17,-1.,0.));
#2339 = DEFINITIONAL_REPRESENTATION('',(#2340),#2344);
#2340 = LINE('',#2341,#2342);
#2341 = CARTESIAN_POINT('',(0.,1.570796326795));
#2342 = VECTOR('',#2343,1.);
#2343 = DIRECTION('',(1.,0.));
#2344 = ( GEOMETRIC_REPRESENTATION_CONTEXT(2) 
PARAMETRIC_REPRESENTATION_CONTEXT() REPRESENTATION_CONTEXT('2D SPACE',''
  ) );
#2345 = ORIENTED_EDGE('',*,*,#2346,.F.);
#2346 = EDGE_CURVE('',#2347,#2318,#2349,.T.);
#2347 = VERTEX_POINT('',#2348);
#2348 = CARTESIAN_POINT('',(15.1,65.6,65.));
#2349 = SURFACE_CURVE('',#2350,(#2354,#2361),.PCURVE_S1.);
#2350 = LINE('',#2351,#2352);
#2351 = CARTESIAN_POINT('',(15.1,66.6,65.));
#2352 = VECTOR('',#2353,1.);
#2353 = DIRECTION('',(-5.624913994737E-17,-1.,0.));
#2354 = PCURVE('',#1838,#2355);
#2355 = DEFINITIONAL_REPRESENTATION('',(#2356),#2360);
#2356 = LINE('',#2357,#2358);
#2357 = CARTESIAN_POINT('',(-66.6,60.));
#2358 = VECTOR('',#2359,1.);
#2359 = DIRECTION('',(1.,0.));
#2360 = ( GEOMETRIC_REPRESENTATION_CONTEXT(2) 
PARAMETRIC_REPRESENTATION_CONTEXT() REPRESENTATION_CONTEXT('2D SPACE',''
  ) );
#2361 = PCURVE('',#2362,#2367);
#2362 = CYLINDRICAL_SURFACE('',#2363,1.);
#2363 = AXIS2_PLACEMENT_3D('',#2364,#2365,#2366);
#2364 = CARTESIAN_POINT('',(16.1,64.6,65.));
#2365 = DIRECTION('',(5.624913994737E-17,1.,0.));
#2366 = DIRECTION('',(-1.,5.624913994737E-17,0.));
#2367 = DEFINITIONAL_REPRESENTATION('',(#2368),#2372);
#2368 = LINE('',#2369,#2370);
#2369 = CARTESIAN_POINT('',(6.28318530718,2.));
#2370 = VECTOR('',#2371,1.);
#2371 = DIRECTION('',(0.,-1.));
#2372 = ( GEOMETRIC_REPRESENTATION_CONTEXT(2) 
PARAMETRIC_REPRESENTATION_CONTEXT() REPRESENTATION_CONTEXT('2D SPACE',''
  ) );
#2373 = ORIENTED_EDGE('',*,*,#2374,.T.);
#2374 = EDGE_CURVE('',#2347,#2375,#2377,.T.);
#2375 = VERTEX_POINT('',#2376);
#2376 = CARTESIAN_POINT('',(15.1,67.6,63.));
#2377 = SURFACE_CURVE('',#2378,(#2383,#2390),.PCURVE_S1.);
#2378 = CIRCLE('',#2379,2.);
#2379 = AXIS2_PLACEMENT_3D('',#2380,#2381,#2382);
#2380 = CARTESIAN_POINT('',(15.1,65.6,63.));
#2381 = DIRECTION('',(-1.,5.624913994737E-17,0.));
#2382 = DIRECTION('',(-5.624913994737E-17,-1.,0.));
#2383 = PCURVE('',#1838,#2384);
#2384 = DEFINITIONAL_REPRESENTATION('',(#2385),#2389);
#2385 = CIRCLE('',#2386,2.);
#2386 = AXIS2_PLACEMENT_2D('',#2387,#2388);
#2387 = CARTESIAN_POINT('',(-65.6,58.));
#2388 = DIRECTION('',(1.,0.));
#2389 = ( GEOMETRIC_REPRESENTATION_CONTEXT(2) 
PARAMETRIC_REPRESENTATION_CONTEXT() REPRESENTATION_CONTEXT('2D SPACE',''
  ) );
#2390 = PCURVE('',#2391,#2396);
#2391 = TOROIDAL_SURFACE('',#2392,2.,1.);
#2392 = AXIS2_PLACEMENT_3D('',#2393,#2394,#2395);
#2393 = CARTESIAN_POINT('',(16.1,65.6,63.));
#2394 = DIRECTION('',(-1.,5.624913994737E-17,0.));
#2395 = DIRECTION('',(-5.624913994737E-17,-1.,0.));
#2396 = DEFINITIONAL_REPRESENTATION('',(#2397),#2401);
#2397 = LINE('',#2398,#2399);
#2398 = CARTESIAN_POINT('',(0.,1.570796326795));
#2399 = VECTOR('',#2400,1.);
#2400 = DIRECTION('',(1.,0.));
#2401 = ( GEOMETRIC_REPRESENTATION_CONTEXT(2) 
PARAMETRIC_REPRESENTATION_CONTEXT() REPRESENTATION_CONTEXT('2D SPACE',''
  ) );
#2402 = ORIENTED_EDGE('',*,*,#2403,.F.);
#2403 = EDGE_CURVE('',#2404,#2375,#2406,.T.);
#2404 = VERTEX_POINT('',#2405);
#2405 = CARTESIAN_POINT('',(15.1,67.6,57.));
#2406 = SURFACE_CURVE('',#2407,(#2411,#2418),.PCURVE_S1.);
#2407 = LINE('',#2408,#2409);
#2408 = CARTESIAN_POINT('',(15.1,67.6,56.));
#2409 = VECTOR('',#2410,1.);
#2410 = DIRECTION('',(0.,0.,1.));
#2411 = PCURVE('',#1838,#2412);
#2412 = DEFINITIONAL_REPRESENTATION('',(#2413),#2417);
#2413 = LINE('',#2414,#2415);
#2414 = CARTESIAN_POINT('',(-67.6,51.));
#2415 = VECTOR('',#2416,1.);
#2416 = DIRECTION('',(0.,1.));
#2417 = ( GEOMETRIC_REPRESENTATION_CONTEXT(2) 
PARAMETRIC_REPRESENTATION_CONTEXT() REPRESENTATION_CONTEXT('2D SPACE',''
  ) );
#2418 = PCURVE('',#2419,#2424);
#2419 = CYLINDRICAL_SURFACE('',#2420,1.);
#2420 = AXIS2_PLACEMENT_3D('',#2421,#2422,#2423);
#2421 = CARTESIAN_POINT('',(16.1,67.6,60.));
#2422 = DIRECTION('',(0.,0.,-1.));
#2423 = DIRECTION('',(-1.,0.,0.));
#2424 = DEFINITIONAL_REPRESENTATION('',(#2425),#2429);
#2425 = LINE('',#2426,#2427);
#2426 = CARTESIAN_POINT('',(6.28318530718,4.));
#2427 = VECTOR('',#2428,1.);
#2428 = DIRECTION('',(0.,-1.));
#2429 = ( GEOMETRIC_REPRESENTATION_CONTEXT(2) 
PARAMETRIC_REPRESENTATION_CONTEXT() REPRESENTATION_CONTEXT('2D SPACE',''
  ) );
#2430 = ORIENTED_EDGE('',*,*,#2431,.T.);
#2431 = EDGE_CURVE('',#2404,#2432,#2434,.T.);
#2432 = VERTEX_POINT('',#2433);
#2433 = CARTESIAN_POINT('',(15.1,65.6,55.));
#2434 = SURFACE_CURVE('',#2435,(#2440,#2447),.PCURVE_S1.);
#2435 = CIRCLE('',#2436,2.);
#2436 = AXIS2_PLACEMENT_3D('',#2437,#2438,#2439);
#2437 = CARTESIAN_POINT('',(15.1,65.6,57.));
#2438 = DIRECTION('',(-1.,5.624913994737E-17,0.));
#2439 = DIRECTION('',(-5.624913994737E-17,-1.,0.));
#2440 = PCURVE('',#1838,#2441);
#2441 = DEFINITIONAL_REPRESENTATION('',(#2442),#2446);
#2442 = CIRCLE('',#2443,2.);
#2443 = AXIS2_PLACEMENT_2D('',#2444,#2445);
#2444 = CARTESIAN_POINT('',(-65.6,52.));
#2445 = DIRECTION('',(1.,0.));
#2446 = ( GEOMETRIC_REPRESENTATION_CONTEXT(2) 
PARAMETRIC_REPRESENTATION_CONTEXT() REPRESENTATION_CONTEXT('2D SPACE',''
  ) );
#2447 = PCURVE('',#2448,#2453);
#2448 = TOROIDAL_SURFACE('',#2449,2.,1.);
#2449 = AXIS2_PLACEMENT_3D('',#2450,#2451,#2452);
#2450 = CARTESIAN_POINT('',(16.1,65.6,57.));
#2451 = DIRECTION('',(-1.,5.624913994737E-17,0.));
#2452 = DIRECTION('',(-5.624913994737E-17,-1.,0.));
#2453 = DEFINITIONAL_REPRESENTATION('',(#2454),#2458);
#2454 = LINE('',#2455,#2456);
#2455 = CARTESIAN_POINT('',(0.,1.570796326795));
#2456 = VECTOR('',#2457,1.);
#2457 = DIRECTION('',(1.,0.));
#2458 = ( GEOMETRIC_REPRESENTATION_CONTEXT(2) 
PARAMETRIC_REPRESENTATION_CONTEXT() REPRESENTATION_CONTEXT('2D SPACE',''
  ) );
#2459 = ORIENTED_EDGE('',*,*,#2460,.T.);
#2460 = EDGE_CURVE('',#2432,#2259,#2461,.T.);
#2461 = SURFACE_CURVE('',#2462,(#2466,#2473),.PCURVE_S1.);
#2462 = LINE('',#2463,#2464);
#2463 = CARTESIAN_POINT('',(15.1,0.,55.));
#2464 = VECTOR('',#2465,1.);
#2465 = DIRECTION('',(-5.624913994737E-17,-1.,0.));
#2466 = PCURVE('',#1838,#2467);
#2467 = DEFINITIONAL_REPRESENTATION('',(#2468),#2472);
#2468 = LINE('',#2469,#2470);
#2469 = CARTESIAN_POINT('',(0.,50.));
#2470 = VECTOR('',#2471,1.);
#2471 = DIRECTION('',(1.,0.));
#2472 = ( GEOMETRIC_REPRESENTATION_CONTEXT(2) 
PARAMETRIC_REPRESENTATION_CONTEXT() REPRESENTATION_CONTEXT('2D SPACE',''
  ) );
#2473 = PCURVE('',#2474,#2479);
#2474 = CYLINDRICAL_SURFACE('',#2475,1.);
#2475 = AXIS2_PLACEMENT_3D('',#2476,#2477,#2478);
#2476 = CARTESIAN_POINT('',(16.1,-5.624913994737E-17,55.));
#2477 = DIRECTION('',(-5.624913994737E-17,-1.,0.));
#2478 = DIRECTION('',(1.,-5.624913994737E-17,0.));
#2479 = DEFINITIONAL_REPRESENTATION('',(#2480),#2484);
#2480 = LINE('',#2481,#2482);
#2481 = CARTESIAN_POINT('',(3.14159265359,0.));
#2482 = VECTOR('',#2483,1.);
#2483 = DIRECTION('',(0.,1.));
#2484 = ( GEOMETRIC_REPRESENTATION_CONTEXT(2) 
PARAMETRIC_REPRESENTATION_CONTEXT() REPRESENTATION_CONTEXT('2D SPACE',''
  ) );
#2485 = FACE_BOUND('',#2486,.T.);
#2486 = EDGE_LOOP('',(#2487,#2518,#2546,#2575,#2603,#2632,#2660,#2689));
#2487 = ORIENTED_EDGE('',*,*,#2488,.T.);
#2488 = EDGE_CURVE('',#2489,#2491,#2493,.T.);
#2489 = VERTEX_POINT('',#2490);
#2490 = CARTESIAN_POINT('',(15.1,67.6,17.));
#2491 = VERTEX_POINT('',#2492);
#2492 = CARTESIAN_POINT('',(15.1,65.6,15.));
#2493 = SURFACE_CURVE('',#2494,(#2499,#2506),.PCURVE_S1.);
#2494 = CIRCLE('',#2495,2.);
#2495 = AXIS2_PLACEMENT_3D('',#2496,#2497,#2498);
#2496 = CARTESIAN_POINT('',(15.1,65.6,17.));
#2497 = DIRECTION('',(-1.,5.624913994737E-17,0.));
#2498 = DIRECTION('',(-5.624913994737E-17,-1.,0.));
#2499 = PCURVE('',#1838,#2500);
#2500 = DEFINITIONAL_REPRESENTATION('',(#2501),#2505);
#2501 = CIRCLE('',#2502,2.);
#2502 = AXIS2_PLACEMENT_2D('',#2503,#2504);
#2503 = CARTESIAN_POINT('',(-65.6,12.));
#2504 = DIRECTION('',(1.,0.));
#2505 = ( GEOMETRIC_REPRESENTATION_CONTEXT(2) 
PARAMETRIC_REPRESENTATION_CONTEXT() REPRESENTATION_CONTEXT('2D SPACE',''
  ) );
#2506 = PCURVE('',#2507,#2512);
#2507 = TOROIDAL_SURFACE('',#2508,2.,1.);
#2508 = AXIS2_PLACEMENT_3D('',#2509,#2510,#2511);
#2509 = CARTESIAN_POINT('',(16.1,65.6,17.));
#2510 = DIRECTION('',(-1.,5.624913994737E-17,0.));
#2511 = DIRECTION('',(-5.624913994737E-17,-1.,0.));
#2512 = DEFINITIONAL_REPRESENTATION('',(#2513),#2517);
#2513 = LINE('',#2514,#2515);
#2514 = CARTESIAN_POINT('',(0.,1.570796326795));
#2515 = VECTOR('',#2516,1.);
#2516 = DIRECTION('',(1.,0.));
#2517 = ( GEOMETRIC_REPRESENTATION_CONTEXT(2) 
PARAMETRIC_REPRESENTATION_CONTEXT() REPRESENTATION_CONTEXT('2D SPACE',''
  ) );
#2518 = ORIENTED_EDGE('',*,*,#2519,.T.);
#2519 = EDGE_CURVE('',#2491,#2520,#2522,.T.);
#2520 = VERTEX_POINT('',#2521);
#2521 = CARTESIAN_POINT('',(15.1,63.6,15.));
#2522 = SURFACE_CURVE('',#2523,(#2527,#2534),.PCURVE_S1.);
#2523 = LINE('',#2524,#2525);
#2524 = CARTESIAN_POINT('',(15.1,0.,15.));
#2525 = VECTOR('',#2526,1.);
#2526 = DIRECTION('',(-5.624913994737E-17,-1.,0.));
#2527 = PCURVE('',#1838,#2528);
#2528 = DEFINITIONAL_REPRESENTATION('',(#2529),#2533);
#2529 = LINE('',#2530,#2531);
#2530 = CARTESIAN_POINT('',(0.,10.));
#2531 = VECTOR('',#2532,1.);
#2532 = DIRECTION('',(1.,0.));
#2533 = ( GEOMETRIC_REPRESENTATION_CONTEXT(2) 
PARAMETRIC_REPRESENTATION_CONTEXT() REPRESENTATION_CONTEXT('2D SPACE',''
  ) );
#2534 = PCURVE('',#2535,#2540);
#2535 = CYLINDRICAL_SURFACE('',#2536,1.);
#2536 = AXIS2_PLACEMENT_3D('',#2537,#2538,#2539);
#2537 = CARTESIAN_POINT('',(16.1,-5.624913994737E-17,15.));
#2538 = DIRECTION('',(-5.624913994737E-17,-1.,0.));
#2539 = DIRECTION('',(1.,-5.624913994737E-17,0.));
#2540 = DEFINITIONAL_REPRESENTATION('',(#2541),#2545);
#2541 = LINE('',#2542,#2543);
#2542 = CARTESIAN_POINT('',(3.14159265359,0.));
#2543 = VECTOR('',#2544,1.);
#2544 = DIRECTION('',(0.,1.));
#2545 = ( GEOMETRIC_REPRESENTATION_CONTEXT(2) 
PARAMETRIC_REPRESENTATION_CONTEXT() REPRESENTATION_CONTEXT('2D SPACE',''
  ) );
#2546 = ORIENTED_EDGE('',*,*,#2547,.T.);
#2547 = EDGE_CURVE('',#2520,#2548,#2550,.T.);
#2548 = VERTEX_POINT('',#2549);
#2549 = CARTESIAN_POINT('',(15.1,61.6,17.));
#2550 = SURFACE_CURVE('',#2551,(#2556,#2563),.PCURVE_S1.);
#2551 = CIRCLE('',#2552,2.);
#2552 = AXIS2_PLACEMENT_3D('',#2553,#2554,#2555);
#2553 = CARTESIAN_POINT('',(15.1,63.6,17.));
#2554 = DIRECTION('',(-1.,5.624913994737E-17,0.));
#2555 = DIRECTION('',(-5.624913994737E-17,-1.,0.));
#2556 = PCURVE('',#1838,#2557);
#2557 = DEFINITIONAL_REPRESENTATION('',(#2558),#2562);
#2558 = CIRCLE('',#2559,2.);
#2559 = AXIS2_PLACEMENT_2D('',#2560,#2561);
#2560 = CARTESIAN_POINT('',(-63.6,12.));
#2561 = DIRECTION('',(1.,0.));
#2562 = ( GEOMETRIC_REPRESENTATION_CONTEXT(2) 
PARAMETRIC_REPRESENTATION_CONTEXT() REPRESENTATION_CONTEXT('2D SPACE',''
  ) );
#2563 = PCURVE('',#2564,#2569);
#2564 = TOROIDAL_SURFACE('',#2565,2.,1.);
#2565 = AXIS2_PLACEMENT_3D('',#2566,#2567,#2568);
#2566 = CARTESIAN_POINT('',(16.1,63.6,17.));
#2567 = DIRECTION('',(-1.,5.624913994737E-17,0.));
#2568 = DIRECTION('',(-5.624913994737E-17,-1.,0.));
#2569 = DEFINITIONAL_REPRESENTATION('',(#2570),#2574);
#2570 = LINE('',#2571,#2572);
#2571 = CARTESIAN_POINT('',(0.,1.570796326795));
#2572 = VECTOR('',#2573,1.);
#2573 = DIRECTION('',(1.,0.));
#2574 = ( GEOMETRIC_REPRESENTATION_CONTEXT(2) 
PARAMETRIC_REPRESENTATION_CONTEXT() REPRESENTATION_CONTEXT('2D SPACE',''
  ) );
#2575 = ORIENTED_EDGE('',*,*,#2576,.T.);
#2576 = EDGE_CURVE('',#2548,#2577,#2579,.T.);
#2577 = VERTEX_POINT('',#2578);
#2578 = CARTESIAN_POINT('',(15.1,61.6,23.));
#2579 = SURFACE_CURVE('',#2580,(#2584,#2591),.PCURVE_S1.);
#2580 = LINE('',#2581,#2582);
#2581 = CARTESIAN_POINT('',(15.1,61.6,5.));
#2582 = VECTOR('',#2583,1.);
#2583 = DIRECTION('',(0.,0.,1.));
#2584 = PCURVE('',#1838,#2585);
#2585 = DEFINITIONAL_REPRESENTATION('',(#2586),#2590);
#2586 = LINE('',#2587,#2588);
#2587 = CARTESIAN_POINT('',(-61.6,0.));
#2588 = VECTOR('',#2589,1.);
#2589 = DIRECTION('',(0.,1.));
#2590 = ( GEOMETRIC_REPRESENTATION_CONTEXT(2) 
PARAMETRIC_REPRESENTATION_CONTEXT() REPRESENTATION_CONTEXT('2D SPACE',''
  ) );
#2591 = PCURVE('',#2592,#2597);
#2592 = CYLINDRICAL_SURFACE('',#2593,1.);
#2593 = AXIS2_PLACEMENT_3D('',#2594,#2595,#2596);
#2594 = CARTESIAN_POINT('',(16.1,61.6,5.));
#2595 = DIRECTION('',(0.,0.,1.));
#2596 = DIRECTION('',(1.,0.,-0.));
#2597 = DEFINITIONAL_REPRESENTATION('',(#2598),#2602);
#2598 = LINE('',#2599,#2600);
#2599 = CARTESIAN_POINT('',(3.14159265359,0.));
#2600 = VECTOR('',#2601,1.);
#2601 = DIRECTION('',(0.,1.));
#2602 = ( GEOMETRIC_REPRESENTATION_CONTEXT(2) 
PARAMETRIC_REPRESENTATION_CONTEXT() REPRESENTATION_CONTEXT('2D SPACE',''
  ) );
#2603 = ORIENTED_EDGE('',*,*,#2604,.T.);
#2604 = EDGE_CURVE('',#2577,#2605,#2607,.T.);
#2605 = VERTEX_POINT('',#2606);
#2606 = CARTESIAN_POINT('',(15.1,63.6,25.));
#2607 = SURFACE_CURVE('',#2608,(#2613,#2620),.PCURVE_S1.);
#2608 = CIRCLE('',#2609,2.);
#2609 = AXIS2_PLACEMENT_3D('',#2610,#2611,#2612);
#2610 = CARTESIAN_POINT('',(15.1,63.6,23.));
#2611 = DIRECTION('',(-1.,5.624913994737E-17,0.));
#2612 = DIRECTION('',(-5.624913994737E-17,-1.,0.));
#2613 = PCURVE('',#1838,#2614);
#2614 = DEFINITIONAL_REPRESENTATION('',(#2615),#2619);
#2615 = CIRCLE('',#2616,2.);
#2616 = AXIS2_PLACEMENT_2D('',#2617,#2618);
#2617 = CARTESIAN_POINT('',(-63.6,18.));
#2618 = DIRECTION('',(1.,0.));
#2619 = ( GEOMETRIC_REPRESENTATION_CONTEXT(2) 
PARAMETRIC_REPRESENTATION_CONTEXT() REPRESENTATION_CONTEXT('2D SPACE',''
  ) );
#2620 = PCURVE('',#2621,#2626);
#2621 = TOROIDAL_SURFACE('',#2622,2.,1.);
#2622 = AXIS2_PLACEMENT_3D('',#2623,#2624,#2625);
#2623 = CARTESIAN_POINT('',(16.1,63.6,23.));
#2624 = DIRECTION('',(-1.,5.624913994737E-17,0.));
#2625 = DIRECTION('',(-5.624913994737E-17,-1.,0.));
#2626 = DEFINITIONAL_REPRESENTATION('',(#2627),#2631);
#2627 = LINE('',#2628,#2629);
#2628 = CARTESIAN_POINT('',(0.,1.570796326795));
#2629 = VECTOR('',#2630,1.);
#2630 = DIRECTION('',(1.,0.));
#2631 = ( GEOMETRIC_REPRESENTATION_CONTEXT(2) 
PARAMETRIC_REPRESENTATION_CONTEXT() REPRESENTATION_CONTEXT('2D SPACE',''
  ) );
#2632 = ORIENTED_EDGE('',*,*,#2633,.F.);
#2633 = EDGE_CURVE('',#2634,#2605,#2636,.T.);
#2634 = VERTEX_POINT('',#2635);
#2635 = CARTESIAN_POINT('',(15.1,65.6,25.));
#2636 = SURFACE_CURVE('',#2637,(#2641,#2648),.PCURVE_S1.);
#2637 = LINE('',#2638,#2639);
#2638 = CARTESIAN_POINT('',(15.1,66.6,25.));
#2639 = VECTOR('',#2640,1.);
#2640 = DIRECTION('',(-5.624913994737E-17,-1.,0.));
#2641 = PCURVE('',#1838,#2642);
#2642 = DEFINITIONAL_REPRESENTATION('',(#2643),#2647);
#2643 = LINE('',#2644,#2645);
#2644 = CARTESIAN_POINT('',(-66.6,20.));
#2645 = VECTOR('',#2646,1.);
#2646 = DIRECTION('',(1.,0.));
#2647 = ( GEOMETRIC_REPRESENTATION_CONTEXT(2) 
PARAMETRIC_REPRESENTATION_CONTEXT() REPRESENTATION_CONTEXT('2D SPACE',''
  ) );
#2648 = PCURVE('',#2649,#2654);
#2649 = CYLINDRICAL_SURFACE('',#2650,1.);
#2650 = AXIS2_PLACEMENT_3D('',#2651,#2652,#2653);
#2651 = CARTESIAN_POINT('',(16.1,64.6,25.));
#2652 = DIRECTION('',(5.624913994737E-17,1.,0.));
#2653 = DIRECTION('',(-1.,5.624913994737E-17,0.));
#2654 = DEFINITIONAL_REPRESENTATION('',(#2655),#2659);
#2655 = LINE('',#2656,#2657);
#2656 = CARTESIAN_POINT('',(6.28318530718,2.));
#2657 = VECTOR('',#2658,1.);
#2658 = DIRECTION('',(0.,-1.));
#2659 = ( GEOMETRIC_REPRESENTATION_CONTEXT(2) 
PARAMETRIC_REPRESENTATION_CONTEXT() REPRESENTATION_CONTEXT('2D SPACE',''
  ) );
#2660 = ORIENTED_EDGE('',*,*,#2661,.T.);
#2661 = EDGE_CURVE('',#2634,#2662,#2664,.T.);
#2662 = VERTEX_POINT('',#2663);
#2663 = CARTESIAN_POINT('',(15.1,67.6,23.));
#2664 = SURFACE_CURVE('',#2665,(#2670,#2677),.PCURVE_S1.);
#2665 = CIRCLE('',#2666,2.);
#2666 = AXIS2_PLACEMENT_3D('',#2667,#2668,#2669);
#2667 = CARTESIAN_POINT('',(15.1,65.6,23.));
#2668 = DIRECTION('',(-1.,5.624913994737E-17,0.));
#2669 = DIRECTION('',(-5.624913994737E-17,-1.,0.));
#2670 = PCURVE('',#1838,#2671);
#2671 = DEFINITIONAL_REPRESENTATION('',(#2672),#2676);
#2672 = CIRCLE('',#2673,2.);
#2673 = AXIS2_PLACEMENT_2D('',#2674,#2675);
#2674 = CARTESIAN_POINT('',(-65.6,18.));
#2675 = DIRECTION('',(1.,0.));
#2676 = ( GEOMETRIC_REPRESENTATION_CONTEXT(2) 
PARAMETRIC_REPRESENTATION_CONTEXT() REPRESENTATION_CONTEXT('2D SPACE',''
  ) );
#2677 = PCURVE('',#2678,#2683);
#2678 = TOROIDAL_SURFACE('',#2679,2.,1.);
#2679 = AXIS2_PLACEMENT_3D('',#2680,#2681,#2682);
#2680 = CARTESIAN_POINT('',(16.1,65.6,23.));
#2681 = DIRECTION('',(-1.,5.624913994737E-17,0.));
#2682 = DIRECTION('',(-5.624913994737E-17,-1.,0.));
#2683 = DEFINITIONAL_REPRESENTATION('',(#2684),#2688);
#2684 = LINE('',#2685,#2686);
#2685 = CARTESIAN_POINT('',(0.,1.570796326795));
#2686 = VECTOR('',#2687,1.);
#2687 = DIRECTION('',(1.,0.));
#2688 = ( GEOMETRIC_REPRESENTATION_CONTEXT(2) 
PARAMETRIC_REPRESENTATION_CONTEXT() REPRESENTATION_CONTEXT('2D SPACE',''
  ) );
#2689 = ORIENTED_EDGE('',*,*,#2690,.F.);
#2690 = EDGE_CURVE('',#2489,#2662,#2691,.T.);
#2691 = SURFACE_CURVE('',#2692,(#2696,#2703),.PCURVE_S1.);
#2692 = LINE('',#2693,#2694);
#2693 = CARTESIAN_POINT('',(15.1,67.6,16.));
#2694 = VECTOR('',#2695,1.);
#2695 = DIRECTION('',(0.,0.,1.));
#2696 = PCURVE('',#1838,#2697);
#2697 = DEFINITIONAL_REPRESENTATION('',(#2698),#2702);
#2698 = LINE('',#2699,#2700);
#2699 = CARTESIAN_POINT('',(-67.6,11.));
#2700 = VECTOR('',#2701,1.);
#2701 = DIRECTION('',(0.,1.));
#2702 = ( GEOMETRIC_REPRESENTATION_CONTEXT(2) 
PARAMETRIC_REPRESENTATION_CONTEXT() REPRESENTATION_CONTEXT('2D SPACE',''
  ) );
#2703 = PCURVE('',#2704,#2709);
#2704 = CYLINDRICAL_SURFACE('',#2705,1.);
#2705 = AXIS2_PLACEMENT_3D('',#2706,#2707,#2708);
#2706 = CARTESIAN_POINT('',(16.1,67.6,20.));
#2707 = DIRECTION('',(0.,0.,-1.));
#2708 = DIRECTION('',(-1.,0.,0.));
#2709 = DEFINITIONAL_REPRESENTATION('',(#2710),#2714);
#2710 = LINE('',#2711,#2712);
#2711 = CARTESIAN_POINT('',(6.28318530718,4.));
#2712 = VECTOR('',#2713,1.);
#2713 = DIRECTION('',(0.,-1.));
#2714 = ( GEOMETRIC_REPRESENTATION_CONTEXT(2) 
PARAMETRIC_REPRESENTATION_CONTEXT() REPRESENTATION_CONTEXT('2D SPACE',''
  ) );
#2715 = FACE_BOUND('',#2716,.T.);
#2716 = EDGE_LOOP('',(#2717,#2748,#2776,#2805,#2833,#2862,#2890,#2919));
#2717 = ORIENTED_EDGE('',*,*,#2718,.T.);
#2718 = EDGE_CURVE('',#2719,#2721,#2723,.T.);
#2719 = VERTEX_POINT('',#2720);
#2720 = CARTESIAN_POINT('',(15.1,-63.6,65.));
#2721 = VERTEX_POINT('',#2722);
#2722 = CARTESIAN_POINT('',(15.1,-61.6,63.));
#2723 = SURFACE_CURVE('',#2724,(#2729,#2736),.PCURVE_S1.);
#2724 = CIRCLE('',#2725,2.);
#2725 = AXIS2_PLACEMENT_3D('',#2726,#2727,#2728);
#2726 = CARTESIAN_POINT('',(15.1,-63.6,63.));
#2727 = DIRECTION('',(-1.,5.624913994737E-17,0.));
#2728 = DIRECTION('',(-5.624913994737E-17,-1.,0.));
#2729 = PCURVE('',#1838,#2730);
#2730 = DEFINITIONAL_REPRESENTATION('',(#2731),#2735);
#2731 = CIRCLE('',#2732,2.);
#2732 = AXIS2_PLACEMENT_2D('',#2733,#2734);
#2733 = CARTESIAN_POINT('',(63.6,58.));
#2734 = DIRECTION('',(1.,0.));
#2735 = ( GEOMETRIC_REPRESENTATION_CONTEXT(2) 
PARAMETRIC_REPRESENTATION_CONTEXT() REPRESENTATION_CONTEXT('2D SPACE',''
  ) );
#2736 = PCURVE('',#2737,#2742);
#2737 = TOROIDAL_SURFACE('',#2738,2.,1.);
#2738 = AXIS2_PLACEMENT_3D('',#2739,#2740,#2741);
#2739 = CARTESIAN_POINT('',(16.1,-63.6,63.));
#2740 = DIRECTION('',(-1.,5.624913994737E-17,0.));
#2741 = DIRECTION('',(-5.624913994737E-17,-1.,0.));
#2742 = DEFINITIONAL_REPRESENTATION('',(#2743),#2747);
#2743 = LINE('',#2744,#2745);
#2744 = CARTESIAN_POINT('',(0.,1.570796326795));
#2745 = VECTOR('',#2746,1.);
#2746 = DIRECTION('',(1.,0.));
#2747 = ( GEOMETRIC_REPRESENTATION_CONTEXT(2) 
PARAMETRIC_REPRESENTATION_CONTEXT() REPRESENTATION_CONTEXT('2D SPACE',''
  ) );
#2748 = ORIENTED_EDGE('',*,*,#2749,.F.);
#2749 = EDGE_CURVE('',#2750,#2721,#2752,.T.);
#2750 = VERTEX_POINT('',#2751);
#2751 = CARTESIAN_POINT('',(15.1,-61.6,57.));
#2752 = SURFACE_CURVE('',#2753,(#2757,#2764),.PCURVE_S1.);
#2753 = LINE('',#2754,#2755);
#2754 = CARTESIAN_POINT('',(15.1,-61.6,56.));
#2755 = VECTOR('',#2756,1.);
#2756 = DIRECTION('',(0.,0.,1.));
#2757 = PCURVE('',#1838,#2758);
#2758 = DEFINITIONAL_REPRESENTATION('',(#2759),#2763);
#2759 = LINE('',#2760,#2761);
#2760 = CARTESIAN_POINT('',(61.6,51.));
#2761 = VECTOR('',#2762,1.);
#2762 = DIRECTION('',(0.,1.));
#2763 = ( GEOMETRIC_REPRESENTATION_CONTEXT(2) 
PARAMETRIC_REPRESENTATION_CONTEXT() REPRESENTATION_CONTEXT('2D SPACE',''
  ) );
#2764 = PCURVE('',#2765,#2770);
#2765 = CYLINDRICAL_SURFACE('',#2766,1.);
#2766 = AXIS2_PLACEMENT_3D('',#2767,#2768,#2769);
#2767 = CARTESIAN_POINT('',(16.1,-61.6,60.));
#2768 = DIRECTION('',(0.,0.,-1.));
#2769 = DIRECTION('',(-1.,0.,0.));
#2770 = DEFINITIONAL_REPRESENTATION('',(#2771),#2775);
#2771 = LINE('',#2772,#2773);
#2772 = CARTESIAN_POINT('',(6.28318530718,4.));
#2773 = VECTOR('',#2774,1.);
#2774 = DIRECTION('',(0.,-1.));
#2775 = ( GEOMETRIC_REPRESENTATION_CONTEXT(2) 
PARAMETRIC_REPRESENTATION_CONTEXT() REPRESENTATION_CONTEXT('2D SPACE',''
  ) );
#2776 = ORIENTED_EDGE('',*,*,#2777,.T.);
#2777 = EDGE_CURVE('',#2750,#2778,#2780,.T.);
#2778 = VERTEX_POINT('',#2779);
#2779 = CARTESIAN_POINT('',(15.1,-63.6,55.));
#2780 = SURFACE_CURVE('',#2781,(#2786,#2793),.PCURVE_S1.);
#2781 = CIRCLE('',#2782,2.);
#2782 = AXIS2_PLACEMENT_3D('',#2783,#2784,#2785);
#2783 = CARTESIAN_POINT('',(15.1,-63.6,57.));
#2784 = DIRECTION('',(-1.,5.624913994737E-17,0.));
#2785 = DIRECTION('',(-5.624913994737E-17,-1.,0.));
#2786 = PCURVE('',#1838,#2787);
#2787 = DEFINITIONAL_REPRESENTATION('',(#2788),#2792);
#2788 = CIRCLE('',#2789,2.);
#2789 = AXIS2_PLACEMENT_2D('',#2790,#2791);
#2790 = CARTESIAN_POINT('',(63.6,52.));
#2791 = DIRECTION('',(1.,0.));
#2792 = ( GEOMETRIC_REPRESENTATION_CONTEXT(2) 
PARAMETRIC_REPRESENTATION_CONTEXT() REPRESENTATION_CONTEXT('2D SPACE',''
  ) );
#2793 = PCURVE('',#2794,#2799);
#2794 = TOROIDAL_SURFACE('',#2795,2.,1.);
#2795 = AXIS2_PLACEMENT_3D('',#2796,#2797,#2798);
#2796 = CARTESIAN_POINT('',(16.1,-63.6,57.));
#2797 = DIRECTION('',(-1.,5.624913994737E-17,0.));
#2798 = DIRECTION('',(-5.624913994737E-17,-1.,0.));
#2799 = DEFINITIONAL_REPRESENTATION('',(#2800),#2804);
#2800 = LINE('',#2801,#2802);
#2801 = CARTESIAN_POINT('',(0.,1.570796326795));
#2802 = VECTOR('',#2803,1.);
#2803 = DIRECTION('',(1.,0.));
#2804 = ( GEOMETRIC_REPRESENTATION_CONTEXT(2) 
PARAMETRIC_REPRESENTATION_CONTEXT() REPRESENTATION_CONTEXT('2D SPACE',''
  ) );
#2805 = ORIENTED_EDGE('',*,*,#2806,.T.);
#2806 = EDGE_CURVE('',#2778,#2807,#2809,.T.);
#2807 = VERTEX_POINT('',#2808);
#2808 = CARTESIAN_POINT('',(15.1,-65.6,55.));
#2809 = SURFACE_CURVE('',#2810,(#2814,#2821),.PCURVE_S1.);
#2810 = LINE('',#2811,#2812);
#2811 = CARTESIAN_POINT('',(15.1,0.,55.));
#2812 = VECTOR('',#2813,1.);
#2813 = DIRECTION('',(-5.624913994737E-17,-1.,0.));
#2814 = PCURVE('',#1838,#2815);
#2815 = DEFINITIONAL_REPRESENTATION('',(#2816),#2820);
#2816 = LINE('',#2817,#2818);
#2817 = CARTESIAN_POINT('',(0.,50.));
#2818 = VECTOR('',#2819,1.);
#2819 = DIRECTION('',(1.,0.));
#2820 = ( GEOMETRIC_REPRESENTATION_CONTEXT(2) 
PARAMETRIC_REPRESENTATION_CONTEXT() REPRESENTATION_CONTEXT('2D SPACE',''
  ) );
#2821 = PCURVE('',#2822,#2827);
#2822 = CYLINDRICAL_SURFACE('',#2823,1.);
#2823 = AXIS2_PLACEMENT_3D('',#2824,#2825,#2826);
#2824 = CARTESIAN_POINT('',(16.1,-5.624913994737E-17,55.));
#2825 = DIRECTION('',(-5.624913994737E-17,-1.,0.));
#2826 = DIRECTION('',(1.,-5.624913994737E-17,0.));
#2827 = DEFINITIONAL_REPRESENTATION('',(#2828),#2832);
#2828 = LINE('',#2829,#2830);
#2829 = CARTESIAN_POINT('',(3.14159265359,0.));
#2830 = VECTOR('',#2831,1.);
#2831 = DIRECTION('',(0.,1.));
#2832 = ( GEOMETRIC_REPRESENTATION_CONTEXT(2) 
PARAMETRIC_REPRESENTATION_CONTEXT() REPRESENTATION_CONTEXT('2D SPACE',''
  ) );
#2833 = ORIENTED_EDGE('',*,*,#2834,.T.);
#2834 = EDGE_CURVE('',#2807,#2835,#2837,.T.);
#2835 = VERTEX_POINT('',#2836);
#2836 = CARTESIAN_POINT('',(15.1,-67.6,57.));
#2837 = SURFACE_CURVE('',#2838,(#2843,#2850),.PCURVE_S1.);
#2838 = CIRCLE('',#2839,2.);
#2839 = AXIS2_PLACEMENT_3D('',#2840,#2841,#2842);
#2840 = CARTESIAN_POINT('',(15.1,-65.6,57.));
#2841 = DIRECTION('',(-1.,5.624913994737E-17,0.));
#2842 = DIRECTION('',(-5.624913994737E-17,-1.,0.));
#2843 = PCURVE('',#1838,#2844);
#2844 = DEFINITIONAL_REPRESENTATION('',(#2845),#2849);
#2845 = CIRCLE('',#2846,2.);
#2846 = AXIS2_PLACEMENT_2D('',#2847,#2848);
#2847 = CARTESIAN_POINT('',(65.6,52.));
#2848 = DIRECTION('',(1.,0.));
#2849 = ( GEOMETRIC_REPRESENTATION_CONTEXT(2) 
PARAMETRIC_REPRESENTATION_CONTEXT() REPRESENTATION_CONTEXT('2D SPACE',''
  ) );
#2850 = PCURVE('',#2851,#2856);
#2851 = TOROIDAL_SURFACE('',#2852,2.,1.);
#2852 = AXIS2_PLACEMENT_3D('',#2853,#2854,#2855);
#2853 = CARTESIAN_POINT('',(16.1,-65.6,57.));
#2854 = DIRECTION('',(-1.,5.624913994737E-17,0.));
#2855 = DIRECTION('',(-5.624913994737E-17,-1.,0.));
#2856 = DEFINITIONAL_REPRESENTATION('',(#2857),#2861);
#2857 = LINE('',#2858,#2859);
#2858 = CARTESIAN_POINT('',(0.,1.570796326795));
#2859 = VECTOR('',#2860,1.);
#2860 = DIRECTION('',(1.,0.));
#2861 = ( GEOMETRIC_REPRESENTATION_CONTEXT(2) 
PARAMETRIC_REPRESENTATION_CONTEXT() REPRESENTATION_CONTEXT('2D SPACE',''
  ) );
#2862 = ORIENTED_EDGE('',*,*,#2863,.T.);
#2863 = EDGE_CURVE('',#2835,#2864,#2866,.T.);
#2864 = VERTEX_POINT('',#2865);
#2865 = CARTESIAN_POINT('',(15.1,-67.6,63.));
#2866 = SURFACE_CURVE('',#2867,(#2871,#2878),.PCURVE_S1.);
#2867 = LINE('',#2868,#2869);
#2868 = CARTESIAN_POINT('',(15.1,-67.6,5.));
#2869 = VECTOR('',#2870,1.);
#2870 = DIRECTION('',(0.,0.,1.));
#2871 = PCURVE('',#1838,#2872);
#2872 = DEFINITIONAL_REPRESENTATION('',(#2873),#2877);
#2873 = LINE('',#2874,#2875);
#2874 = CARTESIAN_POINT('',(67.6,0.));
#2875 = VECTOR('',#2876,1.);
#2876 = DIRECTION('',(0.,1.));
#2877 = ( GEOMETRIC_REPRESENTATION_CONTEXT(2) 
PARAMETRIC_REPRESENTATION_CONTEXT() REPRESENTATION_CONTEXT('2D SPACE',''
  ) );
#2878 = PCURVE('',#2879,#2884);
#2879 = CYLINDRICAL_SURFACE('',#2880,1.);
#2880 = AXIS2_PLACEMENT_3D('',#2881,#2882,#2883);
#2881 = CARTESIAN_POINT('',(16.1,-67.6,5.));
#2882 = DIRECTION('',(0.,0.,1.));
#2883 = DIRECTION('',(1.,0.,-0.));
#2884 = DEFINITIONAL_REPRESENTATION('',(#2885),#2889);
#2885 = LINE('',#2886,#2887);
#2886 = CARTESIAN_POINT('',(3.14159265359,0.));
#2887 = VECTOR('',#2888,1.);
#2888 = DIRECTION('',(0.,1.));
#2889 = ( GEOMETRIC_REPRESENTATION_CONTEXT(2) 
PARAMETRIC_REPRESENTATION_CONTEXT() REPRESENTATION_CONTEXT('2D SPACE',''
  ) );
#2890 = ORIENTED_EDGE('',*,*,#2891,.T.);
#2891 = EDGE_CURVE('',#2864,#2892,#2894,.T.);
#2892 = VERTEX_POINT('',#2893);
#2893 = CARTESIAN_POINT('',(15.1,-65.6,65.));
#2894 = SURFACE_CURVE('',#2895,(#2900,#2907),.PCURVE_S1.);
#2895 = CIRCLE('',#2896,2.);
#2896 = AXIS2_PLACEMENT_3D('',#2897,#2898,#2899);
#2897 = CARTESIAN_POINT('',(15.1,-65.6,63.));
#2898 = DIRECTION('',(-1.,5.624913994737E-17,0.));
#2899 = DIRECTION('',(-5.624913994737E-17,-1.,0.));
#2900 = PCURVE('',#1838,#2901);
#2901 = DEFINITIONAL_REPRESENTATION('',(#2902),#2906);
#2902 = CIRCLE('',#2903,2.);
#2903 = AXIS2_PLACEMENT_2D('',#2904,#2905);
#2904 = CARTESIAN_POINT('',(65.6,58.));
#2905 = DIRECTION('',(1.,0.));
#2906 = ( GEOMETRIC_REPRESENTATION_CONTEXT(2) 
PARAMETRIC_REPRESENTATION_CONTEXT() REPRESENTATION_CONTEXT('2D SPACE',''
  ) );
#2907 = PCURVE('',#2908,#2913);
#2908 = TOROIDAL_SURFACE('',#2909,2.,1.);
#2909 = AXIS2_PLACEMENT_3D('',#2910,#2911,#2912);
#2910 = CARTESIAN_POINT('',(16.1,-65.6,63.));
#2911 = DIRECTION('',(-1.,5.624913994737E-17,0.));
#2912 = DIRECTION('',(-5.624913994737E-17,-1.,0.));
#2913 = DEFINITIONAL_REPRESENTATION('',(#2914),#2918);
#2914 = LINE('',#2915,#2916);
#2915 = CARTESIAN_POINT('',(0.,1.570796326795));
#2916 = VECTOR('',#2917,1.);
#2917 = DIRECTION('',(1.,0.));
#2918 = ( GEOMETRIC_REPRESENTATION_CONTEXT(2) 
PARAMETRIC_REPRESENTATION_CONTEXT() REPRESENTATION_CONTEXT('2D SPACE',''
  ) );
#2919 = ORIENTED_EDGE('',*,*,#2920,.F.);
#2920 = EDGE_CURVE('',#2719,#2892,#2921,.T.);
#2921 = SURFACE_CURVE('',#2922,(#2926,#2933),.PCURVE_S1.);
#2922 = LINE('',#2923,#2924);
#2923 = CARTESIAN_POINT('',(15.1,-62.6,65.));
#2924 = VECTOR('',#2925,1.);
#2925 = DIRECTION('',(-5.624913994737E-17,-1.,0.));
#2926 = PCURVE('',#1838,#2927);
#2927 = DEFINITIONAL_REPRESENTATION('',(#2928),#2932);
#2928 = LINE('',#2929,#2930);
#2929 = CARTESIAN_POINT('',(62.6,60.));
#2930 = VECTOR('',#2931,1.);
#2931 = DIRECTION('',(1.,0.));
#2932 = ( GEOMETRIC_REPRESENTATION_CONTEXT(2) 
PARAMETRIC_REPRESENTATION_CONTEXT() REPRESENTATION_CONTEXT('2D SPACE',''
  ) );
#2933 = PCURVE('',#2934,#2939);
#2934 = CYLINDRICAL_SURFACE('',#2935,1.);
#2935 = AXIS2_PLACEMENT_3D('',#2936,#2937,#2938);
#2936 = CARTESIAN_POINT('',(16.1,-64.6,65.));
#2937 = DIRECTION('',(5.624913994737E-17,1.,0.));
#2938 = DIRECTION('',(-1.,5.624913994737E-17,0.));
#2939 = DEFINITIONAL_REPRESENTATION('',(#2940),#2944);
#2940 = LINE('',#2941,#2942);
#2941 = CARTESIAN_POINT('',(6.28318530718,2.));
#2942 = VECTOR('',#2943,1.);
#2943 = DIRECTION('',(0.,-1.));
#2944 = ( GEOMETRIC_REPRESENTATION_CONTEXT(2) 
PARAMETRIC_REPRESENTATION_CONTEXT() REPRESENTATION_CONTEXT('2D SPACE',''
  ) );
#2945 = FACE_BOUND('',#2946,.T.);
#2946 = EDGE_LOOP('',(#2947,#2977,#3006,#3034,#3063,#3091));
#2947 = ORIENTED_EDGE('',*,*,#2948,.F.);
#2948 = EDGE_CURVE('',#2949,#2951,#2953,.T.);
#2949 = VERTEX_POINT('',#2950);
#2950 = CARTESIAN_POINT('',(15.1,-57.1,26.071316790581));
#2951 = VERTEX_POINT('',#2952);
#2952 = CARTESIAN_POINT('',(15.1,-57.1,25.));
#2953 = SURFACE_CURVE('',#2954,(#2958,#2965),.PCURVE_S1.);
#2954 = LINE('',#2955,#2956);
#2955 = CARTESIAN_POINT('',(15.1,-57.1,26.481117887058));
#2956 = VECTOR('',#2957,1.);
#2957 = DIRECTION('',(0.,0.,-1.));
#2958 = PCURVE('',#1838,#2959);
#2959 = DEFINITIONAL_REPRESENTATION('',(#2960),#2964);
#2960 = LINE('',#2961,#2962);
#2961 = CARTESIAN_POINT('',(57.1,21.481117887058));
#2962 = VECTOR('',#2963,1.);
#2963 = DIRECTION('',(-0.,-1.));
#2964 = ( GEOMETRIC_REPRESENTATION_CONTEXT(2) 
PARAMETRIC_REPRESENTATION_CONTEXT() REPRESENTATION_CONTEXT('2D SPACE',''
  ) );
#2965 = PCURVE('',#2966,#2971);
#2966 = PLANE('',#2967);
#2967 = AXIS2_PLACEMENT_3D('',#2968,#2969,#2970);
#2968 = CARTESIAN_POINT('',(-81.9,-57.1,26.481117887058));
#2969 = DIRECTION('',(-5.624913994737E-17,-1.,0.));
#2970 = DIRECTION('',(1.,-5.624913994737E-17,0.));
#2971 = DEFINITIONAL_REPRESENTATION('',(#2972),#2976);
#2972 = LINE('',#2973,#2974);
#2973 = CARTESIAN_POINT('',(97.,0.));
#2974 = VECTOR('',#2975,1.);
#2975 = DIRECTION('',(0.,-1.));
#2976 = ( GEOMETRIC_REPRESENTATION_CONTEXT(2) 
PARAMETRIC_REPRESENTATION_CONTEXT() REPRESENTATION_CONTEXT('2D SPACE',''
  ) );
#2977 = ORIENTED_EDGE('',*,*,#2978,.T.);
#2978 = EDGE_CURVE('',#2949,#2979,#2981,.T.);
#2979 = VERTEX_POINT('',#2980);
#2980 = CARTESIAN_POINT('',(15.1,-50.54900065468,30.824673607697));
#2981 = SURFACE_CURVE('',#2982,(#2987,#2994),.PCURVE_S1.);
#2982 = CIRCLE('',#2983,5.);
#2983 = AXIS2_PLACEMENT_3D('',#2984,#2985,#2986);
#2984 = CARTESIAN_POINT('',(15.1,-52.1,26.071316790581));
#2985 = DIRECTION('',(-1.,5.624913994737E-17,0.));
#2986 = DIRECTION('',(-5.624913994737E-17,-1.,0.));
#2987 = PCURVE('',#1838,#2988);
#2988 = DEFINITIONAL_REPRESENTATION('',(#2989),#2993);
#2989 = CIRCLE('',#2990,5.);
#2990 = AXIS2_PLACEMENT_2D('',#2991,#2992);
#2991 = CARTESIAN_POINT('',(52.1,21.071316790581));
#2992 = DIRECTION('',(1.,0.));
#2993 = ( GEOMETRIC_REPRESENTATION_CONTEXT(2) 
PARAMETRIC_REPRESENTATION_CONTEXT() REPRESENTATION_CONTEXT('2D SPACE',''
  ) );
#2994 = PCURVE('',#2995,#3000);
#2995 = CYLINDRICAL_SURFACE('',#2996,5.);
#2996 = AXIS2_PLACEMENT_3D('',#2997,#2998,#2999);
#2997 = CARTESIAN_POINT('',(-81.9,-52.1,26.071316790581));
#2998 = DIRECTION('',(1.,-5.624913994737E-17,3.393386404125E-33));
#2999 = DIRECTION('',(5.624913994737E-17,1.,0.));
#3000 = DEFINITIONAL_REPRESENTATION('',(#3001),#3005);
#3001 = LINE('',#3002,#3003);
#3002 = CARTESIAN_POINT('',(3.14159265359,97.));
#3003 = VECTOR('',#3004,1.);
#3004 = DIRECTION('',(-1.,0.));
#3005 = ( GEOMETRIC_REPRESENTATION_CONTEXT(2) 
PARAMETRIC_REPRESENTATION_CONTEXT() REPRESENTATION_CONTEXT('2D SPACE',''
  ) );
#3006 = ORIENTED_EDGE('',*,*,#3007,.T.);
#3007 = EDGE_CURVE('',#2979,#3008,#3010,.T.);
#3008 = VERTEX_POINT('',#3009);
#3009 = CARTESIAN_POINT('',(15.1,-47.26572978472,29.753356817117));
#3010 = SURFACE_CURVE('',#3011,(#3015,#3022),.PCURVE_S1.);
#3011 = LINE('',#3012,#3013);
#3012 = CARTESIAN_POINT('',(15.1,-37.23727988731,26.481117887058));
#3013 = VECTOR('',#3014,1.);
#3014 = DIRECTION('',(5.347444656515E-17,0.950671363423,-0.310199869063)
  );
#3015 = PCURVE('',#1838,#3016);
#3016 = DEFINITIONAL_REPRESENTATION('',(#3017),#3021);
#3017 = LINE('',#3018,#3019);
#3018 = CARTESIAN_POINT('',(37.237279887312,21.481117887058));
#3019 = VECTOR('',#3020,1.);
#3020 = DIRECTION('',(-0.950671363423,-0.310199869063));
#3021 = ( GEOMETRIC_REPRESENTATION_CONTEXT(2) 
PARAMETRIC_REPRESENTATION_CONTEXT() REPRESENTATION_CONTEXT('2D SPACE',''
  ) );
#3022 = PCURVE('',#3023,#3028);
#3023 = PLANE('',#3024);
#3024 = AXIS2_PLACEMENT_3D('',#3025,#3026,#3027);
#3025 = CARTESIAN_POINT('',(-81.9,-37.23727988731,26.481117887058));
#3026 = DIRECTION('',(-1.744847584659E-17,-0.310199869063,
    -0.950671363423));
#3027 = DIRECTION('',(3.341066551372E-34,0.950671363423,-0.310199869063)
  );
#3028 = DEFINITIONAL_REPRESENTATION('',(#3029),#3033);
#3029 = LINE('',#3030,#3031);
#3030 = CARTESIAN_POINT('',(3.240834554831E-32,97.));
#3031 = VECTOR('',#3032,1.);
#3032 = DIRECTION('',(1.,5.347444656515E-17));
#3033 = ( GEOMETRIC_REPRESENTATION_CONTEXT(2) 
PARAMETRIC_REPRESENTATION_CONTEXT() REPRESENTATION_CONTEXT('2D SPACE',''
  ) );
#3034 = ORIENTED_EDGE('',*,*,#3035,.T.);
#3035 = EDGE_CURVE('',#3008,#3036,#3038,.T.);
#3036 = VERTEX_POINT('',#3037);
#3037 = CARTESIAN_POINT('',(15.1,-48.81672913004,20.));
#3038 = SURFACE_CURVE('',#3039,(#3044,#3051),.PCURVE_S1.);
#3039 = CIRCLE('',#3040,5.);
#3040 = AXIS2_PLACEMENT_3D('',#3041,#3042,#3043);
#3041 = CARTESIAN_POINT('',(15.1,-48.81672913004,25.));
#3042 = DIRECTION('',(-1.,5.624913994737E-17,0.));
#3043 = DIRECTION('',(-5.624913994737E-17,-1.,0.));
#3044 = PCURVE('',#1838,#3045);
#3045 = DEFINITIONAL_REPRESENTATION('',(#3046),#3050);
#3046 = CIRCLE('',#3047,5.);
#3047 = AXIS2_PLACEMENT_2D('',#3048,#3049);
#3048 = CARTESIAN_POINT('',(48.816729130044,20.));
#3049 = DIRECTION('',(1.,0.));
#3050 = ( GEOMETRIC_REPRESENTATION_CONTEXT(2) 
PARAMETRIC_REPRESENTATION_CONTEXT() REPRESENTATION_CONTEXT('2D SPACE',''
  ) );
#3051 = PCURVE('',#3052,#3057);
#3052 = CYLINDRICAL_SURFACE('',#3053,5.);
#3053 = AXIS2_PLACEMENT_3D('',#3054,#3055,#3056);
#3054 = CARTESIAN_POINT('',(-81.9,-48.81672913004,25.));
#3055 = DIRECTION('',(1.,-5.624913994737E-17,0.));
#3056 = DIRECTION('',(5.624913994737E-17,1.,0.));
#3057 = DEFINITIONAL_REPRESENTATION('',(#3058),#3062);
#3058 = LINE('',#3059,#3060);
#3059 = CARTESIAN_POINT('',(9.424777960769,97.));
#3060 = VECTOR('',#3061,1.);
#3061 = DIRECTION('',(-1.,0.));
#3062 = ( GEOMETRIC_REPRESENTATION_CONTEXT(2) 
PARAMETRIC_REPRESENTATION_CONTEXT() REPRESENTATION_CONTEXT('2D SPACE',''
  ) );
#3063 = ORIENTED_EDGE('',*,*,#3064,.F.);
#3064 = EDGE_CURVE('',#3065,#3036,#3067,.T.);
#3065 = VERTEX_POINT('',#3066);
#3066 = CARTESIAN_POINT('',(15.1,-52.1,20.));
#3067 = SURFACE_CURVE('',#3068,(#3072,#3079),.PCURVE_S1.);
#3068 = LINE('',#3069,#3070);
#3069 = CARTESIAN_POINT('',(15.1,-37.23727988731,20.));
#3070 = VECTOR('',#3071,1.);
#3071 = DIRECTION('',(5.624913994737E-17,1.,0.));
#3072 = PCURVE('',#1838,#3073);
#3073 = DEFINITIONAL_REPRESENTATION('',(#3074),#3078);
#3074 = LINE('',#3075,#3076);
#3075 = CARTESIAN_POINT('',(37.237279887312,15.));
#3076 = VECTOR('',#3077,1.);
#3077 = DIRECTION('',(-1.,0.));
#3078 = ( GEOMETRIC_REPRESENTATION_CONTEXT(2) 
PARAMETRIC_REPRESENTATION_CONTEXT() REPRESENTATION_CONTEXT('2D SPACE',''
  ) );
#3079 = PCURVE('',#3080,#3085);
#3080 = PLANE('',#3081);
#3081 = AXIS2_PLACEMENT_3D('',#3082,#3083,#3084);
#3082 = CARTESIAN_POINT('',(-81.9,-37.23727988731,20.));
#3083 = DIRECTION('',(0.,0.,-1.));
#3084 = DIRECTION('',(-1.,0.,0.));
#3085 = DEFINITIONAL_REPRESENTATION('',(#3086),#3090);
#3086 = LINE('',#3087,#3088);
#3087 = CARTESIAN_POINT('',(-97.,0.));
#3088 = VECTOR('',#3089,1.);
#3089 = DIRECTION('',(-5.624913994737E-17,1.));
#3090 = ( GEOMETRIC_REPRESENTATION_CONTEXT(2) 
PARAMETRIC_REPRESENTATION_CONTEXT() REPRESENTATION_CONTEXT('2D SPACE',''
  ) );
#3091 = ORIENTED_EDGE('',*,*,#3092,.T.);
#3092 = EDGE_CURVE('',#3065,#2951,#3093,.T.);
#3093 = SURFACE_CURVE('',#3094,(#3099,#3106),.PCURVE_S1.);
#3094 = CIRCLE('',#3095,5.);
#3095 = AXIS2_PLACEMENT_3D('',#3096,#3097,#3098);
#3096 = CARTESIAN_POINT('',(15.1,-52.1,25.));
#3097 = DIRECTION('',(-1.,5.624913994737E-17,0.));
#3098 = DIRECTION('',(-5.624913994737E-17,-1.,0.));
#3099 = PCURVE('',#1838,#3100);
#3100 = DEFINITIONAL_REPRESENTATION('',(#3101),#3105);
#3101 = CIRCLE('',#3102,5.);
#3102 = AXIS2_PLACEMENT_2D('',#3103,#3104);
#3103 = CARTESIAN_POINT('',(52.1,20.));
#3104 = DIRECTION('',(1.,0.));
#3105 = ( GEOMETRIC_REPRESENTATION_CONTEXT(2) 
PARAMETRIC_REPRESENTATION_CONTEXT() REPRESENTATION_CONTEXT('2D SPACE',''
  ) );
#3106 = PCURVE('',#3107,#3112);
#3107 = CYLINDRICAL_SURFACE('',#3108,5.);
#3108 = AXIS2_PLACEMENT_3D('',#3109,#3110,#3111);
#3109 = CARTESIAN_POINT('',(-81.9,-52.1,25.));
#3110 = DIRECTION('',(-1.,5.624913994737E-17,0.));
#3111 = DIRECTION('',(-5.624913994737E-17,-1.,0.));
#3112 = DEFINITIONAL_REPRESENTATION('',(#3113),#3117);
#3113 = LINE('',#3114,#3115);
#3114 = CARTESIAN_POINT('',(-1.7763568394E-15,-97.));
#3115 = VECTOR('',#3116,1.);
#3116 = DIRECTION('',(1.,0.));
#3117 = ( GEOMETRIC_REPRESENTATION_CONTEXT(2) 
PARAMETRIC_REPRESENTATION_CONTEXT() REPRESENTATION_CONTEXT('2D SPACE',''
  ) );
#3118 = FACE_BOUND('',#3119,.T.);
#3119 = EDGE_LOOP('',(#3120,#3150,#3179,#3207,#3236,#3264,#3293,#3321));
#3120 = ORIENTED_EDGE('',*,*,#3121,.F.);
#3121 = EDGE_CURVE('',#3122,#3124,#3126,.T.);
#3122 = VERTEX_POINT('',#3123);
#3123 = CARTESIAN_POINT('',(15.1,47.895110531891,20.));
#3124 = VERTEX_POINT('',#3125);
#3125 = CARTESIAN_POINT('',(15.1,52.1,20.));
#3126 = SURFACE_CURVE('',#3127,(#3131,#3138),.PCURVE_S1.);
#3127 = LINE('',#3128,#3129);
#3128 = CARTESIAN_POINT('',(15.1,52.1,20.));
#3129 = VECTOR('',#3130,1.);
#3130 = DIRECTION('',(5.624913994737E-17,1.,0.));
#3131 = PCURVE('',#1838,#3132);
#3132 = DEFINITIONAL_REPRESENTATION('',(#3133),#3137);
#3133 = LINE('',#3134,#3135);
#3134 = CARTESIAN_POINT('',(-52.1,15.));
#3135 = VECTOR('',#3136,1.);
#3136 = DIRECTION('',(-1.,0.));
#3137 = ( GEOMETRIC_REPRESENTATION_CONTEXT(2) 
PARAMETRIC_REPRESENTATION_CONTEXT() REPRESENTATION_CONTEXT('2D SPACE',''
  ) );
#3138 = PCURVE('',#3139,#3144);
#3139 = PLANE('',#3140);
#3140 = AXIS2_PLACEMENT_3D('',#3141,#3142,#3143);
#3141 = CARTESIAN_POINT('',(-81.9,52.1,20.));
#3142 = DIRECTION('',(0.,0.,-1.));
#3143 = DIRECTION('',(-1.,0.,0.));
#3144 = DEFINITIONAL_REPRESENTATION('',(#3145),#3149);
#3145 = LINE('',#3146,#3147);
#3146 = CARTESIAN_POINT('',(-97.,0.));
#3147 = VECTOR('',#3148,1.);
#3148 = DIRECTION('',(-5.624913994737E-17,1.));
#3149 = ( GEOMETRIC_REPRESENTATION_CONTEXT(2) 
PARAMETRIC_REPRESENTATION_CONTEXT() REPRESENTATION_CONTEXT('2D SPACE',''
  ) );
#3150 = ORIENTED_EDGE('',*,*,#3151,.T.);
#3151 = EDGE_CURVE('',#3122,#3152,#3154,.T.);
#3152 = VERTEX_POINT('',#3153);
#3153 = CARTESIAN_POINT('',(15.1,46.344111186575,20.246643182883));
#3154 = SURFACE_CURVE('',#3155,(#3160,#3167),.PCURVE_S1.);
#3155 = CIRCLE('',#3156,5.);
#3156 = AXIS2_PLACEMENT_3D('',#3157,#3158,#3159);
#3157 = CARTESIAN_POINT('',(15.1,47.895110531891,25.));
#3158 = DIRECTION('',(-1.,5.624913994737E-17,0.));
#3159 = DIRECTION('',(-5.624913994737E-17,-1.,0.));
#3160 = PCURVE('',#1838,#3161);
#3161 = DEFINITIONAL_REPRESENTATION('',(#3162),#3166);
#3162 = CIRCLE('',#3163,5.);
#3163 = AXIS2_PLACEMENT_2D('',#3164,#3165);
#3164 = CARTESIAN_POINT('',(-47.89511053189,20.));
#3165 = DIRECTION('',(1.,0.));
#3166 = ( GEOMETRIC_REPRESENTATION_CONTEXT(2) 
PARAMETRIC_REPRESENTATION_CONTEXT() REPRESENTATION_CONTEXT('2D SPACE',''
  ) );
#3167 = PCURVE('',#3168,#3173);
#3168 = CYLINDRICAL_SURFACE('',#3169,5.);
#3169 = AXIS2_PLACEMENT_3D('',#3170,#3171,#3172);
#3170 = CARTESIAN_POINT('',(-81.9,47.895110531891,25.));
#3171 = DIRECTION('',(-1.,5.624913994737E-17,0.));
#3172 = DIRECTION('',(-5.624913994737E-17,-1.,0.));
#3173 = DEFINITIONAL_REPRESENTATION('',(#3174),#3178);
#3174 = LINE('',#3175,#3176);
#3175 = CARTESIAN_POINT('',(-1.7763568394E-15,-97.));
#3176 = VECTOR('',#3177,1.);
#3177 = DIRECTION('',(1.,0.));
#3178 = ( GEOMETRIC_REPRESENTATION_CONTEXT(2) 
PARAMETRIC_REPRESENTATION_CONTEXT() REPRESENTATION_CONTEXT('2D SPACE',''
  ) );
#3179 = ORIENTED_EDGE('',*,*,#3180,.F.);
#3180 = EDGE_CURVE('',#3181,#3152,#3183,.T.);
#3181 = VERTEX_POINT('',#3182);
#3182 = CARTESIAN_POINT('',(15.1,-27.20882998989,44.246643182884));
#3183 = SURFACE_CURVE('',#3184,(#3188,#3195),.PCURVE_S1.);
#3184 = LINE('',#3185,#3186);
#3185 = CARTESIAN_POINT('',(15.1,-5.,37.));
#3186 = VECTOR('',#3187,1.);
#3187 = DIRECTION('',(5.347444656515E-17,0.950671363423,-0.310199869063)
  );
#3188 = PCURVE('',#1838,#3189);
#3189 = DEFINITIONAL_REPRESENTATION('',(#3190),#3194);
#3190 = LINE('',#3191,#3192);
#3191 = CARTESIAN_POINT('',(5.,32.));
#3192 = VECTOR('',#3193,1.);
#3193 = DIRECTION('',(-0.950671363423,-0.310199869063));
#3194 = ( GEOMETRIC_REPRESENTATION_CONTEXT(2) 
PARAMETRIC_REPRESENTATION_CONTEXT() REPRESENTATION_CONTEXT('2D SPACE',''
  ) );
#3195 = PCURVE('',#3196,#3201);
#3196 = PLANE('',#3197);
#3197 = AXIS2_PLACEMENT_3D('',#3198,#3199,#3200);
#3198 = CARTESIAN_POINT('',(-81.9,-5.,37.));
#3199 = DIRECTION('',(-1.744847584659E-17,-0.310199869063,
    -0.950671363423));
#3200 = DIRECTION('',(3.341066551372E-34,0.950671363423,-0.310199869063)
  );
#3201 = DEFINITIONAL_REPRESENTATION('',(#3202),#3206);
#3202 = LINE('',#3203,#3204);
#3203 = CARTESIAN_POINT('',(-8.443657892195E-16,97.));
#3204 = VECTOR('',#3205,1.);
#3205 = DIRECTION('',(1.,5.347444656515E-17));
#3206 = ( GEOMETRIC_REPRESENTATION_CONTEXT(2) 
PARAMETRIC_REPRESENTATION_CONTEXT() REPRESENTATION_CONTEXT('2D SPACE',''
  ) );
#3207 = ORIENTED_EDGE('',*,*,#3208,.T.);
#3208 = EDGE_CURVE('',#3181,#3209,#3211,.T.);
#3209 = VERTEX_POINT('',#3210);
#3210 = CARTESIAN_POINT('',(15.1,-25.65783064458,54.));
#3211 = SURFACE_CURVE('',#3212,(#3217,#3224),.PCURVE_S1.);
#3212 = CIRCLE('',#3213,5.);
#3213 = AXIS2_PLACEMENT_3D('',#3214,#3215,#3216);
#3214 = CARTESIAN_POINT('',(15.1,-25.65783064458,49.));
#3215 = DIRECTION('',(-1.,5.624913994737E-17,0.));
#3216 = DIRECTION('',(-5.624913994737E-17,-1.,0.));
#3217 = PCURVE('',#1838,#3218);
#3218 = DEFINITIONAL_REPRESENTATION('',(#3219),#3223);
#3219 = CIRCLE('',#3220,5.);
#3220 = AXIS2_PLACEMENT_2D('',#3221,#3222);
#3221 = CARTESIAN_POINT('',(25.65783064458,44.));
#3222 = DIRECTION('',(1.,0.));
#3223 = ( GEOMETRIC_REPRESENTATION_CONTEXT(2) 
PARAMETRIC_REPRESENTATION_CONTEXT() REPRESENTATION_CONTEXT('2D SPACE',''
  ) );
#3224 = PCURVE('',#3225,#3230);
#3225 = CYLINDRICAL_SURFACE('',#3226,5.);
#3226 = AXIS2_PLACEMENT_3D('',#3227,#3228,#3229);
#3227 = CARTESIAN_POINT('',(-81.9,-25.65783064458,49.));
#3228 = DIRECTION('',(1.,-5.624913994737E-17,-2.205764199224E-48));
#3229 = DIRECTION('',(-5.555113578168E-17,-0.987590847321,0.157048776781
    ));
#3230 = DEFINITIONAL_REPRESENTATION('',(#3231),#3235);
#3231 = LINE('',#3232,#3233);
#3232 = CARTESIAN_POINT('',(12.724072246931,97.));
#3233 = VECTOR('',#3234,1.);
#3234 = DIRECTION('',(-1.,0.));
#3235 = ( GEOMETRIC_REPRESENTATION_CONTEXT(2) 
PARAMETRIC_REPRESENTATION_CONTEXT() REPRESENTATION_CONTEXT('2D SPACE',''
  ) );
#3236 = ORIENTED_EDGE('',*,*,#3237,.T.);
#3237 = EDGE_CURVE('',#3209,#3238,#3240,.T.);
#3238 = VERTEX_POINT('',#3239);
#3239 = CARTESIAN_POINT('',(15.1,52.1,54.));
#3240 = SURFACE_CURVE('',#3241,(#3245,#3252),.PCURVE_S1.);
#3241 = LINE('',#3242,#3243);
#3242 = CARTESIAN_POINT('',(15.1,-2.687352314731E-48,54.));
#3243 = VECTOR('',#3244,1.);
#3244 = DIRECTION('',(5.624913994737E-17,1.,2.430435693137E-16));
#3245 = PCURVE('',#1838,#3246);
#3246 = DEFINITIONAL_REPRESENTATION('',(#3247),#3251);
#3247 = LINE('',#3248,#3249);
#3248 = CARTESIAN_POINT('',(2.687352314731E-48,49.));
#3249 = VECTOR('',#3250,1.);
#3250 = DIRECTION('',(-1.,2.430435693137E-16));
#3251 = ( GEOMETRIC_REPRESENTATION_CONTEXT(2) 
PARAMETRIC_REPRESENTATION_CONTEXT() REPRESENTATION_CONTEXT('2D SPACE',''
  ) );
#3252 = PCURVE('',#3253,#3258);
#3253 = PLANE('',#3254);
#3254 = AXIS2_PLACEMENT_3D('',#3255,#3256,#3257);
#3255 = CARTESIAN_POINT('',(-81.9,5.456166574895E-15,54.));
#3256 = DIRECTION('',(1.367099174364E-32,2.430435693137E-16,-1.));
#3257 = DIRECTION('',(-2.420602763943E-64,1.,2.430435693137E-16));
#3258 = DEFINITIONAL_REPRESENTATION('',(#3259),#3263);
#3259 = LINE('',#3260,#3261);
#3260 = CARTESIAN_POINT('',(-5.456166574895E-15,97.));
#3261 = VECTOR('',#3262,1.);
#3262 = DIRECTION('',(1.,5.624913994737E-17));
#3263 = ( GEOMETRIC_REPRESENTATION_CONTEXT(2) 
PARAMETRIC_REPRESENTATION_CONTEXT() REPRESENTATION_CONTEXT('2D SPACE',''
  ) );
#3264 = ORIENTED_EDGE('',*,*,#3265,.T.);
#3265 = EDGE_CURVE('',#3238,#3266,#3268,.T.);
#3266 = VERTEX_POINT('',#3267);
#3267 = CARTESIAN_POINT('',(15.1,57.1,49.));
#3268 = SURFACE_CURVE('',#3269,(#3274,#3281),.PCURVE_S1.);
#3269 = CIRCLE('',#3270,5.);
#3270 = AXIS2_PLACEMENT_3D('',#3271,#3272,#3273);
#3271 = CARTESIAN_POINT('',(15.1,52.1,49.));
#3272 = DIRECTION('',(-1.,5.624913994737E-17,0.));
#3273 = DIRECTION('',(-5.624913994737E-17,-1.,0.));
#3274 = PCURVE('',#1838,#3275);
#3275 = DEFINITIONAL_REPRESENTATION('',(#3276),#3280);
#3276 = CIRCLE('',#3277,5.);
#3277 = AXIS2_PLACEMENT_2D('',#3278,#3279);
#3278 = CARTESIAN_POINT('',(-52.1,44.));
#3279 = DIRECTION('',(1.,0.));
#3280 = ( GEOMETRIC_REPRESENTATION_CONTEXT(2) 
PARAMETRIC_REPRESENTATION_CONTEXT() REPRESENTATION_CONTEXT('2D SPACE',''
  ) );
#3281 = PCURVE('',#3282,#3287);
#3282 = CYLINDRICAL_SURFACE('',#3283,5.);
#3283 = AXIS2_PLACEMENT_3D('',#3284,#3285,#3286);
#3284 = CARTESIAN_POINT('',(-81.9,52.1,49.));
#3285 = DIRECTION('',(-1.,5.624913994737E-17,6.077163357286E-64));
#3286 = DIRECTION('',(-5.624913994737E-17,-1.,0.));
#3287 = DEFINITIONAL_REPRESENTATION('',(#3288),#3292);
#3288 = LINE('',#3289,#3290);
#3289 = CARTESIAN_POINT('',(1.554312234475E-15,-97.));
#3290 = VECTOR('',#3291,1.);
#3291 = DIRECTION('',(1.,0.));
#3292 = ( GEOMETRIC_REPRESENTATION_CONTEXT(2) 
PARAMETRIC_REPRESENTATION_CONTEXT() REPRESENTATION_CONTEXT('2D SPACE',''
  ) );
#3293 = ORIENTED_EDGE('',*,*,#3294,.T.);
#3294 = EDGE_CURVE('',#3266,#3295,#3297,.T.);
#3295 = VERTEX_POINT('',#3296);
#3296 = CARTESIAN_POINT('',(15.1,57.1,25.));
#3297 = SURFACE_CURVE('',#3298,(#3302,#3309),.PCURVE_S1.);
#3298 = LINE('',#3299,#3300);
#3299 = CARTESIAN_POINT('',(15.1,57.1,37.));
#3300 = VECTOR('',#3301,1.);
#3301 = DIRECTION('',(0.,0.,-1.));
#3302 = PCURVE('',#1838,#3303);
#3303 = DEFINITIONAL_REPRESENTATION('',(#3304),#3308);
#3304 = LINE('',#3305,#3306);
#3305 = CARTESIAN_POINT('',(-57.1,32.));
#3306 = VECTOR('',#3307,1.);
#3307 = DIRECTION('',(-0.,-1.));
#3308 = ( GEOMETRIC_REPRESENTATION_CONTEXT(2) 
PARAMETRIC_REPRESENTATION_CONTEXT() REPRESENTATION_CONTEXT('2D SPACE',''
  ) );
#3309 = PCURVE('',#3310,#3315);
#3310 = PLANE('',#3311);
#3311 = AXIS2_PLACEMENT_3D('',#3312,#3313,#3314);
#3312 = CARTESIAN_POINT('',(-81.9,57.1,37.));
#3313 = DIRECTION('',(-5.624913994737E-17,-1.,0.));
#3314 = DIRECTION('',(1.,-5.624913994737E-17,0.));
#3315 = DEFINITIONAL_REPRESENTATION('',(#3316),#3320);
#3316 = LINE('',#3317,#3318);
#3317 = CARTESIAN_POINT('',(97.,0.));
#3318 = VECTOR('',#3319,1.);
#3319 = DIRECTION('',(0.,-1.));
#3320 = ( GEOMETRIC_REPRESENTATION_CONTEXT(2) 
PARAMETRIC_REPRESENTATION_CONTEXT() REPRESENTATION_CONTEXT('2D SPACE',''
  ) );
#3321 = ORIENTED_EDGE('',*,*,#3322,.T.);
#3322 = EDGE_CURVE('',#3295,#3124,#3323,.T.);
#3323 = SURFACE_CURVE('',#3324,(#3329,#3336),.PCURVE_S1.);
#3324 = CIRCLE('',#3325,5.);
#3325 = AXIS2_PLACEMENT_3D('',#3326,#3327,#3328);
#3326 = CARTESIAN_POINT('',(15.1,52.1,25.));
#3327 = DIRECTION('',(-1.,5.624913994737E-17,0.));
#3328 = DIRECTION('',(-5.624913994737E-17,-1.,0.));
#3329 = PCURVE('',#1838,#3330);
#3330 = DEFINITIONAL_REPRESENTATION('',(#3331),#3335);
#3331 = CIRCLE('',#3332,5.);
#3332 = AXIS2_PLACEMENT_2D('',#3333,#3334);
#3333 = CARTESIAN_POINT('',(-52.1,20.));
#3334 = DIRECTION('',(1.,0.));
#3335 = ( GEOMETRIC_REPRESENTATION_CONTEXT(2) 
PARAMETRIC_REPRESENTATION_CONTEXT() REPRESENTATION_CONTEXT('2D SPACE',''
  ) );
#3336 = PCURVE('',#3337,#3342);
#3337 = CYLINDRICAL_SURFACE('',#3338,5.);
#3338 = AXIS2_PLACEMENT_3D('',#3339,#3340,#3341);
#3339 = CARTESIAN_POINT('',(-81.9,52.1,25.));
#3340 = DIRECTION('',(1.,-5.624913994737E-17,0.));
#3341 = DIRECTION('',(5.624913994737E-17,1.,0.));
#3342 = DEFINITIONAL_REPRESENTATION('',(#3343),#3347);
#3343 = LINE('',#3344,#3345);
#3344 = CARTESIAN_POINT('',(9.424777960769,97.));
#3345 = VECTOR('',#3346,1.);
#3346 = DIRECTION('',(-1.,0.));
#3347 = ( GEOMETRIC_REPRESENTATION_CONTEXT(2) 
PARAMETRIC_REPRESENTATION_CONTEXT() REPRESENTATION_CONTEXT('2D SPACE',''
  ) );
#3348 = ADVANCED_FACE('',(#3349),#3363,.T.);
#3349 = FACE_BOUND('',#3350,.T.);
#3350 = EDGE_LOOP('',(#3351,#3381,#3409,#3437,#3466,#3494,#3522,#3548,
    #3571,#3600));
#3351 = ORIENTED_EDGE('',*,*,#3352,.T.);
#3352 = EDGE_CURVE('',#3353,#3355,#3357,.T.);
#3353 = VERTEX_POINT('',#3354);
#3354 = CARTESIAN_POINT('',(-15.1,-42.1,74.));
#3355 = VERTEX_POINT('',#3356);
#3356 = CARTESIAN_POINT('',(-15.1,42.1,74.));
#3357 = SURFACE_CURVE('',#3358,(#3362,#3374),.PCURVE_S1.);
#3358 = LINE('',#3359,#3360);
#3359 = CARTESIAN_POINT('',(-15.1,-6.938893903907E-15,74.));
#3360 = VECTOR('',#3361,1.);
#3361 = DIRECTION('',(5.624913994737E-17,1.,0.));
#3362 = PCURVE('',#3363,#3368);
#3363 = PLANE('',#3364);
#3364 = AXIS2_PLACEMENT_3D('',#3365,#3366,#3367);
#3365 = CARTESIAN_POINT('',(-15.1,-6.938893903907E-15,5.));
#3366 = DIRECTION('',(-1.,5.624913994737E-17,0.));
#3367 = DIRECTION('',(-5.624913994737E-17,-1.,0.));
#3368 = DEFINITIONAL_REPRESENTATION('',(#3369),#3373);
#3369 = LINE('',#3370,#3371);
#3370 = CARTESIAN_POINT('',(0.,69.));
#3371 = VECTOR('',#3372,1.);
#3372 = DIRECTION('',(-1.,0.));
#3373 = ( GEOMETRIC_REPRESENTATION_CONTEXT(2) 
PARAMETRIC_REPRESENTATION_CONTEXT() REPRESENTATION_CONTEXT('2D SPACE',''
  ) );
#3374 = PCURVE('',#990,#3375);
#3375 = DEFINITIONAL_REPRESENTATION('',(#3376),#3380);
#3376 = LINE('',#3377,#3378);
#3377 = CARTESIAN_POINT('',(-15.1,-6.938893903907E-15));
#3378 = VECTOR('',#3379,1.);
#3379 = DIRECTION('',(5.624913994737E-17,1.));
#3380 = ( GEOMETRIC_REPRESENTATION_CONTEXT(2) 
PARAMETRIC_REPRESENTATION_CONTEXT() REPRESENTATION_CONTEXT('2D SPACE',''
  ) );
#3381 = ORIENTED_EDGE('',*,*,#3382,.F.);
#3382 = EDGE_CURVE('',#3383,#3355,#3385,.T.);
#3383 = VERTEX_POINT('',#3384);
#3384 = CARTESIAN_POINT('',(-15.1,42.1,54.));
#3385 = SURFACE_CURVE('',#3386,(#3390,#3397),.PCURVE_S1.);
#3386 = LINE('',#3387,#3388);
#3387 = CARTESIAN_POINT('',(-15.1,42.1,5.));
#3388 = VECTOR('',#3389,1.);
#3389 = DIRECTION('',(0.,0.,1.));
#3390 = PCURVE('',#3363,#3391);
#3391 = DEFINITIONAL_REPRESENTATION('',(#3392),#3396);
#3392 = LINE('',#3393,#3394);
#3393 = CARTESIAN_POINT('',(-42.1,0.));
#3394 = VECTOR('',#3395,1.);
#3395 = DIRECTION('',(0.,1.));
#3396 = ( GEOMETRIC_REPRESENTATION_CONTEXT(2) 
PARAMETRIC_REPRESENTATION_CONTEXT() REPRESENTATION_CONTEXT('2D SPACE',''
  ) );
#3397 = PCURVE('',#3398,#3403);
#3398 = CYLINDRICAL_SURFACE('',#3399,1.);
#3399 = AXIS2_PLACEMENT_3D('',#3400,#3401,#3402);
#3400 = CARTESIAN_POINT('',(-16.1,42.1,78.));
#3401 = DIRECTION('',(0.,0.,1.));
#3402 = DIRECTION('',(1.,0.,-0.));
#3403 = DEFINITIONAL_REPRESENTATION('',(#3404),#3408);
#3404 = LINE('',#3405,#3406);
#3405 = CARTESIAN_POINT('',(0.,-73.));
#3406 = VECTOR('',#3407,1.);
#3407 = DIRECTION('',(0.,1.));
#3408 = ( GEOMETRIC_REPRESENTATION_CONTEXT(2) 
PARAMETRIC_REPRESENTATION_CONTEXT() REPRESENTATION_CONTEXT('2D SPACE',''
  ) );
#3409 = ORIENTED_EDGE('',*,*,#3410,.T.);
#3410 = EDGE_CURVE('',#3383,#3411,#3413,.T.);
#3411 = VERTEX_POINT('',#3412);
#3412 = CARTESIAN_POINT('',(-15.1,-25.65783064458,54.));
#3413 = SURFACE_CURVE('',#3414,(#3418,#3425),.PCURVE_S1.);
#3414 = LINE('',#3415,#3416);
#3415 = CARTESIAN_POINT('',(-15.1,-1.884802880028E-14,54.));
#3416 = VECTOR('',#3417,1.);
#3417 = DIRECTION('',(-5.624913994737E-17,-1.,-2.430435693137E-16));
#3418 = PCURVE('',#3363,#3419);
#3419 = DEFINITIONAL_REPRESENTATION('',(#3420),#3424);
#3420 = LINE('',#3421,#3422);
#3421 = CARTESIAN_POINT('',(1.190913489637E-14,49.));
#3422 = VECTOR('',#3423,1.);
#3423 = DIRECTION('',(1.,-2.430435693137E-16));
#3424 = ( GEOMETRIC_REPRESENTATION_CONTEXT(2) 
PARAMETRIC_REPRESENTATION_CONTEXT() REPRESENTATION_CONTEXT('2D SPACE',''
  ) );
#3425 = PCURVE('',#3426,#3431);
#3426 = PLANE('',#3427);
#3427 = AXIS2_PLACEMENT_3D('',#3428,#3429,#3430);
#3428 = CARTESIAN_POINT('',(-81.9,5.456166574895E-15,54.));
#3429 = DIRECTION('',(1.367099174364E-32,2.430435693137E-16,-1.));
#3430 = DIRECTION('',(-2.420602763943E-64,1.,2.430435693137E-16));
#3431 = DEFINITIONAL_REPRESENTATION('',(#3432),#3436);
#3432 = LINE('',#3433,#3434);
#3433 = CARTESIAN_POINT('',(-2.430419537518E-14,66.8));
#3434 = VECTOR('',#3435,1.);
#3435 = DIRECTION('',(-1.,-5.624913994737E-17));
#3436 = ( GEOMETRIC_REPRESENTATION_CONTEXT(2) 
PARAMETRIC_REPRESENTATION_CONTEXT() REPRESENTATION_CONTEXT('2D SPACE',''
  ) );
#3437 = ORIENTED_EDGE('',*,*,#3438,.F.);
#3438 = EDGE_CURVE('',#3439,#3411,#3441,.T.);
#3439 = VERTEX_POINT('',#3440);
#3440 = CARTESIAN_POINT('',(-15.1,-27.20882998989,44.246643182884));
#3441 = SURFACE_CURVE('',#3442,(#3447,#3454),.PCURVE_S1.);
#3442 = CIRCLE('',#3443,5.);
#3443 = AXIS2_PLACEMENT_3D('',#3444,#3445,#3446);
#3444 = CARTESIAN_POINT('',(-15.1,-25.65783064458,49.));
#3445 = DIRECTION('',(-1.,5.624913994737E-17,0.));
#3446 = DIRECTION('',(-5.624913994737E-17,-1.,0.));
#3447 = PCURVE('',#3363,#3448);
#3448 = DEFINITIONAL_REPRESENTATION('',(#3449),#3453);
#3449 = CIRCLE('',#3450,5.);
#3450 = AXIS2_PLACEMENT_2D('',#3451,#3452);
#3451 = CARTESIAN_POINT('',(25.657830644579,44.));
#3452 = DIRECTION('',(1.,0.));
#3453 = ( GEOMETRIC_REPRESENTATION_CONTEXT(2) 
PARAMETRIC_REPRESENTATION_CONTEXT() REPRESENTATION_CONTEXT('2D SPACE',''
  ) );
#3454 = PCURVE('',#3455,#3460);
#3455 = CYLINDRICAL_SURFACE('',#3456,5.);
#3456 = AXIS2_PLACEMENT_3D('',#3457,#3458,#3459);
#3457 = CARTESIAN_POINT('',(-81.9,-25.65783064458,49.));
#3458 = DIRECTION('',(1.,-5.624913994737E-17,-2.205764199224E-48));
#3459 = DIRECTION('',(-5.555113578168E-17,-0.987590847321,0.157048776781
    ));
#3460 = DEFINITIONAL_REPRESENTATION('',(#3461),#3465);
#3461 = LINE('',#3462,#3463);
#3462 = CARTESIAN_POINT('',(6.440886939751,66.8));
#3463 = VECTOR('',#3464,1.);
#3464 = DIRECTION('',(-1.,0.));
#3465 = ( GEOMETRIC_REPRESENTATION_CONTEXT(2) 
PARAMETRIC_REPRESENTATION_CONTEXT() REPRESENTATION_CONTEXT('2D SPACE',''
  ) );
#3466 = ORIENTED_EDGE('',*,*,#3467,.F.);
#3467 = EDGE_CURVE('',#3468,#3439,#3470,.T.);
#3468 = VERTEX_POINT('',#3469);
#3469 = CARTESIAN_POINT('',(-15.1,43.1,21.305182341651));
#3470 = SURFACE_CURVE('',#3471,(#3475,#3482),.PCURVE_S1.);
#3471 = LINE('',#3472,#3473);
#3472 = CARTESIAN_POINT('',(-15.1,8.955620444761,32.44634265718));
#3473 = VECTOR('',#3474,1.);
#3474 = DIRECTION('',(-5.347444656515E-17,-0.950671363423,0.310199869063
    ));
#3475 = PCURVE('',#3363,#3476);
#3476 = DEFINITIONAL_REPRESENTATION('',(#3477),#3481);
#3477 = LINE('',#3478,#3479);
#3478 = CARTESIAN_POINT('',(-8.955620444761,27.44634265718));
#3479 = VECTOR('',#3480,1.);
#3480 = DIRECTION('',(0.950671363423,0.310199869063));
#3481 = ( GEOMETRIC_REPRESENTATION_CONTEXT(2) 
PARAMETRIC_REPRESENTATION_CONTEXT() REPRESENTATION_CONTEXT('2D SPACE',''
  ) );
#3482 = PCURVE('',#3483,#3488);
#3483 = PLANE('',#3484);
#3484 = AXIS2_PLACEMENT_3D('',#3485,#3486,#3487);
#3485 = CARTESIAN_POINT('',(-81.9,-5.,37.));
#3486 = DIRECTION('',(-1.744847584659E-17,-0.310199869063,
    -0.950671363423));
#3487 = DIRECTION('',(3.341066551372E-34,0.950671363423,-0.310199869063)
  );
#3488 = DEFINITIONAL_REPRESENTATION('',(#3489),#3493);
#3489 = LINE('',#3490,#3491);
#3490 = CARTESIAN_POINT('',(14.679752627141,66.8));
#3491 = VECTOR('',#3492,1.);
#3492 = DIRECTION('',(-1.,-5.347444656515E-17));
#3493 = ( GEOMETRIC_REPRESENTATION_CONTEXT(2) 
PARAMETRIC_REPRESENTATION_CONTEXT() REPRESENTATION_CONTEXT('2D SPACE',''
  ) );
#3494 = ORIENTED_EDGE('',*,*,#3495,.F.);
#3495 = EDGE_CURVE('',#3496,#3468,#3498,.T.);
#3496 = VERTEX_POINT('',#3497);
#3497 = CARTESIAN_POINT('',(-15.1,43.1,8.));
#3498 = SURFACE_CURVE('',#3499,(#3503,#3510),.PCURVE_S1.);
#3499 = LINE('',#3500,#3501);
#3500 = CARTESIAN_POINT('',(-15.1,43.1,78.));
#3501 = VECTOR('',#3502,1.);
#3502 = DIRECTION('',(0.,0.,1.));
#3503 = PCURVE('',#3363,#3504);
#3504 = DEFINITIONAL_REPRESENTATION('',(#3505),#3509);
#3505 = LINE('',#3506,#3507);
#3506 = CARTESIAN_POINT('',(-43.1,73.));
#3507 = VECTOR('',#3508,1.);
#3508 = DIRECTION('',(0.,1.));
#3509 = ( GEOMETRIC_REPRESENTATION_CONTEXT(2) 
PARAMETRIC_REPRESENTATION_CONTEXT() REPRESENTATION_CONTEXT('2D SPACE',''
  ) );
#3510 = PCURVE('',#3511,#3516);
#3511 = PLANE('',#3512);
#3512 = AXIS2_PLACEMENT_3D('',#3513,#3514,#3515);
#3513 = CARTESIAN_POINT('',(-18.1,43.1,78.));
#3514 = DIRECTION('',(-5.624913994737E-17,1.,0.));
#3515 = DIRECTION('',(-1.,-5.624913994737E-17,0.));
#3516 = DEFINITIONAL_REPRESENTATION('',(#3517),#3521);
#3517 = LINE('',#3518,#3519);
#3518 = CARTESIAN_POINT('',(-3.,0.));
#3519 = VECTOR('',#3520,1.);
#3520 = DIRECTION('',(0.,1.));
#3521 = ( GEOMETRIC_REPRESENTATION_CONTEXT(2) 
PARAMETRIC_REPRESENTATION_CONTEXT() REPRESENTATION_CONTEXT('2D SPACE',''
  ) );
#3522 = ORIENTED_EDGE('',*,*,#3523,.T.);
#3523 = EDGE_CURVE('',#3496,#1454,#3524,.T.);
#3524 = SURFACE_CURVE('',#3525,(#3530,#3541),.PCURVE_S1.);
#3525 = CIRCLE('',#3526,8.);
#3526 = AXIS2_PLACEMENT_3D('',#3527,#3528,#3529);
#3527 = CARTESIAN_POINT('',(-15.1,51.1,8.));
#3528 = DIRECTION('',(1.,5.624913994737E-17,0.));
#3529 = DIRECTION('',(-5.624913994737E-17,1.,0.));
#3530 = PCURVE('',#3363,#3531);
#3531 = DEFINITIONAL_REPRESENTATION('',(#3532),#3540);
#3532 = ( BOUNDED_CURVE() B_SPLINE_CURVE(2,(#3533,#3534,#3535,#3536,
#3537,#3538,#3539),.UNSPECIFIED.,.T.,.F.) B_SPLINE_CURVE_WITH_KNOTS((1,2
    ,2,2,2,1),(-2.094395102393,0.,2.094395102393,4.188790204786,
6.28318530718,8.377580409573),.UNSPECIFIED.) CURVE() 
GEOMETRIC_REPRESENTATION_ITEM() RATIONAL_B_SPLINE_CURVE((1.,0.5,1.,0.5,
1.,0.5,1.)) REPRESENTATION_ITEM('') );
#3533 = CARTESIAN_POINT('',(-59.1,3.));
#3534 = CARTESIAN_POINT('',(-59.1,16.856406460551));
#3535 = CARTESIAN_POINT('',(-47.1,9.928203230275));
#3536 = CARTESIAN_POINT('',(-35.1,3.));
#3537 = CARTESIAN_POINT('',(-47.1,-3.928203230275));
#3538 = CARTESIAN_POINT('',(-59.1,-10.85640646055));
#3539 = CARTESIAN_POINT('',(-59.1,3.));
#3540 = ( GEOMETRIC_REPRESENTATION_CONTEXT(2) 
PARAMETRIC_REPRESENTATION_CONTEXT() REPRESENTATION_CONTEXT('2D SPACE',''
  ) );
#3541 = PCURVE('',#1504,#3542);
#3542 = DEFINITIONAL_REPRESENTATION('',(#3543),#3547);
#3543 = LINE('',#3544,#3545);
#3544 = CARTESIAN_POINT('',(0.,3.));
#3545 = VECTOR('',#3546,1.);
#3546 = DIRECTION('',(1.,1.130863886743E-15));
#3547 = ( GEOMETRIC_REPRESENTATION_CONTEXT(2) 
PARAMETRIC_REPRESENTATION_CONTEXT() REPRESENTATION_CONTEXT('2D SPACE',''
  ) );
#3548 = ORIENTED_EDGE('',*,*,#3549,.F.);
#3549 = EDGE_CURVE('',#3550,#1454,#3552,.T.);
#3550 = VERTEX_POINT('',#3551);
#3551 = CARTESIAN_POINT('',(-15.1,-46.97689437438,0.));
#3552 = SURFACE_CURVE('',#3553,(#3557,#3564),.PCURVE_S1.);
#3553 = LINE('',#3554,#3555);
#3554 = CARTESIAN_POINT('',(-15.1,-6.938893903907E-15,0.));
#3555 = VECTOR('',#3556,1.);
#3556 = DIRECTION('',(5.624913994737E-17,1.,0.));
#3557 = PCURVE('',#3363,#3558);
#3558 = DEFINITIONAL_REPRESENTATION('',(#3559),#3563);
#3559 = LINE('',#3560,#3561);
#3560 = CARTESIAN_POINT('',(-0.,-5.));
#3561 = VECTOR('',#3562,1.);
#3562 = DIRECTION('',(-1.,0.));
#3563 = ( GEOMETRIC_REPRESENTATION_CONTEXT(2) 
PARAMETRIC_REPRESENTATION_CONTEXT() REPRESENTATION_CONTEXT('2D SPACE',''
  ) );
#3564 = PCURVE('',#74,#3565);
#3565 = DEFINITIONAL_REPRESENTATION('',(#3566),#3570);
#3566 = LINE('',#3567,#3568);
#3567 = CARTESIAN_POINT('',(-15.1,-6.938893903907E-15));
#3568 = VECTOR('',#3569,1.);
#3569 = DIRECTION('',(5.624913994737E-17,1.));
#3570 = ( GEOMETRIC_REPRESENTATION_CONTEXT(2) 
PARAMETRIC_REPRESENTATION_CONTEXT() REPRESENTATION_CONTEXT('2D SPACE',''
  ) );
#3571 = ORIENTED_EDGE('',*,*,#3572,.F.);
#3572 = EDGE_CURVE('',#3573,#3550,#3575,.T.);
#3573 = VERTEX_POINT('',#3574);
#3574 = CARTESIAN_POINT('',(-15.1,-42.1,8.));
#3575 = SURFACE_CURVE('',#3576,(#3581,#3588),.PCURVE_S1.);
#3576 = CIRCLE('',#3577,9.);
#3577 = AXIS2_PLACEMENT_3D('',#3578,#3579,#3580);
#3578 = CARTESIAN_POINT('',(-15.1,-51.1,8.));
#3579 = DIRECTION('',(-1.,5.624913994737E-17,0.));
#3580 = DIRECTION('',(-5.624913994737E-17,-1.,0.));
#3581 = PCURVE('',#3363,#3582);
#3582 = DEFINITIONAL_REPRESENTATION('',(#3583),#3587);
#3583 = CIRCLE('',#3584,9.);
#3584 = AXIS2_PLACEMENT_2D('',#3585,#3586);
#3585 = CARTESIAN_POINT('',(51.1,3.));
#3586 = DIRECTION('',(1.,0.));
#3587 = ( GEOMETRIC_REPRESENTATION_CONTEXT(2) 
PARAMETRIC_REPRESENTATION_CONTEXT() REPRESENTATION_CONTEXT('2D SPACE',''
  ) );
#3588 = PCURVE('',#3589,#3594);
#3589 = TOROIDAL_SURFACE('',#3590,9.,1.);
#3590 = AXIS2_PLACEMENT_3D('',#3591,#3592,#3593);
#3591 = CARTESIAN_POINT('',(-16.1,-51.1,8.));
#3592 = DIRECTION('',(-1.,5.624913994737E-17,0.));
#3593 = DIRECTION('',(-5.624913994737E-17,-1.,0.));
#3594 = DEFINITIONAL_REPRESENTATION('',(#3595),#3599);
#3595 = LINE('',#3596,#3597);
#3596 = CARTESIAN_POINT('',(0.,4.712388980385));
#3597 = VECTOR('',#3598,1.);
#3598 = DIRECTION('',(1.,2.433556490637E-15));
#3599 = ( GEOMETRIC_REPRESENTATION_CONTEXT(2) 
PARAMETRIC_REPRESENTATION_CONTEXT() REPRESENTATION_CONTEXT('2D SPACE',''
  ) );
#3600 = ORIENTED_EDGE('',*,*,#3601,.T.);
#3601 = EDGE_CURVE('',#3573,#3353,#3602,.T.);
#3602 = SURFACE_CURVE('',#3603,(#3607,#3614),.PCURVE_S1.);
#3603 = LINE('',#3604,#3605);
#3604 = CARTESIAN_POINT('',(-15.1,-42.1,74.));
#3605 = VECTOR('',#3606,1.);
#3606 = DIRECTION('',(0.,0.,1.));
#3607 = PCURVE('',#3363,#3608);
#3608 = DEFINITIONAL_REPRESENTATION('',(#3609),#3613);
#3609 = LINE('',#3610,#3611);
#3610 = CARTESIAN_POINT('',(42.1,69.));
#3611 = VECTOR('',#3612,1.);
#3612 = DIRECTION('',(0.,1.));
#3613 = ( GEOMETRIC_REPRESENTATION_CONTEXT(2) 
PARAMETRIC_REPRESENTATION_CONTEXT() REPRESENTATION_CONTEXT('2D SPACE',''
  ) );
#3614 = PCURVE('',#3615,#3620);
#3615 = CYLINDRICAL_SURFACE('',#3616,1.);
#3616 = AXIS2_PLACEMENT_3D('',#3617,#3618,#3619);
#3617 = CARTESIAN_POINT('',(-16.1,-42.1,5.));
#3618 = DIRECTION('',(0.,0.,-1.));
#3619 = DIRECTION('',(-1.,0.,0.));
#3620 = DEFINITIONAL_REPRESENTATION('',(#3621),#3625);
#3621 = LINE('',#3622,#3623);
#3622 = CARTESIAN_POINT('',(3.14159265359,-69.));
#3623 = VECTOR('',#3624,1.);
#3624 = DIRECTION('',(0.,-1.));
#3625 = ( GEOMETRIC_REPRESENTATION_CONTEXT(2) 
PARAMETRIC_REPRESENTATION_CONTEXT() REPRESENTATION_CONTEXT('2D SPACE',''
  ) );
#3626 = ADVANCED_FACE('',(#3627,#3891,#4106),#962,.F.);
#3627 = FACE_BOUND('',#3628,.T.);
#3628 = EDGE_LOOP('',(#3629,#3630,#3653,#3682,#3710,#3739,#3762,#3791,
    #3819,#3848,#3869,#3870));
#3629 = ORIENTED_EDGE('',*,*,#946,.T.);
#3630 = ORIENTED_EDGE('',*,*,#3631,.T.);
#3631 = EDGE_CURVE('',#918,#3632,#3634,.T.);
#3632 = VERTEX_POINT('',#3633);
#3633 = CARTESIAN_POINT('',(-10.1,-68.1,10.));
#3634 = SURFACE_CURVE('',#3635,(#3639,#3646),.PCURVE_S1.);
#3635 = LINE('',#3636,#3637);
#3636 = CARTESIAN_POINT('',(-10.1,-6.938893903907E-15,10.));
#3637 = VECTOR('',#3638,1.);
#3638 = DIRECTION('',(6.014991248186E-17,1.,0.));
#3639 = PCURVE('',#962,#3640);
#3640 = DEFINITIONAL_REPRESENTATION('',(#3641),#3645);
#3641 = LINE('',#3642,#3643);
#3642 = CARTESIAN_POINT('',(-0.,-64.));
#3643 = VECTOR('',#3644,1.);
#3644 = DIRECTION('',(-1.,0.));
#3645 = ( GEOMETRIC_REPRESENTATION_CONTEXT(2) 
PARAMETRIC_REPRESENTATION_CONTEXT() REPRESENTATION_CONTEXT('2D SPACE',''
  ) );
#3646 = PCURVE('',#934,#3647);
#3647 = DEFINITIONAL_REPRESENTATION('',(#3648),#3652);
#3648 = LINE('',#3649,#3650);
#3649 = CARTESIAN_POINT('',(6.28318530718,1.42108547152E-14));
#3650 = VECTOR('',#3651,1.);
#3651 = DIRECTION('',(0.,1.));
#3652 = ( GEOMETRIC_REPRESENTATION_CONTEXT(2) 
PARAMETRIC_REPRESENTATION_CONTEXT() REPRESENTATION_CONTEXT('2D SPACE',''
  ) );
#3653 = ORIENTED_EDGE('',*,*,#3654,.T.);
#3654 = EDGE_CURVE('',#3632,#3655,#3657,.T.);
#3655 = VERTEX_POINT('',#3656);
#3656 = CARTESIAN_POINT('',(-10.1,-62.1,4.));
#3657 = SURFACE_CURVE('',#3658,(#3663,#3670),.PCURVE_S1.);
#3658 = CIRCLE('',#3659,6.);
#3659 = AXIS2_PLACEMENT_3D('',#3660,#3661,#3662);
#3660 = CARTESIAN_POINT('',(-10.1,-68.1,4.));
#3661 = DIRECTION('',(-1.,6.014991248186E-17,0.));
#3662 = DIRECTION('',(-6.014991248186E-17,-1.,0.));
#3663 = PCURVE('',#962,#3664);
#3664 = DEFINITIONAL_REPRESENTATION('',(#3665),#3669);
#3665 = CIRCLE('',#3666,6.);
#3666 = AXIS2_PLACEMENT_2D('',#3667,#3668);
#3667 = CARTESIAN_POINT('',(68.1,-70.));
#3668 = DIRECTION('',(1.,0.));
#3669 = ( GEOMETRIC_REPRESENTATION_CONTEXT(2) 
PARAMETRIC_REPRESENTATION_CONTEXT() REPRESENTATION_CONTEXT('2D SPACE',''
  ) );
#3670 = PCURVE('',#3671,#3676);
#3671 = TOROIDAL_SURFACE('',#3672,6.,5.);
#3672 = AXIS2_PLACEMENT_3D('',#3673,#3674,#3675);
#3673 = CARTESIAN_POINT('',(-5.1,-68.1,4.));
#3674 = DIRECTION('',(-1.,6.014991248186E-17,0.));
#3675 = DIRECTION('',(-6.014991248186E-17,-1.,0.));
#3676 = DEFINITIONAL_REPRESENTATION('',(#3677),#3681);
#3677 = LINE('',#3678,#3679);
#3678 = CARTESIAN_POINT('',(0.,1.570796326795));
#3679 = VECTOR('',#3680,1.);
#3680 = DIRECTION('',(1.,0.));
#3681 = ( GEOMETRIC_REPRESENTATION_CONTEXT(2) 
PARAMETRIC_REPRESENTATION_CONTEXT() REPRESENTATION_CONTEXT('2D SPACE',''
  ) );
#3682 = ORIENTED_EDGE('',*,*,#3683,.T.);
#3683 = EDGE_CURVE('',#3655,#3684,#3686,.T.);
#3684 = VERTEX_POINT('',#3685);
#3685 = CARTESIAN_POINT('',(-10.1,-62.1,1.));
#3686 = SURFACE_CURVE('',#3687,(#3691,#3698),.PCURVE_S1.);
#3687 = LINE('',#3688,#3689);
#3688 = CARTESIAN_POINT('',(-10.1,-62.1,1.));
#3689 = VECTOR('',#3690,1.);
#3690 = DIRECTION('',(0.,0.,-1.));
#3691 = PCURVE('',#962,#3692);
#3692 = DEFINITIONAL_REPRESENTATION('',(#3693),#3697);
#3693 = LINE('',#3694,#3695);
#3694 = CARTESIAN_POINT('',(62.1,-73.));
#3695 = VECTOR('',#3696,1.);
#3696 = DIRECTION('',(-0.,-1.));
#3697 = ( GEOMETRIC_REPRESENTATION_CONTEXT(2) 
PARAMETRIC_REPRESENTATION_CONTEXT() REPRESENTATION_CONTEXT('2D SPACE',''
  ) );
#3698 = PCURVE('',#3699,#3704);
#3699 = CYLINDRICAL_SURFACE('',#3700,5.);
#3700 = AXIS2_PLACEMENT_3D('',#3701,#3702,#3703);
#3701 = CARTESIAN_POINT('',(-5.1,-62.1,74.));
#3702 = DIRECTION('',(0.,0.,1.));
#3703 = DIRECTION('',(1.,0.,-0.));
#3704 = DEFINITIONAL_REPRESENTATION('',(#3705),#3709);
#3705 = LINE('',#3706,#3707);
#3706 = CARTESIAN_POINT('',(3.14159265359,-73.));
#3707 = VECTOR('',#3708,1.);
#3708 = DIRECTION('',(0.,-1.));
#3709 = ( GEOMETRIC_REPRESENTATION_CONTEXT(2) 
PARAMETRIC_REPRESENTATION_CONTEXT() REPRESENTATION_CONTEXT('2D SPACE',''
  ) );
#3710 = ORIENTED_EDGE('',*,*,#3711,.T.);
#3711 = EDGE_CURVE('',#3684,#3712,#3714,.T.);
#3712 = VERTEX_POINT('',#3713);
#3713 = CARTESIAN_POINT('',(-10.1,-62.1839202169,0.));
#3714 = SURFACE_CURVE('',#3715,(#3720,#3727),.PCURVE_S1.);
#3715 = CIRCLE('',#3716,6.);
#3716 = AXIS2_PLACEMENT_3D('',#3717,#3718,#3719);
#3717 = CARTESIAN_POINT('',(-10.1,-68.1,1.));
#3718 = DIRECTION('',(-1.,6.014991248186E-17,0.));
#3719 = DIRECTION('',(-6.014991248186E-17,-1.,0.));
#3720 = PCURVE('',#962,#3721);
#3721 = DEFINITIONAL_REPRESENTATION('',(#3722),#3726);
#3722 = CIRCLE('',#3723,6.);
#3723 = AXIS2_PLACEMENT_2D('',#3724,#3725);
#3724 = CARTESIAN_POINT('',(68.1,-73.));
#3725 = DIRECTION('',(1.,0.));
#3726 = ( GEOMETRIC_REPRESENTATION_CONTEXT(2) 
PARAMETRIC_REPRESENTATION_CONTEXT() REPRESENTATION_CONTEXT('2D SPACE',''
  ) );
#3727 = PCURVE('',#3728,#3733);
#3728 = TOROIDAL_SURFACE('',#3729,6.,5.);
#3729 = AXIS2_PLACEMENT_3D('',#3730,#3731,#3732);
#3730 = CARTESIAN_POINT('',(-5.1,-68.1,1.));
#3731 = DIRECTION('',(-1.,6.014991248186E-17,0.));
#3732 = DIRECTION('',(-6.014991248186E-17,-1.,0.));
#3733 = DEFINITIONAL_REPRESENTATION('',(#3734),#3738);
#3734 = LINE('',#3735,#3736);
#3735 = CARTESIAN_POINT('',(0.,1.570796326795));
#3736 = VECTOR('',#3737,1.);
#3737 = DIRECTION('',(1.,-3.978151423888E-15));
#3738 = ( GEOMETRIC_REPRESENTATION_CONTEXT(2) 
PARAMETRIC_REPRESENTATION_CONTEXT() REPRESENTATION_CONTEXT('2D SPACE',''
  ) );
#3739 = ORIENTED_EDGE('',*,*,#3740,.T.);
#3740 = EDGE_CURVE('',#3712,#3741,#3743,.T.);
#3741 = VERTEX_POINT('',#3742);
#3742 = CARTESIAN_POINT('',(-10.1,62.1839202169,0.));
#3743 = SURFACE_CURVE('',#3744,(#3748,#3755),.PCURVE_S1.);
#3744 = LINE('',#3745,#3746);
#3745 = CARTESIAN_POINT('',(-10.1,-6.938893903907E-15,0.));
#3746 = VECTOR('',#3747,1.);
#3747 = DIRECTION('',(6.014991248186E-17,1.,0.));
#3748 = PCURVE('',#962,#3749);
#3749 = DEFINITIONAL_REPRESENTATION('',(#3750),#3754);
#3750 = LINE('',#3751,#3752);
#3751 = CARTESIAN_POINT('',(-0.,-74.));
#3752 = VECTOR('',#3753,1.);
#3753 = DIRECTION('',(-1.,0.));
#3754 = ( GEOMETRIC_REPRESENTATION_CONTEXT(2) 
PARAMETRIC_REPRESENTATION_CONTEXT() REPRESENTATION_CONTEXT('2D SPACE',''
  ) );
#3755 = PCURVE('',#74,#3756);
#3756 = DEFINITIONAL_REPRESENTATION('',(#3757),#3761);
#3757 = LINE('',#3758,#3759);
#3758 = CARTESIAN_POINT('',(-10.1,-6.938893903907E-15));
#3759 = VECTOR('',#3760,1.);
#3760 = DIRECTION('',(6.014991248186E-17,1.));
#3761 = ( GEOMETRIC_REPRESENTATION_CONTEXT(2) 
PARAMETRIC_REPRESENTATION_CONTEXT() REPRESENTATION_CONTEXT('2D SPACE',''
  ) );
#3762 = ORIENTED_EDGE('',*,*,#3763,.T.);
#3763 = EDGE_CURVE('',#3741,#3764,#3766,.T.);
#3764 = VERTEX_POINT('',#3765);
#3765 = CARTESIAN_POINT('',(-10.1,62.1,1.));
#3766 = SURFACE_CURVE('',#3767,(#3772,#3779),.PCURVE_S1.);
#3767 = CIRCLE('',#3768,6.);
#3768 = AXIS2_PLACEMENT_3D('',#3769,#3770,#3771);
#3769 = CARTESIAN_POINT('',(-10.1,68.1,1.));
#3770 = DIRECTION('',(-1.,6.014991248186E-17,0.));
#3771 = DIRECTION('',(-6.014991248186E-17,-1.,0.));
#3772 = PCURVE('',#962,#3773);
#3773 = DEFINITIONAL_REPRESENTATION('',(#3774),#3778);
#3774 = CIRCLE('',#3775,6.);
#3775 = AXIS2_PLACEMENT_2D('',#3776,#3777);
#3776 = CARTESIAN_POINT('',(-68.1,-73.));
#3777 = DIRECTION('',(1.,0.));
#3778 = ( GEOMETRIC_REPRESENTATION_CONTEXT(2) 
PARAMETRIC_REPRESENTATION_CONTEXT() REPRESENTATION_CONTEXT('2D SPACE',''
  ) );
#3779 = PCURVE('',#3780,#3785);
#3780 = TOROIDAL_SURFACE('',#3781,6.,5.);
#3781 = AXIS2_PLACEMENT_3D('',#3782,#3783,#3784);
#3782 = CARTESIAN_POINT('',(-5.1,68.1,1.));
#3783 = DIRECTION('',(-1.,6.014991248186E-17,0.));
#3784 = DIRECTION('',(-6.014991248186E-17,-1.,0.));
#3785 = DEFINITIONAL_REPRESENTATION('',(#3786),#3790);
#3786 = LINE('',#3787,#3788);
#3787 = CARTESIAN_POINT('',(0.,1.570796326795));
#3788 = VECTOR('',#3789,1.);
#3789 = DIRECTION('',(1.,3.978151423888E-15));
#3790 = ( GEOMETRIC_REPRESENTATION_CONTEXT(2) 
PARAMETRIC_REPRESENTATION_CONTEXT() REPRESENTATION_CONTEXT('2D SPACE',''
  ) );
#3791 = ORIENTED_EDGE('',*,*,#3792,.F.);
#3792 = EDGE_CURVE('',#3793,#3764,#3795,.T.);
#3793 = VERTEX_POINT('',#3794);
#3794 = CARTESIAN_POINT('',(-10.1,62.1,4.));
#3795 = SURFACE_CURVE('',#3796,(#3800,#3807),.PCURVE_S1.);
#3796 = LINE('',#3797,#3798);
#3797 = CARTESIAN_POINT('',(-10.1,62.1,74.));
#3798 = VECTOR('',#3799,1.);
#3799 = DIRECTION('',(0.,0.,-1.));
#3800 = PCURVE('',#962,#3801);
#3801 = DEFINITIONAL_REPRESENTATION('',(#3802),#3806);
#3802 = LINE('',#3803,#3804);
#3803 = CARTESIAN_POINT('',(-62.1,0.));
#3804 = VECTOR('',#3805,1.);
#3805 = DIRECTION('',(-0.,-1.));
#3806 = ( GEOMETRIC_REPRESENTATION_CONTEXT(2) 
PARAMETRIC_REPRESENTATION_CONTEXT() REPRESENTATION_CONTEXT('2D SPACE',''
  ) );
#3807 = PCURVE('',#3808,#3813);
#3808 = CYLINDRICAL_SURFACE('',#3809,5.);
#3809 = AXIS2_PLACEMENT_3D('',#3810,#3811,#3812);
#3810 = CARTESIAN_POINT('',(-5.1,62.1,25.));
#3811 = DIRECTION('',(0.,0.,-1.));
#3812 = DIRECTION('',(-1.,0.,0.));
#3813 = DEFINITIONAL_REPRESENTATION('',(#3814),#3818);
#3814 = LINE('',#3815,#3816);
#3815 = CARTESIAN_POINT('',(0.,-49.));
#3816 = VECTOR('',#3817,1.);
#3817 = DIRECTION('',(0.,1.));
#3818 = ( GEOMETRIC_REPRESENTATION_CONTEXT(2) 
PARAMETRIC_REPRESENTATION_CONTEXT() REPRESENTATION_CONTEXT('2D SPACE',''
  ) );
#3819 = ORIENTED_EDGE('',*,*,#3820,.T.);
#3820 = EDGE_CURVE('',#3793,#3821,#3823,.T.);
#3821 = VERTEX_POINT('',#3822);
#3822 = CARTESIAN_POINT('',(-10.1,68.1,10.));
#3823 = SURFACE_CURVE('',#3824,(#3829,#3836),.PCURVE_S1.);
#3824 = CIRCLE('',#3825,6.);
#3825 = AXIS2_PLACEMENT_3D('',#3826,#3827,#3828);
#3826 = CARTESIAN_POINT('',(-10.1,68.1,4.));
#3827 = DIRECTION('',(-1.,6.014991248186E-17,0.));
#3828 = DIRECTION('',(-6.014991248186E-17,-1.,0.));
#3829 = PCURVE('',#962,#3830);
#3830 = DEFINITIONAL_REPRESENTATION('',(#3831),#3835);
#3831 = CIRCLE('',#3832,6.);
#3832 = AXIS2_PLACEMENT_2D('',#3833,#3834);
#3833 = CARTESIAN_POINT('',(-68.1,-70.));
#3834 = DIRECTION('',(1.,0.));
#3835 = ( GEOMETRIC_REPRESENTATION_CONTEXT(2) 
PARAMETRIC_REPRESENTATION_CONTEXT() REPRESENTATION_CONTEXT('2D SPACE',''
  ) );
#3836 = PCURVE('',#3837,#3842);
#3837 = TOROIDAL_SURFACE('',#3838,6.,5.);
#3838 = AXIS2_PLACEMENT_3D('',#3839,#3840,#3841);
#3839 = CARTESIAN_POINT('',(-5.1,68.1,4.));
#3840 = DIRECTION('',(-1.,6.014991248186E-17,0.));
#3841 = DIRECTION('',(-6.014991248186E-17,-1.,0.));
#3842 = DEFINITIONAL_REPRESENTATION('',(#3843),#3847);
#3843 = LINE('',#3844,#3845);
#3844 = CARTESIAN_POINT('',(0.,1.570796326795));
#3845 = VECTOR('',#3846,1.);
#3846 = DIRECTION('',(1.,0.));
#3847 = ( GEOMETRIC_REPRESENTATION_CONTEXT(2) 
PARAMETRIC_REPRESENTATION_CONTEXT() REPRESENTATION_CONTEXT('2D SPACE',''
  ) );
#3848 = ORIENTED_EDGE('',*,*,#3849,.T.);
#3849 = EDGE_CURVE('',#3821,#1354,#3850,.T.);
#3850 = SURFACE_CURVE('',#3851,(#3855,#3862),.PCURVE_S1.);
#3851 = LINE('',#3852,#3853);
#3852 = CARTESIAN_POINT('',(-10.1,-6.938893903907E-15,10.));
#3853 = VECTOR('',#3854,1.);
#3854 = DIRECTION('',(6.014991248186E-17,1.,0.));
#3855 = PCURVE('',#962,#3856);
#3856 = DEFINITIONAL_REPRESENTATION('',(#3857),#3861);
#3857 = LINE('',#3858,#3859);
#3858 = CARTESIAN_POINT('',(-0.,-64.));
#3859 = VECTOR('',#3860,1.);
#3860 = DIRECTION('',(-1.,0.));
#3861 = ( GEOMETRIC_REPRESENTATION_CONTEXT(2) 
PARAMETRIC_REPRESENTATION_CONTEXT() REPRESENTATION_CONTEXT('2D SPACE',''
  ) );
#3862 = PCURVE('',#1393,#3863);
#3863 = DEFINITIONAL_REPRESENTATION('',(#3864),#3868);
#3864 = LINE('',#3865,#3866);
#3865 = CARTESIAN_POINT('',(6.28318530718,1.42108547152E-14));
#3866 = VECTOR('',#3867,1.);
#3867 = DIRECTION('',(0.,1.));
#3868 = ( GEOMETRIC_REPRESENTATION_CONTEXT(2) 
PARAMETRIC_REPRESENTATION_CONTEXT() REPRESENTATION_CONTEXT('2D SPACE',''
  ) );
#3869 = ORIENTED_EDGE('',*,*,#1353,.F.);
#3870 = ORIENTED_EDGE('',*,*,#3871,.F.);
#3871 = EDGE_CURVE('',#947,#1331,#3872,.T.);
#3872 = SURFACE_CURVE('',#3873,(#3877,#3884),.PCURVE_S1.);
#3873 = LINE('',#3874,#3875);
#3874 = CARTESIAN_POINT('',(-10.1,-6.938893903907E-15,74.));
#3875 = VECTOR('',#3876,1.);
#3876 = DIRECTION('',(6.014991248186E-17,1.,0.));
#3877 = PCURVE('',#962,#3878);
#3878 = DEFINITIONAL_REPRESENTATION('',(#3879),#3883);
#3879 = LINE('',#3880,#3881);
#3880 = CARTESIAN_POINT('',(0.,0.));
#3881 = VECTOR('',#3882,1.);
#3882 = DIRECTION('',(-1.,0.));
#3883 = ( GEOMETRIC_REPRESENTATION_CONTEXT(2) 
PARAMETRIC_REPRESENTATION_CONTEXT() REPRESENTATION_CONTEXT('2D SPACE',''
  ) );
#3884 = PCURVE('',#990,#3885);
#3885 = DEFINITIONAL_REPRESENTATION('',(#3886),#3890);
#3886 = LINE('',#3887,#3888);
#3887 = CARTESIAN_POINT('',(-10.1,-6.938893903907E-15));
#3888 = VECTOR('',#3889,1.);
#3889 = DIRECTION('',(6.014991248186E-17,1.));
#3890 = ( GEOMETRIC_REPRESENTATION_CONTEXT(2) 
PARAMETRIC_REPRESENTATION_CONTEXT() REPRESENTATION_CONTEXT('2D SPACE',''
  ) );
#3891 = FACE_BOUND('',#3892,.T.);
#3892 = EDGE_LOOP('',(#3893,#3923,#3952,#3980,#4009,#4032,#4056,#4079));
#3893 = ORIENTED_EDGE('',*,*,#3894,.F.);
#3894 = EDGE_CURVE('',#3895,#3897,#3899,.T.);
#3895 = VERTEX_POINT('',#3896);
#3896 = CARTESIAN_POINT('',(-10.1,57.1,25.));
#3897 = VERTEX_POINT('',#3898);
#3898 = CARTESIAN_POINT('',(-10.1,57.1,49.));
#3899 = SURFACE_CURVE('',#3900,(#3904,#3911),.PCURVE_S1.);
#3900 = LINE('',#3901,#3902);
#3901 = CARTESIAN_POINT('',(-10.1,57.1,74.));
#3902 = VECTOR('',#3903,1.);
#3903 = DIRECTION('',(0.,0.,1.));
#3904 = PCURVE('',#962,#3905);
#3905 = DEFINITIONAL_REPRESENTATION('',(#3906),#3910);
#3906 = LINE('',#3907,#3908);
#3907 = CARTESIAN_POINT('',(-57.1,0.));
#3908 = VECTOR('',#3909,1.);
#3909 = DIRECTION('',(0.,1.));
#3910 = ( GEOMETRIC_REPRESENTATION_CONTEXT(2) 
PARAMETRIC_REPRESENTATION_CONTEXT() REPRESENTATION_CONTEXT('2D SPACE',''
  ) );
#3911 = PCURVE('',#3912,#3917);
#3912 = PLANE('',#3913);
#3913 = AXIS2_PLACEMENT_3D('',#3914,#3915,#3916);
#3914 = CARTESIAN_POINT('',(-81.9,57.1,37.));
#3915 = DIRECTION('',(-5.624913994737E-17,-1.,0.));
#3916 = DIRECTION('',(1.,-5.624913994737E-17,0.));
#3917 = DEFINITIONAL_REPRESENTATION('',(#3918),#3922);
#3918 = LINE('',#3919,#3920);
#3919 = CARTESIAN_POINT('',(71.8,37.));
#3920 = VECTOR('',#3921,1.);
#3921 = DIRECTION('',(0.,1.));
#3922 = ( GEOMETRIC_REPRESENTATION_CONTEXT(2) 
PARAMETRIC_REPRESENTATION_CONTEXT() REPRESENTATION_CONTEXT('2D SPACE',''
  ) );
#3923 = ORIENTED_EDGE('',*,*,#3924,.T.);
#3924 = EDGE_CURVE('',#3895,#3925,#3927,.T.);
#3925 = VERTEX_POINT('',#3926);
#3926 = CARTESIAN_POINT('',(-10.1,52.1,20.));
#3927 = SURFACE_CURVE('',#3928,(#3933,#3940),.PCURVE_S1.);
#3928 = CIRCLE('',#3929,5.);
#3929 = AXIS2_PLACEMENT_3D('',#3930,#3931,#3932);
#3930 = CARTESIAN_POINT('',(-10.1,52.1,25.));
#3931 = DIRECTION('',(-1.,6.014991248186E-17,0.));
#3932 = DIRECTION('',(-6.014991248186E-17,-1.,0.));
#3933 = PCURVE('',#962,#3934);
#3934 = DEFINITIONAL_REPRESENTATION('',(#3935),#3939);
#3935 = CIRCLE('',#3936,5.);
#3936 = AXIS2_PLACEMENT_2D('',#3937,#3938);
#3937 = CARTESIAN_POINT('',(-52.1,-49.));
#3938 = DIRECTION('',(1.,0.));
#3939 = ( GEOMETRIC_REPRESENTATION_CONTEXT(2) 
PARAMETRIC_REPRESENTATION_CONTEXT() REPRESENTATION_CONTEXT('2D SPACE',''
  ) );
#3940 = PCURVE('',#3941,#3946);
#3941 = CYLINDRICAL_SURFACE('',#3942,5.);
#3942 = AXIS2_PLACEMENT_3D('',#3943,#3944,#3945);
#3943 = CARTESIAN_POINT('',(-81.9,52.1,25.));
#3944 = DIRECTION('',(1.,-5.624913994737E-17,0.));
#3945 = DIRECTION('',(5.624913994737E-17,1.,0.));
#3946 = DEFINITIONAL_REPRESENTATION('',(#3947),#3951);
#3947 = LINE('',#3948,#3949);
#3948 = CARTESIAN_POINT('',(9.424777960769,71.8));
#3949 = VECTOR('',#3950,1.);
#3950 = DIRECTION('',(-1.,0.));
#3951 = ( GEOMETRIC_REPRESENTATION_CONTEXT(2) 
PARAMETRIC_REPRESENTATION_CONTEXT() REPRESENTATION_CONTEXT('2D SPACE',''
  ) );
#3952 = ORIENTED_EDGE('',*,*,#3953,.T.);
#3953 = EDGE_CURVE('',#3925,#3954,#3956,.T.);
#3954 = VERTEX_POINT('',#3955);
#3955 = CARTESIAN_POINT('',(-10.1,47.895110531891,20.));
#3956 = SURFACE_CURVE('',#3957,(#3961,#3968),.PCURVE_S1.);
#3957 = LINE('',#3958,#3959);
#3958 = CARTESIAN_POINT('',(-10.1,-6.938893903907E-15,20.));
#3959 = VECTOR('',#3960,1.);
#3960 = DIRECTION('',(-6.014991248186E-17,-1.,0.));
#3961 = PCURVE('',#962,#3962);
#3962 = DEFINITIONAL_REPRESENTATION('',(#3963),#3967);
#3963 = LINE('',#3964,#3965);
#3964 = CARTESIAN_POINT('',(-0.,-54.));
#3965 = VECTOR('',#3966,1.);
#3966 = DIRECTION('',(1.,0.));
#3967 = ( GEOMETRIC_REPRESENTATION_CONTEXT(2) 
PARAMETRIC_REPRESENTATION_CONTEXT() REPRESENTATION_CONTEXT('2D SPACE',''
  ) );
#3968 = PCURVE('',#3969,#3974);
#3969 = PLANE('',#3970);
#3970 = AXIS2_PLACEMENT_3D('',#3971,#3972,#3973);
#3971 = CARTESIAN_POINT('',(-81.9,52.1,20.));
#3972 = DIRECTION('',(0.,0.,-1.));
#3973 = DIRECTION('',(-1.,0.,0.));
#3974 = DEFINITIONAL_REPRESENTATION('',(#3975),#3979);
#3975 = LINE('',#3976,#3977);
#3976 = CARTESIAN_POINT('',(-71.8,-52.1));
#3977 = VECTOR('',#3978,1.);
#3978 = DIRECTION('',(6.014991248186E-17,-1.));
#3979 = ( GEOMETRIC_REPRESENTATION_CONTEXT(2) 
PARAMETRIC_REPRESENTATION_CONTEXT() REPRESENTATION_CONTEXT('2D SPACE',''
  ) );
#3980 = ORIENTED_EDGE('',*,*,#3981,.T.);
#3981 = EDGE_CURVE('',#3954,#3982,#3984,.T.);
#3982 = VERTEX_POINT('',#3983);
#3983 = CARTESIAN_POINT('',(-10.1,46.344111186575,20.246643182883));
#3984 = SURFACE_CURVE('',#3985,(#3990,#3997),.PCURVE_S1.);
#3985 = CIRCLE('',#3986,5.);
#3986 = AXIS2_PLACEMENT_3D('',#3987,#3988,#3989);
#3987 = CARTESIAN_POINT('',(-10.1,47.895110531891,25.));
#3988 = DIRECTION('',(-1.,6.014991248186E-17,0.));
#3989 = DIRECTION('',(-6.014991248186E-17,-1.,0.));
#3990 = PCURVE('',#962,#3991);
#3991 = DEFINITIONAL_REPRESENTATION('',(#3992),#3996);
#3992 = CIRCLE('',#3993,5.);
#3993 = AXIS2_PLACEMENT_2D('',#3994,#3995);
#3994 = CARTESIAN_POINT('',(-47.89511053189,-49.));
#3995 = DIRECTION('',(1.,0.));
#3996 = ( GEOMETRIC_REPRESENTATION_CONTEXT(2) 
PARAMETRIC_REPRESENTATION_CONTEXT() REPRESENTATION_CONTEXT('2D SPACE',''
  ) );
#3997 = PCURVE('',#3998,#4003);
#3998 = CYLINDRICAL_SURFACE('',#3999,5.);
#3999 = AXIS2_PLACEMENT_3D('',#4000,#4001,#4002);
#4000 = CARTESIAN_POINT('',(-81.9,47.895110531891,25.));
#4001 = DIRECTION('',(-1.,5.624913994737E-17,0.));
#4002 = DIRECTION('',(-5.624913994737E-17,-1.,0.));
#4003 = DEFINITIONAL_REPRESENTATION('',(#4004),#4008);
#4004 = LINE('',#4005,#4006);
#4005 = CARTESIAN_POINT('',(-1.7763568394E-15,-71.8));
#4006 = VECTOR('',#4007,1.);
#4007 = DIRECTION('',(1.,-4.505614331152E-14));
#4008 = ( GEOMETRIC_REPRESENTATION_CONTEXT(2) 
PARAMETRIC_REPRESENTATION_CONTEXT() REPRESENTATION_CONTEXT('2D SPACE',''
  ) );
#4009 = ORIENTED_EDGE('',*,*,#4010,.T.);
#4010 = EDGE_CURVE('',#3982,#4011,#4013,.T.);
#4011 = VERTEX_POINT('',#4012);
#4012 = CARTESIAN_POINT('',(-10.1,-27.20882998989,44.246643182884));
#4013 = SURFACE_CURVE('',#4014,(#4018,#4025),.PCURVE_S1.);
#4014 = LINE('',#4015,#4016);
#4015 = CARTESIAN_POINT('',(-10.1,-11.39235069471,39.085795812094));
#4016 = VECTOR('',#4017,1.);
#4017 = DIRECTION('',(-5.718279930892E-17,-0.950671363423,0.310199869063
    ));
#4018 = PCURVE('',#962,#4019);
#4019 = DEFINITIONAL_REPRESENTATION('',(#4020),#4024);
#4020 = LINE('',#4021,#4022);
#4021 = CARTESIAN_POINT('',(11.39235069471,-34.9142041879));
#4022 = VECTOR('',#4023,1.);
#4023 = DIRECTION('',(0.950671363423,0.310199869063));
#4024 = ( GEOMETRIC_REPRESENTATION_CONTEXT(2) 
PARAMETRIC_REPRESENTATION_CONTEXT() REPRESENTATION_CONTEXT('2D SPACE',''
  ) );
#4025 = PCURVE('',#3483,#4026);
#4026 = DEFINITIONAL_REPRESENTATION('',(#4027),#4031);
#4027 = LINE('',#4028,#4029);
#4028 = CARTESIAN_POINT('',(-6.724038338224,71.8));
#4029 = VECTOR('',#4030,1.);
#4030 = DIRECTION('',(-1.,-5.718279930892E-17));
#4031 = ( GEOMETRIC_REPRESENTATION_CONTEXT(2) 
PARAMETRIC_REPRESENTATION_CONTEXT() REPRESENTATION_CONTEXT('2D SPACE',''
  ) );
#4032 = ORIENTED_EDGE('',*,*,#4033,.T.);
#4033 = EDGE_CURVE('',#4011,#4034,#4036,.T.);
#4034 = VERTEX_POINT('',#4035);
#4035 = CARTESIAN_POINT('',(-10.1,-25.65783064458,54.));
#4036 = SURFACE_CURVE('',#4037,(#4042,#4049),.PCURVE_S1.);
#4037 = CIRCLE('',#4038,5.);
#4038 = AXIS2_PLACEMENT_3D('',#4039,#4040,#4041);
#4039 = CARTESIAN_POINT('',(-10.1,-25.65783064458,49.));
#4040 = DIRECTION('',(-1.,6.014991248186E-17,0.));
#4041 = DIRECTION('',(-6.014991248186E-17,-1.,0.));
#4042 = PCURVE('',#962,#4043);
#4043 = DEFINITIONAL_REPRESENTATION('',(#4044),#4048);
#4044 = CIRCLE('',#4045,5.);
#4045 = AXIS2_PLACEMENT_2D('',#4046,#4047);
#4046 = CARTESIAN_POINT('',(25.657830644579,-25.));
#4047 = DIRECTION('',(1.,0.));
#4048 = ( GEOMETRIC_REPRESENTATION_CONTEXT(2) 
PARAMETRIC_REPRESENTATION_CONTEXT() REPRESENTATION_CONTEXT('2D SPACE',''
  ) );
#4049 = PCURVE('',#3455,#4050);
#4050 = DEFINITIONAL_REPRESENTATION('',(#4051),#4055);
#4051 = LINE('',#4052,#4053);
#4052 = CARTESIAN_POINT('',(6.440886939751,71.8));
#4053 = VECTOR('',#4054,1.);
#4054 = DIRECTION('',(-1.,0.));
#4055 = ( GEOMETRIC_REPRESENTATION_CONTEXT(2) 
PARAMETRIC_REPRESENTATION_CONTEXT() REPRESENTATION_CONTEXT('2D SPACE',''
  ) );
#4056 = ORIENTED_EDGE('',*,*,#4057,.F.);
#4057 = EDGE_CURVE('',#4058,#4034,#4060,.T.);
#4058 = VERTEX_POINT('',#4059);
#4059 = CARTESIAN_POINT('',(-10.1,52.1,54.));
#4060 = SURFACE_CURVE('',#4061,(#4065,#4072),.PCURVE_S1.);
#4061 = LINE('',#4062,#4063);
#4062 = CARTESIAN_POINT('',(-10.1,-2.078022517632E-15,54.));
#4063 = VECTOR('',#4064,1.);
#4064 = DIRECTION('',(-6.014991248186E-17,-1.,-2.430435693137E-16));
#4065 = PCURVE('',#962,#4066);
#4066 = DEFINITIONAL_REPRESENTATION('',(#4067),#4071);
#4067 = LINE('',#4068,#4069);
#4068 = CARTESIAN_POINT('',(-4.860871386275E-15,-20.));
#4069 = VECTOR('',#4070,1.);
#4070 = DIRECTION('',(1.,-2.430435693137E-16));
#4071 = ( GEOMETRIC_REPRESENTATION_CONTEXT(2) 
PARAMETRIC_REPRESENTATION_CONTEXT() REPRESENTATION_CONTEXT('2D SPACE',''
  ) );
#4072 = PCURVE('',#3426,#4073);
#4073 = DEFINITIONAL_REPRESENTATION('',(#4074),#4078);
#4074 = LINE('',#4075,#4076);
#4075 = CARTESIAN_POINT('',(-7.534189092527E-15,71.8));
#4076 = VECTOR('',#4077,1.);
#4077 = DIRECTION('',(-1.,-6.014991248186E-17));
#4078 = ( GEOMETRIC_REPRESENTATION_CONTEXT(2) 
PARAMETRIC_REPRESENTATION_CONTEXT() REPRESENTATION_CONTEXT('2D SPACE',''
  ) );
#4079 = ORIENTED_EDGE('',*,*,#4080,.T.);
#4080 = EDGE_CURVE('',#4058,#3897,#4081,.T.);
#4081 = SURFACE_CURVE('',#4082,(#4087,#4094),.PCURVE_S1.);
#4082 = CIRCLE('',#4083,5.);
#4083 = AXIS2_PLACEMENT_3D('',#4084,#4085,#4086);
#4084 = CARTESIAN_POINT('',(-10.1,52.1,49.));
#4085 = DIRECTION('',(-1.,6.014991248186E-17,0.));
#4086 = DIRECTION('',(-6.014991248186E-17,-1.,0.));
#4087 = PCURVE('',#962,#4088);
#4088 = DEFINITIONAL_REPRESENTATION('',(#4089),#4093);
#4089 = CIRCLE('',#4090,5.);
#4090 = AXIS2_PLACEMENT_2D('',#4091,#4092);
#4091 = CARTESIAN_POINT('',(-52.1,-25.));
#4092 = DIRECTION('',(1.,0.));
#4093 = ( GEOMETRIC_REPRESENTATION_CONTEXT(2) 
PARAMETRIC_REPRESENTATION_CONTEXT() REPRESENTATION_CONTEXT('2D SPACE',''
  ) );
#4094 = PCURVE('',#4095,#4100);
#4095 = CYLINDRICAL_SURFACE('',#4096,5.);
#4096 = AXIS2_PLACEMENT_3D('',#4097,#4098,#4099);
#4097 = CARTESIAN_POINT('',(-81.9,52.1,49.));
#4098 = DIRECTION('',(-1.,5.624913994737E-17,6.077163357286E-64));
#4099 = DIRECTION('',(-5.624913994737E-17,-1.,0.));
#4100 = DEFINITIONAL_REPRESENTATION('',(#4101),#4105);
#4101 = LINE('',#4102,#4103);
#4102 = CARTESIAN_POINT('',(1.554312234475E-15,-71.8));
#4103 = VECTOR('',#4104,1.);
#4104 = DIRECTION('',(1.,0.));
#4105 = ( GEOMETRIC_REPRESENTATION_CONTEXT(2) 
PARAMETRIC_REPRESENTATION_CONTEXT() REPRESENTATION_CONTEXT('2D SPACE',''
  ) );
#4106 = FACE_BOUND('',#4107,.T.);
#4107 = EDGE_LOOP('',(#4108,#4138,#4167,#4195,#4224));
#4108 = ORIENTED_EDGE('',*,*,#4109,.F.);
#4109 = EDGE_CURVE('',#4110,#4112,#4114,.T.);
#4110 = VERTEX_POINT('',#4111);
#4111 = CARTESIAN_POINT('',(-10.1,-47.26572978472,29.753356817117));
#4112 = VERTEX_POINT('',#4113);
#4113 = CARTESIAN_POINT('',(-10.1,-57.1,32.962235774115));
#4114 = SURFACE_CURVE('',#4115,(#4119,#4126),.PCURVE_S1.);
#4115 = LINE('',#4116,#4117);
#4116 = CARTESIAN_POINT('',(-10.1,-17.59634807597,20.072368543627));
#4117 = VECTOR('',#4118,1.);
#4118 = DIRECTION('',(-5.718279930892E-17,-0.950671363423,0.310199869063
    ));
#4119 = PCURVE('',#962,#4120);
#4120 = DEFINITIONAL_REPRESENTATION('',(#4121),#4125);
#4121 = LINE('',#4122,#4123);
#4122 = CARTESIAN_POINT('',(17.596348075976,-53.92763145637));
#4123 = VECTOR('',#4124,1.);
#4124 = DIRECTION('',(0.950671363423,0.310199869063));
#4125 = ( GEOMETRIC_REPRESENTATION_CONTEXT(2) 
PARAMETRIC_REPRESENTATION_CONTEXT() REPRESENTATION_CONTEXT('2D SPACE',''
  ) );
#4126 = PCURVE('',#4127,#4132);
#4127 = PLANE('',#4128);
#4128 = AXIS2_PLACEMENT_3D('',#4129,#4130,#4131);
#4129 = CARTESIAN_POINT('',(-81.9,-37.23727988731,26.481117887058));
#4130 = DIRECTION('',(-1.744847584659E-17,-0.310199869063,
    -0.950671363423));
#4131 = DIRECTION('',(3.341066551372E-34,0.950671363423,-0.310199869063)
  );
#4132 = DEFINITIONAL_REPRESENTATION('',(#4133),#4137);
#4133 = LINE('',#4134,#4135);
#4134 = CARTESIAN_POINT('',(20.660064631178,71.8));
#4135 = VECTOR('',#4136,1.);
#4136 = DIRECTION('',(-1.,-5.718279930892E-17));
#4137 = ( GEOMETRIC_REPRESENTATION_CONTEXT(2) 
PARAMETRIC_REPRESENTATION_CONTEXT() REPRESENTATION_CONTEXT('2D SPACE',''
  ) );
#4138 = ORIENTED_EDGE('',*,*,#4139,.T.);
#4139 = EDGE_CURVE('',#4110,#4140,#4142,.T.);
#4140 = VERTEX_POINT('',#4141);
#4141 = CARTESIAN_POINT('',(-10.1,-48.81672913004,20.));
#4142 = SURFACE_CURVE('',#4143,(#4148,#4155),.PCURVE_S1.);
#4143 = CIRCLE('',#4144,5.);
#4144 = AXIS2_PLACEMENT_3D('',#4145,#4146,#4147);
#4145 = CARTESIAN_POINT('',(-10.1,-48.81672913004,25.));
#4146 = DIRECTION('',(-1.,6.014991248186E-17,0.));
#4147 = DIRECTION('',(-6.014991248186E-17,-1.,0.));
#4148 = PCURVE('',#962,#4149);
#4149 = DEFINITIONAL_REPRESENTATION('',(#4150),#4154);
#4150 = CIRCLE('',#4151,5.);
#4151 = AXIS2_PLACEMENT_2D('',#4152,#4153);
#4152 = CARTESIAN_POINT('',(48.816729130044,-49.));
#4153 = DIRECTION('',(1.,0.));
#4154 = ( GEOMETRIC_REPRESENTATION_CONTEXT(2) 
PARAMETRIC_REPRESENTATION_CONTEXT() REPRESENTATION_CONTEXT('2D SPACE',''
  ) );
#4155 = PCURVE('',#4156,#4161);
#4156 = CYLINDRICAL_SURFACE('',#4157,5.);
#4157 = AXIS2_PLACEMENT_3D('',#4158,#4159,#4160);
#4158 = CARTESIAN_POINT('',(-81.9,-48.81672913004,25.));
#4159 = DIRECTION('',(1.,-5.624913994737E-17,0.));
#4160 = DIRECTION('',(5.624913994737E-17,1.,0.));
#4161 = DEFINITIONAL_REPRESENTATION('',(#4162),#4166);
#4162 = LINE('',#4163,#4164);
#4163 = CARTESIAN_POINT('',(9.424777960769,71.8));
#4164 = VECTOR('',#4165,1.);
#4165 = DIRECTION('',(-1.,0.));
#4166 = ( GEOMETRIC_REPRESENTATION_CONTEXT(2) 
PARAMETRIC_REPRESENTATION_CONTEXT() REPRESENTATION_CONTEXT('2D SPACE',''
  ) );
#4167 = ORIENTED_EDGE('',*,*,#4168,.T.);
#4168 = EDGE_CURVE('',#4140,#4169,#4171,.T.);
#4169 = VERTEX_POINT('',#4170);
#4170 = CARTESIAN_POINT('',(-10.1,-52.1,20.));
#4171 = SURFACE_CURVE('',#4172,(#4176,#4183),.PCURVE_S1.);
#4172 = LINE('',#4173,#4174);
#4173 = CARTESIAN_POINT('',(-10.1,-6.938893903907E-15,20.));
#4174 = VECTOR('',#4175,1.);
#4175 = DIRECTION('',(-6.014991248186E-17,-1.,0.));
#4176 = PCURVE('',#962,#4177);
#4177 = DEFINITIONAL_REPRESENTATION('',(#4178),#4182);
#4178 = LINE('',#4179,#4180);
#4179 = CARTESIAN_POINT('',(-0.,-54.));
#4180 = VECTOR('',#4181,1.);
#4181 = DIRECTION('',(1.,0.));
#4182 = ( GEOMETRIC_REPRESENTATION_CONTEXT(2) 
PARAMETRIC_REPRESENTATION_CONTEXT() REPRESENTATION_CONTEXT('2D SPACE',''
  ) );
#4183 = PCURVE('',#4184,#4189);
#4184 = PLANE('',#4185);
#4185 = AXIS2_PLACEMENT_3D('',#4186,#4187,#4188);
#4186 = CARTESIAN_POINT('',(-81.9,-37.23727988731,20.));
#4187 = DIRECTION('',(0.,0.,-1.));
#4188 = DIRECTION('',(-1.,0.,0.));
#4189 = DEFINITIONAL_REPRESENTATION('',(#4190),#4194);
#4190 = LINE('',#4191,#4192);
#4191 = CARTESIAN_POINT('',(-71.8,37.237279887312));
#4192 = VECTOR('',#4193,1.);
#4193 = DIRECTION('',(6.014991248186E-17,-1.));
#4194 = ( GEOMETRIC_REPRESENTATION_CONTEXT(2) 
PARAMETRIC_REPRESENTATION_CONTEXT() REPRESENTATION_CONTEXT('2D SPACE',''
  ) );
#4195 = ORIENTED_EDGE('',*,*,#4196,.T.);
#4196 = EDGE_CURVE('',#4169,#4197,#4199,.T.);
#4197 = VERTEX_POINT('',#4198);
#4198 = CARTESIAN_POINT('',(-10.1,-57.1,25.));
#4199 = SURFACE_CURVE('',#4200,(#4205,#4212),.PCURVE_S1.);
#4200 = CIRCLE('',#4201,5.);
#4201 = AXIS2_PLACEMENT_3D('',#4202,#4203,#4204);
#4202 = CARTESIAN_POINT('',(-10.1,-52.1,25.));
#4203 = DIRECTION('',(-1.,6.014991248186E-17,0.));
#4204 = DIRECTION('',(-6.014991248186E-17,-1.,0.));
#4205 = PCURVE('',#962,#4206);
#4206 = DEFINITIONAL_REPRESENTATION('',(#4207),#4211);
#4207 = CIRCLE('',#4208,5.);
#4208 = AXIS2_PLACEMENT_2D('',#4209,#4210);
#4209 = CARTESIAN_POINT('',(52.1,-49.));
#4210 = DIRECTION('',(1.,0.));
#4211 = ( GEOMETRIC_REPRESENTATION_CONTEXT(2) 
PARAMETRIC_REPRESENTATION_CONTEXT() REPRESENTATION_CONTEXT('2D SPACE',''
  ) );
#4212 = PCURVE('',#4213,#4218);
#4213 = CYLINDRICAL_SURFACE('',#4214,5.);
#4214 = AXIS2_PLACEMENT_3D('',#4215,#4216,#4217);
#4215 = CARTESIAN_POINT('',(-81.9,-52.1,25.));
#4216 = DIRECTION('',(-1.,5.624913994737E-17,0.));
#4217 = DIRECTION('',(-5.624913994737E-17,-1.,0.));
#4218 = DEFINITIONAL_REPRESENTATION('',(#4219),#4223);
#4219 = LINE('',#4220,#4221);
#4220 = CARTESIAN_POINT('',(-1.7763568394E-15,-71.8));
#4221 = VECTOR('',#4222,1.);
#4222 = DIRECTION('',(1.,0.));
#4223 = ( GEOMETRIC_REPRESENTATION_CONTEXT(2) 
PARAMETRIC_REPRESENTATION_CONTEXT() REPRESENTATION_CONTEXT('2D SPACE',''
  ) );
#4224 = ORIENTED_EDGE('',*,*,#4225,.T.);
#4225 = EDGE_CURVE('',#4197,#4112,#4226,.T.);
#4226 = SURFACE_CURVE('',#4227,(#4231,#4238),.PCURVE_S1.);
#4227 = LINE('',#4228,#4229);
#4228 = CARTESIAN_POINT('',(-10.1,-57.1,74.));
#4229 = VECTOR('',#4230,1.);
#4230 = DIRECTION('',(0.,0.,1.));
#4231 = PCURVE('',#962,#4232);
#4232 = DEFINITIONAL_REPRESENTATION('',(#4233),#4237);
#4233 = LINE('',#4234,#4235);
#4234 = CARTESIAN_POINT('',(57.1,0.));
#4235 = VECTOR('',#4236,1.);
#4236 = DIRECTION('',(0.,1.));
#4237 = ( GEOMETRIC_REPRESENTATION_CONTEXT(2) 
PARAMETRIC_REPRESENTATION_CONTEXT() REPRESENTATION_CONTEXT('2D SPACE',''
  ) );
#4238 = PCURVE('',#4239,#4244);
#4239 = PLANE('',#4240);
#4240 = AXIS2_PLACEMENT_3D('',#4241,#4242,#4243);
#4241 = CARTESIAN_POINT('',(-81.9,-57.1,26.481117887058));
#4242 = DIRECTION('',(-5.624913994737E-17,-1.,0.));
#4243 = DIRECTION('',(1.,-5.624913994737E-17,0.));
#4244 = DEFINITIONAL_REPRESENTATION('',(#4245),#4249);
#4245 = LINE('',#4246,#4247);
#4246 = CARTESIAN_POINT('',(71.8,47.518882112942));
#4247 = VECTOR('',#4248,1.);
#4248 = DIRECTION('',(0.,1.));
#4249 = ( GEOMETRIC_REPRESENTATION_CONTEXT(2) 
PARAMETRIC_REPRESENTATION_CONTEXT() REPRESENTATION_CONTEXT('2D SPACE',''
  ) );
#4250 = ADVANCED_FACE('',(#4251,#4515,#4705),#1018,.T.);
#4251 = FACE_BOUND('',#4252,.T.);
#4252 = EDGE_LOOP('',(#4253,#4284,#4305,#4306,#4327,#4328,#4351,#4380,
    #4408,#4437,#4460,#4489));
#4253 = ORIENTED_EDGE('',*,*,#4254,.F.);
#4254 = EDGE_CURVE('',#4255,#4257,#4259,.T.);
#4255 = VERTEX_POINT('',#4256);
#4256 = CARTESIAN_POINT('',(10.1,-68.1,10.));
#4257 = VERTEX_POINT('',#4258);
#4258 = CARTESIAN_POINT('',(10.1,-62.1,4.));
#4259 = SURFACE_CURVE('',#4260,(#4265,#4272),.PCURVE_S1.);
#4260 = CIRCLE('',#4261,6.);
#4261 = AXIS2_PLACEMENT_3D('',#4262,#4263,#4264);
#4262 = CARTESIAN_POINT('',(10.1,-68.1,4.));
#4263 = DIRECTION('',(-1.,6.014991248186E-17,0.));
#4264 = DIRECTION('',(-6.014991248186E-17,-1.,0.));
#4265 = PCURVE('',#1018,#4266);
#4266 = DEFINITIONAL_REPRESENTATION('',(#4267),#4271);
#4267 = CIRCLE('',#4268,6.);
#4268 = AXIS2_PLACEMENT_2D('',#4269,#4270);
#4269 = CARTESIAN_POINT('',(68.1,-70.));
#4270 = DIRECTION('',(1.,0.));
#4271 = ( GEOMETRIC_REPRESENTATION_CONTEXT(2) 
PARAMETRIC_REPRESENTATION_CONTEXT() REPRESENTATION_CONTEXT('2D SPACE',''
  ) );
#4272 = PCURVE('',#4273,#4278);
#4273 = TOROIDAL_SURFACE('',#4274,6.,5.);
#4274 = AXIS2_PLACEMENT_3D('',#4275,#4276,#4277);
#4275 = CARTESIAN_POINT('',(5.1,-68.1,4.));
#4276 = DIRECTION('',(-1.,6.014991248186E-17,0.));
#4277 = DIRECTION('',(-6.014991248186E-17,-1.,0.));
#4278 = DEFINITIONAL_REPRESENTATION('',(#4279),#4283);
#4279 = LINE('',#4280,#4281);
#4280 = CARTESIAN_POINT('',(0.,4.712388980385));
#4281 = VECTOR('',#4282,1.);
#4282 = DIRECTION('',(1.,0.));
#4283 = ( GEOMETRIC_REPRESENTATION_CONTEXT(2) 
PARAMETRIC_REPRESENTATION_CONTEXT() REPRESENTATION_CONTEXT('2D SPACE',''
  ) );
#4284 = ORIENTED_EDGE('',*,*,#4285,.F.);
#4285 = EDGE_CURVE('',#1003,#4255,#4286,.T.);
#4286 = SURFACE_CURVE('',#4287,(#4291,#4298),.PCURVE_S1.);
#4287 = LINE('',#4288,#4289);
#4288 = CARTESIAN_POINT('',(10.1,-72.1,10.));
#4289 = VECTOR('',#4290,1.);
#4290 = DIRECTION('',(6.014991248186E-17,1.,0.));
#4291 = PCURVE('',#1018,#4292);
#4292 = DEFINITIONAL_REPRESENTATION('',(#4293),#4297);
#4293 = LINE('',#4294,#4295);
#4294 = CARTESIAN_POINT('',(72.1,-64.));
#4295 = VECTOR('',#4296,1.);
#4296 = DIRECTION('',(-1.,0.));
#4297 = ( GEOMETRIC_REPRESENTATION_CONTEXT(2) 
PARAMETRIC_REPRESENTATION_CONTEXT() REPRESENTATION_CONTEXT('2D SPACE',''
  ) );
#4298 = PCURVE('',#1047,#4299);
#4299 = DEFINITIONAL_REPRESENTATION('',(#4300),#4304);
#4300 = LINE('',#4301,#4302);
#4301 = CARTESIAN_POINT('',(6.28318530718,72.1));
#4302 = VECTOR('',#4303,1.);
#4303 = DIRECTION('',(0.,-1.));
#4304 = ( GEOMETRIC_REPRESENTATION_CONTEXT(2) 
PARAMETRIC_REPRESENTATION_CONTEXT() REPRESENTATION_CONTEXT('2D SPACE',''
  ) );
#4305 = ORIENTED_EDGE('',*,*,#1002,.F.);
#4306 = ORIENTED_EDGE('',*,*,#4307,.T.);
#4307 = EDGE_CURVE('',#975,#1308,#4308,.T.);
#4308 = SURFACE_CURVE('',#4309,(#4313,#4320),.PCURVE_S1.);
#4309 = LINE('',#4310,#4311);
#4310 = CARTESIAN_POINT('',(10.1,0.,74.));
#4311 = VECTOR('',#4312,1.);
#4312 = DIRECTION('',(6.014991248186E-17,1.,0.));
#4313 = PCURVE('',#1018,#4314);
#4314 = DEFINITIONAL_REPRESENTATION('',(#4315),#4319);
#4315 = LINE('',#4316,#4317);
#4316 = CARTESIAN_POINT('',(0.,0.));
#4317 = VECTOR('',#4318,1.);
#4318 = DIRECTION('',(-1.,0.));
#4319 = ( GEOMETRIC_REPRESENTATION_CONTEXT(2) 
PARAMETRIC_REPRESENTATION_CONTEXT() REPRESENTATION_CONTEXT('2D SPACE',''
  ) );
#4320 = PCURVE('',#990,#4321);
#4321 = DEFINITIONAL_REPRESENTATION('',(#4322),#4326);
#4322 = LINE('',#4323,#4324);
#4323 = CARTESIAN_POINT('',(10.1,0.));
#4324 = VECTOR('',#4325,1.);
#4325 = DIRECTION('',(6.014991248186E-17,1.));
#4326 = ( GEOMETRIC_REPRESENTATION_CONTEXT(2) 
PARAMETRIC_REPRESENTATION_CONTEXT() REPRESENTATION_CONTEXT('2D SPACE',''
  ) );
#4327 = ORIENTED_EDGE('',*,*,#1307,.T.);
#4328 = ORIENTED_EDGE('',*,*,#4329,.F.);
#4329 = EDGE_CURVE('',#4330,#1279,#4332,.T.);
#4330 = VERTEX_POINT('',#4331);
#4331 = CARTESIAN_POINT('',(10.1,68.1,10.));
#4332 = SURFACE_CURVE('',#4333,(#4337,#4344),.PCURVE_S1.);
#4333 = LINE('',#4334,#4335);
#4334 = CARTESIAN_POINT('',(10.1,68.1,10.));
#4335 = VECTOR('',#4336,1.);
#4336 = DIRECTION('',(6.014991248186E-17,1.,0.));
#4337 = PCURVE('',#1018,#4338);
#4338 = DEFINITIONAL_REPRESENTATION('',(#4339),#4343);
#4339 = LINE('',#4340,#4341);
#4340 = CARTESIAN_POINT('',(-68.1,-64.));
#4341 = VECTOR('',#4342,1.);
#4342 = DIRECTION('',(-1.,0.));
#4343 = ( GEOMETRIC_REPRESENTATION_CONTEXT(2) 
PARAMETRIC_REPRESENTATION_CONTEXT() REPRESENTATION_CONTEXT('2D SPACE',''
  ) );
#4344 = PCURVE('',#1295,#4345);
#4345 = DEFINITIONAL_REPRESENTATION('',(#4346),#4350);
#4346 = LINE('',#4347,#4348);
#4347 = CARTESIAN_POINT('',(6.28318530718,-68.1));
#4348 = VECTOR('',#4349,1.);
#4349 = DIRECTION('',(0.,-1.));
#4350 = ( GEOMETRIC_REPRESENTATION_CONTEXT(2) 
PARAMETRIC_REPRESENTATION_CONTEXT() REPRESENTATION_CONTEXT('2D SPACE',''
  ) );
#4351 = ORIENTED_EDGE('',*,*,#4352,.F.);
#4352 = EDGE_CURVE('',#4353,#4330,#4355,.T.);
#4353 = VERTEX_POINT('',#4354);
#4354 = CARTESIAN_POINT('',(10.1,62.1,4.));
#4355 = SURFACE_CURVE('',#4356,(#4361,#4368),.PCURVE_S1.);
#4356 = CIRCLE('',#4357,6.);
#4357 = AXIS2_PLACEMENT_3D('',#4358,#4359,#4360);
#4358 = CARTESIAN_POINT('',(10.1,68.1,4.));
#4359 = DIRECTION('',(-1.,6.014991248186E-17,0.));
#4360 = DIRECTION('',(-6.014991248186E-17,-1.,0.));
#4361 = PCURVE('',#1018,#4362);
#4362 = DEFINITIONAL_REPRESENTATION('',(#4363),#4367);
#4363 = CIRCLE('',#4364,6.);
#4364 = AXIS2_PLACEMENT_2D('',#4365,#4366);
#4365 = CARTESIAN_POINT('',(-68.1,-70.));
#4366 = DIRECTION('',(1.,0.));
#4367 = ( GEOMETRIC_REPRESENTATION_CONTEXT(2) 
PARAMETRIC_REPRESENTATION_CONTEXT() REPRESENTATION_CONTEXT('2D SPACE',''
  ) );
#4368 = PCURVE('',#4369,#4374);
#4369 = TOROIDAL_SURFACE('',#4370,6.,5.);
#4370 = AXIS2_PLACEMENT_3D('',#4371,#4372,#4373);
#4371 = CARTESIAN_POINT('',(5.1,68.1,4.));
#4372 = DIRECTION('',(-1.,6.014991248186E-17,0.));
#4373 = DIRECTION('',(-6.014991248186E-17,-1.,0.));
#4374 = DEFINITIONAL_REPRESENTATION('',(#4375),#4379);
#4375 = LINE('',#4376,#4377);
#4376 = CARTESIAN_POINT('',(0.,4.712388980385));
#4377 = VECTOR('',#4378,1.);
#4378 = DIRECTION('',(1.,0.));
#4379 = ( GEOMETRIC_REPRESENTATION_CONTEXT(2) 
PARAMETRIC_REPRESENTATION_CONTEXT() REPRESENTATION_CONTEXT('2D SPACE',''
  ) );
#4380 = ORIENTED_EDGE('',*,*,#4381,.T.);
#4381 = EDGE_CURVE('',#4353,#4382,#4384,.T.);
#4382 = VERTEX_POINT('',#4383);
#4383 = CARTESIAN_POINT('',(10.1,62.1,1.));
#4384 = SURFACE_CURVE('',#4385,(#4389,#4396),.PCURVE_S1.);
#4385 = LINE('',#4386,#4387);
#4386 = CARTESIAN_POINT('',(10.1,62.1,1.));
#4387 = VECTOR('',#4388,1.);
#4388 = DIRECTION('',(0.,0.,-1.));
#4389 = PCURVE('',#1018,#4390);
#4390 = DEFINITIONAL_REPRESENTATION('',(#4391),#4395);
#4391 = LINE('',#4392,#4393);
#4392 = CARTESIAN_POINT('',(-62.1,-73.));
#4393 = VECTOR('',#4394,1.);
#4394 = DIRECTION('',(-0.,-1.));
#4395 = ( GEOMETRIC_REPRESENTATION_CONTEXT(2) 
PARAMETRIC_REPRESENTATION_CONTEXT() REPRESENTATION_CONTEXT('2D SPACE',''
  ) );
#4396 = PCURVE('',#4397,#4402);
#4397 = CYLINDRICAL_SURFACE('',#4398,5.);
#4398 = AXIS2_PLACEMENT_3D('',#4399,#4400,#4401);
#4399 = CARTESIAN_POINT('',(5.1,62.1,74.));
#4400 = DIRECTION('',(0.,0.,1.));
#4401 = DIRECTION('',(1.,0.,-0.));
#4402 = DEFINITIONAL_REPRESENTATION('',(#4403),#4407);
#4403 = LINE('',#4404,#4405);
#4404 = CARTESIAN_POINT('',(0.,-73.));
#4405 = VECTOR('',#4406,1.);
#4406 = DIRECTION('',(0.,-1.));
#4407 = ( GEOMETRIC_REPRESENTATION_CONTEXT(2) 
PARAMETRIC_REPRESENTATION_CONTEXT() REPRESENTATION_CONTEXT('2D SPACE',''
  ) );
#4408 = ORIENTED_EDGE('',*,*,#4409,.F.);
#4409 = EDGE_CURVE('',#4410,#4382,#4412,.T.);
#4410 = VERTEX_POINT('',#4411);
#4411 = CARTESIAN_POINT('',(10.1,62.1839202169,0.));
#4412 = SURFACE_CURVE('',#4413,(#4418,#4425),.PCURVE_S1.);
#4413 = CIRCLE('',#4414,6.);
#4414 = AXIS2_PLACEMENT_3D('',#4415,#4416,#4417);
#4415 = CARTESIAN_POINT('',(10.1,68.1,1.));
#4416 = DIRECTION('',(-1.,6.014991248186E-17,0.));
#4417 = DIRECTION('',(-6.014991248186E-17,-1.,0.));
#4418 = PCURVE('',#1018,#4419);
#4419 = DEFINITIONAL_REPRESENTATION('',(#4420),#4424);
#4420 = CIRCLE('',#4421,6.);
#4421 = AXIS2_PLACEMENT_2D('',#4422,#4423);
#4422 = CARTESIAN_POINT('',(-68.1,-73.));
#4423 = DIRECTION('',(1.,0.));
#4424 = ( GEOMETRIC_REPRESENTATION_CONTEXT(2) 
PARAMETRIC_REPRESENTATION_CONTEXT() REPRESENTATION_CONTEXT('2D SPACE',''
  ) );
#4425 = PCURVE('',#4426,#4431);
#4426 = TOROIDAL_SURFACE('',#4427,6.,5.);
#4427 = AXIS2_PLACEMENT_3D('',#4428,#4429,#4430);
#4428 = CARTESIAN_POINT('',(5.1,68.1,1.));
#4429 = DIRECTION('',(-1.,6.014991248186E-17,0.));
#4430 = DIRECTION('',(-6.014991248186E-17,-1.,0.));
#4431 = DEFINITIONAL_REPRESENTATION('',(#4432),#4436);
#4432 = LINE('',#4433,#4434);
#4433 = CARTESIAN_POINT('',(0.,4.712388980385));
#4434 = VECTOR('',#4435,1.);
#4435 = DIRECTION('',(1.,-5.304201898517E-15));
#4436 = ( GEOMETRIC_REPRESENTATION_CONTEXT(2) 
PARAMETRIC_REPRESENTATION_CONTEXT() REPRESENTATION_CONTEXT('2D SPACE',''
  ) );
#4437 = ORIENTED_EDGE('',*,*,#4438,.F.);
#4438 = EDGE_CURVE('',#4439,#4410,#4441,.T.);
#4439 = VERTEX_POINT('',#4440);
#4440 = CARTESIAN_POINT('',(10.1,-62.1839202169,0.));
#4441 = SURFACE_CURVE('',#4442,(#4446,#4453),.PCURVE_S1.);
#4442 = LINE('',#4443,#4444);
#4443 = CARTESIAN_POINT('',(10.1,0.,0.));
#4444 = VECTOR('',#4445,1.);
#4445 = DIRECTION('',(6.014991248186E-17,1.,0.));
#4446 = PCURVE('',#1018,#4447);
#4447 = DEFINITIONAL_REPRESENTATION('',(#4448),#4452);
#4448 = LINE('',#4449,#4450);
#4449 = CARTESIAN_POINT('',(-0.,-74.));
#4450 = VECTOR('',#4451,1.);
#4451 = DIRECTION('',(-1.,0.));
#4452 = ( GEOMETRIC_REPRESENTATION_CONTEXT(2) 
PARAMETRIC_REPRESENTATION_CONTEXT() REPRESENTATION_CONTEXT('2D SPACE',''
  ) );
#4453 = PCURVE('',#74,#4454);
#4454 = DEFINITIONAL_REPRESENTATION('',(#4455),#4459);
#4455 = LINE('',#4456,#4457);
#4456 = CARTESIAN_POINT('',(10.1,0.));
#4457 = VECTOR('',#4458,1.);
#4458 = DIRECTION('',(6.014991248186E-17,1.));
#4459 = ( GEOMETRIC_REPRESENTATION_CONTEXT(2) 
PARAMETRIC_REPRESENTATION_CONTEXT() REPRESENTATION_CONTEXT('2D SPACE',''
  ) );
#4460 = ORIENTED_EDGE('',*,*,#4461,.F.);
#4461 = EDGE_CURVE('',#4462,#4439,#4464,.T.);
#4462 = VERTEX_POINT('',#4463);
#4463 = CARTESIAN_POINT('',(10.1,-62.1,1.));
#4464 = SURFACE_CURVE('',#4465,(#4470,#4477),.PCURVE_S1.);
#4465 = CIRCLE('',#4466,6.);
#4466 = AXIS2_PLACEMENT_3D('',#4467,#4468,#4469);
#4467 = CARTESIAN_POINT('',(10.1,-68.1,1.));
#4468 = DIRECTION('',(-1.,6.014991248186E-17,0.));
#4469 = DIRECTION('',(-6.014991248186E-17,-1.,0.));
#4470 = PCURVE('',#1018,#4471);
#4471 = DEFINITIONAL_REPRESENTATION('',(#4472),#4476);
#4472 = CIRCLE('',#4473,6.);
#4473 = AXIS2_PLACEMENT_2D('',#4474,#4475);
#4474 = CARTESIAN_POINT('',(68.1,-73.));
#4475 = DIRECTION('',(1.,0.));
#4476 = ( GEOMETRIC_REPRESENTATION_CONTEXT(2) 
PARAMETRIC_REPRESENTATION_CONTEXT() REPRESENTATION_CONTEXT('2D SPACE',''
  ) );
#4477 = PCURVE('',#4478,#4483);
#4478 = TOROIDAL_SURFACE('',#4479,6.,5.);
#4479 = AXIS2_PLACEMENT_3D('',#4480,#4481,#4482);
#4480 = CARTESIAN_POINT('',(5.1,-68.1,1.));
#4481 = DIRECTION('',(-1.,6.014991248186E-17,0.));
#4482 = DIRECTION('',(-6.014991248186E-17,-1.,0.));
#4483 = DEFINITIONAL_REPRESENTATION('',(#4484),#4488);
#4484 = LINE('',#4485,#4486);
#4485 = CARTESIAN_POINT('',(0.,4.712388980385));
#4486 = VECTOR('',#4487,1.);
#4487 = DIRECTION('',(1.,5.304201898517E-15));
#4488 = ( GEOMETRIC_REPRESENTATION_CONTEXT(2) 
PARAMETRIC_REPRESENTATION_CONTEXT() REPRESENTATION_CONTEXT('2D SPACE',''
  ) );
#4489 = ORIENTED_EDGE('',*,*,#4490,.F.);
#4490 = EDGE_CURVE('',#4257,#4462,#4491,.T.);
#4491 = SURFACE_CURVE('',#4492,(#4496,#4503),.PCURVE_S1.);
#4492 = LINE('',#4493,#4494);
#4493 = CARTESIAN_POINT('',(10.1,-62.1,74.));
#4494 = VECTOR('',#4495,1.);
#4495 = DIRECTION('',(0.,0.,-1.));
#4496 = PCURVE('',#1018,#4497);
#4497 = DEFINITIONAL_REPRESENTATION('',(#4498),#4502);
#4498 = LINE('',#4499,#4500);
#4499 = CARTESIAN_POINT('',(62.1,0.));
#4500 = VECTOR('',#4501,1.);
#4501 = DIRECTION('',(-0.,-1.));
#4502 = ( GEOMETRIC_REPRESENTATION_CONTEXT(2) 
PARAMETRIC_REPRESENTATION_CONTEXT() REPRESENTATION_CONTEXT('2D SPACE',''
  ) );
#4503 = PCURVE('',#4504,#4509);
#4504 = CYLINDRICAL_SURFACE('',#4505,5.);
#4505 = AXIS2_PLACEMENT_3D('',#4506,#4507,#4508);
#4506 = CARTESIAN_POINT('',(5.1,-62.1,25.));
#4507 = DIRECTION('',(0.,0.,-1.));
#4508 = DIRECTION('',(-1.,0.,0.));
#4509 = DEFINITIONAL_REPRESENTATION('',(#4510),#4514);
#4510 = LINE('',#4511,#4512);
#4511 = CARTESIAN_POINT('',(3.14159265359,-49.));
#4512 = VECTOR('',#4513,1.);
#4513 = DIRECTION('',(0.,1.));
#4514 = ( GEOMETRIC_REPRESENTATION_CONTEXT(2) 
PARAMETRIC_REPRESENTATION_CONTEXT() REPRESENTATION_CONTEXT('2D SPACE',''
  ) );
#4515 = FACE_BOUND('',#4516,.T.);
#4516 = EDGE_LOOP('',(#4517,#4542,#4566,#4589,#4613,#4636,#4660,#4683));
#4517 = ORIENTED_EDGE('',*,*,#4518,.F.);
#4518 = EDGE_CURVE('',#4519,#4521,#4523,.T.);
#4519 = VERTEX_POINT('',#4520);
#4520 = CARTESIAN_POINT('',(10.1,46.344111186575,20.246643182883));
#4521 = VERTEX_POINT('',#4522);
#4522 = CARTESIAN_POINT('',(10.1,-27.20882998989,44.246643182884));
#4523 = SURFACE_CURVE('',#4524,(#4528,#4535),.PCURVE_S1.);
#4524 = LINE('',#4525,#4526);
#4525 = CARTESIAN_POINT('',(10.1,-11.39235069471,39.085795812094));
#4526 = VECTOR('',#4527,1.);
#4527 = DIRECTION('',(-5.718279930892E-17,-0.950671363423,0.310199869063
    ));
#4528 = PCURVE('',#1018,#4529);
#4529 = DEFINITIONAL_REPRESENTATION('',(#4530),#4534);
#4530 = LINE('',#4531,#4532);
#4531 = CARTESIAN_POINT('',(11.39235069471,-34.9142041879));
#4532 = VECTOR('',#4533,1.);
#4533 = DIRECTION('',(0.950671363423,0.310199869063));
#4534 = ( GEOMETRIC_REPRESENTATION_CONTEXT(2) 
PARAMETRIC_REPRESENTATION_CONTEXT() REPRESENTATION_CONTEXT('2D SPACE',''
  ) );
#4535 = PCURVE('',#3196,#4536);
#4536 = DEFINITIONAL_REPRESENTATION('',(#4537),#4541);
#4537 = LINE('',#4538,#4539);
#4538 = CARTESIAN_POINT('',(-6.724038338224,92.));
#4539 = VECTOR('',#4540,1.);
#4540 = DIRECTION('',(-1.,-5.718279930892E-17));
#4541 = ( GEOMETRIC_REPRESENTATION_CONTEXT(2) 
PARAMETRIC_REPRESENTATION_CONTEXT() REPRESENTATION_CONTEXT('2D SPACE',''
  ) );
#4542 = ORIENTED_EDGE('',*,*,#4543,.F.);
#4543 = EDGE_CURVE('',#4544,#4519,#4546,.T.);
#4544 = VERTEX_POINT('',#4545);
#4545 = CARTESIAN_POINT('',(10.1,47.895110531891,20.));
#4546 = SURFACE_CURVE('',#4547,(#4552,#4559),.PCURVE_S1.);
#4547 = CIRCLE('',#4548,5.);
#4548 = AXIS2_PLACEMENT_3D('',#4549,#4550,#4551);
#4549 = CARTESIAN_POINT('',(10.1,47.895110531891,25.));
#4550 = DIRECTION('',(-1.,6.014991248186E-17,0.));
#4551 = DIRECTION('',(-6.014991248186E-17,-1.,0.));
#4552 = PCURVE('',#1018,#4553);
#4553 = DEFINITIONAL_REPRESENTATION('',(#4554),#4558);
#4554 = CIRCLE('',#4555,5.);
#4555 = AXIS2_PLACEMENT_2D('',#4556,#4557);
#4556 = CARTESIAN_POINT('',(-47.89511053189,-49.));
#4557 = DIRECTION('',(1.,0.));
#4558 = ( GEOMETRIC_REPRESENTATION_CONTEXT(2) 
PARAMETRIC_REPRESENTATION_CONTEXT() REPRESENTATION_CONTEXT('2D SPACE',''
  ) );
#4559 = PCURVE('',#3168,#4560);
#4560 = DEFINITIONAL_REPRESENTATION('',(#4561),#4565);
#4561 = LINE('',#4562,#4563);
#4562 = CARTESIAN_POINT('',(-1.7763568394E-15,-92.));
#4563 = VECTOR('',#4564,1.);
#4564 = DIRECTION('',(1.,0.));
#4565 = ( GEOMETRIC_REPRESENTATION_CONTEXT(2) 
PARAMETRIC_REPRESENTATION_CONTEXT() REPRESENTATION_CONTEXT('2D SPACE',''
  ) );
#4566 = ORIENTED_EDGE('',*,*,#4567,.F.);
#4567 = EDGE_CURVE('',#4568,#4544,#4570,.T.);
#4568 = VERTEX_POINT('',#4569);
#4569 = CARTESIAN_POINT('',(10.1,52.1,20.));
#4570 = SURFACE_CURVE('',#4571,(#4575,#4582),.PCURVE_S1.);
#4571 = LINE('',#4572,#4573);
#4572 = CARTESIAN_POINT('',(10.1,0.,20.));
#4573 = VECTOR('',#4574,1.);
#4574 = DIRECTION('',(-6.014991248186E-17,-1.,0.));
#4575 = PCURVE('',#1018,#4576);
#4576 = DEFINITIONAL_REPRESENTATION('',(#4577),#4581);
#4577 = LINE('',#4578,#4579);
#4578 = CARTESIAN_POINT('',(-0.,-54.));
#4579 = VECTOR('',#4580,1.);
#4580 = DIRECTION('',(1.,0.));
#4581 = ( GEOMETRIC_REPRESENTATION_CONTEXT(2) 
PARAMETRIC_REPRESENTATION_CONTEXT() REPRESENTATION_CONTEXT('2D SPACE',''
  ) );
#4582 = PCURVE('',#3139,#4583);
#4583 = DEFINITIONAL_REPRESENTATION('',(#4584),#4588);
#4584 = LINE('',#4585,#4586);
#4585 = CARTESIAN_POINT('',(-92.,-52.1));
#4586 = VECTOR('',#4587,1.);
#4587 = DIRECTION('',(6.014991248186E-17,-1.));
#4588 = ( GEOMETRIC_REPRESENTATION_CONTEXT(2) 
PARAMETRIC_REPRESENTATION_CONTEXT() REPRESENTATION_CONTEXT('2D SPACE',''
  ) );
#4589 = ORIENTED_EDGE('',*,*,#4590,.F.);
#4590 = EDGE_CURVE('',#4591,#4568,#4593,.T.);
#4591 = VERTEX_POINT('',#4592);
#4592 = CARTESIAN_POINT('',(10.1,57.1,25.));
#4593 = SURFACE_CURVE('',#4594,(#4599,#4606),.PCURVE_S1.);
#4594 = CIRCLE('',#4595,5.);
#4595 = AXIS2_PLACEMENT_3D('',#4596,#4597,#4598);
#4596 = CARTESIAN_POINT('',(10.1,52.1,25.));
#4597 = DIRECTION('',(-1.,6.014991248186E-17,0.));
#4598 = DIRECTION('',(-6.014991248186E-17,-1.,0.));
#4599 = PCURVE('',#1018,#4600);
#4600 = DEFINITIONAL_REPRESENTATION('',(#4601),#4605);
#4601 = CIRCLE('',#4602,5.);
#4602 = AXIS2_PLACEMENT_2D('',#4603,#4604);
#4603 = CARTESIAN_POINT('',(-52.1,-49.));
#4604 = DIRECTION('',(1.,0.));
#4605 = ( GEOMETRIC_REPRESENTATION_CONTEXT(2) 
PARAMETRIC_REPRESENTATION_CONTEXT() REPRESENTATION_CONTEXT('2D SPACE',''
  ) );
#4606 = PCURVE('',#3337,#4607);
#4607 = DEFINITIONAL_REPRESENTATION('',(#4608),#4612);
#4608 = LINE('',#4609,#4610);
#4609 = CARTESIAN_POINT('',(9.424777960769,92.));
#4610 = VECTOR('',#4611,1.);
#4611 = DIRECTION('',(-1.,0.));
#4612 = ( GEOMETRIC_REPRESENTATION_CONTEXT(2) 
PARAMETRIC_REPRESENTATION_CONTEXT() REPRESENTATION_CONTEXT('2D SPACE',''
  ) );
#4613 = ORIENTED_EDGE('',*,*,#4614,.T.);
#4614 = EDGE_CURVE('',#4591,#4615,#4617,.T.);
#4615 = VERTEX_POINT('',#4616);
#4616 = CARTESIAN_POINT('',(10.1,57.1,49.));
#4617 = SURFACE_CURVE('',#4618,(#4622,#4629),.PCURVE_S1.);
#4618 = LINE('',#4619,#4620);
#4619 = CARTESIAN_POINT('',(10.1,57.1,74.));
#4620 = VECTOR('',#4621,1.);
#4621 = DIRECTION('',(0.,0.,1.));
#4622 = PCURVE('',#1018,#4623);
#4623 = DEFINITIONAL_REPRESENTATION('',(#4624),#4628);
#4624 = LINE('',#4625,#4626);
#4625 = CARTESIAN_POINT('',(-57.1,0.));
#4626 = VECTOR('',#4627,1.);
#4627 = DIRECTION('',(0.,1.));
#4628 = ( GEOMETRIC_REPRESENTATION_CONTEXT(2) 
PARAMETRIC_REPRESENTATION_CONTEXT() REPRESENTATION_CONTEXT('2D SPACE',''
  ) );
#4629 = PCURVE('',#3310,#4630);
#4630 = DEFINITIONAL_REPRESENTATION('',(#4631),#4635);
#4631 = LINE('',#4632,#4633);
#4632 = CARTESIAN_POINT('',(92.,37.));
#4633 = VECTOR('',#4634,1.);
#4634 = DIRECTION('',(0.,1.));
#4635 = ( GEOMETRIC_REPRESENTATION_CONTEXT(2) 
PARAMETRIC_REPRESENTATION_CONTEXT() REPRESENTATION_CONTEXT('2D SPACE',''
  ) );
#4636 = ORIENTED_EDGE('',*,*,#4637,.F.);
#4637 = EDGE_CURVE('',#4638,#4615,#4640,.T.);
#4638 = VERTEX_POINT('',#4639);
#4639 = CARTESIAN_POINT('',(10.1,52.1,54.));
#4640 = SURFACE_CURVE('',#4641,(#4646,#4653),.PCURVE_S1.);
#4641 = CIRCLE('',#4642,5.);
#4642 = AXIS2_PLACEMENT_3D('',#4643,#4644,#4645);
#4643 = CARTESIAN_POINT('',(10.1,52.1,49.));
#4644 = DIRECTION('',(-1.,6.014991248186E-17,0.));
#4645 = DIRECTION('',(-6.014991248186E-17,-1.,0.));
#4646 = PCURVE('',#1018,#4647);
#4647 = DEFINITIONAL_REPRESENTATION('',(#4648),#4652);
#4648 = CIRCLE('',#4649,5.);
#4649 = AXIS2_PLACEMENT_2D('',#4650,#4651);
#4650 = CARTESIAN_POINT('',(-52.1,-25.));
#4651 = DIRECTION('',(1.,0.));
#4652 = ( GEOMETRIC_REPRESENTATION_CONTEXT(2) 
PARAMETRIC_REPRESENTATION_CONTEXT() REPRESENTATION_CONTEXT('2D SPACE',''
  ) );
#4653 = PCURVE('',#3282,#4654);
#4654 = DEFINITIONAL_REPRESENTATION('',(#4655),#4659);
#4655 = LINE('',#4656,#4657);
#4656 = CARTESIAN_POINT('',(1.554312234475E-15,-92.));
#4657 = VECTOR('',#4658,1.);
#4658 = DIRECTION('',(1.,0.));
#4659 = ( GEOMETRIC_REPRESENTATION_CONTEXT(2) 
PARAMETRIC_REPRESENTATION_CONTEXT() REPRESENTATION_CONTEXT('2D SPACE',''
  ) );
#4660 = ORIENTED_EDGE('',*,*,#4661,.T.);
#4661 = EDGE_CURVE('',#4638,#4662,#4664,.T.);
#4662 = VERTEX_POINT('',#4663);
#4663 = CARTESIAN_POINT('',(10.1,-25.65783064458,54.));
#4664 = SURFACE_CURVE('',#4665,(#4669,#4676),.PCURVE_S1.);
#4665 = LINE('',#4666,#4667);
#4666 = CARTESIAN_POINT('',(10.1,4.860871386275E-15,54.));
#4667 = VECTOR('',#4668,1.);
#4668 = DIRECTION('',(-6.014991248186E-17,-1.,-2.430435693137E-16));
#4669 = PCURVE('',#1018,#4670);
#4670 = DEFINITIONAL_REPRESENTATION('',(#4671),#4675);
#4671 = LINE('',#4672,#4673);
#4672 = CARTESIAN_POINT('',(-4.860871386275E-15,-20.));
#4673 = VECTOR('',#4674,1.);
#4674 = DIRECTION('',(1.,-2.430435693137E-16));
#4675 = ( GEOMETRIC_REPRESENTATION_CONTEXT(2) 
PARAMETRIC_REPRESENTATION_CONTEXT() REPRESENTATION_CONTEXT('2D SPACE',''
  ) );
#4676 = PCURVE('',#3253,#4677);
#4677 = DEFINITIONAL_REPRESENTATION('',(#4678),#4682);
#4678 = LINE('',#4679,#4680);
#4679 = CARTESIAN_POINT('',(-5.952951886199E-16,92.));
#4680 = VECTOR('',#4681,1.);
#4681 = DIRECTION('',(-1.,-6.014991248186E-17));
#4682 = ( GEOMETRIC_REPRESENTATION_CONTEXT(2) 
PARAMETRIC_REPRESENTATION_CONTEXT() REPRESENTATION_CONTEXT('2D SPACE',''
  ) );
#4683 = ORIENTED_EDGE('',*,*,#4684,.F.);
#4684 = EDGE_CURVE('',#4521,#4662,#4685,.T.);
#4685 = SURFACE_CURVE('',#4686,(#4691,#4698),.PCURVE_S1.);
#4686 = CIRCLE('',#4687,5.);
#4687 = AXIS2_PLACEMENT_3D('',#4688,#4689,#4690);
#4688 = CARTESIAN_POINT('',(10.1,-25.65783064458,49.));
#4689 = DIRECTION('',(-1.,6.014991248186E-17,0.));
#4690 = DIRECTION('',(-6.014991248186E-17,-1.,0.));
#4691 = PCURVE('',#1018,#4692);
#4692 = DEFINITIONAL_REPRESENTATION('',(#4693),#4697);
#4693 = CIRCLE('',#4694,5.);
#4694 = AXIS2_PLACEMENT_2D('',#4695,#4696);
#4695 = CARTESIAN_POINT('',(25.65783064458,-25.));
#4696 = DIRECTION('',(1.,0.));
#4697 = ( GEOMETRIC_REPRESENTATION_CONTEXT(2) 
PARAMETRIC_REPRESENTATION_CONTEXT() REPRESENTATION_CONTEXT('2D SPACE',''
  ) );
#4698 = PCURVE('',#3225,#4699);
#4699 = DEFINITIONAL_REPRESENTATION('',(#4700),#4704);
#4700 = LINE('',#4701,#4702);
#4701 = CARTESIAN_POINT('',(12.724072246931,92.));
#4702 = VECTOR('',#4703,1.);
#4703 = DIRECTION('',(-1.,0.));
#4704 = ( GEOMETRIC_REPRESENTATION_CONTEXT(2) 
PARAMETRIC_REPRESENTATION_CONTEXT() REPRESENTATION_CONTEXT('2D SPACE',''
  ) );
#4705 = FACE_BOUND('',#4706,.T.);
#4706 = EDGE_LOOP('',(#4707,#4732,#4756,#4779,#4803,#4826));
#4707 = ORIENTED_EDGE('',*,*,#4708,.F.);
#4708 = EDGE_CURVE('',#4709,#4711,#4713,.T.);
#4709 = VERTEX_POINT('',#4710);
#4710 = CARTESIAN_POINT('',(10.1,-48.81672913004,20.));
#4711 = VERTEX_POINT('',#4712);
#4712 = CARTESIAN_POINT('',(10.1,-52.1,20.));
#4713 = SURFACE_CURVE('',#4714,(#4718,#4725),.PCURVE_S1.);
#4714 = LINE('',#4715,#4716);
#4715 = CARTESIAN_POINT('',(10.1,0.,20.));
#4716 = VECTOR('',#4717,1.);
#4717 = DIRECTION('',(-6.014991248186E-17,-1.,0.));
#4718 = PCURVE('',#1018,#4719);
#4719 = DEFINITIONAL_REPRESENTATION('',(#4720),#4724);
#4720 = LINE('',#4721,#4722);
#4721 = CARTESIAN_POINT('',(-0.,-54.));
#4722 = VECTOR('',#4723,1.);
#4723 = DIRECTION('',(1.,0.));
#4724 = ( GEOMETRIC_REPRESENTATION_CONTEXT(2) 
PARAMETRIC_REPRESENTATION_CONTEXT() REPRESENTATION_CONTEXT('2D SPACE',''
  ) );
#4725 = PCURVE('',#3080,#4726);
#4726 = DEFINITIONAL_REPRESENTATION('',(#4727),#4731);
#4727 = LINE('',#4728,#4729);
#4728 = CARTESIAN_POINT('',(-92.,37.237279887312));
#4729 = VECTOR('',#4730,1.);
#4730 = DIRECTION('',(6.014991248186E-17,-1.));
#4731 = ( GEOMETRIC_REPRESENTATION_CONTEXT(2) 
PARAMETRIC_REPRESENTATION_CONTEXT() REPRESENTATION_CONTEXT('2D SPACE',''
  ) );
#4732 = ORIENTED_EDGE('',*,*,#4733,.F.);
#4733 = EDGE_CURVE('',#4734,#4709,#4736,.T.);
#4734 = VERTEX_POINT('',#4735);
#4735 = CARTESIAN_POINT('',(10.1,-47.26572978472,29.753356817117));
#4736 = SURFACE_CURVE('',#4737,(#4742,#4749),.PCURVE_S1.);
#4737 = CIRCLE('',#4738,5.);
#4738 = AXIS2_PLACEMENT_3D('',#4739,#4740,#4741);
#4739 = CARTESIAN_POINT('',(10.1,-48.81672913004,25.));
#4740 = DIRECTION('',(-1.,6.014991248186E-17,0.));
#4741 = DIRECTION('',(-6.014991248186E-17,-1.,0.));
#4742 = PCURVE('',#1018,#4743);
#4743 = DEFINITIONAL_REPRESENTATION('',(#4744),#4748);
#4744 = CIRCLE('',#4745,5.);
#4745 = AXIS2_PLACEMENT_2D('',#4746,#4747);
#4746 = CARTESIAN_POINT('',(48.816729130044,-49.));
#4747 = DIRECTION('',(1.,0.));
#4748 = ( GEOMETRIC_REPRESENTATION_CONTEXT(2) 
PARAMETRIC_REPRESENTATION_CONTEXT() REPRESENTATION_CONTEXT('2D SPACE',''
  ) );
#4749 = PCURVE('',#3052,#4750);
#4750 = DEFINITIONAL_REPRESENTATION('',(#4751),#4755);
#4751 = LINE('',#4752,#4753);
#4752 = CARTESIAN_POINT('',(9.424777960769,92.));
#4753 = VECTOR('',#4754,1.);
#4754 = DIRECTION('',(-1.,5.028274033331E-15));
#4755 = ( GEOMETRIC_REPRESENTATION_CONTEXT(2) 
PARAMETRIC_REPRESENTATION_CONTEXT() REPRESENTATION_CONTEXT('2D SPACE',''
  ) );
#4756 = ORIENTED_EDGE('',*,*,#4757,.T.);
#4757 = EDGE_CURVE('',#4734,#4758,#4760,.T.);
#4758 = VERTEX_POINT('',#4759);
#4759 = CARTESIAN_POINT('',(10.1,-50.54900065468,30.824673607697));
#4760 = SURFACE_CURVE('',#4761,(#4765,#4772),.PCURVE_S1.);
#4761 = LINE('',#4762,#4763);
#4762 = CARTESIAN_POINT('',(10.1,-17.59634807597,20.072368543627));
#4763 = VECTOR('',#4764,1.);
#4764 = DIRECTION('',(-5.718279930892E-17,-0.950671363423,0.310199869063
    ));
#4765 = PCURVE('',#1018,#4766);
#4766 = DEFINITIONAL_REPRESENTATION('',(#4767),#4771);
#4767 = LINE('',#4768,#4769);
#4768 = CARTESIAN_POINT('',(17.596348075976,-53.92763145637));
#4769 = VECTOR('',#4770,1.);
#4770 = DIRECTION('',(0.950671363423,0.310199869063));
#4771 = ( GEOMETRIC_REPRESENTATION_CONTEXT(2) 
PARAMETRIC_REPRESENTATION_CONTEXT() REPRESENTATION_CONTEXT('2D SPACE',''
  ) );
#4772 = PCURVE('',#3023,#4773);
#4773 = DEFINITIONAL_REPRESENTATION('',(#4774),#4778);
#4774 = LINE('',#4775,#4776);
#4775 = CARTESIAN_POINT('',(20.660064631178,92.));
#4776 = VECTOR('',#4777,1.);
#4777 = DIRECTION('',(-1.,-5.718279930892E-17));
#4778 = ( GEOMETRIC_REPRESENTATION_CONTEXT(2) 
PARAMETRIC_REPRESENTATION_CONTEXT() REPRESENTATION_CONTEXT('2D SPACE',''
  ) );
#4779 = ORIENTED_EDGE('',*,*,#4780,.F.);
#4780 = EDGE_CURVE('',#4781,#4758,#4783,.T.);
#4781 = VERTEX_POINT('',#4782);
#4782 = CARTESIAN_POINT('',(10.1,-57.1,26.071316790581));
#4783 = SURFACE_CURVE('',#4784,(#4789,#4796),.PCURVE_S1.);
#4784 = CIRCLE('',#4785,5.);
#4785 = AXIS2_PLACEMENT_3D('',#4786,#4787,#4788);
#4786 = CARTESIAN_POINT('',(10.1,-52.1,26.071316790581));
#4787 = DIRECTION('',(-1.,6.014991248186E-17,0.));
#4788 = DIRECTION('',(-6.014991248186E-17,-1.,0.));
#4789 = PCURVE('',#1018,#4790);
#4790 = DEFINITIONAL_REPRESENTATION('',(#4791),#4795);
#4791 = CIRCLE('',#4792,5.);
#4792 = AXIS2_PLACEMENT_2D('',#4793,#4794);
#4793 = CARTESIAN_POINT('',(52.1,-47.92868320941));
#4794 = DIRECTION('',(1.,0.));
#4795 = ( GEOMETRIC_REPRESENTATION_CONTEXT(2) 
PARAMETRIC_REPRESENTATION_CONTEXT() REPRESENTATION_CONTEXT('2D SPACE',''
  ) );
#4796 = PCURVE('',#2995,#4797);
#4797 = DEFINITIONAL_REPRESENTATION('',(#4798),#4802);
#4798 = LINE('',#4799,#4800);
#4799 = CARTESIAN_POINT('',(3.14159265359,92.));
#4800 = VECTOR('',#4801,1.);
#4801 = DIRECTION('',(-1.,0.));
#4802 = ( GEOMETRIC_REPRESENTATION_CONTEXT(2) 
PARAMETRIC_REPRESENTATION_CONTEXT() REPRESENTATION_CONTEXT('2D SPACE',''
  ) );
#4803 = ORIENTED_EDGE('',*,*,#4804,.F.);
#4804 = EDGE_CURVE('',#4805,#4781,#4807,.T.);
#4805 = VERTEX_POINT('',#4806);
#4806 = CARTESIAN_POINT('',(10.1,-57.1,25.));
#4807 = SURFACE_CURVE('',#4808,(#4812,#4819),.PCURVE_S1.);
#4808 = LINE('',#4809,#4810);
#4809 = CARTESIAN_POINT('',(10.1,-57.1,74.));
#4810 = VECTOR('',#4811,1.);
#4811 = DIRECTION('',(0.,0.,1.));
#4812 = PCURVE('',#1018,#4813);
#4813 = DEFINITIONAL_REPRESENTATION('',(#4814),#4818);
#4814 = LINE('',#4815,#4816);
#4815 = CARTESIAN_POINT('',(57.1,0.));
#4816 = VECTOR('',#4817,1.);
#4817 = DIRECTION('',(0.,1.));
#4818 = ( GEOMETRIC_REPRESENTATION_CONTEXT(2) 
PARAMETRIC_REPRESENTATION_CONTEXT() REPRESENTATION_CONTEXT('2D SPACE',''
  ) );
#4819 = PCURVE('',#2966,#4820);
#4820 = DEFINITIONAL_REPRESENTATION('',(#4821),#4825);
#4821 = LINE('',#4822,#4823);
#4822 = CARTESIAN_POINT('',(92.,47.518882112942));
#4823 = VECTOR('',#4824,1.);
#4824 = DIRECTION('',(0.,1.));
#4825 = ( GEOMETRIC_REPRESENTATION_CONTEXT(2) 
PARAMETRIC_REPRESENTATION_CONTEXT() REPRESENTATION_CONTEXT('2D SPACE',''
  ) );
#4826 = ORIENTED_EDGE('',*,*,#4827,.F.);
#4827 = EDGE_CURVE('',#4711,#4805,#4828,.T.);
#4828 = SURFACE_CURVE('',#4829,(#4834,#4841),.PCURVE_S1.);
#4829 = CIRCLE('',#4830,5.);
#4830 = AXIS2_PLACEMENT_3D('',#4831,#4832,#4833);
#4831 = CARTESIAN_POINT('',(10.1,-52.1,25.));
#4832 = DIRECTION('',(-1.,6.014991248186E-17,0.));
#4833 = DIRECTION('',(-6.014991248186E-17,-1.,0.));
#4834 = PCURVE('',#1018,#4835);
#4835 = DEFINITIONAL_REPRESENTATION('',(#4836),#4840);
#4836 = CIRCLE('',#4837,5.);
#4837 = AXIS2_PLACEMENT_2D('',#4838,#4839);
#4838 = CARTESIAN_POINT('',(52.1,-49.));
#4839 = DIRECTION('',(1.,0.));
#4840 = ( GEOMETRIC_REPRESENTATION_CONTEXT(2) 
PARAMETRIC_REPRESENTATION_CONTEXT() REPRESENTATION_CONTEXT('2D SPACE',''
  ) );
#4841 = PCURVE('',#3107,#4842);
#4842 = DEFINITIONAL_REPRESENTATION('',(#4843),#4847);
#4843 = LINE('',#4844,#4845);
#4844 = CARTESIAN_POINT('',(-1.7763568394E-15,-92.));
#4845 = VECTOR('',#4846,1.);
#4846 = DIRECTION('',(1.,0.));
#4847 = ( GEOMETRIC_REPRESENTATION_CONTEXT(2) 
PARAMETRIC_REPRESENTATION_CONTEXT() REPRESENTATION_CONTEXT('2D SPACE',''
  ) );
#4848 = ADVANCED_FACE('',(#4849,#5037),#74,.F.);
#4849 = FACE_BOUND('',#4850,.T.);
#4850 = EDGE_LOOP('',(#4851,#4852,#4874,#4875,#4922,#4967,#4968,#4969,
    #4991,#4992,#5014,#5015));
#4851 = ORIENTED_EDGE('',*,*,#464,.T.);
#4852 = ORIENTED_EDGE('',*,*,#4853,.F.);
#4853 = EDGE_CURVE('',#1730,#437,#4854,.T.);
#4854 = SURFACE_CURVE('',#4855,(#4860,#4867),.PCURVE_S1.);
#4855 = CIRCLE('',#4856,5.);
#4856 = AXIS2_PLACEMENT_3D('',#4857,#4858,#4859);
#4857 = CARTESIAN_POINT('',(-10.1,-72.1,0.));
#4858 = DIRECTION('',(0.,0.,1.));
#4859 = DIRECTION('',(1.,0.,-0.));
#4860 = PCURVE('',#74,#4861);
#4861 = DEFINITIONAL_REPRESENTATION('',(#4862),#4866);
#4862 = CIRCLE('',#4863,5.);
#4863 = AXIS2_PLACEMENT_2D('',#4864,#4865);
#4864 = CARTESIAN_POINT('',(-10.1,-72.1));
#4865 = DIRECTION('',(1.,0.));
#4866 = ( GEOMETRIC_REPRESENTATION_CONTEXT(2) 
PARAMETRIC_REPRESENTATION_CONTEXT() REPRESENTATION_CONTEXT('2D SPACE',''
  ) );
#4867 = PCURVE('',#452,#4868);
#4868 = DEFINITIONAL_REPRESENTATION('',(#4869),#4873);
#4869 = LINE('',#4870,#4871);
#4870 = CARTESIAN_POINT('',(9.424777960769,5.));
#4871 = VECTOR('',#4872,1.);
#4872 = DIRECTION('',(-1.,0.));
#4873 = ( GEOMETRIC_REPRESENTATION_CONTEXT(2) 
PARAMETRIC_REPRESENTATION_CONTEXT() REPRESENTATION_CONTEXT('2D SPACE',''
  ) );
#4874 = ORIENTED_EDGE('',*,*,#1729,.T.);
#4875 = ORIENTED_EDGE('',*,*,#4876,.T.);
#4876 = EDGE_CURVE('',#1701,#4877,#4879,.T.);
#4877 = VERTEX_POINT('',#4878);
#4878 = CARTESIAN_POINT('',(-16.1,-51.1,2.187919984076E-13));
#4879 = SURFACE_CURVE('',#4880,(#4885,#4893),.PCURVE_S1.);
#4880 = B_SPLINE_CURVE_WITH_KNOTS('',3,(#4881,#4882,#4883,#4884),
  .UNSPECIFIED.,.F.,.F.,(4,4),(0.842038615,1.244931213982),
  .PIECEWISE_BEZIER_KNOTS.);
#4881 = CARTESIAN_POINT('',(-15.1,-55.22310562561,0.));
#4882 = CARTESIAN_POINT('',(-15.1,-53.88013029567,0.));
#4883 = CARTESIAN_POINT('',(-15.65234155668,-52.36616928369,0.));
#4884 = CARTESIAN_POINT('',(-16.1,-51.1,0.));
#4885 = PCURVE('',#74,#4886);
#4886 = DEFINITIONAL_REPRESENTATION('',(#4887),#4892);
#4887 = B_SPLINE_CURVE_WITH_KNOTS('',3,(#4888,#4889,#4890,#4891),
  .UNSPECIFIED.,.F.,.F.,(4,4),(0.842038615,1.244931213982),
  .PIECEWISE_BEZIER_KNOTS.);
#4888 = CARTESIAN_POINT('',(-15.1,-55.22310562561));
#4889 = CARTESIAN_POINT('',(-15.1,-53.88013029567));
#4890 = CARTESIAN_POINT('',(-15.65234155668,-52.36616928369));
#4891 = CARTESIAN_POINT('',(-16.1,-51.1));
#4892 = ( GEOMETRIC_REPRESENTATION_CONTEXT(2) 
PARAMETRIC_REPRESENTATION_CONTEXT() REPRESENTATION_CONTEXT('2D SPACE',''
  ) );
#4893 = PCURVE('',#1717,#4894);
#4894 = DEFINITIONAL_REPRESENTATION('',(#4895),#4921);
#4895 = B_SPLINE_CURVE_WITH_KNOTS('',3,(#4896,#4897,#4898,#4899,#4900,
    #4901,#4902,#4903,#4904,#4905,#4906,#4907,#4908,#4909,#4910,#4911,
    #4912,#4913,#4914,#4915,#4916,#4917,#4918,#4919,#4920),
  .UNSPECIFIED.,.F.,.F.,(4,1,1,1,1,1,1,1,1,1,1,1,1,1,1,1,1,1,1,1,1,1,4),
  (0.842038615,0.860351914953,0.878665214907,0.896978514861,
    0.915291814815,0.933605114768,0.951918414722,0.970231714676,
    0.98854501463,1.006858314583,1.025171614537,1.043484914491,
    1.061798214445,1.080111514399,1.098424814352,1.116738114306,
    1.13505141426,1.153364714214,1.171678014167,1.189991314121,
    1.208304614075,1.226617914029,1.244931213982),
  .QUASI_UNIFORM_KNOTS.);
#4896 = CARTESIAN_POINT('',(5.188271230045,4.712388980385));
#4897 = CARTESIAN_POINT('',(5.182242406768,4.684425928988));
#4898 = CARTESIAN_POINT('',(5.170001640146,4.62914716455));
#4899 = CARTESIAN_POINT('',(5.151109773267,4.547973424383));
#4900 = CARTESIAN_POINT('',(5.131704633824,4.468333571174));
#4901 = CARTESIAN_POINT('',(5.111807862255,4.390062273756));
#4902 = CARTESIAN_POINT('',(5.091444022751,4.313021342405));
#4903 = CARTESIAN_POINT('',(5.070641070621,4.237100371179));
#4904 = CARTESIAN_POINT('',(5.049430298613,4.162211511592));
#4905 = CARTESIAN_POINT('',(5.027846360532,4.088285620877));
#4906 = CARTESIAN_POINT('',(5.005927205545,4.015268355503));
#4907 = CARTESIAN_POINT('',(4.983713963107,3.943116976621));
#4908 = CARTESIAN_POINT('',(4.961250765108,3.871797930819));
#4909 = CARTESIAN_POINT('',(4.938584508507,3.801285350463));
#4910 = CARTESIAN_POINT('',(4.915764559928,3.731560494253));
#4911 = CARTESIAN_POINT('',(4.892842406923,3.66261208717));
#4912 = CARTESIAN_POINT('',(4.869871262714,3.594437447561));
#4913 = CARTESIAN_POINT('',(4.846905632668,3.527044240713));
#4914 = CARTESIAN_POINT('',(4.824000854821,3.460452625473));
#4915 = CARTESIAN_POINT('',(4.801212619377,3.394697632336));
#4916 = CARTESIAN_POINT('',(4.778596505226,3.329831213065));
#4917 = CARTESIAN_POINT('',(4.756207451007,3.26592483934));
#4918 = CARTESIAN_POINT('',(4.734099528457,3.203068209339));
#4919 = CARTESIAN_POINT('',(4.719582978151,3.161942486139));
#4920 = CARTESIAN_POINT('',(4.712388980385,3.14159265359));
#4921 = ( GEOMETRIC_REPRESENTATION_CONTEXT(2) 
PARAMETRIC_REPRESENTATION_CONTEXT() REPRESENTATION_CONTEXT('2D SPACE',''
  ) );
#4922 = ORIENTED_EDGE('',*,*,#4923,.F.);
#4923 = EDGE_CURVE('',#3550,#4877,#4924,.T.);
#4924 = SURFACE_CURVE('',#4925,(#4930,#4938),.PCURVE_S1.);
#4925 = B_SPLINE_CURVE_WITH_KNOTS('',3,(#4926,#4927,#4928,#4929),
  .UNSPECIFIED.,.F.,.F.,(4,4),(-0.402892598983,0.),
  .PIECEWISE_BEZIER_KNOTS.);
#4926 = CARTESIAN_POINT('',(-15.1,-46.97689437438,0.));
#4927 = CARTESIAN_POINT('',(-15.1,-48.31986970432,0.));
#4928 = CARTESIAN_POINT('',(-15.65234155668,-49.8338307163,0.));
#4929 = CARTESIAN_POINT('',(-16.1,-51.1,0.));
#4930 = PCURVE('',#74,#4931);
#4931 = DEFINITIONAL_REPRESENTATION('',(#4932),#4937);
#4932 = B_SPLINE_CURVE_WITH_KNOTS('',3,(#4933,#4934,#4935,#4936),
  .UNSPECIFIED.,.F.,.F.,(4,4),(-0.402892598983,0.),
  .PIECEWISE_BEZIER_KNOTS.);
#4933 = CARTESIAN_POINT('',(-15.1,-46.97689437438));
#4934 = CARTESIAN_POINT('',(-15.1,-48.31986970432));
#4935 = CARTESIAN_POINT('',(-15.65234155668,-49.8338307163));
#4936 = CARTESIAN_POINT('',(-16.1,-51.1));
#4937 = ( GEOMETRIC_REPRESENTATION_CONTEXT(2) 
PARAMETRIC_REPRESENTATION_CONTEXT() REPRESENTATION_CONTEXT('2D SPACE',''
  ) );
#4938 = PCURVE('',#3589,#4939);
#4939 = DEFINITIONAL_REPRESENTATION('',(#4940),#4966);
#4940 = B_SPLINE_CURVE_WITH_KNOTS('',3,(#4941,#4942,#4943,#4944,#4945,
    #4946,#4947,#4948,#4949,#4950,#4951,#4952,#4953,#4954,#4955,#4956,
    #4957,#4958,#4959,#4960,#4961,#4962,#4963,#4964,#4965),
  .UNSPECIFIED.,.F.,.F.,(4,1,1,1,1,1,1,1,1,1,1,1,1,1,1,1,1,1,1,1,1,1,4),
  (-0.402892598983,-0.384579299029,-0.366265999075,-0.347952699122,
    -0.329639399168,-0.311326099214,-0.29301279926,-0.274699499307,
    -0.256386199353,-0.238072899399,-0.219759599445,-0.201446299491,
    -0.183132999538,-0.164819699584,-0.14650639963,-0.128193099676,
    -0.109879799723,-9.156649976885E-02,-7.325319981508E-02,
    -5.493989986131E-02,-3.662659990754E-02,-1.831329995377E-02,0.),
  .QUASI_UNIFORM_KNOTS.);
#4941 = CARTESIAN_POINT('',(4.236506730724,4.712388980385));
#4942 = CARTESIAN_POINT('',(4.242535554001,4.684425928988));
#4943 = CARTESIAN_POINT('',(4.254776320623,4.62914716455));
#4944 = CARTESIAN_POINT('',(4.273668187502,4.547973424383));
#4945 = CARTESIAN_POINT('',(4.293073326945,4.468333571174));
#4946 = CARTESIAN_POINT('',(4.312970098514,4.390062273756));
#4947 = CARTESIAN_POINT('',(4.333333938018,4.313021342405));
#4948 = CARTESIAN_POINT('',(4.354136890149,4.237100371179));
#4949 = CARTESIAN_POINT('',(4.375347662156,4.162211511592));
#4950 = CARTESIAN_POINT('',(4.396931600237,4.088285620877));
#4951 = CARTESIAN_POINT('',(4.418850755225,4.015268355503));
#4952 = CARTESIAN_POINT('',(4.441063997662,3.943116976621));
#4953 = CARTESIAN_POINT('',(4.463527195661,3.871797930819));
#4954 = CARTESIAN_POINT('',(4.486193452262,3.801285350463));
#4955 = CARTESIAN_POINT('',(4.509013400842,3.731560494253));
#4956 = CARTESIAN_POINT('',(4.531935553846,3.66261208717));
#4957 = CARTESIAN_POINT('',(4.554906698055,3.594437447561));
#4958 = CARTESIAN_POINT('',(4.577872328102,3.527044240713));
#4959 = CARTESIAN_POINT('',(4.600777105948,3.460452625473));
#4960 = CARTESIAN_POINT('',(4.623565341393,3.394697632336));
#4961 = CARTESIAN_POINT('',(4.646181455543,3.329831213065));
#4962 = CARTESIAN_POINT('',(4.668570509762,3.26592483934));
#4963 = CARTESIAN_POINT('',(4.690678432313,3.203068209339));
#4964 = CARTESIAN_POINT('',(4.705194982618,3.161942486138));
#4965 = CARTESIAN_POINT('',(4.712388980385,3.14159265359));
#4966 = ( GEOMETRIC_REPRESENTATION_CONTEXT(2) 
PARAMETRIC_REPRESENTATION_CONTEXT() REPRESENTATION_CONTEXT('2D SPACE',''
  ) );
#4967 = ORIENTED_EDGE('',*,*,#3549,.T.);
#4968 = ORIENTED_EDGE('',*,*,#1453,.T.);
#4969 = ORIENTED_EDGE('',*,*,#4970,.F.);
#4970 = EDGE_CURVE('',#54,#1456,#4971,.T.);
#4971 = SURFACE_CURVE('',#4972,(#4977,#4984),.PCURVE_S1.);
#4972 = CIRCLE('',#4973,5.);
#4973 = AXIS2_PLACEMENT_3D('',#4974,#4975,#4976);
#4974 = CARTESIAN_POINT('',(-10.1,72.1,0.));
#4975 = DIRECTION('',(0.,0.,1.));
#4976 = DIRECTION('',(1.,0.,-0.));
#4977 = PCURVE('',#74,#4978);
#4978 = DEFINITIONAL_REPRESENTATION('',(#4979),#4983);
#4979 = CIRCLE('',#4980,5.);
#4980 = AXIS2_PLACEMENT_2D('',#4981,#4982);
#4981 = CARTESIAN_POINT('',(-10.1,72.1));
#4982 = DIRECTION('',(1.,0.));
#4983 = ( GEOMETRIC_REPRESENTATION_CONTEXT(2) 
PARAMETRIC_REPRESENTATION_CONTEXT() REPRESENTATION_CONTEXT('2D SPACE',''
  ) );
#4984 = PCURVE('',#102,#4985);
#4985 = DEFINITIONAL_REPRESENTATION('',(#4986),#4990);
#4986 = LINE('',#4987,#4988);
#4987 = CARTESIAN_POINT('',(0.,-5.));
#4988 = VECTOR('',#4989,1.);
#4989 = DIRECTION('',(1.,0.));
#4990 = ( GEOMETRIC_REPRESENTATION_CONTEXT(2) 
PARAMETRIC_REPRESENTATION_CONTEXT() REPRESENTATION_CONTEXT('2D SPACE',''
  ) );
#4991 = ORIENTED_EDGE('',*,*,#51,.F.);
#4992 = ORIENTED_EDGE('',*,*,#4993,.F.);
#4993 = EDGE_CURVE('',#1983,#52,#4994,.T.);
#4994 = SURFACE_CURVE('',#4995,(#5000,#5007),.PCURVE_S1.);
#4995 = CIRCLE('',#4996,5.);
#4996 = AXIS2_PLACEMENT_3D('',#4997,#4998,#4999);
#4997 = CARTESIAN_POINT('',(10.1,72.1,0.));
#4998 = DIRECTION('',(0.,0.,1.));
#4999 = DIRECTION('',(1.,0.,-0.));
#5000 = PCURVE('',#74,#5001);
#5001 = DEFINITIONAL_REPRESENTATION('',(#5002),#5006);
#5002 = CIRCLE('',#5003,5.);
#5003 = AXIS2_PLACEMENT_2D('',#5004,#5005);
#5004 = CARTESIAN_POINT('',(10.1,72.1));
#5005 = DIRECTION('',(1.,0.));
#5006 = ( GEOMETRIC_REPRESENTATION_CONTEXT(2) 
PARAMETRIC_REPRESENTATION_CONTEXT() REPRESENTATION_CONTEXT('2D SPACE',''
  ) );
#5007 = PCURVE('',#156,#5008);
#5008 = DEFINITIONAL_REPRESENTATION('',(#5009),#5013);
#5009 = LINE('',#5010,#5011);
#5010 = CARTESIAN_POINT('',(3.14159265359,5.));
#5011 = VECTOR('',#5012,1.);
#5012 = DIRECTION('',(-1.,0.));
#5013 = ( GEOMETRIC_REPRESENTATION_CONTEXT(2) 
PARAMETRIC_REPRESENTATION_CONTEXT() REPRESENTATION_CONTEXT('2D SPACE',''
  ) );
#5014 = ORIENTED_EDGE('',*,*,#1982,.F.);
#5015 = ORIENTED_EDGE('',*,*,#5016,.F.);
#5016 = EDGE_CURVE('',#465,#1960,#5017,.T.);
#5017 = SURFACE_CURVE('',#5018,(#5023,#5030),.PCURVE_S1.);
#5018 = CIRCLE('',#5019,5.);
#5019 = AXIS2_PLACEMENT_3D('',#5020,#5021,#5022);
#5020 = CARTESIAN_POINT('',(10.1,-72.1,0.));
#5021 = DIRECTION('',(0.,0.,1.));
#5022 = DIRECTION('',(1.,0.,-0.));
#5023 = PCURVE('',#74,#5024);
#5024 = DEFINITIONAL_REPRESENTATION('',(#5025),#5029);
#5025 = CIRCLE('',#5026,5.);
#5026 = AXIS2_PLACEMENT_2D('',#5027,#5028);
#5027 = CARTESIAN_POINT('',(10.1,-72.1));
#5028 = DIRECTION('',(1.,0.));
#5029 = ( GEOMETRIC_REPRESENTATION_CONTEXT(2) 
PARAMETRIC_REPRESENTATION_CONTEXT() REPRESENTATION_CONTEXT('2D SPACE',''
  ) );
#5030 = PCURVE('',#501,#5031);
#5031 = DEFINITIONAL_REPRESENTATION('',(#5032),#5036);
#5032 = LINE('',#5033,#5034);
#5033 = CARTESIAN_POINT('',(0.,-5.));
#5034 = VECTOR('',#5035,1.);
#5035 = DIRECTION('',(1.,0.));
#5036 = ( GEOMETRIC_REPRESENTATION_CONTEXT(2) 
PARAMETRIC_REPRESENTATION_CONTEXT() REPRESENTATION_CONTEXT('2D SPACE',''
  ) );
#5037 = FACE_BOUND('',#5038,.T.);
#5038 = EDGE_LOOP('',(#5039,#5040,#5129,#5157,#5244,#5245,#5334,#5362));
#5039 = ORIENTED_EDGE('',*,*,#3740,.F.);
#5040 = ORIENTED_EDGE('',*,*,#5041,.T.);
#5041 = EDGE_CURVE('',#3712,#5042,#5044,.T.);
#5042 = VERTEX_POINT('',#5043);
#5043 = CARTESIAN_POINT('',(-5.1,-68.1,0.));
#5044 = SURFACE_CURVE('',#5045,(#5060,#5078),.PCURVE_S1.);
#5045 = B_SPLINE_CURVE_WITH_KNOTS('',3,(#5046,#5047,#5048,#5049,#5050,
    #5051,#5052,#5053,#5054,#5055,#5056,#5057,#5058,#5059),
  .UNSPECIFIED.,.F.,.F.,(4,2,2,2,2,2,4),(2.267869625715,2.351948611617,
    2.43602759752,2.523050832248,2.610074066977,2.829346193921,
    3.048618320866),.UNSPECIFIED.);
#5046 = CARTESIAN_POINT('',(-10.1,-62.1839202169,0.));
#5047 = CARTESIAN_POINT('',(-10.1,-62.46418350324,-7.623047509634E-19));
#5048 = CARTESIAN_POINT('',(-10.0755578559,-62.77074718753,0.));
#5049 = CARTESIAN_POINT('',(-9.970491923578,-63.37417058779,0.));
#5050 = CARTESIAN_POINT('',(-9.889910726287,-63.67103771878,0.));
#5051 = CARTESIAN_POINT('',(-9.698881909424,-64.20843565851,0.));
#5052 = CARTESIAN_POINT('',(-9.568845536681,-64.49896370044,0.));
#5053 = CARTESIAN_POINT('',(-9.258442317386,-65.05198814337,0.));
#5054 = CARTESIAN_POINT('',(-9.078171672756,-65.31453853538,0.));
#5055 = CARTESIAN_POINT('',(-8.441412338475,-66.11262811612,0.));
#5056 = CARTESIAN_POINT('',(-7.841919388543,-66.62923212136,0.));
#5057 = CARTESIAN_POINT('',(-6.503303705974,-67.47130855417,0.));
#5058 = CARTESIAN_POINT('',(-5.76722383422,-67.80160843009,0.));
#5059 = CARTESIAN_POINT('',(-5.1,-68.1,0.));
#5060 = PCURVE('',#74,#5061);
#5061 = DEFINITIONAL_REPRESENTATION('',(#5062),#5077);
#5062 = B_SPLINE_CURVE_WITH_KNOTS('',3,(#5063,#5064,#5065,#5066,#5067,
    #5068,#5069,#5070,#5071,#5072,#5073,#5074,#5075,#5076),
  .UNSPECIFIED.,.F.,.F.,(4,2,2,2,2,2,4),(2.267869625715,2.351948611617,
    2.43602759752,2.523050832248,2.610074066977,2.829346193921,
    3.048618320866),.UNSPECIFIED.);
#5063 = CARTESIAN_POINT('',(-10.1,-62.1839202169));
#5064 = CARTESIAN_POINT('',(-10.1,-62.46418350324));
#5065 = CARTESIAN_POINT('',(-10.0755578559,-62.77074718753));
#5066 = CARTESIAN_POINT('',(-9.970491923578,-63.37417058779));
#5067 = CARTESIAN_POINT('',(-9.889910726287,-63.67103771878));
#5068 = CARTESIAN_POINT('',(-9.698881909424,-64.20843565851));
#5069 = CARTESIAN_POINT('',(-9.568845536681,-64.49896370044));
#5070 = CARTESIAN_POINT('',(-9.258442317386,-65.05198814337));
#5071 = CARTESIAN_POINT('',(-9.078171672756,-65.31453853538));
#5072 = CARTESIAN_POINT('',(-8.441412338475,-66.11262811612));
#5073 = CARTESIAN_POINT('',(-7.841919388543,-66.62923212136));
#5074 = CARTESIAN_POINT('',(-6.503303705974,-67.47130855417));
#5075 = CARTESIAN_POINT('',(-5.76722383422,-67.80160843009));
#5076 = CARTESIAN_POINT('',(-5.1,-68.1));
#5077 = ( GEOMETRIC_REPRESENTATION_CONTEXT(2) 
PARAMETRIC_REPRESENTATION_CONTEXT() REPRESENTATION_CONTEXT('2D SPACE',''
  ) );
#5078 = PCURVE('',#3728,#5079);
#5079 = DEFINITIONAL_REPRESENTATION('',(#5080),#5128);
#5080 = B_SPLINE_CURVE_WITH_KNOTS('',3,(#5081,#5082,#5083,#5084,#5085,
    #5086,#5087,#5088,#5089,#5090,#5091,#5092,#5093,#5094,#5095,#5096,
    #5097,#5098,#5099,#5100,#5101,#5102,#5103,#5104,#5105,#5106,#5107,
    #5108,#5109,#5110,#5111,#5112,#5113,#5114,#5115,#5116,#5117,#5118,
    #5119,#5120,#5121,#5122,#5123,#5124,#5125,#5126,#5127),
  .UNSPECIFIED.,.F.,.F.,(4,1,1,1,1,1,1,1,1,1,1,1,1,1,1,1,1,1,1,1,1,1,1,1
    ,1,1,1,1,1,1,1,1,1,1,1,1,1,1,1,1,1,1,1,1,4),(2.267869625715,
    2.285613914241,2.303358202767,2.321102491293,2.33884677982,
    2.356591068346,2.374335356872,2.392079645398,2.409823933924,
    2.42756822245,2.445312510976,2.463056799503,2.480801088029,
    2.498545376555,2.516289665081,2.534033953607,2.551778242133,
    2.56952253066,2.587266819186,2.605011107712,2.622755396238,
    2.640499684764,2.65824397329,2.675988261817,2.693732550343,
    2.711476838869,2.729221127395,2.746965415921,2.764709704447,
    2.782453992973,2.8001982815,2.817942570026,2.835686858552,
    2.853431147078,2.871175435604,2.88891972413,2.906664012657,
    2.924408301183,2.942152589709,2.959896878235,2.977641166761,
    2.995385455287,3.013129743813,3.03087403234,3.048618320866),
  .QUASI_UNIFORM_KNOTS.);
#5081 = CARTESIAN_POINT('',(3.309040732809,1.570796326795));
#5082 = CARTESIAN_POINT('',(3.310683442996,1.582460447874));
#5083 = CARTESIAN_POINT('',(3.314130772412,1.606240880447));
#5084 = CARTESIAN_POINT('',(3.319793289317,1.642966288377));
#5085 = CARTESIAN_POINT('',(3.325954891035,1.680443463045));
#5086 = CARTESIAN_POINT('',(3.33261695725,1.718373542676));
#5087 = CARTESIAN_POINT('',(3.339773242752,1.75646667086));
#5088 = CARTESIAN_POINT('',(3.347407987265,1.794445566603));
#5089 = CARTESIAN_POINT('',(3.355500421178,1.832032101001));
#5090 = CARTESIAN_POINT('',(3.364004603204,1.868913924645));
#5091 = CARTESIAN_POINT('',(3.372882808015,1.904864100981));
#5092 = CARTESIAN_POINT('',(3.381962363594,1.93932357969));
#5093 = CARTESIAN_POINT('',(3.392053650975,1.975201320564));
#5094 = CARTESIAN_POINT('',(3.403117265534,2.011854329416));
#5095 = CARTESIAN_POINT('',(3.415206348946,2.049099109538));
#5096 = CARTESIAN_POINT('',(3.428333839712,2.086635278418));
#5097 = CARTESIAN_POINT('',(3.442490923236,2.124208033955));
#5098 = CARTESIAN_POINT('',(3.457666881151,2.161560045407));
#5099 = CARTESIAN_POINT('',(3.473836462322,2.198419271646));
#5100 = CARTESIAN_POINT('',(3.490936304899,2.234524714128));
#5101 = CARTESIAN_POINT('',(3.50882889345,2.269554918514));
#5102 = CARTESIAN_POINT('',(3.527393185032,2.303416272686));
#5103 = CARTESIAN_POINT('',(3.547638808632,2.337839574441));
#5104 = CARTESIAN_POINT('',(3.569537005688,2.372445222661));
#5105 = CARTESIAN_POINT('',(3.593296387306,2.407306505544));
#5106 = CARTESIAN_POINT('',(3.619076834006,2.442371375615));
#5107 = CARTESIAN_POINT('',(3.647064341349,2.477618227555));
#5108 = CARTESIAN_POINT('',(3.677447550598,2.513015152284));
#5109 = CARTESIAN_POINT('',(3.710418541279,2.548531990827));
#5110 = CARTESIAN_POINT('',(3.746163949381,2.58413842317));
#5111 = CARTESIAN_POINT('',(3.784856215065,2.61980578891));
#5112 = CARTESIAN_POINT('',(3.826636117548,2.655508516935));
#5113 = CARTESIAN_POINT('',(3.871608990318,2.691223767151));
#5114 = CARTESIAN_POINT('',(3.919772132553,2.726938673795));
#5115 = CARTESIAN_POINT('',(3.97122513727,2.76262350388));
#5116 = CARTESIAN_POINT('',(4.026046579207,2.798240387614));
#5117 = CARTESIAN_POINT('',(4.084226523713,2.8337511283));
#5118 = CARTESIAN_POINT('',(4.145681953555,2.869114669288));
#5119 = CARTESIAN_POINT('',(4.210233282638,2.904289166672));
#5120 = CARTESIAN_POINT('',(4.277595697039,2.939232518588));
#5121 = CARTESIAN_POINT('',(4.347374472817,2.973902878522));
#5122 = CARTESIAN_POINT('',(4.419070720463,3.008258648312));
#5123 = CARTESIAN_POINT('',(4.492097465035,3.042258117057));
#5124 = CARTESIAN_POINT('',(4.565808182689,3.075858618783));
#5125 = CARTESIAN_POINT('',(4.639526654318,3.109016023947));
#5126 = CARTESIAN_POINT('',(4.68824555015,3.130793555839));
#5127 = CARTESIAN_POINT('',(4.712388980385,3.14159265359));
#5128 = ( GEOMETRIC_REPRESENTATION_CONTEXT(2) 
PARAMETRIC_REPRESENTATION_CONTEXT() REPRESENTATION_CONTEXT('2D SPACE',''
  ) );
#5129 = ORIENTED_EDGE('',*,*,#5130,.F.);
#5130 = EDGE_CURVE('',#5131,#5042,#5133,.T.);
#5131 = VERTEX_POINT('',#5132);
#5132 = CARTESIAN_POINT('',(5.1,-68.1,0.));
#5133 = SURFACE_CURVE('',#5134,(#5138,#5145),.PCURVE_S1.);
#5134 = LINE('',#5135,#5136);
#5135 = CARTESIAN_POINT('',(-6.938893903907E-15,-68.1,0.));
#5136 = VECTOR('',#5137,1.);
#5137 = DIRECTION('',(-1.,0.,0.));
#5138 = PCURVE('',#74,#5139);
#5139 = DEFINITIONAL_REPRESENTATION('',(#5140),#5144);
#5140 = LINE('',#5141,#5142);
#5141 = CARTESIAN_POINT('',(0.,-68.1));
#5142 = VECTOR('',#5143,1.);
#5143 = DIRECTION('',(-1.,0.));
#5144 = ( GEOMETRIC_REPRESENTATION_CONTEXT(2) 
PARAMETRIC_REPRESENTATION_CONTEXT() REPRESENTATION_CONTEXT('2D SPACE',''
  ) );
#5145 = PCURVE('',#5146,#5151);
#5146 = CYLINDRICAL_SURFACE('',#5147,1.);
#5147 = AXIS2_PLACEMENT_3D('',#5148,#5149,#5150);
#5148 = CARTESIAN_POINT('',(8.673617379884E-15,-68.1,1.));
#5149 = DIRECTION('',(-1.,0.,0.));
#5150 = DIRECTION('',(0.,0.,1.));
#5151 = DEFINITIONAL_REPRESENTATION('',(#5152),#5156);
#5152 = LINE('',#5153,#5154);
#5153 = CARTESIAN_POINT('',(3.14159265359,1.59872115546E-14));
#5154 = VECTOR('',#5155,1.);
#5155 = DIRECTION('',(0.,1.));
#5156 = ( GEOMETRIC_REPRESENTATION_CONTEXT(2) 
PARAMETRIC_REPRESENTATION_CONTEXT() REPRESENTATION_CONTEXT('2D SPACE',''
  ) );
#5157 = ORIENTED_EDGE('',*,*,#5158,.F.);
#5158 = EDGE_CURVE('',#4439,#5131,#5159,.T.);
#5159 = SURFACE_CURVE('',#5160,(#5175,#5193),.PCURVE_S1.);
#5160 = B_SPLINE_CURVE_WITH_KNOTS('',3,(#5161,#5162,#5163,#5164,#5165,
    #5166,#5167,#5168,#5169,#5170,#5171,#5172,#5173,#5174),
  .UNSPECIFIED.,.F.,.F.,(4,2,2,2,2,2,4),(-0.780748695151,-0.696669709248
    ,-0.612590723346,-0.525567488617,-0.438544253889,-0.219272126944,0.)
  ,.UNSPECIFIED.);
#5161 = CARTESIAN_POINT('',(10.1,-62.1839202169,0.));
#5162 = CARTESIAN_POINT('',(10.1,-62.46418350324,-6.623077010246E-19));
#5163 = CARTESIAN_POINT('',(10.075557855901,-62.77074718753,
    -1.009741958683E-27));
#5164 = CARTESIAN_POINT('',(9.970491923578,-63.37417058779,
    -1.009741958683E-27));
#5165 = CARTESIAN_POINT('',(9.889910726287,-63.67103771878,0.));
#5166 = CARTESIAN_POINT('',(9.698881909424,-64.20843565851,0.));
#5167 = CARTESIAN_POINT('',(9.568845536681,-64.49896370044,0.));
#5168 = CARTESIAN_POINT('',(9.258442317386,-65.05198814337,0.));
#5169 = CARTESIAN_POINT('',(9.078171672756,-65.31453853538,0.));
#5170 = CARTESIAN_POINT('',(8.441412338475,-66.11262811612,0.));
#5171 = CARTESIAN_POINT('',(7.841919388543,-66.62923212136,
    4.235164736272E-21));
#5172 = CARTESIAN_POINT('',(6.503303705974,-67.47130855417,
    4.235164736272E-21));
#5173 = CARTESIAN_POINT('',(5.76722383422,-67.80160843009,0.));
#5174 = CARTESIAN_POINT('',(5.1,-68.1,0.));
#5175 = PCURVE('',#74,#5176);
#5176 = DEFINITIONAL_REPRESENTATION('',(#5177),#5192);
#5177 = B_SPLINE_CURVE_WITH_KNOTS('',3,(#5178,#5179,#5180,#5181,#5182,
    #5183,#5184,#5185,#5186,#5187,#5188,#5189,#5190,#5191),
  .UNSPECIFIED.,.F.,.F.,(4,2,2,2,2,2,4),(-0.780748695151,-0.696669709248
    ,-0.612590723346,-0.525567488617,-0.438544253889,-0.219272126944,0.)
  ,.UNSPECIFIED.);
#5178 = CARTESIAN_POINT('',(10.1,-62.1839202169));
#5179 = CARTESIAN_POINT('',(10.1,-62.46418350324));
#5180 = CARTESIAN_POINT('',(10.075557855901,-62.77074718753));
#5181 = CARTESIAN_POINT('',(9.970491923578,-63.37417058779));
#5182 = CARTESIAN_POINT('',(9.889910726287,-63.67103771878));
#5183 = CARTESIAN_POINT('',(9.698881909424,-64.20843565851));
#5184 = CARTESIAN_POINT('',(9.568845536681,-64.49896370044));
#5185 = CARTESIAN_POINT('',(9.258442317386,-65.05198814337));
#5186 = CARTESIAN_POINT('',(9.078171672756,-65.31453853538));
#5187 = CARTESIAN_POINT('',(8.441412338475,-66.11262811612));
#5188 = CARTESIAN_POINT('',(7.841919388543,-66.62923212136));
#5189 = CARTESIAN_POINT('',(6.503303705974,-67.47130855417));
#5190 = CARTESIAN_POINT('',(5.76722383422,-67.80160843009));
#5191 = CARTESIAN_POINT('',(5.1,-68.1));
#5192 = ( GEOMETRIC_REPRESENTATION_CONTEXT(2) 
PARAMETRIC_REPRESENTATION_CONTEXT() REPRESENTATION_CONTEXT('2D SPACE',''
  ) );
#5193 = PCURVE('',#4478,#5194);
#5194 = DEFINITIONAL_REPRESENTATION('',(#5195),#5243);
#5195 = B_SPLINE_CURVE_WITH_KNOTS('',3,(#5196,#5197,#5198,#5199,#5200,
    #5201,#5202,#5203,#5204,#5205,#5206,#5207,#5208,#5209,#5210,#5211,
    #5212,#5213,#5214,#5215,#5216,#5217,#5218,#5219,#5220,#5221,#5222,
    #5223,#5224,#5225,#5226,#5227,#5228,#5229,#5230,#5231,#5232,#5233,
    #5234,#5235,#5236,#5237,#5238,#5239,#5240,#5241,#5242),
  .UNSPECIFIED.,.F.,.F.,(4,1,1,1,1,1,1,1,1,1,1,1,1,1,1,1,1,1,1,1,1,1,1,1
    ,1,1,1,1,1,1,1,1,1,1,1,1,1,1,1,1,1,1,1,1,4),(-0.780748695151,
    -0.763004406625,-0.745260118099,-0.727515829572,-0.709771541046,
    -0.69202725252,-0.674282963994,-0.656538675468,-0.638794386942,
    -0.621050098415,-0.603305809889,-0.585561521363,-0.567817232837,
    -0.550072944311,-0.532328655785,-0.514584367259,-0.496840078732,
    -0.479095790206,-0.46135150168,-0.443607213154,-0.425862924628,
    -0.408118636102,-0.390374347575,-0.372630059049,-0.354885770523,
    -0.337141481997,-0.319397193471,-0.301652904945,-0.283908616418,
    -0.266164327892,-0.248420039366,-0.23067575084,-0.212931462314,
    -0.195187173788,-0.177442885262,-0.159698596735,-0.141954308209,
    -0.124210019683,-0.106465731157,-8.872144263078E-02,
    -7.097715410462E-02,-5.323286557847E-02,-3.548857705231E-02,
    -1.774428852616E-02,0.),.UNSPECIFIED.);
#5196 = CARTESIAN_POINT('',(3.309040732809,4.712388980385));
#5197 = CARTESIAN_POINT('',(3.310683442996,4.700724859306));
#5198 = CARTESIAN_POINT('',(3.314130772412,4.676944426733));
#5199 = CARTESIAN_POINT('',(3.319793289317,4.640219018803));
#5200 = CARTESIAN_POINT('',(3.325954891035,4.602741844135));
#5201 = CARTESIAN_POINT('',(3.33261695725,4.564811764503));
#5202 = CARTESIAN_POINT('',(3.339773242752,4.526718636319));
#5203 = CARTESIAN_POINT('',(3.347407987265,4.488739740576));
#5204 = CARTESIAN_POINT('',(3.355500421178,4.451153206178));
#5205 = CARTESIAN_POINT('',(3.364004603204,4.414271382534));
#5206 = CARTESIAN_POINT('',(3.372882808015,4.378321206199));
#5207 = CARTESIAN_POINT('',(3.381962363594,4.343861727489));
#5208 = CARTESIAN_POINT('',(3.392053650975,4.307983986616));
#5209 = CARTESIAN_POINT('',(3.403117265534,4.271330977763));
#5210 = CARTESIAN_POINT('',(3.415206348946,4.234086197642));
#5211 = CARTESIAN_POINT('',(3.428333839712,4.196550028761));
#5212 = CARTESIAN_POINT('',(3.442490923236,4.158977273225));
#5213 = CARTESIAN_POINT('',(3.457666881151,4.121625261772));
#5214 = CARTESIAN_POINT('',(3.473836462322,4.084766035534));
#5215 = CARTESIAN_POINT('',(3.490936304899,4.048660593051));
#5216 = CARTESIAN_POINT('',(3.50882889345,4.013630388665));
#5217 = CARTESIAN_POINT('',(3.527393185032,3.979769034493));
#5218 = CARTESIAN_POINT('',(3.547638808632,3.945345732739));
#5219 = CARTESIAN_POINT('',(3.569537005688,3.910740084518));
#5220 = CARTESIAN_POINT('',(3.593296387306,3.875878801635));
#5221 = CARTESIAN_POINT('',(3.619076834006,3.840813931564));
#5222 = CARTESIAN_POINT('',(3.647064341349,3.805567079625));
#5223 = CARTESIAN_POINT('',(3.677447550598,3.770170154895));
#5224 = CARTESIAN_POINT('',(3.710418541279,3.734653316353));
#5225 = CARTESIAN_POINT('',(3.746163949381,3.69904688401));
#5226 = CARTESIAN_POINT('',(3.784856215065,3.66337951827));
#5227 = CARTESIAN_POINT('',(3.826636117548,3.627676790245));
#5228 = CARTESIAN_POINT('',(3.871608990318,3.591961540028));
#5229 = CARTESIAN_POINT('',(3.919772132553,3.556246633385));
#5230 = CARTESIAN_POINT('',(3.97122513727,3.520561803299));
#5231 = CARTESIAN_POINT('',(4.026046579207,3.484944919565));
#5232 = CARTESIAN_POINT('',(4.084226523713,3.44943417888));
#5233 = CARTESIAN_POINT('',(4.145681953555,3.414070637891));
#5234 = CARTESIAN_POINT('',(4.210233282638,3.378896140507));
#5235 = CARTESIAN_POINT('',(4.277595697039,3.343952788592));
#5236 = CARTESIAN_POINT('',(4.347374472817,3.309282428658));
#5237 = CARTESIAN_POINT('',(4.419070720463,3.274926658868));
#5238 = CARTESIAN_POINT('',(4.492097465035,3.240927190122));
#5239 = CARTESIAN_POINT('',(4.565808182689,3.207326688397));
#5240 = CARTESIAN_POINT('',(4.639526654318,3.174169283233));
#5241 = CARTESIAN_POINT('',(4.68824555015,3.152391751341));
#5242 = CARTESIAN_POINT('',(4.712388980385,3.14159265359));
#5243 = ( GEOMETRIC_REPRESENTATION_CONTEXT(2) 
PARAMETRIC_REPRESENTATION_CONTEXT() REPRESENTATION_CONTEXT('2D SPACE',''
  ) );
#5244 = ORIENTED_EDGE('',*,*,#4438,.T.);
#5245 = ORIENTED_EDGE('',*,*,#5246,.T.);
#5246 = EDGE_CURVE('',#4410,#5247,#5249,.T.);
#5247 = VERTEX_POINT('',#5248);
#5248 = CARTESIAN_POINT('',(5.1,68.1,0.));
#5249 = SURFACE_CURVE('',#5250,(#5265,#5283),.PCURVE_S1.);
#5250 = B_SPLINE_CURVE_WITH_KNOTS('',3,(#5251,#5252,#5253,#5254,#5255,
    #5256,#5257,#5258,#5259,#5260,#5261,#5262,#5263,#5264),
  .UNSPECIFIED.,.F.,.F.,(4,2,2,2,2,2,4),(2.267869625715,2.351948611617,
    2.43602759752,2.523050832248,2.610074066977,2.829346193921,
    3.048618320866),.UNSPECIFIED.);
#5251 = CARTESIAN_POINT('',(10.1,62.1839202169,0.));
#5252 = CARTESIAN_POINT('',(10.1,62.464183503242,-8.332342843332E-18));
#5253 = CARTESIAN_POINT('',(10.075557855901,62.77074718753,0.));
#5254 = CARTESIAN_POINT('',(9.970491923578,63.374170587796,0.));
#5255 = CARTESIAN_POINT('',(9.889910726287,63.671037718781,0.));
#5256 = CARTESIAN_POINT('',(9.698881909424,64.208435658511,0.));
#5257 = CARTESIAN_POINT('',(9.568845536681,64.498963700442,0.));
#5258 = CARTESIAN_POINT('',(9.258442317386,65.051988143375,0.));
#5259 = CARTESIAN_POINT('',(9.078171672756,65.31453853538,0.));
#5260 = CARTESIAN_POINT('',(8.441412338475,66.112628116128,0.));
#5261 = CARTESIAN_POINT('',(7.841919388543,66.629232121364,0.));
#5262 = CARTESIAN_POINT('',(6.503303705974,67.471308554174,0.));
#5263 = CARTESIAN_POINT('',(5.76722383422,67.801608430095,0.));
#5264 = CARTESIAN_POINT('',(5.1,68.1,0.));
#5265 = PCURVE('',#74,#5266);
#5266 = DEFINITIONAL_REPRESENTATION('',(#5267),#5282);
#5267 = B_SPLINE_CURVE_WITH_KNOTS('',3,(#5268,#5269,#5270,#5271,#5272,
    #5273,#5274,#5275,#5276,#5277,#5278,#5279,#5280,#5281),
  .UNSPECIFIED.,.F.,.F.,(4,2,2,2,2,2,4),(2.267869625715,2.351948611617,
    2.43602759752,2.523050832248,2.610074066977,2.829346193921,
    3.048618320866),.UNSPECIFIED.);
#5268 = CARTESIAN_POINT('',(10.1,62.1839202169));
#5269 = CARTESIAN_POINT('',(10.1,62.464183503242));
#5270 = CARTESIAN_POINT('',(10.075557855901,62.77074718753));
#5271 = CARTESIAN_POINT('',(9.970491923578,63.374170587796));
#5272 = CARTESIAN_POINT('',(9.889910726287,63.671037718781));
#5273 = CARTESIAN_POINT('',(9.698881909424,64.208435658511));
#5274 = CARTESIAN_POINT('',(9.568845536681,64.498963700442));
#5275 = CARTESIAN_POINT('',(9.258442317386,65.051988143375));
#5276 = CARTESIAN_POINT('',(9.078171672756,65.31453853538));
#5277 = CARTESIAN_POINT('',(8.441412338475,66.112628116128));
#5278 = CARTESIAN_POINT('',(7.841919388543,66.629232121364));
#5279 = CARTESIAN_POINT('',(6.503303705974,67.471308554174));
#5280 = CARTESIAN_POINT('',(5.76722383422,67.801608430095));
#5281 = CARTESIAN_POINT('',(5.1,68.1));
#5282 = ( GEOMETRIC_REPRESENTATION_CONTEXT(2) 
PARAMETRIC_REPRESENTATION_CONTEXT() REPRESENTATION_CONTEXT('2D SPACE',''
  ) );
#5283 = PCURVE('',#4426,#5284);
#5284 = DEFINITIONAL_REPRESENTATION('',(#5285),#5333);
#5285 = B_SPLINE_CURVE_WITH_KNOTS('',3,(#5286,#5287,#5288,#5289,#5290,
    #5291,#5292,#5293,#5294,#5295,#5296,#5297,#5298,#5299,#5300,#5301,
    #5302,#5303,#5304,#5305,#5306,#5307,#5308,#5309,#5310,#5311,#5312,
    #5313,#5314,#5315,#5316,#5317,#5318,#5319,#5320,#5321,#5322,#5323,
    #5324,#5325,#5326,#5327,#5328,#5329,#5330,#5331,#5332),
  .UNSPECIFIED.,.F.,.F.,(4,1,1,1,1,1,1,1,1,1,1,1,1,1,1,1,1,1,1,1,1,1,1,1
    ,1,1,1,1,1,1,1,1,1,1,1,1,1,1,1,1,1,1,1,1,4),(2.267869625715,
    2.285613914241,2.303358202767,2.321102491293,2.33884677982,
    2.356591068346,2.374335356872,2.392079645398,2.409823933924,
    2.42756822245,2.445312510976,2.463056799503,2.480801088029,
    2.498545376555,2.516289665081,2.534033953607,2.551778242133,
    2.56952253066,2.587266819186,2.605011107712,2.622755396238,
    2.640499684764,2.65824397329,2.675988261817,2.693732550343,
    2.711476838869,2.729221127395,2.746965415921,2.764709704447,
    2.782453992973,2.8001982815,2.817942570026,2.835686858552,
    2.853431147078,2.871175435604,2.88891972413,2.906664012657,
    2.924408301183,2.942152589709,2.959896878235,2.977641166761,
    2.995385455287,3.013129743813,3.03087403234,3.048618320866),
  .QUASI_UNIFORM_KNOTS.);
#5286 = CARTESIAN_POINT('',(6.11573722796,4.712388980385));
#5287 = CARTESIAN_POINT('',(6.114094517774,4.700724859306));
#5288 = CARTESIAN_POINT('',(6.110647188357,4.676944426733));
#5289 = CARTESIAN_POINT('',(6.104984671453,4.640219018803));
#5290 = CARTESIAN_POINT('',(6.098823069735,4.602741844135));
#5291 = CARTESIAN_POINT('',(6.092161003519,4.564811764503));
#5292 = CARTESIAN_POINT('',(6.085004718017,4.526718636319));
#5293 = CARTESIAN_POINT('',(6.077369973504,4.488739740576));
#5294 = CARTESIAN_POINT('',(6.069277539591,4.451153206178));
#5295 = CARTESIAN_POINT('',(6.060773357566,4.414271382534));
#5296 = CARTESIAN_POINT('',(6.051895152755,4.378321206199));
#5297 = CARTESIAN_POINT('',(6.042815597175,4.343861727489));
#5298 = CARTESIAN_POINT('',(6.032724309794,4.307983986616));
#5299 = CARTESIAN_POINT('',(6.021660695236,4.271330977763));
#5300 = CARTESIAN_POINT('',(6.009571611824,4.234086197642));
#5301 = CARTESIAN_POINT('',(5.996444121058,4.196550028761));
#5302 = CARTESIAN_POINT('',(5.982287037533,4.158977273225));
#5303 = CARTESIAN_POINT('',(5.967111079618,4.121625261772));
#5304 = CARTESIAN_POINT('',(5.950941498448,4.084766035534));
#5305 = CARTESIAN_POINT('',(5.933841655871,4.048660593051));
#5306 = CARTESIAN_POINT('',(5.915949067319,4.013630388665));
#5307 = CARTESIAN_POINT('',(5.897384775737,3.979769034493));
#5308 = CARTESIAN_POINT('',(5.877139152137,3.945345732739));
#5309 = CARTESIAN_POINT('',(5.855240955082,3.910740084518));
#5310 = CARTESIAN_POINT('',(5.831481573463,3.875878801635));
#5311 = CARTESIAN_POINT('',(5.805701126763,3.840813931564));
#5312 = CARTESIAN_POINT('',(5.77771361942,3.805567079625));
#5313 = CARTESIAN_POINT('',(5.747330410171,3.770170154895));
#5314 = CARTESIAN_POINT('',(5.71435941949,3.734653316353));
#5315 = CARTESIAN_POINT('',(5.678614011388,3.69904688401));
#5316 = CARTESIAN_POINT('',(5.639921745704,3.66337951827));
#5317 = CARTESIAN_POINT('',(5.598141843222,3.627676790245));
#5318 = CARTESIAN_POINT('',(5.553168970451,3.591961540028));
#5319 = CARTESIAN_POINT('',(5.505005828216,3.556246633385));
#5320 = CARTESIAN_POINT('',(5.453552823499,3.520561803299));
#5321 = CARTESIAN_POINT('',(5.398731381562,3.484944919565));
#5322 = CARTESIAN_POINT('',(5.340551437056,3.44943417888));
#5323 = CARTESIAN_POINT('',(5.279096007214,3.414070637891));
#5324 = CARTESIAN_POINT('',(5.214544678131,3.378896140507));
#5325 = CARTESIAN_POINT('',(5.147182263731,3.343952788592));
#5326 = CARTESIAN_POINT('',(5.077403487952,3.309282428658));
#5327 = CARTESIAN_POINT('',(5.005707240306,3.274926658868));
#5328 = CARTESIAN_POINT('',(4.932680495734,3.240927190122));
#5329 = CARTESIAN_POINT('',(4.858969778081,3.207326688397));
#5330 = CARTESIAN_POINT('',(4.785251306452,3.174169283233));
#5331 = CARTESIAN_POINT('',(4.736532410619,3.152391751341));
#5332 = CARTESIAN_POINT('',(4.712388980385,3.14159265359));
#5333 = ( GEOMETRIC_REPRESENTATION_CONTEXT(2) 
PARAMETRIC_REPRESENTATION_CONTEXT() REPRESENTATION_CONTEXT('2D SPACE',''
  ) );
#5334 = ORIENTED_EDGE('',*,*,#5335,.T.);
#5335 = EDGE_CURVE('',#5247,#5336,#5338,.T.);
#5336 = VERTEX_POINT('',#5337);
#5337 = CARTESIAN_POINT('',(-5.1,68.1,0.));
#5338 = SURFACE_CURVE('',#5339,(#5343,#5350),.PCURVE_S1.);
#5339 = LINE('',#5340,#5341);
#5340 = CARTESIAN_POINT('',(-10.1,68.1,0.));
#5341 = VECTOR('',#5342,1.);
#5342 = DIRECTION('',(-1.,0.,0.));
#5343 = PCURVE('',#74,#5344);
#5344 = DEFINITIONAL_REPRESENTATION('',(#5345),#5349);
#5345 = LINE('',#5346,#5347);
#5346 = CARTESIAN_POINT('',(-10.1,68.1));
#5347 = VECTOR('',#5348,1.);
#5348 = DIRECTION('',(-1.,0.));
#5349 = ( GEOMETRIC_REPRESENTATION_CONTEXT(2) 
PARAMETRIC_REPRESENTATION_CONTEXT() REPRESENTATION_CONTEXT('2D SPACE',''
  ) );
#5350 = PCURVE('',#5351,#5356);
#5351 = CYLINDRICAL_SURFACE('',#5352,1.);
#5352 = AXIS2_PLACEMENT_3D('',#5353,#5354,#5355);
#5353 = CARTESIAN_POINT('',(-6.938893903907E-15,68.1,1.));
#5354 = DIRECTION('',(1.,0.,0.));
#5355 = DIRECTION('',(0.,0.,-1.));
#5356 = DEFINITIONAL_REPRESENTATION('',(#5357),#5361);
#5357 = LINE('',#5358,#5359);
#5358 = CARTESIAN_POINT('',(6.28318530718,-10.1));
#5359 = VECTOR('',#5360,1.);
#5360 = DIRECTION('',(0.,-1.));
#5361 = ( GEOMETRIC_REPRESENTATION_CONTEXT(2) 
PARAMETRIC_REPRESENTATION_CONTEXT() REPRESENTATION_CONTEXT('2D SPACE',''
  ) );
#5362 = ORIENTED_EDGE('',*,*,#5363,.F.);
#5363 = EDGE_CURVE('',#3741,#5336,#5364,.T.);
#5364 = SURFACE_CURVE('',#5365,(#5380,#5398),.PCURVE_S1.);
#5365 = B_SPLINE_CURVE_WITH_KNOTS('',3,(#5366,#5367,#5368,#5369,#5370,
    #5371,#5372,#5373,#5374,#5375,#5376,#5377,#5378,#5379),
  .UNSPECIFIED.,.F.,.F.,(4,2,2,2,2,2,4),(-0.780748695151,-0.696669709248
    ,-0.612590723346,-0.525567488617,-0.438544253889,-0.219272126944,0.)
  ,.UNSPECIFIED.);
#5366 = CARTESIAN_POINT('',(-10.1,62.1839202169,0.));
#5367 = CARTESIAN_POINT('',(-10.1,62.464183503242,-6.867069520143E-19));
#5368 = CARTESIAN_POINT('',(-10.0755578559,62.77074718753,
    -1.009741958683E-27));
#5369 = CARTESIAN_POINT('',(-9.970491923578,63.374170587796,
    -1.009741958683E-27));
#5370 = CARTESIAN_POINT('',(-9.889910726287,63.671037718781,0.));
#5371 = CARTESIAN_POINT('',(-9.698881909424,64.208435658511,0.));
#5372 = CARTESIAN_POINT('',(-9.568845536681,64.498963700442,0.));
#5373 = CARTESIAN_POINT('',(-9.258442317386,65.051988143375,0.));
#5374 = CARTESIAN_POINT('',(-9.078171672756,65.31453853538,0.));
#5375 = CARTESIAN_POINT('',(-8.441412338475,66.112628116128,0.));
#5376 = CARTESIAN_POINT('',(-7.841919388543,66.629232121364,
    4.235164736272E-21));
#5377 = CARTESIAN_POINT('',(-6.503303705974,67.471308554174,
    4.235164736272E-21));
#5378 = CARTESIAN_POINT('',(-5.76722383422,67.801608430095,0.));
#5379 = CARTESIAN_POINT('',(-5.1,68.1,0.));
#5380 = PCURVE('',#74,#5381);
#5381 = DEFINITIONAL_REPRESENTATION('',(#5382),#5397);
#5382 = B_SPLINE_CURVE_WITH_KNOTS('',3,(#5383,#5384,#5385,#5386,#5387,
    #5388,#5389,#5390,#5391,#5392,#5393,#5394,#5395,#5396),
  .UNSPECIFIED.,.F.,.F.,(4,2,2,2,2,2,4),(-0.780748695151,-0.696669709248
    ,-0.612590723346,-0.525567488617,-0.438544253889,-0.219272126944,0.)
  ,.UNSPECIFIED.);
#5383 = CARTESIAN_POINT('',(-10.1,62.1839202169));
#5384 = CARTESIAN_POINT('',(-10.1,62.464183503242));
#5385 = CARTESIAN_POINT('',(-10.0755578559,62.77074718753));
#5386 = CARTESIAN_POINT('',(-9.970491923578,63.374170587796));
#5387 = CARTESIAN_POINT('',(-9.889910726287,63.671037718781));
#5388 = CARTESIAN_POINT('',(-9.698881909424,64.208435658511));
#5389 = CARTESIAN_POINT('',(-9.568845536681,64.498963700442));
#5390 = CARTESIAN_POINT('',(-9.258442317386,65.051988143375));
#5391 = CARTESIAN_POINT('',(-9.078171672756,65.31453853538));
#5392 = CARTESIAN_POINT('',(-8.441412338475,66.112628116128));
#5393 = CARTESIAN_POINT('',(-7.841919388543,66.629232121364));
#5394 = CARTESIAN_POINT('',(-6.503303705974,67.471308554174));
#5395 = CARTESIAN_POINT('',(-5.76722383422,67.801608430095));
#5396 = CARTESIAN_POINT('',(-5.1,68.1));
#5397 = ( GEOMETRIC_REPRESENTATION_CONTEXT(2) 
PARAMETRIC_REPRESENTATION_CONTEXT() REPRESENTATION_CONTEXT('2D SPACE',''
  ) );
#5398 = PCURVE('',#3780,#5399);
#5399 = DEFINITIONAL_REPRESENTATION('',(#5400),#5448);
#5400 = B_SPLINE_CURVE_WITH_KNOTS('',3,(#5401,#5402,#5403,#5404,#5405,
    #5406,#5407,#5408,#5409,#5410,#5411,#5412,#5413,#5414,#5415,#5416,
    #5417,#5418,#5419,#5420,#5421,#5422,#5423,#5424,#5425,#5426,#5427,
    #5428,#5429,#5430,#5431,#5432,#5433,#5434,#5435,#5436,#5437,#5438,
    #5439,#5440,#5441,#5442,#5443,#5444,#5445,#5446,#5447),
  .UNSPECIFIED.,.F.,.F.,(4,1,1,1,1,1,1,1,1,1,1,1,1,1,1,1,1,1,1,1,1,1,1,1
    ,1,1,1,1,1,1,1,1,1,1,1,1,1,1,1,1,1,1,1,1,4),(-0.780748695151,
    -0.763004406625,-0.745260118099,-0.727515829572,-0.709771541046,
    -0.69202725252,-0.674282963994,-0.656538675468,-0.638794386942,
    -0.621050098415,-0.603305809889,-0.585561521363,-0.567817232837,
    -0.550072944311,-0.532328655785,-0.514584367259,-0.496840078732,
    -0.479095790206,-0.46135150168,-0.443607213154,-0.425862924628,
    -0.408118636102,-0.390374347575,-0.372630059049,-0.354885770523,
    -0.337141481997,-0.319397193471,-0.301652904945,-0.283908616418,
    -0.266164327892,-0.248420039366,-0.23067575084,-0.212931462314,
    -0.195187173788,-0.177442885262,-0.159698596735,-0.141954308209,
    -0.124210019683,-0.106465731157,-8.872144263078E-02,
    -7.097715410462E-02,-5.323286557847E-02,-3.548857705231E-02,
    -1.774428852616E-02,0.),.UNSPECIFIED.);
#5401 = CARTESIAN_POINT('',(6.11573722796,1.570796326795));
#5402 = CARTESIAN_POINT('',(6.114094517774,1.582460447874));
#5403 = CARTESIAN_POINT('',(6.110647188357,1.606240880447));
#5404 = CARTESIAN_POINT('',(6.104984671453,1.642966288377));
#5405 = CARTESIAN_POINT('',(6.098823069735,1.680443463045));
#5406 = CARTESIAN_POINT('',(6.092161003519,1.718373542676));
#5407 = CARTESIAN_POINT('',(6.085004718017,1.75646667086));
#5408 = CARTESIAN_POINT('',(6.077369973504,1.794445566603));
#5409 = CARTESIAN_POINT('',(6.069277539591,1.832032101001));
#5410 = CARTESIAN_POINT('',(6.060773357566,1.868913924645));
#5411 = CARTESIAN_POINT('',(6.051895152755,1.904864100981));
#5412 = CARTESIAN_POINT('',(6.042815597175,1.93932357969));
#5413 = CARTESIAN_POINT('',(6.032724309794,1.975201320564));
#5414 = CARTESIAN_POINT('',(6.021660695236,2.011854329416));
#5415 = CARTESIAN_POINT('',(6.009571611824,2.049099109538));
#5416 = CARTESIAN_POINT('',(5.996444121058,2.086635278418));
#5417 = CARTESIAN_POINT('',(5.982287037533,2.124208033955));
#5418 = CARTESIAN_POINT('',(5.967111079618,2.161560045407));
#5419 = CARTESIAN_POINT('',(5.950941498448,2.198419271646));
#5420 = CARTESIAN_POINT('',(5.933841655871,2.234524714128));
#5421 = CARTESIAN_POINT('',(5.915949067319,2.269554918514));
#5422 = CARTESIAN_POINT('',(5.897384775737,2.303416272686));
#5423 = CARTESIAN_POINT('',(5.877139152137,2.337839574441));
#5424 = CARTESIAN_POINT('',(5.855240955082,2.372445222661));
#5425 = CARTESIAN_POINT('',(5.831481573463,2.407306505544));
#5426 = CARTESIAN_POINT('',(5.805701126763,2.442371375615));
#5427 = CARTESIAN_POINT('',(5.77771361942,2.477618227555));
#5428 = CARTESIAN_POINT('',(5.747330410171,2.513015152284));
#5429 = CARTESIAN_POINT('',(5.71435941949,2.548531990827));
#5430 = CARTESIAN_POINT('',(5.678614011388,2.58413842317));
#5431 = CARTESIAN_POINT('',(5.639921745704,2.61980578891));
#5432 = CARTESIAN_POINT('',(5.598141843222,2.655508516935));
#5433 = CARTESIAN_POINT('',(5.553168970451,2.691223767151));
#5434 = CARTESIAN_POINT('',(5.505005828216,2.726938673795));
#5435 = CARTESIAN_POINT('',(5.453552823499,2.76262350388));
#5436 = CARTESIAN_POINT('',(5.398731381562,2.798240387614));
#5437 = CARTESIAN_POINT('',(5.340551437056,2.8337511283));
#5438 = CARTESIAN_POINT('',(5.279096007214,2.869114669288));
#5439 = CARTESIAN_POINT('',(5.214544678131,2.904289166672));
#5440 = CARTESIAN_POINT('',(5.147182263731,2.939232518588));
#5441 = CARTESIAN_POINT('',(5.077403487952,2.973902878522));
#5442 = CARTESIAN_POINT('',(5.005707240306,3.008258648312));
#5443 = CARTESIAN_POINT('',(4.932680495734,3.042258117057));
#5444 = CARTESIAN_POINT('',(4.858969778081,3.075858618783));
#5445 = CARTESIAN_POINT('',(4.785251306452,3.109016023947));
#5446 = CARTESIAN_POINT('',(4.736532410619,3.130793555839));
#5447 = CARTESIAN_POINT('',(4.712388980385,3.14159265359));
#5448 = ( GEOMETRIC_REPRESENTATION_CONTEXT(2) 
PARAMETRIC_REPRESENTATION_CONTEXT() REPRESENTATION_CONTEXT('2D SPACE',''
  ) );
#5449 = ADVANCED_FACE('',(#5450),#188,.T.);
#5450 = FACE_BOUND('',#5451,.T.);
#5451 = EDGE_LOOP('',(#5452,#5475,#5476,#5497,#5498,#5519,#5520,#5543));
#5452 = ORIENTED_EDGE('',*,*,#5453,.T.);
#5453 = EDGE_CURVE('',#5454,#1256,#5456,.T.);
#5454 = VERTEX_POINT('',#5455);
#5455 = CARTESIAN_POINT('',(5.1,68.1,5.));
#5456 = SURFACE_CURVE('',#5457,(#5461,#5468),.PCURVE_S1.);
#5457 = LINE('',#5458,#5459);
#5458 = CARTESIAN_POINT('',(5.1,72.1,5.));
#5459 = VECTOR('',#5460,1.);
#5460 = DIRECTION('',(6.014991248186E-17,1.,0.));
#5461 = PCURVE('',#188,#5462);
#5462 = DEFINITIONAL_REPRESENTATION('',(#5463),#5467);
#5463 = LINE('',#5464,#5465);
#5464 = CARTESIAN_POINT('',(5.1,72.1));
#5465 = VECTOR('',#5466,1.);
#5466 = DIRECTION('',(6.014991248186E-17,1.));
#5467 = ( GEOMETRIC_REPRESENTATION_CONTEXT(2) 
PARAMETRIC_REPRESENTATION_CONTEXT() REPRESENTATION_CONTEXT('2D SPACE',''
  ) );
#5468 = PCURVE('',#1295,#5469);
#5469 = DEFINITIONAL_REPRESENTATION('',(#5470),#5474);
#5470 = LINE('',#5471,#5472);
#5471 = CARTESIAN_POINT('',(4.712388980385,-72.1));
#5472 = VECTOR('',#5473,1.);
#5473 = DIRECTION('',(0.,-1.));
#5474 = ( GEOMETRIC_REPRESENTATION_CONTEXT(2) 
PARAMETRIC_REPRESENTATION_CONTEXT() REPRESENTATION_CONTEXT('2D SPACE',''
  ) );
#5475 = ORIENTED_EDGE('',*,*,#1255,.T.);
#5476 = ORIENTED_EDGE('',*,*,#5477,.F.);
#5477 = EDGE_CURVE('',#173,#1232,#5478,.T.);
#5478 = SURFACE_CURVE('',#5479,(#5483,#5490),.PCURVE_S1.);
#5479 = LINE('',#5480,#5481);
#5480 = CARTESIAN_POINT('',(3.1,77.1,5.));
#5481 = VECTOR('',#5482,1.);
#5482 = DIRECTION('',(4.595293976097E-16,-1.,0.));
#5483 = PCURVE('',#188,#5484);
#5484 = DEFINITIONAL_REPRESENTATION('',(#5485),#5489);
#5485 = LINE('',#5486,#5487);
#5486 = CARTESIAN_POINT('',(3.1,77.1));
#5487 = VECTOR('',#5488,1.);
#5488 = DIRECTION('',(4.595293976097E-16,-1.));
#5489 = ( GEOMETRIC_REPRESENTATION_CONTEXT(2) 
PARAMETRIC_REPRESENTATION_CONTEXT() REPRESENTATION_CONTEXT('2D SPACE',''
  ) );
#5490 = PCURVE('',#217,#5491);
#5491 = DEFINITIONAL_REPRESENTATION('',(#5492),#5496);
#5492 = LINE('',#5493,#5494);
#5493 = CARTESIAN_POINT('',(4.712388980385,-1.999999999995E-03));
#5494 = VECTOR('',#5495,1.);
#5495 = DIRECTION('',(0.,-1.));
#5496 = ( GEOMETRIC_REPRESENTATION_CONTEXT(2) 
PARAMETRIC_REPRESENTATION_CONTEXT() REPRESENTATION_CONTEXT('2D SPACE',''
  ) );
#5497 = ORIENTED_EDGE('',*,*,#170,.F.);
#5498 = ORIENTED_EDGE('',*,*,#5499,.T.);
#5499 = EDGE_CURVE('',#171,#1406,#5500,.T.);
#5500 = SURFACE_CURVE('',#5501,(#5505,#5512),.PCURVE_S1.);
#5501 = LINE('',#5502,#5503);
#5502 = CARTESIAN_POINT('',(-3.1,72.1,5.));
#5503 = VECTOR('',#5504,1.);
#5504 = DIRECTION('',(4.595293976097E-16,-1.,0.));
#5505 = PCURVE('',#188,#5506);
#5506 = DEFINITIONAL_REPRESENTATION('',(#5507),#5511);
#5507 = LINE('',#5508,#5509);
#5508 = CARTESIAN_POINT('',(-3.1,72.1));
#5509 = VECTOR('',#5510,1.);
#5510 = DIRECTION('',(4.595293976097E-16,-1.));
#5511 = ( GEOMETRIC_REPRESENTATION_CONTEXT(2) 
PARAMETRIC_REPRESENTATION_CONTEXT() REPRESENTATION_CONTEXT('2D SPACE',''
  ) );
#5512 = PCURVE('',#386,#5513);
#5513 = DEFINITIONAL_REPRESENTATION('',(#5514),#5518);
#5514 = LINE('',#5515,#5516);
#5515 = CARTESIAN_POINT('',(4.712388980385,72.1));
#5516 = VECTOR('',#5517,1.);
#5517 = DIRECTION('',(0.,-1.));
#5518 = ( GEOMETRIC_REPRESENTATION_CONTEXT(2) 
PARAMETRIC_REPRESENTATION_CONTEXT() REPRESENTATION_CONTEXT('2D SPACE',''
  ) );
#5519 = ORIENTED_EDGE('',*,*,#1405,.T.);
#5520 = ORIENTED_EDGE('',*,*,#5521,.F.);
#5521 = EDGE_CURVE('',#5522,#1377,#5524,.T.);
#5522 = VERTEX_POINT('',#5523);
#5523 = CARTESIAN_POINT('',(-5.1,68.1,5.));
#5524 = SURFACE_CURVE('',#5525,(#5529,#5536),.PCURVE_S1.);
#5525 = LINE('',#5526,#5527);
#5526 = CARTESIAN_POINT('',(-5.1,3.067645536575E-16,5.));
#5527 = VECTOR('',#5528,1.);
#5528 = DIRECTION('',(6.014991248186E-17,1.,0.));
#5529 = PCURVE('',#188,#5530);
#5530 = DEFINITIONAL_REPRESENTATION('',(#5531),#5535);
#5531 = LINE('',#5532,#5533);
#5532 = CARTESIAN_POINT('',(-5.1,3.067645536575E-16));
#5533 = VECTOR('',#5534,1.);
#5534 = DIRECTION('',(6.014991248186E-17,1.));
#5535 = ( GEOMETRIC_REPRESENTATION_CONTEXT(2) 
PARAMETRIC_REPRESENTATION_CONTEXT() REPRESENTATION_CONTEXT('2D SPACE',''
  ) );
#5536 = PCURVE('',#1393,#5537);
#5537 = DEFINITIONAL_REPRESENTATION('',(#5538),#5542);
#5538 = LINE('',#5539,#5540);
#5539 = CARTESIAN_POINT('',(4.712388980385,1.42108547152E-14));
#5540 = VECTOR('',#5541,1.);
#5541 = DIRECTION('',(0.,1.));
#5542 = ( GEOMETRIC_REPRESENTATION_CONTEXT(2) 
PARAMETRIC_REPRESENTATION_CONTEXT() REPRESENTATION_CONTEXT('2D SPACE',''
  ) );
#5543 = ORIENTED_EDGE('',*,*,#5544,.T.);
#5544 = EDGE_CURVE('',#5522,#5454,#5545,.T.);
#5545 = SURFACE_CURVE('',#5546,(#5550,#5557),.PCURVE_S1.);
#5546 = LINE('',#5547,#5548);
#5547 = CARTESIAN_POINT('',(-6.938893903907E-15,68.1,5.));
#5548 = VECTOR('',#5549,1.);
#5549 = DIRECTION('',(1.,0.,0.));
#5550 = PCURVE('',#188,#5551);
#5551 = DEFINITIONAL_REPRESENTATION('',(#5552),#5556);
#5552 = LINE('',#5553,#5554);
#5553 = CARTESIAN_POINT('',(0.,68.1));
#5554 = VECTOR('',#5555,1.);
#5555 = DIRECTION('',(1.,0.));
#5556 = ( GEOMETRIC_REPRESENTATION_CONTEXT(2) 
PARAMETRIC_REPRESENTATION_CONTEXT() REPRESENTATION_CONTEXT('2D SPACE',''
  ) );
#5557 = PCURVE('',#5558,#5563);
#5558 = CYLINDRICAL_SURFACE('',#5559,1.);
#5559 = AXIS2_PLACEMENT_3D('',#5560,#5561,#5562);
#5560 = CARTESIAN_POINT('',(-6.938893903907E-15,68.1,4.));
#5561 = DIRECTION('',(1.,0.,0.));
#5562 = DIRECTION('',(0.,0.,-1.));
#5563 = DEFINITIONAL_REPRESENTATION('',(#5564),#5568);
#5564 = LINE('',#5565,#5566);
#5565 = CARTESIAN_POINT('',(3.14159265359,0.));
#5566 = VECTOR('',#5567,1.);
#5567 = DIRECTION('',(0.,1.));
#5568 = ( GEOMETRIC_REPRESENTATION_CONTEXT(2) 
PARAMETRIC_REPRESENTATION_CONTEXT() REPRESENTATION_CONTEXT('2D SPACE',''
  ) );
#5569 = ADVANCED_FACE('',(#5570,#6168,#6174,#6205,#6236,#6267),#990,.T.
  );
#5570 = FACE_BOUND('',#5571,.T.);
#5571 = EDGE_LOOP('',(#5572,#5602,#5631,#5659,#5688,#5711,#5734,#5756,
    #5757,#5781,#5809,#5837,#5866,#5894,#5923,#5946,#5974,#5996,#5997,
    #6021,#6049,#6071,#6072,#6096,#6124,#6146,#6147));
#5572 = ORIENTED_EDGE('',*,*,#5573,.T.);
#5573 = EDGE_CURVE('',#5574,#5576,#5578,.T.);
#5574 = VERTEX_POINT('',#5575);
#5575 = CARTESIAN_POINT('',(-18.1,59.1,74.));
#5576 = VERTEX_POINT('',#5577);
#5577 = CARTESIAN_POINT('',(-18.1,55.1,74.));
#5578 = SURFACE_CURVE('',#5579,(#5583,#5590),.PCURVE_S1.);
#5579 = LINE('',#5580,#5581);
#5580 = CARTESIAN_POINT('',(-18.1,6.770146484065E-15,74.));
#5581 = VECTOR('',#5582,1.);
#5582 = DIRECTION('',(5.624913994737E-17,-1.,0.));
#5583 = PCURVE('',#990,#5584);
#5584 = DEFINITIONAL_REPRESENTATION('',(#5585),#5589);
#5585 = LINE('',#5586,#5587);
#5586 = CARTESIAN_POINT('',(-18.1,6.770146484065E-15));
#5587 = VECTOR('',#5588,1.);
#5588 = DIRECTION('',(5.624913994737E-17,-1.));
#5589 = ( GEOMETRIC_REPRESENTATION_CONTEXT(2) 
PARAMETRIC_REPRESENTATION_CONTEXT() REPRESENTATION_CONTEXT('2D SPACE',''
  ) );
#5590 = PCURVE('',#5591,#5596);
#5591 = PLANE('',#5592);
#5592 = AXIS2_PLACEMENT_3D('',#5593,#5594,#5595);
#5593 = CARTESIAN_POINT('',(-18.1,-1.018109433047E-15,42.5));
#5594 = DIRECTION('',(-1.,-5.624913994737E-17,0.));
#5595 = DIRECTION('',(-5.624913994737E-17,1.,0.));
#5596 = DEFINITIONAL_REPRESENTATION('',(#5597),#5601);
#5597 = LINE('',#5598,#5599);
#5598 = CARTESIAN_POINT('',(7.788255917112E-15,-31.5));
#5599 = VECTOR('',#5600,1.);
#5600 = DIRECTION('',(-1.,-0.));
#5601 = ( GEOMETRIC_REPRESENTATION_CONTEXT(2) 
PARAMETRIC_REPRESENTATION_CONTEXT() REPRESENTATION_CONTEXT('2D SPACE',''
  ) );
#5602 = ORIENTED_EDGE('',*,*,#5603,.T.);
#5603 = EDGE_CURVE('',#5576,#5604,#5606,.T.);
#5604 = VERTEX_POINT('',#5605);
#5605 = CARTESIAN_POINT('',(-17.1,54.1,74.));
#5606 = SURFACE_CURVE('',#5607,(#5612,#5619),.PCURVE_S1.);
#5607 = CIRCLE('',#5608,1.);
#5608 = AXIS2_PLACEMENT_3D('',#5609,#5610,#5611);
#5609 = CARTESIAN_POINT('',(-17.1,55.1,74.));
#5610 = DIRECTION('',(0.,0.,1.));
#5611 = DIRECTION('',(1.,0.,-0.));
#5612 = PCURVE('',#990,#5613);
#5613 = DEFINITIONAL_REPRESENTATION('',(#5614),#5618);
#5614 = CIRCLE('',#5615,1.);
#5615 = AXIS2_PLACEMENT_2D('',#5616,#5617);
#5616 = CARTESIAN_POINT('',(-17.1,55.1));
#5617 = DIRECTION('',(1.,0.));
#5618 = ( GEOMETRIC_REPRESENTATION_CONTEXT(2) 
PARAMETRIC_REPRESENTATION_CONTEXT() REPRESENTATION_CONTEXT('2D SPACE',''
  ) );
#5619 = PCURVE('',#5620,#5625);
#5620 = CYLINDRICAL_SURFACE('',#5621,1.);
#5621 = AXIS2_PLACEMENT_3D('',#5622,#5623,#5624);
#5622 = CARTESIAN_POINT('',(-17.1,55.1,42.5));
#5623 = DIRECTION('',(0.,0.,-1.));
#5624 = DIRECTION('',(-1.,0.,0.));
#5625 = DEFINITIONAL_REPRESENTATION('',(#5626),#5630);
#5626 = LINE('',#5627,#5628);
#5627 = CARTESIAN_POINT('',(9.424777960769,-31.5));
#5628 = VECTOR('',#5629,1.);
#5629 = DIRECTION('',(-1.,0.));
#5630 = ( GEOMETRIC_REPRESENTATION_CONTEXT(2) 
PARAMETRIC_REPRESENTATION_CONTEXT() REPRESENTATION_CONTEXT('2D SPACE',''
  ) );
#5631 = ORIENTED_EDGE('',*,*,#5632,.T.);
#5632 = EDGE_CURVE('',#5604,#5633,#5635,.T.);
#5633 = VERTEX_POINT('',#5634);
#5634 = CARTESIAN_POINT('',(-17.1,48.1,74.));
#5635 = SURFACE_CURVE('',#5636,(#5640,#5647),.PCURVE_S1.);
#5636 = LINE('',#5637,#5638);
#5637 = CARTESIAN_POINT('',(-17.1,6.826395624012E-15,74.));
#5638 = VECTOR('',#5639,1.);
#5639 = DIRECTION('',(5.624913994737E-17,-1.,0.));
#5640 = PCURVE('',#990,#5641);
#5641 = DEFINITIONAL_REPRESENTATION('',(#5642),#5646);
#5642 = LINE('',#5643,#5644);
#5643 = CARTESIAN_POINT('',(-17.1,6.826395624012E-15));
#5644 = VECTOR('',#5645,1.);
#5645 = DIRECTION('',(5.624913994737E-17,-1.));
#5646 = ( GEOMETRIC_REPRESENTATION_CONTEXT(2) 
PARAMETRIC_REPRESENTATION_CONTEXT() REPRESENTATION_CONTEXT('2D SPACE',''
  ) );
#5647 = PCURVE('',#5648,#5653);
#5648 = PLANE('',#5649);
#5649 = AXIS2_PLACEMENT_3D('',#5650,#5651,#5652);
#5650 = CARTESIAN_POINT('',(-17.1,-9.618602931E-16,42.5));
#5651 = DIRECTION('',(-1.,-5.624913994737E-17,0.));
#5652 = DIRECTION('',(-5.624913994737E-17,1.,0.));
#5653 = DEFINITIONAL_REPRESENTATION('',(#5654),#5658);
#5654 = LINE('',#5655,#5656);
#5655 = CARTESIAN_POINT('',(7.788255917112E-15,-31.5));
#5656 = VECTOR('',#5657,1.);
#5657 = DIRECTION('',(-1.,-0.));
#5658 = ( GEOMETRIC_REPRESENTATION_CONTEXT(2) 
PARAMETRIC_REPRESENTATION_CONTEXT() REPRESENTATION_CONTEXT('2D SPACE',''
  ) );
#5659 = ORIENTED_EDGE('',*,*,#5660,.T.);
#5660 = EDGE_CURVE('',#5633,#5661,#5663,.T.);
#5661 = VERTEX_POINT('',#5662);
#5662 = CARTESIAN_POINT('',(-18.1,47.1,74.));
#5663 = SURFACE_CURVE('',#5664,(#5669,#5676),.PCURVE_S1.);
#5664 = CIRCLE('',#5665,1.);
#5665 = AXIS2_PLACEMENT_3D('',#5666,#5667,#5668);
#5666 = CARTESIAN_POINT('',(-17.1,47.1,74.));
#5667 = DIRECTION('',(0.,0.,1.));
#5668 = DIRECTION('',(1.,0.,-0.));
#5669 = PCURVE('',#990,#5670);
#5670 = DEFINITIONAL_REPRESENTATION('',(#5671),#5675);
#5671 = CIRCLE('',#5672,1.);
#5672 = AXIS2_PLACEMENT_2D('',#5673,#5674);
#5673 = CARTESIAN_POINT('',(-17.1,47.1));
#5674 = DIRECTION('',(1.,0.));
#5675 = ( GEOMETRIC_REPRESENTATION_CONTEXT(2) 
PARAMETRIC_REPRESENTATION_CONTEXT() REPRESENTATION_CONTEXT('2D SPACE',''
  ) );
#5676 = PCURVE('',#5677,#5682);
#5677 = CYLINDRICAL_SURFACE('',#5678,1.);
#5678 = AXIS2_PLACEMENT_3D('',#5679,#5680,#5681);
#5679 = CARTESIAN_POINT('',(-17.1,47.1,42.5));
#5680 = DIRECTION('',(0.,0.,1.));
#5681 = DIRECTION('',(1.,0.,-0.));
#5682 = DEFINITIONAL_REPRESENTATION('',(#5683),#5687);
#5683 = LINE('',#5684,#5685);
#5684 = CARTESIAN_POINT('',(0.,31.5));
#5685 = VECTOR('',#5686,1.);
#5686 = DIRECTION('',(1.,0.));
#5687 = ( GEOMETRIC_REPRESENTATION_CONTEXT(2) 
PARAMETRIC_REPRESENTATION_CONTEXT() REPRESENTATION_CONTEXT('2D SPACE',''
  ) );
#5688 = ORIENTED_EDGE('',*,*,#5689,.T.);
#5689 = EDGE_CURVE('',#5661,#5690,#5692,.T.);
#5690 = VERTEX_POINT('',#5691);
#5691 = CARTESIAN_POINT('',(-18.1,43.1,74.));
#5692 = SURFACE_CURVE('',#5693,(#5697,#5704),.PCURVE_S1.);
#5693 = LINE('',#5694,#5695);
#5694 = CARTESIAN_POINT('',(-18.1,6.770146484065E-15,74.));
#5695 = VECTOR('',#5696,1.);
#5696 = DIRECTION('',(5.624913994737E-17,-1.,0.));
#5697 = PCURVE('',#990,#5698);
#5698 = DEFINITIONAL_REPRESENTATION('',(#5699),#5703);
#5699 = LINE('',#5700,#5701);
#5700 = CARTESIAN_POINT('',(-18.1,6.770146484065E-15));
#5701 = VECTOR('',#5702,1.);
#5702 = DIRECTION('',(5.624913994737E-17,-1.));
#5703 = ( GEOMETRIC_REPRESENTATION_CONTEXT(2) 
PARAMETRIC_REPRESENTATION_CONTEXT() REPRESENTATION_CONTEXT('2D SPACE',''
  ) );
#5704 = PCURVE('',#5591,#5705);
#5705 = DEFINITIONAL_REPRESENTATION('',(#5706),#5710);
#5706 = LINE('',#5707,#5708);
#5707 = CARTESIAN_POINT('',(7.788255917112E-15,-31.5));
#5708 = VECTOR('',#5709,1.);
#5709 = DIRECTION('',(-1.,-0.));
#5710 = ( GEOMETRIC_REPRESENTATION_CONTEXT(2) 
PARAMETRIC_REPRESENTATION_CONTEXT() REPRESENTATION_CONTEXT('2D SPACE',''
  ) );
#5711 = ORIENTED_EDGE('',*,*,#5712,.T.);
#5712 = EDGE_CURVE('',#5690,#5713,#5715,.T.);
#5713 = VERTEX_POINT('',#5714);
#5714 = CARTESIAN_POINT('',(-16.1,43.1,74.));
#5715 = SURFACE_CURVE('',#5716,(#5720,#5727),.PCURVE_S1.);
#5716 = LINE('',#5717,#5718);
#5717 = CARTESIAN_POINT('',(-18.1,43.1,74.));
#5718 = VECTOR('',#5719,1.);
#5719 = DIRECTION('',(1.,5.624913994737E-17,0.));
#5720 = PCURVE('',#990,#5721);
#5721 = DEFINITIONAL_REPRESENTATION('',(#5722),#5726);
#5722 = LINE('',#5723,#5724);
#5723 = CARTESIAN_POINT('',(-18.1,43.1));
#5724 = VECTOR('',#5725,1.);
#5725 = DIRECTION('',(1.,5.624913994737E-17));
#5726 = ( GEOMETRIC_REPRESENTATION_CONTEXT(2) 
PARAMETRIC_REPRESENTATION_CONTEXT() REPRESENTATION_CONTEXT('2D SPACE',''
  ) );
#5727 = PCURVE('',#3511,#5728);
#5728 = DEFINITIONAL_REPRESENTATION('',(#5729),#5733);
#5729 = LINE('',#5730,#5731);
#5730 = CARTESIAN_POINT('',(-0.,-4.));
#5731 = VECTOR('',#5732,1.);
#5732 = DIRECTION('',(-1.,0.));
#5733 = ( GEOMETRIC_REPRESENTATION_CONTEXT(2) 
PARAMETRIC_REPRESENTATION_CONTEXT() REPRESENTATION_CONTEXT('2D SPACE',''
  ) );
#5734 = ORIENTED_EDGE('',*,*,#5735,.F.);
#5735 = EDGE_CURVE('',#3355,#5713,#5736,.T.);
#5736 = SURFACE_CURVE('',#5737,(#5742,#5749),.PCURVE_S1.);
#5737 = CIRCLE('',#5738,1.);
#5738 = AXIS2_PLACEMENT_3D('',#5739,#5740,#5741);
#5739 = CARTESIAN_POINT('',(-16.1,42.1,74.));
#5740 = DIRECTION('',(0.,0.,1.));
#5741 = DIRECTION('',(1.,0.,-0.));
#5742 = PCURVE('',#990,#5743);
#5743 = DEFINITIONAL_REPRESENTATION('',(#5744),#5748);
#5744 = CIRCLE('',#5745,1.);
#5745 = AXIS2_PLACEMENT_2D('',#5746,#5747);
#5746 = CARTESIAN_POINT('',(-16.1,42.1));
#5747 = DIRECTION('',(1.,0.));
#5748 = ( GEOMETRIC_REPRESENTATION_CONTEXT(2) 
PARAMETRIC_REPRESENTATION_CONTEXT() REPRESENTATION_CONTEXT('2D SPACE',''
  ) );
#5749 = PCURVE('',#3398,#5750);
#5750 = DEFINITIONAL_REPRESENTATION('',(#5751),#5755);
#5751 = LINE('',#5752,#5753);
#5752 = CARTESIAN_POINT('',(0.,-4.));
#5753 = VECTOR('',#5754,1.);
#5754 = DIRECTION('',(1.,0.));
#5755 = ( GEOMETRIC_REPRESENTATION_CONTEXT(2) 
PARAMETRIC_REPRESENTATION_CONTEXT() REPRESENTATION_CONTEXT('2D SPACE',''
  ) );
#5756 = ORIENTED_EDGE('',*,*,#3352,.F.);
#5757 = ORIENTED_EDGE('',*,*,#5758,.F.);
#5758 = EDGE_CURVE('',#5759,#3353,#5761,.T.);
#5759 = VERTEX_POINT('',#5760);
#5760 = CARTESIAN_POINT('',(-16.1,-43.1,74.));
#5761 = SURFACE_CURVE('',#5762,(#5767,#5774),.PCURVE_S1.);
#5762 = CIRCLE('',#5763,1.);
#5763 = AXIS2_PLACEMENT_3D('',#5764,#5765,#5766);
#5764 = CARTESIAN_POINT('',(-16.1,-42.1,74.));
#5765 = DIRECTION('',(0.,0.,1.));
#5766 = DIRECTION('',(1.,0.,-0.));
#5767 = PCURVE('',#990,#5768);
#5768 = DEFINITIONAL_REPRESENTATION('',(#5769),#5773);
#5769 = CIRCLE('',#5770,1.);
#5770 = AXIS2_PLACEMENT_2D('',#5771,#5772);
#5771 = CARTESIAN_POINT('',(-16.1,-42.1));
#5772 = DIRECTION('',(1.,0.));
#5773 = ( GEOMETRIC_REPRESENTATION_CONTEXT(2) 
PARAMETRIC_REPRESENTATION_CONTEXT() REPRESENTATION_CONTEXT('2D SPACE',''
  ) );
#5774 = PCURVE('',#3615,#5775);
#5775 = DEFINITIONAL_REPRESENTATION('',(#5776),#5780);
#5776 = LINE('',#5777,#5778);
#5777 = CARTESIAN_POINT('',(9.424777960769,-69.));
#5778 = VECTOR('',#5779,1.);
#5779 = DIRECTION('',(-1.,0.));
#5780 = ( GEOMETRIC_REPRESENTATION_CONTEXT(2) 
PARAMETRIC_REPRESENTATION_CONTEXT() REPRESENTATION_CONTEXT('2D SPACE',''
  ) );
#5781 = ORIENTED_EDGE('',*,*,#5782,.F.);
#5782 = EDGE_CURVE('',#5783,#5759,#5785,.T.);
#5783 = VERTEX_POINT('',#5784);
#5784 = CARTESIAN_POINT('',(-18.1,-43.1,74.));
#5785 = SURFACE_CURVE('',#5786,(#5790,#5797),.PCURVE_S1.);
#5786 = LINE('',#5787,#5788);
#5787 = CARTESIAN_POINT('',(-18.1,-43.1,74.));
#5788 = VECTOR('',#5789,1.);
#5789 = DIRECTION('',(1.,-5.624913994737E-17,0.));
#5790 = PCURVE('',#990,#5791);
#5791 = DEFINITIONAL_REPRESENTATION('',(#5792),#5796);
#5792 = LINE('',#5793,#5794);
#5793 = CARTESIAN_POINT('',(-18.1,-43.1));
#5794 = VECTOR('',#5795,1.);
#5795 = DIRECTION('',(1.,-5.624913994737E-17));
#5796 = ( GEOMETRIC_REPRESENTATION_CONTEXT(2) 
PARAMETRIC_REPRESENTATION_CONTEXT() REPRESENTATION_CONTEXT('2D SPACE',''
  ) );
#5797 = PCURVE('',#5798,#5803);
#5798 = PLANE('',#5799);
#5799 = AXIS2_PLACEMENT_3D('',#5800,#5801,#5802);
#5800 = CARTESIAN_POINT('',(-18.1,-43.1,78.));
#5801 = DIRECTION('',(5.624913994737E-17,1.,0.));
#5802 = DIRECTION('',(-1.,5.624913994737E-17,0.));
#5803 = DEFINITIONAL_REPRESENTATION('',(#5804),#5808);
#5804 = LINE('',#5805,#5806);
#5805 = CARTESIAN_POINT('',(0.,-4.));
#5806 = VECTOR('',#5807,1.);
#5807 = DIRECTION('',(-1.,0.));
#5808 = ( GEOMETRIC_REPRESENTATION_CONTEXT(2) 
PARAMETRIC_REPRESENTATION_CONTEXT() REPRESENTATION_CONTEXT('2D SPACE',''
  ) );
#5809 = ORIENTED_EDGE('',*,*,#5810,.F.);
#5810 = EDGE_CURVE('',#5811,#5783,#5813,.T.);
#5811 = VERTEX_POINT('',#5812);
#5812 = CARTESIAN_POINT('',(-18.1,-47.1,74.));
#5813 = SURFACE_CURVE('',#5814,(#5818,#5825),.PCURVE_S1.);
#5814 = LINE('',#5815,#5816);
#5815 = CARTESIAN_POINT('',(-18.1,-6.770146484065E-15,74.));
#5816 = VECTOR('',#5817,1.);
#5817 = DIRECTION('',(5.624913994737E-17,1.,0.));
#5818 = PCURVE('',#990,#5819);
#5819 = DEFINITIONAL_REPRESENTATION('',(#5820),#5824);
#5820 = LINE('',#5821,#5822);
#5821 = CARTESIAN_POINT('',(-18.1,-6.770146484065E-15));
#5822 = VECTOR('',#5823,1.);
#5823 = DIRECTION('',(5.624913994737E-17,1.));
#5824 = ( GEOMETRIC_REPRESENTATION_CONTEXT(2) 
PARAMETRIC_REPRESENTATION_CONTEXT() REPRESENTATION_CONTEXT('2D SPACE',''
  ) );
#5825 = PCURVE('',#5826,#5831);
#5826 = PLANE('',#5827);
#5827 = AXIS2_PLACEMENT_3D('',#5828,#5829,#5830);
#5828 = CARTESIAN_POINT('',(-18.1,1.018109433047E-15,42.5));
#5829 = DIRECTION('',(-1.,5.624913994737E-17,0.));
#5830 = DIRECTION('',(-5.624913994737E-17,-1.,0.));
#5831 = DEFINITIONAL_REPRESENTATION('',(#5832),#5836);
#5832 = LINE('',#5833,#5834);
#5833 = CARTESIAN_POINT('',(7.788255917112E-15,31.5));
#5834 = VECTOR('',#5835,1.);
#5835 = DIRECTION('',(-1.,0.));
#5836 = ( GEOMETRIC_REPRESENTATION_CONTEXT(2) 
PARAMETRIC_REPRESENTATION_CONTEXT() REPRESENTATION_CONTEXT('2D SPACE',''
  ) );
#5837 = ORIENTED_EDGE('',*,*,#5838,.T.);
#5838 = EDGE_CURVE('',#5811,#5839,#5841,.T.);
#5839 = VERTEX_POINT('',#5840);
#5840 = CARTESIAN_POINT('',(-17.1,-48.1,74.));
#5841 = SURFACE_CURVE('',#5842,(#5847,#5854),.PCURVE_S1.);
#5842 = CIRCLE('',#5843,1.);
#5843 = AXIS2_PLACEMENT_3D('',#5844,#5845,#5846);
#5844 = CARTESIAN_POINT('',(-17.1,-47.1,74.));
#5845 = DIRECTION('',(0.,0.,1.));
#5846 = DIRECTION('',(1.,0.,-0.));
#5847 = PCURVE('',#990,#5848);
#5848 = DEFINITIONAL_REPRESENTATION('',(#5849),#5853);
#5849 = CIRCLE('',#5850,1.);
#5850 = AXIS2_PLACEMENT_2D('',#5851,#5852);
#5851 = CARTESIAN_POINT('',(-17.1,-47.1));
#5852 = DIRECTION('',(1.,0.));
#5853 = ( GEOMETRIC_REPRESENTATION_CONTEXT(2) 
PARAMETRIC_REPRESENTATION_CONTEXT() REPRESENTATION_CONTEXT('2D SPACE',''
  ) );
#5854 = PCURVE('',#5855,#5860);
#5855 = CYLINDRICAL_SURFACE('',#5856,1.);
#5856 = AXIS2_PLACEMENT_3D('',#5857,#5858,#5859);
#5857 = CARTESIAN_POINT('',(-17.1,-47.1,34.));
#5858 = DIRECTION('',(0.,0.,-1.));
#5859 = DIRECTION('',(-1.,0.,0.));
#5860 = DEFINITIONAL_REPRESENTATION('',(#5861),#5865);
#5861 = LINE('',#5862,#5863);
#5862 = CARTESIAN_POINT('',(9.424777960769,-40.));
#5863 = VECTOR('',#5864,1.);
#5864 = DIRECTION('',(-1.,0.));
#5865 = ( GEOMETRIC_REPRESENTATION_CONTEXT(2) 
PARAMETRIC_REPRESENTATION_CONTEXT() REPRESENTATION_CONTEXT('2D SPACE',''
  ) );
#5866 = ORIENTED_EDGE('',*,*,#5867,.F.);
#5867 = EDGE_CURVE('',#5868,#5839,#5870,.T.);
#5868 = VERTEX_POINT('',#5869);
#5869 = CARTESIAN_POINT('',(-17.1,-54.1,74.));
#5870 = SURFACE_CURVE('',#5871,(#5875,#5882),.PCURVE_S1.);
#5871 = LINE('',#5872,#5873);
#5872 = CARTESIAN_POINT('',(-17.1,-6.826395624012E-15,74.));
#5873 = VECTOR('',#5874,1.);
#5874 = DIRECTION('',(5.624913994737E-17,1.,0.));
#5875 = PCURVE('',#990,#5876);
#5876 = DEFINITIONAL_REPRESENTATION('',(#5877),#5881);
#5877 = LINE('',#5878,#5879);
#5878 = CARTESIAN_POINT('',(-17.1,-6.826395624012E-15));
#5879 = VECTOR('',#5880,1.);
#5880 = DIRECTION('',(5.624913994737E-17,1.));
#5881 = ( GEOMETRIC_REPRESENTATION_CONTEXT(2) 
PARAMETRIC_REPRESENTATION_CONTEXT() REPRESENTATION_CONTEXT('2D SPACE',''
  ) );
#5882 = PCURVE('',#5883,#5888);
#5883 = PLANE('',#5884);
#5884 = AXIS2_PLACEMENT_3D('',#5885,#5886,#5887);
#5885 = CARTESIAN_POINT('',(-17.1,9.618602931E-16,42.5));
#5886 = DIRECTION('',(-1.,5.624913994737E-17,0.));
#5887 = DIRECTION('',(-5.624913994737E-17,-1.,0.));
#5888 = DEFINITIONAL_REPRESENTATION('',(#5889),#5893);
#5889 = LINE('',#5890,#5891);
#5890 = CARTESIAN_POINT('',(7.788255917112E-15,31.5));
#5891 = VECTOR('',#5892,1.);
#5892 = DIRECTION('',(-1.,0.));
#5893 = ( GEOMETRIC_REPRESENTATION_CONTEXT(2) 
PARAMETRIC_REPRESENTATION_CONTEXT() REPRESENTATION_CONTEXT('2D SPACE',''
  ) );
#5894 = ORIENTED_EDGE('',*,*,#5895,.T.);
#5895 = EDGE_CURVE('',#5868,#5896,#5898,.T.);
#5896 = VERTEX_POINT('',#5897);
#5897 = CARTESIAN_POINT('',(-18.1,-55.1,74.));
#5898 = SURFACE_CURVE('',#5899,(#5904,#5911),.PCURVE_S1.);
#5899 = CIRCLE('',#5900,1.);
#5900 = AXIS2_PLACEMENT_3D('',#5901,#5902,#5903);
#5901 = CARTESIAN_POINT('',(-17.1,-55.1,74.));
#5902 = DIRECTION('',(0.,0.,1.));
#5903 = DIRECTION('',(1.,0.,-0.));
#5904 = PCURVE('',#990,#5905);
#5905 = DEFINITIONAL_REPRESENTATION('',(#5906),#5910);
#5906 = CIRCLE('',#5907,1.);
#5907 = AXIS2_PLACEMENT_2D('',#5908,#5909);
#5908 = CARTESIAN_POINT('',(-17.1,-55.1));
#5909 = DIRECTION('',(1.,0.));
#5910 = ( GEOMETRIC_REPRESENTATION_CONTEXT(2) 
PARAMETRIC_REPRESENTATION_CONTEXT() REPRESENTATION_CONTEXT('2D SPACE',''
  ) );
#5911 = PCURVE('',#5912,#5917);
#5912 = CYLINDRICAL_SURFACE('',#5913,1.);
#5913 = AXIS2_PLACEMENT_3D('',#5914,#5915,#5916);
#5914 = CARTESIAN_POINT('',(-17.1,-55.1,67.));
#5915 = DIRECTION('',(0.,0.,1.));
#5916 = DIRECTION('',(1.,0.,-0.));
#5917 = DEFINITIONAL_REPRESENTATION('',(#5918),#5922);
#5918 = LINE('',#5919,#5920);
#5919 = CARTESIAN_POINT('',(0.,7.));
#5920 = VECTOR('',#5921,1.);
#5921 = DIRECTION('',(1.,0.));
#5922 = ( GEOMETRIC_REPRESENTATION_CONTEXT(2) 
PARAMETRIC_REPRESENTATION_CONTEXT() REPRESENTATION_CONTEXT('2D SPACE',''
  ) );
#5923 = ORIENTED_EDGE('',*,*,#5924,.F.);
#5924 = EDGE_CURVE('',#5925,#5896,#5927,.T.);
#5925 = VERTEX_POINT('',#5926);
#5926 = CARTESIAN_POINT('',(-18.1,-59.1,74.));
#5927 = SURFACE_CURVE('',#5928,(#5932,#5939),.PCURVE_S1.);
#5928 = LINE('',#5929,#5930);
#5929 = CARTESIAN_POINT('',(-18.1,-6.770146484065E-15,74.));
#5930 = VECTOR('',#5931,1.);
#5931 = DIRECTION('',(5.624913994737E-17,1.,0.));
#5932 = PCURVE('',#990,#5933);
#5933 = DEFINITIONAL_REPRESENTATION('',(#5934),#5938);
#5934 = LINE('',#5935,#5936);
#5935 = CARTESIAN_POINT('',(-18.1,-6.770146484065E-15));
#5936 = VECTOR('',#5937,1.);
#5937 = DIRECTION('',(5.624913994737E-17,1.));
#5938 = ( GEOMETRIC_REPRESENTATION_CONTEXT(2) 
PARAMETRIC_REPRESENTATION_CONTEXT() REPRESENTATION_CONTEXT('2D SPACE',''
  ) );
#5939 = PCURVE('',#5826,#5940);
#5940 = DEFINITIONAL_REPRESENTATION('',(#5941),#5945);
#5941 = LINE('',#5942,#5943);
#5942 = CARTESIAN_POINT('',(7.788255917112E-15,31.5));
#5943 = VECTOR('',#5944,1.);
#5944 = DIRECTION('',(-1.,0.));
#5945 = ( GEOMETRIC_REPRESENTATION_CONTEXT(2) 
PARAMETRIC_REPRESENTATION_CONTEXT() REPRESENTATION_CONTEXT('2D SPACE',''
  ) );
#5946 = ORIENTED_EDGE('',*,*,#5947,.T.);
#5947 = EDGE_CURVE('',#5925,#5948,#5950,.T.);
#5948 = VERTEX_POINT('',#5949);
#5949 = CARTESIAN_POINT('',(-16.1,-59.1,74.));
#5950 = SURFACE_CURVE('',#5951,(#5955,#5962),.PCURVE_S1.);
#5951 = LINE('',#5952,#5953);
#5952 = CARTESIAN_POINT('',(-18.1,-59.1,74.));
#5953 = VECTOR('',#5954,1.);
#5954 = DIRECTION('',(1.,-5.624913994737E-17,0.));
#5955 = PCURVE('',#990,#5956);
#5956 = DEFINITIONAL_REPRESENTATION('',(#5957),#5961);
#5957 = LINE('',#5958,#5959);
#5958 = CARTESIAN_POINT('',(-18.1,-59.1));
#5959 = VECTOR('',#5960,1.);
#5960 = DIRECTION('',(1.,-5.624913994737E-17));
#5961 = ( GEOMETRIC_REPRESENTATION_CONTEXT(2) 
PARAMETRIC_REPRESENTATION_CONTEXT() REPRESENTATION_CONTEXT('2D SPACE',''
  ) );
#5962 = PCURVE('',#5963,#5968);
#5963 = PLANE('',#5964);
#5964 = AXIS2_PLACEMENT_3D('',#5965,#5966,#5967);
#5965 = CARTESIAN_POINT('',(-18.1,-59.1,39.5));
#5966 = DIRECTION('',(-5.624913994737E-17,-1.,0.));
#5967 = DIRECTION('',(1.,-5.624913994737E-17,0.));
#5968 = DEFINITIONAL_REPRESENTATION('',(#5969),#5973);
#5969 = LINE('',#5970,#5971);
#5970 = CARTESIAN_POINT('',(0.,34.5));
#5971 = VECTOR('',#5972,1.);
#5972 = DIRECTION('',(1.,0.));
#5973 = ( GEOMETRIC_REPRESENTATION_CONTEXT(2) 
PARAMETRIC_REPRESENTATION_CONTEXT() REPRESENTATION_CONTEXT('2D SPACE',''
  ) );
#5974 = ORIENTED_EDGE('',*,*,#5975,.F.);
#5975 = EDGE_CURVE('',#1645,#5948,#5976,.T.);
#5976 = SURFACE_CURVE('',#5977,(#5982,#5989),.PCURVE_S1.);
#5977 = CIRCLE('',#5978,1.);
#5978 = AXIS2_PLACEMENT_3D('',#5979,#5980,#5981);
#5979 = CARTESIAN_POINT('',(-16.1,-60.1,74.));
#5980 = DIRECTION('',(0.,0.,1.));
#5981 = DIRECTION('',(1.,0.,-0.));
#5982 = PCURVE('',#990,#5983);
#5983 = DEFINITIONAL_REPRESENTATION('',(#5984),#5988);
#5984 = CIRCLE('',#5985,1.);
#5985 = AXIS2_PLACEMENT_2D('',#5986,#5987);
#5986 = CARTESIAN_POINT('',(-16.1,-60.1));
#5987 = DIRECTION('',(1.,0.));
#5988 = ( GEOMETRIC_REPRESENTATION_CONTEXT(2) 
PARAMETRIC_REPRESENTATION_CONTEXT() REPRESENTATION_CONTEXT('2D SPACE',''
  ) );
#5989 = PCURVE('',#1688,#5990);
#5990 = DEFINITIONAL_REPRESENTATION('',(#5991),#5995);
#5991 = LINE('',#5992,#5993);
#5992 = CARTESIAN_POINT('',(0.,69.));
#5993 = VECTOR('',#5994,1.);
#5994 = DIRECTION('',(1.,0.));
#5995 = ( GEOMETRIC_REPRESENTATION_CONTEXT(2) 
PARAMETRIC_REPRESENTATION_CONTEXT() REPRESENTATION_CONTEXT('2D SPACE',''
  ) );
#5996 = ORIENTED_EDGE('',*,*,#1642,.F.);
#5997 = ORIENTED_EDGE('',*,*,#5998,.T.);
#5998 = EDGE_CURVE('',#1643,#5999,#6001,.T.);
#5999 = VERTEX_POINT('',#6000);
#6000 = CARTESIAN_POINT('',(-10.1,-87.1,74.));
#6001 = SURFACE_CURVE('',#6002,(#6007,#6014),.PCURVE_S1.);
#6002 = CIRCLE('',#6003,5.);
#6003 = AXIS2_PLACEMENT_3D('',#6004,#6005,#6006);
#6004 = CARTESIAN_POINT('',(-10.1,-82.1,74.));
#6005 = DIRECTION('',(0.,0.,1.));
#6006 = DIRECTION('',(1.,0.,-0.));
#6007 = PCURVE('',#990,#6008);
#6008 = DEFINITIONAL_REPRESENTATION('',(#6009),#6013);
#6009 = CIRCLE('',#6010,5.);
#6010 = AXIS2_PLACEMENT_2D('',#6011,#6012);
#6011 = CARTESIAN_POINT('',(-10.1,-82.1));
#6012 = DIRECTION('',(1.,0.));
#6013 = ( GEOMETRIC_REPRESENTATION_CONTEXT(2) 
PARAMETRIC_REPRESENTATION_CONTEXT() REPRESENTATION_CONTEXT('2D SPACE',''
  ) );
#6014 = PCURVE('',#1812,#6015);
#6015 = DEFINITIONAL_REPRESENTATION('',(#6016),#6020);
#6016 = LINE('',#6017,#6018);
#6017 = CARTESIAN_POINT('',(9.424777960769,-37.));
#6018 = VECTOR('',#6019,1.);
#6019 = DIRECTION('',(-1.,0.));
#6020 = ( GEOMETRIC_REPRESENTATION_CONTEXT(2) 
PARAMETRIC_REPRESENTATION_CONTEXT() REPRESENTATION_CONTEXT('2D SPACE',''
  ) );
#6021 = ORIENTED_EDGE('',*,*,#6022,.F.);
#6022 = EDGE_CURVE('',#6023,#5999,#6025,.T.);
#6023 = VERTEX_POINT('',#6024);
#6024 = CARTESIAN_POINT('',(10.1,-87.1,74.));
#6025 = SURFACE_CURVE('',#6026,(#6030,#6037),.PCURVE_S1.);
#6026 = LINE('',#6027,#6028);
#6027 = CARTESIAN_POINT('',(0.,-87.1,74.));
#6028 = VECTOR('',#6029,1.);
#6029 = DIRECTION('',(-1.,0.,0.));
#6030 = PCURVE('',#990,#6031);
#6031 = DEFINITIONAL_REPRESENTATION('',(#6032),#6036);
#6032 = LINE('',#6033,#6034);
#6033 = CARTESIAN_POINT('',(6.938893903907E-15,-87.1));
#6034 = VECTOR('',#6035,1.);
#6035 = DIRECTION('',(-1.,0.));
#6036 = ( GEOMETRIC_REPRESENTATION_CONTEXT(2) 
PARAMETRIC_REPRESENTATION_CONTEXT() REPRESENTATION_CONTEXT('2D SPACE',''
  ) );
#6037 = PCURVE('',#6038,#6043);
#6038 = PLANE('',#6039);
#6039 = AXIS2_PLACEMENT_3D('',#6040,#6041,#6042);
#6040 = CARTESIAN_POINT('',(-3.469446951954E-15,-87.1,37.));
#6041 = DIRECTION('',(0.,-1.,0.));
#6042 = DIRECTION('',(-1.,0.,0.));
#6043 = DEFINITIONAL_REPRESENTATION('',(#6044),#6048);
#6044 = LINE('',#6045,#6046);
#6045 = CARTESIAN_POINT('',(-3.469446951954E-15,-37.));
#6046 = VECTOR('',#6047,1.);
#6047 = DIRECTION('',(1.,0.));
#6048 = ( GEOMETRIC_REPRESENTATION_CONTEXT(2) 
PARAMETRIC_REPRESENTATION_CONTEXT() REPRESENTATION_CONTEXT('2D SPACE',''
  ) );
#6049 = ORIENTED_EDGE('',*,*,#6050,.T.);
#6050 = EDGE_CURVE('',#6023,#1886,#6051,.T.);
#6051 = SURFACE_CURVE('',#6052,(#6057,#6064),.PCURVE_S1.);
#6052 = CIRCLE('',#6053,5.);
#6053 = AXIS2_PLACEMENT_3D('',#6054,#6055,#6056);
#6054 = CARTESIAN_POINT('',(10.1,-82.1,74.));
#6055 = DIRECTION('',(0.,0.,1.));
#6056 = DIRECTION('',(1.,0.,-0.));
#6057 = PCURVE('',#990,#6058);
#6058 = DEFINITIONAL_REPRESENTATION('',(#6059),#6063);
#6059 = CIRCLE('',#6060,5.);
#6060 = AXIS2_PLACEMENT_2D('',#6061,#6062);
#6061 = CARTESIAN_POINT('',(10.1,-82.1));
#6062 = DIRECTION('',(1.,0.));
#6063 = ( GEOMETRIC_REPRESENTATION_CONTEXT(2) 
PARAMETRIC_REPRESENTATION_CONTEXT() REPRESENTATION_CONTEXT('2D SPACE',''
  ) );
#6064 = PCURVE('',#1924,#6065);
#6065 = DEFINITIONAL_REPRESENTATION('',(#6066),#6070);
#6066 = LINE('',#6067,#6068);
#6067 = CARTESIAN_POINT('',(0.,69.));
#6068 = VECTOR('',#6069,1.);
#6069 = DIRECTION('',(1.,0.));
#6070 = ( GEOMETRIC_REPRESENTATION_CONTEXT(2) 
PARAMETRIC_REPRESENTATION_CONTEXT() REPRESENTATION_CONTEXT('2D SPACE',''
  ) );
#6071 = ORIENTED_EDGE('',*,*,#1885,.T.);
#6072 = ORIENTED_EDGE('',*,*,#6073,.T.);
#6073 = EDGE_CURVE('',#1858,#6074,#6076,.T.);
#6074 = VERTEX_POINT('',#6075);
#6075 = CARTESIAN_POINT('',(10.1,87.1,74.));
#6076 = SURFACE_CURVE('',#6077,(#6082,#6089),.PCURVE_S1.);
#6077 = CIRCLE('',#6078,5.);
#6078 = AXIS2_PLACEMENT_3D('',#6079,#6080,#6081);
#6079 = CARTESIAN_POINT('',(10.1,82.1,74.));
#6080 = DIRECTION('',(0.,0.,1.));
#6081 = DIRECTION('',(1.,0.,-0.));
#6082 = PCURVE('',#990,#6083);
#6083 = DEFINITIONAL_REPRESENTATION('',(#6084),#6088);
#6084 = CIRCLE('',#6085,5.);
#6085 = AXIS2_PLACEMENT_2D('',#6086,#6087);
#6086 = CARTESIAN_POINT('',(10.1,82.1));
#6087 = DIRECTION('',(1.,0.));
#6088 = ( GEOMETRIC_REPRESENTATION_CONTEXT(2) 
PARAMETRIC_REPRESENTATION_CONTEXT() REPRESENTATION_CONTEXT('2D SPACE',''
  ) );
#6089 = PCURVE('',#1873,#6090);
#6090 = DEFINITIONAL_REPRESENTATION('',(#6091),#6095);
#6091 = LINE('',#6092,#6093);
#6092 = CARTESIAN_POINT('',(0.,37.));
#6093 = VECTOR('',#6094,1.);
#6094 = DIRECTION('',(1.,0.));
#6095 = ( GEOMETRIC_REPRESENTATION_CONTEXT(2) 
PARAMETRIC_REPRESENTATION_CONTEXT() REPRESENTATION_CONTEXT('2D SPACE',''
  ) );
#6096 = ORIENTED_EDGE('',*,*,#6097,.T.);
#6097 = EDGE_CURVE('',#6074,#6098,#6100,.T.);
#6098 = VERTEX_POINT('',#6099);
#6099 = CARTESIAN_POINT('',(-10.1,87.1,74.));
#6100 = SURFACE_CURVE('',#6101,(#6105,#6112),.PCURVE_S1.);
#6101 = LINE('',#6102,#6103);
#6102 = CARTESIAN_POINT('',(0.,87.1,74.));
#6103 = VECTOR('',#6104,1.);
#6104 = DIRECTION('',(-1.,0.,0.));
#6105 = PCURVE('',#990,#6106);
#6106 = DEFINITIONAL_REPRESENTATION('',(#6107),#6111);
#6107 = LINE('',#6108,#6109);
#6108 = CARTESIAN_POINT('',(6.938893903907E-15,87.1));
#6109 = VECTOR('',#6110,1.);
#6110 = DIRECTION('',(-1.,0.));
#6111 = ( GEOMETRIC_REPRESENTATION_CONTEXT(2) 
PARAMETRIC_REPRESENTATION_CONTEXT() REPRESENTATION_CONTEXT('2D SPACE',''
  ) );
#6112 = PCURVE('',#6113,#6118);
#6113 = PLANE('',#6114);
#6114 = AXIS2_PLACEMENT_3D('',#6115,#6116,#6117);
#6115 = CARTESIAN_POINT('',(-3.469446951954E-15,87.1,37.));
#6116 = DIRECTION('',(0.,1.,0.));
#6117 = DIRECTION('',(-1.,0.,0.));
#6118 = DEFINITIONAL_REPRESENTATION('',(#6119),#6123);
#6119 = LINE('',#6120,#6121);
#6120 = CARTESIAN_POINT('',(-3.469446951954E-15,37.));
#6121 = VECTOR('',#6122,1.);
#6122 = DIRECTION('',(1.,0.));
#6123 = ( GEOMETRIC_REPRESENTATION_CONTEXT(2) 
PARAMETRIC_REPRESENTATION_CONTEXT() REPRESENTATION_CONTEXT('2D SPACE',''
  ) );
#6124 = ORIENTED_EDGE('',*,*,#6125,.T.);
#6125 = EDGE_CURVE('',#6098,#1545,#6126,.T.);
#6126 = SURFACE_CURVE('',#6127,(#6132,#6139),.PCURVE_S1.);
#6127 = CIRCLE('',#6128,5.);
#6128 = AXIS2_PLACEMENT_3D('',#6129,#6130,#6131);
#6129 = CARTESIAN_POINT('',(-10.1,82.1,74.));
#6130 = DIRECTION('',(0.,0.,1.));
#6131 = DIRECTION('',(1.,0.,-0.));
#6132 = PCURVE('',#990,#6133);
#6133 = DEFINITIONAL_REPRESENTATION('',(#6134),#6138);
#6134 = CIRCLE('',#6135,5.);
#6135 = AXIS2_PLACEMENT_2D('',#6136,#6137);
#6136 = CARTESIAN_POINT('',(-10.1,82.1));
#6137 = DIRECTION('',(1.,0.));
#6138 = ( GEOMETRIC_REPRESENTATION_CONTEXT(2) 
PARAMETRIC_REPRESENTATION_CONTEXT() REPRESENTATION_CONTEXT('2D SPACE',''
  ) );
#6139 = PCURVE('',#1583,#6140);
#6140 = DEFINITIONAL_REPRESENTATION('',(#6141),#6145);
#6141 = LINE('',#6142,#6143);
#6142 = CARTESIAN_POINT('',(3.14159265359,-69.));
#6143 = VECTOR('',#6144,1.);
#6144 = DIRECTION('',(-1.,0.));
#6145 = ( GEOMETRIC_REPRESENTATION_CONTEXT(2) 
PARAMETRIC_REPRESENTATION_CONTEXT() REPRESENTATION_CONTEXT('2D SPACE',''
  ) );
#6146 = ORIENTED_EDGE('',*,*,#1544,.F.);
#6147 = ORIENTED_EDGE('',*,*,#6148,.F.);
#6148 = EDGE_CURVE('',#5574,#1517,#6149,.T.);
#6149 = SURFACE_CURVE('',#6150,(#6154,#6161),.PCURVE_S1.);
#6150 = LINE('',#6151,#6152);
#6151 = CARTESIAN_POINT('',(-18.1,59.1,74.));
#6152 = VECTOR('',#6153,1.);
#6153 = DIRECTION('',(1.,5.624913994737E-17,0.));
#6154 = PCURVE('',#990,#6155);
#6155 = DEFINITIONAL_REPRESENTATION('',(#6156),#6160);
#6156 = LINE('',#6157,#6158);
#6157 = CARTESIAN_POINT('',(-18.1,59.1));
#6158 = VECTOR('',#6159,1.);
#6159 = DIRECTION('',(1.,5.624913994737E-17));
#6160 = ( GEOMETRIC_REPRESENTATION_CONTEXT(2) 
PARAMETRIC_REPRESENTATION_CONTEXT() REPRESENTATION_CONTEXT('2D SPACE',''
  ) );
#6161 = PCURVE('',#1532,#6162);
#6162 = DEFINITIONAL_REPRESENTATION('',(#6163),#6167);
#6163 = LINE('',#6164,#6165);
#6164 = CARTESIAN_POINT('',(0.,34.5));
#6165 = VECTOR('',#6166,1.);
#6166 = DIRECTION('',(1.,0.));
#6167 = ( GEOMETRIC_REPRESENTATION_CONTEXT(2) 
PARAMETRIC_REPRESENTATION_CONTEXT() REPRESENTATION_CONTEXT('2D SPACE',''
  ) );
#6168 = FACE_BOUND('',#6169,.T.);
#6169 = EDGE_LOOP('',(#6170,#6171,#6172,#6173));
#6170 = ORIENTED_EDGE('',*,*,#974,.T.);
#6171 = ORIENTED_EDGE('',*,*,#3871,.T.);
#6172 = ORIENTED_EDGE('',*,*,#1330,.F.);
#6173 = ORIENTED_EDGE('',*,*,#4307,.F.);
#6174 = FACE_BOUND('',#6175,.T.);
#6175 = EDGE_LOOP('',(#6176));
#6176 = ORIENTED_EDGE('',*,*,#6177,.F.);
#6177 = EDGE_CURVE('',#6178,#6178,#6180,.T.);
#6178 = VERTEX_POINT('',#6179);
#6179 = CARTESIAN_POINT('',(-6.55,-82.1,74.));
#6180 = SURFACE_CURVE('',#6181,(#6186,#6193),.PCURVE_S1.);
#6181 = CIRCLE('',#6182,1.45);
#6182 = AXIS2_PLACEMENT_3D('',#6183,#6184,#6185);
#6183 = CARTESIAN_POINT('',(-5.1,-82.1,74.));
#6184 = DIRECTION('',(0.,0.,1.));
#6185 = DIRECTION('',(1.,0.,-0.));
#6186 = PCURVE('',#990,#6187);
#6187 = DEFINITIONAL_REPRESENTATION('',(#6188),#6192);
#6188 = CIRCLE('',#6189,1.45);
#6189 = AXIS2_PLACEMENT_2D('',#6190,#6191);
#6190 = CARTESIAN_POINT('',(-5.1,-82.1));
#6191 = DIRECTION('',(1.,0.));
#6192 = ( GEOMETRIC_REPRESENTATION_CONTEXT(2) 
PARAMETRIC_REPRESENTATION_CONTEXT() REPRESENTATION_CONTEXT('2D SPACE',''
  ) );
#6193 = PCURVE('',#6194,#6199);
#6194 = CYLINDRICAL_SURFACE('',#6195,1.45);
#6195 = AXIS2_PLACEMENT_3D('',#6196,#6197,#6198);
#6196 = CARTESIAN_POINT('',(-5.1,-82.1,49.));
#6197 = DIRECTION('',(0.,0.,1.));
#6198 = DIRECTION('',(1.,0.,-0.));
#6199 = DEFINITIONAL_REPRESENTATION('',(#6200),#6204);
#6200 = LINE('',#6201,#6202);
#6201 = CARTESIAN_POINT('',(0.,25.));
#6202 = VECTOR('',#6203,1.);
#6203 = DIRECTION('',(1.,0.));
#6204 = ( GEOMETRIC_REPRESENTATION_CONTEXT(2) 
PARAMETRIC_REPRESENTATION_CONTEXT() REPRESENTATION_CONTEXT('2D SPACE',''
  ) );
#6205 = FACE_BOUND('',#6206,.T.);
#6206 = EDGE_LOOP('',(#6207));
#6207 = ORIENTED_EDGE('',*,*,#6208,.F.);
#6208 = EDGE_CURVE('',#6209,#6209,#6211,.T.);
#6209 = VERTEX_POINT('',#6210);
#6210 = CARTESIAN_POINT('',(3.65,-82.1,74.));
#6211 = SURFACE_CURVE('',#6212,(#6217,#6224),.PCURVE_S1.);
#6212 = CIRCLE('',#6213,1.45);
#6213 = AXIS2_PLACEMENT_3D('',#6214,#6215,#6216);
#6214 = CARTESIAN_POINT('',(5.1,-82.1,74.));
#6215 = DIRECTION('',(0.,0.,1.));
#6216 = DIRECTION('',(1.,0.,-0.));
#6217 = PCURVE('',#990,#6218);
#6218 = DEFINITIONAL_REPRESENTATION('',(#6219),#6223);
#6219 = CIRCLE('',#6220,1.45);
#6220 = AXIS2_PLACEMENT_2D('',#6221,#6222);
#6221 = CARTESIAN_POINT('',(5.1,-82.1));
#6222 = DIRECTION('',(1.,0.));
#6223 = ( GEOMETRIC_REPRESENTATION_CONTEXT(2) 
PARAMETRIC_REPRESENTATION_CONTEXT() REPRESENTATION_CONTEXT('2D SPACE',''
  ) );
#6224 = PCURVE('',#6225,#6230);
#6225 = CYLINDRICAL_SURFACE('',#6226,1.45);
#6226 = AXIS2_PLACEMENT_3D('',#6227,#6228,#6229);
#6227 = CARTESIAN_POINT('',(5.1,-82.1,49.));
#6228 = DIRECTION('',(0.,0.,1.));
#6229 = DIRECTION('',(1.,0.,-0.));
#6230 = DEFINITIONAL_REPRESENTATION('',(#6231),#6235);
#6231 = LINE('',#6232,#6233);
#6232 = CARTESIAN_POINT('',(0.,25.));
#6233 = VECTOR('',#6234,1.);
#6234 = DIRECTION('',(1.,0.));
#6235 = ( GEOMETRIC_REPRESENTATION_CONTEXT(2) 
PARAMETRIC_REPRESENTATION_CONTEXT() REPRESENTATION_CONTEXT('2D SPACE',''
  ) );
#6236 = FACE_BOUND('',#6237,.T.);
#6237 = EDGE_LOOP('',(#6238));
#6238 = ORIENTED_EDGE('',*,*,#6239,.F.);
#6239 = EDGE_CURVE('',#6240,#6240,#6242,.T.);
#6240 = VERTEX_POINT('',#6241);
#6241 = CARTESIAN_POINT('',(3.65,82.1,74.));
#6242 = SURFACE_CURVE('',#6243,(#6248,#6255),.PCURVE_S1.);
#6243 = CIRCLE('',#6244,1.45);
#6244 = AXIS2_PLACEMENT_3D('',#6245,#6246,#6247);
#6245 = CARTESIAN_POINT('',(5.1,82.1,74.));
#6246 = DIRECTION('',(0.,0.,1.));
#6247 = DIRECTION('',(1.,0.,-0.));
#6248 = PCURVE('',#990,#6249);
#6249 = DEFINITIONAL_REPRESENTATION('',(#6250),#6254);
#6250 = CIRCLE('',#6251,1.45);
#6251 = AXIS2_PLACEMENT_2D('',#6252,#6253);
#6252 = CARTESIAN_POINT('',(5.1,82.1));
#6253 = DIRECTION('',(1.,0.));
#6254 = ( GEOMETRIC_REPRESENTATION_CONTEXT(2) 
PARAMETRIC_REPRESENTATION_CONTEXT() REPRESENTATION_CONTEXT('2D SPACE',''
  ) );
#6255 = PCURVE('',#6256,#6261);
#6256 = CYLINDRICAL_SURFACE('',#6257,1.45);
#6257 = AXIS2_PLACEMENT_3D('',#6258,#6259,#6260);
#6258 = CARTESIAN_POINT('',(5.1,82.1,49.));
#6259 = DIRECTION('',(0.,0.,1.));
#6260 = DIRECTION('',(1.,0.,-0.));
#6261 = DEFINITIONAL_REPRESENTATION('',(#6262),#6266);
#6262 = LINE('',#6263,#6264);
#6263 = CARTESIAN_POINT('',(0.,25.));
#6264 = VECTOR('',#6265,1.);
#6265 = DIRECTION('',(1.,0.));
#6266 = ( GEOMETRIC_REPRESENTATION_CONTEXT(2) 
PARAMETRIC_REPRESENTATION_CONTEXT() REPRESENTATION_CONTEXT('2D SPACE',''
  ) );
#6267 = FACE_BOUND('',#6268,.T.);
#6268 = EDGE_LOOP('',(#6269));
#6269 = ORIENTED_EDGE('',*,*,#6270,.F.);
#6270 = EDGE_CURVE('',#6271,#6271,#6273,.T.);
#6271 = VERTEX_POINT('',#6272);
#6272 = CARTESIAN_POINT('',(-6.55,82.1,74.));
#6273 = SURFACE_CURVE('',#6274,(#6279,#6286),.PCURVE_S1.);
#6274 = CIRCLE('',#6275,1.45);
#6275 = AXIS2_PLACEMENT_3D('',#6276,#6277,#6278);
#6276 = CARTESIAN_POINT('',(-5.1,82.1,74.));
#6277 = DIRECTION('',(0.,0.,1.));
#6278 = DIRECTION('',(1.,0.,-0.));
#6279 = PCURVE('',#990,#6280);
#6280 = DEFINITIONAL_REPRESENTATION('',(#6281),#6285);
#6281 = CIRCLE('',#6282,1.45);
#6282 = AXIS2_PLACEMENT_2D('',#6283,#6284);
#6283 = CARTESIAN_POINT('',(-5.1,82.1));
#6284 = DIRECTION('',(1.,0.));
#6285 = ( GEOMETRIC_REPRESENTATION_CONTEXT(2) 
PARAMETRIC_REPRESENTATION_CONTEXT() REPRESENTATION_CONTEXT('2D SPACE',''
  ) );
#6286 = PCURVE('',#6287,#6292);
#6287 = CYLINDRICAL_SURFACE('',#6288,1.45);
#6288 = AXIS2_PLACEMENT_3D('',#6289,#6290,#6291);
#6289 = CARTESIAN_POINT('',(-5.1,82.1,49.));
#6290 = DIRECTION('',(0.,0.,1.));
#6291 = DIRECTION('',(1.,0.,-0.));
#6292 = DEFINITIONAL_REPRESENTATION('',(#6293),#6297);
#6293 = LINE('',#6294,#6295);
#6294 = CARTESIAN_POINT('',(0.,25.));
#6295 = VECTOR('',#6296,1.);
#6296 = DIRECTION('',(1.,0.));
#6297 = ( GEOMETRIC_REPRESENTATION_CONTEXT(2) 
PARAMETRIC_REPRESENTATION_CONTEXT() REPRESENTATION_CONTEXT('2D SPACE',''
  ) );
#6298 = ADVANCED_FACE('',(#6299),#704,.T.);
#6299 = FACE_BOUND('',#6300,.T.);
#6300 = EDGE_LOOP('',(#6301,#6302,#6323,#6324,#6347,#6375,#6396,#6397));
#6301 = ORIENTED_EDGE('',*,*,#688,.F.);
#6302 = ORIENTED_EDGE('',*,*,#6303,.F.);
#6303 = EDGE_CURVE('',#1060,#660,#6304,.T.);
#6304 = SURFACE_CURVE('',#6305,(#6309,#6316),.PCURVE_S1.);
#6305 = LINE('',#6306,#6307);
#6306 = CARTESIAN_POINT('',(3.1,-72.1,5.));
#6307 = VECTOR('',#6308,1.);
#6308 = DIRECTION('',(4.595293976097E-16,-1.,0.));
#6309 = PCURVE('',#704,#6310);
#6310 = DEFINITIONAL_REPRESENTATION('',(#6311),#6315);
#6311 = LINE('',#6312,#6313);
#6312 = CARTESIAN_POINT('',(3.1,-72.1));
#6313 = VECTOR('',#6314,1.);
#6314 = DIRECTION('',(4.595293976097E-16,-1.));
#6315 = ( GEOMETRIC_REPRESENTATION_CONTEXT(2) 
PARAMETRIC_REPRESENTATION_CONTEXT() REPRESENTATION_CONTEXT('2D SPACE',''
  ) );
#6316 = PCURVE('',#676,#6317);
#6317 = DEFINITIONAL_REPRESENTATION('',(#6318),#6322);
#6318 = LINE('',#6319,#6320);
#6319 = CARTESIAN_POINT('',(4.712388980385,-149.202));
#6320 = VECTOR('',#6321,1.);
#6321 = DIRECTION('',(0.,-1.));
#6322 = ( GEOMETRIC_REPRESENTATION_CONTEXT(2) 
PARAMETRIC_REPRESENTATION_CONTEXT() REPRESENTATION_CONTEXT('2D SPACE',''
  ) );
#6323 = ORIENTED_EDGE('',*,*,#1059,.T.);
#6324 = ORIENTED_EDGE('',*,*,#6325,.T.);
#6325 = EDGE_CURVE('',#1031,#6326,#6328,.T.);
#6326 = VERTEX_POINT('',#6327);
#6327 = CARTESIAN_POINT('',(5.1,-68.1,5.));
#6328 = SURFACE_CURVE('',#6329,(#6333,#6340),.PCURVE_S1.);
#6329 = LINE('',#6330,#6331);
#6330 = CARTESIAN_POINT('',(5.1,-68.1,5.));
#6331 = VECTOR('',#6332,1.);
#6332 = DIRECTION('',(6.014991248186E-17,1.,0.));
#6333 = PCURVE('',#704,#6334);
#6334 = DEFINITIONAL_REPRESENTATION('',(#6335),#6339);
#6335 = LINE('',#6336,#6337);
#6336 = CARTESIAN_POINT('',(5.1,-68.1));
#6337 = VECTOR('',#6338,1.);
#6338 = DIRECTION('',(6.014991248186E-17,1.));
#6339 = ( GEOMETRIC_REPRESENTATION_CONTEXT(2) 
PARAMETRIC_REPRESENTATION_CONTEXT() REPRESENTATION_CONTEXT('2D SPACE',''
  ) );
#6340 = PCURVE('',#1047,#6341);
#6341 = DEFINITIONAL_REPRESENTATION('',(#6342),#6346);
#6342 = LINE('',#6343,#6344);
#6343 = CARTESIAN_POINT('',(4.712388980385,68.1));
#6344 = VECTOR('',#6345,1.);
#6345 = DIRECTION('',(0.,-1.));
#6346 = ( GEOMETRIC_REPRESENTATION_CONTEXT(2) 
PARAMETRIC_REPRESENTATION_CONTEXT() REPRESENTATION_CONTEXT('2D SPACE',''
  ) );
#6347 = ORIENTED_EDGE('',*,*,#6348,.F.);
#6348 = EDGE_CURVE('',#6349,#6326,#6351,.T.);
#6349 = VERTEX_POINT('',#6350);
#6350 = CARTESIAN_POINT('',(-5.1,-68.1,5.));
#6351 = SURFACE_CURVE('',#6352,(#6356,#6363),.PCURVE_S1.);
#6352 = LINE('',#6353,#6354);
#6353 = CARTESIAN_POINT('',(-10.1,-68.1,5.));
#6354 = VECTOR('',#6355,1.);
#6355 = DIRECTION('',(1.,0.,0.));
#6356 = PCURVE('',#704,#6357);
#6357 = DEFINITIONAL_REPRESENTATION('',(#6358),#6362);
#6358 = LINE('',#6359,#6360);
#6359 = CARTESIAN_POINT('',(-10.1,-68.1));
#6360 = VECTOR('',#6361,1.);
#6361 = DIRECTION('',(1.,0.));
#6362 = ( GEOMETRIC_REPRESENTATION_CONTEXT(2) 
PARAMETRIC_REPRESENTATION_CONTEXT() REPRESENTATION_CONTEXT('2D SPACE',''
  ) );
#6363 = PCURVE('',#6364,#6369);
#6364 = CYLINDRICAL_SURFACE('',#6365,1.);
#6365 = AXIS2_PLACEMENT_3D('',#6366,#6367,#6368);
#6366 = CARTESIAN_POINT('',(8.673617379884E-15,-68.1,4.));
#6367 = DIRECTION('',(-1.,0.,0.));
#6368 = DIRECTION('',(0.,0.,1.));
#6369 = DEFINITIONAL_REPRESENTATION('',(#6370),#6374);
#6370 = LINE('',#6371,#6372);
#6371 = CARTESIAN_POINT('',(0.,10.1));
#6372 = VECTOR('',#6373,1.);
#6373 = DIRECTION('',(0.,-1.));
#6374 = ( GEOMETRIC_REPRESENTATION_CONTEXT(2) 
PARAMETRIC_REPRESENTATION_CONTEXT() REPRESENTATION_CONTEXT('2D SPACE',''
  ) );
#6375 = ORIENTED_EDGE('',*,*,#6376,.F.);
#6376 = EDGE_CURVE('',#895,#6349,#6377,.T.);
#6377 = SURFACE_CURVE('',#6378,(#6382,#6389),.PCURVE_S1.);
#6378 = LINE('',#6379,#6380);
#6379 = CARTESIAN_POINT('',(-5.1,3.067645536575E-16,5.));
#6380 = VECTOR('',#6381,1.);
#6381 = DIRECTION('',(6.014991248186E-17,1.,0.));
#6382 = PCURVE('',#704,#6383);
#6383 = DEFINITIONAL_REPRESENTATION('',(#6384),#6388);
#6384 = LINE('',#6385,#6386);
#6385 = CARTESIAN_POINT('',(-5.1,3.067645536575E-16));
#6386 = VECTOR('',#6387,1.);
#6387 = DIRECTION('',(6.014991248186E-17,1.));
#6388 = ( GEOMETRIC_REPRESENTATION_CONTEXT(2) 
PARAMETRIC_REPRESENTATION_CONTEXT() REPRESENTATION_CONTEXT('2D SPACE',''
  ) );
#6389 = PCURVE('',#934,#6390);
#6390 = DEFINITIONAL_REPRESENTATION('',(#6391),#6395);
#6391 = LINE('',#6392,#6393);
#6392 = CARTESIAN_POINT('',(4.712388980385,1.42108547152E-14));
#6393 = VECTOR('',#6394,1.);
#6394 = DIRECTION('',(0.,1.));
#6395 = ( GEOMETRIC_REPRESENTATION_CONTEXT(2) 
PARAMETRIC_REPRESENTATION_CONTEXT() REPRESENTATION_CONTEXT('2D SPACE',''
  ) );
#6396 = ORIENTED_EDGE('',*,*,#894,.T.);
#6397 = ORIENTED_EDGE('',*,*,#6398,.T.);
#6398 = EDGE_CURVE('',#871,#689,#6399,.T.);
#6399 = SURFACE_CURVE('',#6400,(#6404,#6411),.PCURVE_S1.);
#6400 = LINE('',#6401,#6402);
#6401 = CARTESIAN_POINT('',(-3.1,-77.1,5.));
#6402 = VECTOR('',#6403,1.);
#6403 = DIRECTION('',(4.595293976097E-16,-1.,0.));
#6404 = PCURVE('',#704,#6405);
#6405 = DEFINITIONAL_REPRESENTATION('',(#6406),#6410);
#6406 = LINE('',#6407,#6408);
#6407 = CARTESIAN_POINT('',(-3.1,-77.1));
#6408 = VECTOR('',#6409,1.);
#6409 = DIRECTION('',(4.595293976097E-16,-1.));
#6410 = ( GEOMETRIC_REPRESENTATION_CONTEXT(2) 
PARAMETRIC_REPRESENTATION_CONTEXT() REPRESENTATION_CONTEXT('2D SPACE',''
  ) );
#6411 = PCURVE('',#731,#6412);
#6412 = DEFINITIONAL_REPRESENTATION('',(#6413),#6417);
#6413 = LINE('',#6414,#6415);
#6414 = CARTESIAN_POINT('',(4.712388980385,-77.1));
#6415 = VECTOR('',#6416,1.);
#6416 = DIRECTION('',(0.,-1.));
#6417 = ( GEOMETRIC_REPRESENTATION_CONTEXT(2) 
PARAMETRIC_REPRESENTATION_CONTEXT() REPRESENTATION_CONTEXT('2D SPACE',''
  ) );
#6418 = ADVANCED_FACE('',(#6419),#6433,.T.);
#6419 = FACE_BOUND('',#6420,.T.);
#6420 = EDGE_LOOP('',(#6421,#6451,#6474,#6497));
#6421 = ORIENTED_EDGE('',*,*,#6422,.F.);
#6422 = EDGE_CURVE('',#6423,#6425,#6427,.T.);
#6423 = VERTEX_POINT('',#6424);
#6424 = CARTESIAN_POINT('',(5.1,67.1,1.));
#6425 = VERTEX_POINT('',#6426);
#6426 = CARTESIAN_POINT('',(-5.1,67.1,1.));
#6427 = SURFACE_CURVE('',#6428,(#6432,#6444),.PCURVE_S1.);
#6428 = LINE('',#6429,#6430);
#6429 = CARTESIAN_POINT('',(10.1,67.1,1.));
#6430 = VECTOR('',#6431,1.);
#6431 = DIRECTION('',(-1.,0.,0.));
#6432 = PCURVE('',#6433,#6438);
#6433 = PLANE('',#6434);
#6434 = AXIS2_PLACEMENT_3D('',#6435,#6436,#6437);
#6435 = CARTESIAN_POINT('',(-8.673617379884E-15,67.1,25.));
#6436 = DIRECTION('',(0.,-1.,0.));
#6437 = DIRECTION('',(0.,0.,-1.));
#6438 = DEFINITIONAL_REPRESENTATION('',(#6439),#6443);
#6439 = LINE('',#6440,#6441);
#6440 = CARTESIAN_POINT('',(24.,10.1));
#6441 = VECTOR('',#6442,1.);
#6442 = DIRECTION('',(0.,-1.));
#6443 = ( GEOMETRIC_REPRESENTATION_CONTEXT(2) 
PARAMETRIC_REPRESENTATION_CONTEXT() REPRESENTATION_CONTEXT('2D SPACE',''
  ) );
#6444 = PCURVE('',#5351,#6445);
#6445 = DEFINITIONAL_REPRESENTATION('',(#6446),#6450);
#6446 = LINE('',#6447,#6448);
#6447 = CARTESIAN_POINT('',(4.712388980385,10.1));
#6448 = VECTOR('',#6449,1.);
#6449 = DIRECTION('',(0.,-1.));
#6450 = ( GEOMETRIC_REPRESENTATION_CONTEXT(2) 
PARAMETRIC_REPRESENTATION_CONTEXT() REPRESENTATION_CONTEXT('2D SPACE',''
  ) );
#6451 = ORIENTED_EDGE('',*,*,#6452,.F.);
#6452 = EDGE_CURVE('',#6453,#6423,#6455,.T.);
#6453 = VERTEX_POINT('',#6454);
#6454 = CARTESIAN_POINT('',(5.1,67.1,4.));
#6455 = SURFACE_CURVE('',#6456,(#6460,#6467),.PCURVE_S1.);
#6456 = LINE('',#6457,#6458);
#6457 = CARTESIAN_POINT('',(5.1,67.1,4.));
#6458 = VECTOR('',#6459,1.);
#6459 = DIRECTION('',(0.,0.,-1.));
#6460 = PCURVE('',#6433,#6461);
#6461 = DEFINITIONAL_REPRESENTATION('',(#6462),#6466);
#6462 = LINE('',#6463,#6464);
#6463 = CARTESIAN_POINT('',(21.,5.1));
#6464 = VECTOR('',#6465,1.);
#6465 = DIRECTION('',(1.,0.));
#6466 = ( GEOMETRIC_REPRESENTATION_CONTEXT(2) 
PARAMETRIC_REPRESENTATION_CONTEXT() REPRESENTATION_CONTEXT('2D SPACE',''
  ) );
#6467 = PCURVE('',#4397,#6468);
#6468 = DEFINITIONAL_REPRESENTATION('',(#6469),#6473);
#6469 = LINE('',#6470,#6471);
#6470 = CARTESIAN_POINT('',(1.570796326795,-70.));
#6471 = VECTOR('',#6472,1.);
#6472 = DIRECTION('',(0.,-1.));
#6473 = ( GEOMETRIC_REPRESENTATION_CONTEXT(2) 
PARAMETRIC_REPRESENTATION_CONTEXT() REPRESENTATION_CONTEXT('2D SPACE',''
  ) );
#6474 = ORIENTED_EDGE('',*,*,#6475,.F.);
#6475 = EDGE_CURVE('',#6476,#6453,#6478,.T.);
#6476 = VERTEX_POINT('',#6477);
#6477 = CARTESIAN_POINT('',(-5.1,67.1,4.));
#6478 = SURFACE_CURVE('',#6479,(#6483,#6490),.PCURVE_S1.);
#6479 = LINE('',#6480,#6481);
#6480 = CARTESIAN_POINT('',(-8.673617379884E-15,67.1,4.));
#6481 = VECTOR('',#6482,1.);
#6482 = DIRECTION('',(1.,0.,0.));
#6483 = PCURVE('',#6433,#6484);
#6484 = DEFINITIONAL_REPRESENTATION('',(#6485),#6489);
#6485 = LINE('',#6486,#6487);
#6486 = CARTESIAN_POINT('',(21.,0.));
#6487 = VECTOR('',#6488,1.);
#6488 = DIRECTION('',(0.,1.));
#6489 = ( GEOMETRIC_REPRESENTATION_CONTEXT(2) 
PARAMETRIC_REPRESENTATION_CONTEXT() REPRESENTATION_CONTEXT('2D SPACE',''
  ) );
#6490 = PCURVE('',#5558,#6491);
#6491 = DEFINITIONAL_REPRESENTATION('',(#6492),#6496);
#6492 = LINE('',#6493,#6494);
#6493 = CARTESIAN_POINT('',(4.712388980385,-1.7763568394E-15));
#6494 = VECTOR('',#6495,1.);
#6495 = DIRECTION('',(0.,1.));
#6496 = ( GEOMETRIC_REPRESENTATION_CONTEXT(2) 
PARAMETRIC_REPRESENTATION_CONTEXT() REPRESENTATION_CONTEXT('2D SPACE',''
  ) );
#6497 = ORIENTED_EDGE('',*,*,#6498,.T.);
#6498 = EDGE_CURVE('',#6476,#6425,#6499,.T.);
#6499 = SURFACE_CURVE('',#6500,(#6504,#6511),.PCURVE_S1.);
#6500 = LINE('',#6501,#6502);
#6501 = CARTESIAN_POINT('',(-5.1,67.1,25.));
#6502 = VECTOR('',#6503,1.);
#6503 = DIRECTION('',(0.,0.,-1.));
#6504 = PCURVE('',#6433,#6505);
#6505 = DEFINITIONAL_REPRESENTATION('',(#6506),#6510);
#6506 = LINE('',#6507,#6508);
#6507 = CARTESIAN_POINT('',(0.,-5.1));
#6508 = VECTOR('',#6509,1.);
#6509 = DIRECTION('',(1.,0.));
#6510 = ( GEOMETRIC_REPRESENTATION_CONTEXT(2) 
PARAMETRIC_REPRESENTATION_CONTEXT() REPRESENTATION_CONTEXT('2D SPACE',''
  ) );
#6511 = PCURVE('',#3808,#6512);
#6512 = DEFINITIONAL_REPRESENTATION('',(#6513),#6517);
#6513 = LINE('',#6514,#6515);
#6514 = CARTESIAN_POINT('',(1.570796326795,0.));
#6515 = VECTOR('',#6516,1.);
#6516 = DIRECTION('',(0.,1.));
#6517 = ( GEOMETRIC_REPRESENTATION_CONTEXT(2) 
PARAMETRIC_REPRESENTATION_CONTEXT() REPRESENTATION_CONTEXT('2D SPACE',''
  ) );
#6518 = ADVANCED_FACE('',(#6519),#6533,.F.);
#6519 = FACE_BOUND('',#6520,.T.);
#6520 = EDGE_LOOP('',(#6521,#6551,#6574,#6597));
#6521 = ORIENTED_EDGE('',*,*,#6522,.T.);
#6522 = EDGE_CURVE('',#6523,#6525,#6527,.T.);
#6523 = VERTEX_POINT('',#6524);
#6524 = CARTESIAN_POINT('',(-5.1,-67.1,4.));
#6525 = VERTEX_POINT('',#6526);
#6526 = CARTESIAN_POINT('',(5.1,-67.1,4.));
#6527 = SURFACE_CURVE('',#6528,(#6532,#6544),.PCURVE_S1.);
#6528 = LINE('',#6529,#6530);
#6529 = CARTESIAN_POINT('',(10.1,-67.1,4.));
#6530 = VECTOR('',#6531,1.);
#6531 = DIRECTION('',(1.,0.,0.));
#6532 = PCURVE('',#6533,#6538);
#6533 = PLANE('',#6534);
#6534 = AXIS2_PLACEMENT_3D('',#6535,#6536,#6537);
#6535 = CARTESIAN_POINT('',(8.673617379884E-15,-67.1,25.));
#6536 = DIRECTION('',(0.,-1.,0.));
#6537 = DIRECTION('',(0.,0.,-1.));
#6538 = DEFINITIONAL_REPRESENTATION('',(#6539),#6543);
#6539 = LINE('',#6540,#6541);
#6540 = CARTESIAN_POINT('',(21.,10.1));
#6541 = VECTOR('',#6542,1.);
#6542 = DIRECTION('',(0.,1.));
#6543 = ( GEOMETRIC_REPRESENTATION_CONTEXT(2) 
PARAMETRIC_REPRESENTATION_CONTEXT() REPRESENTATION_CONTEXT('2D SPACE',''
  ) );
#6544 = PCURVE('',#6364,#6545);
#6545 = DEFINITIONAL_REPRESENTATION('',(#6546),#6550);
#6546 = LINE('',#6547,#6548);
#6547 = CARTESIAN_POINT('',(1.570796326795,-10.1));
#6548 = VECTOR('',#6549,1.);
#6549 = DIRECTION('',(0.,-1.));
#6550 = ( GEOMETRIC_REPRESENTATION_CONTEXT(2) 
PARAMETRIC_REPRESENTATION_CONTEXT() REPRESENTATION_CONTEXT('2D SPACE',''
  ) );
#6551 = ORIENTED_EDGE('',*,*,#6552,.T.);
#6552 = EDGE_CURVE('',#6525,#6553,#6555,.T.);
#6553 = VERTEX_POINT('',#6554);
#6554 = CARTESIAN_POINT('',(5.1,-67.1,1.));
#6555 = SURFACE_CURVE('',#6556,(#6560,#6567),.PCURVE_S1.);
#6556 = LINE('',#6557,#6558);
#6557 = CARTESIAN_POINT('',(5.1,-67.1,25.));
#6558 = VECTOR('',#6559,1.);
#6559 = DIRECTION('',(0.,0.,-1.));
#6560 = PCURVE('',#6533,#6561);
#6561 = DEFINITIONAL_REPRESENTATION('',(#6562),#6566);
#6562 = LINE('',#6563,#6564);
#6563 = CARTESIAN_POINT('',(0.,5.1));
#6564 = VECTOR('',#6565,1.);
#6565 = DIRECTION('',(1.,0.));
#6566 = ( GEOMETRIC_REPRESENTATION_CONTEXT(2) 
PARAMETRIC_REPRESENTATION_CONTEXT() REPRESENTATION_CONTEXT('2D SPACE',''
  ) );
#6567 = PCURVE('',#4504,#6568);
#6568 = DEFINITIONAL_REPRESENTATION('',(#6569),#6573);
#6569 = LINE('',#6570,#6571);
#6570 = CARTESIAN_POINT('',(4.712388980385,0.));
#6571 = VECTOR('',#6572,1.);
#6572 = DIRECTION('',(0.,1.));
#6573 = ( GEOMETRIC_REPRESENTATION_CONTEXT(2) 
PARAMETRIC_REPRESENTATION_CONTEXT() REPRESENTATION_CONTEXT('2D SPACE',''
  ) );
#6574 = ORIENTED_EDGE('',*,*,#6575,.T.);
#6575 = EDGE_CURVE('',#6553,#6576,#6578,.T.);
#6576 = VERTEX_POINT('',#6577);
#6577 = CARTESIAN_POINT('',(-5.1,-67.1,1.));
#6578 = SURFACE_CURVE('',#6579,(#6583,#6590),.PCURVE_S1.);
#6579 = LINE('',#6580,#6581);
#6580 = CARTESIAN_POINT('',(8.673617379884E-15,-67.1,1.));
#6581 = VECTOR('',#6582,1.);
#6582 = DIRECTION('',(-1.,0.,0.));
#6583 = PCURVE('',#6533,#6584);
#6584 = DEFINITIONAL_REPRESENTATION('',(#6585),#6589);
#6585 = LINE('',#6586,#6587);
#6586 = CARTESIAN_POINT('',(24.,0.));
#6587 = VECTOR('',#6588,1.);
#6588 = DIRECTION('',(0.,-1.));
#6589 = ( GEOMETRIC_REPRESENTATION_CONTEXT(2) 
PARAMETRIC_REPRESENTATION_CONTEXT() REPRESENTATION_CONTEXT('2D SPACE',''
  ) );
#6590 = PCURVE('',#5146,#6591);
#6591 = DEFINITIONAL_REPRESENTATION('',(#6592),#6596);
#6592 = LINE('',#6593,#6594);
#6593 = CARTESIAN_POINT('',(1.570796326795,0.));
#6594 = VECTOR('',#6595,1.);
#6595 = DIRECTION('',(0.,1.));
#6596 = ( GEOMETRIC_REPRESENTATION_CONTEXT(2) 
PARAMETRIC_REPRESENTATION_CONTEXT() REPRESENTATION_CONTEXT('2D SPACE',''
  ) );
#6597 = ORIENTED_EDGE('',*,*,#6598,.F.);
#6598 = EDGE_CURVE('',#6523,#6576,#6599,.T.);
#6599 = SURFACE_CURVE('',#6600,(#6604,#6611),.PCURVE_S1.);
#6600 = LINE('',#6601,#6602);
#6601 = CARTESIAN_POINT('',(-5.1,-67.1,4.));
#6602 = VECTOR('',#6603,1.);
#6603 = DIRECTION('',(0.,0.,-1.));
#6604 = PCURVE('',#6533,#6605);
#6605 = DEFINITIONAL_REPRESENTATION('',(#6606),#6610);
#6606 = LINE('',#6607,#6608);
#6607 = CARTESIAN_POINT('',(21.,-5.1));
#6608 = VECTOR('',#6609,1.);
#6609 = DIRECTION('',(1.,0.));
#6610 = ( GEOMETRIC_REPRESENTATION_CONTEXT(2) 
PARAMETRIC_REPRESENTATION_CONTEXT() REPRESENTATION_CONTEXT('2D SPACE',''
  ) );
#6611 = PCURVE('',#3699,#6612);
#6612 = DEFINITIONAL_REPRESENTATION('',(#6613),#6617);
#6613 = LINE('',#6614,#6615);
#6614 = CARTESIAN_POINT('',(4.712388980385,-70.));
#6615 = VECTOR('',#6616,1.);
#6616 = DIRECTION('',(0.,-1.));
#6617 = ( GEOMETRIC_REPRESENTATION_CONTEXT(2) 
PARAMETRIC_REPRESENTATION_CONTEXT() REPRESENTATION_CONTEXT('2D SPACE',''
  ) );
#6618 = ADVANCED_FACE('',(#6619,#6737,#6763),#424,.F.);
#6619 = FACE_BOUND('',#6620,.T.);
#6620 = EDGE_LOOP('',(#6621,#6622,#6646,#6669,#6691,#6692,#6714,#6715));
#6621 = ORIENTED_EDGE('',*,*,#1936,.F.);
#6622 = ORIENTED_EDGE('',*,*,#6623,.F.);
#6623 = EDGE_CURVE('',#6624,#1909,#6626,.T.);
#6624 = VERTEX_POINT('',#6625);
#6625 = CARTESIAN_POINT('',(10.1,-87.1,64.));
#6626 = SURFACE_CURVE('',#6627,(#6632,#6639),.PCURVE_S1.);
#6627 = CIRCLE('',#6628,5.);
#6628 = AXIS2_PLACEMENT_3D('',#6629,#6630,#6631);
#6629 = CARTESIAN_POINT('',(10.1,-82.1,64.));
#6630 = DIRECTION('',(0.,0.,1.));
#6631 = DIRECTION('',(1.,0.,-0.));
#6632 = PCURVE('',#424,#6633);
#6633 = DEFINITIONAL_REPRESENTATION('',(#6634),#6638);
#6634 = CIRCLE('',#6635,5.);
#6635 = AXIS2_PLACEMENT_2D('',#6636,#6637);
#6636 = CARTESIAN_POINT('',(10.1,5.));
#6637 = DIRECTION('',(1.,0.));
#6638 = ( GEOMETRIC_REPRESENTATION_CONTEXT(2) 
PARAMETRIC_REPRESENTATION_CONTEXT() REPRESENTATION_CONTEXT('2D SPACE',''
  ) );
#6639 = PCURVE('',#1924,#6640);
#6640 = DEFINITIONAL_REPRESENTATION('',(#6641),#6645);
#6641 = LINE('',#6642,#6643);
#6642 = CARTESIAN_POINT('',(0.,59.));
#6643 = VECTOR('',#6644,1.);
#6644 = DIRECTION('',(1.,0.));
#6645 = ( GEOMETRIC_REPRESENTATION_CONTEXT(2) 
PARAMETRIC_REPRESENTATION_CONTEXT() REPRESENTATION_CONTEXT('2D SPACE',''
  ) );
#6646 = ORIENTED_EDGE('',*,*,#6647,.T.);
#6647 = EDGE_CURVE('',#6624,#6648,#6650,.T.);
#6648 = VERTEX_POINT('',#6649);
#6649 = CARTESIAN_POINT('',(-10.1,-87.1,64.));
#6650 = SURFACE_CURVE('',#6651,(#6655,#6662),.PCURVE_S1.);
#6651 = LINE('',#6652,#6653);
#6652 = CARTESIAN_POINT('',(0.,-87.1,64.));
#6653 = VECTOR('',#6654,1.);
#6654 = DIRECTION('',(-1.,0.,0.));
#6655 = PCURVE('',#424,#6656);
#6656 = DEFINITIONAL_REPRESENTATION('',(#6657),#6661);
#6657 = LINE('',#6658,#6659);
#6658 = CARTESIAN_POINT('',(0.,0.));
#6659 = VECTOR('',#6660,1.);
#6660 = DIRECTION('',(-1.,0.));
#6661 = ( GEOMETRIC_REPRESENTATION_CONTEXT(2) 
PARAMETRIC_REPRESENTATION_CONTEXT() REPRESENTATION_CONTEXT('2D SPACE',''
  ) );
#6662 = PCURVE('',#6038,#6663);
#6663 = DEFINITIONAL_REPRESENTATION('',(#6664),#6668);
#6664 = LINE('',#6665,#6666);
#6665 = CARTESIAN_POINT('',(-3.469446951954E-15,-27.));
#6666 = VECTOR('',#6667,1.);
#6667 = DIRECTION('',(1.,0.));
#6668 = ( GEOMETRIC_REPRESENTATION_CONTEXT(2) 
PARAMETRIC_REPRESENTATION_CONTEXT() REPRESENTATION_CONTEXT('2D SPACE',''
  ) );
#6669 = ORIENTED_EDGE('',*,*,#6670,.F.);
#6670 = EDGE_CURVE('',#1776,#6648,#6671,.T.);
#6671 = SURFACE_CURVE('',#6672,(#6677,#6684),.PCURVE_S1.);
#6672 = CIRCLE('',#6673,5.);
#6673 = AXIS2_PLACEMENT_3D('',#6674,#6675,#6676);
#6674 = CARTESIAN_POINT('',(-10.1,-82.1,64.));
#6675 = DIRECTION('',(0.,0.,1.));
#6676 = DIRECTION('',(1.,0.,-0.));
#6677 = PCURVE('',#424,#6678);
#6678 = DEFINITIONAL_REPRESENTATION('',(#6679),#6683);
#6679 = CIRCLE('',#6680,5.);
#6680 = AXIS2_PLACEMENT_2D('',#6681,#6682);
#6681 = CARTESIAN_POINT('',(-10.1,5.));
#6682 = DIRECTION('',(1.,0.));
#6683 = ( GEOMETRIC_REPRESENTATION_CONTEXT(2) 
PARAMETRIC_REPRESENTATION_CONTEXT() REPRESENTATION_CONTEXT('2D SPACE',''
  ) );
#6684 = PCURVE('',#1812,#6685);
#6685 = DEFINITIONAL_REPRESENTATION('',(#6686),#6690);
#6686 = LINE('',#6687,#6688);
#6687 = CARTESIAN_POINT('',(9.424777960769,-27.));
#6688 = VECTOR('',#6689,1.);
#6689 = DIRECTION('',(-1.,0.));
#6690 = ( GEOMETRIC_REPRESENTATION_CONTEXT(2) 
PARAMETRIC_REPRESENTATION_CONTEXT() REPRESENTATION_CONTEXT('2D SPACE',''
  ) );
#6691 = ORIENTED_EDGE('',*,*,#1775,.T.);
#6692 = ORIENTED_EDGE('',*,*,#6693,.T.);
#6693 = EDGE_CURVE('',#1753,#404,#6694,.T.);
#6694 = SURFACE_CURVE('',#6695,(#6700,#6707),.PCURVE_S1.);
#6695 = CIRCLE('',#6696,5.);
#6696 = AXIS2_PLACEMENT_3D('',#6697,#6698,#6699);
#6697 = CARTESIAN_POINT('',(-10.1,-72.1,64.));
#6698 = DIRECTION('',(0.,0.,1.));
#6699 = DIRECTION('',(1.,0.,-0.));
#6700 = PCURVE('',#424,#6701);
#6701 = DEFINITIONAL_REPRESENTATION('',(#6702),#6706);
#6702 = CIRCLE('',#6703,5.);
#6703 = AXIS2_PLACEMENT_2D('',#6704,#6705);
#6704 = CARTESIAN_POINT('',(-10.1,15.));
#6705 = DIRECTION('',(1.,0.));
#6706 = ( GEOMETRIC_REPRESENTATION_CONTEXT(2) 
PARAMETRIC_REPRESENTATION_CONTEXT() REPRESENTATION_CONTEXT('2D SPACE',''
  ) );
#6707 = PCURVE('',#452,#6708);
#6708 = DEFINITIONAL_REPRESENTATION('',(#6709),#6713);
#6709 = LINE('',#6710,#6711);
#6710 = CARTESIAN_POINT('',(9.424777960769,-59.));
#6711 = VECTOR('',#6712,1.);
#6712 = DIRECTION('',(-1.,0.));
#6713 = ( GEOMETRIC_REPRESENTATION_CONTEXT(2) 
PARAMETRIC_REPRESENTATION_CONTEXT() REPRESENTATION_CONTEXT('2D SPACE',''
  ) );
#6714 = ORIENTED_EDGE('',*,*,#401,.F.);
#6715 = ORIENTED_EDGE('',*,*,#6716,.T.);
#6716 = EDGE_CURVE('',#402,#1937,#6717,.T.);
#6717 = SURFACE_CURVE('',#6718,(#6723,#6730),.PCURVE_S1.);
#6718 = CIRCLE('',#6719,5.);
#6719 = AXIS2_PLACEMENT_3D('',#6720,#6721,#6722);
#6720 = CARTESIAN_POINT('',(10.1,-72.1,64.));
#6721 = DIRECTION('',(0.,0.,1.));
#6722 = DIRECTION('',(1.,0.,-0.));
#6723 = PCURVE('',#424,#6724);
#6724 = DEFINITIONAL_REPRESENTATION('',(#6725),#6729);
#6725 = CIRCLE('',#6726,5.);
#6726 = AXIS2_PLACEMENT_2D('',#6727,#6728);
#6727 = CARTESIAN_POINT('',(10.1,15.));
#6728 = DIRECTION('',(1.,0.));
#6729 = ( GEOMETRIC_REPRESENTATION_CONTEXT(2) 
PARAMETRIC_REPRESENTATION_CONTEXT() REPRESENTATION_CONTEXT('2D SPACE',''
  ) );
#6730 = PCURVE('',#501,#6731);
#6731 = DEFINITIONAL_REPRESENTATION('',(#6732),#6736);
#6732 = LINE('',#6733,#6734);
#6733 = CARTESIAN_POINT('',(0.,59.));
#6734 = VECTOR('',#6735,1.);
#6735 = DIRECTION('',(1.,0.));
#6736 = ( GEOMETRIC_REPRESENTATION_CONTEXT(2) 
PARAMETRIC_REPRESENTATION_CONTEXT() REPRESENTATION_CONTEXT('2D SPACE',''
  ) );
#6737 = FACE_BOUND('',#6738,.T.);
#6738 = EDGE_LOOP('',(#6739));
#6739 = ORIENTED_EDGE('',*,*,#6740,.T.);
#6740 = EDGE_CURVE('',#6741,#6741,#6743,.T.);
#6741 = VERTEX_POINT('',#6742);
#6742 = CARTESIAN_POINT('',(-6.55,-82.1,64.));
#6743 = SURFACE_CURVE('',#6744,(#6749,#6756),.PCURVE_S1.);
#6744 = CIRCLE('',#6745,1.45);
#6745 = AXIS2_PLACEMENT_3D('',#6746,#6747,#6748);
#6746 = CARTESIAN_POINT('',(-5.1,-82.1,64.));
#6747 = DIRECTION('',(0.,0.,1.));
#6748 = DIRECTION('',(1.,0.,-0.));
#6749 = PCURVE('',#424,#6750);
#6750 = DEFINITIONAL_REPRESENTATION('',(#6751),#6755);
#6751 = CIRCLE('',#6752,1.45);
#6752 = AXIS2_PLACEMENT_2D('',#6753,#6754);
#6753 = CARTESIAN_POINT('',(-5.1,5.));
#6754 = DIRECTION('',(1.,0.));
#6755 = ( GEOMETRIC_REPRESENTATION_CONTEXT(2) 
PARAMETRIC_REPRESENTATION_CONTEXT() REPRESENTATION_CONTEXT('2D SPACE',''
  ) );
#6756 = PCURVE('',#6194,#6757);
#6757 = DEFINITIONAL_REPRESENTATION('',(#6758),#6762);
#6758 = LINE('',#6759,#6760);
#6759 = CARTESIAN_POINT('',(0.,15.));
#6760 = VECTOR('',#6761,1.);
#6761 = DIRECTION('',(1.,0.));
#6762 = ( GEOMETRIC_REPRESENTATION_CONTEXT(2) 
PARAMETRIC_REPRESENTATION_CONTEXT() REPRESENTATION_CONTEXT('2D SPACE',''
  ) );
#6763 = FACE_BOUND('',#6764,.T.);
#6764 = EDGE_LOOP('',(#6765));
#6765 = ORIENTED_EDGE('',*,*,#6766,.T.);
#6766 = EDGE_CURVE('',#6767,#6767,#6769,.T.);
#6767 = VERTEX_POINT('',#6768);
#6768 = CARTESIAN_POINT('',(3.65,-82.1,64.));
#6769 = SURFACE_CURVE('',#6770,(#6775,#6782),.PCURVE_S1.);
#6770 = CIRCLE('',#6771,1.45);
#6771 = AXIS2_PLACEMENT_3D('',#6772,#6773,#6774);
#6772 = CARTESIAN_POINT('',(5.1,-82.1,64.));
#6773 = DIRECTION('',(0.,0.,1.));
#6774 = DIRECTION('',(1.,0.,-0.));
#6775 = PCURVE('',#424,#6776);
#6776 = DEFINITIONAL_REPRESENTATION('',(#6777),#6781);
#6777 = CIRCLE('',#6778,1.45);
#6778 = AXIS2_PLACEMENT_2D('',#6779,#6780);
#6779 = CARTESIAN_POINT('',(5.1,5.));
#6780 = DIRECTION('',(1.,0.));
#6781 = ( GEOMETRIC_REPRESENTATION_CONTEXT(2) 
PARAMETRIC_REPRESENTATION_CONTEXT() REPRESENTATION_CONTEXT('2D SPACE',''
  ) );
#6782 = PCURVE('',#6225,#6783);
#6783 = DEFINITIONAL_REPRESENTATION('',(#6784),#6788);
#6784 = LINE('',#6785,#6786);
#6785 = CARTESIAN_POINT('',(0.,15.));
#6786 = VECTOR('',#6787,1.);
#6787 = DIRECTION('',(1.,0.));
#6788 = ( GEOMETRIC_REPRESENTATION_CONTEXT(2) 
PARAMETRIC_REPRESENTATION_CONTEXT() REPRESENTATION_CONTEXT('2D SPACE',''
  ) );
#6789 = ADVANCED_FACE('',(#6790),#6038,.T.);
#6790 = FACE_BOUND('',#6791,.T.);
#6791 = EDGE_LOOP('',(#6792,#6793,#6814,#6815));
#6792 = ORIENTED_EDGE('',*,*,#6647,.F.);
#6793 = ORIENTED_EDGE('',*,*,#6794,.F.);
#6794 = EDGE_CURVE('',#6023,#6624,#6795,.T.);
#6795 = SURFACE_CURVE('',#6796,(#6800,#6807),.PCURVE_S1.);
#6796 = LINE('',#6797,#6798);
#6797 = CARTESIAN_POINT('',(10.1,-87.1,74.));
#6798 = VECTOR('',#6799,1.);
#6799 = DIRECTION('',(0.,0.,-1.));
#6800 = PCURVE('',#6038,#6801);
#6801 = DEFINITIONAL_REPRESENTATION('',(#6802),#6806);
#6802 = LINE('',#6803,#6804);
#6803 = CARTESIAN_POINT('',(-10.1,-37.));
#6804 = VECTOR('',#6805,1.);
#6805 = DIRECTION('',(0.,1.));
#6806 = ( GEOMETRIC_REPRESENTATION_CONTEXT(2) 
PARAMETRIC_REPRESENTATION_CONTEXT() REPRESENTATION_CONTEXT('2D SPACE',''
  ) );
#6807 = PCURVE('',#1924,#6808);
#6808 = DEFINITIONAL_REPRESENTATION('',(#6809),#6813);
#6809 = LINE('',#6810,#6811);
#6810 = CARTESIAN_POINT('',(4.712388980385,69.));
#6811 = VECTOR('',#6812,1.);
#6812 = DIRECTION('',(0.,-1.));
#6813 = ( GEOMETRIC_REPRESENTATION_CONTEXT(2) 
PARAMETRIC_REPRESENTATION_CONTEXT() REPRESENTATION_CONTEXT('2D SPACE',''
  ) );
#6814 = ORIENTED_EDGE('',*,*,#6022,.T.);
#6815 = ORIENTED_EDGE('',*,*,#6816,.T.);
#6816 = EDGE_CURVE('',#5999,#6648,#6817,.T.);
#6817 = SURFACE_CURVE('',#6818,(#6822,#6829),.PCURVE_S1.);
#6818 = LINE('',#6819,#6820);
#6819 = CARTESIAN_POINT('',(-10.1,-87.1,37.));
#6820 = VECTOR('',#6821,1.);
#6821 = DIRECTION('',(0.,0.,-1.));
#6822 = PCURVE('',#6038,#6823);
#6823 = DEFINITIONAL_REPRESENTATION('',(#6824),#6828);
#6824 = LINE('',#6825,#6826);
#6825 = CARTESIAN_POINT('',(10.1,0.));
#6826 = VECTOR('',#6827,1.);
#6827 = DIRECTION('',(0.,1.));
#6828 = ( GEOMETRIC_REPRESENTATION_CONTEXT(2) 
PARAMETRIC_REPRESENTATION_CONTEXT() REPRESENTATION_CONTEXT('2D SPACE',''
  ) );
#6829 = PCURVE('',#1812,#6830);
#6830 = DEFINITIONAL_REPRESENTATION('',(#6831),#6835);
#6831 = LINE('',#6832,#6833);
#6832 = CARTESIAN_POINT('',(4.712388980385,0.));
#6833 = VECTOR('',#6834,1.);
#6834 = DIRECTION('',(0.,1.));
#6835 = ( GEOMETRIC_REPRESENTATION_CONTEXT(2) 
PARAMETRIC_REPRESENTATION_CONTEXT() REPRESENTATION_CONTEXT('2D SPACE',''
  ) );
#6836 = ADVANCED_FACE('',(#6837,#6955,#6981),#130,.F.);
#6837 = FACE_BOUND('',#6838,.T.);
#6838 = EDGE_LOOP('',(#6839,#6840,#6864,#6887,#6909,#6910,#6932,#6933));
#6839 = ORIENTED_EDGE('',*,*,#1595,.F.);
#6840 = ORIENTED_EDGE('',*,*,#6841,.F.);
#6841 = EDGE_CURVE('',#6842,#1568,#6844,.T.);
#6842 = VERTEX_POINT('',#6843);
#6843 = CARTESIAN_POINT('',(-10.1,87.1,64.));
#6844 = SURFACE_CURVE('',#6845,(#6850,#6857),.PCURVE_S1.);
#6845 = CIRCLE('',#6846,5.);
#6846 = AXIS2_PLACEMENT_3D('',#6847,#6848,#6849);
#6847 = CARTESIAN_POINT('',(-10.1,82.1,64.));
#6848 = DIRECTION('',(0.,0.,1.));
#6849 = DIRECTION('',(1.,0.,-0.));
#6850 = PCURVE('',#130,#6851);
#6851 = DEFINITIONAL_REPRESENTATION('',(#6852),#6856);
#6852 = CIRCLE('',#6853,5.);
#6853 = AXIS2_PLACEMENT_2D('',#6854,#6855);
#6854 = CARTESIAN_POINT('',(-10.1,-5.));
#6855 = DIRECTION('',(1.,0.));
#6856 = ( GEOMETRIC_REPRESENTATION_CONTEXT(2) 
PARAMETRIC_REPRESENTATION_CONTEXT() REPRESENTATION_CONTEXT('2D SPACE',''
  ) );
#6857 = PCURVE('',#1583,#6858);
#6858 = DEFINITIONAL_REPRESENTATION('',(#6859),#6863);
#6859 = LINE('',#6860,#6861);
#6860 = CARTESIAN_POINT('',(3.14159265359,-59.));
#6861 = VECTOR('',#6862,1.);
#6862 = DIRECTION('',(-1.,0.));
#6863 = ( GEOMETRIC_REPRESENTATION_CONTEXT(2) 
PARAMETRIC_REPRESENTATION_CONTEXT() REPRESENTATION_CONTEXT('2D SPACE',''
  ) );
#6864 = ORIENTED_EDGE('',*,*,#6865,.F.);
#6865 = EDGE_CURVE('',#6866,#6842,#6868,.T.);
#6866 = VERTEX_POINT('',#6867);
#6867 = CARTESIAN_POINT('',(10.1,87.1,64.));
#6868 = SURFACE_CURVE('',#6869,(#6873,#6880),.PCURVE_S1.);
#6869 = LINE('',#6870,#6871);
#6870 = CARTESIAN_POINT('',(0.,87.1,64.));
#6871 = VECTOR('',#6872,1.);
#6872 = DIRECTION('',(-1.,0.,0.));
#6873 = PCURVE('',#130,#6874);
#6874 = DEFINITIONAL_REPRESENTATION('',(#6875),#6879);
#6875 = LINE('',#6876,#6877);
#6876 = CARTESIAN_POINT('',(0.,0.));
#6877 = VECTOR('',#6878,1.);
#6878 = DIRECTION('',(-1.,0.));
#6879 = ( GEOMETRIC_REPRESENTATION_CONTEXT(2) 
PARAMETRIC_REPRESENTATION_CONTEXT() REPRESENTATION_CONTEXT('2D SPACE',''
  ) );
#6880 = PCURVE('',#6113,#6881);
#6881 = DEFINITIONAL_REPRESENTATION('',(#6882),#6886);
#6882 = LINE('',#6883,#6884);
#6883 = CARTESIAN_POINT('',(-3.469446951954E-15,27.));
#6884 = VECTOR('',#6885,1.);
#6885 = DIRECTION('',(1.,0.));
#6886 = ( GEOMETRIC_REPRESENTATION_CONTEXT(2) 
PARAMETRIC_REPRESENTATION_CONTEXT() REPRESENTATION_CONTEXT('2D SPACE',''
  ) );
#6887 = ORIENTED_EDGE('',*,*,#6888,.F.);
#6888 = EDGE_CURVE('',#1828,#6866,#6889,.T.);
#6889 = SURFACE_CURVE('',#6890,(#6895,#6902),.PCURVE_S1.);
#6890 = CIRCLE('',#6891,5.);
#6891 = AXIS2_PLACEMENT_3D('',#6892,#6893,#6894);
#6892 = CARTESIAN_POINT('',(10.1,82.1,64.));
#6893 = DIRECTION('',(0.,0.,1.));
#6894 = DIRECTION('',(1.,0.,-0.));
#6895 = PCURVE('',#130,#6896);
#6896 = DEFINITIONAL_REPRESENTATION('',(#6897),#6901);
#6897 = CIRCLE('',#6898,5.);
#6898 = AXIS2_PLACEMENT_2D('',#6899,#6900);
#6899 = CARTESIAN_POINT('',(10.1,-5.));
#6900 = DIRECTION('',(1.,0.));
#6901 = ( GEOMETRIC_REPRESENTATION_CONTEXT(2) 
PARAMETRIC_REPRESENTATION_CONTEXT() REPRESENTATION_CONTEXT('2D SPACE',''
  ) );
#6902 = PCURVE('',#1873,#6903);
#6903 = DEFINITIONAL_REPRESENTATION('',(#6904),#6908);
#6904 = LINE('',#6905,#6906);
#6905 = CARTESIAN_POINT('',(0.,27.));
#6906 = VECTOR('',#6907,1.);
#6907 = DIRECTION('',(1.,0.));
#6908 = ( GEOMETRIC_REPRESENTATION_CONTEXT(2) 
PARAMETRIC_REPRESENTATION_CONTEXT() REPRESENTATION_CONTEXT('2D SPACE',''
  ) );
#6909 = ORIENTED_EDGE('',*,*,#1827,.T.);
#6910 = ORIENTED_EDGE('',*,*,#6911,.T.);
#6911 = EDGE_CURVE('',#1830,#115,#6912,.T.);
#6912 = SURFACE_CURVE('',#6913,(#6918,#6925),.PCURVE_S1.);
#6913 = CIRCLE('',#6914,5.);
#6914 = AXIS2_PLACEMENT_3D('',#6915,#6916,#6917);
#6915 = CARTESIAN_POINT('',(10.1,72.1,64.));
#6916 = DIRECTION('',(0.,0.,1.));
#6917 = DIRECTION('',(1.,0.,-0.));
#6918 = PCURVE('',#130,#6919);
#6919 = DEFINITIONAL_REPRESENTATION('',(#6920),#6924);
#6920 = CIRCLE('',#6921,5.);
#6921 = AXIS2_PLACEMENT_2D('',#6922,#6923);
#6922 = CARTESIAN_POINT('',(10.1,-15.));
#6923 = DIRECTION('',(1.,0.));
#6924 = ( GEOMETRIC_REPRESENTATION_CONTEXT(2) 
PARAMETRIC_REPRESENTATION_CONTEXT() REPRESENTATION_CONTEXT('2D SPACE',''
  ) );
#6925 = PCURVE('',#156,#6926);
#6926 = DEFINITIONAL_REPRESENTATION('',(#6927),#6931);
#6927 = LINE('',#6928,#6929);
#6928 = CARTESIAN_POINT('',(3.14159265359,-59.));
#6929 = VECTOR('',#6930,1.);
#6930 = DIRECTION('',(-1.,0.));
#6931 = ( GEOMETRIC_REPRESENTATION_CONTEXT(2) 
PARAMETRIC_REPRESENTATION_CONTEXT() REPRESENTATION_CONTEXT('2D SPACE',''
  ) );
#6932 = ORIENTED_EDGE('',*,*,#114,.T.);
#6933 = ORIENTED_EDGE('',*,*,#6934,.T.);
#6934 = EDGE_CURVE('',#87,#1596,#6935,.T.);
#6935 = SURFACE_CURVE('',#6936,(#6941,#6948),.PCURVE_S1.);
#6936 = CIRCLE('',#6937,5.);
#6937 = AXIS2_PLACEMENT_3D('',#6938,#6939,#6940);
#6938 = CARTESIAN_POINT('',(-10.1,72.1,64.));
#6939 = DIRECTION('',(0.,0.,1.));
#6940 = DIRECTION('',(1.,0.,-0.));
#6941 = PCURVE('',#130,#6942);
#6942 = DEFINITIONAL_REPRESENTATION('',(#6943),#6947);
#6943 = CIRCLE('',#6944,5.);
#6944 = AXIS2_PLACEMENT_2D('',#6945,#6946);
#6945 = CARTESIAN_POINT('',(-10.1,-15.));
#6946 = DIRECTION('',(1.,0.));
#6947 = ( GEOMETRIC_REPRESENTATION_CONTEXT(2) 
PARAMETRIC_REPRESENTATION_CONTEXT() REPRESENTATION_CONTEXT('2D SPACE',''
  ) );
#6948 = PCURVE('',#102,#6949);
#6949 = DEFINITIONAL_REPRESENTATION('',(#6950),#6954);
#6950 = LINE('',#6951,#6952);
#6951 = CARTESIAN_POINT('',(0.,59.));
#6952 = VECTOR('',#6953,1.);
#6953 = DIRECTION('',(1.,0.));
#6954 = ( GEOMETRIC_REPRESENTATION_CONTEXT(2) 
PARAMETRIC_REPRESENTATION_CONTEXT() REPRESENTATION_CONTEXT('2D SPACE',''
  ) );
#6955 = FACE_BOUND('',#6956,.T.);
#6956 = EDGE_LOOP('',(#6957));
#6957 = ORIENTED_EDGE('',*,*,#6958,.T.);
#6958 = EDGE_CURVE('',#6959,#6959,#6961,.T.);
#6959 = VERTEX_POINT('',#6960);
#6960 = CARTESIAN_POINT('',(3.65,82.1,64.));
#6961 = SURFACE_CURVE('',#6962,(#6967,#6974),.PCURVE_S1.);
#6962 = CIRCLE('',#6963,1.45);
#6963 = AXIS2_PLACEMENT_3D('',#6964,#6965,#6966);
#6964 = CARTESIAN_POINT('',(5.1,82.1,64.));
#6965 = DIRECTION('',(0.,0.,1.));
#6966 = DIRECTION('',(1.,0.,-0.));
#6967 = PCURVE('',#130,#6968);
#6968 = DEFINITIONAL_REPRESENTATION('',(#6969),#6973);
#6969 = CIRCLE('',#6970,1.45);
#6970 = AXIS2_PLACEMENT_2D('',#6971,#6972);
#6971 = CARTESIAN_POINT('',(5.1,-5.));
#6972 = DIRECTION('',(1.,0.));
#6973 = ( GEOMETRIC_REPRESENTATION_CONTEXT(2) 
PARAMETRIC_REPRESENTATION_CONTEXT() REPRESENTATION_CONTEXT('2D SPACE',''
  ) );
#6974 = PCURVE('',#6256,#6975);
#6975 = DEFINITIONAL_REPRESENTATION('',(#6976),#6980);
#6976 = LINE('',#6977,#6978);
#6977 = CARTESIAN_POINT('',(0.,15.));
#6978 = VECTOR('',#6979,1.);
#6979 = DIRECTION('',(1.,0.));
#6980 = ( GEOMETRIC_REPRESENTATION_CONTEXT(2) 
PARAMETRIC_REPRESENTATION_CONTEXT() REPRESENTATION_CONTEXT('2D SPACE',''
  ) );
#6981 = FACE_BOUND('',#6982,.T.);
#6982 = EDGE_LOOP('',(#6983));
#6983 = ORIENTED_EDGE('',*,*,#6984,.T.);
#6984 = EDGE_CURVE('',#6985,#6985,#6987,.T.);
#6985 = VERTEX_POINT('',#6986);
#6986 = CARTESIAN_POINT('',(-6.55,82.1,64.));
#6987 = SURFACE_CURVE('',#6988,(#6993,#7000),.PCURVE_S1.);
#6988 = CIRCLE('',#6989,1.45);
#6989 = AXIS2_PLACEMENT_3D('',#6990,#6991,#6992);
#6990 = CARTESIAN_POINT('',(-5.1,82.1,64.));
#6991 = DIRECTION('',(0.,0.,1.));
#6992 = DIRECTION('',(1.,0.,-0.));
#6993 = PCURVE('',#130,#6994);
#6994 = DEFINITIONAL_REPRESENTATION('',(#6995),#6999);
#6995 = CIRCLE('',#6996,1.45);
#6996 = AXIS2_PLACEMENT_2D('',#6997,#6998);
#6997 = CARTESIAN_POINT('',(-5.1,-5.));
#6998 = DIRECTION('',(1.,0.));
#6999 = ( GEOMETRIC_REPRESENTATION_CONTEXT(2) 
PARAMETRIC_REPRESENTATION_CONTEXT() REPRESENTATION_CONTEXT('2D SPACE',''
  ) );
#7000 = PCURVE('',#6287,#7001);
#7001 = DEFINITIONAL_REPRESENTATION('',(#7002),#7006);
#7002 = LINE('',#7003,#7004);
#7003 = CARTESIAN_POINT('',(0.,15.));
#7004 = VECTOR('',#7005,1.);
#7005 = DIRECTION('',(1.,0.));
#7006 = ( GEOMETRIC_REPRESENTATION_CONTEXT(2) 
PARAMETRIC_REPRESENTATION_CONTEXT() REPRESENTATION_CONTEXT('2D SPACE',''
  ) );
#7007 = ADVANCED_FACE('',(#7008),#6113,.T.);
#7008 = FACE_BOUND('',#7009,.T.);
#7009 = EDGE_LOOP('',(#7010,#7011,#7032,#7033));
#7010 = ORIENTED_EDGE('',*,*,#6865,.T.);
#7011 = ORIENTED_EDGE('',*,*,#7012,.F.);
#7012 = EDGE_CURVE('',#6098,#6842,#7013,.T.);
#7013 = SURFACE_CURVE('',#7014,(#7018,#7025),.PCURVE_S1.);
#7014 = LINE('',#7015,#7016);
#7015 = CARTESIAN_POINT('',(-10.1,87.1,37.));
#7016 = VECTOR('',#7017,1.);
#7017 = DIRECTION('',(0.,0.,-1.));
#7018 = PCURVE('',#6113,#7019);
#7019 = DEFINITIONAL_REPRESENTATION('',(#7020),#7024);
#7020 = LINE('',#7021,#7022);
#7021 = CARTESIAN_POINT('',(10.1,0.));
#7022 = VECTOR('',#7023,1.);
#7023 = DIRECTION('',(0.,-1.));
#7024 = ( GEOMETRIC_REPRESENTATION_CONTEXT(2) 
PARAMETRIC_REPRESENTATION_CONTEXT() REPRESENTATION_CONTEXT('2D SPACE',''
  ) );
#7025 = PCURVE('',#1583,#7026);
#7026 = DEFINITIONAL_REPRESENTATION('',(#7027),#7031);
#7027 = LINE('',#7028,#7029);
#7028 = CARTESIAN_POINT('',(1.570796326795,-32.));
#7029 = VECTOR('',#7030,1.);
#7030 = DIRECTION('',(0.,1.));
#7031 = ( GEOMETRIC_REPRESENTATION_CONTEXT(2) 
PARAMETRIC_REPRESENTATION_CONTEXT() REPRESENTATION_CONTEXT('2D SPACE',''
  ) );
#7032 = ORIENTED_EDGE('',*,*,#6097,.F.);
#7033 = ORIENTED_EDGE('',*,*,#7034,.T.);
#7034 = EDGE_CURVE('',#6074,#6866,#7035,.T.);
#7035 = SURFACE_CURVE('',#7036,(#7040,#7047),.PCURVE_S1.);
#7036 = LINE('',#7037,#7038);
#7037 = CARTESIAN_POINT('',(10.1,87.1,64.));
#7038 = VECTOR('',#7039,1.);
#7039 = DIRECTION('',(0.,0.,-1.));
#7040 = PCURVE('',#6113,#7041);
#7041 = DEFINITIONAL_REPRESENTATION('',(#7042),#7046);
#7042 = LINE('',#7043,#7044);
#7043 = CARTESIAN_POINT('',(-10.1,27.));
#7044 = VECTOR('',#7045,1.);
#7045 = DIRECTION('',(0.,-1.));
#7046 = ( GEOMETRIC_REPRESENTATION_CONTEXT(2) 
PARAMETRIC_REPRESENTATION_CONTEXT() REPRESENTATION_CONTEXT('2D SPACE',''
  ) );
#7047 = PCURVE('',#1873,#7048);
#7048 = DEFINITIONAL_REPRESENTATION('',(#7049),#7053);
#7049 = LINE('',#7050,#7051);
#7050 = CARTESIAN_POINT('',(1.570796326795,27.));
#7051 = VECTOR('',#7052,1.);
#7052 = DIRECTION('',(0.,-1.));
#7053 = ( GEOMETRIC_REPRESENTATION_CONTEXT(2) 
PARAMETRIC_REPRESENTATION_CONTEXT() REPRESENTATION_CONTEXT('2D SPACE',''
  ) );
#7054 = ADVANCED_FACE('',(#7055),#3253,.T.);
#7055 = FACE_BOUND('',#7056,.T.);
#7056 = EDGE_LOOP('',(#7057,#7058,#7079,#7080));
#7057 = ORIENTED_EDGE('',*,*,#3237,.F.);
#7058 = ORIENTED_EDGE('',*,*,#7059,.F.);
#7059 = EDGE_CURVE('',#4662,#3209,#7060,.T.);
#7060 = SURFACE_CURVE('',#7061,(#7065,#7072),.PCURVE_S1.);
#7061 = LINE('',#7062,#7063);
#7062 = CARTESIAN_POINT('',(-81.9,-25.65783064458,54.));
#7063 = VECTOR('',#7064,1.);
#7064 = DIRECTION('',(1.,-5.624913994737E-17,0.));
#7065 = PCURVE('',#3253,#7066);
#7066 = DEFINITIONAL_REPRESENTATION('',(#7067),#7071);
#7067 = LINE('',#7068,#7069);
#7068 = CARTESIAN_POINT('',(-25.65783064458,-1.188633423102E-47));
#7069 = VECTOR('',#7070,1.);
#7070 = DIRECTION('',(-5.624913994737E-17,1.));
#7071 = ( GEOMETRIC_REPRESENTATION_CONTEXT(2) 
PARAMETRIC_REPRESENTATION_CONTEXT() REPRESENTATION_CONTEXT('2D SPACE',''
  ) );
#7072 = PCURVE('',#3225,#7073);
#7073 = DEFINITIONAL_REPRESENTATION('',(#7074),#7078);
#7074 = LINE('',#7075,#7076);
#7075 = CARTESIAN_POINT('',(4.870090612956,0.));
#7076 = VECTOR('',#7077,1.);
#7077 = DIRECTION('',(0.,1.));
#7078 = ( GEOMETRIC_REPRESENTATION_CONTEXT(2) 
PARAMETRIC_REPRESENTATION_CONTEXT() REPRESENTATION_CONTEXT('2D SPACE',''
  ) );
#7079 = ORIENTED_EDGE('',*,*,#4661,.F.);
#7080 = ORIENTED_EDGE('',*,*,#7081,.T.);
#7081 = EDGE_CURVE('',#4638,#3238,#7082,.T.);
#7082 = SURFACE_CURVE('',#7083,(#7087,#7094),.PCURVE_S1.);
#7083 = LINE('',#7084,#7085);
#7084 = CARTESIAN_POINT('',(15.1,52.1,54.));
#7085 = VECTOR('',#7086,1.);
#7086 = DIRECTION('',(1.,-5.624913994737E-17,-2.736911063134E-48));
#7087 = PCURVE('',#3253,#7088);
#7088 = DEFINITIONAL_REPRESENTATION('',(#7089),#7093);
#7089 = LINE('',#7090,#7091);
#7090 = CARTESIAN_POINT('',(52.1,97.));
#7091 = VECTOR('',#7092,1.);
#7092 = DIRECTION('',(-5.624913994737E-17,1.));
#7093 = ( GEOMETRIC_REPRESENTATION_CONTEXT(2) 
PARAMETRIC_REPRESENTATION_CONTEXT() REPRESENTATION_CONTEXT('2D SPACE',''
  ) );
#7094 = PCURVE('',#3282,#7095);
#7095 = DEFINITIONAL_REPRESENTATION('',(#7096),#7100);
#7096 = LINE('',#7097,#7098);
#7097 = CARTESIAN_POINT('',(1.570796326795,-97.));
#7098 = VECTOR('',#7099,1.);
#7099 = DIRECTION('',(0.,-1.));
#7100 = ( GEOMETRIC_REPRESENTATION_CONTEXT(2) 
PARAMETRIC_REPRESENTATION_CONTEXT() REPRESENTATION_CONTEXT('2D SPACE',''
  ) );
#7101 = ADVANCED_FACE('',(#7102),#3310,.T.);
#7102 = FACE_BOUND('',#7103,.T.);
#7103 = EDGE_LOOP('',(#7104,#7105,#7126,#7127));
#7104 = ORIENTED_EDGE('',*,*,#3294,.F.);
#7105 = ORIENTED_EDGE('',*,*,#7106,.F.);
#7106 = EDGE_CURVE('',#4615,#3266,#7107,.T.);
#7107 = SURFACE_CURVE('',#7108,(#7112,#7119),.PCURVE_S1.);
#7108 = LINE('',#7109,#7110);
#7109 = CARTESIAN_POINT('',(10.1,57.1,49.));
#7110 = VECTOR('',#7111,1.);
#7111 = DIRECTION('',(1.,-5.624913994737E-17,-6.077163357286E-64));
#7112 = PCURVE('',#3310,#7113);
#7113 = DEFINITIONAL_REPRESENTATION('',(#7114),#7118);
#7114 = LINE('',#7115,#7116);
#7115 = CARTESIAN_POINT('',(92.,12.));
#7116 = VECTOR('',#7117,1.);
#7117 = DIRECTION('',(1.,-6.077163357286E-64));
#7118 = ( GEOMETRIC_REPRESENTATION_CONTEXT(2) 
PARAMETRIC_REPRESENTATION_CONTEXT() REPRESENTATION_CONTEXT('2D SPACE',''
  ) );
#7119 = PCURVE('',#3282,#7120);
#7120 = DEFINITIONAL_REPRESENTATION('',(#7121),#7125);
#7121 = LINE('',#7122,#7123);
#7122 = CARTESIAN_POINT('',(3.14159265359,-92.));
#7123 = VECTOR('',#7124,1.);
#7124 = DIRECTION('',(0.,-1.));
#7125 = ( GEOMETRIC_REPRESENTATION_CONTEXT(2) 
PARAMETRIC_REPRESENTATION_CONTEXT() REPRESENTATION_CONTEXT('2D SPACE',''
  ) );
#7126 = ORIENTED_EDGE('',*,*,#4614,.F.);
#7127 = ORIENTED_EDGE('',*,*,#7128,.T.);
#7128 = EDGE_CURVE('',#4591,#3295,#7129,.T.);
#7129 = SURFACE_CURVE('',#7130,(#7134,#7141),.PCURVE_S1.);
#7130 = LINE('',#7131,#7132);
#7131 = CARTESIAN_POINT('',(-81.9,57.1,25.));
#7132 = VECTOR('',#7133,1.);
#7133 = DIRECTION('',(1.,-5.624913994737E-17,0.));
#7134 = PCURVE('',#3310,#7135);
#7135 = DEFINITIONAL_REPRESENTATION('',(#7136),#7140);
#7136 = LINE('',#7137,#7138);
#7137 = CARTESIAN_POINT('',(0.,-12.));
#7138 = VECTOR('',#7139,1.);
#7139 = DIRECTION('',(1.,0.));
#7140 = ( GEOMETRIC_REPRESENTATION_CONTEXT(2) 
PARAMETRIC_REPRESENTATION_CONTEXT() REPRESENTATION_CONTEXT('2D SPACE',''
  ) );
#7141 = PCURVE('',#3337,#7142);
#7142 = DEFINITIONAL_REPRESENTATION('',(#7143),#7147);
#7143 = LINE('',#7144,#7145);
#7144 = CARTESIAN_POINT('',(6.28318530718,0.));
#7145 = VECTOR('',#7146,1.);
#7146 = DIRECTION('',(0.,1.));
#7147 = ( GEOMETRIC_REPRESENTATION_CONTEXT(2) 
PARAMETRIC_REPRESENTATION_CONTEXT() REPRESENTATION_CONTEXT('2D SPACE',''
  ) );
#7148 = ADVANCED_FACE('',(#7149),#3139,.F.);
#7149 = FACE_BOUND('',#7150,.T.);
#7150 = EDGE_LOOP('',(#7151,#7152,#7173,#7174));
#7151 = ORIENTED_EDGE('',*,*,#4567,.T.);
#7152 = ORIENTED_EDGE('',*,*,#7153,.T.);
#7153 = EDGE_CURVE('',#4544,#3122,#7154,.T.);
#7154 = SURFACE_CURVE('',#7155,(#7159,#7166),.PCURVE_S1.);
#7155 = LINE('',#7156,#7157);
#7156 = CARTESIAN_POINT('',(15.1,47.895110531891,20.));
#7157 = VECTOR('',#7158,1.);
#7158 = DIRECTION('',(1.,-5.624913994737E-17,0.));
#7159 = PCURVE('',#3139,#7160);
#7160 = DEFINITIONAL_REPRESENTATION('',(#7161),#7165);
#7161 = LINE('',#7162,#7163);
#7162 = CARTESIAN_POINT('',(-97.,-4.204889468109));
#7163 = VECTOR('',#7164,1.);
#7164 = DIRECTION('',(-1.,-5.624913994737E-17));
#7165 = ( GEOMETRIC_REPRESENTATION_CONTEXT(2) 
PARAMETRIC_REPRESENTATION_CONTEXT() REPRESENTATION_CONTEXT('2D SPACE',''
  ) );
#7166 = PCURVE('',#3168,#7167);
#7167 = DEFINITIONAL_REPRESENTATION('',(#7168),#7172);
#7168 = LINE('',#7169,#7170);
#7169 = CARTESIAN_POINT('',(4.712388980385,-97.));
#7170 = VECTOR('',#7171,1.);
#7171 = DIRECTION('',(0.,-1.));
#7172 = ( GEOMETRIC_REPRESENTATION_CONTEXT(2) 
PARAMETRIC_REPRESENTATION_CONTEXT() REPRESENTATION_CONTEXT('2D SPACE',''
  ) );
#7173 = ORIENTED_EDGE('',*,*,#3121,.T.);
#7174 = ORIENTED_EDGE('',*,*,#7175,.F.);
#7175 = EDGE_CURVE('',#4568,#3124,#7176,.T.);
#7176 = SURFACE_CURVE('',#7177,(#7181,#7188),.PCURVE_S1.);
#7177 = LINE('',#7178,#7179);
#7178 = CARTESIAN_POINT('',(-81.9,52.1,20.));
#7179 = VECTOR('',#7180,1.);
#7180 = DIRECTION('',(1.,-5.624913994737E-17,0.));
#7181 = PCURVE('',#3139,#7182);
#7182 = DEFINITIONAL_REPRESENTATION('',(#7183),#7187);
#7183 = LINE('',#7184,#7185);
#7184 = CARTESIAN_POINT('',(0.,0.));
#7185 = VECTOR('',#7186,1.);
#7186 = DIRECTION('',(-1.,-5.624913994737E-17));
#7187 = ( GEOMETRIC_REPRESENTATION_CONTEXT(2) 
PARAMETRIC_REPRESENTATION_CONTEXT() REPRESENTATION_CONTEXT('2D SPACE',''
  ) );
#7188 = PCURVE('',#3337,#7189);
#7189 = DEFINITIONAL_REPRESENTATION('',(#7190),#7194);
#7190 = LINE('',#7191,#7192);
#7191 = CARTESIAN_POINT('',(4.712388980385,0.));
#7192 = VECTOR('',#7193,1.);
#7193 = DIRECTION('',(0.,1.));
#7194 = ( GEOMETRIC_REPRESENTATION_CONTEXT(2) 
PARAMETRIC_REPRESENTATION_CONTEXT() REPRESENTATION_CONTEXT('2D SPACE',''
  ) );
#7195 = ADVANCED_FACE('',(#7196),#3196,.F.);
#7196 = FACE_BOUND('',#7197,.T.);
#7197 = EDGE_LOOP('',(#7198,#7199,#7220,#7221));
#7198 = ORIENTED_EDGE('',*,*,#4518,.T.);
#7199 = ORIENTED_EDGE('',*,*,#7200,.T.);
#7200 = EDGE_CURVE('',#4521,#3181,#7201,.T.);
#7201 = SURFACE_CURVE('',#7202,(#7206,#7213),.PCURVE_S1.);
#7202 = LINE('',#7203,#7204);
#7203 = CARTESIAN_POINT('',(-81.9,-27.20882998989,44.246643182884));
#7204 = VECTOR('',#7205,1.);
#7205 = DIRECTION('',(1.,-5.624913994737E-17,-2.915577242682E-33));
#7206 = PCURVE('',#3196,#7207);
#7207 = DEFINITIONAL_REPRESENTATION('',(#7208),#7212);
#7208 = LINE('',#7209,#7210);
#7209 = CARTESIAN_POINT('',(-23.361206453,-5.351293941498E-33));
#7210 = VECTOR('',#7211,1.);
#7211 = DIRECTION('',(-5.347444656515E-17,1.));
#7212 = ( GEOMETRIC_REPRESENTATION_CONTEXT(2) 
PARAMETRIC_REPRESENTATION_CONTEXT() REPRESENTATION_CONTEXT('2D SPACE',''
  ) );
#7213 = PCURVE('',#3225,#7214);
#7214 = DEFINITIONAL_REPRESENTATION('',(#7215),#7219);
#7215 = LINE('',#7216,#7217);
#7216 = CARTESIAN_POINT('',(7.696280001403,0.));
#7217 = VECTOR('',#7218,1.);
#7218 = DIRECTION('',(-2.6645352591E-16,1.));
#7219 = ( GEOMETRIC_REPRESENTATION_CONTEXT(2) 
PARAMETRIC_REPRESENTATION_CONTEXT() REPRESENTATION_CONTEXT('2D SPACE',''
  ) );
#7220 = ORIENTED_EDGE('',*,*,#3180,.T.);
#7221 = ORIENTED_EDGE('',*,*,#7222,.F.);
#7222 = EDGE_CURVE('',#4519,#3152,#7223,.T.);
#7223 = SURFACE_CURVE('',#7224,(#7228,#7235),.PCURVE_S1.);
#7224 = LINE('',#7225,#7226);
#7225 = CARTESIAN_POINT('',(10.1,46.344111186575,20.246643182883));
#7226 = VECTOR('',#7227,1.);
#7227 = DIRECTION('',(1.,-5.624913994737E-17,-3.197463628048E-33));
#7228 = PCURVE('',#3196,#7229);
#7229 = DEFINITIONAL_REPRESENTATION('',(#7230),#7234);
#7230 = LINE('',#7231,#7232);
#7231 = CARTESIAN_POINT('',(54.008265276539,92.));
#7232 = VECTOR('',#7233,1.);
#7233 = DIRECTION('',(-5.347444656515E-17,1.));
#7234 = ( GEOMETRIC_REPRESENTATION_CONTEXT(2) 
PARAMETRIC_REPRESENTATION_CONTEXT() REPRESENTATION_CONTEXT('2D SPACE',''
  ) );
#7235 = PCURVE('',#3168,#7236);
#7236 = DEFINITIONAL_REPRESENTATION('',(#7237),#7241);
#7237 = LINE('',#7238,#7239);
#7238 = CARTESIAN_POINT('',(5.027792245528,-92.));
#7239 = VECTOR('',#7240,1.);
#7240 = DIRECTION('',(0.,-1.));
#7241 = ( GEOMETRIC_REPRESENTATION_CONTEXT(2) 
PARAMETRIC_REPRESENTATION_CONTEXT() REPRESENTATION_CONTEXT('2D SPACE',''
  ) );
#7242 = ADVANCED_FACE('',(#7243),#3080,.F.);
#7243 = FACE_BOUND('',#7244,.T.);
#7244 = EDGE_LOOP('',(#7245,#7246,#7267,#7268));
#7245 = ORIENTED_EDGE('',*,*,#3064,.T.);
#7246 = ORIENTED_EDGE('',*,*,#7247,.F.);
#7247 = EDGE_CURVE('',#4709,#3036,#7248,.T.);
#7248 = SURFACE_CURVE('',#7249,(#7253,#7260),.PCURVE_S1.);
#7249 = LINE('',#7250,#7251);
#7250 = CARTESIAN_POINT('',(-81.9,-48.81672913004,20.));
#7251 = VECTOR('',#7252,1.);
#7252 = DIRECTION('',(1.,-5.624913994737E-17,0.));
#7253 = PCURVE('',#3080,#7254);
#7254 = DEFINITIONAL_REPRESENTATION('',(#7255),#7259);
#7255 = LINE('',#7256,#7257);
#7256 = CARTESIAN_POINT('',(0.,-11.57944924273));
#7257 = VECTOR('',#7258,1.);
#7258 = DIRECTION('',(-1.,-5.624913994737E-17));
#7259 = ( GEOMETRIC_REPRESENTATION_CONTEXT(2) 
PARAMETRIC_REPRESENTATION_CONTEXT() REPRESENTATION_CONTEXT('2D SPACE',''
  ) );
#7260 = PCURVE('',#3052,#7261);
#7261 = DEFINITIONAL_REPRESENTATION('',(#7262),#7266);
#7262 = LINE('',#7263,#7264);
#7263 = CARTESIAN_POINT('',(4.712388980385,0.));
#7264 = VECTOR('',#7265,1.);
#7265 = DIRECTION('',(0.,1.));
#7266 = ( GEOMETRIC_REPRESENTATION_CONTEXT(2) 
PARAMETRIC_REPRESENTATION_CONTEXT() REPRESENTATION_CONTEXT('2D SPACE',''
  ) );
#7267 = ORIENTED_EDGE('',*,*,#4708,.T.);
#7268 = ORIENTED_EDGE('',*,*,#7269,.T.);
#7269 = EDGE_CURVE('',#4711,#3065,#7270,.T.);
#7270 = SURFACE_CURVE('',#7271,(#7275,#7282),.PCURVE_S1.);
#7271 = LINE('',#7272,#7273);
#7272 = CARTESIAN_POINT('',(15.1,-52.1,20.));
#7273 = VECTOR('',#7274,1.);
#7274 = DIRECTION('',(1.,-5.624913994737E-17,0.));
#7275 = PCURVE('',#3080,#7276);
#7276 = DEFINITIONAL_REPRESENTATION('',(#7277),#7281);
#7277 = LINE('',#7278,#7279);
#7278 = CARTESIAN_POINT('',(-97.,-14.86272011268));
#7279 = VECTOR('',#7280,1.);
#7280 = DIRECTION('',(-1.,-5.624913994737E-17));
#7281 = ( GEOMETRIC_REPRESENTATION_CONTEXT(2) 
PARAMETRIC_REPRESENTATION_CONTEXT() REPRESENTATION_CONTEXT('2D SPACE',''
  ) );
#7282 = PCURVE('',#3107,#7283);
#7283 = DEFINITIONAL_REPRESENTATION('',(#7284),#7288);
#7284 = LINE('',#7285,#7286);
#7285 = CARTESIAN_POINT('',(4.712388980385,-97.));
#7286 = VECTOR('',#7287,1.);
#7287 = DIRECTION('',(0.,-1.));
#7288 = ( GEOMETRIC_REPRESENTATION_CONTEXT(2) 
PARAMETRIC_REPRESENTATION_CONTEXT() REPRESENTATION_CONTEXT('2D SPACE',''
  ) );
#7289 = ADVANCED_FACE('',(#7290),#2966,.F.);
#7290 = FACE_BOUND('',#7291,.T.);
#7291 = EDGE_LOOP('',(#7292,#7293,#7314,#7315));
#7292 = ORIENTED_EDGE('',*,*,#4804,.T.);
#7293 = ORIENTED_EDGE('',*,*,#7294,.T.);
#7294 = EDGE_CURVE('',#4781,#2949,#7295,.T.);
#7295 = SURFACE_CURVE('',#7296,(#7300,#7307),.PCURVE_S1.);
#7296 = LINE('',#7297,#7298);
#7297 = CARTESIAN_POINT('',(-81.9,-57.1,26.071316790581));
#7298 = VECTOR('',#7299,1.);
#7299 = DIRECTION('',(1.,-5.624913994737E-17,3.393386404125E-33));
#7300 = PCURVE('',#2966,#7301);
#7301 = DEFINITIONAL_REPRESENTATION('',(#7302),#7306);
#7302 = LINE('',#7303,#7304);
#7303 = CARTESIAN_POINT('',(0.,-0.409801096477));
#7304 = VECTOR('',#7305,1.);
#7305 = DIRECTION('',(1.,3.393386404125E-33));
#7306 = ( GEOMETRIC_REPRESENTATION_CONTEXT(2) 
PARAMETRIC_REPRESENTATION_CONTEXT() REPRESENTATION_CONTEXT('2D SPACE',''
  ) );
#7307 = PCURVE('',#2995,#7308);
#7308 = DEFINITIONAL_REPRESENTATION('',(#7309),#7313);
#7309 = LINE('',#7310,#7311);
#7310 = CARTESIAN_POINT('',(3.14159265359,0.));
#7311 = VECTOR('',#7312,1.);
#7312 = DIRECTION('',(0.,1.));
#7313 = ( GEOMETRIC_REPRESENTATION_CONTEXT(2) 
PARAMETRIC_REPRESENTATION_CONTEXT() REPRESENTATION_CONTEXT('2D SPACE',''
  ) );
#7314 = ORIENTED_EDGE('',*,*,#2948,.T.);
#7315 = ORIENTED_EDGE('',*,*,#7316,.F.);
#7316 = EDGE_CURVE('',#4805,#2951,#7317,.T.);
#7317 = SURFACE_CURVE('',#7318,(#7322,#7329),.PCURVE_S1.);
#7318 = LINE('',#7319,#7320);
#7319 = CARTESIAN_POINT('',(10.1,-57.1,25.));
#7320 = VECTOR('',#7321,1.);
#7321 = DIRECTION('',(1.,-5.624913994737E-17,0.));
#7322 = PCURVE('',#2966,#7323);
#7323 = DEFINITIONAL_REPRESENTATION('',(#7324),#7328);
#7324 = LINE('',#7325,#7326);
#7325 = CARTESIAN_POINT('',(92.,-1.481117887058));
#7326 = VECTOR('',#7327,1.);
#7327 = DIRECTION('',(1.,0.));
#7328 = ( GEOMETRIC_REPRESENTATION_CONTEXT(2) 
PARAMETRIC_REPRESENTATION_CONTEXT() REPRESENTATION_CONTEXT('2D SPACE',''
  ) );
#7329 = PCURVE('',#3107,#7330);
#7330 = DEFINITIONAL_REPRESENTATION('',(#7331),#7335);
#7331 = LINE('',#7332,#7333);
#7332 = CARTESIAN_POINT('',(6.28318530718,-92.));
#7333 = VECTOR('',#7334,1.);
#7334 = DIRECTION('',(0.,-1.));
#7335 = ( GEOMETRIC_REPRESENTATION_CONTEXT(2) 
PARAMETRIC_REPRESENTATION_CONTEXT() REPRESENTATION_CONTEXT('2D SPACE',''
  ) );
#7336 = ADVANCED_FACE('',(#7337),#3023,.T.);
#7337 = FACE_BOUND('',#7338,.T.);
#7338 = EDGE_LOOP('',(#7339,#7340,#7361,#7362));
#7339 = ORIENTED_EDGE('',*,*,#4757,.F.);
#7340 = ORIENTED_EDGE('',*,*,#7341,.T.);
#7341 = EDGE_CURVE('',#4734,#3008,#7342,.T.);
#7342 = SURFACE_CURVE('',#7343,(#7347,#7354),.PCURVE_S1.);
#7343 = LINE('',#7344,#7345);
#7344 = CARTESIAN_POINT('',(-81.9,-47.26572978472,29.753356817117));
#7345 = VECTOR('',#7346,1.);
#7346 = DIRECTION('',(1.,-5.624913994737E-17,1.175912657698E-33));
#7347 = PCURVE('',#3023,#7348);
#7348 = DEFINITIONAL_REPRESENTATION('',(#7349),#7353);
#7349 = LINE('',#7350,#7351);
#7350 = CARTESIAN_POINT('',(-10.54880822464,-1.784709716337E-33));
#7351 = VECTOR('',#7352,1.);
#7352 = DIRECTION('',(-5.347444656515E-17,1.));
#7353 = ( GEOMETRIC_REPRESENTATION_CONTEXT(2) 
PARAMETRIC_REPRESENTATION_CONTEXT() REPRESENTATION_CONTEXT('2D SPACE',''
  ) );
#7354 = PCURVE('',#3052,#7355);
#7355 = DEFINITIONAL_REPRESENTATION('',(#7356),#7360);
#7356 = LINE('',#7357,#7358);
#7357 = CARTESIAN_POINT('',(7.538578368832,0.));
#7358 = VECTOR('',#7359,1.);
#7359 = DIRECTION('',(0.,1.));
#7360 = ( GEOMETRIC_REPRESENTATION_CONTEXT(2) 
PARAMETRIC_REPRESENTATION_CONTEXT() REPRESENTATION_CONTEXT('2D SPACE',''
  ) );
#7361 = ORIENTED_EDGE('',*,*,#3007,.F.);
#7362 = ORIENTED_EDGE('',*,*,#7363,.F.);
#7363 = EDGE_CURVE('',#4758,#2979,#7364,.T.);
#7364 = SURFACE_CURVE('',#7365,(#7369,#7376),.PCURVE_S1.);
#7365 = LINE('',#7366,#7367);
#7366 = CARTESIAN_POINT('',(-81.9,-50.54900065468,30.824673607697));
#7367 = VECTOR('',#7368,1.);
#7368 = DIRECTION('',(1.,-5.624913994737E-17,4.827331535718E-33));
#7369 = PCURVE('',#3023,#7370);
#7370 = DEFINITIONAL_REPRESENTATION('',(#7371),#7375);
#7371 = LINE('',#7372,#7373);
#7372 = CARTESIAN_POINT('',(-14.00244214723,3.234202941215E-33));
#7373 = VECTOR('',#7374,1.);
#7374 = DIRECTION('',(-5.347444656515E-17,1.));
#7375 = ( GEOMETRIC_REPRESENTATION_CONTEXT(2) 
PARAMETRIC_REPRESENTATION_CONTEXT() REPRESENTATION_CONTEXT('2D SPACE',''
  ) );
#7376 = PCURVE('',#2995,#7377);
#7377 = DEFINITIONAL_REPRESENTATION('',(#7378),#7382);
#7378 = LINE('',#7379,#7380);
#7379 = CARTESIAN_POINT('',(1.255393061652,0.));
#7380 = VECTOR('',#7381,1.);
#7381 = DIRECTION('',(0.,1.));
#7382 = ( GEOMETRIC_REPRESENTATION_CONTEXT(2) 
PARAMETRIC_REPRESENTATION_CONTEXT() REPRESENTATION_CONTEXT('2D SPACE',''
  ) );
#7383 = ADVANCED_FACE('',(#7384),#3483,.F.);
#7384 = FACE_BOUND('',#7385,.T.);
#7385 = EDGE_LOOP('',(#7386,#7387,#7410,#7436,#7437));
#7386 = ORIENTED_EDGE('',*,*,#4010,.F.);
#7387 = ORIENTED_EDGE('',*,*,#7388,.F.);
#7388 = EDGE_CURVE('',#7389,#3982,#7391,.T.);
#7389 = VERTEX_POINT('',#7390);
#7390 = CARTESIAN_POINT('',(-15.1,46.344111186575,20.246643182883));
#7391 = SURFACE_CURVE('',#7392,(#7396,#7403),.PCURVE_S1.);
#7392 = LINE('',#7393,#7394);
#7393 = CARTESIAN_POINT('',(-15.1,46.344111186575,20.246643182883));
#7394 = VECTOR('',#7395,1.);
#7395 = DIRECTION('',(1.,-5.624913994737E-17,-3.197463628048E-33));
#7396 = PCURVE('',#3483,#7397);
#7397 = DEFINITIONAL_REPRESENTATION('',(#7398),#7402);
#7398 = LINE('',#7399,#7400);
#7399 = CARTESIAN_POINT('',(54.008265276539,66.8));
#7400 = VECTOR('',#7401,1.);
#7401 = DIRECTION('',(-5.347444656515E-17,1.));
#7402 = ( GEOMETRIC_REPRESENTATION_CONTEXT(2) 
PARAMETRIC_REPRESENTATION_CONTEXT() REPRESENTATION_CONTEXT('2D SPACE',''
  ) );
#7403 = PCURVE('',#3998,#7404);
#7404 = DEFINITIONAL_REPRESENTATION('',(#7405),#7409);
#7405 = LINE('',#7406,#7407);
#7406 = CARTESIAN_POINT('',(5.027792245528,-66.8));
#7407 = VECTOR('',#7408,1.);
#7408 = DIRECTION('',(0.,-1.));
#7409 = ( GEOMETRIC_REPRESENTATION_CONTEXT(2) 
PARAMETRIC_REPRESENTATION_CONTEXT() REPRESENTATION_CONTEXT('2D SPACE',''
  ) );
#7410 = ORIENTED_EDGE('',*,*,#7411,.T.);
#7411 = EDGE_CURVE('',#7389,#3468,#7412,.T.);
#7412 = SURFACE_CURVE('',#7413,(#7417,#7424),.PCURVE_S1.);
#7413 = LINE('',#7414,#7415);
#7414 = CARTESIAN_POINT('',(-15.1,8.955620444761,32.44634265718));
#7415 = VECTOR('',#7416,1.);
#7416 = DIRECTION('',(-5.347444656515E-17,-0.950671363423,0.310199869063
    ));
#7417 = PCURVE('',#3483,#7418);
#7418 = DEFINITIONAL_REPRESENTATION('',(#7419),#7423);
#7419 = LINE('',#7420,#7421);
#7420 = CARTESIAN_POINT('',(14.679752627141,66.8));
#7421 = VECTOR('',#7422,1.);
#7422 = DIRECTION('',(-1.,-5.347444656515E-17));
#7423 = ( GEOMETRIC_REPRESENTATION_CONTEXT(2) 
PARAMETRIC_REPRESENTATION_CONTEXT() REPRESENTATION_CONTEXT('2D SPACE',''
  ) );
#7424 = PCURVE('',#7425,#7430);
#7425 = PLANE('',#7426);
#7426 = AXIS2_PLACEMENT_3D('',#7427,#7428,#7429);
#7427 = CARTESIAN_POINT('',(-15.1,-8.493620132052E-16,42.5));
#7428 = DIRECTION('',(-1.,-5.624913994737E-17,0.));
#7429 = DIRECTION('',(-5.624913994737E-17,1.,0.));
#7430 = DEFINITIONAL_REPRESENTATION('',(#7431),#7435);
#7431 = LINE('',#7432,#7433);
#7432 = CARTESIAN_POINT('',(8.955620444761,10.05365734282));
#7433 = VECTOR('',#7434,1.);
#7434 = DIRECTION('',(-0.950671363423,-0.310199869063));
#7435 = ( GEOMETRIC_REPRESENTATION_CONTEXT(2) 
PARAMETRIC_REPRESENTATION_CONTEXT() REPRESENTATION_CONTEXT('2D SPACE',''
  ) );
#7436 = ORIENTED_EDGE('',*,*,#3467,.T.);
#7437 = ORIENTED_EDGE('',*,*,#7438,.T.);
#7438 = EDGE_CURVE('',#3439,#4011,#7439,.T.);
#7439 = SURFACE_CURVE('',#7440,(#7444,#7451),.PCURVE_S1.);
#7440 = LINE('',#7441,#7442);
#7441 = CARTESIAN_POINT('',(-81.9,-27.20882998989,44.246643182884));
#7442 = VECTOR('',#7443,1.);
#7443 = DIRECTION('',(1.,-5.624913994737E-17,-2.915577242682E-33));
#7444 = PCURVE('',#3483,#7445);
#7445 = DEFINITIONAL_REPRESENTATION('',(#7446),#7450);
#7446 = LINE('',#7447,#7448);
#7447 = CARTESIAN_POINT('',(-23.361206453,-5.351293941498E-33));
#7448 = VECTOR('',#7449,1.);
#7449 = DIRECTION('',(-5.347444656515E-17,1.));
#7450 = ( GEOMETRIC_REPRESENTATION_CONTEXT(2) 
PARAMETRIC_REPRESENTATION_CONTEXT() REPRESENTATION_CONTEXT('2D SPACE',''
  ) );
#7451 = PCURVE('',#3455,#7452);
#7452 = DEFINITIONAL_REPRESENTATION('',(#7453),#7457);
#7453 = LINE('',#7454,#7455);
#7454 = CARTESIAN_POINT('',(1.413094694223,0.));
#7455 = VECTOR('',#7456,1.);
#7456 = DIRECTION('',(0.,1.));
#7457 = ( GEOMETRIC_REPRESENTATION_CONTEXT(2) 
PARAMETRIC_REPRESENTATION_CONTEXT() REPRESENTATION_CONTEXT('2D SPACE',''
  ) );
#7458 = ADVANCED_FACE('',(#7459),#3969,.F.);
#7459 = FACE_BOUND('',#7460,.T.);
#7460 = EDGE_LOOP('',(#7461,#7486,#7507,#7508));
#7461 = ORIENTED_EDGE('',*,*,#7462,.T.);
#7462 = EDGE_CURVE('',#7463,#7465,#7467,.T.);
#7463 = VERTEX_POINT('',#7464);
#7464 = CARTESIAN_POINT('',(-15.1,52.1,20.));
#7465 = VERTEX_POINT('',#7466);
#7466 = CARTESIAN_POINT('',(-15.1,47.895110531891,20.));
#7467 = SURFACE_CURVE('',#7468,(#7472,#7479),.PCURVE_S1.);
#7468 = LINE('',#7469,#7470);
#7469 = CARTESIAN_POINT('',(-15.1,-6.938893903907E-15,20.));
#7470 = VECTOR('',#7471,1.);
#7471 = DIRECTION('',(-5.624913994737E-17,-1.,0.));
#7472 = PCURVE('',#3969,#7473);
#7473 = DEFINITIONAL_REPRESENTATION('',(#7474),#7478);
#7474 = LINE('',#7475,#7476);
#7475 = CARTESIAN_POINT('',(-66.8,-52.1));
#7476 = VECTOR('',#7477,1.);
#7477 = DIRECTION('',(5.624913994737E-17,-1.));
#7478 = ( GEOMETRIC_REPRESENTATION_CONTEXT(2) 
PARAMETRIC_REPRESENTATION_CONTEXT() REPRESENTATION_CONTEXT('2D SPACE',''
  ) );
#7479 = PCURVE('',#7425,#7480);
#7480 = DEFINITIONAL_REPRESENTATION('',(#7481),#7485);
#7481 = LINE('',#7482,#7483);
#7482 = CARTESIAN_POINT('',(-6.089531890702E-15,22.5));
#7483 = VECTOR('',#7484,1.);
#7484 = DIRECTION('',(-1.,-0.));
#7485 = ( GEOMETRIC_REPRESENTATION_CONTEXT(2) 
PARAMETRIC_REPRESENTATION_CONTEXT() REPRESENTATION_CONTEXT('2D SPACE',''
  ) );
#7486 = ORIENTED_EDGE('',*,*,#7487,.T.);
#7487 = EDGE_CURVE('',#7465,#3954,#7488,.T.);
#7488 = SURFACE_CURVE('',#7489,(#7493,#7500),.PCURVE_S1.);
#7489 = LINE('',#7490,#7491);
#7490 = CARTESIAN_POINT('',(-10.1,47.895110531891,20.));
#7491 = VECTOR('',#7492,1.);
#7492 = DIRECTION('',(1.,-5.624913994737E-17,0.));
#7493 = PCURVE('',#3969,#7494);
#7494 = DEFINITIONAL_REPRESENTATION('',(#7495),#7499);
#7495 = LINE('',#7496,#7497);
#7496 = CARTESIAN_POINT('',(-71.8,-4.204889468109));
#7497 = VECTOR('',#7498,1.);
#7498 = DIRECTION('',(-1.,-5.624913994737E-17));
#7499 = ( GEOMETRIC_REPRESENTATION_CONTEXT(2) 
PARAMETRIC_REPRESENTATION_CONTEXT() REPRESENTATION_CONTEXT('2D SPACE',''
  ) );
#7500 = PCURVE('',#3998,#7501);
#7501 = DEFINITIONAL_REPRESENTATION('',(#7502),#7506);
#7502 = LINE('',#7503,#7504);
#7503 = CARTESIAN_POINT('',(4.712388980385,-71.8));
#7504 = VECTOR('',#7505,1.);
#7505 = DIRECTION('',(0.,-1.));
#7506 = ( GEOMETRIC_REPRESENTATION_CONTEXT(2) 
PARAMETRIC_REPRESENTATION_CONTEXT() REPRESENTATION_CONTEXT('2D SPACE',''
  ) );
#7507 = ORIENTED_EDGE('',*,*,#3953,.F.);
#7508 = ORIENTED_EDGE('',*,*,#7509,.F.);
#7509 = EDGE_CURVE('',#7463,#3925,#7510,.T.);
#7510 = SURFACE_CURVE('',#7511,(#7515,#7522),.PCURVE_S1.);
#7511 = LINE('',#7512,#7513);
#7512 = CARTESIAN_POINT('',(-81.9,52.1,20.));
#7513 = VECTOR('',#7514,1.);
#7514 = DIRECTION('',(1.,-5.624913994737E-17,0.));
#7515 = PCURVE('',#3969,#7516);
#7516 = DEFINITIONAL_REPRESENTATION('',(#7517),#7521);
#7517 = LINE('',#7518,#7519);
#7518 = CARTESIAN_POINT('',(0.,0.));
#7519 = VECTOR('',#7520,1.);
#7520 = DIRECTION('',(-1.,-5.624913994737E-17));
#7521 = ( GEOMETRIC_REPRESENTATION_CONTEXT(2) 
PARAMETRIC_REPRESENTATION_CONTEXT() REPRESENTATION_CONTEXT('2D SPACE',''
  ) );
#7522 = PCURVE('',#3941,#7523);
#7523 = DEFINITIONAL_REPRESENTATION('',(#7524),#7528);
#7524 = LINE('',#7525,#7526);
#7525 = CARTESIAN_POINT('',(4.712388980385,0.));
#7526 = VECTOR('',#7527,1.);
#7527 = DIRECTION('',(0.,1.));
#7528 = ( GEOMETRIC_REPRESENTATION_CONTEXT(2) 
PARAMETRIC_REPRESENTATION_CONTEXT() REPRESENTATION_CONTEXT('2D SPACE',''
  ) );
#7529 = ADVANCED_FACE('',(#7530),#3912,.T.);
#7530 = FACE_BOUND('',#7531,.T.);
#7531 = EDGE_LOOP('',(#7532,#7533,#7556,#7579));
#7532 = ORIENTED_EDGE('',*,*,#3894,.T.);
#7533 = ORIENTED_EDGE('',*,*,#7534,.F.);
#7534 = EDGE_CURVE('',#7535,#3897,#7537,.T.);
#7535 = VERTEX_POINT('',#7536);
#7536 = CARTESIAN_POINT('',(-15.1,57.1,49.));
#7537 = SURFACE_CURVE('',#7538,(#7542,#7549),.PCURVE_S1.);
#7538 = LINE('',#7539,#7540);
#7539 = CARTESIAN_POINT('',(-15.1,57.1,49.));
#7540 = VECTOR('',#7541,1.);
#7541 = DIRECTION('',(1.,-5.624913994737E-17,-6.077163357286E-64));
#7542 = PCURVE('',#3912,#7543);
#7543 = DEFINITIONAL_REPRESENTATION('',(#7544),#7548);
#7544 = LINE('',#7545,#7546);
#7545 = CARTESIAN_POINT('',(66.8,12.));
#7546 = VECTOR('',#7547,1.);
#7547 = DIRECTION('',(1.,-6.077163357286E-64));
#7548 = ( GEOMETRIC_REPRESENTATION_CONTEXT(2) 
PARAMETRIC_REPRESENTATION_CONTEXT() REPRESENTATION_CONTEXT('2D SPACE',''
  ) );
#7549 = PCURVE('',#4095,#7550);
#7550 = DEFINITIONAL_REPRESENTATION('',(#7551),#7555);
#7551 = LINE('',#7552,#7553);
#7552 = CARTESIAN_POINT('',(3.14159265359,-66.8));
#7553 = VECTOR('',#7554,1.);
#7554 = DIRECTION('',(0.,-1.));
#7555 = ( GEOMETRIC_REPRESENTATION_CONTEXT(2) 
PARAMETRIC_REPRESENTATION_CONTEXT() REPRESENTATION_CONTEXT('2D SPACE',''
  ) );
#7556 = ORIENTED_EDGE('',*,*,#7557,.F.);
#7557 = EDGE_CURVE('',#7558,#7535,#7560,.T.);
#7558 = VERTEX_POINT('',#7559);
#7559 = CARTESIAN_POINT('',(-15.1,57.1,25.));
#7560 = SURFACE_CURVE('',#7561,(#7565,#7572),.PCURVE_S1.);
#7561 = LINE('',#7562,#7563);
#7562 = CARTESIAN_POINT('',(-15.1,57.1,5.));
#7563 = VECTOR('',#7564,1.);
#7564 = DIRECTION('',(0.,0.,1.));
#7565 = PCURVE('',#3912,#7566);
#7566 = DEFINITIONAL_REPRESENTATION('',(#7567),#7571);
#7567 = LINE('',#7568,#7569);
#7568 = CARTESIAN_POINT('',(66.8,-32.));
#7569 = VECTOR('',#7570,1.);
#7570 = DIRECTION('',(0.,1.));
#7571 = ( GEOMETRIC_REPRESENTATION_CONTEXT(2) 
PARAMETRIC_REPRESENTATION_CONTEXT() REPRESENTATION_CONTEXT('2D SPACE',''
  ) );
#7572 = PCURVE('',#7425,#7573);
#7573 = DEFINITIONAL_REPRESENTATION('',(#7574),#7578);
#7574 = LINE('',#7575,#7576);
#7575 = CARTESIAN_POINT('',(57.1,37.5));
#7576 = VECTOR('',#7577,1.);
#7577 = DIRECTION('',(0.,-1.));
#7578 = ( GEOMETRIC_REPRESENTATION_CONTEXT(2) 
PARAMETRIC_REPRESENTATION_CONTEXT() REPRESENTATION_CONTEXT('2D SPACE',''
  ) );
#7579 = ORIENTED_EDGE('',*,*,#7580,.T.);
#7580 = EDGE_CURVE('',#7558,#3895,#7581,.T.);
#7581 = SURFACE_CURVE('',#7582,(#7586,#7593),.PCURVE_S1.);
#7582 = LINE('',#7583,#7584);
#7583 = CARTESIAN_POINT('',(-81.9,57.1,25.));
#7584 = VECTOR('',#7585,1.);
#7585 = DIRECTION('',(1.,-5.624913994737E-17,0.));
#7586 = PCURVE('',#3912,#7587);
#7587 = DEFINITIONAL_REPRESENTATION('',(#7588),#7592);
#7588 = LINE('',#7589,#7590);
#7589 = CARTESIAN_POINT('',(0.,-12.));
#7590 = VECTOR('',#7591,1.);
#7591 = DIRECTION('',(1.,0.));
#7592 = ( GEOMETRIC_REPRESENTATION_CONTEXT(2) 
PARAMETRIC_REPRESENTATION_CONTEXT() REPRESENTATION_CONTEXT('2D SPACE',''
  ) );
#7593 = PCURVE('',#3941,#7594);
#7594 = DEFINITIONAL_REPRESENTATION('',(#7595),#7599);
#7595 = LINE('',#7596,#7597);
#7596 = CARTESIAN_POINT('',(6.28318530718,0.));
#7597 = VECTOR('',#7598,1.);
#7598 = DIRECTION('',(0.,1.));
#7599 = ( GEOMETRIC_REPRESENTATION_CONTEXT(2) 
PARAMETRIC_REPRESENTATION_CONTEXT() REPRESENTATION_CONTEXT('2D SPACE',''
  ) );
#7600 = ADVANCED_FACE('',(#7601),#3426,.T.);
#7601 = FACE_BOUND('',#7602,.T.);
#7602 = EDGE_LOOP('',(#7603,#7628,#7649,#7650,#7671,#7672,#7696));
#7603 = ORIENTED_EDGE('',*,*,#7604,.F.);
#7604 = EDGE_CURVE('',#7605,#7607,#7609,.T.);
#7605 = VERTEX_POINT('',#7606);
#7606 = CARTESIAN_POINT('',(-15.1,52.1,54.));
#7607 = VERTEX_POINT('',#7608);
#7608 = CARTESIAN_POINT('',(-15.1,43.1,54.));
#7609 = SURFACE_CURVE('',#7610,(#7614,#7621),.PCURVE_S1.);
#7610 = LINE('',#7611,#7612);
#7611 = CARTESIAN_POINT('',(-15.1,-1.884802880028E-14,54.));
#7612 = VECTOR('',#7613,1.);
#7613 = DIRECTION('',(-5.624913994737E-17,-1.,-2.430435693137E-16));
#7614 = PCURVE('',#3426,#7615);
#7615 = DEFINITIONAL_REPRESENTATION('',(#7616),#7620);
#7616 = LINE('',#7617,#7618);
#7617 = CARTESIAN_POINT('',(-2.430419537518E-14,66.8));
#7618 = VECTOR('',#7619,1.);
#7619 = DIRECTION('',(-1.,-5.624913994737E-17));
#7620 = ( GEOMETRIC_REPRESENTATION_CONTEXT(2) 
PARAMETRIC_REPRESENTATION_CONTEXT() REPRESENTATION_CONTEXT('2D SPACE',''
  ) );
#7621 = PCURVE('',#7425,#7622);
#7622 = DEFINITIONAL_REPRESENTATION('',(#7623),#7627);
#7623 = LINE('',#7624,#7625);
#7624 = CARTESIAN_POINT('',(-1.799866678708E-14,-11.5));
#7625 = VECTOR('',#7626,1.);
#7626 = DIRECTION('',(-1.,2.430435693137E-16));
#7627 = ( GEOMETRIC_REPRESENTATION_CONTEXT(2) 
PARAMETRIC_REPRESENTATION_CONTEXT() REPRESENTATION_CONTEXT('2D SPACE',''
  ) );
#7628 = ORIENTED_EDGE('',*,*,#7629,.T.);
#7629 = EDGE_CURVE('',#7605,#4058,#7630,.T.);
#7630 = SURFACE_CURVE('',#7631,(#7635,#7642),.PCURVE_S1.);
#7631 = LINE('',#7632,#7633);
#7632 = CARTESIAN_POINT('',(-10.1,52.1,54.));
#7633 = VECTOR('',#7634,1.);
#7634 = DIRECTION('',(1.,-5.624913994737E-17,-2.736911063134E-48));
#7635 = PCURVE('',#3426,#7636);
#7636 = DEFINITIONAL_REPRESENTATION('',(#7637),#7641);
#7637 = LINE('',#7638,#7639);
#7638 = CARTESIAN_POINT('',(52.1,71.8));
#7639 = VECTOR('',#7640,1.);
#7640 = DIRECTION('',(-5.624913994737E-17,1.));
#7641 = ( GEOMETRIC_REPRESENTATION_CONTEXT(2) 
PARAMETRIC_REPRESENTATION_CONTEXT() REPRESENTATION_CONTEXT('2D SPACE',''
  ) );
#7642 = PCURVE('',#4095,#7643);
#7643 = DEFINITIONAL_REPRESENTATION('',(#7644),#7648);
#7644 = LINE('',#7645,#7646);
#7645 = CARTESIAN_POINT('',(1.570796326795,-71.8));
#7646 = VECTOR('',#7647,1.);
#7647 = DIRECTION('',(0.,-1.));
#7648 = ( GEOMETRIC_REPRESENTATION_CONTEXT(2) 
PARAMETRIC_REPRESENTATION_CONTEXT() REPRESENTATION_CONTEXT('2D SPACE',''
  ) );
#7649 = ORIENTED_EDGE('',*,*,#4057,.T.);
#7650 = ORIENTED_EDGE('',*,*,#7651,.F.);
#7651 = EDGE_CURVE('',#3411,#4034,#7652,.T.);
#7652 = SURFACE_CURVE('',#7653,(#7657,#7664),.PCURVE_S1.);
#7653 = LINE('',#7654,#7655);
#7654 = CARTESIAN_POINT('',(-81.9,-25.65783064458,54.));
#7655 = VECTOR('',#7656,1.);
#7656 = DIRECTION('',(1.,-5.624913994737E-17,0.));
#7657 = PCURVE('',#3426,#7658);
#7658 = DEFINITIONAL_REPRESENTATION('',(#7659),#7663);
#7659 = LINE('',#7660,#7661);
#7660 = CARTESIAN_POINT('',(-25.65783064458,-1.188633423102E-47));
#7661 = VECTOR('',#7662,1.);
#7662 = DIRECTION('',(-5.624913994737E-17,1.));
#7663 = ( GEOMETRIC_REPRESENTATION_CONTEXT(2) 
PARAMETRIC_REPRESENTATION_CONTEXT() REPRESENTATION_CONTEXT('2D SPACE',''
  ) );
#7664 = PCURVE('',#3455,#7665);
#7665 = DEFINITIONAL_REPRESENTATION('',(#7666),#7670);
#7666 = LINE('',#7667,#7668);
#7667 = CARTESIAN_POINT('',(-1.413094694223,0.));
#7668 = VECTOR('',#7669,1.);
#7669 = DIRECTION('',(0.,1.));
#7670 = ( GEOMETRIC_REPRESENTATION_CONTEXT(2) 
PARAMETRIC_REPRESENTATION_CONTEXT() REPRESENTATION_CONTEXT('2D SPACE',''
  ) );
#7671 = ORIENTED_EDGE('',*,*,#3410,.F.);
#7672 = ORIENTED_EDGE('',*,*,#7673,.F.);
#7673 = EDGE_CURVE('',#7674,#3383,#7676,.T.);
#7674 = VERTEX_POINT('',#7675);
#7675 = CARTESIAN_POINT('',(-16.1,43.1,54.));
#7676 = SURFACE_CURVE('',#7677,(#7682,#7689),.PCURVE_S1.);
#7677 = CIRCLE('',#7678,1.);
#7678 = AXIS2_PLACEMENT_3D('',#7679,#7680,#7681);
#7679 = CARTESIAN_POINT('',(-16.1,42.1,54.));
#7680 = DIRECTION('',(1.367099174364E-32,2.430435693137E-16,-1.));
#7681 = DIRECTION('',(-2.420602763943E-64,1.,2.430435693137E-16));
#7682 = PCURVE('',#3426,#7683);
#7683 = DEFINITIONAL_REPRESENTATION('',(#7684),#7688);
#7684 = CIRCLE('',#7685,1.);
#7685 = AXIS2_PLACEMENT_2D('',#7686,#7687);
#7686 = CARTESIAN_POINT('',(42.1,65.8));
#7687 = DIRECTION('',(1.,2.420602763943E-64));
#7688 = ( GEOMETRIC_REPRESENTATION_CONTEXT(2) 
PARAMETRIC_REPRESENTATION_CONTEXT() REPRESENTATION_CONTEXT('2D SPACE',''
  ) );
#7689 = PCURVE('',#3398,#7690);
#7690 = DEFINITIONAL_REPRESENTATION('',(#7691),#7695);
#7691 = LINE('',#7692,#7693);
#7692 = CARTESIAN_POINT('',(1.570796326795,-24.));
#7693 = VECTOR('',#7694,1.);
#7694 = DIRECTION('',(-1.,0.));
#7695 = ( GEOMETRIC_REPRESENTATION_CONTEXT(2) 
PARAMETRIC_REPRESENTATION_CONTEXT() REPRESENTATION_CONTEXT('2D SPACE',''
  ) );
#7696 = ORIENTED_EDGE('',*,*,#7697,.F.);
#7697 = EDGE_CURVE('',#7607,#7674,#7698,.T.);
#7698 = SURFACE_CURVE('',#7699,(#7703,#7710),.PCURVE_S1.);
#7699 = LINE('',#7700,#7701);
#7700 = CARTESIAN_POINT('',(-18.1,43.1,54.));
#7701 = VECTOR('',#7702,1.);
#7702 = DIRECTION('',(-1.,-5.624913994737E-17,-2.734198348727E-32));
#7703 = PCURVE('',#3426,#7704);
#7704 = DEFINITIONAL_REPRESENTATION('',(#7705),#7709);
#7705 = LINE('',#7706,#7707);
#7706 = CARTESIAN_POINT('',(43.1,63.8));
#7707 = VECTOR('',#7708,1.);
#7708 = DIRECTION('',(-5.624913994737E-17,-1.));
#7709 = ( GEOMETRIC_REPRESENTATION_CONTEXT(2) 
PARAMETRIC_REPRESENTATION_CONTEXT() REPRESENTATION_CONTEXT('2D SPACE',''
  ) );
#7710 = PCURVE('',#3511,#7711);
#7711 = DEFINITIONAL_REPRESENTATION('',(#7712),#7716);
#7712 = LINE('',#7713,#7714);
#7713 = CARTESIAN_POINT('',(-0.,-24.));
#7714 = VECTOR('',#7715,1.);
#7715 = DIRECTION('',(1.,-2.734198348727E-32));
#7716 = ( GEOMETRIC_REPRESENTATION_CONTEXT(2) 
PARAMETRIC_REPRESENTATION_CONTEXT() REPRESENTATION_CONTEXT('2D SPACE',''
  ) );
#7717 = ADVANCED_FACE('',(#7718),#4127,.T.);
#7718 = FACE_BOUND('',#7719,.T.);
#7719 = EDGE_LOOP('',(#7720,#7750,#7771,#7772));
#7720 = ORIENTED_EDGE('',*,*,#7721,.F.);
#7721 = EDGE_CURVE('',#7722,#7724,#7726,.T.);
#7722 = VERTEX_POINT('',#7723);
#7723 = CARTESIAN_POINT('',(-15.1,-47.26572978472,29.753356817117));
#7724 = VERTEX_POINT('',#7725);
#7725 = CARTESIAN_POINT('',(-15.1,-57.1,32.962235774115));
#7726 = SURFACE_CURVE('',#7727,(#7731,#7738),.PCURVE_S1.);
#7727 = LINE('',#7728,#7729);
#7728 = CARTESIAN_POINT('',(-15.1,2.751623063496,13.432915388713));
#7729 = VECTOR('',#7730,1.);
#7730 = DIRECTION('',(-5.347444656515E-17,-0.950671363423,0.310199869063
    ));
#7731 = PCURVE('',#4127,#7732);
#7732 = DEFINITIONAL_REPRESENTATION('',(#7733),#7737);
#7733 = LINE('',#7734,#7735);
#7734 = CARTESIAN_POINT('',(42.063855596544,66.8));
#7735 = VECTOR('',#7736,1.);
#7736 = DIRECTION('',(-1.,-5.347444656515E-17));
#7737 = ( GEOMETRIC_REPRESENTATION_CONTEXT(2) 
PARAMETRIC_REPRESENTATION_CONTEXT() REPRESENTATION_CONTEXT('2D SPACE',''
  ) );
#7738 = PCURVE('',#7739,#7744);
#7739 = PLANE('',#7740);
#7740 = AXIS2_PLACEMENT_3D('',#7741,#7742,#7743);
#7741 = CARTESIAN_POINT('',(-15.1,8.493620132052E-16,42.5));
#7742 = DIRECTION('',(-1.,5.624913994737E-17,0.));
#7743 = DIRECTION('',(-5.624913994737E-17,-1.,0.));
#7744 = DEFINITIONAL_REPRESENTATION('',(#7745),#7749);
#7745 = LINE('',#7746,#7747);
#7746 = CARTESIAN_POINT('',(-2.751623063496,-29.06708461128));
#7747 = VECTOR('',#7748,1.);
#7748 = DIRECTION('',(0.950671363423,0.310199869063));
#7749 = ( GEOMETRIC_REPRESENTATION_CONTEXT(2) 
PARAMETRIC_REPRESENTATION_CONTEXT() REPRESENTATION_CONTEXT('2D SPACE',''
  ) );
#7750 = ORIENTED_EDGE('',*,*,#7751,.T.);
#7751 = EDGE_CURVE('',#7722,#4110,#7752,.T.);
#7752 = SURFACE_CURVE('',#7753,(#7757,#7764),.PCURVE_S1.);
#7753 = LINE('',#7754,#7755);
#7754 = CARTESIAN_POINT('',(-81.9,-47.26572978472,29.753356817117));
#7755 = VECTOR('',#7756,1.);
#7756 = DIRECTION('',(1.,-5.624913994737E-17,1.175912657698E-33));
#7757 = PCURVE('',#4127,#7758);
#7758 = DEFINITIONAL_REPRESENTATION('',(#7759),#7763);
#7759 = LINE('',#7760,#7761);
#7760 = CARTESIAN_POINT('',(-10.54880822464,-1.784709716337E-33));
#7761 = VECTOR('',#7762,1.);
#7762 = DIRECTION('',(-5.347444656515E-17,1.));
#7763 = ( GEOMETRIC_REPRESENTATION_CONTEXT(2) 
PARAMETRIC_REPRESENTATION_CONTEXT() REPRESENTATION_CONTEXT('2D SPACE',''
  ) );
#7764 = PCURVE('',#4156,#7765);
#7765 = DEFINITIONAL_REPRESENTATION('',(#7766),#7770);
#7766 = LINE('',#7767,#7768);
#7767 = CARTESIAN_POINT('',(7.538578368832,0.));
#7768 = VECTOR('',#7769,1.);
#7769 = DIRECTION('',(0.,1.));
#7770 = ( GEOMETRIC_REPRESENTATION_CONTEXT(2) 
PARAMETRIC_REPRESENTATION_CONTEXT() REPRESENTATION_CONTEXT('2D SPACE',''
  ) );
#7771 = ORIENTED_EDGE('',*,*,#4109,.T.);
#7772 = ORIENTED_EDGE('',*,*,#7773,.F.);
#7773 = EDGE_CURVE('',#7724,#4112,#7774,.T.);
#7774 = SURFACE_CURVE('',#7775,(#7779,#7786),.PCURVE_S1.);
#7775 = LINE('',#7776,#7777);
#7776 = CARTESIAN_POINT('',(-81.9,-57.1,32.962235774115));
#7777 = VECTOR('',#7778,1.);
#7778 = DIRECTION('',(1.,-5.624913994737E-17,0.));
#7779 = PCURVE('',#4127,#7780);
#7780 = DEFINITIONAL_REPRESENTATION('',(#7781),#7785);
#7781 = LINE('',#7782,#7783);
#7782 = CARTESIAN_POINT('',(-20.89336113077,-5.447877870094E-32));
#7783 = VECTOR('',#7784,1.);
#7784 = DIRECTION('',(-5.347444656515E-17,1.));
#7785 = ( GEOMETRIC_REPRESENTATION_CONTEXT(2) 
PARAMETRIC_REPRESENTATION_CONTEXT() REPRESENTATION_CONTEXT('2D SPACE',''
  ) );
#7786 = PCURVE('',#4239,#7787);
#7787 = DEFINITIONAL_REPRESENTATION('',(#7788),#7792);
#7788 = LINE('',#7789,#7790);
#7789 = CARTESIAN_POINT('',(0.,6.481117887058));
#7790 = VECTOR('',#7791,1.);
#7791 = DIRECTION('',(1.,0.));
#7792 = ( GEOMETRIC_REPRESENTATION_CONTEXT(2) 
PARAMETRIC_REPRESENTATION_CONTEXT() REPRESENTATION_CONTEXT('2D SPACE',''
  ) );
#7793 = ADVANCED_FACE('',(#7794),#4239,.F.);
#7794 = FACE_BOUND('',#7795,.T.);
#7795 = EDGE_LOOP('',(#7796,#7797,#7820,#7841));
#7796 = ORIENTED_EDGE('',*,*,#4225,.F.);
#7797 = ORIENTED_EDGE('',*,*,#7798,.F.);
#7798 = EDGE_CURVE('',#7799,#4197,#7801,.T.);
#7799 = VERTEX_POINT('',#7800);
#7800 = CARTESIAN_POINT('',(-15.1,-57.1,25.));
#7801 = SURFACE_CURVE('',#7802,(#7806,#7813),.PCURVE_S1.);
#7802 = LINE('',#7803,#7804);
#7803 = CARTESIAN_POINT('',(-15.1,-57.1,25.));
#7804 = VECTOR('',#7805,1.);
#7805 = DIRECTION('',(1.,-5.624913994737E-17,0.));
#7806 = PCURVE('',#4239,#7807);
#7807 = DEFINITIONAL_REPRESENTATION('',(#7808),#7812);
#7808 = LINE('',#7809,#7810);
#7809 = CARTESIAN_POINT('',(66.8,-1.481117887058));
#7810 = VECTOR('',#7811,1.);
#7811 = DIRECTION('',(1.,0.));
#7812 = ( GEOMETRIC_REPRESENTATION_CONTEXT(2) 
PARAMETRIC_REPRESENTATION_CONTEXT() REPRESENTATION_CONTEXT('2D SPACE',''
  ) );
#7813 = PCURVE('',#4213,#7814);
#7814 = DEFINITIONAL_REPRESENTATION('',(#7815),#7819);
#7815 = LINE('',#7816,#7817);
#7816 = CARTESIAN_POINT('',(6.28318530718,-66.8));
#7817 = VECTOR('',#7818,1.);
#7818 = DIRECTION('',(0.,-1.));
#7819 = ( GEOMETRIC_REPRESENTATION_CONTEXT(2) 
PARAMETRIC_REPRESENTATION_CONTEXT() REPRESENTATION_CONTEXT('2D SPACE',''
  ) );
#7820 = ORIENTED_EDGE('',*,*,#7821,.T.);
#7821 = EDGE_CURVE('',#7799,#7724,#7822,.T.);
#7822 = SURFACE_CURVE('',#7823,(#7827,#7834),.PCURVE_S1.);
#7823 = LINE('',#7824,#7825);
#7824 = CARTESIAN_POINT('',(-15.1,-57.1,5.));
#7825 = VECTOR('',#7826,1.);
#7826 = DIRECTION('',(0.,0.,1.));
#7827 = PCURVE('',#4239,#7828);
#7828 = DEFINITIONAL_REPRESENTATION('',(#7829),#7833);
#7829 = LINE('',#7830,#7831);
#7830 = CARTESIAN_POINT('',(66.8,-21.48111788705));
#7831 = VECTOR('',#7832,1.);
#7832 = DIRECTION('',(0.,1.));
#7833 = ( GEOMETRIC_REPRESENTATION_CONTEXT(2) 
PARAMETRIC_REPRESENTATION_CONTEXT() REPRESENTATION_CONTEXT('2D SPACE',''
  ) );
#7834 = PCURVE('',#7739,#7835);
#7835 = DEFINITIONAL_REPRESENTATION('',(#7836),#7840);
#7836 = LINE('',#7837,#7838);
#7837 = CARTESIAN_POINT('',(57.1,-37.5));
#7838 = VECTOR('',#7839,1.);
#7839 = DIRECTION('',(0.,1.));
#7840 = ( GEOMETRIC_REPRESENTATION_CONTEXT(2) 
PARAMETRIC_REPRESENTATION_CONTEXT() REPRESENTATION_CONTEXT('2D SPACE',''
  ) );
#7841 = ORIENTED_EDGE('',*,*,#7773,.T.);
#7842 = ADVANCED_FACE('',(#7843),#4184,.F.);
#7843 = FACE_BOUND('',#7844,.T.);
#7844 = EDGE_LOOP('',(#7845,#7846,#7869,#7892));
#7845 = ORIENTED_EDGE('',*,*,#4168,.F.);
#7846 = ORIENTED_EDGE('',*,*,#7847,.F.);
#7847 = EDGE_CURVE('',#7848,#4140,#7850,.T.);
#7848 = VERTEX_POINT('',#7849);
#7849 = CARTESIAN_POINT('',(-15.1,-48.81672913004,20.));
#7850 = SURFACE_CURVE('',#7851,(#7855,#7862),.PCURVE_S1.);
#7851 = LINE('',#7852,#7853);
#7852 = CARTESIAN_POINT('',(-81.9,-48.81672913004,20.));
#7853 = VECTOR('',#7854,1.);
#7854 = DIRECTION('',(1.,-5.624913994737E-17,0.));
#7855 = PCURVE('',#4184,#7856);
#7856 = DEFINITIONAL_REPRESENTATION('',(#7857),#7861);
#7857 = LINE('',#7858,#7859);
#7858 = CARTESIAN_POINT('',(0.,-11.57944924273));
#7859 = VECTOR('',#7860,1.);
#7860 = DIRECTION('',(-1.,-5.624913994737E-17));
#7861 = ( GEOMETRIC_REPRESENTATION_CONTEXT(2) 
PARAMETRIC_REPRESENTATION_CONTEXT() REPRESENTATION_CONTEXT('2D SPACE',''
  ) );
#7862 = PCURVE('',#4156,#7863);
#7863 = DEFINITIONAL_REPRESENTATION('',(#7864),#7868);
#7864 = LINE('',#7865,#7866);
#7865 = CARTESIAN_POINT('',(4.712388980385,0.));
#7866 = VECTOR('',#7867,1.);
#7867 = DIRECTION('',(0.,1.));
#7868 = ( GEOMETRIC_REPRESENTATION_CONTEXT(2) 
PARAMETRIC_REPRESENTATION_CONTEXT() REPRESENTATION_CONTEXT('2D SPACE',''
  ) );
#7869 = ORIENTED_EDGE('',*,*,#7870,.T.);
#7870 = EDGE_CURVE('',#7848,#7871,#7873,.T.);
#7871 = VERTEX_POINT('',#7872);
#7872 = CARTESIAN_POINT('',(-15.1,-52.1,20.));
#7873 = SURFACE_CURVE('',#7874,(#7878,#7885),.PCURVE_S1.);
#7874 = LINE('',#7875,#7876);
#7875 = CARTESIAN_POINT('',(-15.1,-6.938893903907E-15,20.));
#7876 = VECTOR('',#7877,1.);
#7877 = DIRECTION('',(-5.624913994737E-17,-1.,0.));
#7878 = PCURVE('',#4184,#7879);
#7879 = DEFINITIONAL_REPRESENTATION('',(#7880),#7884);
#7880 = LINE('',#7881,#7882);
#7881 = CARTESIAN_POINT('',(-66.8,37.237279887312));
#7882 = VECTOR('',#7883,1.);
#7883 = DIRECTION('',(5.624913994737E-17,-1.));
#7884 = ( GEOMETRIC_REPRESENTATION_CONTEXT(2) 
PARAMETRIC_REPRESENTATION_CONTEXT() REPRESENTATION_CONTEXT('2D SPACE',''
  ) );
#7885 = PCURVE('',#7739,#7886);
#7886 = DEFINITIONAL_REPRESENTATION('',(#7887),#7891);
#7887 = LINE('',#7888,#7889);
#7888 = CARTESIAN_POINT('',(7.788255917112E-15,-22.5));
#7889 = VECTOR('',#7890,1.);
#7890 = DIRECTION('',(1.,0.));
#7891 = ( GEOMETRIC_REPRESENTATION_CONTEXT(2) 
PARAMETRIC_REPRESENTATION_CONTEXT() REPRESENTATION_CONTEXT('2D SPACE',''
  ) );
#7892 = ORIENTED_EDGE('',*,*,#7893,.T.);
#7893 = EDGE_CURVE('',#7871,#4169,#7894,.T.);
#7894 = SURFACE_CURVE('',#7895,(#7899,#7906),.PCURVE_S1.);
#7895 = LINE('',#7896,#7897);
#7896 = CARTESIAN_POINT('',(-10.1,-52.1,20.));
#7897 = VECTOR('',#7898,1.);
#7898 = DIRECTION('',(1.,-5.624913994737E-17,0.));
#7899 = PCURVE('',#4184,#7900);
#7900 = DEFINITIONAL_REPRESENTATION('',(#7901),#7905);
#7901 = LINE('',#7902,#7903);
#7902 = CARTESIAN_POINT('',(-71.8,-14.86272011268));
#7903 = VECTOR('',#7904,1.);
#7904 = DIRECTION('',(-1.,-5.624913994737E-17));
#7905 = ( GEOMETRIC_REPRESENTATION_CONTEXT(2) 
PARAMETRIC_REPRESENTATION_CONTEXT() REPRESENTATION_CONTEXT('2D SPACE',''
  ) );
#7906 = PCURVE('',#4213,#7907);
#7907 = DEFINITIONAL_REPRESENTATION('',(#7908),#7912);
#7908 = LINE('',#7909,#7910);
#7909 = CARTESIAN_POINT('',(4.712388980385,-71.8));
#7910 = VECTOR('',#7911,1.);
#7911 = DIRECTION('',(0.,-1.));
#7912 = ( GEOMETRIC_REPRESENTATION_CONTEXT(2) 
PARAMETRIC_REPRESENTATION_CONTEXT() REPRESENTATION_CONTEXT('2D SPACE',''
  ) );
#7913 = ADVANCED_FACE('',(#7914),#4156,.F.);
#7914 = FACE_BOUND('',#7915,.F.);
#7915 = EDGE_LOOP('',(#7916,#7917,#7918,#7919));
#7916 = ORIENTED_EDGE('',*,*,#7751,.T.);
#7917 = ORIENTED_EDGE('',*,*,#4139,.T.);
#7918 = ORIENTED_EDGE('',*,*,#7847,.F.);
#7919 = ORIENTED_EDGE('',*,*,#7920,.F.);
#7920 = EDGE_CURVE('',#7722,#7848,#7921,.T.);
#7921 = SURFACE_CURVE('',#7922,(#7927,#7934),.PCURVE_S1.);
#7922 = CIRCLE('',#7923,5.);
#7923 = AXIS2_PLACEMENT_3D('',#7924,#7925,#7926);
#7924 = CARTESIAN_POINT('',(-15.1,-48.81672913004,25.));
#7925 = DIRECTION('',(-1.,5.624913994737E-17,0.));
#7926 = DIRECTION('',(-5.624913994737E-17,-1.,0.));
#7927 = PCURVE('',#4156,#7928);
#7928 = DEFINITIONAL_REPRESENTATION('',(#7929),#7933);
#7929 = LINE('',#7930,#7931);
#7930 = CARTESIAN_POINT('',(9.424777960769,66.8));
#7931 = VECTOR('',#7932,1.);
#7932 = DIRECTION('',(-1.,0.));
#7933 = ( GEOMETRIC_REPRESENTATION_CONTEXT(2) 
PARAMETRIC_REPRESENTATION_CONTEXT() REPRESENTATION_CONTEXT('2D SPACE',''
  ) );
#7934 = PCURVE('',#7739,#7935);
#7935 = DEFINITIONAL_REPRESENTATION('',(#7936),#7940);
#7936 = CIRCLE('',#7937,5.);
#7937 = AXIS2_PLACEMENT_2D('',#7938,#7939);
#7938 = CARTESIAN_POINT('',(48.816729130044,-17.5));
#7939 = DIRECTION('',(1.,0.));
#7940 = ( GEOMETRIC_REPRESENTATION_CONTEXT(2) 
PARAMETRIC_REPRESENTATION_CONTEXT() REPRESENTATION_CONTEXT('2D SPACE',''
  ) );
#7941 = ADVANCED_FACE('',(#7942),#4213,.F.);
#7942 = FACE_BOUND('',#7943,.F.);
#7943 = EDGE_LOOP('',(#7944,#7945,#7946,#7947));
#7944 = ORIENTED_EDGE('',*,*,#7893,.T.);
#7945 = ORIENTED_EDGE('',*,*,#4196,.T.);
#7946 = ORIENTED_EDGE('',*,*,#7798,.F.);
#7947 = ORIENTED_EDGE('',*,*,#7948,.F.);
#7948 = EDGE_CURVE('',#7871,#7799,#7949,.T.);
#7949 = SURFACE_CURVE('',#7950,(#7955,#7962),.PCURVE_S1.);
#7950 = CIRCLE('',#7951,5.);
#7951 = AXIS2_PLACEMENT_3D('',#7952,#7953,#7954);
#7952 = CARTESIAN_POINT('',(-15.1,-52.1,25.));
#7953 = DIRECTION('',(-1.,5.624913994737E-17,0.));
#7954 = DIRECTION('',(-5.624913994737E-17,-1.,0.));
#7955 = PCURVE('',#4213,#7956);
#7956 = DEFINITIONAL_REPRESENTATION('',(#7957),#7961);
#7957 = LINE('',#7958,#7959);
#7958 = CARTESIAN_POINT('',(-1.7763568394E-15,-66.8));
#7959 = VECTOR('',#7960,1.);
#7960 = DIRECTION('',(1.,0.));
#7961 = ( GEOMETRIC_REPRESENTATION_CONTEXT(2) 
PARAMETRIC_REPRESENTATION_CONTEXT() REPRESENTATION_CONTEXT('2D SPACE',''
  ) );
#7962 = PCURVE('',#7739,#7963);
#7963 = DEFINITIONAL_REPRESENTATION('',(#7964),#7968);
#7964 = CIRCLE('',#7965,5.);
#7965 = AXIS2_PLACEMENT_2D('',#7966,#7967);
#7966 = CARTESIAN_POINT('',(52.1,-17.5));
#7967 = DIRECTION('',(1.,0.));
#7968 = ( GEOMETRIC_REPRESENTATION_CONTEXT(2) 
PARAMETRIC_REPRESENTATION_CONTEXT() REPRESENTATION_CONTEXT('2D SPACE',''
  ) );
#7969 = ADVANCED_FACE('',(#7970),#4095,.F.);
#7970 = FACE_BOUND('',#7971,.F.);
#7971 = EDGE_LOOP('',(#7972,#7973,#7974,#7975));
#7972 = ORIENTED_EDGE('',*,*,#7629,.T.);
#7973 = ORIENTED_EDGE('',*,*,#4080,.T.);
#7974 = ORIENTED_EDGE('',*,*,#7534,.F.);
#7975 = ORIENTED_EDGE('',*,*,#7976,.F.);
#7976 = EDGE_CURVE('',#7605,#7535,#7977,.T.);
#7977 = SURFACE_CURVE('',#7978,(#7983,#7990),.PCURVE_S1.);
#7978 = CIRCLE('',#7979,5.);
#7979 = AXIS2_PLACEMENT_3D('',#7980,#7981,#7982);
#7980 = CARTESIAN_POINT('',(-15.1,52.1,49.));
#7981 = DIRECTION('',(-1.,5.624913994737E-17,0.));
#7982 = DIRECTION('',(-5.624913994737E-17,-1.,0.));
#7983 = PCURVE('',#4095,#7984);
#7984 = DEFINITIONAL_REPRESENTATION('',(#7985),#7989);
#7985 = LINE('',#7986,#7987);
#7986 = CARTESIAN_POINT('',(1.554312234475E-15,-66.8));
#7987 = VECTOR('',#7988,1.);
#7988 = DIRECTION('',(1.,0.));
#7989 = ( GEOMETRIC_REPRESENTATION_CONTEXT(2) 
PARAMETRIC_REPRESENTATION_CONTEXT() REPRESENTATION_CONTEXT('2D SPACE',''
  ) );
#7990 = PCURVE('',#7425,#7991);
#7991 = DEFINITIONAL_REPRESENTATION('',(#7992),#7996);
#7992 = CIRCLE('',#7993,5.);
#7993 = AXIS2_PLACEMENT_2D('',#7994,#7995);
#7994 = CARTESIAN_POINT('',(52.1,-6.5));
#7995 = DIRECTION('',(-1.,-0.));
#7996 = ( GEOMETRIC_REPRESENTATION_CONTEXT(2) 
PARAMETRIC_REPRESENTATION_CONTEXT() REPRESENTATION_CONTEXT('2D SPACE',''
  ) );
#7997 = ADVANCED_FACE('',(#7998),#3998,.F.);
#7998 = FACE_BOUND('',#7999,.F.);
#7999 = EDGE_LOOP('',(#8000,#8001,#8002,#8003));
#8000 = ORIENTED_EDGE('',*,*,#7487,.T.);
#8001 = ORIENTED_EDGE('',*,*,#3981,.T.);
#8002 = ORIENTED_EDGE('',*,*,#7388,.F.);
#8003 = ORIENTED_EDGE('',*,*,#8004,.F.);
#8004 = EDGE_CURVE('',#7465,#7389,#8005,.T.);
#8005 = SURFACE_CURVE('',#8006,(#8011,#8018),.PCURVE_S1.);
#8006 = CIRCLE('',#8007,5.);
#8007 = AXIS2_PLACEMENT_3D('',#8008,#8009,#8010);
#8008 = CARTESIAN_POINT('',(-15.1,47.895110531891,25.));
#8009 = DIRECTION('',(-1.,5.624913994737E-17,0.));
#8010 = DIRECTION('',(-5.624913994737E-17,-1.,0.));
#8011 = PCURVE('',#3998,#8012);
#8012 = DEFINITIONAL_REPRESENTATION('',(#8013),#8017);
#8013 = LINE('',#8014,#8015);
#8014 = CARTESIAN_POINT('',(-1.7763568394E-15,-66.8));
#8015 = VECTOR('',#8016,1.);
#8016 = DIRECTION('',(1.,0.));
#8017 = ( GEOMETRIC_REPRESENTATION_CONTEXT(2) 
PARAMETRIC_REPRESENTATION_CONTEXT() REPRESENTATION_CONTEXT('2D SPACE',''
  ) );
#8018 = PCURVE('',#7425,#8019);
#8019 = DEFINITIONAL_REPRESENTATION('',(#8020),#8024);
#8020 = CIRCLE('',#8021,5.);
#8021 = AXIS2_PLACEMENT_2D('',#8022,#8023);
#8022 = CARTESIAN_POINT('',(47.895110531891,17.5));
#8023 = DIRECTION('',(-1.,-0.));
#8024 = ( GEOMETRIC_REPRESENTATION_CONTEXT(2) 
PARAMETRIC_REPRESENTATION_CONTEXT() REPRESENTATION_CONTEXT('2D SPACE',''
  ) );
#8025 = ADVANCED_FACE('',(#8026),#3941,.F.);
#8026 = FACE_BOUND('',#8027,.F.);
#8027 = EDGE_LOOP('',(#8028,#8029,#8030,#8031));
#8028 = ORIENTED_EDGE('',*,*,#7580,.T.);
#8029 = ORIENTED_EDGE('',*,*,#3924,.T.);
#8030 = ORIENTED_EDGE('',*,*,#7509,.F.);
#8031 = ORIENTED_EDGE('',*,*,#8032,.F.);
#8032 = EDGE_CURVE('',#7558,#7463,#8033,.T.);
#8033 = SURFACE_CURVE('',#8034,(#8039,#8046),.PCURVE_S1.);
#8034 = CIRCLE('',#8035,5.);
#8035 = AXIS2_PLACEMENT_3D('',#8036,#8037,#8038);
#8036 = CARTESIAN_POINT('',(-15.1,52.1,25.));
#8037 = DIRECTION('',(-1.,5.624913994737E-17,0.));
#8038 = DIRECTION('',(-5.624913994737E-17,-1.,0.));
#8039 = PCURVE('',#3941,#8040);
#8040 = DEFINITIONAL_REPRESENTATION('',(#8041),#8045);
#8041 = LINE('',#8042,#8043);
#8042 = CARTESIAN_POINT('',(9.424777960769,66.8));
#8043 = VECTOR('',#8044,1.);
#8044 = DIRECTION('',(-1.,0.));
#8045 = ( GEOMETRIC_REPRESENTATION_CONTEXT(2) 
PARAMETRIC_REPRESENTATION_CONTEXT() REPRESENTATION_CONTEXT('2D SPACE',''
  ) );
#8046 = PCURVE('',#7425,#8047);
#8047 = DEFINITIONAL_REPRESENTATION('',(#8048),#8052);
#8048 = CIRCLE('',#8049,5.);
#8049 = AXIS2_PLACEMENT_2D('',#8050,#8051);
#8050 = CARTESIAN_POINT('',(52.1,17.5));
#8051 = DIRECTION('',(-1.,-0.));
#8052 = ( GEOMETRIC_REPRESENTATION_CONTEXT(2) 
PARAMETRIC_REPRESENTATION_CONTEXT() REPRESENTATION_CONTEXT('2D SPACE',''
  ) );
#8053 = ADVANCED_FACE('',(#8054),#3455,.F.);
#8054 = FACE_BOUND('',#8055,.F.);
#8055 = EDGE_LOOP('',(#8056,#8057,#8058,#8059));
#8056 = ORIENTED_EDGE('',*,*,#7438,.T.);
#8057 = ORIENTED_EDGE('',*,*,#4033,.T.);
#8058 = ORIENTED_EDGE('',*,*,#7651,.F.);
#8059 = ORIENTED_EDGE('',*,*,#3438,.F.);
#8060 = ADVANCED_FACE('',(#8061),#3225,.F.);
#8061 = FACE_BOUND('',#8062,.F.);
#8062 = EDGE_LOOP('',(#8063,#8064,#8065,#8066));
#8063 = ORIENTED_EDGE('',*,*,#7200,.T.);
#8064 = ORIENTED_EDGE('',*,*,#3208,.T.);
#8065 = ORIENTED_EDGE('',*,*,#7059,.F.);
#8066 = ORIENTED_EDGE('',*,*,#4684,.F.);
#8067 = ADVANCED_FACE('',(#8068),#3282,.F.);
#8068 = FACE_BOUND('',#8069,.F.);
#8069 = EDGE_LOOP('',(#8070,#8071,#8072,#8073));
#8070 = ORIENTED_EDGE('',*,*,#7081,.T.);
#8071 = ORIENTED_EDGE('',*,*,#3265,.T.);
#8072 = ORIENTED_EDGE('',*,*,#7106,.F.);
#8073 = ORIENTED_EDGE('',*,*,#4637,.F.);
#8074 = ADVANCED_FACE('',(#8075),#3168,.F.);
#8075 = FACE_BOUND('',#8076,.F.);
#8076 = EDGE_LOOP('',(#8077,#8078,#8079,#8080));
#8077 = ORIENTED_EDGE('',*,*,#7153,.T.);
#8078 = ORIENTED_EDGE('',*,*,#3151,.T.);
#8079 = ORIENTED_EDGE('',*,*,#7222,.F.);
#8080 = ORIENTED_EDGE('',*,*,#4543,.F.);
#8081 = ADVANCED_FACE('',(#8082),#3337,.F.);
#8082 = FACE_BOUND('',#8083,.F.);
#8083 = EDGE_LOOP('',(#8084,#8085,#8086,#8087));
#8084 = ORIENTED_EDGE('',*,*,#7128,.T.);
#8085 = ORIENTED_EDGE('',*,*,#3322,.T.);
#8086 = ORIENTED_EDGE('',*,*,#7175,.F.);
#8087 = ORIENTED_EDGE('',*,*,#4590,.F.);
#8088 = ADVANCED_FACE('',(#8089),#3052,.F.);
#8089 = FACE_BOUND('',#8090,.F.);
#8090 = EDGE_LOOP('',(#8091,#8092,#8093,#8094));
#8091 = ORIENTED_EDGE('',*,*,#7341,.T.);
#8092 = ORIENTED_EDGE('',*,*,#3035,.T.);
#8093 = ORIENTED_EDGE('',*,*,#7247,.F.);
#8094 = ORIENTED_EDGE('',*,*,#4733,.F.);
#8095 = ADVANCED_FACE('',(#8096),#2995,.F.);
#8096 = FACE_BOUND('',#8097,.F.);
#8097 = EDGE_LOOP('',(#8098,#8099,#8100,#8101));
#8098 = ORIENTED_EDGE('',*,*,#7294,.T.);
#8099 = ORIENTED_EDGE('',*,*,#2978,.T.);
#8100 = ORIENTED_EDGE('',*,*,#7363,.F.);
#8101 = ORIENTED_EDGE('',*,*,#4780,.F.);
#8102 = ADVANCED_FACE('',(#8103),#3107,.F.);
#8103 = FACE_BOUND('',#8104,.F.);
#8104 = EDGE_LOOP('',(#8105,#8106,#8107,#8108));
#8105 = ORIENTED_EDGE('',*,*,#7269,.T.);
#8106 = ORIENTED_EDGE('',*,*,#3092,.T.);
#8107 = ORIENTED_EDGE('',*,*,#7316,.F.);
#8108 = ORIENTED_EDGE('',*,*,#4827,.F.);
#8109 = ADVANCED_FACE('',(#8110),#452,.T.);
#8110 = FACE_BOUND('',#8111,.T.);
#8111 = EDGE_LOOP('',(#8112,#8113,#8114,#8115));
#8112 = ORIENTED_EDGE('',*,*,#6693,.F.);
#8113 = ORIENTED_EDGE('',*,*,#1752,.T.);
#8114 = ORIENTED_EDGE('',*,*,#4853,.T.);
#8115 = ORIENTED_EDGE('',*,*,#436,.F.);
#8116 = ADVANCED_FACE('',(#8117),#501,.T.);
#8117 = FACE_BOUND('',#8118,.T.);
#8118 = EDGE_LOOP('',(#8119,#8120,#8121,#8122));
#8119 = ORIENTED_EDGE('',*,*,#6716,.F.);
#8120 = ORIENTED_EDGE('',*,*,#487,.T.);
#8121 = ORIENTED_EDGE('',*,*,#5016,.T.);
#8122 = ORIENTED_EDGE('',*,*,#1959,.F.);
#8123 = ADVANCED_FACE('',(#8124),#102,.T.);
#8124 = FACE_BOUND('',#8125,.T.);
#8125 = EDGE_LOOP('',(#8126,#8127,#8128,#8129));
#8126 = ORIENTED_EDGE('',*,*,#6934,.F.);
#8127 = ORIENTED_EDGE('',*,*,#86,.T.);
#8128 = ORIENTED_EDGE('',*,*,#4970,.T.);
#8129 = ORIENTED_EDGE('',*,*,#1618,.F.);
#8130 = ADVANCED_FACE('',(#8131),#156,.T.);
#8131 = FACE_BOUND('',#8132,.T.);
#8132 = EDGE_LOOP('',(#8133,#8134,#8135,#8136));
#8133 = ORIENTED_EDGE('',*,*,#6911,.F.);
#8134 = ORIENTED_EDGE('',*,*,#2005,.T.);
#8135 = ORIENTED_EDGE('',*,*,#4993,.T.);
#8136 = ORIENTED_EDGE('',*,*,#142,.F.);
#8137 = ADVANCED_FACE('',(#8138),#5146,.T.);
#8138 = FACE_BOUND('',#8139,.T.);
#8139 = EDGE_LOOP('',(#8140,#8141,#8163,#8164));
#8140 = ORIENTED_EDGE('',*,*,#6575,.F.);
#8141 = ORIENTED_EDGE('',*,*,#8142,.T.);
#8142 = EDGE_CURVE('',#6553,#5131,#8143,.T.);
#8143 = SURFACE_CURVE('',#8144,(#8149,#8156),.PCURVE_S1.);
#8144 = CIRCLE('',#8145,1.);
#8145 = AXIS2_PLACEMENT_3D('',#8146,#8147,#8148);
#8146 = CARTESIAN_POINT('',(5.1,-68.1,1.));
#8147 = DIRECTION('',(-1.,6.014991248186E-17,0.));
#8148 = DIRECTION('',(-6.014991248186E-17,-1.,0.));
#8149 = PCURVE('',#5146,#8150);
#8150 = DEFINITIONAL_REPRESENTATION('',(#8151),#8155);
#8151 = LINE('',#8152,#8153);
#8152 = CARTESIAN_POINT('',(-1.570796326795,-5.1));
#8153 = VECTOR('',#8154,1.);
#8154 = DIRECTION('',(1.,0.));
#8155 = ( GEOMETRIC_REPRESENTATION_CONTEXT(2) 
PARAMETRIC_REPRESENTATION_CONTEXT() REPRESENTATION_CONTEXT('2D SPACE',''
  ) );
#8156 = PCURVE('',#4478,#8157);
#8157 = DEFINITIONAL_REPRESENTATION('',(#8158),#8162);
#8158 = LINE('',#8159,#8160);
#8159 = CARTESIAN_POINT('',(0.,3.14159265359));
#8160 = VECTOR('',#8161,1.);
#8161 = DIRECTION('',(1.,0.));
#8162 = ( GEOMETRIC_REPRESENTATION_CONTEXT(2) 
PARAMETRIC_REPRESENTATION_CONTEXT() REPRESENTATION_CONTEXT('2D SPACE',''
  ) );
#8163 = ORIENTED_EDGE('',*,*,#5130,.T.);
#8164 = ORIENTED_EDGE('',*,*,#8165,.F.);
#8165 = EDGE_CURVE('',#6576,#5042,#8166,.T.);
#8166 = SURFACE_CURVE('',#8167,(#8172,#8179),.PCURVE_S1.);
#8167 = CIRCLE('',#8168,1.);
#8168 = AXIS2_PLACEMENT_3D('',#8169,#8170,#8171);
#8169 = CARTESIAN_POINT('',(-5.1,-68.1,1.));
#8170 = DIRECTION('',(-1.,6.014991248186E-17,0.));
#8171 = DIRECTION('',(-6.014991248186E-17,-1.,0.));
#8172 = PCURVE('',#5146,#8173);
#8173 = DEFINITIONAL_REPRESENTATION('',(#8174),#8178);
#8174 = LINE('',#8175,#8176);
#8175 = CARTESIAN_POINT('',(-1.570796326795,5.1));
#8176 = VECTOR('',#8177,1.);
#8177 = DIRECTION('',(1.,0.));
#8178 = ( GEOMETRIC_REPRESENTATION_CONTEXT(2) 
PARAMETRIC_REPRESENTATION_CONTEXT() REPRESENTATION_CONTEXT('2D SPACE',''
  ) );
#8179 = PCURVE('',#3728,#8180);
#8180 = DEFINITIONAL_REPRESENTATION('',(#8181),#8185);
#8181 = LINE('',#8182,#8183);
#8182 = CARTESIAN_POINT('',(0.,3.14159265359));
#8183 = VECTOR('',#8184,1.);
#8184 = DIRECTION('',(1.,0.));
#8185 = ( GEOMETRIC_REPRESENTATION_CONTEXT(2) 
PARAMETRIC_REPRESENTATION_CONTEXT() REPRESENTATION_CONTEXT('2D SPACE',''
  ) );
#8186 = ADVANCED_FACE('',(#8187),#6364,.T.);
#8187 = FACE_BOUND('',#8188,.T.);
#8188 = EDGE_LOOP('',(#8189,#8190,#8212,#8213));
#8189 = ORIENTED_EDGE('',*,*,#6348,.T.);
#8190 = ORIENTED_EDGE('',*,*,#8191,.T.);
#8191 = EDGE_CURVE('',#6326,#6525,#8192,.T.);
#8192 = SURFACE_CURVE('',#8193,(#8198,#8205),.PCURVE_S1.);
#8193 = CIRCLE('',#8194,1.);
#8194 = AXIS2_PLACEMENT_3D('',#8195,#8196,#8197);
#8195 = CARTESIAN_POINT('',(5.1,-68.1,4.));
#8196 = DIRECTION('',(-1.,6.014991248186E-17,0.));
#8197 = DIRECTION('',(-6.014991248186E-17,-1.,0.));
#8198 = PCURVE('',#6364,#8199);
#8199 = DEFINITIONAL_REPRESENTATION('',(#8200),#8204);
#8200 = LINE('',#8201,#8202);
#8201 = CARTESIAN_POINT('',(-1.570796326795,-5.1));
#8202 = VECTOR('',#8203,1.);
#8203 = DIRECTION('',(1.,0.));
#8204 = ( GEOMETRIC_REPRESENTATION_CONTEXT(2) 
PARAMETRIC_REPRESENTATION_CONTEXT() REPRESENTATION_CONTEXT('2D SPACE',''
  ) );
#8205 = PCURVE('',#4273,#8206);
#8206 = DEFINITIONAL_REPRESENTATION('',(#8207),#8211);
#8207 = LINE('',#8208,#8209);
#8208 = CARTESIAN_POINT('',(0.,3.14159265359));
#8209 = VECTOR('',#8210,1.);
#8210 = DIRECTION('',(1.,0.));
#8211 = ( GEOMETRIC_REPRESENTATION_CONTEXT(2) 
PARAMETRIC_REPRESENTATION_CONTEXT() REPRESENTATION_CONTEXT('2D SPACE',''
  ) );
#8212 = ORIENTED_EDGE('',*,*,#6522,.F.);
#8213 = ORIENTED_EDGE('',*,*,#8214,.F.);
#8214 = EDGE_CURVE('',#6349,#6523,#8215,.T.);
#8215 = SURFACE_CURVE('',#8216,(#8221,#8228),.PCURVE_S1.);
#8216 = CIRCLE('',#8217,1.);
#8217 = AXIS2_PLACEMENT_3D('',#8218,#8219,#8220);
#8218 = CARTESIAN_POINT('',(-5.1,-68.1,4.));
#8219 = DIRECTION('',(-1.,6.014991248186E-17,0.));
#8220 = DIRECTION('',(-6.014991248186E-17,-1.,0.));
#8221 = PCURVE('',#6364,#8222);
#8222 = DEFINITIONAL_REPRESENTATION('',(#8223),#8227);
#8223 = LINE('',#8224,#8225);
#8224 = CARTESIAN_POINT('',(-1.570796326795,5.1));
#8225 = VECTOR('',#8226,1.);
#8226 = DIRECTION('',(1.,0.));
#8227 = ( GEOMETRIC_REPRESENTATION_CONTEXT(2) 
PARAMETRIC_REPRESENTATION_CONTEXT() REPRESENTATION_CONTEXT('2D SPACE',''
  ) );
#8228 = PCURVE('',#3671,#8229);
#8229 = DEFINITIONAL_REPRESENTATION('',(#8230),#8234);
#8230 = LINE('',#8231,#8232);
#8231 = CARTESIAN_POINT('',(0.,3.14159265359));
#8232 = VECTOR('',#8233,1.);
#8233 = DIRECTION('',(1.,0.));
#8234 = ( GEOMETRIC_REPRESENTATION_CONTEXT(2) 
PARAMETRIC_REPRESENTATION_CONTEXT() REPRESENTATION_CONTEXT('2D SPACE',''
  ) );
#8235 = ADVANCED_FACE('',(#8236),#5351,.T.);
#8236 = FACE_BOUND('',#8237,.T.);
#8237 = EDGE_LOOP('',(#8238,#8239,#8261,#8262));
#8238 = ORIENTED_EDGE('',*,*,#5335,.F.);
#8239 = ORIENTED_EDGE('',*,*,#8240,.T.);
#8240 = EDGE_CURVE('',#5247,#6423,#8241,.T.);
#8241 = SURFACE_CURVE('',#8242,(#8247,#8254),.PCURVE_S1.);
#8242 = CIRCLE('',#8243,1.);
#8243 = AXIS2_PLACEMENT_3D('',#8244,#8245,#8246);
#8244 = CARTESIAN_POINT('',(5.1,68.1,1.));
#8245 = DIRECTION('',(-1.,6.014991248186E-17,0.));
#8246 = DIRECTION('',(-6.014991248186E-17,-1.,0.));
#8247 = PCURVE('',#5351,#8248);
#8248 = DEFINITIONAL_REPRESENTATION('',(#8249),#8253);
#8249 = LINE('',#8250,#8251);
#8250 = CARTESIAN_POINT('',(10.995574287564,5.1));
#8251 = VECTOR('',#8252,1.);
#8252 = DIRECTION('',(-1.,0.));
#8253 = ( GEOMETRIC_REPRESENTATION_CONTEXT(2) 
PARAMETRIC_REPRESENTATION_CONTEXT() REPRESENTATION_CONTEXT('2D SPACE',''
  ) );
#8254 = PCURVE('',#4426,#8255);
#8255 = DEFINITIONAL_REPRESENTATION('',(#8256),#8260);
#8256 = LINE('',#8257,#8258);
#8257 = CARTESIAN_POINT('',(0.,3.14159265359));
#8258 = VECTOR('',#8259,1.);
#8259 = DIRECTION('',(1.,0.));
#8260 = ( GEOMETRIC_REPRESENTATION_CONTEXT(2) 
PARAMETRIC_REPRESENTATION_CONTEXT() REPRESENTATION_CONTEXT('2D SPACE',''
  ) );
#8261 = ORIENTED_EDGE('',*,*,#6422,.T.);
#8262 = ORIENTED_EDGE('',*,*,#8263,.F.);
#8263 = EDGE_CURVE('',#5336,#6425,#8264,.T.);
#8264 = SURFACE_CURVE('',#8265,(#8270,#8277),.PCURVE_S1.);
#8265 = CIRCLE('',#8266,1.);
#8266 = AXIS2_PLACEMENT_3D('',#8267,#8268,#8269);
#8267 = CARTESIAN_POINT('',(-5.1,68.1,1.));
#8268 = DIRECTION('',(-1.,6.014991248186E-17,0.));
#8269 = DIRECTION('',(-6.014991248186E-17,-1.,0.));
#8270 = PCURVE('',#5351,#8271);
#8271 = DEFINITIONAL_REPRESENTATION('',(#8272),#8276);
#8272 = LINE('',#8273,#8274);
#8273 = CARTESIAN_POINT('',(10.995574287564,-5.1));
#8274 = VECTOR('',#8275,1.);
#8275 = DIRECTION('',(-1.,0.));
#8276 = ( GEOMETRIC_REPRESENTATION_CONTEXT(2) 
PARAMETRIC_REPRESENTATION_CONTEXT() REPRESENTATION_CONTEXT('2D SPACE',''
  ) );
#8277 = PCURVE('',#3780,#8278);
#8278 = DEFINITIONAL_REPRESENTATION('',(#8279),#8283);
#8279 = LINE('',#8280,#8281);
#8280 = CARTESIAN_POINT('',(0.,3.14159265359));
#8281 = VECTOR('',#8282,1.);
#8282 = DIRECTION('',(1.,0.));
#8283 = ( GEOMETRIC_REPRESENTATION_CONTEXT(2) 
PARAMETRIC_REPRESENTATION_CONTEXT() REPRESENTATION_CONTEXT('2D SPACE',''
  ) );
#8284 = ADVANCED_FACE('',(#8285),#5558,.T.);
#8285 = FACE_BOUND('',#8286,.T.);
#8286 = EDGE_LOOP('',(#8287,#8288,#8310,#8311));
#8287 = ORIENTED_EDGE('',*,*,#6475,.T.);
#8288 = ORIENTED_EDGE('',*,*,#8289,.T.);
#8289 = EDGE_CURVE('',#6453,#5454,#8290,.T.);
#8290 = SURFACE_CURVE('',#8291,(#8296,#8303),.PCURVE_S1.);
#8291 = CIRCLE('',#8292,1.);
#8292 = AXIS2_PLACEMENT_3D('',#8293,#8294,#8295);
#8293 = CARTESIAN_POINT('',(5.1,68.1,4.));
#8294 = DIRECTION('',(-1.,6.014991248186E-17,0.));
#8295 = DIRECTION('',(-6.014991248186E-17,-1.,0.));
#8296 = PCURVE('',#5558,#8297);
#8297 = DEFINITIONAL_REPRESENTATION('',(#8298),#8302);
#8298 = LINE('',#8299,#8300);
#8299 = CARTESIAN_POINT('',(4.712388980385,5.1));
#8300 = VECTOR('',#8301,1.);
#8301 = DIRECTION('',(-1.,0.));
#8302 = ( GEOMETRIC_REPRESENTATION_CONTEXT(2) 
PARAMETRIC_REPRESENTATION_CONTEXT() REPRESENTATION_CONTEXT('2D SPACE',''
  ) );
#8303 = PCURVE('',#4369,#8304);
#8304 = DEFINITIONAL_REPRESENTATION('',(#8305),#8309);
#8305 = LINE('',#8306,#8307);
#8306 = CARTESIAN_POINT('',(0.,3.14159265359));
#8307 = VECTOR('',#8308,1.);
#8308 = DIRECTION('',(1.,0.));
#8309 = ( GEOMETRIC_REPRESENTATION_CONTEXT(2) 
PARAMETRIC_REPRESENTATION_CONTEXT() REPRESENTATION_CONTEXT('2D SPACE',''
  ) );
#8310 = ORIENTED_EDGE('',*,*,#5544,.F.);
#8311 = ORIENTED_EDGE('',*,*,#8312,.F.);
#8312 = EDGE_CURVE('',#6476,#5522,#8313,.T.);
#8313 = SURFACE_CURVE('',#8314,(#8319,#8326),.PCURVE_S1.);
#8314 = CIRCLE('',#8315,1.);
#8315 = AXIS2_PLACEMENT_3D('',#8316,#8317,#8318);
#8316 = CARTESIAN_POINT('',(-5.1,68.1,4.));
#8317 = DIRECTION('',(-1.,6.014991248186E-17,0.));
#8318 = DIRECTION('',(-6.014991248186E-17,-1.,0.));
#8319 = PCURVE('',#5558,#8320);
#8320 = DEFINITIONAL_REPRESENTATION('',(#8321),#8325);
#8321 = LINE('',#8322,#8323);
#8322 = CARTESIAN_POINT('',(4.712388980385,-5.1));
#8323 = VECTOR('',#8324,1.);
#8324 = DIRECTION('',(-1.,0.));
#8325 = ( GEOMETRIC_REPRESENTATION_CONTEXT(2) 
PARAMETRIC_REPRESENTATION_CONTEXT() REPRESENTATION_CONTEXT('2D SPACE',''
  ) );
#8326 = PCURVE('',#3837,#8327);
#8327 = DEFINITIONAL_REPRESENTATION('',(#8328),#8332);
#8328 = LINE('',#8329,#8330);
#8329 = CARTESIAN_POINT('',(0.,3.14159265359));
#8330 = VECTOR('',#8331,1.);
#8331 = DIRECTION('',(1.,0.));
#8332 = ( GEOMETRIC_REPRESENTATION_CONTEXT(2) 
PARAMETRIC_REPRESENTATION_CONTEXT() REPRESENTATION_CONTEXT('2D SPACE',''
  ) );
#8333 = ADVANCED_FACE('',(#8334),#6287,.F.);
#8334 = FACE_BOUND('',#8335,.F.);
#8335 = EDGE_LOOP('',(#8336,#8357,#8358,#8359));
#8336 = ORIENTED_EDGE('',*,*,#8337,.T.);
#8337 = EDGE_CURVE('',#6985,#6271,#8338,.T.);
#8338 = SEAM_CURVE('',#8339,(#8343,#8350),.PCURVE_S1.);
#8339 = LINE('',#8340,#8341);
#8340 = CARTESIAN_POINT('',(-6.55,82.1,49.));
#8341 = VECTOR('',#8342,1.);
#8342 = DIRECTION('',(0.,0.,1.));
#8343 = PCURVE('',#6287,#8344);
#8344 = DEFINITIONAL_REPRESENTATION('',(#8345),#8349);
#8345 = LINE('',#8346,#8347);
#8346 = CARTESIAN_POINT('',(9.424777960769,0.));
#8347 = VECTOR('',#8348,1.);
#8348 = DIRECTION('',(0.,1.));
#8349 = ( GEOMETRIC_REPRESENTATION_CONTEXT(2) 
PARAMETRIC_REPRESENTATION_CONTEXT() REPRESENTATION_CONTEXT('2D SPACE',''
  ) );
#8350 = PCURVE('',#6287,#8351);
#8351 = DEFINITIONAL_REPRESENTATION('',(#8352),#8356);
#8352 = LINE('',#8353,#8354);
#8353 = CARTESIAN_POINT('',(3.14159265359,0.));
#8354 = VECTOR('',#8355,1.);
#8355 = DIRECTION('',(0.,1.));
#8356 = ( GEOMETRIC_REPRESENTATION_CONTEXT(2) 
PARAMETRIC_REPRESENTATION_CONTEXT() REPRESENTATION_CONTEXT('2D SPACE',''
  ) );
#8357 = ORIENTED_EDGE('',*,*,#6270,.F.);
#8358 = ORIENTED_EDGE('',*,*,#8337,.F.);
#8359 = ORIENTED_EDGE('',*,*,#6984,.T.);
#8360 = ADVANCED_FACE('',(#8361),#6256,.F.);
#8361 = FACE_BOUND('',#8362,.F.);
#8362 = EDGE_LOOP('',(#8363,#8384,#8385,#8386));
#8363 = ORIENTED_EDGE('',*,*,#8364,.T.);
#8364 = EDGE_CURVE('',#6959,#6240,#8365,.T.);
#8365 = SEAM_CURVE('',#8366,(#8370,#8377),.PCURVE_S1.);
#8366 = LINE('',#8367,#8368);
#8367 = CARTESIAN_POINT('',(3.65,82.1,49.));
#8368 = VECTOR('',#8369,1.);
#8369 = DIRECTION('',(0.,0.,1.));
#8370 = PCURVE('',#6256,#8371);
#8371 = DEFINITIONAL_REPRESENTATION('',(#8372),#8376);
#8372 = LINE('',#8373,#8374);
#8373 = CARTESIAN_POINT('',(9.424777960769,0.));
#8374 = VECTOR('',#8375,1.);
#8375 = DIRECTION('',(0.,1.));
#8376 = ( GEOMETRIC_REPRESENTATION_CONTEXT(2) 
PARAMETRIC_REPRESENTATION_CONTEXT() REPRESENTATION_CONTEXT('2D SPACE',''
  ) );
#8377 = PCURVE('',#6256,#8378);
#8378 = DEFINITIONAL_REPRESENTATION('',(#8379),#8383);
#8379 = LINE('',#8380,#8381);
#8380 = CARTESIAN_POINT('',(3.14159265359,0.));
#8381 = VECTOR('',#8382,1.);
#8382 = DIRECTION('',(0.,1.));
#8383 = ( GEOMETRIC_REPRESENTATION_CONTEXT(2) 
PARAMETRIC_REPRESENTATION_CONTEXT() REPRESENTATION_CONTEXT('2D SPACE',''
  ) );
#8384 = ORIENTED_EDGE('',*,*,#6239,.F.);
#8385 = ORIENTED_EDGE('',*,*,#8364,.F.);
#8386 = ORIENTED_EDGE('',*,*,#6958,.T.);
#8387 = ADVANCED_FACE('',(#8388),#6225,.F.);
#8388 = FACE_BOUND('',#8389,.F.);
#8389 = EDGE_LOOP('',(#8390,#8411,#8412,#8413));
#8390 = ORIENTED_EDGE('',*,*,#8391,.T.);
#8391 = EDGE_CURVE('',#6767,#6209,#8392,.T.);
#8392 = SEAM_CURVE('',#8393,(#8397,#8404),.PCURVE_S1.);
#8393 = LINE('',#8394,#8395);
#8394 = CARTESIAN_POINT('',(3.65,-82.1,49.));
#8395 = VECTOR('',#8396,1.);
#8396 = DIRECTION('',(0.,0.,1.));
#8397 = PCURVE('',#6225,#8398);
#8398 = DEFINITIONAL_REPRESENTATION('',(#8399),#8403);
#8399 = LINE('',#8400,#8401);
#8400 = CARTESIAN_POINT('',(9.424777960769,0.));
#8401 = VECTOR('',#8402,1.);
#8402 = DIRECTION('',(0.,1.));
#8403 = ( GEOMETRIC_REPRESENTATION_CONTEXT(2) 
PARAMETRIC_REPRESENTATION_CONTEXT() REPRESENTATION_CONTEXT('2D SPACE',''
  ) );
#8404 = PCURVE('',#6225,#8405);
#8405 = DEFINITIONAL_REPRESENTATION('',(#8406),#8410);
#8406 = LINE('',#8407,#8408);
#8407 = CARTESIAN_POINT('',(3.14159265359,0.));
#8408 = VECTOR('',#8409,1.);
#8409 = DIRECTION('',(0.,1.));
#8410 = ( GEOMETRIC_REPRESENTATION_CONTEXT(2) 
PARAMETRIC_REPRESENTATION_CONTEXT() REPRESENTATION_CONTEXT('2D SPACE',''
  ) );
#8411 = ORIENTED_EDGE('',*,*,#6208,.F.);
#8412 = ORIENTED_EDGE('',*,*,#8391,.F.);
#8413 = ORIENTED_EDGE('',*,*,#6766,.T.);
#8414 = ADVANCED_FACE('',(#8415),#6194,.F.);
#8415 = FACE_BOUND('',#8416,.F.);
#8416 = EDGE_LOOP('',(#8417,#8438,#8439,#8440));
#8417 = ORIENTED_EDGE('',*,*,#8418,.T.);
#8418 = EDGE_CURVE('',#6741,#6178,#8419,.T.);
#8419 = SEAM_CURVE('',#8420,(#8424,#8431),.PCURVE_S1.);
#8420 = LINE('',#8421,#8422);
#8421 = CARTESIAN_POINT('',(-6.55,-82.1,49.));
#8422 = VECTOR('',#8423,1.);
#8423 = DIRECTION('',(0.,0.,1.));
#8424 = PCURVE('',#6194,#8425);
#8425 = DEFINITIONAL_REPRESENTATION('',(#8426),#8430);
#8426 = LINE('',#8427,#8428);
#8427 = CARTESIAN_POINT('',(9.424777960769,0.));
#8428 = VECTOR('',#8429,1.);
#8429 = DIRECTION('',(0.,1.));
#8430 = ( GEOMETRIC_REPRESENTATION_CONTEXT(2) 
PARAMETRIC_REPRESENTATION_CONTEXT() REPRESENTATION_CONTEXT('2D SPACE',''
  ) );
#8431 = PCURVE('',#6194,#8432);
#8432 = DEFINITIONAL_REPRESENTATION('',(#8433),#8437);
#8433 = LINE('',#8434,#8435);
#8434 = CARTESIAN_POINT('',(3.14159265359,0.));
#8435 = VECTOR('',#8436,1.);
#8436 = DIRECTION('',(0.,1.));
#8437 = ( GEOMETRIC_REPRESENTATION_CONTEXT(2) 
PARAMETRIC_REPRESENTATION_CONTEXT() REPRESENTATION_CONTEXT('2D SPACE',''
  ) );
#8438 = ORIENTED_EDGE('',*,*,#6177,.F.);
#8439 = ORIENTED_EDGE('',*,*,#8418,.F.);
#8440 = ORIENTED_EDGE('',*,*,#6740,.T.);
#8441 = ADVANCED_FACE('',(#8442),#1583,.T.);
#8442 = FACE_BOUND('',#8443,.T.);
#8443 = EDGE_LOOP('',(#8444,#8445,#8446,#8447));
#8444 = ORIENTED_EDGE('',*,*,#6125,.F.);
#8445 = ORIENTED_EDGE('',*,*,#7012,.T.);
#8446 = ORIENTED_EDGE('',*,*,#6841,.T.);
#8447 = ORIENTED_EDGE('',*,*,#1567,.F.);
#8448 = ADVANCED_FACE('',(#8449),#1873,.T.);
#8449 = FACE_BOUND('',#8450,.T.);
#8450 = EDGE_LOOP('',(#8451,#8452,#8453,#8454));
#8451 = ORIENTED_EDGE('',*,*,#6073,.F.);
#8452 = ORIENTED_EDGE('',*,*,#1857,.T.);
#8453 = ORIENTED_EDGE('',*,*,#6888,.T.);
#8454 = ORIENTED_EDGE('',*,*,#7034,.F.);
#8455 = ADVANCED_FACE('',(#8456),#1924,.T.);
#8456 = FACE_BOUND('',#8457,.T.);
#8457 = EDGE_LOOP('',(#8458,#8459,#8460,#8461));
#8458 = ORIENTED_EDGE('',*,*,#6050,.F.);
#8459 = ORIENTED_EDGE('',*,*,#6794,.T.);
#8460 = ORIENTED_EDGE('',*,*,#6623,.T.);
#8461 = ORIENTED_EDGE('',*,*,#1908,.F.);
#8462 = ADVANCED_FACE('',(#8463),#1812,.T.);
#8463 = FACE_BOUND('',#8464,.T.);
#8464 = EDGE_LOOP('',(#8465,#8466,#8467,#8468));
#8465 = ORIENTED_EDGE('',*,*,#5998,.F.);
#8466 = ORIENTED_EDGE('',*,*,#1798,.T.);
#8467 = ORIENTED_EDGE('',*,*,#6670,.T.);
#8468 = ORIENTED_EDGE('',*,*,#6816,.F.);
#8469 = ADVANCED_FACE('',(#8470),#4478,.F.);
#8470 = FACE_BOUND('',#8471,.F.);
#8471 = EDGE_LOOP('',(#8472,#8473,#8495,#8496));
#8472 = ORIENTED_EDGE('',*,*,#4461,.F.);
#8473 = ORIENTED_EDGE('',*,*,#8474,.T.);
#8474 = EDGE_CURVE('',#4462,#6553,#8475,.T.);
#8475 = SURFACE_CURVE('',#8476,(#8481,#8488),.PCURVE_S1.);
#8476 = CIRCLE('',#8477,5.);
#8477 = AXIS2_PLACEMENT_3D('',#8478,#8479,#8480);
#8478 = CARTESIAN_POINT('',(5.1,-62.1,1.));
#8479 = DIRECTION('',(0.,0.,-1.));
#8480 = DIRECTION('',(-1.,0.,0.));
#8481 = PCURVE('',#4478,#8482);
#8482 = DEFINITIONAL_REPRESENTATION('',(#8483),#8487);
#8483 = LINE('',#8484,#8485);
#8484 = CARTESIAN_POINT('',(3.14159265359,7.853981633974));
#8485 = VECTOR('',#8486,1.);
#8486 = DIRECTION('',(0.,-1.));
#8487 = ( GEOMETRIC_REPRESENTATION_CONTEXT(2) 
PARAMETRIC_REPRESENTATION_CONTEXT() REPRESENTATION_CONTEXT('2D SPACE',''
  ) );
#8488 = PCURVE('',#4504,#8489);
#8489 = DEFINITIONAL_REPRESENTATION('',(#8490),#8494);
#8490 = LINE('',#8491,#8492);
#8491 = CARTESIAN_POINT('',(0.,24.));
#8492 = VECTOR('',#8493,1.);
#8493 = DIRECTION('',(1.,0.));
#8494 = ( GEOMETRIC_REPRESENTATION_CONTEXT(2) 
PARAMETRIC_REPRESENTATION_CONTEXT() REPRESENTATION_CONTEXT('2D SPACE',''
  ) );
#8495 = ORIENTED_EDGE('',*,*,#8142,.T.);
#8496 = ORIENTED_EDGE('',*,*,#5158,.F.);
#8497 = ADVANCED_FACE('',(#8498),#4504,.F.);
#8498 = FACE_BOUND('',#8499,.F.);
#8499 = EDGE_LOOP('',(#8500,#8501,#8523,#8524));
#8500 = ORIENTED_EDGE('',*,*,#4490,.F.);
#8501 = ORIENTED_EDGE('',*,*,#8502,.T.);
#8502 = EDGE_CURVE('',#4257,#6525,#8503,.T.);
#8503 = SURFACE_CURVE('',#8504,(#8509,#8516),.PCURVE_S1.);
#8504 = CIRCLE('',#8505,5.);
#8505 = AXIS2_PLACEMENT_3D('',#8506,#8507,#8508);
#8506 = CARTESIAN_POINT('',(5.1,-62.1,4.));
#8507 = DIRECTION('',(0.,0.,-1.));
#8508 = DIRECTION('',(-1.,0.,0.));
#8509 = PCURVE('',#4504,#8510);
#8510 = DEFINITIONAL_REPRESENTATION('',(#8511),#8515);
#8511 = LINE('',#8512,#8513);
#8512 = CARTESIAN_POINT('',(0.,21.));
#8513 = VECTOR('',#8514,1.);
#8514 = DIRECTION('',(1.,0.));
#8515 = ( GEOMETRIC_REPRESENTATION_CONTEXT(2) 
PARAMETRIC_REPRESENTATION_CONTEXT() REPRESENTATION_CONTEXT('2D SPACE',''
  ) );
#8516 = PCURVE('',#4273,#8517);
#8517 = DEFINITIONAL_REPRESENTATION('',(#8518),#8522);
#8518 = LINE('',#8519,#8520);
#8519 = CARTESIAN_POINT('',(3.14159265359,7.853981633974));
#8520 = VECTOR('',#8521,1.);
#8521 = DIRECTION('',(0.,-1.));
#8522 = ( GEOMETRIC_REPRESENTATION_CONTEXT(2) 
PARAMETRIC_REPRESENTATION_CONTEXT() REPRESENTATION_CONTEXT('2D SPACE',''
  ) );
#8523 = ORIENTED_EDGE('',*,*,#6552,.T.);
#8524 = ORIENTED_EDGE('',*,*,#8474,.F.);
#8525 = ADVANCED_FACE('',(#8526),#4273,.F.);
#8526 = FACE_BOUND('',#8527,.F.);
#8527 = EDGE_LOOP('',(#8528,#8529,#8551,#8552));
#8528 = ORIENTED_EDGE('',*,*,#4254,.F.);
#8529 = ORIENTED_EDGE('',*,*,#8530,.T.);
#8530 = EDGE_CURVE('',#4255,#6326,#8531,.T.);
#8531 = SURFACE_CURVE('',#8532,(#8537,#8544),.PCURVE_S1.);
#8532 = CIRCLE('',#8533,5.);
#8533 = AXIS2_PLACEMENT_3D('',#8534,#8535,#8536);
#8534 = CARTESIAN_POINT('',(5.1,-68.1,10.));
#8535 = DIRECTION('',(0.,1.,0.));
#8536 = DIRECTION('',(0.,-0.,1.));
#8537 = PCURVE('',#4273,#8538);
#8538 = DEFINITIONAL_REPRESENTATION('',(#8539),#8543);
#8539 = LINE('',#8540,#8541);
#8540 = CARTESIAN_POINT('',(1.570796326795,6.28318530718));
#8541 = VECTOR('',#8542,1.);
#8542 = DIRECTION('',(0.,-1.));
#8543 = ( GEOMETRIC_REPRESENTATION_CONTEXT(2) 
PARAMETRIC_REPRESENTATION_CONTEXT() REPRESENTATION_CONTEXT('2D SPACE',''
  ) );
#8544 = PCURVE('',#1047,#8545);
#8545 = DEFINITIONAL_REPRESENTATION('',(#8546),#8550);
#8546 = LINE('',#8547,#8548);
#8547 = CARTESIAN_POINT('',(7.853981633974,68.1));
#8548 = VECTOR('',#8549,1.);
#8549 = DIRECTION('',(-1.,0.));
#8550 = ( GEOMETRIC_REPRESENTATION_CONTEXT(2) 
PARAMETRIC_REPRESENTATION_CONTEXT() REPRESENTATION_CONTEXT('2D SPACE',''
  ) );
#8551 = ORIENTED_EDGE('',*,*,#8191,.T.);
#8552 = ORIENTED_EDGE('',*,*,#8502,.F.);
#8553 = ADVANCED_FACE('',(#8554),#1047,.F.);
#8554 = FACE_BOUND('',#8555,.F.);
#8555 = EDGE_LOOP('',(#8556,#8557,#8558,#8559));
#8556 = ORIENTED_EDGE('',*,*,#6325,.T.);
#8557 = ORIENTED_EDGE('',*,*,#8530,.F.);
#8558 = ORIENTED_EDGE('',*,*,#4285,.F.);
#8559 = ORIENTED_EDGE('',*,*,#1030,.F.);
#8560 = ADVANCED_FACE('',(#8561),#4426,.F.);
#8561 = FACE_BOUND('',#8562,.F.);
#8562 = EDGE_LOOP('',(#8563,#8564,#8586,#8587));
#8563 = ORIENTED_EDGE('',*,*,#8240,.T.);
#8564 = ORIENTED_EDGE('',*,*,#8565,.T.);
#8565 = EDGE_CURVE('',#6423,#4382,#8566,.T.);
#8566 = SURFACE_CURVE('',#8567,(#8572,#8579),.PCURVE_S1.);
#8567 = CIRCLE('',#8568,5.);
#8568 = AXIS2_PLACEMENT_3D('',#8569,#8570,#8571);
#8569 = CARTESIAN_POINT('',(5.1,62.1,1.));
#8570 = DIRECTION('',(0.,0.,-1.));
#8571 = DIRECTION('',(-1.,0.,0.));
#8572 = PCURVE('',#4426,#8573);
#8573 = DEFINITIONAL_REPRESENTATION('',(#8574),#8578);
#8574 = LINE('',#8575,#8576);
#8575 = CARTESIAN_POINT('',(6.28318530718,1.570796326795));
#8576 = VECTOR('',#8577,1.);
#8577 = DIRECTION('',(0.,1.));
#8578 = ( GEOMETRIC_REPRESENTATION_CONTEXT(2) 
PARAMETRIC_REPRESENTATION_CONTEXT() REPRESENTATION_CONTEXT('2D SPACE',''
  ) );
#8579 = PCURVE('',#4397,#8580);
#8580 = DEFINITIONAL_REPRESENTATION('',(#8581),#8585);
#8581 = LINE('',#8582,#8583);
#8582 = CARTESIAN_POINT('',(3.14159265359,-73.));
#8583 = VECTOR('',#8584,1.);
#8584 = DIRECTION('',(-1.,0.));
#8585 = ( GEOMETRIC_REPRESENTATION_CONTEXT(2) 
PARAMETRIC_REPRESENTATION_CONTEXT() REPRESENTATION_CONTEXT('2D SPACE',''
  ) );
#8586 = ORIENTED_EDGE('',*,*,#4409,.F.);
#8587 = ORIENTED_EDGE('',*,*,#5246,.T.);
#8588 = ADVANCED_FACE('',(#8589),#4397,.F.);
#8589 = FACE_BOUND('',#8590,.F.);
#8590 = EDGE_LOOP('',(#8591,#8592,#8614,#8615));
#8591 = ORIENTED_EDGE('',*,*,#6452,.F.);
#8592 = ORIENTED_EDGE('',*,*,#8593,.T.);
#8593 = EDGE_CURVE('',#6453,#4353,#8594,.T.);
#8594 = SURFACE_CURVE('',#8595,(#8600,#8607),.PCURVE_S1.);
#8595 = CIRCLE('',#8596,5.);
#8596 = AXIS2_PLACEMENT_3D('',#8597,#8598,#8599);
#8597 = CARTESIAN_POINT('',(5.1,62.1,4.));
#8598 = DIRECTION('',(0.,0.,-1.));
#8599 = DIRECTION('',(-1.,0.,0.));
#8600 = PCURVE('',#4397,#8601);
#8601 = DEFINITIONAL_REPRESENTATION('',(#8602),#8606);
#8602 = LINE('',#8603,#8604);
#8603 = CARTESIAN_POINT('',(3.14159265359,-70.));
#8604 = VECTOR('',#8605,1.);
#8605 = DIRECTION('',(-1.,0.));
#8606 = ( GEOMETRIC_REPRESENTATION_CONTEXT(2) 
PARAMETRIC_REPRESENTATION_CONTEXT() REPRESENTATION_CONTEXT('2D SPACE',''
  ) );
#8607 = PCURVE('',#4369,#8608);
#8608 = DEFINITIONAL_REPRESENTATION('',(#8609),#8613);
#8609 = LINE('',#8610,#8611);
#8610 = CARTESIAN_POINT('',(0.,1.570796326795));
#8611 = VECTOR('',#8612,1.);
#8612 = DIRECTION('',(0.,1.));
#8613 = ( GEOMETRIC_REPRESENTATION_CONTEXT(2) 
PARAMETRIC_REPRESENTATION_CONTEXT() REPRESENTATION_CONTEXT('2D SPACE',''
  ) );
#8614 = ORIENTED_EDGE('',*,*,#4381,.T.);
#8615 = ORIENTED_EDGE('',*,*,#8565,.F.);
#8616 = ADVANCED_FACE('',(#8617),#4369,.F.);
#8617 = FACE_BOUND('',#8618,.F.);
#8618 = EDGE_LOOP('',(#8619,#8620,#8642,#8643));
#8619 = ORIENTED_EDGE('',*,*,#8289,.T.);
#8620 = ORIENTED_EDGE('',*,*,#8621,.T.);
#8621 = EDGE_CURVE('',#5454,#4330,#8622,.T.);
#8622 = SURFACE_CURVE('',#8623,(#8628,#8635),.PCURVE_S1.);
#8623 = CIRCLE('',#8624,5.);
#8624 = AXIS2_PLACEMENT_3D('',#8625,#8626,#8627);
#8625 = CARTESIAN_POINT('',(5.1,68.1,10.));
#8626 = DIRECTION('',(0.,-1.,0.));
#8627 = DIRECTION('',(0.,0.,-1.));
#8628 = PCURVE('',#4369,#8629);
#8629 = DEFINITIONAL_REPRESENTATION('',(#8630),#8634);
#8630 = LINE('',#8631,#8632);
#8631 = CARTESIAN_POINT('',(1.570796326795,3.14159265359));
#8632 = VECTOR('',#8633,1.);
#8633 = DIRECTION('',(0.,1.));
#8634 = ( GEOMETRIC_REPRESENTATION_CONTEXT(2) 
PARAMETRIC_REPRESENTATION_CONTEXT() REPRESENTATION_CONTEXT('2D SPACE',''
  ) );
#8635 = PCURVE('',#1295,#8636);
#8636 = DEFINITIONAL_REPRESENTATION('',(#8637),#8641);
#8637 = LINE('',#8638,#8639);
#8638 = CARTESIAN_POINT('',(4.712388980385,-68.1));
#8639 = VECTOR('',#8640,1.);
#8640 = DIRECTION('',(1.,0.));
#8641 = ( GEOMETRIC_REPRESENTATION_CONTEXT(2) 
PARAMETRIC_REPRESENTATION_CONTEXT() REPRESENTATION_CONTEXT('2D SPACE',''
  ) );
#8642 = ORIENTED_EDGE('',*,*,#4352,.F.);
#8643 = ORIENTED_EDGE('',*,*,#8593,.F.);
#8644 = ADVANCED_FACE('',(#8645),#1295,.F.);
#8645 = FACE_BOUND('',#8646,.F.);
#8646 = EDGE_LOOP('',(#8647,#8648,#8649,#8650));
#8647 = ORIENTED_EDGE('',*,*,#5453,.T.);
#8648 = ORIENTED_EDGE('',*,*,#1278,.T.);
#8649 = ORIENTED_EDGE('',*,*,#4329,.F.);
#8650 = ORIENTED_EDGE('',*,*,#8621,.F.);
#8651 = ADVANCED_FACE('',(#8652),#3728,.F.);
#8652 = FACE_BOUND('',#8653,.F.);
#8653 = EDGE_LOOP('',(#8654,#8655,#8677,#8678));
#8654 = ORIENTED_EDGE('',*,*,#8165,.F.);
#8655 = ORIENTED_EDGE('',*,*,#8656,.T.);
#8656 = EDGE_CURVE('',#6576,#3684,#8657,.T.);
#8657 = SURFACE_CURVE('',#8658,(#8663,#8670),.PCURVE_S1.);
#8658 = CIRCLE('',#8659,5.);
#8659 = AXIS2_PLACEMENT_3D('',#8660,#8661,#8662);
#8660 = CARTESIAN_POINT('',(-5.1,-62.1,1.));
#8661 = DIRECTION('',(0.,0.,-1.));
#8662 = DIRECTION('',(-1.,0.,0.));
#8663 = PCURVE('',#3728,#8664);
#8664 = DEFINITIONAL_REPRESENTATION('',(#8665),#8669);
#8665 = LINE('',#8666,#8667);
#8666 = CARTESIAN_POINT('',(3.14159265359,7.853981633974));
#8667 = VECTOR('',#8668,1.);
#8668 = DIRECTION('',(0.,-1.));
#8669 = ( GEOMETRIC_REPRESENTATION_CONTEXT(2) 
PARAMETRIC_REPRESENTATION_CONTEXT() REPRESENTATION_CONTEXT('2D SPACE',''
  ) );
#8670 = PCURVE('',#3699,#8671);
#8671 = DEFINITIONAL_REPRESENTATION('',(#8672),#8676);
#8672 = LINE('',#8673,#8674);
#8673 = CARTESIAN_POINT('',(9.424777960769,-73.));
#8674 = VECTOR('',#8675,1.);
#8675 = DIRECTION('',(-1.,0.));
#8676 = ( GEOMETRIC_REPRESENTATION_CONTEXT(2) 
PARAMETRIC_REPRESENTATION_CONTEXT() REPRESENTATION_CONTEXT('2D SPACE',''
  ) );
#8677 = ORIENTED_EDGE('',*,*,#3711,.T.);
#8678 = ORIENTED_EDGE('',*,*,#5041,.T.);
#8679 = ADVANCED_FACE('',(#8680),#3699,.F.);
#8680 = FACE_BOUND('',#8681,.F.);
#8681 = EDGE_LOOP('',(#8682,#8683,#8705,#8706));
#8682 = ORIENTED_EDGE('',*,*,#6598,.F.);
#8683 = ORIENTED_EDGE('',*,*,#8684,.T.);
#8684 = EDGE_CURVE('',#6523,#3655,#8685,.T.);
#8685 = SURFACE_CURVE('',#8686,(#8691,#8698),.PCURVE_S1.);
#8686 = CIRCLE('',#8687,5.);
#8687 = AXIS2_PLACEMENT_3D('',#8688,#8689,#8690);
#8688 = CARTESIAN_POINT('',(-5.1,-62.1,4.));
#8689 = DIRECTION('',(0.,0.,-1.));
#8690 = DIRECTION('',(-1.,0.,0.));
#8691 = PCURVE('',#3699,#8692);
#8692 = DEFINITIONAL_REPRESENTATION('',(#8693),#8697);
#8693 = LINE('',#8694,#8695);
#8694 = CARTESIAN_POINT('',(9.424777960769,-70.));
#8695 = VECTOR('',#8696,1.);
#8696 = DIRECTION('',(-1.,0.));
#8697 = ( GEOMETRIC_REPRESENTATION_CONTEXT(2) 
PARAMETRIC_REPRESENTATION_CONTEXT() REPRESENTATION_CONTEXT('2D SPACE',''
  ) );
#8698 = PCURVE('',#3671,#8699);
#8699 = DEFINITIONAL_REPRESENTATION('',(#8700),#8704);
#8700 = LINE('',#8701,#8702);
#8701 = CARTESIAN_POINT('',(3.14159265359,7.853981633974));
#8702 = VECTOR('',#8703,1.);
#8703 = DIRECTION('',(0.,-1.));
#8704 = ( GEOMETRIC_REPRESENTATION_CONTEXT(2) 
PARAMETRIC_REPRESENTATION_CONTEXT() REPRESENTATION_CONTEXT('2D SPACE',''
  ) );
#8705 = ORIENTED_EDGE('',*,*,#3683,.T.);
#8706 = ORIENTED_EDGE('',*,*,#8656,.F.);
#8707 = ADVANCED_FACE('',(#8708),#3671,.F.);
#8708 = FACE_BOUND('',#8709,.F.);
#8709 = EDGE_LOOP('',(#8710,#8711,#8733,#8734));
#8710 = ORIENTED_EDGE('',*,*,#8214,.F.);
#8711 = ORIENTED_EDGE('',*,*,#8712,.T.);
#8712 = EDGE_CURVE('',#6349,#3632,#8713,.T.);
#8713 = SURFACE_CURVE('',#8714,(#8719,#8726),.PCURVE_S1.);
#8714 = CIRCLE('',#8715,5.);
#8715 = AXIS2_PLACEMENT_3D('',#8716,#8717,#8718);
#8716 = CARTESIAN_POINT('',(-5.1,-68.1,10.));
#8717 = DIRECTION('',(0.,1.,0.));
#8718 = DIRECTION('',(0.,-0.,1.));
#8719 = PCURVE('',#3671,#8720);
#8720 = DEFINITIONAL_REPRESENTATION('',(#8721),#8725);
#8721 = LINE('',#8722,#8723);
#8722 = CARTESIAN_POINT('',(1.570796326795,6.28318530718));
#8723 = VECTOR('',#8724,1.);
#8724 = DIRECTION('',(0.,-1.));
#8725 = ( GEOMETRIC_REPRESENTATION_CONTEXT(2) 
PARAMETRIC_REPRESENTATION_CONTEXT() REPRESENTATION_CONTEXT('2D SPACE',''
  ) );
#8726 = PCURVE('',#934,#8727);
#8727 = DEFINITIONAL_REPRESENTATION('',(#8728),#8732);
#8728 = LINE('',#8729,#8730);
#8729 = CARTESIAN_POINT('',(1.570796326795,-68.1));
#8730 = VECTOR('',#8731,1.);
#8731 = DIRECTION('',(1.,0.));
#8732 = ( GEOMETRIC_REPRESENTATION_CONTEXT(2) 
PARAMETRIC_REPRESENTATION_CONTEXT() REPRESENTATION_CONTEXT('2D SPACE',''
  ) );
#8733 = ORIENTED_EDGE('',*,*,#3654,.T.);
#8734 = ORIENTED_EDGE('',*,*,#8684,.F.);
#8735 = ADVANCED_FACE('',(#8736),#934,.F.);
#8736 = FACE_BOUND('',#8737,.F.);
#8737 = EDGE_LOOP('',(#8738,#8739,#8740,#8741));
#8738 = ORIENTED_EDGE('',*,*,#3631,.T.);
#8739 = ORIENTED_EDGE('',*,*,#8712,.F.);
#8740 = ORIENTED_EDGE('',*,*,#6376,.F.);
#8741 = ORIENTED_EDGE('',*,*,#917,.F.);
#8742 = ADVANCED_FACE('',(#8743),#3780,.F.);
#8743 = FACE_BOUND('',#8744,.F.);
#8744 = EDGE_LOOP('',(#8745,#8746,#8768,#8769));
#8745 = ORIENTED_EDGE('',*,*,#3763,.T.);
#8746 = ORIENTED_EDGE('',*,*,#8747,.T.);
#8747 = EDGE_CURVE('',#3764,#6425,#8748,.T.);
#8748 = SURFACE_CURVE('',#8749,(#8754,#8761),.PCURVE_S1.);
#8749 = CIRCLE('',#8750,5.);
#8750 = AXIS2_PLACEMENT_3D('',#8751,#8752,#8753);
#8751 = CARTESIAN_POINT('',(-5.1,62.1,1.));
#8752 = DIRECTION('',(0.,0.,-1.));
#8753 = DIRECTION('',(-1.,0.,0.));
#8754 = PCURVE('',#3780,#8755);
#8755 = DEFINITIONAL_REPRESENTATION('',(#8756),#8760);
#8756 = LINE('',#8757,#8758);
#8757 = CARTESIAN_POINT('',(6.28318530718,1.570796326795));
#8758 = VECTOR('',#8759,1.);
#8759 = DIRECTION('',(0.,1.));
#8760 = ( GEOMETRIC_REPRESENTATION_CONTEXT(2) 
PARAMETRIC_REPRESENTATION_CONTEXT() REPRESENTATION_CONTEXT('2D SPACE',''
  ) );
#8761 = PCURVE('',#3808,#8762);
#8762 = DEFINITIONAL_REPRESENTATION('',(#8763),#8767);
#8763 = LINE('',#8764,#8765);
#8764 = CARTESIAN_POINT('',(0.,24.));
#8765 = VECTOR('',#8766,1.);
#8766 = DIRECTION('',(1.,0.));
#8767 = ( GEOMETRIC_REPRESENTATION_CONTEXT(2) 
PARAMETRIC_REPRESENTATION_CONTEXT() REPRESENTATION_CONTEXT('2D SPACE',''
  ) );
#8768 = ORIENTED_EDGE('',*,*,#8263,.F.);
#8769 = ORIENTED_EDGE('',*,*,#5363,.F.);
#8770 = ADVANCED_FACE('',(#8771),#3808,.F.);
#8771 = FACE_BOUND('',#8772,.F.);
#8772 = EDGE_LOOP('',(#8773,#8774,#8796,#8797));
#8773 = ORIENTED_EDGE('',*,*,#3792,.F.);
#8774 = ORIENTED_EDGE('',*,*,#8775,.T.);
#8775 = EDGE_CURVE('',#3793,#6476,#8776,.T.);
#8776 = SURFACE_CURVE('',#8777,(#8782,#8789),.PCURVE_S1.);
#8777 = CIRCLE('',#8778,5.);
#8778 = AXIS2_PLACEMENT_3D('',#8779,#8780,#8781);
#8779 = CARTESIAN_POINT('',(-5.1,62.1,4.));
#8780 = DIRECTION('',(0.,0.,-1.));
#8781 = DIRECTION('',(-1.,0.,0.));
#8782 = PCURVE('',#3808,#8783);
#8783 = DEFINITIONAL_REPRESENTATION('',(#8784),#8788);
#8784 = LINE('',#8785,#8786);
#8785 = CARTESIAN_POINT('',(0.,21.));
#8786 = VECTOR('',#8787,1.);
#8787 = DIRECTION('',(1.,0.));
#8788 = ( GEOMETRIC_REPRESENTATION_CONTEXT(2) 
PARAMETRIC_REPRESENTATION_CONTEXT() REPRESENTATION_CONTEXT('2D SPACE',''
  ) );
#8789 = PCURVE('',#3837,#8790);
#8790 = DEFINITIONAL_REPRESENTATION('',(#8791),#8795);
#8791 = LINE('',#8792,#8793);
#8792 = CARTESIAN_POINT('',(0.,1.570796326795));
#8793 = VECTOR('',#8794,1.);
#8794 = DIRECTION('',(0.,1.));
#8795 = ( GEOMETRIC_REPRESENTATION_CONTEXT(2) 
PARAMETRIC_REPRESENTATION_CONTEXT() REPRESENTATION_CONTEXT('2D SPACE',''
  ) );
#8796 = ORIENTED_EDGE('',*,*,#6498,.T.);
#8797 = ORIENTED_EDGE('',*,*,#8747,.F.);
#8798 = ADVANCED_FACE('',(#8799),#3837,.F.);
#8799 = FACE_BOUND('',#8800,.F.);
#8800 = EDGE_LOOP('',(#8801,#8802,#8824,#8825));
#8801 = ORIENTED_EDGE('',*,*,#3820,.T.);
#8802 = ORIENTED_EDGE('',*,*,#8803,.T.);
#8803 = EDGE_CURVE('',#3821,#5522,#8804,.T.);
#8804 = SURFACE_CURVE('',#8805,(#8810,#8817),.PCURVE_S1.);
#8805 = CIRCLE('',#8806,5.);
#8806 = AXIS2_PLACEMENT_3D('',#8807,#8808,#8809);
#8807 = CARTESIAN_POINT('',(-5.1,68.1,10.));
#8808 = DIRECTION('',(0.,-1.,0.));
#8809 = DIRECTION('',(0.,0.,-1.));
#8810 = PCURVE('',#3837,#8811);
#8811 = DEFINITIONAL_REPRESENTATION('',(#8812),#8816);
#8812 = LINE('',#8813,#8814);
#8813 = CARTESIAN_POINT('',(1.570796326795,-3.14159265359));
#8814 = VECTOR('',#8815,1.);
#8815 = DIRECTION('',(0.,1.));
#8816 = ( GEOMETRIC_REPRESENTATION_CONTEXT(2) 
PARAMETRIC_REPRESENTATION_CONTEXT() REPRESENTATION_CONTEXT('2D SPACE',''
  ) );
#8817 = PCURVE('',#1393,#8818);
#8818 = DEFINITIONAL_REPRESENTATION('',(#8819),#8823);
#8819 = LINE('',#8820,#8821);
#8820 = CARTESIAN_POINT('',(10.995574287564,68.1));
#8821 = VECTOR('',#8822,1.);
#8822 = DIRECTION('',(-1.,0.));
#8823 = ( GEOMETRIC_REPRESENTATION_CONTEXT(2) 
PARAMETRIC_REPRESENTATION_CONTEXT() REPRESENTATION_CONTEXT('2D SPACE',''
  ) );
#8824 = ORIENTED_EDGE('',*,*,#8312,.F.);
#8825 = ORIENTED_EDGE('',*,*,#8775,.F.);
#8826 = ADVANCED_FACE('',(#8827),#1393,.F.);
#8827 = FACE_BOUND('',#8828,.F.);
#8828 = EDGE_LOOP('',(#8829,#8830,#8831,#8832));
#8829 = ORIENTED_EDGE('',*,*,#3849,.T.);
#8830 = ORIENTED_EDGE('',*,*,#1376,.T.);
#8831 = ORIENTED_EDGE('',*,*,#5521,.F.);
#8832 = ORIENTED_EDGE('',*,*,#8803,.F.);
#8833 = ADVANCED_FACE('',(#8834),#8848,.T.);
#8834 = FACE_BOUND('',#8835,.T.);
#8835 = EDGE_LOOP('',(#8836,#8871,#8899,#8927));
#8836 = ORIENTED_EDGE('',*,*,#8837,.T.);
#8837 = EDGE_CURVE('',#8838,#8840,#8842,.T.);
#8838 = VERTEX_POINT('',#8839);
#8839 = CARTESIAN_POINT('',(17.1,-63.6,57.));
#8840 = VERTEX_POINT('',#8841);
#8841 = CARTESIAN_POINT('',(17.1,-63.6,63.));
#8842 = SURFACE_CURVE('',#8843,(#8847,#8859),.PCURVE_S1.);
#8843 = LINE('',#8844,#8845);
#8844 = CARTESIAN_POINT('',(17.1,-63.6,64.));
#8845 = VECTOR('',#8846,1.);
#8846 = DIRECTION('',(0.,0.,1.));
#8847 = PCURVE('',#8848,#8853);
#8848 = PLANE('',#8849);
#8849 = AXIS2_PLACEMENT_3D('',#8850,#8851,#8852);
#8850 = CARTESIAN_POINT('',(17.1,-9.618602931E-16,37.));
#8851 = DIRECTION('',(1.,-5.624913994737E-17,0.));
#8852 = DIRECTION('',(5.624913994737E-17,1.,0.));
#8853 = DEFINITIONAL_REPRESENTATION('',(#8854),#8858);
#8854 = LINE('',#8855,#8856);
#8855 = CARTESIAN_POINT('',(-63.6,27.));
#8856 = VECTOR('',#8857,1.);
#8857 = DIRECTION('',(0.,1.));
#8858 = ( GEOMETRIC_REPRESENTATION_CONTEXT(2) 
PARAMETRIC_REPRESENTATION_CONTEXT() REPRESENTATION_CONTEXT('2D SPACE',''
  ) );
#8859 = PCURVE('',#8860,#8865);
#8860 = CYLINDRICAL_SURFACE('',#8861,1.);
#8861 = AXIS2_PLACEMENT_3D('',#8862,#8863,#8864);
#8862 = CARTESIAN_POINT('',(16.1,-63.6,37.));
#8863 = DIRECTION('',(0.,0.,-1.));
#8864 = DIRECTION('',(-1.,0.,0.));
#8865 = DEFINITIONAL_REPRESENTATION('',(#8866),#8870);
#8866 = LINE('',#8867,#8868);
#8867 = CARTESIAN_POINT('',(3.14159265359,-27.));
#8868 = VECTOR('',#8869,1.);
#8869 = DIRECTION('',(0.,-1.));
#8870 = ( GEOMETRIC_REPRESENTATION_CONTEXT(2) 
PARAMETRIC_REPRESENTATION_CONTEXT() REPRESENTATION_CONTEXT('2D SPACE',''
  ) );
#8871 = ORIENTED_EDGE('',*,*,#8872,.T.);
#8872 = EDGE_CURVE('',#8840,#8873,#8875,.T.);
#8873 = VERTEX_POINT('',#8874);
#8874 = CARTESIAN_POINT('',(17.1,-65.6,63.));
#8875 = SURFACE_CURVE('',#8876,(#8880,#8887),.PCURVE_S1.);
#8876 = LINE('',#8877,#8878);
#8877 = CARTESIAN_POINT('',(17.1,-66.6,63.));
#8878 = VECTOR('',#8879,1.);
#8879 = DIRECTION('',(-5.624913994737E-17,-1.,0.));
#8880 = PCURVE('',#8848,#8881);
#8881 = DEFINITIONAL_REPRESENTATION('',(#8882),#8886);
#8882 = LINE('',#8883,#8884);
#8883 = CARTESIAN_POINT('',(-66.6,26.));
#8884 = VECTOR('',#8885,1.);
#8885 = DIRECTION('',(-1.,0.));
#8886 = ( GEOMETRIC_REPRESENTATION_CONTEXT(2) 
PARAMETRIC_REPRESENTATION_CONTEXT() REPRESENTATION_CONTEXT('2D SPACE',''
  ) );
#8887 = PCURVE('',#8888,#8893);
#8888 = CYLINDRICAL_SURFACE('',#8889,1.);
#8889 = AXIS2_PLACEMENT_3D('',#8890,#8891,#8892);
#8890 = CARTESIAN_POINT('',(16.1,-9.056111531526E-16,63.));
#8891 = DIRECTION('',(5.624913994737E-17,1.,0.));
#8892 = DIRECTION('',(-1.,5.624913994737E-17,0.));
#8893 = DEFINITIONAL_REPRESENTATION('',(#8894),#8898);
#8894 = LINE('',#8895,#8896);
#8895 = CARTESIAN_POINT('',(3.14159265359,-66.6));
#8896 = VECTOR('',#8897,1.);
#8897 = DIRECTION('',(0.,-1.));
#8898 = ( GEOMETRIC_REPRESENTATION_CONTEXT(2) 
PARAMETRIC_REPRESENTATION_CONTEXT() REPRESENTATION_CONTEXT('2D SPACE',''
  ) );
#8899 = ORIENTED_EDGE('',*,*,#8900,.F.);
#8900 = EDGE_CURVE('',#8901,#8873,#8903,.T.);
#8901 = VERTEX_POINT('',#8902);
#8902 = CARTESIAN_POINT('',(17.1,-65.6,57.));
#8903 = SURFACE_CURVE('',#8904,(#8908,#8915),.PCURVE_S1.);
#8904 = LINE('',#8905,#8906);
#8905 = CARTESIAN_POINT('',(17.1,-65.6,37.));
#8906 = VECTOR('',#8907,1.);
#8907 = DIRECTION('',(0.,0.,1.));
#8908 = PCURVE('',#8848,#8909);
#8909 = DEFINITIONAL_REPRESENTATION('',(#8910),#8914);
#8910 = LINE('',#8911,#8912);
#8911 = CARTESIAN_POINT('',(-65.6,0.));
#8912 = VECTOR('',#8913,1.);
#8913 = DIRECTION('',(0.,1.));
#8914 = ( GEOMETRIC_REPRESENTATION_CONTEXT(2) 
PARAMETRIC_REPRESENTATION_CONTEXT() REPRESENTATION_CONTEXT('2D SPACE',''
  ) );
#8915 = PCURVE('',#8916,#8921);
#8916 = CYLINDRICAL_SURFACE('',#8917,1.);
#8917 = AXIS2_PLACEMENT_3D('',#8918,#8919,#8920);
#8918 = CARTESIAN_POINT('',(16.1,-65.6,60.));
#8919 = DIRECTION('',(0.,0.,1.));
#8920 = DIRECTION('',(1.,0.,-0.));
#8921 = DEFINITIONAL_REPRESENTATION('',(#8922),#8926);
#8922 = LINE('',#8923,#8924);
#8923 = CARTESIAN_POINT('',(6.28318530718,-23.));
#8924 = VECTOR('',#8925,1.);
#8925 = DIRECTION('',(0.,1.));
#8926 = ( GEOMETRIC_REPRESENTATION_CONTEXT(2) 
PARAMETRIC_REPRESENTATION_CONTEXT() REPRESENTATION_CONTEXT('2D SPACE',''
  ) );
#8927 = ORIENTED_EDGE('',*,*,#8928,.F.);
#8928 = EDGE_CURVE('',#8838,#8901,#8929,.T.);
#8929 = SURFACE_CURVE('',#8930,(#8934,#8941),.PCURVE_S1.);
#8930 = LINE('',#8931,#8932);
#8931 = CARTESIAN_POINT('',(17.1,-9.618602931E-16,57.));
#8932 = VECTOR('',#8933,1.);
#8933 = DIRECTION('',(-5.624913994737E-17,-1.,0.));
#8934 = PCURVE('',#8848,#8935);
#8935 = DEFINITIONAL_REPRESENTATION('',(#8936),#8940);
#8936 = LINE('',#8937,#8938);
#8937 = CARTESIAN_POINT('',(0.,20.));
#8938 = VECTOR('',#8939,1.);
#8939 = DIRECTION('',(-1.,0.));
#8940 = ( GEOMETRIC_REPRESENTATION_CONTEXT(2) 
PARAMETRIC_REPRESENTATION_CONTEXT() REPRESENTATION_CONTEXT('2D SPACE',''
  ) );
#8941 = PCURVE('',#8942,#8947);
#8942 = CYLINDRICAL_SURFACE('',#8943,1.);
#8943 = AXIS2_PLACEMENT_3D('',#8944,#8945,#8946);
#8944 = CARTESIAN_POINT('',(16.1,-64.6,57.));
#8945 = DIRECTION('',(-5.624913994737E-17,-1.,0.));
#8946 = DIRECTION('',(1.,-5.624913994737E-17,0.));
#8947 = DEFINITIONAL_REPRESENTATION('',(#8948),#8952);
#8948 = LINE('',#8949,#8950);
#8949 = CARTESIAN_POINT('',(6.28318530718,-64.6));
#8950 = VECTOR('',#8951,1.);
#8951 = DIRECTION('',(0.,1.));
#8952 = ( GEOMETRIC_REPRESENTATION_CONTEXT(2) 
PARAMETRIC_REPRESENTATION_CONTEXT() REPRESENTATION_CONTEXT('2D SPACE',''
  ) );
#8953 = ADVANCED_FACE('',(#8954),#8968,.T.);
#8954 = FACE_BOUND('',#8955,.T.);
#8955 = EDGE_LOOP('',(#8956,#8991,#9019,#9047));
#8956 = ORIENTED_EDGE('',*,*,#8957,.T.);
#8957 = EDGE_CURVE('',#8958,#8960,#8962,.T.);
#8958 = VERTEX_POINT('',#8959);
#8959 = CARTESIAN_POINT('',(17.1,65.6,23.));
#8960 = VERTEX_POINT('',#8961);
#8961 = CARTESIAN_POINT('',(17.1,63.6,23.));
#8962 = SURFACE_CURVE('',#8963,(#8967,#8979),.PCURVE_S1.);
#8963 = LINE('',#8964,#8965);
#8964 = CARTESIAN_POINT('',(17.1,62.6,23.));
#8965 = VECTOR('',#8966,1.);
#8966 = DIRECTION('',(-5.624913994737E-17,-1.,0.));
#8967 = PCURVE('',#8968,#8973);
#8968 = PLANE('',#8969);
#8969 = AXIS2_PLACEMENT_3D('',#8970,#8971,#8972);
#8970 = CARTESIAN_POINT('',(17.1,-9.618602931E-16,37.));
#8971 = DIRECTION('',(1.,-5.624913994737E-17,0.));
#8972 = DIRECTION('',(5.624913994737E-17,1.,0.));
#8973 = DEFINITIONAL_REPRESENTATION('',(#8974),#8978);
#8974 = LINE('',#8975,#8976);
#8975 = CARTESIAN_POINT('',(62.6,-14.));
#8976 = VECTOR('',#8977,1.);
#8977 = DIRECTION('',(-1.,0.));
#8978 = ( GEOMETRIC_REPRESENTATION_CONTEXT(2) 
PARAMETRIC_REPRESENTATION_CONTEXT() REPRESENTATION_CONTEXT('2D SPACE',''
  ) );
#8979 = PCURVE('',#8980,#8985);
#8980 = CYLINDRICAL_SURFACE('',#8981,1.);
#8981 = AXIS2_PLACEMENT_3D('',#8982,#8983,#8984);
#8982 = CARTESIAN_POINT('',(16.1,-9.056111531526E-16,23.));
#8983 = DIRECTION('',(5.624913994737E-17,1.,0.));
#8984 = DIRECTION('',(-1.,5.624913994737E-17,0.));
#8985 = DEFINITIONAL_REPRESENTATION('',(#8986),#8990);
#8986 = LINE('',#8987,#8988);
#8987 = CARTESIAN_POINT('',(3.14159265359,62.6));
#8988 = VECTOR('',#8989,1.);
#8989 = DIRECTION('',(0.,-1.));
#8990 = ( GEOMETRIC_REPRESENTATION_CONTEXT(2) 
PARAMETRIC_REPRESENTATION_CONTEXT() REPRESENTATION_CONTEXT('2D SPACE',''
  ) );
#8991 = ORIENTED_EDGE('',*,*,#8992,.F.);
#8992 = EDGE_CURVE('',#8993,#8960,#8995,.T.);
#8993 = VERTEX_POINT('',#8994);
#8994 = CARTESIAN_POINT('',(17.1,63.6,17.));
#8995 = SURFACE_CURVE('',#8996,(#9000,#9007),.PCURVE_S1.);
#8996 = LINE('',#8997,#8998);
#8997 = CARTESIAN_POINT('',(17.1,63.6,37.));
#8998 = VECTOR('',#8999,1.);
#8999 = DIRECTION('',(0.,0.,1.));
#9000 = PCURVE('',#8968,#9001);
#9001 = DEFINITIONAL_REPRESENTATION('',(#9002),#9006);
#9002 = LINE('',#9003,#9004);
#9003 = CARTESIAN_POINT('',(63.6,0.));
#9004 = VECTOR('',#9005,1.);
#9005 = DIRECTION('',(0.,1.));
#9006 = ( GEOMETRIC_REPRESENTATION_CONTEXT(2) 
PARAMETRIC_REPRESENTATION_CONTEXT() REPRESENTATION_CONTEXT('2D SPACE',''
  ) );
#9007 = PCURVE('',#9008,#9013);
#9008 = CYLINDRICAL_SURFACE('',#9009,1.);
#9009 = AXIS2_PLACEMENT_3D('',#9010,#9011,#9012);
#9010 = CARTESIAN_POINT('',(16.1,63.6,20.));
#9011 = DIRECTION('',(0.,0.,1.));
#9012 = DIRECTION('',(1.,0.,-0.));
#9013 = DEFINITIONAL_REPRESENTATION('',(#9014),#9018);
#9014 = LINE('',#9015,#9016);
#9015 = CARTESIAN_POINT('',(6.28318530718,17.));
#9016 = VECTOR('',#9017,1.);
#9017 = DIRECTION('',(0.,1.));
#9018 = ( GEOMETRIC_REPRESENTATION_CONTEXT(2) 
PARAMETRIC_REPRESENTATION_CONTEXT() REPRESENTATION_CONTEXT('2D SPACE',''
  ) );
#9019 = ORIENTED_EDGE('',*,*,#9020,.F.);
#9020 = EDGE_CURVE('',#9021,#8993,#9023,.T.);
#9021 = VERTEX_POINT('',#9022);
#9022 = CARTESIAN_POINT('',(17.1,65.6,17.));
#9023 = SURFACE_CURVE('',#9024,(#9028,#9035),.PCURVE_S1.);
#9024 = LINE('',#9025,#9026);
#9025 = CARTESIAN_POINT('',(17.1,-9.618602931E-16,17.));
#9026 = VECTOR('',#9027,1.);
#9027 = DIRECTION('',(-5.624913994737E-17,-1.,0.));
#9028 = PCURVE('',#8968,#9029);
#9029 = DEFINITIONAL_REPRESENTATION('',(#9030),#9034);
#9030 = LINE('',#9031,#9032);
#9031 = CARTESIAN_POINT('',(0.,-20.));
#9032 = VECTOR('',#9033,1.);
#9033 = DIRECTION('',(-1.,0.));
#9034 = ( GEOMETRIC_REPRESENTATION_CONTEXT(2) 
PARAMETRIC_REPRESENTATION_CONTEXT() REPRESENTATION_CONTEXT('2D SPACE',''
  ) );
#9035 = PCURVE('',#9036,#9041);
#9036 = CYLINDRICAL_SURFACE('',#9037,1.);
#9037 = AXIS2_PLACEMENT_3D('',#9038,#9039,#9040);
#9038 = CARTESIAN_POINT('',(16.1,64.6,17.));
#9039 = DIRECTION('',(-5.624913994737E-17,-1.,0.));
#9040 = DIRECTION('',(1.,-5.624913994737E-17,0.));
#9041 = DEFINITIONAL_REPRESENTATION('',(#9042),#9046);
#9042 = LINE('',#9043,#9044);
#9043 = CARTESIAN_POINT('',(6.28318530718,64.6));
#9044 = VECTOR('',#9045,1.);
#9045 = DIRECTION('',(0.,1.));
#9046 = ( GEOMETRIC_REPRESENTATION_CONTEXT(2) 
PARAMETRIC_REPRESENTATION_CONTEXT() REPRESENTATION_CONTEXT('2D SPACE',''
  ) );
#9047 = ORIENTED_EDGE('',*,*,#9048,.T.);
#9048 = EDGE_CURVE('',#9021,#8958,#9049,.T.);
#9049 = SURFACE_CURVE('',#9050,(#9054,#9061),.PCURVE_S1.);
#9050 = LINE('',#9051,#9052);
#9051 = CARTESIAN_POINT('',(17.1,65.6,24.));
#9052 = VECTOR('',#9053,1.);
#9053 = DIRECTION('',(0.,0.,1.));
#9054 = PCURVE('',#8968,#9055);
#9055 = DEFINITIONAL_REPRESENTATION('',(#9056),#9060);
#9056 = LINE('',#9057,#9058);
#9057 = CARTESIAN_POINT('',(65.6,-13.));
#9058 = VECTOR('',#9059,1.);
#9059 = DIRECTION('',(0.,1.));
#9060 = ( GEOMETRIC_REPRESENTATION_CONTEXT(2) 
PARAMETRIC_REPRESENTATION_CONTEXT() REPRESENTATION_CONTEXT('2D SPACE',''
  ) );
#9061 = PCURVE('',#9062,#9067);
#9062 = CYLINDRICAL_SURFACE('',#9063,1.);
#9063 = AXIS2_PLACEMENT_3D('',#9064,#9065,#9066);
#9064 = CARTESIAN_POINT('',(16.1,65.6,37.));
#9065 = DIRECTION('',(0.,0.,-1.));
#9066 = DIRECTION('',(-1.,0.,0.));
#9067 = DEFINITIONAL_REPRESENTATION('',(#9068),#9072);
#9068 = LINE('',#9069,#9070);
#9069 = CARTESIAN_POINT('',(3.14159265359,13.));
#9070 = VECTOR('',#9071,1.);
#9071 = DIRECTION('',(0.,-1.));
#9072 = ( GEOMETRIC_REPRESENTATION_CONTEXT(2) 
PARAMETRIC_REPRESENTATION_CONTEXT() REPRESENTATION_CONTEXT('2D SPACE',''
  ) );
#9073 = ADVANCED_FACE('',(#9074),#9088,.T.);
#9074 = FACE_BOUND('',#9075,.T.);
#9075 = EDGE_LOOP('',(#9076,#9111,#9139,#9167));
#9076 = ORIENTED_EDGE('',*,*,#9077,.T.);
#9077 = EDGE_CURVE('',#9078,#9080,#9082,.T.);
#9078 = VERTEX_POINT('',#9079);
#9079 = CARTESIAN_POINT('',(17.1,65.6,57.));
#9080 = VERTEX_POINT('',#9081);
#9081 = CARTESIAN_POINT('',(17.1,65.6,63.));
#9082 = SURFACE_CURVE('',#9083,(#9087,#9099),.PCURVE_S1.);
#9083 = LINE('',#9084,#9085);
#9084 = CARTESIAN_POINT('',(17.1,65.6,64.));
#9085 = VECTOR('',#9086,1.);
#9086 = DIRECTION('',(0.,0.,1.));
#9087 = PCURVE('',#9088,#9093);
#9088 = PLANE('',#9089);
#9089 = AXIS2_PLACEMENT_3D('',#9090,#9091,#9092);
#9090 = CARTESIAN_POINT('',(17.1,-9.618602931E-16,37.));
#9091 = DIRECTION('',(1.,-5.624913994737E-17,0.));
#9092 = DIRECTION('',(5.624913994737E-17,1.,0.));
#9093 = DEFINITIONAL_REPRESENTATION('',(#9094),#9098);
#9094 = LINE('',#9095,#9096);
#9095 = CARTESIAN_POINT('',(65.6,27.));
#9096 = VECTOR('',#9097,1.);
#9097 = DIRECTION('',(0.,1.));
#9098 = ( GEOMETRIC_REPRESENTATION_CONTEXT(2) 
PARAMETRIC_REPRESENTATION_CONTEXT() REPRESENTATION_CONTEXT('2D SPACE',''
  ) );
#9099 = PCURVE('',#9100,#9105);
#9100 = CYLINDRICAL_SURFACE('',#9101,1.);
#9101 = AXIS2_PLACEMENT_3D('',#9102,#9103,#9104);
#9102 = CARTESIAN_POINT('',(16.1,65.6,37.));
#9103 = DIRECTION('',(0.,0.,-1.));
#9104 = DIRECTION('',(-1.,0.,0.));
#9105 = DEFINITIONAL_REPRESENTATION('',(#9106),#9110);
#9106 = LINE('',#9107,#9108);
#9107 = CARTESIAN_POINT('',(3.14159265359,-27.));
#9108 = VECTOR('',#9109,1.);
#9109 = DIRECTION('',(0.,-1.));
#9110 = ( GEOMETRIC_REPRESENTATION_CONTEXT(2) 
PARAMETRIC_REPRESENTATION_CONTEXT() REPRESENTATION_CONTEXT('2D SPACE',''
  ) );
#9111 = ORIENTED_EDGE('',*,*,#9112,.T.);
#9112 = EDGE_CURVE('',#9080,#9113,#9115,.T.);
#9113 = VERTEX_POINT('',#9114);
#9114 = CARTESIAN_POINT('',(17.1,63.6,63.));
#9115 = SURFACE_CURVE('',#9116,(#9120,#9127),.PCURVE_S1.);
#9116 = LINE('',#9117,#9118);
#9117 = CARTESIAN_POINT('',(17.1,62.6,63.));
#9118 = VECTOR('',#9119,1.);
#9119 = DIRECTION('',(-5.624913994737E-17,-1.,0.));
#9120 = PCURVE('',#9088,#9121);
#9121 = DEFINITIONAL_REPRESENTATION('',(#9122),#9126);
#9122 = LINE('',#9123,#9124);
#9123 = CARTESIAN_POINT('',(62.6,26.));
#9124 = VECTOR('',#9125,1.);
#9125 = DIRECTION('',(-1.,0.));
#9126 = ( GEOMETRIC_REPRESENTATION_CONTEXT(2) 
PARAMETRIC_REPRESENTATION_CONTEXT() REPRESENTATION_CONTEXT('2D SPACE',''
  ) );
#9127 = PCURVE('',#9128,#9133);
#9128 = CYLINDRICAL_SURFACE('',#9129,1.);
#9129 = AXIS2_PLACEMENT_3D('',#9130,#9131,#9132);
#9130 = CARTESIAN_POINT('',(16.1,-9.056111531526E-16,63.));
#9131 = DIRECTION('',(5.624913994737E-17,1.,0.));
#9132 = DIRECTION('',(-1.,5.624913994737E-17,0.));
#9133 = DEFINITIONAL_REPRESENTATION('',(#9134),#9138);
#9134 = LINE('',#9135,#9136);
#9135 = CARTESIAN_POINT('',(3.14159265359,62.6));
#9136 = VECTOR('',#9137,1.);
#9137 = DIRECTION('',(0.,-1.));
#9138 = ( GEOMETRIC_REPRESENTATION_CONTEXT(2) 
PARAMETRIC_REPRESENTATION_CONTEXT() REPRESENTATION_CONTEXT('2D SPACE',''
  ) );
#9139 = ORIENTED_EDGE('',*,*,#9140,.F.);
#9140 = EDGE_CURVE('',#9141,#9113,#9143,.T.);
#9141 = VERTEX_POINT('',#9142);
#9142 = CARTESIAN_POINT('',(17.1,63.6,57.));
#9143 = SURFACE_CURVE('',#9144,(#9148,#9155),.PCURVE_S1.);
#9144 = LINE('',#9145,#9146);
#9145 = CARTESIAN_POINT('',(17.1,63.6,37.));
#9146 = VECTOR('',#9147,1.);
#9147 = DIRECTION('',(0.,0.,1.));
#9148 = PCURVE('',#9088,#9149);
#9149 = DEFINITIONAL_REPRESENTATION('',(#9150),#9154);
#9150 = LINE('',#9151,#9152);
#9151 = CARTESIAN_POINT('',(63.6,0.));
#9152 = VECTOR('',#9153,1.);
#9153 = DIRECTION('',(0.,1.));
#9154 = ( GEOMETRIC_REPRESENTATION_CONTEXT(2) 
PARAMETRIC_REPRESENTATION_CONTEXT() REPRESENTATION_CONTEXT('2D SPACE',''
  ) );
#9155 = PCURVE('',#9156,#9161);
#9156 = CYLINDRICAL_SURFACE('',#9157,1.);
#9157 = AXIS2_PLACEMENT_3D('',#9158,#9159,#9160);
#9158 = CARTESIAN_POINT('',(16.1,63.6,60.));
#9159 = DIRECTION('',(0.,0.,1.));
#9160 = DIRECTION('',(1.,0.,-0.));
#9161 = DEFINITIONAL_REPRESENTATION('',(#9162),#9166);
#9162 = LINE('',#9163,#9164);
#9163 = CARTESIAN_POINT('',(6.28318530718,-23.));
#9164 = VECTOR('',#9165,1.);
#9165 = DIRECTION('',(0.,1.));
#9166 = ( GEOMETRIC_REPRESENTATION_CONTEXT(2) 
PARAMETRIC_REPRESENTATION_CONTEXT() REPRESENTATION_CONTEXT('2D SPACE',''
  ) );
#9167 = ORIENTED_EDGE('',*,*,#9168,.F.);
#9168 = EDGE_CURVE('',#9078,#9141,#9169,.T.);
#9169 = SURFACE_CURVE('',#9170,(#9174,#9181),.PCURVE_S1.);
#9170 = LINE('',#9171,#9172);
#9171 = CARTESIAN_POINT('',(17.1,-9.618602931E-16,57.));
#9172 = VECTOR('',#9173,1.);
#9173 = DIRECTION('',(-5.624913994737E-17,-1.,0.));
#9174 = PCURVE('',#9088,#9175);
#9175 = DEFINITIONAL_REPRESENTATION('',(#9176),#9180);
#9176 = LINE('',#9177,#9178);
#9177 = CARTESIAN_POINT('',(0.,20.));
#9178 = VECTOR('',#9179,1.);
#9179 = DIRECTION('',(-1.,0.));
#9180 = ( GEOMETRIC_REPRESENTATION_CONTEXT(2) 
PARAMETRIC_REPRESENTATION_CONTEXT() REPRESENTATION_CONTEXT('2D SPACE',''
  ) );
#9181 = PCURVE('',#9182,#9187);
#9182 = CYLINDRICAL_SURFACE('',#9183,1.);
#9183 = AXIS2_PLACEMENT_3D('',#9184,#9185,#9186);
#9184 = CARTESIAN_POINT('',(16.1,64.6,57.));
#9185 = DIRECTION('',(-5.624913994737E-17,-1.,0.));
#9186 = DIRECTION('',(1.,-5.624913994737E-17,0.));
#9187 = DEFINITIONAL_REPRESENTATION('',(#9188),#9192);
#9188 = LINE('',#9189,#9190);
#9189 = CARTESIAN_POINT('',(6.28318530718,64.6));
#9190 = VECTOR('',#9191,1.);
#9191 = DIRECTION('',(0.,1.));
#9192 = ( GEOMETRIC_REPRESENTATION_CONTEXT(2) 
PARAMETRIC_REPRESENTATION_CONTEXT() REPRESENTATION_CONTEXT('2D SPACE',''
  ) );
#9193 = ADVANCED_FACE('',(#9194),#9208,.T.);
#9194 = FACE_BOUND('',#9195,.T.);
#9195 = EDGE_LOOP('',(#9196,#9231,#9259,#9287));
#9196 = ORIENTED_EDGE('',*,*,#9197,.T.);
#9197 = EDGE_CURVE('',#9198,#9200,#9202,.T.);
#9198 = VERTEX_POINT('',#9199);
#9199 = CARTESIAN_POINT('',(17.1,-63.6,17.));
#9200 = VERTEX_POINT('',#9201);
#9201 = CARTESIAN_POINT('',(17.1,-63.6,23.));
#9202 = SURFACE_CURVE('',#9203,(#9207,#9219),.PCURVE_S1.);
#9203 = LINE('',#9204,#9205);
#9204 = CARTESIAN_POINT('',(17.1,-63.6,24.));
#9205 = VECTOR('',#9206,1.);
#9206 = DIRECTION('',(0.,0.,1.));
#9207 = PCURVE('',#9208,#9213);
#9208 = PLANE('',#9209);
#9209 = AXIS2_PLACEMENT_3D('',#9210,#9211,#9212);
#9210 = CARTESIAN_POINT('',(17.1,-9.618602931E-16,37.));
#9211 = DIRECTION('',(1.,-5.624913994737E-17,0.));
#9212 = DIRECTION('',(5.624913994737E-17,1.,0.));
#9213 = DEFINITIONAL_REPRESENTATION('',(#9214),#9218);
#9214 = LINE('',#9215,#9216);
#9215 = CARTESIAN_POINT('',(-63.6,-13.));
#9216 = VECTOR('',#9217,1.);
#9217 = DIRECTION('',(0.,1.));
#9218 = ( GEOMETRIC_REPRESENTATION_CONTEXT(2) 
PARAMETRIC_REPRESENTATION_CONTEXT() REPRESENTATION_CONTEXT('2D SPACE',''
  ) );
#9219 = PCURVE('',#9220,#9225);
#9220 = CYLINDRICAL_SURFACE('',#9221,1.);
#9221 = AXIS2_PLACEMENT_3D('',#9222,#9223,#9224);
#9222 = CARTESIAN_POINT('',(16.1,-63.6,37.));
#9223 = DIRECTION('',(0.,0.,-1.));
#9224 = DIRECTION('',(-1.,0.,0.));
#9225 = DEFINITIONAL_REPRESENTATION('',(#9226),#9230);
#9226 = LINE('',#9227,#9228);
#9227 = CARTESIAN_POINT('',(3.14159265359,13.));
#9228 = VECTOR('',#9229,1.);
#9229 = DIRECTION('',(0.,-1.));
#9230 = ( GEOMETRIC_REPRESENTATION_CONTEXT(2) 
PARAMETRIC_REPRESENTATION_CONTEXT() REPRESENTATION_CONTEXT('2D SPACE',''
  ) );
#9231 = ORIENTED_EDGE('',*,*,#9232,.T.);
#9232 = EDGE_CURVE('',#9200,#9233,#9235,.T.);
#9233 = VERTEX_POINT('',#9234);
#9234 = CARTESIAN_POINT('',(17.1,-65.6,23.));
#9235 = SURFACE_CURVE('',#9236,(#9240,#9247),.PCURVE_S1.);
#9236 = LINE('',#9237,#9238);
#9237 = CARTESIAN_POINT('',(17.1,-66.6,23.));
#9238 = VECTOR('',#9239,1.);
#9239 = DIRECTION('',(-5.624913994737E-17,-1.,0.));
#9240 = PCURVE('',#9208,#9241);
#9241 = DEFINITIONAL_REPRESENTATION('',(#9242),#9246);
#9242 = LINE('',#9243,#9244);
#9243 = CARTESIAN_POINT('',(-66.6,-14.));
#9244 = VECTOR('',#9245,1.);
#9245 = DIRECTION('',(-1.,0.));
#9246 = ( GEOMETRIC_REPRESENTATION_CONTEXT(2) 
PARAMETRIC_REPRESENTATION_CONTEXT() REPRESENTATION_CONTEXT('2D SPACE',''
  ) );
#9247 = PCURVE('',#9248,#9253);
#9248 = CYLINDRICAL_SURFACE('',#9249,1.);
#9249 = AXIS2_PLACEMENT_3D('',#9250,#9251,#9252);
#9250 = CARTESIAN_POINT('',(16.1,-9.056111531526E-16,23.));
#9251 = DIRECTION('',(5.624913994737E-17,1.,0.));
#9252 = DIRECTION('',(-1.,5.624913994737E-17,0.));
#9253 = DEFINITIONAL_REPRESENTATION('',(#9254),#9258);
#9254 = LINE('',#9255,#9256);
#9255 = CARTESIAN_POINT('',(3.14159265359,-66.6));
#9256 = VECTOR('',#9257,1.);
#9257 = DIRECTION('',(0.,-1.));
#9258 = ( GEOMETRIC_REPRESENTATION_CONTEXT(2) 
PARAMETRIC_REPRESENTATION_CONTEXT() REPRESENTATION_CONTEXT('2D SPACE',''
  ) );
#9259 = ORIENTED_EDGE('',*,*,#9260,.F.);
#9260 = EDGE_CURVE('',#9261,#9233,#9263,.T.);
#9261 = VERTEX_POINT('',#9262);
#9262 = CARTESIAN_POINT('',(17.1,-65.6,17.));
#9263 = SURFACE_CURVE('',#9264,(#9268,#9275),.PCURVE_S1.);
#9264 = LINE('',#9265,#9266);
#9265 = CARTESIAN_POINT('',(17.1,-65.6,37.));
#9266 = VECTOR('',#9267,1.);
#9267 = DIRECTION('',(0.,0.,1.));
#9268 = PCURVE('',#9208,#9269);
#9269 = DEFINITIONAL_REPRESENTATION('',(#9270),#9274);
#9270 = LINE('',#9271,#9272);
#9271 = CARTESIAN_POINT('',(-65.6,0.));
#9272 = VECTOR('',#9273,1.);
#9273 = DIRECTION('',(0.,1.));
#9274 = ( GEOMETRIC_REPRESENTATION_CONTEXT(2) 
PARAMETRIC_REPRESENTATION_CONTEXT() REPRESENTATION_CONTEXT('2D SPACE',''
  ) );
#9275 = PCURVE('',#9276,#9281);
#9276 = CYLINDRICAL_SURFACE('',#9277,1.);
#9277 = AXIS2_PLACEMENT_3D('',#9278,#9279,#9280);
#9278 = CARTESIAN_POINT('',(16.1,-65.6,20.));
#9279 = DIRECTION('',(0.,0.,1.));
#9280 = DIRECTION('',(1.,0.,-0.));
#9281 = DEFINITIONAL_REPRESENTATION('',(#9282),#9286);
#9282 = LINE('',#9283,#9284);
#9283 = CARTESIAN_POINT('',(6.28318530718,17.));
#9284 = VECTOR('',#9285,1.);
#9285 = DIRECTION('',(0.,1.));
#9286 = ( GEOMETRIC_REPRESENTATION_CONTEXT(2) 
PARAMETRIC_REPRESENTATION_CONTEXT() REPRESENTATION_CONTEXT('2D SPACE',''
  ) );
#9287 = ORIENTED_EDGE('',*,*,#9288,.F.);
#9288 = EDGE_CURVE('',#9198,#9261,#9289,.T.);
#9289 = SURFACE_CURVE('',#9290,(#9294,#9301),.PCURVE_S1.);
#9290 = LINE('',#9291,#9292);
#9291 = CARTESIAN_POINT('',(17.1,-9.618602931E-16,17.));
#9292 = VECTOR('',#9293,1.);
#9293 = DIRECTION('',(-5.624913994737E-17,-1.,0.));
#9294 = PCURVE('',#9208,#9295);
#9295 = DEFINITIONAL_REPRESENTATION('',(#9296),#9300);
#9296 = LINE('',#9297,#9298);
#9297 = CARTESIAN_POINT('',(0.,-20.));
#9298 = VECTOR('',#9299,1.);
#9299 = DIRECTION('',(-1.,0.));
#9300 = ( GEOMETRIC_REPRESENTATION_CONTEXT(2) 
PARAMETRIC_REPRESENTATION_CONTEXT() REPRESENTATION_CONTEXT('2D SPACE',''
  ) );
#9301 = PCURVE('',#9302,#9307);
#9302 = CYLINDRICAL_SURFACE('',#9303,1.);
#9303 = AXIS2_PLACEMENT_3D('',#9304,#9305,#9306);
#9304 = CARTESIAN_POINT('',(16.1,-64.6,17.));
#9305 = DIRECTION('',(-5.624913994737E-17,-1.,0.));
#9306 = DIRECTION('',(1.,-5.624913994737E-17,0.));
#9307 = DEFINITIONAL_REPRESENTATION('',(#9308),#9312);
#9308 = LINE('',#9309,#9310);
#9309 = CARTESIAN_POINT('',(6.28318530718,-64.6));
#9310 = VECTOR('',#9311,1.);
#9311 = DIRECTION('',(0.,1.));
#9312 = ( GEOMETRIC_REPRESENTATION_CONTEXT(2) 
PARAMETRIC_REPRESENTATION_CONTEXT() REPRESENTATION_CONTEXT('2D SPACE',''
  ) );
#9313 = ADVANCED_FACE('',(#9314),#9327,.T.);
#9314 = FACE_BOUND('',#9315,.T.);
#9315 = EDGE_LOOP('',(#9316,#9345,#9391));
#9316 = ORIENTED_EDGE('',*,*,#9317,.T.);
#9317 = EDGE_CURVE('',#8840,#9318,#9320,.T.);
#9318 = VERTEX_POINT('',#9319);
#9319 = CARTESIAN_POINT('',(16.1,-62.6,63.));
#9320 = SURFACE_CURVE('',#9321,(#9326,#9338),.PCURVE_S1.);
#9321 = CIRCLE('',#9322,1.);
#9322 = AXIS2_PLACEMENT_3D('',#9323,#9324,#9325);
#9323 = CARTESIAN_POINT('',(16.1,-63.6,63.));
#9324 = DIRECTION('',(0.,0.,1.));
#9325 = DIRECTION('',(1.,0.,-0.));
#9326 = PCURVE('',#9327,#9332);
#9327 = SPHERICAL_SURFACE('',#9328,1.);
#9328 = AXIS2_PLACEMENT_3D('',#9329,#9330,#9331);
#9329 = CARTESIAN_POINT('',(16.1,-63.6,63.));
#9330 = DIRECTION('',(0.,0.,1.));
#9331 = DIRECTION('',(1.,0.,-0.));
#9332 = DEFINITIONAL_REPRESENTATION('',(#9333),#9337);
#9333 = LINE('',#9334,#9335);
#9334 = CARTESIAN_POINT('',(0.,0.));
#9335 = VECTOR('',#9336,1.);
#9336 = DIRECTION('',(1.,0.));
#9337 = ( GEOMETRIC_REPRESENTATION_CONTEXT(2) 
PARAMETRIC_REPRESENTATION_CONTEXT() REPRESENTATION_CONTEXT('2D SPACE',''
  ) );
#9338 = PCURVE('',#8860,#9339);
#9339 = DEFINITIONAL_REPRESENTATION('',(#9340),#9344);
#9340 = LINE('',#9341,#9342);
#9341 = CARTESIAN_POINT('',(3.14159265359,-26.));
#9342 = VECTOR('',#9343,1.);
#9343 = DIRECTION('',(-1.,0.));
#9344 = ( GEOMETRIC_REPRESENTATION_CONTEXT(2) 
PARAMETRIC_REPRESENTATION_CONTEXT() REPRESENTATION_CONTEXT('2D SPACE',''
  ) );
#9345 = ORIENTED_EDGE('',*,*,#9346,.F.);
#9346 = EDGE_CURVE('',#9347,#9318,#9349,.T.);
#9347 = VERTEX_POINT('',#9348);
#9348 = CARTESIAN_POINT('',(16.1,-63.6,64.));
#9349 = SURFACE_CURVE('',#9350,(#9355,#9384),.PCURVE_S1.);
#9350 = CIRCLE('',#9351,1.);
#9351 = AXIS2_PLACEMENT_3D('',#9352,#9353,#9354);
#9352 = CARTESIAN_POINT('',(16.1,-63.6,63.));
#9353 = DIRECTION('',(-1.,5.624913994737E-17,0.));
#9354 = DIRECTION('',(-5.624913994737E-17,-1.,0.));
#9355 = PCURVE('',#9327,#9356);
#9356 = DEFINITIONAL_REPRESENTATION('',(#9357),#9383);
#9357 = B_SPLINE_CURVE_WITH_KNOTS('',3,(#9358,#9359,#9360,#9361,#9362,
    #9363,#9364,#9365,#9366,#9367,#9368,#9369,#9370,#9371,#9372,#9373,
    #9374,#9375,#9376,#9377,#9378,#9379,#9380,#9381,#9382),
  .UNSPECIFIED.,.F.,.F.,(4,1,1,1,1,1,1,1,1,1,1,1,1,1,1,1,1,1,1,1,1,1,4),
  (1.570796326795,1.642196159831,1.713595992867,1.784995825903,
    1.856395658939,1.927795491976,1.999195325012,2.070595158048,
    2.141994991084,2.21339482412,2.284794657156,2.356194490192,
    2.427594323228,2.498994156265,2.570393989301,2.641793822337,
    2.713193655373,2.784593488409,2.855993321445,2.927393154481,
    2.998792987518,3.070192820554,3.14159265359),.QUASI_UNIFORM_KNOTS.);
#9358 = CARTESIAN_POINT('',(1.570796326795,1.570796326795));
#9359 = CARTESIAN_POINT('',(1.570796326795,1.54699638245));
#9360 = CARTESIAN_POINT('',(1.570796326795,1.499396493759));
#9361 = CARTESIAN_POINT('',(1.570796326795,1.427996660723));
#9362 = CARTESIAN_POINT('',(1.570796326795,1.356596827686));
#9363 = CARTESIAN_POINT('',(1.570796326795,1.28519699465));
#9364 = CARTESIAN_POINT('',(1.570796326795,1.213797161614));
#9365 = CARTESIAN_POINT('',(1.570796326795,1.142397328578));
#9366 = CARTESIAN_POINT('',(1.570796326795,1.070997495542));
#9367 = CARTESIAN_POINT('',(1.570796326795,0.999597662506));
#9368 = CARTESIAN_POINT('',(1.570796326795,0.92819782947));
#9369 = CARTESIAN_POINT('',(1.570796326795,0.856797996434));
#9370 = CARTESIAN_POINT('',(1.570796326795,0.785398163397));
#9371 = CARTESIAN_POINT('',(1.570796326795,0.713998330361));
#9372 = CARTESIAN_POINT('',(1.570796326795,0.642598497325));
#9373 = CARTESIAN_POINT('',(1.570796326795,0.571198664289));
#9374 = CARTESIAN_POINT('',(1.570796326795,0.499798831253));
#9375 = CARTESIAN_POINT('',(1.570796326795,0.428398998217));
#9376 = CARTESIAN_POINT('',(1.570796326795,0.356999165181));
#9377 = CARTESIAN_POINT('',(1.570796326795,0.285599332145));
#9378 = CARTESIAN_POINT('',(1.570796326795,0.214199499108));
#9379 = CARTESIAN_POINT('',(1.570796326795,0.142799666072));
#9380 = CARTESIAN_POINT('',(1.570796326795,7.139983303614E-02));
#9381 = CARTESIAN_POINT('',(1.570796326795,2.379994434538E-02));
#9382 = CARTESIAN_POINT('',(1.570796326795,0.));
#9383 = ( GEOMETRIC_REPRESENTATION_CONTEXT(2) 
PARAMETRIC_REPRESENTATION_CONTEXT() REPRESENTATION_CONTEXT('2D SPACE',''
  ) );
#9384 = PCURVE('',#2737,#9385);
#9385 = DEFINITIONAL_REPRESENTATION('',(#9386),#9390);
#9386 = LINE('',#9387,#9388);
#9387 = CARTESIAN_POINT('',(0.,3.14159265359));
#9388 = VECTOR('',#9389,1.);
#9389 = DIRECTION('',(1.,0.));
#9390 = ( GEOMETRIC_REPRESENTATION_CONTEXT(2) 
PARAMETRIC_REPRESENTATION_CONTEXT() REPRESENTATION_CONTEXT('2D SPACE',''
  ) );
#9391 = ORIENTED_EDGE('',*,*,#9392,.T.);
#9392 = EDGE_CURVE('',#9347,#8840,#9393,.T.);
#9393 = SURFACE_CURVE('',#9394,(#9399,#9406),.PCURVE_S1.);
#9394 = CIRCLE('',#9395,1.);
#9395 = AXIS2_PLACEMENT_3D('',#9396,#9397,#9398);
#9396 = CARTESIAN_POINT('',(16.1,-63.6,63.));
#9397 = DIRECTION('',(0.,1.,0.));
#9398 = DIRECTION('',(0.,-0.,1.));
#9399 = PCURVE('',#9327,#9400);
#9400 = DEFINITIONAL_REPRESENTATION('',(#9401),#9405);
#9401 = LINE('',#9402,#9403);
#9402 = CARTESIAN_POINT('',(0.,1.570796326795));
#9403 = VECTOR('',#9404,1.);
#9404 = DIRECTION('',(0.,-1.));
#9405 = ( GEOMETRIC_REPRESENTATION_CONTEXT(2) 
PARAMETRIC_REPRESENTATION_CONTEXT() REPRESENTATION_CONTEXT('2D SPACE',''
  ) );
#9406 = PCURVE('',#8888,#9407);
#9407 = DEFINITIONAL_REPRESENTATION('',(#9408),#9412);
#9408 = LINE('',#9409,#9410);
#9409 = CARTESIAN_POINT('',(1.570796326795,-63.6));
#9410 = VECTOR('',#9411,1.);
#9411 = DIRECTION('',(1.,0.));
#9412 = ( GEOMETRIC_REPRESENTATION_CONTEXT(2) 
PARAMETRIC_REPRESENTATION_CONTEXT() REPRESENTATION_CONTEXT('2D SPACE',''
  ) );
#9413 = ADVANCED_FACE('',(#9414),#2737,.F.);
#9414 = FACE_BOUND('',#9415,.F.);
#9415 = EDGE_LOOP('',(#9416,#9417,#9439,#9440));
#9416 = ORIENTED_EDGE('',*,*,#2718,.T.);
#9417 = ORIENTED_EDGE('',*,*,#9418,.F.);
#9418 = EDGE_CURVE('',#9318,#2721,#9419,.T.);
#9419 = SURFACE_CURVE('',#9420,(#9425,#9432),.PCURVE_S1.);
#9420 = CIRCLE('',#9421,1.);
#9421 = AXIS2_PLACEMENT_3D('',#9422,#9423,#9424);
#9422 = CARTESIAN_POINT('',(16.1,-61.6,63.));
#9423 = DIRECTION('',(0.,0.,-1.));
#9424 = DIRECTION('',(-1.,0.,0.));
#9425 = PCURVE('',#2737,#9426);
#9426 = DEFINITIONAL_REPRESENTATION('',(#9427),#9431);
#9427 = LINE('',#9428,#9429);
#9428 = CARTESIAN_POINT('',(3.14159265359,7.853981633974));
#9429 = VECTOR('',#9430,1.);
#9430 = DIRECTION('',(0.,-1.));
#9431 = ( GEOMETRIC_REPRESENTATION_CONTEXT(2) 
PARAMETRIC_REPRESENTATION_CONTEXT() REPRESENTATION_CONTEXT('2D SPACE',''
  ) );
#9432 = PCURVE('',#2765,#9433);
#9433 = DEFINITIONAL_REPRESENTATION('',(#9434),#9438);
#9434 = LINE('',#9435,#9436);
#9435 = CARTESIAN_POINT('',(0.,-3.));
#9436 = VECTOR('',#9437,1.);
#9437 = DIRECTION('',(1.,0.));
#9438 = ( GEOMETRIC_REPRESENTATION_CONTEXT(2) 
PARAMETRIC_REPRESENTATION_CONTEXT() REPRESENTATION_CONTEXT('2D SPACE',''
  ) );
#9439 = ORIENTED_EDGE('',*,*,#9346,.F.);
#9440 = ORIENTED_EDGE('',*,*,#9441,.F.);
#9441 = EDGE_CURVE('',#2719,#9347,#9442,.T.);
#9442 = SURFACE_CURVE('',#9443,(#9448,#9455),.PCURVE_S1.);
#9443 = CIRCLE('',#9444,1.);
#9444 = AXIS2_PLACEMENT_3D('',#9445,#9446,#9447);
#9445 = CARTESIAN_POINT('',(16.1,-63.6,65.));
#9446 = DIRECTION('',(0.,-1.,0.));
#9447 = DIRECTION('',(0.,0.,-1.));
#9448 = PCURVE('',#2737,#9449);
#9449 = DEFINITIONAL_REPRESENTATION('',(#9450),#9454);
#9450 = LINE('',#9451,#9452);
#9451 = CARTESIAN_POINT('',(1.570796326795,-3.14159265359));
#9452 = VECTOR('',#9453,1.);
#9453 = DIRECTION('',(0.,1.));
#9454 = ( GEOMETRIC_REPRESENTATION_CONTEXT(2) 
PARAMETRIC_REPRESENTATION_CONTEXT() REPRESENTATION_CONTEXT('2D SPACE',''
  ) );
#9455 = PCURVE('',#2934,#9456);
#9456 = DEFINITIONAL_REPRESENTATION('',(#9457),#9461);
#9457 = LINE('',#9458,#9459);
#9458 = CARTESIAN_POINT('',(10.995574287564,1.));
#9459 = VECTOR('',#9460,1.);
#9460 = DIRECTION('',(-1.,0.));
#9461 = ( GEOMETRIC_REPRESENTATION_CONTEXT(2) 
PARAMETRIC_REPRESENTATION_CONTEXT() REPRESENTATION_CONTEXT('2D SPACE',''
  ) );
#9462 = ADVANCED_FACE('',(#9463),#8888,.T.);
#9463 = FACE_BOUND('',#9464,.T.);
#9464 = EDGE_LOOP('',(#9465,#9466,#9467,#9490));
#9465 = ORIENTED_EDGE('',*,*,#8872,.F.);
#9466 = ORIENTED_EDGE('',*,*,#9392,.F.);
#9467 = ORIENTED_EDGE('',*,*,#9468,.T.);
#9468 = EDGE_CURVE('',#9347,#9469,#9471,.T.);
#9469 = VERTEX_POINT('',#9470);
#9470 = CARTESIAN_POINT('',(16.1,-65.6,64.));
#9471 = SURFACE_CURVE('',#9472,(#9476,#9483),.PCURVE_S1.);
#9472 = LINE('',#9473,#9474);
#9473 = CARTESIAN_POINT('',(16.1,-62.6,64.));
#9474 = VECTOR('',#9475,1.);
#9475 = DIRECTION('',(-5.624913994737E-17,-1.,0.));
#9476 = PCURVE('',#8888,#9477);
#9477 = DEFINITIONAL_REPRESENTATION('',(#9478),#9482);
#9478 = LINE('',#9479,#9480);
#9479 = CARTESIAN_POINT('',(1.570796326795,-62.6));
#9480 = VECTOR('',#9481,1.);
#9481 = DIRECTION('',(0.,-1.));
#9482 = ( GEOMETRIC_REPRESENTATION_CONTEXT(2) 
PARAMETRIC_REPRESENTATION_CONTEXT() REPRESENTATION_CONTEXT('2D SPACE',''
  ) );
#9483 = PCURVE('',#2934,#9484);
#9484 = DEFINITIONAL_REPRESENTATION('',(#9485),#9489);
#9485 = LINE('',#9486,#9487);
#9486 = CARTESIAN_POINT('',(4.712388980385,2.));
#9487 = VECTOR('',#9488,1.);
#9488 = DIRECTION('',(0.,-1.));
#9489 = ( GEOMETRIC_REPRESENTATION_CONTEXT(2) 
PARAMETRIC_REPRESENTATION_CONTEXT() REPRESENTATION_CONTEXT('2D SPACE',''
  ) );
#9490 = ORIENTED_EDGE('',*,*,#9491,.F.);
#9491 = EDGE_CURVE('',#8873,#9469,#9492,.T.);
#9492 = SURFACE_CURVE('',#9493,(#9498,#9505),.PCURVE_S1.);
#9493 = CIRCLE('',#9494,1.);
#9494 = AXIS2_PLACEMENT_3D('',#9495,#9496,#9497);
#9495 = CARTESIAN_POINT('',(16.1,-65.6,63.));
#9496 = DIRECTION('',(0.,-1.,0.));
#9497 = DIRECTION('',(0.,0.,-1.));
#9498 = PCURVE('',#8888,#9499);
#9499 = DEFINITIONAL_REPRESENTATION('',(#9500),#9504);
#9500 = LINE('',#9501,#9502);
#9501 = CARTESIAN_POINT('',(4.712388980385,-65.6));
#9502 = VECTOR('',#9503,1.);
#9503 = DIRECTION('',(-1.,0.));
#9504 = ( GEOMETRIC_REPRESENTATION_CONTEXT(2) 
PARAMETRIC_REPRESENTATION_CONTEXT() REPRESENTATION_CONTEXT('2D SPACE',''
  ) );
#9505 = PCURVE('',#9506,#9511);
#9506 = SPHERICAL_SURFACE('',#9507,1.);
#9507 = AXIS2_PLACEMENT_3D('',#9508,#9509,#9510);
#9508 = CARTESIAN_POINT('',(16.1,-65.6,63.));
#9509 = DIRECTION('',(0.,0.,1.));
#9510 = DIRECTION('',(1.,0.,-0.));
#9511 = DEFINITIONAL_REPRESENTATION('',(#9512),#9516);
#9512 = LINE('',#9513,#9514);
#9513 = CARTESIAN_POINT('',(6.28318530718,-1.570796326795));
#9514 = VECTOR('',#9515,1.);
#9515 = DIRECTION('',(0.,1.));
#9516 = ( GEOMETRIC_REPRESENTATION_CONTEXT(2) 
PARAMETRIC_REPRESENTATION_CONTEXT() REPRESENTATION_CONTEXT('2D SPACE',''
  ) );
#9517 = ADVANCED_FACE('',(#9518),#8860,.T.);
#9518 = FACE_BOUND('',#9519,.T.);
#9519 = EDGE_LOOP('',(#9520,#9571,#9592,#9593));
#9520 = ORIENTED_EDGE('',*,*,#9521,.F.);
#9521 = EDGE_CURVE('',#9522,#8838,#9524,.T.);
#9522 = VERTEX_POINT('',#9523);
#9523 = CARTESIAN_POINT('',(16.1,-62.6,57.));
#9524 = SURFACE_CURVE('',#9525,(#9530,#9537),.PCURVE_S1.);
#9525 = CIRCLE('',#9526,1.);
#9526 = AXIS2_PLACEMENT_3D('',#9527,#9528,#9529);
#9527 = CARTESIAN_POINT('',(16.1,-63.6,57.));
#9528 = DIRECTION('',(0.,0.,-1.));
#9529 = DIRECTION('',(-1.,0.,0.));
#9530 = PCURVE('',#8860,#9531);
#9531 = DEFINITIONAL_REPRESENTATION('',(#9532),#9536);
#9532 = LINE('',#9533,#9534);
#9533 = CARTESIAN_POINT('',(0.,-20.));
#9534 = VECTOR('',#9535,1.);
#9535 = DIRECTION('',(1.,0.));
#9536 = ( GEOMETRIC_REPRESENTATION_CONTEXT(2) 
PARAMETRIC_REPRESENTATION_CONTEXT() REPRESENTATION_CONTEXT('2D SPACE',''
  ) );
#9537 = PCURVE('',#9538,#9543);
#9538 = SPHERICAL_SURFACE('',#9539,1.);
#9539 = AXIS2_PLACEMENT_3D('',#9540,#9541,#9542);
#9540 = CARTESIAN_POINT('',(16.1,-63.6,57.));
#9541 = DIRECTION('',(0.,1.,0.));
#9542 = DIRECTION('',(0.,-0.,1.));
#9543 = DEFINITIONAL_REPRESENTATION('',(#9544),#9570);
#9544 = B_SPLINE_CURVE_WITH_KNOTS('',3,(#9545,#9546,#9547,#9548,#9549,
    #9550,#9551,#9552,#9553,#9554,#9555,#9556,#9557,#9558,#9559,#9560,
    #9561,#9562,#9563,#9564,#9565,#9566,#9567,#9568,#9569),
  .UNSPECIFIED.,.F.,.F.,(4,1,1,1,1,1,1,1,1,1,1,1,1,1,1,1,1,1,1,1,1,1,4),
  (1.570796326795,1.642196159831,1.713595992867,1.784995825903,
    1.856395658939,1.927795491976,1.999195325012,2.070595158048,
    2.141994991084,2.21339482412,2.284794657156,2.356194490192,
    2.427594323228,2.498994156265,2.570393989301,2.641793822337,
    2.713193655373,2.784593488409,2.855993321445,2.927393154481,
    2.998792987518,3.070192820554,3.14159265359),.QUASI_UNIFORM_KNOTS.);
#9545 = CARTESIAN_POINT('',(1.570796326795,1.570796326795));
#9546 = CARTESIAN_POINT('',(1.570796326795,1.54699638245));
#9547 = CARTESIAN_POINT('',(1.570796326795,1.499396493759));
#9548 = CARTESIAN_POINT('',(1.570796326795,1.427996660723));
#9549 = CARTESIAN_POINT('',(1.570796326795,1.356596827687));
#9550 = CARTESIAN_POINT('',(1.570796326795,1.28519699465));
#9551 = CARTESIAN_POINT('',(1.570796326795,1.213797161614));
#9552 = CARTESIAN_POINT('',(1.570796326795,1.142397328578));
#9553 = CARTESIAN_POINT('',(1.570796326795,1.070997495542));
#9554 = CARTESIAN_POINT('',(1.570796326795,0.999597662506));
#9555 = CARTESIAN_POINT('',(1.570796326795,0.92819782947));
#9556 = CARTESIAN_POINT('',(1.570796326795,0.856797996434));
#9557 = CARTESIAN_POINT('',(1.570796326795,0.785398163397));
#9558 = CARTESIAN_POINT('',(1.570796326795,0.713998330361));
#9559 = CARTESIAN_POINT('',(1.570796326795,0.642598497325));
#9560 = CARTESIAN_POINT('',(1.570796326795,0.571198664289));
#9561 = CARTESIAN_POINT('',(1.570796326795,0.499798831253));
#9562 = CARTESIAN_POINT('',(1.570796326795,0.428398998217));
#9563 = CARTESIAN_POINT('',(1.570796326795,0.356999165181));
#9564 = CARTESIAN_POINT('',(1.570796326795,0.285599332145));
#9565 = CARTESIAN_POINT('',(1.570796326795,0.214199499108));
#9566 = CARTESIAN_POINT('',(1.570796326795,0.142799666072));
#9567 = CARTESIAN_POINT('',(1.570796326795,7.139983303614E-02));
#9568 = CARTESIAN_POINT('',(1.570796326795,2.379994434538E-02));
#9569 = CARTESIAN_POINT('',(1.570796326795,0.));
#9570 = ( GEOMETRIC_REPRESENTATION_CONTEXT(2) 
PARAMETRIC_REPRESENTATION_CONTEXT() REPRESENTATION_CONTEXT('2D SPACE',''
  ) );
#9571 = ORIENTED_EDGE('',*,*,#9572,.T.);
#9572 = EDGE_CURVE('',#9522,#9318,#9573,.T.);
#9573 = SURFACE_CURVE('',#9574,(#9578,#9585),.PCURVE_S1.);
#9574 = LINE('',#9575,#9576);
#9575 = CARTESIAN_POINT('',(16.1,-62.6,56.));
#9576 = VECTOR('',#9577,1.);
#9577 = DIRECTION('',(0.,0.,1.));
#9578 = PCURVE('',#8860,#9579);
#9579 = DEFINITIONAL_REPRESENTATION('',(#9580),#9584);
#9580 = LINE('',#9581,#9582);
#9581 = CARTESIAN_POINT('',(1.570796326795,-19.));
#9582 = VECTOR('',#9583,1.);
#9583 = DIRECTION('',(0.,-1.));
#9584 = ( GEOMETRIC_REPRESENTATION_CONTEXT(2) 
PARAMETRIC_REPRESENTATION_CONTEXT() REPRESENTATION_CONTEXT('2D SPACE',''
  ) );
#9585 = PCURVE('',#2765,#9586);
#9586 = DEFINITIONAL_REPRESENTATION('',(#9587),#9591);
#9587 = LINE('',#9588,#9589);
#9588 = CARTESIAN_POINT('',(4.712388980385,4.));
#9589 = VECTOR('',#9590,1.);
#9590 = DIRECTION('',(0.,-1.));
#9591 = ( GEOMETRIC_REPRESENTATION_CONTEXT(2) 
PARAMETRIC_REPRESENTATION_CONTEXT() REPRESENTATION_CONTEXT('2D SPACE',''
  ) );
#9592 = ORIENTED_EDGE('',*,*,#9317,.F.);
#9593 = ORIENTED_EDGE('',*,*,#8837,.F.);
#9594 = ADVANCED_FACE('',(#9595),#2765,.F.);
#9595 = FACE_BOUND('',#9596,.F.);
#9596 = EDGE_LOOP('',(#9597,#9598,#9620,#9621));
#9597 = ORIENTED_EDGE('',*,*,#2749,.F.);
#9598 = ORIENTED_EDGE('',*,*,#9599,.T.);
#9599 = EDGE_CURVE('',#2750,#9522,#9600,.T.);
#9600 = SURFACE_CURVE('',#9601,(#9606,#9613),.PCURVE_S1.);
#9601 = CIRCLE('',#9602,1.);
#9602 = AXIS2_PLACEMENT_3D('',#9603,#9604,#9605);
#9603 = CARTESIAN_POINT('',(16.1,-61.6,57.));
#9604 = DIRECTION('',(0.,0.,1.));
#9605 = DIRECTION('',(1.,0.,-0.));
#9606 = PCURVE('',#2765,#9607);
#9607 = DEFINITIONAL_REPRESENTATION('',(#9608),#9612);
#9608 = LINE('',#9609,#9610);
#9609 = CARTESIAN_POINT('',(9.424777960769,3.));
#9610 = VECTOR('',#9611,1.);
#9611 = DIRECTION('',(-1.,0.));
#9612 = ( GEOMETRIC_REPRESENTATION_CONTEXT(2) 
PARAMETRIC_REPRESENTATION_CONTEXT() REPRESENTATION_CONTEXT('2D SPACE',''
  ) );
#9613 = PCURVE('',#2794,#9614);
#9614 = DEFINITIONAL_REPRESENTATION('',(#9615),#9619);
#9615 = LINE('',#9616,#9617);
#9616 = CARTESIAN_POINT('',(3.14159265359,-1.570796326795));
#9617 = VECTOR('',#9618,1.);
#9618 = DIRECTION('',(0.,1.));
#9619 = ( GEOMETRIC_REPRESENTATION_CONTEXT(2) 
PARAMETRIC_REPRESENTATION_CONTEXT() REPRESENTATION_CONTEXT('2D SPACE',''
  ) );
#9620 = ORIENTED_EDGE('',*,*,#9572,.T.);
#9621 = ORIENTED_EDGE('',*,*,#9418,.T.);
#9622 = ADVANCED_FACE('',(#9623),#2934,.F.);
#9623 = FACE_BOUND('',#9624,.F.);
#9624 = EDGE_LOOP('',(#9625,#9626,#9627,#9628));
#9625 = ORIENTED_EDGE('',*,*,#2920,.F.);
#9626 = ORIENTED_EDGE('',*,*,#9441,.T.);
#9627 = ORIENTED_EDGE('',*,*,#9468,.T.);
#9628 = ORIENTED_EDGE('',*,*,#9629,.T.);
#9629 = EDGE_CURVE('',#9469,#2892,#9630,.T.);
#9630 = SURFACE_CURVE('',#9631,(#9636,#9643),.PCURVE_S1.);
#9631 = CIRCLE('',#9632,1.);
#9632 = AXIS2_PLACEMENT_3D('',#9633,#9634,#9635);
#9633 = CARTESIAN_POINT('',(16.1,-65.6,65.));
#9634 = DIRECTION('',(0.,1.,0.));
#9635 = DIRECTION('',(0.,-0.,1.));
#9636 = PCURVE('',#2934,#9637);
#9637 = DEFINITIONAL_REPRESENTATION('',(#9638),#9642);
#9638 = LINE('',#9639,#9640);
#9639 = CARTESIAN_POINT('',(1.570796326795,-1.));
#9640 = VECTOR('',#9641,1.);
#9641 = DIRECTION('',(1.,0.));
#9642 = ( GEOMETRIC_REPRESENTATION_CONTEXT(2) 
PARAMETRIC_REPRESENTATION_CONTEXT() REPRESENTATION_CONTEXT('2D SPACE',''
  ) );
#9643 = PCURVE('',#2908,#9644);
#9644 = DEFINITIONAL_REPRESENTATION('',(#9645),#9649);
#9645 = LINE('',#9646,#9647);
#9646 = CARTESIAN_POINT('',(1.570796326795,6.28318530718));
#9647 = VECTOR('',#9648,1.);
#9648 = DIRECTION('',(0.,-1.));
#9649 = ( GEOMETRIC_REPRESENTATION_CONTEXT(2) 
PARAMETRIC_REPRESENTATION_CONTEXT() REPRESENTATION_CONTEXT('2D SPACE',''
  ) );
#9650 = ADVANCED_FACE('',(#9651),#9506,.T.);
#9651 = FACE_BOUND('',#9652,.T.);
#9652 = EDGE_LOOP('',(#9653,#9654,#9700));
#9653 = ORIENTED_EDGE('',*,*,#9491,.T.);
#9654 = ORIENTED_EDGE('',*,*,#9655,.F.);
#9655 = EDGE_CURVE('',#9656,#9469,#9658,.T.);
#9656 = VERTEX_POINT('',#9657);
#9657 = CARTESIAN_POINT('',(16.1,-66.6,63.));
#9658 = SURFACE_CURVE('',#9659,(#9664,#9693),.PCURVE_S1.);
#9659 = CIRCLE('',#9660,1.);
#9660 = AXIS2_PLACEMENT_3D('',#9661,#9662,#9663);
#9661 = CARTESIAN_POINT('',(16.1,-65.6,63.));
#9662 = DIRECTION('',(-1.,5.624913994737E-17,0.));
#9663 = DIRECTION('',(-5.624913994737E-17,-1.,0.));
#9664 = PCURVE('',#9506,#9665);
#9665 = DEFINITIONAL_REPRESENTATION('',(#9666),#9692);
#9666 = B_SPLINE_CURVE_WITH_KNOTS('',3,(#9667,#9668,#9669,#9670,#9671,
    #9672,#9673,#9674,#9675,#9676,#9677,#9678,#9679,#9680,#9681,#9682,
    #9683,#9684,#9685,#9686,#9687,#9688,#9689,#9690,#9691),
  .UNSPECIFIED.,.F.,.F.,(4,1,1,1,1,1,1,1,1,1,1,1,1,1,1,1,1,1,1,1,1,1,4),
  (0.,7.139983303613E-02,0.142799666072,0.214199499108,0.285599332145,
    0.356999165181,0.428398998217,0.499798831253,0.571198664289,
    0.642598497325,0.713998330361,0.785398163397,0.856797996434,
    0.92819782947,0.999597662506,1.070997495542,1.142397328578,
    1.213797161614,1.28519699465,1.356596827687,1.427996660723,
    1.499396493759,1.570796326795),.QUASI_UNIFORM_KNOTS.);
#9667 = CARTESIAN_POINT('',(4.712388980385,0.));
#9668 = CARTESIAN_POINT('',(4.712388980385,2.379994434538E-02));
#9669 = CARTESIAN_POINT('',(4.712388980385,7.139983303614E-02));
#9670 = CARTESIAN_POINT('',(4.712388980385,0.142799666072));
#9671 = CARTESIAN_POINT('',(4.712388980385,0.214199499108));
#9672 = CARTESIAN_POINT('',(4.712388980385,0.285599332145));
#9673 = CARTESIAN_POINT('',(4.712388980385,0.356999165181));
#9674 = CARTESIAN_POINT('',(4.712388980385,0.428398998217));
#9675 = CARTESIAN_POINT('',(4.712388980385,0.499798831253));
#9676 = CARTESIAN_POINT('',(4.712388980385,0.571198664289));
#9677 = CARTESIAN_POINT('',(4.712388980385,0.642598497325));
#9678 = CARTESIAN_POINT('',(4.712388980385,0.713998330361));
#9679 = CARTESIAN_POINT('',(4.712388980385,0.785398163397));
#9680 = CARTESIAN_POINT('',(4.712388980385,0.856797996434));
#9681 = CARTESIAN_POINT('',(4.712388980385,0.92819782947));
#9682 = CARTESIAN_POINT('',(4.712388980385,0.999597662506));
#9683 = CARTESIAN_POINT('',(4.712388980385,1.070997495542));
#9684 = CARTESIAN_POINT('',(4.712388980385,1.142397328578));
#9685 = CARTESIAN_POINT('',(4.712388980385,1.213797161614));
#9686 = CARTESIAN_POINT('',(4.712388980385,1.28519699465));
#9687 = CARTESIAN_POINT('',(4.712388980385,1.356596827687));
#9688 = CARTESIAN_POINT('',(4.712388980385,1.427996660723));
#9689 = CARTESIAN_POINT('',(4.712388980385,1.499396493759));
#9690 = CARTESIAN_POINT('',(4.712388980385,1.54699638245));
#9691 = CARTESIAN_POINT('',(4.712388980385,1.570796326795));
#9692 = ( GEOMETRIC_REPRESENTATION_CONTEXT(2) 
PARAMETRIC_REPRESENTATION_CONTEXT() REPRESENTATION_CONTEXT('2D SPACE',''
  ) );
#9693 = PCURVE('',#2908,#9694);
#9694 = DEFINITIONAL_REPRESENTATION('',(#9695),#9699);
#9695 = LINE('',#9696,#9697);
#9696 = CARTESIAN_POINT('',(0.,3.14159265359));
#9697 = VECTOR('',#9698,1.);
#9698 = DIRECTION('',(1.,0.));
#9699 = ( GEOMETRIC_REPRESENTATION_CONTEXT(2) 
PARAMETRIC_REPRESENTATION_CONTEXT() REPRESENTATION_CONTEXT('2D SPACE',''
  ) );
#9700 = ORIENTED_EDGE('',*,*,#9701,.T.);
#9701 = EDGE_CURVE('',#9656,#8873,#9702,.T.);
#9702 = SURFACE_CURVE('',#9703,(#9708,#9737),.PCURVE_S1.);
#9703 = CIRCLE('',#9704,1.);
#9704 = AXIS2_PLACEMENT_3D('',#9705,#9706,#9707);
#9705 = CARTESIAN_POINT('',(16.1,-65.6,63.));
#9706 = DIRECTION('',(0.,0.,1.));
#9707 = DIRECTION('',(1.,0.,-0.));
#9708 = PCURVE('',#9506,#9709);
#9709 = DEFINITIONAL_REPRESENTATION('',(#9710),#9736);
#9710 = B_SPLINE_CURVE_WITH_KNOTS('',3,(#9711,#9712,#9713,#9714,#9715,
    #9716,#9717,#9718,#9719,#9720,#9721,#9722,#9723,#9724,#9725,#9726,
    #9727,#9728,#9729,#9730,#9731,#9732,#9733,#9734,#9735),
  .UNSPECIFIED.,.F.,.F.,(4,1,1,1,1,1,1,1,1,1,1,1,1,1,1,1,1,1,1,1,1,1,4),
  (4.712388980385,4.783788813421,4.855188646457,4.926588479493,
    4.997988312529,5.069388145565,5.140787978601,5.212187811638,
    5.283587644674,5.35498747771,5.426387310746,5.497787143782,
    5.569186976818,5.640586809854,5.711986642891,5.783386475927,
    5.854786308963,5.926186141999,5.997585975035,6.068985808071,
    6.140385641107,6.211785474143,6.28318530718),.QUASI_UNIFORM_KNOTS.);
#9711 = CARTESIAN_POINT('',(4.712388980385,0.));
#9712 = CARTESIAN_POINT('',(4.73618892473,0.));
#9713 = CARTESIAN_POINT('',(4.783788813421,-6.253171281508E-28));
#9714 = CARTESIAN_POINT('',(4.855188646457,2.188609948528E-27));
#9715 = CARTESIAN_POINT('',(4.926588479493,-8.12912266596E-27));
#9716 = CARTESIAN_POINT('',(4.997988312529,3.032788071531E-26));
#9717 = CARTESIAN_POINT('',(5.069388145565,-1.131824001953E-25));
#9718 = CARTESIAN_POINT('',(5.140787978601,4.224017200658E-25));
#9719 = CARTESIAN_POINT('',(5.212187811638,-1.576424480068E-24));
#9720 = CARTESIAN_POINT('',(5.283587644674,5.883296200206E-24));
#9721 = CARTESIAN_POINT('',(5.35498747771,-2.195676032076E-23));
#9722 = CARTESIAN_POINT('',(5.426387310746,8.194374508282E-23));
#9723 = CARTESIAN_POINT('',(5.497787143782,-3.058182200105E-22));
#9724 = CARTESIAN_POINT('',(5.569186976818,1.141329134959E-21));
#9725 = CARTESIAN_POINT('',(5.640586809854,-4.259498319827E-21));
#9726 = CARTESIAN_POINT('',(5.711986642891,1.589666414435E-20));
#9727 = CARTESIAN_POINT('',(5.783386475927,-5.932715825756E-20));
#9728 = CARTESIAN_POINT('',(5.854786308963,2.214119688859E-19));
#9729 = CARTESIAN_POINT('',(5.926186141999,-8.263207172861E-19));
#9730 = CARTESIAN_POINT('',(5.997585975035,3.083870900258E-18));
#9731 = CARTESIAN_POINT('',(6.068985808071,-1.150916288375E-17));
#9732 = CARTESIAN_POINT('',(6.140385641107,4.295278063473E-17));
#9733 = CARTESIAN_POINT('',(6.211785474143,-1.603019596552E-16));
#9734 = CARTESIAN_POINT('',(6.259385362834,3.454027187723E-16));
#9735 = CARTESIAN_POINT('',(6.28318530718,8.881784197001E-16));
#9736 = ( GEOMETRIC_REPRESENTATION_CONTEXT(2) 
PARAMETRIC_REPRESENTATION_CONTEXT() REPRESENTATION_CONTEXT('2D SPACE',''
  ) );
#9737 = PCURVE('',#8916,#9738);
#9738 = DEFINITIONAL_REPRESENTATION('',(#9739),#9743);
#9739 = LINE('',#9740,#9741);
#9740 = CARTESIAN_POINT('',(0.,3.));
#9741 = VECTOR('',#9742,1.);
#9742 = DIRECTION('',(1.,0.));
#9743 = ( GEOMETRIC_REPRESENTATION_CONTEXT(2) 
PARAMETRIC_REPRESENTATION_CONTEXT() REPRESENTATION_CONTEXT('2D SPACE',''
  ) );
#9744 = ADVANCED_FACE('',(#9745),#9538,.T.);
#9745 = FACE_BOUND('',#9746,.T.);
#9746 = EDGE_LOOP('',(#9747,#9793,#9794));
#9747 = ORIENTED_EDGE('',*,*,#9748,.T.);
#9748 = EDGE_CURVE('',#9749,#9522,#9751,.T.);
#9749 = VERTEX_POINT('',#9750);
#9750 = CARTESIAN_POINT('',(16.1,-63.6,56.));
#9751 = SURFACE_CURVE('',#9752,(#9757,#9786),.PCURVE_S1.);
#9752 = CIRCLE('',#9753,1.);
#9753 = AXIS2_PLACEMENT_3D('',#9754,#9755,#9756);
#9754 = CARTESIAN_POINT('',(16.1,-63.6,57.));
#9755 = DIRECTION('',(1.,0.,0.));
#9756 = DIRECTION('',(0.,0.,-1.));
#9757 = PCURVE('',#9538,#9758);
#9758 = DEFINITIONAL_REPRESENTATION('',(#9759),#9785);
#9759 = B_SPLINE_CURVE_WITH_KNOTS('',3,(#9760,#9761,#9762,#9763,#9764,
    #9765,#9766,#9767,#9768,#9769,#9770,#9771,#9772,#9773,#9774,#9775,
    #9776,#9777,#9778,#9779,#9780,#9781,#9782,#9783,#9784),
  .UNSPECIFIED.,.F.,.F.,(4,1,1,1,1,1,1,1,1,1,1,1,1,1,1,1,1,1,1,1,1,1,4),
  (0.,7.139983303613E-02,0.142799666072,0.214199499108,0.285599332145,
    0.356999165181,0.428398998217,0.499798831253,0.571198664289,
    0.642598497325,0.713998330361,0.785398163397,0.856797996434,
    0.92819782947,0.999597662506,1.070997495542,1.142397328578,
    1.213797161614,1.28519699465,1.356596827687,1.427996660723,
    1.499396493759,1.570796326795),.QUASI_UNIFORM_KNOTS.);
#9760 = CARTESIAN_POINT('',(3.14159265359,0.));
#9761 = CARTESIAN_POINT('',(3.14159265359,2.379994434538E-02));
#9762 = CARTESIAN_POINT('',(3.14159265359,7.139983303614E-02));
#9763 = CARTESIAN_POINT('',(3.14159265359,0.142799666072));
#9764 = CARTESIAN_POINT('',(3.14159265359,0.214199499108));
#9765 = CARTESIAN_POINT('',(3.14159265359,0.285599332145));
#9766 = CARTESIAN_POINT('',(3.14159265359,0.356999165181));
#9767 = CARTESIAN_POINT('',(3.14159265359,0.428398998217));
#9768 = CARTESIAN_POINT('',(3.14159265359,0.499798831253));
#9769 = CARTESIAN_POINT('',(3.14159265359,0.571198664289));
#9770 = CARTESIAN_POINT('',(3.14159265359,0.642598497325));
#9771 = CARTESIAN_POINT('',(3.14159265359,0.713998330361));
#9772 = CARTESIAN_POINT('',(3.14159265359,0.785398163397));
#9773 = CARTESIAN_POINT('',(3.14159265359,0.856797996434));
#9774 = CARTESIAN_POINT('',(3.14159265359,0.92819782947));
#9775 = CARTESIAN_POINT('',(3.14159265359,0.999597662506));
#9776 = CARTESIAN_POINT('',(3.14159265359,1.070997495542));
#9777 = CARTESIAN_POINT('',(3.14159265359,1.142397328578));
#9778 = CARTESIAN_POINT('',(3.14159265359,1.213797161614));
#9779 = CARTESIAN_POINT('',(3.14159265359,1.28519699465));
#9780 = CARTESIAN_POINT('',(3.14159265359,1.356596827687));
#9781 = CARTESIAN_POINT('',(3.14159265359,1.427996660723));
#9782 = CARTESIAN_POINT('',(3.14159265359,1.499396493759));
#9783 = CARTESIAN_POINT('',(3.14159265359,1.54699638245));
#9784 = CARTESIAN_POINT('',(3.14159265359,1.570796326795));
#9785 = ( GEOMETRIC_REPRESENTATION_CONTEXT(2) 
PARAMETRIC_REPRESENTATION_CONTEXT() REPRESENTATION_CONTEXT('2D SPACE',''
  ) );
#9786 = PCURVE('',#2794,#9787);
#9787 = DEFINITIONAL_REPRESENTATION('',(#9788),#9792);
#9788 = LINE('',#9789,#9790);
#9789 = CARTESIAN_POINT('',(4.712388980385,3.14159265359));
#9790 = VECTOR('',#9791,1.);
#9791 = DIRECTION('',(-1.,0.));
#9792 = ( GEOMETRIC_REPRESENTATION_CONTEXT(2) 
PARAMETRIC_REPRESENTATION_CONTEXT() REPRESENTATION_CONTEXT('2D SPACE',''
  ) );
#9793 = ORIENTED_EDGE('',*,*,#9521,.T.);
#9794 = ORIENTED_EDGE('',*,*,#9795,.T.);
#9795 = EDGE_CURVE('',#8838,#9749,#9796,.T.);
#9796 = SURFACE_CURVE('',#9797,(#9802,#9809),.PCURVE_S1.);
#9797 = CIRCLE('',#9798,1.);
#9798 = AXIS2_PLACEMENT_3D('',#9799,#9800,#9801);
#9799 = CARTESIAN_POINT('',(16.1,-63.6,57.));
#9800 = DIRECTION('',(0.,1.,0.));
#9801 = DIRECTION('',(0.,-0.,1.));
#9802 = PCURVE('',#9538,#9803);
#9803 = DEFINITIONAL_REPRESENTATION('',(#9804),#9808);
#9804 = LINE('',#9805,#9806);
#9805 = CARTESIAN_POINT('',(0.,0.));
#9806 = VECTOR('',#9807,1.);
#9807 = DIRECTION('',(1.,0.));
#9808 = ( GEOMETRIC_REPRESENTATION_CONTEXT(2) 
PARAMETRIC_REPRESENTATION_CONTEXT() REPRESENTATION_CONTEXT('2D SPACE',''
  ) );
#9809 = PCURVE('',#8942,#9810);
#9810 = DEFINITIONAL_REPRESENTATION('',(#9811),#9815);
#9811 = LINE('',#9812,#9813);
#9812 = CARTESIAN_POINT('',(7.853981633974,-1.));
#9813 = VECTOR('',#9814,1.);
#9814 = DIRECTION('',(-1.,0.));
#9815 = ( GEOMETRIC_REPRESENTATION_CONTEXT(2) 
PARAMETRIC_REPRESENTATION_CONTEXT() REPRESENTATION_CONTEXT('2D SPACE',''
  ) );
#9816 = ADVANCED_FACE('',(#9817),#2794,.F.);
#9817 = FACE_BOUND('',#9818,.F.);
#9818 = EDGE_LOOP('',(#9819,#9820,#9842,#9843));
#9819 = ORIENTED_EDGE('',*,*,#2777,.T.);
#9820 = ORIENTED_EDGE('',*,*,#9821,.F.);
#9821 = EDGE_CURVE('',#9749,#2778,#9822,.T.);
#9822 = SURFACE_CURVE('',#9823,(#9828,#9835),.PCURVE_S1.);
#9823 = CIRCLE('',#9824,1.);
#9824 = AXIS2_PLACEMENT_3D('',#9825,#9826,#9827);
#9825 = CARTESIAN_POINT('',(16.1,-63.6,55.));
#9826 = DIRECTION('',(0.,-1.,0.));
#9827 = DIRECTION('',(0.,0.,-1.));
#9828 = PCURVE('',#2794,#9829);
#9829 = DEFINITIONAL_REPRESENTATION('',(#9830),#9834);
#9830 = LINE('',#9831,#9832);
#9831 = CARTESIAN_POINT('',(4.712388980385,6.28318530718));
#9832 = VECTOR('',#9833,1.);
#9833 = DIRECTION('',(0.,-1.));
#9834 = ( GEOMETRIC_REPRESENTATION_CONTEXT(2) 
PARAMETRIC_REPRESENTATION_CONTEXT() REPRESENTATION_CONTEXT('2D SPACE',''
  ) );
#9835 = PCURVE('',#2822,#9836);
#9836 = DEFINITIONAL_REPRESENTATION('',(#9837),#9841);
#9837 = LINE('',#9838,#9839);
#9838 = CARTESIAN_POINT('',(-1.570796326795,63.6));
#9839 = VECTOR('',#9840,1.);
#9840 = DIRECTION('',(1.,0.));
#9841 = ( GEOMETRIC_REPRESENTATION_CONTEXT(2) 
PARAMETRIC_REPRESENTATION_CONTEXT() REPRESENTATION_CONTEXT('2D SPACE',''
  ) );
#9842 = ORIENTED_EDGE('',*,*,#9748,.T.);
#9843 = ORIENTED_EDGE('',*,*,#9599,.F.);
#9844 = ADVANCED_FACE('',(#9845),#2908,.F.);
#9845 = FACE_BOUND('',#9846,.F.);
#9846 = EDGE_LOOP('',(#9847,#9848,#9870,#9871));
#9847 = ORIENTED_EDGE('',*,*,#9655,.F.);
#9848 = ORIENTED_EDGE('',*,*,#9849,.F.);
#9849 = EDGE_CURVE('',#2864,#9656,#9850,.T.);
#9850 = SURFACE_CURVE('',#9851,(#9856,#9863),.PCURVE_S1.);
#9851 = CIRCLE('',#9852,1.);
#9852 = AXIS2_PLACEMENT_3D('',#9853,#9854,#9855);
#9853 = CARTESIAN_POINT('',(16.1,-67.6,63.));
#9854 = DIRECTION('',(0.,0.,-1.));
#9855 = DIRECTION('',(-1.,0.,0.));
#9856 = PCURVE('',#2908,#9857);
#9857 = DEFINITIONAL_REPRESENTATION('',(#9858),#9862);
#9858 = LINE('',#9859,#9860);
#9859 = CARTESIAN_POINT('',(0.,1.570796326795));
#9860 = VECTOR('',#9861,1.);
#9861 = DIRECTION('',(0.,1.));
#9862 = ( GEOMETRIC_REPRESENTATION_CONTEXT(2) 
PARAMETRIC_REPRESENTATION_CONTEXT() REPRESENTATION_CONTEXT('2D SPACE',''
  ) );
#9863 = PCURVE('',#2879,#9864);
#9864 = DEFINITIONAL_REPRESENTATION('',(#9865),#9869);
#9865 = LINE('',#9866,#9867);
#9866 = CARTESIAN_POINT('',(3.14159265359,58.));
#9867 = VECTOR('',#9868,1.);
#9868 = DIRECTION('',(-1.,0.));
#9869 = ( GEOMETRIC_REPRESENTATION_CONTEXT(2) 
PARAMETRIC_REPRESENTATION_CONTEXT() REPRESENTATION_CONTEXT('2D SPACE',''
  ) );
#9870 = ORIENTED_EDGE('',*,*,#2891,.T.);
#9871 = ORIENTED_EDGE('',*,*,#9629,.F.);
#9872 = ADVANCED_FACE('',(#9873),#8916,.T.);
#9873 = FACE_BOUND('',#9874,.T.);
#9874 = EDGE_LOOP('',(#9875,#9876,#9877,#9900));
#9875 = ORIENTED_EDGE('',*,*,#8900,.T.);
#9876 = ORIENTED_EDGE('',*,*,#9701,.F.);
#9877 = ORIENTED_EDGE('',*,*,#9878,.F.);
#9878 = EDGE_CURVE('',#9879,#9656,#9881,.T.);
#9879 = VERTEX_POINT('',#9880);
#9880 = CARTESIAN_POINT('',(16.1,-66.6,57.));
#9881 = SURFACE_CURVE('',#9882,(#9886,#9893),.PCURVE_S1.);
#9882 = LINE('',#9883,#9884);
#9883 = CARTESIAN_POINT('',(16.1,-66.6,60.));
#9884 = VECTOR('',#9885,1.);
#9885 = DIRECTION('',(0.,0.,1.));
#9886 = PCURVE('',#8916,#9887);
#9887 = DEFINITIONAL_REPRESENTATION('',(#9888),#9892);
#9888 = LINE('',#9889,#9890);
#9889 = CARTESIAN_POINT('',(4.712388980385,0.));
#9890 = VECTOR('',#9891,1.);
#9891 = DIRECTION('',(0.,1.));
#9892 = ( GEOMETRIC_REPRESENTATION_CONTEXT(2) 
PARAMETRIC_REPRESENTATION_CONTEXT() REPRESENTATION_CONTEXT('2D SPACE',''
  ) );
#9893 = PCURVE('',#2879,#9894);
#9894 = DEFINITIONAL_REPRESENTATION('',(#9895),#9899);
#9895 = LINE('',#9896,#9897);
#9896 = CARTESIAN_POINT('',(1.570796326795,55.));
#9897 = VECTOR('',#9898,1.);
#9898 = DIRECTION('',(0.,1.));
#9899 = ( GEOMETRIC_REPRESENTATION_CONTEXT(2) 
PARAMETRIC_REPRESENTATION_CONTEXT() REPRESENTATION_CONTEXT('2D SPACE',''
  ) );
#9900 = ORIENTED_EDGE('',*,*,#9901,.F.);
#9901 = EDGE_CURVE('',#8901,#9879,#9902,.T.);
#9902 = SURFACE_CURVE('',#9903,(#9908,#9915),.PCURVE_S1.);
#9903 = CIRCLE('',#9904,1.);
#9904 = AXIS2_PLACEMENT_3D('',#9905,#9906,#9907);
#9905 = CARTESIAN_POINT('',(16.1,-65.6,57.));
#9906 = DIRECTION('',(0.,0.,-1.));
#9907 = DIRECTION('',(-1.,0.,0.));
#9908 = PCURVE('',#8916,#9909);
#9909 = DEFINITIONAL_REPRESENTATION('',(#9910),#9914);
#9910 = LINE('',#9911,#9912);
#9911 = CARTESIAN_POINT('',(9.424777960769,-3.));
#9912 = VECTOR('',#9913,1.);
#9913 = DIRECTION('',(-1.,0.));
#9914 = ( GEOMETRIC_REPRESENTATION_CONTEXT(2) 
PARAMETRIC_REPRESENTATION_CONTEXT() REPRESENTATION_CONTEXT('2D SPACE',''
  ) );
#9915 = PCURVE('',#9916,#9921);
#9916 = SPHERICAL_SURFACE('',#9917,1.);
#9917 = AXIS2_PLACEMENT_3D('',#9918,#9919,#9920);
#9918 = CARTESIAN_POINT('',(16.1,-65.6,57.));
#9919 = DIRECTION('',(1.,0.,0.));
#9920 = DIRECTION('',(0.,0.,-1.));
#9921 = DEFINITIONAL_REPRESENTATION('',(#9922),#9948);
#9922 = B_SPLINE_CURVE_WITH_KNOTS('',3,(#9923,#9924,#9925,#9926,#9927,
    #9928,#9929,#9930,#9931,#9932,#9933,#9934,#9935,#9936,#9937,#9938,
    #9939,#9940,#9941,#9942,#9943,#9944,#9945,#9946,#9947),
  .UNSPECIFIED.,.F.,.F.,(4,1,1,1,1,1,1,1,1,1,1,1,1,1,1,1,1,1,1,1,1,1,4),
  (3.14159265359,3.212992486626,3.284392319662,3.355792152698,
    3.427191985734,3.49859181877,3.569991651807,3.641391484843,
    3.712791317879,3.784191150915,3.855590983951,3.926990816987,
    3.998390650023,4.06979048306,4.141190316096,4.212590149132,
    4.283989982168,4.355389815204,4.42678964824,4.498189481276,
    4.569589314312,4.640989147349,4.712388980385),
  .QUASI_UNIFORM_KNOTS.);
#9923 = CARTESIAN_POINT('',(4.712388980385,1.570796326795));
#9924 = CARTESIAN_POINT('',(4.712388980385,1.54699638245));
#9925 = CARTESIAN_POINT('',(4.712388980385,1.499396493759));
#9926 = CARTESIAN_POINT('',(4.712388980385,1.427996660723));
#9927 = CARTESIAN_POINT('',(4.712388980385,1.356596827687));
#9928 = CARTESIAN_POINT('',(4.712388980385,1.28519699465));
#9929 = CARTESIAN_POINT('',(4.712388980385,1.213797161614));
#9930 = CARTESIAN_POINT('',(4.712388980385,1.142397328578));
#9931 = CARTESIAN_POINT('',(4.712388980385,1.070997495542));
#9932 = CARTESIAN_POINT('',(4.712388980385,0.999597662506));
#9933 = CARTESIAN_POINT('',(4.712388980385,0.92819782947));
#9934 = CARTESIAN_POINT('',(4.712388980385,0.856797996434));
#9935 = CARTESIAN_POINT('',(4.712388980385,0.785398163397));
#9936 = CARTESIAN_POINT('',(4.712388980385,0.713998330361));
#9937 = CARTESIAN_POINT('',(4.712388980385,0.642598497325));
#9938 = CARTESIAN_POINT('',(4.712388980385,0.571198664289));
#9939 = CARTESIAN_POINT('',(4.712388980385,0.499798831253));
#9940 = CARTESIAN_POINT('',(4.712388980385,0.428398998217));
#9941 = CARTESIAN_POINT('',(4.712388980385,0.356999165181));
#9942 = CARTESIAN_POINT('',(4.712388980385,0.285599332145));
#9943 = CARTESIAN_POINT('',(4.712388980385,0.214199499108));
#9944 = CARTESIAN_POINT('',(4.712388980385,0.142799666072));
#9945 = CARTESIAN_POINT('',(4.712388980385,7.139983303613E-02));
#9946 = CARTESIAN_POINT('',(4.712388980385,2.379994434538E-02));
#9947 = CARTESIAN_POINT('',(4.712388980385,0.));
#9948 = ( GEOMETRIC_REPRESENTATION_CONTEXT(2) 
PARAMETRIC_REPRESENTATION_CONTEXT() REPRESENTATION_CONTEXT('2D SPACE',''
  ) );
#9949 = ADVANCED_FACE('',(#9950),#8942,.T.);
#9950 = FACE_BOUND('',#9951,.T.);
#9951 = EDGE_LOOP('',(#9952,#9975,#9976,#9977));
#9952 = ORIENTED_EDGE('',*,*,#9953,.F.);
#9953 = EDGE_CURVE('',#9749,#9954,#9956,.T.);
#9954 = VERTEX_POINT('',#9955);
#9955 = CARTESIAN_POINT('',(16.1,-65.6,56.));
#9956 = SURFACE_CURVE('',#9957,(#9961,#9968),.PCURVE_S1.);
#9957 = LINE('',#9958,#9959);
#9958 = CARTESIAN_POINT('',(16.1,-64.6,56.));
#9959 = VECTOR('',#9960,1.);
#9960 = DIRECTION('',(-5.624913994737E-17,-1.,0.));
#9961 = PCURVE('',#8942,#9962);
#9962 = DEFINITIONAL_REPRESENTATION('',(#9963),#9967);
#9963 = LINE('',#9964,#9965);
#9964 = CARTESIAN_POINT('',(4.712388980385,0.));
#9965 = VECTOR('',#9966,1.);
#9966 = DIRECTION('',(0.,1.));
#9967 = ( GEOMETRIC_REPRESENTATION_CONTEXT(2) 
PARAMETRIC_REPRESENTATION_CONTEXT() REPRESENTATION_CONTEXT('2D SPACE',''
  ) );
#9968 = PCURVE('',#2822,#9969);
#9969 = DEFINITIONAL_REPRESENTATION('',(#9970),#9974);
#9970 = LINE('',#9971,#9972);
#9971 = CARTESIAN_POINT('',(1.570796326795,64.6));
#9972 = VECTOR('',#9973,1.);
#9973 = DIRECTION('',(0.,1.));
#9974 = ( GEOMETRIC_REPRESENTATION_CONTEXT(2) 
PARAMETRIC_REPRESENTATION_CONTEXT() REPRESENTATION_CONTEXT('2D SPACE',''
  ) );
#9975 = ORIENTED_EDGE('',*,*,#9795,.F.);
#9976 = ORIENTED_EDGE('',*,*,#8928,.T.);
#9977 = ORIENTED_EDGE('',*,*,#9978,.F.);
#9978 = EDGE_CURVE('',#9954,#8901,#9979,.T.);
#9979 = SURFACE_CURVE('',#9980,(#9985,#9992),.PCURVE_S1.);
#9980 = CIRCLE('',#9981,1.);
#9981 = AXIS2_PLACEMENT_3D('',#9982,#9983,#9984);
#9982 = CARTESIAN_POINT('',(16.1,-65.6,57.));
#9983 = DIRECTION('',(0.,-1.,0.));
#9984 = DIRECTION('',(0.,0.,-1.));
#9985 = PCURVE('',#8942,#9986);
#9986 = DEFINITIONAL_REPRESENTATION('',(#9987),#9991);
#9987 = LINE('',#9988,#9989);
#9988 = CARTESIAN_POINT('',(4.712388980385,1.));
#9989 = VECTOR('',#9990,1.);
#9990 = DIRECTION('',(1.,0.));
#9991 = ( GEOMETRIC_REPRESENTATION_CONTEXT(2) 
PARAMETRIC_REPRESENTATION_CONTEXT() REPRESENTATION_CONTEXT('2D SPACE',''
  ) );
#9992 = PCURVE('',#9916,#9993);
#9993 = DEFINITIONAL_REPRESENTATION('',(#9994),#9998);
#9994 = LINE('',#9995,#9996);
#9995 = CARTESIAN_POINT('',(6.28318530718,0.));
#9996 = VECTOR('',#9997,1.);
#9997 = DIRECTION('',(0.,1.));
#9998 = ( GEOMETRIC_REPRESENTATION_CONTEXT(2) 
PARAMETRIC_REPRESENTATION_CONTEXT() REPRESENTATION_CONTEXT('2D SPACE',''
  ) );
#9999 = ADVANCED_FACE('',(#10000),#2822,.F.);
#10000 = FACE_BOUND('',#10001,.F.);
#10001 = EDGE_LOOP('',(#10002,#10003,#10025,#10026));
#10002 = ORIENTED_EDGE('',*,*,#2806,.T.);
#10003 = ORIENTED_EDGE('',*,*,#10004,.T.);
#10004 = EDGE_CURVE('',#2807,#9954,#10005,.T.);
#10005 = SURFACE_CURVE('',#10006,(#10011,#10018),.PCURVE_S1.);
#10006 = CIRCLE('',#10007,1.);
#10007 = AXIS2_PLACEMENT_3D('',#10008,#10009,#10010);
#10008 = CARTESIAN_POINT('',(16.1,-65.6,55.));
#10009 = DIRECTION('',(0.,1.,0.));
#10010 = DIRECTION('',(0.,-0.,1.));
#10011 = PCURVE('',#2822,#10012);
#10012 = DEFINITIONAL_REPRESENTATION('',(#10013),#10017);
#10013 = LINE('',#10014,#10015);
#10014 = CARTESIAN_POINT('',(7.853981633974,65.6));
#10015 = VECTOR('',#10016,1.);
#10016 = DIRECTION('',(-1.,0.));
#10017 = ( GEOMETRIC_REPRESENTATION_CONTEXT(2) 
PARAMETRIC_REPRESENTATION_CONTEXT() REPRESENTATION_CONTEXT('2D SPACE',''
  ) );
#10018 = PCURVE('',#2851,#10019);
#10019 = DEFINITIONAL_REPRESENTATION('',(#10020),#10024);
#10020 = LINE('',#10021,#10022);
#10021 = CARTESIAN_POINT('',(4.712388980385,-3.14159265359));
#10022 = VECTOR('',#10023,1.);
#10023 = DIRECTION('',(0.,1.));
#10024 = ( GEOMETRIC_REPRESENTATION_CONTEXT(2) 
PARAMETRIC_REPRESENTATION_CONTEXT() REPRESENTATION_CONTEXT('2D SPACE',''
  ) );
#10025 = ORIENTED_EDGE('',*,*,#9953,.F.);
#10026 = ORIENTED_EDGE('',*,*,#9821,.T.);
#10027 = ADVANCED_FACE('',(#10028),#2879,.F.);
#10028 = FACE_BOUND('',#10029,.F.);
#10029 = EDGE_LOOP('',(#10030,#10031,#10053,#10054));
#10030 = ORIENTED_EDGE('',*,*,#9878,.F.);
#10031 = ORIENTED_EDGE('',*,*,#10032,.T.);
#10032 = EDGE_CURVE('',#9879,#2835,#10033,.T.);
#10033 = SURFACE_CURVE('',#10034,(#10039,#10046),.PCURVE_S1.);
#10034 = CIRCLE('',#10035,1.);
#10035 = AXIS2_PLACEMENT_3D('',#10036,#10037,#10038);
#10036 = CARTESIAN_POINT('',(16.1,-67.6,57.));
#10037 = DIRECTION('',(0.,0.,1.));
#10038 = DIRECTION('',(1.,0.,-0.));
#10039 = PCURVE('',#2879,#10040);
#10040 = DEFINITIONAL_REPRESENTATION('',(#10041),#10045);
#10041 = LINE('',#10042,#10043);
#10042 = CARTESIAN_POINT('',(0.,52.));
#10043 = VECTOR('',#10044,1.);
#10044 = DIRECTION('',(1.,0.));
#10045 = ( GEOMETRIC_REPRESENTATION_CONTEXT(2) 
PARAMETRIC_REPRESENTATION_CONTEXT() REPRESENTATION_CONTEXT('2D SPACE',''
  ) );
#10046 = PCURVE('',#2851,#10047);
#10047 = DEFINITIONAL_REPRESENTATION('',(#10048),#10052);
#10048 = LINE('',#10049,#10050);
#10049 = CARTESIAN_POINT('',(6.28318530718,4.712388980385));
#10050 = VECTOR('',#10051,1.);
#10051 = DIRECTION('',(0.,-1.));
#10052 = ( GEOMETRIC_REPRESENTATION_CONTEXT(2) 
PARAMETRIC_REPRESENTATION_CONTEXT() REPRESENTATION_CONTEXT('2D SPACE',''
  ) );
#10053 = ORIENTED_EDGE('',*,*,#2863,.T.);
#10054 = ORIENTED_EDGE('',*,*,#9849,.T.);
#10055 = ADVANCED_FACE('',(#10056),#9916,.T.);
#10056 = FACE_BOUND('',#10057,.T.);
#10057 = EDGE_LOOP('',(#10058,#10059,#10060));
#10058 = ORIENTED_EDGE('',*,*,#9978,.T.);
#10059 = ORIENTED_EDGE('',*,*,#9901,.T.);
#10060 = ORIENTED_EDGE('',*,*,#10061,.T.);
#10061 = EDGE_CURVE('',#9879,#9954,#10062,.T.);
#10062 = SURFACE_CURVE('',#10063,(#10068,#10097),.PCURVE_S1.);
#10063 = CIRCLE('',#10064,1.);
#10064 = AXIS2_PLACEMENT_3D('',#10065,#10066,#10067);
#10065 = CARTESIAN_POINT('',(16.1,-65.6,57.));
#10066 = DIRECTION('',(1.,0.,0.));
#10067 = DIRECTION('',(0.,0.,-1.));
#10068 = PCURVE('',#9916,#10069);
#10069 = DEFINITIONAL_REPRESENTATION('',(#10070),#10096);
#10070 = B_SPLINE_CURVE_WITH_KNOTS('',3,(#10071,#10072,#10073,#10074,
    #10075,#10076,#10077,#10078,#10079,#10080,#10081,#10082,#10083,
    #10084,#10085,#10086,#10087,#10088,#10089,#10090,#10091,#10092,
    #10093,#10094,#10095),.UNSPECIFIED.,.F.,.F.,(4,1,1,1,1,1,1,1,1,1,1,1
    ,1,1,1,1,1,1,1,1,1,1,4),(4.712388980385,4.783788813421,
    4.855188646457,4.926588479493,4.997988312529,5.069388145565,
    5.140787978601,5.212187811638,5.283587644674,5.35498747771,
    5.426387310746,5.497787143782,5.569186976818,5.640586809854,
    5.711986642891,5.783386475927,5.854786308963,5.926186141999,
    5.997585975035,6.068985808071,6.140385641107,6.211785474143,
    6.28318530718),.QUASI_UNIFORM_KNOTS.);
#10071 = CARTESIAN_POINT('',(4.712388980385,0.));
#10072 = CARTESIAN_POINT('',(4.73618892473,0.));
#10073 = CARTESIAN_POINT('',(4.783788813421,-6.253171281508E-28));
#10074 = CARTESIAN_POINT('',(4.855188646457,2.188609948528E-27));
#10075 = CARTESIAN_POINT('',(4.926588479493,-8.12912266596E-27));
#10076 = CARTESIAN_POINT('',(4.997988312529,3.032788071531E-26));
#10077 = CARTESIAN_POINT('',(5.069388145565,-1.131824001953E-25));
#10078 = CARTESIAN_POINT('',(5.140787978601,4.224017200658E-25));
#10079 = CARTESIAN_POINT('',(5.212187811638,-1.576424480068E-24));
#10080 = CARTESIAN_POINT('',(5.283587644674,5.883296200206E-24));
#10081 = CARTESIAN_POINT('',(5.35498747771,-2.195676032076E-23));
#10082 = CARTESIAN_POINT('',(5.426387310746,8.194374508282E-23));
#10083 = CARTESIAN_POINT('',(5.497787143782,-3.058182200105E-22));
#10084 = CARTESIAN_POINT('',(5.569186976818,1.141329134959E-21));
#10085 = CARTESIAN_POINT('',(5.640586809854,-4.259498319827E-21));
#10086 = CARTESIAN_POINT('',(5.711986642891,1.589666414435E-20));
#10087 = CARTESIAN_POINT('',(5.783386475927,-5.932715825756E-20));
#10088 = CARTESIAN_POINT('',(5.854786308963,2.214119688859E-19));
#10089 = CARTESIAN_POINT('',(5.926186141999,-8.263207172861E-19));
#10090 = CARTESIAN_POINT('',(5.997585975035,3.083870900258E-18));
#10091 = CARTESIAN_POINT('',(6.068985808071,-1.150916288375E-17));
#10092 = CARTESIAN_POINT('',(6.140385641107,4.295278063473E-17));
#10093 = CARTESIAN_POINT('',(6.211785474143,-1.603019596552E-16));
#10094 = CARTESIAN_POINT('',(6.259385362834,3.454027187723E-16));
#10095 = CARTESIAN_POINT('',(6.28318530718,8.881784197001E-16));
#10096 = ( GEOMETRIC_REPRESENTATION_CONTEXT(2) 
PARAMETRIC_REPRESENTATION_CONTEXT() REPRESENTATION_CONTEXT('2D SPACE',''
  ) );
#10097 = PCURVE('',#2851,#10098);
#10098 = DEFINITIONAL_REPRESENTATION('',(#10099),#10103);
#10099 = LINE('',#10100,#10101);
#10100 = CARTESIAN_POINT('',(10.995574287564,3.14159265359));
#10101 = VECTOR('',#10102,1.);
#10102 = DIRECTION('',(-1.,0.));
#10103 = ( GEOMETRIC_REPRESENTATION_CONTEXT(2) 
PARAMETRIC_REPRESENTATION_CONTEXT() REPRESENTATION_CONTEXT('2D SPACE',''
  ) );
#10104 = ADVANCED_FACE('',(#10105),#2851,.F.);
#10105 = FACE_BOUND('',#10106,.F.);
#10106 = EDGE_LOOP('',(#10107,#10108,#10109,#10110));
#10107 = ORIENTED_EDGE('',*,*,#10032,.F.);
#10108 = ORIENTED_EDGE('',*,*,#10061,.T.);
#10109 = ORIENTED_EDGE('',*,*,#10004,.F.);
#10110 = ORIENTED_EDGE('',*,*,#2834,.T.);
#10111 = ADVANCED_FACE('',(#10112),#10125,.T.);
#10112 = FACE_BOUND('',#10113,.T.);
#10113 = EDGE_LOOP('',(#10114,#10143,#10189));
#10114 = ORIENTED_EDGE('',*,*,#10115,.T.);
#10115 = EDGE_CURVE('',#9198,#10116,#10118,.T.);
#10116 = VERTEX_POINT('',#10117);
#10117 = CARTESIAN_POINT('',(16.1,-63.6,16.));
#10118 = SURFACE_CURVE('',#10119,(#10124,#10136),.PCURVE_S1.);
#10119 = CIRCLE('',#10120,1.);
#10120 = AXIS2_PLACEMENT_3D('',#10121,#10122,#10123);
#10121 = CARTESIAN_POINT('',(16.1,-63.6,17.));
#10122 = DIRECTION('',(0.,1.,0.));
#10123 = DIRECTION('',(0.,-0.,1.));
#10124 = PCURVE('',#10125,#10130);
#10125 = SPHERICAL_SURFACE('',#10126,1.);
#10126 = AXIS2_PLACEMENT_3D('',#10127,#10128,#10129);
#10127 = CARTESIAN_POINT('',(16.1,-63.6,17.));
#10128 = DIRECTION('',(0.,1.,0.));
#10129 = DIRECTION('',(0.,-0.,1.));
#10130 = DEFINITIONAL_REPRESENTATION('',(#10131),#10135);
#10131 = LINE('',#10132,#10133);
#10132 = CARTESIAN_POINT('',(0.,0.));
#10133 = VECTOR('',#10134,1.);
#10134 = DIRECTION('',(1.,0.));
#10135 = ( GEOMETRIC_REPRESENTATION_CONTEXT(2) 
PARAMETRIC_REPRESENTATION_CONTEXT() REPRESENTATION_CONTEXT('2D SPACE',''
  ) );
#10136 = PCURVE('',#9302,#10137);
#10137 = DEFINITIONAL_REPRESENTATION('',(#10138),#10142);
#10138 = LINE('',#10139,#10140);
#10139 = CARTESIAN_POINT('',(7.853981633974,-1.));
#10140 = VECTOR('',#10141,1.);
#10141 = DIRECTION('',(-1.,0.));
#10142 = ( GEOMETRIC_REPRESENTATION_CONTEXT(2) 
PARAMETRIC_REPRESENTATION_CONTEXT() REPRESENTATION_CONTEXT('2D SPACE',''
  ) );
#10143 = ORIENTED_EDGE('',*,*,#10144,.F.);
#10144 = EDGE_CURVE('',#10145,#10116,#10147,.T.);
#10145 = VERTEX_POINT('',#10146);
#10146 = CARTESIAN_POINT('',(16.1,-62.6,17.));
#10147 = SURFACE_CURVE('',#10148,(#10153,#10182),.PCURVE_S1.);
#10148 = CIRCLE('',#10149,1.);
#10149 = AXIS2_PLACEMENT_3D('',#10150,#10151,#10152);
#10150 = CARTESIAN_POINT('',(16.1,-63.6,17.));
#10151 = DIRECTION('',(-1.,5.624913994737E-17,0.));
#10152 = DIRECTION('',(-5.624913994737E-17,-1.,0.));
#10153 = PCURVE('',#10125,#10154);
#10154 = DEFINITIONAL_REPRESENTATION('',(#10155),#10181);
#10155 = B_SPLINE_CURVE_WITH_KNOTS('',3,(#10156,#10157,#10158,#10159,
    #10160,#10161,#10162,#10163,#10164,#10165,#10166,#10167,#10168,
    #10169,#10170,#10171,#10172,#10173,#10174,#10175,#10176,#10177,
    #10178,#10179,#10180),.UNSPECIFIED.,.F.,.F.,(4,1,1,1,1,1,1,1,1,1,1,1
    ,1,1,1,1,1,1,1,1,1,1,4),(3.14159265359,3.212992486626,3.284392319662
    ,3.355792152698,3.427191985734,3.49859181877,3.569991651807,
    3.641391484843,3.712791317879,3.784191150915,3.855590983951,
    3.926990816987,3.998390650023,4.06979048306,4.141190316096,
    4.212590149132,4.283989982168,4.355389815204,4.42678964824,
    4.498189481276,4.569589314312,4.640989147349,4.712388980385),
  .QUASI_UNIFORM_KNOTS.);
#10156 = CARTESIAN_POINT('',(3.14159265359,1.570796326795));
#10157 = CARTESIAN_POINT('',(3.14159265359,1.54699638245));
#10158 = CARTESIAN_POINT('',(3.14159265359,1.499396493759));
#10159 = CARTESIAN_POINT('',(3.14159265359,1.427996660723));
#10160 = CARTESIAN_POINT('',(3.14159265359,1.356596827687));
#10161 = CARTESIAN_POINT('',(3.14159265359,1.28519699465));
#10162 = CARTESIAN_POINT('',(3.14159265359,1.213797161614));
#10163 = CARTESIAN_POINT('',(3.14159265359,1.142397328578));
#10164 = CARTESIAN_POINT('',(3.14159265359,1.070997495542));
#10165 = CARTESIAN_POINT('',(3.14159265359,0.999597662506));
#10166 = CARTESIAN_POINT('',(3.14159265359,0.92819782947));
#10167 = CARTESIAN_POINT('',(3.14159265359,0.856797996434));
#10168 = CARTESIAN_POINT('',(3.14159265359,0.785398163397));
#10169 = CARTESIAN_POINT('',(3.14159265359,0.713998330361));
#10170 = CARTESIAN_POINT('',(3.14159265359,0.642598497325));
#10171 = CARTESIAN_POINT('',(3.14159265359,0.571198664289));
#10172 = CARTESIAN_POINT('',(3.14159265359,0.499798831253));
#10173 = CARTESIAN_POINT('',(3.14159265359,0.428398998217));
#10174 = CARTESIAN_POINT('',(3.14159265359,0.356999165181));
#10175 = CARTESIAN_POINT('',(3.14159265359,0.285599332145));
#10176 = CARTESIAN_POINT('',(3.14159265359,0.214199499108));
#10177 = CARTESIAN_POINT('',(3.14159265359,0.142799666072));
#10178 = CARTESIAN_POINT('',(3.14159265359,7.139983303614E-02));
#10179 = CARTESIAN_POINT('',(3.14159265359,2.379994434538E-02));
#10180 = CARTESIAN_POINT('',(3.14159265359,0.));
#10181 = ( GEOMETRIC_REPRESENTATION_CONTEXT(2) 
PARAMETRIC_REPRESENTATION_CONTEXT() REPRESENTATION_CONTEXT('2D SPACE',''
  ) );
#10182 = PCURVE('',#2104,#10183);
#10183 = DEFINITIONAL_REPRESENTATION('',(#10184),#10188);
#10184 = LINE('',#10185,#10186);
#10185 = CARTESIAN_POINT('',(0.,3.14159265359));
#10186 = VECTOR('',#10187,1.);
#10187 = DIRECTION('',(1.,0.));
#10188 = ( GEOMETRIC_REPRESENTATION_CONTEXT(2) 
PARAMETRIC_REPRESENTATION_CONTEXT() REPRESENTATION_CONTEXT('2D SPACE',''
  ) );
#10189 = ORIENTED_EDGE('',*,*,#10190,.T.);
#10190 = EDGE_CURVE('',#10145,#9198,#10191,.T.);
#10191 = SURFACE_CURVE('',#10192,(#10197,#10226),.PCURVE_S1.);
#10192 = CIRCLE('',#10193,1.);
#10193 = AXIS2_PLACEMENT_3D('',#10194,#10195,#10196);
#10194 = CARTESIAN_POINT('',(16.1,-63.6,17.));
#10195 = DIRECTION('',(0.,0.,-1.));
#10196 = DIRECTION('',(-1.,0.,0.));
#10197 = PCURVE('',#10125,#10198);
#10198 = DEFINITIONAL_REPRESENTATION('',(#10199),#10225);
#10199 = B_SPLINE_CURVE_WITH_KNOTS('',3,(#10200,#10201,#10202,#10203,
    #10204,#10205,#10206,#10207,#10208,#10209,#10210,#10211,#10212,
    #10213,#10214,#10215,#10216,#10217,#10218,#10219,#10220,#10221,
    #10222,#10223,#10224),.UNSPECIFIED.,.F.,.F.,(4,1,1,1,1,1,1,1,1,1,1,1
    ,1,1,1,1,1,1,1,1,1,1,4),(1.570796326795,1.642196159831,
    1.713595992867,1.784995825903,1.856395658939,1.927795491976,
    1.999195325012,2.070595158048,2.141994991084,2.21339482412,
    2.284794657156,2.356194490192,2.427594323228,2.498994156265,
    2.570393989301,2.641793822337,2.713193655373,2.784593488409,
    2.855993321445,2.927393154481,2.998792987518,3.070192820554,
    3.14159265359),.QUASI_UNIFORM_KNOTS.);
#10200 = CARTESIAN_POINT('',(1.570796326795,1.570796326795));
#10201 = CARTESIAN_POINT('',(1.570796326795,1.54699638245));
#10202 = CARTESIAN_POINT('',(1.570796326795,1.499396493759));
#10203 = CARTESIAN_POINT('',(1.570796326795,1.427996660723));
#10204 = CARTESIAN_POINT('',(1.570796326795,1.356596827687));
#10205 = CARTESIAN_POINT('',(1.570796326795,1.28519699465));
#10206 = CARTESIAN_POINT('',(1.570796326795,1.213797161614));
#10207 = CARTESIAN_POINT('',(1.570796326795,1.142397328578));
#10208 = CARTESIAN_POINT('',(1.570796326795,1.070997495542));
#10209 = CARTESIAN_POINT('',(1.570796326795,0.999597662506));
#10210 = CARTESIAN_POINT('',(1.570796326795,0.92819782947));
#10211 = CARTESIAN_POINT('',(1.570796326795,0.856797996434));
#10212 = CARTESIAN_POINT('',(1.570796326795,0.785398163397));
#10213 = CARTESIAN_POINT('',(1.570796326795,0.713998330361));
#10214 = CARTESIAN_POINT('',(1.570796326795,0.642598497325));
#10215 = CARTESIAN_POINT('',(1.570796326795,0.571198664289));
#10216 = CARTESIAN_POINT('',(1.570796326795,0.499798831253));
#10217 = CARTESIAN_POINT('',(1.570796326795,0.428398998217));
#10218 = CARTESIAN_POINT('',(1.570796326795,0.356999165181));
#10219 = CARTESIAN_POINT('',(1.570796326795,0.285599332145));
#10220 = CARTESIAN_POINT('',(1.570796326795,0.214199499108));
#10221 = CARTESIAN_POINT('',(1.570796326795,0.142799666072));
#10222 = CARTESIAN_POINT('',(1.570796326795,7.139983303614E-02));
#10223 = CARTESIAN_POINT('',(1.570796326795,2.379994434538E-02));
#10224 = CARTESIAN_POINT('',(1.570796326795,0.));
#10225 = ( GEOMETRIC_REPRESENTATION_CONTEXT(2) 
PARAMETRIC_REPRESENTATION_CONTEXT() REPRESENTATION_CONTEXT('2D SPACE',''
  ) );
#10226 = PCURVE('',#9220,#10227);
#10227 = DEFINITIONAL_REPRESENTATION('',(#10228),#10232);
#10228 = LINE('',#10229,#10230);
#10229 = CARTESIAN_POINT('',(0.,20.));
#10230 = VECTOR('',#10231,1.);
#10231 = DIRECTION('',(1.,0.));
#10232 = ( GEOMETRIC_REPRESENTATION_CONTEXT(2) 
PARAMETRIC_REPRESENTATION_CONTEXT() REPRESENTATION_CONTEXT('2D SPACE',''
  ) );
#10233 = ADVANCED_FACE('',(#10234),#2104,.F.);
#10234 = FACE_BOUND('',#10235,.F.);
#10235 = EDGE_LOOP('',(#10236,#10237,#10259,#10260));
#10236 = ORIENTED_EDGE('',*,*,#2087,.T.);
#10237 = ORIENTED_EDGE('',*,*,#10238,.F.);
#10238 = EDGE_CURVE('',#10116,#2088,#10239,.T.);
#10239 = SURFACE_CURVE('',#10240,(#10245,#10252),.PCURVE_S1.);
#10240 = CIRCLE('',#10241,1.);
#10241 = AXIS2_PLACEMENT_3D('',#10242,#10243,#10244);
#10242 = CARTESIAN_POINT('',(16.1,-63.6,15.));
#10243 = DIRECTION('',(0.,-1.,0.));
#10244 = DIRECTION('',(0.,0.,-1.));
#10245 = PCURVE('',#2104,#10246);
#10246 = DEFINITIONAL_REPRESENTATION('',(#10247),#10251);
#10247 = LINE('',#10248,#10249);
#10248 = CARTESIAN_POINT('',(4.712388980385,6.28318530718));
#10249 = VECTOR('',#10250,1.);
#10250 = DIRECTION('',(0.,-1.));
#10251 = ( GEOMETRIC_REPRESENTATION_CONTEXT(2) 
PARAMETRIC_REPRESENTATION_CONTEXT() REPRESENTATION_CONTEXT('2D SPACE',''
  ) );
#10252 = PCURVE('',#2132,#10253);
#10253 = DEFINITIONAL_REPRESENTATION('',(#10254),#10258);
#10254 = LINE('',#10255,#10256);
#10255 = CARTESIAN_POINT('',(-1.570796326795,63.6));
#10256 = VECTOR('',#10257,1.);
#10257 = DIRECTION('',(1.,0.));
#10258 = ( GEOMETRIC_REPRESENTATION_CONTEXT(2) 
PARAMETRIC_REPRESENTATION_CONTEXT() REPRESENTATION_CONTEXT('2D SPACE',''
  ) );
#10259 = ORIENTED_EDGE('',*,*,#10144,.F.);
#10260 = ORIENTED_EDGE('',*,*,#10261,.F.);
#10261 = EDGE_CURVE('',#2060,#10145,#10262,.T.);
#10262 = SURFACE_CURVE('',#10263,(#10268,#10275),.PCURVE_S1.);
#10263 = CIRCLE('',#10264,1.);
#10264 = AXIS2_PLACEMENT_3D('',#10265,#10266,#10267);
#10265 = CARTESIAN_POINT('',(16.1,-61.6,17.));
#10266 = DIRECTION('',(0.,0.,1.));
#10267 = DIRECTION('',(1.,0.,-0.));
#10268 = PCURVE('',#2104,#10269);
#10269 = DEFINITIONAL_REPRESENTATION('',(#10270),#10274);
#10270 = LINE('',#10271,#10272);
#10271 = CARTESIAN_POINT('',(3.14159265359,-1.570796326795));
#10272 = VECTOR('',#10273,1.);
#10273 = DIRECTION('',(0.,1.));
#10274 = ( GEOMETRIC_REPRESENTATION_CONTEXT(2) 
PARAMETRIC_REPRESENTATION_CONTEXT() REPRESENTATION_CONTEXT('2D SPACE',''
  ) );
#10275 = PCURVE('',#2075,#10276);
#10276 = DEFINITIONAL_REPRESENTATION('',(#10277),#10281);
#10277 = LINE('',#10278,#10279);
#10278 = CARTESIAN_POINT('',(9.424777960769,3.));
#10279 = VECTOR('',#10280,1.);
#10280 = DIRECTION('',(-1.,0.));
#10281 = ( GEOMETRIC_REPRESENTATION_CONTEXT(2) 
PARAMETRIC_REPRESENTATION_CONTEXT() REPRESENTATION_CONTEXT('2D SPACE',''
  ) );
#10282 = ADVANCED_FACE('',(#10283),#9220,.T.);
#10283 = FACE_BOUND('',#10284,.T.);
#10284 = EDGE_LOOP('',(#10285,#10286,#10287,#10310));
#10285 = ORIENTED_EDGE('',*,*,#9197,.F.);
#10286 = ORIENTED_EDGE('',*,*,#10190,.F.);
#10287 = ORIENTED_EDGE('',*,*,#10288,.T.);
#10288 = EDGE_CURVE('',#10145,#10289,#10291,.T.);
#10289 = VERTEX_POINT('',#10290);
#10290 = CARTESIAN_POINT('',(16.1,-62.6,23.));
#10291 = SURFACE_CURVE('',#10292,(#10296,#10303),.PCURVE_S1.);
#10292 = LINE('',#10293,#10294);
#10293 = CARTESIAN_POINT('',(16.1,-62.6,16.));
#10294 = VECTOR('',#10295,1.);
#10295 = DIRECTION('',(0.,0.,1.));
#10296 = PCURVE('',#9220,#10297);
#10297 = DEFINITIONAL_REPRESENTATION('',(#10298),#10302);
#10298 = LINE('',#10299,#10300);
#10299 = CARTESIAN_POINT('',(1.570796326795,21.));
#10300 = VECTOR('',#10301,1.);
#10301 = DIRECTION('',(0.,-1.));
#10302 = ( GEOMETRIC_REPRESENTATION_CONTEXT(2) 
PARAMETRIC_REPRESENTATION_CONTEXT() REPRESENTATION_CONTEXT('2D SPACE',''
  ) );
#10303 = PCURVE('',#2075,#10304);
#10304 = DEFINITIONAL_REPRESENTATION('',(#10305),#10309);
#10305 = LINE('',#10306,#10307);
#10306 = CARTESIAN_POINT('',(4.712388980385,4.));
#10307 = VECTOR('',#10308,1.);
#10308 = DIRECTION('',(0.,-1.));
#10309 = ( GEOMETRIC_REPRESENTATION_CONTEXT(2) 
PARAMETRIC_REPRESENTATION_CONTEXT() REPRESENTATION_CONTEXT('2D SPACE',''
  ) );
#10310 = ORIENTED_EDGE('',*,*,#10311,.F.);
#10311 = EDGE_CURVE('',#9200,#10289,#10312,.T.);
#10312 = SURFACE_CURVE('',#10313,(#10318,#10325),.PCURVE_S1.);
#10313 = CIRCLE('',#10314,1.);
#10314 = AXIS2_PLACEMENT_3D('',#10315,#10316,#10317);
#10315 = CARTESIAN_POINT('',(16.1,-63.6,23.));
#10316 = DIRECTION('',(0.,0.,1.));
#10317 = DIRECTION('',(1.,0.,-0.));
#10318 = PCURVE('',#9220,#10319);
#10319 = DEFINITIONAL_REPRESENTATION('',(#10320),#10324);
#10320 = LINE('',#10321,#10322);
#10321 = CARTESIAN_POINT('',(3.14159265359,14.));
#10322 = VECTOR('',#10323,1.);
#10323 = DIRECTION('',(-1.,0.));
#10324 = ( GEOMETRIC_REPRESENTATION_CONTEXT(2) 
PARAMETRIC_REPRESENTATION_CONTEXT() REPRESENTATION_CONTEXT('2D SPACE',''
  ) );
#10325 = PCURVE('',#10326,#10331);
#10326 = SPHERICAL_SURFACE('',#10327,1.);
#10327 = AXIS2_PLACEMENT_3D('',#10328,#10329,#10330);
#10328 = CARTESIAN_POINT('',(16.1,-63.6,23.));
#10329 = DIRECTION('',(0.,1.,0.));
#10330 = DIRECTION('',(0.,-0.,1.));
#10331 = DEFINITIONAL_REPRESENTATION('',(#10332),#10358);
#10332 = B_SPLINE_CURVE_WITH_KNOTS('',3,(#10333,#10334,#10335,#10336,
    #10337,#10338,#10339,#10340,#10341,#10342,#10343,#10344,#10345,
    #10346,#10347,#10348,#10349,#10350,#10351,#10352,#10353,#10354,
    #10355,#10356,#10357),.UNSPECIFIED.,.F.,.F.,(4,1,1,1,1,1,1,1,1,1,1,1
    ,1,1,1,1,1,1,1,1,1,1,4),(0.,7.139983303613E-02,0.142799666072,
    0.214199499108,0.285599332145,0.356999165181,0.428398998217,
    0.499798831253,0.571198664289,0.642598497325,0.713998330361,
    0.785398163397,0.856797996434,0.92819782947,0.999597662506,
    1.070997495542,1.142397328578,1.213797161614,1.28519699465,
    1.356596827687,1.427996660723,1.499396493759,1.570796326795),
  .QUASI_UNIFORM_KNOTS.);
#10333 = CARTESIAN_POINT('',(1.570796326795,0.));
#10334 = CARTESIAN_POINT('',(1.570796326795,2.379994434538E-02));
#10335 = CARTESIAN_POINT('',(1.570796326795,7.139983303614E-02));
#10336 = CARTESIAN_POINT('',(1.570796326795,0.142799666072));
#10337 = CARTESIAN_POINT('',(1.570796326795,0.214199499108));
#10338 = CARTESIAN_POINT('',(1.570796326795,0.285599332145));
#10339 = CARTESIAN_POINT('',(1.570796326795,0.356999165181));
#10340 = CARTESIAN_POINT('',(1.570796326795,0.428398998217));
#10341 = CARTESIAN_POINT('',(1.570796326795,0.499798831253));
#10342 = CARTESIAN_POINT('',(1.570796326795,0.571198664289));
#10343 = CARTESIAN_POINT('',(1.570796326795,0.642598497325));
#10344 = CARTESIAN_POINT('',(1.570796326795,0.713998330361));
#10345 = CARTESIAN_POINT('',(1.570796326795,0.785398163397));
#10346 = CARTESIAN_POINT('',(1.570796326795,0.856797996434));
#10347 = CARTESIAN_POINT('',(1.570796326795,0.92819782947));
#10348 = CARTESIAN_POINT('',(1.570796326795,0.999597662506));
#10349 = CARTESIAN_POINT('',(1.570796326795,1.070997495542));
#10350 = CARTESIAN_POINT('',(1.570796326795,1.142397328578));
#10351 = CARTESIAN_POINT('',(1.570796326795,1.213797161614));
#10352 = CARTESIAN_POINT('',(1.570796326795,1.28519699465));
#10353 = CARTESIAN_POINT('',(1.570796326795,1.356596827687));
#10354 = CARTESIAN_POINT('',(1.570796326795,1.427996660723));
#10355 = CARTESIAN_POINT('',(1.570796326795,1.499396493759));
#10356 = CARTESIAN_POINT('',(1.570796326795,1.54699638245));
#10357 = CARTESIAN_POINT('',(1.570796326795,1.570796326795));
#10358 = ( GEOMETRIC_REPRESENTATION_CONTEXT(2) 
PARAMETRIC_REPRESENTATION_CONTEXT() REPRESENTATION_CONTEXT('2D SPACE',''
  ) );
#10359 = ADVANCED_FACE('',(#10360),#9302,.T.);
#10360 = FACE_BOUND('',#10361,.T.);
#10361 = EDGE_LOOP('',(#10362,#10413,#10434,#10435));
#10362 = ORIENTED_EDGE('',*,*,#10363,.F.);
#10363 = EDGE_CURVE('',#10364,#9261,#10366,.T.);
#10364 = VERTEX_POINT('',#10365);
#10365 = CARTESIAN_POINT('',(16.1,-65.6,16.));
#10366 = SURFACE_CURVE('',#10367,(#10372,#10379),.PCURVE_S1.);
#10367 = CIRCLE('',#10368,1.);
#10368 = AXIS2_PLACEMENT_3D('',#10369,#10370,#10371);
#10369 = CARTESIAN_POINT('',(16.1,-65.6,17.));
#10370 = DIRECTION('',(0.,-1.,0.));
#10371 = DIRECTION('',(0.,0.,-1.));
#10372 = PCURVE('',#9302,#10373);
#10373 = DEFINITIONAL_REPRESENTATION('',(#10374),#10378);
#10374 = LINE('',#10375,#10376);
#10375 = CARTESIAN_POINT('',(4.712388980385,1.));
#10376 = VECTOR('',#10377,1.);
#10377 = DIRECTION('',(1.,0.));
#10378 = ( GEOMETRIC_REPRESENTATION_CONTEXT(2) 
PARAMETRIC_REPRESENTATION_CONTEXT() REPRESENTATION_CONTEXT('2D SPACE',''
  ) );
#10379 = PCURVE('',#10380,#10385);
#10380 = SPHERICAL_SURFACE('',#10381,1.);
#10381 = AXIS2_PLACEMENT_3D('',#10382,#10383,#10384);
#10382 = CARTESIAN_POINT('',(16.1,-65.6,17.));
#10383 = DIRECTION('',(0.,0.,-1.));
#10384 = DIRECTION('',(-1.,0.,0.));
#10385 = DEFINITIONAL_REPRESENTATION('',(#10386),#10412);
#10386 = B_SPLINE_CURVE_WITH_KNOTS('',3,(#10387,#10388,#10389,#10390,
    #10391,#10392,#10393,#10394,#10395,#10396,#10397,#10398,#10399,
    #10400,#10401,#10402,#10403,#10404,#10405,#10406,#10407,#10408,
    #10409,#10410,#10411),.UNSPECIFIED.,.F.,.F.,(4,1,1,1,1,1,1,1,1,1,1,1
    ,1,1,1,1,1,1,1,1,1,1,4),(0.,7.139983303613E-02,0.142799666072,
    0.214199499108,0.285599332145,0.356999165181,0.428398998217,
    0.499798831253,0.571198664289,0.642598497325,0.713998330361,
    0.785398163397,0.856797996434,0.92819782947,0.999597662506,
    1.070997495542,1.142397328578,1.213797161614,1.28519699465,
    1.356596827687,1.427996660723,1.499396493759,1.570796326795),
  .QUASI_UNIFORM_KNOTS.);
#10387 = CARTESIAN_POINT('',(3.14159265359,1.570796326795));
#10388 = CARTESIAN_POINT('',(3.14159265359,1.54699638245));
#10389 = CARTESIAN_POINT('',(3.14159265359,1.499396493759));
#10390 = CARTESIAN_POINT('',(3.14159265359,1.427996660723));
#10391 = CARTESIAN_POINT('',(3.14159265359,1.356596827687));
#10392 = CARTESIAN_POINT('',(3.14159265359,1.28519699465));
#10393 = CARTESIAN_POINT('',(3.14159265359,1.213797161614));
#10394 = CARTESIAN_POINT('',(3.14159265359,1.142397328578));
#10395 = CARTESIAN_POINT('',(3.14159265359,1.070997495542));
#10396 = CARTESIAN_POINT('',(3.14159265359,0.999597662506));
#10397 = CARTESIAN_POINT('',(3.14159265359,0.92819782947));
#10398 = CARTESIAN_POINT('',(3.14159265359,0.856797996434));
#10399 = CARTESIAN_POINT('',(3.14159265359,0.785398163397));
#10400 = CARTESIAN_POINT('',(3.14159265359,0.713998330361));
#10401 = CARTESIAN_POINT('',(3.14159265359,0.642598497325));
#10402 = CARTESIAN_POINT('',(3.14159265359,0.571198664289));
#10403 = CARTESIAN_POINT('',(3.14159265359,0.499798831253));
#10404 = CARTESIAN_POINT('',(3.14159265359,0.428398998217));
#10405 = CARTESIAN_POINT('',(3.14159265359,0.356999165181));
#10406 = CARTESIAN_POINT('',(3.14159265359,0.285599332145));
#10407 = CARTESIAN_POINT('',(3.14159265359,0.214199499108));
#10408 = CARTESIAN_POINT('',(3.14159265359,0.142799666072));
#10409 = CARTESIAN_POINT('',(3.14159265359,7.139983303613E-02));
#10410 = CARTESIAN_POINT('',(3.14159265359,2.379994434538E-02));
#10411 = CARTESIAN_POINT('',(3.14159265359,0.));
#10412 = ( GEOMETRIC_REPRESENTATION_CONTEXT(2) 
PARAMETRIC_REPRESENTATION_CONTEXT() REPRESENTATION_CONTEXT('2D SPACE',''
  ) );
#10413 = ORIENTED_EDGE('',*,*,#10414,.F.);
#10414 = EDGE_CURVE('',#10116,#10364,#10415,.T.);
#10415 = SURFACE_CURVE('',#10416,(#10420,#10427),.PCURVE_S1.);
#10416 = LINE('',#10417,#10418);
#10417 = CARTESIAN_POINT('',(16.1,-64.6,16.));
#10418 = VECTOR('',#10419,1.);
#10419 = DIRECTION('',(-5.624913994737E-17,-1.,0.));
#10420 = PCURVE('',#9302,#10421);
#10421 = DEFINITIONAL_REPRESENTATION('',(#10422),#10426);
#10422 = LINE('',#10423,#10424);
#10423 = CARTESIAN_POINT('',(4.712388980385,0.));
#10424 = VECTOR('',#10425,1.);
#10425 = DIRECTION('',(0.,1.));
#10426 = ( GEOMETRIC_REPRESENTATION_CONTEXT(2) 
PARAMETRIC_REPRESENTATION_CONTEXT() REPRESENTATION_CONTEXT('2D SPACE',''
  ) );
#10427 = PCURVE('',#2132,#10428);
#10428 = DEFINITIONAL_REPRESENTATION('',(#10429),#10433);
#10429 = LINE('',#10430,#10431);
#10430 = CARTESIAN_POINT('',(1.570796326795,64.6));
#10431 = VECTOR('',#10432,1.);
#10432 = DIRECTION('',(0.,1.));
#10433 = ( GEOMETRIC_REPRESENTATION_CONTEXT(2) 
PARAMETRIC_REPRESENTATION_CONTEXT() REPRESENTATION_CONTEXT('2D SPACE',''
  ) );
#10434 = ORIENTED_EDGE('',*,*,#10115,.F.);
#10435 = ORIENTED_EDGE('',*,*,#9288,.T.);
#10436 = ADVANCED_FACE('',(#10437),#2132,.F.);
#10437 = FACE_BOUND('',#10438,.F.);
#10438 = EDGE_LOOP('',(#10439,#10440,#10462,#10463));
#10439 = ORIENTED_EDGE('',*,*,#2116,.T.);
#10440 = ORIENTED_EDGE('',*,*,#10441,.T.);
#10441 = EDGE_CURVE('',#2117,#10364,#10442,.T.);
#10442 = SURFACE_CURVE('',#10443,(#10448,#10455),.PCURVE_S1.);
#10443 = CIRCLE('',#10444,1.);
#10444 = AXIS2_PLACEMENT_3D('',#10445,#10446,#10447);
#10445 = CARTESIAN_POINT('',(16.1,-65.6,15.));
#10446 = DIRECTION('',(0.,1.,0.));
#10447 = DIRECTION('',(0.,-0.,1.));
#10448 = PCURVE('',#2132,#10449);
#10449 = DEFINITIONAL_REPRESENTATION('',(#10450),#10454);
#10450 = LINE('',#10451,#10452);
#10451 = CARTESIAN_POINT('',(7.853981633974,65.6));
#10452 = VECTOR('',#10453,1.);
#10453 = DIRECTION('',(-1.,0.));
#10454 = ( GEOMETRIC_REPRESENTATION_CONTEXT(2) 
PARAMETRIC_REPRESENTATION_CONTEXT() REPRESENTATION_CONTEXT('2D SPACE',''
  ) );
#10455 = PCURVE('',#2161,#10456);
#10456 = DEFINITIONAL_REPRESENTATION('',(#10457),#10461);
#10457 = LINE('',#10458,#10459);
#10458 = CARTESIAN_POINT('',(4.712388980385,-3.14159265359));
#10459 = VECTOR('',#10460,1.);
#10460 = DIRECTION('',(0.,1.));
#10461 = ( GEOMETRIC_REPRESENTATION_CONTEXT(2) 
PARAMETRIC_REPRESENTATION_CONTEXT() REPRESENTATION_CONTEXT('2D SPACE',''
  ) );
#10462 = ORIENTED_EDGE('',*,*,#10414,.F.);
#10463 = ORIENTED_EDGE('',*,*,#10238,.T.);
#10464 = ADVANCED_FACE('',(#10465),#2075,.F.);
#10465 = FACE_BOUND('',#10466,.F.);
#10466 = EDGE_LOOP('',(#10467,#10468,#10469,#10470));
#10467 = ORIENTED_EDGE('',*,*,#2059,.F.);
#10468 = ORIENTED_EDGE('',*,*,#10261,.T.);
#10469 = ORIENTED_EDGE('',*,*,#10288,.T.);
#10470 = ORIENTED_EDGE('',*,*,#10471,.T.);
#10471 = EDGE_CURVE('',#10289,#2031,#10472,.T.);
#10472 = SURFACE_CURVE('',#10473,(#10478,#10485),.PCURVE_S1.);
#10473 = CIRCLE('',#10474,1.);
#10474 = AXIS2_PLACEMENT_3D('',#10475,#10476,#10477);
#10475 = CARTESIAN_POINT('',(16.1,-61.6,23.));
#10476 = DIRECTION('',(0.,0.,-1.));
#10477 = DIRECTION('',(-1.,0.,0.));
#10478 = PCURVE('',#2075,#10479);
#10479 = DEFINITIONAL_REPRESENTATION('',(#10480),#10484);
#10480 = LINE('',#10481,#10482);
#10481 = CARTESIAN_POINT('',(0.,-3.));
#10482 = VECTOR('',#10483,1.);
#10483 = DIRECTION('',(1.,0.));
#10484 = ( GEOMETRIC_REPRESENTATION_CONTEXT(2) 
PARAMETRIC_REPRESENTATION_CONTEXT() REPRESENTATION_CONTEXT('2D SPACE',''
  ) );
#10485 = PCURVE('',#2047,#10486);
#10486 = DEFINITIONAL_REPRESENTATION('',(#10487),#10491);
#10487 = LINE('',#10488,#10489);
#10488 = CARTESIAN_POINT('',(3.14159265359,7.853981633974));
#10489 = VECTOR('',#10490,1.);
#10490 = DIRECTION('',(0.,-1.));
#10491 = ( GEOMETRIC_REPRESENTATION_CONTEXT(2) 
PARAMETRIC_REPRESENTATION_CONTEXT() REPRESENTATION_CONTEXT('2D SPACE',''
  ) );
#10492 = ADVANCED_FACE('',(#10493),#10326,.T.);
#10493 = FACE_BOUND('',#10494,.T.);
#10494 = EDGE_LOOP('',(#10495,#10496,#10520));
#10495 = ORIENTED_EDGE('',*,*,#10311,.T.);
#10496 = ORIENTED_EDGE('',*,*,#10497,.F.);
#10497 = EDGE_CURVE('',#10498,#10289,#10500,.T.);
#10498 = VERTEX_POINT('',#10499);
#10499 = CARTESIAN_POINT('',(16.1,-63.6,24.));
#10500 = SURFACE_CURVE('',#10501,(#10506,#10513),.PCURVE_S1.);
#10501 = CIRCLE('',#10502,1.);
#10502 = AXIS2_PLACEMENT_3D('',#10503,#10504,#10505);
#10503 = CARTESIAN_POINT('',(16.1,-63.6,23.));
#10504 = DIRECTION('',(-1.,5.624913994737E-17,0.));
#10505 = DIRECTION('',(-5.624913994737E-17,-1.,0.));
#10506 = PCURVE('',#10326,#10507);
#10507 = DEFINITIONAL_REPRESENTATION('',(#10508),#10512);
#10508 = LINE('',#10509,#10510);
#10509 = CARTESIAN_POINT('',(0.,-1.570796326795));
#10510 = VECTOR('',#10511,1.);
#10511 = DIRECTION('',(0.,1.));
#10512 = ( GEOMETRIC_REPRESENTATION_CONTEXT(2) 
PARAMETRIC_REPRESENTATION_CONTEXT() REPRESENTATION_CONTEXT('2D SPACE',''
  ) );
#10513 = PCURVE('',#2047,#10514);
#10514 = DEFINITIONAL_REPRESENTATION('',(#10515),#10519);
#10515 = LINE('',#10516,#10517);
#10516 = CARTESIAN_POINT('',(0.,3.14159265359));
#10517 = VECTOR('',#10518,1.);
#10518 = DIRECTION('',(1.,0.));
#10519 = ( GEOMETRIC_REPRESENTATION_CONTEXT(2) 
PARAMETRIC_REPRESENTATION_CONTEXT() REPRESENTATION_CONTEXT('2D SPACE',''
  ) );
#10520 = ORIENTED_EDGE('',*,*,#10521,.T.);
#10521 = EDGE_CURVE('',#10498,#9200,#10522,.T.);
#10522 = SURFACE_CURVE('',#10523,(#10528,#10535),.PCURVE_S1.);
#10523 = CIRCLE('',#10524,1.);
#10524 = AXIS2_PLACEMENT_3D('',#10525,#10526,#10527);
#10525 = CARTESIAN_POINT('',(16.1,-63.6,23.));
#10526 = DIRECTION('',(0.,1.,0.));
#10527 = DIRECTION('',(0.,-0.,1.));
#10528 = PCURVE('',#10326,#10529);
#10529 = DEFINITIONAL_REPRESENTATION('',(#10530),#10534);
#10530 = LINE('',#10531,#10532);
#10531 = CARTESIAN_POINT('',(0.,0.));
#10532 = VECTOR('',#10533,1.);
#10533 = DIRECTION('',(1.,0.));
#10534 = ( GEOMETRIC_REPRESENTATION_CONTEXT(2) 
PARAMETRIC_REPRESENTATION_CONTEXT() REPRESENTATION_CONTEXT('2D SPACE',''
  ) );
#10535 = PCURVE('',#9248,#10536);
#10536 = DEFINITIONAL_REPRESENTATION('',(#10537),#10541);
#10537 = LINE('',#10538,#10539);
#10538 = CARTESIAN_POINT('',(1.570796326795,-63.6));
#10539 = VECTOR('',#10540,1.);
#10540 = DIRECTION('',(1.,0.));
#10541 = ( GEOMETRIC_REPRESENTATION_CONTEXT(2) 
PARAMETRIC_REPRESENTATION_CONTEXT() REPRESENTATION_CONTEXT('2D SPACE',''
  ) );
#10542 = ADVANCED_FACE('',(#10543),#10380,.T.);
#10543 = FACE_BOUND('',#10544,.T.);
#10544 = EDGE_LOOP('',(#10545,#10591,#10592));
#10545 = ORIENTED_EDGE('',*,*,#10546,.T.);
#10546 = EDGE_CURVE('',#10547,#10364,#10549,.T.);
#10547 = VERTEX_POINT('',#10548);
#10548 = CARTESIAN_POINT('',(16.1,-66.6,17.));
#10549 = SURFACE_CURVE('',#10550,(#10555,#10584),.PCURVE_S1.);
#10550 = CIRCLE('',#10551,1.);
#10551 = AXIS2_PLACEMENT_3D('',#10552,#10553,#10554);
#10552 = CARTESIAN_POINT('',(16.1,-65.6,17.));
#10553 = DIRECTION('',(1.,0.,0.));
#10554 = DIRECTION('',(0.,0.,-1.));
#10555 = PCURVE('',#10380,#10556);
#10556 = DEFINITIONAL_REPRESENTATION('',(#10557),#10583);
#10557 = B_SPLINE_CURVE_WITH_KNOTS('',3,(#10558,#10559,#10560,#10561,
    #10562,#10563,#10564,#10565,#10566,#10567,#10568,#10569,#10570,
    #10571,#10572,#10573,#10574,#10575,#10576,#10577,#10578,#10579,
    #10580,#10581,#10582),.UNSPECIFIED.,.F.,.F.,(4,1,1,1,1,1,1,1,1,1,1,1
    ,1,1,1,1,1,1,1,1,1,1,4),(4.712388980385,4.783788813421,
    4.855188646457,4.926588479493,4.997988312529,5.069388145565,
    5.140787978601,5.212187811638,5.283587644674,5.35498747771,
    5.426387310746,5.497787143782,5.569186976818,5.640586809854,
    5.711986642891,5.783386475927,5.854786308963,5.926186141999,
    5.997585975035,6.068985808071,6.140385641107,6.211785474143,
    6.28318530718),.QUASI_UNIFORM_KNOTS.);
#10558 = CARTESIAN_POINT('',(4.712388980385,0.));
#10559 = CARTESIAN_POINT('',(4.712388980385,2.379994434538E-02));
#10560 = CARTESIAN_POINT('',(4.712388980385,7.139983303613E-02));
#10561 = CARTESIAN_POINT('',(4.712388980385,0.142799666072));
#10562 = CARTESIAN_POINT('',(4.712388980385,0.214199499108));
#10563 = CARTESIAN_POINT('',(4.712388980385,0.285599332145));
#10564 = CARTESIAN_POINT('',(4.712388980385,0.356999165181));
#10565 = CARTESIAN_POINT('',(4.712388980385,0.428398998217));
#10566 = CARTESIAN_POINT('',(4.712388980385,0.499798831253));
#10567 = CARTESIAN_POINT('',(4.712388980385,0.571198664289));
#10568 = CARTESIAN_POINT('',(4.712388980385,0.642598497325));
#10569 = CARTESIAN_POINT('',(4.712388980385,0.713998330361));
#10570 = CARTESIAN_POINT('',(4.712388980385,0.785398163397));
#10571 = CARTESIAN_POINT('',(4.712388980385,0.856797996434));
#10572 = CARTESIAN_POINT('',(4.712388980385,0.92819782947));
#10573 = CARTESIAN_POINT('',(4.712388980385,0.999597662506));
#10574 = CARTESIAN_POINT('',(4.712388980385,1.070997495542));
#10575 = CARTESIAN_POINT('',(4.712388980385,1.142397328578));
#10576 = CARTESIAN_POINT('',(4.712388980385,1.213797161614));
#10577 = CARTESIAN_POINT('',(4.712388980385,1.28519699465));
#10578 = CARTESIAN_POINT('',(4.712388980385,1.356596827686));
#10579 = CARTESIAN_POINT('',(4.712388980385,1.427996660723));
#10580 = CARTESIAN_POINT('',(4.712388980385,1.499396493759));
#10581 = CARTESIAN_POINT('',(4.712388980385,1.54699638245));
#10582 = CARTESIAN_POINT('',(4.712388980385,1.570796326795));
#10583 = ( GEOMETRIC_REPRESENTATION_CONTEXT(2) 
PARAMETRIC_REPRESENTATION_CONTEXT() REPRESENTATION_CONTEXT('2D SPACE',''
  ) );
#10584 = PCURVE('',#2161,#10585);
#10585 = DEFINITIONAL_REPRESENTATION('',(#10586),#10590);
#10586 = LINE('',#10587,#10588);
#10587 = CARTESIAN_POINT('',(10.995574287564,3.14159265359));
#10588 = VECTOR('',#10589,1.);
#10589 = DIRECTION('',(-1.,0.));
#10590 = ( GEOMETRIC_REPRESENTATION_CONTEXT(2) 
PARAMETRIC_REPRESENTATION_CONTEXT() REPRESENTATION_CONTEXT('2D SPACE',''
  ) );
#10591 = ORIENTED_EDGE('',*,*,#10363,.T.);
#10592 = ORIENTED_EDGE('',*,*,#10593,.T.);
#10593 = EDGE_CURVE('',#9261,#10547,#10594,.T.);
#10594 = SURFACE_CURVE('',#10595,(#10600,#10607),.PCURVE_S1.);
#10595 = CIRCLE('',#10596,1.);
#10596 = AXIS2_PLACEMENT_3D('',#10597,#10598,#10599);
#10597 = CARTESIAN_POINT('',(16.1,-65.6,17.));
#10598 = DIRECTION('',(0.,0.,-1.));
#10599 = DIRECTION('',(-1.,0.,0.));
#10600 = PCURVE('',#10380,#10601);
#10601 = DEFINITIONAL_REPRESENTATION('',(#10602),#10606);
#10602 = LINE('',#10603,#10604);
#10603 = CARTESIAN_POINT('',(0.,0.));
#10604 = VECTOR('',#10605,1.);
#10605 = DIRECTION('',(1.,0.));
#10606 = ( GEOMETRIC_REPRESENTATION_CONTEXT(2) 
PARAMETRIC_REPRESENTATION_CONTEXT() REPRESENTATION_CONTEXT('2D SPACE',''
  ) );
#10607 = PCURVE('',#9276,#10608);
#10608 = DEFINITIONAL_REPRESENTATION('',(#10609),#10613);
#10609 = LINE('',#10610,#10611);
#10610 = CARTESIAN_POINT('',(9.424777960769,-3.));
#10611 = VECTOR('',#10612,1.);
#10612 = DIRECTION('',(-1.,0.));
#10613 = ( GEOMETRIC_REPRESENTATION_CONTEXT(2) 
PARAMETRIC_REPRESENTATION_CONTEXT() REPRESENTATION_CONTEXT('2D SPACE',''
  ) );
#10614 = ADVANCED_FACE('',(#10615),#2161,.F.);
#10615 = FACE_BOUND('',#10616,.F.);
#10616 = EDGE_LOOP('',(#10617,#10618,#10640,#10641));
#10617 = ORIENTED_EDGE('',*,*,#2144,.T.);
#10618 = ORIENTED_EDGE('',*,*,#10619,.F.);
#10619 = EDGE_CURVE('',#10547,#2145,#10620,.T.);
#10620 = SURFACE_CURVE('',#10621,(#10626,#10633),.PCURVE_S1.);
#10621 = CIRCLE('',#10622,1.);
#10622 = AXIS2_PLACEMENT_3D('',#10623,#10624,#10625);
#10623 = CARTESIAN_POINT('',(16.1,-67.6,17.));
#10624 = DIRECTION('',(0.,0.,1.));
#10625 = DIRECTION('',(1.,0.,-0.));
#10626 = PCURVE('',#2161,#10627);
#10627 = DEFINITIONAL_REPRESENTATION('',(#10628),#10632);
#10628 = LINE('',#10629,#10630);
#10629 = CARTESIAN_POINT('',(6.28318530718,4.712388980385));
#10630 = VECTOR('',#10631,1.);
#10631 = DIRECTION('',(0.,-1.));
#10632 = ( GEOMETRIC_REPRESENTATION_CONTEXT(2) 
PARAMETRIC_REPRESENTATION_CONTEXT() REPRESENTATION_CONTEXT('2D SPACE',''
  ) );
#10633 = PCURVE('',#2189,#10634);
#10634 = DEFINITIONAL_REPRESENTATION('',(#10635),#10639);
#10635 = LINE('',#10636,#10637);
#10636 = CARTESIAN_POINT('',(0.,12.));
#10637 = VECTOR('',#10638,1.);
#10638 = DIRECTION('',(1.,0.));
#10639 = ( GEOMETRIC_REPRESENTATION_CONTEXT(2) 
PARAMETRIC_REPRESENTATION_CONTEXT() REPRESENTATION_CONTEXT('2D SPACE',''
  ) );
#10640 = ORIENTED_EDGE('',*,*,#10546,.T.);
#10641 = ORIENTED_EDGE('',*,*,#10441,.F.);
#10642 = ADVANCED_FACE('',(#10643),#2047,.F.);
#10643 = FACE_BOUND('',#10644,.F.);
#10644 = EDGE_LOOP('',(#10645,#10646,#10668,#10669));
#10645 = ORIENTED_EDGE('',*,*,#10497,.F.);
#10646 = ORIENTED_EDGE('',*,*,#10647,.F.);
#10647 = EDGE_CURVE('',#2029,#10498,#10648,.T.);
#10648 = SURFACE_CURVE('',#10649,(#10654,#10661),.PCURVE_S1.);
#10649 = CIRCLE('',#10650,1.);
#10650 = AXIS2_PLACEMENT_3D('',#10651,#10652,#10653);
#10651 = CARTESIAN_POINT('',(16.1,-63.6,25.));
#10652 = DIRECTION('',(0.,-1.,0.));
#10653 = DIRECTION('',(0.,0.,-1.));
#10654 = PCURVE('',#2047,#10655);
#10655 = DEFINITIONAL_REPRESENTATION('',(#10656),#10660);
#10656 = LINE('',#10657,#10658);
#10657 = CARTESIAN_POINT('',(1.570796326795,-3.14159265359));
#10658 = VECTOR('',#10659,1.);
#10659 = DIRECTION('',(0.,1.));
#10660 = ( GEOMETRIC_REPRESENTATION_CONTEXT(2) 
PARAMETRIC_REPRESENTATION_CONTEXT() REPRESENTATION_CONTEXT('2D SPACE',''
  ) );
#10661 = PCURVE('',#2244,#10662);
#10662 = DEFINITIONAL_REPRESENTATION('',(#10663),#10667);
#10663 = LINE('',#10664,#10665);
#10664 = CARTESIAN_POINT('',(10.995574287564,1.));
#10665 = VECTOR('',#10666,1.);
#10666 = DIRECTION('',(-1.,0.));
#10667 = ( GEOMETRIC_REPRESENTATION_CONTEXT(2) 
PARAMETRIC_REPRESENTATION_CONTEXT() REPRESENTATION_CONTEXT('2D SPACE',''
  ) );
#10668 = ORIENTED_EDGE('',*,*,#2028,.T.);
#10669 = ORIENTED_EDGE('',*,*,#10471,.F.);
#10670 = ADVANCED_FACE('',(#10671),#9248,.T.);
#10671 = FACE_BOUND('',#10672,.T.);
#10672 = EDGE_LOOP('',(#10673,#10674,#10675,#10698));
#10673 = ORIENTED_EDGE('',*,*,#9232,.F.);
#10674 = ORIENTED_EDGE('',*,*,#10521,.F.);
#10675 = ORIENTED_EDGE('',*,*,#10676,.T.);
#10676 = EDGE_CURVE('',#10498,#10677,#10679,.T.);
#10677 = VERTEX_POINT('',#10678);
#10678 = CARTESIAN_POINT('',(16.1,-65.6,24.));
#10679 = SURFACE_CURVE('',#10680,(#10684,#10691),.PCURVE_S1.);
#10680 = LINE('',#10681,#10682);
#10681 = CARTESIAN_POINT('',(16.1,-62.6,24.));
#10682 = VECTOR('',#10683,1.);
#10683 = DIRECTION('',(-5.624913994737E-17,-1.,0.));
#10684 = PCURVE('',#9248,#10685);
#10685 = DEFINITIONAL_REPRESENTATION('',(#10686),#10690);
#10686 = LINE('',#10687,#10688);
#10687 = CARTESIAN_POINT('',(1.570796326795,-62.6));
#10688 = VECTOR('',#10689,1.);
#10689 = DIRECTION('',(0.,-1.));
#10690 = ( GEOMETRIC_REPRESENTATION_CONTEXT(2) 
PARAMETRIC_REPRESENTATION_CONTEXT() REPRESENTATION_CONTEXT('2D SPACE',''
  ) );
#10691 = PCURVE('',#2244,#10692);
#10692 = DEFINITIONAL_REPRESENTATION('',(#10693),#10697);
#10693 = LINE('',#10694,#10695);
#10694 = CARTESIAN_POINT('',(4.712388980385,2.));
#10695 = VECTOR('',#10696,1.);
#10696 = DIRECTION('',(0.,-1.));
#10697 = ( GEOMETRIC_REPRESENTATION_CONTEXT(2) 
PARAMETRIC_REPRESENTATION_CONTEXT() REPRESENTATION_CONTEXT('2D SPACE',''
  ) );
#10698 = ORIENTED_EDGE('',*,*,#10699,.F.);
#10699 = EDGE_CURVE('',#9233,#10677,#10700,.T.);
#10700 = SURFACE_CURVE('',#10701,(#10706,#10713),.PCURVE_S1.);
#10701 = CIRCLE('',#10702,1.);
#10702 = AXIS2_PLACEMENT_3D('',#10703,#10704,#10705);
#10703 = CARTESIAN_POINT('',(16.1,-65.6,23.));
#10704 = DIRECTION('',(0.,-1.,0.));
#10705 = DIRECTION('',(0.,0.,-1.));
#10706 = PCURVE('',#9248,#10707);
#10707 = DEFINITIONAL_REPRESENTATION('',(#10708),#10712);
#10708 = LINE('',#10709,#10710);
#10709 = CARTESIAN_POINT('',(4.712388980385,-65.6));
#10710 = VECTOR('',#10711,1.);
#10711 = DIRECTION('',(-1.,0.));
#10712 = ( GEOMETRIC_REPRESENTATION_CONTEXT(2) 
PARAMETRIC_REPRESENTATION_CONTEXT() REPRESENTATION_CONTEXT('2D SPACE',''
  ) );
#10713 = PCURVE('',#10714,#10719);
#10714 = SPHERICAL_SURFACE('',#10715,1.);
#10715 = AXIS2_PLACEMENT_3D('',#10716,#10717,#10718);
#10716 = CARTESIAN_POINT('',(16.1,-65.6,23.));
#10717 = DIRECTION('',(1.,0.,0.));
#10718 = DIRECTION('',(0.,0.,-1.));
#10719 = DEFINITIONAL_REPRESENTATION('',(#10720),#10746);
#10720 = B_SPLINE_CURVE_WITH_KNOTS('',3,(#10721,#10722,#10723,#10724,
    #10725,#10726,#10727,#10728,#10729,#10730,#10731,#10732,#10733,
    #10734,#10735,#10736,#10737,#10738,#10739,#10740,#10741,#10742,
    #10743,#10744,#10745),.UNSPECIFIED.,.F.,.F.,(4,1,1,1,1,1,1,1,1,1,1,1
    ,1,1,1,1,1,1,1,1,1,1,4),(1.570796326795,1.642196159831,
    1.713595992867,1.784995825903,1.856395658939,1.927795491976,
    1.999195325012,2.070595158048,2.141994991084,2.21339482412,
    2.284794657156,2.356194490192,2.427594323228,2.498994156265,
    2.570393989301,2.641793822337,2.713193655373,2.784593488409,
    2.855993321445,2.927393154481,2.998792987518,3.070192820554,
    3.14159265359),.QUASI_UNIFORM_KNOTS.);
#10721 = CARTESIAN_POINT('',(3.14159265359,1.570796326795));
#10722 = CARTESIAN_POINT('',(3.14159265359,1.54699638245));
#10723 = CARTESIAN_POINT('',(3.14159265359,1.499396493759));
#10724 = CARTESIAN_POINT('',(3.14159265359,1.427996660723));
#10725 = CARTESIAN_POINT('',(3.14159265359,1.356596827687));
#10726 = CARTESIAN_POINT('',(3.14159265359,1.28519699465));
#10727 = CARTESIAN_POINT('',(3.14159265359,1.213797161614));
#10728 = CARTESIAN_POINT('',(3.14159265359,1.142397328578));
#10729 = CARTESIAN_POINT('',(3.14159265359,1.070997495542));
#10730 = CARTESIAN_POINT('',(3.14159265359,0.999597662506));
#10731 = CARTESIAN_POINT('',(3.14159265359,0.92819782947));
#10732 = CARTESIAN_POINT('',(3.14159265359,0.856797996434));
#10733 = CARTESIAN_POINT('',(3.14159265359,0.785398163397));
#10734 = CARTESIAN_POINT('',(3.14159265359,0.713998330361));
#10735 = CARTESIAN_POINT('',(3.14159265359,0.642598497325));
#10736 = CARTESIAN_POINT('',(3.14159265359,0.571198664289));
#10737 = CARTESIAN_POINT('',(3.14159265359,0.499798831253));
#10738 = CARTESIAN_POINT('',(3.14159265359,0.428398998217));
#10739 = CARTESIAN_POINT('',(3.14159265359,0.356999165181));
#10740 = CARTESIAN_POINT('',(3.14159265359,0.285599332145));
#10741 = CARTESIAN_POINT('',(3.14159265359,0.214199499108));
#10742 = CARTESIAN_POINT('',(3.14159265359,0.142799666072));
#10743 = CARTESIAN_POINT('',(3.14159265359,7.139983303613E-02));
#10744 = CARTESIAN_POINT('',(3.14159265359,2.379994434538E-02));
#10745 = CARTESIAN_POINT('',(3.14159265359,0.));
#10746 = ( GEOMETRIC_REPRESENTATION_CONTEXT(2) 
PARAMETRIC_REPRESENTATION_CONTEXT() REPRESENTATION_CONTEXT('2D SPACE',''
  ) );
#10747 = ADVANCED_FACE('',(#10748),#9276,.T.);
#10748 = FACE_BOUND('',#10749,.T.);
#10749 = EDGE_LOOP('',(#10750,#10773,#10774,#10775));
#10750 = ORIENTED_EDGE('',*,*,#10751,.F.);
#10751 = EDGE_CURVE('',#10547,#10752,#10754,.T.);
#10752 = VERTEX_POINT('',#10753);
#10753 = CARTESIAN_POINT('',(16.1,-66.6,23.));
#10754 = SURFACE_CURVE('',#10755,(#10759,#10766),.PCURVE_S1.);
#10755 = LINE('',#10756,#10757);
#10756 = CARTESIAN_POINT('',(16.1,-66.6,20.));
#10757 = VECTOR('',#10758,1.);
#10758 = DIRECTION('',(0.,0.,1.));
#10759 = PCURVE('',#9276,#10760);
#10760 = DEFINITIONAL_REPRESENTATION('',(#10761),#10765);
#10761 = LINE('',#10762,#10763);
#10762 = CARTESIAN_POINT('',(4.712388980385,0.));
#10763 = VECTOR('',#10764,1.);
#10764 = DIRECTION('',(0.,1.));
#10765 = ( GEOMETRIC_REPRESENTATION_CONTEXT(2) 
PARAMETRIC_REPRESENTATION_CONTEXT() REPRESENTATION_CONTEXT('2D SPACE',''
  ) );
#10766 = PCURVE('',#2189,#10767);
#10767 = DEFINITIONAL_REPRESENTATION('',(#10768),#10772);
#10768 = LINE('',#10769,#10770);
#10769 = CARTESIAN_POINT('',(1.570796326795,15.));
#10770 = VECTOR('',#10771,1.);
#10771 = DIRECTION('',(0.,1.));
#10772 = ( GEOMETRIC_REPRESENTATION_CONTEXT(2) 
PARAMETRIC_REPRESENTATION_CONTEXT() REPRESENTATION_CONTEXT('2D SPACE',''
  ) );
#10773 = ORIENTED_EDGE('',*,*,#10593,.F.);
#10774 = ORIENTED_EDGE('',*,*,#9260,.T.);
#10775 = ORIENTED_EDGE('',*,*,#10776,.F.);
#10776 = EDGE_CURVE('',#10752,#9233,#10777,.T.);
#10777 = SURFACE_CURVE('',#10778,(#10783,#10790),.PCURVE_S1.);
#10778 = CIRCLE('',#10779,1.);
#10779 = AXIS2_PLACEMENT_3D('',#10780,#10781,#10782);
#10780 = CARTESIAN_POINT('',(16.1,-65.6,23.));
#10781 = DIRECTION('',(0.,0.,1.));
#10782 = DIRECTION('',(1.,0.,-0.));
#10783 = PCURVE('',#9276,#10784);
#10784 = DEFINITIONAL_REPRESENTATION('',(#10785),#10789);
#10785 = LINE('',#10786,#10787);
#10786 = CARTESIAN_POINT('',(0.,3.));
#10787 = VECTOR('',#10788,1.);
#10788 = DIRECTION('',(1.,0.));
#10789 = ( GEOMETRIC_REPRESENTATION_CONTEXT(2) 
PARAMETRIC_REPRESENTATION_CONTEXT() REPRESENTATION_CONTEXT('2D SPACE',''
  ) );
#10790 = PCURVE('',#10714,#10791);
#10791 = DEFINITIONAL_REPRESENTATION('',(#10792),#10818);
#10792 = B_SPLINE_CURVE_WITH_KNOTS('',3,(#10793,#10794,#10795,#10796,
    #10797,#10798,#10799,#10800,#10801,#10802,#10803,#10804,#10805,
    #10806,#10807,#10808,#10809,#10810,#10811,#10812,#10813,#10814,
    #10815,#10816,#10817),.UNSPECIFIED.,.F.,.F.,(4,1,1,1,1,1,1,1,1,1,1,1
    ,1,1,1,1,1,1,1,1,1,1,4),(4.712388980385,4.783788813421,
    4.855188646457,4.926588479493,4.997988312529,5.069388145565,
    5.140787978601,5.212187811638,5.283587644674,5.35498747771,
    5.426387310746,5.497787143782,5.569186976818,5.640586809854,
    5.711986642891,5.783386475927,5.854786308963,5.926186141999,
    5.997585975035,6.068985808071,6.140385641107,6.211785474143,
    6.28318530718),.QUASI_UNIFORM_KNOTS.);
#10793 = CARTESIAN_POINT('',(4.712388980385,0.));
#10794 = CARTESIAN_POINT('',(4.712388980385,2.379994434538E-02));
#10795 = CARTESIAN_POINT('',(4.712388980385,7.139983303613E-02));
#10796 = CARTESIAN_POINT('',(4.712388980385,0.142799666072));
#10797 = CARTESIAN_POINT('',(4.712388980385,0.214199499108));
#10798 = CARTESIAN_POINT('',(4.712388980385,0.285599332145));
#10799 = CARTESIAN_POINT('',(4.712388980385,0.356999165181));
#10800 = CARTESIAN_POINT('',(4.712388980385,0.428398998217));
#10801 = CARTESIAN_POINT('',(4.712388980385,0.499798831253));
#10802 = CARTESIAN_POINT('',(4.712388980385,0.571198664289));
#10803 = CARTESIAN_POINT('',(4.712388980385,0.642598497325));
#10804 = CARTESIAN_POINT('',(4.712388980385,0.713998330361));
#10805 = CARTESIAN_POINT('',(4.712388980385,0.785398163397));
#10806 = CARTESIAN_POINT('',(4.712388980385,0.856797996434));
#10807 = CARTESIAN_POINT('',(4.712388980385,0.92819782947));
#10808 = CARTESIAN_POINT('',(4.712388980385,0.999597662506));
#10809 = CARTESIAN_POINT('',(4.712388980385,1.070997495542));
#10810 = CARTESIAN_POINT('',(4.712388980385,1.142397328578));
#10811 = CARTESIAN_POINT('',(4.712388980385,1.213797161614));
#10812 = CARTESIAN_POINT('',(4.712388980385,1.28519699465));
#10813 = CARTESIAN_POINT('',(4.712388980385,1.356596827686));
#10814 = CARTESIAN_POINT('',(4.712388980385,1.427996660723));
#10815 = CARTESIAN_POINT('',(4.712388980385,1.499396493759));
#10816 = CARTESIAN_POINT('',(4.712388980385,1.54699638245));
#10817 = CARTESIAN_POINT('',(4.712388980385,1.570796326795));
#10818 = ( GEOMETRIC_REPRESENTATION_CONTEXT(2) 
PARAMETRIC_REPRESENTATION_CONTEXT() REPRESENTATION_CONTEXT('2D SPACE',''
  ) );
#10819 = ADVANCED_FACE('',(#10820),#2189,.F.);
#10820 = FACE_BOUND('',#10821,.F.);
#10821 = EDGE_LOOP('',(#10822,#10823,#10845,#10846));
#10822 = ORIENTED_EDGE('',*,*,#2173,.T.);
#10823 = ORIENTED_EDGE('',*,*,#10824,.T.);
#10824 = EDGE_CURVE('',#2174,#10752,#10825,.T.);
#10825 = SURFACE_CURVE('',#10826,(#10831,#10838),.PCURVE_S1.);
#10826 = CIRCLE('',#10827,1.);
#10827 = AXIS2_PLACEMENT_3D('',#10828,#10829,#10830);
#10828 = CARTESIAN_POINT('',(16.1,-67.6,23.));
#10829 = DIRECTION('',(0.,0.,-1.));
#10830 = DIRECTION('',(-1.,0.,0.));
#10831 = PCURVE('',#2189,#10832);
#10832 = DEFINITIONAL_REPRESENTATION('',(#10833),#10837);
#10833 = LINE('',#10834,#10835);
#10834 = CARTESIAN_POINT('',(3.14159265359,18.));
#10835 = VECTOR('',#10836,1.);
#10836 = DIRECTION('',(-1.,0.));
#10837 = ( GEOMETRIC_REPRESENTATION_CONTEXT(2) 
PARAMETRIC_REPRESENTATION_CONTEXT() REPRESENTATION_CONTEXT('2D SPACE',''
  ) );
#10838 = PCURVE('',#2218,#10839);
#10839 = DEFINITIONAL_REPRESENTATION('',(#10840),#10844);
#10840 = LINE('',#10841,#10842);
#10841 = CARTESIAN_POINT('',(0.,1.570796326795));
#10842 = VECTOR('',#10843,1.);
#10843 = DIRECTION('',(0.,1.));
#10844 = ( GEOMETRIC_REPRESENTATION_CONTEXT(2) 
PARAMETRIC_REPRESENTATION_CONTEXT() REPRESENTATION_CONTEXT('2D SPACE',''
  ) );
#10845 = ORIENTED_EDGE('',*,*,#10751,.F.);
#10846 = ORIENTED_EDGE('',*,*,#10619,.T.);
#10847 = ADVANCED_FACE('',(#10848),#2244,.F.);
#10848 = FACE_BOUND('',#10849,.F.);
#10849 = EDGE_LOOP('',(#10850,#10851,#10873,#10874));
#10850 = ORIENTED_EDGE('',*,*,#10676,.T.);
#10851 = ORIENTED_EDGE('',*,*,#10852,.T.);
#10852 = EDGE_CURVE('',#10677,#2202,#10853,.T.);
#10853 = SURFACE_CURVE('',#10854,(#10859,#10866),.PCURVE_S1.);
#10854 = CIRCLE('',#10855,1.);
#10855 = AXIS2_PLACEMENT_3D('',#10856,#10857,#10858);
#10856 = CARTESIAN_POINT('',(16.1,-65.6,25.));
#10857 = DIRECTION('',(0.,1.,0.));
#10858 = DIRECTION('',(0.,-0.,1.));
#10859 = PCURVE('',#2244,#10860);
#10860 = DEFINITIONAL_REPRESENTATION('',(#10861),#10865);
#10861 = LINE('',#10862,#10863);
#10862 = CARTESIAN_POINT('',(1.570796326795,-1.));
#10863 = VECTOR('',#10864,1.);
#10864 = DIRECTION('',(1.,0.));
#10865 = ( GEOMETRIC_REPRESENTATION_CONTEXT(2) 
PARAMETRIC_REPRESENTATION_CONTEXT() REPRESENTATION_CONTEXT('2D SPACE',''
  ) );
#10866 = PCURVE('',#2218,#10867);
#10867 = DEFINITIONAL_REPRESENTATION('',(#10868),#10872);
#10868 = LINE('',#10869,#10870);
#10869 = CARTESIAN_POINT('',(1.570796326795,6.28318530718));
#10870 = VECTOR('',#10871,1.);
#10871 = DIRECTION('',(0.,-1.));
#10872 = ( GEOMETRIC_REPRESENTATION_CONTEXT(2) 
PARAMETRIC_REPRESENTATION_CONTEXT() REPRESENTATION_CONTEXT('2D SPACE',''
  ) );
#10873 = ORIENTED_EDGE('',*,*,#2230,.F.);
#10874 = ORIENTED_EDGE('',*,*,#10647,.T.);
#10875 = ADVANCED_FACE('',(#10876),#10714,.T.);
#10876 = FACE_BOUND('',#10877,.T.);
#10877 = EDGE_LOOP('',(#10878,#10879,#10880));
#10878 = ORIENTED_EDGE('',*,*,#10776,.T.);
#10879 = ORIENTED_EDGE('',*,*,#10699,.T.);
#10880 = ORIENTED_EDGE('',*,*,#10881,.T.);
#10881 = EDGE_CURVE('',#10677,#10752,#10882,.T.);
#10882 = SURFACE_CURVE('',#10883,(#10888,#10895),.PCURVE_S1.);
#10883 = CIRCLE('',#10884,1.);
#10884 = AXIS2_PLACEMENT_3D('',#10885,#10886,#10887);
#10885 = CARTESIAN_POINT('',(16.1,-65.6,23.));
#10886 = DIRECTION('',(1.,0.,0.));
#10887 = DIRECTION('',(0.,0.,-1.));
#10888 = PCURVE('',#10714,#10889);
#10889 = DEFINITIONAL_REPRESENTATION('',(#10890),#10894);
#10890 = LINE('',#10891,#10892);
#10891 = CARTESIAN_POINT('',(0.,0.));
#10892 = VECTOR('',#10893,1.);
#10893 = DIRECTION('',(1.,0.));
#10894 = ( GEOMETRIC_REPRESENTATION_CONTEXT(2) 
PARAMETRIC_REPRESENTATION_CONTEXT() REPRESENTATION_CONTEXT('2D SPACE',''
  ) );
#10895 = PCURVE('',#2218,#10896);
#10896 = DEFINITIONAL_REPRESENTATION('',(#10897),#10901);
#10897 = LINE('',#10898,#10899);
#10898 = CARTESIAN_POINT('',(4.712388980385,3.14159265359));
#10899 = VECTOR('',#10900,1.);
#10900 = DIRECTION('',(-1.,0.));
#10901 = ( GEOMETRIC_REPRESENTATION_CONTEXT(2) 
PARAMETRIC_REPRESENTATION_CONTEXT() REPRESENTATION_CONTEXT('2D SPACE',''
  ) );
#10902 = ADVANCED_FACE('',(#10903),#2218,.F.);
#10903 = FACE_BOUND('',#10904,.F.);
#10904 = EDGE_LOOP('',(#10905,#10906,#10907,#10908));
#10905 = ORIENTED_EDGE('',*,*,#10852,.F.);
#10906 = ORIENTED_EDGE('',*,*,#10881,.T.);
#10907 = ORIENTED_EDGE('',*,*,#10824,.F.);
#10908 = ORIENTED_EDGE('',*,*,#2201,.T.);
#10909 = ADVANCED_FACE('',(#10910),#8980,.T.);
#10910 = FACE_BOUND('',#10911,.T.);
#10911 = EDGE_LOOP('',(#10912,#10941,#10964,#10991));
#10912 = ORIENTED_EDGE('',*,*,#10913,.F.);
#10913 = EDGE_CURVE('',#10914,#8958,#10916,.T.);
#10914 = VERTEX_POINT('',#10915);
#10915 = CARTESIAN_POINT('',(16.1,65.6,24.));
#10916 = SURFACE_CURVE('',#10917,(#10922,#10929),.PCURVE_S1.);
#10917 = CIRCLE('',#10918,1.);
#10918 = AXIS2_PLACEMENT_3D('',#10919,#10920,#10921);
#10919 = CARTESIAN_POINT('',(16.1,65.6,23.));
#10920 = DIRECTION('',(0.,1.,0.));
#10921 = DIRECTION('',(0.,-0.,1.));
#10922 = PCURVE('',#8980,#10923);
#10923 = DEFINITIONAL_REPRESENTATION('',(#10924),#10928);
#10924 = LINE('',#10925,#10926);
#10925 = CARTESIAN_POINT('',(1.570796326795,65.6));
#10926 = VECTOR('',#10927,1.);
#10927 = DIRECTION('',(1.,0.));
#10928 = ( GEOMETRIC_REPRESENTATION_CONTEXT(2) 
PARAMETRIC_REPRESENTATION_CONTEXT() REPRESENTATION_CONTEXT('2D SPACE',''
  ) );
#10929 = PCURVE('',#10930,#10935);
#10930 = SPHERICAL_SURFACE('',#10931,1.);
#10931 = AXIS2_PLACEMENT_3D('',#10932,#10933,#10934);
#10932 = CARTESIAN_POINT('',(16.1,65.6,23.));
#10933 = DIRECTION('',(0.,0.,1.));
#10934 = DIRECTION('',(1.,0.,-0.));
#10935 = DEFINITIONAL_REPRESENTATION('',(#10936),#10940);
#10936 = LINE('',#10937,#10938);
#10937 = CARTESIAN_POINT('',(0.,1.570796326795));
#10938 = VECTOR('',#10939,1.);
#10939 = DIRECTION('',(0.,-1.));
#10940 = ( GEOMETRIC_REPRESENTATION_CONTEXT(2) 
PARAMETRIC_REPRESENTATION_CONTEXT() REPRESENTATION_CONTEXT('2D SPACE',''
  ) );
#10941 = ORIENTED_EDGE('',*,*,#10942,.T.);
#10942 = EDGE_CURVE('',#10914,#10943,#10945,.T.);
#10943 = VERTEX_POINT('',#10944);
#10944 = CARTESIAN_POINT('',(16.1,63.6,24.));
#10945 = SURFACE_CURVE('',#10946,(#10950,#10957),.PCURVE_S1.);
#10946 = LINE('',#10947,#10948);
#10947 = CARTESIAN_POINT('',(16.1,66.6,24.));
#10948 = VECTOR('',#10949,1.);
#10949 = DIRECTION('',(-5.624913994737E-17,-1.,0.));
#10950 = PCURVE('',#8980,#10951);
#10951 = DEFINITIONAL_REPRESENTATION('',(#10952),#10956);
#10952 = LINE('',#10953,#10954);
#10953 = CARTESIAN_POINT('',(1.570796326795,66.6));
#10954 = VECTOR('',#10955,1.);
#10955 = DIRECTION('',(0.,-1.));
#10956 = ( GEOMETRIC_REPRESENTATION_CONTEXT(2) 
PARAMETRIC_REPRESENTATION_CONTEXT() REPRESENTATION_CONTEXT('2D SPACE',''
  ) );
#10957 = PCURVE('',#2649,#10958);
#10958 = DEFINITIONAL_REPRESENTATION('',(#10959),#10963);
#10959 = LINE('',#10960,#10961);
#10960 = CARTESIAN_POINT('',(4.712388980385,2.));
#10961 = VECTOR('',#10962,1.);
#10962 = DIRECTION('',(0.,-1.));
#10963 = ( GEOMETRIC_REPRESENTATION_CONTEXT(2) 
PARAMETRIC_REPRESENTATION_CONTEXT() REPRESENTATION_CONTEXT('2D SPACE',''
  ) );
#10964 = ORIENTED_EDGE('',*,*,#10965,.F.);
#10965 = EDGE_CURVE('',#8960,#10943,#10966,.T.);
#10966 = SURFACE_CURVE('',#10967,(#10972,#10979),.PCURVE_S1.);
#10967 = CIRCLE('',#10968,1.);
#10968 = AXIS2_PLACEMENT_3D('',#10969,#10970,#10971);
#10969 = CARTESIAN_POINT('',(16.1,63.6,23.));
#10970 = DIRECTION('',(0.,-1.,0.));
#10971 = DIRECTION('',(0.,0.,-1.));
#10972 = PCURVE('',#8980,#10973);
#10973 = DEFINITIONAL_REPRESENTATION('',(#10974),#10978);
#10974 = LINE('',#10975,#10976);
#10975 = CARTESIAN_POINT('',(4.712388980385,63.6));
#10976 = VECTOR('',#10977,1.);
#10977 = DIRECTION('',(-1.,0.));
#10978 = ( GEOMETRIC_REPRESENTATION_CONTEXT(2) 
PARAMETRIC_REPRESENTATION_CONTEXT() REPRESENTATION_CONTEXT('2D SPACE',''
  ) );
#10979 = PCURVE('',#10980,#10985);
#10980 = SPHERICAL_SURFACE('',#10981,1.);
#10981 = AXIS2_PLACEMENT_3D('',#10982,#10983,#10984);
#10982 = CARTESIAN_POINT('',(16.1,63.6,23.));
#10983 = DIRECTION('',(0.,0.,1.));
#10984 = DIRECTION('',(1.,0.,-0.));
#10985 = DEFINITIONAL_REPRESENTATION('',(#10986),#10990);
#10986 = LINE('',#10987,#10988);
#10987 = CARTESIAN_POINT('',(6.28318530718,-1.570796326795));
#10988 = VECTOR('',#10989,1.);
#10989 = DIRECTION('',(0.,1.));
#10990 = ( GEOMETRIC_REPRESENTATION_CONTEXT(2) 
PARAMETRIC_REPRESENTATION_CONTEXT() REPRESENTATION_CONTEXT('2D SPACE',''
  ) );
#10991 = ORIENTED_EDGE('',*,*,#8957,.F.);
#10992 = ADVANCED_FACE('',(#10993),#10930,.T.);
#10993 = FACE_BOUND('',#10994,.T.);
#10994 = EDGE_LOOP('',(#10995,#11041,#11042));
#10995 = ORIENTED_EDGE('',*,*,#10996,.T.);
#10996 = EDGE_CURVE('',#10997,#10914,#10999,.T.);
#10997 = VERTEX_POINT('',#10998);
#10998 = CARTESIAN_POINT('',(16.1,66.6,23.));
#10999 = SURFACE_CURVE('',#11000,(#11005,#11034),.PCURVE_S1.);
#11000 = CIRCLE('',#11001,1.);
#11001 = AXIS2_PLACEMENT_3D('',#11002,#11003,#11004);
#11002 = CARTESIAN_POINT('',(16.1,65.6,23.));
#11003 = DIRECTION('',(1.,0.,0.));
#11004 = DIRECTION('',(0.,0.,-1.));
#11005 = PCURVE('',#10930,#11006);
#11006 = DEFINITIONAL_REPRESENTATION('',(#11007),#11033);
#11007 = B_SPLINE_CURVE_WITH_KNOTS('',3,(#11008,#11009,#11010,#11011,
    #11012,#11013,#11014,#11015,#11016,#11017,#11018,#11019,#11020,
    #11021,#11022,#11023,#11024,#11025,#11026,#11027,#11028,#11029,
    #11030,#11031,#11032),.UNSPECIFIED.,.F.,.F.,(4,1,1,1,1,1,1,1,1,1,1,1
    ,1,1,1,1,1,1,1,1,1,1,4),(1.570796326795,1.642196159831,
    1.713595992867,1.784995825903,1.856395658939,1.927795491976,
    1.999195325012,2.070595158048,2.141994991084,2.21339482412,
    2.284794657156,2.356194490192,2.427594323228,2.498994156265,
    2.570393989301,2.641793822337,2.713193655373,2.784593488409,
    2.855993321445,2.927393154481,2.998792987518,3.070192820554,
    3.14159265359),.QUASI_UNIFORM_KNOTS.);
#11008 = CARTESIAN_POINT('',(1.570796326795,0.));
#11009 = CARTESIAN_POINT('',(1.570796326795,2.379994434538E-02));
#11010 = CARTESIAN_POINT('',(1.570796326795,7.139983303613E-02));
#11011 = CARTESIAN_POINT('',(1.570796326795,0.142799666072));
#11012 = CARTESIAN_POINT('',(1.570796326795,0.214199499108));
#11013 = CARTESIAN_POINT('',(1.570796326795,0.285599332145));
#11014 = CARTESIAN_POINT('',(1.570796326795,0.356999165181));
#11015 = CARTESIAN_POINT('',(1.570796326795,0.428398998217));
#11016 = CARTESIAN_POINT('',(1.570796326795,0.499798831253));
#11017 = CARTESIAN_POINT('',(1.570796326795,0.571198664289));
#11018 = CARTESIAN_POINT('',(1.570796326795,0.642598497325));
#11019 = CARTESIAN_POINT('',(1.570796326795,0.713998330361));
#11020 = CARTESIAN_POINT('',(1.570796326795,0.785398163397));
#11021 = CARTESIAN_POINT('',(1.570796326795,0.856797996434));
#11022 = CARTESIAN_POINT('',(1.570796326795,0.92819782947));
#11023 = CARTESIAN_POINT('',(1.570796326795,0.999597662506));
#11024 = CARTESIAN_POINT('',(1.570796326795,1.070997495542));
#11025 = CARTESIAN_POINT('',(1.570796326795,1.142397328578));
#11026 = CARTESIAN_POINT('',(1.570796326795,1.213797161614));
#11027 = CARTESIAN_POINT('',(1.570796326795,1.28519699465));
#11028 = CARTESIAN_POINT('',(1.570796326795,1.356596827687));
#11029 = CARTESIAN_POINT('',(1.570796326795,1.427996660723));
#11030 = CARTESIAN_POINT('',(1.570796326795,1.499396493759));
#11031 = CARTESIAN_POINT('',(1.570796326795,1.54699638245));
#11032 = CARTESIAN_POINT('',(1.570796326795,1.570796326795));
#11033 = ( GEOMETRIC_REPRESENTATION_CONTEXT(2) 
PARAMETRIC_REPRESENTATION_CONTEXT() REPRESENTATION_CONTEXT('2D SPACE',''
  ) );
#11034 = PCURVE('',#2678,#11035);
#11035 = DEFINITIONAL_REPRESENTATION('',(#11036),#11040);
#11036 = LINE('',#11037,#11038);
#11037 = CARTESIAN_POINT('',(4.712388980385,3.14159265359));
#11038 = VECTOR('',#11039,1.);
#11039 = DIRECTION('',(-1.,0.));
#11040 = ( GEOMETRIC_REPRESENTATION_CONTEXT(2) 
PARAMETRIC_REPRESENTATION_CONTEXT() REPRESENTATION_CONTEXT('2D SPACE',''
  ) );
#11041 = ORIENTED_EDGE('',*,*,#10913,.T.);
#11042 = ORIENTED_EDGE('',*,*,#11043,.T.);
#11043 = EDGE_CURVE('',#8958,#10997,#11044,.T.);
#11044 = SURFACE_CURVE('',#11045,(#11050,#11057),.PCURVE_S1.);
#11045 = CIRCLE('',#11046,1.);
#11046 = AXIS2_PLACEMENT_3D('',#11047,#11048,#11049);
#11047 = CARTESIAN_POINT('',(16.1,65.6,23.));
#11048 = DIRECTION('',(0.,0.,1.));
#11049 = DIRECTION('',(1.,0.,-0.));
#11050 = PCURVE('',#10930,#11051);
#11051 = DEFINITIONAL_REPRESENTATION('',(#11052),#11056);
#11052 = LINE('',#11053,#11054);
#11053 = CARTESIAN_POINT('',(0.,0.));
#11054 = VECTOR('',#11055,1.);
#11055 = DIRECTION('',(1.,0.));
#11056 = ( GEOMETRIC_REPRESENTATION_CONTEXT(2) 
PARAMETRIC_REPRESENTATION_CONTEXT() REPRESENTATION_CONTEXT('2D SPACE',''
  ) );
#11057 = PCURVE('',#9062,#11058);
#11058 = DEFINITIONAL_REPRESENTATION('',(#11059),#11063);
#11059 = LINE('',#11060,#11061);
#11060 = CARTESIAN_POINT('',(3.14159265359,14.));
#11061 = VECTOR('',#11062,1.);
#11062 = DIRECTION('',(-1.,0.));
#11063 = ( GEOMETRIC_REPRESENTATION_CONTEXT(2) 
PARAMETRIC_REPRESENTATION_CONTEXT() REPRESENTATION_CONTEXT('2D SPACE',''
  ) );
#11064 = ADVANCED_FACE('',(#11065),#2649,.F.);
#11065 = FACE_BOUND('',#11066,.F.);
#11066 = EDGE_LOOP('',(#11067,#11068,#11090,#11091));
#11067 = ORIENTED_EDGE('',*,*,#2633,.F.);
#11068 = ORIENTED_EDGE('',*,*,#11069,.T.);
#11069 = EDGE_CURVE('',#2634,#10914,#11070,.T.);
#11070 = SURFACE_CURVE('',#11071,(#11076,#11083),.PCURVE_S1.);
#11071 = CIRCLE('',#11072,1.);
#11072 = AXIS2_PLACEMENT_3D('',#11073,#11074,#11075);
#11073 = CARTESIAN_POINT('',(16.1,65.6,25.));
#11074 = DIRECTION('',(0.,-1.,0.));
#11075 = DIRECTION('',(0.,0.,-1.));
#11076 = PCURVE('',#2649,#11077);
#11077 = DEFINITIONAL_REPRESENTATION('',(#11078),#11082);
#11078 = LINE('',#11079,#11080);
#11079 = CARTESIAN_POINT('',(10.995574287564,1.));
#11080 = VECTOR('',#11081,1.);
#11081 = DIRECTION('',(-1.,0.));
#11082 = ( GEOMETRIC_REPRESENTATION_CONTEXT(2) 
PARAMETRIC_REPRESENTATION_CONTEXT() REPRESENTATION_CONTEXT('2D SPACE',''
  ) );
#11083 = PCURVE('',#2678,#11084);
#11084 = DEFINITIONAL_REPRESENTATION('',(#11085),#11089);
#11085 = LINE('',#11086,#11087);
#11086 = CARTESIAN_POINT('',(1.570796326795,-3.14159265359));
#11087 = VECTOR('',#11088,1.);
#11088 = DIRECTION('',(0.,1.));
#11089 = ( GEOMETRIC_REPRESENTATION_CONTEXT(2) 
PARAMETRIC_REPRESENTATION_CONTEXT() REPRESENTATION_CONTEXT('2D SPACE',''
  ) );
#11090 = ORIENTED_EDGE('',*,*,#10942,.T.);
#11091 = ORIENTED_EDGE('',*,*,#11092,.T.);
#11092 = EDGE_CURVE('',#10943,#2605,#11093,.T.);
#11093 = SURFACE_CURVE('',#11094,(#11099,#11106),.PCURVE_S1.);
#11094 = CIRCLE('',#11095,1.);
#11095 = AXIS2_PLACEMENT_3D('',#11096,#11097,#11098);
#11096 = CARTESIAN_POINT('',(16.1,63.6,25.));
#11097 = DIRECTION('',(0.,1.,0.));
#11098 = DIRECTION('',(0.,-0.,1.));
#11099 = PCURVE('',#2649,#11100);
#11100 = DEFINITIONAL_REPRESENTATION('',(#11101),#11105);
#11101 = LINE('',#11102,#11103);
#11102 = CARTESIAN_POINT('',(1.570796326795,-1.));
#11103 = VECTOR('',#11104,1.);
#11104 = DIRECTION('',(1.,0.));
#11105 = ( GEOMETRIC_REPRESENTATION_CONTEXT(2) 
PARAMETRIC_REPRESENTATION_CONTEXT() REPRESENTATION_CONTEXT('2D SPACE',''
  ) );
#11106 = PCURVE('',#2621,#11107);
#11107 = DEFINITIONAL_REPRESENTATION('',(#11108),#11112);
#11108 = LINE('',#11109,#11110);
#11109 = CARTESIAN_POINT('',(1.570796326795,6.28318530718));
#11110 = VECTOR('',#11111,1.);
#11111 = DIRECTION('',(0.,-1.));
#11112 = ( GEOMETRIC_REPRESENTATION_CONTEXT(2) 
PARAMETRIC_REPRESENTATION_CONTEXT() REPRESENTATION_CONTEXT('2D SPACE',''
  ) );
#11113 = ADVANCED_FACE('',(#11114),#10980,.T.);
#11114 = FACE_BOUND('',#11115,.T.);
#11115 = EDGE_LOOP('',(#11116,#11117,#11163));
#11116 = ORIENTED_EDGE('',*,*,#10965,.T.);
#11117 = ORIENTED_EDGE('',*,*,#11118,.F.);
#11118 = EDGE_CURVE('',#11119,#10943,#11121,.T.);
#11119 = VERTEX_POINT('',#11120);
#11120 = CARTESIAN_POINT('',(16.1,62.6,23.));
#11121 = SURFACE_CURVE('',#11122,(#11127,#11156),.PCURVE_S1.);
#11122 = CIRCLE('',#11123,1.);
#11123 = AXIS2_PLACEMENT_3D('',#11124,#11125,#11126);
#11124 = CARTESIAN_POINT('',(16.1,63.6,23.));
#11125 = DIRECTION('',(-1.,5.624913994737E-17,0.));
#11126 = DIRECTION('',(-5.624913994737E-17,-1.,0.));
#11127 = PCURVE('',#10980,#11128);
#11128 = DEFINITIONAL_REPRESENTATION('',(#11129),#11155);
#11129 = B_SPLINE_CURVE_WITH_KNOTS('',3,(#11130,#11131,#11132,#11133,
    #11134,#11135,#11136,#11137,#11138,#11139,#11140,#11141,#11142,
    #11143,#11144,#11145,#11146,#11147,#11148,#11149,#11150,#11151,
    #11152,#11153,#11154),.UNSPECIFIED.,.F.,.F.,(4,1,1,1,1,1,1,1,1,1,1,1
    ,1,1,1,1,1,1,1,1,1,1,4),(0.,7.139983303613E-02,0.142799666072,
    0.214199499108,0.285599332145,0.356999165181,0.428398998217,
    0.499798831253,0.571198664289,0.642598497325,0.713998330361,
    0.785398163397,0.856797996434,0.92819782947,0.999597662506,
    1.070997495542,1.142397328578,1.213797161614,1.28519699465,
    1.356596827687,1.427996660723,1.499396493759,1.570796326795),
  .QUASI_UNIFORM_KNOTS.);
#11130 = CARTESIAN_POINT('',(4.712388980385,0.));
#11131 = CARTESIAN_POINT('',(4.712388980385,2.379994434538E-02));
#11132 = CARTESIAN_POINT('',(4.712388980385,7.139983303613E-02));
#11133 = CARTESIAN_POINT('',(4.712388980385,0.142799666072));
#11134 = CARTESIAN_POINT('',(4.712388980385,0.214199499108));
#11135 = CARTESIAN_POINT('',(4.712388980385,0.285599332145));
#11136 = CARTESIAN_POINT('',(4.712388980385,0.356999165181));
#11137 = CARTESIAN_POINT('',(4.712388980385,0.428398998217));
#11138 = CARTESIAN_POINT('',(4.712388980385,0.499798831253));
#11139 = CARTESIAN_POINT('',(4.712388980385,0.571198664289));
#11140 = CARTESIAN_POINT('',(4.712388980385,0.642598497325));
#11141 = CARTESIAN_POINT('',(4.712388980385,0.713998330361));
#11142 = CARTESIAN_POINT('',(4.712388980385,0.785398163397));
#11143 = CARTESIAN_POINT('',(4.712388980385,0.856797996434));
#11144 = CARTESIAN_POINT('',(4.712388980385,0.92819782947));
#11145 = CARTESIAN_POINT('',(4.712388980385,0.999597662506));
#11146 = CARTESIAN_POINT('',(4.712388980385,1.070997495542));
#11147 = CARTESIAN_POINT('',(4.712388980385,1.142397328578));
#11148 = CARTESIAN_POINT('',(4.712388980385,1.213797161614));
#11149 = CARTESIAN_POINT('',(4.712388980385,1.28519699465));
#11150 = CARTESIAN_POINT('',(4.712388980385,1.356596827687));
#11151 = CARTESIAN_POINT('',(4.712388980385,1.427996660723));
#11152 = CARTESIAN_POINT('',(4.712388980385,1.499396493759));
#11153 = CARTESIAN_POINT('',(4.712388980385,1.54699638245));
#11154 = CARTESIAN_POINT('',(4.712388980385,1.570796326795));
#11155 = ( GEOMETRIC_REPRESENTATION_CONTEXT(2) 
PARAMETRIC_REPRESENTATION_CONTEXT() REPRESENTATION_CONTEXT('2D SPACE',''
  ) );
#11156 = PCURVE('',#2621,#11157);
#11157 = DEFINITIONAL_REPRESENTATION('',(#11158),#11162);
#11158 = LINE('',#11159,#11160);
#11159 = CARTESIAN_POINT('',(0.,3.14159265359));
#11160 = VECTOR('',#11161,1.);
#11161 = DIRECTION('',(1.,0.));
#11162 = ( GEOMETRIC_REPRESENTATION_CONTEXT(2) 
PARAMETRIC_REPRESENTATION_CONTEXT() REPRESENTATION_CONTEXT('2D SPACE',''
  ) );
#11163 = ORIENTED_EDGE('',*,*,#11164,.T.);
#11164 = EDGE_CURVE('',#11119,#8960,#11165,.T.);
#11165 = SURFACE_CURVE('',#11166,(#11171,#11200),.PCURVE_S1.);
#11166 = CIRCLE('',#11167,1.);
#11167 = AXIS2_PLACEMENT_3D('',#11168,#11169,#11170);
#11168 = CARTESIAN_POINT('',(16.1,63.6,23.));
#11169 = DIRECTION('',(0.,0.,1.));
#11170 = DIRECTION('',(1.,0.,-0.));
#11171 = PCURVE('',#10980,#11172);
#11172 = DEFINITIONAL_REPRESENTATION('',(#11173),#11199);
#11173 = B_SPLINE_CURVE_WITH_KNOTS('',3,(#11174,#11175,#11176,#11177,
    #11178,#11179,#11180,#11181,#11182,#11183,#11184,#11185,#11186,
    #11187,#11188,#11189,#11190,#11191,#11192,#11193,#11194,#11195,
    #11196,#11197,#11198),.UNSPECIFIED.,.F.,.F.,(4,1,1,1,1,1,1,1,1,1,1,1
    ,1,1,1,1,1,1,1,1,1,1,4),(4.712388980385,4.783788813421,
    4.855188646457,4.926588479493,4.997988312529,5.069388145565,
    5.140787978601,5.212187811638,5.283587644674,5.35498747771,
    5.426387310746,5.497787143782,5.569186976818,5.640586809854,
    5.711986642891,5.783386475927,5.854786308963,5.926186141999,
    5.997585975035,6.068985808071,6.140385641107,6.211785474143,
    6.28318530718),.QUASI_UNIFORM_KNOTS.);
#11174 = CARTESIAN_POINT('',(4.712388980385,0.));
#11175 = CARTESIAN_POINT('',(4.73618892473,0.));
#11176 = CARTESIAN_POINT('',(4.783788813421,-6.253171281508E-28));
#11177 = CARTESIAN_POINT('',(4.855188646457,2.188609948528E-27));
#11178 = CARTESIAN_POINT('',(4.926588479493,-8.12912266596E-27));
#11179 = CARTESIAN_POINT('',(4.997988312529,3.032788071531E-26));
#11180 = CARTESIAN_POINT('',(5.069388145565,-1.131824001953E-25));
#11181 = CARTESIAN_POINT('',(5.140787978601,4.224017200658E-25));
#11182 = CARTESIAN_POINT('',(5.212187811638,-1.576424480068E-24));
#11183 = CARTESIAN_POINT('',(5.283587644674,5.883296200206E-24));
#11184 = CARTESIAN_POINT('',(5.35498747771,-2.195676032076E-23));
#11185 = CARTESIAN_POINT('',(5.426387310746,8.194374508282E-23));
#11186 = CARTESIAN_POINT('',(5.497787143782,-3.058182200105E-22));
#11187 = CARTESIAN_POINT('',(5.569186976818,1.141329134959E-21));
#11188 = CARTESIAN_POINT('',(5.640586809854,-4.259498319827E-21));
#11189 = CARTESIAN_POINT('',(5.711986642891,1.589666414435E-20));
#11190 = CARTESIAN_POINT('',(5.783386475927,-5.932715825756E-20));
#11191 = CARTESIAN_POINT('',(5.854786308963,2.214119688859E-19));
#11192 = CARTESIAN_POINT('',(5.926186141999,-8.263207172861E-19));
#11193 = CARTESIAN_POINT('',(5.997585975035,3.083870900258E-18));
#11194 = CARTESIAN_POINT('',(6.068985808071,-1.150916288375E-17));
#11195 = CARTESIAN_POINT('',(6.140385641107,4.295278063473E-17));
#11196 = CARTESIAN_POINT('',(6.211785474143,-1.603019596552E-16));
#11197 = CARTESIAN_POINT('',(6.259385362834,3.454027187723E-16));
#11198 = CARTESIAN_POINT('',(6.28318530718,8.881784197001E-16));
#11199 = ( GEOMETRIC_REPRESENTATION_CONTEXT(2) 
PARAMETRIC_REPRESENTATION_CONTEXT() REPRESENTATION_CONTEXT('2D SPACE',''
  ) );
#11200 = PCURVE('',#9008,#11201);
#11201 = DEFINITIONAL_REPRESENTATION('',(#11202),#11206);
#11202 = LINE('',#11203,#11204);
#11203 = CARTESIAN_POINT('',(0.,3.));
#11204 = VECTOR('',#11205,1.);
#11205 = DIRECTION('',(1.,0.));
#11206 = ( GEOMETRIC_REPRESENTATION_CONTEXT(2) 
PARAMETRIC_REPRESENTATION_CONTEXT() REPRESENTATION_CONTEXT('2D SPACE',''
  ) );
#11207 = ADVANCED_FACE('',(#11208),#9062,.T.);
#11208 = FACE_BOUND('',#11209,.T.);
#11209 = EDGE_LOOP('',(#11210,#11211,#11212,#11263));
#11210 = ORIENTED_EDGE('',*,*,#11043,.F.);
#11211 = ORIENTED_EDGE('',*,*,#9048,.F.);
#11212 = ORIENTED_EDGE('',*,*,#11213,.F.);
#11213 = EDGE_CURVE('',#11214,#9021,#11216,.T.);
#11214 = VERTEX_POINT('',#11215);
#11215 = CARTESIAN_POINT('',(16.1,66.6,17.));
#11216 = SURFACE_CURVE('',#11217,(#11222,#11229),.PCURVE_S1.);
#11217 = CIRCLE('',#11218,1.);
#11218 = AXIS2_PLACEMENT_3D('',#11219,#11220,#11221);
#11219 = CARTESIAN_POINT('',(16.1,65.6,17.));
#11220 = DIRECTION('',(0.,0.,-1.));
#11221 = DIRECTION('',(-1.,0.,0.));
#11222 = PCURVE('',#9062,#11223);
#11223 = DEFINITIONAL_REPRESENTATION('',(#11224),#11228);
#11224 = LINE('',#11225,#11226);
#11225 = CARTESIAN_POINT('',(0.,20.));
#11226 = VECTOR('',#11227,1.);
#11227 = DIRECTION('',(1.,0.));
#11228 = ( GEOMETRIC_REPRESENTATION_CONTEXT(2) 
PARAMETRIC_REPRESENTATION_CONTEXT() REPRESENTATION_CONTEXT('2D SPACE',''
  ) );
#11229 = PCURVE('',#11230,#11235);
#11230 = SPHERICAL_SURFACE('',#11231,1.);
#11231 = AXIS2_PLACEMENT_3D('',#11232,#11233,#11234);
#11232 = CARTESIAN_POINT('',(16.1,65.6,17.));
#11233 = DIRECTION('',(0.,1.,0.));
#11234 = DIRECTION('',(0.,-0.,1.));
#11235 = DEFINITIONAL_REPRESENTATION('',(#11236),#11262);
#11236 = B_SPLINE_CURVE_WITH_KNOTS('',3,(#11237,#11238,#11239,#11240,
    #11241,#11242,#11243,#11244,#11245,#11246,#11247,#11248,#11249,
    #11250,#11251,#11252,#11253,#11254,#11255,#11256,#11257,#11258,
    #11259,#11260,#11261),.UNSPECIFIED.,.F.,.F.,(4,1,1,1,1,1,1,1,1,1,1,1
    ,1,1,1,1,1,1,1,1,1,1,4),(1.570796326795,1.642196159831,
    1.713595992867,1.784995825903,1.856395658939,1.927795491976,
    1.999195325012,2.070595158048,2.141994991084,2.21339482412,
    2.284794657156,2.356194490192,2.427594323228,2.498994156265,
    2.570393989301,2.641793822337,2.713193655373,2.784593488409,
    2.855993321445,2.927393154481,2.998792987518,3.070192820554,
    3.14159265359),.QUASI_UNIFORM_KNOTS.);
#11237 = CARTESIAN_POINT('',(1.570796326795,1.570796326795));
#11238 = CARTESIAN_POINT('',(1.570796326795,1.54699638245));
#11239 = CARTESIAN_POINT('',(1.570796326795,1.499396493759));
#11240 = CARTESIAN_POINT('',(1.570796326795,1.427996660723));
#11241 = CARTESIAN_POINT('',(1.570796326795,1.356596827687));
#11242 = CARTESIAN_POINT('',(1.570796326795,1.28519699465));
#11243 = CARTESIAN_POINT('',(1.570796326795,1.213797161614));
#11244 = CARTESIAN_POINT('',(1.570796326795,1.142397328578));
#11245 = CARTESIAN_POINT('',(1.570796326795,1.070997495542));
#11246 = CARTESIAN_POINT('',(1.570796326795,0.999597662506));
#11247 = CARTESIAN_POINT('',(1.570796326795,0.92819782947));
#11248 = CARTESIAN_POINT('',(1.570796326795,0.856797996434));
#11249 = CARTESIAN_POINT('',(1.570796326795,0.785398163397));
#11250 = CARTESIAN_POINT('',(1.570796326795,0.713998330361));
#11251 = CARTESIAN_POINT('',(1.570796326795,0.642598497325));
#11252 = CARTESIAN_POINT('',(1.570796326795,0.571198664289));
#11253 = CARTESIAN_POINT('',(1.570796326795,0.499798831253));
#11254 = CARTESIAN_POINT('',(1.570796326795,0.428398998217));
#11255 = CARTESIAN_POINT('',(1.570796326795,0.356999165181));
#11256 = CARTESIAN_POINT('',(1.570796326795,0.285599332145));
#11257 = CARTESIAN_POINT('',(1.570796326795,0.214199499108));
#11258 = CARTESIAN_POINT('',(1.570796326795,0.142799666072));
#11259 = CARTESIAN_POINT('',(1.570796326795,7.139983303613E-02));
#11260 = CARTESIAN_POINT('',(1.570796326795,2.379994434538E-02));
#11261 = CARTESIAN_POINT('',(1.570796326795,0.));
#11262 = ( GEOMETRIC_REPRESENTATION_CONTEXT(2) 
PARAMETRIC_REPRESENTATION_CONTEXT() REPRESENTATION_CONTEXT('2D SPACE',''
  ) );
#11263 = ORIENTED_EDGE('',*,*,#11264,.T.);
#11264 = EDGE_CURVE('',#11214,#10997,#11265,.T.);
#11265 = SURFACE_CURVE('',#11266,(#11270,#11277),.PCURVE_S1.);
#11266 = LINE('',#11267,#11268);
#11267 = CARTESIAN_POINT('',(16.1,66.6,16.));
#11268 = VECTOR('',#11269,1.);
#11269 = DIRECTION('',(0.,0.,1.));
#11270 = PCURVE('',#9062,#11271);
#11271 = DEFINITIONAL_REPRESENTATION('',(#11272),#11276);
#11272 = LINE('',#11273,#11274);
#11273 = CARTESIAN_POINT('',(1.570796326795,21.));
#11274 = VECTOR('',#11275,1.);
#11275 = DIRECTION('',(0.,-1.));
#11276 = ( GEOMETRIC_REPRESENTATION_CONTEXT(2) 
PARAMETRIC_REPRESENTATION_CONTEXT() REPRESENTATION_CONTEXT('2D SPACE',''
  ) );
#11277 = PCURVE('',#2704,#11278);
#11278 = DEFINITIONAL_REPRESENTATION('',(#11279),#11283);
#11279 = LINE('',#11280,#11281);
#11280 = CARTESIAN_POINT('',(4.712388980385,4.));
#11281 = VECTOR('',#11282,1.);
#11282 = DIRECTION('',(0.,-1.));
#11283 = ( GEOMETRIC_REPRESENTATION_CONTEXT(2) 
PARAMETRIC_REPRESENTATION_CONTEXT() REPRESENTATION_CONTEXT('2D SPACE',''
  ) );
#11284 = ADVANCED_FACE('',(#11285),#2678,.F.);
#11285 = FACE_BOUND('',#11286,.F.);
#11286 = EDGE_LOOP('',(#11287,#11288,#11310,#11311));
#11287 = ORIENTED_EDGE('',*,*,#2661,.T.);
#11288 = ORIENTED_EDGE('',*,*,#11289,.F.);
#11289 = EDGE_CURVE('',#10997,#2662,#11290,.T.);
#11290 = SURFACE_CURVE('',#11291,(#11296,#11303),.PCURVE_S1.);
#11291 = CIRCLE('',#11292,1.);
#11292 = AXIS2_PLACEMENT_3D('',#11293,#11294,#11295);
#11293 = CARTESIAN_POINT('',(16.1,67.6,23.));
#11294 = DIRECTION('',(0.,0.,-1.));
#11295 = DIRECTION('',(-1.,0.,0.));
#11296 = PCURVE('',#2678,#11297);
#11297 = DEFINITIONAL_REPRESENTATION('',(#11298),#11302);
#11298 = LINE('',#11299,#11300);
#11299 = CARTESIAN_POINT('',(3.14159265359,7.853981633974));
#11300 = VECTOR('',#11301,1.);
#11301 = DIRECTION('',(0.,-1.));
#11302 = ( GEOMETRIC_REPRESENTATION_CONTEXT(2) 
PARAMETRIC_REPRESENTATION_CONTEXT() REPRESENTATION_CONTEXT('2D SPACE',''
  ) );
#11303 = PCURVE('',#2704,#11304);
#11304 = DEFINITIONAL_REPRESENTATION('',(#11305),#11309);
#11305 = LINE('',#11306,#11307);
#11306 = CARTESIAN_POINT('',(0.,-3.));
#11307 = VECTOR('',#11308,1.);
#11308 = DIRECTION('',(1.,0.));
#11309 = ( GEOMETRIC_REPRESENTATION_CONTEXT(2) 
PARAMETRIC_REPRESENTATION_CONTEXT() REPRESENTATION_CONTEXT('2D SPACE',''
  ) );
#11310 = ORIENTED_EDGE('',*,*,#10996,.T.);
#11311 = ORIENTED_EDGE('',*,*,#11069,.F.);
#11312 = ADVANCED_FACE('',(#11313),#2621,.F.);
#11313 = FACE_BOUND('',#11314,.F.);
#11314 = EDGE_LOOP('',(#11315,#11316,#11338,#11339));
#11315 = ORIENTED_EDGE('',*,*,#11118,.F.);
#11316 = ORIENTED_EDGE('',*,*,#11317,.F.);
#11317 = EDGE_CURVE('',#2577,#11119,#11318,.T.);
#11318 = SURFACE_CURVE('',#11319,(#11324,#11331),.PCURVE_S1.);
#11319 = CIRCLE('',#11320,1.);
#11320 = AXIS2_PLACEMENT_3D('',#11321,#11322,#11323);
#11321 = CARTESIAN_POINT('',(16.1,61.6,23.));
#11322 = DIRECTION('',(0.,0.,-1.));
#11323 = DIRECTION('',(-1.,0.,0.));
#11324 = PCURVE('',#2621,#11325);
#11325 = DEFINITIONAL_REPRESENTATION('',(#11326),#11330);
#11326 = LINE('',#11327,#11328);
#11327 = CARTESIAN_POINT('',(0.,1.570796326795));
#11328 = VECTOR('',#11329,1.);
#11329 = DIRECTION('',(0.,1.));
#11330 = ( GEOMETRIC_REPRESENTATION_CONTEXT(2) 
PARAMETRIC_REPRESENTATION_CONTEXT() REPRESENTATION_CONTEXT('2D SPACE',''
  ) );
#11331 = PCURVE('',#2592,#11332);
#11332 = DEFINITIONAL_REPRESENTATION('',(#11333),#11337);
#11333 = LINE('',#11334,#11335);
#11334 = CARTESIAN_POINT('',(3.14159265359,18.));
#11335 = VECTOR('',#11336,1.);
#11336 = DIRECTION('',(-1.,0.));
#11337 = ( GEOMETRIC_REPRESENTATION_CONTEXT(2) 
PARAMETRIC_REPRESENTATION_CONTEXT() REPRESENTATION_CONTEXT('2D SPACE',''
  ) );
#11338 = ORIENTED_EDGE('',*,*,#2604,.T.);
#11339 = ORIENTED_EDGE('',*,*,#11092,.F.);
#11340 = ADVANCED_FACE('',(#11341),#9008,.T.);
#11341 = FACE_BOUND('',#11342,.T.);
#11342 = EDGE_LOOP('',(#11343,#11394,#11395,#11396));
#11343 = ORIENTED_EDGE('',*,*,#11344,.F.);
#11344 = EDGE_CURVE('',#8993,#11345,#11347,.T.);
#11345 = VERTEX_POINT('',#11346);
#11346 = CARTESIAN_POINT('',(16.1,62.6,17.));
#11347 = SURFACE_CURVE('',#11348,(#11353,#11360),.PCURVE_S1.);
#11348 = CIRCLE('',#11349,1.);
#11349 = AXIS2_PLACEMENT_3D('',#11350,#11351,#11352);
#11350 = CARTESIAN_POINT('',(16.1,63.6,17.));
#11351 = DIRECTION('',(0.,0.,-1.));
#11352 = DIRECTION('',(-1.,0.,0.));
#11353 = PCURVE('',#9008,#11354);
#11354 = DEFINITIONAL_REPRESENTATION('',(#11355),#11359);
#11355 = LINE('',#11356,#11357);
#11356 = CARTESIAN_POINT('',(9.424777960769,-3.));
#11357 = VECTOR('',#11358,1.);
#11358 = DIRECTION('',(-1.,0.));
#11359 = ( GEOMETRIC_REPRESENTATION_CONTEXT(2) 
PARAMETRIC_REPRESENTATION_CONTEXT() REPRESENTATION_CONTEXT('2D SPACE',''
  ) );
#11360 = PCURVE('',#11361,#11366);
#11361 = SPHERICAL_SURFACE('',#11362,1.);
#11362 = AXIS2_PLACEMENT_3D('',#11363,#11364,#11365);
#11363 = CARTESIAN_POINT('',(16.1,63.6,17.));
#11364 = DIRECTION('',(0.,-1.,0.));
#11365 = DIRECTION('',(0.,0.,-1.));
#11366 = DEFINITIONAL_REPRESENTATION('',(#11367),#11393);
#11367 = B_SPLINE_CURVE_WITH_KNOTS('',3,(#11368,#11369,#11370,#11371,
    #11372,#11373,#11374,#11375,#11376,#11377,#11378,#11379,#11380,
    #11381,#11382,#11383,#11384,#11385,#11386,#11387,#11388,#11389,
    #11390,#11391,#11392),.UNSPECIFIED.,.F.,.F.,(4,1,1,1,1,1,1,1,1,1,1,1
    ,1,1,1,1,1,1,1,1,1,1,4),(3.14159265359,3.212992486626,3.284392319662
    ,3.355792152698,3.427191985734,3.49859181877,3.569991651807,
    3.641391484843,3.712791317879,3.784191150915,3.855590983951,
    3.926990816987,3.998390650023,4.06979048306,4.141190316096,
    4.212590149132,4.283989982168,4.355389815204,4.42678964824,
    4.498189481276,4.569589314312,4.640989147349,4.712388980385),
  .QUASI_UNIFORM_KNOTS.);
#11368 = CARTESIAN_POINT('',(1.570796326795,0.));
#11369 = CARTESIAN_POINT('',(1.570796326795,2.379994434538E-02));
#11370 = CARTESIAN_POINT('',(1.570796326795,7.139983303614E-02));
#11371 = CARTESIAN_POINT('',(1.570796326795,0.142799666072));
#11372 = CARTESIAN_POINT('',(1.570796326795,0.214199499108));
#11373 = CARTESIAN_POINT('',(1.570796326795,0.285599332145));
#11374 = CARTESIAN_POINT('',(1.570796326795,0.356999165181));
#11375 = CARTESIAN_POINT('',(1.570796326795,0.428398998217));
#11376 = CARTESIAN_POINT('',(1.570796326795,0.499798831253));
#11377 = CARTESIAN_POINT('',(1.570796326795,0.571198664289));
#11378 = CARTESIAN_POINT('',(1.570796326795,0.642598497325));
#11379 = CARTESIAN_POINT('',(1.570796326795,0.713998330361));
#11380 = CARTESIAN_POINT('',(1.570796326795,0.785398163397));
#11381 = CARTESIAN_POINT('',(1.570796326795,0.856797996434));
#11382 = CARTESIAN_POINT('',(1.570796326795,0.92819782947));
#11383 = CARTESIAN_POINT('',(1.570796326795,0.999597662506));
#11384 = CARTESIAN_POINT('',(1.570796326795,1.070997495542));
#11385 = CARTESIAN_POINT('',(1.570796326795,1.142397328578));
#11386 = CARTESIAN_POINT('',(1.570796326795,1.213797161614));
#11387 = CARTESIAN_POINT('',(1.570796326795,1.28519699465));
#11388 = CARTESIAN_POINT('',(1.570796326795,1.356596827687));
#11389 = CARTESIAN_POINT('',(1.570796326795,1.427996660723));
#11390 = CARTESIAN_POINT('',(1.570796326795,1.499396493759));
#11391 = CARTESIAN_POINT('',(1.570796326795,1.54699638245));
#11392 = CARTESIAN_POINT('',(1.570796326795,1.570796326795));
#11393 = ( GEOMETRIC_REPRESENTATION_CONTEXT(2) 
PARAMETRIC_REPRESENTATION_CONTEXT() REPRESENTATION_CONTEXT('2D SPACE',''
  ) );
#11394 = ORIENTED_EDGE('',*,*,#8992,.T.);
#11395 = ORIENTED_EDGE('',*,*,#11164,.F.);
#11396 = ORIENTED_EDGE('',*,*,#11397,.F.);
#11397 = EDGE_CURVE('',#11345,#11119,#11398,.T.);
#11398 = SURFACE_CURVE('',#11399,(#11403,#11410),.PCURVE_S1.);
#11399 = LINE('',#11400,#11401);
#11400 = CARTESIAN_POINT('',(16.1,62.6,20.));
#11401 = VECTOR('',#11402,1.);
#11402 = DIRECTION('',(0.,0.,1.));
#11403 = PCURVE('',#9008,#11404);
#11404 = DEFINITIONAL_REPRESENTATION('',(#11405),#11409);
#11405 = LINE('',#11406,#11407);
#11406 = CARTESIAN_POINT('',(4.712388980385,0.));
#11407 = VECTOR('',#11408,1.);
#11408 = DIRECTION('',(0.,1.));
#11409 = ( GEOMETRIC_REPRESENTATION_CONTEXT(2) 
PARAMETRIC_REPRESENTATION_CONTEXT() REPRESENTATION_CONTEXT('2D SPACE',''
  ) );
#11410 = PCURVE('',#2592,#11411);
#11411 = DEFINITIONAL_REPRESENTATION('',(#11412),#11416);
#11412 = LINE('',#11413,#11414);
#11413 = CARTESIAN_POINT('',(1.570796326795,15.));
#11414 = VECTOR('',#11415,1.);
#11415 = DIRECTION('',(0.,1.));
#11416 = ( GEOMETRIC_REPRESENTATION_CONTEXT(2) 
PARAMETRIC_REPRESENTATION_CONTEXT() REPRESENTATION_CONTEXT('2D SPACE',''
  ) );
#11417 = ADVANCED_FACE('',(#11418),#11361,.T.);
#11418 = FACE_BOUND('',#11419,.T.);
#11419 = EDGE_LOOP('',(#11420,#11444,#11445));
#11420 = ORIENTED_EDGE('',*,*,#11421,.T.);
#11421 = EDGE_CURVE('',#11422,#8993,#11424,.T.);
#11422 = VERTEX_POINT('',#11423);
#11423 = CARTESIAN_POINT('',(16.1,63.6,16.));
#11424 = SURFACE_CURVE('',#11425,(#11430,#11437),.PCURVE_S1.);
#11425 = CIRCLE('',#11426,1.);
#11426 = AXIS2_PLACEMENT_3D('',#11427,#11428,#11429);
#11427 = CARTESIAN_POINT('',(16.1,63.6,17.));
#11428 = DIRECTION('',(0.,-1.,0.));
#11429 = DIRECTION('',(0.,0.,-1.));
#11430 = PCURVE('',#11361,#11431);
#11431 = DEFINITIONAL_REPRESENTATION('',(#11432),#11436);
#11432 = LINE('',#11433,#11434);
#11433 = CARTESIAN_POINT('',(0.,0.));
#11434 = VECTOR('',#11435,1.);
#11435 = DIRECTION('',(1.,0.));
#11436 = ( GEOMETRIC_REPRESENTATION_CONTEXT(2) 
PARAMETRIC_REPRESENTATION_CONTEXT() REPRESENTATION_CONTEXT('2D SPACE',''
  ) );
#11437 = PCURVE('',#9036,#11438);
#11438 = DEFINITIONAL_REPRESENTATION('',(#11439),#11443);
#11439 = LINE('',#11440,#11441);
#11440 = CARTESIAN_POINT('',(4.712388980385,1.));
#11441 = VECTOR('',#11442,1.);
#11442 = DIRECTION('',(1.,0.));
#11443 = ( GEOMETRIC_REPRESENTATION_CONTEXT(2) 
PARAMETRIC_REPRESENTATION_CONTEXT() REPRESENTATION_CONTEXT('2D SPACE',''
  ) );
#11444 = ORIENTED_EDGE('',*,*,#11344,.T.);
#11445 = ORIENTED_EDGE('',*,*,#11446,.T.);
#11446 = EDGE_CURVE('',#11345,#11422,#11447,.T.);
#11447 = SURFACE_CURVE('',#11448,(#11453,#11460),.PCURVE_S1.);
#11448 = CIRCLE('',#11449,1.);
#11449 = AXIS2_PLACEMENT_3D('',#11450,#11451,#11452);
#11450 = CARTESIAN_POINT('',(16.1,63.6,17.));
#11451 = DIRECTION('',(1.,0.,0.));
#11452 = DIRECTION('',(0.,0.,-1.));
#11453 = PCURVE('',#11361,#11454);
#11454 = DEFINITIONAL_REPRESENTATION('',(#11455),#11459);
#11455 = LINE('',#11456,#11457);
#11456 = CARTESIAN_POINT('',(0.,6.28318530718));
#11457 = VECTOR('',#11458,1.);
#11458 = DIRECTION('',(0.,-1.));
#11459 = ( GEOMETRIC_REPRESENTATION_CONTEXT(2) 
PARAMETRIC_REPRESENTATION_CONTEXT() REPRESENTATION_CONTEXT('2D SPACE',''
  ) );
#11460 = PCURVE('',#2564,#11461);
#11461 = DEFINITIONAL_REPRESENTATION('',(#11462),#11466);
#11462 = LINE('',#11463,#11464);
#11463 = CARTESIAN_POINT('',(10.995574287564,3.14159265359));
#11464 = VECTOR('',#11465,1.);
#11465 = DIRECTION('',(-1.,0.));
#11466 = ( GEOMETRIC_REPRESENTATION_CONTEXT(2) 
PARAMETRIC_REPRESENTATION_CONTEXT() REPRESENTATION_CONTEXT('2D SPACE',''
  ) );
#11467 = ADVANCED_FACE('',(#11468),#11230,.T.);
#11468 = FACE_BOUND('',#11469,.T.);
#11469 = EDGE_LOOP('',(#11470,#11516,#11517));
#11470 = ORIENTED_EDGE('',*,*,#11471,.T.);
#11471 = EDGE_CURVE('',#11472,#11214,#11474,.T.);
#11472 = VERTEX_POINT('',#11473);
#11473 = CARTESIAN_POINT('',(16.1,65.6,16.));
#11474 = SURFACE_CURVE('',#11475,(#11480,#11509),.PCURVE_S1.);
#11475 = CIRCLE('',#11476,1.);
#11476 = AXIS2_PLACEMENT_3D('',#11477,#11478,#11479);
#11477 = CARTESIAN_POINT('',(16.1,65.6,17.));
#11478 = DIRECTION('',(1.,0.,0.));
#11479 = DIRECTION('',(0.,0.,-1.));
#11480 = PCURVE('',#11230,#11481);
#11481 = DEFINITIONAL_REPRESENTATION('',(#11482),#11508);
#11482 = B_SPLINE_CURVE_WITH_KNOTS('',3,(#11483,#11484,#11485,#11486,
    #11487,#11488,#11489,#11490,#11491,#11492,#11493,#11494,#11495,
    #11496,#11497,#11498,#11499,#11500,#11501,#11502,#11503,#11504,
    #11505,#11506,#11507),.UNSPECIFIED.,.F.,.F.,(4,1,1,1,1,1,1,1,1,1,1,1
    ,1,1,1,1,1,1,1,1,1,1,4),(0.,7.139983303613E-02,0.142799666072,
    0.214199499108,0.285599332145,0.356999165181,0.428398998217,
    0.499798831253,0.571198664289,0.642598497325,0.713998330361,
    0.785398163397,0.856797996434,0.92819782947,0.999597662506,
    1.070997495542,1.142397328578,1.213797161614,1.28519699465,
    1.356596827687,1.427996660723,1.499396493759,1.570796326795),
  .QUASI_UNIFORM_KNOTS.);
#11483 = CARTESIAN_POINT('',(3.14159265359,0.));
#11484 = CARTESIAN_POINT('',(3.14159265359,2.379994434538E-02));
#11485 = CARTESIAN_POINT('',(3.14159265359,7.139983303613E-02));
#11486 = CARTESIAN_POINT('',(3.14159265359,0.142799666072));
#11487 = CARTESIAN_POINT('',(3.14159265359,0.214199499108));
#11488 = CARTESIAN_POINT('',(3.14159265359,0.285599332145));
#11489 = CARTESIAN_POINT('',(3.14159265359,0.356999165181));
#11490 = CARTESIAN_POINT('',(3.14159265359,0.428398998217));
#11491 = CARTESIAN_POINT('',(3.14159265359,0.499798831253));
#11492 = CARTESIAN_POINT('',(3.14159265359,0.571198664289));
#11493 = CARTESIAN_POINT('',(3.14159265359,0.642598497325));
#11494 = CARTESIAN_POINT('',(3.14159265359,0.713998330361));
#11495 = CARTESIAN_POINT('',(3.14159265359,0.785398163397));
#11496 = CARTESIAN_POINT('',(3.14159265359,0.856797996434));
#11497 = CARTESIAN_POINT('',(3.14159265359,0.92819782947));
#11498 = CARTESIAN_POINT('',(3.14159265359,0.999597662506));
#11499 = CARTESIAN_POINT('',(3.14159265359,1.070997495542));
#11500 = CARTESIAN_POINT('',(3.14159265359,1.142397328578));
#11501 = CARTESIAN_POINT('',(3.14159265359,1.213797161614));
#11502 = CARTESIAN_POINT('',(3.14159265359,1.28519699465));
#11503 = CARTESIAN_POINT('',(3.14159265359,1.356596827687));
#11504 = CARTESIAN_POINT('',(3.14159265359,1.427996660723));
#11505 = CARTESIAN_POINT('',(3.14159265359,1.499396493759));
#11506 = CARTESIAN_POINT('',(3.14159265359,1.54699638245));
#11507 = CARTESIAN_POINT('',(3.14159265359,1.570796326795));
#11508 = ( GEOMETRIC_REPRESENTATION_CONTEXT(2) 
PARAMETRIC_REPRESENTATION_CONTEXT() REPRESENTATION_CONTEXT('2D SPACE',''
  ) );
#11509 = PCURVE('',#2507,#11510);
#11510 = DEFINITIONAL_REPRESENTATION('',(#11511),#11515);
#11511 = LINE('',#11512,#11513);
#11512 = CARTESIAN_POINT('',(4.712388980385,3.14159265359));
#11513 = VECTOR('',#11514,1.);
#11514 = DIRECTION('',(-1.,0.));
#11515 = ( GEOMETRIC_REPRESENTATION_CONTEXT(2) 
PARAMETRIC_REPRESENTATION_CONTEXT() REPRESENTATION_CONTEXT('2D SPACE',''
  ) );
#11516 = ORIENTED_EDGE('',*,*,#11213,.T.);
#11517 = ORIENTED_EDGE('',*,*,#11518,.T.);
#11518 = EDGE_CURVE('',#9021,#11472,#11519,.T.);
#11519 = SURFACE_CURVE('',#11520,(#11525,#11532),.PCURVE_S1.);
#11520 = CIRCLE('',#11521,1.);
#11521 = AXIS2_PLACEMENT_3D('',#11522,#11523,#11524);
#11522 = CARTESIAN_POINT('',(16.1,65.6,17.));
#11523 = DIRECTION('',(0.,1.,0.));
#11524 = DIRECTION('',(0.,-0.,1.));
#11525 = PCURVE('',#11230,#11526);
#11526 = DEFINITIONAL_REPRESENTATION('',(#11527),#11531);
#11527 = LINE('',#11528,#11529);
#11528 = CARTESIAN_POINT('',(0.,0.));
#11529 = VECTOR('',#11530,1.);
#11530 = DIRECTION('',(1.,0.));
#11531 = ( GEOMETRIC_REPRESENTATION_CONTEXT(2) 
PARAMETRIC_REPRESENTATION_CONTEXT() REPRESENTATION_CONTEXT('2D SPACE',''
  ) );
#11532 = PCURVE('',#9036,#11533);
#11533 = DEFINITIONAL_REPRESENTATION('',(#11534),#11538);
#11534 = LINE('',#11535,#11536);
#11535 = CARTESIAN_POINT('',(7.853981633974,-1.));
#11536 = VECTOR('',#11537,1.);
#11537 = DIRECTION('',(-1.,0.));
#11538 = ( GEOMETRIC_REPRESENTATION_CONTEXT(2) 
PARAMETRIC_REPRESENTATION_CONTEXT() REPRESENTATION_CONTEXT('2D SPACE',''
  ) );
#11539 = ADVANCED_FACE('',(#11540),#2704,.F.);
#11540 = FACE_BOUND('',#11541,.F.);
#11541 = EDGE_LOOP('',(#11542,#11543,#11565,#11566));
#11542 = ORIENTED_EDGE('',*,*,#2690,.F.);
#11543 = ORIENTED_EDGE('',*,*,#11544,.T.);
#11544 = EDGE_CURVE('',#2489,#11214,#11545,.T.);
#11545 = SURFACE_CURVE('',#11546,(#11551,#11558),.PCURVE_S1.);
#11546 = CIRCLE('',#11547,1.);
#11547 = AXIS2_PLACEMENT_3D('',#11548,#11549,#11550);
#11548 = CARTESIAN_POINT('',(16.1,67.6,17.));
#11549 = DIRECTION('',(0.,0.,1.));
#11550 = DIRECTION('',(1.,0.,-0.));
#11551 = PCURVE('',#2704,#11552);
#11552 = DEFINITIONAL_REPRESENTATION('',(#11553),#11557);
#11553 = LINE('',#11554,#11555);
#11554 = CARTESIAN_POINT('',(9.424777960769,3.));
#11555 = VECTOR('',#11556,1.);
#11556 = DIRECTION('',(-1.,0.));
#11557 = ( GEOMETRIC_REPRESENTATION_CONTEXT(2) 
PARAMETRIC_REPRESENTATION_CONTEXT() REPRESENTATION_CONTEXT('2D SPACE',''
  ) );
#11558 = PCURVE('',#2507,#11559);
#11559 = DEFINITIONAL_REPRESENTATION('',(#11560),#11564);
#11560 = LINE('',#11561,#11562);
#11561 = CARTESIAN_POINT('',(3.14159265359,-1.570796326795));
#11562 = VECTOR('',#11563,1.);
#11563 = DIRECTION('',(0.,1.));
#11564 = ( GEOMETRIC_REPRESENTATION_CONTEXT(2) 
PARAMETRIC_REPRESENTATION_CONTEXT() REPRESENTATION_CONTEXT('2D SPACE',''
  ) );
#11565 = ORIENTED_EDGE('',*,*,#11264,.T.);
#11566 = ORIENTED_EDGE('',*,*,#11289,.T.);
#11567 = ADVANCED_FACE('',(#11568),#2592,.F.);
#11568 = FACE_BOUND('',#11569,.F.);
#11569 = EDGE_LOOP('',(#11570,#11571,#11593,#11594));
#11570 = ORIENTED_EDGE('',*,*,#11397,.F.);
#11571 = ORIENTED_EDGE('',*,*,#11572,.T.);
#11572 = EDGE_CURVE('',#11345,#2548,#11573,.T.);
#11573 = SURFACE_CURVE('',#11574,(#11579,#11586),.PCURVE_S1.);
#11574 = CIRCLE('',#11575,1.);
#11575 = AXIS2_PLACEMENT_3D('',#11576,#11577,#11578);
#11576 = CARTESIAN_POINT('',(16.1,61.6,17.));
#11577 = DIRECTION('',(0.,0.,1.));
#11578 = DIRECTION('',(1.,0.,-0.));
#11579 = PCURVE('',#2592,#11580);
#11580 = DEFINITIONAL_REPRESENTATION('',(#11581),#11585);
#11581 = LINE('',#11582,#11583);
#11582 = CARTESIAN_POINT('',(0.,12.));
#11583 = VECTOR('',#11584,1.);
#11584 = DIRECTION('',(1.,0.));
#11585 = ( GEOMETRIC_REPRESENTATION_CONTEXT(2) 
PARAMETRIC_REPRESENTATION_CONTEXT() REPRESENTATION_CONTEXT('2D SPACE',''
  ) );
#11586 = PCURVE('',#2564,#11587);
#11587 = DEFINITIONAL_REPRESENTATION('',(#11588),#11592);
#11588 = LINE('',#11589,#11590);
#11589 = CARTESIAN_POINT('',(6.28318530718,4.712388980385));
#11590 = VECTOR('',#11591,1.);
#11591 = DIRECTION('',(0.,-1.));
#11592 = ( GEOMETRIC_REPRESENTATION_CONTEXT(2) 
PARAMETRIC_REPRESENTATION_CONTEXT() REPRESENTATION_CONTEXT('2D SPACE',''
  ) );
#11593 = ORIENTED_EDGE('',*,*,#2576,.T.);
#11594 = ORIENTED_EDGE('',*,*,#11317,.T.);
#11595 = ADVANCED_FACE('',(#11596),#9036,.T.);
#11596 = FACE_BOUND('',#11597,.T.);
#11597 = EDGE_LOOP('',(#11598,#11599,#11600,#11621));
#11598 = ORIENTED_EDGE('',*,*,#9020,.T.);
#11599 = ORIENTED_EDGE('',*,*,#11421,.F.);
#11600 = ORIENTED_EDGE('',*,*,#11601,.F.);
#11601 = EDGE_CURVE('',#11472,#11422,#11602,.T.);
#11602 = SURFACE_CURVE('',#11603,(#11607,#11614),.PCURVE_S1.);
#11603 = LINE('',#11604,#11605);
#11604 = CARTESIAN_POINT('',(16.1,64.6,16.));
#11605 = VECTOR('',#11606,1.);
#11606 = DIRECTION('',(-5.624913994737E-17,-1.,0.));
#11607 = PCURVE('',#9036,#11608);
#11608 = DEFINITIONAL_REPRESENTATION('',(#11609),#11613);
#11609 = LINE('',#11610,#11611);
#11610 = CARTESIAN_POINT('',(4.712388980385,0.));
#11611 = VECTOR('',#11612,1.);
#11612 = DIRECTION('',(0.,1.));
#11613 = ( GEOMETRIC_REPRESENTATION_CONTEXT(2) 
PARAMETRIC_REPRESENTATION_CONTEXT() REPRESENTATION_CONTEXT('2D SPACE',''
  ) );
#11614 = PCURVE('',#2535,#11615);
#11615 = DEFINITIONAL_REPRESENTATION('',(#11616),#11620);
#11616 = LINE('',#11617,#11618);
#11617 = CARTESIAN_POINT('',(1.570796326795,-64.6));
#11618 = VECTOR('',#11619,1.);
#11619 = DIRECTION('',(0.,1.));
#11620 = ( GEOMETRIC_REPRESENTATION_CONTEXT(2) 
PARAMETRIC_REPRESENTATION_CONTEXT() REPRESENTATION_CONTEXT('2D SPACE',''
  ) );
#11621 = ORIENTED_EDGE('',*,*,#11518,.F.);
#11622 = ADVANCED_FACE('',(#11623),#2507,.F.);
#11623 = FACE_BOUND('',#11624,.F.);
#11624 = EDGE_LOOP('',(#11625,#11626,#11648,#11649));
#11625 = ORIENTED_EDGE('',*,*,#2488,.T.);
#11626 = ORIENTED_EDGE('',*,*,#11627,.F.);
#11627 = EDGE_CURVE('',#11472,#2491,#11628,.T.);
#11628 = SURFACE_CURVE('',#11629,(#11634,#11641),.PCURVE_S1.);
#11629 = CIRCLE('',#11630,1.);
#11630 = AXIS2_PLACEMENT_3D('',#11631,#11632,#11633);
#11631 = CARTESIAN_POINT('',(16.1,65.6,15.));
#11632 = DIRECTION('',(0.,-1.,0.));
#11633 = DIRECTION('',(0.,0.,-1.));
#11634 = PCURVE('',#2507,#11635);
#11635 = DEFINITIONAL_REPRESENTATION('',(#11636),#11640);
#11636 = LINE('',#11637,#11638);
#11637 = CARTESIAN_POINT('',(4.712388980385,6.28318530718));
#11638 = VECTOR('',#11639,1.);
#11639 = DIRECTION('',(0.,-1.));
#11640 = ( GEOMETRIC_REPRESENTATION_CONTEXT(2) 
PARAMETRIC_REPRESENTATION_CONTEXT() REPRESENTATION_CONTEXT('2D SPACE',''
  ) );
#11641 = PCURVE('',#2535,#11642);
#11642 = DEFINITIONAL_REPRESENTATION('',(#11643),#11647);
#11643 = LINE('',#11644,#11645);
#11644 = CARTESIAN_POINT('',(-1.570796326795,-65.6));
#11645 = VECTOR('',#11646,1.);
#11646 = DIRECTION('',(1.,0.));
#11647 = ( GEOMETRIC_REPRESENTATION_CONTEXT(2) 
PARAMETRIC_REPRESENTATION_CONTEXT() REPRESENTATION_CONTEXT('2D SPACE',''
  ) );
#11648 = ORIENTED_EDGE('',*,*,#11471,.T.);
#11649 = ORIENTED_EDGE('',*,*,#11544,.F.);
#11650 = ADVANCED_FACE('',(#11651),#2564,.F.);
#11651 = FACE_BOUND('',#11652,.F.);
#11652 = EDGE_LOOP('',(#11653,#11654,#11676,#11677));
#11653 = ORIENTED_EDGE('',*,*,#11446,.T.);
#11654 = ORIENTED_EDGE('',*,*,#11655,.F.);
#11655 = EDGE_CURVE('',#2520,#11422,#11656,.T.);
#11656 = SURFACE_CURVE('',#11657,(#11662,#11669),.PCURVE_S1.);
#11657 = CIRCLE('',#11658,1.);
#11658 = AXIS2_PLACEMENT_3D('',#11659,#11660,#11661);
#11659 = CARTESIAN_POINT('',(16.1,63.6,15.));
#11660 = DIRECTION('',(0.,1.,0.));
#11661 = DIRECTION('',(0.,-0.,1.));
#11662 = PCURVE('',#2564,#11663);
#11663 = DEFINITIONAL_REPRESENTATION('',(#11664),#11668);
#11664 = LINE('',#11665,#11666);
#11665 = CARTESIAN_POINT('',(4.712388980385,-3.14159265359));
#11666 = VECTOR('',#11667,1.);
#11667 = DIRECTION('',(0.,1.));
#11668 = ( GEOMETRIC_REPRESENTATION_CONTEXT(2) 
PARAMETRIC_REPRESENTATION_CONTEXT() REPRESENTATION_CONTEXT('2D SPACE',''
  ) );
#11669 = PCURVE('',#2535,#11670);
#11670 = DEFINITIONAL_REPRESENTATION('',(#11671),#11675);
#11671 = LINE('',#11672,#11673);
#11672 = CARTESIAN_POINT('',(7.853981633974,-63.6));
#11673 = VECTOR('',#11674,1.);
#11674 = DIRECTION('',(-1.,0.));
#11675 = ( GEOMETRIC_REPRESENTATION_CONTEXT(2) 
PARAMETRIC_REPRESENTATION_CONTEXT() REPRESENTATION_CONTEXT('2D SPACE',''
  ) );
#11676 = ORIENTED_EDGE('',*,*,#2547,.T.);
#11677 = ORIENTED_EDGE('',*,*,#11572,.F.);
#11678 = ADVANCED_FACE('',(#11679),#2535,.F.);
#11679 = FACE_BOUND('',#11680,.F.);
#11680 = EDGE_LOOP('',(#11681,#11682,#11683,#11684));
#11681 = ORIENTED_EDGE('',*,*,#2519,.T.);
#11682 = ORIENTED_EDGE('',*,*,#11655,.T.);
#11683 = ORIENTED_EDGE('',*,*,#11601,.F.);
#11684 = ORIENTED_EDGE('',*,*,#11627,.T.);
#11685 = ADVANCED_FACE('',(#11686),#2474,.F.);
#11686 = FACE_BOUND('',#11687,.F.);
#11687 = EDGE_LOOP('',(#11688,#11713,#11735,#11736));
#11688 = ORIENTED_EDGE('',*,*,#11689,.F.);
#11689 = EDGE_CURVE('',#11690,#11692,#11694,.T.);
#11690 = VERTEX_POINT('',#11691);
#11691 = CARTESIAN_POINT('',(16.1,65.6,56.));
#11692 = VERTEX_POINT('',#11693);
#11693 = CARTESIAN_POINT('',(16.1,63.6,56.));
#11694 = SURFACE_CURVE('',#11695,(#11699,#11706),.PCURVE_S1.);
#11695 = LINE('',#11696,#11697);
#11696 = CARTESIAN_POINT('',(16.1,64.6,56.));
#11697 = VECTOR('',#11698,1.);
#11698 = DIRECTION('',(-5.624913994737E-17,-1.,0.));
#11699 = PCURVE('',#2474,#11700);
#11700 = DEFINITIONAL_REPRESENTATION('',(#11701),#11705);
#11701 = LINE('',#11702,#11703);
#11702 = CARTESIAN_POINT('',(1.570796326795,-64.6));
#11703 = VECTOR('',#11704,1.);
#11704 = DIRECTION('',(0.,1.));
#11705 = ( GEOMETRIC_REPRESENTATION_CONTEXT(2) 
PARAMETRIC_REPRESENTATION_CONTEXT() REPRESENTATION_CONTEXT('2D SPACE',''
  ) );
#11706 = PCURVE('',#9182,#11707);
#11707 = DEFINITIONAL_REPRESENTATION('',(#11708),#11712);
#11708 = LINE('',#11709,#11710);
#11709 = CARTESIAN_POINT('',(4.712388980385,0.));
#11710 = VECTOR('',#11711,1.);
#11711 = DIRECTION('',(0.,1.));
#11712 = ( GEOMETRIC_REPRESENTATION_CONTEXT(2) 
PARAMETRIC_REPRESENTATION_CONTEXT() REPRESENTATION_CONTEXT('2D SPACE',''
  ) );
#11713 = ORIENTED_EDGE('',*,*,#11714,.T.);
#11714 = EDGE_CURVE('',#11690,#2432,#11715,.T.);
#11715 = SURFACE_CURVE('',#11716,(#11721,#11728),.PCURVE_S1.);
#11716 = CIRCLE('',#11717,1.);
#11717 = AXIS2_PLACEMENT_3D('',#11718,#11719,#11720);
#11718 = CARTESIAN_POINT('',(16.1,65.6,55.));
#11719 = DIRECTION('',(0.,-1.,0.));
#11720 = DIRECTION('',(0.,0.,-1.));
#11721 = PCURVE('',#2474,#11722);
#11722 = DEFINITIONAL_REPRESENTATION('',(#11723),#11727);
#11723 = LINE('',#11724,#11725);
#11724 = CARTESIAN_POINT('',(-1.570796326795,-65.6));
#11725 = VECTOR('',#11726,1.);
#11726 = DIRECTION('',(1.,0.));
#11727 = ( GEOMETRIC_REPRESENTATION_CONTEXT(2) 
PARAMETRIC_REPRESENTATION_CONTEXT() REPRESENTATION_CONTEXT('2D SPACE',''
  ) );
#11728 = PCURVE('',#2448,#11729);
#11729 = DEFINITIONAL_REPRESENTATION('',(#11730),#11734);
#11730 = LINE('',#11731,#11732);
#11731 = CARTESIAN_POINT('',(4.712388980385,6.28318530718));
#11732 = VECTOR('',#11733,1.);
#11733 = DIRECTION('',(0.,-1.));
#11734 = ( GEOMETRIC_REPRESENTATION_CONTEXT(2) 
PARAMETRIC_REPRESENTATION_CONTEXT() REPRESENTATION_CONTEXT('2D SPACE',''
  ) );
#11735 = ORIENTED_EDGE('',*,*,#2460,.T.);
#11736 = ORIENTED_EDGE('',*,*,#11737,.T.);
#11737 = EDGE_CURVE('',#2259,#11692,#11738,.T.);
#11738 = SURFACE_CURVE('',#11739,(#11744,#11751),.PCURVE_S1.);
#11739 = CIRCLE('',#11740,1.);
#11740 = AXIS2_PLACEMENT_3D('',#11741,#11742,#11743);
#11741 = CARTESIAN_POINT('',(16.1,63.6,55.));
#11742 = DIRECTION('',(0.,1.,0.));
#11743 = DIRECTION('',(0.,-0.,1.));
#11744 = PCURVE('',#2474,#11745);
#11745 = DEFINITIONAL_REPRESENTATION('',(#11746),#11750);
#11746 = LINE('',#11747,#11748);
#11747 = CARTESIAN_POINT('',(7.853981633974,-63.6));
#11748 = VECTOR('',#11749,1.);
#11749 = DIRECTION('',(-1.,0.));
#11750 = ( GEOMETRIC_REPRESENTATION_CONTEXT(2) 
PARAMETRIC_REPRESENTATION_CONTEXT() REPRESENTATION_CONTEXT('2D SPACE',''
  ) );
#11751 = PCURVE('',#2277,#11752);
#11752 = DEFINITIONAL_REPRESENTATION('',(#11753),#11757);
#11753 = LINE('',#11754,#11755);
#11754 = CARTESIAN_POINT('',(4.712388980385,-3.14159265359));
#11755 = VECTOR('',#11756,1.);
#11756 = DIRECTION('',(0.,1.));
#11757 = ( GEOMETRIC_REPRESENTATION_CONTEXT(2) 
PARAMETRIC_REPRESENTATION_CONTEXT() REPRESENTATION_CONTEXT('2D SPACE',''
  ) );
#11758 = ADVANCED_FACE('',(#11759),#2448,.F.);
#11759 = FACE_BOUND('',#11760,.F.);
#11760 = EDGE_LOOP('',(#11761,#11785,#11786,#11787));
#11761 = ORIENTED_EDGE('',*,*,#11762,.F.);
#11762 = EDGE_CURVE('',#2404,#11763,#11765,.T.);
#11763 = VERTEX_POINT('',#11764);
#11764 = CARTESIAN_POINT('',(16.1,66.6,57.));
#11765 = SURFACE_CURVE('',#11766,(#11771,#11778),.PCURVE_S1.);
#11766 = CIRCLE('',#11767,1.);
#11767 = AXIS2_PLACEMENT_3D('',#11768,#11769,#11770);
#11768 = CARTESIAN_POINT('',(16.1,67.6,57.));
#11769 = DIRECTION('',(0.,0.,1.));
#11770 = DIRECTION('',(1.,0.,-0.));
#11771 = PCURVE('',#2448,#11772);
#11772 = DEFINITIONAL_REPRESENTATION('',(#11773),#11777);
#11773 = LINE('',#11774,#11775);
#11774 = CARTESIAN_POINT('',(3.14159265359,-1.570796326795));
#11775 = VECTOR('',#11776,1.);
#11776 = DIRECTION('',(0.,1.));
#11777 = ( GEOMETRIC_REPRESENTATION_CONTEXT(2) 
PARAMETRIC_REPRESENTATION_CONTEXT() REPRESENTATION_CONTEXT('2D SPACE',''
  ) );
#11778 = PCURVE('',#2419,#11779);
#11779 = DEFINITIONAL_REPRESENTATION('',(#11780),#11784);
#11780 = LINE('',#11781,#11782);
#11781 = CARTESIAN_POINT('',(9.424777960769,3.));
#11782 = VECTOR('',#11783,1.);
#11783 = DIRECTION('',(-1.,0.));
#11784 = ( GEOMETRIC_REPRESENTATION_CONTEXT(2) 
PARAMETRIC_REPRESENTATION_CONTEXT() REPRESENTATION_CONTEXT('2D SPACE',''
  ) );
#11785 = ORIENTED_EDGE('',*,*,#2431,.T.);
#11786 = ORIENTED_EDGE('',*,*,#11714,.F.);
#11787 = ORIENTED_EDGE('',*,*,#11788,.F.);
#11788 = EDGE_CURVE('',#11763,#11690,#11789,.T.);
#11789 = SURFACE_CURVE('',#11790,(#11795,#11802),.PCURVE_S1.);
#11790 = CIRCLE('',#11791,1.);
#11791 = AXIS2_PLACEMENT_3D('',#11792,#11793,#11794);
#11792 = CARTESIAN_POINT('',(16.1,65.6,57.));
#11793 = DIRECTION('',(-1.,5.624913994737E-17,0.));
#11794 = DIRECTION('',(-5.624913994737E-17,-1.,0.));
#11795 = PCURVE('',#2448,#11796);
#11796 = DEFINITIONAL_REPRESENTATION('',(#11797),#11801);
#11797 = LINE('',#11798,#11799);
#11798 = CARTESIAN_POINT('',(0.,3.14159265359));
#11799 = VECTOR('',#11800,1.);
#11800 = DIRECTION('',(1.,0.));
#11801 = ( GEOMETRIC_REPRESENTATION_CONTEXT(2) 
PARAMETRIC_REPRESENTATION_CONTEXT() REPRESENTATION_CONTEXT('2D SPACE',''
  ) );
#11802 = PCURVE('',#11803,#11808);
#11803 = SPHERICAL_SURFACE('',#11804,1.);
#11804 = AXIS2_PLACEMENT_3D('',#11805,#11806,#11807);
#11805 = CARTESIAN_POINT('',(16.1,65.6,57.));
#11806 = DIRECTION('',(0.,0.,-1.));
#11807 = DIRECTION('',(-1.,0.,0.));
#11808 = DEFINITIONAL_REPRESENTATION('',(#11809),#11835);
#11809 = B_SPLINE_CURVE_WITH_KNOTS('',3,(#11810,#11811,#11812,#11813,
    #11814,#11815,#11816,#11817,#11818,#11819,#11820,#11821,#11822,
    #11823,#11824,#11825,#11826,#11827,#11828,#11829,#11830,#11831,
    #11832,#11833,#11834),.UNSPECIFIED.,.F.,.F.,(4,1,1,1,1,1,1,1,1,1,1,1
    ,1,1,1,1,1,1,1,1,1,1,4),(3.14159265359,3.212992486626,3.284392319662
    ,3.355792152698,3.427191985734,3.49859181877,3.569991651807,
    3.641391484843,3.712791317879,3.784191150915,3.855590983951,
    3.926990816987,3.998390650023,4.06979048306,4.141190316096,
    4.212590149132,4.283989982168,4.355389815204,4.42678964824,
    4.498189481276,4.569589314312,4.640989147349,4.712388980385),
  .QUASI_UNIFORM_KNOTS.);
#11810 = CARTESIAN_POINT('',(1.570796326795,0.));
#11811 = CARTESIAN_POINT('',(1.570796326795,2.379994434538E-02));
#11812 = CARTESIAN_POINT('',(1.570796326795,7.139983303614E-02));
#11813 = CARTESIAN_POINT('',(1.570796326795,0.142799666072));
#11814 = CARTESIAN_POINT('',(1.570796326795,0.214199499108));
#11815 = CARTESIAN_POINT('',(1.570796326795,0.285599332145));
#11816 = CARTESIAN_POINT('',(1.570796326795,0.356999165181));
#11817 = CARTESIAN_POINT('',(1.570796326795,0.428398998217));
#11818 = CARTESIAN_POINT('',(1.570796326795,0.499798831253));
#11819 = CARTESIAN_POINT('',(1.570796326795,0.571198664289));
#11820 = CARTESIAN_POINT('',(1.570796326795,0.642598497325));
#11821 = CARTESIAN_POINT('',(1.570796326795,0.713998330361));
#11822 = CARTESIAN_POINT('',(1.570796326795,0.785398163397));
#11823 = CARTESIAN_POINT('',(1.570796326795,0.856797996434));
#11824 = CARTESIAN_POINT('',(1.570796326795,0.92819782947));
#11825 = CARTESIAN_POINT('',(1.570796326795,0.999597662506));
#11826 = CARTESIAN_POINT('',(1.570796326795,1.070997495542));
#11827 = CARTESIAN_POINT('',(1.570796326795,1.142397328578));
#11828 = CARTESIAN_POINT('',(1.570796326795,1.213797161614));
#11829 = CARTESIAN_POINT('',(1.570796326795,1.28519699465));
#11830 = CARTESIAN_POINT('',(1.570796326795,1.356596827686));
#11831 = CARTESIAN_POINT('',(1.570796326795,1.427996660723));
#11832 = CARTESIAN_POINT('',(1.570796326795,1.499396493759));
#11833 = CARTESIAN_POINT('',(1.570796326795,1.54699638245));
#11834 = CARTESIAN_POINT('',(1.570796326795,1.570796326795));
#11835 = ( GEOMETRIC_REPRESENTATION_CONTEXT(2) 
PARAMETRIC_REPRESENTATION_CONTEXT() REPRESENTATION_CONTEXT('2D SPACE',''
  ) );
#11836 = ADVANCED_FACE('',(#11837),#9182,.T.);
#11837 = FACE_BOUND('',#11838,.T.);
#11838 = EDGE_LOOP('',(#11839,#11888,#11889,#11933));
#11839 = ORIENTED_EDGE('',*,*,#11840,.F.);
#11840 = EDGE_CURVE('',#11692,#9141,#11841,.T.);
#11841 = SURFACE_CURVE('',#11842,(#11847,#11854),.PCURVE_S1.);
#11842 = CIRCLE('',#11843,1.);
#11843 = AXIS2_PLACEMENT_3D('',#11844,#11845,#11846);
#11844 = CARTESIAN_POINT('',(16.1,63.6,57.));
#11845 = DIRECTION('',(0.,-1.,0.));
#11846 = DIRECTION('',(0.,0.,-1.));
#11847 = PCURVE('',#9182,#11848);
#11848 = DEFINITIONAL_REPRESENTATION('',(#11849),#11853);
#11849 = LINE('',#11850,#11851);
#11850 = CARTESIAN_POINT('',(4.712388980385,1.));
#11851 = VECTOR('',#11852,1.);
#11852 = DIRECTION('',(1.,0.));
#11853 = ( GEOMETRIC_REPRESENTATION_CONTEXT(2) 
PARAMETRIC_REPRESENTATION_CONTEXT() REPRESENTATION_CONTEXT('2D SPACE',''
  ) );
#11854 = PCURVE('',#11855,#11860);
#11855 = SPHERICAL_SURFACE('',#11856,1.);
#11856 = AXIS2_PLACEMENT_3D('',#11857,#11858,#11859);
#11857 = CARTESIAN_POINT('',(16.1,63.6,57.));
#11858 = DIRECTION('',(0.,0.,-1.));
#11859 = DIRECTION('',(-1.,0.,0.));
#11860 = DEFINITIONAL_REPRESENTATION('',(#11861),#11887);
#11861 = B_SPLINE_CURVE_WITH_KNOTS('',3,(#11862,#11863,#11864,#11865,
    #11866,#11867,#11868,#11869,#11870,#11871,#11872,#11873,#11874,
    #11875,#11876,#11877,#11878,#11879,#11880,#11881,#11882,#11883,
    #11884,#11885,#11886),.UNSPECIFIED.,.F.,.F.,(4,1,1,1,1,1,1,1,1,1,1,1
    ,1,1,1,1,1,1,1,1,1,1,4),(0.,7.139983303613E-02,0.142799666072,
    0.214199499108,0.285599332145,0.356999165181,0.428398998217,
    0.499798831253,0.571198664289,0.642598497325,0.713998330361,
    0.785398163397,0.856797996434,0.92819782947,0.999597662506,
    1.070997495542,1.142397328578,1.213797161614,1.28519699465,
    1.356596827687,1.427996660723,1.499396493759,1.570796326795),
  .QUASI_UNIFORM_KNOTS.);
#11862 = CARTESIAN_POINT('',(3.14159265359,1.570796326795));
#11863 = CARTESIAN_POINT('',(3.14159265359,1.54699638245));
#11864 = CARTESIAN_POINT('',(3.14159265359,1.499396493759));
#11865 = CARTESIAN_POINT('',(3.14159265359,1.427996660723));
#11866 = CARTESIAN_POINT('',(3.14159265359,1.356596827687));
#11867 = CARTESIAN_POINT('',(3.14159265359,1.28519699465));
#11868 = CARTESIAN_POINT('',(3.14159265359,1.213797161614));
#11869 = CARTESIAN_POINT('',(3.14159265359,1.142397328578));
#11870 = CARTESIAN_POINT('',(3.14159265359,1.070997495542));
#11871 = CARTESIAN_POINT('',(3.14159265359,0.999597662506));
#11872 = CARTESIAN_POINT('',(3.14159265359,0.92819782947));
#11873 = CARTESIAN_POINT('',(3.14159265359,0.856797996434));
#11874 = CARTESIAN_POINT('',(3.14159265359,0.785398163397));
#11875 = CARTESIAN_POINT('',(3.14159265359,0.713998330361));
#11876 = CARTESIAN_POINT('',(3.14159265359,0.642598497325));
#11877 = CARTESIAN_POINT('',(3.14159265359,0.571198664289));
#11878 = CARTESIAN_POINT('',(3.14159265359,0.499798831253));
#11879 = CARTESIAN_POINT('',(3.14159265359,0.428398998217));
#11880 = CARTESIAN_POINT('',(3.14159265359,0.356999165181));
#11881 = CARTESIAN_POINT('',(3.14159265359,0.285599332145));
#11882 = CARTESIAN_POINT('',(3.14159265359,0.214199499108));
#11883 = CARTESIAN_POINT('',(3.14159265359,0.142799666072));
#11884 = CARTESIAN_POINT('',(3.14159265359,7.139983303614E-02));
#11885 = CARTESIAN_POINT('',(3.14159265359,2.379994434538E-02));
#11886 = CARTESIAN_POINT('',(3.14159265359,0.));
#11887 = ( GEOMETRIC_REPRESENTATION_CONTEXT(2) 
PARAMETRIC_REPRESENTATION_CONTEXT() REPRESENTATION_CONTEXT('2D SPACE',''
  ) );
#11888 = ORIENTED_EDGE('',*,*,#11689,.F.);
#11889 = ORIENTED_EDGE('',*,*,#11890,.F.);
#11890 = EDGE_CURVE('',#9078,#11690,#11891,.T.);
#11891 = SURFACE_CURVE('',#11892,(#11897,#11904),.PCURVE_S1.);
#11892 = CIRCLE('',#11893,1.);
#11893 = AXIS2_PLACEMENT_3D('',#11894,#11895,#11896);
#11894 = CARTESIAN_POINT('',(16.1,65.6,57.));
#11895 = DIRECTION('',(0.,1.,0.));
#11896 = DIRECTION('',(0.,-0.,1.));
#11897 = PCURVE('',#9182,#11898);
#11898 = DEFINITIONAL_REPRESENTATION('',(#11899),#11903);
#11899 = LINE('',#11900,#11901);
#11900 = CARTESIAN_POINT('',(7.853981633974,-1.));
#11901 = VECTOR('',#11902,1.);
#11902 = DIRECTION('',(-1.,0.));
#11903 = ( GEOMETRIC_REPRESENTATION_CONTEXT(2) 
PARAMETRIC_REPRESENTATION_CONTEXT() REPRESENTATION_CONTEXT('2D SPACE',''
  ) );
#11904 = PCURVE('',#11803,#11905);
#11905 = DEFINITIONAL_REPRESENTATION('',(#11906),#11932);
#11906 = B_SPLINE_CURVE_WITH_KNOTS('',3,(#11907,#11908,#11909,#11910,
    #11911,#11912,#11913,#11914,#11915,#11916,#11917,#11918,#11919,
    #11920,#11921,#11922,#11923,#11924,#11925,#11926,#11927,#11928,
    #11929,#11930,#11931),.UNSPECIFIED.,.F.,.F.,(4,1,1,1,1,1,1,1,1,1,1,1
    ,1,1,1,1,1,1,1,1,1,1,4),(1.570796326795,1.642196159831,
    1.713595992867,1.784995825903,1.856395658939,1.927795491976,
    1.999195325012,2.070595158048,2.141994991084,2.21339482412,
    2.284794657156,2.356194490192,2.427594323228,2.498994156265,
    2.570393989301,2.641793822337,2.713193655373,2.784593488409,
    2.855993321445,2.927393154481,2.998792987518,3.070192820554,
    3.14159265359),.QUASI_UNIFORM_KNOTS.);
#11907 = CARTESIAN_POINT('',(3.14159265359,0.));
#11908 = CARTESIAN_POINT('',(3.14159265359,2.379994434538E-02));
#11909 = CARTESIAN_POINT('',(3.14159265359,7.139983303614E-02));
#11910 = CARTESIAN_POINT('',(3.14159265359,0.142799666072));
#11911 = CARTESIAN_POINT('',(3.14159265359,0.214199499108));
#11912 = CARTESIAN_POINT('',(3.14159265359,0.285599332145));
#11913 = CARTESIAN_POINT('',(3.14159265359,0.356999165181));
#11914 = CARTESIAN_POINT('',(3.14159265359,0.428398998217));
#11915 = CARTESIAN_POINT('',(3.14159265359,0.499798831253));
#11916 = CARTESIAN_POINT('',(3.14159265359,0.571198664289));
#11917 = CARTESIAN_POINT('',(3.14159265359,0.642598497325));
#11918 = CARTESIAN_POINT('',(3.14159265359,0.713998330361));
#11919 = CARTESIAN_POINT('',(3.14159265359,0.785398163397));
#11920 = CARTESIAN_POINT('',(3.14159265359,0.856797996434));
#11921 = CARTESIAN_POINT('',(3.14159265359,0.92819782947));
#11922 = CARTESIAN_POINT('',(3.14159265359,0.999597662506));
#11923 = CARTESIAN_POINT('',(3.14159265359,1.070997495542));
#11924 = CARTESIAN_POINT('',(3.14159265359,1.142397328578));
#11925 = CARTESIAN_POINT('',(3.14159265359,1.213797161614));
#11926 = CARTESIAN_POINT('',(3.14159265359,1.28519699465));
#11927 = CARTESIAN_POINT('',(3.14159265359,1.356596827687));
#11928 = CARTESIAN_POINT('',(3.14159265359,1.427996660723));
#11929 = CARTESIAN_POINT('',(3.14159265359,1.499396493759));
#11930 = CARTESIAN_POINT('',(3.14159265359,1.54699638245));
#11931 = CARTESIAN_POINT('',(3.14159265359,1.570796326795));
#11932 = ( GEOMETRIC_REPRESENTATION_CONTEXT(2) 
PARAMETRIC_REPRESENTATION_CONTEXT() REPRESENTATION_CONTEXT('2D SPACE',''
  ) );
#11933 = ORIENTED_EDGE('',*,*,#9168,.T.);
#11934 = ADVANCED_FACE('',(#11935),#2277,.F.);
#11935 = FACE_BOUND('',#11936,.F.);
#11936 = EDGE_LOOP('',(#11937,#11938,#11962,#12006));
#11937 = ORIENTED_EDGE('',*,*,#2258,.T.);
#11938 = ORIENTED_EDGE('',*,*,#11939,.F.);
#11939 = EDGE_CURVE('',#11940,#2261,#11942,.T.);
#11940 = VERTEX_POINT('',#11941);
#11941 = CARTESIAN_POINT('',(16.1,62.6,57.));
#11942 = SURFACE_CURVE('',#11943,(#11948,#11955),.PCURVE_S1.);
#11943 = CIRCLE('',#11944,1.);
#11944 = AXIS2_PLACEMENT_3D('',#11945,#11946,#11947);
#11945 = CARTESIAN_POINT('',(16.1,61.6,57.));
#11946 = DIRECTION('',(0.,0.,1.));
#11947 = DIRECTION('',(1.,0.,-0.));
#11948 = PCURVE('',#2277,#11949);
#11949 = DEFINITIONAL_REPRESENTATION('',(#11950),#11954);
#11950 = LINE('',#11951,#11952);
#11951 = CARTESIAN_POINT('',(6.28318530718,4.712388980385));
#11952 = VECTOR('',#11953,1.);
#11953 = DIRECTION('',(0.,-1.));
#11954 = ( GEOMETRIC_REPRESENTATION_CONTEXT(2) 
PARAMETRIC_REPRESENTATION_CONTEXT() REPRESENTATION_CONTEXT('2D SPACE',''
  ) );
#11955 = PCURVE('',#2305,#11956);
#11956 = DEFINITIONAL_REPRESENTATION('',(#11957),#11961);
#11957 = LINE('',#11958,#11959);
#11958 = CARTESIAN_POINT('',(0.,52.));
#11959 = VECTOR('',#11960,1.);
#11960 = DIRECTION('',(1.,0.));
#11961 = ( GEOMETRIC_REPRESENTATION_CONTEXT(2) 
PARAMETRIC_REPRESENTATION_CONTEXT() REPRESENTATION_CONTEXT('2D SPACE',''
  ) );
#11962 = ORIENTED_EDGE('',*,*,#11963,.T.);
#11963 = EDGE_CURVE('',#11940,#11692,#11964,.T.);
#11964 = SURFACE_CURVE('',#11965,(#11970,#11977),.PCURVE_S1.);
#11965 = CIRCLE('',#11966,1.);
#11966 = AXIS2_PLACEMENT_3D('',#11967,#11968,#11969);
#11967 = CARTESIAN_POINT('',(16.1,63.6,57.));
#11968 = DIRECTION('',(1.,0.,0.));
#11969 = DIRECTION('',(0.,0.,-1.));
#11970 = PCURVE('',#2277,#11971);
#11971 = DEFINITIONAL_REPRESENTATION('',(#11972),#11976);
#11972 = LINE('',#11973,#11974);
#11973 = CARTESIAN_POINT('',(10.995574287564,3.14159265359));
#11974 = VECTOR('',#11975,1.);
#11975 = DIRECTION('',(-1.,0.));
#11976 = ( GEOMETRIC_REPRESENTATION_CONTEXT(2) 
PARAMETRIC_REPRESENTATION_CONTEXT() REPRESENTATION_CONTEXT('2D SPACE',''
  ) );
#11977 = PCURVE('',#11855,#11978);
#11978 = DEFINITIONAL_REPRESENTATION('',(#11979),#12005);
#11979 = B_SPLINE_CURVE_WITH_KNOTS('',3,(#11980,#11981,#11982,#11983,
    #11984,#11985,#11986,#11987,#11988,#11989,#11990,#11991,#11992,
    #11993,#11994,#11995,#11996,#11997,#11998,#11999,#12000,#12001,
    #12002,#12003,#12004),.UNSPECIFIED.,.F.,.F.,(4,1,1,1,1,1,1,1,1,1,1,1
    ,1,1,1,1,1,1,1,1,1,1,4),(4.712388980385,4.783788813421,
    4.855188646457,4.926588479493,4.997988312529,5.069388145565,
    5.140787978601,5.212187811638,5.283587644674,5.35498747771,
    5.426387310746,5.497787143782,5.569186976818,5.640586809854,
    5.711986642891,5.783386475927,5.854786308963,5.926186141999,
    5.997585975035,6.068985808071,6.140385641107,6.211785474143,
    6.28318530718),.QUASI_UNIFORM_KNOTS.);
#11980 = CARTESIAN_POINT('',(4.712388980385,0.));
#11981 = CARTESIAN_POINT('',(4.712388980385,2.379994434538E-02));
#11982 = CARTESIAN_POINT('',(4.712388980385,7.139983303614E-02));
#11983 = CARTESIAN_POINT('',(4.712388980385,0.142799666072));
#11984 = CARTESIAN_POINT('',(4.712388980385,0.214199499108));
#11985 = CARTESIAN_POINT('',(4.712388980385,0.285599332145));
#11986 = CARTESIAN_POINT('',(4.712388980385,0.356999165181));
#11987 = CARTESIAN_POINT('',(4.712388980385,0.428398998217));
#11988 = CARTESIAN_POINT('',(4.712388980385,0.499798831253));
#11989 = CARTESIAN_POINT('',(4.712388980385,0.571198664289));
#11990 = CARTESIAN_POINT('',(4.712388980385,0.642598497325));
#11991 = CARTESIAN_POINT('',(4.712388980385,0.713998330361));
#11992 = CARTESIAN_POINT('',(4.712388980385,0.785398163397));
#11993 = CARTESIAN_POINT('',(4.712388980385,0.856797996434));
#11994 = CARTESIAN_POINT('',(4.712388980385,0.92819782947));
#11995 = CARTESIAN_POINT('',(4.712388980385,0.999597662506));
#11996 = CARTESIAN_POINT('',(4.712388980385,1.070997495542));
#11997 = CARTESIAN_POINT('',(4.712388980385,1.142397328578));
#11998 = CARTESIAN_POINT('',(4.712388980385,1.213797161614));
#11999 = CARTESIAN_POINT('',(4.712388980385,1.28519699465));
#12000 = CARTESIAN_POINT('',(4.712388980385,1.356596827687));
#12001 = CARTESIAN_POINT('',(4.712388980385,1.427996660723));
#12002 = CARTESIAN_POINT('',(4.712388980385,1.499396493759));
#12003 = CARTESIAN_POINT('',(4.712388980385,1.54699638245));
#12004 = CARTESIAN_POINT('',(4.712388980385,1.570796326795));
#12005 = ( GEOMETRIC_REPRESENTATION_CONTEXT(2) 
PARAMETRIC_REPRESENTATION_CONTEXT() REPRESENTATION_CONTEXT('2D SPACE',''
  ) );
#12006 = ORIENTED_EDGE('',*,*,#11737,.F.);
#12007 = ADVANCED_FACE('',(#12008),#2419,.F.);
#12008 = FACE_BOUND('',#12009,.F.);
#12009 = EDGE_LOOP('',(#12010,#12033,#12055,#12056));
#12010 = ORIENTED_EDGE('',*,*,#12011,.T.);
#12011 = EDGE_CURVE('',#11763,#12012,#12014,.T.);
#12012 = VERTEX_POINT('',#12013);
#12013 = CARTESIAN_POINT('',(16.1,66.6,63.));
#12014 = SURFACE_CURVE('',#12015,(#12019,#12026),.PCURVE_S1.);
#12015 = LINE('',#12016,#12017);
#12016 = CARTESIAN_POINT('',(16.1,66.6,64.));
#12017 = VECTOR('',#12018,1.);
#12018 = DIRECTION('',(0.,0.,1.));
#12019 = PCURVE('',#2419,#12020);
#12020 = DEFINITIONAL_REPRESENTATION('',(#12021),#12025);
#12021 = LINE('',#12022,#12023);
#12022 = CARTESIAN_POINT('',(4.712388980385,-4.));
#12023 = VECTOR('',#12024,1.);
#12024 = DIRECTION('',(0.,-1.));
#12025 = ( GEOMETRIC_REPRESENTATION_CONTEXT(2) 
PARAMETRIC_REPRESENTATION_CONTEXT() REPRESENTATION_CONTEXT('2D SPACE',''
  ) );
#12026 = PCURVE('',#9100,#12027);
#12027 = DEFINITIONAL_REPRESENTATION('',(#12028),#12032);
#12028 = LINE('',#12029,#12030);
#12029 = CARTESIAN_POINT('',(1.570796326795,-27.));
#12030 = VECTOR('',#12031,1.);
#12031 = DIRECTION('',(0.,-1.));
#12032 = ( GEOMETRIC_REPRESENTATION_CONTEXT(2) 
PARAMETRIC_REPRESENTATION_CONTEXT() REPRESENTATION_CONTEXT('2D SPACE',''
  ) );
#12033 = ORIENTED_EDGE('',*,*,#12034,.T.);
#12034 = EDGE_CURVE('',#12012,#2375,#12035,.T.);
#12035 = SURFACE_CURVE('',#12036,(#12041,#12048),.PCURVE_S1.);
#12036 = CIRCLE('',#12037,1.);
#12037 = AXIS2_PLACEMENT_3D('',#12038,#12039,#12040);
#12038 = CARTESIAN_POINT('',(16.1,67.6,63.));
#12039 = DIRECTION('',(0.,0.,-1.));
#12040 = DIRECTION('',(-1.,0.,0.));
#12041 = PCURVE('',#2419,#12042);
#12042 = DEFINITIONAL_REPRESENTATION('',(#12043),#12047);
#12043 = LINE('',#12044,#12045);
#12044 = CARTESIAN_POINT('',(0.,-3.));
#12045 = VECTOR('',#12046,1.);
#12046 = DIRECTION('',(1.,0.));
#12047 = ( GEOMETRIC_REPRESENTATION_CONTEXT(2) 
PARAMETRIC_REPRESENTATION_CONTEXT() REPRESENTATION_CONTEXT('2D SPACE',''
  ) );
#12048 = PCURVE('',#2391,#12049);
#12049 = DEFINITIONAL_REPRESENTATION('',(#12050),#12054);
#12050 = LINE('',#12051,#12052);
#12051 = CARTESIAN_POINT('',(3.14159265359,7.853981633974));
#12052 = VECTOR('',#12053,1.);
#12053 = DIRECTION('',(0.,-1.));
#12054 = ( GEOMETRIC_REPRESENTATION_CONTEXT(2) 
PARAMETRIC_REPRESENTATION_CONTEXT() REPRESENTATION_CONTEXT('2D SPACE',''
  ) );
#12055 = ORIENTED_EDGE('',*,*,#2403,.F.);
#12056 = ORIENTED_EDGE('',*,*,#11762,.T.);
#12057 = ADVANCED_FACE('',(#12058),#11803,.T.);
#12058 = FACE_BOUND('',#12059,.T.);
#12059 = EDGE_LOOP('',(#12060,#12061,#12062));
#12060 = ORIENTED_EDGE('',*,*,#11890,.T.);
#12061 = ORIENTED_EDGE('',*,*,#11788,.F.);
#12062 = ORIENTED_EDGE('',*,*,#12063,.T.);
#12063 = EDGE_CURVE('',#11763,#9078,#12064,.T.);
#12064 = SURFACE_CURVE('',#12065,(#12070,#12077),.PCURVE_S1.);
#12065 = CIRCLE('',#12066,1.);
#12066 = AXIS2_PLACEMENT_3D('',#12067,#12068,#12069);
#12067 = CARTESIAN_POINT('',(16.1,65.6,57.));
#12068 = DIRECTION('',(0.,0.,-1.));
#12069 = DIRECTION('',(-1.,0.,0.));
#12070 = PCURVE('',#11803,#12071);
#12071 = DEFINITIONAL_REPRESENTATION('',(#12072),#12076);
#12072 = LINE('',#12073,#12074);
#12073 = CARTESIAN_POINT('',(0.,0.));
#12074 = VECTOR('',#12075,1.);
#12075 = DIRECTION('',(1.,0.));
#12076 = ( GEOMETRIC_REPRESENTATION_CONTEXT(2) 
PARAMETRIC_REPRESENTATION_CONTEXT() REPRESENTATION_CONTEXT('2D SPACE',''
  ) );
#12077 = PCURVE('',#9100,#12078);
#12078 = DEFINITIONAL_REPRESENTATION('',(#12079),#12083);
#12079 = LINE('',#12080,#12081);
#12080 = CARTESIAN_POINT('',(0.,-20.));
#12081 = VECTOR('',#12082,1.);
#12082 = DIRECTION('',(1.,0.));
#12083 = ( GEOMETRIC_REPRESENTATION_CONTEXT(2) 
PARAMETRIC_REPRESENTATION_CONTEXT() REPRESENTATION_CONTEXT('2D SPACE',''
  ) );
#12084 = ADVANCED_FACE('',(#12085),#11855,.T.);
#12085 = FACE_BOUND('',#12086,.T.);
#12086 = EDGE_LOOP('',(#12087,#12088,#12089));
#12087 = ORIENTED_EDGE('',*,*,#11963,.T.);
#12088 = ORIENTED_EDGE('',*,*,#11840,.T.);
#12089 = ORIENTED_EDGE('',*,*,#12090,.T.);
#12090 = EDGE_CURVE('',#9141,#11940,#12091,.T.);
#12091 = SURFACE_CURVE('',#12092,(#12097,#12104),.PCURVE_S1.);
#12092 = CIRCLE('',#12093,1.);
#12093 = AXIS2_PLACEMENT_3D('',#12094,#12095,#12096);
#12094 = CARTESIAN_POINT('',(16.1,63.6,57.));
#12095 = DIRECTION('',(0.,0.,-1.));
#12096 = DIRECTION('',(-1.,0.,0.));
#12097 = PCURVE('',#11855,#12098);
#12098 = DEFINITIONAL_REPRESENTATION('',(#12099),#12103);
#12099 = LINE('',#12100,#12101);
#12100 = CARTESIAN_POINT('',(0.,0.));
#12101 = VECTOR('',#12102,1.);
#12102 = DIRECTION('',(1.,0.));
#12103 = ( GEOMETRIC_REPRESENTATION_CONTEXT(2) 
PARAMETRIC_REPRESENTATION_CONTEXT() REPRESENTATION_CONTEXT('2D SPACE',''
  ) );
#12104 = PCURVE('',#9156,#12105);
#12105 = DEFINITIONAL_REPRESENTATION('',(#12106),#12110);
#12106 = LINE('',#12107,#12108);
#12107 = CARTESIAN_POINT('',(9.424777960769,-3.));
#12108 = VECTOR('',#12109,1.);
#12109 = DIRECTION('',(-1.,0.));
#12110 = ( GEOMETRIC_REPRESENTATION_CONTEXT(2) 
PARAMETRIC_REPRESENTATION_CONTEXT() REPRESENTATION_CONTEXT('2D SPACE',''
  ) );
#12111 = ADVANCED_FACE('',(#12112),#2305,.F.);
#12112 = FACE_BOUND('',#12113,.F.);
#12113 = EDGE_LOOP('',(#12114,#12137,#12138,#12139));
#12114 = ORIENTED_EDGE('',*,*,#12115,.F.);
#12115 = EDGE_CURVE('',#11940,#12116,#12118,.T.);
#12116 = VERTEX_POINT('',#12117);
#12117 = CARTESIAN_POINT('',(16.1,62.6,63.));
#12118 = SURFACE_CURVE('',#12119,(#12123,#12130),.PCURVE_S1.);
#12119 = LINE('',#12120,#12121);
#12120 = CARTESIAN_POINT('',(16.1,62.6,60.));
#12121 = VECTOR('',#12122,1.);
#12122 = DIRECTION('',(0.,0.,1.));
#12123 = PCURVE('',#2305,#12124);
#12124 = DEFINITIONAL_REPRESENTATION('',(#12125),#12129);
#12125 = LINE('',#12126,#12127);
#12126 = CARTESIAN_POINT('',(1.570796326795,55.));
#12127 = VECTOR('',#12128,1.);
#12128 = DIRECTION('',(0.,1.));
#12129 = ( GEOMETRIC_REPRESENTATION_CONTEXT(2) 
PARAMETRIC_REPRESENTATION_CONTEXT() REPRESENTATION_CONTEXT('2D SPACE',''
  ) );
#12130 = PCURVE('',#9156,#12131);
#12131 = DEFINITIONAL_REPRESENTATION('',(#12132),#12136);
#12132 = LINE('',#12133,#12134);
#12133 = CARTESIAN_POINT('',(4.712388980385,0.));
#12134 = VECTOR('',#12135,1.);
#12135 = DIRECTION('',(0.,1.));
#12136 = ( GEOMETRIC_REPRESENTATION_CONTEXT(2) 
PARAMETRIC_REPRESENTATION_CONTEXT() REPRESENTATION_CONTEXT('2D SPACE',''
  ) );
#12137 = ORIENTED_EDGE('',*,*,#11939,.T.);
#12138 = ORIENTED_EDGE('',*,*,#2289,.T.);
#12139 = ORIENTED_EDGE('',*,*,#12140,.T.);
#12140 = EDGE_CURVE('',#2290,#12116,#12141,.T.);
#12141 = SURFACE_CURVE('',#12142,(#12147,#12154),.PCURVE_S1.);
#12142 = CIRCLE('',#12143,1.);
#12143 = AXIS2_PLACEMENT_3D('',#12144,#12145,#12146);
#12144 = CARTESIAN_POINT('',(16.1,61.6,63.));
#12145 = DIRECTION('',(0.,0.,-1.));
#12146 = DIRECTION('',(-1.,0.,0.));
#12147 = PCURVE('',#2305,#12148);
#12148 = DEFINITIONAL_REPRESENTATION('',(#12149),#12153);
#12149 = LINE('',#12150,#12151);
#12150 = CARTESIAN_POINT('',(3.14159265359,58.));
#12151 = VECTOR('',#12152,1.);
#12152 = DIRECTION('',(-1.,0.));
#12153 = ( GEOMETRIC_REPRESENTATION_CONTEXT(2) 
PARAMETRIC_REPRESENTATION_CONTEXT() REPRESENTATION_CONTEXT('2D SPACE',''
  ) );
#12154 = PCURVE('',#2334,#12155);
#12155 = DEFINITIONAL_REPRESENTATION('',(#12156),#12160);
#12156 = LINE('',#12157,#12158);
#12157 = CARTESIAN_POINT('',(0.,1.570796326795));
#12158 = VECTOR('',#12159,1.);
#12159 = DIRECTION('',(0.,1.));
#12160 = ( GEOMETRIC_REPRESENTATION_CONTEXT(2) 
PARAMETRIC_REPRESENTATION_CONTEXT() REPRESENTATION_CONTEXT('2D SPACE',''
  ) );
#12161 = ADVANCED_FACE('',(#12162),#2334,.F.);
#12162 = FACE_BOUND('',#12163,.F.);
#12163 = EDGE_LOOP('',(#12164,#12188,#12237,#12238));
#12164 = ORIENTED_EDGE('',*,*,#12165,.F.);
#12165 = EDGE_CURVE('',#12166,#2318,#12168,.T.);
#12166 = VERTEX_POINT('',#12167);
#12167 = CARTESIAN_POINT('',(16.1,63.6,64.));
#12168 = SURFACE_CURVE('',#12169,(#12174,#12181),.PCURVE_S1.);
#12169 = CIRCLE('',#12170,1.);
#12170 = AXIS2_PLACEMENT_3D('',#12171,#12172,#12173);
#12171 = CARTESIAN_POINT('',(16.1,63.6,65.));
#12172 = DIRECTION('',(0.,1.,0.));
#12173 = DIRECTION('',(0.,-0.,1.));
#12174 = PCURVE('',#2334,#12175);
#12175 = DEFINITIONAL_REPRESENTATION('',(#12176),#12180);
#12176 = LINE('',#12177,#12178);
#12177 = CARTESIAN_POINT('',(1.570796326795,6.28318530718));
#12178 = VECTOR('',#12179,1.);
#12179 = DIRECTION('',(0.,-1.));
#12180 = ( GEOMETRIC_REPRESENTATION_CONTEXT(2) 
PARAMETRIC_REPRESENTATION_CONTEXT() REPRESENTATION_CONTEXT('2D SPACE',''
  ) );
#12181 = PCURVE('',#2362,#12182);
#12182 = DEFINITIONAL_REPRESENTATION('',(#12183),#12187);
#12183 = LINE('',#12184,#12185);
#12184 = CARTESIAN_POINT('',(1.570796326795,-1.));
#12185 = VECTOR('',#12186,1.);
#12186 = DIRECTION('',(1.,0.));
#12187 = ( GEOMETRIC_REPRESENTATION_CONTEXT(2) 
PARAMETRIC_REPRESENTATION_CONTEXT() REPRESENTATION_CONTEXT('2D SPACE',''
  ) );
#12188 = ORIENTED_EDGE('',*,*,#12189,.F.);
#12189 = EDGE_CURVE('',#12116,#12166,#12190,.T.);
#12190 = SURFACE_CURVE('',#12191,(#12196,#12203),.PCURVE_S1.);
#12191 = CIRCLE('',#12192,1.);
#12192 = AXIS2_PLACEMENT_3D('',#12193,#12194,#12195);
#12193 = CARTESIAN_POINT('',(16.1,63.6,63.));
#12194 = DIRECTION('',(-1.,5.624913994737E-17,0.));
#12195 = DIRECTION('',(-5.624913994737E-17,-1.,0.));
#12196 = PCURVE('',#2334,#12197);
#12197 = DEFINITIONAL_REPRESENTATION('',(#12198),#12202);
#12198 = LINE('',#12199,#12200);
#12199 = CARTESIAN_POINT('',(0.,3.14159265359));
#12200 = VECTOR('',#12201,1.);
#12201 = DIRECTION('',(1.,0.));
#12202 = ( GEOMETRIC_REPRESENTATION_CONTEXT(2) 
PARAMETRIC_REPRESENTATION_CONTEXT() REPRESENTATION_CONTEXT('2D SPACE',''
  ) );
#12203 = PCURVE('',#12204,#12209);
#12204 = SPHERICAL_SURFACE('',#12205,1.);
#12205 = AXIS2_PLACEMENT_3D('',#12206,#12207,#12208);
#12206 = CARTESIAN_POINT('',(16.1,63.6,63.));
#12207 = DIRECTION('',(0.,-1.,0.));
#12208 = DIRECTION('',(0.,0.,-1.));
#12209 = DEFINITIONAL_REPRESENTATION('',(#12210),#12236);
#12210 = B_SPLINE_CURVE_WITH_KNOTS('',3,(#12211,#12212,#12213,#12214,
    #12215,#12216,#12217,#12218,#12219,#12220,#12221,#12222,#12223,
    #12224,#12225,#12226,#12227,#12228,#12229,#12230,#12231,#12232,
    #12233,#12234,#12235),.UNSPECIFIED.,.F.,.F.,(4,1,1,1,1,1,1,1,1,1,1,1
    ,1,1,1,1,1,1,1,1,1,1,4),(0.,7.139983303613E-02,0.142799666072,
    0.214199499108,0.285599332145,0.356999165181,0.428398998217,
    0.499798831253,0.571198664289,0.642598497325,0.713998330361,
    0.785398163397,0.856797996434,0.92819782947,0.999597662506,
    1.070997495542,1.142397328578,1.213797161614,1.28519699465,
    1.356596827687,1.427996660723,1.499396493759,1.570796326795),
  .QUASI_UNIFORM_KNOTS.);
#12211 = CARTESIAN_POINT('',(3.14159265359,1.570796326795));
#12212 = CARTESIAN_POINT('',(3.14159265359,1.54699638245));
#12213 = CARTESIAN_POINT('',(3.14159265359,1.499396493759));
#12214 = CARTESIAN_POINT('',(3.14159265359,1.427996660723));
#12215 = CARTESIAN_POINT('',(3.14159265359,1.356596827686));
#12216 = CARTESIAN_POINT('',(3.14159265359,1.28519699465));
#12217 = CARTESIAN_POINT('',(3.14159265359,1.213797161614));
#12218 = CARTESIAN_POINT('',(3.14159265359,1.142397328578));
#12219 = CARTESIAN_POINT('',(3.14159265359,1.070997495542));
#12220 = CARTESIAN_POINT('',(3.14159265359,0.999597662506));
#12221 = CARTESIAN_POINT('',(3.14159265359,0.92819782947));
#12222 = CARTESIAN_POINT('',(3.14159265359,0.856797996434));
#12223 = CARTESIAN_POINT('',(3.14159265359,0.785398163397));
#12224 = CARTESIAN_POINT('',(3.14159265359,0.713998330361));
#12225 = CARTESIAN_POINT('',(3.14159265359,0.642598497325));
#12226 = CARTESIAN_POINT('',(3.14159265359,0.571198664289));
#12227 = CARTESIAN_POINT('',(3.14159265359,0.499798831253));
#12228 = CARTESIAN_POINT('',(3.14159265359,0.428398998217));
#12229 = CARTESIAN_POINT('',(3.14159265359,0.356999165181));
#12230 = CARTESIAN_POINT('',(3.14159265359,0.285599332145));
#12231 = CARTESIAN_POINT('',(3.14159265359,0.214199499108));
#12232 = CARTESIAN_POINT('',(3.14159265359,0.142799666072));
#12233 = CARTESIAN_POINT('',(3.14159265359,7.139983303614E-02));
#12234 = CARTESIAN_POINT('',(3.14159265359,2.379994434538E-02));
#12235 = CARTESIAN_POINT('',(3.14159265359,0.));
#12236 = ( GEOMETRIC_REPRESENTATION_CONTEXT(2) 
PARAMETRIC_REPRESENTATION_CONTEXT() REPRESENTATION_CONTEXT('2D SPACE',''
  ) );
#12237 = ORIENTED_EDGE('',*,*,#12140,.F.);
#12238 = ORIENTED_EDGE('',*,*,#2317,.T.);
#12239 = ADVANCED_FACE('',(#12240),#2391,.F.);
#12240 = FACE_BOUND('',#12241,.F.);
#12241 = EDGE_LOOP('',(#12242,#12266,#12267,#12268));
#12242 = ORIENTED_EDGE('',*,*,#12243,.F.);
#12243 = EDGE_CURVE('',#2347,#12244,#12246,.T.);
#12244 = VERTEX_POINT('',#12245);
#12245 = CARTESIAN_POINT('',(16.1,65.6,64.));
#12246 = SURFACE_CURVE('',#12247,(#12252,#12259),.PCURVE_S1.);
#12247 = CIRCLE('',#12248,1.);
#12248 = AXIS2_PLACEMENT_3D('',#12249,#12250,#12251);
#12249 = CARTESIAN_POINT('',(16.1,65.6,65.));
#12250 = DIRECTION('',(0.,-1.,0.));
#12251 = DIRECTION('',(0.,0.,-1.));
#12252 = PCURVE('',#2391,#12253);
#12253 = DEFINITIONAL_REPRESENTATION('',(#12254),#12258);
#12254 = LINE('',#12255,#12256);
#12255 = CARTESIAN_POINT('',(1.570796326795,-3.14159265359));
#12256 = VECTOR('',#12257,1.);
#12257 = DIRECTION('',(0.,1.));
#12258 = ( GEOMETRIC_REPRESENTATION_CONTEXT(2) 
PARAMETRIC_REPRESENTATION_CONTEXT() REPRESENTATION_CONTEXT('2D SPACE',''
  ) );
#12259 = PCURVE('',#2362,#12260);
#12260 = DEFINITIONAL_REPRESENTATION('',(#12261),#12265);
#12261 = LINE('',#12262,#12263);
#12262 = CARTESIAN_POINT('',(10.995574287564,1.));
#12263 = VECTOR('',#12264,1.);
#12264 = DIRECTION('',(-1.,0.));
#12265 = ( GEOMETRIC_REPRESENTATION_CONTEXT(2) 
PARAMETRIC_REPRESENTATION_CONTEXT() REPRESENTATION_CONTEXT('2D SPACE',''
  ) );
#12266 = ORIENTED_EDGE('',*,*,#2374,.T.);
#12267 = ORIENTED_EDGE('',*,*,#12034,.F.);
#12268 = ORIENTED_EDGE('',*,*,#12269,.F.);
#12269 = EDGE_CURVE('',#12244,#12012,#12270,.T.);
#12270 = SURFACE_CURVE('',#12271,(#12276,#12283),.PCURVE_S1.);
#12271 = CIRCLE('',#12272,1.);
#12272 = AXIS2_PLACEMENT_3D('',#12273,#12274,#12275);
#12273 = CARTESIAN_POINT('',(16.1,65.6,63.));
#12274 = DIRECTION('',(-1.,5.624913994737E-17,0.));
#12275 = DIRECTION('',(-5.624913994737E-17,-1.,0.));
#12276 = PCURVE('',#2391,#12277);
#12277 = DEFINITIONAL_REPRESENTATION('',(#12278),#12282);
#12278 = LINE('',#12279,#12280);
#12279 = CARTESIAN_POINT('',(0.,3.14159265359));
#12280 = VECTOR('',#12281,1.);
#12281 = DIRECTION('',(1.,0.));
#12282 = ( GEOMETRIC_REPRESENTATION_CONTEXT(2) 
PARAMETRIC_REPRESENTATION_CONTEXT() REPRESENTATION_CONTEXT('2D SPACE',''
  ) );
#12283 = PCURVE('',#12284,#12289);
#12284 = SPHERICAL_SURFACE('',#12285,1.);
#12285 = AXIS2_PLACEMENT_3D('',#12286,#12287,#12288);
#12286 = CARTESIAN_POINT('',(16.1,65.6,63.));
#12287 = DIRECTION('',(0.,1.,0.));
#12288 = DIRECTION('',(0.,-0.,1.));
#12289 = DEFINITIONAL_REPRESENTATION('',(#12290),#12294);
#12290 = LINE('',#12291,#12292);
#12291 = CARTESIAN_POINT('',(0.,-1.570796326795));
#12292 = VECTOR('',#12293,1.);
#12293 = DIRECTION('',(0.,1.));
#12294 = ( GEOMETRIC_REPRESENTATION_CONTEXT(2) 
PARAMETRIC_REPRESENTATION_CONTEXT() REPRESENTATION_CONTEXT('2D SPACE',''
  ) );
#12295 = ADVANCED_FACE('',(#12296),#9100,.T.);
#12296 = FACE_BOUND('',#12297,.T.);
#12297 = EDGE_LOOP('',(#12298,#12299,#12300,#12344));
#12298 = ORIENTED_EDGE('',*,*,#12063,.F.);
#12299 = ORIENTED_EDGE('',*,*,#12011,.T.);
#12300 = ORIENTED_EDGE('',*,*,#12301,.F.);
#12301 = EDGE_CURVE('',#9080,#12012,#12302,.T.);
#12302 = SURFACE_CURVE('',#12303,(#12308,#12315),.PCURVE_S1.);
#12303 = CIRCLE('',#12304,1.);
#12304 = AXIS2_PLACEMENT_3D('',#12305,#12306,#12307);
#12305 = CARTESIAN_POINT('',(16.1,65.6,63.));
#12306 = DIRECTION('',(0.,0.,1.));
#12307 = DIRECTION('',(1.,0.,-0.));
#12308 = PCURVE('',#9100,#12309);
#12309 = DEFINITIONAL_REPRESENTATION('',(#12310),#12314);
#12310 = LINE('',#12311,#12312);
#12311 = CARTESIAN_POINT('',(3.14159265359,-26.));
#12312 = VECTOR('',#12313,1.);
#12313 = DIRECTION('',(-1.,0.));
#12314 = ( GEOMETRIC_REPRESENTATION_CONTEXT(2) 
PARAMETRIC_REPRESENTATION_CONTEXT() REPRESENTATION_CONTEXT('2D SPACE',''
  ) );
#12315 = PCURVE('',#12284,#12316);
#12316 = DEFINITIONAL_REPRESENTATION('',(#12317),#12343);
#12317 = B_SPLINE_CURVE_WITH_KNOTS('',3,(#12318,#12319,#12320,#12321,
    #12322,#12323,#12324,#12325,#12326,#12327,#12328,#12329,#12330,
    #12331,#12332,#12333,#12334,#12335,#12336,#12337,#12338,#12339,
    #12340,#12341,#12342),.UNSPECIFIED.,.F.,.F.,(4,1,1,1,1,1,1,1,1,1,1,1
    ,1,1,1,1,1,1,1,1,1,1,4),(0.,7.139983303613E-02,0.142799666072,
    0.214199499108,0.285599332145,0.356999165181,0.428398998217,
    0.499798831253,0.571198664289,0.642598497325,0.713998330361,
    0.785398163397,0.856797996434,0.92819782947,0.999597662506,
    1.070997495542,1.142397328578,1.213797161614,1.28519699465,
    1.356596827687,1.427996660723,1.499396493759,1.570796326795),
  .QUASI_UNIFORM_KNOTS.);
#12318 = CARTESIAN_POINT('',(1.570796326795,0.));
#12319 = CARTESIAN_POINT('',(1.570796326795,2.379994434538E-02));
#12320 = CARTESIAN_POINT('',(1.570796326795,7.139983303613E-02));
#12321 = CARTESIAN_POINT('',(1.570796326795,0.142799666072));
#12322 = CARTESIAN_POINT('',(1.570796326795,0.214199499108));
#12323 = CARTESIAN_POINT('',(1.570796326795,0.285599332145));
#12324 = CARTESIAN_POINT('',(1.570796326795,0.356999165181));
#12325 = CARTESIAN_POINT('',(1.570796326795,0.428398998217));
#12326 = CARTESIAN_POINT('',(1.570796326795,0.499798831253));
#12327 = CARTESIAN_POINT('',(1.570796326795,0.571198664289));
#12328 = CARTESIAN_POINT('',(1.570796326795,0.642598497325));
#12329 = CARTESIAN_POINT('',(1.570796326795,0.713998330361));
#12330 = CARTESIAN_POINT('',(1.570796326795,0.785398163397));
#12331 = CARTESIAN_POINT('',(1.570796326795,0.856797996434));
#12332 = CARTESIAN_POINT('',(1.570796326795,0.92819782947));
#12333 = CARTESIAN_POINT('',(1.570796326795,0.999597662506));
#12334 = CARTESIAN_POINT('',(1.570796326795,1.070997495542));
#12335 = CARTESIAN_POINT('',(1.570796326795,1.142397328578));
#12336 = CARTESIAN_POINT('',(1.570796326795,1.213797161614));
#12337 = CARTESIAN_POINT('',(1.570796326795,1.28519699465));
#12338 = CARTESIAN_POINT('',(1.570796326795,1.356596827687));
#12339 = CARTESIAN_POINT('',(1.570796326795,1.427996660723));
#12340 = CARTESIAN_POINT('',(1.570796326795,1.499396493759));
#12341 = CARTESIAN_POINT('',(1.570796326795,1.54699638245));
#12342 = CARTESIAN_POINT('',(1.570796326795,1.570796326795));
#12343 = ( GEOMETRIC_REPRESENTATION_CONTEXT(2) 
PARAMETRIC_REPRESENTATION_CONTEXT() REPRESENTATION_CONTEXT('2D SPACE',''
  ) );
#12344 = ORIENTED_EDGE('',*,*,#9077,.F.);
#12345 = ADVANCED_FACE('',(#12346),#9156,.T.);
#12346 = FACE_BOUND('',#12347,.T.);
#12347 = EDGE_LOOP('',(#12348,#12349,#12350,#12394));
#12348 = ORIENTED_EDGE('',*,*,#12090,.F.);
#12349 = ORIENTED_EDGE('',*,*,#9140,.T.);
#12350 = ORIENTED_EDGE('',*,*,#12351,.F.);
#12351 = EDGE_CURVE('',#12116,#9113,#12352,.T.);
#12352 = SURFACE_CURVE('',#12353,(#12358,#12365),.PCURVE_S1.);
#12353 = CIRCLE('',#12354,1.);
#12354 = AXIS2_PLACEMENT_3D('',#12355,#12356,#12357);
#12355 = CARTESIAN_POINT('',(16.1,63.6,63.));
#12356 = DIRECTION('',(0.,0.,1.));
#12357 = DIRECTION('',(1.,0.,-0.));
#12358 = PCURVE('',#9156,#12359);
#12359 = DEFINITIONAL_REPRESENTATION('',(#12360),#12364);
#12360 = LINE('',#12361,#12362);
#12361 = CARTESIAN_POINT('',(0.,3.));
#12362 = VECTOR('',#12363,1.);
#12363 = DIRECTION('',(1.,0.));
#12364 = ( GEOMETRIC_REPRESENTATION_CONTEXT(2) 
PARAMETRIC_REPRESENTATION_CONTEXT() REPRESENTATION_CONTEXT('2D SPACE',''
  ) );
#12365 = PCURVE('',#12204,#12366);
#12366 = DEFINITIONAL_REPRESENTATION('',(#12367),#12393);
#12367 = B_SPLINE_CURVE_WITH_KNOTS('',3,(#12368,#12369,#12370,#12371,
    #12372,#12373,#12374,#12375,#12376,#12377,#12378,#12379,#12380,
    #12381,#12382,#12383,#12384,#12385,#12386,#12387,#12388,#12389,
    #12390,#12391,#12392),.UNSPECIFIED.,.F.,.F.,(4,1,1,1,1,1,1,1,1,1,1,1
    ,1,1,1,1,1,1,1,1,1,1,4),(4.712388980385,4.783788813421,
    4.855188646457,4.926588479493,4.997988312529,5.069388145565,
    5.140787978601,5.212187811638,5.283587644674,5.35498747771,
    5.426387310746,5.497787143782,5.569186976818,5.640586809854,
    5.711986642891,5.783386475927,5.854786308963,5.926186141999,
    5.997585975035,6.068985808071,6.140385641107,6.211785474143,
    6.28318530718),.QUASI_UNIFORM_KNOTS.);
#12368 = CARTESIAN_POINT('',(1.570796326795,1.570796326795));
#12369 = CARTESIAN_POINT('',(1.570796326795,1.54699638245));
#12370 = CARTESIAN_POINT('',(1.570796326795,1.499396493759));
#12371 = CARTESIAN_POINT('',(1.570796326795,1.427996660723));
#12372 = CARTESIAN_POINT('',(1.570796326795,1.356596827687));
#12373 = CARTESIAN_POINT('',(1.570796326795,1.28519699465));
#12374 = CARTESIAN_POINT('',(1.570796326795,1.213797161614));
#12375 = CARTESIAN_POINT('',(1.570796326795,1.142397328578));
#12376 = CARTESIAN_POINT('',(1.570796326795,1.070997495542));
#12377 = CARTESIAN_POINT('',(1.570796326795,0.999597662506));
#12378 = CARTESIAN_POINT('',(1.570796326795,0.92819782947));
#12379 = CARTESIAN_POINT('',(1.570796326795,0.856797996434));
#12380 = CARTESIAN_POINT('',(1.570796326795,0.785398163397));
#12381 = CARTESIAN_POINT('',(1.570796326795,0.713998330361));
#12382 = CARTESIAN_POINT('',(1.570796326795,0.642598497325));
#12383 = CARTESIAN_POINT('',(1.570796326795,0.571198664289));
#12384 = CARTESIAN_POINT('',(1.570796326795,0.499798831253));
#12385 = CARTESIAN_POINT('',(1.570796326795,0.428398998217));
#12386 = CARTESIAN_POINT('',(1.570796326795,0.356999165181));
#12387 = CARTESIAN_POINT('',(1.570796326795,0.285599332145));
#12388 = CARTESIAN_POINT('',(1.570796326795,0.214199499108));
#12389 = CARTESIAN_POINT('',(1.570796326795,0.142799666072));
#12390 = CARTESIAN_POINT('',(1.570796326795,7.139983303613E-02));
#12391 = CARTESIAN_POINT('',(1.570796326795,2.379994434538E-02));
#12392 = CARTESIAN_POINT('',(1.570796326795,0.));
#12393 = ( GEOMETRIC_REPRESENTATION_CONTEXT(2) 
PARAMETRIC_REPRESENTATION_CONTEXT() REPRESENTATION_CONTEXT('2D SPACE',''
  ) );
#12394 = ORIENTED_EDGE('',*,*,#12115,.F.);
#12395 = ADVANCED_FACE('',(#12396),#2362,.F.);
#12396 = FACE_BOUND('',#12397,.F.);
#12397 = EDGE_LOOP('',(#12398,#12399,#12420,#12421));
#12398 = ORIENTED_EDGE('',*,*,#12243,.T.);
#12399 = ORIENTED_EDGE('',*,*,#12400,.T.);
#12400 = EDGE_CURVE('',#12244,#12166,#12401,.T.);
#12401 = SURFACE_CURVE('',#12402,(#12406,#12413),.PCURVE_S1.);
#12402 = LINE('',#12403,#12404);
#12403 = CARTESIAN_POINT('',(16.1,62.6,64.));
#12404 = VECTOR('',#12405,1.);
#12405 = DIRECTION('',(-5.624913994737E-17,-1.,0.));
#12406 = PCURVE('',#2362,#12407);
#12407 = DEFINITIONAL_REPRESENTATION('',(#12408),#12412);
#12408 = LINE('',#12409,#12410);
#12409 = CARTESIAN_POINT('',(4.712388980385,-2.));
#12410 = VECTOR('',#12411,1.);
#12411 = DIRECTION('',(0.,-1.));
#12412 = ( GEOMETRIC_REPRESENTATION_CONTEXT(2) 
PARAMETRIC_REPRESENTATION_CONTEXT() REPRESENTATION_CONTEXT('2D SPACE',''
  ) );
#12413 = PCURVE('',#9128,#12414);
#12414 = DEFINITIONAL_REPRESENTATION('',(#12415),#12419);
#12415 = LINE('',#12416,#12417);
#12416 = CARTESIAN_POINT('',(1.570796326795,62.6));
#12417 = VECTOR('',#12418,1.);
#12418 = DIRECTION('',(0.,-1.));
#12419 = ( GEOMETRIC_REPRESENTATION_CONTEXT(2) 
PARAMETRIC_REPRESENTATION_CONTEXT() REPRESENTATION_CONTEXT('2D SPACE',''
  ) );
#12420 = ORIENTED_EDGE('',*,*,#12165,.T.);
#12421 = ORIENTED_EDGE('',*,*,#2346,.F.);
#12422 = ADVANCED_FACE('',(#12423),#12284,.T.);
#12423 = FACE_BOUND('',#12424,.T.);
#12424 = EDGE_LOOP('',(#12425,#12426,#12427));
#12425 = ORIENTED_EDGE('',*,*,#12301,.T.);
#12426 = ORIENTED_EDGE('',*,*,#12269,.F.);
#12427 = ORIENTED_EDGE('',*,*,#12428,.T.);
#12428 = EDGE_CURVE('',#12244,#9080,#12429,.T.);
#12429 = SURFACE_CURVE('',#12430,(#12435,#12442),.PCURVE_S1.);
#12430 = CIRCLE('',#12431,1.);
#12431 = AXIS2_PLACEMENT_3D('',#12432,#12433,#12434);
#12432 = CARTESIAN_POINT('',(16.1,65.6,63.));
#12433 = DIRECTION('',(0.,1.,0.));
#12434 = DIRECTION('',(0.,-0.,1.));
#12435 = PCURVE('',#12284,#12436);
#12436 = DEFINITIONAL_REPRESENTATION('',(#12437),#12441);
#12437 = LINE('',#12438,#12439);
#12438 = CARTESIAN_POINT('',(0.,0.));
#12439 = VECTOR('',#12440,1.);
#12440 = DIRECTION('',(1.,0.));
#12441 = ( GEOMETRIC_REPRESENTATION_CONTEXT(2) 
PARAMETRIC_REPRESENTATION_CONTEXT() REPRESENTATION_CONTEXT('2D SPACE',''
  ) );
#12442 = PCURVE('',#9128,#12443);
#12443 = DEFINITIONAL_REPRESENTATION('',(#12444),#12448);
#12444 = LINE('',#12445,#12446);
#12445 = CARTESIAN_POINT('',(1.570796326795,65.6));
#12446 = VECTOR('',#12447,1.);
#12447 = DIRECTION('',(1.,0.));
#12448 = ( GEOMETRIC_REPRESENTATION_CONTEXT(2) 
PARAMETRIC_REPRESENTATION_CONTEXT() REPRESENTATION_CONTEXT('2D SPACE',''
  ) );
#12449 = ADVANCED_FACE('',(#12450),#12204,.T.);
#12450 = FACE_BOUND('',#12451,.T.);
#12451 = EDGE_LOOP('',(#12452,#12453,#12454));
#12452 = ORIENTED_EDGE('',*,*,#12189,.F.);
#12453 = ORIENTED_EDGE('',*,*,#12351,.T.);
#12454 = ORIENTED_EDGE('',*,*,#12455,.T.);
#12455 = EDGE_CURVE('',#9113,#12166,#12456,.T.);
#12456 = SURFACE_CURVE('',#12457,(#12462,#12469),.PCURVE_S1.);
#12457 = CIRCLE('',#12458,1.);
#12458 = AXIS2_PLACEMENT_3D('',#12459,#12460,#12461);
#12459 = CARTESIAN_POINT('',(16.1,63.6,63.));
#12460 = DIRECTION('',(0.,-1.,0.));
#12461 = DIRECTION('',(0.,0.,-1.));
#12462 = PCURVE('',#12204,#12463);
#12463 = DEFINITIONAL_REPRESENTATION('',(#12464),#12468);
#12464 = LINE('',#12465,#12466);
#12465 = CARTESIAN_POINT('',(0.,0.));
#12466 = VECTOR('',#12467,1.);
#12467 = DIRECTION('',(1.,0.));
#12468 = ( GEOMETRIC_REPRESENTATION_CONTEXT(2) 
PARAMETRIC_REPRESENTATION_CONTEXT() REPRESENTATION_CONTEXT('2D SPACE',''
  ) );
#12469 = PCURVE('',#9128,#12470);
#12470 = DEFINITIONAL_REPRESENTATION('',(#12471),#12475);
#12471 = LINE('',#12472,#12473);
#12472 = CARTESIAN_POINT('',(4.712388980385,63.6));
#12473 = VECTOR('',#12474,1.);
#12474 = DIRECTION('',(-1.,0.));
#12475 = ( GEOMETRIC_REPRESENTATION_CONTEXT(2) 
PARAMETRIC_REPRESENTATION_CONTEXT() REPRESENTATION_CONTEXT('2D SPACE',''
  ) );
#12476 = ADVANCED_FACE('',(#12477),#9128,.T.);
#12477 = FACE_BOUND('',#12478,.T.);
#12478 = EDGE_LOOP('',(#12479,#12480,#12481,#12482));
#12479 = ORIENTED_EDGE('',*,*,#12428,.F.);
#12480 = ORIENTED_EDGE('',*,*,#12400,.T.);
#12481 = ORIENTED_EDGE('',*,*,#12455,.F.);
#12482 = ORIENTED_EDGE('',*,*,#9112,.F.);
#12483 = ADVANCED_FACE('',(#12484),#7739,.F.);
#12484 = FACE_BOUND('',#12485,.T.);
#12485 = EDGE_LOOP('',(#12486,#12487,#12488,#12489,#12490));
#12486 = ORIENTED_EDGE('',*,*,#7721,.T.);
#12487 = ORIENTED_EDGE('',*,*,#7821,.F.);
#12488 = ORIENTED_EDGE('',*,*,#7948,.F.);
#12489 = ORIENTED_EDGE('',*,*,#7870,.F.);
#12490 = ORIENTED_EDGE('',*,*,#7920,.F.);
#12491 = ADVANCED_FACE('',(#12492),#5798,.T.);
#12492 = FACE_BOUND('',#12493,.T.);
#12493 = EDGE_LOOP('',(#12494,#12495,#12518,#12546));
#12494 = ORIENTED_EDGE('',*,*,#5782,.T.);
#12495 = ORIENTED_EDGE('',*,*,#12496,.F.);
#12496 = EDGE_CURVE('',#12497,#5759,#12499,.T.);
#12497 = VERTEX_POINT('',#12498);
#12498 = CARTESIAN_POINT('',(-16.1,-43.1,8.));
#12499 = SURFACE_CURVE('',#12500,(#12504,#12511),.PCURVE_S1.);
#12500 = LINE('',#12501,#12502);
#12501 = CARTESIAN_POINT('',(-16.1,-43.1,8.));
#12502 = VECTOR('',#12503,1.);
#12503 = DIRECTION('',(0.,0.,1.));
#12504 = PCURVE('',#5798,#12505);
#12505 = DEFINITIONAL_REPRESENTATION('',(#12506),#12510);
#12506 = LINE('',#12507,#12508);
#12507 = CARTESIAN_POINT('',(-2.,-70.));
#12508 = VECTOR('',#12509,1.);
#12509 = DIRECTION('',(0.,1.));
#12510 = ( GEOMETRIC_REPRESENTATION_CONTEXT(2) 
PARAMETRIC_REPRESENTATION_CONTEXT() REPRESENTATION_CONTEXT('2D SPACE',''
  ) );
#12511 = PCURVE('',#3615,#12512);
#12512 = DEFINITIONAL_REPRESENTATION('',(#12513),#12517);
#12513 = LINE('',#12514,#12515);
#12514 = CARTESIAN_POINT('',(4.712388980385,-3.));
#12515 = VECTOR('',#12516,1.);
#12516 = DIRECTION('',(0.,-1.));
#12517 = ( GEOMETRIC_REPRESENTATION_CONTEXT(2) 
PARAMETRIC_REPRESENTATION_CONTEXT() REPRESENTATION_CONTEXT('2D SPACE',''
  ) );
#12518 = ORIENTED_EDGE('',*,*,#12519,.F.);
#12519 = EDGE_CURVE('',#12520,#12497,#12522,.T.);
#12520 = VERTEX_POINT('',#12521);
#12521 = CARTESIAN_POINT('',(-18.1,-43.1,8.));
#12522 = SURFACE_CURVE('',#12523,(#12527,#12534),.PCURVE_S1.);
#12523 = LINE('',#12524,#12525);
#12524 = CARTESIAN_POINT('',(-18.1,-43.1,8.));
#12525 = VECTOR('',#12526,1.);
#12526 = DIRECTION('',(1.,-5.624913994737E-17,0.));
#12527 = PCURVE('',#5798,#12528);
#12528 = DEFINITIONAL_REPRESENTATION('',(#12529),#12533);
#12529 = LINE('',#12530,#12531);
#12530 = CARTESIAN_POINT('',(0.,-70.));
#12531 = VECTOR('',#12532,1.);
#12532 = DIRECTION('',(-1.,0.));
#12533 = ( GEOMETRIC_REPRESENTATION_CONTEXT(2) 
PARAMETRIC_REPRESENTATION_CONTEXT() REPRESENTATION_CONTEXT('2D SPACE',''
  ) );
#12534 = PCURVE('',#12535,#12540);
#12535 = CYLINDRICAL_SURFACE('',#12536,8.);
#12536 = AXIS2_PLACEMENT_3D('',#12537,#12538,#12539);
#12537 = CARTESIAN_POINT('',(-18.1,-51.1,8.));
#12538 = DIRECTION('',(1.,-5.624913994737E-17,0.));
#12539 = DIRECTION('',(5.624913994737E-17,1.,0.));
#12540 = DEFINITIONAL_REPRESENTATION('',(#12541),#12545);
#12541 = LINE('',#12542,#12543);
#12542 = CARTESIAN_POINT('',(6.28318530718,0.));
#12543 = VECTOR('',#12544,1.);
#12544 = DIRECTION('',(0.,1.));
#12545 = ( GEOMETRIC_REPRESENTATION_CONTEXT(2) 
PARAMETRIC_REPRESENTATION_CONTEXT() REPRESENTATION_CONTEXT('2D SPACE',''
  ) );
#12546 = ORIENTED_EDGE('',*,*,#12547,.T.);
#12547 = EDGE_CURVE('',#12520,#5783,#12548,.T.);
#12548 = SURFACE_CURVE('',#12549,(#12553,#12560),.PCURVE_S1.);
#12549 = LINE('',#12550,#12551);
#12550 = CARTESIAN_POINT('',(-18.1,-43.1,78.));
#12551 = VECTOR('',#12552,1.);
#12552 = DIRECTION('',(0.,0.,1.));
#12553 = PCURVE('',#5798,#12554);
#12554 = DEFINITIONAL_REPRESENTATION('',(#12555),#12559);
#12555 = LINE('',#12556,#12557);
#12556 = CARTESIAN_POINT('',(0.,0.));
#12557 = VECTOR('',#12558,1.);
#12558 = DIRECTION('',(0.,1.));
#12559 = ( GEOMETRIC_REPRESENTATION_CONTEXT(2) 
PARAMETRIC_REPRESENTATION_CONTEXT() REPRESENTATION_CONTEXT('2D SPACE',''
  ) );
#12560 = PCURVE('',#5826,#12561);
#12561 = DEFINITIONAL_REPRESENTATION('',(#12562),#12566);
#12562 = LINE('',#12563,#12564);
#12563 = CARTESIAN_POINT('',(43.1,35.5));
#12564 = VECTOR('',#12565,1.);
#12565 = DIRECTION('',(0.,1.));
#12566 = ( GEOMETRIC_REPRESENTATION_CONTEXT(2) 
PARAMETRIC_REPRESENTATION_CONTEXT() REPRESENTATION_CONTEXT('2D SPACE',''
  ) );
#12567 = ADVANCED_FACE('',(#12568),#12535,.T.);
#12568 = FACE_BOUND('',#12569,.T.);
#12569 = EDGE_LOOP('',(#12570,#12592,#12616,#12639,#12661));
#12570 = ORIENTED_EDGE('',*,*,#12571,.T.);
#12571 = EDGE_CURVE('',#12497,#4877,#12572,.T.);
#12572 = SURFACE_CURVE('',#12573,(#12578,#12585),.PCURVE_S1.);
#12573 = CIRCLE('',#12574,8.);
#12574 = AXIS2_PLACEMENT_3D('',#12575,#12576,#12577);
#12575 = CARTESIAN_POINT('',(-16.1,-51.1,8.));
#12576 = DIRECTION('',(-1.,5.624913994737E-17,0.));
#12577 = DIRECTION('',(-5.624913994737E-17,-1.,0.));
#12578 = PCURVE('',#12535,#12579);
#12579 = DEFINITIONAL_REPRESENTATION('',(#12580),#12584);
#12580 = LINE('',#12581,#12582);
#12581 = CARTESIAN_POINT('',(9.424777960769,2.));
#12582 = VECTOR('',#12583,1.);
#12583 = DIRECTION('',(-1.,0.));
#12584 = ( GEOMETRIC_REPRESENTATION_CONTEXT(2) 
PARAMETRIC_REPRESENTATION_CONTEXT() REPRESENTATION_CONTEXT('2D SPACE',''
  ) );
#12585 = PCURVE('',#3589,#12586);
#12586 = DEFINITIONAL_REPRESENTATION('',(#12587),#12591);
#12587 = LINE('',#12588,#12589);
#12588 = CARTESIAN_POINT('',(0.,3.14159265359));
#12589 = VECTOR('',#12590,1.);
#12590 = DIRECTION('',(1.,-2.827159716856E-16));
#12591 = ( GEOMETRIC_REPRESENTATION_CONTEXT(2) 
PARAMETRIC_REPRESENTATION_CONTEXT() REPRESENTATION_CONTEXT('2D SPACE',''
  ) );
#12592 = ORIENTED_EDGE('',*,*,#12593,.T.);
#12593 = EDGE_CURVE('',#4877,#12594,#12596,.T.);
#12594 = VERTEX_POINT('',#12595);
#12595 = CARTESIAN_POINT('',(-16.1,-59.1,8.));
#12596 = SURFACE_CURVE('',#12597,(#12602,#12609),.PCURVE_S1.);
#12597 = CIRCLE('',#12598,8.);
#12598 = AXIS2_PLACEMENT_3D('',#12599,#12600,#12601);
#12599 = CARTESIAN_POINT('',(-16.1,-51.1,8.));
#12600 = DIRECTION('',(-1.,5.624913994737E-17,0.));
#12601 = DIRECTION('',(-5.624913994737E-17,-1.,0.));
#12602 = PCURVE('',#12535,#12603);
#12603 = DEFINITIONAL_REPRESENTATION('',(#12604),#12608);
#12604 = LINE('',#12605,#12606);
#12605 = CARTESIAN_POINT('',(9.424777960769,2.));
#12606 = VECTOR('',#12607,1.);
#12607 = DIRECTION('',(-1.,0.));
#12608 = ( GEOMETRIC_REPRESENTATION_CONTEXT(2) 
PARAMETRIC_REPRESENTATION_CONTEXT() REPRESENTATION_CONTEXT('2D SPACE',''
  ) );
#12609 = PCURVE('',#1717,#12610);
#12610 = DEFINITIONAL_REPRESENTATION('',(#12611),#12615);
#12611 = LINE('',#12612,#12613);
#12612 = CARTESIAN_POINT('',(0.,3.14159265359));
#12613 = VECTOR('',#12614,1.);
#12614 = DIRECTION('',(1.,8.481479150569E-16));
#12615 = ( GEOMETRIC_REPRESENTATION_CONTEXT(2) 
PARAMETRIC_REPRESENTATION_CONTEXT() REPRESENTATION_CONTEXT('2D SPACE',''
  ) );
#12616 = ORIENTED_EDGE('',*,*,#12617,.F.);
#12617 = EDGE_CURVE('',#12618,#12594,#12620,.T.);
#12618 = VERTEX_POINT('',#12619);
#12619 = CARTESIAN_POINT('',(-18.1,-59.1,8.));
#12620 = SURFACE_CURVE('',#12621,(#12625,#12632),.PCURVE_S1.);
#12621 = LINE('',#12622,#12623);
#12622 = CARTESIAN_POINT('',(-18.1,-59.1,8.));
#12623 = VECTOR('',#12624,1.);
#12624 = DIRECTION('',(1.,-5.624913994737E-17,0.));
#12625 = PCURVE('',#12535,#12626);
#12626 = DEFINITIONAL_REPRESENTATION('',(#12627),#12631);
#12627 = LINE('',#12628,#12629);
#12628 = CARTESIAN_POINT('',(3.14159265359,0.));
#12629 = VECTOR('',#12630,1.);
#12630 = DIRECTION('',(0.,1.));
#12631 = ( GEOMETRIC_REPRESENTATION_CONTEXT(2) 
PARAMETRIC_REPRESENTATION_CONTEXT() REPRESENTATION_CONTEXT('2D SPACE',''
  ) );
#12632 = PCURVE('',#5963,#12633);
#12633 = DEFINITIONAL_REPRESENTATION('',(#12634),#12638);
#12634 = LINE('',#12635,#12636);
#12635 = CARTESIAN_POINT('',(0.,-31.5));
#12636 = VECTOR('',#12637,1.);
#12637 = DIRECTION('',(1.,0.));
#12638 = ( GEOMETRIC_REPRESENTATION_CONTEXT(2) 
PARAMETRIC_REPRESENTATION_CONTEXT() REPRESENTATION_CONTEXT('2D SPACE',''
  ) );
#12639 = ORIENTED_EDGE('',*,*,#12640,.F.);
#12640 = EDGE_CURVE('',#12520,#12618,#12641,.T.);
#12641 = SURFACE_CURVE('',#12642,(#12647,#12654),.PCURVE_S1.);
#12642 = CIRCLE('',#12643,8.);
#12643 = AXIS2_PLACEMENT_3D('',#12644,#12645,#12646);
#12644 = CARTESIAN_POINT('',(-18.1,-51.1,8.));
#12645 = DIRECTION('',(-1.,5.624913994737E-17,0.));
#12646 = DIRECTION('',(-5.624913994737E-17,-1.,0.));
#12647 = PCURVE('',#12535,#12648);
#12648 = DEFINITIONAL_REPRESENTATION('',(#12649),#12653);
#12649 = LINE('',#12650,#12651);
#12650 = CARTESIAN_POINT('',(9.424777960769,0.));
#12651 = VECTOR('',#12652,1.);
#12652 = DIRECTION('',(-1.,0.));
#12653 = ( GEOMETRIC_REPRESENTATION_CONTEXT(2) 
PARAMETRIC_REPRESENTATION_CONTEXT() REPRESENTATION_CONTEXT('2D SPACE',''
  ) );
#12654 = PCURVE('',#5826,#12655);
#12655 = DEFINITIONAL_REPRESENTATION('',(#12656),#12660);
#12656 = CIRCLE('',#12657,8.);
#12657 = AXIS2_PLACEMENT_2D('',#12658,#12659);
#12658 = CARTESIAN_POINT('',(51.1,-34.5));
#12659 = DIRECTION('',(1.,0.));
#12660 = ( GEOMETRIC_REPRESENTATION_CONTEXT(2) 
PARAMETRIC_REPRESENTATION_CONTEXT() REPRESENTATION_CONTEXT('2D SPACE',''
  ) );
#12661 = ORIENTED_EDGE('',*,*,#12519,.T.);
#12662 = ADVANCED_FACE('',(#12663),#5963,.T.);
#12663 = FACE_BOUND('',#12664,.T.);
#12664 = EDGE_LOOP('',(#12665,#12666,#12687,#12688));
#12665 = ORIENTED_EDGE('',*,*,#12617,.T.);
#12666 = ORIENTED_EDGE('',*,*,#12667,.F.);
#12667 = EDGE_CURVE('',#5948,#12594,#12668,.T.);
#12668 = SURFACE_CURVE('',#12669,(#12673,#12680),.PCURVE_S1.);
#12669 = LINE('',#12670,#12671);
#12670 = CARTESIAN_POINT('',(-16.1,-59.1,74.));
#12671 = VECTOR('',#12672,1.);
#12672 = DIRECTION('',(0.,0.,-1.));
#12673 = PCURVE('',#5963,#12674);
#12674 = DEFINITIONAL_REPRESENTATION('',(#12675),#12679);
#12675 = LINE('',#12676,#12677);
#12676 = CARTESIAN_POINT('',(2.,34.5));
#12677 = VECTOR('',#12678,1.);
#12678 = DIRECTION('',(0.,-1.));
#12679 = ( GEOMETRIC_REPRESENTATION_CONTEXT(2) 
PARAMETRIC_REPRESENTATION_CONTEXT() REPRESENTATION_CONTEXT('2D SPACE',''
  ) );
#12680 = PCURVE('',#1688,#12681);
#12681 = DEFINITIONAL_REPRESENTATION('',(#12682),#12686);
#12682 = LINE('',#12683,#12684);
#12683 = CARTESIAN_POINT('',(1.570796326795,69.));
#12684 = VECTOR('',#12685,1.);
#12685 = DIRECTION('',(0.,-1.));
#12686 = ( GEOMETRIC_REPRESENTATION_CONTEXT(2) 
PARAMETRIC_REPRESENTATION_CONTEXT() REPRESENTATION_CONTEXT('2D SPACE',''
  ) );
#12687 = ORIENTED_EDGE('',*,*,#5947,.F.);
#12688 = ORIENTED_EDGE('',*,*,#12689,.T.);
#12689 = EDGE_CURVE('',#5925,#12618,#12690,.T.);
#12690 = SURFACE_CURVE('',#12691,(#12695,#12702),.PCURVE_S1.);
#12691 = LINE('',#12692,#12693);
#12692 = CARTESIAN_POINT('',(-18.1,-59.1,39.5));
#12693 = VECTOR('',#12694,1.);
#12694 = DIRECTION('',(0.,0.,-1.));
#12695 = PCURVE('',#5963,#12696);
#12696 = DEFINITIONAL_REPRESENTATION('',(#12697),#12701);
#12697 = LINE('',#12698,#12699);
#12698 = CARTESIAN_POINT('',(0.,0.));
#12699 = VECTOR('',#12700,1.);
#12700 = DIRECTION('',(0.,-1.));
#12701 = ( GEOMETRIC_REPRESENTATION_CONTEXT(2) 
PARAMETRIC_REPRESENTATION_CONTEXT() REPRESENTATION_CONTEXT('2D SPACE',''
  ) );
#12702 = PCURVE('',#5826,#12703);
#12703 = DEFINITIONAL_REPRESENTATION('',(#12704),#12708);
#12704 = LINE('',#12705,#12706);
#12705 = CARTESIAN_POINT('',(59.1,-3.));
#12706 = VECTOR('',#12707,1.);
#12707 = DIRECTION('',(-0.,-1.));
#12708 = ( GEOMETRIC_REPRESENTATION_CONTEXT(2) 
PARAMETRIC_REPRESENTATION_CONTEXT() REPRESENTATION_CONTEXT('2D SPACE',''
  ) );
#12709 = ADVANCED_FACE('',(#12710),#5826,.T.);
#12710 = FACE_BOUND('',#12711,.T.);
#12711 = EDGE_LOOP('',(#12712,#12713,#12736,#12765,#12786,#12787,#12788,
    #12789));
#12712 = ORIENTED_EDGE('',*,*,#5924,.T.);
#12713 = ORIENTED_EDGE('',*,*,#12714,.F.);
#12714 = EDGE_CURVE('',#12715,#5896,#12717,.T.);
#12715 = VERTEX_POINT('',#12716);
#12716 = CARTESIAN_POINT('',(-18.1,-55.1,8.));
#12717 = SURFACE_CURVE('',#12718,(#12722,#12729),.PCURVE_S1.);
#12718 = LINE('',#12719,#12720);
#12719 = CARTESIAN_POINT('',(-18.1,-55.1,42.5));
#12720 = VECTOR('',#12721,1.);
#12721 = DIRECTION('',(0.,0.,1.));
#12722 = PCURVE('',#5826,#12723);
#12723 = DEFINITIONAL_REPRESENTATION('',(#12724),#12728);
#12724 = LINE('',#12725,#12726);
#12725 = CARTESIAN_POINT('',(55.1,0.));
#12726 = VECTOR('',#12727,1.);
#12727 = DIRECTION('',(0.,1.));
#12728 = ( GEOMETRIC_REPRESENTATION_CONTEXT(2) 
PARAMETRIC_REPRESENTATION_CONTEXT() REPRESENTATION_CONTEXT('2D SPACE',''
  ) );
#12729 = PCURVE('',#5912,#12730);
#12730 = DEFINITIONAL_REPRESENTATION('',(#12731),#12735);
#12731 = LINE('',#12732,#12733);
#12732 = CARTESIAN_POINT('',(3.14159265359,-24.5));
#12733 = VECTOR('',#12734,1.);
#12734 = DIRECTION('',(0.,1.));
#12735 = ( GEOMETRIC_REPRESENTATION_CONTEXT(2) 
PARAMETRIC_REPRESENTATION_CONTEXT() REPRESENTATION_CONTEXT('2D SPACE',''
  ) );
#12736 = ORIENTED_EDGE('',*,*,#12737,.F.);
#12737 = EDGE_CURVE('',#12738,#12715,#12740,.T.);
#12738 = VERTEX_POINT('',#12739);
#12739 = CARTESIAN_POINT('',(-18.1,-47.1,8.));
#12740 = SURFACE_CURVE('',#12741,(#12746,#12753),.PCURVE_S1.);
#12741 = CIRCLE('',#12742,4.);
#12742 = AXIS2_PLACEMENT_3D('',#12743,#12744,#12745);
#12743 = CARTESIAN_POINT('',(-18.1,-51.1,8.));
#12744 = DIRECTION('',(-1.,5.624913994737E-17,0.));
#12745 = DIRECTION('',(-5.624913994737E-17,-1.,0.));
#12746 = PCURVE('',#5826,#12747);
#12747 = DEFINITIONAL_REPRESENTATION('',(#12748),#12752);
#12748 = CIRCLE('',#12749,4.);
#12749 = AXIS2_PLACEMENT_2D('',#12750,#12751);
#12750 = CARTESIAN_POINT('',(51.1,-34.5));
#12751 = DIRECTION('',(1.,0.));
#12752 = ( GEOMETRIC_REPRESENTATION_CONTEXT(2) 
PARAMETRIC_REPRESENTATION_CONTEXT() REPRESENTATION_CONTEXT('2D SPACE',''
  ) );
#12753 = PCURVE('',#12754,#12759);
#12754 = TOROIDAL_SURFACE('',#12755,4.,1.);
#12755 = AXIS2_PLACEMENT_3D('',#12756,#12757,#12758);
#12756 = CARTESIAN_POINT('',(-17.1,-51.1,8.));
#12757 = DIRECTION('',(-1.,5.624913994737E-17,0.));
#12758 = DIRECTION('',(-5.624913994737E-17,-1.,0.));
#12759 = DEFINITIONAL_REPRESENTATION('',(#12760),#12764);
#12760 = LINE('',#12761,#12762);
#12761 = CARTESIAN_POINT('',(0.,1.570796326795));
#12762 = VECTOR('',#12763,1.);
#12763 = DIRECTION('',(1.,0.));
#12764 = ( GEOMETRIC_REPRESENTATION_CONTEXT(2) 
PARAMETRIC_REPRESENTATION_CONTEXT() REPRESENTATION_CONTEXT('2D SPACE',''
  ) );
#12765 = ORIENTED_EDGE('',*,*,#12766,.F.);
#12766 = EDGE_CURVE('',#5811,#12738,#12767,.T.);
#12767 = SURFACE_CURVE('',#12768,(#12772,#12779),.PCURVE_S1.);
#12768 = LINE('',#12769,#12770);
#12769 = CARTESIAN_POINT('',(-18.1,-47.1,42.5));
#12770 = VECTOR('',#12771,1.);
#12771 = DIRECTION('',(0.,0.,-1.));
#12772 = PCURVE('',#5826,#12773);
#12773 = DEFINITIONAL_REPRESENTATION('',(#12774),#12778);
#12774 = LINE('',#12775,#12776);
#12775 = CARTESIAN_POINT('',(47.1,0.));
#12776 = VECTOR('',#12777,1.);
#12777 = DIRECTION('',(-0.,-1.));
#12778 = ( GEOMETRIC_REPRESENTATION_CONTEXT(2) 
PARAMETRIC_REPRESENTATION_CONTEXT() REPRESENTATION_CONTEXT('2D SPACE',''
  ) );
#12779 = PCURVE('',#5855,#12780);
#12780 = DEFINITIONAL_REPRESENTATION('',(#12781),#12785);
#12781 = LINE('',#12782,#12783);
#12782 = CARTESIAN_POINT('',(6.28318530718,-8.5));
#12783 = VECTOR('',#12784,1.);
#12784 = DIRECTION('',(0.,1.));
#12785 = ( GEOMETRIC_REPRESENTATION_CONTEXT(2) 
PARAMETRIC_REPRESENTATION_CONTEXT() REPRESENTATION_CONTEXT('2D SPACE',''
  ) );
#12786 = ORIENTED_EDGE('',*,*,#5810,.T.);
#12787 = ORIENTED_EDGE('',*,*,#12547,.F.);
#12788 = ORIENTED_EDGE('',*,*,#12640,.T.);
#12789 = ORIENTED_EDGE('',*,*,#12689,.F.);
#12790 = ADVANCED_FACE('',(#12791),#5883,.T.);
#12791 = FACE_BOUND('',#12792,.T.);
#12792 = EDGE_LOOP('',(#12793,#12816,#12840,#12861));
#12793 = ORIENTED_EDGE('',*,*,#12794,.F.);
#12794 = EDGE_CURVE('',#12795,#5839,#12797,.T.);
#12795 = VERTEX_POINT('',#12796);
#12796 = CARTESIAN_POINT('',(-17.1,-48.1,8.));
#12797 = SURFACE_CURVE('',#12798,(#12802,#12809),.PCURVE_S1.);
#12798 = LINE('',#12799,#12800);
#12799 = CARTESIAN_POINT('',(-17.1,-48.1,67.));
#12800 = VECTOR('',#12801,1.);
#12801 = DIRECTION('',(0.,0.,1.));
#12802 = PCURVE('',#5883,#12803);
#12803 = DEFINITIONAL_REPRESENTATION('',(#12804),#12808);
#12804 = LINE('',#12805,#12806);
#12805 = CARTESIAN_POINT('',(48.1,24.5));
#12806 = VECTOR('',#12807,1.);
#12807 = DIRECTION('',(0.,1.));
#12808 = ( GEOMETRIC_REPRESENTATION_CONTEXT(2) 
PARAMETRIC_REPRESENTATION_CONTEXT() REPRESENTATION_CONTEXT('2D SPACE',''
  ) );
#12809 = PCURVE('',#5855,#12810);
#12810 = DEFINITIONAL_REPRESENTATION('',(#12811),#12815);
#12811 = LINE('',#12812,#12813);
#12812 = CARTESIAN_POINT('',(4.712388980385,-33.));
#12813 = VECTOR('',#12814,1.);
#12814 = DIRECTION('',(0.,-1.));
#12815 = ( GEOMETRIC_REPRESENTATION_CONTEXT(2) 
PARAMETRIC_REPRESENTATION_CONTEXT() REPRESENTATION_CONTEXT('2D SPACE',''
  ) );
#12816 = ORIENTED_EDGE('',*,*,#12817,.T.);
#12817 = EDGE_CURVE('',#12795,#12818,#12820,.T.);
#12818 = VERTEX_POINT('',#12819);
#12819 = CARTESIAN_POINT('',(-17.1,-54.1,8.));
#12820 = SURFACE_CURVE('',#12821,(#12826,#12833),.PCURVE_S1.);
#12821 = CIRCLE('',#12822,3.);
#12822 = AXIS2_PLACEMENT_3D('',#12823,#12824,#12825);
#12823 = CARTESIAN_POINT('',(-17.1,-51.1,8.));
#12824 = DIRECTION('',(-1.,5.624913994737E-17,0.));
#12825 = DIRECTION('',(-5.624913994737E-17,-1.,0.));
#12826 = PCURVE('',#5883,#12827);
#12827 = DEFINITIONAL_REPRESENTATION('',(#12828),#12832);
#12828 = CIRCLE('',#12829,3.);
#12829 = AXIS2_PLACEMENT_2D('',#12830,#12831);
#12830 = CARTESIAN_POINT('',(51.1,-34.5));
#12831 = DIRECTION('',(1.,0.));
#12832 = ( GEOMETRIC_REPRESENTATION_CONTEXT(2) 
PARAMETRIC_REPRESENTATION_CONTEXT() REPRESENTATION_CONTEXT('2D SPACE',''
  ) );
#12833 = PCURVE('',#12754,#12834);
#12834 = DEFINITIONAL_REPRESENTATION('',(#12835),#12839);
#12835 = LINE('',#12836,#12837);
#12836 = CARTESIAN_POINT('',(0.,3.14159265359));
#12837 = VECTOR('',#12838,1.);
#12838 = DIRECTION('',(1.,1.413579858428E-16));
#12839 = ( GEOMETRIC_REPRESENTATION_CONTEXT(2) 
PARAMETRIC_REPRESENTATION_CONTEXT() REPRESENTATION_CONTEXT('2D SPACE',''
  ) );
#12840 = ORIENTED_EDGE('',*,*,#12841,.F.);
#12841 = EDGE_CURVE('',#5868,#12818,#12842,.T.);
#12842 = SURFACE_CURVE('',#12843,(#12847,#12854),.PCURVE_S1.);
#12843 = LINE('',#12844,#12845);
#12844 = CARTESIAN_POINT('',(-17.1,-54.1,34.));
#12845 = VECTOR('',#12846,1.);
#12846 = DIRECTION('',(0.,0.,-1.));
#12847 = PCURVE('',#5883,#12848);
#12848 = DEFINITIONAL_REPRESENTATION('',(#12849),#12853);
#12849 = LINE('',#12850,#12851);
#12850 = CARTESIAN_POINT('',(54.1,-8.5));
#12851 = VECTOR('',#12852,1.);
#12852 = DIRECTION('',(-0.,-1.));
#12853 = ( GEOMETRIC_REPRESENTATION_CONTEXT(2) 
PARAMETRIC_REPRESENTATION_CONTEXT() REPRESENTATION_CONTEXT('2D SPACE',''
  ) );
#12854 = PCURVE('',#5912,#12855);
#12855 = DEFINITIONAL_REPRESENTATION('',(#12856),#12860);
#12856 = LINE('',#12857,#12858);
#12857 = CARTESIAN_POINT('',(1.570796326795,-33.));
#12858 = VECTOR('',#12859,1.);
#12859 = DIRECTION('',(0.,-1.));
#12860 = ( GEOMETRIC_REPRESENTATION_CONTEXT(2) 
PARAMETRIC_REPRESENTATION_CONTEXT() REPRESENTATION_CONTEXT('2D SPACE',''
  ) );
#12861 = ORIENTED_EDGE('',*,*,#5867,.T.);
#12862 = ADVANCED_FACE('',(#12863),#3615,.F.);
#12863 = FACE_BOUND('',#12864,.F.);
#12864 = EDGE_LOOP('',(#12865,#12866,#12888,#12889));
#12865 = ORIENTED_EDGE('',*,*,#12496,.F.);
#12866 = ORIENTED_EDGE('',*,*,#12867,.T.);
#12867 = EDGE_CURVE('',#12497,#3573,#12868,.T.);
#12868 = SURFACE_CURVE('',#12869,(#12874,#12881),.PCURVE_S1.);
#12869 = CIRCLE('',#12870,1.);
#12870 = AXIS2_PLACEMENT_3D('',#12871,#12872,#12873);
#12871 = CARTESIAN_POINT('',(-16.1,-42.1,8.));
#12872 = DIRECTION('',(0.,0.,1.));
#12873 = DIRECTION('',(1.,0.,-0.));
#12874 = PCURVE('',#3615,#12875);
#12875 = DEFINITIONAL_REPRESENTATION('',(#12876),#12880);
#12876 = LINE('',#12877,#12878);
#12877 = CARTESIAN_POINT('',(9.424777960769,-3.));
#12878 = VECTOR('',#12879,1.);
#12879 = DIRECTION('',(-1.,0.));
#12880 = ( GEOMETRIC_REPRESENTATION_CONTEXT(2) 
PARAMETRIC_REPRESENTATION_CONTEXT() REPRESENTATION_CONTEXT('2D SPACE',''
  ) );
#12881 = PCURVE('',#3589,#12882);
#12882 = DEFINITIONAL_REPRESENTATION('',(#12883),#12887);
#12883 = LINE('',#12884,#12885);
#12884 = CARTESIAN_POINT('',(3.14159265359,-1.570796326795));
#12885 = VECTOR('',#12886,1.);
#12886 = DIRECTION('',(0.,1.));
#12887 = ( GEOMETRIC_REPRESENTATION_CONTEXT(2) 
PARAMETRIC_REPRESENTATION_CONTEXT() REPRESENTATION_CONTEXT('2D SPACE',''
  ) );
#12888 = ORIENTED_EDGE('',*,*,#3601,.T.);
#12889 = ORIENTED_EDGE('',*,*,#5758,.F.);
#12890 = ADVANCED_FACE('',(#12891),#3589,.F.);
#12891 = FACE_BOUND('',#12892,.F.);
#12892 = EDGE_LOOP('',(#12893,#12894,#12895,#12896));
#12893 = ORIENTED_EDGE('',*,*,#12867,.F.);
#12894 = ORIENTED_EDGE('',*,*,#12571,.T.);
#12895 = ORIENTED_EDGE('',*,*,#4923,.F.);
#12896 = ORIENTED_EDGE('',*,*,#3572,.F.);
#12897 = ADVANCED_FACE('',(#12898),#1717,.F.);
#12898 = FACE_BOUND('',#12899,.F.);
#12899 = EDGE_LOOP('',(#12900,#12901,#12923,#12924));
#12900 = ORIENTED_EDGE('',*,*,#12593,.T.);
#12901 = ORIENTED_EDGE('',*,*,#12902,.T.);
#12902 = EDGE_CURVE('',#12594,#1673,#12903,.T.);
#12903 = SURFACE_CURVE('',#12904,(#12909,#12916),.PCURVE_S1.);
#12904 = CIRCLE('',#12905,1.);
#12905 = AXIS2_PLACEMENT_3D('',#12906,#12907,#12908);
#12906 = CARTESIAN_POINT('',(-16.1,-60.1,8.));
#12907 = DIRECTION('',(0.,0.,-1.));
#12908 = DIRECTION('',(-1.,0.,0.));
#12909 = PCURVE('',#1717,#12910);
#12910 = DEFINITIONAL_REPRESENTATION('',(#12911),#12915);
#12911 = LINE('',#12912,#12913);
#12912 = CARTESIAN_POINT('',(6.28318530718,1.570796326795));
#12913 = VECTOR('',#12914,1.);
#12914 = DIRECTION('',(0.,1.));
#12915 = ( GEOMETRIC_REPRESENTATION_CONTEXT(2) 
PARAMETRIC_REPRESENTATION_CONTEXT() REPRESENTATION_CONTEXT('2D SPACE',''
  ) );
#12916 = PCURVE('',#1688,#12917);
#12917 = DEFINITIONAL_REPRESENTATION('',(#12918),#12922);
#12918 = LINE('',#12919,#12920);
#12919 = CARTESIAN_POINT('',(3.14159265359,3.));
#12920 = VECTOR('',#12921,1.);
#12921 = DIRECTION('',(-1.,0.));
#12922 = ( GEOMETRIC_REPRESENTATION_CONTEXT(2) 
PARAMETRIC_REPRESENTATION_CONTEXT() REPRESENTATION_CONTEXT('2D SPACE',''
  ) );
#12923 = ORIENTED_EDGE('',*,*,#1700,.F.);
#12924 = ORIENTED_EDGE('',*,*,#4876,.T.);
#12925 = ADVANCED_FACE('',(#12926),#1688,.F.);
#12926 = FACE_BOUND('',#12927,.F.);
#12927 = EDGE_LOOP('',(#12928,#12929,#12930,#12931));
#12928 = ORIENTED_EDGE('',*,*,#1672,.T.);
#12929 = ORIENTED_EDGE('',*,*,#12902,.F.);
#12930 = ORIENTED_EDGE('',*,*,#12667,.F.);
#12931 = ORIENTED_EDGE('',*,*,#5975,.F.);
#12932 = ADVANCED_FACE('',(#12933),#5855,.T.);
#12933 = FACE_BOUND('',#12934,.T.);
#12934 = EDGE_LOOP('',(#12935,#12936,#12937,#12959));
#12935 = ORIENTED_EDGE('',*,*,#5838,.F.);
#12936 = ORIENTED_EDGE('',*,*,#12766,.T.);
#12937 = ORIENTED_EDGE('',*,*,#12938,.F.);
#12938 = EDGE_CURVE('',#12795,#12738,#12939,.T.);
#12939 = SURFACE_CURVE('',#12940,(#12945,#12952),.PCURVE_S1.);
#12940 = CIRCLE('',#12941,1.);
#12941 = AXIS2_PLACEMENT_3D('',#12942,#12943,#12944);
#12942 = CARTESIAN_POINT('',(-17.1,-47.1,8.));
#12943 = DIRECTION('',(0.,0.,-1.));
#12944 = DIRECTION('',(-1.,0.,0.));
#12945 = PCURVE('',#5855,#12946);
#12946 = DEFINITIONAL_REPRESENTATION('',(#12947),#12951);
#12947 = LINE('',#12948,#12949);
#12948 = CARTESIAN_POINT('',(0.,26.));
#12949 = VECTOR('',#12950,1.);
#12950 = DIRECTION('',(1.,0.));
#12951 = ( GEOMETRIC_REPRESENTATION_CONTEXT(2) 
PARAMETRIC_REPRESENTATION_CONTEXT() REPRESENTATION_CONTEXT('2D SPACE',''
  ) );
#12952 = PCURVE('',#12754,#12953);
#12953 = DEFINITIONAL_REPRESENTATION('',(#12954),#12958);
#12954 = LINE('',#12955,#12956);
#12955 = CARTESIAN_POINT('',(3.14159265359,7.853981633974));
#12956 = VECTOR('',#12957,1.);
#12957 = DIRECTION('',(0.,-1.));
#12958 = ( GEOMETRIC_REPRESENTATION_CONTEXT(2) 
PARAMETRIC_REPRESENTATION_CONTEXT() REPRESENTATION_CONTEXT('2D SPACE',''
  ) );
#12959 = ORIENTED_EDGE('',*,*,#12794,.T.);
#12960 = ADVANCED_FACE('',(#12961),#12754,.T.);
#12961 = FACE_BOUND('',#12962,.T.);
#12962 = EDGE_LOOP('',(#12963,#12964,#12965,#12987));
#12963 = ORIENTED_EDGE('',*,*,#12938,.T.);
#12964 = ORIENTED_EDGE('',*,*,#12737,.T.);
#12965 = ORIENTED_EDGE('',*,*,#12966,.F.);
#12966 = EDGE_CURVE('',#12818,#12715,#12967,.T.);
#12967 = SURFACE_CURVE('',#12968,(#12973,#12980),.PCURVE_S1.);
#12968 = CIRCLE('',#12969,1.);
#12969 = AXIS2_PLACEMENT_3D('',#12970,#12971,#12972);
#12970 = CARTESIAN_POINT('',(-17.1,-55.1,8.));
#12971 = DIRECTION('',(0.,0.,1.));
#12972 = DIRECTION('',(1.,0.,-0.));
#12973 = PCURVE('',#12754,#12974);
#12974 = DEFINITIONAL_REPRESENTATION('',(#12975),#12979);
#12975 = LINE('',#12976,#12977);
#12976 = CARTESIAN_POINT('',(6.28318530718,4.712388980385));
#12977 = VECTOR('',#12978,1.);
#12978 = DIRECTION('',(0.,-1.));
#12979 = ( GEOMETRIC_REPRESENTATION_CONTEXT(2) 
PARAMETRIC_REPRESENTATION_CONTEXT() REPRESENTATION_CONTEXT('2D SPACE',''
  ) );
#12980 = PCURVE('',#5912,#12981);
#12981 = DEFINITIONAL_REPRESENTATION('',(#12982),#12986);
#12982 = LINE('',#12983,#12984);
#12983 = CARTESIAN_POINT('',(0.,-59.));
#12984 = VECTOR('',#12985,1.);
#12985 = DIRECTION('',(1.,0.));
#12986 = ( GEOMETRIC_REPRESENTATION_CONTEXT(2) 
PARAMETRIC_REPRESENTATION_CONTEXT() REPRESENTATION_CONTEXT('2D SPACE',''
  ) );
#12987 = ORIENTED_EDGE('',*,*,#12817,.F.);
#12988 = ADVANCED_FACE('',(#12989),#5912,.T.);
#12989 = FACE_BOUND('',#12990,.T.);
#12990 = EDGE_LOOP('',(#12991,#12992,#12993,#12994));
#12991 = ORIENTED_EDGE('',*,*,#12966,.T.);
#12992 = ORIENTED_EDGE('',*,*,#12714,.T.);
#12993 = ORIENTED_EDGE('',*,*,#5895,.F.);
#12994 = ORIENTED_EDGE('',*,*,#12841,.T.);
#12995 = ADVANCED_FACE('',(#12996),#7425,.F.);
#12996 = FACE_BOUND('',#12997,.T.);
#12997 = EDGE_LOOP('',(#12998,#12999,#13000,#13021,#13022,#13023,#13024,
    #13025));
#12998 = ORIENTED_EDGE('',*,*,#7976,.F.);
#12999 = ORIENTED_EDGE('',*,*,#7604,.T.);
#13000 = ORIENTED_EDGE('',*,*,#13001,.F.);
#13001 = EDGE_CURVE('',#3468,#7607,#13002,.T.);
#13002 = SURFACE_CURVE('',#13003,(#13007,#13014),.PCURVE_S1.);
#13003 = LINE('',#13004,#13005);
#13004 = CARTESIAN_POINT('',(-15.1,43.1,78.));
#13005 = VECTOR('',#13006,1.);
#13006 = DIRECTION('',(0.,0.,1.));
#13007 = PCURVE('',#7425,#13008);
#13008 = DEFINITIONAL_REPRESENTATION('',(#13009),#13013);
#13009 = LINE('',#13010,#13011);
#13010 = CARTESIAN_POINT('',(43.1,-35.5));
#13011 = VECTOR('',#13012,1.);
#13012 = DIRECTION('',(0.,-1.));
#13013 = ( GEOMETRIC_REPRESENTATION_CONTEXT(2) 
PARAMETRIC_REPRESENTATION_CONTEXT() REPRESENTATION_CONTEXT('2D SPACE',''
  ) );
#13014 = PCURVE('',#3511,#13015);
#13015 = DEFINITIONAL_REPRESENTATION('',(#13016),#13020);
#13016 = LINE('',#13017,#13018);
#13017 = CARTESIAN_POINT('',(-3.,0.));
#13018 = VECTOR('',#13019,1.);
#13019 = DIRECTION('',(0.,1.));
#13020 = ( GEOMETRIC_REPRESENTATION_CONTEXT(2) 
PARAMETRIC_REPRESENTATION_CONTEXT() REPRESENTATION_CONTEXT('2D SPACE',''
  ) );
#13021 = ORIENTED_EDGE('',*,*,#7411,.F.);
#13022 = ORIENTED_EDGE('',*,*,#8004,.F.);
#13023 = ORIENTED_EDGE('',*,*,#7462,.F.);
#13024 = ORIENTED_EDGE('',*,*,#8032,.F.);
#13025 = ORIENTED_EDGE('',*,*,#7557,.T.);
#13026 = ADVANCED_FACE('',(#13027),#1532,.F.);
#13027 = FACE_BOUND('',#13028,.T.);
#13028 = EDGE_LOOP('',(#13029,#13030,#13053,#13074));
#13029 = ORIENTED_EDGE('',*,*,#1516,.T.);
#13030 = ORIENTED_EDGE('',*,*,#13031,.F.);
#13031 = EDGE_CURVE('',#13032,#1484,#13034,.T.);
#13032 = VERTEX_POINT('',#13033);
#13033 = CARTESIAN_POINT('',(-18.1,59.1,8.));
#13034 = SURFACE_CURVE('',#13035,(#13039,#13046),.PCURVE_S1.);
#13035 = LINE('',#13036,#13037);
#13036 = CARTESIAN_POINT('',(-18.1,59.1,8.));
#13037 = VECTOR('',#13038,1.);
#13038 = DIRECTION('',(1.,5.624913994737E-17,0.));
#13039 = PCURVE('',#1532,#13040);
#13040 = DEFINITIONAL_REPRESENTATION('',(#13041),#13045);
#13041 = LINE('',#13042,#13043);
#13042 = CARTESIAN_POINT('',(0.,-31.5));
#13043 = VECTOR('',#13044,1.);
#13044 = DIRECTION('',(1.,0.));
#13045 = ( GEOMETRIC_REPRESENTATION_CONTEXT(2) 
PARAMETRIC_REPRESENTATION_CONTEXT() REPRESENTATION_CONTEXT('2D SPACE',''
  ) );
#13046 = PCURVE('',#1504,#13047);
#13047 = DEFINITIONAL_REPRESENTATION('',(#13048),#13052);
#13048 = LINE('',#13049,#13050);
#13049 = CARTESIAN_POINT('',(6.28318530718,0.));
#13050 = VECTOR('',#13051,1.);
#13051 = DIRECTION('',(0.,1.));
#13052 = ( GEOMETRIC_REPRESENTATION_CONTEXT(2) 
PARAMETRIC_REPRESENTATION_CONTEXT() REPRESENTATION_CONTEXT('2D SPACE',''
  ) );
#13053 = ORIENTED_EDGE('',*,*,#13054,.F.);
#13054 = EDGE_CURVE('',#5574,#13032,#13055,.T.);
#13055 = SURFACE_CURVE('',#13056,(#13060,#13067),.PCURVE_S1.);
#13056 = LINE('',#13057,#13058);
#13057 = CARTESIAN_POINT('',(-18.1,59.1,39.5));
#13058 = VECTOR('',#13059,1.);
#13059 = DIRECTION('',(0.,0.,-1.));
#13060 = PCURVE('',#1532,#13061);
#13061 = DEFINITIONAL_REPRESENTATION('',(#13062),#13066);
#13062 = LINE('',#13063,#13064);
#13063 = CARTESIAN_POINT('',(0.,0.));
#13064 = VECTOR('',#13065,1.);
#13065 = DIRECTION('',(0.,-1.));
#13066 = ( GEOMETRIC_REPRESENTATION_CONTEXT(2) 
PARAMETRIC_REPRESENTATION_CONTEXT() REPRESENTATION_CONTEXT('2D SPACE',''
  ) );
#13067 = PCURVE('',#5591,#13068);
#13068 = DEFINITIONAL_REPRESENTATION('',(#13069),#13073);
#13069 = LINE('',#13070,#13071);
#13070 = CARTESIAN_POINT('',(59.1,3.));
#13071 = VECTOR('',#13072,1.);
#13072 = DIRECTION('',(0.,1.));
#13073 = ( GEOMETRIC_REPRESENTATION_CONTEXT(2) 
PARAMETRIC_REPRESENTATION_CONTEXT() REPRESENTATION_CONTEXT('2D SPACE',''
  ) );
#13074 = ORIENTED_EDGE('',*,*,#6148,.T.);
#13075 = ADVANCED_FACE('',(#13076),#1504,.T.);
#13076 = FACE_BOUND('',#13077,.T.);
#13077 = EDGE_LOOP('',(#13078,#13079,#13102,#13128,#13129));
#13078 = ORIENTED_EDGE('',*,*,#3523,.F.);
#13079 = ORIENTED_EDGE('',*,*,#13080,.F.);
#13080 = EDGE_CURVE('',#13081,#3496,#13083,.T.);
#13081 = VERTEX_POINT('',#13082);
#13082 = CARTESIAN_POINT('',(-18.1,43.1,8.));
#13083 = SURFACE_CURVE('',#13084,(#13088,#13095),.PCURVE_S1.);
#13084 = LINE('',#13085,#13086);
#13085 = CARTESIAN_POINT('',(-18.1,43.1,8.));
#13086 = VECTOR('',#13087,1.);
#13087 = DIRECTION('',(1.,5.624913994737E-17,0.));
#13088 = PCURVE('',#1504,#13089);
#13089 = DEFINITIONAL_REPRESENTATION('',(#13090),#13094);
#13090 = LINE('',#13091,#13092);
#13091 = CARTESIAN_POINT('',(3.14159265359,0.));
#13092 = VECTOR('',#13093,1.);
#13093 = DIRECTION('',(0.,1.));
#13094 = ( GEOMETRIC_REPRESENTATION_CONTEXT(2) 
PARAMETRIC_REPRESENTATION_CONTEXT() REPRESENTATION_CONTEXT('2D SPACE',''
  ) );
#13095 = PCURVE('',#3511,#13096);
#13096 = DEFINITIONAL_REPRESENTATION('',(#13097),#13101);
#13097 = LINE('',#13098,#13099);
#13098 = CARTESIAN_POINT('',(-0.,-70.));
#13099 = VECTOR('',#13100,1.);
#13100 = DIRECTION('',(-1.,0.));
#13101 = ( GEOMETRIC_REPRESENTATION_CONTEXT(2) 
PARAMETRIC_REPRESENTATION_CONTEXT() REPRESENTATION_CONTEXT('2D SPACE',''
  ) );
#13102 = ORIENTED_EDGE('',*,*,#13103,.T.);
#13103 = EDGE_CURVE('',#13081,#13032,#13104,.T.);
#13104 = SURFACE_CURVE('',#13105,(#13110,#13117),.PCURVE_S1.);
#13105 = CIRCLE('',#13106,8.);
#13106 = AXIS2_PLACEMENT_3D('',#13107,#13108,#13109);
#13107 = CARTESIAN_POINT('',(-18.1,51.1,8.));
#13108 = DIRECTION('',(1.,5.624913994737E-17,0.));
#13109 = DIRECTION('',(-5.624913994737E-17,1.,0.));
#13110 = PCURVE('',#1504,#13111);
#13111 = DEFINITIONAL_REPRESENTATION('',(#13112),#13116);
#13112 = LINE('',#13113,#13114);
#13113 = CARTESIAN_POINT('',(0.,0.));
#13114 = VECTOR('',#13115,1.);
#13115 = DIRECTION('',(1.,0.));
#13116 = ( GEOMETRIC_REPRESENTATION_CONTEXT(2) 
PARAMETRIC_REPRESENTATION_CONTEXT() REPRESENTATION_CONTEXT('2D SPACE',''
  ) );
#13117 = PCURVE('',#5591,#13118);
#13118 = DEFINITIONAL_REPRESENTATION('',(#13119),#13127);
#13119 = ( BOUNDED_CURVE() B_SPLINE_CURVE(2,(#13120,#13121,#13122,#13123
    ,#13124,#13125,#13126),.UNSPECIFIED.,.T.,.F.) 
B_SPLINE_CURVE_WITH_KNOTS((1,2,2,2,2,1),(-2.094395102393,0.,
    2.094395102393,4.188790204786,6.28318530718,8.377580409573),
.UNSPECIFIED.) CURVE() GEOMETRIC_REPRESENTATION_ITEM() 
RATIONAL_B_SPLINE_CURVE((1.,0.5,1.,0.5,1.,0.5,1.)) REPRESENTATION_ITEM(
  '') );
#13120 = CARTESIAN_POINT('',(59.1,34.5));
#13121 = CARTESIAN_POINT('',(59.1,20.643593539449));
#13122 = CARTESIAN_POINT('',(47.1,27.571796769725));
#13123 = CARTESIAN_POINT('',(35.1,34.5));
#13124 = CARTESIAN_POINT('',(47.1,41.428203230275));
#13125 = CARTESIAN_POINT('',(59.1,48.356406460551));
#13126 = CARTESIAN_POINT('',(59.1,34.5));
#13127 = ( GEOMETRIC_REPRESENTATION_CONTEXT(2) 
PARAMETRIC_REPRESENTATION_CONTEXT() REPRESENTATION_CONTEXT('2D SPACE',''
  ) );
#13128 = ORIENTED_EDGE('',*,*,#13031,.T.);
#13129 = ORIENTED_EDGE('',*,*,#1483,.F.);
#13130 = ADVANCED_FACE('',(#13131),#3511,.F.);
#13131 = FACE_BOUND('',#13132,.T.);
#13132 = EDGE_LOOP('',(#13133,#13134,#13155,#13156,#13177,#13178,#13179)
  );
#13133 = ORIENTED_EDGE('',*,*,#7697,.T.);
#13134 = ORIENTED_EDGE('',*,*,#13135,.T.);
#13135 = EDGE_CURVE('',#7674,#5713,#13136,.T.);
#13136 = SURFACE_CURVE('',#13137,(#13141,#13148),.PCURVE_S1.);
#13137 = LINE('',#13138,#13139);
#13138 = CARTESIAN_POINT('',(-16.1,43.1,78.));
#13139 = VECTOR('',#13140,1.);
#13140 = DIRECTION('',(0.,0.,1.));
#13141 = PCURVE('',#3511,#13142);
#13142 = DEFINITIONAL_REPRESENTATION('',(#13143),#13147);
#13143 = LINE('',#13144,#13145);
#13144 = CARTESIAN_POINT('',(-2.,0.));
#13145 = VECTOR('',#13146,1.);
#13146 = DIRECTION('',(0.,1.));
#13147 = ( GEOMETRIC_REPRESENTATION_CONTEXT(2) 
PARAMETRIC_REPRESENTATION_CONTEXT() REPRESENTATION_CONTEXT('2D SPACE',''
  ) );
#13148 = PCURVE('',#3398,#13149);
#13149 = DEFINITIONAL_REPRESENTATION('',(#13150),#13154);
#13150 = LINE('',#13151,#13152);
#13151 = CARTESIAN_POINT('',(1.570796326795,0.));
#13152 = VECTOR('',#13153,1.);
#13153 = DIRECTION('',(0.,1.));
#13154 = ( GEOMETRIC_REPRESENTATION_CONTEXT(2) 
PARAMETRIC_REPRESENTATION_CONTEXT() REPRESENTATION_CONTEXT('2D SPACE',''
  ) );
#13155 = ORIENTED_EDGE('',*,*,#5712,.F.);
#13156 = ORIENTED_EDGE('',*,*,#13157,.F.);
#13157 = EDGE_CURVE('',#13081,#5690,#13158,.T.);
#13158 = SURFACE_CURVE('',#13159,(#13163,#13170),.PCURVE_S1.);
#13159 = LINE('',#13160,#13161);
#13160 = CARTESIAN_POINT('',(-18.1,43.1,78.));
#13161 = VECTOR('',#13162,1.);
#13162 = DIRECTION('',(0.,0.,1.));
#13163 = PCURVE('',#3511,#13164);
#13164 = DEFINITIONAL_REPRESENTATION('',(#13165),#13169);
#13165 = LINE('',#13166,#13167);
#13166 = CARTESIAN_POINT('',(0.,0.));
#13167 = VECTOR('',#13168,1.);
#13168 = DIRECTION('',(0.,1.));
#13169 = ( GEOMETRIC_REPRESENTATION_CONTEXT(2) 
PARAMETRIC_REPRESENTATION_CONTEXT() REPRESENTATION_CONTEXT('2D SPACE',''
  ) );
#13170 = PCURVE('',#5591,#13171);
#13171 = DEFINITIONAL_REPRESENTATION('',(#13172),#13176);
#13172 = LINE('',#13173,#13174);
#13173 = CARTESIAN_POINT('',(43.1,-35.5));
#13174 = VECTOR('',#13175,1.);
#13175 = DIRECTION('',(0.,-1.));
#13176 = ( GEOMETRIC_REPRESENTATION_CONTEXT(2) 
PARAMETRIC_REPRESENTATION_CONTEXT() REPRESENTATION_CONTEXT('2D SPACE',''
  ) );
#13177 = ORIENTED_EDGE('',*,*,#13080,.T.);
#13178 = ORIENTED_EDGE('',*,*,#3495,.T.);
#13179 = ORIENTED_EDGE('',*,*,#13001,.T.);
#13180 = ADVANCED_FACE('',(#13181),#5591,.T.);
#13181 = FACE_BOUND('',#13182,.T.);
#13182 = EDGE_LOOP('',(#13183,#13214,#13235,#13236,#13237,#13238,#13239,
    #13240));
#13183 = ORIENTED_EDGE('',*,*,#13184,.F.);
#13184 = EDGE_CURVE('',#13185,#13187,#13189,.T.);
#13185 = VERTEX_POINT('',#13186);
#13186 = CARTESIAN_POINT('',(-18.1,55.1,8.));
#13187 = VERTEX_POINT('',#13188);
#13188 = CARTESIAN_POINT('',(-18.1,47.1,8.));
#13189 = SURFACE_CURVE('',#13190,(#13195,#13202),.PCURVE_S1.);
#13190 = CIRCLE('',#13191,4.);
#13191 = AXIS2_PLACEMENT_3D('',#13192,#13193,#13194);
#13192 = CARTESIAN_POINT('',(-18.1,51.1,8.));
#13193 = DIRECTION('',(-1.,-5.624913994737E-17,0.));
#13194 = DIRECTION('',(5.624913994737E-17,-1.,0.));
#13195 = PCURVE('',#5591,#13196);
#13196 = DEFINITIONAL_REPRESENTATION('',(#13197),#13201);
#13197 = CIRCLE('',#13198,4.);
#13198 = AXIS2_PLACEMENT_2D('',#13199,#13200);
#13199 = CARTESIAN_POINT('',(51.1,34.5));
#13200 = DIRECTION('',(-1.,-0.));
#13201 = ( GEOMETRIC_REPRESENTATION_CONTEXT(2) 
PARAMETRIC_REPRESENTATION_CONTEXT() REPRESENTATION_CONTEXT('2D SPACE',''
  ) );
#13202 = PCURVE('',#13203,#13208);
#13203 = TOROIDAL_SURFACE('',#13204,4.,1.);
#13204 = AXIS2_PLACEMENT_3D('',#13205,#13206,#13207);
#13205 = CARTESIAN_POINT('',(-17.1,51.1,8.));
#13206 = DIRECTION('',(-1.,-5.624913994737E-17,0.));
#13207 = DIRECTION('',(5.624913994737E-17,-1.,0.));
#13208 = DEFINITIONAL_REPRESENTATION('',(#13209),#13213);
#13209 = LINE('',#13210,#13211);
#13210 = CARTESIAN_POINT('',(0.,1.570796326795));
#13211 = VECTOR('',#13212,1.);
#13212 = DIRECTION('',(1.,0.));
#13213 = ( GEOMETRIC_REPRESENTATION_CONTEXT(2) 
PARAMETRIC_REPRESENTATION_CONTEXT() REPRESENTATION_CONTEXT('2D SPACE',''
  ) );
#13214 = ORIENTED_EDGE('',*,*,#13215,.T.);
#13215 = EDGE_CURVE('',#13185,#5576,#13216,.T.);
#13216 = SURFACE_CURVE('',#13217,(#13221,#13228),.PCURVE_S1.);
#13217 = LINE('',#13218,#13219);
#13218 = CARTESIAN_POINT('',(-18.1,55.1,74.));
#13219 = VECTOR('',#13220,1.);
#13220 = DIRECTION('',(0.,0.,1.));
#13221 = PCURVE('',#5591,#13222);
#13222 = DEFINITIONAL_REPRESENTATION('',(#13223),#13227);
#13223 = LINE('',#13224,#13225);
#13224 = CARTESIAN_POINT('',(55.1,-31.5));
#13225 = VECTOR('',#13226,1.);
#13226 = DIRECTION('',(0.,-1.));
#13227 = ( GEOMETRIC_REPRESENTATION_CONTEXT(2) 
PARAMETRIC_REPRESENTATION_CONTEXT() REPRESENTATION_CONTEXT('2D SPACE',''
  ) );
#13228 = PCURVE('',#5620,#13229);
#13229 = DEFINITIONAL_REPRESENTATION('',(#13230),#13234);
#13230 = LINE('',#13231,#13232);
#13231 = CARTESIAN_POINT('',(6.28318530718,-31.5));
#13232 = VECTOR('',#13233,1.);
#13233 = DIRECTION('',(0.,-1.));
#13234 = ( GEOMETRIC_REPRESENTATION_CONTEXT(2) 
PARAMETRIC_REPRESENTATION_CONTEXT() REPRESENTATION_CONTEXT('2D SPACE',''
  ) );
#13235 = ORIENTED_EDGE('',*,*,#5573,.F.);
#13236 = ORIENTED_EDGE('',*,*,#13054,.T.);
#13237 = ORIENTED_EDGE('',*,*,#13103,.F.);
#13238 = ORIENTED_EDGE('',*,*,#13157,.T.);
#13239 = ORIENTED_EDGE('',*,*,#5689,.F.);
#13240 = ORIENTED_EDGE('',*,*,#13241,.T.);
#13241 = EDGE_CURVE('',#5661,#13187,#13242,.T.);
#13242 = SURFACE_CURVE('',#13243,(#13247,#13254),.PCURVE_S1.);
#13243 = LINE('',#13244,#13245);
#13244 = CARTESIAN_POINT('',(-18.1,47.1,8.));
#13245 = VECTOR('',#13246,1.);
#13246 = DIRECTION('',(0.,0.,-1.));
#13247 = PCURVE('',#5591,#13248);
#13248 = DEFINITIONAL_REPRESENTATION('',(#13249),#13253);
#13249 = LINE('',#13250,#13251);
#13250 = CARTESIAN_POINT('',(47.1,34.5));
#13251 = VECTOR('',#13252,1.);
#13252 = DIRECTION('',(0.,1.));
#13253 = ( GEOMETRIC_REPRESENTATION_CONTEXT(2) 
PARAMETRIC_REPRESENTATION_CONTEXT() REPRESENTATION_CONTEXT('2D SPACE',''
  ) );
#13254 = PCURVE('',#5677,#13255);
#13255 = DEFINITIONAL_REPRESENTATION('',(#13256),#13260);
#13256 = LINE('',#13257,#13258);
#13257 = CARTESIAN_POINT('',(3.14159265359,-34.5));
#13258 = VECTOR('',#13259,1.);
#13259 = DIRECTION('',(0.,-1.));
#13260 = ( GEOMETRIC_REPRESENTATION_CONTEXT(2) 
PARAMETRIC_REPRESENTATION_CONTEXT() REPRESENTATION_CONTEXT('2D SPACE',''
  ) );
#13261 = ADVANCED_FACE('',(#13262),#5648,.T.);
#13262 = FACE_BOUND('',#13263,.T.);
#13263 = EDGE_LOOP('',(#13264,#13287,#13288,#13311));
#13264 = ORIENTED_EDGE('',*,*,#13265,.T.);
#13265 = EDGE_CURVE('',#13266,#5633,#13268,.T.);
#13266 = VERTEX_POINT('',#13267);
#13267 = CARTESIAN_POINT('',(-17.1,48.1,8.));
#13268 = SURFACE_CURVE('',#13269,(#13273,#13280),.PCURVE_S1.);
#13269 = LINE('',#13270,#13271);
#13270 = CARTESIAN_POINT('',(-17.1,48.1,67.));
#13271 = VECTOR('',#13272,1.);
#13272 = DIRECTION('',(0.,0.,1.));
#13273 = PCURVE('',#5648,#13274);
#13274 = DEFINITIONAL_REPRESENTATION('',(#13275),#13279);
#13275 = LINE('',#13276,#13277);
#13276 = CARTESIAN_POINT('',(48.1,-24.5));
#13277 = VECTOR('',#13278,1.);
#13278 = DIRECTION('',(0.,-1.));
#13279 = ( GEOMETRIC_REPRESENTATION_CONTEXT(2) 
PARAMETRIC_REPRESENTATION_CONTEXT() REPRESENTATION_CONTEXT('2D SPACE',''
  ) );
#13280 = PCURVE('',#5677,#13281);
#13281 = DEFINITIONAL_REPRESENTATION('',(#13282),#13286);
#13282 = LINE('',#13283,#13284);
#13283 = CARTESIAN_POINT('',(1.570796326795,24.5));
#13284 = VECTOR('',#13285,1.);
#13285 = DIRECTION('',(0.,1.));
#13286 = ( GEOMETRIC_REPRESENTATION_CONTEXT(2) 
PARAMETRIC_REPRESENTATION_CONTEXT() REPRESENTATION_CONTEXT('2D SPACE',''
  ) );
#13287 = ORIENTED_EDGE('',*,*,#5632,.F.);
#13288 = ORIENTED_EDGE('',*,*,#13289,.T.);
#13289 = EDGE_CURVE('',#5604,#13290,#13292,.T.);
#13290 = VERTEX_POINT('',#13291);
#13291 = CARTESIAN_POINT('',(-17.1,54.1,8.));
#13292 = SURFACE_CURVE('',#13293,(#13297,#13304),.PCURVE_S1.);
#13293 = LINE('',#13294,#13295);
#13294 = CARTESIAN_POINT('',(-17.1,54.1,34.));
#13295 = VECTOR('',#13296,1.);
#13296 = DIRECTION('',(0.,0.,-1.));
#13297 = PCURVE('',#5648,#13298);
#13298 = DEFINITIONAL_REPRESENTATION('',(#13299),#13303);
#13299 = LINE('',#13300,#13301);
#13300 = CARTESIAN_POINT('',(54.1,8.5));
#13301 = VECTOR('',#13302,1.);
#13302 = DIRECTION('',(0.,1.));
#13303 = ( GEOMETRIC_REPRESENTATION_CONTEXT(2) 
PARAMETRIC_REPRESENTATION_CONTEXT() REPRESENTATION_CONTEXT('2D SPACE',''
  ) );
#13304 = PCURVE('',#5620,#13305);
#13305 = DEFINITIONAL_REPRESENTATION('',(#13306),#13310);
#13306 = LINE('',#13307,#13308);
#13307 = CARTESIAN_POINT('',(4.712388980385,8.5));
#13308 = VECTOR('',#13309,1.);
#13309 = DIRECTION('',(0.,1.));
#13310 = ( GEOMETRIC_REPRESENTATION_CONTEXT(2) 
PARAMETRIC_REPRESENTATION_CONTEXT() REPRESENTATION_CONTEXT('2D SPACE',''
  ) );
#13311 = ORIENTED_EDGE('',*,*,#13312,.F.);
#13312 = EDGE_CURVE('',#13266,#13290,#13313,.T.);
#13313 = SURFACE_CURVE('',#13314,(#13319,#13330),.PCURVE_S1.);
#13314 = CIRCLE('',#13315,3.);
#13315 = AXIS2_PLACEMENT_3D('',#13316,#13317,#13318);
#13316 = CARTESIAN_POINT('',(-17.1,51.1,8.));
#13317 = DIRECTION('',(1.,5.624913994737E-17,0.));
#13318 = DIRECTION('',(-5.624913994737E-17,1.,0.));
#13319 = PCURVE('',#5648,#13320);
#13320 = DEFINITIONAL_REPRESENTATION('',(#13321),#13329);
#13321 = ( BOUNDED_CURVE() B_SPLINE_CURVE(2,(#13322,#13323,#13324,#13325
    ,#13326,#13327,#13328),.UNSPECIFIED.,.T.,.F.) 
B_SPLINE_CURVE_WITH_KNOTS((1,2,2,2,2,1),(-2.094395102393,0.,
    2.094395102393,4.188790204786,6.28318530718,8.377580409573),
.UNSPECIFIED.) CURVE() GEOMETRIC_REPRESENTATION_ITEM() 
RATIONAL_B_SPLINE_CURVE((1.,0.5,1.,0.5,1.,0.5,1.)) REPRESENTATION_ITEM(
  '') );
#13322 = CARTESIAN_POINT('',(54.1,34.5));
#13323 = CARTESIAN_POINT('',(54.1,29.303847577293));
#13324 = CARTESIAN_POINT('',(49.6,31.901923788647));
#13325 = CARTESIAN_POINT('',(45.1,34.5));
#13326 = CARTESIAN_POINT('',(49.6,37.098076211353));
#13327 = CARTESIAN_POINT('',(54.1,39.696152422707));
#13328 = CARTESIAN_POINT('',(54.1,34.5));
#13329 = ( GEOMETRIC_REPRESENTATION_CONTEXT(2) 
PARAMETRIC_REPRESENTATION_CONTEXT() REPRESENTATION_CONTEXT('2D SPACE',''
  ) );
#13330 = PCURVE('',#13203,#13331);
#13331 = DEFINITIONAL_REPRESENTATION('',(#13332),#13336);
#13332 = LINE('',#13333,#13334);
#13333 = CARTESIAN_POINT('',(9.424777960769,3.14159265359));
#13334 = VECTOR('',#13335,1.);
#13335 = DIRECTION('',(-1.,-4.240739575285E-16));
#13336 = ( GEOMETRIC_REPRESENTATION_CONTEXT(2) 
PARAMETRIC_REPRESENTATION_CONTEXT() REPRESENTATION_CONTEXT('2D SPACE',''
  ) );
#13337 = ADVANCED_FACE('',(#13338),#3398,.F.);
#13338 = FACE_BOUND('',#13339,.F.);
#13339 = EDGE_LOOP('',(#13340,#13341,#13342,#13343));
#13340 = ORIENTED_EDGE('',*,*,#13135,.T.);
#13341 = ORIENTED_EDGE('',*,*,#5735,.F.);
#13342 = ORIENTED_EDGE('',*,*,#3382,.F.);
#13343 = ORIENTED_EDGE('',*,*,#7673,.F.);
#13344 = ADVANCED_FACE('',(#13345),#5677,.T.);
#13345 = FACE_BOUND('',#13346,.T.);
#13346 = EDGE_LOOP('',(#13347,#13348,#13349,#13371));
#13347 = ORIENTED_EDGE('',*,*,#5660,.F.);
#13348 = ORIENTED_EDGE('',*,*,#13265,.F.);
#13349 = ORIENTED_EDGE('',*,*,#13350,.F.);
#13350 = EDGE_CURVE('',#13187,#13266,#13351,.T.);
#13351 = SURFACE_CURVE('',#13352,(#13357,#13364),.PCURVE_S1.);
#13352 = CIRCLE('',#13353,1.);
#13353 = AXIS2_PLACEMENT_3D('',#13354,#13355,#13356);
#13354 = CARTESIAN_POINT('',(-17.1,47.1,8.));
#13355 = DIRECTION('',(0.,0.,-1.));
#13356 = DIRECTION('',(-1.,0.,0.));
#13357 = PCURVE('',#5677,#13358);
#13358 = DEFINITIONAL_REPRESENTATION('',(#13359),#13363);
#13359 = LINE('',#13360,#13361);
#13360 = CARTESIAN_POINT('',(3.14159265359,-34.5));
#13361 = VECTOR('',#13362,1.);
#13362 = DIRECTION('',(-1.,0.));
#13363 = ( GEOMETRIC_REPRESENTATION_CONTEXT(2) 
PARAMETRIC_REPRESENTATION_CONTEXT() REPRESENTATION_CONTEXT('2D SPACE',''
  ) );
#13364 = PCURVE('',#13203,#13365);
#13365 = DEFINITIONAL_REPRESENTATION('',(#13366),#13370);
#13366 = LINE('',#13367,#13368);
#13367 = CARTESIAN_POINT('',(6.28318530718,1.570796326795));
#13368 = VECTOR('',#13369,1.);
#13369 = DIRECTION('',(0.,1.));
#13370 = ( GEOMETRIC_REPRESENTATION_CONTEXT(2) 
PARAMETRIC_REPRESENTATION_CONTEXT() REPRESENTATION_CONTEXT('2D SPACE',''
  ) );
#13371 = ORIENTED_EDGE('',*,*,#13241,.F.);
#13372 = ADVANCED_FACE('',(#13373),#13203,.T.);
#13373 = FACE_BOUND('',#13374,.T.);
#13374 = EDGE_LOOP('',(#13375,#13376,#13377,#13399));
#13375 = ORIENTED_EDGE('',*,*,#13350,.T.);
#13376 = ORIENTED_EDGE('',*,*,#13312,.T.);
#13377 = ORIENTED_EDGE('',*,*,#13378,.F.);
#13378 = EDGE_CURVE('',#13185,#13290,#13379,.T.);
#13379 = SURFACE_CURVE('',#13380,(#13385,#13392),.PCURVE_S1.);
#13380 = CIRCLE('',#13381,1.);
#13381 = AXIS2_PLACEMENT_3D('',#13382,#13383,#13384);
#13382 = CARTESIAN_POINT('',(-17.1,55.1,8.));
#13383 = DIRECTION('',(0.,0.,1.));
#13384 = DIRECTION('',(1.,0.,-0.));
#13385 = PCURVE('',#13203,#13386);
#13386 = DEFINITIONAL_REPRESENTATION('',(#13387),#13391);
#13387 = LINE('',#13388,#13389);
#13388 = CARTESIAN_POINT('',(3.14159265359,-1.570796326795));
#13389 = VECTOR('',#13390,1.);
#13390 = DIRECTION('',(0.,1.));
#13391 = ( GEOMETRIC_REPRESENTATION_CONTEXT(2) 
PARAMETRIC_REPRESENTATION_CONTEXT() REPRESENTATION_CONTEXT('2D SPACE',''
  ) );
#13392 = PCURVE('',#5620,#13393);
#13393 = DEFINITIONAL_REPRESENTATION('',(#13394),#13398);
#13394 = LINE('',#13395,#13396);
#13395 = CARTESIAN_POINT('',(9.424777960769,34.5));
#13396 = VECTOR('',#13397,1.);
#13397 = DIRECTION('',(-1.,0.));
#13398 = ( GEOMETRIC_REPRESENTATION_CONTEXT(2) 
PARAMETRIC_REPRESENTATION_CONTEXT() REPRESENTATION_CONTEXT('2D SPACE',''
  ) );
#13399 = ORIENTED_EDGE('',*,*,#13184,.T.);
#13400 = ADVANCED_FACE('',(#13401),#5620,.T.);
#13401 = FACE_BOUND('',#13402,.T.);
#13402 = EDGE_LOOP('',(#13403,#13404,#13405,#13406));
#13403 = ORIENTED_EDGE('',*,*,#13378,.T.);
#13404 = ORIENTED_EDGE('',*,*,#13289,.F.);
#13405 = ORIENTED_EDGE('',*,*,#5603,.F.);
#13406 = ORIENTED_EDGE('',*,*,#13215,.F.);
#13407 = ADVANCED_FACE('',(#13408),#359,.T.);
#13408 = FACE_BOUND('',#13409,.T.);
#13409 = EDGE_LOOP('',(#13410,#13411,#13432,#13433));
#13410 = ORIENTED_EDGE('',*,*,#1107,.F.);
#13411 = ORIENTED_EDGE('',*,*,#13412,.F.);
#13412 = EDGE_CURVE('',#344,#1108,#13413,.T.);
#13413 = SURFACE_CURVE('',#13414,(#13418,#13425),.PCURVE_S1.);
#13414 = LINE('',#13415,#13416);
#13415 = CARTESIAN_POINT('',(-5.1,77.1,7.));
#13416 = VECTOR('',#13417,1.);
#13417 = DIRECTION('',(4.595293976097E-16,-1.,0.));
#13418 = PCURVE('',#359,#13419);
#13419 = DEFINITIONAL_REPRESENTATION('',(#13420),#13424);
#13420 = LINE('',#13421,#13422);
#13421 = CARTESIAN_POINT('',(-1.999999999995E-03,-25.));
#13422 = VECTOR('',#13423,1.);
#13423 = DIRECTION('',(-1.,3.116869773395E-48));
#13424 = ( GEOMETRIC_REPRESENTATION_CONTEXT(2) 
PARAMETRIC_REPRESENTATION_CONTEXT() REPRESENTATION_CONTEXT('2D SPACE',''
  ) );
#13425 = PCURVE('',#386,#13426);
#13426 = DEFINITIONAL_REPRESENTATION('',(#13427),#13431);
#13427 = LINE('',#13428,#13429);
#13428 = CARTESIAN_POINT('',(6.28318530718,77.1));
#13429 = VECTOR('',#13430,1.);
#13430 = DIRECTION('',(0.,-1.));
#13431 = ( GEOMETRIC_REPRESENTATION_CONTEXT(2) 
PARAMETRIC_REPRESENTATION_CONTEXT() REPRESENTATION_CONTEXT('2D SPACE',''
  ) );
#13432 = ORIENTED_EDGE('',*,*,#343,.F.);
#13433 = ORIENTED_EDGE('',*,*,#13434,.T.);
#13434 = EDGE_CURVE('',#315,#1110,#13435,.T.);
#13435 = SURFACE_CURVE('',#13436,(#13440,#13447),.PCURVE_S1.);
#13436 = LINE('',#13437,#13438);
#13437 = CARTESIAN_POINT('',(-5.1,72.1,57.));
#13438 = VECTOR('',#13439,1.);
#13439 = DIRECTION('',(4.595293976097E-16,-1.,0.));
#13440 = PCURVE('',#359,#13441);
#13441 = DEFINITIONAL_REPRESENTATION('',(#13442),#13446);
#13442 = LINE('',#13443,#13444);
#13443 = CARTESIAN_POINT('',(-5.002,25.));
#13444 = VECTOR('',#13445,1.);
#13445 = DIRECTION('',(-1.,3.116869773395E-48));
#13446 = ( GEOMETRIC_REPRESENTATION_CONTEXT(2) 
PARAMETRIC_REPRESENTATION_CONTEXT() REPRESENTATION_CONTEXT('2D SPACE',''
  ) );
#13447 = PCURVE('',#331,#13448);
#13448 = DEFINITIONAL_REPRESENTATION('',(#13449),#13453);
#13449 = LINE('',#13450,#13451);
#13450 = CARTESIAN_POINT('',(0.,-5.002));
#13451 = VECTOR('',#13452,1.);
#13452 = DIRECTION('',(0.,-1.));
#13453 = ( GEOMETRIC_REPRESENTATION_CONTEXT(2) 
PARAMETRIC_REPRESENTATION_CONTEXT() REPRESENTATION_CONTEXT('2D SPACE',''
  ) );
#13454 = ADVANCED_FACE('',(#13455),#302,.T.);
#13455 = FACE_BOUND('',#13456,.T.);
#13456 = EDGE_LOOP('',(#13457,#13458,#13479,#13480));
#13457 = ORIENTED_EDGE('',*,*,#1161,.F.);
#13458 = ORIENTED_EDGE('',*,*,#13459,.F.);
#13459 = EDGE_CURVE('',#287,#1138,#13460,.T.);
#13460 = SURFACE_CURVE('',#13461,(#13465,#13472),.PCURVE_S1.);
#13461 = LINE('',#13462,#13463);
#13462 = CARTESIAN_POINT('',(-3.1,77.1,59.));
#13463 = VECTOR('',#13464,1.);
#13464 = DIRECTION('',(4.595293976097E-16,-1.,0.));
#13465 = PCURVE('',#302,#13466);
#13466 = DEFINITIONAL_REPRESENTATION('',(#13467),#13471);
#13467 = LINE('',#13468,#13469);
#13468 = CARTESIAN_POINT('',(3.1,-1.999999999995E-03));
#13469 = VECTOR('',#13470,1.);
#13470 = DIRECTION('',(-4.595293976097E-16,-1.));
#13471 = ( GEOMETRIC_REPRESENTATION_CONTEXT(2) 
PARAMETRIC_REPRESENTATION_CONTEXT() REPRESENTATION_CONTEXT('2D SPACE',''
  ) );
#13472 = PCURVE('',#331,#13473);
#13473 = DEFINITIONAL_REPRESENTATION('',(#13474),#13478);
#13474 = LINE('',#13475,#13476);
#13475 = CARTESIAN_POINT('',(1.570796326795,-1.999999999995E-03));
#13476 = VECTOR('',#13477,1.);
#13477 = DIRECTION('',(0.,-1.));
#13478 = ( GEOMETRIC_REPRESENTATION_CONTEXT(2) 
PARAMETRIC_REPRESENTATION_CONTEXT() REPRESENTATION_CONTEXT('2D SPACE',''
  ) );
#13479 = ORIENTED_EDGE('',*,*,#286,.F.);
#13480 = ORIENTED_EDGE('',*,*,#13481,.T.);
#13481 = EDGE_CURVE('',#258,#1162,#13482,.T.);
#13482 = SURFACE_CURVE('',#13483,(#13487,#13494),.PCURVE_S1.);
#13483 = LINE('',#13484,#13485);
#13484 = CARTESIAN_POINT('',(3.1,72.1,59.));
#13485 = VECTOR('',#13486,1.);
#13486 = DIRECTION('',(4.595293976097E-16,-1.,0.));
#13487 = PCURVE('',#302,#13488);
#13488 = DEFINITIONAL_REPRESENTATION('',(#13489),#13493);
#13489 = LINE('',#13490,#13491);
#13490 = CARTESIAN_POINT('',(-3.1,-5.002));
#13491 = VECTOR('',#13492,1.);
#13492 = DIRECTION('',(-4.595293976097E-16,-1.));
#13493 = ( GEOMETRIC_REPRESENTATION_CONTEXT(2) 
PARAMETRIC_REPRESENTATION_CONTEXT() REPRESENTATION_CONTEXT('2D SPACE',''
  ) );
#13494 = PCURVE('',#274,#13495);
#13495 = DEFINITIONAL_REPRESENTATION('',(#13496),#13500);
#13496 = LINE('',#13497,#13498);
#13497 = CARTESIAN_POINT('',(1.570796326795,-5.002));
#13498 = VECTOR('',#13499,1.);
#13499 = DIRECTION('',(0.,-1.));
#13500 = ( GEOMETRIC_REPRESENTATION_CONTEXT(2) 
PARAMETRIC_REPRESENTATION_CONTEXT() REPRESENTATION_CONTEXT('2D SPACE',''
  ) );
#13501 = ADVANCED_FACE('',(#13502),#245,.T.);
#13502 = FACE_BOUND('',#13503,.T.);
#13503 = EDGE_LOOP('',(#13504,#13505,#13526,#13527));
#13504 = ORIENTED_EDGE('',*,*,#229,.F.);
#13505 = ORIENTED_EDGE('',*,*,#13506,.T.);
#13506 = EDGE_CURVE('',#201,#1209,#13507,.T.);
#13507 = SURFACE_CURVE('',#13508,(#13512,#13519),.PCURVE_S1.);
#13508 = LINE('',#13509,#13510);
#13509 = CARTESIAN_POINT('',(5.1,72.1,7.));
#13510 = VECTOR('',#13511,1.);
#13511 = DIRECTION('',(4.595293976097E-16,-1.,0.));
#13512 = PCURVE('',#245,#13513);
#13513 = DEFINITIONAL_REPRESENTATION('',(#13514),#13518);
#13514 = LINE('',#13515,#13516);
#13515 = CARTESIAN_POINT('',(5.002,-25.));
#13516 = VECTOR('',#13517,1.);
#13517 = DIRECTION('',(1.,3.116869773395E-48));
#13518 = ( GEOMETRIC_REPRESENTATION_CONTEXT(2) 
PARAMETRIC_REPRESENTATION_CONTEXT() REPRESENTATION_CONTEXT('2D SPACE',''
  ) );
#13519 = PCURVE('',#217,#13520);
#13520 = DEFINITIONAL_REPRESENTATION('',(#13521),#13525);
#13521 = LINE('',#13522,#13523);
#13522 = CARTESIAN_POINT('',(3.14159265359,-5.002));
#13523 = VECTOR('',#13524,1.);
#13524 = DIRECTION('',(0.,-1.));
#13525 = ( GEOMETRIC_REPRESENTATION_CONTEXT(2) 
PARAMETRIC_REPRESENTATION_CONTEXT() REPRESENTATION_CONTEXT('2D SPACE',''
  ) );
#13526 = ORIENTED_EDGE('',*,*,#1208,.F.);
#13527 = ORIENTED_EDGE('',*,*,#13528,.F.);
#13528 = EDGE_CURVE('',#230,#1185,#13529,.T.);
#13529 = SURFACE_CURVE('',#13530,(#13534,#13541),.PCURVE_S1.);
#13530 = LINE('',#13531,#13532);
#13531 = CARTESIAN_POINT('',(5.1,77.1,57.));
#13532 = VECTOR('',#13533,1.);
#13533 = DIRECTION('',(4.595293976097E-16,-1.,0.));
#13534 = PCURVE('',#245,#13535);
#13535 = DEFINITIONAL_REPRESENTATION('',(#13536),#13540);
#13536 = LINE('',#13537,#13538);
#13537 = CARTESIAN_POINT('',(1.999999999995E-03,25.));
#13538 = VECTOR('',#13539,1.);
#13539 = DIRECTION('',(1.,3.116869773395E-48));
#13540 = ( GEOMETRIC_REPRESENTATION_CONTEXT(2) 
PARAMETRIC_REPRESENTATION_CONTEXT() REPRESENTATION_CONTEXT('2D SPACE',''
  ) );
#13541 = PCURVE('',#274,#13542);
#13542 = DEFINITIONAL_REPRESENTATION('',(#13543),#13547);
#13543 = LINE('',#13544,#13545);
#13544 = CARTESIAN_POINT('',(3.14159265359,-1.999999999995E-03));
#13545 = VECTOR('',#13546,1.);
#13546 = DIRECTION('',(0.,-1.));
#13547 = ( GEOMETRIC_REPRESENTATION_CONTEXT(2) 
PARAMETRIC_REPRESENTATION_CONTEXT() REPRESENTATION_CONTEXT('2D SPACE',''
  ) );
#13548 = ADVANCED_FACE('',(#13549),#590,.T.);
#13549 = FACE_BOUND('',#13550,.T.);
#13550 = EDGE_LOOP('',(#13551,#13552,#13573,#13574));
#13551 = ORIENTED_EDGE('',*,*,#574,.F.);
#13552 = ORIENTED_EDGE('',*,*,#13553,.F.);
#13553 = EDGE_CURVE('',#801,#546,#13554,.T.);
#13554 = SURFACE_CURVE('',#13555,(#13559,#13566),.PCURVE_S1.);
#13555 = LINE('',#13556,#13557);
#13556 = CARTESIAN_POINT('',(-3.1,-72.1,59.));
#13557 = VECTOR('',#13558,1.);
#13558 = DIRECTION('',(4.595293976097E-16,-1.,0.));
#13559 = PCURVE('',#590,#13560);
#13560 = DEFINITIONAL_REPRESENTATION('',(#13561),#13565);
#13561 = LINE('',#13562,#13563);
#13562 = CARTESIAN_POINT('',(3.1,-149.202));
#13563 = VECTOR('',#13564,1.);
#13564 = DIRECTION('',(-4.595293976097E-16,-1.));
#13565 = ( GEOMETRIC_REPRESENTATION_CONTEXT(2) 
PARAMETRIC_REPRESENTATION_CONTEXT() REPRESENTATION_CONTEXT('2D SPACE',''
  ) );
#13566 = PCURVE('',#562,#13567);
#13567 = DEFINITIONAL_REPRESENTATION('',(#13568),#13572);
#13568 = LINE('',#13569,#13570);
#13569 = CARTESIAN_POINT('',(1.570796326795,-149.202));
#13570 = VECTOR('',#13571,1.);
#13571 = DIRECTION('',(0.,-1.));
#13572 = ( GEOMETRIC_REPRESENTATION_CONTEXT(2) 
PARAMETRIC_REPRESENTATION_CONTEXT() REPRESENTATION_CONTEXT('2D SPACE',''
  ) );
#13573 = ORIENTED_EDGE('',*,*,#800,.T.);
#13574 = ORIENTED_EDGE('',*,*,#13575,.T.);
#13575 = EDGE_CURVE('',#777,#575,#13576,.T.);
#13576 = SURFACE_CURVE('',#13577,(#13581,#13588),.PCURVE_S1.);
#13577 = LINE('',#13578,#13579);
#13578 = CARTESIAN_POINT('',(3.1,-77.1,59.));
#13579 = VECTOR('',#13580,1.);
#13580 = DIRECTION('',(4.595293976097E-16,-1.,0.));
#13581 = PCURVE('',#590,#13582);
#13582 = DEFINITIONAL_REPRESENTATION('',(#13583),#13587);
#13583 = LINE('',#13584,#13585);
#13584 = CARTESIAN_POINT('',(-3.1,-154.202));
#13585 = VECTOR('',#13586,1.);
#13586 = DIRECTION('',(-4.595293976097E-16,-1.));
#13587 = ( GEOMETRIC_REPRESENTATION_CONTEXT(2) 
PARAMETRIC_REPRESENTATION_CONTEXT() REPRESENTATION_CONTEXT('2D SPACE',''
  ) );
#13588 = PCURVE('',#619,#13589);
#13589 = DEFINITIONAL_REPRESENTATION('',(#13590),#13594);
#13590 = LINE('',#13591,#13592);
#13591 = CARTESIAN_POINT('',(1.570796326795,-154.202));
#13592 = VECTOR('',#13593,1.);
#13593 = DIRECTION('',(0.,-1.));
#13594 = ( GEOMETRIC_REPRESENTATION_CONTEXT(2) 
PARAMETRIC_REPRESENTATION_CONTEXT() REPRESENTATION_CONTEXT('2D SPACE',''
  ) );
#13595 = ADVANCED_FACE('',(#13596),#647,.T.);
#13596 = FACE_BOUND('',#13597,.T.);
#13597 = EDGE_LOOP('',(#13598,#13599,#13620,#13621));
#13598 = ORIENTED_EDGE('',*,*,#631,.F.);
#13599 = ORIENTED_EDGE('',*,*,#13600,.F.);
#13600 = EDGE_CURVE('',#747,#603,#13601,.T.);
#13601 = SURFACE_CURVE('',#13602,(#13606,#13613),.PCURVE_S1.);
#13602 = LINE('',#13603,#13604);
#13603 = CARTESIAN_POINT('',(5.1,-72.1,57.));
#13604 = VECTOR('',#13605,1.);
#13605 = DIRECTION('',(4.595293976097E-16,-1.,0.));
#13606 = PCURVE('',#647,#13607);
#13607 = DEFINITIONAL_REPRESENTATION('',(#13608),#13612);
#13608 = LINE('',#13609,#13610);
#13609 = CARTESIAN_POINT('',(149.202,25.));
#13610 = VECTOR('',#13611,1.);
#13611 = DIRECTION('',(1.,3.116869773395E-48));
#13612 = ( GEOMETRIC_REPRESENTATION_CONTEXT(2) 
PARAMETRIC_REPRESENTATION_CONTEXT() REPRESENTATION_CONTEXT('2D SPACE',''
  ) );
#13613 = PCURVE('',#619,#13614);
#13614 = DEFINITIONAL_REPRESENTATION('',(#13615),#13619);
#13615 = LINE('',#13616,#13617);
#13616 = CARTESIAN_POINT('',(3.14159265359,-149.202));
#13617 = VECTOR('',#13618,1.);
#13618 = DIRECTION('',(0.,-1.));
#13619 = ( GEOMETRIC_REPRESENTATION_CONTEXT(2) 
PARAMETRIC_REPRESENTATION_CONTEXT() REPRESENTATION_CONTEXT('2D SPACE',''
  ) );
#13620 = ORIENTED_EDGE('',*,*,#746,.T.);
#13621 = ORIENTED_EDGE('',*,*,#13622,.T.);
#13622 = EDGE_CURVE('',#749,#632,#13623,.T.);
#13623 = SURFACE_CURVE('',#13624,(#13628,#13635),.PCURVE_S1.);
#13624 = LINE('',#13625,#13626);
#13625 = CARTESIAN_POINT('',(5.1,-77.1,7.));
#13626 = VECTOR('',#13627,1.);
#13627 = DIRECTION('',(4.595293976097E-16,-1.,0.));
#13628 = PCURVE('',#647,#13629);
#13629 = DEFINITIONAL_REPRESENTATION('',(#13630),#13634);
#13630 = LINE('',#13631,#13632);
#13631 = CARTESIAN_POINT('',(154.202,-25.));
#13632 = VECTOR('',#13633,1.);
#13633 = DIRECTION('',(1.,3.116869773395E-48));
#13634 = ( GEOMETRIC_REPRESENTATION_CONTEXT(2) 
PARAMETRIC_REPRESENTATION_CONTEXT() REPRESENTATION_CONTEXT('2D SPACE',''
  ) );
#13635 = PCURVE('',#676,#13636);
#13636 = DEFINITIONAL_REPRESENTATION('',(#13637),#13641);
#13637 = LINE('',#13638,#13639);
#13638 = CARTESIAN_POINT('',(3.14159265359,-154.202));
#13639 = VECTOR('',#13640,1.);
#13640 = DIRECTION('',(0.,-1.));
#13641 = ( GEOMETRIC_REPRESENTATION_CONTEXT(2) 
PARAMETRIC_REPRESENTATION_CONTEXT() REPRESENTATION_CONTEXT('2D SPACE',''
  ) );
#13642 = ADVANCED_FACE('',(#13643),#533,.T.);
#13643 = FACE_BOUND('',#13644,.T.);
#13644 = EDGE_LOOP('',(#13645,#13646,#13667,#13668));
#13645 = ORIENTED_EDGE('',*,*,#847,.T.);
#13646 = ORIENTED_EDGE('',*,*,#13647,.T.);
#13647 = EDGE_CURVE('',#824,#518,#13648,.T.);
#13648 = SURFACE_CURVE('',#13649,(#13653,#13660),.PCURVE_S1.);
#13649 = LINE('',#13650,#13651);
#13650 = CARTESIAN_POINT('',(-5.1,-77.1,57.));
#13651 = VECTOR('',#13652,1.);
#13652 = DIRECTION('',(4.595293976097E-16,-1.,0.));
#13653 = PCURVE('',#533,#13654);
#13654 = DEFINITIONAL_REPRESENTATION('',(#13655),#13659);
#13655 = LINE('',#13656,#13657);
#13656 = CARTESIAN_POINT('',(-154.202,25.));
#13657 = VECTOR('',#13658,1.);
#13658 = DIRECTION('',(-1.,3.116869773395E-48));
#13659 = ( GEOMETRIC_REPRESENTATION_CONTEXT(2) 
PARAMETRIC_REPRESENTATION_CONTEXT() REPRESENTATION_CONTEXT('2D SPACE',''
  ) );
#13660 = PCURVE('',#562,#13661);
#13661 = DEFINITIONAL_REPRESENTATION('',(#13662),#13666);
#13662 = LINE('',#13663,#13664);
#13663 = CARTESIAN_POINT('',(0.,-154.202));
#13664 = VECTOR('',#13665,1.);
#13665 = DIRECTION('',(0.,-1.));
#13666 = ( GEOMETRIC_REPRESENTATION_CONTEXT(2) 
PARAMETRIC_REPRESENTATION_CONTEXT() REPRESENTATION_CONTEXT('2D SPACE',''
  ) );
#13667 = ORIENTED_EDGE('',*,*,#515,.F.);
#13668 = ORIENTED_EDGE('',*,*,#13669,.F.);
#13669 = EDGE_CURVE('',#848,#516,#13670,.T.);
#13670 = SURFACE_CURVE('',#13671,(#13675,#13682),.PCURVE_S1.);
#13671 = LINE('',#13672,#13673);
#13672 = CARTESIAN_POINT('',(-5.1,-72.1,7.));
#13673 = VECTOR('',#13674,1.);
#13674 = DIRECTION('',(4.595293976097E-16,-1.,0.));
#13675 = PCURVE('',#533,#13676);
#13676 = DEFINITIONAL_REPRESENTATION('',(#13677),#13681);
#13677 = LINE('',#13678,#13679);
#13678 = CARTESIAN_POINT('',(-149.202,-25.));
#13679 = VECTOR('',#13680,1.);
#13680 = DIRECTION('',(-1.,3.116869773395E-48));
#13681 = ( GEOMETRIC_REPRESENTATION_CONTEXT(2) 
PARAMETRIC_REPRESENTATION_CONTEXT() REPRESENTATION_CONTEXT('2D SPACE',''
  ) );
#13682 = PCURVE('',#731,#13683);
#13683 = DEFINITIONAL_REPRESENTATION('',(#13684),#13688);
#13684 = LINE('',#13685,#13686);
#13685 = CARTESIAN_POINT('',(6.28318530718,-72.1));
#13686 = VECTOR('',#13687,1.);
#13687 = DIRECTION('',(0.,-1.));
#13688 = ( GEOMETRIC_REPRESENTATION_CONTEXT(2) 
PARAMETRIC_REPRESENTATION_CONTEXT() REPRESENTATION_CONTEXT('2D SPACE',''
  ) );
#13689 = ADVANCED_FACE('',(#13690),#217,.F.);
#13690 = FACE_BOUND('',#13691,.F.);
#13691 = EDGE_LOOP('',(#13692,#13693,#13694,#13695));
#13692 = ORIENTED_EDGE('',*,*,#13506,.T.);
#13693 = ORIENTED_EDGE('',*,*,#1231,.F.);
#13694 = ORIENTED_EDGE('',*,*,#5477,.F.);
#13695 = ORIENTED_EDGE('',*,*,#200,.T.);
#13696 = ADVANCED_FACE('',(#13697),#386,.F.);
#13697 = FACE_BOUND('',#13698,.F.);
#13698 = EDGE_LOOP('',(#13699,#13700,#13701,#13702));
#13699 = ORIENTED_EDGE('',*,*,#5499,.T.);
#13700 = ORIENTED_EDGE('',*,*,#1428,.F.);
#13701 = ORIENTED_EDGE('',*,*,#13412,.F.);
#13702 = ORIENTED_EDGE('',*,*,#371,.T.);
#13703 = ADVANCED_FACE('',(#13704),#331,.F.);
#13704 = FACE_BOUND('',#13705,.F.);
#13705 = EDGE_LOOP('',(#13706,#13707,#13708,#13709));
#13706 = ORIENTED_EDGE('',*,*,#13434,.T.);
#13707 = ORIENTED_EDGE('',*,*,#1137,.F.);
#13708 = ORIENTED_EDGE('',*,*,#13459,.F.);
#13709 = ORIENTED_EDGE('',*,*,#314,.T.);
#13710 = ADVANCED_FACE('',(#13711),#274,.F.);
#13711 = FACE_BOUND('',#13712,.F.);
#13712 = EDGE_LOOP('',(#13713,#13714,#13715,#13716));
#13713 = ORIENTED_EDGE('',*,*,#13481,.T.);
#13714 = ORIENTED_EDGE('',*,*,#1184,.F.);
#13715 = ORIENTED_EDGE('',*,*,#13528,.F.);
#13716 = ORIENTED_EDGE('',*,*,#257,.T.);
#13717 = ADVANCED_FACE('',(#13718),#562,.F.);
#13718 = FACE_BOUND('',#13719,.F.);
#13719 = EDGE_LOOP('',(#13720,#13721,#13722,#13723));
#13720 = ORIENTED_EDGE('',*,*,#13647,.T.);
#13721 = ORIENTED_EDGE('',*,*,#545,.F.);
#13722 = ORIENTED_EDGE('',*,*,#13553,.F.);
#13723 = ORIENTED_EDGE('',*,*,#823,.T.);
#13724 = ADVANCED_FACE('',(#13725),#619,.F.);
#13725 = FACE_BOUND('',#13726,.F.);
#13726 = EDGE_LOOP('',(#13727,#13728,#13729,#13730));
#13727 = ORIENTED_EDGE('',*,*,#13575,.T.);
#13728 = ORIENTED_EDGE('',*,*,#602,.F.);
#13729 = ORIENTED_EDGE('',*,*,#13600,.F.);
#13730 = ORIENTED_EDGE('',*,*,#776,.T.);
#13731 = ADVANCED_FACE('',(#13732),#676,.F.);
#13732 = FACE_BOUND('',#13733,.F.);
#13733 = EDGE_LOOP('',(#13734,#13735,#13736,#13737));
#13734 = ORIENTED_EDGE('',*,*,#13622,.T.);
#13735 = ORIENTED_EDGE('',*,*,#659,.F.);
#13736 = ORIENTED_EDGE('',*,*,#6303,.F.);
#13737 = ORIENTED_EDGE('',*,*,#1082,.T.);
#13738 = ADVANCED_FACE('',(#13739),#731,.F.);
#13739 = FACE_BOUND('',#13740,.F.);
#13740 = EDGE_LOOP('',(#13741,#13742,#13743,#13744));
#13741 = ORIENTED_EDGE('',*,*,#6398,.T.);
#13742 = ORIENTED_EDGE('',*,*,#716,.F.);
#13743 = ORIENTED_EDGE('',*,*,#13669,.F.);
#13744 = ORIENTED_EDGE('',*,*,#870,.T.);
#13745 = ( GEOMETRIC_REPRESENTATION_CONTEXT(3) 
GLOBAL_UNCERTAINTY_ASSIGNED_CONTEXT((#13749)) 
GLOBAL_UNIT_ASSIGNED_CONTEXT((#13746,#13747,#13748)) 
REPRESENTATION_CONTEXT('Context #1',
  '3D Context with UNIT and UNCERTAINTY') );
#13746 = ( LENGTH_UNIT() NAMED_UNIT(*) SI_UNIT(.MILLI.,.METRE.) );
#13747 = ( NAMED_UNIT(*) PLANE_ANGLE_UNIT() SI_UNIT($,.RADIAN.) );
#13748 = ( NAMED_UNIT(*) SI_UNIT($,.STERADIAN.) SOLID_ANGLE_UNIT() );
#13749 = UNCERTAINTY_MEASURE_WITH_UNIT(LENGTH_MEASURE(5.E-05),#13746,
  'distance_accuracy_value','confusion accuracy');
#13750 = CONTEXT_DEPENDENT_SHAPE_REPRESENTATION(#13751,#13753);
#13751 = ( REPRESENTATION_RELATIONSHIP('','',#44,#10) 
REPRESENTATION_RELATIONSHIP_WITH_TRANSFORMATION(#13752) 
SHAPE_REPRESENTATION_RELATIONSHIP() );
#13752 = ITEM_DEFINED_TRANSFORMATION('','',#11,#15);
#13753 = PRODUCT_DEFINITION_SHAPE('Placement','Placement of an item',
  #13754);
#13754 = NEXT_ASSEMBLY_USAGE_OCCURRENCE('263','','',#5,#39,$);
#13755 = PRODUCT_RELATED_PRODUCT_CATEGORY('part',$,(#41));
#13756 = SHAPE_DEFINITION_REPRESENTATION(#13757,#13763);
#13757 = PRODUCT_DEFINITION_SHAPE('','',#13758);
#13758 = PRODUCT_DEFINITION('design','',#13759,#13762);
#13759 = PRODUCT_DEFINITION_FORMATION('','',#13760);
#13760 = PRODUCT('Open CASCADE STEP translator 7.8 8.2',
  'Open CASCADE STEP translator 7.8 8.2','',(#13761));
#13761 = PRODUCT_CONTEXT('',#2,'mechanical');
#13762 = PRODUCT_DEFINITION_CONTEXT('part definition',#2,'design');
#13763 = ADVANCED_BREP_SHAPE_REPRESENTATION('',(#11,#13764),#14094);
#13764 = MANIFOLD_SOLID_BREP('',#13765);
#13765 = CLOSED_SHELL('',(#13766,#13886,#13962,#14033,#14080,#14087));
#13766 = ADVANCED_FACE('',(#13767),#13781,.T.);
#13767 = FACE_BOUND('',#13768,.T.);
#13768 = EDGE_LOOP('',(#13769,#13804,#13832,#13860));
#13769 = ORIENTED_EDGE('',*,*,#13770,.F.);
#13770 = EDGE_CURVE('',#13771,#13773,#13775,.T.);
#13771 = VERTEX_POINT('',#13772);
#13772 = CARTESIAN_POINT('',(-211.9514613151,-8.634012246017,0.));
#13773 = VERTEX_POINT('',#13774);
#13774 = CARTESIAN_POINT('',(-355.9514613151,-8.634012246017,0.));
#13775 = SURFACE_CURVE('',#13776,(#13780,#13792),.PCURVE_S1.);
#13776 = LINE('',#13777,#13778);
#13777 = CARTESIAN_POINT('',(-283.9514613151,-8.634012246017,0.));
#13778 = VECTOR('',#13779,1.);
#13779 = DIRECTION('',(-1.,0.,0.));
#13780 = PCURVE('',#13781,#13786);
#13781 = PLANE('',#13782);
#13782 = AXIS2_PLACEMENT_3D('',#13783,#13784,#13785);
#13783 = CARTESIAN_POINT('',(-283.9514613151,-8.634012246017,19.));
#13784 = DIRECTION('',(0.,-1.,0.));
#13785 = DIRECTION('',(0.,0.,-1.));
#13786 = DEFINITIONAL_REPRESENTATION('',(#13787),#13791);
#13787 = LINE('',#13788,#13789);
#13788 = CARTESIAN_POINT('',(19.,0.));
#13789 = VECTOR('',#13790,1.);
#13790 = DIRECTION('',(0.,-1.));
#13791 = ( GEOMETRIC_REPRESENTATION_CONTEXT(2) 
PARAMETRIC_REPRESENTATION_CONTEXT() REPRESENTATION_CONTEXT('2D SPACE',''
  ) );
#13792 = PCURVE('',#13793,#13798);
#13793 = PLANE('',#13794);
#13794 = AXIS2_PLACEMENT_3D('',#13795,#13796,#13797);
#13795 = CARTESIAN_POINT('',(-283.9514613151,25.865987753983,0.));
#13796 = DIRECTION('',(0.,0.,1.));
#13797 = DIRECTION('',(1.,0.,-0.));
#13798 = DEFINITIONAL_REPRESENTATION('',(#13799),#13803);
#13799 = LINE('',#13800,#13801);
#13800 = CARTESIAN_POINT('',(0.,-34.5));
#13801 = VECTOR('',#13802,1.);
#13802 = DIRECTION('',(-1.,0.));
#13803 = ( GEOMETRIC_REPRESENTATION_CONTEXT(2) 
PARAMETRIC_REPRESENTATION_CONTEXT() REPRESENTATION_CONTEXT('2D SPACE',''
  ) );
#13804 = ORIENTED_EDGE('',*,*,#13805,.F.);
#13805 = EDGE_CURVE('',#13806,#13771,#13808,.T.);
#13806 = VERTEX_POINT('',#13807);
#13807 = CARTESIAN_POINT('',(-211.9514613151,-8.634012246017,19.));
#13808 = SURFACE_CURVE('',#13809,(#13813,#13820),.PCURVE_S1.);
#13809 = LINE('',#13810,#13811);
#13810 = CARTESIAN_POINT('',(-211.9514613151,-8.634012246017,19.));
#13811 = VECTOR('',#13812,1.);
#13812 = DIRECTION('',(0.,0.,-1.));
#13813 = PCURVE('',#13781,#13814);
#13814 = DEFINITIONAL_REPRESENTATION('',(#13815),#13819);
#13815 = LINE('',#13816,#13817);
#13816 = CARTESIAN_POINT('',(0.,72.));
#13817 = VECTOR('',#13818,1.);
#13818 = DIRECTION('',(1.,0.));
#13819 = ( GEOMETRIC_REPRESENTATION_CONTEXT(2) 
PARAMETRIC_REPRESENTATION_CONTEXT() REPRESENTATION_CONTEXT('2D SPACE',''
  ) );
#13820 = PCURVE('',#13821,#13826);
#13821 = PLANE('',#13822);
#13822 = AXIS2_PLACEMENT_3D('',#13823,#13824,#13825);
#13823 = CARTESIAN_POINT('',(-211.9514613151,25.865987753983,19.));
#13824 = DIRECTION('',(-1.,0.,0.));
#13825 = DIRECTION('',(0.,0.,1.));
#13826 = DEFINITIONAL_REPRESENTATION('',(#13827),#13831);
#13827 = LINE('',#13828,#13829);
#13828 = CARTESIAN_POINT('',(0.,-34.5));
#13829 = VECTOR('',#13830,1.);
#13830 = DIRECTION('',(-1.,0.));
#13831 = ( GEOMETRIC_REPRESENTATION_CONTEXT(2) 
PARAMETRIC_REPRESENTATION_CONTEXT() REPRESENTATION_CONTEXT('2D SPACE',''
  ) );
#13832 = ORIENTED_EDGE('',*,*,#13833,.T.);
#13833 = EDGE_CURVE('',#13806,#13834,#13836,.T.);
#13834 = VERTEX_POINT('',#13835);
#13835 = CARTESIAN_POINT('',(-355.9514613151,-8.634012246017,19.));
#13836 = SURFACE_CURVE('',#13837,(#13841,#13848),.PCURVE_S1.);
#13837 = LINE('',#13838,#13839);
#13838 = CARTESIAN_POINT('',(-283.9514613151,-8.634012246017,19.));
#13839 = VECTOR('',#13840,1.);
#13840 = DIRECTION('',(-1.,0.,0.));
#13841 = PCURVE('',#13781,#13842);
#13842 = DEFINITIONAL_REPRESENTATION('',(#13843),#13847);
#13843 = LINE('',#13844,#13845);
#13844 = CARTESIAN_POINT('',(0.,0.));
#13845 = VECTOR('',#13846,1.);
#13846 = DIRECTION('',(0.,-1.));
#13847 = ( GEOMETRIC_REPRESENTATION_CONTEXT(2) 
PARAMETRIC_REPRESENTATION_CONTEXT() REPRESENTATION_CONTEXT('2D SPACE',''
  ) );
#13848 = PCURVE('',#13849,#13854);
#13849 = PLANE('',#13850);
#13850 = AXIS2_PLACEMENT_3D('',#13851,#13852,#13853);
#13851 = CARTESIAN_POINT('',(-283.9514613151,25.865987753983,19.));
#13852 = DIRECTION('',(0.,0.,1.));
#13853 = DIRECTION('',(1.,0.,-0.));
#13854 = DEFINITIONAL_REPRESENTATION('',(#13855),#13859);
#13855 = LINE('',#13856,#13857);
#13856 = CARTESIAN_POINT('',(0.,-34.5));
#13857 = VECTOR('',#13858,1.);
#13858 = DIRECTION('',(-1.,0.));
#13859 = ( GEOMETRIC_REPRESENTATION_CONTEXT(2) 
PARAMETRIC_REPRESENTATION_CONTEXT() REPRESENTATION_CONTEXT('2D SPACE',''
  ) );
#13860 = ORIENTED_EDGE('',*,*,#13861,.T.);
#13861 = EDGE_CURVE('',#13834,#13773,#13862,.T.);
#13862 = SURFACE_CURVE('',#13863,(#13867,#13874),.PCURVE_S1.);
#13863 = LINE('',#13864,#13865);
#13864 = CARTESIAN_POINT('',(-355.9514613151,-8.634012246017,19.));
#13865 = VECTOR('',#13866,1.);
#13866 = DIRECTION('',(0.,0.,-1.));
#13867 = PCURVE('',#13781,#13868);
#13868 = DEFINITIONAL_REPRESENTATION('',(#13869),#13873);
#13869 = LINE('',#13870,#13871);
#13870 = CARTESIAN_POINT('',(0.,-72.));
#13871 = VECTOR('',#13872,1.);
#13872 = DIRECTION('',(1.,0.));
#13873 = ( GEOMETRIC_REPRESENTATION_CONTEXT(2) 
PARAMETRIC_REPRESENTATION_CONTEXT() REPRESENTATION_CONTEXT('2D SPACE',''
  ) );
#13874 = PCURVE('',#13875,#13880);
#13875 = PLANE('',#13876);
#13876 = AXIS2_PLACEMENT_3D('',#13877,#13878,#13879);
#13877 = CARTESIAN_POINT('',(-355.9514613151,25.865987753983,19.));
#13878 = DIRECTION('',(-1.,0.,0.));
#13879 = DIRECTION('',(0.,0.,1.));
#13880 = DEFINITIONAL_REPRESENTATION('',(#13881),#13885);
#13881 = LINE('',#13882,#13883);
#13882 = CARTESIAN_POINT('',(0.,-34.5));
#13883 = VECTOR('',#13884,1.);
#13884 = DIRECTION('',(-1.,0.));
#13885 = ( GEOMETRIC_REPRESENTATION_CONTEXT(2) 
PARAMETRIC_REPRESENTATION_CONTEXT() REPRESENTATION_CONTEXT('2D SPACE',''
  ) );
#13886 = ADVANCED_FACE('',(#13887),#13821,.F.);
#13887 = FACE_BOUND('',#13888,.T.);
#13888 = EDGE_LOOP('',(#13889,#13912,#13940,#13961));
#13889 = ORIENTED_EDGE('',*,*,#13890,.T.);
#13890 = EDGE_CURVE('',#13771,#13891,#13893,.T.);
#13891 = VERTEX_POINT('',#13892);
#13892 = CARTESIAN_POINT('',(-211.9514613151,60.365987753982,0.));
#13893 = SURFACE_CURVE('',#13894,(#13898,#13905),.PCURVE_S1.);
#13894 = LINE('',#13895,#13896);
#13895 = CARTESIAN_POINT('',(-211.9514613151,25.865987753983,0.));
#13896 = VECTOR('',#13897,1.);
#13897 = DIRECTION('',(0.,1.,0.));
#13898 = PCURVE('',#13821,#13899);
#13899 = DEFINITIONAL_REPRESENTATION('',(#13900),#13904);
#13900 = LINE('',#13901,#13902);
#13901 = CARTESIAN_POINT('',(-19.,0.));
#13902 = VECTOR('',#13903,1.);
#13903 = DIRECTION('',(0.,1.));
#13904 = ( GEOMETRIC_REPRESENTATION_CONTEXT(2) 
PARAMETRIC_REPRESENTATION_CONTEXT() REPRESENTATION_CONTEXT('2D SPACE',''
  ) );
#13905 = PCURVE('',#13793,#13906);
#13906 = DEFINITIONAL_REPRESENTATION('',(#13907),#13911);
#13907 = LINE('',#13908,#13909);
#13908 = CARTESIAN_POINT('',(72.,0.));
#13909 = VECTOR('',#13910,1.);
#13910 = DIRECTION('',(0.,1.));
#13911 = ( GEOMETRIC_REPRESENTATION_CONTEXT(2) 
PARAMETRIC_REPRESENTATION_CONTEXT() REPRESENTATION_CONTEXT('2D SPACE',''
  ) );
#13912 = ORIENTED_EDGE('',*,*,#13913,.F.);
#13913 = EDGE_CURVE('',#13914,#13891,#13916,.T.);
#13914 = VERTEX_POINT('',#13915);
#13915 = CARTESIAN_POINT('',(-211.9514613151,60.365987753982,19.));
#13916 = SURFACE_CURVE('',#13917,(#13921,#13928),.PCURVE_S1.);
#13917 = LINE('',#13918,#13919);
#13918 = CARTESIAN_POINT('',(-211.9514613151,60.365987753982,19.));
#13919 = VECTOR('',#13920,1.);
#13920 = DIRECTION('',(0.,0.,-1.));
#13921 = PCURVE('',#13821,#13922);
#13922 = DEFINITIONAL_REPRESENTATION('',(#13923),#13927);
#13923 = LINE('',#13924,#13925);
#13924 = CARTESIAN_POINT('',(0.,34.5));
#13925 = VECTOR('',#13926,1.);
#13926 = DIRECTION('',(-1.,0.));
#13927 = ( GEOMETRIC_REPRESENTATION_CONTEXT(2) 
PARAMETRIC_REPRESENTATION_CONTEXT() REPRESENTATION_CONTEXT('2D SPACE',''
  ) );
#13928 = PCURVE('',#13929,#13934);
#13929 = PLANE('',#13930);
#13930 = AXIS2_PLACEMENT_3D('',#13931,#13932,#13933);
#13931 = CARTESIAN_POINT('',(-283.9514613151,60.365987753982,19.));
#13932 = DIRECTION('',(9.637352644316E-17,-1.,0.));
#13933 = DIRECTION('',(1.,9.637352644316E-17,0.));
#13934 = DEFINITIONAL_REPRESENTATION('',(#13935),#13939);
#13935 = LINE('',#13936,#13937);
#13936 = CARTESIAN_POINT('',(72.,0.));
#13937 = VECTOR('',#13938,1.);
#13938 = DIRECTION('',(0.,-1.));
#13939 = ( GEOMETRIC_REPRESENTATION_CONTEXT(2) 
PARAMETRIC_REPRESENTATION_CONTEXT() REPRESENTATION_CONTEXT('2D SPACE',''
  ) );
#13940 = ORIENTED_EDGE('',*,*,#13941,.F.);
#13941 = EDGE_CURVE('',#13806,#13914,#13942,.T.);
#13942 = SURFACE_CURVE('',#13943,(#13947,#13954),.PCURVE_S1.);
#13943 = LINE('',#13944,#13945);
#13944 = CARTESIAN_POINT('',(-211.9514613151,25.865987753983,19.));
#13945 = VECTOR('',#13946,1.);
#13946 = DIRECTION('',(0.,1.,0.));
#13947 = PCURVE('',#13821,#13948);
#13948 = DEFINITIONAL_REPRESENTATION('',(#13949),#13953);
#13949 = LINE('',#13950,#13951);
#13950 = CARTESIAN_POINT('',(0.,0.));
#13951 = VECTOR('',#13952,1.);
#13952 = DIRECTION('',(0.,1.));
#13953 = ( GEOMETRIC_REPRESENTATION_CONTEXT(2) 
PARAMETRIC_REPRESENTATION_CONTEXT() REPRESENTATION_CONTEXT('2D SPACE',''
  ) );
#13954 = PCURVE('',#13849,#13955);
#13955 = DEFINITIONAL_REPRESENTATION('',(#13956),#13960);
#13956 = LINE('',#13957,#13958);
#13957 = CARTESIAN_POINT('',(72.,0.));
#13958 = VECTOR('',#13959,1.);
#13959 = DIRECTION('',(0.,1.));
#13960 = ( GEOMETRIC_REPRESENTATION_CONTEXT(2) 
PARAMETRIC_REPRESENTATION_CONTEXT() REPRESENTATION_CONTEXT('2D SPACE',''
  ) );
#13961 = ORIENTED_EDGE('',*,*,#13805,.T.);
#13962 = ADVANCED_FACE('',(#13963),#13929,.F.);
#13963 = FACE_BOUND('',#13964,.T.);
#13964 = EDGE_LOOP('',(#13965,#13988,#14011,#14032));
#13965 = ORIENTED_EDGE('',*,*,#13966,.T.);
#13966 = EDGE_CURVE('',#13891,#13967,#13969,.T.);
#13967 = VERTEX_POINT('',#13968);
#13968 = CARTESIAN_POINT('',(-355.9514613151,60.365987753982,0.));
#13969 = SURFACE_CURVE('',#13970,(#13974,#13981),.PCURVE_S1.);
#13970 = LINE('',#13971,#13972);
#13971 = CARTESIAN_POINT('',(-283.9514613151,60.365987753982,0.));
#13972 = VECTOR('',#13973,1.);
#13973 = DIRECTION('',(-1.,-9.637352644316E-17,0.));
#13974 = PCURVE('',#13929,#13975);
#13975 = DEFINITIONAL_REPRESENTATION('',(#13976),#13980);
#13976 = LINE('',#13977,#13978);
#13977 = CARTESIAN_POINT('',(0.,-19.));
#13978 = VECTOR('',#13979,1.);
#13979 = DIRECTION('',(-1.,0.));
#13980 = ( GEOMETRIC_REPRESENTATION_CONTEXT(2) 
PARAMETRIC_REPRESENTATION_CONTEXT() REPRESENTATION_CONTEXT('2D SPACE',''
  ) );
#13981 = PCURVE('',#13793,#13982);
#13982 = DEFINITIONAL_REPRESENTATION('',(#13983),#13987);
#13983 = LINE('',#13984,#13985);
#13984 = CARTESIAN_POINT('',(0.,34.5));
#13985 = VECTOR('',#13986,1.);
#13986 = DIRECTION('',(-1.,-9.637352644316E-17));
#13987 = ( GEOMETRIC_REPRESENTATION_CONTEXT(2) 
PARAMETRIC_REPRESENTATION_CONTEXT() REPRESENTATION_CONTEXT('2D SPACE',''
  ) );
#13988 = ORIENTED_EDGE('',*,*,#13989,.F.);
#13989 = EDGE_CURVE('',#13990,#13967,#13992,.T.);
#13990 = VERTEX_POINT('',#13991);
#13991 = CARTESIAN_POINT('',(-355.9514613151,60.365987753982,19.));
#13992 = SURFACE_CURVE('',#13993,(#13997,#14004),.PCURVE_S1.);
#13993 = LINE('',#13994,#13995);
#13994 = CARTESIAN_POINT('',(-355.9514613151,60.365987753982,19.));
#13995 = VECTOR('',#13996,1.);
#13996 = DIRECTION('',(0.,0.,-1.));
#13997 = PCURVE('',#13929,#13998);
#13998 = DEFINITIONAL_REPRESENTATION('',(#13999),#14003);
#13999 = LINE('',#14000,#14001);
#14000 = CARTESIAN_POINT('',(-72.,0.));
#14001 = VECTOR('',#14002,1.);
#14002 = DIRECTION('',(0.,-1.));
#14003 = ( GEOMETRIC_REPRESENTATION_CONTEXT(2) 
PARAMETRIC_REPRESENTATION_CONTEXT() REPRESENTATION_CONTEXT('2D SPACE',''
  ) );
#14004 = PCURVE('',#13875,#14005);
#14005 = DEFINITIONAL_REPRESENTATION('',(#14006),#14010);
#14006 = LINE('',#14007,#14008);
#14007 = CARTESIAN_POINT('',(0.,34.5));
#14008 = VECTOR('',#14009,1.);
#14009 = DIRECTION('',(-1.,0.));
#14010 = ( GEOMETRIC_REPRESENTATION_CONTEXT(2) 
PARAMETRIC_REPRESENTATION_CONTEXT() REPRESENTATION_CONTEXT('2D SPACE',''
  ) );
#14011 = ORIENTED_EDGE('',*,*,#14012,.F.);
#14012 = EDGE_CURVE('',#13914,#13990,#14013,.T.);
#14013 = SURFACE_CURVE('',#14014,(#14018,#14025),.PCURVE_S1.);
#14014 = LINE('',#14015,#14016);
#14015 = CARTESIAN_POINT('',(-283.9514613151,60.365987753982,19.));
#14016 = VECTOR('',#14017,1.);
#14017 = DIRECTION('',(-1.,-9.637352644316E-17,0.));
#14018 = PCURVE('',#13929,#14019);
#14019 = DEFINITIONAL_REPRESENTATION('',(#14020),#14024);
#14020 = LINE('',#14021,#14022);
#14021 = CARTESIAN_POINT('',(0.,0.));
#14022 = VECTOR('',#14023,1.);
#14023 = DIRECTION('',(-1.,0.));
#14024 = ( GEOMETRIC_REPRESENTATION_CONTEXT(2) 
PARAMETRIC_REPRESENTATION_CONTEXT() REPRESENTATION_CONTEXT('2D SPACE',''
  ) );
#14025 = PCURVE('',#13849,#14026);
#14026 = DEFINITIONAL_REPRESENTATION('',(#14027),#14031);
#14027 = LINE('',#14028,#14029);
#14028 = CARTESIAN_POINT('',(0.,34.5));
#14029 = VECTOR('',#14030,1.);
#14030 = DIRECTION('',(-1.,-9.637352644316E-17));
#14031 = ( GEOMETRIC_REPRESENTATION_CONTEXT(2) 
PARAMETRIC_REPRESENTATION_CONTEXT() REPRESENTATION_CONTEXT('2D SPACE',''
  ) );
#14032 = ORIENTED_EDGE('',*,*,#13913,.T.);
#14033 = ADVANCED_FACE('',(#14034),#13875,.T.);
#14034 = FACE_BOUND('',#14035,.T.);
#14035 = EDGE_LOOP('',(#14036,#14057,#14058,#14079));
#14036 = ORIENTED_EDGE('',*,*,#14037,.F.);
#14037 = EDGE_CURVE('',#13773,#13967,#14038,.T.);
#14038 = SURFACE_CURVE('',#14039,(#14043,#14050),.PCURVE_S1.);
#14039 = LINE('',#14040,#14041);
#14040 = CARTESIAN_POINT('',(-355.9514613151,25.865987753983,0.));
#14041 = VECTOR('',#14042,1.);
#14042 = DIRECTION('',(0.,1.,0.));
#14043 = PCURVE('',#13875,#14044);
#14044 = DEFINITIONAL_REPRESENTATION('',(#14045),#14049);
#14045 = LINE('',#14046,#14047);
#14046 = CARTESIAN_POINT('',(-19.,0.));
#14047 = VECTOR('',#14048,1.);
#14048 = DIRECTION('',(0.,1.));
#14049 = ( GEOMETRIC_REPRESENTATION_CONTEXT(2) 
PARAMETRIC_REPRESENTATION_CONTEXT() REPRESENTATION_CONTEXT('2D SPACE',''
  ) );
#14050 = PCURVE('',#13793,#14051);
#14051 = DEFINITIONAL_REPRESENTATION('',(#14052),#14056);
#14052 = LINE('',#14053,#14054);
#14053 = CARTESIAN_POINT('',(-72.,0.));
#14054 = VECTOR('',#14055,1.);
#14055 = DIRECTION('',(0.,1.));
#14056 = ( GEOMETRIC_REPRESENTATION_CONTEXT(2) 
PARAMETRIC_REPRESENTATION_CONTEXT() REPRESENTATION_CONTEXT('2D SPACE',''
  ) );
#14057 = ORIENTED_EDGE('',*,*,#13861,.F.);
#14058 = ORIENTED_EDGE('',*,*,#14059,.T.);
#14059 = EDGE_CURVE('',#13834,#13990,#14060,.T.);
#14060 = SURFACE_CURVE('',#14061,(#14065,#14072),.PCURVE_S1.);
#14061 = LINE('',#14062,#14063);
#14062 = CARTESIAN_POINT('',(-355.9514613151,25.865987753983,19.));
#14063 = VECTOR('',#14064,1.);
#14064 = DIRECTION('',(0.,1.,0.));
#14065 = PCURVE('',#13875,#14066);
#14066 = DEFINITIONAL_REPRESENTATION('',(#14067),#14071);
#14067 = LINE('',#14068,#14069);
#14068 = CARTESIAN_POINT('',(0.,0.));
#14069 = VECTOR('',#14070,1.);
#14070 = DIRECTION('',(0.,1.));
#14071 = ( GEOMETRIC_REPRESENTATION_CONTEXT(2) 
PARAMETRIC_REPRESENTATION_CONTEXT() REPRESENTATION_CONTEXT('2D SPACE',''
  ) );
#14072 = PCURVE('',#13849,#14073);
#14073 = DEFINITIONAL_REPRESENTATION('',(#14074),#14078);
#14074 = LINE('',#14075,#14076);
#14075 = CARTESIAN_POINT('',(-72.,0.));
#14076 = VECTOR('',#14077,1.);
#14077 = DIRECTION('',(0.,1.));
#14078 = ( GEOMETRIC_REPRESENTATION_CONTEXT(2) 
PARAMETRIC_REPRESENTATION_CONTEXT() REPRESENTATION_CONTEXT('2D SPACE',''
  ) );
#14079 = ORIENTED_EDGE('',*,*,#13989,.T.);
#14080 = ADVANCED_FACE('',(#14081),#13849,.T.);
#14081 = FACE_BOUND('',#14082,.T.);
#14082 = EDGE_LOOP('',(#14083,#14084,#14085,#14086));
#14083 = ORIENTED_EDGE('',*,*,#13833,.F.);
#14084 = ORIENTED_EDGE('',*,*,#13941,.T.);
#14085 = ORIENTED_EDGE('',*,*,#14012,.T.);
#14086 = ORIENTED_EDGE('',*,*,#14059,.F.);
#14087 = ADVANCED_FACE('',(#14088),#13793,.F.);
#14088 = FACE_BOUND('',#14089,.T.);
#14089 = EDGE_LOOP('',(#14090,#14091,#14092,#14093));
#14090 = ORIENTED_EDGE('',*,*,#13770,.T.);
#14091 = ORIENTED_EDGE('',*,*,#14037,.T.);
#14092 = ORIENTED_EDGE('',*,*,#13966,.F.);
#14093 = ORIENTED_EDGE('',*,*,#13890,.F.);
#14094 = ( GEOMETRIC_REPRESENTATION_CONTEXT(3) 
GLOBAL_UNCERTAINTY_ASSIGNED_CONTEXT((#14098)) 
GLOBAL_UNIT_ASSIGNED_CONTEXT((#14095,#14096,#14097)) 
REPRESENTATION_CONTEXT('Context #1',
  '3D Context with UNIT and UNCERTAINTY') );
#14095 = ( LENGTH_UNIT() NAMED_UNIT(*) SI_UNIT(.MILLI.,.METRE.) );
#14096 = ( NAMED_UNIT(*) PLANE_ANGLE_UNIT() SI_UNIT($,.RADIAN.) );
#14097 = ( NAMED_UNIT(*) SI_UNIT($,.STERADIAN.) SOLID_ANGLE_UNIT() );
#14098 = UNCERTAINTY_MEASURE_WITH_UNIT(LENGTH_MEASURE(1.E-07),#14095,
  'distance_accuracy_value','confusion accuracy');
#14099 = CONTEXT_DEPENDENT_SHAPE_REPRESENTATION(#14100,#14102);
#14100 = ( REPRESENTATION_RELATIONSHIP('','',#13763,#10) 
REPRESENTATION_RELATIONSHIP_WITH_TRANSFORMATION(#14101) 
SHAPE_REPRESENTATION_RELATIONSHIP() );
#14101 = ITEM_DEFINED_TRANSFORMATION('','',#11,#19);
#14102 = PRODUCT_DEFINITION_SHAPE('Placement','Placement of an item',
  #14103);
#14103 = NEXT_ASSEMBLY_USAGE_OCCURRENCE('264','','',#5,#13758,$);
#14104 = PRODUCT_RELATED_PRODUCT_CATEGORY('part',$,(#13760));
#14105 = SHAPE_DEFINITION_REPRESENTATION(#14106,#14112);
#14106 = PRODUCT_DEFINITION_SHAPE('','',#14107);
#14107 = PRODUCT_DEFINITION('design','',#14108,#14111);
#14108 = PRODUCT_DEFINITION_FORMATION('','',#14109);
#14109 = PRODUCT('Open CASCADE STEP translator 7.8 8.3',
  'Open CASCADE STEP translator 7.8 8.3','',(#14110));
#14110 = PRODUCT_CONTEXT('',#2,'mechanical');
#14111 = PRODUCT_DEFINITION_CONTEXT('part definition',#2,'design');
#14112 = ADVANCED_BREP_SHAPE_REPRESENTATION('',(#11,#14113),#16203);
#14113 = MANIFOLD_SOLID_BREP('',#14114);
#14114 = CLOSED_SHELL('',(#14115,#14152,#14294,#14370,#14446,#14544,
    #14676,#14752,#14828,#14921,#14996,#15128,#15204,#15280,#15373,
    #15448,#15631,#15724,#15773,#15822,#15893,#15943,#15999,#16054,
    #16127,#16196));
#14115 = ADVANCED_FACE('',(#14116),#14129,.T.);
#14116 = FACE_BOUND('',#14117,.T.);
#14117 = EDGE_LOOP('',(#14118));
#14118 = ORIENTED_EDGE('',*,*,#14119,.T.);
#14119 = EDGE_CURVE('',#14120,#14120,#14122,.T.);
#14120 = VERTEX_POINT('',#14121);
#14121 = CARTESIAN_POINT('',(-19.66338815737,30.460965829723,2.4));
#14122 = SURFACE_CURVE('',#14123,(#14128,#14140),.PCURVE_S1.);
#14123 = CIRCLE('',#14124,1.55);
#14124 = AXIS2_PLACEMENT_3D('',#14125,#14126,#14127);
#14125 = CARTESIAN_POINT('',(-19.05,29.0375,2.4));
#14126 = DIRECTION('',(-5.312953976689E-18,-1.444979606227E-18,1.));
#14127 = DIRECTION('',(0.395734295083,-0.918365051434,7.754993263781E-19
    ));
#14128 = PCURVE('',#14129,#14134);
#14129 = PLANE('',#14130);
#14130 = AXIS2_PLACEMENT_3D('',#14131,#14132,#14133);
#14131 = CARTESIAN_POINT('',(-18.43661184262,27.614034170277,2.4));
#14132 = DIRECTION('',(-4.779211223032E-19,-1.266545064242E-17,1.));
#14133 = DIRECTION('',(0.395734295083,-0.918365051434,
    -1.144237745222E-17));
#14134 = DEFINITIONAL_REPRESENTATION('',(#14135),#14139);
#14135 = CIRCLE('',#14136,1.55);
#14136 = AXIS2_PLACEMENT_2D('',#14137,#14138);
#14137 = CARTESIAN_POINT('',(-1.55,-7.271168021568E-14));
#14138 = DIRECTION('',(1.,9.436040099832E-16));
#14139 = ( GEOMETRIC_REPRESENTATION_CONTEXT(2) 
PARAMETRIC_REPRESENTATION_CONTEXT() REPRESENTATION_CONTEXT('2D SPACE',''
  ) );
#14140 = PCURVE('',#14141,#14146);
#14141 = TOROIDAL_SURFACE('',#14142,1.55,0.2);
#14142 = AXIS2_PLACEMENT_3D('',#14143,#14144,#14145);
#14143 = CARTESIAN_POINT('',(-19.05,29.0375,2.2));
#14144 = DIRECTION('',(-5.312953976689E-18,-1.444979606227E-18,1.));
#14145 = DIRECTION('',(0.395734295083,-0.918365051434,7.754993263781E-19
    ));
#14146 = DEFINITIONAL_REPRESENTATION('',(#14147),#14151);
#14147 = LINE('',#14148,#14149);
#14148 = CARTESIAN_POINT('',(-6.28318530718,1.570796326795));
#14149 = VECTOR('',#14150,1.);
#14150 = DIRECTION('',(1.,0.));
#14151 = ( GEOMETRIC_REPRESENTATION_CONTEXT(2) 
PARAMETRIC_REPRESENTATION_CONTEXT() REPRESENTATION_CONTEXT('2D SPACE',''
  ) );
#14152 = ADVANCED_FACE('',(#14153),#14168,.T.);
#14153 = FACE_BOUND('',#14154,.T.);
#14154 = EDGE_LOOP('',(#14155,#14190,#14218,#14246));
#14155 = ORIENTED_EDGE('',*,*,#14156,.T.);
#14156 = EDGE_CURVE('',#14157,#14159,#14161,.T.);
#14157 = VERTEX_POINT('',#14158);
#14158 = CARTESIAN_POINT('',(-19.295745515,30.194875969508,
    1.364710477384));
#14159 = VERTEX_POINT('',#14160);
#14160 = CARTESIAN_POINT('',(-19.02924468286,29.637674723581,
    1.087629914388));
#14161 = SURFACE_CURVE('',#14162,(#14167,#14179),.PCURVE_S1.);
#14162 = CIRCLE('',#14163,2.100036658522);
#14163 = AXIS2_PLACEMENT_3D('',#14164,#14165,#14166);
#14164 = CARTESIAN_POINT('',(-18.97674764504,29.069065300757,
    3.108540934802));
#14165 = DIRECTION('',(-0.914870395151,-0.394228406615,
    -8.715574274766E-02));
#14166 = DIRECTION('',(0.395734295083,-0.918365051434,
    -2.715388193246E-17));
#14167 = PCURVE('',#14168,#14173);
#14168 = PLANE('',#14169);
#14169 = AXIS2_PLACEMENT_3D('',#14170,#14171,#14172);
#14170 = CARTESIAN_POINT('',(-18.48704229967,28.151171264347,2.12));
#14171 = DIRECTION('',(-0.914870395151,-0.394228406615,
    -8.715574274766E-02));
#14172 = DIRECTION('',(8.004078817122E-02,3.449051641866E-02,
    -0.996194698092));
#14173 = DEFINITIONAL_REPRESENTATION('',(#14174),#14178);
#14174 = CIRCLE('',#14175,2.100036658522);
#14175 = AXIS2_PLACEMENT_2D('',#14176,#14177);
#14176 = CARTESIAN_POINT('',(-0.992317000577,-1.036755003605));
#14177 = DIRECTION('',(1.074112831737E-16,1.));
#14178 = ( GEOMETRIC_REPRESENTATION_CONTEXT(2) 
PARAMETRIC_REPRESENTATION_CONTEXT() REPRESENTATION_CONTEXT('2D SPACE',''
  ) );
#14179 = PCURVE('',#14180,#14185);
#14180 = SPHERICAL_SURFACE('',#14181,2.1015625);
#14181 = AXIS2_PLACEMENT_3D('',#14182,#14183,#14184);
#14182 = CARTESIAN_POINT('',(-19.05,29.0375,3.1015625));
#14183 = DIRECTION('',(0.918365051434,0.395734295083,0.));
#14184 = DIRECTION('',(0.395734295083,-0.918365051434,0.));
#14185 = DEFINITIONAL_REPRESENTATION('',(#14186),#14189);
#14186 = B_SPLINE_CURVE_WITH_KNOTS('',1,(#14187,#14188),.UNSPECIFIED.,
  .F.,.F.,(2,2),(4.127100732204,4.4508674172),.PIECEWISE_BEZIER_KNOTS.);
#14187 = CARTESIAN_POINT('',(2.159692145424,0.110777160614));
#14188 = CARTESIAN_POINT('',(1.834139780934,0.122391008053));
#14189 = ( GEOMETRIC_REPRESENTATION_CONTEXT(2) 
PARAMETRIC_REPRESENTATION_CONTEXT() REPRESENTATION_CONTEXT('2D SPACE',''
  ) );
#14190 = ORIENTED_EDGE('',*,*,#14191,.F.);
#14191 = EDGE_CURVE('',#14192,#14159,#14194,.T.);
#14192 = VERTEX_POINT('',#14193);
#14193 = CARTESIAN_POINT('',(-19.10508231511,29.58543247856,2.12));
#14194 = SURFACE_CURVE('',#14195,(#14199,#14206),.PCURVE_S1.);
#14195 = LINE('',#14196,#14197);
#14196 = CARTESIAN_POINT('',(-19.10508231511,29.58543247856,2.12));
#14197 = VECTOR('',#14198,1.);
#14198 = DIRECTION('',(7.316920325121E-02,5.040404520181E-02,
    -0.996045029064));
#14199 = PCURVE('',#14168,#14200);
#14200 = DEFINITIONAL_REPRESENTATION('',(#14201),#14205);
#14201 = LINE('',#14202,#14203);
#14202 = CARTESIAN_POINT('',(-1.811399083962E-15,-1.561755003605));
#14203 = VECTOR('',#14204,1.);
#14204 = DIRECTION('',(0.999849759261,-1.733375049386E-02));
#14205 = ( GEOMETRIC_REPRESENTATION_CONTEXT(2) 
PARAMETRIC_REPRESENTATION_CONTEXT() REPRESENTATION_CONTEXT('2D SPACE',''
  ) );
#14206 = PCURVE('',#14207,#14212);
#14207 = PLANE('',#14208);
#14208 = AXIS2_PLACEMENT_3D('',#14209,#14210,#14211);
#14209 = CARTESIAN_POINT('',(-19.10508231511,29.58543247856,2.12));
#14210 = DIRECTION('',(-0.694365353202,-0.714325298991,
    -8.715574274766E-02));
#14211 = DIRECTION('',(-0.717053905587,0.697017716047,
    -1.814331719606E-16));
#14212 = DEFINITIONAL_REPRESENTATION('',(#14213),#14217);
#14213 = LINE('',#14214,#14215);
#14214 = CARTESIAN_POINT('',(0.,0.));
#14215 = VECTOR('',#14216,1.);
#14216 = DIRECTION('',(-1.733375049386E-02,0.999849759261));
#14217 = ( GEOMETRIC_REPRESENTATION_CONTEXT(2) 
PARAMETRIC_REPRESENTATION_CONTEXT() REPRESENTATION_CONTEXT('2D SPACE',''
  ) );
#14218 = ORIENTED_EDGE('',*,*,#14219,.F.);
#14219 = EDGE_CURVE('',#14220,#14192,#14222,.T.);
#14220 = VERTEX_POINT('',#14221);
#14221 = CARTESIAN_POINT('',(-19.30760132072,30.055410388768,2.12));
#14222 = SURFACE_CURVE('',#14223,(#14227,#14234),.PCURVE_S1.);
#14223 = LINE('',#14224,#14225);
#14224 = CARTESIAN_POINT('',(-18.89732181019,29.103290826558,2.12));
#14225 = VECTOR('',#14226,1.);
#14226 = DIRECTION('',(0.395734295083,-0.918365051434,1.232401792411E-16
    ));
#14227 = PCURVE('',#14168,#14228);
#14228 = DEFINITIONAL_REPRESENTATION('',(#14229),#14233);
#14229 = LINE('',#14230,#14231);
#14230 = CARTESIAN_POINT('',(-3.615199321256E-15,-1.036755003605));
#14231 = VECTOR('',#14232,1.);
#14232 = DIRECTION('',(-5.871762693136E-17,1.));
#14233 = ( GEOMETRIC_REPRESENTATION_CONTEXT(2) 
PARAMETRIC_REPRESENTATION_CONTEXT() REPRESENTATION_CONTEXT('2D SPACE',''
  ) );
#14234 = PCURVE('',#14235,#14240);
#14235 = PLANE('',#14236);
#14236 = AXIS2_PLACEMENT_3D('',#14237,#14238,#14239);
#14237 = CARTESIAN_POINT('',(-19.05,29.0375,2.12));
#14238 = DIRECTION('',(-7.426011608568E-17,1.021956403966E-16,1.));
#14239 = DIRECTION('',(-0.918365051434,-0.395734295083,
    -2.775557561563E-17));
#14240 = DEFINITIONAL_REPRESENTATION('',(#14241),#14245);
#14241 = LINE('',#14242,#14243);
#14242 = CARTESIAN_POINT('',(-0.16625,-8.457748786407E-14));
#14243 = VECTOR('',#14244,1.);
#14244 = DIRECTION('',(1.275704443864E-15,1.));
#14245 = ( GEOMETRIC_REPRESENTATION_CONTEXT(2) 
PARAMETRIC_REPRESENTATION_CONTEXT() REPRESENTATION_CONTEXT('2D SPACE',''
  ) );
#14246 = ORIENTED_EDGE('',*,*,#14247,.T.);
#14247 = EDGE_CURVE('',#14220,#14157,#14248,.T.);
#14248 = SURFACE_CURVE('',#14249,(#14253,#14260),.PCURVE_S1.);
#14249 = ( BOUNDED_CURVE() B_SPLINE_CURVE(2,(#14250,#14251,#14252),
.UNSPECIFIED.,.F.,.F.) B_SPLINE_CURVE_WITH_KNOTS((3,3),(0.117640214744,
0.195018048711),.PIECEWISE_BEZIER_KNOTS.) CURVE() 
GEOMETRIC_REPRESENTATION_ITEM() RATIONAL_B_SPLINE_CURVE((1.010513257795,
1.01183860225,1.010359035032)) REPRESENTATION_ITEM('') );
#14250 = CARTESIAN_POINT('',(-19.30760132072,30.055410388768,2.12));
#14251 = CARTESIAN_POINT('',(-19.30217341784,30.121614334172,
    1.7635656151));
#14252 = CARTESIAN_POINT('',(-19.295745515,30.194875969507,
    1.364710477386));
#14253 = PCURVE('',#14168,#14254);
#14254 = DEFINITIONAL_REPRESENTATION('',(#14255),#14259);
#14255 = ( BOUNDED_CURVE() B_SPLINE_CURVE(2,(#14256,#14257,#14258),
.UNSPECIFIED.,.F.,.F.) B_SPLINE_CURVE_WITH_KNOTS((3,3),(0.117640214744,
0.195018048711),.PIECEWISE_BEZIER_KNOTS.) CURVE() 
GEOMETRIC_REPRESENTATION_ITEM() RATIONAL_B_SPLINE_CURVE((1.010513257795,
1.01183860225,1.010359035032)) REPRESENTATION_ITEM('') );
#14256 = CARTESIAN_POINT('',(-2.562394740835E-13,-2.07351000721));
#14257 = CARTESIAN_POINT('',(0.357795906345,-2.132161389619));
#14258 = CARTESIAN_POINT('',(0.758174605888,-2.196898573521));
#14259 = ( GEOMETRIC_REPRESENTATION_CONTEXT(2) 
PARAMETRIC_REPRESENTATION_CONTEXT() REPRESENTATION_CONTEXT('2D SPACE',''
  ) );
#14260 = PCURVE('',#14261,#14266);
#14261 = CONICAL_SURFACE('',#14262,1.05,0.174532925199);
#14262 = AXIS2_PLACEMENT_3D('',#14263,#14264,#14265);
#14263 = CARTESIAN_POINT('',(-19.05,29.0375,2.12));
#14264 = DIRECTION('',(5.377642775528E-17,-1.110223024625E-16,-1.));
#14265 = DIRECTION('',(-0.918365051434,-0.395734295083,
    -5.451059237948E-18));
#14266 = DEFINITIONAL_REPRESENTATION('',(#14267),#14293);
#14267 = B_SPLINE_CURVE_WITH_KNOTS('',3,(#14268,#14269,#14270,#14271,
    #14272,#14273,#14274,#14275,#14276,#14277,#14278,#14279,#14280,
    #14281,#14282,#14283,#14284,#14285,#14286,#14287,#14288,#14289,
    #14290,#14291,#14292),.UNSPECIFIED.,.F.,.F.,(4,1,1,1,1,1,1,1,1,1,1,1
    ,1,1,1,1,1,1,1,1,1,1,4),(0.117640214744,0.121157389015,
    0.124674563286,0.128191737557,0.131708911829,0.1352260861,
    0.138743260371,0.142260434642,0.145777608914,0.149294783185,
    0.152811957456,0.156329131727,0.159846305999,0.16336348027,
    0.166880654541,0.170397828813,0.173915003084,0.177432177355,
    0.180949351626,0.184466525898,0.187983700169,0.19150087444,
    0.195018048711),.QUASI_UNIFORM_KNOTS.);
#14268 = CARTESIAN_POINT('',(1.72979879138,-2.550138476279E-13));
#14269 = CARTESIAN_POINT('',(1.730420215252,1.081520904051E-02));
#14270 = CARTESIAN_POINT('',(1.731659603273,3.250002882115E-02));
#14271 = CARTESIAN_POINT('',(1.733508388234,6.519153896692E-02));
#14272 = CARTESIAN_POINT('',(1.735346958552,9.804840067457E-02));
#14273 = CARTESIAN_POINT('',(1.737175395498,0.131071700048));
#14274 = CARTESIAN_POINT('',(1.738993779606,0.164262533184));
#14275 = CARTESIAN_POINT('',(1.740802190569,0.197622007674));
#14276 = CARTESIAN_POINT('',(1.742600707277,0.231151242357));
#14277 = CARTESIAN_POINT('',(1.744389407826,0.264851367542));
#14278 = CARTESIAN_POINT('',(1.746168369522,0.298723525109));
#14279 = CARTESIAN_POINT('',(1.747937668894,0.332768868649));
#14280 = CARTESIAN_POINT('',(1.749697381702,0.366988563586));
#14281 = CARTESIAN_POINT('',(1.751447582948,0.401383787317));
#14282 = CARTESIAN_POINT('',(1.753188346881,0.435955729343));
#14283 = CARTESIAN_POINT('',(1.754919747011,0.470705591409));
#14284 = CARTESIAN_POINT('',(1.756641856115,0.505634587638));
#14285 = CARTESIAN_POINT('',(1.758354746246,0.540743944682));
#14286 = CARTESIAN_POINT('',(1.760058488741,0.57603490185));
#14287 = CARTESIAN_POINT('',(1.761753154229,0.61150871129));
#14288 = CARTESIAN_POINT('',(1.763438812648,0.647166638013));
#14289 = CARTESIAN_POINT('',(1.765115533225,0.683009960505));
#14290 = CARTESIAN_POINT('',(1.766783384572,0.71903996916));
#14291 = CARTESIAN_POINT('',(1.767889417777,0.743185304949));
#14292 = CARTESIAN_POINT('',(1.768440978781,0.755289522614));
#14293 = ( GEOMETRIC_REPRESENTATION_CONTEXT(2) 
PARAMETRIC_REPRESENTATION_CONTEXT() REPRESENTATION_CONTEXT('2D SPACE',''
  ) );
#14294 = ADVANCED_FACE('',(#14295),#14207,.T.);
#14295 = FACE_BOUND('',#14296,.T.);
#14296 = EDGE_LOOP('',(#14297,#14320,#14348,#14369));
#14297 = ORIENTED_EDGE('',*,*,#14298,.T.);
#14298 = EDGE_CURVE('',#14159,#14299,#14301,.T.);
#14299 = VERTEX_POINT('',#14300);
#14300 = CARTESIAN_POINT('',(-18.87098209134,29.487621455571,
    1.056591056429));
#14301 = SURFACE_CURVE('',#14302,(#14307,#14314),.PCURVE_S1.);
#14302 = CIRCLE('',#14303,2.084454841283);
#14303 = AXIS2_PLACEMENT_3D('',#14304,#14305,#14306);
#14304 = CARTESIAN_POINT('',(-18.86418368498,29.228657715705,
    3.124885897222));
#14305 = DIRECTION('',(-0.694365353202,-0.714325298991,
    -8.715574274766E-02));
#14306 = DIRECTION('',(-0.717053905587,0.697017716047,
    -3.936361522679E-16));
#14307 = PCURVE('',#14207,#14308);
#14308 = DEFINITIONAL_REPRESENTATION('',(#14309),#14313);
#14309 = CIRCLE('',#14310,2.084454841283);
#14310 = AXIS2_PLACEMENT_2D('',#14311,#14312);
#14311 = CARTESIAN_POINT('',(-0.421415633938,-1.008724398099));
#14312 = DIRECTION('',(1.,2.226926079469E-16));
#14313 = ( GEOMETRIC_REPRESENTATION_CONTEXT(2) 
PARAMETRIC_REPRESENTATION_CONTEXT() REPRESENTATION_CONTEXT('2D SPACE',''
  ) );
#14314 = PCURVE('',#14180,#14315);
#14315 = DEFINITIONAL_REPRESENTATION('',(#14316),#14319);
#14316 = B_SPLINE_CURVE_WITH_KNOTS('',1,(#14317,#14318),.UNSPECIFIED.,
  .F.,.F.,(2,2),(1.376015328947,1.481745525739),
  .PIECEWISE_BEZIER_KNOTS.);
#14317 = CARTESIAN_POINT('',(1.834139780934,0.122391008053));
#14318 = CARTESIAN_POINT('',(1.736755501236,0.163719756875));
#14319 = ( GEOMETRIC_REPRESENTATION_CONTEXT(2) 
PARAMETRIC_REPRESENTATION_CONTEXT() REPRESENTATION_CONTEXT('2D SPACE',''
  ) );
#14320 = ORIENTED_EDGE('',*,*,#14321,.F.);
#14321 = EDGE_CURVE('',#14322,#14299,#14324,.T.);
#14322 = VERTEX_POINT('',#14323);
#14323 = CARTESIAN_POINT('',(-18.9081969789,29.394048586353,2.12));
#14324 = SURFACE_CURVE('',#14325,(#14329,#14336),.PCURVE_S1.);
#14325 = LINE('',#14326,#14327);
#14326 = CARTESIAN_POINT('',(-18.9081969789,29.394048586353,2.12));
#14327 = VECTOR('',#14328,1.);
#14328 = DIRECTION('',(3.483997279901E-02,8.760139913592E-02,
    -0.995546167269));
#14329 = PCURVE('',#14207,#14330);
#14330 = DEFINITIONAL_REPRESENTATION('',(#14331),#14335);
#14331 = LINE('',#14332,#14333);
#14332 = CARTESIAN_POINT('',(-0.274575362722,-5.660644097005E-15));
#14333 = VECTOR('',#14334,1.);
#14334 = DIRECTION('',(3.607758858216E-02,0.999348991895));
#14335 = ( GEOMETRIC_REPRESENTATION_CONTEXT(2) 
PARAMETRIC_REPRESENTATION_CONTEXT() REPRESENTATION_CONTEXT('2D SPACE',''
  ) );
#14336 = PCURVE('',#14337,#14342);
#14337 = PLANE('',#14338);
#14338 = AXIS2_PLACEMENT_3D('',#14339,#14340,#14341);
#14339 = CARTESIAN_POINT('',(-18.9081969789,29.394048586353,2.12));
#14340 = DIRECTION('',(1.411381301996E-02,-0.99609471276,
    -8.715574274766E-02));
#14341 = DIRECTION('',(-0.99989963274,-1.416772549282E-02,
    -7.488679556797E-17));
#14342 = DEFINITIONAL_REPRESENTATION('',(#14343),#14347);
#14343 = LINE('',#14344,#14345);
#14344 = CARTESIAN_POINT('',(-0.,0.));
#14345 = VECTOR('',#14346,1.);
#14346 = DIRECTION('',(-3.607758858216E-02,0.999348991895));
#14347 = ( GEOMETRIC_REPRESENTATION_CONTEXT(2) 
PARAMETRIC_REPRESENTATION_CONTEXT() REPRESENTATION_CONTEXT('2D SPACE',''
  ) );
#14348 = ORIENTED_EDGE('',*,*,#14349,.F.);
#14349 = EDGE_CURVE('',#14192,#14322,#14350,.T.);
#14350 = SURFACE_CURVE('',#14351,(#14355,#14362),.PCURVE_S1.);
#14351 = LINE('',#14352,#14353);
#14352 = CARTESIAN_POINT('',(-19.10508231511,29.58543247856,2.12));
#14353 = VECTOR('',#14354,1.);
#14354 = DIRECTION('',(0.717053905587,-0.697017716047,1.131928318413E-16
    ));
#14355 = PCURVE('',#14207,#14356);
#14356 = DEFINITIONAL_REPRESENTATION('',(#14357),#14361);
#14357 = LINE('',#14358,#14359);
#14358 = CARTESIAN_POINT('',(0.,0.));
#14359 = VECTOR('',#14360,1.);
#14360 = DIRECTION('',(-1.,3.397791593504E-17));
#14361 = ( GEOMETRIC_REPRESENTATION_CONTEXT(2) 
PARAMETRIC_REPRESENTATION_CONTEXT() REPRESENTATION_CONTEXT('2D SPACE',''
  ) );
#14362 = PCURVE('',#14235,#14363);
#14363 = DEFINITIONAL_REPRESENTATION('',(#14364),#14368);
#14364 = LINE('',#14365,#14366);
#14365 = CARTESIAN_POINT('',(-0.16625,-0.525));
#14366 = VECTOR('',#14367,1.);
#14367 = DIRECTION('',(-0.382683432365,0.923879532511));
#14368 = ( GEOMETRIC_REPRESENTATION_CONTEXT(2) 
PARAMETRIC_REPRESENTATION_CONTEXT() REPRESENTATION_CONTEXT('2D SPACE',''
  ) );
#14369 = ORIENTED_EDGE('',*,*,#14191,.T.);
#14370 = ADVANCED_FACE('',(#14371),#14337,.T.);
#14371 = FACE_BOUND('',#14372,.T.);
#14372 = EDGE_LOOP('',(#14373,#14396,#14424,#14445));
#14373 = ORIENTED_EDGE('',*,*,#14374,.T.);
#14374 = EDGE_CURVE('',#14299,#14375,#14377,.T.);
#14375 = VERTEX_POINT('',#14376);
#14376 = CARTESIAN_POINT('',(-18.65289291004,29.487995772594,
    1.087629914388));
#14377 = SURFACE_CURVE('',#14378,(#14383,#14390),.PCURVE_S1.);
#14378 = CIRCLE('',#14379,2.084454841283);
#14379 = AXIS2_PLACEMENT_3D('',#14380,#14381,#14382);
#14380 = CARTESIAN_POINT('',(-19.05377694064,29.304060893456,
    3.124885897222));
#14381 = DIRECTION('',(1.411381301996E-02,-0.99609471276,
    -8.715574274766E-02));
#14382 = DIRECTION('',(-0.99989963274,-1.416772549282E-02,
    -4.202163657016E-17));
#14383 = PCURVE('',#14337,#14384);
#14384 = DEFINITIONAL_REPRESENTATION('',(#14385),#14389);
#14385 = CIRCLE('',#14386,2.084454841283);
#14386 = AXIS2_PLACEMENT_2D('',#14387,#14388);
#14387 = CARTESIAN_POINT('',(0.146840271216,-1.008724398099));
#14388 = DIRECTION('',(1.,-4.17138942689E-17));
#14389 = ( GEOMETRIC_REPRESENTATION_CONTEXT(2) 
PARAMETRIC_REPRESENTATION_CONTEXT() REPRESENTATION_CONTEXT('2D SPACE',''
  ) );
#14390 = PCURVE('',#14180,#14391);
#14391 = DEFINITIONAL_REPRESENTATION('',(#14392),#14395);
#14392 = B_SPLINE_CURVE_WITH_KNOTS('',1,(#14393,#14394),.UNSPECIFIED.,
  .F.,.F.,(2,2),(1.659847127851,1.765577324643),
  .PIECEWISE_BEZIER_KNOTS.);
#14393 = CARTESIAN_POINT('',(1.736755501236,0.163719756875));
#14394 = CARTESIAN_POINT('',(1.697511579226,0.261327239649));
#14395 = ( GEOMETRIC_REPRESENTATION_CONTEXT(2) 
PARAMETRIC_REPRESENTATION_CONTEXT() REPRESENTATION_CONTEXT('2D SPACE',''
  ) );
#14396 = ORIENTED_EDGE('',*,*,#14397,.F.);
#14397 = EDGE_CURVE('',#14398,#14375,#14400,.T.);
#14398 = VERTEX_POINT('',#14399);
#14399 = CARTESIAN_POINT('',(-18.63364917455,29.397938694719,2.12));
#14400 = SURFACE_CURVE('',#14401,(#14405,#14412),.PCURVE_S1.);
#14401 = LINE('',#14402,#14403);
#14402 = CARTESIAN_POINT('',(-18.63314655615,29.395586534728,
    2.146964006264));
#14403 = VECTOR('',#14404,1.);
#14404 = DIRECTION('',(-1.856662387414E-02,8.688832231687E-02,
    -0.996045029064));
#14405 = PCURVE('',#14337,#14406);
#14406 = DEFINITIONAL_REPRESENTATION('',(#14407),#14411);
#14407 = LINE('',#14408,#14409);
#14408 = CARTESIAN_POINT('',(-0.275044605922,-2.706700438723E-02));
#14409 = VECTOR('',#14410,1.);
#14410 = DIRECTION('',(1.733375049386E-02,0.999849759261));
#14411 = ( GEOMETRIC_REPRESENTATION_CONTEXT(2) 
PARAMETRIC_REPRESENTATION_CONTEXT() REPRESENTATION_CONTEXT('2D SPACE',''
  ) );
#14412 = PCURVE('',#14413,#14418);
#14413 = PLANE('',#14414);
#14414 = AXIS2_PLACEMENT_3D('',#14415,#14416,#14417);
#14415 = CARTESIAN_POINT('',(-20.06791038876,28.779898679276,2.12));
#14416 = DIRECTION('',(0.394228406615,-0.914870395151,
    -8.715574274766E-02));
#14417 = DIRECTION('',(-3.449051641866E-02,8.004078817122E-02,
    -0.996194698092));
#14418 = DEFINITIONAL_REPRESENTATION('',(#14419),#14423);
#14419 = LINE('',#14420,#14421);
#14420 = CARTESIAN_POINT('',(-2.706700438723E-02,1.561285760405));
#14421 = VECTOR('',#14422,1.);
#14422 = DIRECTION('',(0.999849759261,1.733375049386E-02));
#14423 = ( GEOMETRIC_REPRESENTATION_CONTEXT(2) 
PARAMETRIC_REPRESENTATION_CONTEXT() REPRESENTATION_CONTEXT('2D SPACE',''
  ) );
#14424 = ORIENTED_EDGE('',*,*,#14425,.F.);
#14425 = EDGE_CURVE('',#14322,#14398,#14426,.T.);
#14426 = SURFACE_CURVE('',#14427,(#14431,#14438),.PCURVE_S1.);
#14427 = LINE('',#14428,#14429);
#14428 = CARTESIAN_POINT('',(-18.9081969789,29.394048586353,2.12));
#14429 = VECTOR('',#14430,1.);
#14430 = DIRECTION('',(0.99989963274,1.416772549282E-02,
    6.812920399978E-17));
#14431 = PCURVE('',#14337,#14432);
#14432 = DEFINITIONAL_REPRESENTATION('',(#14433),#14437);
#14433 = LINE('',#14434,#14435);
#14434 = CARTESIAN_POINT('',(-0.,0.));
#14435 = VECTOR('',#14436,1.);
#14436 = DIRECTION('',(-1.,3.322908491661E-18));
#14437 = ( GEOMETRIC_REPRESENTATION_CONTEXT(2) 
PARAMETRIC_REPRESENTATION_CONTEXT() REPRESENTATION_CONTEXT('2D SPACE',''
  ) );
#14438 = PCURVE('',#14235,#14439);
#14439 = DEFINITIONAL_REPRESENTATION('',(#14440),#14444);
#14440 = LINE('',#14441,#14442);
#14441 = CARTESIAN_POINT('',(-0.271325442249,-0.271325442249));
#14442 = VECTOR('',#14443,1.);
#14443 = DIRECTION('',(-0.923879532511,0.382683432365));
#14444 = ( GEOMETRIC_REPRESENTATION_CONTEXT(2) 
PARAMETRIC_REPRESENTATION_CONTEXT() REPRESENTATION_CONTEXT('2D SPACE',''
  ) );
#14445 = ORIENTED_EDGE('',*,*,#14321,.T.);
#14446 = ADVANCED_FACE('',(#14447),#14413,.T.);
#14447 = FACE_BOUND('',#14448,.T.);
#14448 = EDGE_LOOP('',(#14449,#14472,#14522,#14543));
#14449 = ORIENTED_EDGE('',*,*,#14450,.T.);
#14450 = EDGE_CURVE('',#14375,#14451,#14453,.T.);
#14451 = VERTEX_POINT('',#14452);
#14452 = CARTESIAN_POINT('',(-18.07650535099,29.709971680664,
    1.364710477384));
#14453 = SURFACE_CURVE('',#14454,(#14459,#14466),.PCURVE_S1.);
#14454 = CIRCLE('',#14455,2.100036658522);
#14455 = AXIS2_PLACEMENT_3D('',#14456,#14457,#14458);
#14456 = CARTESIAN_POINT('',(-19.08156530075,29.110752354959,
    3.108540934802));
#14457 = DIRECTION('',(0.394228406615,-0.914870395151,
    -8.715574274766E-02));
#14458 = DIRECTION('',(0.918365051434,0.395734295083,1.186886212332E-17)
  );
#14459 = PCURVE('',#14413,#14460);
#14460 = DEFINITIONAL_REPRESENTATION('',(#14461),#14465);
#14461 = CIRCLE('',#14462,2.100036658522);
#14462 = AXIS2_PLACEMENT_2D('',#14463,#14464);
#14463 = CARTESIAN_POINT('',(-0.992317000577,1.036755003605));
#14464 = DIRECTION('',(-5.288473979326E-16,1.));
#14465 = ( GEOMETRIC_REPRESENTATION_CONTEXT(2) 
PARAMETRIC_REPRESENTATION_CONTEXT() REPRESENTATION_CONTEXT('2D SPACE',''
  ) );
#14466 = PCURVE('',#14180,#14467);
#14467 = DEFINITIONAL_REPRESENTATION('',(#14468),#14471);
#14468 = B_SPLINE_CURVE_WITH_KNOTS('',1,(#14469,#14470),.UNSPECIFIED.,
  .F.,.F.,(2,2),(4.973910543569,5.297677228565),
  .PIECEWISE_BEZIER_KNOTS.);
#14469 = CARTESIAN_POINT('',(1.697511579226,0.261327239649));
#14470 = CARTESIAN_POINT('',(1.70377154321,0.58480713241));
#14471 = ( GEOMETRIC_REPRESENTATION_CONTEXT(2) 
PARAMETRIC_REPRESENTATION_CONTEXT() REPRESENTATION_CONTEXT('2D SPACE',''
  ) );
#14472 = ORIENTED_EDGE('',*,*,#14473,.F.);
#14473 = EDGE_CURVE('',#14474,#14451,#14476,.T.);
#14474 = VERTEX_POINT('',#14475);
#14475 = CARTESIAN_POINT('',(-18.16367126434,29.600457700326,2.12));
#14476 = SURFACE_CURVE('',#14477,(#14481,#14488),.PCURVE_S1.);
#14477 = ( BOUNDED_CURVE() B_SPLINE_CURVE(2,(#14478,#14479,#14480),
.UNSPECIFIED.,.F.,.F.) B_SPLINE_CURVE_WITH_KNOTS((3,3),(-0.190763574858,
-0.11338574089),.PIECEWISE_BEZIER_KNOTS.) CURVE() 
GEOMETRIC_REPRESENTATION_ITEM() RATIONAL_B_SPLINE_CURVE((1.010513257798,
1.011838602252,1.010359035034)) REPRESENTATION_ITEM('') );
#14478 = CARTESIAN_POINT('',(-18.16367126434,29.600457700326,2.12));
#14479 = CARTESIAN_POINT('',(-18.1221484501,29.652306330147,1.7635656151
    ));
#14480 = CARTESIAN_POINT('',(-18.07650535099,29.709971680663,
    1.364710477386));
#14481 = PCURVE('',#14413,#14482);
#14482 = DEFINITIONAL_REPRESENTATION('',(#14483),#14487);
#14483 = ( BOUNDED_CURVE() B_SPLINE_CURVE(2,(#14484,#14485,#14486),
.UNSPECIFIED.,.F.,.F.) B_SPLINE_CURVE_WITH_KNOTS((3,3),(-0.190763574858,
-0.11338574089),.PIECEWISE_BEZIER_KNOTS.) CURVE() 
GEOMETRIC_REPRESENTATION_ITEM() RATIONAL_B_SPLINE_CURVE((1.010513257798,
1.011838602252,1.010359035034)) REPRESENTATION_ITEM('') );
#14484 = CARTESIAN_POINT('',(-2.445821323249E-13,2.07351000721));
#14485 = CARTESIAN_POINT('',(0.357795906345,2.132161389619));
#14486 = CARTESIAN_POINT('',(0.758174605888,2.196898573521));
#14487 = ( GEOMETRIC_REPRESENTATION_CONTEXT(2) 
PARAMETRIC_REPRESENTATION_CONTEXT() REPRESENTATION_CONTEXT('2D SPACE',''
  ) );
#14488 = PCURVE('',#14489,#14494);
#14489 = CONICAL_SURFACE('',#14490,1.05,0.174532925199);
#14490 = AXIS2_PLACEMENT_3D('',#14491,#14492,#14493);
#14491 = CARTESIAN_POINT('',(-19.05,29.0375,2.12));
#14492 = DIRECTION('',(5.377642775528E-17,-1.110223024625E-16,-1.));
#14493 = DIRECTION('',(0.918365051434,0.395734295083,5.451059237951E-18)
  );
#14494 = DEFINITIONAL_REPRESENTATION('',(#14495),#14521);
#14495 = B_SPLINE_CURVE_WITH_KNOTS('',3,(#14496,#14497,#14498,#14499,
    #14500,#14501,#14502,#14503,#14504,#14505,#14506,#14507,#14508,
    #14509,#14510,#14511,#14512,#14513,#14514,#14515,#14516,#14517,
    #14518,#14519,#14520),.UNSPECIFIED.,.F.,.F.,(4,1,1,1,1,1,1,1,1,1,1,1
    ,1,1,1,1,1,1,1,1,1,1,4),(-0.190763574858,-0.187246400587,
    -0.183729226316,-0.180212052045,-0.176694877773,-0.173177703502,
    -0.169660529231,-0.166143354959,-0.162626180688,-0.159109006417,
    -0.155591832146,-0.152074657874,-0.148557483603,-0.145040309332,
    -0.141523135061,-0.138005960789,-0.134488786518,-0.130971612247,
    -0.127454437976,-0.123937263704,-0.120420089433,-0.116902915162,
    -0.11338574089),.QUASI_UNIFORM_KNOTS.);
#14496 = CARTESIAN_POINT('',(-0.159002464586,-2.429563986929E-13));
#14497 = CARTESIAN_POINT('',(-0.159623888457,1.081520904052E-02));
#14498 = CARTESIAN_POINT('',(-0.160863276478,3.250002882113E-02));
#14499 = CARTESIAN_POINT('',(-0.16271206144,6.519153896687E-02));
#14500 = CARTESIAN_POINT('',(-0.164550631757,9.80484006745E-02));
#14501 = CARTESIAN_POINT('',(-0.166379068703,0.131071700048));
#14502 = CARTESIAN_POINT('',(-0.168197452812,0.164262533184));
#14503 = CARTESIAN_POINT('',(-0.170005863774,0.197622007674));
#14504 = CARTESIAN_POINT('',(-0.171804380482,0.231151242357));
#14505 = CARTESIAN_POINT('',(-0.173593081031,0.264851367542));
#14506 = CARTESIAN_POINT('',(-0.175372042727,0.298723525109));
#14507 = CARTESIAN_POINT('',(-0.177141342099,0.332768868649));
#14508 = CARTESIAN_POINT('',(-0.178901054907,0.366988563586));
#14509 = CARTESIAN_POINT('',(-0.180651256153,0.401383787317));
#14510 = CARTESIAN_POINT('',(-0.182392020086,0.435955729343));
#14511 = CARTESIAN_POINT('',(-0.184123420216,0.470705591409));
#14512 = CARTESIAN_POINT('',(-0.18584552932,0.505634587638));
#14513 = CARTESIAN_POINT('',(-0.187558419451,0.540743944682));
#14514 = CARTESIAN_POINT('',(-0.189262161946,0.57603490185));
#14515 = CARTESIAN_POINT('',(-0.190956827435,0.61150871129));
#14516 = CARTESIAN_POINT('',(-0.192642485853,0.647166638013));
#14517 = CARTESIAN_POINT('',(-0.19431920643,0.683009960505));
#14518 = CARTESIAN_POINT('',(-0.195987057777,0.71903996916));
#14519 = CARTESIAN_POINT('',(-0.197093090982,0.743185304949));
#14520 = CARTESIAN_POINT('',(-0.197644651986,0.755289522614));
#14521 = ( GEOMETRIC_REPRESENTATION_CONTEXT(2) 
PARAMETRIC_REPRESENTATION_CONTEXT() REPRESENTATION_CONTEXT('2D SPACE',''
  ) );
#14522 = ORIENTED_EDGE('',*,*,#14523,.F.);
#14523 = EDGE_CURVE('',#14398,#14474,#14524,.T.);
#14524 = SURFACE_CURVE('',#14525,(#14529,#14536),.PCURVE_S1.);
#14525 = LINE('',#14526,#14527);
#14526 = CARTESIAN_POINT('',(-19.11579082655,29.190178189801,2.12));
#14527 = VECTOR('',#14528,1.);
#14528 = DIRECTION('',(0.918365051434,0.395734295083,2.775557561563E-17)
  );
#14529 = PCURVE('',#14413,#14530);
#14530 = DEFINITIONAL_REPRESENTATION('',(#14531),#14535);
#14531 = LINE('',#14532,#14533);
#14532 = CARTESIAN_POINT('',(-3.994944893345E-15,1.036755003605));
#14533 = VECTOR('',#14534,1.);
#14534 = DIRECTION('',(-5.621010195274E-16,1.));
#14535 = ( GEOMETRIC_REPRESENTATION_CONTEXT(2) 
PARAMETRIC_REPRESENTATION_CONTEXT() REPRESENTATION_CONTEXT('2D SPACE',''
  ) );
#14536 = PCURVE('',#14235,#14537);
#14537 = DEFINITIONAL_REPRESENTATION('',(#14538),#14542);
#14538 = LINE('',#14539,#14540);
#14539 = CARTESIAN_POINT('',(-5.370486142575E-15,-0.16625));
#14540 = VECTOR('',#14541,1.);
#14541 = DIRECTION('',(-1.,7.586946059319E-15));
#14542 = ( GEOMETRIC_REPRESENTATION_CONTEXT(2) 
PARAMETRIC_REPRESENTATION_CONTEXT() REPRESENTATION_CONTEXT('2D SPACE',''
  ) );
#14543 = ORIENTED_EDGE('',*,*,#14397,.T.);
#14544 = ADVANCED_FACE('',(#14545),#14560,.T.);
#14545 = FACE_BOUND('',#14546,.T.);
#14546 = EDGE_LOOP('',(#14547,#14577,#14605,#14628));
#14547 = ORIENTED_EDGE('',*,*,#14548,.T.);
#14548 = EDGE_CURVE('',#14549,#14551,#14553,.T.);
#14549 = VERTEX_POINT('',#14550);
#14550 = CARTESIAN_POINT('',(-20.2073759695,28.791754484992,
    1.364710477384));
#14551 = VERTEX_POINT('',#14552);
#14552 = CARTESIAN_POINT('',(-19.65017472358,29.058255317138,
    1.087629914388));
#14553 = SURFACE_CURVE('',#14554,(#14559,#14571),.PCURVE_S1.);
#14554 = CIRCLE('',#14555,2.100036658522);
#14555 = AXIS2_PLACEMENT_3D('',#14556,#14557,#14558);
#14556 = CARTESIAN_POINT('',(-19.08156530075,29.110752354959,
    3.108540934802));
#14557 = DIRECTION('',(0.394228406614,-0.914870395151,
    -8.715574274766E-02));
#14558 = DIRECTION('',(-3.449051641866E-02,8.004078817122E-02,
    -0.996194698092));
#14559 = PCURVE('',#14560,#14565);
#14560 = PLANE('',#14561);
#14561 = AXIS2_PLACEMENT_3D('',#14562,#14563,#14564);
#14562 = CARTESIAN_POINT('',(-20.06791038876,28.779898679276,2.12));
#14563 = DIRECTION('',(0.394228406615,-0.914870395151,
    -8.715574274766E-02));
#14564 = DIRECTION('',(-3.449051641866E-02,8.004078817122E-02,
    -0.996194698092));
#14565 = DEFINITIONAL_REPRESENTATION('',(#14566),#14570);
#14566 = CIRCLE('',#14567,2.100036658522);
#14567 = AXIS2_PLACEMENT_2D('',#14568,#14569);
#14568 = CARTESIAN_POINT('',(-0.992317000577,1.036755003605));
#14569 = DIRECTION('',(1.,-1.545509337676E-16));
#14570 = ( GEOMETRIC_REPRESENTATION_CONTEXT(2) 
PARAMETRIC_REPRESENTATION_CONTEXT() REPRESENTATION_CONTEXT('2D SPACE',''
  ) );
#14571 = PCURVE('',#14180,#14572);
#14572 = DEFINITIONAL_REPRESENTATION('',(#14573),#14576);
#14573 = B_SPLINE_CURVE_WITH_KNOTS('',1,(#14574,#14575),.UNSPECIFIED.,
  .F.,.F.,(2,2),(5.697897058999,6.021663743995),
  .PIECEWISE_BEZIER_KNOTS.);
#14574 = CARTESIAN_POINT('',(1.70377154321,-0.58480713241));
#14575 = CARTESIAN_POINT('',(1.697511579226,-0.261327239649));
#14576 = ( GEOMETRIC_REPRESENTATION_CONTEXT(2) 
PARAMETRIC_REPRESENTATION_CONTEXT() REPRESENTATION_CONTEXT('2D SPACE',''
  ) );
#14577 = ORIENTED_EDGE('',*,*,#14578,.F.);
#14578 = EDGE_CURVE('',#14579,#14551,#14581,.T.);
#14579 = VERTEX_POINT('',#14580);
#14580 = CARTESIAN_POINT('',(-19.59793247856,28.982417684883,2.12));
#14581 = SURFACE_CURVE('',#14582,(#14586,#14593),.PCURVE_S1.);
#14582 = LINE('',#14583,#14584);
#14583 = CARTESIAN_POINT('',(-19.59793247856,28.982417684883,2.12));
#14584 = VECTOR('',#14585,1.);
#14585 = DIRECTION('',(-5.040404520181E-02,7.316920325121E-02,
    -0.996045029064));
#14586 = PCURVE('',#14560,#14587);
#14587 = DEFINITIONAL_REPRESENTATION('',(#14588),#14592);
#14588 = LINE('',#14589,#14590);
#14589 = CARTESIAN_POINT('',(-2.007490839988E-15,0.511755003605));
#14590 = VECTOR('',#14591,1.);
#14591 = DIRECTION('',(0.999849759261,-1.733375049386E-02));
#14592 = ( GEOMETRIC_REPRESENTATION_CONTEXT(2) 
PARAMETRIC_REPRESENTATION_CONTEXT() REPRESENTATION_CONTEXT('2D SPACE',''
  ) );
#14593 = PCURVE('',#14594,#14599);
#14594 = PLANE('',#14595);
#14595 = AXIS2_PLACEMENT_3D('',#14596,#14597,#14598);
#14596 = CARTESIAN_POINT('',(-19.59793247856,28.982417684883,2.12));
#14597 = DIRECTION('',(0.714325298991,-0.694365353202,
    -8.715574274766E-02));
#14598 = DIRECTION('',(-0.697017716047,-0.717053905587,
    -4.368717174953E-17));
#14599 = DEFINITIONAL_REPRESENTATION('',(#14600),#14604);
#14600 = LINE('',#14601,#14602);
#14601 = CARTESIAN_POINT('',(-0.,0.));
#14602 = VECTOR('',#14603,1.);
#14603 = DIRECTION('',(-1.733375049386E-02,0.999849759261));
#14604 = ( GEOMETRIC_REPRESENTATION_CONTEXT(2) 
PARAMETRIC_REPRESENTATION_CONTEXT() REPRESENTATION_CONTEXT('2D SPACE',''
  ) );
#14605 = ORIENTED_EDGE('',*,*,#14606,.F.);
#14606 = EDGE_CURVE('',#14607,#14579,#14609,.T.);
#14607 = VERTEX_POINT('',#14608);
#14608 = CARTESIAN_POINT('',(-20.06791038876,28.779898679276,2.12));
#14609 = SURFACE_CURVE('',#14610,(#14614,#14621),.PCURVE_S1.);
#14610 = LINE('',#14611,#14612);
#14611 = CARTESIAN_POINT('',(-20.06791038876,28.779898679276,2.12));
#14612 = VECTOR('',#14613,1.);
#14613 = DIRECTION('',(0.918365051434,0.395734295083,2.775557561563E-17)
  );
#14614 = PCURVE('',#14560,#14615);
#14615 = DEFINITIONAL_REPRESENTATION('',(#14616),#14620);
#14616 = LINE('',#14617,#14618);
#14617 = CARTESIAN_POINT('',(0.,0.));
#14618 = VECTOR('',#14619,1.);
#14619 = DIRECTION('',(-5.621010195274E-16,1.));
#14620 = ( GEOMETRIC_REPRESENTATION_CONTEXT(2) 
PARAMETRIC_REPRESENTATION_CONTEXT() REPRESENTATION_CONTEXT('2D SPACE',''
  ) );
#14621 = PCURVE('',#14235,#14622);
#14622 = DEFINITIONAL_REPRESENTATION('',(#14623),#14627);
#14623 = LINE('',#14624,#14625);
#14624 = CARTESIAN_POINT('',(1.036755003605,-0.16625));
#14625 = VECTOR('',#14626,1.);
#14626 = DIRECTION('',(-1.,7.586946059319E-15));
#14627 = ( GEOMETRIC_REPRESENTATION_CONTEXT(2) 
PARAMETRIC_REPRESENTATION_CONTEXT() REPRESENTATION_CONTEXT('2D SPACE',''
  ) );
#14628 = ORIENTED_EDGE('',*,*,#14629,.T.);
#14629 = EDGE_CURVE('',#14607,#14549,#14630,.T.);
#14630 = SURFACE_CURVE('',#14631,(#14635,#14642),.PCURVE_S1.);
#14631 = ( BOUNDED_CURVE() B_SPLINE_CURVE(2,(#14632,#14633,#14634),
.UNSPECIFIED.,.F.,.F.) B_SPLINE_CURVE_WITH_KNOTS((3,3),(0.117640214744,
0.195018048712),.PIECEWISE_BEZIER_KNOTS.) CURVE() 
GEOMETRIC_REPRESENTATION_ITEM() RATIONAL_B_SPLINE_CURVE((1.010513257797,
1.011838602251,1.010359035034)) REPRESENTATION_ITEM('') );
#14632 = CARTESIAN_POINT('',(-20.06791038876,28.779898679276,2.12));
#14633 = CARTESIAN_POINT('',(-20.13411433417,28.785326582151,
    1.763565615101));
#14634 = CARTESIAN_POINT('',(-20.2073759695,28.791754484992,
    1.364710477386));
#14635 = PCURVE('',#14560,#14636);
#14636 = DEFINITIONAL_REPRESENTATION('',(#14637),#14641);
#14637 = ( BOUNDED_CURVE() B_SPLINE_CURVE(2,(#14638,#14639,#14640),
.UNSPECIFIED.,.F.,.F.) B_SPLINE_CURVE_WITH_KNOTS((3,3),(0.117640214744,
0.195018048712),.PIECEWISE_BEZIER_KNOTS.) CURVE() 
GEOMETRIC_REPRESENTATION_ITEM() RATIONAL_B_SPLINE_CURVE((1.010513257797,
1.011838602251,1.010359035034)) REPRESENTATION_ITEM('') );
#14638 = CARTESIAN_POINT('',(-2.525757381022E-13,9.148237722911E-14));
#14639 = CARTESIAN_POINT('',(0.357795906345,-5.865138240866E-02));
#14640 = CARTESIAN_POINT('',(0.758174605888,-0.123388566311));
#14641 = ( GEOMETRIC_REPRESENTATION_CONTEXT(2) 
PARAMETRIC_REPRESENTATION_CONTEXT() REPRESENTATION_CONTEXT('2D SPACE',''
  ) );
#14642 = PCURVE('',#14643,#14648);
#14643 = CONICAL_SURFACE('',#14644,1.05,0.174532925199);
#14644 = AXIS2_PLACEMENT_3D('',#14645,#14646,#14647);
#14645 = CARTESIAN_POINT('',(-19.05,29.0375,2.12));
#14646 = DIRECTION('',(5.377642775528E-17,-1.110223024625E-16,-1.));
#14647 = DIRECTION('',(-0.918365051434,-0.395734295083,
    -5.451059237948E-18));
#14648 = DEFINITIONAL_REPRESENTATION('',(#14649),#14675);
#14649 = B_SPLINE_CURVE_WITH_KNOTS('',3,(#14650,#14651,#14652,#14653,
    #14654,#14655,#14656,#14657,#14658,#14659,#14660,#14661,#14662,
    #14663,#14664,#14665,#14666,#14667,#14668,#14669,#14670,#14671,
    #14672,#14673,#14674),.UNSPECIFIED.,.F.,.F.,(4,1,1,1,1,1,1,1,1,1,1,1
    ,1,1,1,1,1,1,1,1,1,1,4),(0.117640214744,0.121157389015,
    0.124674563287,0.128191737558,0.131708911829,0.1352260861,
    0.138743260372,0.142260434643,0.145777608914,0.149294783185,
    0.152811957457,0.156329131728,0.159846305999,0.16336348027,
    0.166880654542,0.170397828813,0.173915003084,0.177432177356,
    0.180949351627,0.184466525898,0.187983700169,0.191500874441,
    0.195018048712),.QUASI_UNIFORM_KNOTS.);
#14650 = CARTESIAN_POINT('',(6.442187771765,-2.542164384881E-13));
#14651 = CARTESIAN_POINT('',(6.442809195637,1.08152090405E-02));
#14652 = CARTESIAN_POINT('',(6.444048583658,3.25000288211E-02));
#14653 = CARTESIAN_POINT('',(6.445897368619,6.519153896682E-02));
#14654 = CARTESIAN_POINT('',(6.447735938936,9.804840067444E-02));
#14655 = CARTESIAN_POINT('',(6.449564375883,0.131071700048));
#14656 = CARTESIAN_POINT('',(6.451382759991,0.164262533184));
#14657 = CARTESIAN_POINT('',(6.453191170953,0.197622007674));
#14658 = CARTESIAN_POINT('',(6.454989687662,0.231151242357));
#14659 = CARTESIAN_POINT('',(6.456778388211,0.264851367542));
#14660 = CARTESIAN_POINT('',(6.458557349907,0.298723525109));
#14661 = CARTESIAN_POINT('',(6.460326649279,0.332768868649));
#14662 = CARTESIAN_POINT('',(6.462086362087,0.366988563586));
#14663 = CARTESIAN_POINT('',(6.463836563332,0.401383787317));
#14664 = CARTESIAN_POINT('',(6.465577327266,0.435955729343));
#14665 = CARTESIAN_POINT('',(6.467308727396,0.470705591409));
#14666 = CARTESIAN_POINT('',(6.4690308365,0.505634587638));
#14667 = CARTESIAN_POINT('',(6.470743726631,0.540743944682));
#14668 = CARTESIAN_POINT('',(6.472447469125,0.57603490185));
#14669 = CARTESIAN_POINT('',(6.474142134614,0.61150871129));
#14670 = CARTESIAN_POINT('',(6.475827793033,0.647166638013));
#14671 = CARTESIAN_POINT('',(6.477504513609,0.683009960505));
#14672 = CARTESIAN_POINT('',(6.479172364957,0.71903996916));
#14673 = CARTESIAN_POINT('',(6.480278398161,0.743185304949));
#14674 = CARTESIAN_POINT('',(6.480829959166,0.755289522614));
#14675 = ( GEOMETRIC_REPRESENTATION_CONTEXT(2) 
PARAMETRIC_REPRESENTATION_CONTEXT() REPRESENTATION_CONTEXT('2D SPACE',''
  ) );
#14676 = ADVANCED_FACE('',(#14677),#14594,.T.);
#14677 = FACE_BOUND('',#14678,.T.);
#14678 = EDGE_LOOP('',(#14679,#14702,#14730,#14751));
#14679 = ORIENTED_EDGE('',*,*,#14680,.T.);
#14680 = EDGE_CURVE('',#14551,#14681,#14683,.T.);
#14681 = VERTEX_POINT('',#14682);
#14682 = CARTESIAN_POINT('',(-19.50012145557,29.216517908653,
    1.056591056429));
#14683 = SURFACE_CURVE('',#14684,(#14689,#14696),.PCURVE_S1.);
#14684 = CIRCLE('',#14685,2.084454841283);
#14685 = AXIS2_PLACEMENT_3D('',#14686,#14687,#14688);
#14686 = CARTESIAN_POINT('',(-19.2411577157,29.223316315018,
    3.124885897222));
#14687 = DIRECTION('',(0.714325298991,-0.694365353202,
    -8.715574274766E-02));
#14688 = DIRECTION('',(-0.697017716047,-0.717053905587,
    5.841973852328E-17));
#14689 = PCURVE('',#14594,#14690);
#14690 = DEFINITIONAL_REPRESENTATION('',(#14691),#14695);
#14691 = CIRCLE('',#14692,2.084454841283);
#14692 = AXIS2_PLACEMENT_2D('',#14693,#14694);
#14693 = CARTESIAN_POINT('',(-0.421415633938,-1.008724398099));
#14694 = DIRECTION('',(1.,-9.798003066324E-17));
#14695 = ( GEOMETRIC_REPRESENTATION_CONTEXT(2) 
PARAMETRIC_REPRESENTATION_CONTEXT() REPRESENTATION_CONTEXT('2D SPACE',''
  ) );
#14696 = PCURVE('',#14180,#14697);
#14697 = DEFINITIONAL_REPRESENTATION('',(#14698),#14701);
#14698 = B_SPLINE_CURVE_WITH_KNOTS('',1,(#14699,#14700),.UNSPECIFIED.,
  .F.,.F.,(2,2),(1.376015328947,1.481745525739),
  .PIECEWISE_BEZIER_KNOTS.);
#14699 = CARTESIAN_POINT('',(1.697511579226,-0.261327239649));
#14700 = CARTESIAN_POINT('',(1.736755501236,-0.163719756875));
#14701 = ( GEOMETRIC_REPRESENTATION_CONTEXT(2) 
PARAMETRIC_REPRESENTATION_CONTEXT() REPRESENTATION_CONTEXT('2D SPACE',''
  ) );
#14702 = ORIENTED_EDGE('',*,*,#14703,.F.);
#14703 = EDGE_CURVE('',#14704,#14681,#14706,.T.);
#14704 = VERTEX_POINT('',#14705);
#14705 = CARTESIAN_POINT('',(-19.40654858635,29.1793030211,2.12));
#14706 = SURFACE_CURVE('',#14707,(#14711,#14718),.PCURVE_S1.);
#14707 = LINE('',#14708,#14709);
#14708 = CARTESIAN_POINT('',(-19.40654858635,29.1793030211,2.12));
#14709 = VECTOR('',#14710,1.);
#14710 = DIRECTION('',(-8.760139913592E-02,3.483997279901E-02,
    -0.995546167269));
#14711 = PCURVE('',#14594,#14712);
#14712 = DEFINITIONAL_REPRESENTATION('',(#14713),#14717);
#14713 = LINE('',#14714,#14715);
#14714 = CARTESIAN_POINT('',(-0.274575362722,2.911027056155E-16));
#14715 = VECTOR('',#14716,1.);
#14716 = DIRECTION('',(3.607758858216E-02,0.999348991895));
#14717 = ( GEOMETRIC_REPRESENTATION_CONTEXT(2) 
PARAMETRIC_REPRESENTATION_CONTEXT() REPRESENTATION_CONTEXT('2D SPACE',''
  ) );
#14718 = PCURVE('',#14719,#14724);
#14719 = PLANE('',#14720);
#14720 = AXIS2_PLACEMENT_3D('',#14721,#14722,#14723);
#14721 = CARTESIAN_POINT('',(-19.40654858635,29.1793030211,2.12));
#14722 = DIRECTION('',(0.99609471276,1.411381301997E-02,
    -8.715574274766E-02));
#14723 = DIRECTION('',(1.416772549282E-02,-0.99989963274,
    9.772756782147E-17));
#14724 = DEFINITIONAL_REPRESENTATION('',(#14725),#14729);
#14725 = LINE('',#14726,#14727);
#14726 = CARTESIAN_POINT('',(0.,-0.));
#14727 = VECTOR('',#14728,1.);
#14728 = DIRECTION('',(-3.607758858216E-02,0.999348991895));
#14729 = ( GEOMETRIC_REPRESENTATION_CONTEXT(2) 
PARAMETRIC_REPRESENTATION_CONTEXT() REPRESENTATION_CONTEXT('2D SPACE',''
  ) );
#14730 = ORIENTED_EDGE('',*,*,#14731,.F.);
#14731 = EDGE_CURVE('',#14579,#14704,#14732,.T.);
#14732 = SURFACE_CURVE('',#14733,(#14737,#14744),.PCURVE_S1.);
#14733 = LINE('',#14734,#14735);
#14734 = CARTESIAN_POINT('',(-19.59793247856,28.982417684883,2.12));
#14735 = VECTOR('',#14736,1.);
#14736 = DIRECTION('',(0.697017716047,0.717053905587,-1.684358755108E-17
    ));
#14737 = PCURVE('',#14594,#14738);
#14738 = DEFINITIONAL_REPRESENTATION('',(#14739),#14743);
#14739 = LINE('',#14740,#14741);
#14740 = CARTESIAN_POINT('',(-0.,0.));
#14741 = VECTOR('',#14742,1.);
#14742 = DIRECTION('',(-1.,2.341874342988E-17));
#14743 = ( GEOMETRIC_REPRESENTATION_CONTEXT(2) 
PARAMETRIC_REPRESENTATION_CONTEXT() REPRESENTATION_CONTEXT('2D SPACE',''
  ) );
#14744 = PCURVE('',#14235,#14745);
#14745 = DEFINITIONAL_REPRESENTATION('',(#14746),#14750);
#14746 = LINE('',#14747,#14748);
#14747 = CARTESIAN_POINT('',(0.525,-0.16625));
#14748 = VECTOR('',#14749,1.);
#14749 = DIRECTION('',(-0.923879532511,-0.382683432365));
#14750 = ( GEOMETRIC_REPRESENTATION_CONTEXT(2) 
PARAMETRIC_REPRESENTATION_CONTEXT() REPRESENTATION_CONTEXT('2D SPACE',''
  ) );
#14751 = ORIENTED_EDGE('',*,*,#14578,.T.);
#14752 = ADVANCED_FACE('',(#14753),#14719,.T.);
#14753 = FACE_BOUND('',#14754,.T.);
#14754 = EDGE_LOOP('',(#14755,#14778,#14806,#14827));
#14755 = ORIENTED_EDGE('',*,*,#14756,.T.);
#14756 = EDGE_CURVE('',#14681,#14757,#14759,.T.);
#14757 = VERTEX_POINT('',#14758);
#14758 = CARTESIAN_POINT('',(-19.50049577259,29.434607089952,
    1.087629914388));
#14759 = SURFACE_CURVE('',#14760,(#14765,#14772),.PCURVE_S1.);
#14760 = CIRCLE('',#14761,2.084454841283);
#14761 = AXIS2_PLACEMENT_3D('',#14762,#14763,#14764);
#14762 = CARTESIAN_POINT('',(-19.31656089345,29.033723059353,
    3.124885897222));
#14763 = DIRECTION('',(0.99609471276,1.411381301997E-02,
    -8.715574274766E-02));
#14764 = DIRECTION('',(1.416772549282E-02,-0.99989963274,
    -4.457834840891E-17));
#14765 = PCURVE('',#14719,#14766);
#14766 = DEFINITIONAL_REPRESENTATION('',(#14767),#14771);
#14767 = CIRCLE('',#14768,2.084454841283);
#14768 = AXIS2_PLACEMENT_2D('',#14769,#14770);
#14769 = CARTESIAN_POINT('',(0.146840271216,-1.008724398099));
#14770 = DIRECTION('',(1.,1.514507646985E-16));
#14771 = ( GEOMETRIC_REPRESENTATION_CONTEXT(2) 
PARAMETRIC_REPRESENTATION_CONTEXT() REPRESENTATION_CONTEXT('2D SPACE',''
  ) );
#14772 = PCURVE('',#14180,#14773);
#14773 = DEFINITIONAL_REPRESENTATION('',(#14774),#14777);
#14774 = B_SPLINE_CURVE_WITH_KNOTS('',1,(#14775,#14776),.UNSPECIFIED.,
  .F.,.F.,(2,2),(1.659847127851,1.765577324643),
  .PIECEWISE_BEZIER_KNOTS.);
#14775 = CARTESIAN_POINT('',(1.736755501236,-0.163719756875));
#14776 = CARTESIAN_POINT('',(1.834139780934,-0.122391008054));
#14777 = ( GEOMETRIC_REPRESENTATION_CONTEXT(2) 
PARAMETRIC_REPRESENTATION_CONTEXT() REPRESENTATION_CONTEXT('2D SPACE',''
  ) );
#14778 = ORIENTED_EDGE('',*,*,#14779,.F.);
#14779 = EDGE_CURVE('',#14780,#14757,#14782,.T.);
#14780 = VERTEX_POINT('',#14781);
#14781 = CARTESIAN_POINT('',(-19.41043869471,29.453850825445,2.12));
#14782 = SURFACE_CURVE('',#14783,(#14787,#14794),.PCURVE_S1.);
#14783 = LINE('',#14784,#14785);
#14784 = CARTESIAN_POINT('',(-19.40808653472,29.454353443849,
    2.146964006264));
#14785 = VECTOR('',#14786,1.);
#14786 = DIRECTION('',(-8.688832231687E-02,-1.856662387414E-02,
    -0.996045029064));
#14787 = PCURVE('',#14719,#14788);
#14788 = DEFINITIONAL_REPRESENTATION('',(#14789),#14793);
#14789 = LINE('',#14790,#14791);
#14790 = CARTESIAN_POINT('',(-0.275044605922,-2.706700438723E-02));
#14791 = VECTOR('',#14792,1.);
#14792 = DIRECTION('',(1.733375049386E-02,0.999849759261));
#14793 = ( GEOMETRIC_REPRESENTATION_CONTEXT(2) 
PARAMETRIC_REPRESENTATION_CONTEXT() REPRESENTATION_CONTEXT('2D SPACE',''
  ) );
#14794 = PCURVE('',#14795,#14800);
#14795 = PLANE('',#14796);
#14796 = AXIS2_PLACEMENT_3D('',#14797,#14798,#14799);
#14797 = CARTESIAN_POINT('',(-18.79239867927,28.019589611232,2.12));
#14798 = DIRECTION('',(0.914870395151,0.394228406615,-8.715574274766E-02
    ));
#14799 = DIRECTION('',(8.004078817122E-02,3.449051641866E-02,
    0.996194698092));
#14800 = DEFINITIONAL_REPRESENTATION('',(#14801),#14805);
#14801 = LINE('',#14802,#14803);
#14802 = CARTESIAN_POINT('',(2.706700438723E-02,-1.561285760405));
#14803 = VECTOR('',#14804,1.);
#14804 = DIRECTION('',(-0.999849759261,-1.733375049386E-02));
#14805 = ( GEOMETRIC_REPRESENTATION_CONTEXT(2) 
PARAMETRIC_REPRESENTATION_CONTEXT() REPRESENTATION_CONTEXT('2D SPACE',''
  ) );
#14806 = ORIENTED_EDGE('',*,*,#14807,.F.);
#14807 = EDGE_CURVE('',#14704,#14780,#14808,.T.);
#14808 = SURFACE_CURVE('',#14809,(#14813,#14820),.PCURVE_S1.);
#14809 = LINE('',#14810,#14811);
#14810 = CARTESIAN_POINT('',(-19.40654858635,29.1793030211,2.12));
#14811 = VECTOR('',#14812,1.);
#14812 = DIRECTION('',(-1.416772549282E-02,0.99989963274,
    -9.194963395354E-17));
#14813 = PCURVE('',#14719,#14814);
#14814 = DEFINITIONAL_REPRESENTATION('',(#14815),#14819);
#14815 = LINE('',#14816,#14817);
#14816 = CARTESIAN_POINT('',(0.,-0.));
#14817 = VECTOR('',#14818,1.);
#14818 = DIRECTION('',(-1.,-2.84932964342E-18));
#14819 = ( GEOMETRIC_REPRESENTATION_CONTEXT(2) 
PARAMETRIC_REPRESENTATION_CONTEXT() REPRESENTATION_CONTEXT('2D SPACE',''
  ) );
#14820 = PCURVE('',#14235,#14821);
#14821 = DEFINITIONAL_REPRESENTATION('',(#14822),#14826);
#14822 = LINE('',#14823,#14824);
#14823 = CARTESIAN_POINT('',(0.271325442249,-0.271325442249));
#14824 = VECTOR('',#14825,1.);
#14825 = DIRECTION('',(-0.382683432365,-0.923879532511));
#14826 = ( GEOMETRIC_REPRESENTATION_CONTEXT(2) 
PARAMETRIC_REPRESENTATION_CONTEXT() REPRESENTATION_CONTEXT('2D SPACE',''
  ) );
#14827 = ORIENTED_EDGE('',*,*,#14703,.T.);
#14828 = ADVANCED_FACE('',(#14829),#14795,.T.);
#14829 = FACE_BOUND('',#14830,.T.);
#14830 = EDGE_LOOP('',(#14831,#14854,#14899,#14920));
#14831 = ORIENTED_EDGE('',*,*,#14832,.T.);
#14832 = EDGE_CURVE('',#14757,#14833,#14835,.T.);
#14833 = VERTEX_POINT('',#14834);
#14834 = CARTESIAN_POINT('',(-19.72247168066,30.010994649007,
    1.364710477384));
#14835 = SURFACE_CURVE('',#14836,(#14841,#14848),.PCURVE_S1.);
#14836 = CIRCLE('',#14837,2.100036658522);
#14837 = AXIS2_PLACEMENT_3D('',#14838,#14839,#14840);
#14838 = CARTESIAN_POINT('',(-19.12325235495,29.005934699244,
    3.108540934802));
#14839 = DIRECTION('',(0.914870395151,0.394228406615,-8.715574274766E-02
    ));
#14840 = DIRECTION('',(-0.395734295083,0.918365051434,1.058922747983E-17
    ));
#14841 = PCURVE('',#14795,#14842);
#14842 = DEFINITIONAL_REPRESENTATION('',(#14843),#14847);
#14843 = CIRCLE('',#14844,2.100036658522);
#14844 = AXIS2_PLACEMENT_2D('',#14845,#14846);
#14845 = CARTESIAN_POINT('',(0.992317000577,-1.036755003605));
#14846 = DIRECTION('',(4.282869579335E-16,-1.));
#14847 = ( GEOMETRIC_REPRESENTATION_CONTEXT(2) 
PARAMETRIC_REPRESENTATION_CONTEXT() REPRESENTATION_CONTEXT('2D SPACE',''
  ) );
#14848 = PCURVE('',#14180,#14849);
#14849 = DEFINITIONAL_REPRESENTATION('',(#14850),#14853);
#14850 = B_SPLINE_CURVE_WITH_KNOTS('',1,(#14851,#14852),.UNSPECIFIED.,
  .F.,.F.,(2,2),(4.973910543569,5.297677228565),
  .PIECEWISE_BEZIER_KNOTS.);
#14851 = CARTESIAN_POINT('',(1.834139780934,-0.122391008053));
#14852 = CARTESIAN_POINT('',(2.159692145424,-0.110777160614));
#14853 = ( GEOMETRIC_REPRESENTATION_CONTEXT(2) 
PARAMETRIC_REPRESENTATION_CONTEXT() REPRESENTATION_CONTEXT('2D SPACE',''
  ) );
#14854 = ORIENTED_EDGE('',*,*,#14855,.F.);
#14855 = EDGE_CURVE('',#14856,#14833,#14858,.T.);
#14856 = VERTEX_POINT('',#14857);
#14857 = CARTESIAN_POINT('',(-19.61295770032,29.923828735653,2.12));
#14858 = SURFACE_CURVE('',#14859,(#14863,#14870),.PCURVE_S1.);
#14859 = ( BOUNDED_CURVE() B_SPLINE_CURVE(2,(#14860,#14861,#14862),
.UNSPECIFIED.,.F.,.F.) B_SPLINE_CURVE_WITH_KNOTS((3,3),(-0.190763574858,
-0.11338574089),.PIECEWISE_BEZIER_KNOTS.) CURVE() 
GEOMETRIC_REPRESENTATION_ITEM() RATIONAL_B_SPLINE_CURVE((1.010513257797,
1.011838602251,1.010359035034)) REPRESENTATION_ITEM('') );
#14860 = CARTESIAN_POINT('',(-19.61295770032,29.923828735653,2.12));
#14861 = CARTESIAN_POINT('',(-19.66480633014,29.965351549893,
    1.763565615101));
#14862 = CARTESIAN_POINT('',(-19.72247168066,30.010994649007,
    1.364710477386));
#14863 = PCURVE('',#14795,#14864);
#14864 = DEFINITIONAL_REPRESENTATION('',(#14865),#14869);
#14865 = ( BOUNDED_CURVE() B_SPLINE_CURVE(2,(#14866,#14867,#14868),
.UNSPECIFIED.,.F.,.F.) B_SPLINE_CURVE_WITH_KNOTS((3,3),(-0.190763574858,
-0.11338574089),.PIECEWISE_BEZIER_KNOTS.) CURVE() 
GEOMETRIC_REPRESENTATION_ITEM() RATIONAL_B_SPLINE_CURVE((1.010513257797,
1.011838602251,1.010359035034)) REPRESENTATION_ITEM('') );
#14866 = CARTESIAN_POINT('',(2.451372438372E-13,-2.07351000721));
#14867 = CARTESIAN_POINT('',(-0.357795906345,-2.132161389619));
#14868 = CARTESIAN_POINT('',(-0.758174605888,-2.196898573521));
#14869 = ( GEOMETRIC_REPRESENTATION_CONTEXT(2) 
PARAMETRIC_REPRESENTATION_CONTEXT() REPRESENTATION_CONTEXT('2D SPACE',''
  ) );
#14870 = PCURVE('',#14261,#14871);
#14871 = DEFINITIONAL_REPRESENTATION('',(#14872),#14898);
#14872 = B_SPLINE_CURVE_WITH_KNOTS('',3,(#14873,#14874,#14875,#14876,
    #14877,#14878,#14879,#14880,#14881,#14882,#14883,#14884,#14885,
    #14886,#14887,#14888,#14889,#14890,#14891,#14892,#14893,#14894,
    #14895,#14896,#14897),.UNSPECIFIED.,.F.,.F.,(4,1,1,1,1,1,1,1,1,1,1,1
    ,1,1,1,1,1,1,1,1,1,1,4),(-0.190763574858,-0.187246400587,
    -0.183729226316,-0.180212052044,-0.176694877773,-0.173177703502,
    -0.169660529231,-0.166143354959,-0.162626180688,-0.159109006417,
    -0.155591832146,-0.152074657874,-0.148557483603,-0.145040309332,
    -0.141523135061,-0.138005960789,-0.134488786518,-0.130971612247,
    -0.127454437975,-0.123937263704,-0.120420089433,-0.116902915162,
    -0.11338574089),.QUASI_UNIFORM_KNOTS.);
#14873 = CARTESIAN_POINT('',(1.411793862209,-2.436019203776E-13));
#14874 = CARTESIAN_POINT('',(1.411172438338,1.081520904051E-02));
#14875 = CARTESIAN_POINT('',(1.409933050317,3.250002882112E-02));
#14876 = CARTESIAN_POINT('',(1.408084265355,6.519153896685E-02));
#14877 = CARTESIAN_POINT('',(1.406245695038,9.804840067447E-02));
#14878 = CARTESIAN_POINT('',(1.404417258091,0.131071700048));
#14879 = CARTESIAN_POINT('',(1.402598873983,0.164262533184));
#14880 = CARTESIAN_POINT('',(1.400790463021,0.197622007674));
#14881 = CARTESIAN_POINT('',(1.398991946313,0.231151242357));
#14882 = CARTESIAN_POINT('',(1.397203245764,0.264851367542));
#14883 = CARTESIAN_POINT('',(1.395424284068,0.298723525109));
#14884 = CARTESIAN_POINT('',(1.393654984696,0.332768868649));
#14885 = CARTESIAN_POINT('',(1.391895271888,0.366988563586));
#14886 = CARTESIAN_POINT('',(1.390145070642,0.401383787317));
#14887 = CARTESIAN_POINT('',(1.388404306709,0.435955729343));
#14888 = CARTESIAN_POINT('',(1.386672906579,0.470705591409));
#14889 = CARTESIAN_POINT('',(1.384950797474,0.505634587638));
#14890 = CARTESIAN_POINT('',(1.383237907344,0.540743944682));
#14891 = CARTESIAN_POINT('',(1.381534164849,0.57603490185));
#14892 = CARTESIAN_POINT('',(1.37983949936,0.61150871129));
#14893 = CARTESIAN_POINT('',(1.378153840942,0.647166638013));
#14894 = CARTESIAN_POINT('',(1.376477120365,0.683009960505));
#14895 = CARTESIAN_POINT('',(1.374809269018,0.71903996916));
#14896 = CARTESIAN_POINT('',(1.373703235813,0.743185304949));
#14897 = CARTESIAN_POINT('',(1.373151674809,0.755289522614));
#14898 = ( GEOMETRIC_REPRESENTATION_CONTEXT(2) 
PARAMETRIC_REPRESENTATION_CONTEXT() REPRESENTATION_CONTEXT('2D SPACE',''
  ) );
#14899 = ORIENTED_EDGE('',*,*,#14900,.F.);
#14900 = EDGE_CURVE('',#14780,#14856,#14901,.T.);
#14901 = SURFACE_CURVE('',#14902,(#14906,#14913),.PCURVE_S1.);
#14902 = LINE('',#14903,#14904);
#14903 = CARTESIAN_POINT('',(-19.2026781898,28.971709173443,2.12));
#14904 = VECTOR('',#14905,1.);
#14905 = DIRECTION('',(-0.395734295083,0.918365051434,
    -1.232401792411E-16));
#14906 = PCURVE('',#14795,#14907);
#14907 = DEFINITIONAL_REPRESENTATION('',(#14908),#14912);
#14908 = LINE('',#14909,#14910);
#14909 = CARTESIAN_POINT('',(4.460750617724E-15,-1.036755003605));
#14910 = VECTOR('',#14911,1.);
#14911 = DIRECTION('',(3.069122967179E-16,-1.));
#14912 = ( GEOMETRIC_REPRESENTATION_CONTEXT(2) 
PARAMETRIC_REPRESENTATION_CONTEXT() REPRESENTATION_CONTEXT('2D SPACE',''
  ) );
#14913 = PCURVE('',#14235,#14914);
#14914 = DEFINITIONAL_REPRESENTATION('',(#14915),#14919);
#14915 = LINE('',#14916,#14917);
#14916 = CARTESIAN_POINT('',(0.16625,-6.779989274773E-15));
#14917 = VECTOR('',#14918,1.);
#14918 = DIRECTION('',(-4.375259368983E-15,-1.));
#14919 = ( GEOMETRIC_REPRESENTATION_CONTEXT(2) 
PARAMETRIC_REPRESENTATION_CONTEXT() REPRESENTATION_CONTEXT('2D SPACE',''
  ) );
#14920 = ORIENTED_EDGE('',*,*,#14779,.T.);
#14921 = ADVANCED_FACE('',(#14922),#14261,.F.);
#14922 = FACE_BOUND('',#14923,.F.);
#14923 = EDGE_LOOP('',(#14924,#14950,#14951,#14995));
#14924 = ORIENTED_EDGE('',*,*,#14925,.T.);
#14925 = EDGE_CURVE('',#14856,#14220,#14926,.T.);
#14926 = SURFACE_CURVE('',#14927,(#14932,#14939),.PCURVE_S1.);
#14927 = CIRCLE('',#14928,1.05);
#14928 = AXIS2_PLACEMENT_3D('',#14929,#14930,#14931);
#14929 = CARTESIAN_POINT('',(-19.05,29.0375,2.12));
#14930 = DIRECTION('',(7.426011608568E-17,-1.021956403966E-16,-1.));
#14931 = DIRECTION('',(-4.277458480038E-49,-1.,1.021956403966E-16));
#14932 = PCURVE('',#14261,#14933);
#14933 = DEFINITIONAL_REPRESENTATION('',(#14934),#14938);
#14934 = LINE('',#14935,#14936);
#14935 = CARTESIAN_POINT('',(-1.163929045592,-5.17538339E-15));
#14936 = VECTOR('',#14937,1.);
#14937 = DIRECTION('',(1.,1.552284836258E-15));
#14938 = ( GEOMETRIC_REPRESENTATION_CONTEXT(2) 
PARAMETRIC_REPRESENTATION_CONTEXT() REPRESENTATION_CONTEXT('2D SPACE',''
  ) );
#14939 = PCURVE('',#14235,#14940);
#14940 = DEFINITIONAL_REPRESENTATION('',(#14941),#14949);
#14941 = ( BOUNDED_CURVE() B_SPLINE_CURVE(2,(#14942,#14943,#14944,#14945
    ,#14946,#14947,#14948),.UNSPECIFIED.,.T.,.F.) 
B_SPLINE_CURVE_WITH_KNOTS((1,2,2,2,2,1),(-2.094395102393,0.,
    2.094395102393,4.188790204786,6.28318530718,8.377580409573),
.UNSPECIFIED.) CURVE() GEOMETRIC_REPRESENTATION_ITEM() 
RATIONAL_B_SPLINE_CURVE((1.,0.5,1.,0.5,1.,0.5,1.)) REPRESENTATION_ITEM(
  '') );
#14942 = CARTESIAN_POINT('',(0.415521009837,0.964283304006));
#14943 = CARTESIAN_POINT('',(2.085708685265,0.244579803356));
#14944 = CARTESIAN_POINT('',(0.627333332796,-0.841993402328));
#14945 = CARTESIAN_POINT('',(-0.831042019674,-1.928566608011));
#14946 = CARTESIAN_POINT('',(-1.042854342633,-0.122289901678));
#14947 = CARTESIAN_POINT('',(-1.254666665591,1.683986804656));
#14948 = CARTESIAN_POINT('',(0.415521009837,0.964283304006));
#14949 = ( GEOMETRIC_REPRESENTATION_CONTEXT(2) 
PARAMETRIC_REPRESENTATION_CONTEXT() REPRESENTATION_CONTEXT('2D SPACE',''
  ) );
#14950 = ORIENTED_EDGE('',*,*,#14247,.T.);
#14951 = ORIENTED_EDGE('',*,*,#14952,.F.);
#14952 = EDGE_CURVE('',#14833,#14157,#14953,.T.);
#14953 = SURFACE_CURVE('',#14954,(#14959,#14966),.PCURVE_S1.);
#14954 = CIRCLE('',#14955,1.183177921084);
#14955 = AXIS2_PLACEMENT_3D('',#14956,#14957,#14958);
#14956 = CARTESIAN_POINT('',(-19.05,29.0375,1.364710477384));
#14957 = DIRECTION('',(5.377642775528E-17,-1.110223024625E-16,-1.));
#14958 = DIRECTION('',(-8.552847072294E-50,-1.,1.110223024625E-16));
#14959 = PCURVE('',#14261,#14960);
#14960 = DEFINITIONAL_REPRESENTATION('',(#14961),#14965);
#14961 = LINE('',#14962,#14963);
#14962 = CARTESIAN_POINT('',(-1.163929045592,0.755289522616));
#14963 = VECTOR('',#14964,1.);
#14964 = DIRECTION('',(1.,2.212771721846E-15));
#14965 = ( GEOMETRIC_REPRESENTATION_CONTEXT(2) 
PARAMETRIC_REPRESENTATION_CONTEXT() REPRESENTATION_CONTEXT('2D SPACE',''
  ) );
#14966 = PCURVE('',#14180,#14967);
#14967 = DEFINITIONAL_REPRESENTATION('',(#14968),#14994);
#14968 = B_SPLINE_CURVE_WITH_KNOTS('',3,(#14969,#14970,#14971,#14972,
    #14973,#14974,#14975,#14976,#14977,#14978,#14979,#14980,#14981,
    #14982,#14983,#14984,#14985,#14986,#14987,#14988,#14989,#14990,
    #14991,#14992,#14993),.UNSPECIFIED.,.F.,.F.,(4,1,1,1,1,1,1,1,1,1,1,1
    ,1,1,1,1,1,1,1,1,1,1,4),(2.537080720401,2.555048416036,
    2.573016111671,2.590983807306,2.608951502941,2.626919198577,
    2.644886894212,2.662854589847,2.680822285482,2.698789981117,
    2.716757676752,2.734725372387,2.752693068022,2.770660763658,
    2.788628459293,2.806596154928,2.824563850563,2.842531546198,
    2.860499241833,2.878466937468,2.896434633103,2.914402328739,
    2.932370024374),.QUASI_UNIFORM_KNOTS.);
#14969 = CARTESIAN_POINT('',(2.159692145424,-0.110777160614));
#14970 = CARTESIAN_POINT('',(2.160246121638,-0.107450481572));
#14971 = CARTESIAN_POINT('',(2.161303152163,-0.100788850526));
#14972 = CARTESIAN_POINT('',(2.162736330071,-9.077387446713E-02));
#14973 = CARTESIAN_POINT('',(2.164017553479,-8.073866307342E-02));
#14974 = CARTESIAN_POINT('',(2.165147181352,-7.068549384047E-02));
#14975 = CARTESIAN_POINT('',(2.166125535894,-6.061663497728E-02));
#14976 = CARTESIAN_POINT('',(2.166952896861,-5.053434507647E-02));
#14977 = CARTESIAN_POINT('',(2.167629502259,-4.044087485984E-02));
#14978 = CARTESIAN_POINT('',(2.168155547465,-3.03384683777E-02));
#14979 = CARTESIAN_POINT('',(2.168531184895,-2.022936436255E-02));
#14980 = CARTESIAN_POINT('',(2.168756523648,-1.011579754766E-02));
#14981 = CARTESIAN_POINT('',(2.168831629277,1.483784236776E-14));
#14982 = CARTESIAN_POINT('',(2.168756523648,1.01157975477E-02));
#14983 = CARTESIAN_POINT('',(2.168531184895,2.022936436258E-02));
#14984 = CARTESIAN_POINT('',(2.168155547465,3.033846837774E-02));
#14985 = CARTESIAN_POINT('',(2.167629502259,4.044087485987E-02));
#14986 = CARTESIAN_POINT('',(2.166952896861,5.05343450765E-02));
#14987 = CARTESIAN_POINT('',(2.166125535894,6.061663497731E-02));
#14988 = CARTESIAN_POINT('',(2.165147181352,7.06854938405E-02));
#14989 = CARTESIAN_POINT('',(2.164017553479,8.073866307345E-02));
#14990 = CARTESIAN_POINT('',(2.162736330071,9.077387446716E-02));
#14991 = CARTESIAN_POINT('',(2.161303152163,0.100788850526));
#14992 = CARTESIAN_POINT('',(2.160246121638,0.107450481572));
#14993 = CARTESIAN_POINT('',(2.159692145424,0.110777160614));
#14994 = ( GEOMETRIC_REPRESENTATION_CONTEXT(2) 
PARAMETRIC_REPRESENTATION_CONTEXT() REPRESENTATION_CONTEXT('2D SPACE',''
  ) );
#14995 = ORIENTED_EDGE('',*,*,#14855,.F.);
#14996 = ADVANCED_FACE('',(#14997),#15012,.T.);
#14997 = FACE_BOUND('',#14998,.T.);
#14998 = EDGE_LOOP('',(#14999,#15029,#15057,#15080));
#14999 = ORIENTED_EDGE('',*,*,#15000,.T.);
#15000 = EDGE_CURVE('',#15001,#15003,#15005,.T.);
#15001 = VERTEX_POINT('',#15002);
#15002 = CARTESIAN_POINT('',(-18.80425448499,27.880124030492,
    1.364710477384));
#15003 = VERTEX_POINT('',#15004);
#15004 = CARTESIAN_POINT('',(-19.07075531713,28.437325276419,
    1.087629914388));
#15005 = SURFACE_CURVE('',#15006,(#15011,#15023),.PCURVE_S1.);
#15006 = CIRCLE('',#15007,2.100036658522);
#15007 = AXIS2_PLACEMENT_3D('',#15008,#15009,#15010);
#15008 = CARTESIAN_POINT('',(-19.12325235495,29.005934699244,
    3.108540934802));
#15009 = DIRECTION('',(0.914870395151,0.394228406615,-8.715574274766E-02
    ));
#15010 = DIRECTION('',(8.004078817122E-02,3.449051641866E-02,
    0.996194698092));
#15011 = PCURVE('',#15012,#15017);
#15012 = PLANE('',#15013);
#15013 = AXIS2_PLACEMENT_3D('',#15014,#15015,#15016);
#15014 = CARTESIAN_POINT('',(-18.79239867927,28.019589611232,2.12));
#15015 = DIRECTION('',(0.914870395151,0.394228406615,-8.715574274766E-02
    ));
#15016 = DIRECTION('',(8.004078817122E-02,3.449051641866E-02,
    0.996194698092));
#15017 = DEFINITIONAL_REPRESENTATION('',(#15018),#15022);
#15018 = CIRCLE('',#15019,2.100036658522);
#15019 = AXIS2_PLACEMENT_2D('',#15020,#15021);
#15020 = CARTESIAN_POINT('',(0.992317000577,-1.036755003605));
#15021 = DIRECTION('',(1.,2.906332537185E-17));
#15022 = ( GEOMETRIC_REPRESENTATION_CONTEXT(2) 
PARAMETRIC_REPRESENTATION_CONTEXT() REPRESENTATION_CONTEXT('2D SPACE',''
  ) );
#15023 = PCURVE('',#14180,#15024);
#15024 = DEFINITIONAL_REPRESENTATION('',(#15025),#15028);
#15025 = B_SPLINE_CURVE_WITH_KNOTS('',1,(#15026,#15027),.UNSPECIFIED.,
  .F.,.F.,(2,2),(2.556304405409,2.880071090405),
  .PIECEWISE_BEZIER_KNOTS.);
#15026 = CARTESIAN_POINT('',(0.981900508166,-0.110777160614));
#15027 = CARTESIAN_POINT('',(1.307452872656,-0.122391008054));
#15028 = ( GEOMETRIC_REPRESENTATION_CONTEXT(2) 
PARAMETRIC_REPRESENTATION_CONTEXT() REPRESENTATION_CONTEXT('2D SPACE',''
  ) );
#15029 = ORIENTED_EDGE('',*,*,#15030,.F.);
#15030 = EDGE_CURVE('',#15031,#15003,#15033,.T.);
#15031 = VERTEX_POINT('',#15032);
#15032 = CARTESIAN_POINT('',(-18.99491768488,28.48956752144,2.12));
#15033 = SURFACE_CURVE('',#15034,(#15038,#15045),.PCURVE_S1.);
#15034 = LINE('',#15035,#15036);
#15035 = CARTESIAN_POINT('',(-18.99491768488,28.48956752144,2.12));
#15036 = VECTOR('',#15037,1.);
#15037 = DIRECTION('',(-7.316920325121E-02,-5.040404520181E-02,
    -0.996045029064));
#15038 = PCURVE('',#15012,#15039);
#15039 = DEFINITIONAL_REPRESENTATION('',(#15040),#15044);
#15040 = LINE('',#15041,#15042);
#15041 = CARTESIAN_POINT('',(7.222574870142E-15,-0.511755003605));
#15042 = VECTOR('',#15043,1.);
#15043 = DIRECTION('',(-0.999849759261,1.733375049386E-02));
#15044 = ( GEOMETRIC_REPRESENTATION_CONTEXT(2) 
PARAMETRIC_REPRESENTATION_CONTEXT() REPRESENTATION_CONTEXT('2D SPACE',''
  ) );
#15045 = PCURVE('',#15046,#15051);
#15046 = PLANE('',#15047);
#15047 = AXIS2_PLACEMENT_3D('',#15048,#15049,#15050);
#15048 = CARTESIAN_POINT('',(-18.99491768488,28.48956752144,2.12));
#15049 = DIRECTION('',(0.694365353202,0.714325298991,-8.715574274766E-02
    ));
#15050 = DIRECTION('',(0.717053905587,-0.697017716047,1.631674825495E-16
    ));
#15051 = DEFINITIONAL_REPRESENTATION('',(#15052),#15056);
#15052 = LINE('',#15053,#15054);
#15053 = CARTESIAN_POINT('',(0.,-0.));
#15054 = VECTOR('',#15055,1.);
#15055 = DIRECTION('',(-1.733375049386E-02,0.999849759261));
#15056 = ( GEOMETRIC_REPRESENTATION_CONTEXT(2) 
PARAMETRIC_REPRESENTATION_CONTEXT() REPRESENTATION_CONTEXT('2D SPACE',''
  ) );
#15057 = ORIENTED_EDGE('',*,*,#15058,.F.);
#15058 = EDGE_CURVE('',#15059,#15031,#15061,.T.);
#15059 = VERTEX_POINT('',#15060);
#15060 = CARTESIAN_POINT('',(-18.79239867927,28.019589611232,2.12));
#15061 = SURFACE_CURVE('',#15062,(#15066,#15073),.PCURVE_S1.);
#15062 = LINE('',#15063,#15064);
#15063 = CARTESIAN_POINT('',(-18.79239867927,28.019589611232,2.12));
#15064 = VECTOR('',#15065,1.);
#15065 = DIRECTION('',(-0.395734295083,0.918365051434,
    -1.110223024625E-16));
#15066 = PCURVE('',#15012,#15067);
#15067 = DEFINITIONAL_REPRESENTATION('',(#15068),#15072);
#15068 = LINE('',#15069,#15070);
#15069 = CARTESIAN_POINT('',(0.,0.));
#15070 = VECTOR('',#15071,1.);
#15071 = DIRECTION('',(3.189912254502E-16,-1.));
#15072 = ( GEOMETRIC_REPRESENTATION_CONTEXT(2) 
PARAMETRIC_REPRESENTATION_CONTEXT() REPRESENTATION_CONTEXT('2D SPACE',''
  ) );
#15073 = PCURVE('',#14235,#15074);
#15074 = DEFINITIONAL_REPRESENTATION('',(#15075),#15079);
#15075 = LINE('',#15076,#15077);
#15076 = CARTESIAN_POINT('',(0.16625,1.036755003605));
#15077 = VECTOR('',#15078,1.);
#15078 = DIRECTION('',(-4.375259368983E-15,-1.));
#15079 = ( GEOMETRIC_REPRESENTATION_CONTEXT(2) 
PARAMETRIC_REPRESENTATION_CONTEXT() REPRESENTATION_CONTEXT('2D SPACE',''
  ) );
#15080 = ORIENTED_EDGE('',*,*,#15081,.T.);
#15081 = EDGE_CURVE('',#15059,#15001,#15082,.T.);
#15082 = SURFACE_CURVE('',#15083,(#15087,#15094),.PCURVE_S1.);
#15083 = ( BOUNDED_CURVE() B_SPLINE_CURVE(2,(#15084,#15085,#15086),
.UNSPECIFIED.,.F.,.F.) B_SPLINE_CURVE_WITH_KNOTS((3,3),(0.117640214744,
0.195018048712),.PIECEWISE_BEZIER_KNOTS.) CURVE() 
GEOMETRIC_REPRESENTATION_ITEM() RATIONAL_B_SPLINE_CURVE((1.010513257795,
1.011838602249,1.010359035032)) REPRESENTATION_ITEM('') );
#15084 = CARTESIAN_POINT('',(-18.79239867927,28.019589611232,2.12));
#15085 = CARTESIAN_POINT('',(-18.79782658215,27.953385665828,
    1.7635656151));
#15086 = CARTESIAN_POINT('',(-18.80425448499,27.880124030493,
    1.364710477386));
#15087 = PCURVE('',#15012,#15088);
#15088 = DEFINITIONAL_REPRESENTATION('',(#15089),#15093);
#15089 = ( BOUNDED_CURVE() B_SPLINE_CURVE(2,(#15090,#15091,#15092),
.UNSPECIFIED.,.F.,.F.) B_SPLINE_CURVE_WITH_KNOTS((3,3),(0.117640214744,
0.195018048712),.PIECEWISE_BEZIER_KNOTS.) CURVE() 
GEOMETRIC_REPRESENTATION_ITEM() RATIONAL_B_SPLINE_CURVE((1.010513257795,
1.011838602249,1.010359035032)) REPRESENTATION_ITEM('') );
#15090 = CARTESIAN_POINT('',(2.526867604047E-13,-9.237055564881E-14));
#15091 = CARTESIAN_POINT('',(-0.357795906345,5.865138240876E-02));
#15092 = CARTESIAN_POINT('',(-0.758174605888,0.123388566311));
#15093 = ( GEOMETRIC_REPRESENTATION_CONTEXT(2) 
PARAMETRIC_REPRESENTATION_CONTEXT() REPRESENTATION_CONTEXT('2D SPACE',''
  ) );
#15094 = PCURVE('',#15095,#15100);
#15095 = CONICAL_SURFACE('',#15096,1.05,0.174532925199);
#15096 = AXIS2_PLACEMENT_3D('',#15097,#15098,#15099);
#15097 = CARTESIAN_POINT('',(-19.05,29.0375,2.12));
#15098 = DIRECTION('',(5.377642775528E-17,-1.110223024625E-16,-1.));
#15099 = DIRECTION('',(-0.918365051434,-0.395734295083,
    -5.451059237948E-18));
#15100 = DEFINITIONAL_REPRESENTATION('',(#15101),#15127);
#15101 = B_SPLINE_CURVE_WITH_KNOTS('',3,(#15102,#15103,#15104,#15105,
    #15106,#15107,#15108,#15109,#15110,#15111,#15112,#15113,#15114,
    #15115,#15116,#15117,#15118,#15119,#15120,#15121,#15122,#15123,
    #15124,#15125,#15126),.UNSPECIFIED.,.F.,.F.,(4,1,1,1,1,1,1,1,1,1,1,1
    ,1,1,1,1,1,1,1,1,1,1,4),(0.117640214744,0.121157389015,
    0.124674563286,0.128191737558,0.131708911829,0.1352260861,
    0.138743260371,0.142260434643,0.145777608914,0.149294783185,
    0.152811957456,0.156329131728,0.159846305999,0.16336348027,
    0.166880654541,0.170397828813,0.173915003084,0.177432177355,
    0.180949351626,0.184466525898,0.187983700169,0.19150087444,
    0.195018048712),.QUASI_UNIFORM_KNOTS.);
#15102 = CARTESIAN_POINT('',(4.87139144497,-2.520390344716E-13));
#15103 = CARTESIAN_POINT('',(4.872012868842,1.081520904051E-02));
#15104 = CARTESIAN_POINT('',(4.873252256863,3.250002882113E-02));
#15105 = CARTESIAN_POINT('',(4.875101041824,6.519153896688E-02));
#15106 = CARTESIAN_POINT('',(4.876939612141,9.804840067452E-02));
#15107 = CARTESIAN_POINT('',(4.878768049088,0.131071700048));
#15108 = CARTESIAN_POINT('',(4.880586433196,0.164262533184));
#15109 = CARTESIAN_POINT('',(4.882394844158,0.197622007674));
#15110 = CARTESIAN_POINT('',(4.884193360867,0.231151242357));
#15111 = CARTESIAN_POINT('',(4.885982061416,0.264851367542));
#15112 = CARTESIAN_POINT('',(4.887761023112,0.298723525109));
#15113 = CARTESIAN_POINT('',(4.889530322484,0.332768868649));
#15114 = CARTESIAN_POINT('',(4.891290035292,0.366988563586));
#15115 = CARTESIAN_POINT('',(4.893040236537,0.401383787317));
#15116 = CARTESIAN_POINT('',(4.894781000471,0.435955729343));
#15117 = CARTESIAN_POINT('',(4.896512400601,0.470705591409));
#15118 = CARTESIAN_POINT('',(4.898234509705,0.505634587638));
#15119 = CARTESIAN_POINT('',(4.899947399836,0.540743944682));
#15120 = CARTESIAN_POINT('',(4.90165114233,0.57603490185));
#15121 = CARTESIAN_POINT('',(4.903345807819,0.61150871129));
#15122 = CARTESIAN_POINT('',(4.905031466238,0.647166638013));
#15123 = CARTESIAN_POINT('',(4.906708186815,0.683009960505));
#15124 = CARTESIAN_POINT('',(4.908376038162,0.71903996916));
#15125 = CARTESIAN_POINT('',(4.909482071366,0.743185304949));
#15126 = CARTESIAN_POINT('',(4.910033632371,0.755289522614));
#15127 = ( GEOMETRIC_REPRESENTATION_CONTEXT(2) 
PARAMETRIC_REPRESENTATION_CONTEXT() REPRESENTATION_CONTEXT('2D SPACE',''
  ) );
#15128 = ADVANCED_FACE('',(#15129),#15046,.T.);
#15129 = FACE_BOUND('',#15130,.T.);
#15130 = EDGE_LOOP('',(#15131,#15154,#15182,#15203));
#15131 = ORIENTED_EDGE('',*,*,#15132,.T.);
#15132 = EDGE_CURVE('',#15003,#15133,#15135,.T.);
#15133 = VERTEX_POINT('',#15134);
#15134 = CARTESIAN_POINT('',(-19.22901790865,28.587378544429,
    1.056591056429));
#15135 = SURFACE_CURVE('',#15136,(#15141,#15148),.PCURVE_S1.);
#15136 = CIRCLE('',#15137,2.084454841283);
#15137 = AXIS2_PLACEMENT_3D('',#15138,#15139,#15140);
#15138 = CARTESIAN_POINT('',(-19.23581631501,28.846342284295,
    3.124885897222));
#15139 = DIRECTION('',(0.694365353202,0.714325298991,-8.715574274766E-02
    ));
#15140 = DIRECTION('',(0.717053905587,-0.697017716047,2.551028875246E-16
    ));
#15141 = PCURVE('',#15046,#15142);
#15142 = DEFINITIONAL_REPRESENTATION('',(#15143),#15147);
#15143 = CIRCLE('',#15144,2.084454841283);
#15144 = AXIS2_PLACEMENT_2D('',#15145,#15146);
#15145 = CARTESIAN_POINT('',(-0.421415633938,-1.008724398099));
#15146 = DIRECTION('',(1.,-9.99735208563E-17));
#15147 = ( GEOMETRIC_REPRESENTATION_CONTEXT(2) 
PARAMETRIC_REPRESENTATION_CONTEXT() REPRESENTATION_CONTEXT('2D SPACE',''
  ) );
#15148 = PCURVE('',#14180,#15149);
#15149 = DEFINITIONAL_REPRESENTATION('',(#15150),#15153);
#15150 = B_SPLINE_CURVE_WITH_KNOTS('',1,(#15151,#15152),.UNSPECIFIED.,
  .F.,.F.,(2,2),(1.376015328947,1.481745525739),
  .PIECEWISE_BEZIER_KNOTS.);
#15151 = CARTESIAN_POINT('',(1.307452872656,-0.122391008054));
#15152 = CARTESIAN_POINT('',(1.404837152354,-0.163719756875));
#15153 = ( GEOMETRIC_REPRESENTATION_CONTEXT(2) 
PARAMETRIC_REPRESENTATION_CONTEXT() REPRESENTATION_CONTEXT('2D SPACE',''
  ) );
#15154 = ORIENTED_EDGE('',*,*,#15155,.F.);
#15155 = EDGE_CURVE('',#15156,#15133,#15158,.T.);
#15156 = VERTEX_POINT('',#15157);
#15157 = CARTESIAN_POINT('',(-19.1918030211,28.680951413647,2.12));
#15158 = SURFACE_CURVE('',#15159,(#15163,#15170),.PCURVE_S1.);
#15159 = LINE('',#15160,#15161);
#15160 = CARTESIAN_POINT('',(-19.1918030211,28.680951413647,2.12));
#15161 = VECTOR('',#15162,1.);
#15162 = DIRECTION('',(-3.4839972799E-02,-8.760139913592E-02,
    -0.995546167269));
#15163 = PCURVE('',#15046,#15164);
#15164 = DEFINITIONAL_REPRESENTATION('',(#15165),#15169);
#15165 = LINE('',#15166,#15167);
#15166 = CARTESIAN_POINT('',(-0.274575362722,1.928006786626E-16));
#15167 = VECTOR('',#15168,1.);
#15168 = DIRECTION('',(3.607758858216E-02,0.999348991895));
#15169 = ( GEOMETRIC_REPRESENTATION_CONTEXT(2) 
PARAMETRIC_REPRESENTATION_CONTEXT() REPRESENTATION_CONTEXT('2D SPACE',''
  ) );
#15170 = PCURVE('',#15171,#15176);
#15171 = PLANE('',#15172);
#15172 = AXIS2_PLACEMENT_3D('',#15173,#15174,#15175);
#15173 = CARTESIAN_POINT('',(-19.1918030211,28.680951413647,2.12));
#15174 = DIRECTION('',(-1.411381301997E-02,0.99609471276,
    -8.715574274766E-02));
#15175 = DIRECTION('',(0.99989963274,1.416772549282E-02,
    7.212842765121E-17));
#15176 = DEFINITIONAL_REPRESENTATION('',(#15177),#15181);
#15177 = LINE('',#15178,#15179);
#15178 = CARTESIAN_POINT('',(0.,0.));
#15179 = VECTOR('',#15180,1.);
#15180 = DIRECTION('',(-3.607758858216E-02,0.999348991895));
#15181 = ( GEOMETRIC_REPRESENTATION_CONTEXT(2) 
PARAMETRIC_REPRESENTATION_CONTEXT() REPRESENTATION_CONTEXT('2D SPACE',''
  ) );
#15182 = ORIENTED_EDGE('',*,*,#15183,.F.);
#15183 = EDGE_CURVE('',#15031,#15156,#15184,.T.);
#15184 = SURFACE_CURVE('',#15185,(#15189,#15196),.PCURVE_S1.);
#15185 = LINE('',#15186,#15187);
#15186 = CARTESIAN_POINT('',(-18.99491768488,28.48956752144,2.12));
#15187 = VECTOR('',#15188,1.);
#15188 = DIRECTION('',(-0.717053905587,0.697017716047,
    -1.131928318413E-16));
#15189 = PCURVE('',#15046,#15190);
#15190 = DEFINITIONAL_REPRESENTATION('',(#15191),#15195);
#15191 = LINE('',#15192,#15193);
#15192 = CARTESIAN_POINT('',(0.,-0.));
#15193 = VECTOR('',#15194,1.);
#15194 = DIRECTION('',(-1.,-4.631972464633E-17));
#15195 = ( GEOMETRIC_REPRESENTATION_CONTEXT(2) 
PARAMETRIC_REPRESENTATION_CONTEXT() REPRESENTATION_CONTEXT('2D SPACE',''
  ) );
#15196 = PCURVE('',#14235,#15197);
#15197 = DEFINITIONAL_REPRESENTATION('',(#15198),#15202);
#15198 = LINE('',#15199,#15200);
#15199 = CARTESIAN_POINT('',(0.16625,0.525));
#15200 = VECTOR('',#15201,1.);
#15201 = DIRECTION('',(0.382683432365,-0.923879532511));
#15202 = ( GEOMETRIC_REPRESENTATION_CONTEXT(2) 
PARAMETRIC_REPRESENTATION_CONTEXT() REPRESENTATION_CONTEXT('2D SPACE',''
  ) );
#15203 = ORIENTED_EDGE('',*,*,#15030,.T.);
#15204 = ADVANCED_FACE('',(#15205),#15171,.T.);
#15205 = FACE_BOUND('',#15206,.T.);
#15206 = EDGE_LOOP('',(#15207,#15230,#15258,#15279));
#15207 = ORIENTED_EDGE('',*,*,#15208,.T.);
#15208 = EDGE_CURVE('',#15133,#15209,#15211,.T.);
#15209 = VERTEX_POINT('',#15210);
#15210 = CARTESIAN_POINT('',(-19.44710708995,28.587004227406,
    1.087629914388));
#15211 = SURFACE_CURVE('',#15212,(#15217,#15224),.PCURVE_S1.);
#15212 = CIRCLE('',#15213,2.084454841283);
#15213 = AXIS2_PLACEMENT_3D('',#15214,#15215,#15216);
#15214 = CARTESIAN_POINT('',(-19.04622305935,28.770939106544,
    3.124885897222));
#15215 = DIRECTION('',(-1.411381301997E-02,0.99609471276,
    -8.715574274766E-02));
#15216 = DIRECTION('',(0.99989963274,1.416772549282E-02,
    -6.355709545134E-17));
#15217 = PCURVE('',#15171,#15218);
#15218 = DEFINITIONAL_REPRESENTATION('',(#15219),#15223);
#15219 = CIRCLE('',#15220,2.084454841283);
#15220 = AXIS2_PLACEMENT_2D('',#15221,#15222);
#15221 = CARTESIAN_POINT('',(0.146840271216,-1.008724398099));
#15222 = DIRECTION('',(1.,1.276346230715E-16));
#15223 = ( GEOMETRIC_REPRESENTATION_CONTEXT(2) 
PARAMETRIC_REPRESENTATION_CONTEXT() REPRESENTATION_CONTEXT('2D SPACE',''
  ) );
#15224 = PCURVE('',#14180,#15225);
#15225 = DEFINITIONAL_REPRESENTATION('',(#15226),#15229);
#15226 = B_SPLINE_CURVE_WITH_KNOTS('',1,(#15227,#15228),.UNSPECIFIED.,
  .F.,.F.,(2,2),(1.659847127851,1.765577324643),
  .PIECEWISE_BEZIER_KNOTS.);
#15227 = CARTESIAN_POINT('',(1.404837152354,-0.163719756875));
#15228 = CARTESIAN_POINT('',(1.444081074363,-0.261327239649));
#15229 = ( GEOMETRIC_REPRESENTATION_CONTEXT(2) 
PARAMETRIC_REPRESENTATION_CONTEXT() REPRESENTATION_CONTEXT('2D SPACE',''
  ) );
#15230 = ORIENTED_EDGE('',*,*,#15231,.F.);
#15231 = EDGE_CURVE('',#15232,#15209,#15234,.T.);
#15232 = VERTEX_POINT('',#15233);
#15233 = CARTESIAN_POINT('',(-19.46635082544,28.677061305281,2.12));
#15234 = SURFACE_CURVE('',#15235,(#15239,#15246),.PCURVE_S1.);
#15235 = LINE('',#15236,#15237);
#15236 = CARTESIAN_POINT('',(-19.46685344384,28.679413465272,
    2.146964006264));
#15237 = VECTOR('',#15238,1.);
#15238 = DIRECTION('',(1.856662387414E-02,-8.688832231687E-02,
    -0.996045029064));
#15239 = PCURVE('',#15171,#15240);
#15240 = DEFINITIONAL_REPRESENTATION('',(#15241),#15245);
#15241 = LINE('',#15242,#15243);
#15242 = CARTESIAN_POINT('',(-0.275044605922,-2.706700438723E-02));
#15243 = VECTOR('',#15244,1.);
#15244 = DIRECTION('',(1.733375049386E-02,0.999849759261));
#15245 = ( GEOMETRIC_REPRESENTATION_CONTEXT(2) 
PARAMETRIC_REPRESENTATION_CONTEXT() REPRESENTATION_CONTEXT('2D SPACE',''
  ) );
#15246 = PCURVE('',#15247,#15252);
#15247 = PLANE('',#15248);
#15248 = AXIS2_PLACEMENT_3D('',#15249,#15250,#15251);
#15249 = CARTESIAN_POINT('',(-18.03208961123,29.295101320724,2.12));
#15250 = DIRECTION('',(-0.394228406615,0.914870395151,
    -8.715574274766E-02));
#15251 = DIRECTION('',(-3.449051641866E-02,8.004078817122E-02,
    0.996194698092));
#15252 = DEFINITIONAL_REPRESENTATION('',(#15253),#15257);
#15253 = LINE('',#15254,#15255);
#15254 = CARTESIAN_POINT('',(2.706700438723E-02,-1.561285760405));
#15255 = VECTOR('',#15256,1.);
#15256 = DIRECTION('',(-0.999849759261,-1.733375049386E-02));
#15257 = ( GEOMETRIC_REPRESENTATION_CONTEXT(2) 
PARAMETRIC_REPRESENTATION_CONTEXT() REPRESENTATION_CONTEXT('2D SPACE',''
  ) );
#15258 = ORIENTED_EDGE('',*,*,#15259,.F.);
#15259 = EDGE_CURVE('',#15156,#15232,#15260,.T.);
#15260 = SURFACE_CURVE('',#15261,(#15265,#15272),.PCURVE_S1.);
#15261 = LINE('',#15262,#15263);
#15262 = CARTESIAN_POINT('',(-19.1918030211,28.680951413647,2.12));
#15263 = VECTOR('',#15264,1.);
#15264 = DIRECTION('',(-0.99989963274,-1.416772549282E-02,
    -6.812920399978E-17));
#15265 = PCURVE('',#15171,#15266);
#15266 = DEFINITIONAL_REPRESENTATION('',(#15267),#15271);
#15267 = LINE('',#15268,#15269);
#15268 = CARTESIAN_POINT('',(0.,0.));
#15269 = VECTOR('',#15270,1.);
#15270 = DIRECTION('',(-1.,-1.968246910437E-18));
#15271 = ( GEOMETRIC_REPRESENTATION_CONTEXT(2) 
PARAMETRIC_REPRESENTATION_CONTEXT() REPRESENTATION_CONTEXT('2D SPACE',''
  ) );
#15272 = PCURVE('',#14235,#15273);
#15273 = DEFINITIONAL_REPRESENTATION('',(#15274),#15278);
#15274 = LINE('',#15275,#15276);
#15275 = CARTESIAN_POINT('',(0.271325442249,0.271325442249));
#15276 = VECTOR('',#15277,1.);
#15277 = DIRECTION('',(0.923879532511,-0.382683432365));
#15278 = ( GEOMETRIC_REPRESENTATION_CONTEXT(2) 
PARAMETRIC_REPRESENTATION_CONTEXT() REPRESENTATION_CONTEXT('2D SPACE',''
  ) );
#15279 = ORIENTED_EDGE('',*,*,#15155,.T.);
#15280 = ADVANCED_FACE('',(#15281),#15247,.T.);
#15281 = FACE_BOUND('',#15282,.T.);
#15282 = EDGE_LOOP('',(#15283,#15306,#15351,#15372));
#15283 = ORIENTED_EDGE('',*,*,#15284,.T.);
#15284 = EDGE_CURVE('',#15209,#15285,#15287,.T.);
#15285 = VERTEX_POINT('',#15286);
#15286 = CARTESIAN_POINT('',(-20.023494649,28.365028319336,
    1.364710477384));
#15287 = SURFACE_CURVE('',#15288,(#15293,#15300),.PCURVE_S1.);
#15288 = CIRCLE('',#15289,2.100036658522);
#15289 = AXIS2_PLACEMENT_3D('',#15290,#15291,#15292);
#15290 = CARTESIAN_POINT('',(-19.01843469924,28.964247645041,
    3.108540934802));
#15291 = DIRECTION('',(-0.394228406615,0.914870395151,
    -8.715574274766E-02));
#15292 = DIRECTION('',(-0.918365051434,-0.395734295083,
    -1.386070914413E-17));
#15293 = PCURVE('',#15247,#15294);
#15294 = DEFINITIONAL_REPRESENTATION('',(#15295),#15299);
#15295 = CIRCLE('',#15296,2.100036658522);
#15296 = AXIS2_PLACEMENT_2D('',#15297,#15298);
#15297 = CARTESIAN_POINT('',(0.992317000577,-1.036755003605));
#15298 = DIRECTION('',(9.894412935311E-17,-1.));
#15299 = ( GEOMETRIC_REPRESENTATION_CONTEXT(2) 
PARAMETRIC_REPRESENTATION_CONTEXT() REPRESENTATION_CONTEXT('2D SPACE',''
  ) );
#15300 = PCURVE('',#14180,#15301);
#15301 = DEFINITIONAL_REPRESENTATION('',(#15302),#15305);
#15302 = B_SPLINE_CURVE_WITH_KNOTS('',1,(#15303,#15304),.UNSPECIFIED.,
  .F.,.F.,(2,2),(4.973910543569,5.297677228565),
  .PIECEWISE_BEZIER_KNOTS.);
#15303 = CARTESIAN_POINT('',(1.444081074363,-0.261327239649));
#15304 = CARTESIAN_POINT('',(1.437821110379,-0.58480713241));
#15305 = ( GEOMETRIC_REPRESENTATION_CONTEXT(2) 
PARAMETRIC_REPRESENTATION_CONTEXT() REPRESENTATION_CONTEXT('2D SPACE',''
  ) );
#15306 = ORIENTED_EDGE('',*,*,#15307,.F.);
#15307 = EDGE_CURVE('',#15308,#15285,#15310,.T.);
#15308 = VERTEX_POINT('',#15309);
#15309 = CARTESIAN_POINT('',(-19.93632873565,28.474542299674,2.12));
#15310 = SURFACE_CURVE('',#15311,(#15315,#15322),.PCURVE_S1.);
#15311 = ( BOUNDED_CURVE() B_SPLINE_CURVE(2,(#15312,#15313,#15314),
.UNSPECIFIED.,.F.,.F.) B_SPLINE_CURVE_WITH_KNOTS((3,3),(-0.190763574858,
-0.113385740891),.PIECEWISE_BEZIER_KNOTS.) CURVE() 
GEOMETRIC_REPRESENTATION_ITEM() RATIONAL_B_SPLINE_CURVE((1.010513257796,
1.011838602251,1.010359035033)) REPRESENTATION_ITEM('') );
#15312 = CARTESIAN_POINT('',(-19.93632873565,28.474542299674,2.12));
#15313 = CARTESIAN_POINT('',(-19.97785154989,28.422693669852,
    1.7635656151));
#15314 = CARTESIAN_POINT('',(-20.023494649,28.365028319337,
    1.364710477386));
#15315 = PCURVE('',#15247,#15316);
#15316 = DEFINITIONAL_REPRESENTATION('',(#15317),#15321);
#15317 = ( BOUNDED_CURVE() B_SPLINE_CURVE(2,(#15318,#15319,#15320),
.UNSPECIFIED.,.F.,.F.) B_SPLINE_CURVE_WITH_KNOTS((3,3),(-0.190763574858,
-0.113385740891),.PIECEWISE_BEZIER_KNOTS.) CURVE() 
GEOMETRIC_REPRESENTATION_ITEM() RATIONAL_B_SPLINE_CURVE((1.010513257796,
1.011838602251,1.010359035033)) REPRESENTATION_ITEM('') );
#15318 = CARTESIAN_POINT('',(2.602362769721E-13,-2.07351000721));
#15319 = CARTESIAN_POINT('',(-0.357795906345,-2.132161389619));
#15320 = CARTESIAN_POINT('',(-0.758174605888,-2.196898573521));
#15321 = ( GEOMETRIC_REPRESENTATION_CONTEXT(2) 
PARAMETRIC_REPRESENTATION_CONTEXT() REPRESENTATION_CONTEXT('2D SPACE',''
  ) );
#15322 = PCURVE('',#14643,#15323);
#15323 = DEFINITIONAL_REPRESENTATION('',(#15324),#15350);
#15324 = B_SPLINE_CURVE_WITH_KNOTS('',3,(#15325,#15326,#15327,#15328,
    #15329,#15330,#15331,#15332,#15333,#15334,#15335,#15336,#15337,
    #15338,#15339,#15340,#15341,#15342,#15343,#15344,#15345,#15346,
    #15347,#15348,#15349),.UNSPECIFIED.,.F.,.F.,(4,1,1,1,1,1,1,1,1,1,1,1
    ,1,1,1,1,1,1,1,1,1,1,4),(-0.190763574858,-0.187246400587,
    -0.183729226316,-0.180212052045,-0.176694877773,-0.173177703502,
    -0.169660529231,-0.16614335496,-0.162626180688,-0.159109006417,
    -0.155591832146,-0.152074657874,-0.148557483603,-0.145040309332,
    -0.141523135061,-0.138005960789,-0.134488786518,-0.130971612247,
    -0.127454437976,-0.123937263704,-0.120420089433,-0.116902915162,
    -0.113385740891),.QUASI_UNIFORM_KNOTS.);
#15325 = CARTESIAN_POINT('',(6.124182842594,-2.622239057762E-13));
#15326 = CARTESIAN_POINT('',(6.123561418723,1.08152090405E-02));
#15327 = CARTESIAN_POINT('',(6.122322030702,3.250002882112E-02));
#15328 = CARTESIAN_POINT('',(6.12047324574,6.519153896686E-02));
#15329 = CARTESIAN_POINT('',(6.118634675423,9.80484006745E-02));
#15330 = CARTESIAN_POINT('',(6.116806238476,0.131071700048));
#15331 = CARTESIAN_POINT('',(6.114987854368,0.164262533184));
#15332 = CARTESIAN_POINT('',(6.113179443406,0.197622007674));
#15333 = CARTESIAN_POINT('',(6.111380926697,0.231151242357));
#15334 = CARTESIAN_POINT('',(6.109592226148,0.264851367542));
#15335 = CARTESIAN_POINT('',(6.107813264452,0.298723525109));
#15336 = CARTESIAN_POINT('',(6.106043965081,0.332768868649));
#15337 = CARTESIAN_POINT('',(6.104284252272,0.366988563586));
#15338 = CARTESIAN_POINT('',(6.102534051027,0.401383787317));
#15339 = CARTESIAN_POINT('',(6.100793287094,0.435955729343));
#15340 = CARTESIAN_POINT('',(6.099061886963,0.470705591409));
#15341 = CARTESIAN_POINT('',(6.097339777859,0.505634587638));
#15342 = CARTESIAN_POINT('',(6.095626887729,0.540743944682));
#15343 = CARTESIAN_POINT('',(6.093923145234,0.57603490185));
#15344 = CARTESIAN_POINT('',(6.092228479745,0.61150871129));
#15345 = CARTESIAN_POINT('',(6.090542821326,0.647166638013));
#15346 = CARTESIAN_POINT('',(6.08886610075,0.683009960505));
#15347 = CARTESIAN_POINT('',(6.087198249403,0.71903996916));
#15348 = CARTESIAN_POINT('',(6.086092216198,0.743185304949));
#15349 = CARTESIAN_POINT('',(6.085540655193,0.755289522614));
#15350 = ( GEOMETRIC_REPRESENTATION_CONTEXT(2) 
PARAMETRIC_REPRESENTATION_CONTEXT() REPRESENTATION_CONTEXT('2D SPACE',''
  ) );
#15351 = ORIENTED_EDGE('',*,*,#15352,.F.);
#15352 = EDGE_CURVE('',#15232,#15308,#15353,.T.);
#15353 = SURFACE_CURVE('',#15354,(#15358,#15365),.PCURVE_S1.);
#15354 = LINE('',#15355,#15356);
#15355 = CARTESIAN_POINT('',(-18.98420917344,28.884821810199,2.12));
#15356 = VECTOR('',#15357,1.);
#15357 = DIRECTION('',(-0.918365051434,-0.395734295083,
    -2.775557561563E-17));
#15358 = PCURVE('',#15247,#15359);
#15359 = DEFINITIONAL_REPRESENTATION('',(#15360),#15364);
#15360 = LINE('',#15361,#15362);
#15361 = CARTESIAN_POINT('',(9.879195251651E-16,-1.036755003605));
#15362 = VECTOR('',#15363,1.);
#15363 = DIRECTION('',(9.625446173856E-17,-1.));
#15364 = ( GEOMETRIC_REPRESENTATION_CONTEXT(2) 
PARAMETRIC_REPRESENTATION_CONTEXT() REPRESENTATION_CONTEXT('2D SPACE',''
  ) );
#15365 = PCURVE('',#14235,#15366);
#15366 = DEFINITIONAL_REPRESENTATION('',(#15367),#15371);
#15367 = LINE('',#15368,#15369);
#15368 = CARTESIAN_POINT('',(3.516393524707E-15,0.16625));
#15369 = VECTOR('',#15370,1.);
#15370 = DIRECTION('',(1.,-1.291298223841E-15));
#15371 = ( GEOMETRIC_REPRESENTATION_CONTEXT(2) 
PARAMETRIC_REPRESENTATION_CONTEXT() REPRESENTATION_CONTEXT('2D SPACE',''
  ) );
#15372 = ORIENTED_EDGE('',*,*,#15231,.T.);
#15373 = ADVANCED_FACE('',(#15374),#14643,.F.);
#15374 = FACE_BOUND('',#15375,.F.);
#15375 = EDGE_LOOP('',(#15376,#15377,#15403,#15404));
#15376 = ORIENTED_EDGE('',*,*,#15307,.F.);
#15377 = ORIENTED_EDGE('',*,*,#15378,.T.);
#15378 = EDGE_CURVE('',#15308,#14607,#15379,.T.);
#15379 = SURFACE_CURVE('',#15380,(#15385,#15392),.PCURVE_S1.);
#15380 = CIRCLE('',#15381,1.05);
#15381 = AXIS2_PLACEMENT_3D('',#15382,#15383,#15384);
#15382 = CARTESIAN_POINT('',(-19.05,29.0375,2.12));
#15383 = DIRECTION('',(7.426011608568E-17,-1.021956403966E-16,-1.));
#15384 = DIRECTION('',(-4.277458480038E-49,-1.,1.021956403966E-16));
#15385 = PCURVE('',#14643,#15386);
#15386 = DEFINITIONAL_REPRESENTATION('',(#15387),#15391);
#15387 = LINE('',#15388,#15389);
#15388 = CARTESIAN_POINT('',(5.119256261587,2.735563409587E-15));
#15389 = VECTOR('',#15390,1.);
#15390 = DIRECTION('',(1.,-2.268723991454E-15));
#15391 = ( GEOMETRIC_REPRESENTATION_CONTEXT(2) 
PARAMETRIC_REPRESENTATION_CONTEXT() REPRESENTATION_CONTEXT('2D SPACE',''
  ) );
#15392 = PCURVE('',#14235,#15393);
#15393 = DEFINITIONAL_REPRESENTATION('',(#15394),#15402);
#15394 = ( BOUNDED_CURVE() B_SPLINE_CURVE(2,(#15395,#15396,#15397,#15398
    ,#15399,#15400,#15401),.UNSPECIFIED.,.T.,.F.) 
B_SPLINE_CURVE_WITH_KNOTS((1,2,2,2,2,1),(-2.094395102393,0.,
    2.094395102393,4.188790204786,6.28318530718,8.377580409573),
.UNSPECIFIED.) CURVE() GEOMETRIC_REPRESENTATION_ITEM() 
RATIONAL_B_SPLINE_CURVE((1.,0.5,1.,0.5,1.,0.5,1.)) REPRESENTATION_ITEM(
  '') );
#15395 = CARTESIAN_POINT('',(0.415521009837,0.964283304006));
#15396 = CARTESIAN_POINT('',(2.085708685265,0.244579803356));
#15397 = CARTESIAN_POINT('',(0.627333332796,-0.841993402328));
#15398 = CARTESIAN_POINT('',(-0.831042019674,-1.928566608011));
#15399 = CARTESIAN_POINT('',(-1.042854342633,-0.122289901678));
#15400 = CARTESIAN_POINT('',(-1.254666665591,1.683986804656));
#15401 = CARTESIAN_POINT('',(0.415521009837,0.964283304006));
#15402 = ( GEOMETRIC_REPRESENTATION_CONTEXT(2) 
PARAMETRIC_REPRESENTATION_CONTEXT() REPRESENTATION_CONTEXT('2D SPACE',''
  ) );
#15403 = ORIENTED_EDGE('',*,*,#14629,.T.);
#15404 = ORIENTED_EDGE('',*,*,#15405,.F.);
#15405 = EDGE_CURVE('',#15285,#14549,#15406,.T.);
#15406 = SURFACE_CURVE('',#15407,(#15412,#15419),.PCURVE_S1.);
#15407 = CIRCLE('',#15408,1.183177921084);
#15408 = AXIS2_PLACEMENT_3D('',#15409,#15410,#15411);
#15409 = CARTESIAN_POINT('',(-19.05,29.0375,1.364710477384));
#15410 = DIRECTION('',(5.377642775528E-17,-1.110223024625E-16,-1.));
#15411 = DIRECTION('',(-8.552847072294E-50,-1.,1.110223024625E-16));
#15412 = PCURVE('',#14643,#15413);
#15413 = DEFINITIONAL_REPRESENTATION('',(#15414),#15418);
#15414 = LINE('',#15415,#15416);
#15415 = CARTESIAN_POINT('',(5.119256261587,0.755289522616));
#15416 = VECTOR('',#15417,1.);
#15417 = DIRECTION('',(1.,-2.765964652308E-16));
#15418 = ( GEOMETRIC_REPRESENTATION_CONTEXT(2) 
PARAMETRIC_REPRESENTATION_CONTEXT() REPRESENTATION_CONTEXT('2D SPACE',''
  ) );
#15419 = PCURVE('',#14180,#15420);
#15420 = DEFINITIONAL_REPRESENTATION('',(#15421),#15447);
#15421 = B_SPLINE_CURVE_WITH_KNOTS('',3,(#15422,#15423,#15424,#15425,
    #15426,#15427,#15428,#15429,#15430,#15431,#15432,#15433,#15434,
    #15435,#15436,#15437,#15438,#15439,#15440,#15441,#15442,#15443,
    #15444,#15445,#15446),.UNSPECIFIED.,.F.,.F.,(4,1,1,1,1,1,1,1,1,1,1,1
    ,1,1,1,1,1,1,1,1,1,1,4),(0.966284393606,0.984252089241,
    1.002219784876,1.020187480511,1.038155176147,1.056122871782,
    1.074090567417,1.092058263052,1.110025958687,1.127993654322,
    1.145961349957,1.163929045592,1.181896741228,1.199864436863,
    1.217832132498,1.235799828133,1.253767523768,1.271735219403,
    1.289702915038,1.307670610673,1.325638306308,1.343606001944,
    1.361573697579),.QUASI_UNIFORM_KNOTS.);
#15422 = CARTESIAN_POINT('',(1.437821110379,-0.58480713241));
#15423 = CARTESIAN_POINT('',(1.441751325721,-0.585601218821));
#15424 = CARTESIAN_POINT('',(1.449638350405,-0.587119352329));
#15425 = CARTESIAN_POINT('',(1.461541879941,-0.589184913885));
#15426 = CARTESIAN_POINT('',(1.473511676944,-0.591037258224));
#15427 = CARTESIAN_POINT('',(1.485540790816,-0.592675008958));
#15428 = CARTESIAN_POINT('',(1.497622141905,-0.594096927813));
#15429 = CARTESIAN_POINT('',(1.509748515703,-0.595301936855));
#15430 = CARTESIAN_POINT('',(1.521912585581,-0.59628911705));
#15431 = CARTESIAN_POINT('',(1.53410692889,-0.597057712552));
#15432 = CARTESIAN_POINT('',(1.546324045702,-0.597607132822));
#15433 = CARTESIAN_POINT('',(1.558556377564,-0.597936954659));
#15434 = CARTESIAN_POINT('',(1.570796326795,-0.598046923579));
#15435 = CARTESIAN_POINT('',(1.583036276026,-0.597936954659));
#15436 = CARTESIAN_POINT('',(1.595268607888,-0.597607132822));
#15437 = CARTESIAN_POINT('',(1.6074857247,-0.597057712552));
#15438 = CARTESIAN_POINT('',(1.619680068008,-0.59628911705));
#15439 = CARTESIAN_POINT('',(1.631844137886,-0.595301936855));
#15440 = CARTESIAN_POINT('',(1.643970511684,-0.594096927813));
#15441 = CARTESIAN_POINT('',(1.656051862774,-0.592675008958));
#15442 = CARTESIAN_POINT('',(1.668080976645,-0.591037258224));
#15443 = CARTESIAN_POINT('',(1.680050773649,-0.589184913885));
#15444 = CARTESIAN_POINT('',(1.691954303185,-0.587119352329));
#15445 = CARTESIAN_POINT('',(1.699841327869,-0.585601218821));
#15446 = CARTESIAN_POINT('',(1.70377154321,-0.58480713241));
#15447 = ( GEOMETRIC_REPRESENTATION_CONTEXT(2) 
PARAMETRIC_REPRESENTATION_CONTEXT() REPRESENTATION_CONTEXT('2D SPACE',''
  ) );
#15448 = ADVANCED_FACE('',(#15449),#14235,.F.);
#15449 = FACE_BOUND('',#15450,.T.);
#15450 = EDGE_LOOP('',(#15451,#15479,#15480,#15481,#15482,#15483,#15484,
    #15485,#15486,#15487,#15488,#15489,#15490,#15491,#15492,#15493,
    #15521,#15549,#15577,#15605));
#15451 = ORIENTED_EDGE('',*,*,#15452,.T.);
#15452 = EDGE_CURVE('',#15453,#15059,#15455,.T.);
#15453 = VERTEX_POINT('',#15454);
#15454 = CARTESIAN_POINT('',(-18.48704229967,28.151171264347,2.12));
#15455 = SURFACE_CURVE('',#15456,(#15461,#15472),.PCURVE_S1.);
#15456 = CIRCLE('',#15457,1.05);
#15457 = AXIS2_PLACEMENT_3D('',#15458,#15459,#15460);
#15458 = CARTESIAN_POINT('',(-19.05,29.0375,2.12));
#15459 = DIRECTION('',(5.377642775528E-17,-1.110223024625E-16,-1.));
#15460 = DIRECTION('',(-0.918365051434,-0.395734295083,
    -5.451059237948E-18));
#15461 = PCURVE('',#14235,#15462);
#15462 = DEFINITIONAL_REPRESENTATION('',(#15463),#15471);
#15463 = ( BOUNDED_CURVE() B_SPLINE_CURVE(2,(#15464,#15465,#15466,#15467
    ,#15468,#15469,#15470),.UNSPECIFIED.,.T.,.F.) 
B_SPLINE_CURVE_WITH_KNOTS((1,2,2,2,2,1),(-2.094395102393,0.,
    2.094395102393,4.188790204786,6.28318530718,8.377580409573),
.UNSPECIFIED.) CURVE() GEOMETRIC_REPRESENTATION_ITEM() 
RATIONAL_B_SPLINE_CURVE((1.,0.5,1.,0.5,1.,0.5,1.)) REPRESENTATION_ITEM(
  '') );
#15464 = CARTESIAN_POINT('',(1.05,-1.355863135034E-15));
#15465 = CARTESIAN_POINT('',(1.05,-1.818653347947));
#15466 = CARTESIAN_POINT('',(-0.525,-0.909326673974));
#15467 = CARTESIAN_POINT('',(-2.1,2.454550442246E-15));
#15468 = CARTESIAN_POINT('',(-0.525,0.909326673974));
#15469 = CARTESIAN_POINT('',(1.05,1.818653347947));
#15470 = CARTESIAN_POINT('',(1.05,-1.355863135034E-15));
#15471 = ( GEOMETRIC_REPRESENTATION_CONTEXT(2) 
PARAMETRIC_REPRESENTATION_CONTEXT() REPRESENTATION_CONTEXT('2D SPACE',''
  ) );
#15472 = PCURVE('',#15095,#15473);
#15473 = DEFINITIONAL_REPRESENTATION('',(#15474),#15478);
#15474 = LINE('',#15475,#15476);
#15475 = CARTESIAN_POINT('',(-2.6645352591E-15,3.426565824889E-16));
#15476 = VECTOR('',#15477,1.);
#15477 = DIRECTION('',(1.,1.19406525866E-16));
#15478 = ( GEOMETRIC_REPRESENTATION_CONTEXT(2) 
PARAMETRIC_REPRESENTATION_CONTEXT() REPRESENTATION_CONTEXT('2D SPACE',''
  ) );
#15479 = ORIENTED_EDGE('',*,*,#15058,.T.);
#15480 = ORIENTED_EDGE('',*,*,#15183,.T.);
#15481 = ORIENTED_EDGE('',*,*,#15259,.T.);
#15482 = ORIENTED_EDGE('',*,*,#15352,.T.);
#15483 = ORIENTED_EDGE('',*,*,#15378,.T.);
#15484 = ORIENTED_EDGE('',*,*,#14606,.T.);
#15485 = ORIENTED_EDGE('',*,*,#14731,.T.);
#15486 = ORIENTED_EDGE('',*,*,#14807,.T.);
#15487 = ORIENTED_EDGE('',*,*,#14900,.T.);
#15488 = ORIENTED_EDGE('',*,*,#14925,.T.);
#15489 = ORIENTED_EDGE('',*,*,#14219,.T.);
#15490 = ORIENTED_EDGE('',*,*,#14349,.T.);
#15491 = ORIENTED_EDGE('',*,*,#14425,.T.);
#15492 = ORIENTED_EDGE('',*,*,#14523,.T.);
#15493 = ORIENTED_EDGE('',*,*,#15494,.T.);
#15494 = EDGE_CURVE('',#14474,#15495,#15497,.T.);
#15495 = VERTEX_POINT('',#15496);
#15496 = CARTESIAN_POINT('',(-18.03208961123,29.295101320724,2.12));
#15497 = SURFACE_CURVE('',#15498,(#15503,#15514),.PCURVE_S1.);
#15498 = CIRCLE('',#15499,1.05);
#15499 = AXIS2_PLACEMENT_3D('',#15500,#15501,#15502);
#15500 = CARTESIAN_POINT('',(-19.05,29.0375,2.12));
#15501 = DIRECTION('',(7.426011608568E-17,-1.021956403966E-16,-1.));
#15502 = DIRECTION('',(-4.277458480038E-49,-1.,1.021956403966E-16));
#15503 = PCURVE('',#14235,#15504);
#15504 = DEFINITIONAL_REPRESENTATION('',(#15505),#15513);
#15505 = ( BOUNDED_CURVE() B_SPLINE_CURVE(2,(#15506,#15507,#15508,#15509
    ,#15510,#15511,#15512),.UNSPECIFIED.,.T.,.F.) 
B_SPLINE_CURVE_WITH_KNOTS((1,2,2,2,2,1),(-2.094395102393,0.,
    2.094395102393,4.188790204786,6.28318530718,8.377580409573),
.UNSPECIFIED.) CURVE() GEOMETRIC_REPRESENTATION_ITEM() 
RATIONAL_B_SPLINE_CURVE((1.,0.5,1.,0.5,1.,0.5,1.)) REPRESENTATION_ITEM(
  '') );
#15506 = CARTESIAN_POINT('',(0.415521009837,0.964283304006));
#15507 = CARTESIAN_POINT('',(2.085708685265,0.244579803356));
#15508 = CARTESIAN_POINT('',(0.627333332796,-0.841993402328));
#15509 = CARTESIAN_POINT('',(-0.831042019674,-1.928566608011));
#15510 = CARTESIAN_POINT('',(-1.042854342633,-0.122289901678));
#15511 = CARTESIAN_POINT('',(-1.254666665591,1.683986804656));
#15512 = CARTESIAN_POINT('',(0.415521009837,0.964283304006));
#15513 = ( GEOMETRIC_REPRESENTATION_CONTEXT(2) 
PARAMETRIC_REPRESENTATION_CONTEXT() REPRESENTATION_CONTEXT('2D SPACE',''
  ) );
#15514 = PCURVE('',#14489,#15515);
#15515 = DEFINITIONAL_REPRESENTATION('',(#15516),#15520);
#15516 = LINE('',#15517,#15518);
#15517 = CARTESIAN_POINT('',(-4.305521699182,1.828598369756E-15));
#15518 = VECTOR('',#15519,1.);
#15519 = DIRECTION('',(1.,-4.776261034639E-16));
#15520 = ( GEOMETRIC_REPRESENTATION_CONTEXT(2) 
PARAMETRIC_REPRESENTATION_CONTEXT() REPRESENTATION_CONTEXT('2D SPACE',''
  ) );
#15521 = ORIENTED_EDGE('',*,*,#15522,.T.);
#15522 = EDGE_CURVE('',#15495,#15523,#15525,.T.);
#15523 = VERTEX_POINT('',#15524);
#15524 = CARTESIAN_POINT('',(-18.50206752144,29.092582315118,2.12));
#15525 = SURFACE_CURVE('',#15526,(#15530,#15537),.PCURVE_S1.);
#15526 = LINE('',#15527,#15528);
#15527 = CARTESIAN_POINT('',(-18.03208961123,29.295101320724,2.12));
#15528 = VECTOR('',#15529,1.);
#15529 = DIRECTION('',(-0.918365051434,-0.395734295083,
    -2.775557561563E-17));
#15530 = PCURVE('',#14235,#15531);
#15531 = DEFINITIONAL_REPRESENTATION('',(#15532),#15536);
#15532 = LINE('',#15533,#15534);
#15533 = CARTESIAN_POINT('',(-1.036755003605,0.16625));
#15534 = VECTOR('',#15535,1.);
#15535 = DIRECTION('',(1.,-1.291298223841E-15));
#15536 = ( GEOMETRIC_REPRESENTATION_CONTEXT(2) 
PARAMETRIC_REPRESENTATION_CONTEXT() REPRESENTATION_CONTEXT('2D SPACE',''
  ) );
#15537 = PCURVE('',#15538,#15543);
#15538 = PLANE('',#15539);
#15539 = AXIS2_PLACEMENT_3D('',#15540,#15541,#15542);
#15540 = CARTESIAN_POINT('',(-18.03208961123,29.295101320724,2.12));
#15541 = DIRECTION('',(-0.394228406615,0.914870395151,
    -8.715574274766E-02));
#15542 = DIRECTION('',(-3.449051641866E-02,8.004078817122E-02,
    0.996194698092));
#15543 = DEFINITIONAL_REPRESENTATION('',(#15544),#15548);
#15544 = LINE('',#15545,#15546);
#15545 = CARTESIAN_POINT('',(0.,0.));
#15546 = VECTOR('',#15547,1.);
#15547 = DIRECTION('',(9.625446173856E-17,-1.));
#15548 = ( GEOMETRIC_REPRESENTATION_CONTEXT(2) 
PARAMETRIC_REPRESENTATION_CONTEXT() REPRESENTATION_CONTEXT('2D SPACE',''
  ) );
#15549 = ORIENTED_EDGE('',*,*,#15550,.T.);
#15550 = EDGE_CURVE('',#15523,#15551,#15553,.T.);
#15551 = VERTEX_POINT('',#15552);
#15552 = CARTESIAN_POINT('',(-18.69345141364,28.8956969789,2.12));
#15553 = SURFACE_CURVE('',#15554,(#15558,#15565),.PCURVE_S1.);
#15554 = LINE('',#15555,#15556);
#15555 = CARTESIAN_POINT('',(-18.50206752144,29.092582315118,2.12));
#15556 = VECTOR('',#15557,1.);
#15557 = DIRECTION('',(-0.697017716047,-0.717053905587,
    1.684358755108E-17));
#15558 = PCURVE('',#14235,#15559);
#15559 = DEFINITIONAL_REPRESENTATION('',(#15560),#15564);
#15560 = LINE('',#15561,#15562);
#15561 = CARTESIAN_POINT('',(-0.525,0.16625));
#15562 = VECTOR('',#15563,1.);
#15563 = DIRECTION('',(0.923879532511,0.382683432365));
#15564 = ( GEOMETRIC_REPRESENTATION_CONTEXT(2) 
PARAMETRIC_REPRESENTATION_CONTEXT() REPRESENTATION_CONTEXT('2D SPACE',''
  ) );
#15565 = PCURVE('',#15566,#15571);
#15566 = PLANE('',#15567);
#15567 = AXIS2_PLACEMENT_3D('',#15568,#15569,#15570);
#15568 = CARTESIAN_POINT('',(-18.50206752144,29.092582315118,2.12));
#15569 = DIRECTION('',(-0.714325298991,0.694365353202,
    -8.715574274766E-02));
#15570 = DIRECTION('',(0.697017716047,0.717053905587,-2.619942272733E-17
    ));
#15571 = DEFINITIONAL_REPRESENTATION('',(#15572),#15576);
#15572 = LINE('',#15573,#15574);
#15573 = CARTESIAN_POINT('',(0.,0.));
#15574 = VECTOR('',#15575,1.);
#15575 = DIRECTION('',(-1.,-2.785188978398E-17));
#15576 = ( GEOMETRIC_REPRESENTATION_CONTEXT(2) 
PARAMETRIC_REPRESENTATION_CONTEXT() REPRESENTATION_CONTEXT('2D SPACE',''
  ) );
#15577 = ORIENTED_EDGE('',*,*,#15578,.T.);
#15578 = EDGE_CURVE('',#15551,#15579,#15581,.T.);
#15579 = VERTEX_POINT('',#15580);
#15580 = CARTESIAN_POINT('',(-18.68956130528,28.621149174555,2.12));
#15581 = SURFACE_CURVE('',#15582,(#15586,#15593),.PCURVE_S1.);
#15582 = LINE('',#15583,#15584);
#15583 = CARTESIAN_POINT('',(-18.69345141364,28.8956969789,2.12));
#15584 = VECTOR('',#15585,1.);
#15585 = DIRECTION('',(1.416772549283E-02,-0.99989963274,
    9.194963395354E-17));
#15586 = PCURVE('',#14235,#15587);
#15587 = DEFINITIONAL_REPRESENTATION('',(#15588),#15592);
#15588 = LINE('',#15589,#15590);
#15589 = CARTESIAN_POINT('',(-0.271325442249,0.271325442249));
#15590 = VECTOR('',#15591,1.);
#15591 = DIRECTION('',(0.382683432365,0.923879532511));
#15592 = ( GEOMETRIC_REPRESENTATION_CONTEXT(2) 
PARAMETRIC_REPRESENTATION_CONTEXT() REPRESENTATION_CONTEXT('2D SPACE',''
  ) );
#15593 = PCURVE('',#15594,#15599);
#15594 = PLANE('',#15595);
#15595 = AXIS2_PLACEMENT_3D('',#15596,#15597,#15598);
#15596 = CARTESIAN_POINT('',(-18.69345141364,28.8956969789,2.12));
#15597 = DIRECTION('',(-0.99609471276,-1.411381301997E-02,
    -8.715574274766E-02));
#15598 = DIRECTION('',(-1.416772549283E-02,0.99989963274,
    -8.739107069832E-17));
#15599 = DEFINITIONAL_REPRESENTATION('',(#15600),#15604);
#15600 = LINE('',#15601,#15602);
#15601 = CARTESIAN_POINT('',(0.,0.));
#15602 = VECTOR('',#15603,1.);
#15603 = DIRECTION('',(-1.,-1.126096812018E-17));
#15604 = ( GEOMETRIC_REPRESENTATION_CONTEXT(2) 
PARAMETRIC_REPRESENTATION_CONTEXT() REPRESENTATION_CONTEXT('2D SPACE',''
  ) );
#15605 = ORIENTED_EDGE('',*,*,#15606,.T.);
#15606 = EDGE_CURVE('',#15579,#15453,#15607,.T.);
#15607 = SURFACE_CURVE('',#15608,(#15612,#15619),.PCURVE_S1.);
#15608 = LINE('',#15609,#15610);
#15609 = CARTESIAN_POINT('',(-18.48704229967,28.151171264347,2.12));
#15610 = VECTOR('',#15611,1.);
#15611 = DIRECTION('',(0.395734295083,-0.918365051434,1.110223024625E-16
    ));
#15612 = PCURVE('',#14235,#15613);
#15613 = DEFINITIONAL_REPRESENTATION('',(#15614),#15618);
#15614 = LINE('',#15615,#15616);
#15615 = CARTESIAN_POINT('',(-0.16625,1.036755003605));
#15616 = VECTOR('',#15617,1.);
#15617 = DIRECTION('',(-1.690968743024E-17,1.));
#15618 = ( GEOMETRIC_REPRESENTATION_CONTEXT(2) 
PARAMETRIC_REPRESENTATION_CONTEXT() REPRESENTATION_CONTEXT('2D SPACE',''
  ) );
#15619 = PCURVE('',#15620,#15625);
#15620 = PLANE('',#15621);
#15621 = AXIS2_PLACEMENT_3D('',#15622,#15623,#15624);
#15622 = CARTESIAN_POINT('',(-18.48704229967,28.151171264347,2.12));
#15623 = DIRECTION('',(-0.914870395151,-0.394228406615,
    -8.715574274766E-02));
#15624 = DIRECTION('',(8.004078817122E-02,3.449051641866E-02,
    -0.996194698092));
#15625 = DEFINITIONAL_REPRESENTATION('',(#15626),#15630);
#15626 = LINE('',#15627,#15628);
#15627 = CARTESIAN_POINT('',(0.,0.));
#15628 = VECTOR('',#15629,1.);
#15629 = DIRECTION('',(6.927049519902E-17,1.));
#15630 = ( GEOMETRIC_REPRESENTATION_CONTEXT(2) 
PARAMETRIC_REPRESENTATION_CONTEXT() REPRESENTATION_CONTEXT('2D SPACE',''
  ) );
#15631 = ADVANCED_FACE('',(#15632),#15538,.T.);
#15632 = FACE_BOUND('',#15633,.T.);
#15633 = EDGE_LOOP('',(#15634,#15659,#15680,#15681));
#15634 = ORIENTED_EDGE('',*,*,#15635,.T.);
#15635 = EDGE_CURVE('',#15636,#15638,#15640,.T.);
#15636 = VERTEX_POINT('',#15637);
#15637 = CARTESIAN_POINT('',(-17.89262403049,29.283245515008,
    1.364710477384));
#15638 = VERTEX_POINT('',#15639);
#15639 = CARTESIAN_POINT('',(-18.44982527641,29.016744682861,
    1.087629914388));
#15640 = SURFACE_CURVE('',#15641,(#15646,#15653),.PCURVE_S1.);
#15641 = CIRCLE('',#15642,2.100036658522);
#15642 = AXIS2_PLACEMENT_3D('',#15643,#15644,#15645);
#15643 = CARTESIAN_POINT('',(-19.01843469924,28.964247645041,
    3.108540934802));
#15644 = DIRECTION('',(-0.394228406615,0.914870395151,
    -8.715574274766E-02));
#15645 = DIRECTION('',(-3.449051641866E-02,8.004078817122E-02,
    0.996194698092));
#15646 = PCURVE('',#15538,#15647);
#15647 = DEFINITIONAL_REPRESENTATION('',(#15648),#15652);
#15648 = CIRCLE('',#15649,2.100036658522);
#15649 = AXIS2_PLACEMENT_2D('',#15650,#15651);
#15650 = CARTESIAN_POINT('',(0.992317000577,-1.036755003605));
#15651 = DIRECTION('',(1.,-1.526687278734E-18));
#15652 = ( GEOMETRIC_REPRESENTATION_CONTEXT(2) 
PARAMETRIC_REPRESENTATION_CONTEXT() REPRESENTATION_CONTEXT('2D SPACE',''
  ) );
#15653 = PCURVE('',#14180,#15654);
#15654 = DEFINITIONAL_REPRESENTATION('',(#15655),#15658);
#15655 = B_SPLINE_CURVE_WITH_KNOTS('',1,(#15656,#15657),.UNSPECIFIED.,
  .F.,.F.,(2,2),(2.556304405409,2.880071090405),
  .PIECEWISE_BEZIER_KNOTS.);
#15656 = CARTESIAN_POINT('',(1.437821110379,0.58480713241));
#15657 = CARTESIAN_POINT('',(1.444081074363,0.261327239649));
#15658 = ( GEOMETRIC_REPRESENTATION_CONTEXT(2) 
PARAMETRIC_REPRESENTATION_CONTEXT() REPRESENTATION_CONTEXT('2D SPACE',''
  ) );
#15659 = ORIENTED_EDGE('',*,*,#15660,.F.);
#15660 = EDGE_CURVE('',#15523,#15638,#15661,.T.);
#15661 = SURFACE_CURVE('',#15662,(#15666,#15673),.PCURVE_S1.);
#15662 = LINE('',#15663,#15664);
#15663 = CARTESIAN_POINT('',(-18.50206752144,29.092582315118,2.12));
#15664 = VECTOR('',#15665,1.);
#15665 = DIRECTION('',(5.040404520181E-02,-7.316920325121E-02,
    -0.996045029064));
#15666 = PCURVE('',#15538,#15667);
#15667 = DEFINITIONAL_REPRESENTATION('',(#15668),#15672);
#15668 = LINE('',#15669,#15670);
#15669 = CARTESIAN_POINT('',(-4.307388331737E-15,-0.511755003605));
#15670 = VECTOR('',#15671,1.);
#15671 = DIRECTION('',(-0.999849759261,1.733375049386E-02));
#15672 = ( GEOMETRIC_REPRESENTATION_CONTEXT(2) 
PARAMETRIC_REPRESENTATION_CONTEXT() REPRESENTATION_CONTEXT('2D SPACE',''
  ) );
#15673 = PCURVE('',#15566,#15674);
#15674 = DEFINITIONAL_REPRESENTATION('',(#15675),#15679);
#15675 = LINE('',#15676,#15677);
#15676 = CARTESIAN_POINT('',(0.,0.));
#15677 = VECTOR('',#15678,1.);
#15678 = DIRECTION('',(-1.733375049386E-02,0.999849759261));
#15679 = ( GEOMETRIC_REPRESENTATION_CONTEXT(2) 
PARAMETRIC_REPRESENTATION_CONTEXT() REPRESENTATION_CONTEXT('2D SPACE',''
  ) );
#15680 = ORIENTED_EDGE('',*,*,#15522,.F.);
#15681 = ORIENTED_EDGE('',*,*,#15682,.T.);
#15682 = EDGE_CURVE('',#15495,#15636,#15683,.T.);
#15683 = SURFACE_CURVE('',#15684,(#15688,#15695),.PCURVE_S1.);
#15684 = ( BOUNDED_CURVE() B_SPLINE_CURVE(2,(#15685,#15686,#15687),
.UNSPECIFIED.,.F.,.F.) B_SPLINE_CURVE_WITH_KNOTS((3,3),(0.117640214744,
0.195018048712),.PIECEWISE_BEZIER_KNOTS.) CURVE() 
GEOMETRIC_REPRESENTATION_ITEM() RATIONAL_B_SPLINE_CURVE((1.010513257797,
1.011838602251,1.010359035034)) REPRESENTATION_ITEM('') );
#15685 = CARTESIAN_POINT('',(-18.03208961123,29.295101320724,2.12));
#15686 = CARTESIAN_POINT('',(-17.96588566582,29.289673417849,
    1.763565615101));
#15687 = CARTESIAN_POINT('',(-17.89262403049,29.283245515008,
    1.364710477386));
#15688 = PCURVE('',#15538,#15689);
#15689 = DEFINITIONAL_REPRESENTATION('',(#15690),#15694);
#15690 = ( BOUNDED_CURVE() B_SPLINE_CURVE(2,(#15691,#15692,#15693),
.UNSPECIFIED.,.F.,.F.) B_SPLINE_CURVE_WITH_KNOTS((3,3),(0.117640214744,
0.195018048712),.PIECEWISE_BEZIER_KNOTS.) CURVE() 
GEOMETRIC_REPRESENTATION_ITEM() RATIONAL_B_SPLINE_CURVE((1.010513257797,
1.011838602251,1.010359035034)) REPRESENTATION_ITEM('') );
#15691 = CARTESIAN_POINT('',(2.584599201327E-13,-2.6645352591E-15));
#15692 = CARTESIAN_POINT('',(-0.357795906345,5.865138240876E-02));
#15693 = CARTESIAN_POINT('',(-0.758174605888,0.123388566311));
#15694 = ( GEOMETRIC_REPRESENTATION_CONTEXT(2) 
PARAMETRIC_REPRESENTATION_CONTEXT() REPRESENTATION_CONTEXT('2D SPACE',''
  ) );
#15695 = PCURVE('',#14489,#15696);
#15696 = DEFINITIONAL_REPRESENTATION('',(#15697),#15723);
#15697 = B_SPLINE_CURVE_WITH_KNOTS('',3,(#15698,#15699,#15700,#15701,
    #15702,#15703,#15704,#15705,#15706,#15707,#15708,#15709,#15710,
    #15711,#15712,#15713,#15714,#15715,#15716,#15717,#15718,#15719,
    #15720,#15721,#15722),.UNSPECIFIED.,.F.,.F.,(4,1,1,1,1,1,1,1,1,1,1,1
    ,1,1,1,1,1,1,1,1,1,1,4),(0.117640214744,0.121157389015,
    0.124674563286,0.128191737558,0.131708911829,0.1352260861,
    0.138743260372,0.142260434643,0.145777608914,0.149294783185,
    0.152811957457,0.156329131728,0.159846305999,0.16336348027,
    0.166880654542,0.170397828813,0.173915003084,0.177432177355,
    0.180949351627,0.184466525898,0.187983700169,0.191500874441,
    0.195018048712),.QUASI_UNIFORM_KNOTS.);
#15698 = CARTESIAN_POINT('',(0.159002464586,-2.63970611511E-13));
#15699 = CARTESIAN_POINT('',(0.159623888457,1.081520904049E-02));
#15700 = CARTESIAN_POINT('',(0.160863276478,3.25000288211E-02));
#15701 = CARTESIAN_POINT('',(0.16271206144,6.519153896683E-02));
#15702 = CARTESIAN_POINT('',(0.164550631757,9.804840067445E-02));
#15703 = CARTESIAN_POINT('',(0.166379068703,0.131071700048));
#15704 = CARTESIAN_POINT('',(0.168197452811,0.164262533184));
#15705 = CARTESIAN_POINT('',(0.170005863774,0.197622007674));
#15706 = CARTESIAN_POINT('',(0.171804380482,0.231151242357));
#15707 = CARTESIAN_POINT('',(0.173593081031,0.264851367542));
#15708 = CARTESIAN_POINT('',(0.175372042727,0.298723525109));
#15709 = CARTESIAN_POINT('',(0.177141342099,0.332768868649));
#15710 = CARTESIAN_POINT('',(0.178901054907,0.366988563586));
#15711 = CARTESIAN_POINT('',(0.180651256153,0.401383787317));
#15712 = CARTESIAN_POINT('',(0.182392020086,0.435955729343));
#15713 = CARTESIAN_POINT('',(0.184123420216,0.470705591409));
#15714 = CARTESIAN_POINT('',(0.18584552932,0.505634587638));
#15715 = CARTESIAN_POINT('',(0.187558419451,0.540743944682));
#15716 = CARTESIAN_POINT('',(0.189262161946,0.57603490185));
#15717 = CARTESIAN_POINT('',(0.190956827435,0.61150871129));
#15718 = CARTESIAN_POINT('',(0.192642485853,0.647166638013));
#15719 = CARTESIAN_POINT('',(0.19431920643,0.683009960505));
#15720 = CARTESIAN_POINT('',(0.195987057777,0.71903996916));
#15721 = CARTESIAN_POINT('',(0.197093090982,0.743185304949));
#15722 = CARTESIAN_POINT('',(0.197644651986,0.755289522614));
#15723 = ( GEOMETRIC_REPRESENTATION_CONTEXT(2) 
PARAMETRIC_REPRESENTATION_CONTEXT() REPRESENTATION_CONTEXT('2D SPACE',''
  ) );
#15724 = ADVANCED_FACE('',(#15725),#15566,.T.);
#15725 = FACE_BOUND('',#15726,.T.);
#15726 = EDGE_LOOP('',(#15727,#15750,#15771,#15772));
#15727 = ORIENTED_EDGE('',*,*,#15728,.T.);
#15728 = EDGE_CURVE('',#15638,#15729,#15731,.T.);
#15729 = VERTEX_POINT('',#15730);
#15730 = CARTESIAN_POINT('',(-18.59987854442,28.858482091348,
    1.056591056429));
#15731 = SURFACE_CURVE('',#15732,(#15737,#15744),.PCURVE_S1.);
#15732 = CIRCLE('',#15733,2.084454841283);
#15733 = AXIS2_PLACEMENT_3D('',#15734,#15735,#15736);
#15734 = CARTESIAN_POINT('',(-18.85884228429,28.851683684982,
    3.124885897222));
#15735 = DIRECTION('',(-0.714325298991,0.694365353202,
    -8.715574274766E-02));
#15736 = DIRECTION('',(0.697017716047,0.717053905587,4.61658000515E-17)
  );
#15737 = PCURVE('',#15566,#15738);
#15738 = DEFINITIONAL_REPRESENTATION('',(#15739),#15743);
#15739 = CIRCLE('',#15740,2.084454841283);
#15740 = AXIS2_PLACEMENT_2D('',#15741,#15742);
#15741 = CARTESIAN_POINT('',(-0.421415633938,-1.008724398099));
#15742 = DIRECTION('',(1.,-8.16300438592E-17));
#15743 = ( GEOMETRIC_REPRESENTATION_CONTEXT(2) 
PARAMETRIC_REPRESENTATION_CONTEXT() REPRESENTATION_CONTEXT('2D SPACE',''
  ) );
#15744 = PCURVE('',#14180,#15745);
#15745 = DEFINITIONAL_REPRESENTATION('',(#15746),#15749);
#15746 = B_SPLINE_CURVE_WITH_KNOTS('',1,(#15747,#15748),.UNSPECIFIED.,
  .F.,.F.,(2,2),(1.376015328947,1.481745525739),
  .PIECEWISE_BEZIER_KNOTS.);
#15747 = CARTESIAN_POINT('',(1.444081074363,0.261327239649));
#15748 = CARTESIAN_POINT('',(1.404837152354,0.163719756875));
#15749 = ( GEOMETRIC_REPRESENTATION_CONTEXT(2) 
PARAMETRIC_REPRESENTATION_CONTEXT() REPRESENTATION_CONTEXT('2D SPACE',''
  ) );
#15750 = ORIENTED_EDGE('',*,*,#15751,.F.);
#15751 = EDGE_CURVE('',#15551,#15729,#15752,.T.);
#15752 = SURFACE_CURVE('',#15753,(#15757,#15764),.PCURVE_S1.);
#15753 = LINE('',#15754,#15755);
#15754 = CARTESIAN_POINT('',(-18.69345141364,28.8956969789,2.12));
#15755 = VECTOR('',#15756,1.);
#15756 = DIRECTION('',(8.760139913592E-02,-3.4839972799E-02,
    -0.995546167269));
#15757 = PCURVE('',#15566,#15758);
#15758 = DEFINITIONAL_REPRESENTATION('',(#15759),#15763);
#15759 = LINE('',#15760,#15761);
#15760 = CARTESIAN_POINT('',(-0.274575362722,-5.728409148357E-15));
#15761 = VECTOR('',#15762,1.);
#15762 = DIRECTION('',(3.607758858216E-02,0.999348991895));
#15763 = ( GEOMETRIC_REPRESENTATION_CONTEXT(2) 
PARAMETRIC_REPRESENTATION_CONTEXT() REPRESENTATION_CONTEXT('2D SPACE',''
  ) );
#15764 = PCURVE('',#15594,#15765);
#15765 = DEFINITIONAL_REPRESENTATION('',(#15766),#15770);
#15766 = LINE('',#15767,#15768);
#15767 = CARTESIAN_POINT('',(0.,0.));
#15768 = VECTOR('',#15769,1.);
#15769 = DIRECTION('',(-3.607758858216E-02,0.999348991895));
#15770 = ( GEOMETRIC_REPRESENTATION_CONTEXT(2) 
PARAMETRIC_REPRESENTATION_CONTEXT() REPRESENTATION_CONTEXT('2D SPACE',''
  ) );
#15771 = ORIENTED_EDGE('',*,*,#15550,.F.);
#15772 = ORIENTED_EDGE('',*,*,#15660,.T.);
#15773 = ADVANCED_FACE('',(#15774),#15594,.T.);
#15774 = FACE_BOUND('',#15775,.T.);
#15775 = EDGE_LOOP('',(#15776,#15799,#15820,#15821));
#15776 = ORIENTED_EDGE('',*,*,#15777,.T.);
#15777 = EDGE_CURVE('',#15729,#15778,#15780,.T.);
#15778 = VERTEX_POINT('',#15779);
#15779 = CARTESIAN_POINT('',(-18.5995042274,28.640392910048,
    1.087629914388));
#15780 = SURFACE_CURVE('',#15781,(#15786,#15793),.PCURVE_S1.);
#15781 = CIRCLE('',#15782,2.084454841283);
#15782 = AXIS2_PLACEMENT_3D('',#15783,#15784,#15785);
#15783 = CARTESIAN_POINT('',(-18.78343910654,29.041276940647,
    3.124885897222));
#15784 = DIRECTION('',(-0.99609471276,-1.411381301997E-02,
    -8.715574274766E-02));
#15785 = DIRECTION('',(-1.416772549283E-02,0.99989963274,
    7.183093989538E-17));
#15786 = PCURVE('',#15594,#15787);
#15787 = DEFINITIONAL_REPRESENTATION('',(#15788),#15792);
#15788 = CIRCLE('',#15789,2.084454841283);
#15789 = AXIS2_PLACEMENT_2D('',#15790,#15791);
#15790 = CARTESIAN_POINT('',(0.146840271216,-1.008724398099));
#15791 = DIRECTION('',(1.,-1.509746842741E-16));
#15792 = ( GEOMETRIC_REPRESENTATION_CONTEXT(2) 
PARAMETRIC_REPRESENTATION_CONTEXT() REPRESENTATION_CONTEXT('2D SPACE',''
  ) );
#15793 = PCURVE('',#14180,#15794);
#15794 = DEFINITIONAL_REPRESENTATION('',(#15795),#15798);
#15795 = B_SPLINE_CURVE_WITH_KNOTS('',1,(#15796,#15797),.UNSPECIFIED.,
  .F.,.F.,(2,2),(1.659847127851,1.765577324643),
  .PIECEWISE_BEZIER_KNOTS.);
#15796 = CARTESIAN_POINT('',(1.404837152354,0.163719756875));
#15797 = CARTESIAN_POINT('',(1.307452872656,0.122391008053));
#15798 = ( GEOMETRIC_REPRESENTATION_CONTEXT(2) 
PARAMETRIC_REPRESENTATION_CONTEXT() REPRESENTATION_CONTEXT('2D SPACE',''
  ) );
#15799 = ORIENTED_EDGE('',*,*,#15800,.F.);
#15800 = EDGE_CURVE('',#15579,#15778,#15801,.T.);
#15801 = SURFACE_CURVE('',#15802,(#15806,#15813),.PCURVE_S1.);
#15802 = LINE('',#15803,#15804);
#15803 = CARTESIAN_POINT('',(-18.68879055081,28.621313872271,
    2.111164449551));
#15804 = VECTOR('',#15805,1.);
#15805 = DIRECTION('',(8.688832231687E-02,1.856662387414E-02,
    -0.996045029064));
#15806 = PCURVE('',#15594,#15807);
#15807 = DEFINITIONAL_REPRESENTATION('',(#15808),#15812);
#15808 = LINE('',#15809,#15810);
#15809 = CARTESIAN_POINT('',(-0.274421601373,8.869300815932E-03));
#15810 = VECTOR('',#15811,1.);
#15811 = DIRECTION('',(1.733375049386E-02,0.999849759261));
#15812 = ( GEOMETRIC_REPRESENTATION_CONTEXT(2) 
PARAMETRIC_REPRESENTATION_CONTEXT() REPRESENTATION_CONTEXT('2D SPACE',''
  ) );
#15813 = PCURVE('',#15620,#15814);
#15814 = DEFINITIONAL_REPRESENTATION('',(#15815),#15819);
#15815 = LINE('',#15816,#15817);
#15816 = CARTESIAN_POINT('',(8.869300815926E-03,-0.511601242256));
#15817 = VECTOR('',#15818,1.);
#15818 = DIRECTION('',(0.999849759261,1.733375049386E-02));
#15819 = ( GEOMETRIC_REPRESENTATION_CONTEXT(2) 
PARAMETRIC_REPRESENTATION_CONTEXT() REPRESENTATION_CONTEXT('2D SPACE',''
  ) );
#15820 = ORIENTED_EDGE('',*,*,#15578,.F.);
#15821 = ORIENTED_EDGE('',*,*,#15751,.T.);
#15822 = ADVANCED_FACE('',(#15823),#15620,.T.);
#15823 = FACE_BOUND('',#15824,.T.);
#15824 = EDGE_LOOP('',(#15825,#15848,#15891,#15892));
#15825 = ORIENTED_EDGE('',*,*,#15826,.T.);
#15826 = EDGE_CURVE('',#15778,#15827,#15829,.T.);
#15827 = VERTEX_POINT('',#15828);
#15828 = CARTESIAN_POINT('',(-18.37752831933,28.064005350993,
    1.364710477384));
#15829 = SURFACE_CURVE('',#15830,(#15835,#15842),.PCURVE_S1.);
#15830 = CIRCLE('',#15831,2.100036658522);
#15831 = AXIS2_PLACEMENT_3D('',#15832,#15833,#15834);
#15832 = CARTESIAN_POINT('',(-18.97674764504,29.069065300757,
    3.108540934802));
#15833 = DIRECTION('',(-0.914870395151,-0.394228406615,
    -8.715574274766E-02));
#15834 = DIRECTION('',(8.004078817122E-02,3.449051641866E-02,
    -0.996194698092));
#15835 = PCURVE('',#15620,#15836);
#15836 = DEFINITIONAL_REPRESENTATION('',(#15837),#15841);
#15837 = CIRCLE('',#15838,2.100036658522);
#15838 = AXIS2_PLACEMENT_2D('',#15839,#15840);
#15839 = CARTESIAN_POINT('',(-0.992317000577,-1.036755003605));
#15840 = DIRECTION('',(1.,-1.478982717632E-16));
#15841 = ( GEOMETRIC_REPRESENTATION_CONTEXT(2) 
PARAMETRIC_REPRESENTATION_CONTEXT() REPRESENTATION_CONTEXT('2D SPACE',''
  ) );
#15842 = PCURVE('',#14180,#15843);
#15843 = DEFINITIONAL_REPRESENTATION('',(#15844),#15847);
#15844 = B_SPLINE_CURVE_WITH_KNOTS('',1,(#15845,#15846),.UNSPECIFIED.,
  .F.,.F.,(2,2),(0.261521563185,0.585288248181),
  .PIECEWISE_BEZIER_KNOTS.);
#15845 = CARTESIAN_POINT('',(1.307452872656,0.122391008053));
#15846 = CARTESIAN_POINT('',(0.981900508166,0.110777160614));
#15847 = ( GEOMETRIC_REPRESENTATION_CONTEXT(2) 
PARAMETRIC_REPRESENTATION_CONTEXT() REPRESENTATION_CONTEXT('2D SPACE',''
  ) );
#15848 = ORIENTED_EDGE('',*,*,#15849,.F.);
#15849 = EDGE_CURVE('',#15453,#15827,#15850,.T.);
#15850 = SURFACE_CURVE('',#15851,(#15855,#15862),.PCURVE_S1.);
#15851 = ( BOUNDED_CURVE() B_SPLINE_CURVE(2,(#15852,#15853,#15854),
.UNSPECIFIED.,.F.,.F.) B_SPLINE_CURVE_WITH_KNOTS((3,3),(-0.190763574858,
-0.113385740891),.PIECEWISE_BEZIER_KNOTS.) CURVE() 
GEOMETRIC_REPRESENTATION_ITEM() RATIONAL_B_SPLINE_CURVE((1.010513257796,
1.01183860225,1.010359035033)) REPRESENTATION_ITEM('') );
#15852 = CARTESIAN_POINT('',(-18.48704229967,28.151171264347,2.12));
#15853 = CARTESIAN_POINT('',(-18.43519366985,28.109648450107,
    1.7635656151));
#15854 = CARTESIAN_POINT('',(-18.37752831933,28.064005350993,
    1.364710477386));
#15855 = PCURVE('',#15620,#15856);
#15856 = DEFINITIONAL_REPRESENTATION('',(#15857),#15861);
#15857 = ( BOUNDED_CURVE() B_SPLINE_CURVE(2,(#15858,#15859,#15860),
.UNSPECIFIED.,.F.,.F.) B_SPLINE_CURVE_WITH_KNOTS((3,3),(-0.190763574858,
-0.113385740891),.PIECEWISE_BEZIER_KNOTS.) CURVE() 
GEOMETRIC_REPRESENTATION_ITEM() RATIONAL_B_SPLINE_CURVE((1.010513257796,
1.01183860225,1.010359035033)) REPRESENTATION_ITEM('') );
#15858 = CARTESIAN_POINT('',(-2.495781359357E-13,0.));
#15859 = CARTESIAN_POINT('',(0.357795906345,5.865138240867E-02));
#15860 = CARTESIAN_POINT('',(0.758174605888,0.123388566311));
#15861 = ( GEOMETRIC_REPRESENTATION_CONTEXT(2) 
PARAMETRIC_REPRESENTATION_CONTEXT() REPRESENTATION_CONTEXT('2D SPACE',''
  ) );
#15862 = PCURVE('',#15095,#15863);
#15863 = DEFINITIONAL_REPRESENTATION('',(#15864),#15890);
#15864 = B_SPLINE_CURVE_WITH_KNOTS('',3,(#15865,#15866,#15867,#15868,
    #15869,#15870,#15871,#15872,#15873,#15874,#15875,#15876,#15877,
    #15878,#15879,#15880,#15881,#15882,#15883,#15884,#15885,#15886,
    #15887,#15888,#15889),.UNSPECIFIED.,.F.,.F.,(4,1,1,1,1,1,1,1,1,1,1,1
    ,1,1,1,1,1,1,1,1,1,1,4),(-0.190763574858,-0.187246400587,
    -0.183729226316,-0.180212052045,-0.176694877773,-0.173177703502,
    -0.169660529231,-0.166143354959,-0.162626180688,-0.159109006417,
    -0.155591832146,-0.152074657874,-0.148557483603,-0.145040309332,
    -0.141523135061,-0.138005960789,-0.134488786518,-0.130971612247,
    -0.127454437976,-0.123937263704,-0.120420089433,-0.116902915162,
    -0.113385740891),.QUASI_UNIFORM_KNOTS.);
#15865 = CARTESIAN_POINT('',(4.553386515799,-2.416347437902E-13));
#15866 = CARTESIAN_POINT('',(4.552765091928,1.081520904051E-02));
#15867 = CARTESIAN_POINT('',(4.551525703907,3.250002882113E-02));
#15868 = CARTESIAN_POINT('',(4.549676918945,6.519153896686E-02));
#15869 = CARTESIAN_POINT('',(4.547838348628,9.804840067449E-02));
#15870 = CARTESIAN_POINT('',(4.546009911681,0.131071700048));
#15871 = CARTESIAN_POINT('',(4.544191527573,0.164262533184));
#15872 = CARTESIAN_POINT('',(4.542383116611,0.197622007674));
#15873 = CARTESIAN_POINT('',(4.540584599902,0.231151242357));
#15874 = CARTESIAN_POINT('',(4.538795899353,0.264851367542));
#15875 = CARTESIAN_POINT('',(4.537016937657,0.298723525109));
#15876 = CARTESIAN_POINT('',(4.535247638286,0.332768868649));
#15877 = CARTESIAN_POINT('',(4.533487925477,0.366988563586));
#15878 = CARTESIAN_POINT('',(4.531737724232,0.401383787317));
#15879 = CARTESIAN_POINT('',(4.529996960299,0.435955729343));
#15880 = CARTESIAN_POINT('',(4.528265560168,0.470705591409));
#15881 = CARTESIAN_POINT('',(4.526543451064,0.505634587638));
#15882 = CARTESIAN_POINT('',(4.524830560934,0.540743944682));
#15883 = CARTESIAN_POINT('',(4.523126818439,0.57603490185));
#15884 = CARTESIAN_POINT('',(4.52143215295,0.61150871129));
#15885 = CARTESIAN_POINT('',(4.519746494531,0.647166638013));
#15886 = CARTESIAN_POINT('',(4.518069773955,0.683009960505));
#15887 = CARTESIAN_POINT('',(4.516401922608,0.71903996916));
#15888 = CARTESIAN_POINT('',(4.515295889403,0.743185304949));
#15889 = CARTESIAN_POINT('',(4.514744328398,0.755289522614));
#15890 = ( GEOMETRIC_REPRESENTATION_CONTEXT(2) 
PARAMETRIC_REPRESENTATION_CONTEXT() REPRESENTATION_CONTEXT('2D SPACE',''
  ) );
#15891 = ORIENTED_EDGE('',*,*,#15606,.F.);
#15892 = ORIENTED_EDGE('',*,*,#15800,.T.);
#15893 = ADVANCED_FACE('',(#15894),#15095,.F.);
#15894 = FACE_BOUND('',#15895,.F.);
#15895 = EDGE_LOOP('',(#15896,#15897,#15898,#15899));
#15896 = ORIENTED_EDGE('',*,*,#15849,.F.);
#15897 = ORIENTED_EDGE('',*,*,#15452,.T.);
#15898 = ORIENTED_EDGE('',*,*,#15081,.T.);
#15899 = ORIENTED_EDGE('',*,*,#15900,.F.);
#15900 = EDGE_CURVE('',#15827,#15001,#15901,.T.);
#15901 = SURFACE_CURVE('',#15902,(#15907,#15914),.PCURVE_S1.);
#15902 = CIRCLE('',#15903,1.183177921084);
#15903 = AXIS2_PLACEMENT_3D('',#15904,#15905,#15906);
#15904 = CARTESIAN_POINT('',(-19.05,29.0375,1.364710477384));
#15905 = DIRECTION('',(5.377642775528E-17,-1.110223024625E-16,-1.));
#15906 = DIRECTION('',(-0.918365051434,-0.395734295083,
    -5.451059237948E-18));
#15907 = PCURVE('',#15095,#15908);
#15908 = DEFINITIONAL_REPRESENTATION('',(#15909),#15913);
#15909 = LINE('',#15910,#15911);
#15910 = CARTESIAN_POINT('',(-8.881784197001E-16,0.755289522616));
#15911 = VECTOR('',#15912,1.);
#15912 = DIRECTION('',(1.,1.382982326154E-15));
#15913 = ( GEOMETRIC_REPRESENTATION_CONTEXT(2) 
PARAMETRIC_REPRESENTATION_CONTEXT() REPRESENTATION_CONTEXT('2D SPACE',''
  ) );
#15914 = PCURVE('',#14180,#15915);
#15915 = DEFINITIONAL_REPRESENTATION('',(#15916),#15942);
#15916 = B_SPLINE_CURVE_WITH_KNOTS('',3,(#15917,#15918,#15919,#15920,
    #15921,#15922,#15923,#15924,#15925,#15926,#15927,#15928,#15929,
    #15930,#15931,#15932,#15933,#15934,#15935,#15936,#15937,#15938,
    #15939,#15940,#15941),.UNSPECIFIED.,.F.,.F.,(4,1,1,1,1,1,1,1,1,1,1,1
    ,1,1,1,1,1,1,1,1,1,1,4),(4.514744328398,4.532712024033,
    4.550679719669,4.568647415304,4.586615110939,4.604582806574,
    4.622550502209,4.640518197844,4.658485893479,4.676453589114,
    4.69442128475,4.712388980385,4.73035667602,4.748324371655,
    4.76629206729,4.784259762925,4.80222745856,4.820195154195,
    4.838162849831,4.856130545466,4.874098241101,4.892065936736,
    4.910033632371),.QUASI_UNIFORM_KNOTS.);
#15917 = CARTESIAN_POINT('',(0.981900508166,0.110777160614));
#15918 = CARTESIAN_POINT('',(0.981346531952,0.107450481572));
#15919 = CARTESIAN_POINT('',(0.980289501427,0.100788850526));
#15920 = CARTESIAN_POINT('',(0.978856323519,9.077387446717E-02));
#15921 = CARTESIAN_POINT('',(0.977575100111,8.073866307346E-02));
#15922 = CARTESIAN_POINT('',(0.976445472238,7.06854938405E-02));
#15923 = CARTESIAN_POINT('',(0.975467117695,6.061663497731E-02));
#15924 = CARTESIAN_POINT('',(0.974639756729,5.05343450765E-02));
#15925 = CARTESIAN_POINT('',(0.973963151331,4.044087485987E-02));
#15926 = CARTESIAN_POINT('',(0.973437106125,3.033846837773E-02));
#15927 = CARTESIAN_POINT('',(0.973061468694,2.022936436257E-02));
#15928 = CARTESIAN_POINT('',(0.972836129942,1.011579754769E-02));
#15929 = CARTESIAN_POINT('',(0.972761024313,5.649182141352E-15));
#15930 = CARTESIAN_POINT('',(0.972836129942,-1.011579754768E-02));
#15931 = CARTESIAN_POINT('',(0.973061468694,-2.022936436256E-02));
#15932 = CARTESIAN_POINT('',(0.973437106125,-3.033846837772E-02));
#15933 = CARTESIAN_POINT('',(0.973963151331,-4.044087485985E-02));
#15934 = CARTESIAN_POINT('',(0.974639756729,-5.053434507649E-02));
#15935 = CARTESIAN_POINT('',(0.975467117695,-6.06166349773E-02));
#15936 = CARTESIAN_POINT('',(0.976445472238,-7.068549384049E-02));
#15937 = CARTESIAN_POINT('',(0.977575100111,-8.073866307344E-02));
#15938 = CARTESIAN_POINT('',(0.978856323519,-9.077387446716E-02));
#15939 = CARTESIAN_POINT('',(0.980289501427,-0.100788850526));
#15940 = CARTESIAN_POINT('',(0.981346531952,-0.107450481572));
#15941 = CARTESIAN_POINT('',(0.981900508166,-0.110777160614));
#15942 = ( GEOMETRIC_REPRESENTATION_CONTEXT(2) 
PARAMETRIC_REPRESENTATION_CONTEXT() REPRESENTATION_CONTEXT('2D SPACE',''
  ) );
#15943 = ADVANCED_FACE('',(#15944),#14141,.T.);
#15944 = FACE_BOUND('',#15945,.T.);
#15945 = EDGE_LOOP('',(#15946,#15947,#15971,#15998));
#15946 = ORIENTED_EDGE('',*,*,#14119,.F.);
#15947 = ORIENTED_EDGE('',*,*,#15948,.T.);
#15948 = EDGE_CURVE('',#14120,#15949,#15951,.T.);
#15949 = VERTEX_POINT('',#15950);
#15950 = CARTESIAN_POINT('',(-19.74253501639,30.64463884001,2.2));
#15951 = SEAM_CURVE('',#15952,(#15957,#15964),.PCURVE_S1.);
#15952 = CIRCLE('',#15953,0.2);
#15953 = AXIS2_PLACEMENT_3D('',#15954,#15955,#15956);
#15954 = CARTESIAN_POINT('',(-19.66338815737,30.460965829723,2.2));
#15955 = DIRECTION('',(-0.918365051434,-0.395734295083,
    -5.451059237948E-18));
#15956 = DIRECTION('',(-0.395734295083,0.918365051434,1.753714285284E-33
    ));
#15957 = PCURVE('',#14141,#15958);
#15958 = DEFINITIONAL_REPRESENTATION('',(#15959),#15963);
#15959 = LINE('',#15960,#15961);
#15960 = CARTESIAN_POINT('',(-3.14159265359,6.283185307179));
#15961 = VECTOR('',#15962,1.);
#15962 = DIRECTION('',(-2.261727773485E-15,-1.));
#15963 = ( GEOMETRIC_REPRESENTATION_CONTEXT(2) 
PARAMETRIC_REPRESENTATION_CONTEXT() REPRESENTATION_CONTEXT('2D SPACE',''
  ) );
#15964 = PCURVE('',#14141,#15965);
#15965 = DEFINITIONAL_REPRESENTATION('',(#15966),#15970);
#15966 = LINE('',#15967,#15968);
#15967 = CARTESIAN_POINT('',(3.14159265359,6.283185307179));
#15968 = VECTOR('',#15969,1.);
#15969 = DIRECTION('',(-2.261727773485E-15,-1.));
#15970 = ( GEOMETRIC_REPRESENTATION_CONTEXT(2) 
PARAMETRIC_REPRESENTATION_CONTEXT() REPRESENTATION_CONTEXT('2D SPACE',''
  ) );
#15971 = ORIENTED_EDGE('',*,*,#15972,.T.);
#15972 = EDGE_CURVE('',#15949,#15949,#15973,.T.);
#15973 = SURFACE_CURVE('',#15974,(#15979,#15986),.PCURVE_S1.);
#15974 = CIRCLE('',#15975,1.75);
#15975 = AXIS2_PLACEMENT_3D('',#15976,#15977,#15978);
#15976 = CARTESIAN_POINT('',(-19.05,29.0375,2.2));
#15977 = DIRECTION('',(-5.312953976689E-18,-1.444979606227E-18,1.));
#15978 = DIRECTION('',(0.395734295083,-0.918365051434,7.754993263781E-19
    ));
#15979 = PCURVE('',#14141,#15980);
#15980 = DEFINITIONAL_REPRESENTATION('',(#15981),#15985);
#15981 = LINE('',#15982,#15983);
#15982 = CARTESIAN_POINT('',(-6.28318530718,0.));
#15983 = VECTOR('',#15984,1.);
#15984 = DIRECTION('',(1.,0.));
#15985 = ( GEOMETRIC_REPRESENTATION_CONTEXT(2) 
PARAMETRIC_REPRESENTATION_CONTEXT() REPRESENTATION_CONTEXT('2D SPACE',''
  ) );
#15986 = PCURVE('',#15987,#15992);
#15987 = CYLINDRICAL_SURFACE('',#15988,1.75);
#15988 = AXIS2_PLACEMENT_3D('',#15989,#15990,#15991);
#15989 = CARTESIAN_POINT('',(-19.05,29.0375,1.));
#15990 = DIRECTION('',(-5.312953976689E-18,-1.444979606227E-18,1.));
#15991 = DIRECTION('',(0.395734295083,-0.918365051434,7.754993263781E-19
    ));
#15992 = DEFINITIONAL_REPRESENTATION('',(#15993),#15997);
#15993 = LINE('',#15994,#15995);
#15994 = CARTESIAN_POINT('',(0.,1.2));
#15995 = VECTOR('',#15996,1.);
#15996 = DIRECTION('',(1.,0.));
#15997 = ( GEOMETRIC_REPRESENTATION_CONTEXT(2) 
PARAMETRIC_REPRESENTATION_CONTEXT() REPRESENTATION_CONTEXT('2D SPACE',''
  ) );
#15998 = ORIENTED_EDGE('',*,*,#15948,.F.);
#15999 = ADVANCED_FACE('',(#16000),#15987,.T.);
#16000 = FACE_BOUND('',#16001,.T.);
#16001 = EDGE_LOOP('',(#16002,#16003,#16026,#16053));
#16002 = ORIENTED_EDGE('',*,*,#15972,.F.);
#16003 = ORIENTED_EDGE('',*,*,#16004,.T.);
#16004 = EDGE_CURVE('',#15949,#16005,#16007,.T.);
#16005 = VERTEX_POINT('',#16006);
#16006 = CARTESIAN_POINT('',(-19.74253501639,30.64463884001,2.));
#16007 = SEAM_CURVE('',#16008,(#16012,#16019),.PCURVE_S1.);
#16008 = LINE('',#16009,#16010);
#16009 = CARTESIAN_POINT('',(-19.74253501639,30.64463884001,1.));
#16010 = VECTOR('',#16011,1.);
#16011 = DIRECTION('',(5.312953976689E-18,1.444979606227E-18,-1.));
#16012 = PCURVE('',#15987,#16013);
#16013 = DEFINITIONAL_REPRESENTATION('',(#16014),#16018);
#16014 = LINE('',#16015,#16016);
#16015 = CARTESIAN_POINT('',(3.14159265359,0.));
#16016 = VECTOR('',#16017,1.);
#16017 = DIRECTION('',(0.,-1.));
#16018 = ( GEOMETRIC_REPRESENTATION_CONTEXT(2) 
PARAMETRIC_REPRESENTATION_CONTEXT() REPRESENTATION_CONTEXT('2D SPACE',''
  ) );
#16019 = PCURVE('',#15987,#16020);
#16020 = DEFINITIONAL_REPRESENTATION('',(#16021),#16025);
#16021 = LINE('',#16022,#16023);
#16022 = CARTESIAN_POINT('',(9.424777960769,0.));
#16023 = VECTOR('',#16024,1.);
#16024 = DIRECTION('',(0.,-1.));
#16025 = ( GEOMETRIC_REPRESENTATION_CONTEXT(2) 
PARAMETRIC_REPRESENTATION_CONTEXT() REPRESENTATION_CONTEXT('2D SPACE',''
  ) );
#16026 = ORIENTED_EDGE('',*,*,#16027,.T.);
#16027 = EDGE_CURVE('',#16005,#16005,#16028,.T.);
#16028 = SURFACE_CURVE('',#16029,(#16034,#16041),.PCURVE_S1.);
#16029 = CIRCLE('',#16030,1.75);
#16030 = AXIS2_PLACEMENT_3D('',#16031,#16032,#16033);
#16031 = CARTESIAN_POINT('',(-19.05,29.0375,2.));
#16032 = DIRECTION('',(-5.312953976689E-18,-1.444979606227E-18,1.));
#16033 = DIRECTION('',(0.395734295083,-0.918365051434,7.754993263781E-19
    ));
#16034 = PCURVE('',#15987,#16035);
#16035 = DEFINITIONAL_REPRESENTATION('',(#16036),#16040);
#16036 = LINE('',#16037,#16038);
#16037 = CARTESIAN_POINT('',(0.,1.));
#16038 = VECTOR('',#16039,1.);
#16039 = DIRECTION('',(1.,0.));
#16040 = ( GEOMETRIC_REPRESENTATION_CONTEXT(2) 
PARAMETRIC_REPRESENTATION_CONTEXT() REPRESENTATION_CONTEXT('2D SPACE',''
  ) );
#16041 = PCURVE('',#16042,#16047);
#16042 = TOROIDAL_SURFACE('',#16043,1.55,0.2);
#16043 = AXIS2_PLACEMENT_3D('',#16044,#16045,#16046);
#16044 = CARTESIAN_POINT('',(-19.05,29.0375,2.));
#16045 = DIRECTION('',(-5.312953976689E-18,-1.444979606227E-18,1.));
#16046 = DIRECTION('',(0.395734295083,-0.918365051434,7.754993263781E-19
    ));
#16047 = DEFINITIONAL_REPRESENTATION('',(#16048),#16052);
#16048 = LINE('',#16049,#16050);
#16049 = CARTESIAN_POINT('',(-6.28318530718,6.28318530718));
#16050 = VECTOR('',#16051,1.);
#16051 = DIRECTION('',(1.,0.));
#16052 = ( GEOMETRIC_REPRESENTATION_CONTEXT(2) 
PARAMETRIC_REPRESENTATION_CONTEXT() REPRESENTATION_CONTEXT('2D SPACE',''
  ) );
#16053 = ORIENTED_EDGE('',*,*,#16004,.F.);
#16054 = ADVANCED_FACE('',(#16055),#16042,.T.);
#16055 = FACE_BOUND('',#16056,.T.);
#16056 = EDGE_LOOP('',(#16057,#16058,#16082,#16126));
#16057 = ORIENTED_EDGE('',*,*,#16027,.F.);
#16058 = ORIENTED_EDGE('',*,*,#16059,.T.);
#16059 = EDGE_CURVE('',#16005,#16060,#16062,.T.);
#16060 = VERTEX_POINT('',#16061);
#16061 = CARTESIAN_POINT('',(-19.72790227746,30.610681216908,
    1.884141331142));
#16062 = SEAM_CURVE('',#16063,(#16068,#16075),.PCURVE_S1.);
#16063 = CIRCLE('',#16064,0.2);
#16064 = AXIS2_PLACEMENT_3D('',#16065,#16066,#16067);
#16065 = CARTESIAN_POINT('',(-19.66338815737,30.460965829723,2.));
#16066 = DIRECTION('',(-0.918365051434,-0.395734295083,
    -5.451059237948E-18));
#16067 = DIRECTION('',(-0.395734295083,0.918365051434,
    -4.643710554209E-35));
#16068 = PCURVE('',#16042,#16069);
#16069 = DEFINITIONAL_REPRESENTATION('',(#16070),#16074);
#16070 = LINE('',#16071,#16072);
#16071 = CARTESIAN_POINT('',(-3.14159265359,6.28318530718));
#16072 = VECTOR('',#16073,1.);
#16073 = DIRECTION('',(0.,-1.));
#16074 = ( GEOMETRIC_REPRESENTATION_CONTEXT(2) 
PARAMETRIC_REPRESENTATION_CONTEXT() REPRESENTATION_CONTEXT('2D SPACE',''
  ) );
#16075 = PCURVE('',#16042,#16076);
#16076 = DEFINITIONAL_REPRESENTATION('',(#16077),#16081);
#16077 = LINE('',#16078,#16079);
#16078 = CARTESIAN_POINT('',(3.14159265359,6.28318530718));
#16079 = VECTOR('',#16080,1.);
#16080 = DIRECTION('',(0.,-1.));
#16081 = ( GEOMETRIC_REPRESENTATION_CONTEXT(2) 
PARAMETRIC_REPRESENTATION_CONTEXT() REPRESENTATION_CONTEXT('2D SPACE',''
  ) );
#16082 = ORIENTED_EDGE('',*,*,#16083,.T.);
#16083 = EDGE_CURVE('',#16060,#16060,#16084,.T.);
#16084 = SURFACE_CURVE('',#16085,(#16090,#16097),.PCURVE_S1.);
#16085 = CIRCLE('',#16086,1.713023829088);
#16086 = AXIS2_PLACEMENT_3D('',#16087,#16088,#16089);
#16087 = CARTESIAN_POINT('',(-19.05,29.0375,1.884141331142));
#16088 = DIRECTION('',(-5.312953976689E-18,-1.444979606227E-18,1.));
#16089 = DIRECTION('',(0.395734295083,-0.918365051434,7.754993263781E-19
    ));
#16090 = PCURVE('',#16042,#16091);
#16091 = DEFINITIONAL_REPRESENTATION('',(#16092),#16096);
#16092 = LINE('',#16093,#16094);
#16093 = CARTESIAN_POINT('',(-6.28318530718,5.665323819332));
#16094 = VECTOR('',#16095,1.);
#16095 = DIRECTION('',(1.,0.));
#16096 = ( GEOMETRIC_REPRESENTATION_CONTEXT(2) 
PARAMETRIC_REPRESENTATION_CONTEXT() REPRESENTATION_CONTEXT('2D SPACE',''
  ) );
#16097 = PCURVE('',#14180,#16098);
#16098 = DEFINITIONAL_REPRESENTATION('',(#16099),#16125);
#16099 = B_SPLINE_CURVE_WITH_KNOTS('',3,(#16100,#16101,#16102,#16103,
    #16104,#16105,#16106,#16107,#16108,#16109,#16110,#16111,#16112,
    #16113,#16114,#16115,#16116,#16117,#16118,#16119,#16120,#16121,
    #16122,#16123,#16124),.UNSPECIFIED.,.T.,.F.,(4,1,1,1,1,1,1,1,1,1,1,1
    ,1,1,1,1,1,1,1,1,1,1,4),(3.14159265359,3.427191985734,3.712791317879
    ,3.998390650023,4.283989982168,4.569589314312,4.855188646457,
    5.140787978601,5.426387310746,5.711986642891,5.997585975035,
    6.28318530718,6.568784639324,6.854383971469,7.139983303613,
    7.425582635758,7.711181967902,7.996781300047,8.282380632191,
    8.567979964336,8.85357929648,9.139178628625,9.424777960769),
  .QUASI_UNIFORM_KNOTS.);
#16100 = CARTESIAN_POINT('',(2.523731165742,-8.452552990455E-16));
#16101 = CARTESIAN_POINT('',(2.52272362763,-7.727486815084E-02));
#16102 = CARTESIAN_POINT('',(2.511611458875,-0.232962752047));
#16103 = CARTESIAN_POINT('',(2.44973968995,-0.458999284883));
#16104 = CARTESIAN_POINT('',(2.33020396161,-0.669221090277));
#16105 = CARTESIAN_POINT('',(2.121462549219,-0.846242679041));
#16106 = CARTESIAN_POINT('',(1.782512386702,-0.957256077598));
#16107 = CARTESIAN_POINT('',(1.359082031403,-0.957255080971));
#16108 = CARTESIAN_POINT('',(1.020121281796,-0.846245668921));
#16109 = CARTESIAN_POINT('',(0.811422217766,-0.669210127384));
#16110 = CARTESIAN_POINT('',(0.691727683069,-0.459040146574));
#16111 = CARTESIAN_POINT('',(0.630448791212,-0.232810268175));
#16112 = CARTESIAN_POINT('',(0.611567836165,2.00775701639E-15));
#16113 = CARTESIAN_POINT('',(0.630448791212,0.232810268175));
#16114 = CARTESIAN_POINT('',(0.691727683069,0.459040146574));
#16115 = CARTESIAN_POINT('',(0.811422217766,0.669210127384));
#16116 = CARTESIAN_POINT('',(1.020121281796,0.846245668921));
#16117 = CARTESIAN_POINT('',(1.359082031403,0.957255080971));
#16118 = CARTESIAN_POINT('',(1.782512386702,0.957256077598));
#16119 = CARTESIAN_POINT('',(2.121462549219,0.846242679041));
#16120 = CARTESIAN_POINT('',(2.33020396161,0.669221090277));
#16121 = CARTESIAN_POINT('',(2.44973968995,0.458999284883));
#16122 = CARTESIAN_POINT('',(2.511611458875,0.232962752047));
#16123 = CARTESIAN_POINT('',(2.52272362763,7.727486815084E-02));
#16124 = CARTESIAN_POINT('',(2.523731165742,-8.452552990455E-16));
#16125 = ( GEOMETRIC_REPRESENTATION_CONTEXT(2) 
PARAMETRIC_REPRESENTATION_CONTEXT() REPRESENTATION_CONTEXT('2D SPACE',''
  ) );
#16126 = ORIENTED_EDGE('',*,*,#16059,.F.);
#16127 = ADVANCED_FACE('',(#16128,#16131),#14180,.T.);
#16128 = FACE_BOUND('',#16129,.T.);
#16129 = EDGE_LOOP('',(#16130));
#16130 = ORIENTED_EDGE('',*,*,#16083,.F.);
#16131 = FACE_BOUND('',#16132,.T.);
#16132 = EDGE_LOOP('',(#16133,#16134,#16135,#16136,#16137,#16138,#16139,
    #16140,#16141,#16142,#16143,#16144,#16145,#16146,#16147,#16148,
    #16192,#16193,#16194,#16195));
#16133 = ORIENTED_EDGE('',*,*,#14952,.F.);
#16134 = ORIENTED_EDGE('',*,*,#14832,.F.);
#16135 = ORIENTED_EDGE('',*,*,#14756,.F.);
#16136 = ORIENTED_EDGE('',*,*,#14680,.F.);
#16137 = ORIENTED_EDGE('',*,*,#14548,.F.);
#16138 = ORIENTED_EDGE('',*,*,#15405,.F.);
#16139 = ORIENTED_EDGE('',*,*,#15284,.F.);
#16140 = ORIENTED_EDGE('',*,*,#15208,.F.);
#16141 = ORIENTED_EDGE('',*,*,#15132,.F.);
#16142 = ORIENTED_EDGE('',*,*,#15000,.F.);
#16143 = ORIENTED_EDGE('',*,*,#15900,.F.);
#16144 = ORIENTED_EDGE('',*,*,#15826,.F.);
#16145 = ORIENTED_EDGE('',*,*,#15777,.F.);
#16146 = ORIENTED_EDGE('',*,*,#15728,.F.);
#16147 = ORIENTED_EDGE('',*,*,#15635,.F.);
#16148 = ORIENTED_EDGE('',*,*,#16149,.F.);
#16149 = EDGE_CURVE('',#14451,#15636,#16150,.T.);
#16150 = SURFACE_CURVE('',#16151,(#16156,#16185),.PCURVE_S1.);
#16151 = CIRCLE('',#16152,1.183177921084);
#16152 = AXIS2_PLACEMENT_3D('',#16153,#16154,#16155);
#16153 = CARTESIAN_POINT('',(-19.05,29.0375,1.364710477384));
#16154 = DIRECTION('',(5.377642775528E-17,-1.110223024625E-16,-1.));
#16155 = DIRECTION('',(-8.552847072294E-50,-1.,1.110223024625E-16));
#16156 = PCURVE('',#14180,#16157);
#16157 = DEFINITIONAL_REPRESENTATION('',(#16158),#16184);
#16158 = B_SPLINE_CURVE_WITH_KNOTS('',3,(#16159,#16160,#16161,#16162,
    #16163,#16164,#16165,#16166,#16167,#16168,#16169,#16170,#16171,
    #16172,#16173,#16174,#16175,#16176,#16177,#16178,#16179,#16180,
    #16181,#16182,#16183),.UNSPECIFIED.,.F.,.F.,(4,1,1,1,1,1,1,1,1,1,1,1
    ,1,1,1,1,1,1,1,1,1,1,4),(4.107877047196,4.125844742831,
    4.143812438466,4.161780134101,4.179747829736,4.197715525371,
    4.215683221007,4.233650916642,4.251618612277,4.269586307912,
    4.287554003547,4.305521699182,4.323489394817,4.341457090452,
    4.359424786088,4.377392481723,4.395360177358,4.413327872993,
    4.431295568628,4.449263264263,4.467230959898,4.485198655533,
    4.503166351169),.QUASI_UNIFORM_KNOTS.);
#16159 = CARTESIAN_POINT('',(1.70377154321,0.58480713241));
#16160 = CARTESIAN_POINT('',(1.699841327868,0.585601218821));
#16161 = CARTESIAN_POINT('',(1.691954303185,0.587119352329));
#16162 = CARTESIAN_POINT('',(1.680050773649,0.589184913885));
#16163 = CARTESIAN_POINT('',(1.668080976645,0.591037258224));
#16164 = CARTESIAN_POINT('',(1.656051862774,0.592675008958));
#16165 = CARTESIAN_POINT('',(1.643970511684,0.594096927813));
#16166 = CARTESIAN_POINT('',(1.631844137886,0.595301936855));
#16167 = CARTESIAN_POINT('',(1.619680068008,0.59628911705));
#16168 = CARTESIAN_POINT('',(1.6074857247,0.597057712552));
#16169 = CARTESIAN_POINT('',(1.595268607888,0.597607132822));
#16170 = CARTESIAN_POINT('',(1.583036276026,0.597936954659));
#16171 = CARTESIAN_POINT('',(1.570796326795,0.598046923579));
#16172 = CARTESIAN_POINT('',(1.558556377564,0.597936954659));
#16173 = CARTESIAN_POINT('',(1.546324045702,0.597607132822));
#16174 = CARTESIAN_POINT('',(1.53410692889,0.597057712552));
#16175 = CARTESIAN_POINT('',(1.521912585581,0.59628911705));
#16176 = CARTESIAN_POINT('',(1.509748515703,0.595301936855));
#16177 = CARTESIAN_POINT('',(1.497622141905,0.594096927813));
#16178 = CARTESIAN_POINT('',(1.485540790816,0.592675008958));
#16179 = CARTESIAN_POINT('',(1.473511676944,0.591037258224));
#16180 = CARTESIAN_POINT('',(1.461541879941,0.589184913885));
#16181 = CARTESIAN_POINT('',(1.449638350405,0.587119352329));
#16182 = CARTESIAN_POINT('',(1.441751325721,0.585601218821));
#16183 = CARTESIAN_POINT('',(1.437821110379,0.58480713241));
#16184 = ( GEOMETRIC_REPRESENTATION_CONTEXT(2) 
PARAMETRIC_REPRESENTATION_CONTEXT() REPRESENTATION_CONTEXT('2D SPACE',''
  ) );
#16185 = PCURVE('',#14489,#16186);
#16186 = DEFINITIONAL_REPRESENTATION('',(#16187),#16191);
#16187 = LINE('',#16188,#16189);
#16188 = CARTESIAN_POINT('',(-4.305521699182,0.755289522616));
#16189 = VECTOR('',#16190,1.);
#16190 = DIRECTION('',(1.,0.));
#16191 = ( GEOMETRIC_REPRESENTATION_CONTEXT(2) 
PARAMETRIC_REPRESENTATION_CONTEXT() REPRESENTATION_CONTEXT('2D SPACE',''
  ) );
#16192 = ORIENTED_EDGE('',*,*,#14450,.F.);
#16193 = ORIENTED_EDGE('',*,*,#14374,.F.);
#16194 = ORIENTED_EDGE('',*,*,#14298,.F.);
#16195 = ORIENTED_EDGE('',*,*,#14156,.F.);
#16196 = ADVANCED_FACE('',(#16197),#14489,.F.);
#16197 = FACE_BOUND('',#16198,.F.);
#16198 = EDGE_LOOP('',(#16199,#16200,#16201,#16202));
#16199 = ORIENTED_EDGE('',*,*,#15682,.T.);
#16200 = ORIENTED_EDGE('',*,*,#16149,.F.);
#16201 = ORIENTED_EDGE('',*,*,#14473,.F.);
#16202 = ORIENTED_EDGE('',*,*,#15494,.T.);
#16203 = ( GEOMETRIC_REPRESENTATION_CONTEXT(3) 
GLOBAL_UNCERTAINTY_ASSIGNED_CONTEXT((#16207)) 
GLOBAL_UNIT_ASSIGNED_CONTEXT((#16204,#16205,#16206)) 
REPRESENTATION_CONTEXT('Context #1',
  '3D Context with UNIT and UNCERTAINTY') );
#16204 = ( LENGTH_UNIT() NAMED_UNIT(*) SI_UNIT(.MILLI.,.METRE.) );
#16205 = ( NAMED_UNIT(*) PLANE_ANGLE_UNIT() SI_UNIT($,.RADIAN.) );
#16206 = ( NAMED_UNIT(*) SI_UNIT($,.STERADIAN.) SOLID_ANGLE_UNIT() );
#16207 = UNCERTAINTY_MEASURE_WITH_UNIT(LENGTH_MEASURE(5.E-04),#16204,
  'distance_accuracy_value','confusion accuracy');
#16208 = CONTEXT_DEPENDENT_SHAPE_REPRESENTATION(#16209,#16211);
#16209 = ( REPRESENTATION_RELATIONSHIP('','',#14112,#10) 
REPRESENTATION_RELATIONSHIP_WITH_TRANSFORMATION(#16210) 
SHAPE_REPRESENTATION_RELATIONSHIP() );
#16210 = ITEM_DEFINED_TRANSFORMATION('','',#11,#23);
#16211 = PRODUCT_DEFINITION_SHAPE('Placement','Placement of an item',
  #16212);
#16212 = NEXT_ASSEMBLY_USAGE_OCCURRENCE('265','','',#5,#14107,$);
#16213 = PRODUCT_RELATED_PRODUCT_CATEGORY('part',$,(#14109));
#16214 = SHAPE_DEFINITION_REPRESENTATION(#16215,#16221);
#16215 = PRODUCT_DEFINITION_SHAPE('','',#16216);
#16216 = PRODUCT_DEFINITION('design','',#16217,#16220);
#16217 = PRODUCT_DEFINITION_FORMATION('','',#16218);
#16218 = PRODUCT('Open CASCADE STEP translator 7.8 8.4',
  'Open CASCADE STEP translator 7.8 8.4','',(#16219));
#16219 = PRODUCT_CONTEXT('',#2,'mechanical');
#16220 = PRODUCT_DEFINITION_CONTEXT('part definition',#2,'design');
#16221 = ADVANCED_BREP_SHAPE_REPRESENTATION('',(#11,#16222),#18312);
#16222 = MANIFOLD_SOLID_BREP('',#16223);
#16223 = CLOSED_SHELL('',(#16224,#16261,#16403,#16479,#16555,#16653,
    #16785,#16861,#16937,#17030,#17105,#17237,#17313,#17389,#17482,
    #17557,#17740,#17833,#17882,#17931,#18002,#18052,#18108,#18163,
    #18236,#18305));
#16224 = ADVANCED_FACE('',(#16225),#16238,.T.);
#16225 = FACE_BOUND('',#16226,.T.);
#16226 = EDGE_LOOP('',(#16227));
#16227 = ORIENTED_EDGE('',*,*,#16228,.T.);
#16228 = EDGE_CURVE('',#16229,#16229,#16231,.T.);
#16229 = VERTEX_POINT('',#16230);
#16230 = CARTESIAN_POINT('',(18.12,30.2775,2.4));
#16231 = SURFACE_CURVE('',#16232,(#16237,#16249),.PCURVE_S1.);
#16232 = CIRCLE('',#16233,1.55);
#16233 = AXIS2_PLACEMENT_3D('',#16234,#16235,#16236);
#16234 = CARTESIAN_POINT('',(19.05,29.0375,2.4));
#16235 = DIRECTION('',(-2.366570670586E-17,1.305055853073E-17,1.));
#16236 = DIRECTION('',(0.6,-0.8,2.46398708481E-17));
#16237 = PCURVE('',#16238,#16243);
#16238 = PLANE('',#16239);
#16239 = AXIS2_PLACEMENT_3D('',#16240,#16241,#16242);
#16240 = CARTESIAN_POINT('',(19.98,27.7975,2.4));
#16241 = DIRECTION('',(-2.016357725669E-18,-1.581524010953E-17,1.));
#16242 = DIRECTION('',(0.6,-0.8,-1.144237745222E-17));
#16243 = DEFINITIONAL_REPRESENTATION('',(#16244),#16248);
#16244 = CIRCLE('',#16245,1.55);
#16245 = AXIS2_PLACEMENT_2D('',#16246,#16247);
#16246 = CARTESIAN_POINT('',(-1.55,1.401989635497E-15));
#16247 = DIRECTION('',(1.,2.6645352591E-17));
#16248 = ( GEOMETRIC_REPRESENTATION_CONTEXT(2) 
PARAMETRIC_REPRESENTATION_CONTEXT() REPRESENTATION_CONTEXT('2D SPACE',''
  ) );
#16249 = PCURVE('',#16250,#16255);
#16250 = TOROIDAL_SURFACE('',#16251,1.55,0.2);
#16251 = AXIS2_PLACEMENT_3D('',#16252,#16253,#16254);
#16252 = CARTESIAN_POINT('',(19.05,29.0375,2.2));
#16253 = DIRECTION('',(-2.366570670586E-17,1.305055853073E-17,1.));
#16254 = DIRECTION('',(0.6,-0.8,2.46398708481E-17));
#16255 = DEFINITIONAL_REPRESENTATION('',(#16256),#16260);
#16256 = LINE('',#16257,#16258);
#16257 = CARTESIAN_POINT('',(-6.28318530718,1.570796326795));
#16258 = VECTOR('',#16259,1.);
#16259 = DIRECTION('',(1.,0.));
#16260 = ( GEOMETRIC_REPRESENTATION_CONTEXT(2) 
PARAMETRIC_REPRESENTATION_CONTEXT() REPRESENTATION_CONTEXT('2D SPACE',''
  ) );
#16261 = ADVANCED_FACE('',(#16262),#16277,.T.);
#16262 = FACE_BOUND('',#16263,.T.);
#16263 = EDGE_LOOP('',(#16264,#16299,#16327,#16355));
#16264 = ORIENTED_EDGE('',*,*,#16265,.T.);
#16265 = EDGE_CURVE('',#16266,#16268,#16270,.T.);
#16266 = VERTEX_POINT('',#16267);
#16267 = CARTESIAN_POINT('',(18.539777274777,30.105012418479,
    1.364710477384));
#16268 = VERTEX_POINT('',#16269);
#16269 = CARTESIAN_POINT('',(18.929477003187,29.625815127508,
    1.087629914388));
#16270 = SURFACE_CURVE('',#16271,(#16276,#16288),.PCURVE_S1.);
#16271 = CIRCLE('',#16272,2.100036658522);
#16272 = AXIS2_PLACEMENT_3D('',#16273,#16274,#16275);
#16273 = CARTESIAN_POINT('',(19.113811099819,29.085358324864,
    3.108540934802));
#16274 = DIRECTION('',(-0.796955758473,-0.597716818855,
    -8.715574274766E-02));
#16275 = DIRECTION('',(0.6,-0.8,1.814270898668E-16));
#16276 = PCURVE('',#16277,#16282);
#16277 = PLANE('',#16278);
#16278 = AXIS2_PLACEMENT_3D('',#16279,#16280,#16281);
#16279 = CARTESIAN_POINT('',(19.805053002163,28.307845997116,2.12));
#16280 = DIRECTION('',(-0.796955758473,-0.597716818855,
    -8.715574274766E-02));
#16281 = DIRECTION('',(6.972459419813E-02,5.229344564859E-02,
    -0.996194698092));
#16282 = DEFINITIONAL_REPRESENTATION('',(#16283),#16287);
#16283 = CIRCLE('',#16284,2.100036658522);
#16284 = AXIS2_PLACEMENT_2D('',#16285,#16286);
#16285 = CARTESIAN_POINT('',(-0.992317000577,-1.036755003605));
#16286 = DIRECTION('',(-4.981749795575E-18,1.));
#16287 = ( GEOMETRIC_REPRESENTATION_CONTEXT(2) 
PARAMETRIC_REPRESENTATION_CONTEXT() REPRESENTATION_CONTEXT('2D SPACE',''
  ) );
#16288 = PCURVE('',#16289,#16294);
#16289 = SPHERICAL_SURFACE('',#16290,2.1015625);
#16290 = AXIS2_PLACEMENT_3D('',#16291,#16292,#16293);
#16291 = CARTESIAN_POINT('',(19.05,29.0375,3.1015625));
#16292 = DIRECTION('',(0.8,0.6,0.));
#16293 = DIRECTION('',(0.6,-0.8,0.));
#16294 = DEFINITIONAL_REPRESENTATION('',(#16295),#16298);
#16295 = B_SPLINE_CURVE_WITH_KNOTS('',1,(#16296,#16297),.UNSPECIFIED.,
  .F.,.F.,(2,2),(4.127100732204,4.4508674172),.PIECEWISE_BEZIER_KNOTS.);
#16296 = CARTESIAN_POINT('',(2.159692145424,0.110777160614));
#16297 = CARTESIAN_POINT('',(1.834139780934,0.122391008053));
#16298 = ( GEOMETRIC_REPRESENTATION_CONTEXT(2) 
PARAMETRIC_REPRESENTATION_CONTEXT() REPRESENTATION_CONTEXT('2D SPACE',''
  ) );
#16299 = ORIENTED_EDGE('',*,*,#16300,.F.);
#16300 = EDGE_CURVE('',#16301,#16268,#16303,.T.);
#16301 = VERTEX_POINT('',#16302);
#16302 = CARTESIAN_POINT('',(18.868,29.55725,2.12));
#16303 = SURFACE_CURVE('',#16304,(#16308,#16315),.PCURVE_S1.);
#16304 = LINE('',#16305,#16306);
#16305 = CARTESIAN_POINT('',(18.868,29.55725,2.12));
#16306 = VECTOR('',#16307,1.);
#16307 = DIRECTION('',(5.931386842724E-02,6.615258943775E-02,
    -0.996045029064));
#16308 = PCURVE('',#16277,#16309);
#16309 = DEFINITIONAL_REPRESENTATION('',(#16310),#16314);
#16310 = LINE('',#16311,#16312);
#16311 = CARTESIAN_POINT('',(2.623269622425E-17,-1.561755003605));
#16312 = VECTOR('',#16313,1.);
#16313 = DIRECTION('',(0.999849759261,-1.733375049386E-02));
#16314 = ( GEOMETRIC_REPRESENTATION_CONTEXT(2) 
PARAMETRIC_REPRESENTATION_CONTEXT() REPRESENTATION_CONTEXT('2D SPACE',''
  ) );
#16315 = PCURVE('',#16316,#16321);
#16316 = PLANE('',#16317);
#16317 = AXIS2_PLACEMENT_3D('',#16318,#16319,#16320);
#16318 = CARTESIAN_POINT('',(18.868,29.55725,2.12));
#16319 = DIRECTION('',(-0.507554789749,-0.857200100274,
    -8.715574274766E-02));
#16320 = DIRECTION('',(-0.860474465399,0.50949356659,-7.236216877213E-17
    ));
#16321 = DEFINITIONAL_REPRESENTATION('',(#16322),#16326);
#16322 = LINE('',#16323,#16324);
#16323 = CARTESIAN_POINT('',(0.,0.));
#16324 = VECTOR('',#16325,1.);
#16325 = DIRECTION('',(-1.733375049386E-02,0.999849759261));
#16326 = ( GEOMETRIC_REPRESENTATION_CONTEXT(2) 
PARAMETRIC_REPRESENTATION_CONTEXT() REPRESENTATION_CONTEXT('2D SPACE',''
  ) );
#16327 = ORIENTED_EDGE('',*,*,#16328,.F.);
#16328 = EDGE_CURVE('',#16329,#16301,#16331,.T.);
#16329 = VERTEX_POINT('',#16330);
#16330 = CARTESIAN_POINT('',(18.560946997837,29.966654002884,2.12));
#16331 = SURFACE_CURVE('',#16332,(#16336,#16343),.PCURVE_S1.);
#16332 = LINE('',#16333,#16334);
#16333 = CARTESIAN_POINT('',(19.183,29.13725,2.12));
#16334 = VECTOR('',#16335,1.);
#16335 = DIRECTION('',(0.6,-0.8,1.471045507628E-16));
#16336 = PCURVE('',#16277,#16337);
#16337 = DEFINITIONAL_REPRESENTATION('',(#16338),#16342);
#16338 = LINE('',#16339,#16340);
#16339 = CARTESIAN_POINT('',(2.248352001292E-16,-1.036755003605));
#16340 = VECTOR('',#16341,1.);
#16341 = DIRECTION('',(-1.183366209095E-16,1.));
#16342 = ( GEOMETRIC_REPRESENTATION_CONTEXT(2) 
PARAMETRIC_REPRESENTATION_CONTEXT() REPRESENTATION_CONTEXT('2D SPACE',''
  ) );
#16343 = PCURVE('',#16344,#16349);
#16344 = PLANE('',#16345);
#16345 = AXIS2_PLACEMENT_3D('',#16346,#16347,#16348);
#16346 = CARTESIAN_POINT('',(19.05,29.0375,2.12));
#16347 = DIRECTION('',(-6.60582699652E-17,1.343369859796E-16,1.));
#16348 = DIRECTION('',(-0.8,-0.6,2.775557561563E-17));
#16349 = DEFINITIONAL_REPRESENTATION('',(#16350),#16354);
#16350 = LINE('',#16351,#16352);
#16351 = CARTESIAN_POINT('',(-0.16625,-7.218226016903E-16));
#16352 = VECTOR('',#16353,1.);
#16353 = DIRECTION('',(-2.6645352591E-17,1.));
#16354 = ( GEOMETRIC_REPRESENTATION_CONTEXT(2) 
PARAMETRIC_REPRESENTATION_CONTEXT() REPRESENTATION_CONTEXT('2D SPACE',''
  ) );
#16355 = ORIENTED_EDGE('',*,*,#16356,.T.);
#16356 = EDGE_CURVE('',#16329,#16266,#16357,.T.);
#16357 = SURFACE_CURVE('',#16358,(#16362,#16369),.PCURVE_S1.);
#16358 = ( BOUNDED_CURVE() B_SPLINE_CURVE(2,(#16359,#16360,#16361),
.UNSPECIFIED.,.F.,.F.) B_SPLINE_CURVE_WITH_KNOTS((3,3),(0.117640214744,
0.195018048711),.PIECEWISE_BEZIER_KNOTS.) CURVE() 
GEOMETRIC_REPRESENTATION_ITEM() RATIONAL_B_SPLINE_CURVE((1.010513257796,
1.01183860225,1.010359035033)) REPRESENTATION_ITEM('') );
#16359 = CARTESIAN_POINT('',(18.560946997837,29.966654002884,2.12));
#16360 = CARTESIAN_POINT('',(18.550703342767,30.032285489593,
    1.7635656151));
#16361 = CARTESIAN_POINT('',(18.539777274777,30.105012418478,
    1.364710477386));
#16362 = PCURVE('',#16277,#16363);
#16363 = DEFINITIONAL_REPRESENTATION('',(#16364),#16368);
#16364 = ( BOUNDED_CURVE() B_SPLINE_CURVE(2,(#16365,#16366,#16367),
.UNSPECIFIED.,.F.,.F.) B_SPLINE_CURVE_WITH_KNOTS((3,3),(0.117640214744,
0.195018048711),.PIECEWISE_BEZIER_KNOTS.) CURVE() 
GEOMETRIC_REPRESENTATION_ITEM() RATIONAL_B_SPLINE_CURVE((1.010513257796,
1.01183860225,1.010359035033)) REPRESENTATION_ITEM('') );
#16365 = CARTESIAN_POINT('',(-2.543520949416E-13,-2.07351000721));
#16366 = CARTESIAN_POINT('',(0.357795906345,-2.132161389619));
#16367 = CARTESIAN_POINT('',(0.758174605888,-2.196898573521));
#16368 = ( GEOMETRIC_REPRESENTATION_CONTEXT(2) 
PARAMETRIC_REPRESENTATION_CONTEXT() REPRESENTATION_CONTEXT('2D SPACE',''
  ) );
#16369 = PCURVE('',#16370,#16375);
#16370 = CONICAL_SURFACE('',#16371,1.05,0.174532925199);
#16371 = AXIS2_PLACEMENT_3D('',#16372,#16373,#16374);
#16372 = CARTESIAN_POINT('',(19.05,29.0375,2.12));
#16373 = DIRECTION('',(9.71445146547E-17,-1.110223024625E-16,-1.));
#16374 = DIRECTION('',(-0.8,-0.6,-1.110223024625E-17));
#16375 = DEFINITIONAL_REPRESENTATION('',(#16376),#16402);
#16376 = B_SPLINE_CURVE_WITH_KNOTS('',3,(#16377,#16378,#16379,#16380,
    #16381,#16382,#16383,#16384,#16385,#16386,#16387,#16388,#16389,
    #16390,#16391,#16392,#16393,#16394,#16395,#16396,#16397,#16398,
    #16399,#16400,#16401),.UNSPECIFIED.,.F.,.F.,(4,1,1,1,1,1,1,1,1,1,1,1
    ,1,1,1,1,1,1,1,1,1,1,4),(0.117640214744,0.121157389015,
    0.124674563286,0.128191737557,0.131708911829,0.1352260861,
    0.138743260371,0.142260434643,0.145777608914,0.149294783185,
    0.152811957456,0.156329131728,0.159846305999,0.16336348027,
    0.166880654541,0.170397828813,0.173915003084,0.177432177355,
    0.180949351626,0.184466525898,0.187983700169,0.19150087444,
    0.195018048711),.QUASI_UNIFORM_KNOTS.);
#16377 = CARTESIAN_POINT('',(1.72979879138,-2.578617374129E-13));
#16378 = CARTESIAN_POINT('',(1.730420215252,1.081520904051E-02));
#16379 = CARTESIAN_POINT('',(1.731659603273,3.250002882113E-02));
#16380 = CARTESIAN_POINT('',(1.733508388234,6.519153896689E-02));
#16381 = CARTESIAN_POINT('',(1.735346958552,9.804840067453E-02));
#16382 = CARTESIAN_POINT('',(1.737175395498,0.131071700048));
#16383 = CARTESIAN_POINT('',(1.738993779606,0.164262533184));
#16384 = CARTESIAN_POINT('',(1.740802190569,0.197622007674));
#16385 = CARTESIAN_POINT('',(1.742600707277,0.231151242357));
#16386 = CARTESIAN_POINT('',(1.744389407826,0.264851367542));
#16387 = CARTESIAN_POINT('',(1.746168369522,0.298723525109));
#16388 = CARTESIAN_POINT('',(1.747937668894,0.332768868649));
#16389 = CARTESIAN_POINT('',(1.749697381702,0.366988563586));
#16390 = CARTESIAN_POINT('',(1.751447582948,0.401383787317));
#16391 = CARTESIAN_POINT('',(1.753188346881,0.435955729343));
#16392 = CARTESIAN_POINT('',(1.754919747011,0.470705591409));
#16393 = CARTESIAN_POINT('',(1.756641856115,0.505634587638));
#16394 = CARTESIAN_POINT('',(1.758354746246,0.540743944682));
#16395 = CARTESIAN_POINT('',(1.760058488741,0.57603490185));
#16396 = CARTESIAN_POINT('',(1.761753154229,0.61150871129));
#16397 = CARTESIAN_POINT('',(1.763438812648,0.647166638013));
#16398 = CARTESIAN_POINT('',(1.765115533225,0.683009960505));
#16399 = CARTESIAN_POINT('',(1.766783384572,0.71903996916));
#16400 = CARTESIAN_POINT('',(1.767889417777,0.743185304949));
#16401 = CARTESIAN_POINT('',(1.768440978781,0.755289522614));
#16402 = ( GEOMETRIC_REPRESENTATION_CONTEXT(2) 
PARAMETRIC_REPRESENTATION_CONTEXT() REPRESENTATION_CONTEXT('2D SPACE',''
  ) );
#16403 = ADVANCED_FACE('',(#16404),#16316,.T.);
#16404 = FACE_BOUND('',#16405,.T.);
#16405 = EDGE_LOOP('',(#16406,#16429,#16457,#16478));
#16406 = ORIENTED_EDGE('',*,*,#16407,.T.);
#16407 = EDGE_CURVE('',#16268,#16408,#16410,.T.);
#16408 = VERTEX_POINT('',#16409);
#16409 = CARTESIAN_POINT('',(19.118506457562,29.517045202933,
    1.056591056429));
#16410 = SURFACE_CURVE('',#16411,(#16416,#16423),.PCURVE_S1.);
#16411 = CIRCLE('',#16412,2.084454841283);
#16412 = AXIS2_PLACEMENT_3D('',#16413,#16414,#16415);
#16413 = CARTESIAN_POINT('',(19.185824692672,29.266891865726,
    3.124885897222));
#16414 = DIRECTION('',(-0.507554789749,-0.857200100274,
    -8.715574274766E-02));
#16415 = DIRECTION('',(-0.860474465399,0.50949356659,6.693992815134E-17)
  );
#16416 = PCURVE('',#16316,#16417);
#16417 = DEFINITIONAL_REPRESENTATION('',(#16418),#16422);
#16418 = CIRCLE('',#16419,2.084454841283);
#16419 = AXIS2_PLACEMENT_2D('',#16420,#16421);
#16420 = CARTESIAN_POINT('',(-0.421415633938,-1.008724398099));
#16421 = DIRECTION('',(1.,-1.327487488097E-16));
#16422 = ( GEOMETRIC_REPRESENTATION_CONTEXT(2) 
PARAMETRIC_REPRESENTATION_CONTEXT() REPRESENTATION_CONTEXT('2D SPACE',''
  ) );
#16423 = PCURVE('',#16289,#16424);
#16424 = DEFINITIONAL_REPRESENTATION('',(#16425),#16428);
#16425 = B_SPLINE_CURVE_WITH_KNOTS('',1,(#16426,#16427),.UNSPECIFIED.,
  .F.,.F.,(2,2),(1.376015328947,1.481745525739),
  .PIECEWISE_BEZIER_KNOTS.);
#16426 = CARTESIAN_POINT('',(1.834139780934,0.122391008054));
#16427 = CARTESIAN_POINT('',(1.736755501236,0.163719756875));
#16428 = ( GEOMETRIC_REPRESENTATION_CONTEXT(2) 
PARAMETRIC_REPRESENTATION_CONTEXT() REPRESENTATION_CONTEXT('2D SPACE',''
  ) );
#16429 = ORIENTED_EDGE('',*,*,#16430,.F.);
#16430 = EDGE_CURVE('',#16431,#16408,#16433,.T.);
#16431 = VERTEX_POINT('',#16432);
#16432 = CARTESIAN_POINT('',(19.10426508845,29.417355619149,2.12));
#16433 = SURFACE_CURVE('',#16434,(#16438,#16445),.PCURVE_S1.);
#16434 = LINE('',#16435,#16436);
#16435 = CARTESIAN_POINT('',(19.10426508845,29.417355619149,2.12));
#16436 = VECTOR('',#16437,1.);
#16437 = DIRECTION('',(1.333253826937E-02,9.332776788556E-02,
    -0.995546167269));
#16438 = PCURVE('',#16316,#16439);
#16439 = DEFINITIONAL_REPRESENTATION('',(#16440),#16444);
#16440 = LINE('',#16441,#16442);
#16441 = CARTESIAN_POINT('',(-0.274575362722,4.362282397434E-16));
#16442 = VECTOR('',#16443,1.);
#16443 = DIRECTION('',(3.607758858216E-02,0.999348991895));
#16444 = ( GEOMETRIC_REPRESENTATION_CONTEXT(2) 
PARAMETRIC_REPRESENTATION_CONTEXT() REPRESENTATION_CONTEXT('2D SPACE',''
  ) );
#16445 = PCURVE('',#16446,#16451);
#16446 = PLANE('',#16447);
#16447 = AXIS2_PLACEMENT_3D('',#16448,#16449,#16450);
#16448 = CARTESIAN_POINT('',(19.10426508845,29.417355619149,2.12));
#16449 = DIRECTION('',(0.247236570082,-0.965027437392,
    -8.715574274766E-02));
#16450 = DIRECTION('',(-0.968713685428,-0.248180973615,
    -1.034442923222E-16));
#16451 = DEFINITIONAL_REPRESENTATION('',(#16452),#16456);
#16452 = LINE('',#16453,#16454);
#16453 = CARTESIAN_POINT('',(-0.,0.));
#16454 = VECTOR('',#16455,1.);
#16455 = DIRECTION('',(-3.607758858216E-02,0.999348991895));
#16456 = ( GEOMETRIC_REPRESENTATION_CONTEXT(2) 
PARAMETRIC_REPRESENTATION_CONTEXT() REPRESENTATION_CONTEXT('2D SPACE',''
  ) );
#16457 = ORIENTED_EDGE('',*,*,#16458,.F.);
#16458 = EDGE_CURVE('',#16301,#16431,#16459,.T.);
#16459 = SURFACE_CURVE('',#16460,(#16464,#16471),.PCURVE_S1.);
#16460 = LINE('',#16461,#16462);
#16461 = CARTESIAN_POINT('',(18.868,29.55725,2.12));
#16462 = VECTOR('',#16463,1.);
#16463 = DIRECTION('',(0.860474465399,-0.50949356659,9.194963395354E-17)
  );
#16464 = PCURVE('',#16316,#16465);
#16465 = DEFINITIONAL_REPRESENTATION('',(#16466),#16470);
#16466 = LINE('',#16467,#16468);
#16467 = CARTESIAN_POINT('',(0.,0.));
#16468 = VECTOR('',#16469,1.);
#16469 = DIRECTION('',(-1.,-4.640942888767E-17));
#16470 = ( GEOMETRIC_REPRESENTATION_CONTEXT(2) 
PARAMETRIC_REPRESENTATION_CONTEXT() REPRESENTATION_CONTEXT('2D SPACE',''
  ) );
#16471 = PCURVE('',#16344,#16472);
#16472 = DEFINITIONAL_REPRESENTATION('',(#16473),#16477);
#16473 = LINE('',#16474,#16475);
#16474 = CARTESIAN_POINT('',(-0.16625,-0.525));
#16475 = VECTOR('',#16476,1.);
#16476 = DIRECTION('',(-0.382683432365,0.923879532511));
#16477 = ( GEOMETRIC_REPRESENTATION_CONTEXT(2) 
PARAMETRIC_REPRESENTATION_CONTEXT() REPRESENTATION_CONTEXT('2D SPACE',''
  ) );
#16478 = ORIENTED_EDGE('',*,*,#16300,.T.);
#16479 = ADVANCED_FACE('',(#16480),#16446,.T.);
#16480 = FACE_BOUND('',#16481,.T.);
#16481 = EDGE_LOOP('',(#16482,#16505,#16533,#16554));
#16482 = ORIENTED_EDGE('',*,*,#16483,.T.);
#16483 = EDGE_CURVE('',#16408,#16484,#16486,.T.);
#16484 = VERTEX_POINT('',#16485);
#16485 = CARTESIAN_POINT('',(19.330430312643,29.5685360833,
    1.087629914388));
#16486 = SURFACE_CURVE('',#16487,(#16492,#16499),.PCURVE_S1.);
#16487 = CIRCLE('',#16488,2.084454841283);
#16488 = AXIS2_PLACEMENT_3D('',#16489,#16490,#16491);
#16489 = CARTESIAN_POINT('',(18.983838017438,29.295747105045,
    3.124885897222));
#16490 = DIRECTION('',(0.247236570082,-0.965027437392,
    -8.715574274766E-02));
#16491 = DIRECTION('',(-0.968713685428,-0.248180973615,
    -9.303595146637E-17));
#16492 = PCURVE('',#16446,#16493);
#16493 = DEFINITIONAL_REPRESENTATION('',(#16494),#16498);
#16494 = CIRCLE('',#16495,2.084454841283);
#16495 = AXIS2_PLACEMENT_2D('',#16496,#16497);
#16496 = CARTESIAN_POINT('',(0.146840271216,-1.008724398099));
#16497 = DIRECTION('',(1.,-1.291341613712E-17));
#16498 = ( GEOMETRIC_REPRESENTATION_CONTEXT(2) 
PARAMETRIC_REPRESENTATION_CONTEXT() REPRESENTATION_CONTEXT('2D SPACE',''
  ) );
#16499 = PCURVE('',#16289,#16500);
#16500 = DEFINITIONAL_REPRESENTATION('',(#16501),#16504);
#16501 = B_SPLINE_CURVE_WITH_KNOTS('',1,(#16502,#16503),.UNSPECIFIED.,
  .F.,.F.,(2,2),(1.659847127851,1.765577324643),
  .PIECEWISE_BEZIER_KNOTS.);
#16502 = CARTESIAN_POINT('',(1.736755501236,0.163719756875));
#16503 = CARTESIAN_POINT('',(1.697511579226,0.261327239649));
#16504 = ( GEOMETRIC_REPRESENTATION_CONTEXT(2) 
PARAMETRIC_REPRESENTATION_CONTEXT() REPRESENTATION_CONTEXT('2D SPACE',''
  ) );
#16505 = ORIENTED_EDGE('',*,*,#16506,.F.);
#16506 = EDGE_CURVE('',#16507,#16484,#16509,.T.);
#16507 = VERTEX_POINT('',#16508);
#16508 = CARTESIAN_POINT('',(19.37025,29.4855,2.12));
#16509 = SURFACE_CURVE('',#16510,(#16514,#16521),.PCURVE_S1.);
#16510 = LINE('',#16511,#16512);
#16511 = CARTESIAN_POINT('',(19.371290032363,29.483331218183,
    2.146964006264));
#16512 = VECTOR('',#16513,1.);
#16513 = DIRECTION('',(-3.841858864757E-02,8.011436901987E-02,
    -0.996045029064));
#16514 = PCURVE('',#16446,#16515);
#16515 = DEFINITIONAL_REPRESENTATION('',(#16516),#16520);
#16516 = LINE('',#16517,#16518);
#16517 = CARTESIAN_POINT('',(-0.275044605922,-2.706700438723E-02));
#16518 = VECTOR('',#16519,1.);
#16519 = DIRECTION('',(1.733375049386E-02,0.999849759261));
#16520 = ( GEOMETRIC_REPRESENTATION_CONTEXT(2) 
PARAMETRIC_REPRESENTATION_CONTEXT() REPRESENTATION_CONTEXT('2D SPACE',''
  ) );
#16521 = PCURVE('',#16522,#16527);
#16522 = PLANE('',#16523);
#16523 = AXIS2_PLACEMENT_3D('',#16524,#16525,#16526);
#16524 = CARTESIAN_POINT('',(18.120845997116,28.548446997837,2.12));
#16525 = DIRECTION('',(0.597716818855,-0.796955758473,
    -8.715574274766E-02));
#16526 = DIRECTION('',(-5.229344564859E-02,6.972459419813E-02,
    -0.996194698092));
#16527 = DEFINITIONAL_REPRESENTATION('',(#16528),#16532);
#16528 = LINE('',#16529,#16530);
#16529 = CARTESIAN_POINT('',(-2.706700438722E-02,1.561285760405));
#16530 = VECTOR('',#16531,1.);
#16531 = DIRECTION('',(0.999849759261,1.733375049386E-02));
#16532 = ( GEOMETRIC_REPRESENTATION_CONTEXT(2) 
PARAMETRIC_REPRESENTATION_CONTEXT() REPRESENTATION_CONTEXT('2D SPACE',''
  ) );
#16533 = ORIENTED_EDGE('',*,*,#16534,.F.);
#16534 = EDGE_CURVE('',#16431,#16507,#16535,.T.);
#16535 = SURFACE_CURVE('',#16536,(#16540,#16547),.PCURVE_S1.);
#16536 = LINE('',#16537,#16538);
#16537 = CARTESIAN_POINT('',(19.10426508845,29.417355619149,2.12));
#16538 = VECTOR('',#16539,1.);
#16539 = DIRECTION('',(0.968713685428,0.248180973615,1.684358755108E-17)
  );
#16540 = PCURVE('',#16446,#16541);
#16541 = DEFINITIONAL_REPRESENTATION('',(#16542),#16546);
#16542 = LINE('',#16543,#16544);
#16543 = CARTESIAN_POINT('',(-0.,0.));
#16544 = VECTOR('',#16545,1.);
#16545 = DIRECTION('',(-1.,4.243852968868E-17));
#16546 = ( GEOMETRIC_REPRESENTATION_CONTEXT(2) 
PARAMETRIC_REPRESENTATION_CONTEXT() REPRESENTATION_CONTEXT('2D SPACE',''
  ) );
#16547 = PCURVE('',#16344,#16548);
#16548 = DEFINITIONAL_REPRESENTATION('',(#16549),#16553);
#16549 = LINE('',#16550,#16551);
#16550 = CARTESIAN_POINT('',(-0.271325442249,-0.271325442249));
#16551 = VECTOR('',#16552,1.);
#16552 = DIRECTION('',(-0.923879532511,0.382683432365));
#16553 = ( GEOMETRIC_REPRESENTATION_CONTEXT(2) 
PARAMETRIC_REPRESENTATION_CONTEXT() REPRESENTATION_CONTEXT('2D SPACE',''
  ) );
#16554 = ORIENTED_EDGE('',*,*,#16430,.T.);
#16555 = ADVANCED_FACE('',(#16556),#16522,.T.);
#16556 = FACE_BOUND('',#16557,.T.);
#16557 = EDGE_LOOP('',(#16558,#16581,#16631,#16652));
#16558 = ORIENTED_EDGE('',*,*,#16559,.T.);
#16559 = EDGE_CURVE('',#16484,#16560,#16562,.T.);
#16560 = VERTEX_POINT('',#16561);
#16561 = CARTESIAN_POINT('',(19.838717293388,29.919449558677,
    1.364710477384));
#16562 = SURFACE_CURVE('',#16563,(#16568,#16575),.PCURVE_S1.);
#16563 = CIRCLE('',#16564,2.100036658522);
#16564 = AXIS2_PLACEMENT_3D('',#16565,#16566,#16567);
#16565 = CARTESIAN_POINT('',(19.002141675136,29.101311099819,
    3.108540934802));
#16566 = DIRECTION('',(0.597716818855,-0.796955758473,
    -8.715574274766E-02));
#16567 = DIRECTION('',(0.8,0.6,-5.403427422497E-16));
#16568 = PCURVE('',#16522,#16569);
#16569 = DEFINITIONAL_REPRESENTATION('',(#16570),#16574);
#16570 = CIRCLE('',#16571,2.100036658522);
#16571 = AXIS2_PLACEMENT_2D('',#16572,#16573);
#16572 = CARTESIAN_POINT('',(-0.992317000577,1.036755003605));
#16573 = DIRECTION('',(-4.289487142365E-17,1.));
#16574 = ( GEOMETRIC_REPRESENTATION_CONTEXT(2) 
PARAMETRIC_REPRESENTATION_CONTEXT() REPRESENTATION_CONTEXT('2D SPACE',''
  ) );
#16575 = PCURVE('',#16289,#16576);
#16576 = DEFINITIONAL_REPRESENTATION('',(#16577),#16580);
#16577 = B_SPLINE_CURVE_WITH_KNOTS('',1,(#16578,#16579),.UNSPECIFIED.,
  .F.,.F.,(2,2),(4.973910543569,5.297677228565),
  .PIECEWISE_BEZIER_KNOTS.);
#16578 = CARTESIAN_POINT('',(1.697511579226,0.261327239649));
#16579 = CARTESIAN_POINT('',(1.70377154321,0.58480713241));
#16580 = ( GEOMETRIC_REPRESENTATION_CONTEXT(2) 
PARAMETRIC_REPRESENTATION_CONTEXT() REPRESENTATION_CONTEXT('2D SPACE',''
  ) );
#16581 = ORIENTED_EDGE('',*,*,#16582,.F.);
#16582 = EDGE_CURVE('',#16583,#16560,#16585,.T.);
#16583 = VERTEX_POINT('',#16584);
#16584 = CARTESIAN_POINT('',(19.779654002884,29.792553002163,2.12));
#16585 = SURFACE_CURVE('',#16586,(#16590,#16597),.PCURVE_S1.);
#16586 = ( BOUNDED_CURVE() B_SPLINE_CURVE(2,(#16587,#16588,#16589),
.UNSPECIFIED.,.F.,.F.) B_SPLINE_CURVE_WITH_KNOTS((3,3),(-0.190763574858,
-0.113385740891),.PIECEWISE_BEZIER_KNOTS.) CURVE() 
GEOMETRIC_REPRESENTATION_ITEM() RATIONAL_B_SPLINE_CURVE((1.010513257796,
1.01183860225,1.010359035033)) REPRESENTATION_ITEM('') );
#16587 = CARTESIAN_POINT('',(19.779654002884,29.792553002163,2.12));
#16588 = CARTESIAN_POINT('',(19.807864728029,29.852691005984,
    1.7635656151));
#16589 = CARTESIAN_POINT('',(19.838717293388,29.919449558677,
    1.364710477386));
#16590 = PCURVE('',#16522,#16591);
#16591 = DEFINITIONAL_REPRESENTATION('',(#16592),#16596);
#16592 = ( BOUNDED_CURVE() B_SPLINE_CURVE(2,(#16593,#16594,#16595),
.UNSPECIFIED.,.F.,.F.) B_SPLINE_CURVE_WITH_KNOTS((3,3),(-0.190763574858,
-0.113385740891),.PIECEWISE_BEZIER_KNOTS.) CURVE() 
GEOMETRIC_REPRESENTATION_ITEM() RATIONAL_B_SPLINE_CURVE((1.010513257796,
1.01183860225,1.010359035033)) REPRESENTATION_ITEM('') );
#16593 = CARTESIAN_POINT('',(-2.493560913308E-13,2.07351000721));
#16594 = CARTESIAN_POINT('',(0.357795906345,2.132161389619));
#16595 = CARTESIAN_POINT('',(0.758174605888,2.196898573521));
#16596 = ( GEOMETRIC_REPRESENTATION_CONTEXT(2) 
PARAMETRIC_REPRESENTATION_CONTEXT() REPRESENTATION_CONTEXT('2D SPACE',''
  ) );
#16597 = PCURVE('',#16598,#16603);
#16598 = CONICAL_SURFACE('',#16599,1.05,0.174532925199);
#16599 = AXIS2_PLACEMENT_3D('',#16600,#16601,#16602);
#16600 = CARTESIAN_POINT('',(19.05,29.0375,2.12));
#16601 = DIRECTION('',(9.71445146547E-17,-1.110223024625E-16,-1.));
#16602 = DIRECTION('',(0.8,0.6,1.110223024625E-17));
#16603 = DEFINITIONAL_REPRESENTATION('',(#16604),#16630);
#16604 = B_SPLINE_CURVE_WITH_KNOTS('',3,(#16605,#16606,#16607,#16608,
    #16609,#16610,#16611,#16612,#16613,#16614,#16615,#16616,#16617,
    #16618,#16619,#16620,#16621,#16622,#16623,#16624,#16625,#16626,
    #16627,#16628,#16629),.UNSPECIFIED.,.F.,.F.,(4,1,1,1,1,1,1,1,1,1,1,1
    ,1,1,1,1,1,1,1,1,1,1,4),(-0.190763574858,-0.187246400587,
    -0.183729226316,-0.180212052045,-0.176694877773,-0.173177703502,
    -0.169660529231,-0.16614335496,-0.162626180688,-0.159109006417,
    -0.155591832146,-0.152074657874,-0.148557483603,-0.145040309332,
    -0.141523135061,-0.138005960789,-0.134488786518,-0.130971612247,
    -0.127454437976,-0.123937263704,-0.120420089433,-0.116902915162,
    -0.113385740891),.QUASI_UNIFORM_KNOTS.);
#16605 = CARTESIAN_POINT('',(-0.159002464586,-2.428628512117E-13));
#16606 = CARTESIAN_POINT('',(-0.159623888457,1.081520904051E-02));
#16607 = CARTESIAN_POINT('',(-0.160863276478,3.250002882113E-02));
#16608 = CARTESIAN_POINT('',(-0.16271206144,6.519153896687E-02));
#16609 = CARTESIAN_POINT('',(-0.164550631757,9.804840067451E-02));
#16610 = CARTESIAN_POINT('',(-0.166379068703,0.131071700048));
#16611 = CARTESIAN_POINT('',(-0.168197452811,0.164262533184));
#16612 = CARTESIAN_POINT('',(-0.170005863774,0.197622007674));
#16613 = CARTESIAN_POINT('',(-0.171804380482,0.231151242357));
#16614 = CARTESIAN_POINT('',(-0.173593081031,0.264851367542));
#16615 = CARTESIAN_POINT('',(-0.175372042727,0.298723525109));
#16616 = CARTESIAN_POINT('',(-0.177141342099,0.332768868649));
#16617 = CARTESIAN_POINT('',(-0.178901054907,0.366988563586));
#16618 = CARTESIAN_POINT('',(-0.180651256153,0.401383787317));
#16619 = CARTESIAN_POINT('',(-0.182392020086,0.435955729343));
#16620 = CARTESIAN_POINT('',(-0.184123420216,0.470705591409));
#16621 = CARTESIAN_POINT('',(-0.18584552932,0.505634587638));
#16622 = CARTESIAN_POINT('',(-0.187558419451,0.540743944682));
#16623 = CARTESIAN_POINT('',(-0.189262161946,0.57603490185));
#16624 = CARTESIAN_POINT('',(-0.190956827435,0.61150871129));
#16625 = CARTESIAN_POINT('',(-0.192642485853,0.647166638013));
#16626 = CARTESIAN_POINT('',(-0.19431920643,0.683009960505));
#16627 = CARTESIAN_POINT('',(-0.195987057777,0.71903996916));
#16628 = CARTESIAN_POINT('',(-0.197093090982,0.743185304949));
#16629 = CARTESIAN_POINT('',(-0.197644651986,0.755289522614));
#16630 = ( GEOMETRIC_REPRESENTATION_CONTEXT(2) 
PARAMETRIC_REPRESENTATION_CONTEXT() REPRESENTATION_CONTEXT('2D SPACE',''
  ) );
#16631 = ORIENTED_EDGE('',*,*,#16632,.F.);
#16632 = EDGE_CURVE('',#16507,#16583,#16633,.T.);
#16633 = SURFACE_CURVE('',#16634,(#16638,#16645),.PCURVE_S1.);
#16634 = LINE('',#16635,#16636);
#16635 = CARTESIAN_POINT('',(18.95025,29.1705,2.12));
#16636 = VECTOR('',#16637,1.);
#16637 = DIRECTION('',(0.8,0.6,-2.775557561563E-17));
#16638 = PCURVE('',#16522,#16639);
#16639 = DEFINITIONAL_REPRESENTATION('',(#16640),#16644);
#16640 = LINE('',#16641,#16642);
#16641 = CARTESIAN_POINT('',(-2.04228735704E-16,1.036755003605));
#16642 = VECTOR('',#16643,1.);
#16643 = DIRECTION('',(-6.405795239211E-17,1.));
#16644 = ( GEOMETRIC_REPRESENTATION_CONTEXT(2) 
PARAMETRIC_REPRESENTATION_CONTEXT() REPRESENTATION_CONTEXT('2D SPACE',''
  ) );
#16645 = PCURVE('',#16344,#16646);
#16646 = DEFINITIONAL_REPRESENTATION('',(#16647),#16651);
#16647 = LINE('',#16648,#16649);
#16648 = CARTESIAN_POINT('',(5.697098348634E-15,-0.16625));
#16649 = VECTOR('',#16650,1.);
#16650 = DIRECTION('',(-1.,2.6645352591E-17));
#16651 = ( GEOMETRIC_REPRESENTATION_CONTEXT(2) 
PARAMETRIC_REPRESENTATION_CONTEXT() REPRESENTATION_CONTEXT('2D SPACE',''
  ) );
#16652 = ORIENTED_EDGE('',*,*,#16506,.T.);
#16653 = ADVANCED_FACE('',(#16654),#16669,.T.);
#16654 = FACE_BOUND('',#16655,.T.);
#16655 = EDGE_LOOP('',(#16656,#16686,#16714,#16737));
#16656 = ORIENTED_EDGE('',*,*,#16657,.T.);
#16657 = EDGE_CURVE('',#16658,#16660,#16662,.T.);
#16658 = VERTEX_POINT('',#16659);
#16659 = CARTESIAN_POINT('',(17.982487581521,28.527277274777,
    1.364710477384));
#16660 = VERTEX_POINT('',#16661);
#16661 = CARTESIAN_POINT('',(18.461684872492,28.916977003187,
    1.087629914388));
#16662 = SURFACE_CURVE('',#16663,(#16668,#16680),.PCURVE_S1.);
#16663 = CIRCLE('',#16664,2.100036658522);
#16664 = AXIS2_PLACEMENT_3D('',#16665,#16666,#16667);
#16665 = CARTESIAN_POINT('',(19.002141675136,29.101311099819,
    3.108540934802));
#16666 = DIRECTION('',(0.597716818855,-0.796955758473,
    -8.715574274766E-02));
#16667 = DIRECTION('',(-5.22934456486E-02,6.972459419813E-02,
    -0.996194698092));
#16668 = PCURVE('',#16669,#16674);
#16669 = PLANE('',#16670);
#16670 = AXIS2_PLACEMENT_3D('',#16671,#16672,#16673);
#16671 = CARTESIAN_POINT('',(18.120845997116,28.548446997837,2.12));
#16672 = DIRECTION('',(0.597716818855,-0.796955758473,
    -8.715574274766E-02));
#16673 = DIRECTION('',(-5.229344564859E-02,6.972459419813E-02,
    -0.996194698092));
#16674 = DEFINITIONAL_REPRESENTATION('',(#16675),#16679);
#16675 = CIRCLE('',#16676,2.100036658522);
#16676 = AXIS2_PLACEMENT_2D('',#16677,#16678);
#16677 = CARTESIAN_POINT('',(-0.992317000577,1.036755003605));
#16678 = DIRECTION('',(1.,-5.154529409352E-16));
#16679 = ( GEOMETRIC_REPRESENTATION_CONTEXT(2) 
PARAMETRIC_REPRESENTATION_CONTEXT() REPRESENTATION_CONTEXT('2D SPACE',''
  ) );
#16680 = PCURVE('',#16289,#16681);
#16681 = DEFINITIONAL_REPRESENTATION('',(#16682),#16685);
#16682 = B_SPLINE_CURVE_WITH_KNOTS('',1,(#16683,#16684),.UNSPECIFIED.,
  .F.,.F.,(2,2),(5.697897058999,6.021663743995),
  .PIECEWISE_BEZIER_KNOTS.);
#16683 = CARTESIAN_POINT('',(1.70377154321,-0.58480713241));
#16684 = CARTESIAN_POINT('',(1.697511579226,-0.261327239649));
#16685 = ( GEOMETRIC_REPRESENTATION_CONTEXT(2) 
PARAMETRIC_REPRESENTATION_CONTEXT() REPRESENTATION_CONTEXT('2D SPACE',''
  ) );
#16686 = ORIENTED_EDGE('',*,*,#16687,.F.);
#16687 = EDGE_CURVE('',#16688,#16660,#16690,.T.);
#16688 = VERTEX_POINT('',#16689);
#16689 = CARTESIAN_POINT('',(18.53025,28.8555,2.12));
#16690 = SURFACE_CURVE('',#16691,(#16695,#16702),.PCURVE_S1.);
#16691 = LINE('',#16692,#16693);
#16692 = CARTESIAN_POINT('',(18.53025,28.8555,2.12));
#16693 = VECTOR('',#16694,1.);
#16694 = DIRECTION('',(-6.615258943775E-02,5.931386842724E-02,
    -0.996045029064));
#16695 = PCURVE('',#16669,#16696);
#16696 = DEFINITIONAL_REPRESENTATION('',(#16697),#16701);
#16697 = LINE('',#16698,#16699);
#16698 = CARTESIAN_POINT('',(1.504694311791E-16,0.511755003605));
#16699 = VECTOR('',#16700,1.);
#16700 = DIRECTION('',(0.999849759261,-1.733375049386E-02));
#16701 = ( GEOMETRIC_REPRESENTATION_CONTEXT(2) 
PARAMETRIC_REPRESENTATION_CONTEXT() REPRESENTATION_CONTEXT('2D SPACE',''
  ) );
#16702 = PCURVE('',#16703,#16708);
#16703 = PLANE('',#16704);
#16704 = AXIS2_PLACEMENT_3D('',#16705,#16706,#16707);
#16705 = CARTESIAN_POINT('',(18.53025,28.8555,2.12));
#16706 = DIRECTION('',(0.857200100274,-0.507554789749,
    -8.715574274766E-02));
#16707 = DIRECTION('',(-0.50949356659,-0.860474465399,3.299311793731E-19
    ));
#16708 = DEFINITIONAL_REPRESENTATION('',(#16709),#16713);
#16709 = LINE('',#16710,#16711);
#16710 = CARTESIAN_POINT('',(0.,0.));
#16711 = VECTOR('',#16712,1.);
#16712 = DIRECTION('',(-1.733375049386E-02,0.999849759261));
#16713 = ( GEOMETRIC_REPRESENTATION_CONTEXT(2) 
PARAMETRIC_REPRESENTATION_CONTEXT() REPRESENTATION_CONTEXT('2D SPACE',''
  ) );
#16714 = ORIENTED_EDGE('',*,*,#16715,.F.);
#16715 = EDGE_CURVE('',#16716,#16688,#16718,.T.);
#16716 = VERTEX_POINT('',#16717);
#16717 = CARTESIAN_POINT('',(18.120845997116,28.548446997837,2.12));
#16718 = SURFACE_CURVE('',#16719,(#16723,#16730),.PCURVE_S1.);
#16719 = LINE('',#16720,#16721);
#16720 = CARTESIAN_POINT('',(18.120845997116,28.548446997837,2.12));
#16721 = VECTOR('',#16722,1.);
#16722 = DIRECTION('',(0.8,0.6,-2.775557561563E-17));
#16723 = PCURVE('',#16669,#16724);
#16724 = DEFINITIONAL_REPRESENTATION('',(#16725),#16729);
#16725 = LINE('',#16726,#16727);
#16726 = CARTESIAN_POINT('',(0.,0.));
#16727 = VECTOR('',#16728,1.);
#16728 = DIRECTION('',(-6.405795239211E-17,1.));
#16729 = ( GEOMETRIC_REPRESENTATION_CONTEXT(2) 
PARAMETRIC_REPRESENTATION_CONTEXT() REPRESENTATION_CONTEXT('2D SPACE',''
  ) );
#16730 = PCURVE('',#16344,#16731);
#16731 = DEFINITIONAL_REPRESENTATION('',(#16732),#16736);
#16732 = LINE('',#16733,#16734);
#16733 = CARTESIAN_POINT('',(1.036755003605,-0.16625));
#16734 = VECTOR('',#16735,1.);
#16735 = DIRECTION('',(-1.,2.6645352591E-17));
#16736 = ( GEOMETRIC_REPRESENTATION_CONTEXT(2) 
PARAMETRIC_REPRESENTATION_CONTEXT() REPRESENTATION_CONTEXT('2D SPACE',''
  ) );
#16737 = ORIENTED_EDGE('',*,*,#16738,.T.);
#16738 = EDGE_CURVE('',#16716,#16658,#16739,.T.);
#16739 = SURFACE_CURVE('',#16740,(#16744,#16751),.PCURVE_S1.);
#16740 = ( BOUNDED_CURVE() B_SPLINE_CURVE(2,(#16741,#16742,#16743),
.UNSPECIFIED.,.F.,.F.) B_SPLINE_CURVE_WITH_KNOTS((3,3),(0.117640214744,
0.195018048712),.PIECEWISE_BEZIER_KNOTS.) CURVE() 
GEOMETRIC_REPRESENTATION_ITEM() RATIONAL_B_SPLINE_CURVE((1.010513257797,
1.011838602252,1.010359035034)) REPRESENTATION_ITEM('') );
#16741 = CARTESIAN_POINT('',(18.120845997116,28.548446997837,2.12));
#16742 = CARTESIAN_POINT('',(18.055214510407,28.538203342767,
    1.7635656151));
#16743 = CARTESIAN_POINT('',(17.982487581522,28.527277274777,
    1.364710477386));
#16744 = PCURVE('',#16669,#16745);
#16745 = DEFINITIONAL_REPRESENTATION('',(#16746),#16750);
#16746 = ( BOUNDED_CURVE() B_SPLINE_CURVE(2,(#16747,#16748,#16749),
.UNSPECIFIED.,.F.,.F.) B_SPLINE_CURVE_WITH_KNOTS((3,3),(0.117640214744,
0.195018048712),.PIECEWISE_BEZIER_KNOTS.) CURVE() 
GEOMETRIC_REPRESENTATION_ITEM() RATIONAL_B_SPLINE_CURVE((1.010513257797,
1.011838602252,1.010359035034)) REPRESENTATION_ITEM('') );
#16747 = CARTESIAN_POINT('',(-2.595701431574E-13,0.));
#16748 = CARTESIAN_POINT('',(0.357795906345,-5.865138240872E-02));
#16749 = CARTESIAN_POINT('',(0.758174605888,-0.123388566311));
#16750 = ( GEOMETRIC_REPRESENTATION_CONTEXT(2) 
PARAMETRIC_REPRESENTATION_CONTEXT() REPRESENTATION_CONTEXT('2D SPACE',''
  ) );
#16751 = PCURVE('',#16752,#16757);
#16752 = CONICAL_SURFACE('',#16753,1.05,0.174532925199);
#16753 = AXIS2_PLACEMENT_3D('',#16754,#16755,#16756);
#16754 = CARTESIAN_POINT('',(19.05,29.0375,2.12));
#16755 = DIRECTION('',(9.71445146547E-17,-1.110223024625E-16,-1.));
#16756 = DIRECTION('',(-0.8,-0.6,-1.110223024625E-17));
#16757 = DEFINITIONAL_REPRESENTATION('',(#16758),#16784);
#16758 = B_SPLINE_CURVE_WITH_KNOTS('',3,(#16759,#16760,#16761,#16762,
    #16763,#16764,#16765,#16766,#16767,#16768,#16769,#16770,#16771,
    #16772,#16773,#16774,#16775,#16776,#16777,#16778,#16779,#16780,
    #16781,#16782,#16783),.UNSPECIFIED.,.F.,.F.,(4,1,1,1,1,1,1,1,1,1,1,1
    ,1,1,1,1,1,1,1,1,1,1,4),(0.117640214744,0.121157389015,
    0.124674563286,0.128191737558,0.131708911829,0.1352260861,
    0.138743260371,0.142260434643,0.145777608914,0.149294783185,
    0.152811957456,0.156329131728,0.159846305999,0.16336348027,
    0.166880654541,0.170397828813,0.173915003084,0.177432177355,
    0.180949351627,0.184466525898,0.187983700169,0.19150087444,
    0.195018048712),.QUASI_UNIFORM_KNOTS.);
#16759 = CARTESIAN_POINT('',(6.442187771765,-2.513259808654E-13));
#16760 = CARTESIAN_POINT('',(6.442809195637,1.081520904051E-02));
#16761 = CARTESIAN_POINT('',(6.444048583657,3.250002882113E-02));
#16762 = CARTESIAN_POINT('',(6.445897368619,6.519153896688E-02));
#16763 = CARTESIAN_POINT('',(6.447735938936,9.804840067452E-02));
#16764 = CARTESIAN_POINT('',(6.449564375883,0.131071700048));
#16765 = CARTESIAN_POINT('',(6.451382759991,0.164262533184));
#16766 = CARTESIAN_POINT('',(6.453191170953,0.197622007674));
#16767 = CARTESIAN_POINT('',(6.454989687662,0.231151242357));
#16768 = CARTESIAN_POINT('',(6.456778388211,0.264851367542));
#16769 = CARTESIAN_POINT('',(6.458557349907,0.298723525109));
#16770 = CARTESIAN_POINT('',(6.460326649279,0.332768868649));
#16771 = CARTESIAN_POINT('',(6.462086362087,0.366988563586));
#16772 = CARTESIAN_POINT('',(6.463836563332,0.401383787317));
#16773 = CARTESIAN_POINT('',(6.465577327266,0.435955729343));
#16774 = CARTESIAN_POINT('',(6.467308727396,0.470705591409));
#16775 = CARTESIAN_POINT('',(6.4690308365,0.505634587638));
#16776 = CARTESIAN_POINT('',(6.470743726631,0.540743944682));
#16777 = CARTESIAN_POINT('',(6.472447469125,0.57603490185));
#16778 = CARTESIAN_POINT('',(6.474142134614,0.61150871129));
#16779 = CARTESIAN_POINT('',(6.475827793033,0.647166638013));
#16780 = CARTESIAN_POINT('',(6.477504513609,0.683009960505));
#16781 = CARTESIAN_POINT('',(6.479172364957,0.71903996916));
#16782 = CARTESIAN_POINT('',(6.480278398161,0.743185304949));
#16783 = CARTESIAN_POINT('',(6.480829959166,0.755289522614));
#16784 = ( GEOMETRIC_REPRESENTATION_CONTEXT(2) 
PARAMETRIC_REPRESENTATION_CONTEXT() REPRESENTATION_CONTEXT('2D SPACE',''
  ) );
#16785 = ADVANCED_FACE('',(#16786),#16703,.T.);
#16786 = FACE_BOUND('',#16787,.T.);
#16787 = EDGE_LOOP('',(#16788,#16811,#16839,#16860));
#16788 = ORIENTED_EDGE('',*,*,#16789,.T.);
#16789 = EDGE_CURVE('',#16660,#16790,#16792,.T.);
#16790 = VERTEX_POINT('',#16791);
#16791 = CARTESIAN_POINT('',(18.570454797067,29.106006457562,
    1.056591056429));
#16792 = SURFACE_CURVE('',#16793,(#16798,#16805),.PCURVE_S1.);
#16793 = CIRCLE('',#16794,2.084454841283);
#16794 = AXIS2_PLACEMENT_3D('',#16795,#16796,#16797);
#16795 = CARTESIAN_POINT('',(18.820608134274,29.173324692672,
    3.124885897222));
#16796 = DIRECTION('',(0.857200100274,-0.507554789749,
    -8.715574274766E-02));
#16797 = DIRECTION('',(-0.50949356659,-0.860474465399,
    -5.518400047996E-17));
#16798 = PCURVE('',#16703,#16799);
#16799 = DEFINITIONAL_REPRESENTATION('',(#16800),#16804);
#16800 = CIRCLE('',#16801,2.084454841283);
#16801 = AXIS2_PLACEMENT_2D('',#16802,#16803);
#16802 = CARTESIAN_POINT('',(-0.421415633938,-1.008724398099));
#16803 = DIRECTION('',(1.,5.49692432282E-17));
#16804 = ( GEOMETRIC_REPRESENTATION_CONTEXT(2) 
PARAMETRIC_REPRESENTATION_CONTEXT() REPRESENTATION_CONTEXT('2D SPACE',''
  ) );
#16805 = PCURVE('',#16289,#16806);
#16806 = DEFINITIONAL_REPRESENTATION('',(#16807),#16810);
#16807 = B_SPLINE_CURVE_WITH_KNOTS('',1,(#16808,#16809),.UNSPECIFIED.,
  .F.,.F.,(2,2),(1.376015328947,1.481745525739),
  .PIECEWISE_BEZIER_KNOTS.);
#16808 = CARTESIAN_POINT('',(1.697511579226,-0.261327239649));
#16809 = CARTESIAN_POINT('',(1.736755501236,-0.163719756875));
#16810 = ( GEOMETRIC_REPRESENTATION_CONTEXT(2) 
PARAMETRIC_REPRESENTATION_CONTEXT() REPRESENTATION_CONTEXT('2D SPACE',''
  ) );
#16811 = ORIENTED_EDGE('',*,*,#16812,.F.);
#16812 = EDGE_CURVE('',#16813,#16790,#16815,.T.);
#16813 = VERTEX_POINT('',#16814);
#16814 = CARTESIAN_POINT('',(18.670144380851,29.09176508845,2.12));
#16815 = SURFACE_CURVE('',#16816,(#16820,#16827),.PCURVE_S1.);
#16816 = LINE('',#16817,#16818);
#16817 = CARTESIAN_POINT('',(18.670144380851,29.09176508845,2.12));
#16818 = VECTOR('',#16819,1.);
#16819 = DIRECTION('',(-9.332776788557E-02,1.333253826937E-02,
    -0.995546167269));
#16820 = PCURVE('',#16703,#16821);
#16821 = DEFINITIONAL_REPRESENTATION('',(#16822),#16826);
#16822 = LINE('',#16823,#16824);
#16823 = CARTESIAN_POINT('',(-0.274575362722,-2.289426210056E-15));
#16824 = VECTOR('',#16825,1.);
#16825 = DIRECTION('',(3.607758858216E-02,0.999348991895));
#16826 = ( GEOMETRIC_REPRESENTATION_CONTEXT(2) 
PARAMETRIC_REPRESENTATION_CONTEXT() REPRESENTATION_CONTEXT('2D SPACE',''
  ) );
#16827 = PCURVE('',#16828,#16833);
#16828 = PLANE('',#16829);
#16829 = AXIS2_PLACEMENT_3D('',#16830,#16831,#16832);
#16830 = CARTESIAN_POINT('',(18.670144380851,29.09176508845,2.12));
#16831 = DIRECTION('',(0.965027437392,0.247236570082,-8.715574274766E-02
    ));
#16832 = DIRECTION('',(0.248180973615,-0.968713685428,1.55509223225E-17)
  );
#16833 = DEFINITIONAL_REPRESENTATION('',(#16834),#16838);
#16834 = LINE('',#16835,#16836);
#16835 = CARTESIAN_POINT('',(0.,-0.));
#16836 = VECTOR('',#16837,1.);
#16837 = DIRECTION('',(-3.607758858216E-02,0.999348991895));
#16838 = ( GEOMETRIC_REPRESENTATION_CONTEXT(2) 
PARAMETRIC_REPRESENTATION_CONTEXT() REPRESENTATION_CONTEXT('2D SPACE',''
  ) );
#16839 = ORIENTED_EDGE('',*,*,#16840,.F.);
#16840 = EDGE_CURVE('',#16688,#16813,#16841,.T.);
#16841 = SURFACE_CURVE('',#16842,(#16846,#16853),.PCURVE_S1.);
#16842 = LINE('',#16843,#16844);
#16843 = CARTESIAN_POINT('',(18.53025,28.8555,2.12));
#16844 = VECTOR('',#16845,1.);
#16845 = DIRECTION('',(0.50949356659,0.860474465399,-6.812920399978E-17)
  );
#16846 = PCURVE('',#16703,#16847);
#16847 = DEFINITIONAL_REPRESENTATION('',(#16848),#16852);
#16848 = LINE('',#16849,#16850);
#16849 = CARTESIAN_POINT('',(0.,0.));
#16850 = VECTOR('',#16851,1.);
#16851 = DIRECTION('',(-1.,-1.417618414914E-17));
#16852 = ( GEOMETRIC_REPRESENTATION_CONTEXT(2) 
PARAMETRIC_REPRESENTATION_CONTEXT() REPRESENTATION_CONTEXT('2D SPACE',''
  ) );
#16853 = PCURVE('',#16344,#16854);
#16854 = DEFINITIONAL_REPRESENTATION('',(#16855),#16859);
#16855 = LINE('',#16856,#16857);
#16856 = CARTESIAN_POINT('',(0.525,-0.16625));
#16857 = VECTOR('',#16858,1.);
#16858 = DIRECTION('',(-0.923879532511,-0.382683432365));
#16859 = ( GEOMETRIC_REPRESENTATION_CONTEXT(2) 
PARAMETRIC_REPRESENTATION_CONTEXT() REPRESENTATION_CONTEXT('2D SPACE',''
  ) );
#16860 = ORIENTED_EDGE('',*,*,#16687,.T.);
#16861 = ADVANCED_FACE('',(#16862),#16828,.T.);
#16862 = FACE_BOUND('',#16863,.T.);
#16863 = EDGE_LOOP('',(#16864,#16887,#16915,#16936));
#16864 = ORIENTED_EDGE('',*,*,#16865,.T.);
#16865 = EDGE_CURVE('',#16790,#16866,#16868,.T.);
#16866 = VERTEX_POINT('',#16867);
#16867 = CARTESIAN_POINT('',(18.5189639167,29.317930312643,
    1.087629914388));
#16868 = SURFACE_CURVE('',#16869,(#16874,#16881),.PCURVE_S1.);
#16869 = CIRCLE('',#16870,2.084454841283);
#16870 = AXIS2_PLACEMENT_3D('',#16871,#16872,#16873);
#16871 = CARTESIAN_POINT('',(18.791752894955,28.971338017438,
    3.124885897222));
#16872 = DIRECTION('',(0.965027437392,0.247236570082,-8.715574274766E-02
    ));
#16873 = DIRECTION('',(0.248180973615,-0.968713685428,3.651372655927E-16
    ));
#16874 = PCURVE('',#16828,#16875);
#16875 = DEFINITIONAL_REPRESENTATION('',(#16876),#16880);
#16876 = CIRCLE('',#16877,2.084454841283);
#16877 = AXIS2_PLACEMENT_2D('',#16878,#16879);
#16878 = CARTESIAN_POINT('',(0.146840271216,-1.008724398099));
#16879 = DIRECTION('',(1.,-2.698093015223E-16));
#16880 = ( GEOMETRIC_REPRESENTATION_CONTEXT(2) 
PARAMETRIC_REPRESENTATION_CONTEXT() REPRESENTATION_CONTEXT('2D SPACE',''
  ) );
#16881 = PCURVE('',#16289,#16882);
#16882 = DEFINITIONAL_REPRESENTATION('',(#16883),#16886);
#16883 = B_SPLINE_CURVE_WITH_KNOTS('',1,(#16884,#16885),.UNSPECIFIED.,
  .F.,.F.,(2,2),(1.659847127851,1.765577324643),
  .PIECEWISE_BEZIER_KNOTS.);
#16884 = CARTESIAN_POINT('',(1.736755501236,-0.163719756875));
#16885 = CARTESIAN_POINT('',(1.834139780934,-0.122391008053));
#16886 = ( GEOMETRIC_REPRESENTATION_CONTEXT(2) 
PARAMETRIC_REPRESENTATION_CONTEXT() REPRESENTATION_CONTEXT('2D SPACE',''
  ) );
#16887 = ORIENTED_EDGE('',*,*,#16888,.F.);
#16888 = EDGE_CURVE('',#16889,#16866,#16891,.T.);
#16889 = VERTEX_POINT('',#16890);
#16890 = CARTESIAN_POINT('',(18.602,29.35775,2.12));
#16891 = SURFACE_CURVE('',#16892,(#16896,#16903),.PCURVE_S1.);
#16892 = LINE('',#16893,#16894);
#16893 = CARTESIAN_POINT('',(18.604168781817,29.358790032363,
    2.146964006264));
#16894 = VECTOR('',#16895,1.);
#16895 = DIRECTION('',(-8.011436901987E-02,-3.841858864758E-02,
    -0.996045029064));
#16896 = PCURVE('',#16828,#16897);
#16897 = DEFINITIONAL_REPRESENTATION('',(#16898),#16902);
#16898 = LINE('',#16899,#16900);
#16899 = CARTESIAN_POINT('',(-0.275044605922,-2.706700438722E-02));
#16900 = VECTOR('',#16901,1.);
#16901 = DIRECTION('',(1.733375049386E-02,0.999849759261));
#16902 = ( GEOMETRIC_REPRESENTATION_CONTEXT(2) 
PARAMETRIC_REPRESENTATION_CONTEXT() REPRESENTATION_CONTEXT('2D SPACE',''
  ) );
#16903 = PCURVE('',#16904,#16909);
#16904 = PLANE('',#16905);
#16905 = AXIS2_PLACEMENT_3D('',#16906,#16907,#16908);
#16906 = CARTESIAN_POINT('',(19.539053002163,28.108345997116,2.12));
#16907 = DIRECTION('',(0.796955758473,0.597716818855,-8.715574274766E-02
    ));
#16908 = DIRECTION('',(6.972459419813E-02,5.22934456486E-02,
    0.996194698092));
#16909 = DEFINITIONAL_REPRESENTATION('',(#16910),#16914);
#16910 = LINE('',#16911,#16912);
#16911 = CARTESIAN_POINT('',(2.706700438722E-02,-1.561285760405));
#16912 = VECTOR('',#16913,1.);
#16913 = DIRECTION('',(-0.999849759261,-1.733375049386E-02));
#16914 = ( GEOMETRIC_REPRESENTATION_CONTEXT(2) 
PARAMETRIC_REPRESENTATION_CONTEXT() REPRESENTATION_CONTEXT('2D SPACE',''
  ) );
#16915 = ORIENTED_EDGE('',*,*,#16916,.F.);
#16916 = EDGE_CURVE('',#16813,#16889,#16917,.T.);
#16917 = SURFACE_CURVE('',#16918,(#16922,#16929),.PCURVE_S1.);
#16918 = LINE('',#16919,#16920);
#16919 = CARTESIAN_POINT('',(18.670144380851,29.09176508845,2.12));
#16920 = VECTOR('',#16921,1.);
#16921 = DIRECTION('',(-0.248180973615,0.968713685428,
    -1.131928318413E-16));
#16922 = PCURVE('',#16828,#16923);
#16923 = DEFINITIONAL_REPRESENTATION('',(#16924),#16928);
#16924 = LINE('',#16925,#16926);
#16925 = CARTESIAN_POINT('',(0.,-0.));
#16926 = VECTOR('',#16927,1.);
#16927 = DIRECTION('',(-1.,5.363733284759E-17));
#16928 = ( GEOMETRIC_REPRESENTATION_CONTEXT(2) 
PARAMETRIC_REPRESENTATION_CONTEXT() REPRESENTATION_CONTEXT('2D SPACE',''
  ) );
#16929 = PCURVE('',#16344,#16930);
#16930 = DEFINITIONAL_REPRESENTATION('',(#16931),#16935);
#16931 = LINE('',#16932,#16933);
#16932 = CARTESIAN_POINT('',(0.271325442249,-0.271325442249));
#16933 = VECTOR('',#16934,1.);
#16934 = DIRECTION('',(-0.382683432365,-0.923879532511));
#16935 = ( GEOMETRIC_REPRESENTATION_CONTEXT(2) 
PARAMETRIC_REPRESENTATION_CONTEXT() REPRESENTATION_CONTEXT('2D SPACE',''
  ) );
#16936 = ORIENTED_EDGE('',*,*,#16812,.T.);
#16937 = ADVANCED_FACE('',(#16938),#16904,.T.);
#16938 = FACE_BOUND('',#16939,.T.);
#16939 = EDGE_LOOP('',(#16940,#16963,#17008,#17029));
#16940 = ORIENTED_EDGE('',*,*,#16941,.T.);
#16941 = EDGE_CURVE('',#16866,#16942,#16944,.T.);
#16942 = VERTEX_POINT('',#16943);
#16943 = CARTESIAN_POINT('',(18.168050441323,29.826217293388,
    1.364710477384));
#16944 = SURFACE_CURVE('',#16945,(#16950,#16957),.PCURVE_S1.);
#16945 = CIRCLE('',#16946,2.100036658522);
#16946 = AXIS2_PLACEMENT_3D('',#16947,#16948,#16949);
#16947 = CARTESIAN_POINT('',(18.986188900181,28.989641675136,
    3.108540934802));
#16948 = DIRECTION('',(0.796955758473,0.597716818855,-8.715574274766E-02
    ));
#16949 = DIRECTION('',(-0.6,0.8,-1.455021780015E-16));
#16950 = PCURVE('',#16904,#16951);
#16951 = DEFINITIONAL_REPRESENTATION('',(#16952),#16956);
#16952 = CIRCLE('',#16953,2.100036658522);
#16953 = AXIS2_PLACEMENT_2D('',#16954,#16955);
#16954 = CARTESIAN_POINT('',(0.992317000577,-1.036755003605));
#16955 = DIRECTION('',(2.653036304949E-16,-1.));
#16956 = ( GEOMETRIC_REPRESENTATION_CONTEXT(2) 
PARAMETRIC_REPRESENTATION_CONTEXT() REPRESENTATION_CONTEXT('2D SPACE',''
  ) );
#16957 = PCURVE('',#16289,#16958);
#16958 = DEFINITIONAL_REPRESENTATION('',(#16959),#16962);
#16959 = B_SPLINE_CURVE_WITH_KNOTS('',1,(#16960,#16961),.UNSPECIFIED.,
  .F.,.F.,(2,2),(4.973910543569,5.297677228565),
  .PIECEWISE_BEZIER_KNOTS.);
#16960 = CARTESIAN_POINT('',(1.834139780934,-0.122391008054));
#16961 = CARTESIAN_POINT('',(2.159692145424,-0.110777160614));
#16962 = ( GEOMETRIC_REPRESENTATION_CONTEXT(2) 
PARAMETRIC_REPRESENTATION_CONTEXT() REPRESENTATION_CONTEXT('2D SPACE',''
  ) );
#16963 = ORIENTED_EDGE('',*,*,#16964,.F.);
#16964 = EDGE_CURVE('',#16965,#16942,#16967,.T.);
#16965 = VERTEX_POINT('',#16966);
#16966 = CARTESIAN_POINT('',(18.294946997837,29.767154002884,2.12));
#16967 = SURFACE_CURVE('',#16968,(#16972,#16979),.PCURVE_S1.);
#16968 = ( BOUNDED_CURVE() B_SPLINE_CURVE(2,(#16969,#16970,#16971),
.UNSPECIFIED.,.F.,.F.) B_SPLINE_CURVE_WITH_KNOTS((3,3),(-0.190763574858,
-0.113385740891),.PIECEWISE_BEZIER_KNOTS.) CURVE() 
GEOMETRIC_REPRESENTATION_ITEM() RATIONAL_B_SPLINE_CURVE((1.010513257797,
1.011838602251,1.010359035033)) REPRESENTATION_ITEM('') );
#16969 = CARTESIAN_POINT('',(18.294946997837,29.767154002884,2.12));
#16970 = CARTESIAN_POINT('',(18.234808994016,29.795364728029,
    1.7635656151));
#16971 = CARTESIAN_POINT('',(18.168050441323,29.826217293388,
    1.364710477386));
#16972 = PCURVE('',#16904,#16973);
#16973 = DEFINITIONAL_REPRESENTATION('',(#16974),#16978);
#16974 = ( BOUNDED_CURVE() B_SPLINE_CURVE(2,(#16975,#16976,#16977),
.UNSPECIFIED.,.F.,.F.) B_SPLINE_CURVE_WITH_KNOTS((3,3),(-0.190763574858,
-0.113385740891),.PIECEWISE_BEZIER_KNOTS.) CURVE() 
GEOMETRIC_REPRESENTATION_ITEM() RATIONAL_B_SPLINE_CURVE((1.010513257797,
1.011838602251,1.010359035033)) REPRESENTATION_ITEM('') );
#16975 = CARTESIAN_POINT('',(2.495781359357E-13,-2.07351000721));
#16976 = CARTESIAN_POINT('',(-0.357795906345,-2.132161389619));
#16977 = CARTESIAN_POINT('',(-0.758174605888,-2.196898573521));
#16978 = ( GEOMETRIC_REPRESENTATION_CONTEXT(2) 
PARAMETRIC_REPRESENTATION_CONTEXT() REPRESENTATION_CONTEXT('2D SPACE',''
  ) );
#16979 = PCURVE('',#16370,#16980);
#16980 = DEFINITIONAL_REPRESENTATION('',(#16981),#17007);
#16981 = B_SPLINE_CURVE_WITH_KNOTS('',3,(#16982,#16983,#16984,#16985,
    #16986,#16987,#16988,#16989,#16990,#16991,#16992,#16993,#16994,
    #16995,#16996,#16997,#16998,#16999,#17000,#17001,#17002,#17003,
    #17004,#17005,#17006),.UNSPECIFIED.,.F.,.F.,(4,1,1,1,1,1,1,1,1,1,1,1
    ,1,1,1,1,1,1,1,1,1,1,4),(-0.190763574858,-0.187246400587,
    -0.183729226316,-0.180212052045,-0.176694877773,-0.173177703502,
    -0.169660529231,-0.16614335496,-0.162626180688,-0.159109006417,
    -0.155591832146,-0.152074657875,-0.148557483603,-0.145040309332,
    -0.141523135061,-0.138005960789,-0.134488786518,-0.130971612247,
    -0.127454437976,-0.123937263704,-0.120420089433,-0.116902915162,
    -0.113385740891),.QUASI_UNIFORM_KNOTS.);
#16982 = CARTESIAN_POINT('',(1.411793862209,-2.423312451185E-13));
#16983 = CARTESIAN_POINT('',(1.411172438338,1.081520904052E-02));
#16984 = CARTESIAN_POINT('',(1.409933050317,3.250002882114E-02));
#16985 = CARTESIAN_POINT('',(1.408084265355,6.519153896689E-02));
#16986 = CARTESIAN_POINT('',(1.406245695038,9.804840067453E-02));
#16987 = CARTESIAN_POINT('',(1.404417258091,0.131071700048));
#16988 = CARTESIAN_POINT('',(1.402598873983,0.164262533184));
#16989 = CARTESIAN_POINT('',(1.400790463021,0.197622007674));
#16990 = CARTESIAN_POINT('',(1.398991946313,0.231151242357));
#16991 = CARTESIAN_POINT('',(1.397203245764,0.264851367542));
#16992 = CARTESIAN_POINT('',(1.395424284068,0.298723525109));
#16993 = CARTESIAN_POINT('',(1.393654984696,0.332768868649));
#16994 = CARTESIAN_POINT('',(1.391895271888,0.366988563586));
#16995 = CARTESIAN_POINT('',(1.390145070642,0.401383787317));
#16996 = CARTESIAN_POINT('',(1.388404306709,0.435955729343));
#16997 = CARTESIAN_POINT('',(1.386672906579,0.470705591409));
#16998 = CARTESIAN_POINT('',(1.384950797475,0.505634587638));
#16999 = CARTESIAN_POINT('',(1.383237907344,0.540743944682));
#17000 = CARTESIAN_POINT('',(1.381534164849,0.57603490185));
#17001 = CARTESIAN_POINT('',(1.37983949936,0.61150871129));
#17002 = CARTESIAN_POINT('',(1.378153840942,0.647166638013));
#17003 = CARTESIAN_POINT('',(1.376477120365,0.683009960505));
#17004 = CARTESIAN_POINT('',(1.374809269018,0.71903996916));
#17005 = CARTESIAN_POINT('',(1.373703235813,0.743185304949));
#17006 = CARTESIAN_POINT('',(1.373151674809,0.755289522614));
#17007 = ( GEOMETRIC_REPRESENTATION_CONTEXT(2) 
PARAMETRIC_REPRESENTATION_CONTEXT() REPRESENTATION_CONTEXT('2D SPACE',''
  ) );
#17008 = ORIENTED_EDGE('',*,*,#17009,.F.);
#17009 = EDGE_CURVE('',#16889,#16965,#17010,.T.);
#17010 = SURFACE_CURVE('',#17011,(#17015,#17022),.PCURVE_S1.);
#17011 = LINE('',#17012,#17013);
#17012 = CARTESIAN_POINT('',(18.917,28.93775,2.12));
#17013 = VECTOR('',#17014,1.);
#17014 = DIRECTION('',(-0.6,0.8,-1.471045507628E-16));
#17015 = PCURVE('',#16904,#17016);
#17016 = DEFINITIONAL_REPRESENTATION('',(#17017),#17021);
#17017 = LINE('',#17018,#17019);
#17018 = CARTESIAN_POINT('',(6.757122708542E-17,-1.036755003605));
#17019 = VECTOR('',#17020,1.);
#17020 = DIRECTION('',(1.07775751905E-16,-1.));
#17021 = ( GEOMETRIC_REPRESENTATION_CONTEXT(2) 
PARAMETRIC_REPRESENTATION_CONTEXT() REPRESENTATION_CONTEXT('2D SPACE',''
  ) );
#17022 = PCURVE('',#16344,#17023);
#17023 = DEFINITIONAL_REPRESENTATION('',(#17024),#17028);
#17024 = LINE('',#17025,#17026);
#17025 = CARTESIAN_POINT('',(0.16625,-1.40980560559E-15));
#17026 = VECTOR('',#17027,1.);
#17027 = DIRECTION('',(2.6645352591E-17,-1.));
#17028 = ( GEOMETRIC_REPRESENTATION_CONTEXT(2) 
PARAMETRIC_REPRESENTATION_CONTEXT() REPRESENTATION_CONTEXT('2D SPACE',''
  ) );
#17029 = ORIENTED_EDGE('',*,*,#16888,.T.);
#17030 = ADVANCED_FACE('',(#17031),#16370,.F.);
#17031 = FACE_BOUND('',#17032,.F.);
#17032 = EDGE_LOOP('',(#17033,#17059,#17060,#17104));
#17033 = ORIENTED_EDGE('',*,*,#17034,.T.);
#17034 = EDGE_CURVE('',#16965,#16329,#17035,.T.);
#17035 = SURFACE_CURVE('',#17036,(#17041,#17048),.PCURVE_S1.);
#17036 = CIRCLE('',#17037,1.05);
#17037 = AXIS2_PLACEMENT_3D('',#17038,#17039,#17040);
#17038 = CARTESIAN_POINT('',(19.05,29.0375,2.12));
#17039 = DIRECTION('',(6.60582699652E-17,-1.343369859796E-16,-1.));
#17040 = DIRECTION('',(-5.878884963613E-49,-1.,1.343369859796E-16));
#17041 = PCURVE('',#16370,#17042);
#17042 = DEFINITIONAL_REPRESENTATION('',(#17043),#17047);
#17043 = LINE('',#17044,#17045);
#17044 = CARTESIAN_POINT('',(-0.927295218002,6.017239971143E-15));
#17045 = VECTOR('',#17046,1.);
#17046 = DIRECTION('',(1.,-2.507537043186E-15));
#17047 = ( GEOMETRIC_REPRESENTATION_CONTEXT(2) 
PARAMETRIC_REPRESENTATION_CONTEXT() REPRESENTATION_CONTEXT('2D SPACE',''
  ) );
#17048 = PCURVE('',#16344,#17049);
#17049 = DEFINITIONAL_REPRESENTATION('',(#17050),#17058);
#17050 = ( BOUNDED_CURVE() B_SPLINE_CURVE(2,(#17051,#17052,#17053,#17054
    ,#17055,#17056,#17057),.UNSPECIFIED.,.T.,.F.) 
B_SPLINE_CURVE_WITH_KNOTS((1,2,2,2,2,1),(-2.094395102393,0.,
    2.094395102393,4.188790204786,6.28318530718,8.377580409573),
.UNSPECIFIED.) CURVE() GEOMETRIC_REPRESENTATION_ITEM() 
RATIONAL_B_SPLINE_CURVE((1.,0.5,1.,0.5,1.,0.5,1.)) REPRESENTATION_ITEM(
  '') );
#17051 = CARTESIAN_POINT('',(0.63,0.84));
#17052 = CARTESIAN_POINT('',(2.084922678358,-0.251192008768));
#17053 = CARTESIAN_POINT('',(0.412461339179,-0.965596004384));
#17054 = CARTESIAN_POINT('',(-1.26,-1.68));
#17055 = CARTESIAN_POINT('',(-1.042461339179,0.125596004384));
#17056 = CARTESIAN_POINT('',(-0.824922678358,1.931192008768));
#17057 = CARTESIAN_POINT('',(0.63,0.84));
#17058 = ( GEOMETRIC_REPRESENTATION_CONTEXT(2) 
PARAMETRIC_REPRESENTATION_CONTEXT() REPRESENTATION_CONTEXT('2D SPACE',''
  ) );
#17059 = ORIENTED_EDGE('',*,*,#16356,.T.);
#17060 = ORIENTED_EDGE('',*,*,#17061,.F.);
#17061 = EDGE_CURVE('',#16942,#16266,#17062,.T.);
#17062 = SURFACE_CURVE('',#17063,(#17068,#17075),.PCURVE_S1.);
#17063 = CIRCLE('',#17064,1.183177921084);
#17064 = AXIS2_PLACEMENT_3D('',#17065,#17066,#17067);
#17065 = CARTESIAN_POINT('',(19.05,29.0375,1.364710477384));
#17066 = DIRECTION('',(9.71445146547E-17,-1.110223024625E-16,-1.));
#17067 = DIRECTION('',(-6.842277657836E-49,-1.,1.110223024625E-16));
#17068 = PCURVE('',#16370,#17069);
#17069 = DEFINITIONAL_REPRESENTATION('',(#17070),#17074);
#17070 = LINE('',#17071,#17072);
#17071 = CARTESIAN_POINT('',(-0.927295218002,0.755289522616));
#17072 = VECTOR('',#17073,1.);
#17073 = DIRECTION('',(1.,0.));
#17074 = ( GEOMETRIC_REPRESENTATION_CONTEXT(2) 
PARAMETRIC_REPRESENTATION_CONTEXT() REPRESENTATION_CONTEXT('2D SPACE',''
  ) );
#17075 = PCURVE('',#16289,#17076);
#17076 = DEFINITIONAL_REPRESENTATION('',(#17077),#17103);
#17077 = B_SPLINE_CURVE_WITH_KNOTS('',3,(#17078,#17079,#17080,#17081,
    #17082,#17083,#17084,#17085,#17086,#17087,#17088,#17089,#17090,
    #17091,#17092,#17093,#17094,#17095,#17096,#17097,#17098,#17099,
    #17100,#17101,#17102),.UNSPECIFIED.,.F.,.F.,(4,1,1,1,1,1,1,1,1,1,1,1
    ,1,1,1,1,1,1,1,1,1,1,4),(2.30044689281,2.318414588445,2.33638228408,
    2.354349979716,2.372317675351,2.390285370986,2.408253066621,
    2.426220762256,2.444188457891,2.462156153526,2.480123849161,
    2.498091544796,2.516059240432,2.534026936067,2.551994631702,
    2.569962327337,2.587930022972,2.605897718607,2.623865414242,
    2.641833109877,2.659800805513,2.677768501148,2.695736196783),
  .QUASI_UNIFORM_KNOTS.);
#17078 = CARTESIAN_POINT('',(2.159692145424,-0.110777160614));
#17079 = CARTESIAN_POINT('',(2.160246121638,-0.107450481572));
#17080 = CARTESIAN_POINT('',(2.161303152163,-0.100788850526));
#17081 = CARTESIAN_POINT('',(2.162736330071,-9.077387446717E-02));
#17082 = CARTESIAN_POINT('',(2.164017553479,-8.073866307345E-02));
#17083 = CARTESIAN_POINT('',(2.165147181352,-7.06854938405E-02));
#17084 = CARTESIAN_POINT('',(2.166125535894,-6.06166349773E-02));
#17085 = CARTESIAN_POINT('',(2.166952896861,-5.053434507649E-02));
#17086 = CARTESIAN_POINT('',(2.167629502259,-4.044087485987E-02));
#17087 = CARTESIAN_POINT('',(2.168155547465,-3.033846837773E-02));
#17088 = CARTESIAN_POINT('',(2.168531184895,-2.022936436257E-02));
#17089 = CARTESIAN_POINT('',(2.168756523648,-1.011579754769E-02));
#17090 = CARTESIAN_POINT('',(2.168831629277,-5.360126409122E-15));
#17091 = CARTESIAN_POINT('',(2.168756523648,1.011579754767E-02));
#17092 = CARTESIAN_POINT('',(2.168531184895,2.022936436255E-02));
#17093 = CARTESIAN_POINT('',(2.168155547465,3.033846837772E-02));
#17094 = CARTESIAN_POINT('',(2.167629502259,4.044087485985E-02));
#17095 = CARTESIAN_POINT('',(2.166952896861,5.053434507648E-02));
#17096 = CARTESIAN_POINT('',(2.166125535894,6.061663497729E-02));
#17097 = CARTESIAN_POINT('',(2.165147181352,7.068549384049E-02));
#17098 = CARTESIAN_POINT('',(2.164017553479,8.073866307344E-02));
#17099 = CARTESIAN_POINT('',(2.162736330071,9.077387446716E-02));
#17100 = CARTESIAN_POINT('',(2.161303152163,0.100788850526));
#17101 = CARTESIAN_POINT('',(2.160246121638,0.107450481572));
#17102 = CARTESIAN_POINT('',(2.159692145424,0.110777160614));
#17103 = ( GEOMETRIC_REPRESENTATION_CONTEXT(2) 
PARAMETRIC_REPRESENTATION_CONTEXT() REPRESENTATION_CONTEXT('2D SPACE',''
  ) );
#17104 = ORIENTED_EDGE('',*,*,#16964,.F.);
#17105 = ADVANCED_FACE('',(#17106),#17121,.T.);
#17106 = FACE_BOUND('',#17107,.T.);
#17107 = EDGE_LOOP('',(#17108,#17138,#17166,#17189));
#17108 = ORIENTED_EDGE('',*,*,#17109,.T.);
#17109 = EDGE_CURVE('',#17110,#17112,#17114,.T.);
#17110 = VERTEX_POINT('',#17111);
#17111 = CARTESIAN_POINT('',(19.560222725223,27.969987581522,
    1.364710477384));
#17112 = VERTEX_POINT('',#17113);
#17113 = CARTESIAN_POINT('',(19.170522996813,28.449184872492,
    1.087629914388));
#17114 = SURFACE_CURVE('',#17115,(#17120,#17132),.PCURVE_S1.);
#17115 = CIRCLE('',#17116,2.100036658522);
#17116 = AXIS2_PLACEMENT_3D('',#17117,#17118,#17119);
#17117 = CARTESIAN_POINT('',(18.986188900181,28.989641675136,
    3.108540934802));
#17118 = DIRECTION('',(0.796955758473,0.597716818855,-8.715574274766E-02
    ));
#17119 = DIRECTION('',(6.972459419813E-02,5.22934456486E-02,
    0.996194698092));
#17120 = PCURVE('',#17121,#17126);
#17121 = PLANE('',#17122);
#17122 = AXIS2_PLACEMENT_3D('',#17123,#17124,#17125);
#17123 = CARTESIAN_POINT('',(19.539053002163,28.108345997116,2.12));
#17124 = DIRECTION('',(0.796955758473,0.597716818855,-8.715574274766E-02
    ));
#17125 = DIRECTION('',(6.972459419813E-02,5.22934456486E-02,
    0.996194698092));
#17126 = DEFINITIONAL_REPRESENTATION('',(#17127),#17131);
#17127 = CIRCLE('',#17128,2.100036658522);
#17128 = AXIS2_PLACEMENT_2D('',#17129,#17130);
#17129 = CARTESIAN_POINT('',(0.992317000577,-1.036755003605));
#17130 = DIRECTION('',(1.,-3.821818715127E-16));
#17131 = ( GEOMETRIC_REPRESENTATION_CONTEXT(2) 
PARAMETRIC_REPRESENTATION_CONTEXT() REPRESENTATION_CONTEXT('2D SPACE',''
  ) );
#17132 = PCURVE('',#16289,#17133);
#17133 = DEFINITIONAL_REPRESENTATION('',(#17134),#17137);
#17134 = B_SPLINE_CURVE_WITH_KNOTS('',1,(#17135,#17136),.UNSPECIFIED.,
  .F.,.F.,(2,2),(2.556304405409,2.880071090405),
  .PIECEWISE_BEZIER_KNOTS.);
#17135 = CARTESIAN_POINT('',(0.981900508166,-0.110777160614));
#17136 = CARTESIAN_POINT('',(1.307452872656,-0.122391008054));
#17137 = ( GEOMETRIC_REPRESENTATION_CONTEXT(2) 
PARAMETRIC_REPRESENTATION_CONTEXT() REPRESENTATION_CONTEXT('2D SPACE',''
  ) );
#17138 = ORIENTED_EDGE('',*,*,#17139,.F.);
#17139 = EDGE_CURVE('',#17140,#17112,#17142,.T.);
#17140 = VERTEX_POINT('',#17141);
#17141 = CARTESIAN_POINT('',(19.232,28.51775,2.12));
#17142 = SURFACE_CURVE('',#17143,(#17147,#17154),.PCURVE_S1.);
#17143 = LINE('',#17144,#17145);
#17144 = CARTESIAN_POINT('',(19.232,28.51775,2.12));
#17145 = VECTOR('',#17146,1.);
#17146 = DIRECTION('',(-5.931386842724E-02,-6.615258943775E-02,
    -0.996045029064));
#17147 = PCURVE('',#17121,#17148);
#17148 = DEFINITIONAL_REPRESENTATION('',(#17149),#17153);
#17149 = LINE('',#17150,#17151);
#17150 = CARTESIAN_POINT('',(1.263374526589E-16,-0.511755003605));
#17151 = VECTOR('',#17152,1.);
#17152 = DIRECTION('',(-0.999849759261,1.733375049386E-02));
#17153 = ( GEOMETRIC_REPRESENTATION_CONTEXT(2) 
PARAMETRIC_REPRESENTATION_CONTEXT() REPRESENTATION_CONTEXT('2D SPACE',''
  ) );
#17154 = PCURVE('',#17155,#17160);
#17155 = PLANE('',#17156);
#17156 = AXIS2_PLACEMENT_3D('',#17157,#17158,#17159);
#17157 = CARTESIAN_POINT('',(19.232,28.51775,2.12));
#17158 = DIRECTION('',(0.507554789749,0.857200100274,-8.715574274766E-02
    ));
#17159 = DIRECTION('',(0.860474465399,-0.50949356659,2.646431251459E-17)
  );
#17160 = DEFINITIONAL_REPRESENTATION('',(#17161),#17165);
#17161 = LINE('',#17162,#17163);
#17162 = CARTESIAN_POINT('',(0.,-0.));
#17163 = VECTOR('',#17164,1.);
#17164 = DIRECTION('',(-1.733375049386E-02,0.999849759261));
#17165 = ( GEOMETRIC_REPRESENTATION_CONTEXT(2) 
PARAMETRIC_REPRESENTATION_CONTEXT() REPRESENTATION_CONTEXT('2D SPACE',''
  ) );
#17166 = ORIENTED_EDGE('',*,*,#17167,.F.);
#17167 = EDGE_CURVE('',#17168,#17140,#17170,.T.);
#17168 = VERTEX_POINT('',#17169);
#17169 = CARTESIAN_POINT('',(19.539053002163,28.108345997116,2.12));
#17170 = SURFACE_CURVE('',#17171,(#17175,#17182),.PCURVE_S1.);
#17171 = LINE('',#17172,#17173);
#17172 = CARTESIAN_POINT('',(19.539053002163,28.108345997116,2.12));
#17173 = VECTOR('',#17174,1.);
#17174 = DIRECTION('',(-0.6,0.8,-1.110223024625E-16));
#17175 = PCURVE('',#17121,#17176);
#17176 = DEFINITIONAL_REPRESENTATION('',(#17177),#17181);
#17177 = LINE('',#17178,#17179);
#17178 = CARTESIAN_POINT('',(0.,0.));
#17179 = VECTOR('',#17180,1.);
#17180 = DIRECTION('',(1.4344765412E-16,-1.));
#17181 = ( GEOMETRIC_REPRESENTATION_CONTEXT(2) 
PARAMETRIC_REPRESENTATION_CONTEXT() REPRESENTATION_CONTEXT('2D SPACE',''
  ) );
#17182 = PCURVE('',#16344,#17183);
#17183 = DEFINITIONAL_REPRESENTATION('',(#17184),#17188);
#17184 = LINE('',#17185,#17186);
#17185 = CARTESIAN_POINT('',(0.16625,1.036755003605));
#17186 = VECTOR('',#17187,1.);
#17187 = DIRECTION('',(2.6645352591E-17,-1.));
#17188 = ( GEOMETRIC_REPRESENTATION_CONTEXT(2) 
PARAMETRIC_REPRESENTATION_CONTEXT() REPRESENTATION_CONTEXT('2D SPACE',''
  ) );
#17189 = ORIENTED_EDGE('',*,*,#17190,.T.);
#17190 = EDGE_CURVE('',#17168,#17110,#17191,.T.);
#17191 = SURFACE_CURVE('',#17192,(#17196,#17203),.PCURVE_S1.);
#17192 = ( BOUNDED_CURVE() B_SPLINE_CURVE(2,(#17193,#17194,#17195),
.UNSPECIFIED.,.F.,.F.) B_SPLINE_CURVE_WITH_KNOTS((3,3),(0.117640214744,
0.195018048712),.PIECEWISE_BEZIER_KNOTS.) CURVE() 
GEOMETRIC_REPRESENTATION_ITEM() RATIONAL_B_SPLINE_CURVE((1.010513257797,
1.011838602252,1.010359035034)) REPRESENTATION_ITEM('') );
#17193 = CARTESIAN_POINT('',(19.539053002163,28.108345997116,2.12));
#17194 = CARTESIAN_POINT('',(19.549296657233,28.042714510407,
    1.763565615101));
#17195 = CARTESIAN_POINT('',(19.560222725223,27.969987581522,
    1.364710477386));
#17196 = PCURVE('',#17121,#17197);
#17197 = DEFINITIONAL_REPRESENTATION('',(#17198),#17202);
#17198 = ( BOUNDED_CURVE() B_SPLINE_CURVE(2,(#17199,#17200,#17201),
.UNSPECIFIED.,.F.,.F.) B_SPLINE_CURVE_WITH_KNOTS((3,3),(0.117640214744,
0.195018048712),.PIECEWISE_BEZIER_KNOTS.) CURVE() 
GEOMETRIC_REPRESENTATION_ITEM() RATIONAL_B_SPLINE_CURVE((1.010513257797,
1.011838602252,1.010359035034)) REPRESENTATION_ITEM('') );
#17199 = CARTESIAN_POINT('',(2.495781359357E-13,0.));
#17200 = CARTESIAN_POINT('',(-0.357795906345,5.865138240872E-02));
#17201 = CARTESIAN_POINT('',(-0.758174605888,0.123388566311));
#17202 = ( GEOMETRIC_REPRESENTATION_CONTEXT(2) 
PARAMETRIC_REPRESENTATION_CONTEXT() REPRESENTATION_CONTEXT('2D SPACE',''
  ) );
#17203 = PCURVE('',#17204,#17209);
#17204 = CONICAL_SURFACE('',#17205,1.05,0.174532925199);
#17205 = AXIS2_PLACEMENT_3D('',#17206,#17207,#17208);
#17206 = CARTESIAN_POINT('',(19.05,29.0375,2.12));
#17207 = DIRECTION('',(9.71445146547E-17,-1.110223024625E-16,-1.));
#17208 = DIRECTION('',(-0.8,-0.6,-1.110223024625E-17));
#17209 = DEFINITIONAL_REPRESENTATION('',(#17210),#17236);
#17210 = B_SPLINE_CURVE_WITH_KNOTS('',3,(#17211,#17212,#17213,#17214,
    #17215,#17216,#17217,#17218,#17219,#17220,#17221,#17222,#17223,
    #17224,#17225,#17226,#17227,#17228,#17229,#17230,#17231,#17232,
    #17233,#17234,#17235),.UNSPECIFIED.,.F.,.F.,(4,1,1,1,1,1,1,1,1,1,1,1
    ,1,1,1,1,1,1,1,1,1,1,4),(0.117640214744,0.121157389015,
    0.124674563286,0.128191737558,0.131708911829,0.1352260861,
    0.138743260372,0.142260434643,0.145777608914,0.149294783185,
    0.152811957457,0.156329131728,0.159846305999,0.16336348027,
    0.166880654542,0.170397828813,0.173915003084,0.177432177355,
    0.180949351627,0.184466525898,0.187983700169,0.191500874441,
    0.195018048712),.QUASI_UNIFORM_KNOTS.);
#17211 = CARTESIAN_POINT('',(4.87139144497,-2.416477515701E-13));
#17212 = CARTESIAN_POINT('',(4.872012868842,1.081520904051E-02));
#17213 = CARTESIAN_POINT('',(4.873252256863,3.250002882112E-02));
#17214 = CARTESIAN_POINT('',(4.875101041824,6.519153896684E-02));
#17215 = CARTESIAN_POINT('',(4.876939612141,9.804840067446E-02));
#17216 = CARTESIAN_POINT('',(4.878768049088,0.131071700048));
#17217 = CARTESIAN_POINT('',(4.880586433196,0.164262533184));
#17218 = CARTESIAN_POINT('',(4.882394844158,0.197622007674));
#17219 = CARTESIAN_POINT('',(4.884193360867,0.231151242357));
#17220 = CARTESIAN_POINT('',(4.885982061416,0.264851367542));
#17221 = CARTESIAN_POINT('',(4.887761023112,0.298723525109));
#17222 = CARTESIAN_POINT('',(4.889530322484,0.332768868649));
#17223 = CARTESIAN_POINT('',(4.891290035292,0.366988563586));
#17224 = CARTESIAN_POINT('',(4.893040236537,0.401383787317));
#17225 = CARTESIAN_POINT('',(4.894781000471,0.435955729343));
#17226 = CARTESIAN_POINT('',(4.896512400601,0.470705591409));
#17227 = CARTESIAN_POINT('',(4.898234509705,0.505634587638));
#17228 = CARTESIAN_POINT('',(4.899947399836,0.540743944682));
#17229 = CARTESIAN_POINT('',(4.90165114233,0.57603490185));
#17230 = CARTESIAN_POINT('',(4.903345807819,0.61150871129));
#17231 = CARTESIAN_POINT('',(4.905031466238,0.647166638013));
#17232 = CARTESIAN_POINT('',(4.906708186815,0.683009960505));
#17233 = CARTESIAN_POINT('',(4.908376038162,0.71903996916));
#17234 = CARTESIAN_POINT('',(4.909482071366,0.743185304949));
#17235 = CARTESIAN_POINT('',(4.910033632371,0.755289522614));
#17236 = ( GEOMETRIC_REPRESENTATION_CONTEXT(2) 
PARAMETRIC_REPRESENTATION_CONTEXT() REPRESENTATION_CONTEXT('2D SPACE',''
  ) );
#17237 = ADVANCED_FACE('',(#17238),#17155,.T.);
#17238 = FACE_BOUND('',#17239,.T.);
#17239 = EDGE_LOOP('',(#17240,#17263,#17291,#17312));
#17240 = ORIENTED_EDGE('',*,*,#17241,.T.);
#17241 = EDGE_CURVE('',#17112,#17242,#17244,.T.);
#17242 = VERTEX_POINT('',#17243);
#17243 = CARTESIAN_POINT('',(18.981493542438,28.557954797067,
    1.056591056429));
#17244 = SURFACE_CURVE('',#17245,(#17250,#17257),.PCURVE_S1.);
#17245 = CIRCLE('',#17246,2.084454841283);
#17246 = AXIS2_PLACEMENT_3D('',#17247,#17248,#17249);
#17247 = CARTESIAN_POINT('',(18.914175307328,28.808108134275,
    3.124885897222));
#17248 = DIRECTION('',(0.507554789749,0.857200100274,-8.715574274766E-02
    ));
#17249 = DIRECTION('',(0.860474465399,-0.50949356659,-5.017805173558E-17
    ));
#17250 = PCURVE('',#17155,#17251);
#17251 = DEFINITIONAL_REPRESENTATION('',(#17252),#17256);
#17252 = CIRCLE('',#17253,2.084454841283);
#17253 = AXIS2_PLACEMENT_2D('',#17254,#17255);
#17254 = CARTESIAN_POINT('',(-0.421415633938,-1.008724398099));
#17255 = DIRECTION('',(1.,8.470896003675E-17));
#17256 = ( GEOMETRIC_REPRESENTATION_CONTEXT(2) 
PARAMETRIC_REPRESENTATION_CONTEXT() REPRESENTATION_CONTEXT('2D SPACE',''
  ) );
#17257 = PCURVE('',#16289,#17258);
#17258 = DEFINITIONAL_REPRESENTATION('',(#17259),#17262);
#17259 = B_SPLINE_CURVE_WITH_KNOTS('',1,(#17260,#17261),.UNSPECIFIED.,
  .F.,.F.,(2,2),(1.376015328947,1.481745525739),
  .PIECEWISE_BEZIER_KNOTS.);
#17260 = CARTESIAN_POINT('',(1.307452872656,-0.122391008053));
#17261 = CARTESIAN_POINT('',(1.404837152354,-0.163719756875));
#17262 = ( GEOMETRIC_REPRESENTATION_CONTEXT(2) 
PARAMETRIC_REPRESENTATION_CONTEXT() REPRESENTATION_CONTEXT('2D SPACE',''
  ) );
#17263 = ORIENTED_EDGE('',*,*,#17264,.F.);
#17264 = EDGE_CURVE('',#17265,#17242,#17267,.T.);
#17265 = VERTEX_POINT('',#17266);
#17266 = CARTESIAN_POINT('',(18.99573491155,28.657644380851,2.12));
#17267 = SURFACE_CURVE('',#17268,(#17272,#17279),.PCURVE_S1.);
#17268 = LINE('',#17269,#17270);
#17269 = CARTESIAN_POINT('',(18.99573491155,28.657644380851,2.12));
#17270 = VECTOR('',#17271,1.);
#17271 = DIRECTION('',(-1.333253826937E-02,-9.332776788557E-02,
    -0.995546167269));
#17272 = PCURVE('',#17155,#17273);
#17273 = DEFINITIONAL_REPRESENTATION('',(#17274),#17278);
#17274 = LINE('',#17275,#17276);
#17275 = CARTESIAN_POINT('',(-0.274575362722,-2.116245752851E-15));
#17276 = VECTOR('',#17277,1.);
#17277 = DIRECTION('',(3.607758858216E-02,0.999348991895));
#17278 = ( GEOMETRIC_REPRESENTATION_CONTEXT(2) 
PARAMETRIC_REPRESENTATION_CONTEXT() REPRESENTATION_CONTEXT('2D SPACE',''
  ) );
#17279 = PCURVE('',#17280,#17285);
#17280 = PLANE('',#17281);
#17281 = AXIS2_PLACEMENT_3D('',#17282,#17283,#17284);
#17282 = CARTESIAN_POINT('',(18.99573491155,28.657644380851,2.12));
#17283 = DIRECTION('',(-0.247236570082,0.965027437392,
    -8.715574274766E-02));
#17284 = DIRECTION('',(0.968713685428,0.248180973615,1.608303130204E-17)
  );
#17285 = DEFINITIONAL_REPRESENTATION('',(#17286),#17290);
#17286 = LINE('',#17287,#17288);
#17287 = CARTESIAN_POINT('',(0.,0.));
#17288 = VECTOR('',#17289,1.);
#17289 = DIRECTION('',(-3.607758858216E-02,0.999348991895));
#17290 = ( GEOMETRIC_REPRESENTATION_CONTEXT(2) 
PARAMETRIC_REPRESENTATION_CONTEXT() REPRESENTATION_CONTEXT('2D SPACE',''
  ) );
#17291 = ORIENTED_EDGE('',*,*,#17292,.F.);
#17292 = EDGE_CURVE('',#17140,#17265,#17293,.T.);
#17293 = SURFACE_CURVE('',#17294,(#17298,#17305),.PCURVE_S1.);
#17294 = LINE('',#17295,#17296);
#17295 = CARTESIAN_POINT('',(19.232,28.51775,2.12));
#17296 = VECTOR('',#17297,1.);
#17297 = DIRECTION('',(-0.860474465399,0.50949356659,-9.194963395354E-17
    ));
#17298 = PCURVE('',#17155,#17299);
#17299 = DEFINITIONAL_REPRESENTATION('',(#17300),#17304);
#17300 = LINE('',#17301,#17302);
#17301 = CARTESIAN_POINT('',(0.,-0.));
#17302 = VECTOR('',#17303,1.);
#17303 = DIRECTION('',(-1.,-2.304602225042E-17));
#17304 = ( GEOMETRIC_REPRESENTATION_CONTEXT(2) 
PARAMETRIC_REPRESENTATION_CONTEXT() REPRESENTATION_CONTEXT('2D SPACE',''
  ) );
#17305 = PCURVE('',#16344,#17306);
#17306 = DEFINITIONAL_REPRESENTATION('',(#17307),#17311);
#17307 = LINE('',#17308,#17309);
#17308 = CARTESIAN_POINT('',(0.16625,0.525));
#17309 = VECTOR('',#17310,1.);
#17310 = DIRECTION('',(0.382683432365,-0.923879532511));
#17311 = ( GEOMETRIC_REPRESENTATION_CONTEXT(2) 
PARAMETRIC_REPRESENTATION_CONTEXT() REPRESENTATION_CONTEXT('2D SPACE',''
  ) );
#17312 = ORIENTED_EDGE('',*,*,#17139,.T.);
#17313 = ADVANCED_FACE('',(#17314),#17280,.T.);
#17314 = FACE_BOUND('',#17315,.T.);
#17315 = EDGE_LOOP('',(#17316,#17339,#17367,#17388));
#17316 = ORIENTED_EDGE('',*,*,#17317,.T.);
#17317 = EDGE_CURVE('',#17242,#17318,#17320,.T.);
#17318 = VERTEX_POINT('',#17319);
#17319 = CARTESIAN_POINT('',(18.769569687357,28.5064639167,
    1.087629914388));
#17320 = SURFACE_CURVE('',#17321,(#17326,#17333),.PCURVE_S1.);
#17321 = CIRCLE('',#17322,2.084454841283);
#17322 = AXIS2_PLACEMENT_3D('',#17323,#17324,#17325);
#17323 = CARTESIAN_POINT('',(19.116161982562,28.779252894955,
    3.124885897222));
#17324 = DIRECTION('',(-0.247236570082,0.965027437392,
    -8.715574274766E-02));
#17325 = DIRECTION('',(0.968713685428,0.248180973615,8.192582280112E-17)
  );
#17326 = PCURVE('',#17280,#17327);
#17327 = DEFINITIONAL_REPRESENTATION('',(#17328),#17332);
#17328 = CIRCLE('',#17329,2.084454841283);
#17329 = AXIS2_PLACEMENT_2D('',#17330,#17331);
#17330 = CARTESIAN_POINT('',(0.146840271216,-1.008724398099));
#17331 = DIRECTION('',(1.,-6.388979847298E-17));
#17332 = ( GEOMETRIC_REPRESENTATION_CONTEXT(2) 
PARAMETRIC_REPRESENTATION_CONTEXT() REPRESENTATION_CONTEXT('2D SPACE',''
  ) );
#17333 = PCURVE('',#16289,#17334);
#17334 = DEFINITIONAL_REPRESENTATION('',(#17335),#17338);
#17335 = B_SPLINE_CURVE_WITH_KNOTS('',1,(#17336,#17337),.UNSPECIFIED.,
  .F.,.F.,(2,2),(1.659847127851,1.765577324643),
  .PIECEWISE_BEZIER_KNOTS.);
#17336 = CARTESIAN_POINT('',(1.404837152354,-0.163719756875));
#17337 = CARTESIAN_POINT('',(1.444081074363,-0.261327239649));
#17338 = ( GEOMETRIC_REPRESENTATION_CONTEXT(2) 
PARAMETRIC_REPRESENTATION_CONTEXT() REPRESENTATION_CONTEXT('2D SPACE',''
  ) );
#17339 = ORIENTED_EDGE('',*,*,#17340,.F.);
#17340 = EDGE_CURVE('',#17341,#17318,#17343,.T.);
#17341 = VERTEX_POINT('',#17342);
#17342 = CARTESIAN_POINT('',(18.72975,28.5895,2.12));
#17343 = SURFACE_CURVE('',#17344,(#17348,#17355),.PCURVE_S1.);
#17344 = LINE('',#17345,#17346);
#17345 = CARTESIAN_POINT('',(18.728709967637,28.591668781817,
    2.146964006264));
#17346 = VECTOR('',#17347,1.);
#17347 = DIRECTION('',(3.841858864758E-02,-8.011436901987E-02,
    -0.996045029064));
#17348 = PCURVE('',#17280,#17349);
#17349 = DEFINITIONAL_REPRESENTATION('',(#17350),#17354);
#17350 = LINE('',#17351,#17352);
#17351 = CARTESIAN_POINT('',(-0.275044605922,-2.706700438722E-02));
#17352 = VECTOR('',#17353,1.);
#17353 = DIRECTION('',(1.733375049386E-02,0.999849759261));
#17354 = ( GEOMETRIC_REPRESENTATION_CONTEXT(2) 
PARAMETRIC_REPRESENTATION_CONTEXT() REPRESENTATION_CONTEXT('2D SPACE',''
  ) );
#17355 = PCURVE('',#17356,#17361);
#17356 = PLANE('',#17357);
#17357 = AXIS2_PLACEMENT_3D('',#17358,#17359,#17360);
#17358 = CARTESIAN_POINT('',(19.979154002884,29.526553002163,2.12));
#17359 = DIRECTION('',(-0.597716818855,0.796955758473,
    -8.715574274766E-02));
#17360 = DIRECTION('',(-5.22934456486E-02,6.972459419813E-02,
    0.996194698092));
#17361 = DEFINITIONAL_REPRESENTATION('',(#17362),#17366);
#17362 = LINE('',#17363,#17364);
#17363 = CARTESIAN_POINT('',(2.706700438722E-02,-1.561285760405));
#17364 = VECTOR('',#17365,1.);
#17365 = DIRECTION('',(-0.999849759261,-1.733375049386E-02));
#17366 = ( GEOMETRIC_REPRESENTATION_CONTEXT(2) 
PARAMETRIC_REPRESENTATION_CONTEXT() REPRESENTATION_CONTEXT('2D SPACE',''
  ) );
#17367 = ORIENTED_EDGE('',*,*,#17368,.F.);
#17368 = EDGE_CURVE('',#17265,#17341,#17369,.T.);
#17369 = SURFACE_CURVE('',#17370,(#17374,#17381),.PCURVE_S1.);
#17370 = LINE('',#17371,#17372);
#17371 = CARTESIAN_POINT('',(18.99573491155,28.657644380851,2.12));
#17372 = VECTOR('',#17373,1.);
#17373 = DIRECTION('',(-0.968713685428,-0.248180973615,
    -1.684358755108E-17));
#17374 = PCURVE('',#17280,#17375);
#17375 = DEFINITIONAL_REPRESENTATION('',(#17376),#17380);
#17376 = LINE('',#17377,#17378);
#17377 = CARTESIAN_POINT('',(0.,0.));
#17378 = VECTOR('',#17379,1.);
#17379 = DIRECTION('',(-1.,-4.489543567207E-17));
#17380 = ( GEOMETRIC_REPRESENTATION_CONTEXT(2) 
PARAMETRIC_REPRESENTATION_CONTEXT() REPRESENTATION_CONTEXT('2D SPACE',''
  ) );
#17381 = PCURVE('',#16344,#17382);
#17382 = DEFINITIONAL_REPRESENTATION('',(#17383),#17387);
#17383 = LINE('',#17384,#17385);
#17384 = CARTESIAN_POINT('',(0.271325442249,0.271325442249));
#17385 = VECTOR('',#17386,1.);
#17386 = DIRECTION('',(0.923879532511,-0.382683432365));
#17387 = ( GEOMETRIC_REPRESENTATION_CONTEXT(2) 
PARAMETRIC_REPRESENTATION_CONTEXT() REPRESENTATION_CONTEXT('2D SPACE',''
  ) );
#17388 = ORIENTED_EDGE('',*,*,#17264,.T.);
#17389 = ADVANCED_FACE('',(#17390),#17356,.T.);
#17390 = FACE_BOUND('',#17391,.T.);
#17391 = EDGE_LOOP('',(#17392,#17415,#17460,#17481));
#17392 = ORIENTED_EDGE('',*,*,#17393,.T.);
#17393 = EDGE_CURVE('',#17318,#17394,#17396,.T.);
#17394 = VERTEX_POINT('',#17395);
#17395 = CARTESIAN_POINT('',(18.261282706612,28.155550441323,
    1.364710477384));
#17396 = SURFACE_CURVE('',#17397,(#17402,#17409),.PCURVE_S1.);
#17397 = CIRCLE('',#17398,2.100036658522);
#17398 = AXIS2_PLACEMENT_3D('',#17399,#17400,#17401);
#17399 = CARTESIAN_POINT('',(19.097858324864,28.973688900181,
    3.108540934802));
#17400 = DIRECTION('',(-0.597716818855,0.796955758473,
    -8.715574274766E-02));
#17401 = DIRECTION('',(-0.8,-0.6,1.599272048285E-16));
#17402 = PCURVE('',#17356,#17403);
#17403 = DEFINITIONAL_REPRESENTATION('',(#17404),#17408);
#17404 = CIRCLE('',#17405,2.100036658522);
#17405 = AXIS2_PLACEMENT_2D('',#17406,#17407);
#17406 = CARTESIAN_POINT('',(0.992317000577,-1.036755003605));
#17407 = DIRECTION('',(1.554406037524E-16,-1.));
#17408 = ( GEOMETRIC_REPRESENTATION_CONTEXT(2) 
PARAMETRIC_REPRESENTATION_CONTEXT() REPRESENTATION_CONTEXT('2D SPACE',''
  ) );
#17409 = PCURVE('',#16289,#17410);
#17410 = DEFINITIONAL_REPRESENTATION('',(#17411),#17414);
#17411 = B_SPLINE_CURVE_WITH_KNOTS('',1,(#17412,#17413),.UNSPECIFIED.,
  .F.,.F.,(2,2),(4.973910543569,5.297677228565),
  .PIECEWISE_BEZIER_KNOTS.);
#17412 = CARTESIAN_POINT('',(1.444081074363,-0.261327239649));
#17413 = CARTESIAN_POINT('',(1.437821110379,-0.58480713241));
#17414 = ( GEOMETRIC_REPRESENTATION_CONTEXT(2) 
PARAMETRIC_REPRESENTATION_CONTEXT() REPRESENTATION_CONTEXT('2D SPACE',''
  ) );
#17415 = ORIENTED_EDGE('',*,*,#17416,.F.);
#17416 = EDGE_CURVE('',#17417,#17394,#17419,.T.);
#17417 = VERTEX_POINT('',#17418);
#17418 = CARTESIAN_POINT('',(18.320345997116,28.282446997837,2.12));
#17419 = SURFACE_CURVE('',#17420,(#17424,#17431),.PCURVE_S1.);
#17420 = ( BOUNDED_CURVE() B_SPLINE_CURVE(2,(#17421,#17422,#17423),
.UNSPECIFIED.,.F.,.F.) B_SPLINE_CURVE_WITH_KNOTS((3,3),(-0.190763574858,
-0.11338574089),.PIECEWISE_BEZIER_KNOTS.) CURVE() 
GEOMETRIC_REPRESENTATION_ITEM() RATIONAL_B_SPLINE_CURVE((1.010513257798,
1.011838602253,1.010359035035)) REPRESENTATION_ITEM('') );
#17421 = CARTESIAN_POINT('',(18.320345997116,28.282446997837,2.12));
#17422 = CARTESIAN_POINT('',(18.292135271971,28.222308994016,
    1.763565615101));
#17423 = CARTESIAN_POINT('',(18.261282706612,28.155550441323,
    1.364710477386));
#17424 = PCURVE('',#17356,#17425);
#17425 = DEFINITIONAL_REPRESENTATION('',(#17426),#17430);
#17426 = ( BOUNDED_CURVE() B_SPLINE_CURVE(2,(#17427,#17428,#17429),
.UNSPECIFIED.,.F.,.F.) B_SPLINE_CURVE_WITH_KNOTS((3,3),(-0.190763574858,
-0.11338574089),.PIECEWISE_BEZIER_KNOTS.) CURVE() 
GEOMETRIC_REPRESENTATION_ITEM() RATIONAL_B_SPLINE_CURVE((1.010513257798,
1.011838602253,1.010359035035)) REPRESENTATION_ITEM('') );
#17427 = CARTESIAN_POINT('',(2.593480985524E-13,-2.07351000721));
#17428 = CARTESIAN_POINT('',(-0.357795906344,-2.132161389619));
#17429 = CARTESIAN_POINT('',(-0.758174605888,-2.196898573521));
#17430 = ( GEOMETRIC_REPRESENTATION_CONTEXT(2) 
PARAMETRIC_REPRESENTATION_CONTEXT() REPRESENTATION_CONTEXT('2D SPACE',''
  ) );
#17431 = PCURVE('',#16752,#17432);
#17432 = DEFINITIONAL_REPRESENTATION('',(#17433),#17459);
#17433 = B_SPLINE_CURVE_WITH_KNOTS('',3,(#17434,#17435,#17436,#17437,
    #17438,#17439,#17440,#17441,#17442,#17443,#17444,#17445,#17446,
    #17447,#17448,#17449,#17450,#17451,#17452,#17453,#17454,#17455,
    #17456,#17457,#17458),.UNSPECIFIED.,.F.,.F.,(4,1,1,1,1,1,1,1,1,1,1,1
    ,1,1,1,1,1,1,1,1,1,1,4),(-0.190763574858,-0.187246400587,
    -0.183729226316,-0.180212052044,-0.176694877773,-0.173177703502,
    -0.169660529231,-0.166143354959,-0.162626180688,-0.159109006417,
    -0.155591832146,-0.152074657874,-0.148557483603,-0.145040309332,
    -0.14152313506,-0.138005960789,-0.134488786518,-0.130971612247,
    -0.127454437975,-0.123937263704,-0.120420089433,-0.116902915162,
    -0.11338574089),.QUASI_UNIFORM_KNOTS.);
#17434 = CARTESIAN_POINT('',(6.124182842594,-2.517056995034E-13));
#17435 = CARTESIAN_POINT('',(6.123561418723,1.08152090405E-02));
#17436 = CARTESIAN_POINT('',(6.122322030702,3.25000288211E-02));
#17437 = CARTESIAN_POINT('',(6.12047324574,6.519153896682E-02));
#17438 = CARTESIAN_POINT('',(6.118634675423,9.804840067443E-02));
#17439 = CARTESIAN_POINT('',(6.116806238476,0.131071700048));
#17440 = CARTESIAN_POINT('',(6.114987854368,0.164262533184));
#17441 = CARTESIAN_POINT('',(6.113179443406,0.197622007674));
#17442 = CARTESIAN_POINT('',(6.111380926697,0.231151242357));
#17443 = CARTESIAN_POINT('',(6.109592226148,0.264851367542));
#17444 = CARTESIAN_POINT('',(6.107813264452,0.298723525109));
#17445 = CARTESIAN_POINT('',(6.106043965081,0.332768868649));
#17446 = CARTESIAN_POINT('',(6.104284252272,0.366988563586));
#17447 = CARTESIAN_POINT('',(6.102534051027,0.401383787317));
#17448 = CARTESIAN_POINT('',(6.100793287094,0.435955729343));
#17449 = CARTESIAN_POINT('',(6.099061886963,0.470705591408));
#17450 = CARTESIAN_POINT('',(6.097339777859,0.505634587638));
#17451 = CARTESIAN_POINT('',(6.095626887729,0.540743944682));
#17452 = CARTESIAN_POINT('',(6.093923145234,0.57603490185));
#17453 = CARTESIAN_POINT('',(6.092228479745,0.61150871129));
#17454 = CARTESIAN_POINT('',(6.090542821326,0.647166638013));
#17455 = CARTESIAN_POINT('',(6.08886610075,0.683009960505));
#17456 = CARTESIAN_POINT('',(6.087198249403,0.71903996916));
#17457 = CARTESIAN_POINT('',(6.086092216198,0.743185304949));
#17458 = CARTESIAN_POINT('',(6.085540655193,0.755289522614));
#17459 = ( GEOMETRIC_REPRESENTATION_CONTEXT(2) 
PARAMETRIC_REPRESENTATION_CONTEXT() REPRESENTATION_CONTEXT('2D SPACE',''
  ) );
#17460 = ORIENTED_EDGE('',*,*,#17461,.F.);
#17461 = EDGE_CURVE('',#17341,#17417,#17462,.T.);
#17462 = SURFACE_CURVE('',#17463,(#17467,#17474),.PCURVE_S1.);
#17463 = LINE('',#17464,#17465);
#17464 = CARTESIAN_POINT('',(19.14975,28.9045,2.12));
#17465 = VECTOR('',#17466,1.);
#17466 = DIRECTION('',(-0.8,-0.6,2.775557561563E-17));
#17467 = PCURVE('',#17356,#17468);
#17468 = DEFINITIONAL_REPRESENTATION('',(#17469),#17473);
#17469 = LINE('',#17470,#17471);
#17470 = CARTESIAN_POINT('',(-4.689554704293E-17,-1.036755003605));
#17471 = VECTOR('',#17472,1.);
#17472 = DIRECTION('',(1.627240830375E-16,-1.));
#17473 = ( GEOMETRIC_REPRESENTATION_CONTEXT(2) 
PARAMETRIC_REPRESENTATION_CONTEXT() REPRESENTATION_CONTEXT('2D SPACE',''
  ) );
#17474 = PCURVE('',#16344,#17475);
#17475 = DEFINITIONAL_REPRESENTATION('',(#17476),#17480);
#17476 = LINE('',#17477,#17478);
#17477 = CARTESIAN_POINT('',(1.419431239214E-15,0.16625));
#17478 = VECTOR('',#17479,1.);
#17479 = DIRECTION('',(1.,-2.6645352591E-17));
#17480 = ( GEOMETRIC_REPRESENTATION_CONTEXT(2) 
PARAMETRIC_REPRESENTATION_CONTEXT() REPRESENTATION_CONTEXT('2D SPACE',''
  ) );
#17481 = ORIENTED_EDGE('',*,*,#17340,.T.);
#17482 = ADVANCED_FACE('',(#17483),#16752,.F.);
#17483 = FACE_BOUND('',#17484,.F.);
#17484 = EDGE_LOOP('',(#17485,#17486,#17512,#17513));
#17485 = ORIENTED_EDGE('',*,*,#17416,.F.);
#17486 = ORIENTED_EDGE('',*,*,#17487,.T.);
#17487 = EDGE_CURVE('',#17417,#16716,#17488,.T.);
#17488 = SURFACE_CURVE('',#17489,(#17494,#17501),.PCURVE_S1.);
#17489 = CIRCLE('',#17490,1.05);
#17490 = AXIS2_PLACEMENT_3D('',#17491,#17492,#17493);
#17491 = CARTESIAN_POINT('',(19.05,29.0375,2.12));
#17492 = DIRECTION('',(6.60582699652E-17,-1.343369859796E-16,-1.));
#17493 = DIRECTION('',(-5.878884963613E-49,-1.,1.343369859796E-16));
#17494 = PCURVE('',#16752,#17495);
#17495 = DEFINITIONAL_REPRESENTATION('',(#17496),#17500);
#17496 = LINE('',#17497,#17498);
#17497 = CARTESIAN_POINT('',(5.355890089178,-3.138274675944E-15));
#17498 = VECTOR('',#17499,1.);
#17499 = DIRECTION('',(1.,3.343382724247E-15));
#17500 = ( GEOMETRIC_REPRESENTATION_CONTEXT(2) 
PARAMETRIC_REPRESENTATION_CONTEXT() REPRESENTATION_CONTEXT('2D SPACE',''
  ) );
#17501 = PCURVE('',#16344,#17502);
#17502 = DEFINITIONAL_REPRESENTATION('',(#17503),#17511);
#17503 = ( BOUNDED_CURVE() B_SPLINE_CURVE(2,(#17504,#17505,#17506,#17507
    ,#17508,#17509,#17510),.UNSPECIFIED.,.T.,.F.) 
B_SPLINE_CURVE_WITH_KNOTS((1,2,2,2,2,1),(-2.094395102393,0.,
    2.094395102393,4.188790204786,6.28318530718,8.377580409573),
.UNSPECIFIED.) CURVE() GEOMETRIC_REPRESENTATION_ITEM() 
RATIONAL_B_SPLINE_CURVE((1.,0.5,1.,0.5,1.,0.5,1.)) REPRESENTATION_ITEM(
  '') );
#17504 = CARTESIAN_POINT('',(0.63,0.84));
#17505 = CARTESIAN_POINT('',(2.084922678358,-0.251192008768));
#17506 = CARTESIAN_POINT('',(0.412461339179,-0.965596004384));
#17507 = CARTESIAN_POINT('',(-1.26,-1.68));
#17508 = CARTESIAN_POINT('',(-1.042461339179,0.125596004384));
#17509 = CARTESIAN_POINT('',(-0.824922678358,1.931192008768));
#17510 = CARTESIAN_POINT('',(0.63,0.84));
#17511 = ( GEOMETRIC_REPRESENTATION_CONTEXT(2) 
PARAMETRIC_REPRESENTATION_CONTEXT() REPRESENTATION_CONTEXT('2D SPACE',''
  ) );
#17512 = ORIENTED_EDGE('',*,*,#16738,.T.);
#17513 = ORIENTED_EDGE('',*,*,#17514,.F.);
#17514 = EDGE_CURVE('',#17394,#16658,#17515,.T.);
#17515 = SURFACE_CURVE('',#17516,(#17521,#17528),.PCURVE_S1.);
#17516 = CIRCLE('',#17517,1.183177921084);
#17517 = AXIS2_PLACEMENT_3D('',#17518,#17519,#17520);
#17518 = CARTESIAN_POINT('',(19.05,29.0375,1.364710477384));
#17519 = DIRECTION('',(9.71445146547E-17,-1.110223024625E-16,-1.));
#17520 = DIRECTION('',(-6.842277657836E-49,-1.,1.110223024625E-16));
#17521 = PCURVE('',#16752,#17522);
#17522 = DEFINITIONAL_REPRESENTATION('',(#17523),#17527);
#17523 = LINE('',#17524,#17525);
#17524 = CARTESIAN_POINT('',(5.355890089178,0.755289522616));
#17525 = VECTOR('',#17526,1.);
#17526 = DIRECTION('',(1.,-1.659578791385E-15));
#17527 = ( GEOMETRIC_REPRESENTATION_CONTEXT(2) 
PARAMETRIC_REPRESENTATION_CONTEXT() REPRESENTATION_CONTEXT('2D SPACE',''
  ) );
#17528 = PCURVE('',#16289,#17529);
#17529 = DEFINITIONAL_REPRESENTATION('',(#17530),#17556);
#17530 = B_SPLINE_CURVE_WITH_KNOTS('',3,(#17531,#17532,#17533,#17534,
    #17535,#17536,#17537,#17538,#17539,#17540,#17541,#17542,#17543,
    #17544,#17545,#17546,#17547,#17548,#17549,#17550,#17551,#17552,
    #17553,#17554,#17555),.UNSPECIFIED.,.F.,.F.,(4,1,1,1,1,1,1,1,1,1,1,1
    ,1,1,1,1,1,1,1,1,1,1,4),(0.729650566015,0.74761826165,0.765585957286
    ,0.783553652921,0.801521348556,0.819489044191,0.837456739826,
    0.855424435461,0.873392131096,0.891359826731,0.909327522367,
    0.927295218002,0.945262913637,0.963230609272,0.981198304907,
    0.999166000542,1.017133696177,1.035101391812,1.053069087447,
    1.071036783083,1.089004478718,1.106972174353,1.124939869988),
  .QUASI_UNIFORM_KNOTS.);
#17531 = CARTESIAN_POINT('',(1.437821110379,-0.58480713241));
#17532 = CARTESIAN_POINT('',(1.441751325721,-0.585601218821));
#17533 = CARTESIAN_POINT('',(1.449638350405,-0.587119352329));
#17534 = CARTESIAN_POINT('',(1.461541879941,-0.589184913885));
#17535 = CARTESIAN_POINT('',(1.473511676944,-0.591037258224));
#17536 = CARTESIAN_POINT('',(1.485540790816,-0.592675008958));
#17537 = CARTESIAN_POINT('',(1.497622141905,-0.594096927813));
#17538 = CARTESIAN_POINT('',(1.509748515703,-0.595301936855));
#17539 = CARTESIAN_POINT('',(1.521912585581,-0.59628911705));
#17540 = CARTESIAN_POINT('',(1.53410692889,-0.597057712552));
#17541 = CARTESIAN_POINT('',(1.546324045702,-0.597607132822));
#17542 = CARTESIAN_POINT('',(1.558556377564,-0.597936954659));
#17543 = CARTESIAN_POINT('',(1.570796326795,-0.598046923579));
#17544 = CARTESIAN_POINT('',(1.583036276026,-0.597936954659));
#17545 = CARTESIAN_POINT('',(1.595268607888,-0.597607132822));
#17546 = CARTESIAN_POINT('',(1.6074857247,-0.597057712552));
#17547 = CARTESIAN_POINT('',(1.619680068008,-0.59628911705));
#17548 = CARTESIAN_POINT('',(1.631844137886,-0.595301936855));
#17549 = CARTESIAN_POINT('',(1.643970511684,-0.594096927813));
#17550 = CARTESIAN_POINT('',(1.656051862774,-0.592675008958));
#17551 = CARTESIAN_POINT('',(1.668080976645,-0.591037258224));
#17552 = CARTESIAN_POINT('',(1.680050773649,-0.589184913885));
#17553 = CARTESIAN_POINT('',(1.691954303185,-0.587119352329));
#17554 = CARTESIAN_POINT('',(1.699841327869,-0.585601218821));
#17555 = CARTESIAN_POINT('',(1.70377154321,-0.58480713241));
#17556 = ( GEOMETRIC_REPRESENTATION_CONTEXT(2) 
PARAMETRIC_REPRESENTATION_CONTEXT() REPRESENTATION_CONTEXT('2D SPACE',''
  ) );
#17557 = ADVANCED_FACE('',(#17558),#16344,.F.);
#17558 = FACE_BOUND('',#17559,.T.);
#17559 = EDGE_LOOP('',(#17560,#17588,#17589,#17590,#17591,#17592,#17593,
    #17594,#17595,#17596,#17597,#17598,#17599,#17600,#17601,#17602,
    #17630,#17658,#17686,#17714));
#17560 = ORIENTED_EDGE('',*,*,#17561,.T.);
#17561 = EDGE_CURVE('',#17562,#17168,#17564,.T.);
#17562 = VERTEX_POINT('',#17563);
#17563 = CARTESIAN_POINT('',(19.805053002163,28.307845997116,2.12));
#17564 = SURFACE_CURVE('',#17565,(#17570,#17581),.PCURVE_S1.);
#17565 = CIRCLE('',#17566,1.05);
#17566 = AXIS2_PLACEMENT_3D('',#17567,#17568,#17569);
#17567 = CARTESIAN_POINT('',(19.05,29.0375,2.12));
#17568 = DIRECTION('',(9.71445146547E-17,-1.110223024625E-16,-1.));
#17569 = DIRECTION('',(-0.8,-0.6,-1.110223024625E-17));
#17570 = PCURVE('',#16344,#17571);
#17571 = DEFINITIONAL_REPRESENTATION('',(#17572),#17580);
#17572 = ( BOUNDED_CURVE() B_SPLINE_CURVE(2,(#17573,#17574,#17575,#17576
    ,#17577,#17578,#17579),.UNSPECIFIED.,.T.,.F.) 
B_SPLINE_CURVE_WITH_KNOTS((1,2,2,2,2,1),(-2.094395102393,0.,
    2.094395102393,4.188790204786,6.28318530718,8.377580409573),
.UNSPECIFIED.) CURVE() GEOMETRIC_REPRESENTATION_ITEM() 
RATIONAL_B_SPLINE_CURVE((1.,0.5,1.,0.5,1.,0.5,1.)) REPRESENTATION_ITEM(
  '') );
#17573 = CARTESIAN_POINT('',(1.05,-2.797762022055E-17));
#17574 = CARTESIAN_POINT('',(1.05,-1.818653347947));
#17575 = CARTESIAN_POINT('',(-0.525,-0.909326673974));
#17576 = CARTESIAN_POINT('',(-2.1,-2.012205873798E-16));
#17577 = CARTESIAN_POINT('',(-0.525,0.909326673974));
#17578 = CARTESIAN_POINT('',(1.05,1.818653347947));
#17579 = CARTESIAN_POINT('',(1.05,-2.797762022055E-17));
#17580 = ( GEOMETRIC_REPRESENTATION_CONTEXT(2) 
PARAMETRIC_REPRESENTATION_CONTEXT() REPRESENTATION_CONTEXT('2D SPACE',''
  ) );
#17581 = PCURVE('',#17204,#17582);
#17582 = DEFINITIONAL_REPRESENTATION('',(#17583),#17587);
#17583 = LINE('',#17584,#17585);
#17584 = CARTESIAN_POINT('',(-2.6645352591E-15,-4.425576245814E-15));
#17585 = VECTOR('',#17586,1.);
#17586 = DIRECTION('',(1.,9.55252206928E-16));
#17587 = ( GEOMETRIC_REPRESENTATION_CONTEXT(2) 
PARAMETRIC_REPRESENTATION_CONTEXT() REPRESENTATION_CONTEXT('2D SPACE',''
  ) );
#17588 = ORIENTED_EDGE('',*,*,#17167,.T.);
#17589 = ORIENTED_EDGE('',*,*,#17292,.T.);
#17590 = ORIENTED_EDGE('',*,*,#17368,.T.);
#17591 = ORIENTED_EDGE('',*,*,#17461,.T.);
#17592 = ORIENTED_EDGE('',*,*,#17487,.T.);
#17593 = ORIENTED_EDGE('',*,*,#16715,.T.);
#17594 = ORIENTED_EDGE('',*,*,#16840,.T.);
#17595 = ORIENTED_EDGE('',*,*,#16916,.T.);
#17596 = ORIENTED_EDGE('',*,*,#17009,.T.);
#17597 = ORIENTED_EDGE('',*,*,#17034,.T.);
#17598 = ORIENTED_EDGE('',*,*,#16328,.T.);
#17599 = ORIENTED_EDGE('',*,*,#16458,.T.);
#17600 = ORIENTED_EDGE('',*,*,#16534,.T.);
#17601 = ORIENTED_EDGE('',*,*,#16632,.T.);
#17602 = ORIENTED_EDGE('',*,*,#17603,.T.);
#17603 = EDGE_CURVE('',#16583,#17604,#17606,.T.);
#17604 = VERTEX_POINT('',#17605);
#17605 = CARTESIAN_POINT('',(19.979154002884,29.526553002163,2.12));
#17606 = SURFACE_CURVE('',#17607,(#17612,#17623),.PCURVE_S1.);
#17607 = CIRCLE('',#17608,1.05);
#17608 = AXIS2_PLACEMENT_3D('',#17609,#17610,#17611);
#17609 = CARTESIAN_POINT('',(19.05,29.0375,2.12));
#17610 = DIRECTION('',(6.60582699652E-17,-1.343369859796E-16,-1.));
#17611 = DIRECTION('',(-5.878884963613E-49,-1.,1.343369859796E-16));
#17612 = PCURVE('',#16344,#17613);
#17613 = DEFINITIONAL_REPRESENTATION('',(#17614),#17622);
#17614 = ( BOUNDED_CURVE() B_SPLINE_CURVE(2,(#17615,#17616,#17617,#17618
    ,#17619,#17620,#17621),.UNSPECIFIED.,.T.,.F.) 
B_SPLINE_CURVE_WITH_KNOTS((1,2,2,2,2,1),(-2.094395102393,0.,
    2.094395102393,4.188790204786,6.28318530718,8.377580409573),
.UNSPECIFIED.) CURVE() GEOMETRIC_REPRESENTATION_ITEM() 
RATIONAL_B_SPLINE_CURVE((1.,0.5,1.,0.5,1.,0.5,1.)) REPRESENTATION_ITEM(
  '') );
#17615 = CARTESIAN_POINT('',(0.63,0.84));
#17616 = CARTESIAN_POINT('',(2.084922678358,-0.251192008768));
#17617 = CARTESIAN_POINT('',(0.412461339179,-0.965596004384));
#17618 = CARTESIAN_POINT('',(-1.26,-1.68));
#17619 = CARTESIAN_POINT('',(-1.042461339179,0.125596004384));
#17620 = CARTESIAN_POINT('',(-0.824922678358,1.931192008768));
#17621 = CARTESIAN_POINT('',(0.63,0.84));
#17622 = ( GEOMETRIC_REPRESENTATION_CONTEXT(2) 
PARAMETRIC_REPRESENTATION_CONTEXT() REPRESENTATION_CONTEXT('2D SPACE',''
  ) );
#17623 = PCURVE('',#16598,#17624);
#17624 = DEFINITIONAL_REPRESENTATION('',(#17625),#17629);
#17625 = LINE('',#17626,#17627);
#17626 = CARTESIAN_POINT('',(-4.068887871591,-7.77362823816E-15));
#17627 = VECTOR('',#17628,1.);
#17628 = DIRECTION('',(1.,1.910504413856E-15));
#17629 = ( GEOMETRIC_REPRESENTATION_CONTEXT(2) 
PARAMETRIC_REPRESENTATION_CONTEXT() REPRESENTATION_CONTEXT('2D SPACE',''
  ) );
#17630 = ORIENTED_EDGE('',*,*,#17631,.T.);
#17631 = EDGE_CURVE('',#17604,#17632,#17634,.T.);
#17632 = VERTEX_POINT('',#17633);
#17633 = CARTESIAN_POINT('',(19.56975,29.2195,2.12));
#17634 = SURFACE_CURVE('',#17635,(#17639,#17646),.PCURVE_S1.);
#17635 = LINE('',#17636,#17637);
#17636 = CARTESIAN_POINT('',(19.979154002884,29.526553002163,2.12));
#17637 = VECTOR('',#17638,1.);
#17638 = DIRECTION('',(-0.8,-0.6,2.775557561563E-17));
#17639 = PCURVE('',#16344,#17640);
#17640 = DEFINITIONAL_REPRESENTATION('',(#17641),#17645);
#17641 = LINE('',#17642,#17643);
#17642 = CARTESIAN_POINT('',(-1.036755003605,0.16625));
#17643 = VECTOR('',#17644,1.);
#17644 = DIRECTION('',(1.,-2.6645352591E-17));
#17645 = ( GEOMETRIC_REPRESENTATION_CONTEXT(2) 
PARAMETRIC_REPRESENTATION_CONTEXT() REPRESENTATION_CONTEXT('2D SPACE',''
  ) );
#17646 = PCURVE('',#17647,#17652);
#17647 = PLANE('',#17648);
#17648 = AXIS2_PLACEMENT_3D('',#17649,#17650,#17651);
#17649 = CARTESIAN_POINT('',(19.979154002884,29.526553002163,2.12));
#17650 = DIRECTION('',(-0.597716818855,0.796955758473,
    -8.715574274766E-02));
#17651 = DIRECTION('',(-5.22934456486E-02,6.972459419813E-02,
    0.996194698092));
#17652 = DEFINITIONAL_REPRESENTATION('',(#17653),#17657);
#17653 = LINE('',#17654,#17655);
#17654 = CARTESIAN_POINT('',(0.,0.));
#17655 = VECTOR('',#17656,1.);
#17656 = DIRECTION('',(1.627240830375E-16,-1.));
#17657 = ( GEOMETRIC_REPRESENTATION_CONTEXT(2) 
PARAMETRIC_REPRESENTATION_CONTEXT() REPRESENTATION_CONTEXT('2D SPACE',''
  ) );
#17658 = ORIENTED_EDGE('',*,*,#17659,.T.);
#17659 = EDGE_CURVE('',#17632,#17660,#17662,.T.);
#17660 = VERTEX_POINT('',#17661);
#17661 = CARTESIAN_POINT('',(19.429855619149,28.98323491155,2.12));
#17662 = SURFACE_CURVE('',#17663,(#17667,#17674),.PCURVE_S1.);
#17663 = LINE('',#17664,#17665);
#17664 = CARTESIAN_POINT('',(19.56975,29.2195,2.12));
#17665 = VECTOR('',#17666,1.);
#17666 = DIRECTION('',(-0.50949356659,-0.860474465399,6.812920399978E-17
    ));
#17667 = PCURVE('',#16344,#17668);
#17668 = DEFINITIONAL_REPRESENTATION('',(#17669),#17673);
#17669 = LINE('',#17670,#17671);
#17670 = CARTESIAN_POINT('',(-0.525,0.16625));
#17671 = VECTOR('',#17672,1.);
#17672 = DIRECTION('',(0.923879532511,0.382683432365));
#17673 = ( GEOMETRIC_REPRESENTATION_CONTEXT(2) 
PARAMETRIC_REPRESENTATION_CONTEXT() REPRESENTATION_CONTEXT('2D SPACE',''
  ) );
#17674 = PCURVE('',#17675,#17680);
#17675 = PLANE('',#17676);
#17676 = AXIS2_PLACEMENT_3D('',#17677,#17678,#17679);
#17677 = CARTESIAN_POINT('',(19.56975,29.2195,2.12));
#17678 = DIRECTION('',(-0.857200100274,0.507554789749,
    -8.715574274766E-02));
#17679 = DIRECTION('',(0.50949356659,0.860474465399,-1.444985841437E-16)
  );
#17680 = DEFINITIONAL_REPRESENTATION('',(#17681),#17685);
#17681 = LINE('',#17682,#17683);
#17682 = CARTESIAN_POINT('',(0.,0.));
#17683 = VECTOR('',#17684,1.);
#17684 = DIRECTION('',(-1.,-1.212591059509E-17));
#17685 = ( GEOMETRIC_REPRESENTATION_CONTEXT(2) 
PARAMETRIC_REPRESENTATION_CONTEXT() REPRESENTATION_CONTEXT('2D SPACE',''
  ) );
#17686 = ORIENTED_EDGE('',*,*,#17687,.T.);
#17687 = EDGE_CURVE('',#17660,#17688,#17690,.T.);
#17688 = VERTEX_POINT('',#17689);
#17689 = CARTESIAN_POINT('',(19.498,28.71725,2.12));
#17690 = SURFACE_CURVE('',#17691,(#17695,#17702),.PCURVE_S1.);
#17691 = LINE('',#17692,#17693);
#17692 = CARTESIAN_POINT('',(19.429855619149,28.98323491155,2.12));
#17693 = VECTOR('',#17694,1.);
#17694 = DIRECTION('',(0.248180973615,-0.968713685428,1.131928318413E-16
    ));
#17695 = PCURVE('',#16344,#17696);
#17696 = DEFINITIONAL_REPRESENTATION('',(#17697),#17701);
#17697 = LINE('',#17698,#17699);
#17698 = CARTESIAN_POINT('',(-0.271325442249,0.271325442249));
#17699 = VECTOR('',#17700,1.);
#17700 = DIRECTION('',(0.382683432365,0.923879532511));
#17701 = ( GEOMETRIC_REPRESENTATION_CONTEXT(2) 
PARAMETRIC_REPRESENTATION_CONTEXT() REPRESENTATION_CONTEXT('2D SPACE',''
  ) );
#17702 = PCURVE('',#17703,#17708);
#17703 = PLANE('',#17704);
#17704 = AXIS2_PLACEMENT_3D('',#17705,#17706,#17707);
#17705 = CARTESIAN_POINT('',(19.429855619149,28.98323491155,2.12));
#17706 = DIRECTION('',(-0.965027437392,-0.247236570082,
    -8.715574274766E-02));
#17707 = DIRECTION('',(-0.248180973615,0.968713685428,
    -8.095930902774E-17));
#17708 = DEFINITIONAL_REPRESENTATION('',(#17709),#17713);
#17709 = LINE('',#17710,#17711);
#17710 = CARTESIAN_POINT('',(0.,0.));
#17711 = VECTOR('',#17712,1.);
#17712 = DIRECTION('',(-1.,2.740936871779E-17));
#17713 = ( GEOMETRIC_REPRESENTATION_CONTEXT(2) 
PARAMETRIC_REPRESENTATION_CONTEXT() REPRESENTATION_CONTEXT('2D SPACE',''
  ) );
#17714 = ORIENTED_EDGE('',*,*,#17715,.T.);
#17715 = EDGE_CURVE('',#17688,#17562,#17716,.T.);
#17716 = SURFACE_CURVE('',#17717,(#17721,#17728),.PCURVE_S1.);
#17717 = LINE('',#17718,#17719);
#17718 = CARTESIAN_POINT('',(19.805053002163,28.307845997116,2.12));
#17719 = VECTOR('',#17720,1.);
#17720 = DIRECTION('',(0.6,-0.8,1.110223024625E-16));
#17721 = PCURVE('',#16344,#17722);
#17722 = DEFINITIONAL_REPRESENTATION('',(#17723),#17727);
#17723 = LINE('',#17724,#17725);
#17724 = CARTESIAN_POINT('',(-0.16625,1.036755003605));
#17725 = VECTOR('',#17726,1.);
#17726 = DIRECTION('',(-2.6645352591E-17,1.));
#17727 = ( GEOMETRIC_REPRESENTATION_CONTEXT(2) 
PARAMETRIC_REPRESENTATION_CONTEXT() REPRESENTATION_CONTEXT('2D SPACE',''
  ) );
#17728 = PCURVE('',#17729,#17734);
#17729 = PLANE('',#17730);
#17730 = AXIS2_PLACEMENT_3D('',#17731,#17732,#17733);
#17731 = CARTESIAN_POINT('',(19.805053002163,28.307845997116,2.12));
#17732 = DIRECTION('',(-0.796955758473,-0.597716818855,
    -8.715574274766E-02));
#17733 = DIRECTION('',(6.972459419813E-02,5.229344564859E-02,
    -0.996194698092));
#17734 = DEFINITIONAL_REPRESENTATION('',(#17735),#17739);
#17735 = LINE('',#17736,#17737);
#17736 = CARTESIAN_POINT('',(0.,0.));
#17737 = VECTOR('',#17738,1.);
#17738 = DIRECTION('',(-8.266471869458E-17,1.));
#17739 = ( GEOMETRIC_REPRESENTATION_CONTEXT(2) 
PARAMETRIC_REPRESENTATION_CONTEXT() REPRESENTATION_CONTEXT('2D SPACE',''
  ) );
#17740 = ADVANCED_FACE('',(#17741),#17647,.T.);
#17741 = FACE_BOUND('',#17742,.T.);
#17742 = EDGE_LOOP('',(#17743,#17768,#17789,#17790));
#17743 = ORIENTED_EDGE('',*,*,#17744,.T.);
#17744 = EDGE_CURVE('',#17745,#17747,#17749,.T.);
#17745 = VERTEX_POINT('',#17746);
#17746 = CARTESIAN_POINT('',(20.117512418479,29.547722725223,
    1.364710477384));
#17747 = VERTEX_POINT('',#17748);
#17748 = CARTESIAN_POINT('',(19.638315127508,29.158022996813,
    1.087629914388));
#17749 = SURFACE_CURVE('',#17750,(#17755,#17762),.PCURVE_S1.);
#17750 = CIRCLE('',#17751,2.100036658522);
#17751 = AXIS2_PLACEMENT_3D('',#17752,#17753,#17754);
#17752 = CARTESIAN_POINT('',(19.097858324864,28.973688900181,
    3.108540934802));
#17753 = DIRECTION('',(-0.597716818855,0.796955758473,
    -8.715574274766E-02));
#17754 = DIRECTION('',(-5.22934456486E-02,6.972459419813E-02,
    0.996194698092));
#17755 = PCURVE('',#17647,#17756);
#17756 = DEFINITIONAL_REPRESENTATION('',(#17757),#17761);
#17757 = CIRCLE('',#17758,2.100036658522);
#17758 = AXIS2_PLACEMENT_2D('',#17759,#17760);
#17759 = CARTESIAN_POINT('',(0.992317000577,-1.036755003605));
#17760 = DIRECTION('',(1.,-5.026620643737E-16));
#17761 = ( GEOMETRIC_REPRESENTATION_CONTEXT(2) 
PARAMETRIC_REPRESENTATION_CONTEXT() REPRESENTATION_CONTEXT('2D SPACE',''
  ) );
#17762 = PCURVE('',#16289,#17763);
#17763 = DEFINITIONAL_REPRESENTATION('',(#17764),#17767);
#17764 = B_SPLINE_CURVE_WITH_KNOTS('',1,(#17765,#17766),.UNSPECIFIED.,
  .F.,.F.,(2,2),(2.556304405409,2.880071090405),
  .PIECEWISE_BEZIER_KNOTS.);
#17765 = CARTESIAN_POINT('',(1.437821110379,0.58480713241));
#17766 = CARTESIAN_POINT('',(1.444081074363,0.261327239649));
#17767 = ( GEOMETRIC_REPRESENTATION_CONTEXT(2) 
PARAMETRIC_REPRESENTATION_CONTEXT() REPRESENTATION_CONTEXT('2D SPACE',''
  ) );
#17768 = ORIENTED_EDGE('',*,*,#17769,.F.);
#17769 = EDGE_CURVE('',#17632,#17747,#17770,.T.);
#17770 = SURFACE_CURVE('',#17771,(#17775,#17782),.PCURVE_S1.);
#17771 = LINE('',#17772,#17773);
#17772 = CARTESIAN_POINT('',(19.56975,29.2195,2.12));
#17773 = VECTOR('',#17774,1.);
#17774 = DIRECTION('',(6.615258943775E-02,-5.931386842724E-02,
    -0.996045029064));
#17775 = PCURVE('',#17647,#17776);
#17776 = DEFINITIONAL_REPRESENTATION('',(#17777),#17781);
#17777 = LINE('',#17778,#17779);
#17778 = CARTESIAN_POINT('',(3.25617747302E-16,-0.511755003605));
#17779 = VECTOR('',#17780,1.);
#17780 = DIRECTION('',(-0.999849759261,1.733375049386E-02));
#17781 = ( GEOMETRIC_REPRESENTATION_CONTEXT(2) 
PARAMETRIC_REPRESENTATION_CONTEXT() REPRESENTATION_CONTEXT('2D SPACE',''
  ) );
#17782 = PCURVE('',#17675,#17783);
#17783 = DEFINITIONAL_REPRESENTATION('',(#17784),#17788);
#17784 = LINE('',#17785,#17786);
#17785 = CARTESIAN_POINT('',(0.,0.));
#17786 = VECTOR('',#17787,1.);
#17787 = DIRECTION('',(-1.733375049386E-02,0.999849759261));
#17788 = ( GEOMETRIC_REPRESENTATION_CONTEXT(2) 
PARAMETRIC_REPRESENTATION_CONTEXT() REPRESENTATION_CONTEXT('2D SPACE',''
  ) );
#17789 = ORIENTED_EDGE('',*,*,#17631,.F.);
#17790 = ORIENTED_EDGE('',*,*,#17791,.T.);
#17791 = EDGE_CURVE('',#17604,#17745,#17792,.T.);
#17792 = SURFACE_CURVE('',#17793,(#17797,#17804),.PCURVE_S1.);
#17793 = ( BOUNDED_CURVE() B_SPLINE_CURVE(2,(#17794,#17795,#17796),
.UNSPECIFIED.,.F.,.F.) B_SPLINE_CURVE_WITH_KNOTS((3,3),(0.117640214744,
0.195018048711),.PIECEWISE_BEZIER_KNOTS.) CURVE() 
GEOMETRIC_REPRESENTATION_ITEM() RATIONAL_B_SPLINE_CURVE((1.010513257796,
1.01183860225,1.010359035032)) REPRESENTATION_ITEM('') );
#17794 = CARTESIAN_POINT('',(19.979154002884,29.526553002163,2.12));
#17795 = CARTESIAN_POINT('',(20.044785489593,29.536796657233,
    1.7635656151));
#17796 = CARTESIAN_POINT('',(20.117512418478,29.547722725223,
    1.364710477386));
#17797 = PCURVE('',#17647,#17798);
#17798 = DEFINITIONAL_REPRESENTATION('',(#17799),#17803);
#17799 = ( BOUNDED_CURVE() B_SPLINE_CURVE(2,(#17800,#17801,#17802),
.UNSPECIFIED.,.F.,.F.) B_SPLINE_CURVE_WITH_KNOTS((3,3),(0.117640214744,
0.195018048711),.PIECEWISE_BEZIER_KNOTS.) CURVE() 
GEOMETRIC_REPRESENTATION_ITEM() RATIONAL_B_SPLINE_CURVE((1.010513257796,
1.01183860225,1.010359035032)) REPRESENTATION_ITEM('') );
#17800 = CARTESIAN_POINT('',(2.544631172441E-13,-8.526512829121E-14));
#17801 = CARTESIAN_POINT('',(-0.357795906345,5.86513824088E-02));
#17802 = CARTESIAN_POINT('',(-0.758174605888,0.123388566311));
#17803 = ( GEOMETRIC_REPRESENTATION_CONTEXT(2) 
PARAMETRIC_REPRESENTATION_CONTEXT() REPRESENTATION_CONTEXT('2D SPACE',''
  ) );
#17804 = PCURVE('',#16598,#17805);
#17805 = DEFINITIONAL_REPRESENTATION('',(#17806),#17832);
#17806 = B_SPLINE_CURVE_WITH_KNOTS('',3,(#17807,#17808,#17809,#17810,
    #17811,#17812,#17813,#17814,#17815,#17816,#17817,#17818,#17819,
    #17820,#17821,#17822,#17823,#17824,#17825,#17826,#17827,#17828,
    #17829,#17830,#17831),.UNSPECIFIED.,.F.,.F.,(4,1,1,1,1,1,1,1,1,1,1,1
    ,1,1,1,1,1,1,1,1,1,1,4),(0.117640214744,0.121157389015,
    0.124674563286,0.128191737557,0.131708911829,0.1352260861,
    0.138743260371,0.142260434642,0.145777608914,0.149294783185,
    0.152811957456,0.156329131727,0.159846305999,0.16336348027,
    0.166880654541,0.170397828812,0.173915003084,0.177432177355,
    0.180949351626,0.184466525897,0.187983700169,0.19150087444,
    0.195018048711),.QUASI_UNIFORM_KNOTS.);
#17807 = CARTESIAN_POINT('',(0.159002464585,-2.582034841871E-13));
#17808 = CARTESIAN_POINT('',(0.159623888457,1.081520904051E-02));
#17809 = CARTESIAN_POINT('',(0.160863276478,3.250002882116E-02));
#17810 = CARTESIAN_POINT('',(0.162712061439,6.519153896694E-02));
#17811 = CARTESIAN_POINT('',(0.164550631757,9.80484006746E-02));
#17812 = CARTESIAN_POINT('',(0.166379068703,0.131071700048));
#17813 = CARTESIAN_POINT('',(0.168197452811,0.164262533184));
#17814 = CARTESIAN_POINT('',(0.170005863774,0.197622007675));
#17815 = CARTESIAN_POINT('',(0.171804380482,0.231151242357));
#17816 = CARTESIAN_POINT('',(0.173593081031,0.264851367542));
#17817 = CARTESIAN_POINT('',(0.175372042727,0.29872352511));
#17818 = CARTESIAN_POINT('',(0.177141342099,0.332768868649));
#17819 = CARTESIAN_POINT('',(0.178901054907,0.366988563586));
#17820 = CARTESIAN_POINT('',(0.180651256153,0.401383787317));
#17821 = CARTESIAN_POINT('',(0.182392020086,0.435955729343));
#17822 = CARTESIAN_POINT('',(0.184123420216,0.470705591409));
#17823 = CARTESIAN_POINT('',(0.18584552932,0.505634587639));
#17824 = CARTESIAN_POINT('',(0.187558419451,0.540743944682));
#17825 = CARTESIAN_POINT('',(0.189262161946,0.57603490185));
#17826 = CARTESIAN_POINT('',(0.190956827435,0.61150871129));
#17827 = CARTESIAN_POINT('',(0.192642485853,0.647166638013));
#17828 = CARTESIAN_POINT('',(0.19431920643,0.683009960505));
#17829 = CARTESIAN_POINT('',(0.195987057777,0.71903996916));
#17830 = CARTESIAN_POINT('',(0.197093090982,0.743185304949));
#17831 = CARTESIAN_POINT('',(0.197644651986,0.755289522614));
#17832 = ( GEOMETRIC_REPRESENTATION_CONTEXT(2) 
PARAMETRIC_REPRESENTATION_CONTEXT() REPRESENTATION_CONTEXT('2D SPACE',''
  ) );
#17833 = ADVANCED_FACE('',(#17834),#17675,.T.);
#17834 = FACE_BOUND('',#17835,.T.);
#17835 = EDGE_LOOP('',(#17836,#17859,#17880,#17881));
#17836 = ORIENTED_EDGE('',*,*,#17837,.T.);
#17837 = EDGE_CURVE('',#17747,#17838,#17840,.T.);
#17838 = VERTEX_POINT('',#17839);
#17839 = CARTESIAN_POINT('',(19.529545202933,28.968993542438,
    1.056591056429));
#17840 = SURFACE_CURVE('',#17841,(#17846,#17853),.PCURVE_S1.);
#17841 = CIRCLE('',#17842,2.084454841283);
#17842 = AXIS2_PLACEMENT_3D('',#17843,#17844,#17845);
#17843 = CARTESIAN_POINT('',(19.279391865726,28.901675307328,
    3.124885897222));
#17844 = DIRECTION('',(-0.857200100274,0.507554789749,
    -8.715574274766E-02));
#17845 = DIRECTION('',(0.50949356659,0.860474465399,-8.303663193416E-17)
  );
#17846 = PCURVE('',#17675,#17847);
#17847 = DEFINITIONAL_REPRESENTATION('',(#17848),#17852);
#17848 = CIRCLE('',#17849,2.084454841283);
#17849 = AXIS2_PLACEMENT_2D('',#17850,#17851);
#17850 = CARTESIAN_POINT('',(-0.421415633938,-1.008724398099));
#17851 = DIRECTION('',(1.,-6.550333460566E-17));
#17852 = ( GEOMETRIC_REPRESENTATION_CONTEXT(2) 
PARAMETRIC_REPRESENTATION_CONTEXT() REPRESENTATION_CONTEXT('2D SPACE',''
  ) );
#17853 = PCURVE('',#16289,#17854);
#17854 = DEFINITIONAL_REPRESENTATION('',(#17855),#17858);
#17855 = B_SPLINE_CURVE_WITH_KNOTS('',1,(#17856,#17857),.UNSPECIFIED.,
  .F.,.F.,(2,2),(1.376015328947,1.481745525739),
  .PIECEWISE_BEZIER_KNOTS.);
#17856 = CARTESIAN_POINT('',(1.444081074363,0.261327239649));
#17857 = CARTESIAN_POINT('',(1.404837152354,0.163719756875));
#17858 = ( GEOMETRIC_REPRESENTATION_CONTEXT(2) 
PARAMETRIC_REPRESENTATION_CONTEXT() REPRESENTATION_CONTEXT('2D SPACE',''
  ) );
#17859 = ORIENTED_EDGE('',*,*,#17860,.F.);
#17860 = EDGE_CURVE('',#17660,#17838,#17861,.T.);
#17861 = SURFACE_CURVE('',#17862,(#17866,#17873),.PCURVE_S1.);
#17862 = LINE('',#17863,#17864);
#17863 = CARTESIAN_POINT('',(19.429855619149,28.98323491155,2.12));
#17864 = VECTOR('',#17865,1.);
#17865 = DIRECTION('',(9.332776788557E-02,-1.333253826937E-02,
    -0.995546167269));
#17866 = PCURVE('',#17675,#17867);
#17867 = DEFINITIONAL_REPRESENTATION('',(#17868),#17872);
#17868 = LINE('',#17869,#17870);
#17869 = CARTESIAN_POINT('',(-0.274575362722,5.13031162535E-16));
#17870 = VECTOR('',#17871,1.);
#17871 = DIRECTION('',(3.607758858216E-02,0.999348991895));
#17872 = ( GEOMETRIC_REPRESENTATION_CONTEXT(2) 
PARAMETRIC_REPRESENTATION_CONTEXT() REPRESENTATION_CONTEXT('2D SPACE',''
  ) );
#17873 = PCURVE('',#17703,#17874);
#17874 = DEFINITIONAL_REPRESENTATION('',(#17875),#17879);
#17875 = LINE('',#17876,#17877);
#17876 = CARTESIAN_POINT('',(0.,0.));
#17877 = VECTOR('',#17878,1.);
#17878 = DIRECTION('',(-3.607758858216E-02,0.999348991895));
#17879 = ( GEOMETRIC_REPRESENTATION_CONTEXT(2) 
PARAMETRIC_REPRESENTATION_CONTEXT() REPRESENTATION_CONTEXT('2D SPACE',''
  ) );
#17880 = ORIENTED_EDGE('',*,*,#17659,.F.);
#17881 = ORIENTED_EDGE('',*,*,#17769,.T.);
#17882 = ADVANCED_FACE('',(#17883),#17703,.T.);
#17883 = FACE_BOUND('',#17884,.T.);
#17884 = EDGE_LOOP('',(#17885,#17908,#17929,#17930));
#17885 = ORIENTED_EDGE('',*,*,#17886,.T.);
#17886 = EDGE_CURVE('',#17838,#17887,#17889,.T.);
#17887 = VERTEX_POINT('',#17888);
#17888 = CARTESIAN_POINT('',(19.5810360833,28.757069687357,
    1.087629914388));
#17889 = SURFACE_CURVE('',#17890,(#17895,#17902),.PCURVE_S1.);
#17890 = CIRCLE('',#17891,2.084454841283);
#17891 = AXIS2_PLACEMENT_3D('',#17892,#17893,#17894);
#17892 = CARTESIAN_POINT('',(19.308247105045,29.103661982562,
    3.124885897222));
#17893 = DIRECTION('',(-0.965027437392,-0.247236570082,
    -8.715574274766E-02));
#17894 = DIRECTION('',(-0.248180973615,0.968713685428,
    -9.100364353138E-17));
#17895 = PCURVE('',#17703,#17896);
#17896 = DEFINITIONAL_REPRESENTATION('',(#17897),#17901);
#17897 = CIRCLE('',#17898,2.084454841283);
#17898 = AXIS2_PLACEMENT_2D('',#17899,#17900);
#17899 = CARTESIAN_POINT('',(0.146840271216,-1.008724398099));
#17900 = DIRECTION('',(1.,1.247995191377E-17));
#17901 = ( GEOMETRIC_REPRESENTATION_CONTEXT(2) 
PARAMETRIC_REPRESENTATION_CONTEXT() REPRESENTATION_CONTEXT('2D SPACE',''
  ) );
#17902 = PCURVE('',#16289,#17903);
#17903 = DEFINITIONAL_REPRESENTATION('',(#17904),#17907);
#17904 = B_SPLINE_CURVE_WITH_KNOTS('',1,(#17905,#17906),.UNSPECIFIED.,
  .F.,.F.,(2,2),(1.659847127851,1.765577324643),
  .PIECEWISE_BEZIER_KNOTS.);
#17905 = CARTESIAN_POINT('',(1.404837152354,0.163719756875));
#17906 = CARTESIAN_POINT('',(1.307452872656,0.122391008053));
#17907 = ( GEOMETRIC_REPRESENTATION_CONTEXT(2) 
PARAMETRIC_REPRESENTATION_CONTEXT() REPRESENTATION_CONTEXT('2D SPACE',''
  ) );
#17908 = ORIENTED_EDGE('',*,*,#17909,.F.);
#17909 = EDGE_CURVE('',#17688,#17887,#17910,.T.);
#17910 = SURFACE_CURVE('',#17911,(#17915,#17922),.PCURVE_S1.);
#17911 = LINE('',#17912,#17913);
#17912 = CARTESIAN_POINT('',(19.498710665209,28.717590797221,
    2.111164449551));
#17913 = VECTOR('',#17914,1.);
#17914 = DIRECTION('',(8.011436901987E-02,3.841858864758E-02,
    -0.996045029064));
#17915 = PCURVE('',#17703,#17916);
#17916 = DEFINITIONAL_REPRESENTATION('',(#17917),#17921);
#17917 = LINE('',#17918,#17919);
#17918 = CARTESIAN_POINT('',(-0.274421601373,8.869300815927E-03));
#17919 = VECTOR('',#17920,1.);
#17920 = DIRECTION('',(1.733375049386E-02,0.999849759261));
#17921 = ( GEOMETRIC_REPRESENTATION_CONTEXT(2) 
PARAMETRIC_REPRESENTATION_CONTEXT() REPRESENTATION_CONTEXT('2D SPACE',''
  ) );
#17922 = PCURVE('',#17729,#17923);
#17923 = DEFINITIONAL_REPRESENTATION('',(#17924),#17928);
#17924 = LINE('',#17925,#17926);
#17925 = CARTESIAN_POINT('',(8.869300815933E-03,-0.511601242256));
#17926 = VECTOR('',#17927,1.);
#17927 = DIRECTION('',(0.999849759261,1.733375049386E-02));
#17928 = ( GEOMETRIC_REPRESENTATION_CONTEXT(2) 
PARAMETRIC_REPRESENTATION_CONTEXT() REPRESENTATION_CONTEXT('2D SPACE',''
  ) );
#17929 = ORIENTED_EDGE('',*,*,#17687,.F.);
#17930 = ORIENTED_EDGE('',*,*,#17860,.T.);
#17931 = ADVANCED_FACE('',(#17932),#17729,.T.);
#17932 = FACE_BOUND('',#17933,.T.);
#17933 = EDGE_LOOP('',(#17934,#17957,#18000,#18001));
#17934 = ORIENTED_EDGE('',*,*,#17935,.T.);
#17935 = EDGE_CURVE('',#17887,#17936,#17938,.T.);
#17936 = VERTEX_POINT('',#17937);
#17937 = CARTESIAN_POINT('',(19.931949558677,28.248782706612,
    1.364710477384));
#17938 = SURFACE_CURVE('',#17939,(#17944,#17951),.PCURVE_S1.);
#17939 = CIRCLE('',#17940,2.100036658522);
#17940 = AXIS2_PLACEMENT_3D('',#17941,#17942,#17943);
#17941 = CARTESIAN_POINT('',(19.113811099819,29.085358324864,
    3.108540934802));
#17942 = DIRECTION('',(-0.796955758473,-0.597716818855,
    -8.715574274766E-02));
#17943 = DIRECTION('',(6.972459419813E-02,5.22934456486E-02,
    -0.996194698092));
#17944 = PCURVE('',#17729,#17945);
#17945 = DEFINITIONAL_REPRESENTATION('',(#17946),#17950);
#17946 = CIRCLE('',#17947,2.100036658522);
#17947 = AXIS2_PLACEMENT_2D('',#17948,#17949);
#17948 = CARTESIAN_POINT('',(-0.992317000577,-1.036755003605));
#17949 = DIRECTION('',(1.,-6.514698929817E-16));
#17950 = ( GEOMETRIC_REPRESENTATION_CONTEXT(2) 
PARAMETRIC_REPRESENTATION_CONTEXT() REPRESENTATION_CONTEXT('2D SPACE',''
  ) );
#17951 = PCURVE('',#16289,#17952);
#17952 = DEFINITIONAL_REPRESENTATION('',(#17953),#17956);
#17953 = B_SPLINE_CURVE_WITH_KNOTS('',1,(#17954,#17955),.UNSPECIFIED.,
  .F.,.F.,(2,2),(0.261521563185,0.585288248181),
  .PIECEWISE_BEZIER_KNOTS.);
#17954 = CARTESIAN_POINT('',(1.307452872656,0.122391008053));
#17955 = CARTESIAN_POINT('',(0.981900508166,0.110777160614));
#17956 = ( GEOMETRIC_REPRESENTATION_CONTEXT(2) 
PARAMETRIC_REPRESENTATION_CONTEXT() REPRESENTATION_CONTEXT('2D SPACE',''
  ) );
#17957 = ORIENTED_EDGE('',*,*,#17958,.F.);
#17958 = EDGE_CURVE('',#17562,#17936,#17959,.T.);
#17959 = SURFACE_CURVE('',#17960,(#17964,#17971),.PCURVE_S1.);
#17960 = ( BOUNDED_CURVE() B_SPLINE_CURVE(2,(#17961,#17962,#17963),
.UNSPECIFIED.,.F.,.F.) B_SPLINE_CURVE_WITH_KNOTS((3,3),(-0.190763574858,
-0.113385740891),.PIECEWISE_BEZIER_KNOTS.) CURVE() 
GEOMETRIC_REPRESENTATION_ITEM() RATIONAL_B_SPLINE_CURVE((1.010513257796,
1.01183860225,1.010359035033)) REPRESENTATION_ITEM('') );
#17961 = CARTESIAN_POINT('',(19.805053002163,28.307845997116,2.12));
#17962 = CARTESIAN_POINT('',(19.865191005984,28.279635271971,
    1.7635656151));
#17963 = CARTESIAN_POINT('',(19.931949558677,28.248782706612,
    1.364710477386));
#17964 = PCURVE('',#17729,#17965);
#17965 = DEFINITIONAL_REPRESENTATION('',(#17966),#17970);
#17966 = ( BOUNDED_CURVE() B_SPLINE_CURVE(2,(#17967,#17968,#17969),
.UNSPECIFIED.,.F.,.F.) B_SPLINE_CURVE_WITH_KNOTS((3,3),(-0.190763574858,
-0.113385740891),.PIECEWISE_BEZIER_KNOTS.) CURVE() 
GEOMETRIC_REPRESENTATION_ITEM() RATIONAL_B_SPLINE_CURVE((1.010513257796,
1.01183860225,1.010359035033)) REPRESENTATION_ITEM('') );
#17967 = CARTESIAN_POINT('',(-2.494671136333E-13,0.));
#17968 = CARTESIAN_POINT('',(0.357795906345,5.865138240878E-02));
#17969 = CARTESIAN_POINT('',(0.758174605888,0.123388566311));
#17970 = ( GEOMETRIC_REPRESENTATION_CONTEXT(2) 
PARAMETRIC_REPRESENTATION_CONTEXT() REPRESENTATION_CONTEXT('2D SPACE',''
  ) );
#17971 = PCURVE('',#17204,#17972);
#17972 = DEFINITIONAL_REPRESENTATION('',(#17973),#17999);
#17973 = B_SPLINE_CURVE_WITH_KNOTS('',3,(#17974,#17975,#17976,#17977,
    #17978,#17979,#17980,#17981,#17982,#17983,#17984,#17985,#17986,
    #17987,#17988,#17989,#17990,#17991,#17992,#17993,#17994,#17995,
    #17996,#17997,#17998),.UNSPECIFIED.,.F.,.F.,(4,1,1,1,1,1,1,1,1,1,1,1
    ,1,1,1,1,1,1,1,1,1,1,4),(-0.190763574858,-0.187246400587,
    -0.183729226316,-0.180212052045,-0.176694877773,-0.173177703502,
    -0.169660529231,-0.16614335496,-0.162626180688,-0.159109006417,
    -0.155591832146,-0.152074657875,-0.148557483603,-0.145040309332,
    -0.141523135061,-0.138005960789,-0.134488786518,-0.130971612247,
    -0.127454437976,-0.123937263704,-0.120420089433,-0.116902915162,
    -0.113385740891),.QUASI_UNIFORM_KNOTS.);
#17974 = CARTESIAN_POINT('',(4.553386515799,-2.416097797063E-13));
#17975 = CARTESIAN_POINT('',(4.552765091928,1.081520904052E-02));
#17976 = CARTESIAN_POINT('',(4.551525703907,3.250002882114E-02));
#17977 = CARTESIAN_POINT('',(4.549676918945,6.519153896689E-02));
#17978 = CARTESIAN_POINT('',(4.547838348628,9.804840067452E-02));
#17979 = CARTESIAN_POINT('',(4.546009911681,0.131071700048));
#17980 = CARTESIAN_POINT('',(4.544191527573,0.164262533184));
#17981 = CARTESIAN_POINT('',(4.542383116611,0.197622007674));
#17982 = CARTESIAN_POINT('',(4.540584599902,0.231151242357));
#17983 = CARTESIAN_POINT('',(4.538795899354,0.264851367542));
#17984 = CARTESIAN_POINT('',(4.537016937658,0.298723525109));
#17985 = CARTESIAN_POINT('',(4.535247638286,0.332768868649));
#17986 = CARTESIAN_POINT('',(4.533487925477,0.366988563586));
#17987 = CARTESIAN_POINT('',(4.531737724232,0.401383787317));
#17988 = CARTESIAN_POINT('',(4.529996960299,0.435955729343));
#17989 = CARTESIAN_POINT('',(4.528265560168,0.470705591409));
#17990 = CARTESIAN_POINT('',(4.526543451064,0.505634587638));
#17991 = CARTESIAN_POINT('',(4.524830560934,0.540743944682));
#17992 = CARTESIAN_POINT('',(4.523126818439,0.57603490185));
#17993 = CARTESIAN_POINT('',(4.52143215295,0.61150871129));
#17994 = CARTESIAN_POINT('',(4.519746494531,0.647166638013));
#17995 = CARTESIAN_POINT('',(4.518069773955,0.683009960505));
#17996 = CARTESIAN_POINT('',(4.516401922608,0.71903996916));
#17997 = CARTESIAN_POINT('',(4.515295889403,0.743185304949));
#17998 = CARTESIAN_POINT('',(4.514744328398,0.755289522614));
#17999 = ( GEOMETRIC_REPRESENTATION_CONTEXT(2) 
PARAMETRIC_REPRESENTATION_CONTEXT() REPRESENTATION_CONTEXT('2D SPACE',''
  ) );
#18000 = ORIENTED_EDGE('',*,*,#17715,.F.);
#18001 = ORIENTED_EDGE('',*,*,#17909,.T.);
#18002 = ADVANCED_FACE('',(#18003),#17204,.F.);
#18003 = FACE_BOUND('',#18004,.F.);
#18004 = EDGE_LOOP('',(#18005,#18006,#18007,#18008));
#18005 = ORIENTED_EDGE('',*,*,#17958,.F.);
#18006 = ORIENTED_EDGE('',*,*,#17561,.T.);
#18007 = ORIENTED_EDGE('',*,*,#17190,.T.);
#18008 = ORIENTED_EDGE('',*,*,#18009,.F.);
#18009 = EDGE_CURVE('',#17936,#17110,#18010,.T.);
#18010 = SURFACE_CURVE('',#18011,(#18016,#18023),.PCURVE_S1.);
#18011 = CIRCLE('',#18012,1.183177921084);
#18012 = AXIS2_PLACEMENT_3D('',#18013,#18014,#18015);
#18013 = CARTESIAN_POINT('',(19.05,29.0375,1.364710477384));
#18014 = DIRECTION('',(9.71445146547E-17,-1.110223024625E-16,-1.));
#18015 = DIRECTION('',(-0.8,-0.6,-1.110223024625E-17));
#18016 = PCURVE('',#17204,#18017);
#18017 = DEFINITIONAL_REPRESENTATION('',(#18018),#18022);
#18018 = LINE('',#18019,#18020);
#18019 = CARTESIAN_POINT('',(-4.440892098501E-15,0.755289522616));
#18020 = VECTOR('',#18021,1.);
#18021 = DIRECTION('',(1.,-5.531929304615E-16));
#18022 = ( GEOMETRIC_REPRESENTATION_CONTEXT(2) 
PARAMETRIC_REPRESENTATION_CONTEXT() REPRESENTATION_CONTEXT('2D SPACE',''
  ) );
#18023 = PCURVE('',#16289,#18024);
#18024 = DEFINITIONAL_REPRESENTATION('',(#18025),#18051);
#18025 = B_SPLINE_CURVE_WITH_KNOTS('',3,(#18026,#18027,#18028,#18029,
    #18030,#18031,#18032,#18033,#18034,#18035,#18036,#18037,#18038,
    #18039,#18040,#18041,#18042,#18043,#18044,#18045,#18046,#18047,
    #18048,#18049,#18050),.UNSPECIFIED.,.F.,.F.,(4,1,1,1,1,1,1,1,1,1,1,1
    ,1,1,1,1,1,1,1,1,1,1,4),(4.514744328398,4.532712024033,
    4.550679719669,4.568647415304,4.586615110939,4.604582806574,
    4.622550502209,4.640518197844,4.658485893479,4.676453589114,
    4.69442128475,4.712388980385,4.73035667602,4.748324371655,
    4.76629206729,4.784259762925,4.80222745856,4.820195154195,
    4.83816284983,4.856130545466,4.874098241101,4.892065936736,
    4.910033632371),.QUASI_UNIFORM_KNOTS.);
#18026 = CARTESIAN_POINT('',(0.981900508166,0.110777160614));
#18027 = CARTESIAN_POINT('',(0.981346531952,0.107450481572));
#18028 = CARTESIAN_POINT('',(0.980289501427,0.100788850526));
#18029 = CARTESIAN_POINT('',(0.978856323519,9.077387446717E-02));
#18030 = CARTESIAN_POINT('',(0.977575100111,8.073866307346E-02));
#18031 = CARTESIAN_POINT('',(0.976445472238,7.06854938405E-02));
#18032 = CARTESIAN_POINT('',(0.975467117695,6.061663497732E-02));
#18033 = CARTESIAN_POINT('',(0.974639756729,5.05343450765E-02));
#18034 = CARTESIAN_POINT('',(0.973963151331,4.044087485987E-02));
#18035 = CARTESIAN_POINT('',(0.973437106125,3.033846837774E-02));
#18036 = CARTESIAN_POINT('',(0.973061468694,2.022936436258E-02));
#18037 = CARTESIAN_POINT('',(0.972836129942,1.01157975477E-02));
#18038 = CARTESIAN_POINT('',(0.972761024313,2.152165967396E-14));
#18039 = CARTESIAN_POINT('',(0.972836129942,-1.011579754766E-02));
#18040 = CARTESIAN_POINT('',(0.973061468694,-2.022936436255E-02));
#18041 = CARTESIAN_POINT('',(0.973437106125,-3.03384683777E-02));
#18042 = CARTESIAN_POINT('',(0.973963151331,-4.044087485984E-02));
#18043 = CARTESIAN_POINT('',(0.974639756729,-5.053434507647E-02));
#18044 = CARTESIAN_POINT('',(0.975467117695,-6.061663497728E-02));
#18045 = CARTESIAN_POINT('',(0.976445472238,-7.068549384047E-02));
#18046 = CARTESIAN_POINT('',(0.977575100111,-8.073866307342E-02));
#18047 = CARTESIAN_POINT('',(0.978856323519,-9.077387446714E-02));
#18048 = CARTESIAN_POINT('',(0.980289501427,-0.100788850526));
#18049 = CARTESIAN_POINT('',(0.981346531952,-0.107450481572));
#18050 = CARTESIAN_POINT('',(0.981900508166,-0.110777160614));
#18051 = ( GEOMETRIC_REPRESENTATION_CONTEXT(2) 
PARAMETRIC_REPRESENTATION_CONTEXT() REPRESENTATION_CONTEXT('2D SPACE',''
  ) );
#18052 = ADVANCED_FACE('',(#18053),#16250,.T.);
#18053 = FACE_BOUND('',#18054,.T.);
#18054 = EDGE_LOOP('',(#18055,#18056,#18080,#18107));
#18055 = ORIENTED_EDGE('',*,*,#16228,.F.);
#18056 = ORIENTED_EDGE('',*,*,#18057,.T.);
#18057 = EDGE_CURVE('',#16229,#18058,#18060,.T.);
#18058 = VERTEX_POINT('',#18059);
#18059 = CARTESIAN_POINT('',(18.,30.4375,2.2));
#18060 = SEAM_CURVE('',#18061,(#18066,#18073),.PCURVE_S1.);
#18061 = CIRCLE('',#18062,0.2);
#18062 = AXIS2_PLACEMENT_3D('',#18063,#18064,#18065);
#18063 = CARTESIAN_POINT('',(18.12,30.2775,2.2));
#18064 = DIRECTION('',(-0.8,-0.6,-1.110223024625E-17));
#18065 = DIRECTION('',(-0.6,0.8,-1.664003471951E-34));
#18066 = PCURVE('',#16250,#18067);
#18067 = DEFINITIONAL_REPRESENTATION('',(#18068),#18072);
#18068 = LINE('',#18069,#18070);
#18069 = CARTESIAN_POINT('',(-3.14159265359,6.28318530718));
#18070 = VECTOR('',#18071,1.);
#18071 = DIRECTION('',(0.,-1.));
#18072 = ( GEOMETRIC_REPRESENTATION_CONTEXT(2) 
PARAMETRIC_REPRESENTATION_CONTEXT() REPRESENTATION_CONTEXT('2D SPACE',''
  ) );
#18073 = PCURVE('',#16250,#18074);
#18074 = DEFINITIONAL_REPRESENTATION('',(#18075),#18079);
#18075 = LINE('',#18076,#18077);
#18076 = CARTESIAN_POINT('',(3.14159265359,6.28318530718));
#18077 = VECTOR('',#18078,1.);
#18078 = DIRECTION('',(0.,-1.));
#18079 = ( GEOMETRIC_REPRESENTATION_CONTEXT(2) 
PARAMETRIC_REPRESENTATION_CONTEXT() REPRESENTATION_CONTEXT('2D SPACE',''
  ) );
#18080 = ORIENTED_EDGE('',*,*,#18081,.T.);
#18081 = EDGE_CURVE('',#18058,#18058,#18082,.T.);
#18082 = SURFACE_CURVE('',#18083,(#18088,#18095),.PCURVE_S1.);
#18083 = CIRCLE('',#18084,1.75);
#18084 = AXIS2_PLACEMENT_3D('',#18085,#18086,#18087);
#18085 = CARTESIAN_POINT('',(19.05,29.0375,2.2));
#18086 = DIRECTION('',(-2.366570670586E-17,1.305055853073E-17,1.));
#18087 = DIRECTION('',(0.6,-0.8,2.46398708481E-17));
#18088 = PCURVE('',#16250,#18089);
#18089 = DEFINITIONAL_REPRESENTATION('',(#18090),#18094);
#18090 = LINE('',#18091,#18092);
#18091 = CARTESIAN_POINT('',(-6.28318530718,0.));
#18092 = VECTOR('',#18093,1.);
#18093 = DIRECTION('',(1.,0.));
#18094 = ( GEOMETRIC_REPRESENTATION_CONTEXT(2) 
PARAMETRIC_REPRESENTATION_CONTEXT() REPRESENTATION_CONTEXT('2D SPACE',''
  ) );
#18095 = PCURVE('',#18096,#18101);
#18096 = CYLINDRICAL_SURFACE('',#18097,1.75);
#18097 = AXIS2_PLACEMENT_3D('',#18098,#18099,#18100);
#18098 = CARTESIAN_POINT('',(19.05,29.0375,1.));
#18099 = DIRECTION('',(-2.366570670586E-17,1.305055853073E-17,1.));
#18100 = DIRECTION('',(0.6,-0.8,2.46398708481E-17));
#18101 = DEFINITIONAL_REPRESENTATION('',(#18102),#18106);
#18102 = LINE('',#18103,#18104);
#18103 = CARTESIAN_POINT('',(-6.28318530718,1.2));
#18104 = VECTOR('',#18105,1.);
#18105 = DIRECTION('',(1.,0.));
#18106 = ( GEOMETRIC_REPRESENTATION_CONTEXT(2) 
PARAMETRIC_REPRESENTATION_CONTEXT() REPRESENTATION_CONTEXT('2D SPACE',''
  ) );
#18107 = ORIENTED_EDGE('',*,*,#18057,.F.);
#18108 = ADVANCED_FACE('',(#18109),#18096,.T.);
#18109 = FACE_BOUND('',#18110,.T.);
#18110 = EDGE_LOOP('',(#18111,#18112,#18135,#18162));
#18111 = ORIENTED_EDGE('',*,*,#18081,.F.);
#18112 = ORIENTED_EDGE('',*,*,#18113,.T.);
#18113 = EDGE_CURVE('',#18058,#18114,#18116,.T.);
#18114 = VERTEX_POINT('',#18115);
#18115 = CARTESIAN_POINT('',(18.,30.4375,2.));
#18116 = SEAM_CURVE('',#18117,(#18121,#18128),.PCURVE_S1.);
#18117 = LINE('',#18118,#18119);
#18118 = CARTESIAN_POINT('',(18.,30.4375,1.));
#18119 = VECTOR('',#18120,1.);
#18120 = DIRECTION('',(2.366570670586E-17,-1.305055853073E-17,-1.));
#18121 = PCURVE('',#18096,#18122);
#18122 = DEFINITIONAL_REPRESENTATION('',(#18123),#18127);
#18123 = LINE('',#18124,#18125);
#18124 = CARTESIAN_POINT('',(-3.14159265359,0.));
#18125 = VECTOR('',#18126,1.);
#18126 = DIRECTION('',(0.,-1.));
#18127 = ( GEOMETRIC_REPRESENTATION_CONTEXT(2) 
PARAMETRIC_REPRESENTATION_CONTEXT() REPRESENTATION_CONTEXT('2D SPACE',''
  ) );
#18128 = PCURVE('',#18096,#18129);
#18129 = DEFINITIONAL_REPRESENTATION('',(#18130),#18134);
#18130 = LINE('',#18131,#18132);
#18131 = CARTESIAN_POINT('',(3.14159265359,0.));
#18132 = VECTOR('',#18133,1.);
#18133 = DIRECTION('',(0.,-1.));
#18134 = ( GEOMETRIC_REPRESENTATION_CONTEXT(2) 
PARAMETRIC_REPRESENTATION_CONTEXT() REPRESENTATION_CONTEXT('2D SPACE',''
  ) );
#18135 = ORIENTED_EDGE('',*,*,#18136,.T.);
#18136 = EDGE_CURVE('',#18114,#18114,#18137,.T.);
#18137 = SURFACE_CURVE('',#18138,(#18143,#18150),.PCURVE_S1.);
#18138 = CIRCLE('',#18139,1.75);
#18139 = AXIS2_PLACEMENT_3D('',#18140,#18141,#18142);
#18140 = CARTESIAN_POINT('',(19.05,29.0375,2.));
#18141 = DIRECTION('',(-2.366570670586E-17,1.305055853073E-17,1.));
#18142 = DIRECTION('',(0.6,-0.8,2.46398708481E-17));
#18143 = PCURVE('',#18096,#18144);
#18144 = DEFINITIONAL_REPRESENTATION('',(#18145),#18149);
#18145 = LINE('',#18146,#18147);
#18146 = CARTESIAN_POINT('',(-6.28318530718,1.));
#18147 = VECTOR('',#18148,1.);
#18148 = DIRECTION('',(1.,0.));
#18149 = ( GEOMETRIC_REPRESENTATION_CONTEXT(2) 
PARAMETRIC_REPRESENTATION_CONTEXT() REPRESENTATION_CONTEXT('2D SPACE',''
  ) );
#18150 = PCURVE('',#18151,#18156);
#18151 = TOROIDAL_SURFACE('',#18152,1.55,0.2);
#18152 = AXIS2_PLACEMENT_3D('',#18153,#18154,#18155);
#18153 = CARTESIAN_POINT('',(19.05,29.0375,2.));
#18154 = DIRECTION('',(-2.366570670586E-17,1.305055853073E-17,1.));
#18155 = DIRECTION('',(0.6,-0.8,2.46398708481E-17));
#18156 = DEFINITIONAL_REPRESENTATION('',(#18157),#18161);
#18157 = LINE('',#18158,#18159);
#18158 = CARTESIAN_POINT('',(-6.28318530718,6.28318530718));
#18159 = VECTOR('',#18160,1.);
#18160 = DIRECTION('',(1.,0.));
#18161 = ( GEOMETRIC_REPRESENTATION_CONTEXT(2) 
PARAMETRIC_REPRESENTATION_CONTEXT() REPRESENTATION_CONTEXT('2D SPACE',''
  ) );
#18162 = ORIENTED_EDGE('',*,*,#18113,.F.);
#18163 = ADVANCED_FACE('',(#18164),#18151,.T.);
#18164 = FACE_BOUND('',#18165,.T.);
#18165 = EDGE_LOOP('',(#18166,#18167,#18191,#18235));
#18166 = ORIENTED_EDGE('',*,*,#18136,.F.);
#18167 = ORIENTED_EDGE('',*,*,#18168,.T.);
#18168 = EDGE_CURVE('',#18114,#18169,#18171,.T.);
#18169 = VERTEX_POINT('',#18170);
#18170 = CARTESIAN_POINT('',(18.022185702547,30.40791906327,
    1.884141331142));
#18171 = SEAM_CURVE('',#18172,(#18177,#18184),.PCURVE_S1.);
#18172 = CIRCLE('',#18173,0.2);
#18173 = AXIS2_PLACEMENT_3D('',#18174,#18175,#18176);
#18174 = CARTESIAN_POINT('',(18.12,30.2775,2.));
#18175 = DIRECTION('',(-0.8,-0.6,-1.110223024625E-17));
#18176 = DIRECTION('',(-0.6,0.8,4.930380657642E-35));
#18177 = PCURVE('',#18151,#18178);
#18178 = DEFINITIONAL_REPRESENTATION('',(#18179),#18183);
#18179 = LINE('',#18180,#18181);
#18180 = CARTESIAN_POINT('',(-3.14159265359,6.28318530718));
#18181 = VECTOR('',#18182,1.);
#18182 = DIRECTION('',(0.,-1.));
#18183 = ( GEOMETRIC_REPRESENTATION_CONTEXT(2) 
PARAMETRIC_REPRESENTATION_CONTEXT() REPRESENTATION_CONTEXT('2D SPACE',''
  ) );
#18184 = PCURVE('',#18151,#18185);
#18185 = DEFINITIONAL_REPRESENTATION('',(#18186),#18190);
#18186 = LINE('',#18187,#18188);
#18187 = CARTESIAN_POINT('',(3.14159265359,6.28318530718));
#18188 = VECTOR('',#18189,1.);
#18189 = DIRECTION('',(0.,-1.));
#18190 = ( GEOMETRIC_REPRESENTATION_CONTEXT(2) 
PARAMETRIC_REPRESENTATION_CONTEXT() REPRESENTATION_CONTEXT('2D SPACE',''
  ) );
#18191 = ORIENTED_EDGE('',*,*,#18192,.T.);
#18192 = EDGE_CURVE('',#18169,#18169,#18193,.T.);
#18193 = SURFACE_CURVE('',#18194,(#18199,#18206),.PCURVE_S1.);
#18194 = CIRCLE('',#18195,1.713023829088);
#18195 = AXIS2_PLACEMENT_3D('',#18196,#18197,#18198);
#18196 = CARTESIAN_POINT('',(19.05,29.0375,1.884141331142));
#18197 = DIRECTION('',(-2.366570670586E-17,1.305055853073E-17,1.));
#18198 = DIRECTION('',(0.6,-0.8,2.46398708481E-17));
#18199 = PCURVE('',#18151,#18200);
#18200 = DEFINITIONAL_REPRESENTATION('',(#18201),#18205);
#18201 = LINE('',#18202,#18203);
#18202 = CARTESIAN_POINT('',(-6.28318530718,5.665323819332));
#18203 = VECTOR('',#18204,1.);
#18204 = DIRECTION('',(1.,0.));
#18205 = ( GEOMETRIC_REPRESENTATION_CONTEXT(2) 
PARAMETRIC_REPRESENTATION_CONTEXT() REPRESENTATION_CONTEXT('2D SPACE',''
  ) );
#18206 = PCURVE('',#16289,#18207);
#18207 = DEFINITIONAL_REPRESENTATION('',(#18208),#18234);
#18208 = B_SPLINE_CURVE_WITH_KNOTS('',3,(#18209,#18210,#18211,#18212,
    #18213,#18214,#18215,#18216,#18217,#18218,#18219,#18220,#18221,
    #18222,#18223,#18224,#18225,#18226,#18227,#18228,#18229,#18230,
    #18231,#18232,#18233),.UNSPECIFIED.,.T.,.F.,(4,1,1,1,1,1,1,1,1,1,1,1
    ,1,1,1,1,1,1,1,1,1,1,4),(3.14159265359,3.427191985734,3.712791317879
    ,3.998390650023,4.283989982168,4.569589314312,4.855188646457,
    5.140787978601,5.426387310746,5.711986642891,5.997585975035,
    6.28318530718,6.568784639324,6.854383971469,7.139983303613,
    7.425582635758,7.711181967902,7.996781300047,8.282380632191,
    8.567979964336,8.85357929648,9.139178628625,9.424777960769),
  .QUASI_UNIFORM_KNOTS.);
#18209 = CARTESIAN_POINT('',(2.523731165742,0.));
#18210 = CARTESIAN_POINT('',(2.52272362763,-7.727486815084E-02));
#18211 = CARTESIAN_POINT('',(2.511611458875,-0.232962752047));
#18212 = CARTESIAN_POINT('',(2.44973968995,-0.458999284883));
#18213 = CARTESIAN_POINT('',(2.33020396161,-0.669221090277));
#18214 = CARTESIAN_POINT('',(2.121462549219,-0.846242679041));
#18215 = CARTESIAN_POINT('',(1.782512386702,-0.957256077598));
#18216 = CARTESIAN_POINT('',(1.359082031403,-0.957255080971));
#18217 = CARTESIAN_POINT('',(1.020121281796,-0.846245668921));
#18218 = CARTESIAN_POINT('',(0.811422217766,-0.669210127384));
#18219 = CARTESIAN_POINT('',(0.691727683069,-0.459040146574));
#18220 = CARTESIAN_POINT('',(0.630448791212,-0.232810268175));
#18221 = CARTESIAN_POINT('',(0.611567836165,4.436682146852E-17));
#18222 = CARTESIAN_POINT('',(0.630448791212,0.232810268175));
#18223 = CARTESIAN_POINT('',(0.691727683069,0.459040146574));
#18224 = CARTESIAN_POINT('',(0.811422217766,0.669210127384));
#18225 = CARTESIAN_POINT('',(1.020121281796,0.846245668921));
#18226 = CARTESIAN_POINT('',(1.359082031403,0.957255080971));
#18227 = CARTESIAN_POINT('',(1.782512386702,0.957256077598));
#18228 = CARTESIAN_POINT('',(2.121462549219,0.846242679041));
#18229 = CARTESIAN_POINT('',(2.33020396161,0.669221090277));
#18230 = CARTESIAN_POINT('',(2.44973968995,0.458999284883));
#18231 = CARTESIAN_POINT('',(2.511611458875,0.232962752047));
#18232 = CARTESIAN_POINT('',(2.52272362763,7.727486815084E-02));
#18233 = CARTESIAN_POINT('',(2.523731165742,0.));
#18234 = ( GEOMETRIC_REPRESENTATION_CONTEXT(2) 
PARAMETRIC_REPRESENTATION_CONTEXT() REPRESENTATION_CONTEXT('2D SPACE',''
  ) );
#18235 = ORIENTED_EDGE('',*,*,#18168,.F.);
#18236 = ADVANCED_FACE('',(#18237,#18240),#16289,.T.);
#18237 = FACE_BOUND('',#18238,.T.);
#18238 = EDGE_LOOP('',(#18239));
#18239 = ORIENTED_EDGE('',*,*,#18192,.F.);
#18240 = FACE_BOUND('',#18241,.T.);
#18241 = EDGE_LOOP('',(#18242,#18243,#18244,#18245,#18246,#18247,#18248,
    #18249,#18250,#18251,#18252,#18253,#18254,#18255,#18256,#18257,
    #18301,#18302,#18303,#18304));
#18242 = ORIENTED_EDGE('',*,*,#17061,.F.);
#18243 = ORIENTED_EDGE('',*,*,#16941,.F.);
#18244 = ORIENTED_EDGE('',*,*,#16865,.F.);
#18245 = ORIENTED_EDGE('',*,*,#16789,.F.);
#18246 = ORIENTED_EDGE('',*,*,#16657,.F.);
#18247 = ORIENTED_EDGE('',*,*,#17514,.F.);
#18248 = ORIENTED_EDGE('',*,*,#17393,.F.);
#18249 = ORIENTED_EDGE('',*,*,#17317,.F.);
#18250 = ORIENTED_EDGE('',*,*,#17241,.F.);
#18251 = ORIENTED_EDGE('',*,*,#17109,.F.);
#18252 = ORIENTED_EDGE('',*,*,#18009,.F.);
#18253 = ORIENTED_EDGE('',*,*,#17935,.F.);
#18254 = ORIENTED_EDGE('',*,*,#17886,.F.);
#18255 = ORIENTED_EDGE('',*,*,#17837,.F.);
#18256 = ORIENTED_EDGE('',*,*,#17744,.F.);
#18257 = ORIENTED_EDGE('',*,*,#18258,.F.);
#18258 = EDGE_CURVE('',#16560,#17745,#18259,.T.);
#18259 = SURFACE_CURVE('',#18260,(#18265,#18294),.PCURVE_S1.);
#18260 = CIRCLE('',#18261,1.183177921084);
#18261 = AXIS2_PLACEMENT_3D('',#18262,#18263,#18264);
#18262 = CARTESIAN_POINT('',(19.05,29.0375,1.364710477384));
#18263 = DIRECTION('',(9.71445146547E-17,-1.110223024625E-16,-1.));
#18264 = DIRECTION('',(-6.842277657836E-49,-1.,1.110223024625E-16));
#18265 = PCURVE('',#16289,#18266);
#18266 = DEFINITIONAL_REPRESENTATION('',(#18267),#18293);
#18267 = B_SPLINE_CURVE_WITH_KNOTS('',3,(#18268,#18269,#18270,#18271,
    #18272,#18273,#18274,#18275,#18276,#18277,#18278,#18279,#18280,
    #18281,#18282,#18283,#18284,#18285,#18286,#18287,#18288,#18289,
    #18290,#18291,#18292),.UNSPECIFIED.,.F.,.F.,(4,1,1,1,1,1,1,1,1,1,1,1
    ,1,1,1,1,1,1,1,1,1,1,4),(3.871243219605,3.88921091524,3.907178610875
    ,3.92514630651,3.943114002146,3.961081697781,3.979049393416,
    3.997017089051,4.014984784686,4.032952480321,4.050920175956,
    4.068887871591,4.086855567227,4.104823262862,4.122790958497,
    4.140758654132,4.158726349767,4.176694045402,4.194661741037,
    4.212629436672,4.230597132307,4.248564827943,4.266532523578),
  .QUASI_UNIFORM_KNOTS.);
#18268 = CARTESIAN_POINT('',(1.70377154321,0.58480713241));
#18269 = CARTESIAN_POINT('',(1.699841327869,0.585601218821));
#18270 = CARTESIAN_POINT('',(1.691954303185,0.587119352329));
#18271 = CARTESIAN_POINT('',(1.680050773649,0.589184913885));
#18272 = CARTESIAN_POINT('',(1.668080976645,0.591037258224));
#18273 = CARTESIAN_POINT('',(1.656051862774,0.592675008958));
#18274 = CARTESIAN_POINT('',(1.643970511684,0.594096927813));
#18275 = CARTESIAN_POINT('',(1.631844137886,0.595301936855));
#18276 = CARTESIAN_POINT('',(1.619680068008,0.59628911705));
#18277 = CARTESIAN_POINT('',(1.6074857247,0.597057712552));
#18278 = CARTESIAN_POINT('',(1.595268607888,0.597607132822));
#18279 = CARTESIAN_POINT('',(1.583036276026,0.597936954659));
#18280 = CARTESIAN_POINT('',(1.570796326795,0.598046923579));
#18281 = CARTESIAN_POINT('',(1.558556377564,0.597936954659));
#18282 = CARTESIAN_POINT('',(1.546324045702,0.597607132822));
#18283 = CARTESIAN_POINT('',(1.53410692889,0.597057712552));
#18284 = CARTESIAN_POINT('',(1.521912585581,0.59628911705));
#18285 = CARTESIAN_POINT('',(1.509748515703,0.595301936855));
#18286 = CARTESIAN_POINT('',(1.497622141905,0.594096927813));
#18287 = CARTESIAN_POINT('',(1.485540790816,0.592675008958));
#18288 = CARTESIAN_POINT('',(1.473511676944,0.591037258224));
#18289 = CARTESIAN_POINT('',(1.461541879941,0.589184913885));
#18290 = CARTESIAN_POINT('',(1.449638350405,0.587119352329));
#18291 = CARTESIAN_POINT('',(1.441751325721,0.585601218821));
#18292 = CARTESIAN_POINT('',(1.437821110379,0.58480713241));
#18293 = ( GEOMETRIC_REPRESENTATION_CONTEXT(2) 
PARAMETRIC_REPRESENTATION_CONTEXT() REPRESENTATION_CONTEXT('2D SPACE',''
  ) );
#18294 = PCURVE('',#16598,#18295);
#18295 = DEFINITIONAL_REPRESENTATION('',(#18296),#18300);
#18296 = LINE('',#18297,#18298);
#18297 = CARTESIAN_POINT('',(-4.068887871591,0.755289522616));
#18298 = VECTOR('',#18299,1.);
#18299 = DIRECTION('',(1.,8.297893956923E-16));
#18300 = ( GEOMETRIC_REPRESENTATION_CONTEXT(2) 
PARAMETRIC_REPRESENTATION_CONTEXT() REPRESENTATION_CONTEXT('2D SPACE',''
  ) );
#18301 = ORIENTED_EDGE('',*,*,#16559,.F.);
#18302 = ORIENTED_EDGE('',*,*,#16483,.F.);
#18303 = ORIENTED_EDGE('',*,*,#16407,.F.);
#18304 = ORIENTED_EDGE('',*,*,#16265,.F.);
#18305 = ADVANCED_FACE('',(#18306),#16598,.F.);
#18306 = FACE_BOUND('',#18307,.F.);
#18307 = EDGE_LOOP('',(#18308,#18309,#18310,#18311));
#18308 = ORIENTED_EDGE('',*,*,#17791,.T.);
#18309 = ORIENTED_EDGE('',*,*,#18258,.F.);
#18310 = ORIENTED_EDGE('',*,*,#16582,.F.);
#18311 = ORIENTED_EDGE('',*,*,#17603,.T.);
#18312 = ( GEOMETRIC_REPRESENTATION_CONTEXT(3) 
GLOBAL_UNCERTAINTY_ASSIGNED_CONTEXT((#18316)) 
GLOBAL_UNIT_ASSIGNED_CONTEXT((#18313,#18314,#18315)) 
REPRESENTATION_CONTEXT('Context #1',
  '3D Context with UNIT and UNCERTAINTY') );
#18313 = ( LENGTH_UNIT() NAMED_UNIT(*) SI_UNIT(.MILLI.,.METRE.) );
#18314 = ( NAMED_UNIT(*) PLANE_ANGLE_UNIT() SI_UNIT($,.RADIAN.) );
#18315 = ( NAMED_UNIT(*) SI_UNIT($,.STERADIAN.) SOLID_ANGLE_UNIT() );
#18316 = UNCERTAINTY_MEASURE_WITH_UNIT(LENGTH_MEASURE(5.E-04),#18313,
  'distance_accuracy_value','confusion accuracy');
#18317 = CONTEXT_DEPENDENT_SHAPE_REPRESENTATION(#18318,#18320);
#18318 = ( REPRESENTATION_RELATIONSHIP('','',#16221,#10) 
REPRESENTATION_RELATIONSHIP_WITH_TRANSFORMATION(#18319) 
SHAPE_REPRESENTATION_RELATIONSHIP() );
#18319 = ITEM_DEFINED_TRANSFORMATION('','',#11,#27);
#18320 = PRODUCT_DEFINITION_SHAPE('Placement','Placement of an item',
  #18321);
#18321 = NEXT_ASSEMBLY_USAGE_OCCURRENCE('266','','',#5,#16216,$);
#18322 = PRODUCT_RELATED_PRODUCT_CATEGORY('part',$,(#16218));
ENDSEC;
END-ISO-10303-21;
