ISO-10303-21;
HEADER;
/* Generated by software containing ST-Developer
 * from STEP Tools, Inc. (www.steptools.com) 
 */
/* OPTION: using custom renumber hook */

FILE_DESCRIPTION(
/* description */ ('STEP AP242 Edition 2',
'CAx-IF Rec.Pracs.---Representation and Presentation of Product Manufa
cturing Information (PMI)---4.0---2014-10-13',
'CAx-IF Rec.Pracs.---3D Tessellated Geometry---0.4---2014-09-14','2;1',
'CAx-IF Rec.Pracs.---User Defined Attributes---1.5---2016-08-15'),
/* implementation_level */ '2;1');

FILE_NAME(
/* name */ 'Link 0 - Corrected',
/* time_stamp */ '2026-06-09T02:21:43Z',
/* author */ (''),
/* organization */ (''),
/* preprocessor_version */ 'ST-DEVELOPER v20',
/* originating_system */ 'ONSHAPE BY PTC INC, 1.216',
/* authorisation */ '  ');

FILE_SCHEMA (('AP242_MANAGED_MODEL_BASED_3D_ENGINEERING_MIM_LF { 1 0 10303 442 3 1 4 }'));
ENDSEC;

DATA;
#10=SHAPE_REPRESENTATION_RELATIONSHIP('','',#1415,#11);
#11=ADVANCED_BREP_SHAPE_REPRESENTATION('',(#1413),#2487);
#12=ELLIPSE('',#1532,0.00282842712474619,0.002);
#13=ELLIPSE('',#1533,0.00282842712474619,0.002);
#14=ELLIPSE('',#1535,0.00282842712474619,0.002);
#15=ELLIPSE('',#1537,0.00282842712474619,0.002);
#16=CONICAL_SURFACE('',#1476,0.0026,0.785398163397448);
#17=CONICAL_SURFACE('',#1478,0.0026,0.785398163397448);
#18=CONICAL_SURFACE('',#1504,0.0026,0.785398163397448);
#19=CONICAL_SURFACE('',#1507,0.0026,0.785398163397448);
#20=CONICAL_SURFACE('',#1549,0.002,0.139626340159546);
#21=CONICAL_SURFACE('',#1551,0.002,0.139626340159546);
#22=CONICAL_SURFACE('',#1553,0.002,0.139626340159546);
#23=CONICAL_SURFACE('',#1555,0.002,0.139626340159546);
#24=PLANE('',#1423);
#25=PLANE('',#1430);
#26=PLANE('',#1452);
#27=PLANE('',#1471);
#28=PLANE('',#1472);
#29=PLANE('',#1483);
#30=PLANE('',#1484);
#31=PLANE('',#1486);
#32=PLANE('',#1490);
#33=PLANE('',#1491);
#34=PLANE('',#1492);
#35=PLANE('',#1494);
#36=PLANE('',#1495);
#37=PLANE('',#1496);
#38=PLANE('',#1499);
#39=PLANE('',#1500);
#40=PLANE('',#1501);
#41=PLANE('',#1511);
#42=PLANE('',#1516);
#43=PLANE('',#1517);
#44=PLANE('',#1523);
#45=PLANE('',#1524);
#46=PLANE('',#1525);
#47=PLANE('',#1539);
#48=PLANE('',#1540);
#49=PLANE('',#1541);
#50=PLANE('',#1542);
#51=PLANE('',#1543);
#52=PLANE('',#1544);
#53=PLANE('',#1557);
#54=PLANE('',#1560);
#55=PLANE('',#1563);
#56=PLANE('',#1566);
#57=B_SPLINE_CURVE_WITH_KNOTS('',3,(#1998,#1999,#2000,#2001,#2002,#2003,
#2004,#2005,#2006,#2007,#2008),.UNSPECIFIED.,.T.,.F.,(1,1,1,1,1,1,1,1,1,
1,1,1,1,1,1),(-0.00716446503254602,-0.00477631002169735,-0.00238815501084868,
0.,0.00238815501084867,0.00477631002169735,0.00716446503254602,0.0095526200433947,
0.0119407750542434,0.014328930065092,0.0167170850759407,0.0191052400867894,
0.0214933950976381,0.0238815501084867,0.0262697051193354),.UNSPECIFIED.);
#58=B_SPLINE_CURVE_WITH_KNOTS('',3,(#2010,#2011,#2012,#2013,#2014,#2015,
#2016,#2017,#2018,#2019,#2020),.UNSPECIFIED.,.T.,.F.,(1,1,1,1,1,1,1,1,1,
1,1,1,1,1,1),(-0.00711848604850161,-0.00474565736566774,-0.00237282868283387,
1.73472347597681E-18,0.00237282868283387,0.00474565736566774,0.00711848604850161,
0.00949131473133548,0.0118641434141693,0.0142369720970032,0.0166098007798371,
0.018982629462671,0.0213554581455048,0.0237282868283387,0.0261011155111726),
 .UNSPECIFIED.);
#59=B_SPLINE_CURVE_WITH_KNOTS('',3,(#2022,#2023,#2024,#2025,#2026,#2027,
#2028,#2029,#2030,#2031,#2032),.UNSPECIFIED.,.T.,.F.,(1,1,1,1,1,1,1,1,1,
1,1,1,1,1,1),(-0.00710263232183534,-0.00473508821455689,-0.00236754410727845,
6.31359607623489E-19,0.00236754410727845,0.00473508821455689,0.00710263232183534,
0.00947017642911379,0.0118377205363922,0.0142052646436707,0.0165728087509491,
0.0189403528582276,0.021307896965506,0.0236754410727845,0.0260429851800629),
 .UNSPECIFIED.);
#60=B_SPLINE_CURVE_WITH_KNOTS('',3,(#2034,#2035,#2036,#2037,#2038,#2039,
#2040,#2041,#2042,#2043,#2044),.UNSPECIFIED.,.T.,.F.,(1,1,1,1,1,1,1,1,1,
1,1,1,1,1,1),(-0.00711848604850161,-0.00474565736566774,-0.00237282868283387,
1.73472347597681E-18,0.00237282868283387,0.00474565736566774,0.00711848604850161,
0.00949131473133548,0.0118641434141693,0.0142369720970032,0.0166098007798371,
0.018982629462671,0.0213554581455048,0.0237282868283387,0.0261011155111726),
 .UNSPECIFIED.);
#61=B_SPLINE_CURVE_WITH_KNOTS('',3,(#2046,#2047,#2048,#2049,#2050,#2051,
#2052,#2053,#2054,#2055,#2056),.UNSPECIFIED.,.T.,.F.,(1,1,1,1,1,1,1,1,1,
1,1,1,1,1,1),(-0.00716446503254603,-0.00477631002169735,-0.00238815501084868,
0.,0.00238815501084868,0.00477631002169735,0.00716446503254603,0.00955262004339471,
0.0119407750542434,0.0143289300650921,0.0167170850759407,0.0191052400867894,
0.0214933950976381,0.0238815501084868,0.0262697051193354),.UNSPECIFIED.);
#62=B_SPLINE_CURVE_WITH_KNOTS('',3,(#2067,#2068,#2069,#2070,#2071,#2072,
#2073,#2074,#2075,#2076,#2077),.UNSPECIFIED.,.T.,.F.,(1,1,1,1,1,1,1,1,1,
1,1,1,1,1,1),(-0.00706798195591183,-0.00471198797060788,-0.00235599398530394,
0.,0.00235599398530394,0.00471198797060788,0.00706798195591183,0.00942397594121577,
0.0117799699265197,0.0141359639118237,0.0164919578971276,0.0188479518824315,
0.0212039458677355,0.0235599398530394,0.0259159338383434),.UNSPECIFIED.);
#63=B_SPLINE_CURVE_WITH_KNOTS('',3,(#2079,#2080,#2081,#2082,#2083,#2084,
#2085,#2086,#2087,#2088,#2089),.UNSPECIFIED.,.T.,.F.,(1,1,1,1,1,1,1,1,1,
1,1,1,1,1,1),(-0.00710256476498173,-0.00473504317665449,-0.00236752158832724,
1.73472347597681E-18,0.00236752158832724,0.00473504317665449,0.00710256476498173,
0.00947008635330897,0.0118376079416362,0.0142051295299635,0.0165726511182907,
0.0189401727066179,0.0213076942949452,0.0236752158832724,0.0260427374715997),
 .UNSPECIFIED.);
#64=B_SPLINE_CURVE_WITH_KNOTS('',3,(#2091,#2092,#2093,#2094,#2095,#2096,
#2097,#2098,#2099,#2100,#2101),.UNSPECIFIED.,.T.,.F.,(1,1,1,1,1,1,1,1,1,
1,1,1,1,1,1),(-0.00712072341247253,-0.00474714894164836,-0.00237357447082418,
1.44445555892075E-19,0.00237357447082418,0.00474714894164836,0.00712072341247253,
0.00949429788329671,0.0118678723541209,0.0142414468249451,0.0166150212957692,
0.0189885957665934,0.0213621702374176,0.0237357447082418,0.026109319179066),
 .UNSPECIFIED.);
#65=B_SPLINE_CURVE_WITH_KNOTS('',3,(#2103,#2104,#2105,#2106,#2107,#2108,
#2109,#2110,#2111,#2112,#2113),.UNSPECIFIED.,.T.,.F.,(1,1,1,1,1,1,1,1,1,
1,1,1,1,1,1),(-0.00710256476498171,-0.00473504317665448,-0.00236752158832724,
1.73472347597681E-18,0.00236752158832724,0.00473504317665448,0.00710256476498171,
0.00947008635330895,0.0118376079416362,0.0142051295299634,0.0165726511182907,
0.0189401727066179,0.0213076942949451,0.0236752158832724,0.0260427374715996),
 .UNSPECIFIED.);
#66=B_SPLINE_CURVE_WITH_KNOTS('',3,(#2115,#2116,#2117,#2118,#2119,#2120,
#2121,#2122,#2123,#2124,#2125),.UNSPECIFIED.,.T.,.F.,(1,1,1,1,1,1,1,1,1,
1,1,1,1,1,1),(-0.00706798195591182,-0.00471198797060788,-0.00235599398530394,
0.,0.00235599398530394,0.00471198797060788,0.00706798195591182,0.00942397594121576,
0.0117799699265197,0.0141359639118236,0.0164919578971276,0.0188479518824315,
0.0212039458677355,0.0235599398530394,0.0259159338383433),.UNSPECIFIED.);
#67=LINE('',#1993,#165);
#68=LINE('',#1997,#166);
#69=LINE('',#2062,#167);
#70=LINE('',#2066,#168);
#71=LINE('',#2128,#169);
#72=LINE('',#2130,#170);
#73=LINE('',#2132,#171);
#74=LINE('',#2133,#172);
#75=LINE('',#2136,#173);
#76=LINE('',#2138,#174);
#77=LINE('',#2140,#175);
#78=LINE('',#2142,#176);
#79=LINE('',#2147,#177);
#80=LINE('',#2151,#178);
#81=LINE('',#2157,#179);
#82=LINE('',#2162,#180);
#83=LINE('',#2167,#181);
#84=LINE('',#2169,#182);
#85=LINE('',#2170,#183);
#86=LINE('',#2175,#184);
#87=LINE('',#2179,#185);
#88=LINE('',#2199,#186);
#89=LINE('',#2207,#187);
#90=LINE('',#2211,#188);
#91=LINE('',#2215,#189);
#92=LINE('',#2217,#190);
#93=LINE('',#2218,#191);
#94=LINE('',#2220,#192);
#95=LINE('',#2225,#193);
#96=LINE('',#2235,#194);
#97=LINE('',#2239,#195);
#98=LINE('',#2243,#196);
#99=LINE('',#2249,#197);
#100=LINE('',#2253,#198);
#101=LINE('',#2257,#199);
#102=LINE('',#2271,#200);
#103=LINE('',#2274,#201);
#104=LINE('',#2276,#202);
#105=LINE('',#2278,#203);
#106=LINE('',#2280,#204);
#107=LINE('',#2282,#205);
#108=LINE('',#2284,#206);
#109=LINE('',#2302,#207);
#110=LINE('',#2305,#208);
#111=LINE('',#2307,#209);
#112=LINE('',#2309,#210);
#113=LINE('',#2311,#211);
#114=LINE('',#2312,#212);
#115=LINE('',#2321,#213);
#116=LINE('',#2322,#214);
#117=LINE('',#2324,#215);
#118=LINE('',#2326,#216);
#119=LINE('',#2328,#217);
#120=LINE('',#2331,#218);
#121=LINE('',#2332,#219);
#122=LINE('',#2335,#220);
#123=LINE('',#2337,#221);
#124=LINE('',#2340,#222);
#125=LINE('',#2342,#223);
#126=LINE('',#2344,#224);
#127=LINE('',#2346,#225);
#128=LINE('',#2348,#226);
#129=LINE('',#2350,#227);
#130=LINE('',#2356,#228);
#131=LINE('',#2358,#229);
#132=LINE('',#2360,#230);
#133=LINE('',#2362,#231);
#134=LINE('',#2363,#232);
#135=LINE('',#2365,#233);
#136=LINE('',#2378,#234);
#137=LINE('',#2379,#235);
#138=LINE('',#2381,#236);
#139=LINE('',#2382,#237);
#140=LINE('',#2384,#238);
#141=LINE('',#2386,#239);
#142=LINE('',#2387,#240);
#143=LINE('',#2389,#241);
#144=LINE('',#2390,#242);
#145=LINE('',#2393,#243);
#146=LINE('',#2394,#244);
#147=LINE('',#2396,#245);
#148=LINE('',#2397,#246);
#149=LINE('',#2404,#247);
#150=LINE('',#2405,#248);
#151=LINE('',#2407,#249);
#152=LINE('',#2408,#250);
#153=LINE('',#2410,#251);
#154=LINE('',#2411,#252);
#155=LINE('',#2413,#253);
#156=LINE('',#2414,#254);
#157=LINE('',#2429,#255);
#158=LINE('',#2431,#256);
#159=LINE('',#2433,#257);
#160=LINE('',#2435,#258);
#161=LINE('',#2437,#259);
#162=LINE('',#2439,#260);
#163=LINE('',#2441,#261);
#164=LINE('',#2443,#262);
#165=VECTOR('',#1580,1.);
#166=VECTOR('',#1583,1.);
#167=VECTOR('',#1588,1.);
#168=VECTOR('',#1591,1.);
#169=VECTOR('',#1594,1.);
#170=VECTOR('',#1595,1.);
#171=VECTOR('',#1596,1.);
#172=VECTOR('',#1597,1.);
#173=VECTOR('',#1598,1.);
#174=VECTOR('',#1599,1.);
#175=VECTOR('',#1600,1.);
#176=VECTOR('',#1603,1.);
#177=VECTOR('',#1606,1.);
#178=VECTOR('',#1611,1.);
#179=VECTOR('',#1618,1.);
#180=VECTOR('',#1623,1.);
#181=VECTOR('',#1628,1.);
#182=VECTOR('',#1629,1.);
#183=VECTOR('',#1630,1.);
#184=VECTOR('',#1633,1.);
#185=VECTOR('',#1636,1.);
#186=VECTOR('',#1655,1.);
#187=VECTOR('',#1662,1.);
#188=VECTOR('',#1665,1.);
#189=VECTOR('',#1670,1.);
#190=VECTOR('',#1673,1.);
#191=VECTOR('',#1674,1.);
#192=VECTOR('',#1675,1.);
#193=VECTOR('',#1680,1.);
#194=VECTOR('',#1689,1.);
#195=VECTOR('',#1692,1.);
#196=VECTOR('',#1695,1.);
#197=VECTOR('',#1700,1.);
#198=VECTOR('',#1703,1.);
#199=VECTOR('',#1706,1.);
#200=VECTOR('',#1721,1.);
#201=VECTOR('',#1722,1.);
#202=VECTOR('',#1723,1.);
#203=VECTOR('',#1724,1.);
#204=VECTOR('',#1727,1.);
#205=VECTOR('',#1728,1.);
#206=VECTOR('',#1729,1.);
#207=VECTOR('',#1752,1.);
#208=VECTOR('',#1753,1.);
#209=VECTOR('',#1754,1.);
#210=VECTOR('',#1755,1.);
#211=VECTOR('',#1758,1.);
#212=VECTOR('',#1759,1.);
#213=VECTOR('',#1770,1.);
#214=VECTOR('',#1771,1.);
#215=VECTOR('',#1774,1.);
#216=VECTOR('',#1775,1.);
#217=VECTOR('',#1778,1.);
#218=VECTOR('',#1779,1.);
#219=VECTOR('',#1780,1.);
#220=VECTOR('',#1785,1.);
#221=VECTOR('',#1788,1.);
#222=VECTOR('',#1789,1.);
#223=VECTOR('',#1790,1.);
#224=VECTOR('',#1791,1.);
#225=VECTOR('',#1794,1.);
#226=VECTOR('',#1795,1.);
#227=VECTOR('',#1796,1.);
#228=VECTOR('',#1803,1.);
#229=VECTOR('',#1804,1.);
#230=VECTOR('',#1805,1.);
#231=VECTOR('',#1808,1.);
#232=VECTOR('',#1809,1.);
#233=VECTOR('',#1812,1.);
#234=VECTOR('',#1833,1.);
#235=VECTOR('',#1834,1.);
#236=VECTOR('',#1837,1.);
#237=VECTOR('',#1838,1.);
#238=VECTOR('',#1841,1.);
#239=VECTOR('',#1844,1.);
#240=VECTOR('',#1845,1.);
#241=VECTOR('',#1848,1.);
#242=VECTOR('',#1849,1.);
#243=VECTOR('',#1854,1.);
#244=VECTOR('',#1855,1.);
#245=VECTOR('',#1858,1.);
#246=VECTOR('',#1859,1.);
#247=VECTOR('',#1872,1.);
#248=VECTOR('',#1873,1.);
#249=VECTOR('',#1876,1.);
#250=VECTOR('',#1877,1.);
#251=VECTOR('',#1880,1.);
#252=VECTOR('',#1881,1.);
#253=VECTOR('',#1884,1.);
#254=VECTOR('',#1885,1.);
#255=VECTOR('',#1914,1.);
#256=VECTOR('',#1915,1.);
#257=VECTOR('',#1916,1.);
#258=VECTOR('',#1919,1.);
#259=VECTOR('',#1920,1.);
#260=VECTOR('',#1923,1.);
#261=VECTOR('',#1924,1.);
#262=VECTOR('',#1927,1.);
#263=ORIENTED_EDGE('',*,*,#631,.T.);
#264=ORIENTED_EDGE('',*,*,#632,.T.);
#265=ORIENTED_EDGE('',*,*,#633,.F.);
#266=ORIENTED_EDGE('',*,*,#634,.T.);
#267=ORIENTED_EDGE('',*,*,#635,.F.);
#268=ORIENTED_EDGE('',*,*,#636,.F.);
#269=ORIENTED_EDGE('',*,*,#637,.F.);
#270=ORIENTED_EDGE('',*,*,#638,.F.);
#271=ORIENTED_EDGE('',*,*,#639,.F.);
#272=ORIENTED_EDGE('',*,*,#640,.F.);
#273=ORIENTED_EDGE('',*,*,#641,.T.);
#274=ORIENTED_EDGE('',*,*,#642,.T.);
#275=ORIENTED_EDGE('',*,*,#643,.T.);
#276=ORIENTED_EDGE('',*,*,#644,.F.);
#277=ORIENTED_EDGE('',*,*,#645,.F.);
#278=ORIENTED_EDGE('',*,*,#646,.F.);
#279=ORIENTED_EDGE('',*,*,#647,.F.);
#280=ORIENTED_EDGE('',*,*,#648,.F.);
#281=ORIENTED_EDGE('',*,*,#649,.T.);
#282=ORIENTED_EDGE('',*,*,#650,.T.);
#283=ORIENTED_EDGE('',*,*,#651,.F.);
#284=ORIENTED_EDGE('',*,*,#643,.F.);
#285=ORIENTED_EDGE('',*,*,#652,.T.);
#286=ORIENTED_EDGE('',*,*,#653,.T.);
#287=ORIENTED_EDGE('',*,*,#654,.F.);
#288=ORIENTED_EDGE('',*,*,#655,.F.);
#289=ORIENTED_EDGE('',*,*,#656,.F.);
#290=ORIENTED_EDGE('',*,*,#657,.F.);
#291=ORIENTED_EDGE('',*,*,#658,.F.);
#292=ORIENTED_EDGE('',*,*,#659,.T.);
#293=ORIENTED_EDGE('',*,*,#660,.F.);
#294=ORIENTED_EDGE('',*,*,#661,.T.);
#295=ORIENTED_EDGE('',*,*,#658,.T.);
#296=ORIENTED_EDGE('',*,*,#662,.T.);
#297=ORIENTED_EDGE('',*,*,#661,.F.);
#298=ORIENTED_EDGE('',*,*,#663,.F.);
#299=ORIENTED_EDGE('',*,*,#659,.F.);
#300=ORIENTED_EDGE('',*,*,#649,.F.);
#301=ORIENTED_EDGE('',*,*,#642,.F.);
#302=ORIENTED_EDGE('',*,*,#664,.T.);
#303=ORIENTED_EDGE('',*,*,#665,.T.);
#304=ORIENTED_EDGE('',*,*,#666,.F.);
#305=ORIENTED_EDGE('',*,*,#667,.F.);
#306=ORIENTED_EDGE('',*,*,#631,.F.);
#307=ORIENTED_EDGE('',*,*,#668,.T.);
#308=ORIENTED_EDGE('',*,*,#669,.T.);
#309=ORIENTED_EDGE('',*,*,#670,.T.);
#310=ORIENTED_EDGE('',*,*,#671,.T.);
#311=ORIENTED_EDGE('',*,*,#672,.F.);
#312=ORIENTED_EDGE('',*,*,#673,.T.);
#313=ORIENTED_EDGE('',*,*,#674,.F.);
#314=ORIENTED_EDGE('',*,*,#675,.T.);
#315=ORIENTED_EDGE('',*,*,#676,.F.);
#316=ORIENTED_EDGE('',*,*,#677,.F.);
#317=ORIENTED_EDGE('',*,*,#678,.F.);
#318=ORIENTED_EDGE('',*,*,#679,.F.);
#319=ORIENTED_EDGE('',*,*,#680,.T.);
#320=ORIENTED_EDGE('',*,*,#681,.F.);
#321=ORIENTED_EDGE('',*,*,#682,.T.);
#322=ORIENTED_EDGE('',*,*,#683,.F.);
#323=ORIENTED_EDGE('',*,*,#684,.F.);
#324=ORIENTED_EDGE('',*,*,#685,.T.);
#325=ORIENTED_EDGE('',*,*,#686,.F.);
#326=ORIENTED_EDGE('',*,*,#687,.F.);
#327=ORIENTED_EDGE('',*,*,#688,.F.);
#328=ORIENTED_EDGE('',*,*,#689,.F.);
#329=ORIENTED_EDGE('',*,*,#690,.F.);
#330=ORIENTED_EDGE('',*,*,#691,.T.);
#331=ORIENTED_EDGE('',*,*,#692,.T.);
#332=ORIENTED_EDGE('',*,*,#693,.T.);
#333=ORIENTED_EDGE('',*,*,#664,.F.);
#334=ORIENTED_EDGE('',*,*,#641,.F.);
#335=ORIENTED_EDGE('',*,*,#657,.T.);
#336=ORIENTED_EDGE('',*,*,#694,.T.);
#337=ORIENTED_EDGE('',*,*,#662,.F.);
#338=ORIENTED_EDGE('',*,*,#695,.T.);
#339=ORIENTED_EDGE('',*,*,#696,.F.);
#340=ORIENTED_EDGE('',*,*,#697,.F.);
#341=ORIENTED_EDGE('',*,*,#633,.T.);
#342=ORIENTED_EDGE('',*,*,#698,.F.);
#343=ORIENTED_EDGE('',*,*,#699,.T.);
#344=ORIENTED_EDGE('',*,*,#700,.T.);
#345=ORIENTED_EDGE('',*,*,#692,.F.);
#346=ORIENTED_EDGE('',*,*,#640,.T.);
#347=ORIENTED_EDGE('',*,*,#651,.T.);
#348=ORIENTED_EDGE('',*,*,#701,.F.);
#349=ORIENTED_EDGE('',*,*,#702,.T.);
#350=ORIENTED_EDGE('',*,*,#703,.F.);
#351=ORIENTED_EDGE('',*,*,#704,.F.);
#352=ORIENTED_EDGE('',*,*,#705,.F.);
#353=ORIENTED_EDGE('',*,*,#706,.F.);
#354=ORIENTED_EDGE('',*,*,#707,.F.);
#355=ORIENTED_EDGE('',*,*,#708,.T.);
#356=ORIENTED_EDGE('',*,*,#709,.T.);
#357=ORIENTED_EDGE('',*,*,#710,.F.);
#358=ORIENTED_EDGE('',*,*,#711,.F.);
#359=ORIENTED_EDGE('',*,*,#712,.F.);
#360=ORIENTED_EDGE('',*,*,#713,.F.);
#361=ORIENTED_EDGE('',*,*,#714,.F.);
#362=ORIENTED_EDGE('',*,*,#715,.F.);
#363=ORIENTED_EDGE('',*,*,#716,.F.);
#364=ORIENTED_EDGE('',*,*,#717,.F.);
#365=ORIENTED_EDGE('',*,*,#718,.F.);
#366=ORIENTED_EDGE('',*,*,#719,.F.);
#367=ORIENTED_EDGE('',*,*,#720,.F.);
#368=ORIENTED_EDGE('',*,*,#721,.T.);
#369=ORIENTED_EDGE('',*,*,#722,.T.);
#370=ORIENTED_EDGE('',*,*,#723,.T.);
#371=ORIENTED_EDGE('',*,*,#724,.T.);
#372=ORIENTED_EDGE('',*,*,#725,.F.);
#373=ORIENTED_EDGE('',*,*,#666,.T.);
#374=ORIENTED_EDGE('',*,*,#726,.T.);
#375=ORIENTED_EDGE('',*,*,#727,.T.);
#376=ORIENTED_EDGE('',*,*,#728,.T.);
#377=ORIENTED_EDGE('',*,*,#729,.F.);
#378=ORIENTED_EDGE('',*,*,#730,.T.);
#379=ORIENTED_EDGE('',*,*,#730,.F.);
#380=ORIENTED_EDGE('',*,*,#731,.T.);
#381=ORIENTED_EDGE('',*,*,#732,.F.);
#382=ORIENTED_EDGE('',*,*,#733,.T.);
#383=ORIENTED_EDGE('',*,*,#734,.F.);
#384=ORIENTED_EDGE('',*,*,#732,.T.);
#385=ORIENTED_EDGE('',*,*,#735,.T.);
#386=ORIENTED_EDGE('',*,*,#736,.T.);
#387=ORIENTED_EDGE('',*,*,#737,.T.);
#388=ORIENTED_EDGE('',*,*,#738,.T.);
#389=ORIENTED_EDGE('',*,*,#696,.T.);
#390=ORIENTED_EDGE('',*,*,#739,.T.);
#391=ORIENTED_EDGE('',*,*,#669,.F.);
#392=ORIENTED_EDGE('',*,*,#740,.T.);
#393=ORIENTED_EDGE('',*,*,#634,.F.);
#394=ORIENTED_EDGE('',*,*,#697,.T.);
#395=ORIENTED_EDGE('',*,*,#740,.F.);
#396=ORIENTED_EDGE('',*,*,#668,.F.);
#397=ORIENTED_EDGE('',*,*,#741,.T.);
#398=ORIENTED_EDGE('',*,*,#742,.T.);
#399=ORIENTED_EDGE('',*,*,#727,.F.);
#400=ORIENTED_EDGE('',*,*,#743,.T.);
#401=ORIENTED_EDGE('',*,*,#744,.F.);
#402=ORIENTED_EDGE('',*,*,#725,.T.);
#403=ORIENTED_EDGE('',*,*,#745,.T.);
#404=ORIENTED_EDGE('',*,*,#744,.T.);
#405=ORIENTED_EDGE('',*,*,#746,.T.);
#406=ORIENTED_EDGE('',*,*,#747,.F.);
#407=ORIENTED_EDGE('',*,*,#722,.F.);
#408=ORIENTED_EDGE('',*,*,#748,.F.);
#409=ORIENTED_EDGE('',*,*,#749,.T.);
#410=ORIENTED_EDGE('',*,*,#699,.F.);
#411=ORIENTED_EDGE('',*,*,#750,.T.);
#412=ORIENTED_EDGE('',*,*,#731,.F.);
#413=ORIENTED_EDGE('',*,*,#733,.F.);
#414=ORIENTED_EDGE('',*,*,#747,.T.);
#415=ORIENTED_EDGE('',*,*,#751,.T.);
#416=ORIENTED_EDGE('',*,*,#748,.T.);
#417=ORIENTED_EDGE('',*,*,#752,.F.);
#418=ORIENTED_EDGE('',*,*,#723,.F.);
#419=ORIENTED_EDGE('',*,*,#729,.T.);
#420=ORIENTED_EDGE('',*,*,#734,.T.);
#421=ORIENTED_EDGE('',*,*,#753,.F.);
#422=ORIENTED_EDGE('',*,*,#754,.F.);
#423=ORIENTED_EDGE('',*,*,#755,.T.);
#424=ORIENTED_EDGE('',*,*,#756,.T.);
#425=ORIENTED_EDGE('',*,*,#757,.T.);
#426=ORIENTED_EDGE('',*,*,#758,.F.);
#427=ORIENTED_EDGE('',*,*,#759,.F.);
#428=ORIENTED_EDGE('',*,*,#754,.T.);
#429=ORIENTED_EDGE('',*,*,#760,.F.);
#430=ORIENTED_EDGE('',*,*,#761,.F.);
#431=ORIENTED_EDGE('',*,*,#762,.T.);
#432=ORIENTED_EDGE('',*,*,#763,.F.);
#433=ORIENTED_EDGE('',*,*,#764,.F.);
#434=ORIENTED_EDGE('',*,*,#758,.T.);
#435=ORIENTED_EDGE('',*,*,#765,.F.);
#436=ORIENTED_EDGE('',*,*,#756,.F.);
#437=ORIENTED_EDGE('',*,*,#766,.T.);
#438=ORIENTED_EDGE('',*,*,#763,.T.);
#439=ORIENTED_EDGE('',*,*,#724,.F.);
#440=ORIENTED_EDGE('',*,*,#752,.T.);
#441=ORIENTED_EDGE('',*,*,#750,.F.);
#442=ORIENTED_EDGE('',*,*,#767,.F.);
#443=ORIENTED_EDGE('',*,*,#728,.F.);
#444=ORIENTED_EDGE('',*,*,#745,.F.);
#445=ORIENTED_EDGE('',*,*,#755,.F.);
#446=ORIENTED_EDGE('',*,*,#759,.T.);
#447=ORIENTED_EDGE('',*,*,#764,.T.);
#448=ORIENTED_EDGE('',*,*,#766,.F.);
#449=ORIENTED_EDGE('',*,*,#757,.F.);
#450=ORIENTED_EDGE('',*,*,#753,.T.);
#451=ORIENTED_EDGE('',*,*,#765,.T.);
#452=ORIENTED_EDGE('',*,*,#762,.F.);
#453=ORIENTED_EDGE('',*,*,#761,.T.);
#454=ORIENTED_EDGE('',*,*,#768,.F.);
#455=ORIENTED_EDGE('',*,*,#768,.T.);
#456=ORIENTED_EDGE('',*,*,#742,.F.);
#457=ORIENTED_EDGE('',*,*,#760,.T.);
#458=ORIENTED_EDGE('',*,*,#769,.F.);
#459=ORIENTED_EDGE('',*,*,#769,.T.);
#460=ORIENTED_EDGE('',*,*,#741,.F.);
#461=ORIENTED_EDGE('',*,*,#632,.F.);
#462=ORIENTED_EDGE('',*,*,#667,.T.);
#463=ORIENTED_EDGE('',*,*,#767,.T.);
#464=ORIENTED_EDGE('',*,*,#698,.T.);
#465=ORIENTED_EDGE('',*,*,#751,.F.);
#466=ORIENTED_EDGE('',*,*,#746,.F.);
#467=ORIENTED_EDGE('',*,*,#743,.F.);
#468=ORIENTED_EDGE('',*,*,#726,.F.);
#469=ORIENTED_EDGE('',*,*,#665,.F.);
#470=ORIENTED_EDGE('',*,*,#693,.F.);
#471=ORIENTED_EDGE('',*,*,#700,.F.);
#472=ORIENTED_EDGE('',*,*,#749,.F.);
#473=ORIENTED_EDGE('',*,*,#709,.F.);
#474=ORIENTED_EDGE('',*,*,#770,.T.);
#475=ORIENTED_EDGE('',*,*,#677,.T.);
#476=ORIENTED_EDGE('',*,*,#771,.F.);
#477=ORIENTED_EDGE('',*,*,#715,.T.);
#478=ORIENTED_EDGE('',*,*,#772,.F.);
#479=ORIENTED_EDGE('',*,*,#671,.F.);
#480=ORIENTED_EDGE('',*,*,#773,.F.);
#481=ORIENTED_EDGE('',*,*,#678,.T.);
#482=ORIENTED_EDGE('',*,*,#770,.F.);
#483=ORIENTED_EDGE('',*,*,#721,.F.);
#484=ORIENTED_EDGE('',*,*,#774,.F.);
#485=ORIENTED_EDGE('',*,*,#682,.F.);
#486=ORIENTED_EDGE('',*,*,#775,.F.);
#487=ORIENTED_EDGE('',*,*,#717,.T.);
#488=ORIENTED_EDGE('',*,*,#776,.F.);
#489=ORIENTED_EDGE('',*,*,#719,.T.);
#490=ORIENTED_EDGE('',*,*,#777,.F.);
#491=ORIENTED_EDGE('',*,*,#680,.F.);
#492=ORIENTED_EDGE('',*,*,#778,.F.);
#493=ORIENTED_EDGE('',*,*,#718,.T.);
#494=ORIENTED_EDGE('',*,*,#775,.T.);
#495=ORIENTED_EDGE('',*,*,#681,.T.);
#496=ORIENTED_EDGE('',*,*,#777,.T.);
#497=ORIENTED_EDGE('',*,*,#713,.T.);
#498=ORIENTED_EDGE('',*,*,#779,.F.);
#499=ORIENTED_EDGE('',*,*,#673,.F.);
#500=ORIENTED_EDGE('',*,*,#780,.F.);
#501=ORIENTED_EDGE('',*,*,#675,.F.);
#502=ORIENTED_EDGE('',*,*,#781,.F.);
#503=ORIENTED_EDGE('',*,*,#711,.T.);
#504=ORIENTED_EDGE('',*,*,#782,.F.);
#505=ORIENTED_EDGE('',*,*,#720,.T.);
#506=ORIENTED_EDGE('',*,*,#778,.T.);
#507=ORIENTED_EDGE('',*,*,#679,.T.);
#508=ORIENTED_EDGE('',*,*,#774,.T.);
#509=ORIENTED_EDGE('',*,*,#716,.T.);
#510=ORIENTED_EDGE('',*,*,#773,.T.);
#511=ORIENTED_EDGE('',*,*,#683,.T.);
#512=ORIENTED_EDGE('',*,*,#776,.T.);
#513=ORIENTED_EDGE('',*,*,#710,.T.);
#514=ORIENTED_EDGE('',*,*,#771,.T.);
#515=ORIENTED_EDGE('',*,*,#676,.T.);
#516=ORIENTED_EDGE('',*,*,#782,.T.);
#517=ORIENTED_EDGE('',*,*,#714,.T.);
#518=ORIENTED_EDGE('',*,*,#780,.T.);
#519=ORIENTED_EDGE('',*,*,#672,.T.);
#520=ORIENTED_EDGE('',*,*,#772,.T.);
#521=ORIENTED_EDGE('',*,*,#712,.T.);
#522=ORIENTED_EDGE('',*,*,#781,.T.);
#523=ORIENTED_EDGE('',*,*,#674,.T.);
#524=ORIENTED_EDGE('',*,*,#779,.T.);
#525=ORIENTED_EDGE('',*,*,#691,.F.);
#526=ORIENTED_EDGE('',*,*,#783,.F.);
#527=ORIENTED_EDGE('',*,*,#706,.T.);
#528=ORIENTED_EDGE('',*,*,#784,.F.);
#529=ORIENTED_EDGE('',*,*,#708,.F.);
#530=ORIENTED_EDGE('',*,*,#785,.F.);
#531=ORIENTED_EDGE('',*,*,#689,.T.);
#532=ORIENTED_EDGE('',*,*,#786,.F.);
#533=ORIENTED_EDGE('',*,*,#685,.F.);
#534=ORIENTED_EDGE('',*,*,#787,.F.);
#535=ORIENTED_EDGE('',*,*,#704,.T.);
#536=ORIENTED_EDGE('',*,*,#788,.F.);
#537=ORIENTED_EDGE('',*,*,#702,.F.);
#538=ORIENTED_EDGE('',*,*,#789,.F.);
#539=ORIENTED_EDGE('',*,*,#687,.T.);
#540=ORIENTED_EDGE('',*,*,#790,.F.);
#541=ORIENTED_EDGE('',*,*,#703,.T.);
#542=ORIENTED_EDGE('',*,*,#790,.T.);
#543=ORIENTED_EDGE('',*,*,#686,.T.);
#544=ORIENTED_EDGE('',*,*,#788,.T.);
#545=ORIENTED_EDGE('',*,*,#701,.T.);
#546=ORIENTED_EDGE('',*,*,#786,.T.);
#547=ORIENTED_EDGE('',*,*,#688,.T.);
#548=ORIENTED_EDGE('',*,*,#789,.T.);
#549=ORIENTED_EDGE('',*,*,#684,.T.);
#550=ORIENTED_EDGE('',*,*,#784,.T.);
#551=ORIENTED_EDGE('',*,*,#705,.T.);
#552=ORIENTED_EDGE('',*,*,#787,.T.);
#553=ORIENTED_EDGE('',*,*,#707,.T.);
#554=ORIENTED_EDGE('',*,*,#783,.T.);
#555=ORIENTED_EDGE('',*,*,#690,.T.);
#556=ORIENTED_EDGE('',*,*,#785,.T.);
#557=ORIENTED_EDGE('',*,*,#791,.F.);
#558=ORIENTED_EDGE('',*,*,#735,.F.);
#559=ORIENTED_EDGE('',*,*,#792,.F.);
#560=ORIENTED_EDGE('',*,*,#739,.F.);
#561=ORIENTED_EDGE('',*,*,#792,.T.);
#562=ORIENTED_EDGE('',*,*,#738,.F.);
#563=ORIENTED_EDGE('',*,*,#793,.F.);
#564=ORIENTED_EDGE('',*,*,#670,.F.);
#565=ORIENTED_EDGE('',*,*,#791,.T.);
#566=ORIENTED_EDGE('',*,*,#695,.F.);
#567=ORIENTED_EDGE('',*,*,#794,.F.);
#568=ORIENTED_EDGE('',*,*,#736,.F.);
#569=ORIENTED_EDGE('',*,*,#793,.T.);
#570=ORIENTED_EDGE('',*,*,#737,.F.);
#571=ORIENTED_EDGE('',*,*,#794,.T.);
#572=ORIENTED_EDGE('',*,*,#650,.F.);
#573=ORIENTED_EDGE('',*,*,#694,.F.);
#574=ORIENTED_EDGE('',*,*,#656,.T.);
#575=ORIENTED_EDGE('',*,*,#663,.T.);
#576=ORIENTED_EDGE('',*,*,#660,.T.);
#577=ORIENTED_EDGE('',*,*,#653,.F.);
#578=ORIENTED_EDGE('',*,*,#795,.F.);
#579=ORIENTED_EDGE('',*,*,#796,.T.);
#580=ORIENTED_EDGE('',*,*,#797,.T.);
#581=ORIENTED_EDGE('',*,*,#652,.F.);
#582=ORIENTED_EDGE('',*,*,#798,.F.);
#583=ORIENTED_EDGE('',*,*,#799,.T.);
#584=ORIENTED_EDGE('',*,*,#795,.T.);
#585=ORIENTED_EDGE('',*,*,#655,.T.);
#586=ORIENTED_EDGE('',*,*,#800,.F.);
#587=ORIENTED_EDGE('',*,*,#801,.F.);
#588=ORIENTED_EDGE('',*,*,#798,.T.);
#589=ORIENTED_EDGE('',*,*,#654,.T.);
#590=ORIENTED_EDGE('',*,*,#797,.F.);
#591=ORIENTED_EDGE('',*,*,#802,.F.);
#592=ORIENTED_EDGE('',*,*,#800,.T.);
#593=ORIENTED_EDGE('',*,*,#803,.F.);
#594=ORIENTED_EDGE('',*,*,#804,.F.);
#595=ORIENTED_EDGE('',*,*,#805,.F.);
#596=ORIENTED_EDGE('',*,*,#806,.F.);
#597=ORIENTED_EDGE('',*,*,#796,.F.);
#598=ORIENTED_EDGE('',*,*,#799,.F.);
#599=ORIENTED_EDGE('',*,*,#801,.T.);
#600=ORIENTED_EDGE('',*,*,#802,.T.);
#601=ORIENTED_EDGE('',*,*,#803,.T.);
#602=ORIENTED_EDGE('',*,*,#807,.F.);
#603=ORIENTED_EDGE('',*,*,#805,.T.);
#604=ORIENTED_EDGE('',*,*,#808,.F.);
#605=ORIENTED_EDGE('',*,*,#804,.T.);
#606=ORIENTED_EDGE('',*,*,#809,.F.);
#607=ORIENTED_EDGE('',*,*,#806,.T.);
#608=ORIENTED_EDGE('',*,*,#810,.F.);
#609=ORIENTED_EDGE('',*,*,#811,.T.);
#610=ORIENTED_EDGE('',*,*,#807,.T.);
#611=ORIENTED_EDGE('',*,*,#811,.F.);
#612=ORIENTED_EDGE('',*,*,#812,.T.);
#613=ORIENTED_EDGE('',*,*,#808,.T.);
#614=ORIENTED_EDGE('',*,*,#812,.F.);
#615=ORIENTED_EDGE('',*,*,#813,.T.);
#616=ORIENTED_EDGE('',*,*,#809,.T.);
#617=ORIENTED_EDGE('',*,*,#813,.F.);
#618=ORIENTED_EDGE('',*,*,#814,.T.);
#619=ORIENTED_EDGE('',*,*,#810,.T.);
#620=ORIENTED_EDGE('',*,*,#814,.F.);
#621=ORIENTED_EDGE('',*,*,#644,.T.);
#622=ORIENTED_EDGE('',*,*,#635,.T.);
#623=ORIENTED_EDGE('',*,*,#645,.T.);
#624=ORIENTED_EDGE('',*,*,#636,.T.);
#625=ORIENTED_EDGE('',*,*,#646,.T.);
#626=ORIENTED_EDGE('',*,*,#637,.T.);
#627=ORIENTED_EDGE('',*,*,#647,.T.);
#628=ORIENTED_EDGE('',*,*,#638,.T.);
#629=ORIENTED_EDGE('',*,*,#648,.T.);
#630=ORIENTED_EDGE('',*,*,#639,.T.);
#631=EDGE_CURVE('',#815,#816,#947,.T.);
#632=EDGE_CURVE('',#816,#817,#67,.T.);
#633=EDGE_CURVE('',#818,#817,#948,.F.);
#634=EDGE_CURVE('',#818,#815,#68,.T.);
#635=EDGE_CURVE('',#819,#819,#57,.T.);
#636=EDGE_CURVE('',#820,#820,#58,.T.);
#637=EDGE_CURVE('',#821,#821,#59,.T.);
#638=EDGE_CURVE('',#822,#822,#60,.T.);
#639=EDGE_CURVE('',#823,#823,#61,.T.);
#640=EDGE_CURVE('',#824,#825,#949,.F.);
#641=EDGE_CURVE('',#824,#826,#69,.T.);
#642=EDGE_CURVE('',#826,#827,#950,.T.);
#643=EDGE_CURVE('',#827,#825,#70,.T.);
#644=EDGE_CURVE('',#828,#828,#62,.T.);
#645=EDGE_CURVE('',#829,#829,#63,.T.);
#646=EDGE_CURVE('',#830,#830,#64,.T.);
#647=EDGE_CURVE('',#831,#831,#65,.T.);
#648=EDGE_CURVE('',#832,#832,#66,.T.);
#649=EDGE_CURVE('',#827,#833,#71,.T.);
#650=EDGE_CURVE('',#833,#834,#72,.T.);
#651=EDGE_CURVE('',#825,#834,#73,.T.);
#652=EDGE_CURVE('',#835,#836,#74,.T.);
#653=EDGE_CURVE('',#836,#837,#75,.T.);
#654=EDGE_CURVE('',#838,#837,#76,.T.);
#655=EDGE_CURVE('',#835,#838,#77,.T.);
#656=EDGE_CURVE('',#839,#840,#78,.T.);
#657=EDGE_CURVE('',#841,#839,#951,.F.);
#658=EDGE_CURVE('',#842,#841,#79,.F.);
#659=EDGE_CURVE('',#842,#840,#952,.T.);
#660=EDGE_CURVE('',#843,#844,#80,.F.);
#661=EDGE_CURVE('',#843,#842,#953,.T.);
#662=EDGE_CURVE('',#841,#844,#954,.T.);
#663=EDGE_CURVE('',#840,#843,#81,.T.);
#664=EDGE_CURVE('',#826,#845,#955,.T.);
#665=EDGE_CURVE('',#845,#846,#956,.F.);
#666=EDGE_CURVE('',#847,#846,#82,.T.);
#667=EDGE_CURVE('',#816,#847,#957,.F.);
#668=EDGE_CURVE('',#815,#848,#958,.T.);
#669=EDGE_CURVE('',#848,#849,#83,.T.);
#670=EDGE_CURVE('',#849,#833,#84,.F.);
#671=EDGE_CURVE('',#850,#851,#85,.T.);
#672=EDGE_CURVE('',#852,#851,#959,.T.);
#673=EDGE_CURVE('',#852,#853,#86,.T.);
#674=EDGE_CURVE('',#854,#853,#960,.T.);
#675=EDGE_CURVE('',#854,#855,#87,.T.);
#676=EDGE_CURVE('',#856,#855,#961,.T.);
#677=EDGE_CURVE('',#857,#856,#962,.T.);
#678=EDGE_CURVE('',#858,#857,#963,.T.);
#679=EDGE_CURVE('',#859,#858,#964,.T.);
#680=EDGE_CURVE('',#859,#860,#965,.T.);
#681=EDGE_CURVE('',#861,#860,#966,.F.);
#682=EDGE_CURVE('',#861,#862,#967,.T.);
#683=EDGE_CURVE('',#850,#862,#968,.T.);
#684=EDGE_CURVE('',#863,#864,#969,.T.);
#685=EDGE_CURVE('',#863,#865,#88,.T.);
#686=EDGE_CURVE('',#866,#865,#970,.T.);
#687=EDGE_CURVE('',#867,#866,#971,.T.);
#688=EDGE_CURVE('',#868,#867,#972,.T.);
#689=EDGE_CURVE('',#869,#868,#89,.T.);
#690=EDGE_CURVE('',#870,#869,#973,.T.);
#691=EDGE_CURVE('',#870,#864,#90,.T.);
#692=EDGE_CURVE('',#824,#871,#974,.F.);
#693=EDGE_CURVE('',#871,#845,#91,.T.);
#694=EDGE_CURVE('',#839,#844,#92,.T.);
#695=EDGE_CURVE('',#834,#872,#93,.T.);
#696=EDGE_CURVE('',#873,#872,#94,.T.);
#697=EDGE_CURVE('',#818,#873,#975,.F.);
#698=EDGE_CURVE('',#874,#817,#976,.T.);
#699=EDGE_CURVE('',#874,#875,#95,.T.);
#700=EDGE_CURVE('',#875,#871,#977,.T.);
#701=EDGE_CURVE('',#876,#877,#978,.T.);
#702=EDGE_CURVE('',#876,#878,#979,.F.);
#703=EDGE_CURVE('',#879,#878,#980,.T.);
#704=EDGE_CURVE('',#880,#879,#96,.T.);
#705=EDGE_CURVE('',#881,#880,#981,.T.);
#706=EDGE_CURVE('',#882,#881,#97,.T.);
#707=EDGE_CURVE('',#883,#882,#982,.T.);
#708=EDGE_CURVE('',#883,#877,#98,.T.);
#709=EDGE_CURVE('',#884,#885,#983,.F.);
#710=EDGE_CURVE('',#886,#885,#984,.T.);
#711=EDGE_CURVE('',#887,#886,#99,.T.);
#712=EDGE_CURVE('',#888,#887,#985,.T.);
#713=EDGE_CURVE('',#889,#888,#100,.T.);
#714=EDGE_CURVE('',#890,#889,#986,.T.);
#715=EDGE_CURVE('',#891,#890,#101,.T.);
#716=EDGE_CURVE('',#892,#891,#987,.T.);
#717=EDGE_CURVE('',#893,#892,#988,.F.);
#718=EDGE_CURVE('',#894,#893,#989,.F.);
#719=EDGE_CURVE('',#895,#894,#990,.F.);
#720=EDGE_CURVE('',#896,#895,#991,.T.);
#721=EDGE_CURVE('',#896,#884,#992,.F.);
#722=EDGE_CURVE('',#897,#898,#102,.T.);
#723=EDGE_CURVE('',#898,#899,#103,.T.);
#724=EDGE_CURVE('',#899,#900,#104,.T.);
#725=EDGE_CURVE('',#897,#900,#105,.T.);
#726=EDGE_CURVE('',#846,#901,#106,.T.);
#727=EDGE_CURVE('',#901,#902,#107,.T.);
#728=EDGE_CURVE('',#902,#847,#108,.T.);
#729=EDGE_CURVE('',#903,#903,#993,.T.);
#730=EDGE_CURVE('',#904,#904,#994,.T.);
#731=EDGE_CURVE('',#905,#905,#995,.T.);
#732=EDGE_CURVE('',#906,#906,#996,.T.);
#733=EDGE_CURVE('',#907,#907,#997,.T.);
#734=EDGE_CURVE('',#908,#908,#998,.T.);
#735=EDGE_CURVE('',#909,#910,#109,.T.);
#736=EDGE_CURVE('',#910,#911,#110,.F.);
#737=EDGE_CURVE('',#911,#912,#111,.F.);
#738=EDGE_CURVE('',#912,#909,#112,.T.);
#739=EDGE_CURVE('',#872,#849,#113,.F.);
#740=EDGE_CURVE('',#848,#873,#114,.T.);
#741=EDGE_CURVE('',#913,#913,#999,.T.);
#742=EDGE_CURVE('',#914,#914,#1000,.T.);
#743=EDGE_CURVE('',#901,#915,#1001,.F.);
#744=EDGE_CURVE('',#897,#915,#115,.T.);
#745=EDGE_CURVE('',#900,#902,#116,.T.);
#746=EDGE_CURVE('',#915,#916,#117,.T.);
#747=EDGE_CURVE('',#898,#916,#118,.T.);
#748=EDGE_CURVE('',#917,#918,#119,.T.);
#749=EDGE_CURVE('',#917,#875,#120,.T.);
#750=EDGE_CURVE('',#874,#918,#121,.T.);
#751=EDGE_CURVE('',#916,#917,#1002,.T.);
#752=EDGE_CURVE('',#899,#918,#122,.T.);
#753=EDGE_CURVE('',#919,#920,#123,.T.);
#754=EDGE_CURVE('',#921,#919,#124,.T.);
#755=EDGE_CURVE('',#921,#922,#125,.T.);
#756=EDGE_CURVE('',#922,#920,#126,.T.);
#757=EDGE_CURVE('',#919,#923,#127,.T.);
#758=EDGE_CURVE('',#924,#923,#128,.T.);
#759=EDGE_CURVE('',#921,#924,#129,.T.);
#760=EDGE_CURVE('',#925,#925,#1003,.T.);
#761=EDGE_CURVE('',#926,#926,#1004,.T.);
#762=EDGE_CURVE('',#923,#927,#130,.T.);
#763=EDGE_CURVE('',#928,#927,#131,.T.);
#764=EDGE_CURVE('',#924,#928,#132,.T.);
#765=EDGE_CURVE('',#920,#927,#133,.T.);
#766=EDGE_CURVE('',#922,#928,#134,.T.);
#767=EDGE_CURVE('',#847,#874,#135,.T.);
#768=EDGE_CURVE('',#929,#929,#1005,.T.);
#769=EDGE_CURVE('',#930,#930,#1006,.T.);
#770=EDGE_CURVE('',#884,#857,#136,.T.);
#771=EDGE_CURVE('',#885,#856,#137,.T.);
#772=EDGE_CURVE('',#851,#890,#138,.T.);
#773=EDGE_CURVE('',#891,#850,#139,.T.);
#774=EDGE_CURVE('',#858,#896,#140,.F.);
#775=EDGE_CURVE('',#893,#861,#141,.T.);
#776=EDGE_CURVE('',#862,#892,#142,.F.);
#777=EDGE_CURVE('',#860,#894,#143,.F.);
#778=EDGE_CURVE('',#895,#859,#144,.T.);
#779=EDGE_CURVE('',#853,#888,#145,.T.);
#780=EDGE_CURVE('',#889,#852,#146,.F.);
#781=EDGE_CURVE('',#887,#854,#147,.F.);
#782=EDGE_CURVE('',#855,#886,#148,.T.);
#783=EDGE_CURVE('',#882,#870,#149,.F.);
#784=EDGE_CURVE('',#864,#881,#150,.F.);
#785=EDGE_CURVE('',#869,#883,#151,.T.);
#786=EDGE_CURVE('',#877,#868,#152,.T.);
#787=EDGE_CURVE('',#880,#863,#153,.T.);
#788=EDGE_CURVE('',#865,#879,#154,.T.);
#789=EDGE_CURVE('',#867,#876,#155,.F.);
#790=EDGE_CURVE('',#878,#866,#156,.T.);
#791=EDGE_CURVE('',#910,#872,#12,.T.);
#792=EDGE_CURVE('',#849,#909,#13,.F.);
#793=EDGE_CURVE('',#833,#912,#14,.F.);
#794=EDGE_CURVE('',#911,#834,#15,.T.);
#795=EDGE_CURVE('',#931,#836,#157,.T.);
#796=EDGE_CURVE('',#931,#932,#158,.T.);
#797=EDGE_CURVE('',#932,#837,#159,.T.);
#798=EDGE_CURVE('',#933,#835,#160,.T.);
#799=EDGE_CURVE('',#933,#931,#161,.T.);
#800=EDGE_CURVE('',#934,#838,#162,.T.);
#801=EDGE_CURVE('',#933,#934,#163,.T.);
#802=EDGE_CURVE('',#934,#932,#164,.T.);
#803=EDGE_CURVE('',#935,#935,#1007,.T.);
#804=EDGE_CURVE('',#936,#936,#1008,.T.);
#805=EDGE_CURVE('',#937,#937,#1009,.T.);
#806=EDGE_CURVE('',#938,#938,#1010,.T.);
#807=EDGE_CURVE('',#939,#939,#1011,.T.);
#808=EDGE_CURVE('',#940,#940,#1012,.T.);
#809=EDGE_CURVE('',#941,#941,#1013,.T.);
#810=EDGE_CURVE('',#942,#942,#1014,.T.);
#811=EDGE_CURVE('',#943,#943,#1015,.T.);
#812=EDGE_CURVE('',#944,#944,#1016,.T.);
#813=EDGE_CURVE('',#945,#945,#1017,.T.);
#814=EDGE_CURVE('',#946,#946,#1018,.T.);
#815=VERTEX_POINT('',#1991);
#816=VERTEX_POINT('',#1992);
#817=VERTEX_POINT('',#1994);
#818=VERTEX_POINT('',#1996);
#819=VERTEX_POINT('',#2009);
#820=VERTEX_POINT('',#2021);
#821=VERTEX_POINT('',#2033);
#822=VERTEX_POINT('',#2045);
#823=VERTEX_POINT('',#2057);
#824=VERTEX_POINT('',#2060);
#825=VERTEX_POINT('',#2061);
#826=VERTEX_POINT('',#2063);
#827=VERTEX_POINT('',#2065);
#828=VERTEX_POINT('',#2078);
#829=VERTEX_POINT('',#2090);
#830=VERTEX_POINT('',#2102);
#831=VERTEX_POINT('',#2114);
#832=VERTEX_POINT('',#2126);
#833=VERTEX_POINT('',#2129);
#834=VERTEX_POINT('',#2131);
#835=VERTEX_POINT('',#2134);
#836=VERTEX_POINT('',#2135);
#837=VERTEX_POINT('',#2137);
#838=VERTEX_POINT('',#2139);
#839=VERTEX_POINT('',#2143);
#840=VERTEX_POINT('',#2144);
#841=VERTEX_POINT('',#2146);
#842=VERTEX_POINT('',#2148);
#843=VERTEX_POINT('',#2152);
#844=VERTEX_POINT('',#2153);
#845=VERTEX_POINT('',#2159);
#846=VERTEX_POINT('',#2161);
#847=VERTEX_POINT('',#2163);
#848=VERTEX_POINT('',#2166);
#849=VERTEX_POINT('',#2168);
#850=VERTEX_POINT('',#2171);
#851=VERTEX_POINT('',#2172);
#852=VERTEX_POINT('',#2174);
#853=VERTEX_POINT('',#2176);
#854=VERTEX_POINT('',#2178);
#855=VERTEX_POINT('',#2180);
#856=VERTEX_POINT('',#2182);
#857=VERTEX_POINT('',#2184);
#858=VERTEX_POINT('',#2186);
#859=VERTEX_POINT('',#2188);
#860=VERTEX_POINT('',#2190);
#861=VERTEX_POINT('',#2192);
#862=VERTEX_POINT('',#2194);
#863=VERTEX_POINT('',#2197);
#864=VERTEX_POINT('',#2198);
#865=VERTEX_POINT('',#2200);
#866=VERTEX_POINT('',#2202);
#867=VERTEX_POINT('',#2204);
#868=VERTEX_POINT('',#2206);
#869=VERTEX_POINT('',#2208);
#870=VERTEX_POINT('',#2210);
#871=VERTEX_POINT('',#2214);
#872=VERTEX_POINT('',#2219);
#873=VERTEX_POINT('',#2221);
#874=VERTEX_POINT('',#2224);
#875=VERTEX_POINT('',#2226);
#876=VERTEX_POINT('',#2229);
#877=VERTEX_POINT('',#2230);
#878=VERTEX_POINT('',#2232);
#879=VERTEX_POINT('',#2234);
#880=VERTEX_POINT('',#2236);
#881=VERTEX_POINT('',#2238);
#882=VERTEX_POINT('',#2240);
#883=VERTEX_POINT('',#2242);
#884=VERTEX_POINT('',#2245);
#885=VERTEX_POINT('',#2246);
#886=VERTEX_POINT('',#2248);
#887=VERTEX_POINT('',#2250);
#888=VERTEX_POINT('',#2252);
#889=VERTEX_POINT('',#2254);
#890=VERTEX_POINT('',#2256);
#891=VERTEX_POINT('',#2258);
#892=VERTEX_POINT('',#2260);
#893=VERTEX_POINT('',#2262);
#894=VERTEX_POINT('',#2264);
#895=VERTEX_POINT('',#2266);
#896=VERTEX_POINT('',#2268);
#897=VERTEX_POINT('',#2272);
#898=VERTEX_POINT('',#2273);
#899=VERTEX_POINT('',#2275);
#900=VERTEX_POINT('',#2277);
#901=VERTEX_POINT('',#2281);
#902=VERTEX_POINT('',#2283);
#903=VERTEX_POINT('',#2287);
#904=VERTEX_POINT('',#2289);
#905=VERTEX_POINT('',#2292);
#906=VERTEX_POINT('',#2295);
#907=VERTEX_POINT('',#2297);
#908=VERTEX_POINT('',#2300);
#909=VERTEX_POINT('',#2303);
#910=VERTEX_POINT('',#2304);
#911=VERTEX_POINT('',#2306);
#912=VERTEX_POINT('',#2308);
#913=VERTEX_POINT('',#2316);
#914=VERTEX_POINT('',#2318);
#915=VERTEX_POINT('',#2320);
#916=VERTEX_POINT('',#2325);
#917=VERTEX_POINT('',#2329);
#918=VERTEX_POINT('',#2330);
#919=VERTEX_POINT('',#2338);
#920=VERTEX_POINT('',#2339);
#921=VERTEX_POINT('',#2341);
#922=VERTEX_POINT('',#2343);
#923=VERTEX_POINT('',#2347);
#924=VERTEX_POINT('',#2349);
#925=VERTEX_POINT('',#2353);
#926=VERTEX_POINT('',#2355);
#927=VERTEX_POINT('',#2357);
#928=VERTEX_POINT('',#2359);
#929=VERTEX_POINT('',#2369);
#930=VERTEX_POINT('',#2373);
#931=VERTEX_POINT('',#2430);
#932=VERTEX_POINT('',#2432);
#933=VERTEX_POINT('',#2436);
#934=VERTEX_POINT('',#2440);
#935=VERTEX_POINT('',#2446);
#936=VERTEX_POINT('',#2448);
#937=VERTEX_POINT('',#2450);
#938=VERTEX_POINT('',#2452);
#939=VERTEX_POINT('',#2455);
#940=VERTEX_POINT('',#2458);
#941=VERTEX_POINT('',#2461);
#942=VERTEX_POINT('',#2464);
#943=VERTEX_POINT('',#2467);
#944=VERTEX_POINT('',#2471);
#945=VERTEX_POINT('',#2475);
#946=VERTEX_POINT('',#2479);
#947=CIRCLE('',#1418,0.157690575248614);
#948=CIRCLE('',#1419,0.157690575248614);
#949=CIRCLE('',#1421,0.138655459585278);
#950=CIRCLE('',#1422,0.138655459585278);
#951=CIRCLE('',#1425,0.073380337829686);
#952=CIRCLE('',#1426,0.073380337829686);
#953=CIRCLE('',#1428,0.002);
#954=CIRCLE('',#1429,0.002);
#955=CIRCLE('',#1431,2.72742572400429);
#956=CIRCLE('',#1432,0.0318663195265813);
#957=CIRCLE('',#1433,0.0420560224786215);
#958=CIRCLE('',#1434,0.078380337829686);
#959=CIRCLE('',#1435,0.002);
#960=CIRCLE('',#1436,0.002);
#961=CIRCLE('',#1437,0.002);
#962=CIRCLE('',#1438,0.0268663195265813);
#963=CIRCLE('',#1439,2.72242572400429);
#964=CIRCLE('',#1440,0.002);
#965=CIRCLE('',#1441,0.162690575248614);
#966=CIRCLE('',#1442,0.005);
#967=CIRCLE('',#1443,0.0470560224786216);
#968=CIRCLE('',#1444,0.002);
#969=CIRCLE('',#1445,0.002);
#970=CIRCLE('',#1446,0.002);
#971=CIRCLE('',#1447,0.0268663195265813);
#972=CIRCLE('',#1448,0.002);
#973=CIRCLE('',#1449,0.002);
#974=CIRCLE('',#1451,2.72742572400429);
#975=CIRCLE('',#1453,0.078380337829686);
#976=CIRCLE('',#1454,0.0420560224786215);
#977=CIRCLE('',#1455,0.0318663195265813);
#978=CIRCLE('',#1456,0.002);
#979=CIRCLE('',#1457,0.0268663195265813);
#980=CIRCLE('',#1458,0.002);
#981=CIRCLE('',#1459,0.002);
#982=CIRCLE('',#1460,0.002);
#983=CIRCLE('',#1461,0.0268663195265813);
#984=CIRCLE('',#1462,0.002);
#985=CIRCLE('',#1463,0.002);
#986=CIRCLE('',#1464,0.002);
#987=CIRCLE('',#1465,0.002);
#988=CIRCLE('',#1466,0.0470560224786216);
#989=CIRCLE('',#1467,0.005);
#990=CIRCLE('',#1468,0.162690575248614);
#991=CIRCLE('',#1469,0.002);
#992=CIRCLE('',#1470,2.72242572400429);
#993=CIRCLE('',#1474,0.00135);
#994=CIRCLE('',#1475,0.00135);
#995=CIRCLE('',#1477,0.0026);
#996=CIRCLE('',#1479,0.00135);
#997=CIRCLE('',#1480,0.0026);
#998=CIRCLE('',#1482,0.00135);
#999=CIRCLE('',#1487,0.0026);
#1000=CIRCLE('',#1488,0.0026);
#1001=CIRCLE('',#1489,0.0318663195265813);
#1002=CIRCLE('',#1493,0.0318663195265813);
#1003=CIRCLE('',#1497,0.00135);
#1004=CIRCLE('',#1498,0.00135);
#1005=CIRCLE('',#1503,0.00135);
#1006=CIRCLE('',#1506,0.00135);
#1007=CIRCLE('',#1545,0.002);
#1008=CIRCLE('',#1546,0.002);
#1009=CIRCLE('',#1547,0.002);
#1010=CIRCLE('',#1548,0.002);
#1011=CIRCLE('',#1550,0.0017859375);
#1012=CIRCLE('',#1552,0.0017859375);
#1013=CIRCLE('',#1554,0.0017859375);
#1014=CIRCLE('',#1556,0.0017859375);
#1015=CIRCLE('',#1558,0.0017859375);
#1016=CIRCLE('',#1561,0.0017859375);
#1017=CIRCLE('',#1564,0.0017859375);
#1018=CIRCLE('',#1567,0.0017859375);
#1019=EDGE_LOOP('',(#263,#264,#265,#266));
#1020=EDGE_LOOP('',(#267));
#1021=EDGE_LOOP('',(#268));
#1022=EDGE_LOOP('',(#269));
#1023=EDGE_LOOP('',(#270));
#1024=EDGE_LOOP('',(#271));
#1025=EDGE_LOOP('',(#272,#273,#274,#275));
#1026=EDGE_LOOP('',(#276));
#1027=EDGE_LOOP('',(#277));
#1028=EDGE_LOOP('',(#278));
#1029=EDGE_LOOP('',(#279));
#1030=EDGE_LOOP('',(#280));
#1031=EDGE_LOOP('',(#281,#282,#283,#284));
#1032=EDGE_LOOP('',(#285,#286,#287,#288));
#1033=EDGE_LOOP('',(#289,#290,#291,#292));
#1034=EDGE_LOOP('',(#293,#294,#295,#296));
#1035=EDGE_LOOP('',(#297,#298,#299));
#1036=EDGE_LOOP('',(#300,#301,#302,#303,#304,#305,#306,#307,#308,#309));
#1037=EDGE_LOOP('',(#310,#311,#312,#313,#314,#315,#316,#317,#318,#319,#320,
#321,#322));
#1038=EDGE_LOOP('',(#323,#324,#325,#326,#327,#328,#329,#330));
#1039=EDGE_LOOP('',(#331,#332,#333,#334));
#1040=EDGE_LOOP('',(#335,#336,#337));
#1041=EDGE_LOOP('',(#338,#339,#340,#341,#342,#343,#344,#345,#346,#347));
#1042=EDGE_LOOP('',(#348,#349,#350,#351,#352,#353,#354,#355));
#1043=EDGE_LOOP('',(#356,#357,#358,#359,#360,#361,#362,#363,#364,#365,#366,
#367,#368));
#1044=EDGE_LOOP('',(#369,#370,#371,#372));
#1045=EDGE_LOOP('',(#373,#374,#375,#376));
#1046=EDGE_LOOP('',(#377));
#1047=EDGE_LOOP('',(#378));
#1048=EDGE_LOOP('',(#379));
#1049=EDGE_LOOP('',(#380));
#1050=EDGE_LOOP('',(#381));
#1051=EDGE_LOOP('',(#382));
#1052=EDGE_LOOP('',(#383));
#1053=EDGE_LOOP('',(#384));
#1054=EDGE_LOOP('',(#385,#386,#387,#388));
#1055=EDGE_LOOP('',(#389,#390,#391,#392));
#1056=EDGE_LOOP('',(#393,#394,#395,#396));
#1057=EDGE_LOOP('',(#397));
#1058=EDGE_LOOP('',(#398));
#1059=EDGE_LOOP('',(#399,#400,#401,#402,#403));
#1060=EDGE_LOOP('',(#404,#405,#406,#407));
#1061=EDGE_LOOP('',(#408,#409,#410,#411));
#1062=EDGE_LOOP('',(#412));
#1063=EDGE_LOOP('',(#413));
#1064=EDGE_LOOP('',(#414,#415,#416,#417,#418));
#1065=EDGE_LOOP('',(#419));
#1066=EDGE_LOOP('',(#420));
#1067=EDGE_LOOP('',(#421,#422,#423,#424));
#1068=EDGE_LOOP('',(#425,#426,#427,#428));
#1069=EDGE_LOOP('',(#429));
#1070=EDGE_LOOP('',(#430));
#1071=EDGE_LOOP('',(#431,#432,#433,#434));
#1072=EDGE_LOOP('',(#435,#436,#437,#438));
#1073=EDGE_LOOP('',(#439,#440,#441,#442,#443,#444));
#1074=EDGE_LOOP('',(#445,#446,#447,#448));
#1075=EDGE_LOOP('',(#449,#450,#451,#452));
#1076=EDGE_LOOP('',(#453));
#1077=EDGE_LOOP('',(#454));
#1078=EDGE_LOOP('',(#455));
#1079=EDGE_LOOP('',(#456));
#1080=EDGE_LOOP('',(#457));
#1081=EDGE_LOOP('',(#458));
#1082=EDGE_LOOP('',(#459));
#1083=EDGE_LOOP('',(#460));
#1084=EDGE_LOOP('',(#461,#462,#463,#464));
#1085=EDGE_LOOP('',(#465,#466,#467,#468,#469,#470,#471,#472));
#1086=EDGE_LOOP('',(#473,#474,#475,#476));
#1087=EDGE_LOOP('',(#477,#478,#479,#480));
#1088=EDGE_LOOP('',(#481,#482,#483,#484));
#1089=EDGE_LOOP('',(#485,#486,#487,#488));
#1090=EDGE_LOOP('',(#489,#490,#491,#492));
#1091=EDGE_LOOP('',(#493,#494,#495,#496));
#1092=EDGE_LOOP('',(#497,#498,#499,#500));
#1093=EDGE_LOOP('',(#501,#502,#503,#504));
#1094=EDGE_LOOP('',(#505,#506,#507,#508));
#1095=EDGE_LOOP('',(#509,#510,#511,#512));
#1096=EDGE_LOOP('',(#513,#514,#515,#516));
#1097=EDGE_LOOP('',(#517,#518,#519,#520));
#1098=EDGE_LOOP('',(#521,#522,#523,#524));
#1099=EDGE_LOOP('',(#525,#526,#527,#528));
#1100=EDGE_LOOP('',(#529,#530,#531,#532));
#1101=EDGE_LOOP('',(#533,#534,#535,#536));
#1102=EDGE_LOOP('',(#537,#538,#539,#540));
#1103=EDGE_LOOP('',(#541,#542,#543,#544));
#1104=EDGE_LOOP('',(#545,#546,#547,#548));
#1105=EDGE_LOOP('',(#549,#550,#551,#552));
#1106=EDGE_LOOP('',(#553,#554,#555,#556));
#1107=EDGE_LOOP('',(#557,#558,#559,#560));
#1108=EDGE_LOOP('',(#561,#562,#563,#564));
#1109=EDGE_LOOP('',(#565,#566,#567,#568));
#1110=EDGE_LOOP('',(#569,#570,#571,#572));
#1111=EDGE_LOOP('',(#573,#574,#575,#576));
#1112=EDGE_LOOP('',(#577,#578,#579,#580));
#1113=EDGE_LOOP('',(#581,#582,#583,#584));
#1114=EDGE_LOOP('',(#585,#586,#587,#588));
#1115=EDGE_LOOP('',(#589,#590,#591,#592));
#1116=EDGE_LOOP('',(#593));
#1117=EDGE_LOOP('',(#594));
#1118=EDGE_LOOP('',(#595));
#1119=EDGE_LOOP('',(#596));
#1120=EDGE_LOOP('',(#597,#598,#599,#600));
#1121=EDGE_LOOP('',(#601));
#1122=EDGE_LOOP('',(#602));
#1123=EDGE_LOOP('',(#603));
#1124=EDGE_LOOP('',(#604));
#1125=EDGE_LOOP('',(#605));
#1126=EDGE_LOOP('',(#606));
#1127=EDGE_LOOP('',(#607));
#1128=EDGE_LOOP('',(#608));
#1129=EDGE_LOOP('',(#609));
#1130=EDGE_LOOP('',(#610));
#1131=EDGE_LOOP('',(#611));
#1132=EDGE_LOOP('',(#612));
#1133=EDGE_LOOP('',(#613));
#1134=EDGE_LOOP('',(#614));
#1135=EDGE_LOOP('',(#615));
#1136=EDGE_LOOP('',(#616));
#1137=EDGE_LOOP('',(#617));
#1138=EDGE_LOOP('',(#618));
#1139=EDGE_LOOP('',(#619));
#1140=EDGE_LOOP('',(#620));
#1141=EDGE_LOOP('',(#621));
#1142=EDGE_LOOP('',(#622));
#1143=EDGE_LOOP('',(#623));
#1144=EDGE_LOOP('',(#624));
#1145=EDGE_LOOP('',(#625));
#1146=EDGE_LOOP('',(#626));
#1147=EDGE_LOOP('',(#627));
#1148=EDGE_LOOP('',(#628));
#1149=EDGE_LOOP('',(#629));
#1150=EDGE_LOOP('',(#630));
#1151=FACE_BOUND('',#1019,.T.);
#1152=FACE_BOUND('',#1020,.T.);
#1153=FACE_BOUND('',#1021,.T.);
#1154=FACE_BOUND('',#1022,.T.);
#1155=FACE_BOUND('',#1023,.T.);
#1156=FACE_BOUND('',#1024,.T.);
#1157=FACE_BOUND('',#1025,.T.);
#1158=FACE_BOUND('',#1026,.T.);
#1159=FACE_BOUND('',#1027,.T.);
#1160=FACE_BOUND('',#1028,.T.);
#1161=FACE_BOUND('',#1029,.T.);
#1162=FACE_BOUND('',#1030,.T.);
#1163=FACE_BOUND('',#1031,.T.);
#1164=FACE_BOUND('',#1032,.T.);
#1165=FACE_BOUND('',#1033,.T.);
#1166=FACE_BOUND('',#1034,.T.);
#1167=FACE_BOUND('',#1035,.T.);
#1168=FACE_BOUND('',#1036,.T.);
#1169=FACE_BOUND('',#1037,.T.);
#1170=FACE_BOUND('',#1038,.T.);
#1171=FACE_BOUND('',#1039,.T.);
#1172=FACE_BOUND('',#1040,.T.);
#1173=FACE_BOUND('',#1041,.T.);
#1174=FACE_BOUND('',#1042,.T.);
#1175=FACE_BOUND('',#1043,.T.);
#1176=FACE_BOUND('',#1044,.T.);
#1177=FACE_BOUND('',#1045,.T.);
#1178=FACE_BOUND('',#1046,.T.);
#1179=FACE_BOUND('',#1047,.T.);
#1180=FACE_BOUND('',#1048,.T.);
#1181=FACE_BOUND('',#1049,.T.);
#1182=FACE_BOUND('',#1050,.T.);
#1183=FACE_BOUND('',#1051,.T.);
#1184=FACE_BOUND('',#1052,.T.);
#1185=FACE_BOUND('',#1053,.T.);
#1186=FACE_BOUND('',#1054,.T.);
#1187=FACE_BOUND('',#1055,.T.);
#1188=FACE_BOUND('',#1056,.T.);
#1189=FACE_BOUND('',#1057,.T.);
#1190=FACE_BOUND('',#1058,.T.);
#1191=FACE_BOUND('',#1059,.T.);
#1192=FACE_BOUND('',#1060,.T.);
#1193=FACE_BOUND('',#1061,.T.);
#1194=FACE_BOUND('',#1062,.T.);
#1195=FACE_BOUND('',#1063,.T.);
#1196=FACE_BOUND('',#1064,.T.);
#1197=FACE_BOUND('',#1065,.T.);
#1198=FACE_BOUND('',#1066,.T.);
#1199=FACE_BOUND('',#1067,.T.);
#1200=FACE_BOUND('',#1068,.T.);
#1201=FACE_BOUND('',#1069,.T.);
#1202=FACE_BOUND('',#1070,.T.);
#1203=FACE_BOUND('',#1071,.T.);
#1204=FACE_BOUND('',#1072,.T.);
#1205=FACE_BOUND('',#1073,.T.);
#1206=FACE_BOUND('',#1074,.T.);
#1207=FACE_BOUND('',#1075,.T.);
#1208=FACE_BOUND('',#1076,.T.);
#1209=FACE_BOUND('',#1077,.T.);
#1210=FACE_BOUND('',#1078,.T.);
#1211=FACE_BOUND('',#1079,.T.);
#1212=FACE_BOUND('',#1080,.T.);
#1213=FACE_BOUND('',#1081,.T.);
#1214=FACE_BOUND('',#1082,.T.);
#1215=FACE_BOUND('',#1083,.T.);
#1216=FACE_BOUND('',#1084,.T.);
#1217=FACE_BOUND('',#1085,.T.);
#1218=FACE_BOUND('',#1086,.T.);
#1219=FACE_BOUND('',#1087,.T.);
#1220=FACE_BOUND('',#1088,.T.);
#1221=FACE_BOUND('',#1089,.T.);
#1222=FACE_BOUND('',#1090,.T.);
#1223=FACE_BOUND('',#1091,.T.);
#1224=FACE_BOUND('',#1092,.T.);
#1225=FACE_BOUND('',#1093,.T.);
#1226=FACE_BOUND('',#1094,.T.);
#1227=FACE_BOUND('',#1095,.T.);
#1228=FACE_BOUND('',#1096,.T.);
#1229=FACE_BOUND('',#1097,.T.);
#1230=FACE_BOUND('',#1098,.T.);
#1231=FACE_BOUND('',#1099,.T.);
#1232=FACE_BOUND('',#1100,.T.);
#1233=FACE_BOUND('',#1101,.T.);
#1234=FACE_BOUND('',#1102,.T.);
#1235=FACE_BOUND('',#1103,.T.);
#1236=FACE_BOUND('',#1104,.T.);
#1237=FACE_BOUND('',#1105,.T.);
#1238=FACE_BOUND('',#1106,.T.);
#1239=FACE_BOUND('',#1107,.T.);
#1240=FACE_BOUND('',#1108,.T.);
#1241=FACE_BOUND('',#1109,.T.);
#1242=FACE_BOUND('',#1110,.T.);
#1243=FACE_BOUND('',#1111,.T.);
#1244=FACE_BOUND('',#1112,.T.);
#1245=FACE_BOUND('',#1113,.T.);
#1246=FACE_BOUND('',#1114,.T.);
#1247=FACE_BOUND('',#1115,.T.);
#1248=FACE_BOUND('',#1116,.T.);
#1249=FACE_BOUND('',#1117,.T.);
#1250=FACE_BOUND('',#1118,.T.);
#1251=FACE_BOUND('',#1119,.T.);
#1252=FACE_BOUND('',#1120,.T.);
#1253=FACE_BOUND('',#1121,.T.);
#1254=FACE_BOUND('',#1122,.T.);
#1255=FACE_BOUND('',#1123,.T.);
#1256=FACE_BOUND('',#1124,.T.);
#1257=FACE_BOUND('',#1125,.T.);
#1258=FACE_BOUND('',#1126,.T.);
#1259=FACE_BOUND('',#1127,.T.);
#1260=FACE_BOUND('',#1128,.T.);
#1261=FACE_BOUND('',#1129,.T.);
#1262=FACE_BOUND('',#1130,.T.);
#1263=FACE_BOUND('',#1131,.T.);
#1264=FACE_BOUND('',#1132,.T.);
#1265=FACE_BOUND('',#1133,.T.);
#1266=FACE_BOUND('',#1134,.T.);
#1267=FACE_BOUND('',#1135,.T.);
#1268=FACE_BOUND('',#1136,.T.);
#1269=FACE_BOUND('',#1137,.T.);
#1270=FACE_BOUND('',#1138,.T.);
#1271=FACE_BOUND('',#1139,.T.);
#1272=FACE_BOUND('',#1140,.T.);
#1273=FACE_BOUND('',#1141,.T.);
#1274=FACE_BOUND('',#1142,.T.);
#1275=FACE_BOUND('',#1143,.T.);
#1276=FACE_BOUND('',#1144,.T.);
#1277=FACE_BOUND('',#1145,.T.);
#1278=FACE_BOUND('',#1146,.T.);
#1279=FACE_BOUND('',#1147,.T.);
#1280=FACE_BOUND('',#1148,.T.);
#1281=FACE_BOUND('',#1149,.T.);
#1282=FACE_BOUND('',#1150,.T.);
#1283=CYLINDRICAL_SURFACE('',#1417,0.157690575248614);
#1284=CYLINDRICAL_SURFACE('',#1420,0.138655459585278);
#1285=CYLINDRICAL_SURFACE('',#1424,0.073380337829686);
#1286=CYLINDRICAL_SURFACE('',#1427,0.002);
#1287=CYLINDRICAL_SURFACE('',#1450,2.72742572400429);
#1288=CYLINDRICAL_SURFACE('',#1473,0.00135);
#1289=CYLINDRICAL_SURFACE('',#1481,0.00135);
#1290=CYLINDRICAL_SURFACE('',#1485,0.078380337829686);
#1291=CYLINDRICAL_SURFACE('',#1502,0.00135);
#1292=CYLINDRICAL_SURFACE('',#1505,0.00135);
#1293=CYLINDRICAL_SURFACE('',#1508,0.0420560224786215);
#1294=CYLINDRICAL_SURFACE('',#1509,0.0318663195265813);
#1295=CYLINDRICAL_SURFACE('',#1510,0.0268663195265813);
#1296=CYLINDRICAL_SURFACE('',#1512,2.72242572400429);
#1297=CYLINDRICAL_SURFACE('',#1513,0.0470560224786216);
#1298=CYLINDRICAL_SURFACE('',#1514,0.162690575248614);
#1299=CYLINDRICAL_SURFACE('',#1515,0.005);
#1300=CYLINDRICAL_SURFACE('',#1518,0.002);
#1301=CYLINDRICAL_SURFACE('',#1519,0.002);
#1302=CYLINDRICAL_SURFACE('',#1520,0.002);
#1303=CYLINDRICAL_SURFACE('',#1521,0.002);
#1304=CYLINDRICAL_SURFACE('',#1522,0.002);
#1305=CYLINDRICAL_SURFACE('',#1526,0.0268663195265813);
#1306=CYLINDRICAL_SURFACE('',#1527,0.002);
#1307=CYLINDRICAL_SURFACE('',#1528,0.002);
#1308=CYLINDRICAL_SURFACE('',#1529,0.002);
#1309=CYLINDRICAL_SURFACE('',#1530,0.002);
#1310=CYLINDRICAL_SURFACE('',#1531,0.002);
#1311=CYLINDRICAL_SURFACE('',#1534,0.002);
#1312=CYLINDRICAL_SURFACE('',#1536,0.002);
#1313=CYLINDRICAL_SURFACE('',#1538,0.002);
#1314=CYLINDRICAL_SURFACE('',#1559,0.0017859375);
#1315=CYLINDRICAL_SURFACE('',#1562,0.0017859375);
#1316=CYLINDRICAL_SURFACE('',#1565,0.0017859375);
#1317=CYLINDRICAL_SURFACE('',#1568,0.0017859375);
#1318=CYLINDRICAL_SURFACE('',#1569,0.003);
#1319=CYLINDRICAL_SURFACE('',#1570,0.003);
#1320=CYLINDRICAL_SURFACE('',#1571,0.003);
#1321=CYLINDRICAL_SURFACE('',#1572,0.003);
#1322=CYLINDRICAL_SURFACE('',#1573,0.003);
#1323=ADVANCED_FACE('',(#1151,#1152,#1153,#1154,#1155,#1156),#1283,.F.);
#1324=ADVANCED_FACE('',(#1157,#1158,#1159,#1160,#1161,#1162),#1284,.F.);
#1325=ADVANCED_FACE('',(#1163,#1164),#24,.T.);
#1326=ADVANCED_FACE('',(#1165),#1285,.F.);
#1327=ADVANCED_FACE('',(#1166),#1286,.F.);
#1328=ADVANCED_FACE('',(#1167,#1168,#1169,#1170),#25,.F.);
#1329=ADVANCED_FACE('',(#1171),#1287,.T.);
#1330=ADVANCED_FACE('',(#1172,#1173,#1174,#1175),#26,.T.);
#1331=ADVANCED_FACE('',(#1176),#27,.F.);
#1332=ADVANCED_FACE('',(#1177),#28,.F.);
#1333=ADVANCED_FACE('',(#1178,#1179),#1288,.F.);
#1334=ADVANCED_FACE('',(#1180,#1181),#16,.F.);
#1335=ADVANCED_FACE('',(#1182,#1183),#17,.F.);
#1336=ADVANCED_FACE('',(#1184,#1185),#1289,.F.);
#1337=ADVANCED_FACE('',(#1186),#29,.F.);
#1338=ADVANCED_FACE('',(#1187),#30,.F.);
#1339=ADVANCED_FACE('',(#1188),#1290,.T.);
#1340=ADVANCED_FACE('',(#1189,#1190,#1191),#31,.F.);
#1341=ADVANCED_FACE('',(#1192),#32,.F.);
#1342=ADVANCED_FACE('',(#1193),#33,.F.);
#1343=ADVANCED_FACE('',(#1194,#1195,#1196),#34,.T.);
#1344=ADVANCED_FACE('',(#1197,#1198,#1199),#35,.T.);
#1345=ADVANCED_FACE('',(#1200),#36,.F.);
#1346=ADVANCED_FACE('',(#1201,#1202,#1203),#37,.F.);
#1347=ADVANCED_FACE('',(#1204),#38,.T.);
#1348=ADVANCED_FACE('',(#1205,#1206),#39,.T.);
#1349=ADVANCED_FACE('',(#1207),#40,.F.);
#1350=ADVANCED_FACE('',(#1208,#1209),#1291,.F.);
#1351=ADVANCED_FACE('',(#1210,#1211),#18,.F.);
#1352=ADVANCED_FACE('',(#1212,#1213),#1292,.F.);
#1353=ADVANCED_FACE('',(#1214,#1215),#19,.F.);
#1354=ADVANCED_FACE('',(#1216),#1293,.F.);
#1355=ADVANCED_FACE('',(#1217),#1294,.T.);
#1356=ADVANCED_FACE('',(#1218),#1295,.F.);
#1357=ADVANCED_FACE('',(#1219),#41,.T.);
#1358=ADVANCED_FACE('',(#1220),#1296,.F.);
#1359=ADVANCED_FACE('',(#1221),#1297,.T.);
#1360=ADVANCED_FACE('',(#1222),#1298,.T.);
#1361=ADVANCED_FACE('',(#1223),#1299,.T.);
#1362=ADVANCED_FACE('',(#1224),#42,.T.);
#1363=ADVANCED_FACE('',(#1225),#43,.T.);
#1364=ADVANCED_FACE('',(#1226),#1300,.F.);
#1365=ADVANCED_FACE('',(#1227),#1301,.F.);
#1366=ADVANCED_FACE('',(#1228),#1302,.F.);
#1367=ADVANCED_FACE('',(#1229),#1303,.F.);
#1368=ADVANCED_FACE('',(#1230),#1304,.F.);
#1369=ADVANCED_FACE('',(#1231),#44,.T.);
#1370=ADVANCED_FACE('',(#1232),#45,.F.);
#1371=ADVANCED_FACE('',(#1233),#46,.T.);
#1372=ADVANCED_FACE('',(#1234),#1305,.F.);
#1373=ADVANCED_FACE('',(#1235),#1306,.F.);
#1374=ADVANCED_FACE('',(#1236),#1307,.F.);
#1375=ADVANCED_FACE('',(#1237),#1308,.F.);
#1376=ADVANCED_FACE('',(#1238),#1309,.F.);
#1377=ADVANCED_FACE('',(#1239),#1310,.T.);
#1378=ADVANCED_FACE('',(#1240),#1311,.T.);
#1379=ADVANCED_FACE('',(#1241),#1312,.T.);
#1380=ADVANCED_FACE('',(#1242),#1313,.T.);
#1381=ADVANCED_FACE('',(#1243),#47,.F.);
#1382=ADVANCED_FACE('',(#1244),#48,.T.);
#1383=ADVANCED_FACE('',(#1245),#49,.T.);
#1384=ADVANCED_FACE('',(#1246),#50,.F.);
#1385=ADVANCED_FACE('',(#1247),#51,.F.);
#1386=ADVANCED_FACE('',(#1248,#1249,#1250,#1251,#1252),#52,.T.);
#1387=ADVANCED_FACE('',(#1253,#1254),#20,.F.);
#1388=ADVANCED_FACE('',(#1255,#1256),#21,.F.);
#1389=ADVANCED_FACE('',(#1257,#1258),#22,.F.);
#1390=ADVANCED_FACE('',(#1259,#1260),#23,.F.);
#1391=ADVANCED_FACE('',(#1261),#53,.T.);
#1392=ADVANCED_FACE('',(#1262,#1263),#1314,.F.);
#1393=ADVANCED_FACE('',(#1264),#54,.T.);
#1394=ADVANCED_FACE('',(#1265,#1266),#1315,.F.);
#1395=ADVANCED_FACE('',(#1267),#55,.T.);
#1396=ADVANCED_FACE('',(#1268,#1269),#1316,.F.);
#1397=ADVANCED_FACE('',(#1270),#56,.T.);
#1398=ADVANCED_FACE('',(#1271,#1272),#1317,.F.);
#1399=ADVANCED_FACE('',(#1273,#1274),#1318,.F.);
#1400=ADVANCED_FACE('',(#1275,#1276),#1319,.F.);
#1401=ADVANCED_FACE('',(#1277,#1278),#1320,.F.);
#1402=ADVANCED_FACE('',(#1279,#1280),#1321,.F.);
#1403=ADVANCED_FACE('',(#1281,#1282),#1322,.F.);
#1404=CLOSED_SHELL('',(#1323,#1324,#1325,#1326,#1327,#1328,#1329,#1330,
#1331,#1332,#1333,#1334,#1335,#1336,#1337,#1338,#1339,#1340,#1341,#1342,
#1343,#1344,#1345,#1346,#1347,#1348,#1349,#1350,#1351,#1352,#1353,#1354,
#1355,#1356,#1357,#1358,#1359,#1360,#1361,#1362,#1363,#1364,#1365,#1366,
#1367,#1368,#1369,#1370,#1371,#1372,#1373,#1374,#1375,#1376,#1377,#1378,
#1379,#1380,#1381,#1382,#1383,#1384,#1385,#1386,#1387,#1388,#1389,#1390,
#1391,#1392,#1393,#1394,#1395,#1396,#1397,#1398,#1399,#1400,#1401,#1402,
#1403));
#1405=STYLED_ITEM('',(#1406),#1413);
#1406=PRESENTATION_STYLE_ASSIGNMENT((#1407));
#1407=SURFACE_STYLE_USAGE(.BOTH.,#1408);
#1408=SURFACE_SIDE_STYLE('',(#1409));
#1409=SURFACE_STYLE_FILL_AREA(#1410);
#1410=FILL_AREA_STYLE('',(#1411));
#1411=FILL_AREA_STYLE_COLOUR('',#1412);
#1412=DRAUGHTING_PRE_DEFINED_COLOUR('white');
#1413=MANIFOLD_SOLID_BREP('Part 1',#1404);
#1414=SHAPE_DEFINITION_REPRESENTATION(#2492,#1415);
#1415=SHAPE_REPRESENTATION('Part 1',(#1416),#2487);
#1416=AXIS2_PLACEMENT_3D('',#1988,#1574,#1575);
#1417=AXIS2_PLACEMENT_3D('',#1989,#1576,#1577);
#1418=AXIS2_PLACEMENT_3D('',#1990,#1578,#1579);
#1419=AXIS2_PLACEMENT_3D('',#1995,#1581,#1582);
#1420=AXIS2_PLACEMENT_3D('',#2058,#1584,#1585);
#1421=AXIS2_PLACEMENT_3D('',#2059,#1586,#1587);
#1422=AXIS2_PLACEMENT_3D('',#2064,#1589,#1590);
#1423=AXIS2_PLACEMENT_3D('',#2127,#1592,#1593);
#1424=AXIS2_PLACEMENT_3D('',#2141,#1601,#1602);
#1425=AXIS2_PLACEMENT_3D('',#2145,#1604,#1605);
#1426=AXIS2_PLACEMENT_3D('',#2149,#1607,#1608);
#1427=AXIS2_PLACEMENT_3D('',#2150,#1609,#1610);
#1428=AXIS2_PLACEMENT_3D('',#2154,#1612,#1613);
#1429=AXIS2_PLACEMENT_3D('',#2155,#1614,#1615);
#1430=AXIS2_PLACEMENT_3D('',#2156,#1616,#1617);
#1431=AXIS2_PLACEMENT_3D('',#2158,#1619,#1620);
#1432=AXIS2_PLACEMENT_3D('',#2160,#1621,#1622);
#1433=AXIS2_PLACEMENT_3D('',#2164,#1624,#1625);
#1434=AXIS2_PLACEMENT_3D('',#2165,#1626,#1627);
#1435=AXIS2_PLACEMENT_3D('',#2173,#1631,#1632);
#1436=AXIS2_PLACEMENT_3D('',#2177,#1634,#1635);
#1437=AXIS2_PLACEMENT_3D('',#2181,#1637,#1638);
#1438=AXIS2_PLACEMENT_3D('',#2183,#1639,#1640);
#1439=AXIS2_PLACEMENT_3D('',#2185,#1641,#1642);
#1440=AXIS2_PLACEMENT_3D('',#2187,#1643,#1644);
#1441=AXIS2_PLACEMENT_3D('',#2189,#1645,#1646);
#1442=AXIS2_PLACEMENT_3D('',#2191,#1647,#1648);
#1443=AXIS2_PLACEMENT_3D('',#2193,#1649,#1650);
#1444=AXIS2_PLACEMENT_3D('',#2195,#1651,#1652);
#1445=AXIS2_PLACEMENT_3D('',#2196,#1653,#1654);
#1446=AXIS2_PLACEMENT_3D('',#2201,#1656,#1657);
#1447=AXIS2_PLACEMENT_3D('',#2203,#1658,#1659);
#1448=AXIS2_PLACEMENT_3D('',#2205,#1660,#1661);
#1449=AXIS2_PLACEMENT_3D('',#2209,#1663,#1664);
#1450=AXIS2_PLACEMENT_3D('',#2212,#1666,#1667);
#1451=AXIS2_PLACEMENT_3D('',#2213,#1668,#1669);
#1452=AXIS2_PLACEMENT_3D('',#2216,#1671,#1672);
#1453=AXIS2_PLACEMENT_3D('',#2222,#1676,#1677);
#1454=AXIS2_PLACEMENT_3D('',#2223,#1678,#1679);
#1455=AXIS2_PLACEMENT_3D('',#2227,#1681,#1682);
#1456=AXIS2_PLACEMENT_3D('',#2228,#1683,#1684);
#1457=AXIS2_PLACEMENT_3D('',#2231,#1685,#1686);
#1458=AXIS2_PLACEMENT_3D('',#2233,#1687,#1688);
#1459=AXIS2_PLACEMENT_3D('',#2237,#1690,#1691);
#1460=AXIS2_PLACEMENT_3D('',#2241,#1693,#1694);
#1461=AXIS2_PLACEMENT_3D('',#2244,#1696,#1697);
#1462=AXIS2_PLACEMENT_3D('',#2247,#1698,#1699);
#1463=AXIS2_PLACEMENT_3D('',#2251,#1701,#1702);
#1464=AXIS2_PLACEMENT_3D('',#2255,#1704,#1705);
#1465=AXIS2_PLACEMENT_3D('',#2259,#1707,#1708);
#1466=AXIS2_PLACEMENT_3D('',#2261,#1709,#1710);
#1467=AXIS2_PLACEMENT_3D('',#2263,#1711,#1712);
#1468=AXIS2_PLACEMENT_3D('',#2265,#1713,#1714);
#1469=AXIS2_PLACEMENT_3D('',#2267,#1715,#1716);
#1470=AXIS2_PLACEMENT_3D('',#2269,#1717,#1718);
#1471=AXIS2_PLACEMENT_3D('',#2270,#1719,#1720);
#1472=AXIS2_PLACEMENT_3D('',#2279,#1725,#1726);
#1473=AXIS2_PLACEMENT_3D('',#2285,#1730,#1731);
#1474=AXIS2_PLACEMENT_3D('',#2286,#1732,#1733);
#1475=AXIS2_PLACEMENT_3D('',#2288,#1734,#1735);
#1476=AXIS2_PLACEMENT_3D('',#2290,#1736,#1737);
#1477=AXIS2_PLACEMENT_3D('',#2291,#1738,#1739);
#1478=AXIS2_PLACEMENT_3D('',#2293,#1740,#1741);
#1479=AXIS2_PLACEMENT_3D('',#2294,#1742,#1743);
#1480=AXIS2_PLACEMENT_3D('',#2296,#1744,#1745);
#1481=AXIS2_PLACEMENT_3D('',#2298,#1746,#1747);
#1482=AXIS2_PLACEMENT_3D('',#2299,#1748,#1749);
#1483=AXIS2_PLACEMENT_3D('',#2301,#1750,#1751);
#1484=AXIS2_PLACEMENT_3D('',#2310,#1756,#1757);
#1485=AXIS2_PLACEMENT_3D('',#2313,#1760,#1761);
#1486=AXIS2_PLACEMENT_3D('',#2314,#1762,#1763);
#1487=AXIS2_PLACEMENT_3D('',#2315,#1764,#1765);
#1488=AXIS2_PLACEMENT_3D('',#2317,#1766,#1767);
#1489=AXIS2_PLACEMENT_3D('',#2319,#1768,#1769);
#1490=AXIS2_PLACEMENT_3D('',#2323,#1772,#1773);
#1491=AXIS2_PLACEMENT_3D('',#2327,#1776,#1777);
#1492=AXIS2_PLACEMENT_3D('',#2333,#1781,#1782);
#1493=AXIS2_PLACEMENT_3D('',#2334,#1783,#1784);
#1494=AXIS2_PLACEMENT_3D('',#2336,#1786,#1787);
#1495=AXIS2_PLACEMENT_3D('',#2345,#1792,#1793);
#1496=AXIS2_PLACEMENT_3D('',#2351,#1797,#1798);
#1497=AXIS2_PLACEMENT_3D('',#2352,#1799,#1800);
#1498=AXIS2_PLACEMENT_3D('',#2354,#1801,#1802);
#1499=AXIS2_PLACEMENT_3D('',#2361,#1806,#1807);
#1500=AXIS2_PLACEMENT_3D('',#2364,#1810,#1811);
#1501=AXIS2_PLACEMENT_3D('',#2366,#1813,#1814);
#1502=AXIS2_PLACEMENT_3D('',#2367,#1815,#1816);
#1503=AXIS2_PLACEMENT_3D('',#2368,#1817,#1818);
#1504=AXIS2_PLACEMENT_3D('',#2370,#1819,#1820);
#1505=AXIS2_PLACEMENT_3D('',#2371,#1821,#1822);
#1506=AXIS2_PLACEMENT_3D('',#2372,#1823,#1824);
#1507=AXIS2_PLACEMENT_3D('',#2374,#1825,#1826);
#1508=AXIS2_PLACEMENT_3D('',#2375,#1827,#1828);
#1509=AXIS2_PLACEMENT_3D('',#2376,#1829,#1830);
#1510=AXIS2_PLACEMENT_3D('',#2377,#1831,#1832);
#1511=AXIS2_PLACEMENT_3D('',#2380,#1835,#1836);
#1512=AXIS2_PLACEMENT_3D('',#2383,#1839,#1840);
#1513=AXIS2_PLACEMENT_3D('',#2385,#1842,#1843);
#1514=AXIS2_PLACEMENT_3D('',#2388,#1846,#1847);
#1515=AXIS2_PLACEMENT_3D('',#2391,#1850,#1851);
#1516=AXIS2_PLACEMENT_3D('',#2392,#1852,#1853);
#1517=AXIS2_PLACEMENT_3D('',#2395,#1856,#1857);
#1518=AXIS2_PLACEMENT_3D('',#2398,#1860,#1861);
#1519=AXIS2_PLACEMENT_3D('',#2399,#1862,#1863);
#1520=AXIS2_PLACEMENT_3D('',#2400,#1864,#1865);
#1521=AXIS2_PLACEMENT_3D('',#2401,#1866,#1867);
#1522=AXIS2_PLACEMENT_3D('',#2402,#1868,#1869);
#1523=AXIS2_PLACEMENT_3D('',#2403,#1870,#1871);
#1524=AXIS2_PLACEMENT_3D('',#2406,#1874,#1875);
#1525=AXIS2_PLACEMENT_3D('',#2409,#1878,#1879);
#1526=AXIS2_PLACEMENT_3D('',#2412,#1882,#1883);
#1527=AXIS2_PLACEMENT_3D('',#2415,#1886,#1887);
#1528=AXIS2_PLACEMENT_3D('',#2416,#1888,#1889);
#1529=AXIS2_PLACEMENT_3D('',#2417,#1890,#1891);
#1530=AXIS2_PLACEMENT_3D('',#2418,#1892,#1893);
#1531=AXIS2_PLACEMENT_3D('',#2419,#1894,#1895);
#1532=AXIS2_PLACEMENT_3D('',#2420,#1896,#1897);
#1533=AXIS2_PLACEMENT_3D('',#2421,#1898,#1899);
#1534=AXIS2_PLACEMENT_3D('',#2422,#1900,#1901);
#1535=AXIS2_PLACEMENT_3D('',#2423,#1902,#1903);
#1536=AXIS2_PLACEMENT_3D('',#2424,#1904,#1905);
#1537=AXIS2_PLACEMENT_3D('',#2425,#1906,#1907);
#1538=AXIS2_PLACEMENT_3D('',#2426,#1908,#1909);
#1539=AXIS2_PLACEMENT_3D('',#2427,#1910,#1911);
#1540=AXIS2_PLACEMENT_3D('',#2428,#1912,#1913);
#1541=AXIS2_PLACEMENT_3D('',#2434,#1917,#1918);
#1542=AXIS2_PLACEMENT_3D('',#2438,#1921,#1922);
#1543=AXIS2_PLACEMENT_3D('',#2442,#1925,#1926);
#1544=AXIS2_PLACEMENT_3D('',#2444,#1928,#1929);
#1545=AXIS2_PLACEMENT_3D('',#2445,#1930,#1931);
#1546=AXIS2_PLACEMENT_3D('',#2447,#1932,#1933);
#1547=AXIS2_PLACEMENT_3D('',#2449,#1934,#1935);
#1548=AXIS2_PLACEMENT_3D('',#2451,#1936,#1937);
#1549=AXIS2_PLACEMENT_3D('',#2453,#1938,#1939);
#1550=AXIS2_PLACEMENT_3D('',#2454,#1940,#1941);
#1551=AXIS2_PLACEMENT_3D('',#2456,#1942,#1943);
#1552=AXIS2_PLACEMENT_3D('',#2457,#1944,#1945);
#1553=AXIS2_PLACEMENT_3D('',#2459,#1946,#1947);
#1554=AXIS2_PLACEMENT_3D('',#2460,#1948,#1949);
#1555=AXIS2_PLACEMENT_3D('',#2462,#1950,#1951);
#1556=AXIS2_PLACEMENT_3D('',#2463,#1952,#1953);
#1557=AXIS2_PLACEMENT_3D('',#2465,#1954,#1955);
#1558=AXIS2_PLACEMENT_3D('',#2466,#1956,#1957);
#1559=AXIS2_PLACEMENT_3D('',#2468,#1958,#1959);
#1560=AXIS2_PLACEMENT_3D('',#2469,#1960,#1961);
#1561=AXIS2_PLACEMENT_3D('',#2470,#1962,#1963);
#1562=AXIS2_PLACEMENT_3D('',#2472,#1964,#1965);
#1563=AXIS2_PLACEMENT_3D('',#2473,#1966,#1967);
#1564=AXIS2_PLACEMENT_3D('',#2474,#1968,#1969);
#1565=AXIS2_PLACEMENT_3D('',#2476,#1970,#1971);
#1566=AXIS2_PLACEMENT_3D('',#2477,#1972,#1973);
#1567=AXIS2_PLACEMENT_3D('',#2478,#1974,#1975);
#1568=AXIS2_PLACEMENT_3D('',#2480,#1976,#1977);
#1569=AXIS2_PLACEMENT_3D('',#2481,#1978,#1979);
#1570=AXIS2_PLACEMENT_3D('',#2482,#1980,#1981);
#1571=AXIS2_PLACEMENT_3D('',#2483,#1982,#1983);
#1572=AXIS2_PLACEMENT_3D('',#2484,#1984,#1985);
#1573=AXIS2_PLACEMENT_3D('',#2485,#1986,#1987);
#1574=DIRECTION('',(0.,0.,1.));
#1575=DIRECTION('',(1.,0.,0.));
#1576=DIRECTION('',(0.,1.,4.66480262447545E-16));
#1577=DIRECTION('',(0.,-4.66480262447545E-16,1.));
#1578=DIRECTION('',(0.,1.,4.66480262447545E-16));
#1579=DIRECTION('',(0.,-4.66480262447545E-16,1.));
#1580=DIRECTION('',(0.,-1.,-4.66480262447545E-16));
#1581=DIRECTION('',(0.,-1.,-4.66480262447545E-16));
#1582=DIRECTION('',(0.,4.66480262447545E-16,-1.));
#1583=DIRECTION('',(0.,1.,4.66480262447545E-16));
#1584=DIRECTION('',(0.,1.,4.66480262447545E-16));
#1585=DIRECTION('',(0.,-4.66480262447545E-16,1.));
#1586=DIRECTION('',(0.,-1.,-4.66480262447545E-16));
#1587=DIRECTION('',(0.,4.66480262447545E-16,-1.));
#1588=DIRECTION('',(0.,1.,4.66480262447545E-16));
#1589=DIRECTION('',(0.,1.,4.66480262447545E-16));
#1590=DIRECTION('',(0.,-4.66480262447545E-16,1.));
#1591=DIRECTION('',(0.,-1.,-1.80231010491097E-16));
#1592=DIRECTION('',(1.,0.,0.));
#1593=DIRECTION('',(0.,1.,0.));
#1594=DIRECTION('',(0.,-4.66480262447545E-16,1.));
#1595=DIRECTION('',(0.,-1.,-1.80231010491097E-16));
#1596=DIRECTION('',(0.,-4.66480262447545E-16,1.));
#1597=DIRECTION('',(0.,-1.,-1.06752213906265E-16));
#1598=DIRECTION('',(0.,-3.89096854424705E-16,1.));
#1599=DIRECTION('',(0.,-1.,-2.1350442781253E-16));
#1600=DIRECTION('',(0.,-3.89096854424705E-16,1.));
#1601=DIRECTION('',(0.,1.,4.66480262447545E-16));
#1602=DIRECTION('',(0.,-4.66480262447545E-16,1.));
#1603=DIRECTION('',(0.,1.,4.66480262447545E-16));
#1604=DIRECTION('',(0.,-1.,-4.66480262447545E-16));
#1605=DIRECTION('',(0.,4.66480262447545E-16,-1.));
#1606=DIRECTION('',(0.,1.,4.66480262447545E-16));
#1607=DIRECTION('',(0.,1.,4.66480262447545E-16));
#1608=DIRECTION('',(0.,-4.66480262447545E-16,1.));
#1609=DIRECTION('',(0.,1.,4.66480262447545E-16));
#1610=DIRECTION('',(0.,-4.66480262447545E-16,1.));
#1611=DIRECTION('',(0.,1.,4.66480262447545E-16));
#1612=DIRECTION('',(0.,1.,4.66480262447545E-16));
#1613=DIRECTION('',(0.,-4.66480262447545E-16,1.));
#1614=DIRECTION('',(0.,-1.,-4.66480262447545E-16));
#1615=DIRECTION('',(0.,4.66480262447545E-16,-1.));
#1616=DIRECTION('',(0.,-1.,-4.66480262447545E-16));
#1617=DIRECTION('',(0.,4.66480262447545E-16,-1.));
#1618=DIRECTION('',(1.,0.,0.));
#1619=DIRECTION('',(0.,1.,4.66480262447545E-16));
#1620=DIRECTION('',(0.,-4.66480262447545E-16,1.));
#1621=DIRECTION('',(0.,-1.,-4.66480262447545E-16));
#1622=DIRECTION('',(0.,4.66480262447545E-16,-1.));
#1623=DIRECTION('',(1.,0.,0.));
#1624=DIRECTION('',(0.,-1.,-4.66480262447545E-16));
#1625=DIRECTION('',(0.,4.66480262447545E-16,-1.));
#1626=DIRECTION('',(0.,1.,4.66480262447545E-16));
#1627=DIRECTION('',(0.,-4.66480262447545E-16,1.));
#1628=DIRECTION('',(0.,-4.66480262447545E-16,1.));
#1629=DIRECTION('',(-1.,0.,0.));
#1630=DIRECTION('',(1.,0.,0.));
#1631=DIRECTION('',(0.,1.,4.66480262447545E-16));
#1632=DIRECTION('',(0.,-4.66480262447545E-16,1.));
#1633=DIRECTION('',(0.866025403784438,-2.33240131223773E-16,0.5));
#1634=DIRECTION('',(0.,1.,4.66480262447545E-16));
#1635=DIRECTION('',(0.,-4.66480262447545E-16,1.));
#1636=DIRECTION('',(0.,-4.66480262447545E-16,1.));
#1637=DIRECTION('',(0.,1.,4.66480262447545E-16));
#1638=DIRECTION('',(0.,-4.66480262447545E-16,1.));
#1639=DIRECTION('',(0.,1.,4.66480262447545E-16));
#1640=DIRECTION('',(0.,-4.66480262447545E-16,1.));
#1641=DIRECTION('',(0.,1.,4.66480262447545E-16));
#1642=DIRECTION('',(0.,-4.66480262447545E-16,1.));
#1643=DIRECTION('',(0.,1.,4.66480262447545E-16));
#1644=DIRECTION('',(0.,-4.66480262447545E-16,1.));
#1645=DIRECTION('',(0.,1.,4.66480262447545E-16));
#1646=DIRECTION('',(0.,-4.66480262447545E-16,1.));
#1647=DIRECTION('',(0.,1.,4.66480262447545E-16));
#1648=DIRECTION('',(0.,-4.66480262447545E-16,1.));
#1649=DIRECTION('',(0.,1.,4.66480262447545E-16));
#1650=DIRECTION('',(0.,-4.66480262447545E-16,1.));
#1651=DIRECTION('',(0.,1.,4.66480262447545E-16));
#1652=DIRECTION('',(0.,-4.66480262447545E-16,1.));
#1653=DIRECTION('',(0.,1.,4.66480262447545E-16));
#1654=DIRECTION('',(0.,-4.66480262447545E-16,1.));
#1655=DIRECTION('',(1.,0.,0.));
#1656=DIRECTION('',(0.,1.,4.66480262447545E-16));
#1657=DIRECTION('',(0.,-4.66480262447545E-16,1.));
#1658=DIRECTION('',(0.,1.,4.66480262447545E-16));
#1659=DIRECTION('',(0.,-4.66480262447545E-16,1.));
#1660=DIRECTION('',(0.,1.,4.66480262447545E-16));
#1661=DIRECTION('',(0.,-4.66480262447545E-16,1.));
#1662=DIRECTION('',(0.,-4.66480262447545E-16,1.));
#1663=DIRECTION('',(0.,1.,4.66480262447545E-16));
#1664=DIRECTION('',(0.,-4.66480262447545E-16,1.));
#1665=DIRECTION('',(0.866025403784439,2.33240131223773E-16,-0.5));
#1666=DIRECTION('',(0.,1.,4.66480262447545E-16));
#1667=DIRECTION('',(0.,-4.66480262447545E-16,1.));
#1668=DIRECTION('',(0.,-1.,-4.66480262447545E-16));
#1669=DIRECTION('',(0.,4.66480262447545E-16,-1.));
#1670=DIRECTION('',(0.,1.,4.66480262447545E-16));
#1671=DIRECTION('',(0.,-1.,-4.66480262447545E-16));
#1672=DIRECTION('',(0.,4.66480262447545E-16,-1.));
#1673=DIRECTION('',(1.,0.,0.));
#1674=DIRECTION('',(-1.,0.,0.));
#1675=DIRECTION('',(0.,-4.66480262447545E-16,1.));
#1676=DIRECTION('',(0.,-1.,-4.66480262447545E-16));
#1677=DIRECTION('',(0.,4.66480262447545E-16,-1.));
#1678=DIRECTION('',(0.,-1.,-4.66480262447545E-16));
#1679=DIRECTION('',(0.,4.66480262447545E-16,-1.));
#1680=DIRECTION('',(1.,0.,0.));
#1681=DIRECTION('',(0.,-1.,-4.66480262447545E-16));
#1682=DIRECTION('',(0.,4.66480262447545E-16,-1.));
#1683=DIRECTION('',(0.,-1.,-4.66480262447545E-16));
#1684=DIRECTION('',(0.,4.66480262447545E-16,-1.));
#1685=DIRECTION('',(0.,-1.,-4.66480262447545E-16));
#1686=DIRECTION('',(0.,4.66480262447545E-16,-1.));
#1687=DIRECTION('',(0.,-1.,-4.66480262447545E-16));
#1688=DIRECTION('',(0.,4.66480262447545E-16,-1.));
#1689=DIRECTION('',(1.,0.,0.));
#1690=DIRECTION('',(0.,-1.,-4.66480262447545E-16));
#1691=DIRECTION('',(0.,4.66480262447545E-16,-1.));
#1692=DIRECTION('',(0.866025403784439,2.33240131223773E-16,-0.5));
#1693=DIRECTION('',(0.,-1.,-4.66480262447545E-16));
#1694=DIRECTION('',(0.,4.66480262447545E-16,-1.));
#1695=DIRECTION('',(0.,-4.66480262447545E-16,1.));
#1696=DIRECTION('',(0.,-1.,-4.66480262447545E-16));
#1697=DIRECTION('',(0.,4.66480262447545E-16,-1.));
#1698=DIRECTION('',(0.,-1.,-4.66480262447545E-16));
#1699=DIRECTION('',(0.,4.66480262447545E-16,-1.));
#1700=DIRECTION('',(0.,-4.66480262447545E-16,1.));
#1701=DIRECTION('',(0.,-1.,-4.66480262447545E-16));
#1702=DIRECTION('',(0.,4.66480262447545E-16,-1.));
#1703=DIRECTION('',(0.866025403784438,-2.33240131223773E-16,0.5));
#1704=DIRECTION('',(0.,-1.,-4.66480262447545E-16));
#1705=DIRECTION('',(0.,4.66480262447545E-16,-1.));
#1706=DIRECTION('',(1.,0.,0.));
#1707=DIRECTION('',(0.,-1.,-4.66480262447545E-16));
#1708=DIRECTION('',(0.,4.66480262447545E-16,-1.));
#1709=DIRECTION('',(0.,-1.,-4.66480262447545E-16));
#1710=DIRECTION('',(0.,4.66480262447545E-16,-1.));
#1711=DIRECTION('',(0.,-1.,-4.66480262447545E-16));
#1712=DIRECTION('',(0.,4.66480262447545E-16,-1.));
#1713=DIRECTION('',(0.,-1.,-4.66480262447545E-16));
#1714=DIRECTION('',(0.,4.66480262447545E-16,-1.));
#1715=DIRECTION('',(0.,-1.,-4.66480262447545E-16));
#1716=DIRECTION('',(0.,4.66480262447545E-16,-1.));
#1717=DIRECTION('',(0.,-1.,-4.66480262447545E-16));
#1718=DIRECTION('',(0.,4.66480262447545E-16,-1.));
#1719=DIRECTION('',(0.,-4.66480262447545E-16,1.));
#1720=DIRECTION('',(0.,-1.,-4.66480262447545E-16));
#1721=DIRECTION('',(0.,-1.,0.));
#1722=DIRECTION('',(-1.,0.,0.));
#1723=DIRECTION('',(0.,1.,4.66480262447545E-16));
#1724=DIRECTION('',(-1.,0.,0.));
#1725=DIRECTION('',(0.,0.,-1.));
#1726=DIRECTION('',(-1.,0.,0.));
#1727=DIRECTION('',(0.,1.,4.66480262447545E-16));
#1728=DIRECTION('',(-1.,0.,0.));
#1729=DIRECTION('',(0.,-1.,0.));
#1730=DIRECTION('',(0.,1.,-1.77920356510442E-16));
#1731=DIRECTION('',(0.,-1.77920356510442E-16,-1.));
#1732=DIRECTION('',(0.,-1.,1.77920356510442E-16));
#1733=DIRECTION('',(0.,-1.77920356510442E-16,-1.));
#1734=DIRECTION('',(0.,-1.,1.77920356510442E-16));
#1735=DIRECTION('',(0.,-1.77920356510442E-16,-1.));
#1736=DIRECTION('',(0.,-1.,1.77920356510442E-16));
#1737=DIRECTION('',(0.,1.77920356510442E-16,1.));
#1738=DIRECTION('',(0.,-1.,1.77920356510442E-16));
#1739=DIRECTION('',(0.,-1.77920356510442E-16,-1.));
#1740=DIRECTION('',(0.,-1.,1.77920356510442E-16));
#1741=DIRECTION('',(0.,1.77920356510442E-16,1.));
#1742=DIRECTION('',(0.,-1.,1.77920356510442E-16));
#1743=DIRECTION('',(0.,-1.77920356510442E-16,-1.));
#1744=DIRECTION('',(0.,-1.,1.77920356510442E-16));
#1745=DIRECTION('',(0.,-1.77920356510442E-16,-1.));
#1746=DIRECTION('',(0.,1.,-1.77920356510442E-16));
#1747=DIRECTION('',(0.,-1.77920356510442E-16,-1.));
#1748=DIRECTION('',(0.,-1.,1.77920356510442E-16));
#1749=DIRECTION('',(0.,-1.77920356510442E-16,-1.));
#1750=DIRECTION('',(0.,1.80231010491097E-16,-1.));
#1751=DIRECTION('',(0.,1.,1.80231010491097E-16));
#1752=DIRECTION('',(0.,-1.,-1.80231010491097E-16));
#1753=DIRECTION('',(-1.,0.,0.));
#1754=DIRECTION('',(0.,-1.,-1.80231010491097E-16));
#1755=DIRECTION('',(-1.,0.,0.));
#1756=DIRECTION('',(1.,0.,0.));
#1757=DIRECTION('',(0.,1.,0.));
#1758=DIRECTION('',(0.,-1.,-1.80231010491097E-16));
#1759=DIRECTION('',(0.,-1.,-1.80231010491097E-16));
#1760=DIRECTION('',(0.,1.,4.66480262447545E-16));
#1761=DIRECTION('',(0.,-4.66480262447545E-16,1.));
#1762=DIRECTION('',(0.,-1.,1.77920356510442E-16));
#1763=DIRECTION('',(0.,-1.77920356510442E-16,-1.));
#1764=DIRECTION('',(0.,-1.,1.77920356510442E-16));
#1765=DIRECTION('',(0.,-1.77920356510442E-16,-1.));
#1766=DIRECTION('',(0.,-1.,1.77920356510442E-16));
#1767=DIRECTION('',(0.,-1.77920356510442E-16,-1.));
#1768=DIRECTION('',(0.,-1.,1.77920356510442E-16));
#1769=DIRECTION('',(0.,-1.77920356510442E-16,-1.));
#1770=DIRECTION('',(0.,1.77920356510442E-16,1.));
#1771=DIRECTION('',(0.,1.77920356510442E-16,1.));
#1772=DIRECTION('',(-1.,0.,0.));
#1773=DIRECTION('',(0.,-1.,0.));
#1774=DIRECTION('',(0.,-1.,-4.66480262447545E-16));
#1775=DIRECTION('',(0.,1.77920356510442E-16,1.));
#1776=DIRECTION('',(0.,0.,-1.));
#1777=DIRECTION('',(-1.,0.,0.));
#1778=DIRECTION('',(-1.,0.,0.));
#1779=DIRECTION('',(0.,1.,4.66480262447545E-16));
#1780=DIRECTION('',(0.,-1.,0.));
#1781=DIRECTION('',(0.,-1.,1.77920356510442E-16));
#1782=DIRECTION('',(0.,-1.77920356510442E-16,-1.));
#1783=DIRECTION('',(0.,-1.,1.77920356510442E-16));
#1784=DIRECTION('',(0.,-1.77920356510442E-16,-1.));
#1785=DIRECTION('',(0.,1.77920356510442E-16,1.));
#1786=DIRECTION('',(0.,1.,0.));
#1787=DIRECTION('',(0.,0.,1.));
#1788=DIRECTION('',(0.,0.,1.));
#1789=DIRECTION('',(1.,0.,0.));
#1790=DIRECTION('',(0.,0.,1.));
#1791=DIRECTION('',(1.,0.,0.));
#1792=DIRECTION('',(0.,0.,-1.));
#1793=DIRECTION('',(-1.,0.,0.));
#1794=DIRECTION('',(0.,1.,0.));
#1795=DIRECTION('',(1.,0.,0.));
#1796=DIRECTION('',(0.,1.,0.));
#1797=DIRECTION('',(0.,1.,0.));
#1798=DIRECTION('',(0.,0.,1.));
#1799=DIRECTION('',(0.,-1.,1.77920356510442E-16));
#1800=DIRECTION('',(0.,-1.77920356510442E-16,-1.));
#1801=DIRECTION('',(0.,-1.,1.77920356510442E-16));
#1802=DIRECTION('',(0.,-1.77920356510442E-16,-1.));
#1803=DIRECTION('',(0.,0.,1.));
#1804=DIRECTION('',(1.,0.,0.));
#1805=DIRECTION('',(0.,0.,1.));
#1806=DIRECTION('',(0.,0.,-1.));
#1807=DIRECTION('',(-1.,0.,0.));
#1808=DIRECTION('',(0.,1.,0.));
#1809=DIRECTION('',(0.,1.,0.));
#1810=DIRECTION('',(-1.,0.,0.));
#1811=DIRECTION('',(0.,-1.,0.));
#1812=DIRECTION('',(0.,-1.,-4.66480262447545E-16));
#1813=DIRECTION('',(1.,0.,0.));
#1814=DIRECTION('',(0.,0.,-1.));
#1815=DIRECTION('',(0.,-1.,1.77920356510442E-16));
#1816=DIRECTION('',(0.,-1.77920356510442E-16,-1.));
#1817=DIRECTION('',(0.,-1.,1.77920356510442E-16));
#1818=DIRECTION('',(0.,-1.77920356510442E-16,-1.));
#1819=DIRECTION('',(0.,1.,-1.77920356510442E-16));
#1820=DIRECTION('',(0.,1.77920356510442E-16,1.));
#1821=DIRECTION('',(0.,-1.,1.77920356510442E-16));
#1822=DIRECTION('',(0.,-1.77920356510442E-16,-1.));
#1823=DIRECTION('',(0.,-1.,1.77920356510442E-16));
#1824=DIRECTION('',(0.,-1.77920356510442E-16,-1.));
#1825=DIRECTION('',(0.,1.,-1.77920356510442E-16));
#1826=DIRECTION('',(0.,1.77920356510442E-16,1.));
#1827=DIRECTION('',(0.,-1.,-4.66480262447545E-16));
#1828=DIRECTION('',(0.,4.66480262447545E-16,-1.));
#1829=DIRECTION('',(0.,1.,4.66480262447545E-16));
#1830=DIRECTION('',(0.,-4.66480262447545E-16,1.));
#1831=DIRECTION('',(0.,1.,4.66480262447545E-16));
#1832=DIRECTION('',(0.,-4.66480262447545E-16,1.));
#1833=DIRECTION('',(0.,1.,4.66480262447545E-16));
#1834=DIRECTION('',(0.,1.,4.66480262447545E-16));
#1835=DIRECTION('',(0.,-4.66480262447545E-16,1.));
#1836=DIRECTION('',(0.,-1.,-4.66480262447545E-16));
#1837=DIRECTION('',(2.21867129593409E-31,-1.,-4.66480262447545E-16));
#1838=DIRECTION('',(0.,1.,4.66480262447545E-16));
#1839=DIRECTION('',(0.,1.,4.66480262447545E-16));
#1840=DIRECTION('',(0.,-4.66480262447545E-16,1.));
#1841=DIRECTION('',(0.,1.,4.66480262447545E-16));
#1842=DIRECTION('',(0.,1.,4.66480262447545E-16));
#1843=DIRECTION('',(0.,-4.66480262447545E-16,1.));
#1844=DIRECTION('',(0.,1.,4.66480262447545E-16));
#1845=DIRECTION('',(0.,1.,4.66480262447545E-16));
#1846=DIRECTION('',(0.,1.,4.66480262447545E-16));
#1847=DIRECTION('',(0.,-4.66480262447545E-16,1.));
#1848=DIRECTION('',(0.,1.,4.66480262447545E-16));
#1849=DIRECTION('',(0.,1.,4.66480262447545E-16));
#1850=DIRECTION('',(0.,1.,4.66480262447545E-16));
#1851=DIRECTION('',(0.,-4.66480262447545E-16,1.));
#1852=DIRECTION('',(-0.5,-4.03983757643606E-16,0.866025403784438));
#1853=DIRECTION('',(0.866025403784438,0.,0.5));
#1854=DIRECTION('',(-2.46519032881567E-32,-1.,-4.66480262447545E-16));
#1855=DIRECTION('',(2.21867129593409E-31,-1.,-4.66480262447545E-16));
#1856=DIRECTION('',(-1.,0.,0.));
#1857=DIRECTION('',(0.,0.,1.));
#1858=DIRECTION('',(0.,-1.,-4.66480262447545E-16));
#1859=DIRECTION('',(0.,-1.,-4.66480262447545E-16));
#1860=DIRECTION('',(0.,1.,4.66480262447545E-16));
#1861=DIRECTION('',(0.,-4.66480262447545E-16,1.));
#1862=DIRECTION('',(0.,1.,4.66480262447545E-16));
#1863=DIRECTION('',(0.,-4.66480262447545E-16,1.));
#1864=DIRECTION('',(0.,1.,4.66480262447545E-16));
#1865=DIRECTION('',(0.,-4.66480262447545E-16,1.));
#1866=DIRECTION('',(2.21867129593409E-31,-1.,-4.66480262447545E-16));
#1867=DIRECTION('',(0.,4.66480262447545E-16,-1.));
#1868=DIRECTION('',(0.,-1.,-4.66480262447545E-16));
#1869=DIRECTION('',(0.,4.66480262447545E-16,-1.));
#1870=DIRECTION('',(0.5,-4.03983757643606E-16,0.866025403784439));
#1871=DIRECTION('',(0.866025403784439,0.,-0.5));
#1872=DIRECTION('',(0.,-1.,-4.66480262447545E-16));
#1873=DIRECTION('',(2.9582283945788E-31,1.,4.66480262447545E-16));
#1874=DIRECTION('',(-1.,0.,0.));
#1875=DIRECTION('',(0.,0.,1.));
#1876=DIRECTION('',(0.,-1.,-4.66480262447545E-16));
#1877=DIRECTION('',(0.,1.,4.66480262447545E-16));
#1878=DIRECTION('',(0.,-4.66480262447545E-16,1.));
#1879=DIRECTION('',(0.,-1.,-4.66480262447545E-16));
#1880=DIRECTION('',(2.9582283945788E-31,1.,4.66480262447545E-16));
#1881=DIRECTION('',(0.,-1.,-4.66480262447545E-16));
#1882=DIRECTION('',(0.,1.,4.66480262447545E-16));
#1883=DIRECTION('',(0.,-4.66480262447545E-16,1.));
#1884=DIRECTION('',(0.,1.,4.66480262447545E-16));
#1885=DIRECTION('',(0.,1.,4.66480262447545E-16));
#1886=DIRECTION('',(0.,1.,4.66480262447545E-16));
#1887=DIRECTION('',(0.,-4.66480262447545E-16,1.));
#1888=DIRECTION('',(0.,1.,4.66480262447545E-16));
#1889=DIRECTION('',(0.,-4.66480262447545E-16,1.));
#1890=DIRECTION('',(2.9582283945788E-31,1.,4.66480262447545E-16));
#1891=DIRECTION('',(0.,-4.66480262447545E-16,1.));
#1892=DIRECTION('',(0.,1.,4.66480262447545E-16));
#1893=DIRECTION('',(0.,-4.66480262447545E-16,1.));
#1894=DIRECTION('',(0.,-1.,-1.80231010491097E-16));
#1895=DIRECTION('',(0.,1.80231010491097E-16,-1.));
#1896=DIRECTION('',(0.707106781186548,-0.707106781186548,-1.27442569698358E-16));
#1897=DIRECTION('',(0.707106781186548,0.707106781186548,1.27442569698358E-16));
#1898=DIRECTION('',(-0.707106781186548,-0.707106781186548,-1.27442569698358E-16));
#1899=DIRECTION('',(-0.707106781186548,0.707106781186548,1.27442569698358E-16));
#1900=DIRECTION('',(-1.,0.,0.));
#1901=DIRECTION('',(0.,0.,1.));
#1902=DIRECTION('',(-0.707106781186548,0.707106781186548,1.27442569698358E-16));
#1903=DIRECTION('',(-0.707106781186548,-0.707106781186548,-1.27442569698358E-16));
#1904=DIRECTION('',(1.,0.,0.));
#1905=DIRECTION('',(0.,0.,-1.));
#1906=DIRECTION('',(0.707106781186548,0.707106781186548,1.27442569698358E-16));
#1907=DIRECTION('',(0.707106781186548,-0.707106781186548,-1.27442569698358E-16));
#1908=DIRECTION('',(0.,1.,1.80231010491097E-16));
#1909=DIRECTION('',(0.,-1.80231010491097E-16,1.));
#1910=DIRECTION('',(0.,-1.80231010491097E-16,1.));
#1911=DIRECTION('',(0.,-1.,-1.80231010491097E-16));
#1912=DIRECTION('',(0.,1.,3.89096854424705E-16));
#1913=DIRECTION('',(0.,-3.89096854424705E-16,1.));
#1914=DIRECTION('',(1.,0.,0.));
#1915=DIRECTION('',(0.,-3.89096854424705E-16,1.));
#1916=DIRECTION('',(1.,0.,0.));
#1917=DIRECTION('',(0.,-1.06752213906265E-16,1.));
#1918=DIRECTION('',(0.,-1.,-1.06752213906265E-16));
#1919=DIRECTION('',(1.,0.,0.));
#1920=DIRECTION('',(0.,-1.,-1.06752213906265E-16));
#1921=DIRECTION('',(0.,1.,3.89096854424705E-16));
#1922=DIRECTION('',(0.,-3.89096854424705E-16,1.));
#1923=DIRECTION('',(1.,0.,0.));
#1924=DIRECTION('',(0.,-3.89096854424705E-16,1.));
#1925=DIRECTION('',(0.,-2.1350442781253E-16,1.));
#1926=DIRECTION('',(0.,-1.,-2.1350442781253E-16));
#1927=DIRECTION('',(0.,-1.,-2.1350442781253E-16));
#1928=DIRECTION('',(1.,0.,0.));
#1929=DIRECTION('',(0.,1.,0.));
#1930=DIRECTION('',(1.,0.,0.));
#1931=DIRECTION('',(0.,0.,-1.));
#1932=DIRECTION('',(1.,0.,0.));
#1933=DIRECTION('',(0.,0.,-1.));
#1934=DIRECTION('',(1.,0.,0.));
#1935=DIRECTION('',(0.,0.,-1.));
#1936=DIRECTION('',(1.,0.,0.));
#1937=DIRECTION('',(0.,0.,-1.));
#1938=DIRECTION('',(1.,0.,0.));
#1939=DIRECTION('',(0.,0.,1.));
#1940=DIRECTION('',(1.,0.,0.));
#1941=DIRECTION('',(0.,0.,-1.));
#1942=DIRECTION('',(1.,0.,0.));
#1943=DIRECTION('',(0.,0.,1.));
#1944=DIRECTION('',(1.,0.,0.));
#1945=DIRECTION('',(0.,0.,-1.));
#1946=DIRECTION('',(1.,0.,0.));
#1947=DIRECTION('',(0.,0.,1.));
#1948=DIRECTION('',(1.,0.,0.));
#1949=DIRECTION('',(0.,0.,-1.));
#1950=DIRECTION('',(1.,0.,0.));
#1951=DIRECTION('',(0.,0.,1.));
#1952=DIRECTION('',(1.,0.,0.));
#1953=DIRECTION('',(0.,0.,-1.));
#1954=DIRECTION('',(1.,0.,0.));
#1955=DIRECTION('',(0.,1.,0.));
#1956=DIRECTION('',(1.,0.,0.));
#1957=DIRECTION('',(0.,0.,-1.));
#1958=DIRECTION('',(1.,0.,0.));
#1959=DIRECTION('',(0.,0.,-1.));
#1960=DIRECTION('',(1.,0.,0.));
#1961=DIRECTION('',(0.,1.,0.));
#1962=DIRECTION('',(1.,0.,0.));
#1963=DIRECTION('',(0.,0.,-1.));
#1964=DIRECTION('',(1.,0.,0.));
#1965=DIRECTION('',(0.,0.,-1.));
#1966=DIRECTION('',(1.,0.,0.));
#1967=DIRECTION('',(0.,1.,0.));
#1968=DIRECTION('',(1.,0.,0.));
#1969=DIRECTION('',(0.,0.,-1.));
#1970=DIRECTION('',(1.,0.,0.));
#1971=DIRECTION('',(0.,0.,-1.));
#1972=DIRECTION('',(1.,0.,0.));
#1973=DIRECTION('',(0.,1.,0.));
#1974=DIRECTION('',(1.,0.,0.));
#1975=DIRECTION('',(0.,0.,-1.));
#1976=DIRECTION('',(1.,0.,0.));
#1977=DIRECTION('',(0.,0.,-1.));
#1978=DIRECTION('',(4.16333634234433E-16,0.,1.));
#1979=DIRECTION('',(1.,0.,-4.16333634234433E-16));
#1980=DIRECTION('',(4.16333634234433E-16,0.,1.));
#1981=DIRECTION('',(1.,0.,-4.16333634234433E-16));
#1982=DIRECTION('',(4.16333634234433E-16,0.,1.));
#1983=DIRECTION('',(1.,0.,-4.16333634234433E-16));
#1984=DIRECTION('',(4.16333634234433E-16,0.,1.));
#1985=DIRECTION('',(1.,0.,-4.16333634234433E-16));
#1986=DIRECTION('',(4.16333634234433E-16,0.,1.));
#1987=DIRECTION('',(1.,0.,-4.16333634234433E-16));
#1988=CARTESIAN_POINT('',(0.,0.,0.));
#1989=CARTESIAN_POINT('',(0.00554904423807131,-0.019252,-0.197747859610111));
#1990=CARTESIAN_POINT('',(0.00554904423807131,0.01925,-0.197747859610111));
#1991=CARTESIAN_POINT('',(0.0311611178410935,0.01925,-0.0421511398246599));
#1992=CARTESIAN_POINT('',(0.0656638531108723,0.01925,-0.0519653940100758));
#1993=CARTESIAN_POINT('',(0.0656638531108723,0.019252,-0.0519653940100758));
#1994=CARTESIAN_POINT('',(0.0656638531108723,-0.01925,-0.0519653940100758));
#1995=CARTESIAN_POINT('',(0.00554904423807131,-0.01925,-0.197747859610111));
#1996=CARTESIAN_POINT('',(0.0311611178410935,-0.01925,-0.0421511398246599));
#1997=CARTESIAN_POINT('',(0.0311611178410935,-0.019252,-0.0421511398246599));
#1998=CARTESIAN_POINT('',(0.0493161978862172,0.0133829602743366,-0.0462491300444803));
#1999=CARTESIAN_POINT('',(0.0503416969133853,0.0109998072890441,-0.0465534121010042));
#2000=CARTESIAN_POINT('',(0.0493170144602416,0.00861781056948695,-0.0462493619599663));
#2001=CARTESIAN_POINT('',(0.0470085037709933,0.00769230165742944,-0.0455974162061528));
#2002=CARTESIAN_POINT('',(0.0446836961155905,0.00861301629725556,-0.0449869068970628));
#2003=CARTESIAN_POINT('',(0.0436591893234217,0.0109986339588491,-0.044732343690154));
#2004=CARTESIAN_POINT('',(0.0446795488802319,0.0133833691930858,-0.0449858424611426));
#2005=CARTESIAN_POINT('',(0.0470082986579693,0.0143084118164425,-0.0455973462686438));
#2006=CARTESIAN_POINT('',(0.0493161978862172,0.0133829602743366,-0.0462491300444803));
#2007=CARTESIAN_POINT('',(0.0503416969133853,0.0109998072890441,-0.0465534121010042));
#2008=CARTESIAN_POINT('',(0.0493170144602416,0.00861781056948695,-0.0462493619599663));
#2009=CARTESIAN_POINT('',(0.05,0.011,-0.0464520234014106));
#2010=CARTESIAN_POINT('',(0.04154944369421,0.0101505825427426,-0.0442181536691139));
#2011=CARTESIAN_POINT('',(0.0425578285280881,0.00777787434981955,-0.0444622267655821));
#2012=CARTESIAN_POINT('',(0.0415501946351251,0.0054069676162912,-0.0442183325488098));
#2013=CARTESIAN_POINT('',(0.0392292778438861,0.00446478484358877,-0.0436885897474562));
#2014=CARTESIAN_POINT('',(0.0368936738414637,0.00540296561338808,-0.0432004103365473));
#2015=CARTESIAN_POINT('',(0.0358868307197658,0.00777730581789749,-0.0430037324148676));
#2016=CARTESIAN_POINT('',(0.0368899572244627,0.0101495021202931,-0.043199660943814));
#2017=CARTESIAN_POINT('',(0.0392273475668152,0.0110922385139519,-0.0436881556875615));
#2018=CARTESIAN_POINT('',(0.04154944369421,0.0101505825427426,-0.0442181536691139));
#2019=CARTESIAN_POINT('',(0.0425578285280881,0.00777787434981955,-0.0444622267655821));
#2020=CARTESIAN_POINT('',(0.0415501946351251,0.0054069676162912,-0.0442183325488098));
#2021=CARTESIAN_POINT('',(0.0422218254069479,0.007778174593052,-0.044380898880042));
#2022=CARTESIAN_POINT('',(0.038331592890971,0.00236875800779937,-0.0434990544063791));
#2023=CARTESIAN_POINT('',(0.0393340202691003,-3.44471020743129E-7,-0.0437195885317761));
#2024=CARTESIAN_POINT('',(0.0383323260326278,-0.0023673801237164,-0.0434992154911637));
#2025=CARTESIAN_POINT('',(0.0360070224249233,-0.0033153730587264,-0.0430193271388503));
#2026=CARTESIAN_POINT('',(0.0336677661316691,-0.00237110557976845,-0.0425810872865464));
#2027=CARTESIAN_POINT('',(0.0326670157387997,-7.348488529665E-7,-0.0424071365673353));
#2028=CARTESIAN_POINT('',(0.0336641722504109,0.00236710652920895,-0.0425804427745179));
#2029=CARTESIAN_POINT('',(0.0360044207409337,0.00331603260983434,-0.0430188035140774));
#2030=CARTESIAN_POINT('',(0.038331592890971,0.00236875800779937,-0.0434990544063791));
#2031=CARTESIAN_POINT('',(0.0393340202691003,-3.44471020743129E-7,-0.0437195885317761));
#2032=CARTESIAN_POINT('',(0.0383323260326278,-0.0023673801237164,-0.0434992154911637));
#2033=CARTESIAN_POINT('',(0.039,-8.3355847714426E-19,-0.0436461040041079));
#2034=CARTESIAN_POINT('',(0.0415494436942101,-0.0054057666433614,-0.0442181536691139));
#2035=CARTESIAN_POINT('',(0.0425578285280881,-0.00777847483628445,-0.0444622267655822));
#2036=CARTESIAN_POINT('',(0.0415501946351251,-0.0101493815698128,-0.0442183325488098));
#2037=CARTESIAN_POINT('',(0.0392292778438861,-0.0110915643425152,-0.0436885897474562));
#2038=CARTESIAN_POINT('',(0.0368936738414637,-0.0101533835727159,-0.0432004103365473));
#2039=CARTESIAN_POINT('',(0.0358868307197658,-0.00777904336820651,-0.0430037324148676));
#2040=CARTESIAN_POINT('',(0.0368899572244627,-0.00540684706581087,-0.043199660943814));
#2041=CARTESIAN_POINT('',(0.0392273475668152,-0.00446411067215212,-0.0436881556875616));
#2042=CARTESIAN_POINT('',(0.0415494436942101,-0.0054057666433614,-0.0442181536691139));
#2043=CARTESIAN_POINT('',(0.0425578285280881,-0.00777847483628445,-0.0444622267655822));
#2044=CARTESIAN_POINT('',(0.0415501946351251,-0.0101493815698128,-0.0442183325488098));
#2045=CARTESIAN_POINT('',(0.0422218254069479,-0.007778174593052,-0.044380898880042));
#2046=CARTESIAN_POINT('',(0.0493161978862172,-0.0086170397256634,-0.0462491300444804));
#2047=CARTESIAN_POINT('',(0.0503416969133853,-0.0110001927109559,-0.0465534121010042));
#2048=CARTESIAN_POINT('',(0.0493170144602416,-0.013382189430513,-0.0462493619599663));
#2049=CARTESIAN_POINT('',(0.0470085037709933,-0.0143076983425706,-0.0455974162061528));
#2050=CARTESIAN_POINT('',(0.0446836961155905,-0.0133869837027444,-0.0449869068970628));
#2051=CARTESIAN_POINT('',(0.0436591893234217,-0.0110013660411509,-0.044732343690154));
#2052=CARTESIAN_POINT('',(0.0446795488802318,-0.00861663080691414,-0.0449858424611426));
#2053=CARTESIAN_POINT('',(0.0470082986579693,-0.00769158818355755,-0.0455973462686439));
#2054=CARTESIAN_POINT('',(0.0493161978862172,-0.0086170397256634,-0.0462491300444804));
#2055=CARTESIAN_POINT('',(0.0503416969133853,-0.0110001927109559,-0.0465534121010042));
#2056=CARTESIAN_POINT('',(0.0493170144602416,-0.013382189430513,-0.0462493619599663));
#2057=CARTESIAN_POINT('',(0.05,-0.011,-0.0464520234014106));
#2058=CARTESIAN_POINT('',(0.0659936013642072,-0.019252,0.10105491239382));
#2059=CARTESIAN_POINT('',(0.0659936013642072,-0.01925,0.10105491239382));
#2060=CARTESIAN_POINT('',(0.0569068160845868,-0.0192499999999974,-0.0373024755769227));
#2061=CARTESIAN_POINT('',(0.02,-0.01925,-0.02975));
#2062=CARTESIAN_POINT('',(0.0569068160845868,-0.019252,-0.0373024755769227));
#2063=CARTESIAN_POINT('',(0.0569068160845868,0.01925,-0.0373024755769227));
#2064=CARTESIAN_POINT('',(0.0659936013642072,0.01925,0.10105491239382));
#2065=CARTESIAN_POINT('',(0.02,0.01925,-0.02975));
#2066=CARTESIAN_POINT('',(0.02,1.38777878078145E-17,-0.02975));
#2067=CARTESIAN_POINT('',(0.049340180681277,0.00863684968661606,-0.0366006363540739));
#2068=CARTESIAN_POINT('',(0.0503296890417794,0.011000530042298,-0.0367122260638939));
#2069=CARTESIAN_POINT('',(0.0493410631516057,0.013361030144192,-0.0366007299240878));
#2070=CARTESIAN_POINT('',(0.046997353323921,0.0143197934319127,-0.0363013678675003));
#2071=CARTESIAN_POINT('',(0.0446587938509799,0.0133597929301986,-0.035953166066214));
#2072=CARTESIAN_POINT('',(0.0436714332425968,0.0110007612688075,-0.0357912249995014));
#2073=CARTESIAN_POINT('',(0.0446554746204889,0.00864436663230982,-0.0359526344977674));
#2074=CARTESIAN_POINT('',(0.0469929087457078,0.00767970335031273,-0.0363007641127849));
#2075=CARTESIAN_POINT('',(0.049340180681277,0.00863684968661606,-0.0366006363540739));
#2076=CARTESIAN_POINT('',(0.0503296890417794,0.011000530042298,-0.0367122260638939));
#2077=CARTESIAN_POINT('',(0.0493410631516057,0.013361030144192,-0.0366007299240878));
#2078=CARTESIAN_POINT('',(0.05,0.011,-0.0366750450889562));
#2079=CARTESIAN_POINT('',(0.0415531104906169,0.00540598991399972,-0.0354334393445372));
#2080=CARTESIAN_POINT('',(0.0425559342412279,0.0077786279126601,-0.0356045977859414));
#2081=CARTESIAN_POINT('',(0.0415541049861589,0.0101485459936719,-0.0354336102541126));
#2082=CARTESIAN_POINT('',(0.0392166772292666,0.0110936196498132,-0.0349988365836425));
#2083=CARTESIAN_POINT('',(0.036889430179881,0.0101460110532689,-0.0345155746574736));
#2084=CARTESIAN_POINT('',(0.0358889104271691,0.00777929962508237,-0.0342922600380973));
#2085=CARTESIAN_POINT('',(0.0368858824707818,0.00541414676297859,-0.0345148041809822));
#2086=CARTESIAN_POINT('',(0.0392137374329196,0.00446223723229828,-0.0349982698163649));
#2087=CARTESIAN_POINT('',(0.0415531104906169,0.00540598991399972,-0.0354334393445372));
#2088=CARTESIAN_POINT('',(0.0425559342412279,0.0077786279126601,-0.0356045977859414));
#2089=CARTESIAN_POINT('',(0.0415541049861589,0.0101485459936719,-0.0354336102541126));
#2090=CARTESIAN_POINT('',(0.0422218254069479,0.007778174593052,-0.0355475734570692));
#2091=CARTESIAN_POINT('',(0.0383266379578832,-0.00237685617722478,-0.0348161964587912));
#2092=CARTESIAN_POINT('',(0.0393364166072274,4.19216822385008E-7,-0.0350132411336342));
#2093=CARTESIAN_POINT('',(0.0383276956132073,0.00237517930993523,-0.034816407700565));
#2094=CARTESIAN_POINT('',(0.0359937369285632,0.00331318121281037,-0.0343247219200633));
#2095=CARTESIAN_POINT('',(0.0336722237311131,0.00237207829257184,-0.0337848074322994));
#2096=CARTESIAN_POINT('',(0.0326648140207623,1.35194430221161E-6,-0.0335346270651954));
#2097=CARTESIAN_POINT('',(0.0336685224687117,-0.00236842056022594,-0.0337839143142393));
#2098=CARTESIAN_POINT('',(0.0359915188942676,-0.00331367038057375,-0.0343242428335652));
#2099=CARTESIAN_POINT('',(0.0383266379578832,-0.00237685617722478,-0.0348161964587912));
#2100=CARTESIAN_POINT('',(0.0393364166072274,4.19216822385008E-7,-0.0350132411336342));
#2101=CARTESIAN_POINT('',(0.0383276956132073,0.00237517930993523,-0.034816407700565));
#2102=CARTESIAN_POINT('',(0.039,-3.50309270433074E-20,-0.0349475947823155));
#2103=CARTESIAN_POINT('',(0.0415531104906169,-0.0101503592721043,-0.0354334393445372));
#2104=CARTESIAN_POINT('',(0.0425559342412279,-0.0077777212734439,-0.0356045977859414));
#2105=CARTESIAN_POINT('',(0.0415541049861589,-0.00540780319243212,-0.0354336102541126));
#2106=CARTESIAN_POINT('',(0.0392166772292666,-0.00446272953629077,-0.0349988365836425));
#2107=CARTESIAN_POINT('',(0.036889430179881,-0.00541033813283504,-0.0345155746574737));
#2108=CARTESIAN_POINT('',(0.0358889104271691,-0.00777704956102161,-0.0342922600380973));
#2109=CARTESIAN_POINT('',(0.0368858824707818,-0.0101422024231254,-0.0345148041809822));
#2110=CARTESIAN_POINT('',(0.0392137374329196,-0.0110941119538057,-0.0349982698163649));
#2111=CARTESIAN_POINT('',(0.0415531104906169,-0.0101503592721043,-0.0354334393445372));
#2112=CARTESIAN_POINT('',(0.0425559342412279,-0.0077777212734439,-0.0356045977859414));
#2113=CARTESIAN_POINT('',(0.0415541049861589,-0.00540780319243212,-0.0354336102541126));
#2114=CARTESIAN_POINT('',(0.0422218254069479,-0.007778174593052,-0.0355475734570692));
#2115=CARTESIAN_POINT('',(0.0493401806812769,-0.0133631503133839,-0.0366006363540739));
#2116=CARTESIAN_POINT('',(0.0503296890417794,-0.010999469957702,-0.0367122260638939));
#2117=CARTESIAN_POINT('',(0.0493410631516057,-0.00863896985580795,-0.0366007299240878));
#2118=CARTESIAN_POINT('',(0.0469973533239209,-0.0076802065680873,-0.0363013678675004));
#2119=CARTESIAN_POINT('',(0.0446587938509799,-0.00864020706980142,-0.035953166066214));
#2120=CARTESIAN_POINT('',(0.0436714332425968,-0.0109992387311925,-0.0357912249995014));
#2121=CARTESIAN_POINT('',(0.0446554746204889,-0.0133556333676902,-0.0359526344977674));
#2122=CARTESIAN_POINT('',(0.0469929087457077,-0.0143202966496873,-0.0363007641127848));
#2123=CARTESIAN_POINT('',(0.0493401806812769,-0.0133631503133839,-0.0366006363540739));
#2124=CARTESIAN_POINT('',(0.0503296890417794,-0.010999469957702,-0.0367122260638939));
#2125=CARTESIAN_POINT('',(0.0493410631516057,-0.00863896985580795,-0.0366007299240878));
#2126=CARTESIAN_POINT('',(0.05,-0.011,-0.0366750450889562));
#2127=CARTESIAN_POINT('',(0.02,3.46944695195361E-18,-3.46944695195361E-18));
#2128=CARTESIAN_POINT('',(0.02,0.01925,-1.7347234759768E-18));
#2129=CARTESIAN_POINT('',(0.02,0.01925,0.02775));
#2130=CARTESIAN_POINT('',(0.02,-0.01925,0.02775));
#2131=CARTESIAN_POINT('',(0.02,-0.01925,0.02775));
#2132=CARTESIAN_POINT('',(0.02,-0.01925,-8.67361737988404E-18));
#2133=CARTESIAN_POINT('',(0.02,1.38777878078145E-17,-0.02675));
#2134=CARTESIAN_POINT('',(0.02,0.01625,-0.02675));
#2135=CARTESIAN_POINT('',(0.02,-0.01625,-0.02675));
#2136=CARTESIAN_POINT('',(0.02,-0.01625,-8.67361737988404E-18));
#2137=CARTESIAN_POINT('',(0.02,-0.01625,0.02675));
#2138=CARTESIAN_POINT('',(0.02,-6.93889390390723E-18,0.02675));
#2139=CARTESIAN_POINT('',(0.02,0.01625,0.02675));
#2140=CARTESIAN_POINT('',(0.02,0.01625,-3.46944695195361E-18));
#2141=CARTESIAN_POINT('',(0.0438916375843228,-0.019252,0.0351884439947723));
#2142=CARTESIAN_POINT('',(0.00972041472741173,-0.019252,-0.02975));
#2143=CARTESIAN_POINT('',(0.00972041472741173,-0.01925,-0.02975));
#2144=CARTESIAN_POINT('',(0.00972041472741174,0.01925,-0.02975));
#2145=CARTESIAN_POINT('',(0.0438916375843228,-0.01925,0.0351884439947723));
#2146=CARTESIAN_POINT('',(0.012134449667133,-0.01925,-0.0309640691516771));
#2147=CARTESIAN_POINT('',(0.012134449667133,0.01925,-0.030964069151677));
#2148=CARTESIAN_POINT('',(0.012134449667133,0.01925,-0.030964069151677));
#2149=CARTESIAN_POINT('',(0.0438916375843228,0.01925,0.0351884439947723));
#2150=CARTESIAN_POINT('',(0.013,-0.019252,-0.0291610653742895));
#2151=CARTESIAN_POINT('',(0.0149113231036743,-0.019252,-0.02975));
#2152=CARTESIAN_POINT('',(0.0149113231036743,0.01925,-0.02975));
#2153=CARTESIAN_POINT('',(0.0149113231036743,-0.01925,-0.02975));
#2154=CARTESIAN_POINT('',(0.013,0.01925,-0.0291610653742895));
#2155=CARTESIAN_POINT('',(0.013,-0.01925,-0.0291610653742895));
#2156=CARTESIAN_POINT('',(0.02,0.01925,-1.7347234759768E-18));
#2157=CARTESIAN_POINT('',(0.005,0.01925,-0.02975));
#2158=CARTESIAN_POINT('',(-0.0613306895745679,0.0192500000000013,-2.76216411834263));
#2159=CARTESIAN_POINT('',(0.0764939772574001,0.01925,-0.0382229587040843));
#2160=CARTESIAN_POINT('',(0.0748836804734187,0.01925,-0.0700485657593735));
#2161=CARTESIAN_POINT('',(0.106736059851635,0.01925,-0.0691060965999998));
#2162=CARTESIAN_POINT('',(0.02,0.01925,-0.0691060965999998));
#2163=CARTESIAN_POINT('',(0.07825,0.01925,-0.0691060965999998));
#2164=CARTESIAN_POINT('',(0.0391593911282227,0.01925,-0.0846184569863512));
#2165=CARTESIAN_POINT('',(0.0438916375843228,0.01925,0.0351884439947723));
#2166=CARTESIAN_POINT('',(0.,0.01925,-0.02975));
#2167=CARTESIAN_POINT('',(0.,0.01925,-1.7347234759768E-18));
#2168=CARTESIAN_POINT('',(0.,0.01925,0.02775));
#2169=CARTESIAN_POINT('',(0.02,0.01925,0.02775));
#2170=CARTESIAN_POINT('',(0.0825963873035422,0.01925,-0.0641060965999998));
#2171=CARTESIAN_POINT('',(0.0827447897297963,0.01925,-0.0641060965999998));
#2172=CARTESIAN_POINT('',(0.0877939241151305,0.01925,-0.0641060965999998));
#2173=CARTESIAN_POINT('',(0.0877939241151305,0.01925,-0.0621060965999998));
#2174=CARTESIAN_POINT('',(0.0887939241151305,0.01925,-0.0638381474075686));
#2175=CARTESIAN_POINT('',(0.0886534766479734,0.01925,-0.0639192347905388));
#2176=CARTESIAN_POINT('',(0.0888391730961171,0.01925,-0.0638120228962155));
#2177=CARTESIAN_POINT('',(0.0878391730961171,0.01925,-0.0620799720886466));
#2178=CARTESIAN_POINT('',(0.0898391730961171,0.01925,-0.0620799720886466));
#2179=CARTESIAN_POINT('',(0.0898391730961171,0.01925,-0.0534280482999999));
#2180=CARTESIAN_POINT('',(0.0898391730961171,0.01925,-0.0488238382534373));
#2181=CARTESIAN_POINT('',(0.0878391730961171,0.01925,-0.0488238382534373));
#2182=CARTESIAN_POINT('',(0.0888811843683401,0.01925,-0.0471167317809054));
#2183=CARTESIAN_POINT('',(0.0748836804734187,0.01925,-0.0700485657593735));
#2184=CARTESIAN_POINT('',(0.0762413128757105,0.01925,-0.04321657069444));
#2185=CARTESIAN_POINT('',(-0.0613306895745679,0.0192500000000013,-2.76216411834263));
#2186=CARTESIAN_POINT('',(0.0665716123710383,0.01925,-0.042744543529413));
#2187=CARTESIAN_POINT('',(0.0664776503570756,0.01925,-0.0447423350951006));
#2188=CARTESIAN_POINT('',(0.0657377342322225,0.01925,-0.0466004320054278));
#2189=CARTESIAN_POINT('',(0.00554904423807131,0.01925,-0.197747859610111));
#2190=CARTESIAN_POINT('',(0.0675699533574474,0.01925,-0.0473429723666073));
#2191=CARTESIAN_POINT('',(0.065663853110872,0.01925,-0.0519653940100757));
#2192=CARTESIAN_POINT('',(0.0688149430642934,0.01925,-0.0480833028074573));
#2193=CARTESIAN_POINT('',(0.0391593911282227,0.01925,-0.0846184569863512));
#2194=CARTESIAN_POINT('',(0.080967825499948,0.01925,-0.063023919091465));
#2195=CARTESIAN_POINT('',(0.0827447897297963,0.01925,-0.0621060965999998));
#2196=CARTESIAN_POINT('',(0.0968844220771038,0.01925,-0.0621060965999998));
#2197=CARTESIAN_POINT('',(0.0968844220771038,0.01925,-0.0641060965999998));
#2198=CARTESIAN_POINT('',(0.0958844220771038,0.01925,-0.0638381474075687));
#2199=CARTESIAN_POINT('',(0.0825963873035422,0.01925,-0.0641060965999998));
#2200=CARTESIAN_POINT('',(0.0984474456744734,0.01925,-0.0641060965999998));
#2201=CARTESIAN_POINT('',(0.0984474456744734,0.01925,-0.0621060965999998));
#2202=CARTESIAN_POINT('',(0.100342681129472,0.01925,-0.0614672831920981));
#2203=CARTESIAN_POINT('',(0.0748836804734187,0.01925,-0.0700485657593735));
#2204=CARTESIAN_POINT('',(0.0986050550634287,0.01925,-0.0574352587994683));
#2205=CARTESIAN_POINT('',(0.0968391730961171,0.01925,-0.0583742267848245));
#2206=CARTESIAN_POINT('',(0.0948391730961171,0.01925,-0.0583742267848245));
#2207=CARTESIAN_POINT('',(0.0948391730961171,0.01925,-0.0534280482999999));
#2208=CARTESIAN_POINT('',(0.0948391730961171,0.01925,-0.0620799720886466));
#2209=CARTESIAN_POINT('',(0.0968391730961171,0.01925,-0.0620799720886466));
#2210=CARTESIAN_POINT('',(0.0958391730961171,0.01925,-0.0638120228962154));
#2211=CARTESIAN_POINT('',(0.0814106908553985,0.01925,-0.0554817347905388));
#2212=CARTESIAN_POINT('',(-0.0613306895745679,-0.0192519999999987,-2.76216411834263));
#2213=CARTESIAN_POINT('',(-0.0613306895745679,-0.0192499999999987,-2.76216411834263));
#2214=CARTESIAN_POINT('',(0.0764939772574001,-0.01925,-0.0382229587040843));
#2215=CARTESIAN_POINT('',(0.0764939772574001,-0.019252,-0.0382229587040843));
#2216=CARTESIAN_POINT('',(0.02,-0.01925,-8.67361737988404E-18));
#2217=CARTESIAN_POINT('',(0.005,-0.01925,-0.02975));
#2218=CARTESIAN_POINT('',(0.,-0.01925,0.02775));
#2219=CARTESIAN_POINT('',(0.,-0.01925,0.02775));
#2220=CARTESIAN_POINT('',(0.,-0.01925,-8.67361737988404E-18));
#2221=CARTESIAN_POINT('',(0.,-0.01925,-0.02975));
#2222=CARTESIAN_POINT('',(0.0438916375843228,-0.01925,0.0351884439947723));
#2223=CARTESIAN_POINT('',(0.0391593911282227,-0.01925,-0.0846184569863512));
#2224=CARTESIAN_POINT('',(0.07825,-0.01925,-0.0691060965999998));
#2225=CARTESIAN_POINT('',(0.02,-0.01925,-0.0691060965999998));
#2226=CARTESIAN_POINT('',(0.106736059851635,-0.01925,-0.0691060965999998));
#2227=CARTESIAN_POINT('',(0.0748836804734187,-0.01925,-0.0700485657593735));
#2228=CARTESIAN_POINT('',(0.0968391730961171,-0.01925,-0.0583742267848245));
#2229=CARTESIAN_POINT('',(0.0986050550634287,-0.01925,-0.0574352587994683));
#2230=CARTESIAN_POINT('',(0.0948391730961171,-0.01925,-0.0583742267848245));
#2231=CARTESIAN_POINT('',(0.0748836804734187,-0.01925,-0.0700485657593735));
#2232=CARTESIAN_POINT('',(0.100342681129472,-0.01925,-0.0614672831920981));
#2233=CARTESIAN_POINT('',(0.0984474456744734,-0.01925,-0.0621060965999998));
#2234=CARTESIAN_POINT('',(0.0984474456744734,-0.01925,-0.0641060965999998));
#2235=CARTESIAN_POINT('',(0.02,-0.01925,-0.0641060965999998));
#2236=CARTESIAN_POINT('',(0.0968844220771038,-0.01925,-0.0641060965999998));
#2237=CARTESIAN_POINT('',(0.0968844220771038,-0.01925,-0.0621060965999998));
#2238=CARTESIAN_POINT('',(0.0958844220771038,-0.01925,-0.0638381474075687));
#2239=CARTESIAN_POINT('',(0.103331958888692,-0.01925,-0.0681379847905388));
#2240=CARTESIAN_POINT('',(0.0958391730961171,-0.01925,-0.0638120228962155));
#2241=CARTESIAN_POINT('',(0.0968391730961171,-0.01925,-0.0620799720886466));
#2242=CARTESIAN_POINT('',(0.0948391730961171,-0.01925,-0.0620799720886466));
#2243=CARTESIAN_POINT('',(0.0948391730961171,-0.01925,-0.0534280482999999));
#2244=CARTESIAN_POINT('',(0.0748836804734187,-0.01925,-0.0700485657593735));
#2245=CARTESIAN_POINT('',(0.0762413128757105,-0.01925,-0.0432165706944407));
#2246=CARTESIAN_POINT('',(0.0888811843683401,-0.01925,-0.0471167317809054));
#2247=CARTESIAN_POINT('',(0.0878391730961171,-0.01925,-0.0488238382534373));
#2248=CARTESIAN_POINT('',(0.0898391730961171,-0.01925,-0.0488238382534373));
#2249=CARTESIAN_POINT('',(0.0898391730961171,-0.01925,-0.0534280482999999));
#2250=CARTESIAN_POINT('',(0.0898391730961171,-0.01925,-0.0620799720886466));
#2251=CARTESIAN_POINT('',(0.0878391730961171,-0.01925,-0.0620799720886466));
#2252=CARTESIAN_POINT('',(0.0888391730961171,-0.01925,-0.0638120228962155));
#2253=CARTESIAN_POINT('',(0.0813463873035422,-0.01925,-0.0681379847905388));
#2254=CARTESIAN_POINT('',(0.0887939241151305,-0.01925,-0.0638381474075687));
#2255=CARTESIAN_POINT('',(0.0877939241151305,-0.01925,-0.0621060965999998));
#2256=CARTESIAN_POINT('',(0.0877939241151305,-0.01925,-0.0641060965999998));
#2257=CARTESIAN_POINT('',(0.02,-0.01925,-0.0641060965999998));
#2258=CARTESIAN_POINT('',(0.0827447897297963,-0.01925,-0.0641060965999998));
#2259=CARTESIAN_POINT('',(0.0827447897297963,-0.01925,-0.0621060965999998));
#2260=CARTESIAN_POINT('',(0.080967825499948,-0.01925,-0.063023919091465));
#2261=CARTESIAN_POINT('',(0.0391593911282227,-0.01925,-0.0846184569863512));
#2262=CARTESIAN_POINT('',(0.0688149430642934,-0.01925,-0.0480833028074573));
#2263=CARTESIAN_POINT('',(0.065663853110872,-0.01925,-0.0519653940100757));
#2264=CARTESIAN_POINT('',(0.0675699533574474,-0.01925,-0.0473429723666073));
#2265=CARTESIAN_POINT('',(0.00554904423807131,-0.01925,-0.197747859610111));
#2266=CARTESIAN_POINT('',(0.0657377342322225,-0.01925,-0.0466004320054278));
#2267=CARTESIAN_POINT('',(0.0664776503570756,-0.01925,-0.0447423350951006));
#2268=CARTESIAN_POINT('',(0.0665716123710383,-0.01925,-0.042744543529413));
#2269=CARTESIAN_POINT('',(-0.0613306895745679,-0.0192499999999987,-2.76216411834263));
#2270=CARTESIAN_POINT('',(0.108185748478999,-0.019252,-0.1081060966));
#2271=CARTESIAN_POINT('',(0.10675,-3.46944695195361E-18,-0.1081060966));
#2272=CARTESIAN_POINT('',(0.10675,0.02475,-0.1081060966));
#2273=CARTESIAN_POINT('',(0.10675,-0.02475,-0.1081060966));
#2274=CARTESIAN_POINT('',(0.10675,-0.02475,-0.1081060966));
#2275=CARTESIAN_POINT('',(0.07825,-0.02475,-0.1081060966));
#2276=CARTESIAN_POINT('',(0.07825,-0.019252,-0.1081060966));
#2277=CARTESIAN_POINT('',(0.07825,0.02475,-0.1081060966));
#2278=CARTESIAN_POINT('',(0.10675,0.02475,-0.1081060966));
#2279=CARTESIAN_POINT('',(0.10675,3.46944695195361E-18,-0.0691060965999998));
#2280=CARTESIAN_POINT('',(0.106736059851635,0.01925,-0.0691060965999998));
#2281=CARTESIAN_POINT('',(0.106736059851635,0.02475,-0.0691060965999998));
#2282=CARTESIAN_POINT('',(0.10675,0.02475,-0.0691060965999998));
#2283=CARTESIAN_POINT('',(0.07825,0.02475,-0.0691060965999998));
#2284=CARTESIAN_POINT('',(0.07825,3.46944695195361E-18,-0.0691060965999998));
#2285=CARTESIAN_POINT('',(0.0935,-0.02475,-0.1021060966));
#2286=CARTESIAN_POINT('',(0.0935,-0.02225,-0.1021060966));
#2287=CARTESIAN_POINT('',(0.0935,-0.02225,-0.1034560966));
#2288=CARTESIAN_POINT('',(0.0935,-0.0235,-0.1021060966));
#2289=CARTESIAN_POINT('',(0.0935,-0.0235,-0.1034560966));
#2290=CARTESIAN_POINT('',(0.0935,-0.02475,-0.1021060966));
#2291=CARTESIAN_POINT('',(0.0935,-0.02475,-0.1021060966));
#2292=CARTESIAN_POINT('',(0.0935,-0.02475,-0.1047060966));
#2293=CARTESIAN_POINT('',(0.0935,-0.02475,-0.0751060965999998));
#2294=CARTESIAN_POINT('',(0.0935,-0.0235,-0.0751060965999998));
#2295=CARTESIAN_POINT('',(0.0935,-0.0235,-0.0764560965999998));
#2296=CARTESIAN_POINT('',(0.0935,-0.02475,-0.0751060965999998));
#2297=CARTESIAN_POINT('',(0.0935,-0.02475,-0.0777060965999998));
#2298=CARTESIAN_POINT('',(0.0935,-0.02475,-0.0751060965999998));
#2299=CARTESIAN_POINT('',(0.0935,-0.02225,-0.0751060965999998));
#2300=CARTESIAN_POINT('',(0.0935,-0.02225,-0.0764560965999998));
#2301=CARTESIAN_POINT('',(0.02,-1.38777878078145E-17,0.02975));
#2302=CARTESIAN_POINT('',(0.002,-1.38777878078145E-17,0.02975));
#2303=CARTESIAN_POINT('',(0.002,0.01725,0.02975));
#2304=CARTESIAN_POINT('',(0.002,-0.01725,0.02975));
#2305=CARTESIAN_POINT('',(0.02,-0.01725,0.02975));
#2306=CARTESIAN_POINT('',(0.018,-0.01725,0.02975));
#2307=CARTESIAN_POINT('',(0.018,0.01925,0.02975));
#2308=CARTESIAN_POINT('',(0.018,0.01725,0.02975));
#2309=CARTESIAN_POINT('',(0.02,0.01725,0.02975));
#2310=CARTESIAN_POINT('',(0.,3.46944695195361E-18,-3.46944695195361E-18));
#2311=CARTESIAN_POINT('',(0.,-1.53196358917432E-18,0.02775));
#2312=CARTESIAN_POINT('',(0.,1.38777878078145E-17,-0.02975));
#2313=CARTESIAN_POINT('',(0.0438916375843228,-0.019252,0.0351884439947723));
#2314=CARTESIAN_POINT('',(0.10675,0.02475,-0.0886060965999998));
#2315=CARTESIAN_POINT('',(0.0935,0.02475,-0.0751060965999998));
#2316=CARTESIAN_POINT('',(0.0935,0.02475,-0.0777060965999998));
#2317=CARTESIAN_POINT('',(0.0935,0.02475,-0.1021060966));
#2318=CARTESIAN_POINT('',(0.0935,0.02475,-0.1047060966));
#2319=CARTESIAN_POINT('',(0.0748836804734187,0.02475,-0.0700485657593735));
#2320=CARTESIAN_POINT('',(0.10675,0.02475,-0.0700485657593735));
#2321=CARTESIAN_POINT('',(0.10675,0.02475,-0.0886060965999998));
#2322=CARTESIAN_POINT('',(0.07825,0.02475,-0.0886060965999998));
#2323=CARTESIAN_POINT('',(0.10675,0.,-0.0886060965999999));
#2324=CARTESIAN_POINT('',(0.10675,-0.01925,-0.0700485657593735));
#2325=CARTESIAN_POINT('',(0.10675,-0.02475,-0.0700485657593735));
#2326=CARTESIAN_POINT('',(0.10675,-0.02475,-0.0886060965999998));
#2327=CARTESIAN_POINT('',(0.10675,3.46944695195361E-18,-0.0691060965999998));
#2328=CARTESIAN_POINT('',(0.10675,-0.02475,-0.0691060965999998));
#2329=CARTESIAN_POINT('',(0.106736059851635,-0.02475,-0.0691060965999998));
#2330=CARTESIAN_POINT('',(0.07825,-0.02475,-0.0691060965999998));
#2331=CARTESIAN_POINT('',(0.106736059851635,-0.02475,-0.0691060965999998));
#2332=CARTESIAN_POINT('',(0.07825,3.46944695195361E-18,-0.0691060965999998));
#2333=CARTESIAN_POINT('',(0.10675,-0.02475,-0.0886060965999998));
#2334=CARTESIAN_POINT('',(0.0748836804734187,-0.02475,-0.0700485657593735));
#2335=CARTESIAN_POINT('',(0.07825,-0.02475,-0.0886060965999998));
#2336=CARTESIAN_POINT('',(0.07825,-0.02225,-0.0886060965999999));
#2337=CARTESIAN_POINT('',(0.09675,-0.02225,-0.0886060965999999));
#2338=CARTESIAN_POINT('',(0.09675,-0.02225,-0.1056060966));
#2339=CARTESIAN_POINT('',(0.09675,-0.02225,-0.0716060965999998));
#2340=CARTESIAN_POINT('',(0.07825,-0.02225,-0.1056060966));
#2341=CARTESIAN_POINT('',(0.07825,-0.02225,-0.1056060966));
#2342=CARTESIAN_POINT('',(0.07825,-0.02225,-0.0886060965999999));
#2343=CARTESIAN_POINT('',(0.07825,-0.02225,-0.0716060965999998));
#2344=CARTESIAN_POINT('',(0.07825,-0.02225,-0.0716060965999998));
#2345=CARTESIAN_POINT('',(0.07825,0.,-0.1056060966));
#2346=CARTESIAN_POINT('',(0.09675,0.,-0.1056060966));
#2347=CARTESIAN_POINT('',(0.09675,0.02225,-0.1056060966));
#2348=CARTESIAN_POINT('',(0.07825,0.02225,-0.1056060966));
#2349=CARTESIAN_POINT('',(0.07825,0.02225,-0.1056060966));
#2350=CARTESIAN_POINT('',(0.07825,0.,-0.1056060966));
#2351=CARTESIAN_POINT('',(0.07825,0.02225,-0.0886060965999999));
#2352=CARTESIAN_POINT('',(0.0935,0.02225,-0.0751060965999998));
#2353=CARTESIAN_POINT('',(0.0935,0.02225,-0.0764560965999998));
#2354=CARTESIAN_POINT('',(0.0935,0.02225,-0.1021060966));
#2355=CARTESIAN_POINT('',(0.0935,0.02225,-0.1034560966));
#2356=CARTESIAN_POINT('',(0.09675,0.02225,-0.0886060965999999));
#2357=CARTESIAN_POINT('',(0.09675,0.02225,-0.0716060965999998));
#2358=CARTESIAN_POINT('',(0.07825,0.02225,-0.0716060965999998));
#2359=CARTESIAN_POINT('',(0.07825,0.02225,-0.0716060965999998));
#2360=CARTESIAN_POINT('',(0.07825,0.02225,-0.0886060965999999));
#2361=CARTESIAN_POINT('',(0.07825,0.,-0.0716060965999998));
#2362=CARTESIAN_POINT('',(0.09675,0.,-0.0716060965999998));
#2363=CARTESIAN_POINT('',(0.07825,0.,-0.0716060965999998));
#2364=CARTESIAN_POINT('',(0.07825,0.,-0.0886060965999999));
#2365=CARTESIAN_POINT('',(0.07825,0.019252,-0.0691060965999998));
#2366=CARTESIAN_POINT('',(0.09675,-0.019252,-0.0886060966));
#2367=CARTESIAN_POINT('',(0.0935,0.02475,-0.1021060966));
#2368=CARTESIAN_POINT('',(0.0935,0.0235,-0.1021060966));
#2369=CARTESIAN_POINT('',(0.0935,0.0235,-0.1034560966));
#2370=CARTESIAN_POINT('',(0.0935,0.02475,-0.1021060966));
#2371=CARTESIAN_POINT('',(0.0935,0.02475,-0.0751060965999998));
#2372=CARTESIAN_POINT('',(0.0935,0.0235,-0.0751060965999998));
#2373=CARTESIAN_POINT('',(0.0935,0.0235,-0.0764560965999998));
#2374=CARTESIAN_POINT('',(0.0935,0.02475,-0.0751060965999998));
#2375=CARTESIAN_POINT('',(0.0391593911282227,0.019252,-0.0846184569863512));
#2376=CARTESIAN_POINT('',(0.0748836804734187,-0.019252,-0.0700485657593735));
#2377=CARTESIAN_POINT('',(0.0748836804734187,-0.019252,-0.0700485657593735));
#2378=CARTESIAN_POINT('',(0.0762413128757105,-0.019252,-0.0432165706944407));
#2379=CARTESIAN_POINT('',(0.0888811843683401,-0.01925,-0.0471167317809054));
#2380=CARTESIAN_POINT('',(0.02,-0.019252,-0.0641060965999998));
#2381=CARTESIAN_POINT('',(0.0877939241151305,-0.019252,-0.0641060965999998));
#2382=CARTESIAN_POINT('',(0.0827447897297963,-0.019252,-0.0641060965999998));
#2383=CARTESIAN_POINT('',(-0.0613306895745679,-0.0192519999999987,-2.76216411834263));
#2384=CARTESIAN_POINT('',(0.0665716123710383,0.01925,-0.042744543529413));
#2385=CARTESIAN_POINT('',(0.0391593911282227,-0.019252,-0.0846184569863512));
#2386=CARTESIAN_POINT('',(0.0688149430642934,-0.019252,-0.0480833028074573));
#2387=CARTESIAN_POINT('',(0.080967825499948,0.01925,-0.063023919091465));
#2388=CARTESIAN_POINT('',(0.00554904423807131,-0.019252,-0.197747859610111));
#2389=CARTESIAN_POINT('',(0.0675699533574474,-0.019252,-0.0473429723666073));
#2390=CARTESIAN_POINT('',(0.0657377342322225,-0.01925,-0.0466004320054278));
#2391=CARTESIAN_POINT('',(0.065663853110872,-0.019252,-0.0519653940100757));
#2392=CARTESIAN_POINT('',(0.0813463873035422,-0.019252,-0.0681379847905388));
#2393=CARTESIAN_POINT('',(0.0888391730961171,-0.019252,-0.0638120228962155));
#2394=CARTESIAN_POINT('',(0.0887939241151305,-0.019252,-0.0638381474075687));
#2395=CARTESIAN_POINT('',(0.0898391730961171,-0.019252,-0.0534280482999999));
#2396=CARTESIAN_POINT('',(0.0898391730961171,-0.019252,-0.0620799720886466));
#2397=CARTESIAN_POINT('',(0.0898391730961171,-0.019252,-0.0488238382534373));
#2398=CARTESIAN_POINT('',(0.0664776503570756,-0.019252,-0.0447423350951006));
#2399=CARTESIAN_POINT('',(0.0827447897297963,-0.019252,-0.0621060965999998));
#2400=CARTESIAN_POINT('',(0.0878391730961171,-0.019252,-0.0488238382534373));
#2401=CARTESIAN_POINT('',(0.0877939241151305,-0.019252,-0.0621060965999998));
#2402=CARTESIAN_POINT('',(0.0878391730961171,-0.019252,-0.0620799720886466));
#2403=CARTESIAN_POINT('',(0.103331958888692,-0.019252,-0.0681379847905388));
#2404=CARTESIAN_POINT('',(0.0958391730961171,-0.019252,-0.0638120228962155));
#2405=CARTESIAN_POINT('',(0.0958844220771038,-0.019252,-0.0638381474075687));
#2406=CARTESIAN_POINT('',(0.0948391730961171,-0.019252,-0.0534280482999999));
#2407=CARTESIAN_POINT('',(0.0948391730961171,-0.019252,-0.0620799720886466));
#2408=CARTESIAN_POINT('',(0.0948391730961171,-0.019252,-0.0583742267848245));
#2409=CARTESIAN_POINT('',(0.02,-0.019252,-0.0641060965999998));
#2410=CARTESIAN_POINT('',(0.0968844220771038,-0.019252,-0.0641060965999998));
#2411=CARTESIAN_POINT('',(0.0984474456744734,-0.019252,-0.0641060965999998));
#2412=CARTESIAN_POINT('',(0.0748836804734187,-0.019252,-0.0700485657593735));
#2413=CARTESIAN_POINT('',(0.0986050550634287,0.01925,-0.0574352587994683));
#2414=CARTESIAN_POINT('',(0.100342681129472,-0.01925,-0.0614672831920981));
#2415=CARTESIAN_POINT('',(0.0984474456744734,-0.019252,-0.0621060965999998));
#2416=CARTESIAN_POINT('',(0.0968391730961171,-0.019252,-0.0583742267848245));
#2417=CARTESIAN_POINT('',(0.0968844220771038,-0.019252,-0.0621060965999998));
#2418=CARTESIAN_POINT('',(0.0968391730961171,-0.019252,-0.0620799720886466));
#2419=CARTESIAN_POINT('',(0.002,-1.35173257868323E-17,0.02775));
#2420=CARTESIAN_POINT('',(0.002,-0.01725,0.02775));
#2421=CARTESIAN_POINT('',(0.002,0.01725,0.02775));
#2422=CARTESIAN_POINT('',(0.02,0.01725,0.02775));
#2423=CARTESIAN_POINT('',(0.018,0.01725,0.02775));
#2424=CARTESIAN_POINT('',(0.02,-0.01725,0.02775));
#2425=CARTESIAN_POINT('',(0.018,-0.01725,0.02775));
#2426=CARTESIAN_POINT('',(0.018,-1.53196358917432E-18,0.02775));
#2427=CARTESIAN_POINT('',(0.005,1.38777878078145E-17,-0.02975));
#2428=CARTESIAN_POINT('',(0.015,-0.01625,-8.67361737988404E-18));
#2429=CARTESIAN_POINT('',(0.015,-0.01625,-0.02675));
#2430=CARTESIAN_POINT('',(0.015,-0.01625,-0.02675));
#2431=CARTESIAN_POINT('',(0.015,-0.01625,-8.67361737988404E-18));
#2432=CARTESIAN_POINT('',(0.015,-0.01625,0.02675));
#2433=CARTESIAN_POINT('',(0.015,-0.01625,0.02675));
#2434=CARTESIAN_POINT('',(0.015,1.38777878078145E-17,-0.02675));
#2435=CARTESIAN_POINT('',(0.015,0.01625,-0.02675));
#2436=CARTESIAN_POINT('',(0.015,0.01625,-0.02675));
#2437=CARTESIAN_POINT('',(0.015,1.38777878078145E-17,-0.02675));
#2438=CARTESIAN_POINT('',(0.015,0.01625,-3.46944695195361E-18));
#2439=CARTESIAN_POINT('',(0.015,0.01625,0.02675));
#2440=CARTESIAN_POINT('',(0.015,0.01625,0.02675));
#2441=CARTESIAN_POINT('',(0.015,0.01625,-3.46944695195361E-18));
#2442=CARTESIAN_POINT('',(0.015,-6.93889390390723E-18,0.02675));
#2443=CARTESIAN_POINT('',(0.015,-6.93889390390723E-18,0.02675));
#2444=CARTESIAN_POINT('',(0.015,3.46944695195361E-18,-3.46944695195361E-18));
#2445=CARTESIAN_POINT('',(0.015,0.008,0.016));
#2446=CARTESIAN_POINT('',(0.015,0.008,0.014));
#2447=CARTESIAN_POINT('',(0.015,0.008,-0.016));
#2448=CARTESIAN_POINT('',(0.015,0.008,-0.018));
#2449=CARTESIAN_POINT('',(0.015,-0.008,-0.016));
#2450=CARTESIAN_POINT('',(0.015,-0.008,-0.018));
#2451=CARTESIAN_POINT('',(0.015,-0.008,0.016));
#2452=CARTESIAN_POINT('',(0.015,-0.008,0.014));
#2453=CARTESIAN_POINT('',(0.015,0.008,0.016));
#2454=CARTESIAN_POINT('',(0.0134768661688021,0.008,0.016));
#2455=CARTESIAN_POINT('',(0.0134768661688021,0.008,0.0142140625));
#2456=CARTESIAN_POINT('',(0.015,-0.008,-0.016));
#2457=CARTESIAN_POINT('',(0.0134768661688021,-0.008,-0.016));
#2458=CARTESIAN_POINT('',(0.0134768661688021,-0.008,-0.0177859375));
#2459=CARTESIAN_POINT('',(0.015,0.008,-0.016));
#2460=CARTESIAN_POINT('',(0.0134768661688021,0.008,-0.016));
#2461=CARTESIAN_POINT('',(0.0134768661688021,0.008,-0.0177859375));
#2462=CARTESIAN_POINT('',(0.015,-0.008,0.016));
#2463=CARTESIAN_POINT('',(0.0134768661688021,-0.008,0.016));
#2464=CARTESIAN_POINT('',(0.0134768661688021,-0.008,0.0142140625));
#2465=CARTESIAN_POINT('',(0.0089,3.46944695195361E-18,-3.46944695195361E-18));
#2466=CARTESIAN_POINT('',(0.0089,0.008,0.016));
#2467=CARTESIAN_POINT('',(0.0089,0.008,0.0142140625));
#2468=CARTESIAN_POINT('',(0.0089,0.008,0.016));
#2469=CARTESIAN_POINT('',(0.0089,3.46944695195361E-18,-3.46944695195361E-18));
#2470=CARTESIAN_POINT('',(0.0089,-0.008,-0.016));
#2471=CARTESIAN_POINT('',(0.0089,-0.008,-0.0177859375));
#2472=CARTESIAN_POINT('',(0.0089,-0.008,-0.016));
#2473=CARTESIAN_POINT('',(0.0089,3.46944695195361E-18,-3.46944695195361E-18));
#2474=CARTESIAN_POINT('',(0.0089,0.008,-0.016));
#2475=CARTESIAN_POINT('',(0.0089,0.008,-0.0177859375));
#2476=CARTESIAN_POINT('',(0.0089,0.008,-0.016));
#2477=CARTESIAN_POINT('',(0.0089,3.46944695195361E-18,-3.46944695195361E-18));
#2478=CARTESIAN_POINT('',(0.0089,-0.008,0.016));
#2479=CARTESIAN_POINT('',(0.0089,-0.008,0.0142140625));
#2480=CARTESIAN_POINT('',(0.0089,-0.008,0.016));
#2481=CARTESIAN_POINT('',(0.047,0.011,-0.0515));
#2482=CARTESIAN_POINT('',(0.0392218254069479,0.007778174593052,-0.0515));
#2483=CARTESIAN_POINT('',(0.036,-1.83697019872107E-19,-0.0515));
#2484=CARTESIAN_POINT('',(0.0392218254069479,-0.007778174593052,-0.0515));
#2485=CARTESIAN_POINT('',(0.047,-0.011,-0.0515));
#2486=MECHANICAL_DESIGN_GEOMETRIC_PRESENTATION_REPRESENTATION('',(#1405),
#2487);
#2487=(
GEOMETRIC_REPRESENTATION_CONTEXT(3)
GLOBAL_UNCERTAINTY_ASSIGNED_CONTEXT((#2488))
GLOBAL_UNIT_ASSIGNED_CONTEXT((#2491,#2490,#2489))
REPRESENTATION_CONTEXT('Part 1','TOP_LEVEL_ASSEMBLY_PART')
);
#2488=UNCERTAINTY_MEASURE_WITH_UNIT(LENGTH_MEASURE(2.E-5),#2491,
'DISTANCE_ACCURACY_VALUE','Maximum Tolerance applied to model');
#2489=(
NAMED_UNIT(*)
SI_UNIT($,.STERADIAN.)
SOLID_ANGLE_UNIT()
);
#2490=(
NAMED_UNIT(*)
PLANE_ANGLE_UNIT()
SI_UNIT($,.RADIAN.)
);
#2491=(
LENGTH_UNIT()
NAMED_UNIT(*)
SI_UNIT($,.METRE.)
);
#2492=PRODUCT_DEFINITION_SHAPE('','',#2493);
#2493=PRODUCT_DEFINITION('','',#2495,#2494);
#2494=PRODUCT_DEFINITION_CONTEXT('',#2501,'design');
#2495=PRODUCT_DEFINITION_FORMATION_WITH_SPECIFIED_SOURCE('','',#2497,
 .NOT_KNOWN.);
#2496=PRODUCT_RELATED_PRODUCT_CATEGORY('','',(#2497));
#2497=PRODUCT('Part 1','Part 1','Part 1',(#2499));
#2498=PRODUCT_CATEGORY('','');
#2499=PRODUCT_CONTEXT('',#2501,'mechanical');
#2500=APPLICATION_PROTOCOL_DEFINITION('international standard',
'ap242_managed_model_based_3d_engineering',2020,#2501);
#2501=APPLICATION_CONTEXT('managed model based 3d engineering');
ENDSEC;
END-ISO-10303-21;
