ISO-10303-21;
HEADER;
/* Generated by software containing ST-Developer
 * from STEP Tools, Inc. (www.steptools.com) 
 */
/* OPTION: using custom renumber hook */

FILE_DESCRIPTION(
/* description */ ('STEP AP242 Edition 2',
'CAx-IF Rec.Pracs.---Representation and Presentation of Product Manufa
cturing Information (PMI)---4.0---2014-10-13',
'CAx-IF Rec.Pracs.---3D Tessellated Geometry---0.4---2014-09-14','2;1',
'CAx-IF Rec.Pracs.---User Defined Attributes---1.5---2016-08-15'),
/* implementation_level */ '2;1');

FILE_NAME(
/* name */ 'Assembly 9 - Part 4',
/* time_stamp */ '2026-05-31T16:39:11Z',
/* author */ (''),
/* organization */ (''),
/* preprocessor_version */ 'ST-DEVELOPER v20',
/* originating_system */ 'ONSHAPE BY PTC INC, 1.215',
/* authorisation */ '  ');

FILE_SCHEMA (('AP242_MANAGED_MODEL_BASED_3D_ENGINEERING_MIM_LF { 1 0 10303 442 3 1 4 }'));
ENDSEC;

DATA;
#10=SHAPE_REPRESENTATION_RELATIONSHIP('','',#2240,#11);
#11=ADVANCED_BREP_SHAPE_REPRESENTATION('',(#2238),#3908);
#12=TOROIDAL_SURFACE('',#2471,0.0277230447377776,0.00627695526217005);
#13=TOROIDAL_SURFACE('',#2473,0.0209151835478548,0.00627695526217005);
#14=TOROIDAL_SURFACE('',#2475,0.219625911634177,0.00627695526217005);
#15=TOROIDAL_SURFACE('',#2479,0.00427695526217005,0.002);
#16=TOROIDAL_SURFACE('',#2480,0.0277230447377776,0.00627695526217005);
#17=TOROIDAL_SURFACE('',#2482,0.0209151835478548,0.00627695526217005);
#18=TOROIDAL_SURFACE('',#2484,0.219625911634177,0.00627695526217005);
#19=TOROIDAL_SURFACE('',#2488,0.00427695526217005,0.002);
#20=ELLIPSE('',#2415,0.00724800362061023,0.00627695526217005);
#21=ELLIPSE('',#2416,0.00724800362061023,0.00627695526217005);
#22=ELLIPSE('',#2428,0.00282842712474619,0.002);
#23=ELLIPSE('',#2429,0.00282842712474619,0.002);
#24=B_SPLINE_CURVE_WITH_KNOTS('',3,(#3511,#3512,#3513,#3514,#3515,#3516,
#3517),.UNSPECIFIED.,.F.,.F.,(4,1,1,1,4),(0.,0.00252510541265596,0.00505021082531191,
0.00757531623796787,0.0101004216506238),.UNSPECIFIED.);
#25=B_SPLINE_CURVE_WITH_KNOTS('',3,(#3518,#3519,#3520,#3521,#3522,#3523,
#3524),.UNSPECIFIED.,.F.,.F.,(4,1,1,1,4),(0.,0.00252510688209475,0.0050502137641895,
0.00757532064628425,0.010100427528379),.UNSPECIFIED.);
#26=B_SPLINE_CURVE_WITH_KNOTS('',3,(#3600,#3601,#3602,#3603,#3604),
 .UNSPECIFIED.,.F.,.F.,(4,1,4),(1.55158384577955E-17,0.00119324875318927,
0.00238649750637853),.UNSPECIFIED.);
#27=B_SPLINE_CURVE_WITH_KNOTS('',3,(#3605,#3606,#3607,#3608,#3609),
 .UNSPECIFIED.,.F.,.F.,(4,1,4),(0.,0.00119317974077713,0.00238635948155426),
 .UNSPECIFIED.);
#28=B_SPLINE_CURVE_WITH_KNOTS('',3,(#3613,#3614,#3615,#3616,#3617),
 .UNSPECIFIED.,.F.,.F.,(4,1,4),(0.,0.00123163156126043,0.00246326312252085),
 .UNSPECIFIED.);
#29=B_SPLINE_CURVE_WITH_KNOTS('',3,(#3618,#3619,#3620,#3621,#3622),
 .UNSPECIFIED.,.F.,.F.,(4,1,4),(1.55158384577955E-17,0.00123171530508317,
0.00246343061016633),.UNSPECIFIED.);
#30=B_SPLINE_CURVE_WITH_KNOTS('',3,(#3643,#3644,#3645,#3646),
 .UNSPECIFIED.,.F.,.F.,(4,4),(0.,3.54441725000025E-5),.UNSPECIFIED.);
#31=B_SPLINE_CURVE_WITH_KNOTS('',3,(#3650,#3651,#3652,#3653),
 .UNSPECIFIED.,.F.,.F.,(4,4),(0.,3.54441725000024E-5),.UNSPECIFIED.);
#32=B_SPLINE_CURVE_WITH_KNOTS('',3,(#3662,#3663,#3664,#3665),
 .UNSPECIFIED.,.F.,.F.,(4,4),(0.,0.000352363377166025),.UNSPECIFIED.);
#33=B_SPLINE_CURVE_WITH_KNOTS('',3,(#3667,#3668,#3669,#3670),
 .UNSPECIFIED.,.F.,.F.,(4,4),(0.,0.000352363377166),.UNSPECIFIED.);
#34=B_SPLINE_CURVE_WITH_KNOTS('',3,(#3690,#3691,#3692,#3693),
 .UNSPECIFIED.,.F.,.F.,(4,4),(0.,0.00205153565746537),.UNSPECIFIED.);
#35=B_SPLINE_CURVE_WITH_KNOTS('',3,(#3694,#3695,#3696,#3697),
 .UNSPECIFIED.,.F.,.F.,(4,4),(0.,0.00205142683366604),.UNSPECIFIED.);
#36=B_SPLINE_CURVE_WITH_KNOTS('',3,(#3700,#3701,#3702,#3703),
 .UNSPECIFIED.,.F.,.F.,(4,4),(0.,0.0023484996197215),.UNSPECIFIED.);
#37=B_SPLINE_CURVE_WITH_KNOTS('',3,(#3704,#3705,#3706,#3707),
 .UNSPECIFIED.,.F.,.F.,(4,4),(0.,0.00234853036148647),.UNSPECIFIED.);
#38=B_SPLINE_CURVE_WITH_KNOTS('',3,(#3725,#3726,#3727,#3728),
 .UNSPECIFIED.,.F.,.F.,(4,4),(0.,0.00239207135765818),.UNSPECIFIED.);
#39=B_SPLINE_CURVE_WITH_KNOTS('',3,(#3729,#3730,#3731,#3732),
 .UNSPECIFIED.,.F.,.F.,(4,4),(0.,0.00239200552894726),.UNSPECIFIED.);
#40=B_SPLINE_CURVE_WITH_KNOTS('',3,(#3734,#3735,#3736,#3737),
 .UNSPECIFIED.,.F.,.F.,(4,4),(0.,0.00239200552894726),.UNSPECIFIED.);
#41=B_SPLINE_CURVE_WITH_KNOTS('',3,(#3738,#3739,#3740,#3741),
 .UNSPECIFIED.,.F.,.F.,(4,4),(0.,0.0023920713576582),.UNSPECIFIED.);
#42=B_SPLINE_CURVE_WITH_KNOTS('',3,(#3766,#3767,#3768,#3769),
 .UNSPECIFIED.,.F.,.F.,(4,4),(0.,0.00239207135765818),.UNSPECIFIED.);
#43=B_SPLINE_CURVE_WITH_KNOTS('',3,(#3770,#3771,#3772,#3773),
 .UNSPECIFIED.,.F.,.F.,(4,4),(0.,0.00239200552894728),.UNSPECIFIED.);
#44=B_SPLINE_CURVE_WITH_KNOTS('',3,(#3775,#3776,#3777,#3778),
 .UNSPECIFIED.,.F.,.F.,(4,4),(0.,0.00209038067214321),.UNSPECIFIED.);
#45=B_SPLINE_CURVE_WITH_KNOTS('',3,(#3779,#3780,#3781,#3782),
 .UNSPECIFIED.,.F.,.F.,(4,4),(0.,0.00208772276311479),.UNSPECIFIED.);
#46=B_SPLINE_CURVE_WITH_KNOTS('',3,(#3799,#3800,#3801,#3802),
 .UNSPECIFIED.,.F.,.F.,(4,4),(0.,0.00246033903942368),.UNSPECIFIED.);
#47=B_SPLINE_CURVE_WITH_KNOTS('',3,(#3803,#3804,#3805,#3806),
 .UNSPECIFIED.,.F.,.F.,(4,4),(0.,0.00246042373120776),.UNSPECIFIED.);
#48=B_SPLINE_CURVE_WITH_KNOTS('',3,(#3809,#3810,#3811,#3812),
 .UNSPECIFIED.,.F.,.F.,(4,4),(0.,0.00246042373120769),.UNSPECIFIED.);
#49=B_SPLINE_CURVE_WITH_KNOTS('',3,(#3813,#3814,#3815,#3816),
 .UNSPECIFIED.,.F.,.F.,(4,4),(0.,0.00246033903942376),.UNSPECIFIED.);
#50=CONICAL_SURFACE('',#2318,0.0026,0.785398163397447);
#51=CONICAL_SURFACE('',#2320,0.0026,0.785398163397447);
#52=CONICAL_SURFACE('',#2360,0.0026,0.785398163397447);
#53=CONICAL_SURFACE('',#2363,0.0026,0.785398163397447);
#54=CONICAL_SURFACE('',#2449,0.002185,0.139626340159546);
#55=CONICAL_SURFACE('',#2451,0.002185,0.139626340159546);
#56=CONICAL_SURFACE('',#2453,0.002185,0.139626340159546);
#57=CONICAL_SURFACE('',#2455,0.002185,0.139626340159546);
#58=CYLINDRICAL_SURFACE('',#2315,0.00135);
#59=CYLINDRICAL_SURFACE('',#2323,0.00135);
#60=CYLINDRICAL_SURFACE('',#2325,0.0339999999999476);
#61=CYLINDRICAL_SURFACE('',#2330,0.124763937285011);
#62=CYLINDRICAL_SURFACE('',#2331,0.106728391960688);
#63=CYLINDRICAL_SURFACE('',#2332,0.213348956372007);
#64=CYLINDRICAL_SURFACE('',#2335,0.0271921388100249);
#65=CYLINDRICAL_SURFACE('',#2357,0.0110174690792808);
#66=CYLINDRICAL_SURFACE('',#2358,0.00135);
#67=CYLINDRICAL_SURFACE('',#2361,0.00135);
#68=CYLINDRICAL_SURFACE('',#2367,0.0221921388100249);
#69=CYLINDRICAL_SURFACE('',#2370,0.0289999999999477);
#70=CYLINDRICAL_SURFACE('',#2373,0.218348956372007);
#71=CYLINDRICAL_SURFACE('',#2376,0.005);
#72=CYLINDRICAL_SURFACE('',#2377,0.002);
#73=CYLINDRICAL_SURFACE('',#2378,0.002);
#74=CYLINDRICAL_SURFACE('',#2379,0.002);
#75=CYLINDRICAL_SURFACE('',#2380,0.002);
#76=CYLINDRICAL_SURFACE('',#2381,0.002);
#77=CYLINDRICAL_SURFACE('',#2385,0.129763937285012);
#78=CYLINDRICAL_SURFACE('',#2386,0.0160174690792808);
#79=CYLINDRICAL_SURFACE('',#2387,0.002);
#80=CYLINDRICAL_SURFACE('',#2388,0.002);
#81=CYLINDRICAL_SURFACE('',#2389,0.002);
#82=CYLINDRICAL_SURFACE('',#2390,0.002);
#83=CYLINDRICAL_SURFACE('',#2395,0.101728391960688);
#84=CYLINDRICAL_SURFACE('',#2396,0.129763937285012);
#85=CYLINDRICAL_SURFACE('',#2397,0.218348956372007);
#86=CYLINDRICAL_SURFACE('',#2400,0.002);
#87=CYLINDRICAL_SURFACE('',#2401,0.002);
#88=CYLINDRICAL_SURFACE('',#2402,0.002);
#89=CYLINDRICAL_SURFACE('',#2403,0.002);
#90=CYLINDRICAL_SURFACE('',#2404,0.002);
#91=CYLINDRICAL_SURFACE('',#2408,0.002);
#92=CYLINDRICAL_SURFACE('',#2409,0.002);
#93=CYLINDRICAL_SURFACE('',#2410,0.002);
#94=CYLINDRICAL_SURFACE('',#2411,0.002);
#95=CYLINDRICAL_SURFACE('',#2417,0.002);
#96=CYLINDRICAL_SURFACE('',#2418,0.002);
#97=CYLINDRICAL_SURFACE('',#2421,0.0289999999999477);
#98=CYLINDRICAL_SURFACE('',#2424,0.002);
#99=CYLINDRICAL_SURFACE('',#2425,0.002);
#100=CYLINDRICAL_SURFACE('',#2426,0.002);
#101=CYLINDRICAL_SURFACE('',#2427,0.002);
#102=CYLINDRICAL_SURFACE('',#2430,0.002);
#103=CYLINDRICAL_SURFACE('',#2432,0.002);
#104=CYLINDRICAL_SURFACE('',#2434,0.002);
#105=CYLINDRICAL_SURFACE('',#2459,0.0017859375);
#106=CYLINDRICAL_SURFACE('',#2462,0.0017859375);
#107=CYLINDRICAL_SURFACE('',#2465,0.0017859375);
#108=CYLINDRICAL_SURFACE('',#2468,0.0017859375);
#109=CYLINDRICAL_SURFACE('',#2469,0.002);
#110=CYLINDRICAL_SURFACE('',#2470,0.002);
#111=CYLINDRICAL_SURFACE('',#2477,0.00627695526217005);
#112=CYLINDRICAL_SURFACE('',#2486,0.00627695526217005);
#113=CYLINDRICAL_SURFACE('',#2489,0.002);
#114=CYLINDRICAL_SURFACE('',#2490,0.002);
#115=LINE('',#3163,#282);
#116=LINE('',#3165,#283);
#117=LINE('',#3167,#284);
#118=LINE('',#3171,#285);
#119=LINE('',#3176,#286);
#120=LINE('',#3180,#287);
#121=LINE('',#3184,#288);
#122=LINE('',#3188,#289);
#123=LINE('',#3192,#290);
#124=LINE('',#3196,#291);
#125=LINE('',#3198,#292);
#126=LINE('',#3200,#293);
#127=LINE('',#3204,#294);
#128=LINE('',#3208,#295);
#129=LINE('',#3210,#296);
#130=LINE('',#3212,#297);
#131=LINE('',#3220,#298);
#132=LINE('',#3222,#299);
#133=LINE('',#3228,#300);
#134=LINE('',#3232,#301);
#135=LINE('',#3240,#302);
#136=LINE('',#3248,#303);
#137=LINE('',#3252,#304);
#138=LINE('',#3258,#305);
#139=LINE('',#3262,#306);
#140=LINE('',#3272,#307);
#141=LINE('',#3274,#308);
#142=LINE('',#3282,#309);
#143=LINE('',#3286,#310);
#144=LINE('',#3290,#311);
#145=LINE('',#3303,#312);
#146=LINE('',#3307,#313);
#147=LINE('',#3311,#314);
#148=LINE('',#3312,#315);
#149=LINE('',#3317,#316);
#150=LINE('',#3319,#317);
#151=LINE('',#3329,#318);
#152=LINE('',#3333,#319);
#153=LINE('',#3339,#320);
#154=LINE('',#3343,#321);
#155=LINE('',#3351,#322);
#156=LINE('',#3359,#323);
#157=LINE('',#3363,#324);
#158=LINE('',#3369,#325);
#159=LINE('',#3371,#326);
#160=LINE('',#3379,#327);
#161=LINE('',#3381,#328);
#162=LINE('',#3383,#329);
#163=LINE('',#3387,#330);
#164=LINE('',#3391,#331);
#165=LINE('',#3393,#332);
#166=LINE('',#3395,#333);
#167=LINE('',#3399,#334);
#168=LINE('',#3403,#335);
#169=LINE('',#3407,#336);
#170=LINE('',#3411,#337);
#171=LINE('',#3431,#338);
#172=LINE('',#3436,#339);
#173=LINE('',#3440,#340);
#174=LINE('',#3443,#341);
#175=LINE('',#3445,#342);
#176=LINE('',#3447,#343);
#177=LINE('',#3449,#344);
#178=LINE('',#3452,#345);
#179=LINE('',#3454,#346);
#180=LINE('',#3456,#347);
#181=LINE('',#3457,#348);
#182=LINE('',#3458,#349);
#183=LINE('',#3460,#350);
#184=LINE('',#3461,#351);
#185=LINE('',#3466,#352);
#186=LINE('',#3473,#353);
#187=LINE('',#3478,#354);
#188=LINE('',#3480,#355);
#189=LINE('',#3481,#356);
#190=LINE('',#3482,#357);
#191=LINE('',#3484,#358);
#192=LINE('',#3492,#359);
#193=LINE('',#3495,#360);
#194=LINE('',#3496,#361);
#195=LINE('',#3498,#362);
#196=LINE('',#3503,#363);
#197=LINE('',#3506,#364);
#198=LINE('',#3508,#365);
#199=LINE('',#3509,#366);
#200=LINE('',#3526,#367);
#201=LINE('',#3529,#368);
#202=LINE('',#3531,#369);
#203=LINE('',#3533,#370);
#204=LINE('',#3534,#371);
#205=LINE('',#3535,#372);
#206=LINE('',#3537,#373);
#207=LINE('',#3540,#374);
#208=LINE('',#3542,#375);
#209=LINE('',#3544,#376);
#210=LINE('',#3546,#377);
#211=LINE('',#3547,#378);
#212=LINE('',#3549,#379);
#213=LINE('',#3551,#380);
#214=LINE('',#3567,#381);
#215=LINE('',#3568,#382);
#216=LINE('',#3570,#383);
#217=LINE('',#3571,#384);
#218=LINE('',#3573,#385);
#219=LINE('',#3574,#386);
#220=LINE('',#3576,#387);
#221=LINE('',#3581,#388);
#222=LINE('',#3585,#389);
#223=LINE('',#3593,#390);
#224=LINE('',#3597,#391);
#225=LINE('',#3598,#392);
#226=LINE('',#3625,#393);
#227=LINE('',#3626,#394);
#228=LINE('',#3628,#395);
#229=LINE('',#3629,#396);
#230=LINE('',#3631,#397);
#231=LINE('',#3632,#398);
#232=LINE('',#3634,#399);
#233=LINE('',#3635,#400);
#234=LINE('',#3637,#401);
#235=LINE('',#3648,#402);
#236=LINE('',#3654,#403);
#237=LINE('',#3656,#404);
#238=LINE('',#3657,#405);
#239=LINE('',#3659,#406);
#240=LINE('',#3666,#407);
#241=LINE('',#3672,#408);
#242=LINE('',#3673,#409);
#243=LINE('',#3675,#410);
#244=LINE('',#3676,#411);
#245=LINE('',#3678,#412);
#246=LINE('',#3680,#413);
#247=LINE('',#3685,#414);
#248=LINE('',#3710,#415);
#249=LINE('',#3711,#416);
#250=LINE('',#3713,#417);
#251=LINE('',#3714,#418);
#252=LINE('',#3716,#419);
#253=LINE('',#3719,#420);
#254=LINE('',#3721,#421);
#255=LINE('',#3723,#422);
#256=LINE('',#3743,#423);
#257=LINE('',#3745,#424);
#258=LINE('',#3747,#425);
#259=LINE('',#3750,#426);
#260=LINE('',#3752,#427);
#261=LINE('',#3754,#428);
#262=LINE('',#3756,#429);
#263=LINE('',#3757,#430);
#264=LINE('',#3761,#431);
#265=LINE('',#3764,#432);
#266=LINE('',#3784,#433);
#267=LINE('',#3785,#434);
#268=LINE('',#3787,#435);
#269=LINE('',#3788,#436);
#270=LINE('',#3790,#437);
#271=LINE('',#3795,#438);
#272=LINE('',#3828,#439);
#273=LINE('',#3831,#440);
#274=LINE('',#3833,#441);
#275=LINE('',#3835,#442);
#276=LINE('',#3837,#443);
#277=LINE('',#3839,#444);
#278=LINE('',#3841,#445);
#279=LINE('',#3843,#446);
#280=LINE('',#3845,#447);
#281=LINE('',#3847,#448);
#282=VECTOR('',#2497,1.);
#283=VECTOR('',#2498,1.);
#284=VECTOR('',#2499,1.);
#285=VECTOR('',#2502,1.);
#286=VECTOR('',#2507,1.);
#287=VECTOR('',#2510,1.);
#288=VECTOR('',#2513,1.);
#289=VECTOR('',#2516,1.);
#290=VECTOR('',#2519,1.);
#291=VECTOR('',#2522,1.);
#292=VECTOR('',#2523,1.);
#293=VECTOR('',#2524,1.);
#294=VECTOR('',#2527,1.);
#295=VECTOR('',#2530,1.);
#296=VECTOR('',#2531,1.);
#297=VECTOR('',#2532,1.);
#298=VECTOR('',#2539,1.);
#299=VECTOR('',#2540,1.);
#300=VECTOR('',#2545,1.);
#301=VECTOR('',#2548,1.);
#302=VECTOR('',#2555,1.);
#303=VECTOR('',#2562,1.);
#304=VECTOR('',#2565,1.);
#305=VECTOR('',#2570,1.);
#306=VECTOR('',#2573,1.);
#307=VECTOR('',#2582,1.);
#308=VECTOR('',#2583,1.);
#309=VECTOR('',#2590,1.);
#310=VECTOR('',#2593,1.);
#311=VECTOR('',#2596,1.);
#312=VECTOR('',#2609,1.);
#313=VECTOR('',#2612,1.);
#314=VECTOR('',#2615,1.);
#315=VECTOR('',#2616,1.);
#316=VECTOR('',#2619,1.);
#317=VECTOR('',#2620,1.);
#318=VECTOR('',#2629,1.);
#319=VECTOR('',#2632,1.);
#320=VECTOR('',#2637,1.);
#321=VECTOR('',#2640,1.);
#322=VECTOR('',#2647,1.);
#323=VECTOR('',#2654,1.);
#324=VECTOR('',#2657,1.);
#325=VECTOR('',#2662,1.);
#326=VECTOR('',#2663,1.);
#327=VECTOR('',#2670,1.);
#328=VECTOR('',#2671,1.);
#329=VECTOR('',#2672,1.);
#330=VECTOR('',#2675,1.);
#331=VECTOR('',#2678,1.);
#332=VECTOR('',#2679,1.);
#333=VECTOR('',#2680,1.);
#334=VECTOR('',#2683,1.);
#335=VECTOR('',#2686,1.);
#336=VECTOR('',#2689,1.);
#337=VECTOR('',#2692,1.);
#338=VECTOR('',#2717,1.);
#339=VECTOR('',#2720,1.);
#340=VECTOR('',#2725,1.);
#341=VECTOR('',#2726,1.);
#342=VECTOR('',#2727,1.);
#343=VECTOR('',#2728,1.);
#344=VECTOR('',#2731,1.);
#345=VECTOR('',#2732,1.);
#346=VECTOR('',#2733,1.);
#347=VECTOR('',#2734,1.);
#348=VECTOR('',#2735,1.);
#349=VECTOR('',#2736,1.);
#350=VECTOR('',#2739,1.);
#351=VECTOR('',#2740,1.);
#352=VECTOR('',#2747,1.);
#353=VECTOR('',#2758,1.);
#354=VECTOR('',#2761,1.);
#355=VECTOR('',#2762,1.);
#356=VECTOR('',#2763,1.);
#357=VECTOR('',#2764,1.);
#358=VECTOR('',#2765,1.);
#359=VECTOR('',#2774,1.);
#360=VECTOR('',#2775,1.);
#361=VECTOR('',#2776,1.);
#362=VECTOR('',#2779,1.);
#363=VECTOR('',#2782,1.);
#364=VECTOR('',#2785,1.);
#365=VECTOR('',#2788,1.);
#366=VECTOR('',#2789,1.);
#367=VECTOR('',#2794,1.);
#368=VECTOR('',#2795,1.);
#369=VECTOR('',#2796,1.);
#370=VECTOR('',#2797,1.);
#371=VECTOR('',#2798,1.);
#372=VECTOR('',#2799,1.);
#373=VECTOR('',#2802,1.);
#374=VECTOR('',#2803,1.);
#375=VECTOR('',#2804,1.);
#376=VECTOR('',#2805,1.);
#377=VECTOR('',#2808,1.);
#378=VECTOR('',#2809,1.);
#379=VECTOR('',#2812,1.);
#380=VECTOR('',#2815,1.);
#381=VECTOR('',#2838,1.);
#382=VECTOR('',#2839,1.);
#383=VECTOR('',#2842,1.);
#384=VECTOR('',#2843,1.);
#385=VECTOR('',#2846,1.);
#386=VECTOR('',#2847,1.);
#387=VECTOR('',#2850,1.);
#388=VECTOR('',#2853,1.);
#389=VECTOR('',#2858,1.);
#390=VECTOR('',#2867,1.);
#391=VECTOR('',#2872,1.);
#392=VECTOR('',#2873,1.);
#393=VECTOR('',#2886,1.);
#394=VECTOR('',#2887,1.);
#395=VECTOR('',#2890,1.);
#396=VECTOR('',#2891,1.);
#397=VECTOR('',#2894,1.);
#398=VECTOR('',#2895,1.);
#399=VECTOR('',#2898,1.);
#400=VECTOR('',#2899,1.);
#401=VECTOR('',#2902,1.);
#402=VECTOR('',#2913,1.);
#403=VECTOR('',#2914,1.);
#404=VECTOR('',#2917,1.);
#405=VECTOR('',#2918,1.);
#406=VECTOR('',#2921,1.);
#407=VECTOR('',#2922,1.);
#408=VECTOR('',#2925,1.);
#409=VECTOR('',#2926,1.);
#410=VECTOR('',#2929,1.);
#411=VECTOR('',#2930,1.);
#412=VECTOR('',#2933,1.);
#413=VECTOR('',#2936,1.);
#414=VECTOR('',#2939,1.);
#415=VECTOR('',#2954,1.);
#416=VECTOR('',#2955,1.);
#417=VECTOR('',#2958,1.);
#418=VECTOR('',#2959,1.);
#419=VECTOR('',#2962,1.);
#420=VECTOR('',#2963,1.);
#421=VECTOR('',#2964,1.);
#422=VECTOR('',#2965,1.);
#423=VECTOR('',#2972,1.);
#424=VECTOR('',#2975,1.);
#425=VECTOR('',#2978,1.);
#426=VECTOR('',#2979,1.);
#427=VECTOR('',#2980,1.);
#428=VECTOR('',#2981,1.);
#429=VECTOR('',#2984,1.);
#430=VECTOR('',#2985,1.);
#431=VECTOR('',#2990,1.);
#432=VECTOR('',#2993,1.);
#433=VECTOR('',#3000,1.);
#434=VECTOR('',#3001,1.);
#435=VECTOR('',#3004,1.);
#436=VECTOR('',#3005,1.);
#437=VECTOR('',#3008,1.);
#438=VECTOR('',#3011,1.);
#439=VECTOR('',#3042,1.);
#440=VECTOR('',#3047,1.);
#441=VECTOR('',#3050,1.);
#442=VECTOR('',#3051,1.);
#443=VECTOR('',#3052,1.);
#444=VECTOR('',#3055,1.);
#445=VECTOR('',#3056,1.);
#446=VECTOR('',#3059,1.);
#447=VECTOR('',#3060,1.);
#448=VECTOR('',#3063,1.);
#449=ORIENTED_EDGE('',*,*,#1095,.F.);
#450=ORIENTED_EDGE('',*,*,#1096,.T.);
#451=ORIENTED_EDGE('',*,*,#1097,.T.);
#452=ORIENTED_EDGE('',*,*,#1098,.T.);
#453=ORIENTED_EDGE('',*,*,#1099,.F.);
#454=ORIENTED_EDGE('',*,*,#1100,.T.);
#455=ORIENTED_EDGE('',*,*,#1101,.T.);
#456=ORIENTED_EDGE('',*,*,#1102,.T.);
#457=ORIENTED_EDGE('',*,*,#1103,.T.);
#458=ORIENTED_EDGE('',*,*,#1104,.T.);
#459=ORIENTED_EDGE('',*,*,#1105,.F.);
#460=ORIENTED_EDGE('',*,*,#1106,.F.);
#461=ORIENTED_EDGE('',*,*,#1107,.F.);
#462=ORIENTED_EDGE('',*,*,#1108,.T.);
#463=ORIENTED_EDGE('',*,*,#1109,.F.);
#464=ORIENTED_EDGE('',*,*,#1110,.T.);
#465=ORIENTED_EDGE('',*,*,#1111,.F.);
#466=ORIENTED_EDGE('',*,*,#1112,.T.);
#467=ORIENTED_EDGE('',*,*,#1113,.F.);
#468=ORIENTED_EDGE('',*,*,#1114,.T.);
#469=ORIENTED_EDGE('',*,*,#1115,.T.);
#470=ORIENTED_EDGE('',*,*,#1116,.F.);
#471=ORIENTED_EDGE('',*,*,#1117,.F.);
#472=ORIENTED_EDGE('',*,*,#1118,.T.);
#473=ORIENTED_EDGE('',*,*,#1119,.T.);
#474=ORIENTED_EDGE('',*,*,#1120,.F.);
#475=ORIENTED_EDGE('',*,*,#1121,.F.);
#476=ORIENTED_EDGE('',*,*,#1122,.T.);
#477=ORIENTED_EDGE('',*,*,#1123,.T.);
#478=ORIENTED_EDGE('',*,*,#1124,.T.);
#479=ORIENTED_EDGE('',*,*,#1125,.T.);
#480=ORIENTED_EDGE('',*,*,#1126,.T.);
#481=ORIENTED_EDGE('',*,*,#1127,.F.);
#482=ORIENTED_EDGE('',*,*,#1128,.F.);
#483=ORIENTED_EDGE('',*,*,#1129,.F.);
#484=ORIENTED_EDGE('',*,*,#1130,.T.);
#485=ORIENTED_EDGE('',*,*,#1131,.F.);
#486=ORIENTED_EDGE('',*,*,#1132,.T.);
#487=ORIENTED_EDGE('',*,*,#1133,.F.);
#488=ORIENTED_EDGE('',*,*,#1134,.F.);
#489=ORIENTED_EDGE('',*,*,#1135,.F.);
#490=ORIENTED_EDGE('',*,*,#1136,.F.);
#491=ORIENTED_EDGE('',*,*,#1137,.F.);
#492=ORIENTED_EDGE('',*,*,#1138,.T.);
#493=ORIENTED_EDGE('',*,*,#1139,.F.);
#494=ORIENTED_EDGE('',*,*,#1140,.T.);
#495=ORIENTED_EDGE('',*,*,#1141,.F.);
#496=ORIENTED_EDGE('',*,*,#1142,.T.);
#497=ORIENTED_EDGE('',*,*,#1143,.F.);
#498=ORIENTED_EDGE('',*,*,#1144,.F.);
#499=ORIENTED_EDGE('',*,*,#1145,.F.);
#500=ORIENTED_EDGE('',*,*,#1146,.F.);
#501=ORIENTED_EDGE('',*,*,#1147,.F.);
#502=ORIENTED_EDGE('',*,*,#1148,.T.);
#503=ORIENTED_EDGE('',*,*,#1149,.F.);
#504=ORIENTED_EDGE('',*,*,#1150,.T.);
#505=ORIENTED_EDGE('',*,*,#1151,.F.);
#506=ORIENTED_EDGE('',*,*,#1152,.T.);
#507=ORIENTED_EDGE('',*,*,#1153,.F.);
#508=ORIENTED_EDGE('',*,*,#1154,.F.);
#509=ORIENTED_EDGE('',*,*,#1155,.T.);
#510=ORIENTED_EDGE('',*,*,#1156,.F.);
#511=ORIENTED_EDGE('',*,*,#1157,.F.);
#512=ORIENTED_EDGE('',*,*,#1158,.F.);
#513=ORIENTED_EDGE('',*,*,#1159,.F.);
#514=ORIENTED_EDGE('',*,*,#1160,.F.);
#515=ORIENTED_EDGE('',*,*,#1161,.F.);
#516=ORIENTED_EDGE('',*,*,#1162,.T.);
#517=ORIENTED_EDGE('',*,*,#1163,.F.);
#518=ORIENTED_EDGE('',*,*,#1164,.F.);
#519=ORIENTED_EDGE('',*,*,#1165,.T.);
#520=ORIENTED_EDGE('',*,*,#1166,.F.);
#521=ORIENTED_EDGE('',*,*,#1167,.T.);
#522=ORIENTED_EDGE('',*,*,#1168,.F.);
#523=ORIENTED_EDGE('',*,*,#1169,.F.);
#524=ORIENTED_EDGE('',*,*,#1170,.F.);
#525=ORIENTED_EDGE('',*,*,#1171,.T.);
#526=ORIENTED_EDGE('',*,*,#1172,.T.);
#527=ORIENTED_EDGE('',*,*,#1173,.F.);
#528=ORIENTED_EDGE('',*,*,#1174,.F.);
#529=ORIENTED_EDGE('',*,*,#1175,.F.);
#530=ORIENTED_EDGE('',*,*,#1176,.T.);
#531=ORIENTED_EDGE('',*,*,#1177,.F.);
#532=ORIENTED_EDGE('',*,*,#1178,.T.);
#533=ORIENTED_EDGE('',*,*,#1179,.F.);
#534=ORIENTED_EDGE('',*,*,#1180,.T.);
#535=ORIENTED_EDGE('',*,*,#1181,.T.);
#536=ORIENTED_EDGE('',*,*,#1182,.F.);
#537=ORIENTED_EDGE('',*,*,#1183,.F.);
#538=ORIENTED_EDGE('',*,*,#1184,.F.);
#539=ORIENTED_EDGE('',*,*,#1185,.F.);
#540=ORIENTED_EDGE('',*,*,#1186,.F.);
#541=ORIENTED_EDGE('',*,*,#1187,.F.);
#542=ORIENTED_EDGE('',*,*,#1188,.F.);
#543=ORIENTED_EDGE('',*,*,#1189,.T.);
#544=ORIENTED_EDGE('',*,*,#1190,.F.);
#545=ORIENTED_EDGE('',*,*,#1191,.T.);
#546=ORIENTED_EDGE('',*,*,#1192,.F.);
#547=ORIENTED_EDGE('',*,*,#1193,.F.);
#548=ORIENTED_EDGE('',*,*,#1194,.F.);
#549=ORIENTED_EDGE('',*,*,#1195,.T.);
#550=ORIENTED_EDGE('',*,*,#1196,.F.);
#551=ORIENTED_EDGE('',*,*,#1197,.T.);
#552=ORIENTED_EDGE('',*,*,#1198,.F.);
#553=ORIENTED_EDGE('',*,*,#1199,.F.);
#554=ORIENTED_EDGE('',*,*,#1200,.T.);
#555=ORIENTED_EDGE('',*,*,#1201,.F.);
#556=ORIENTED_EDGE('',*,*,#1202,.T.);
#557=ORIENTED_EDGE('',*,*,#1203,.T.);
#558=ORIENTED_EDGE('',*,*,#1204,.T.);
#559=ORIENTED_EDGE('',*,*,#1205,.T.);
#560=ORIENTED_EDGE('',*,*,#1206,.F.);
#561=ORIENTED_EDGE('',*,*,#1207,.T.);
#562=ORIENTED_EDGE('',*,*,#1208,.T.);
#563=ORIENTED_EDGE('',*,*,#1209,.F.);
#564=ORIENTED_EDGE('',*,*,#1210,.T.);
#565=ORIENTED_EDGE('',*,*,#1211,.T.);
#566=ORIENTED_EDGE('',*,*,#1212,.F.);
#567=ORIENTED_EDGE('',*,*,#1213,.F.);
#568=ORIENTED_EDGE('',*,*,#1214,.F.);
#569=ORIENTED_EDGE('',*,*,#1215,.F.);
#570=ORIENTED_EDGE('',*,*,#1216,.F.);
#571=ORIENTED_EDGE('',*,*,#1217,.T.);
#572=ORIENTED_EDGE('',*,*,#1218,.F.);
#573=ORIENTED_EDGE('',*,*,#1219,.T.);
#574=ORIENTED_EDGE('',*,*,#1220,.T.);
#575=ORIENTED_EDGE('',*,*,#1221,.F.);
#576=ORIENTED_EDGE('',*,*,#1222,.T.);
#577=ORIENTED_EDGE('',*,*,#1222,.F.);
#578=ORIENTED_EDGE('',*,*,#1223,.T.);
#579=ORIENTED_EDGE('',*,*,#1224,.F.);
#580=ORIENTED_EDGE('',*,*,#1225,.T.);
#581=ORIENTED_EDGE('',*,*,#1226,.F.);
#582=ORIENTED_EDGE('',*,*,#1224,.T.);
#583=ORIENTED_EDGE('',*,*,#1227,.F.);
#584=ORIENTED_EDGE('',*,*,#1228,.T.);
#585=ORIENTED_EDGE('',*,*,#1229,.T.);
#586=ORIENTED_EDGE('',*,*,#1230,.T.);
#587=ORIENTED_EDGE('',*,*,#1231,.T.);
#588=ORIENTED_EDGE('',*,*,#1232,.T.);
#589=ORIENTED_EDGE('',*,*,#1233,.F.);
#590=ORIENTED_EDGE('',*,*,#1234,.T.);
#591=ORIENTED_EDGE('',*,*,#1235,.T.);
#592=ORIENTED_EDGE('',*,*,#1236,.F.);
#593=ORIENTED_EDGE('',*,*,#1237,.F.);
#594=ORIENTED_EDGE('',*,*,#1238,.T.);
#595=ORIENTED_EDGE('',*,*,#1120,.T.);
#596=ORIENTED_EDGE('',*,*,#1239,.T.);
#597=ORIENTED_EDGE('',*,*,#1203,.F.);
#598=ORIENTED_EDGE('',*,*,#1240,.T.);
#599=ORIENTED_EDGE('',*,*,#1201,.T.);
#600=ORIENTED_EDGE('',*,*,#1241,.T.);
#601=ORIENTED_EDGE('',*,*,#1122,.F.);
#602=ORIENTED_EDGE('',*,*,#1242,.T.);
#603=ORIENTED_EDGE('',*,*,#1242,.F.);
#604=ORIENTED_EDGE('',*,*,#1121,.T.);
#605=ORIENTED_EDGE('',*,*,#1240,.F.);
#606=ORIENTED_EDGE('',*,*,#1202,.F.);
#607=ORIENTED_EDGE('',*,*,#1233,.T.);
#608=ORIENTED_EDGE('',*,*,#1243,.T.);
#609=ORIENTED_EDGE('',*,*,#1244,.T.);
#610=ORIENTED_EDGE('',*,*,#1245,.T.);
#611=ORIENTED_EDGE('',*,*,#1244,.F.);
#612=ORIENTED_EDGE('',*,*,#1246,.T.);
#613=ORIENTED_EDGE('',*,*,#1227,.T.);
#614=ORIENTED_EDGE('',*,*,#1247,.T.);
#615=ORIENTED_EDGE('',*,*,#1248,.T.);
#616=ORIENTED_EDGE('',*,*,#1249,.T.);
#617=ORIENTED_EDGE('',*,*,#1250,.F.);
#618=ORIENTED_EDGE('',*,*,#1251,.F.);
#619=ORIENTED_EDGE('',*,*,#1124,.F.);
#620=ORIENTED_EDGE('',*,*,#1252,.T.);
#621=ORIENTED_EDGE('',*,*,#1199,.T.);
#622=ORIENTED_EDGE('',*,*,#1253,.F.);
#623=ORIENTED_EDGE('',*,*,#1254,.T.);
#624=ORIENTED_EDGE('',*,*,#1255,.T.);
#625=ORIENTED_EDGE('',*,*,#1256,.T.);
#626=ORIENTED_EDGE('',*,*,#1257,.T.);
#627=ORIENTED_EDGE('',*,*,#1258,.T.);
#628=ORIENTED_EDGE('',*,*,#1259,.T.);
#629=ORIENTED_EDGE('',*,*,#1254,.F.);
#630=ORIENTED_EDGE('',*,*,#1260,.F.);
#631=ORIENTED_EDGE('',*,*,#1261,.T.);
#632=ORIENTED_EDGE('',*,*,#1262,.T.);
#633=ORIENTED_EDGE('',*,*,#1263,.T.);
#634=ORIENTED_EDGE('',*,*,#1264,.T.);
#635=ORIENTED_EDGE('',*,*,#1258,.F.);
#636=ORIENTED_EDGE('',*,*,#1265,.T.);
#637=ORIENTED_EDGE('',*,*,#1223,.F.);
#638=ORIENTED_EDGE('',*,*,#1225,.F.);
#639=ORIENTED_EDGE('',*,*,#1250,.T.);
#640=ORIENTED_EDGE('',*,*,#1266,.T.);
#641=ORIENTED_EDGE('',*,*,#1261,.F.);
#642=ORIENTED_EDGE('',*,*,#1267,.T.);
#643=ORIENTED_EDGE('',*,*,#1125,.F.);
#644=ORIENTED_EDGE('',*,*,#1251,.T.);
#645=ORIENTED_EDGE('',*,*,#1267,.F.);
#646=ORIENTED_EDGE('',*,*,#1265,.F.);
#647=ORIENTED_EDGE('',*,*,#1260,.T.);
#648=ORIENTED_EDGE('',*,*,#1253,.T.);
#649=ORIENTED_EDGE('',*,*,#1198,.T.);
#650=ORIENTED_EDGE('',*,*,#1268,.T.);
#651=ORIENTED_EDGE('',*,*,#1229,.F.);
#652=ORIENTED_EDGE('',*,*,#1269,.T.);
#653=ORIENTED_EDGE('',*,*,#1270,.F.);
#654=ORIENTED_EDGE('',*,*,#1271,.T.);
#655=ORIENTED_EDGE('',*,*,#1272,.T.);
#656=ORIENTED_EDGE('',*,*,#1273,.F.);
#657=ORIENTED_EDGE('',*,*,#1263,.F.);
#658=ORIENTED_EDGE('',*,*,#1274,.T.);
#659=ORIENTED_EDGE('',*,*,#1248,.F.);
#660=ORIENTED_EDGE('',*,*,#1275,.T.);
#661=ORIENTED_EDGE('',*,*,#1276,.F.);
#662=ORIENTED_EDGE('',*,*,#1277,.T.);
#663=ORIENTED_EDGE('',*,*,#1278,.T.);
#664=ORIENTED_EDGE('',*,*,#1279,.F.);
#665=ORIENTED_EDGE('',*,*,#1278,.F.);
#666=ORIENTED_EDGE('',*,*,#1280,.F.);
#667=ORIENTED_EDGE('',*,*,#1273,.T.);
#668=ORIENTED_EDGE('',*,*,#1281,.T.);
#669=ORIENTED_EDGE('',*,*,#1221,.T.);
#670=ORIENTED_EDGE('',*,*,#1226,.T.);
#671=ORIENTED_EDGE('',*,*,#1279,.T.);
#672=ORIENTED_EDGE('',*,*,#1281,.F.);
#673=ORIENTED_EDGE('',*,*,#1272,.F.);
#674=ORIENTED_EDGE('',*,*,#1282,.T.);
#675=ORIENTED_EDGE('',*,*,#1276,.T.);
#676=ORIENTED_EDGE('',*,*,#1282,.F.);
#677=ORIENTED_EDGE('',*,*,#1271,.F.);
#678=ORIENTED_EDGE('',*,*,#1283,.T.);
#679=ORIENTED_EDGE('',*,*,#1284,.F.);
#680=ORIENTED_EDGE('',*,*,#1285,.F.);
#681=ORIENTED_EDGE('',*,*,#1277,.F.);
#682=ORIENTED_EDGE('',*,*,#1283,.F.);
#683=ORIENTED_EDGE('',*,*,#1270,.T.);
#684=ORIENTED_EDGE('',*,*,#1280,.T.);
#685=ORIENTED_EDGE('',*,*,#1123,.F.);
#686=ORIENTED_EDGE('',*,*,#1241,.F.);
#687=ORIENTED_EDGE('',*,*,#1200,.F.);
#688=ORIENTED_EDGE('',*,*,#1252,.F.);
#689=ORIENTED_EDGE('',*,*,#1285,.T.);
#690=ORIENTED_EDGE('',*,*,#1286,.F.);
#691=ORIENTED_EDGE('',*,*,#1286,.T.);
#692=ORIENTED_EDGE('',*,*,#1257,.F.);
#693=ORIENTED_EDGE('',*,*,#1284,.T.);
#694=ORIENTED_EDGE('',*,*,#1287,.F.);
#695=ORIENTED_EDGE('',*,*,#1287,.T.);
#696=ORIENTED_EDGE('',*,*,#1256,.F.);
#697=ORIENTED_EDGE('',*,*,#1185,.T.);
#698=ORIENTED_EDGE('',*,*,#1288,.F.);
#699=ORIENTED_EDGE('',*,*,#1138,.F.);
#700=ORIENTED_EDGE('',*,*,#1289,.F.);
#701=ORIENTED_EDGE('',*,*,#1140,.F.);
#702=ORIENTED_EDGE('',*,*,#1290,.F.);
#703=ORIENTED_EDGE('',*,*,#1183,.T.);
#704=ORIENTED_EDGE('',*,*,#1291,.F.);
#705=ORIENTED_EDGE('',*,*,#1134,.T.);
#706=ORIENTED_EDGE('',*,*,#1292,.F.);
#707=ORIENTED_EDGE('',*,*,#1189,.F.);
#708=ORIENTED_EDGE('',*,*,#1293,.F.);
#709=ORIENTED_EDGE('',*,*,#1294,.F.);
#710=ORIENTED_EDGE('',*,*,#1295,.T.);
#711=ORIENTED_EDGE('',*,*,#1296,.T.);
#712=ORIENTED_EDGE('',*,*,#1297,.T.);
#713=ORIENTED_EDGE('',*,*,#1298,.F.);
#714=ORIENTED_EDGE('',*,*,#1299,.T.);
#715=ORIENTED_EDGE('',*,*,#1294,.T.);
#716=ORIENTED_EDGE('',*,*,#1300,.T.);
#717=ORIENTED_EDGE('',*,*,#1296,.F.);
#718=ORIENTED_EDGE('',*,*,#1301,.T.);
#719=ORIENTED_EDGE('',*,*,#1302,.F.);
#720=ORIENTED_EDGE('',*,*,#1303,.T.);
#721=ORIENTED_EDGE('',*,*,#1136,.T.);
#722=ORIENTED_EDGE('',*,*,#1304,.F.);
#723=ORIENTED_EDGE('',*,*,#1187,.T.);
#724=ORIENTED_EDGE('',*,*,#1305,.F.);
#725=ORIENTED_EDGE('',*,*,#1302,.T.);
#726=ORIENTED_EDGE('',*,*,#1306,.T.);
#727=ORIENTED_EDGE('',*,*,#1141,.T.);
#728=ORIENTED_EDGE('',*,*,#1291,.T.);
#729=ORIENTED_EDGE('',*,*,#1182,.T.);
#730=ORIENTED_EDGE('',*,*,#1307,.T.);
#731=ORIENTED_EDGE('',*,*,#1137,.T.);
#732=ORIENTED_EDGE('',*,*,#1305,.T.);
#733=ORIENTED_EDGE('',*,*,#1186,.T.);
#734=ORIENTED_EDGE('',*,*,#1289,.T.);
#735=ORIENTED_EDGE('',*,*,#1135,.T.);
#736=ORIENTED_EDGE('',*,*,#1293,.T.);
#737=ORIENTED_EDGE('',*,*,#1188,.T.);
#738=ORIENTED_EDGE('',*,*,#1304,.T.);
#739=ORIENTED_EDGE('',*,*,#1133,.T.);
#740=ORIENTED_EDGE('',*,*,#1308,.T.);
#741=ORIENTED_EDGE('',*,*,#1298,.T.);
#742=ORIENTED_EDGE('',*,*,#1309,.T.);
#743=ORIENTED_EDGE('',*,*,#1190,.T.);
#744=ORIENTED_EDGE('',*,*,#1292,.T.);
#745=ORIENTED_EDGE('',*,*,#1139,.T.);
#746=ORIENTED_EDGE('',*,*,#1288,.T.);
#747=ORIENTED_EDGE('',*,*,#1184,.T.);
#748=ORIENTED_EDGE('',*,*,#1290,.T.);
#749=ORIENTED_EDGE('',*,*,#1157,.T.);
#750=ORIENTED_EDGE('',*,*,#1310,.F.);
#751=ORIENTED_EDGE('',*,*,#1167,.F.);
#752=ORIENTED_EDGE('',*,*,#1311,.F.);
#753=ORIENTED_EDGE('',*,*,#1169,.T.);
#754=ORIENTED_EDGE('',*,*,#1312,.F.);
#755=ORIENTED_EDGE('',*,*,#1155,.F.);
#756=ORIENTED_EDGE('',*,*,#1313,.F.);
#757=ORIENTED_EDGE('',*,*,#1159,.T.);
#758=ORIENTED_EDGE('',*,*,#1314,.F.);
#759=ORIENTED_EDGE('',*,*,#1165,.F.);
#760=ORIENTED_EDGE('',*,*,#1315,.F.);
#761=ORIENTED_EDGE('',*,*,#1153,.T.);
#762=ORIENTED_EDGE('',*,*,#1316,.T.);
#763=ORIENTED_EDGE('',*,*,#1162,.F.);
#764=ORIENTED_EDGE('',*,*,#1317,.F.);
#765=ORIENTED_EDGE('',*,*,#1163,.T.);
#766=ORIENTED_EDGE('',*,*,#1316,.F.);
#767=ORIENTED_EDGE('',*,*,#1152,.F.);
#768=ORIENTED_EDGE('',*,*,#1318,.F.);
#769=ORIENTED_EDGE('',*,*,#1160,.T.);
#770=ORIENTED_EDGE('',*,*,#1315,.T.);
#771=ORIENTED_EDGE('',*,*,#1164,.T.);
#772=ORIENTED_EDGE('',*,*,#1318,.T.);
#773=ORIENTED_EDGE('',*,*,#1154,.T.);
#774=ORIENTED_EDGE('',*,*,#1317,.T.);
#775=ORIENTED_EDGE('',*,*,#1161,.T.);
#776=ORIENTED_EDGE('',*,*,#1313,.T.);
#777=ORIENTED_EDGE('',*,*,#1158,.T.);
#778=ORIENTED_EDGE('',*,*,#1311,.T.);
#779=ORIENTED_EDGE('',*,*,#1166,.T.);
#780=ORIENTED_EDGE('',*,*,#1314,.T.);
#781=ORIENTED_EDGE('',*,*,#1156,.T.);
#782=ORIENTED_EDGE('',*,*,#1312,.T.);
#783=ORIENTED_EDGE('',*,*,#1168,.T.);
#784=ORIENTED_EDGE('',*,*,#1310,.T.);
#785=ORIENTED_EDGE('',*,*,#1143,.T.);
#786=ORIENTED_EDGE('',*,*,#1319,.T.);
#787=ORIENTED_EDGE('',*,*,#1320,.F.);
#788=ORIENTED_EDGE('',*,*,#1321,.T.);
#789=ORIENTED_EDGE('',*,*,#1180,.F.);
#790=ORIENTED_EDGE('',*,*,#1322,.F.);
#791=ORIENTED_EDGE('',*,*,#1145,.T.);
#792=ORIENTED_EDGE('',*,*,#1323,.F.);
#793=ORIENTED_EDGE('',*,*,#1178,.F.);
#794=ORIENTED_EDGE('',*,*,#1324,.F.);
#795=ORIENTED_EDGE('',*,*,#1325,.F.);
#796=ORIENTED_EDGE('',*,*,#1326,.T.);
#797=ORIENTED_EDGE('',*,*,#1102,.F.);
#798=ORIENTED_EDGE('',*,*,#1327,.T.);
#799=ORIENTED_EDGE('',*,*,#1170,.T.);
#800=ORIENTED_EDGE('',*,*,#1328,.T.);
#801=ORIENTED_EDGE('',*,*,#1173,.T.);
#802=ORIENTED_EDGE('',*,*,#1329,.T.);
#803=ORIENTED_EDGE('',*,*,#1150,.F.);
#804=ORIENTED_EDGE('',*,*,#1330,.F.);
#805=ORIENTED_EDGE('',*,*,#1148,.F.);
#806=ORIENTED_EDGE('',*,*,#1331,.T.);
#807=ORIENTED_EDGE('',*,*,#1175,.T.);
#808=ORIENTED_EDGE('',*,*,#1332,.F.);
#809=ORIENTED_EDGE('',*,*,#1176,.F.);
#810=ORIENTED_EDGE('',*,*,#1331,.F.);
#811=ORIENTED_EDGE('',*,*,#1147,.T.);
#812=ORIENTED_EDGE('',*,*,#1333,.F.);
#813=ORIENTED_EDGE('',*,*,#1334,.F.);
#814=ORIENTED_EDGE('',*,*,#1335,.T.);
#815=ORIENTED_EDGE('',*,*,#1336,.F.);
#816=ORIENTED_EDGE('',*,*,#1337,.T.);
#817=ORIENTED_EDGE('',*,*,#1174,.T.);
#818=ORIENTED_EDGE('',*,*,#1330,.T.);
#819=ORIENTED_EDGE('',*,*,#1149,.T.);
#820=ORIENTED_EDGE('',*,*,#1332,.T.);
#821=ORIENTED_EDGE('',*,*,#1336,.T.);
#822=ORIENTED_EDGE('',*,*,#1338,.T.);
#823=ORIENTED_EDGE('',*,*,#1325,.T.);
#824=ORIENTED_EDGE('',*,*,#1339,.T.);
#825=ORIENTED_EDGE('',*,*,#1146,.T.);
#826=ORIENTED_EDGE('',*,*,#1324,.T.);
#827=ORIENTED_EDGE('',*,*,#1177,.T.);
#828=ORIENTED_EDGE('',*,*,#1333,.T.);
#829=ORIENTED_EDGE('',*,*,#1320,.T.);
#830=ORIENTED_EDGE('',*,*,#1340,.T.);
#831=ORIENTED_EDGE('',*,*,#1334,.T.);
#832=ORIENTED_EDGE('',*,*,#1341,.T.);
#833=ORIENTED_EDGE('',*,*,#1144,.T.);
#834=ORIENTED_EDGE('',*,*,#1322,.T.);
#835=ORIENTED_EDGE('',*,*,#1179,.T.);
#836=ORIENTED_EDGE('',*,*,#1323,.T.);
#837=ORIENTED_EDGE('',*,*,#1110,.F.);
#838=ORIENTED_EDGE('',*,*,#1342,.F.);
#839=ORIENTED_EDGE('',*,*,#1213,.T.);
#840=ORIENTED_EDGE('',*,*,#1343,.F.);
#841=ORIENTED_EDGE('',*,*,#1217,.F.);
#842=ORIENTED_EDGE('',*,*,#1344,.F.);
#843=ORIENTED_EDGE('',*,*,#1106,.T.);
#844=ORIENTED_EDGE('',*,*,#1345,.F.);
#845=ORIENTED_EDGE('',*,*,#1346,.F.);
#846=ORIENTED_EDGE('',*,*,#1347,.T.);
#847=ORIENTED_EDGE('',*,*,#1348,.F.);
#848=ORIENTED_EDGE('',*,*,#1349,.T.);
#849=ORIENTED_EDGE('',*,*,#1348,.T.);
#850=ORIENTED_EDGE('',*,*,#1350,.T.);
#851=ORIENTED_EDGE('',*,*,#1111,.T.);
#852=ORIENTED_EDGE('',*,*,#1343,.T.);
#853=ORIENTED_EDGE('',*,*,#1212,.T.);
#854=ORIENTED_EDGE('',*,*,#1351,.T.);
#855=ORIENTED_EDGE('',*,*,#1105,.T.);
#856=ORIENTED_EDGE('',*,*,#1352,.T.);
#857=ORIENTED_EDGE('',*,*,#1346,.T.);
#858=ORIENTED_EDGE('',*,*,#1353,.T.);
#859=ORIENTED_EDGE('',*,*,#1218,.T.);
#860=ORIENTED_EDGE('',*,*,#1345,.T.);
#861=ORIENTED_EDGE('',*,*,#1109,.T.);
#862=ORIENTED_EDGE('',*,*,#1354,.T.);
#863=ORIENTED_EDGE('',*,*,#1214,.T.);
#864=ORIENTED_EDGE('',*,*,#1342,.T.);
#865=ORIENTED_EDGE('',*,*,#1216,.T.);
#866=ORIENTED_EDGE('',*,*,#1355,.T.);
#867=ORIENTED_EDGE('',*,*,#1107,.T.);
#868=ORIENTED_EDGE('',*,*,#1344,.T.);
#869=ORIENTED_EDGE('',*,*,#1356,.F.);
#870=ORIENTED_EDGE('',*,*,#1357,.T.);
#871=ORIENTED_EDGE('',*,*,#1358,.F.);
#872=ORIENTED_EDGE('',*,*,#1359,.T.);
#873=ORIENTED_EDGE('',*,*,#1116,.T.);
#874=ORIENTED_EDGE('',*,*,#1360,.T.);
#875=ORIENTED_EDGE('',*,*,#1207,.F.);
#876=ORIENTED_EDGE('',*,*,#1361,.F.);
#877=ORIENTED_EDGE('',*,*,#1113,.T.);
#878=ORIENTED_EDGE('',*,*,#1362,.T.);
#879=ORIENTED_EDGE('',*,*,#1363,.F.);
#880=ORIENTED_EDGE('',*,*,#1364,.T.);
#881=ORIENTED_EDGE('',*,*,#1210,.F.);
#882=ORIENTED_EDGE('',*,*,#1365,.F.);
#883=ORIENTED_EDGE('',*,*,#1358,.T.);
#884=ORIENTED_EDGE('',*,*,#1366,.T.);
#885=ORIENTED_EDGE('',*,*,#1117,.T.);
#886=ORIENTED_EDGE('',*,*,#1361,.T.);
#887=ORIENTED_EDGE('',*,*,#1206,.T.);
#888=ORIENTED_EDGE('',*,*,#1367,.T.);
#889=ORIENTED_EDGE('',*,*,#1363,.T.);
#890=ORIENTED_EDGE('',*,*,#1368,.T.);
#891=ORIENTED_EDGE('',*,*,#1356,.T.);
#892=ORIENTED_EDGE('',*,*,#1369,.T.);
#893=ORIENTED_EDGE('',*,*,#1193,.T.);
#894=ORIENTED_EDGE('',*,*,#1370,.F.);
#895=ORIENTED_EDGE('',*,*,#1130,.F.);
#896=ORIENTED_EDGE('',*,*,#1371,.F.);
#897=ORIENTED_EDGE('',*,*,#1195,.F.);
#898=ORIENTED_EDGE('',*,*,#1372,.F.);
#899=ORIENTED_EDGE('',*,*,#1128,.T.);
#900=ORIENTED_EDGE('',*,*,#1373,.F.);
#901=ORIENTED_EDGE('',*,*,#1374,.F.);
#902=ORIENTED_EDGE('',*,*,#1375,.T.);
#903=ORIENTED_EDGE('',*,*,#1376,.F.);
#904=ORIENTED_EDGE('',*,*,#1377,.T.);
#905=ORIENTED_EDGE('',*,*,#1127,.T.);
#906=ORIENTED_EDGE('',*,*,#1378,.T.);
#907=ORIENTED_EDGE('',*,*,#1374,.T.);
#908=ORIENTED_EDGE('',*,*,#1379,.T.);
#909=ORIENTED_EDGE('',*,*,#1196,.T.);
#910=ORIENTED_EDGE('',*,*,#1373,.T.);
#911=ORIENTED_EDGE('',*,*,#1129,.T.);
#912=ORIENTED_EDGE('',*,*,#1372,.T.);
#913=ORIENTED_EDGE('',*,*,#1194,.T.);
#914=ORIENTED_EDGE('',*,*,#1371,.T.);
#915=ORIENTED_EDGE('',*,*,#1376,.T.);
#916=ORIENTED_EDGE('',*,*,#1380,.T.);
#917=ORIENTED_EDGE('',*,*,#1131,.T.);
#918=ORIENTED_EDGE('',*,*,#1370,.T.);
#919=ORIENTED_EDGE('',*,*,#1192,.T.);
#920=ORIENTED_EDGE('',*,*,#1381,.T.);
#921=ORIENTED_EDGE('',*,*,#1382,.F.);
#922=ORIENTED_EDGE('',*,*,#1097,.F.);
#923=ORIENTED_EDGE('',*,*,#1383,.F.);
#924=ORIENTED_EDGE('',*,*,#1239,.F.);
#925=ORIENTED_EDGE('',*,*,#1096,.F.);
#926=ORIENTED_EDGE('',*,*,#1384,.T.);
#927=ORIENTED_EDGE('',*,*,#1204,.F.);
#928=ORIENTED_EDGE('',*,*,#1383,.T.);
#929=ORIENTED_EDGE('',*,*,#1119,.F.);
#930=ORIENTED_EDGE('',*,*,#1385,.T.);
#931=ORIENTED_EDGE('',*,*,#1098,.F.);
#932=ORIENTED_EDGE('',*,*,#1382,.T.);
#933=ORIENTED_EDGE('',*,*,#1231,.F.);
#934=ORIENTED_EDGE('',*,*,#1386,.T.);
#935=ORIENTED_EDGE('',*,*,#1100,.F.);
#936=ORIENTED_EDGE('',*,*,#1387,.T.);
#937=ORIENTED_EDGE('',*,*,#1209,.T.);
#938=ORIENTED_EDGE('',*,*,#1388,.T.);
#939=ORIENTED_EDGE('',*,*,#1114,.F.);
#940=ORIENTED_EDGE('',*,*,#1365,.T.);
#941=ORIENTED_EDGE('',*,*,#1354,.F.);
#942=ORIENTED_EDGE('',*,*,#1108,.F.);
#943=ORIENTED_EDGE('',*,*,#1355,.F.);
#944=ORIENTED_EDGE('',*,*,#1215,.T.);
#945=ORIENTED_EDGE('',*,*,#1172,.F.);
#946=ORIENTED_EDGE('',*,*,#1389,.T.);
#947=ORIENTED_EDGE('',*,*,#1151,.T.);
#948=ORIENTED_EDGE('',*,*,#1329,.F.);
#949=ORIENTED_EDGE('',*,*,#1236,.T.);
#950=ORIENTED_EDGE('',*,*,#1390,.F.);
#951=ORIENTED_EDGE('',*,*,#1391,.F.);
#952=ORIENTED_EDGE('',*,*,#1392,.T.);
#953=ORIENTED_EDGE('',*,*,#1237,.T.);
#954=ORIENTED_EDGE('',*,*,#1392,.F.);
#955=ORIENTED_EDGE('',*,*,#1393,.F.);
#956=ORIENTED_EDGE('',*,*,#1394,.T.);
#957=ORIENTED_EDGE('',*,*,#1238,.F.);
#958=ORIENTED_EDGE('',*,*,#1394,.F.);
#959=ORIENTED_EDGE('',*,*,#1395,.T.);
#960=ORIENTED_EDGE('',*,*,#1396,.T.);
#961=ORIENTED_EDGE('',*,*,#1235,.F.);
#962=ORIENTED_EDGE('',*,*,#1396,.F.);
#963=ORIENTED_EDGE('',*,*,#1397,.T.);
#964=ORIENTED_EDGE('',*,*,#1390,.T.);
#965=ORIENTED_EDGE('',*,*,#1398,.T.);
#966=ORIENTED_EDGE('',*,*,#1399,.T.);
#967=ORIENTED_EDGE('',*,*,#1400,.T.);
#968=ORIENTED_EDGE('',*,*,#1401,.T.);
#969=ORIENTED_EDGE('',*,*,#1391,.T.);
#970=ORIENTED_EDGE('',*,*,#1397,.F.);
#971=ORIENTED_EDGE('',*,*,#1395,.F.);
#972=ORIENTED_EDGE('',*,*,#1393,.T.);
#973=ORIENTED_EDGE('',*,*,#1402,.F.);
#974=ORIENTED_EDGE('',*,*,#1398,.F.);
#975=ORIENTED_EDGE('',*,*,#1403,.F.);
#976=ORIENTED_EDGE('',*,*,#1400,.F.);
#977=ORIENTED_EDGE('',*,*,#1404,.F.);
#978=ORIENTED_EDGE('',*,*,#1399,.F.);
#979=ORIENTED_EDGE('',*,*,#1405,.F.);
#980=ORIENTED_EDGE('',*,*,#1401,.F.);
#981=ORIENTED_EDGE('',*,*,#1406,.F.);
#982=ORIENTED_EDGE('',*,*,#1406,.T.);
#983=ORIENTED_EDGE('',*,*,#1402,.T.);
#984=ORIENTED_EDGE('',*,*,#1407,.F.);
#985=ORIENTED_EDGE('',*,*,#1407,.T.);
#986=ORIENTED_EDGE('',*,*,#1403,.T.);
#987=ORIENTED_EDGE('',*,*,#1408,.F.);
#988=ORIENTED_EDGE('',*,*,#1408,.T.);
#989=ORIENTED_EDGE('',*,*,#1404,.T.);
#990=ORIENTED_EDGE('',*,*,#1409,.F.);
#991=ORIENTED_EDGE('',*,*,#1409,.T.);
#992=ORIENTED_EDGE('',*,*,#1405,.T.);
#993=ORIENTED_EDGE('',*,*,#1262,.F.);
#994=ORIENTED_EDGE('',*,*,#1266,.F.);
#995=ORIENTED_EDGE('',*,*,#1249,.F.);
#996=ORIENTED_EDGE('',*,*,#1274,.F.);
#997=ORIENTED_EDGE('',*,*,#1264,.F.);
#998=ORIENTED_EDGE('',*,*,#1275,.F.);
#999=ORIENTED_EDGE('',*,*,#1255,.F.);
#1000=ORIENTED_EDGE('',*,*,#1259,.F.);
#1001=ORIENTED_EDGE('',*,*,#1309,.F.);
#1002=ORIENTED_EDGE('',*,*,#1300,.F.);
#1003=ORIENTED_EDGE('',*,*,#1410,.F.);
#1004=ORIENTED_EDGE('',*,*,#1230,.F.);
#1005=ORIENTED_EDGE('',*,*,#1268,.F.);
#1006=ORIENTED_EDGE('',*,*,#1197,.F.);
#1007=ORIENTED_EDGE('',*,*,#1379,.F.);
#1008=ORIENTED_EDGE('',*,*,#1377,.F.);
#1009=ORIENTED_EDGE('',*,*,#1381,.F.);
#1010=ORIENTED_EDGE('',*,*,#1191,.F.);
#1011=ORIENTED_EDGE('',*,*,#1410,.T.);
#1012=ORIENTED_EDGE('',*,*,#1297,.F.);
#1013=ORIENTED_EDGE('',*,*,#1411,.F.);
#1014=ORIENTED_EDGE('',*,*,#1247,.F.);
#1015=ORIENTED_EDGE('',*,*,#1328,.F.);
#1016=ORIENTED_EDGE('',*,*,#1220,.F.);
#1017=ORIENTED_EDGE('',*,*,#1412,.F.);
#1018=ORIENTED_EDGE('',*,*,#1245,.F.);
#1019=ORIENTED_EDGE('',*,*,#1411,.T.);
#1020=ORIENTED_EDGE('',*,*,#1303,.F.);
#1021=ORIENTED_EDGE('',*,*,#1307,.F.);
#1022=ORIENTED_EDGE('',*,*,#1181,.F.);
#1023=ORIENTED_EDGE('',*,*,#1321,.F.);
#1024=ORIENTED_EDGE('',*,*,#1341,.F.);
#1025=ORIENTED_EDGE('',*,*,#1337,.F.);
#1026=ORIENTED_EDGE('',*,*,#1339,.F.);
#1027=ORIENTED_EDGE('',*,*,#1367,.F.);
#1028=ORIENTED_EDGE('',*,*,#1205,.F.);
#1029=ORIENTED_EDGE('',*,*,#1413,.F.);
#1030=ORIENTED_EDGE('',*,*,#1234,.F.);
#1031=ORIENTED_EDGE('',*,*,#1412,.T.);
#1032=ORIENTED_EDGE('',*,*,#1219,.F.);
#1033=ORIENTED_EDGE('',*,*,#1353,.F.);
#1034=ORIENTED_EDGE('',*,*,#1349,.F.);
#1035=ORIENTED_EDGE('',*,*,#1351,.F.);
#1036=ORIENTED_EDGE('',*,*,#1211,.F.);
#1037=ORIENTED_EDGE('',*,*,#1364,.F.);
#1038=ORIENTED_EDGE('',*,*,#1369,.F.);
#1039=ORIENTED_EDGE('',*,*,#1359,.F.);
#1040=ORIENTED_EDGE('',*,*,#1384,.F.);
#1041=ORIENTED_EDGE('',*,*,#1095,.T.);
#1042=ORIENTED_EDGE('',*,*,#1386,.F.);
#1043=ORIENTED_EDGE('',*,*,#1413,.T.);
#1044=ORIENTED_EDGE('',*,*,#1269,.F.);
#1045=ORIENTED_EDGE('',*,*,#1228,.F.);
#1046=ORIENTED_EDGE('',*,*,#1414,.F.);
#1047=ORIENTED_EDGE('',*,*,#1299,.F.);
#1048=ORIENTED_EDGE('',*,*,#1308,.F.);
#1049=ORIENTED_EDGE('',*,*,#1132,.F.);
#1050=ORIENTED_EDGE('',*,*,#1380,.F.);
#1051=ORIENTED_EDGE('',*,*,#1375,.F.);
#1052=ORIENTED_EDGE('',*,*,#1378,.F.);
#1053=ORIENTED_EDGE('',*,*,#1126,.F.);
#1054=ORIENTED_EDGE('',*,*,#1414,.T.);
#1055=ORIENTED_EDGE('',*,*,#1246,.F.);
#1056=ORIENTED_EDGE('',*,*,#1415,.F.);
#1057=ORIENTED_EDGE('',*,*,#1295,.F.);
#1058=ORIENTED_EDGE('',*,*,#1415,.T.);
#1059=ORIENTED_EDGE('',*,*,#1243,.F.);
#1060=ORIENTED_EDGE('',*,*,#1416,.F.);
#1061=ORIENTED_EDGE('',*,*,#1103,.F.);
#1062=ORIENTED_EDGE('',*,*,#1326,.F.);
#1063=ORIENTED_EDGE('',*,*,#1338,.F.);
#1064=ORIENTED_EDGE('',*,*,#1335,.F.);
#1065=ORIENTED_EDGE('',*,*,#1340,.F.);
#1066=ORIENTED_EDGE('',*,*,#1319,.F.);
#1067=ORIENTED_EDGE('',*,*,#1142,.F.);
#1068=ORIENTED_EDGE('',*,*,#1306,.F.);
#1069=ORIENTED_EDGE('',*,*,#1301,.F.);
#1070=ORIENTED_EDGE('',*,*,#1416,.T.);
#1071=ORIENTED_EDGE('',*,*,#1232,.F.);
#1072=ORIENTED_EDGE('',*,*,#1417,.F.);
#1073=ORIENTED_EDGE('',*,*,#1118,.F.);
#1074=ORIENTED_EDGE('',*,*,#1366,.F.);
#1075=ORIENTED_EDGE('',*,*,#1357,.F.);
#1076=ORIENTED_EDGE('',*,*,#1368,.F.);
#1077=ORIENTED_EDGE('',*,*,#1362,.F.);
#1078=ORIENTED_EDGE('',*,*,#1112,.F.);
#1079=ORIENTED_EDGE('',*,*,#1350,.F.);
#1080=ORIENTED_EDGE('',*,*,#1347,.F.);
#1081=ORIENTED_EDGE('',*,*,#1352,.F.);
#1082=ORIENTED_EDGE('',*,*,#1104,.F.);
#1083=ORIENTED_EDGE('',*,*,#1385,.F.);
#1084=ORIENTED_EDGE('',*,*,#1417,.T.);
#1085=ORIENTED_EDGE('',*,*,#1387,.F.);
#1086=ORIENTED_EDGE('',*,*,#1099,.T.);
#1087=ORIENTED_EDGE('',*,*,#1171,.F.);
#1088=ORIENTED_EDGE('',*,*,#1327,.F.);
#1089=ORIENTED_EDGE('',*,*,#1101,.F.);
#1090=ORIENTED_EDGE('',*,*,#1389,.F.);
#1091=ORIENTED_EDGE('',*,*,#1208,.F.);
#1092=ORIENTED_EDGE('',*,*,#1360,.F.);
#1093=ORIENTED_EDGE('',*,*,#1115,.F.);
#1094=ORIENTED_EDGE('',*,*,#1388,.F.);
#1095=EDGE_CURVE('',#1418,#1419,#1636,.T.);
#1096=EDGE_CURVE('',#1418,#1420,#115,.T.);
#1097=EDGE_CURVE('',#1420,#1421,#116,.T.);
#1098=EDGE_CURVE('',#1421,#1422,#117,.F.);
#1099=EDGE_CURVE('',#1423,#1422,#1637,.T.);
#1100=EDGE_CURVE('',#1423,#1419,#118,.F.);
#1101=EDGE_CURVE('',#1424,#1425,#1638,.T.);
#1102=EDGE_CURVE('',#1425,#1426,#119,.T.);
#1103=EDGE_CURVE('',#1426,#1427,#1639,.F.);
#1104=EDGE_CURVE('',#1427,#1428,#120,.T.);
#1105=EDGE_CURVE('',#1429,#1428,#1640,.T.);
#1106=EDGE_CURVE('',#1430,#1429,#121,.T.);
#1107=EDGE_CURVE('',#1431,#1430,#1641,.T.);
#1108=EDGE_CURVE('',#1431,#1432,#122,.T.);
#1109=EDGE_CURVE('',#1433,#1432,#1642,.T.);
#1110=EDGE_CURVE('',#1433,#1434,#123,.T.);
#1111=EDGE_CURVE('',#1435,#1434,#1643,.T.);
#1112=EDGE_CURVE('',#1435,#1436,#124,.T.);
#1113=EDGE_CURVE('',#1437,#1436,#125,.T.);
#1114=EDGE_CURVE('',#1437,#1438,#126,.T.);
#1115=EDGE_CURVE('',#1438,#1439,#1644,.F.);
#1116=EDGE_CURVE('',#1440,#1439,#127,.T.);
#1117=EDGE_CURVE('',#1441,#1440,#1645,.T.);
#1118=EDGE_CURVE('',#1441,#1442,#128,.T.);
#1119=EDGE_CURVE('',#1442,#1443,#129,.T.);
#1120=EDGE_CURVE('',#1444,#1443,#130,.T.);
#1121=EDGE_CURVE('',#1445,#1444,#1646,.F.);
#1122=EDGE_CURVE('',#1445,#1446,#1647,.F.);
#1123=EDGE_CURVE('',#1446,#1447,#1648,.F.);
#1124=EDGE_CURVE('',#1447,#1448,#131,.T.);
#1125=EDGE_CURVE('',#1448,#1449,#132,.T.);
#1126=EDGE_CURVE('',#1449,#1450,#1649,.T.);
#1127=EDGE_CURVE('',#1451,#1450,#1650,.T.);
#1128=EDGE_CURVE('',#1452,#1451,#133,.T.);
#1129=EDGE_CURVE('',#1453,#1452,#1651,.T.);
#1130=EDGE_CURVE('',#1453,#1454,#134,.T.);
#1131=EDGE_CURVE('',#1455,#1454,#1652,.T.);
#1132=EDGE_CURVE('',#1455,#1456,#1653,.T.);
#1133=EDGE_CURVE('',#1457,#1456,#1654,.T.);
#1134=EDGE_CURVE('',#1458,#1457,#135,.T.);
#1135=EDGE_CURVE('',#1459,#1458,#1655,.T.);
#1136=EDGE_CURVE('',#1460,#1459,#1656,.F.);
#1137=EDGE_CURVE('',#1461,#1460,#1657,.T.);
#1138=EDGE_CURVE('',#1461,#1462,#136,.T.);
#1139=EDGE_CURVE('',#1463,#1462,#1658,.T.);
#1140=EDGE_CURVE('',#1463,#1464,#137,.T.);
#1141=EDGE_CURVE('',#1465,#1464,#1659,.T.);
#1142=EDGE_CURVE('',#1465,#1466,#1660,.F.);
#1143=EDGE_CURVE('',#1467,#1466,#138,.T.);
#1144=EDGE_CURVE('',#1468,#1467,#1661,.T.);
#1145=EDGE_CURVE('',#1469,#1468,#139,.T.);
#1146=EDGE_CURVE('',#1470,#1469,#1662,.T.);
#1147=EDGE_CURVE('',#1471,#1470,#1663,.F.);
#1148=EDGE_CURVE('',#1471,#1472,#1664,.F.);
#1149=EDGE_CURVE('',#1473,#1472,#1665,.T.);
#1150=EDGE_CURVE('',#1473,#1474,#140,.T.);
#1151=EDGE_CURVE('',#1424,#1474,#141,.T.);
#1152=EDGE_CURVE('',#1475,#1476,#1666,.T.);
#1153=EDGE_CURVE('',#1477,#1476,#1667,.F.);
#1154=EDGE_CURVE('',#1478,#1477,#1668,.T.);
#1155=EDGE_CURVE('',#1478,#1479,#142,.T.);
#1156=EDGE_CURVE('',#1480,#1479,#1669,.T.);
#1157=EDGE_CURVE('',#1481,#1480,#143,.T.);
#1158=EDGE_CURVE('',#1482,#1481,#1670,.T.);
#1159=EDGE_CURVE('',#1483,#1482,#144,.T.);
#1160=EDGE_CURVE('',#1475,#1483,#1671,.T.);
#1161=EDGE_CURVE('',#1484,#1485,#1672,.T.);
#1162=EDGE_CURVE('',#1484,#1486,#1673,.T.);
#1163=EDGE_CURVE('',#1487,#1486,#1674,.F.);
#1164=EDGE_CURVE('',#1488,#1487,#1675,.T.);
#1165=EDGE_CURVE('',#1488,#1489,#145,.T.);
#1166=EDGE_CURVE('',#1490,#1489,#1676,.T.);
#1167=EDGE_CURVE('',#1490,#1491,#146,.T.);
#1168=EDGE_CURVE('',#1492,#1491,#1677,.T.);
#1169=EDGE_CURVE('',#1485,#1492,#147,.T.);
#1170=EDGE_CURVE('',#1493,#1494,#148,.T.);
#1171=EDGE_CURVE('',#1493,#1495,#1678,.F.);
#1172=EDGE_CURVE('',#1495,#1496,#149,.T.);
#1173=EDGE_CURVE('',#1497,#1496,#150,.T.);
#1174=EDGE_CURVE('',#1498,#1497,#1679,.T.);
#1175=EDGE_CURVE('',#1499,#1498,#1680,.T.);
#1176=EDGE_CURVE('',#1499,#1500,#1681,.T.);
#1177=EDGE_CURVE('',#1501,#1500,#1682,.T.);
#1178=EDGE_CURVE('',#1501,#1502,#151,.T.);
#1179=EDGE_CURVE('',#1503,#1502,#1683,.T.);
#1180=EDGE_CURVE('',#1503,#1504,#152,.T.);
#1181=EDGE_CURVE('',#1504,#1505,#1684,.T.);
#1182=EDGE_CURVE('',#1506,#1505,#1685,.T.);
#1183=EDGE_CURVE('',#1507,#1506,#153,.T.);
#1184=EDGE_CURVE('',#1508,#1507,#1686,.T.);
#1185=EDGE_CURVE('',#1509,#1508,#154,.T.);
#1186=EDGE_CURVE('',#1510,#1509,#1687,.T.);
#1187=EDGE_CURVE('',#1511,#1510,#1688,.F.);
#1188=EDGE_CURVE('',#1512,#1511,#1689,.T.);
#1189=EDGE_CURVE('',#1512,#1513,#155,.T.);
#1190=EDGE_CURVE('',#1514,#1513,#1690,.T.);
#1191=EDGE_CURVE('',#1514,#1515,#1691,.F.);
#1192=EDGE_CURVE('',#1516,#1515,#1692,.T.);
#1193=EDGE_CURVE('',#1517,#1516,#156,.T.);
#1194=EDGE_CURVE('',#1518,#1517,#1693,.T.);
#1195=EDGE_CURVE('',#1518,#1519,#157,.T.);
#1196=EDGE_CURVE('',#1520,#1519,#1694,.T.);
#1197=EDGE_CURVE('',#1520,#1521,#1695,.F.);
#1198=EDGE_CURVE('',#1522,#1521,#158,.T.);
#1199=EDGE_CURVE('',#1523,#1522,#159,.T.);
#1200=EDGE_CURVE('',#1523,#1524,#1696,.T.);
#1201=EDGE_CURVE('',#1525,#1524,#1697,.T.);
#1202=EDGE_CURVE('',#1525,#1526,#1698,.T.);
#1203=EDGE_CURVE('',#1526,#1527,#160,.T.);
#1204=EDGE_CURVE('',#1527,#1528,#161,.F.);
#1205=EDGE_CURVE('',#1528,#1529,#162,.F.);
#1206=EDGE_CURVE('',#1530,#1529,#1699,.T.);
#1207=EDGE_CURVE('',#1530,#1531,#163,.T.);
#1208=EDGE_CURVE('',#1531,#1532,#1700,.T.);
#1209=EDGE_CURVE('',#1533,#1532,#164,.T.);
#1210=EDGE_CURVE('',#1533,#1534,#165,.T.);
#1211=EDGE_CURVE('',#1534,#1535,#166,.F.);
#1212=EDGE_CURVE('',#1536,#1535,#1701,.T.);
#1213=EDGE_CURVE('',#1537,#1536,#167,.T.);
#1214=EDGE_CURVE('',#1538,#1537,#1702,.T.);
#1215=EDGE_CURVE('',#1539,#1538,#168,.T.);
#1216=EDGE_CURVE('',#1540,#1539,#1703,.T.);
#1217=EDGE_CURVE('',#1540,#1541,#169,.T.);
#1218=EDGE_CURVE('',#1542,#1541,#1704,.T.);
#1219=EDGE_CURVE('',#1542,#1543,#170,.F.);
#1220=EDGE_CURVE('',#1543,#1494,#1705,.T.);
#1221=EDGE_CURVE('',#1544,#1544,#1706,.T.);
#1222=EDGE_CURVE('',#1545,#1545,#1707,.T.);
#1223=EDGE_CURVE('',#1546,#1546,#1708,.T.);
#1224=EDGE_CURVE('',#1547,#1547,#1709,.T.);
#1225=EDGE_CURVE('',#1548,#1548,#1710,.T.);
#1226=EDGE_CURVE('',#1549,#1549,#1711,.T.);
#1227=EDGE_CURVE('',#1550,#1551,#171,.T.);
#1228=EDGE_CURVE('',#1550,#1552,#1712,.F.);
#1229=EDGE_CURVE('',#1552,#1553,#172,.T.);
#1230=EDGE_CURVE('',#1553,#1551,#1713,.T.);
#1231=EDGE_CURVE('',#1554,#1555,#173,.T.);
#1232=EDGE_CURVE('',#1555,#1556,#174,.F.);
#1233=EDGE_CURVE('',#1557,#1556,#175,.T.);
#1234=EDGE_CURVE('',#1557,#1554,#176,.T.);
#1235=EDGE_CURVE('',#1558,#1559,#177,.T.);
#1236=EDGE_CURVE('',#1560,#1559,#178,.T.);
#1237=EDGE_CURVE('',#1561,#1560,#179,.T.);
#1238=EDGE_CURVE('',#1561,#1558,#180,.T.);
#1239=EDGE_CURVE('',#1443,#1527,#181,.F.);
#1240=EDGE_CURVE('',#1526,#1444,#182,.T.);
#1241=EDGE_CURVE('',#1524,#1446,#183,.F.);
#1242=EDGE_CURVE('',#1445,#1525,#184,.T.);
#1243=EDGE_CURVE('',#1556,#1562,#1714,.T.);
#1244=EDGE_CURVE('',#1562,#1563,#185,.T.);
#1245=EDGE_CURVE('',#1563,#1557,#1715,.F.);
#1246=EDGE_CURVE('',#1562,#1550,#1716,.F.);
#1247=EDGE_CURVE('',#1551,#1563,#1717,.T.);
#1248=EDGE_CURVE('',#1564,#1565,#186,.T.);
#1249=EDGE_CURVE('',#1565,#1566,#1718,.F.);
#1250=EDGE_CURVE('',#1567,#1566,#187,.T.);
#1251=EDGE_CURVE('',#1448,#1567,#188,.T.);
#1252=EDGE_CURVE('',#1447,#1523,#189,.F.);
#1253=EDGE_CURVE('',#1568,#1522,#190,.T.);
#1254=EDGE_CURVE('',#1568,#1569,#191,.T.);
#1255=EDGE_CURVE('',#1569,#1564,#1719,.F.);
#1256=EDGE_CURVE('',#1570,#1570,#1720,.T.);
#1257=EDGE_CURVE('',#1571,#1571,#1721,.T.);
#1258=EDGE_CURVE('',#1572,#1573,#192,.T.);
#1259=EDGE_CURVE('',#1573,#1569,#193,.T.);
#1260=EDGE_CURVE('',#1572,#1568,#194,.T.);
#1261=EDGE_CURVE('',#1574,#1575,#195,.T.);
#1262=EDGE_CURVE('',#1575,#1576,#1722,.T.);
#1263=EDGE_CURVE('',#1576,#1577,#196,.T.);
#1264=EDGE_CURVE('',#1577,#1573,#1723,.T.);
#1265=EDGE_CURVE('',#1572,#1574,#197,.T.);
#1266=EDGE_CURVE('',#1566,#1575,#198,.F.);
#1267=EDGE_CURVE('',#1574,#1567,#199,.T.);
#1268=EDGE_CURVE('',#1521,#1553,#24,.T.);
#1269=EDGE_CURVE('',#1552,#1449,#25,.T.);
#1270=EDGE_CURVE('',#1578,#1579,#200,.T.);
#1271=EDGE_CURVE('',#1578,#1580,#201,.T.);
#1272=EDGE_CURVE('',#1580,#1581,#202,.T.);
#1273=EDGE_CURVE('',#1579,#1581,#203,.T.);
#1274=EDGE_CURVE('',#1576,#1565,#204,.T.);
#1275=EDGE_CURVE('',#1564,#1577,#205,.F.);
#1276=EDGE_CURVE('',#1582,#1583,#206,.T.);
#1277=EDGE_CURVE('',#1582,#1584,#207,.T.);
#1278=EDGE_CURVE('',#1584,#1585,#208,.T.);
#1279=EDGE_CURVE('',#1583,#1585,#209,.T.);
#1280=EDGE_CURVE('',#1579,#1584,#210,.T.);
#1281=EDGE_CURVE('',#1581,#1585,#211,.T.);
#1282=EDGE_CURVE('',#1580,#1583,#212,.T.);
#1283=EDGE_CURVE('',#1578,#1582,#213,.T.);
#1284=EDGE_CURVE('',#1586,#1586,#1724,.T.);
#1285=EDGE_CURVE('',#1587,#1587,#1725,.T.);
#1286=EDGE_CURVE('',#1588,#1588,#1726,.T.);
#1287=EDGE_CURVE('',#1589,#1589,#1727,.T.);
#1288=EDGE_CURVE('',#1462,#1508,#214,.F.);
#1289=EDGE_CURVE('',#1509,#1461,#215,.T.);
#1290=EDGE_CURVE('',#1507,#1463,#216,.T.);
#1291=EDGE_CURVE('',#1464,#1506,#217,.F.);
#1292=EDGE_CURVE('',#1513,#1457,#218,.T.);
#1293=EDGE_CURVE('',#1458,#1512,#219,.T.);
#1294=EDGE_CURVE('',#1590,#1591,#220,.T.);
#1295=EDGE_CURVE('',#1590,#1592,#1728,.F.);
#1296=EDGE_CURVE('',#1592,#1593,#221,.T.);
#1297=EDGE_CURVE('',#1593,#1591,#1729,.F.);
#1298=EDGE_CURVE('',#1594,#1595,#222,.T.);
#1299=EDGE_CURVE('',#1594,#1590,#1730,.F.);
#1300=EDGE_CURVE('',#1591,#1595,#1731,.F.);
#1301=EDGE_CURVE('',#1592,#1596,#1732,.T.);
#1302=EDGE_CURVE('',#1597,#1596,#223,.F.);
#1303=EDGE_CURVE('',#1597,#1593,#1733,.T.);
#1304=EDGE_CURVE('',#1511,#1459,#224,.F.);
#1305=EDGE_CURVE('',#1460,#1510,#225,.T.);
#1306=EDGE_CURVE('',#1596,#1465,#26,.T.);
#1307=EDGE_CURVE('',#1505,#1597,#27,.T.);
#1308=EDGE_CURVE('',#1456,#1594,#28,.T.);
#1309=EDGE_CURVE('',#1595,#1514,#29,.T.);
#1310=EDGE_CURVE('',#1491,#1480,#226,.T.);
#1311=EDGE_CURVE('',#1481,#1490,#227,.F.);
#1312=EDGE_CURVE('',#1479,#1492,#228,.F.);
#1313=EDGE_CURVE('',#1485,#1478,#229,.T.);
#1314=EDGE_CURVE('',#1489,#1482,#230,.T.);
#1315=EDGE_CURVE('',#1483,#1488,#231,.F.);
#1316=EDGE_CURVE('',#1476,#1486,#232,.T.);
#1317=EDGE_CURVE('',#1477,#1484,#233,.T.);
#1318=EDGE_CURVE('',#1487,#1475,#234,.F.);
#1319=EDGE_CURVE('',#1466,#1598,#30,.T.);
#1320=EDGE_CURVE('',#1599,#1598,#235,.F.);
#1321=EDGE_CURVE('',#1599,#1504,#31,.T.);
#1322=EDGE_CURVE('',#1467,#1503,#236,.F.);
#1323=EDGE_CURVE('',#1502,#1468,#237,.T.);
#1324=EDGE_CURVE('',#1469,#1501,#238,.T.);
#1325=EDGE_CURVE('',#1600,#1601,#239,.F.);
#1326=EDGE_CURVE('',#1600,#1426,#32,.T.);
#1327=EDGE_CURVE('',#1425,#1493,#240,.F.);
#1328=EDGE_CURVE('',#1494,#1601,#33,.T.);
#1329=EDGE_CURVE('',#1496,#1474,#241,.T.);
#1330=EDGE_CURVE('',#1497,#1473,#242,.F.);
#1331=EDGE_CURVE('',#1471,#1499,#243,.T.);
#1332=EDGE_CURVE('',#1472,#1498,#244,.T.);
#1333=EDGE_CURVE('',#1500,#1470,#245,.F.);
#1334=EDGE_CURVE('',#1602,#1603,#246,.T.);
#1335=EDGE_CURVE('',#1602,#1604,#1734,.F.);
#1336=EDGE_CURVE('',#1605,#1604,#247,.F.);
#1337=EDGE_CURVE('',#1605,#1603,#1735,.T.);
#1338=EDGE_CURVE('',#1604,#1600,#34,.T.);
#1339=EDGE_CURVE('',#1601,#1605,#35,.T.);
#1340=EDGE_CURVE('',#1598,#1602,#36,.T.);
#1341=EDGE_CURVE('',#1603,#1599,#37,.T.);
#1342=EDGE_CURVE('',#1537,#1433,#248,.T.);
#1343=EDGE_CURVE('',#1434,#1536,#249,.T.);
#1344=EDGE_CURVE('',#1430,#1540,#250,.F.);
#1345=EDGE_CURVE('',#1541,#1429,#251,.F.);
#1346=EDGE_CURVE('',#1606,#1607,#252,.T.);
#1347=EDGE_CURVE('',#1606,#1608,#253,.T.);
#1348=EDGE_CURVE('',#1609,#1608,#254,.F.);
#1349=EDGE_CURVE('',#1609,#1607,#255,.T.);
#1350=EDGE_CURVE('',#1608,#1435,#38,.T.);
#1351=EDGE_CURVE('',#1535,#1609,#39,.T.);
#1352=EDGE_CURVE('',#1428,#1606,#40,.T.);
#1353=EDGE_CURVE('',#1607,#1542,#41,.T.);
#1354=EDGE_CURVE('',#1432,#1538,#256,.F.);
#1355=EDGE_CURVE('',#1539,#1431,#257,.F.);
#1356=EDGE_CURVE('',#1610,#1611,#258,.T.);
#1357=EDGE_CURVE('',#1610,#1612,#259,.T.);
#1358=EDGE_CURVE('',#1613,#1612,#260,.T.);
#1359=EDGE_CURVE('',#1613,#1611,#261,.T.);
#1360=EDGE_CURVE('',#1439,#1531,#262,.F.);
#1361=EDGE_CURVE('',#1440,#1530,#263,.F.);
#1362=EDGE_CURVE('',#1436,#1614,#20,.T.);
#1363=EDGE_CURVE('',#1615,#1614,#264,.F.);
#1364=EDGE_CURVE('',#1615,#1534,#21,.T.);
#1365=EDGE_CURVE('',#1437,#1533,#265,.T.);
#1366=EDGE_CURVE('',#1612,#1441,#42,.T.);
#1367=EDGE_CURVE('',#1529,#1613,#43,.T.);
#1368=EDGE_CURVE('',#1614,#1610,#44,.T.);
#1369=EDGE_CURVE('',#1611,#1615,#45,.T.);
#1370=EDGE_CURVE('',#1454,#1516,#266,.T.);
#1371=EDGE_CURVE('',#1517,#1453,#267,.T.);
#1372=EDGE_CURVE('',#1452,#1518,#268,.F.);
#1373=EDGE_CURVE('',#1519,#1451,#269,.T.);
#1374=EDGE_CURVE('',#1616,#1617,#270,.T.);
#1375=EDGE_CURVE('',#1616,#1618,#1736,.F.);
#1376=EDGE_CURVE('',#1619,#1618,#271,.F.);
#1377=EDGE_CURVE('',#1619,#1617,#1737,.T.);
#1378=EDGE_CURVE('',#1450,#1616,#46,.T.);
#1379=EDGE_CURVE('',#1617,#1520,#47,.T.);
#1380=EDGE_CURVE('',#1618,#1455,#48,.T.);
#1381=EDGE_CURVE('',#1515,#1619,#49,.T.);
#1382=EDGE_CURVE('',#1421,#1443,#22,.T.);
#1383=EDGE_CURVE('',#1527,#1420,#23,.F.);
#1384=EDGE_CURVE('',#1418,#1528,#1738,.T.);
#1385=EDGE_CURVE('',#1442,#1422,#1739,.T.);
#1386=EDGE_CURVE('',#1554,#1419,#1740,.T.);
#1387=EDGE_CURVE('',#1423,#1555,#1741,.T.);
#1388=EDGE_CURVE('',#1532,#1438,#272,.T.);
#1389=EDGE_CURVE('',#1495,#1424,#273,.T.);
#1390=EDGE_CURVE('',#1620,#1559,#274,.T.);
#1391=EDGE_CURVE('',#1621,#1620,#275,.T.);
#1392=EDGE_CURVE('',#1621,#1560,#276,.T.);
#1393=EDGE_CURVE('',#1622,#1621,#277,.T.);
#1394=EDGE_CURVE('',#1622,#1561,#278,.T.);
#1395=EDGE_CURVE('',#1622,#1623,#279,.T.);
#1396=EDGE_CURVE('',#1623,#1558,#280,.T.);
#1397=EDGE_CURVE('',#1623,#1620,#281,.T.);
#1398=EDGE_CURVE('',#1624,#1624,#1742,.T.);
#1399=EDGE_CURVE('',#1625,#1625,#1743,.T.);
#1400=EDGE_CURVE('',#1626,#1626,#1744,.T.);
#1401=EDGE_CURVE('',#1627,#1627,#1745,.T.);
#1402=EDGE_CURVE('',#1628,#1628,#1746,.T.);
#1403=EDGE_CURVE('',#1629,#1629,#1747,.T.);
#1404=EDGE_CURVE('',#1630,#1630,#1748,.T.);
#1405=EDGE_CURVE('',#1631,#1631,#1749,.T.);
#1406=EDGE_CURVE('',#1632,#1632,#1750,.T.);
#1407=EDGE_CURVE('',#1633,#1633,#1751,.T.);
#1408=EDGE_CURVE('',#1634,#1634,#1752,.T.);
#1409=EDGE_CURVE('',#1635,#1635,#1753,.T.);
#1410=EDGE_CURVE('',#1551,#1591,#1754,.T.);
#1411=EDGE_CURVE('',#1563,#1593,#1755,.T.);
#1412=EDGE_CURVE('',#1557,#1543,#1756,.T.);
#1413=EDGE_CURVE('',#1554,#1528,#1757,.F.);
#1414=EDGE_CURVE('',#1590,#1550,#1758,.T.);
#1415=EDGE_CURVE('',#1592,#1562,#1759,.T.);
#1416=EDGE_CURVE('',#1427,#1556,#1760,.T.);
#1417=EDGE_CURVE('',#1442,#1555,#1761,.F.);
#1418=VERTEX_POINT('',#3161);
#1419=VERTEX_POINT('',#3162);
#1420=VERTEX_POINT('',#3164);
#1421=VERTEX_POINT('',#3166);
#1422=VERTEX_POINT('',#3168);
#1423=VERTEX_POINT('',#3170);
#1424=VERTEX_POINT('',#3174);
#1425=VERTEX_POINT('',#3175);
#1426=VERTEX_POINT('',#3177);
#1427=VERTEX_POINT('',#3179);
#1428=VERTEX_POINT('',#3181);
#1429=VERTEX_POINT('',#3183);
#1430=VERTEX_POINT('',#3185);
#1431=VERTEX_POINT('',#3187);
#1432=VERTEX_POINT('',#3189);
#1433=VERTEX_POINT('',#3191);
#1434=VERTEX_POINT('',#3193);
#1435=VERTEX_POINT('',#3195);
#1436=VERTEX_POINT('',#3197);
#1437=VERTEX_POINT('',#3199);
#1438=VERTEX_POINT('',#3201);
#1439=VERTEX_POINT('',#3203);
#1440=VERTEX_POINT('',#3205);
#1441=VERTEX_POINT('',#3207);
#1442=VERTEX_POINT('',#3209);
#1443=VERTEX_POINT('',#3211);
#1444=VERTEX_POINT('',#3213);
#1445=VERTEX_POINT('',#3215);
#1446=VERTEX_POINT('',#3217);
#1447=VERTEX_POINT('',#3219);
#1448=VERTEX_POINT('',#3221);
#1449=VERTEX_POINT('',#3223);
#1450=VERTEX_POINT('',#3225);
#1451=VERTEX_POINT('',#3227);
#1452=VERTEX_POINT('',#3229);
#1453=VERTEX_POINT('',#3231);
#1454=VERTEX_POINT('',#3233);
#1455=VERTEX_POINT('',#3235);
#1456=VERTEX_POINT('',#3237);
#1457=VERTEX_POINT('',#3239);
#1458=VERTEX_POINT('',#3241);
#1459=VERTEX_POINT('',#3243);
#1460=VERTEX_POINT('',#3245);
#1461=VERTEX_POINT('',#3247);
#1462=VERTEX_POINT('',#3249);
#1463=VERTEX_POINT('',#3251);
#1464=VERTEX_POINT('',#3253);
#1465=VERTEX_POINT('',#3255);
#1466=VERTEX_POINT('',#3257);
#1467=VERTEX_POINT('',#3259);
#1468=VERTEX_POINT('',#3261);
#1469=VERTEX_POINT('',#3263);
#1470=VERTEX_POINT('',#3265);
#1471=VERTEX_POINT('',#3267);
#1472=VERTEX_POINT('',#3269);
#1473=VERTEX_POINT('',#3271);
#1474=VERTEX_POINT('',#3273);
#1475=VERTEX_POINT('',#3276);
#1476=VERTEX_POINT('',#3277);
#1477=VERTEX_POINT('',#3279);
#1478=VERTEX_POINT('',#3281);
#1479=VERTEX_POINT('',#3283);
#1480=VERTEX_POINT('',#3285);
#1481=VERTEX_POINT('',#3287);
#1482=VERTEX_POINT('',#3289);
#1483=VERTEX_POINT('',#3291);
#1484=VERTEX_POINT('',#3295);
#1485=VERTEX_POINT('',#3296);
#1486=VERTEX_POINT('',#3298);
#1487=VERTEX_POINT('',#3300);
#1488=VERTEX_POINT('',#3302);
#1489=VERTEX_POINT('',#3304);
#1490=VERTEX_POINT('',#3306);
#1491=VERTEX_POINT('',#3308);
#1492=VERTEX_POINT('',#3310);
#1493=VERTEX_POINT('',#3313);
#1494=VERTEX_POINT('',#3314);
#1495=VERTEX_POINT('',#3316);
#1496=VERTEX_POINT('',#3318);
#1497=VERTEX_POINT('',#3320);
#1498=VERTEX_POINT('',#3322);
#1499=VERTEX_POINT('',#3324);
#1500=VERTEX_POINT('',#3326);
#1501=VERTEX_POINT('',#3328);
#1502=VERTEX_POINT('',#3330);
#1503=VERTEX_POINT('',#3332);
#1504=VERTEX_POINT('',#3334);
#1505=VERTEX_POINT('',#3336);
#1506=VERTEX_POINT('',#3338);
#1507=VERTEX_POINT('',#3340);
#1508=VERTEX_POINT('',#3342);
#1509=VERTEX_POINT('',#3344);
#1510=VERTEX_POINT('',#3346);
#1511=VERTEX_POINT('',#3348);
#1512=VERTEX_POINT('',#3350);
#1513=VERTEX_POINT('',#3352);
#1514=VERTEX_POINT('',#3354);
#1515=VERTEX_POINT('',#3356);
#1516=VERTEX_POINT('',#3358);
#1517=VERTEX_POINT('',#3360);
#1518=VERTEX_POINT('',#3362);
#1519=VERTEX_POINT('',#3364);
#1520=VERTEX_POINT('',#3366);
#1521=VERTEX_POINT('',#3368);
#1522=VERTEX_POINT('',#3370);
#1523=VERTEX_POINT('',#3372);
#1524=VERTEX_POINT('',#3374);
#1525=VERTEX_POINT('',#3376);
#1526=VERTEX_POINT('',#3378);
#1527=VERTEX_POINT('',#3380);
#1528=VERTEX_POINT('',#3382);
#1529=VERTEX_POINT('',#3384);
#1530=VERTEX_POINT('',#3386);
#1531=VERTEX_POINT('',#3388);
#1532=VERTEX_POINT('',#3390);
#1533=VERTEX_POINT('',#3392);
#1534=VERTEX_POINT('',#3394);
#1535=VERTEX_POINT('',#3396);
#1536=VERTEX_POINT('',#3398);
#1537=VERTEX_POINT('',#3400);
#1538=VERTEX_POINT('',#3402);
#1539=VERTEX_POINT('',#3404);
#1540=VERTEX_POINT('',#3406);
#1541=VERTEX_POINT('',#3408);
#1542=VERTEX_POINT('',#3410);
#1543=VERTEX_POINT('',#3412);
#1544=VERTEX_POINT('',#3416);
#1545=VERTEX_POINT('',#3418);
#1546=VERTEX_POINT('',#3421);
#1547=VERTEX_POINT('',#3424);
#1548=VERTEX_POINT('',#3426);
#1549=VERTEX_POINT('',#3429);
#1550=VERTEX_POINT('',#3432);
#1551=VERTEX_POINT('',#3433);
#1552=VERTEX_POINT('',#3435);
#1553=VERTEX_POINT('',#3437);
#1554=VERTEX_POINT('',#3441);
#1555=VERTEX_POINT('',#3442);
#1556=VERTEX_POINT('',#3444);
#1557=VERTEX_POINT('',#3446);
#1558=VERTEX_POINT('',#3450);
#1559=VERTEX_POINT('',#3451);
#1560=VERTEX_POINT('',#3453);
#1561=VERTEX_POINT('',#3455);
#1562=VERTEX_POINT('',#3465);
#1563=VERTEX_POINT('',#3467);
#1564=VERTEX_POINT('',#3474);
#1565=VERTEX_POINT('',#3475);
#1566=VERTEX_POINT('',#3477);
#1567=VERTEX_POINT('',#3479);
#1568=VERTEX_POINT('',#3483);
#1569=VERTEX_POINT('',#3485);
#1570=VERTEX_POINT('',#3489);
#1571=VERTEX_POINT('',#3491);
#1572=VERTEX_POINT('',#3493);
#1573=VERTEX_POINT('',#3494);
#1574=VERTEX_POINT('',#3499);
#1575=VERTEX_POINT('',#3500);
#1576=VERTEX_POINT('',#3502);
#1577=VERTEX_POINT('',#3504);
#1578=VERTEX_POINT('',#3527);
#1579=VERTEX_POINT('',#3528);
#1580=VERTEX_POINT('',#3530);
#1581=VERTEX_POINT('',#3532);
#1582=VERTEX_POINT('',#3538);
#1583=VERTEX_POINT('',#3539);
#1584=VERTEX_POINT('',#3541);
#1585=VERTEX_POINT('',#3543);
#1586=VERTEX_POINT('',#3554);
#1587=VERTEX_POINT('',#3556);
#1588=VERTEX_POINT('',#3560);
#1589=VERTEX_POINT('',#3564);
#1590=VERTEX_POINT('',#3577);
#1591=VERTEX_POINT('',#3578);
#1592=VERTEX_POINT('',#3580);
#1593=VERTEX_POINT('',#3582);
#1594=VERTEX_POINT('',#3586);
#1595=VERTEX_POINT('',#3587);
#1596=VERTEX_POINT('',#3592);
#1597=VERTEX_POINT('',#3594);
#1598=VERTEX_POINT('',#3647);
#1599=VERTEX_POINT('',#3649);
#1600=VERTEX_POINT('',#3660);
#1601=VERTEX_POINT('',#3661);
#1602=VERTEX_POINT('',#3681);
#1603=VERTEX_POINT('',#3682);
#1604=VERTEX_POINT('',#3684);
#1605=VERTEX_POINT('',#3686);
#1606=VERTEX_POINT('',#3717);
#1607=VERTEX_POINT('',#3718);
#1608=VERTEX_POINT('',#3720);
#1609=VERTEX_POINT('',#3722);
#1610=VERTEX_POINT('',#3748);
#1611=VERTEX_POINT('',#3749);
#1612=VERTEX_POINT('',#3751);
#1613=VERTEX_POINT('',#3753);
#1614=VERTEX_POINT('',#3760);
#1615=VERTEX_POINT('',#3762);
#1616=VERTEX_POINT('',#3791);
#1617=VERTEX_POINT('',#3792);
#1618=VERTEX_POINT('',#3794);
#1619=VERTEX_POINT('',#3796);
#1620=VERTEX_POINT('',#3834);
#1621=VERTEX_POINT('',#3836);
#1622=VERTEX_POINT('',#3840);
#1623=VERTEX_POINT('',#3844);
#1624=VERTEX_POINT('',#3850);
#1625=VERTEX_POINT('',#3852);
#1626=VERTEX_POINT('',#3854);
#1627=VERTEX_POINT('',#3856);
#1628=VERTEX_POINT('',#3859);
#1629=VERTEX_POINT('',#3862);
#1630=VERTEX_POINT('',#3865);
#1631=VERTEX_POINT('',#3868);
#1632=VERTEX_POINT('',#3871);
#1633=VERTEX_POINT('',#3875);
#1634=VERTEX_POINT('',#3879);
#1635=VERTEX_POINT('',#3883);
#1636=CIRCLE('',#2243,0.00427695526217005);
#1637=CIRCLE('',#2244,0.00427695526217005);
#1638=CIRCLE('',#2246,0.002);
#1639=CIRCLE('',#2247,0.219625911634177);
#1640=CIRCLE('',#2248,0.002);
#1641=CIRCLE('',#2249,0.002);
#1642=CIRCLE('',#2250,0.002);
#1643=CIRCLE('',#2251,0.002);
#1644=CIRCLE('',#2252,0.002);
#1645=CIRCLE('',#2253,0.002);
#1646=CIRCLE('',#2254,0.106728391960688);
#1647=CIRCLE('',#2255,0.124763937285011);
#1648=CIRCLE('',#2256,0.0110174690792808);
#1649=CIRCLE('',#2257,0.0277230447377776);
#1650=CIRCLE('',#2258,0.002);
#1651=CIRCLE('',#2259,0.002);
#1652=CIRCLE('',#2260,0.002);
#1653=CIRCLE('',#2261,0.0277230447377776);
#1654=CIRCLE('',#2262,0.002);
#1655=CIRCLE('',#2263,0.002);
#1656=CIRCLE('',#2264,0.005);
#1657=CIRCLE('',#2265,0.002);
#1658=CIRCLE('',#2266,0.002);
#1659=CIRCLE('',#2267,0.002);
#1660=CIRCLE('',#2268,0.219625911634177);
#1661=CIRCLE('',#2269,0.002);
#1662=CIRCLE('',#2270,0.002);
#1663=CIRCLE('',#2271,0.129763937285012);
#1664=CIRCLE('',#2272,0.101728391960688);
#1665=CIRCLE('',#2273,0.002);
#1666=CIRCLE('',#2274,0.0160174690792808);
#1667=CIRCLE('',#2275,0.129763937285012);
#1668=CIRCLE('',#2276,0.002);
#1669=CIRCLE('',#2277,0.002);
#1670=CIRCLE('',#2278,0.002);
#1671=CIRCLE('',#2279,0.002);
#1672=CIRCLE('',#2281,0.002);
#1673=CIRCLE('',#2282,0.129763937285012);
#1674=CIRCLE('',#2283,0.0160174690792808);
#1675=CIRCLE('',#2284,0.002);
#1676=CIRCLE('',#2285,0.002);
#1677=CIRCLE('',#2286,0.002);
#1678=CIRCLE('',#2287,0.002);
#1679=CIRCLE('',#2288,0.002);
#1680=CIRCLE('',#2289,0.101728391960688);
#1681=CIRCLE('',#2290,0.129763937285012);
#1682=CIRCLE('',#2291,0.002);
#1683=CIRCLE('',#2292,0.002);
#1684=CIRCLE('',#2293,0.219625911634177);
#1685=CIRCLE('',#2294,0.002);
#1686=CIRCLE('',#2295,0.002);
#1687=CIRCLE('',#2296,0.002);
#1688=CIRCLE('',#2297,0.005);
#1689=CIRCLE('',#2298,0.002);
#1690=CIRCLE('',#2299,0.002);
#1691=CIRCLE('',#2300,0.0277230447377776);
#1692=CIRCLE('',#2301,0.002);
#1693=CIRCLE('',#2302,0.002);
#1694=CIRCLE('',#2303,0.002);
#1695=CIRCLE('',#2304,0.0277230447377776);
#1696=CIRCLE('',#2305,0.0110174690792808);
#1697=CIRCLE('',#2306,0.124763937285011);
#1698=CIRCLE('',#2307,0.106728391960688);
#1699=CIRCLE('',#2308,0.002);
#1700=CIRCLE('',#2309,0.002);
#1701=CIRCLE('',#2310,0.002);
#1702=CIRCLE('',#2311,0.002);
#1703=CIRCLE('',#2312,0.002);
#1704=CIRCLE('',#2313,0.002);
#1705=CIRCLE('',#2314,0.219625911634177);
#1706=CIRCLE('',#2316,0.00135);
#1707=CIRCLE('',#2317,0.00135);
#1708=CIRCLE('',#2319,0.0026);
#1709=CIRCLE('',#2321,0.00135);
#1710=CIRCLE('',#2322,0.0026);
#1711=CIRCLE('',#2324,0.00135);
#1712=CIRCLE('',#2326,0.0339999999999476);
#1713=CIRCLE('',#2327,0.0339999999999476);
#1714=CIRCLE('',#2333,0.213348956372007);
#1715=CIRCLE('',#2334,0.213348956372007);
#1716=CIRCLE('',#2336,0.0271921388100249);
#1717=CIRCLE('',#2337,0.0271921388100249);
#1718=CIRCLE('',#2339,0.002);
#1719=CIRCLE('',#2340,0.002);
#1720=CIRCLE('',#2342,0.0026);
#1721=CIRCLE('',#2343,0.0026);
#1722=CIRCLE('',#2345,0.002);
#1723=CIRCLE('',#2346,0.002);
#1724=CIRCLE('',#2355,0.00135);
#1725=CIRCLE('',#2356,0.00135);
#1726=CIRCLE('',#2359,0.00135);
#1727=CIRCLE('',#2362,0.00135);
#1728=CIRCLE('',#2368,0.0221921388100249);
#1729=CIRCLE('',#2369,0.0221921388100249);
#1730=CIRCLE('',#2371,0.0289999999999477);
#1731=CIRCLE('',#2372,0.0289999999999477);
#1732=CIRCLE('',#2374,0.218348956372007);
#1733=CIRCLE('',#2375,0.218348956372007);
#1734=CIRCLE('',#2398,0.218348956372007);
#1735=CIRCLE('',#2399,0.218348956372007);
#1736=CIRCLE('',#2422,0.0289999999999477);
#1737=CIRCLE('',#2423,0.0289999999999477);
#1738=CIRCLE('',#2431,0.002);
#1739=CIRCLE('',#2433,0.002);
#1740=CIRCLE('',#2435,0.002);
#1741=CIRCLE('',#2436,0.002);
#1742=CIRCLE('',#2445,0.002185);
#1743=CIRCLE('',#2446,0.002185);
#1744=CIRCLE('',#2447,0.002185);
#1745=CIRCLE('',#2448,0.002185);
#1746=CIRCLE('',#2450,0.0017859375);
#1747=CIRCLE('',#2452,0.0017859375);
#1748=CIRCLE('',#2454,0.0017859375);
#1749=CIRCLE('',#2456,0.0017859375);
#1750=CIRCLE('',#2458,0.0017859375);
#1751=CIRCLE('',#2461,0.0017859375);
#1752=CIRCLE('',#2464,0.0017859375);
#1753=CIRCLE('',#2467,0.0017859375);
#1754=CIRCLE('',#2472,0.00627695526217005);
#1755=CIRCLE('',#2474,0.00627695526217005);
#1756=CIRCLE('',#2476,0.00627695526217005);
#1757=CIRCLE('',#2478,0.00627695526217005);
#1758=CIRCLE('',#2481,0.00627695526217005);
#1759=CIRCLE('',#2483,0.00627695526217005);
#1760=CIRCLE('',#2485,0.00627695526217005);
#1761=CIRCLE('',#2487,0.00627695526217005);
#1762=EDGE_LOOP('',(#449,#450,#451,#452,#453,#454));
#1763=EDGE_LOOP('',(#455,#456,#457,#458,#459,#460,#461,#462,#463,#464,#465,
#466,#467,#468,#469,#470,#471,#472,#473,#474,#475,#476,#477,#478,#479,#480,
#481,#482,#483,#484,#485,#486,#487,#488,#489,#490,#491,#492,#493,#494,#495,
#496,#497,#498,#499,#500,#501,#502,#503,#504,#505));
#1764=EDGE_LOOP('',(#506,#507,#508,#509,#510,#511,#512,#513,#514));
#1765=EDGE_LOOP('',(#515,#516,#517,#518,#519,#520,#521,#522,#523));
#1766=EDGE_LOOP('',(#524,#525,#526,#527,#528,#529,#530,#531,#532,#533,#534,
#535,#536,#537,#538,#539,#540,#541,#542,#543,#544,#545,#546,#547,#548,#549,
#550,#551,#552,#553,#554,#555,#556,#557,#558,#559,#560,#561,#562,#563,#564,
#565,#566,#567,#568,#569,#570,#571,#572,#573,#574));
#1767=EDGE_LOOP('',(#575));
#1768=EDGE_LOOP('',(#576));
#1769=EDGE_LOOP('',(#577));
#1770=EDGE_LOOP('',(#578));
#1771=EDGE_LOOP('',(#579));
#1772=EDGE_LOOP('',(#580));
#1773=EDGE_LOOP('',(#581));
#1774=EDGE_LOOP('',(#582));
#1775=EDGE_LOOP('',(#583,#584,#585,#586));
#1776=EDGE_LOOP('',(#587,#588,#589,#590));
#1777=EDGE_LOOP('',(#591,#592,#593,#594));
#1778=EDGE_LOOP('',(#595,#596,#597,#598));
#1779=EDGE_LOOP('',(#599,#600,#601,#602));
#1780=EDGE_LOOP('',(#603,#604,#605,#606));
#1781=EDGE_LOOP('',(#607,#608,#609,#610));
#1782=EDGE_LOOP('',(#611,#612,#613,#614));
#1783=EDGE_LOOP('',(#615,#616,#617,#618,#619,#620,#621,#622,#623,#624));
#1784=EDGE_LOOP('',(#625));
#1785=EDGE_LOOP('',(#626));
#1786=EDGE_LOOP('',(#627,#628,#629,#630));
#1787=EDGE_LOOP('',(#631,#632,#633,#634,#635,#636));
#1788=EDGE_LOOP('',(#637));
#1789=EDGE_LOOP('',(#638));
#1790=EDGE_LOOP('',(#639,#640,#641,#642));
#1791=EDGE_LOOP('',(#643,#644,#645,#646,#647,#648,#649,#650,#651,#652));
#1792=EDGE_LOOP('',(#653,#654,#655,#656));
#1793=EDGE_LOOP('',(#657,#658,#659,#660));
#1794=EDGE_LOOP('',(#661,#662,#663,#664));
#1795=EDGE_LOOP('',(#665,#666,#667,#668));
#1796=EDGE_LOOP('',(#669));
#1797=EDGE_LOOP('',(#670));
#1798=EDGE_LOOP('',(#671,#672,#673,#674));
#1799=EDGE_LOOP('',(#675,#676,#677,#678));
#1800=EDGE_LOOP('',(#679));
#1801=EDGE_LOOP('',(#680));
#1802=EDGE_LOOP('',(#681,#682,#683,#684));
#1803=EDGE_LOOP('',(#685,#686,#687,#688));
#1804=EDGE_LOOP('',(#689));
#1805=EDGE_LOOP('',(#690));
#1806=EDGE_LOOP('',(#691));
#1807=EDGE_LOOP('',(#692));
#1808=EDGE_LOOP('',(#693));
#1809=EDGE_LOOP('',(#694));
#1810=EDGE_LOOP('',(#695));
#1811=EDGE_LOOP('',(#696));
#1812=EDGE_LOOP('',(#697,#698,#699,#700));
#1813=EDGE_LOOP('',(#701,#702,#703,#704));
#1814=EDGE_LOOP('',(#705,#706,#707,#708));
#1815=EDGE_LOOP('',(#709,#710,#711,#712));
#1816=EDGE_LOOP('',(#713,#714,#715,#716));
#1817=EDGE_LOOP('',(#717,#718,#719,#720));
#1818=EDGE_LOOP('',(#721,#722,#723,#724));
#1819=EDGE_LOOP('',(#725,#726,#727,#728,#729,#730));
#1820=EDGE_LOOP('',(#731,#732,#733,#734));
#1821=EDGE_LOOP('',(#735,#736,#737,#738));
#1822=EDGE_LOOP('',(#739,#740,#741,#742,#743,#744));
#1823=EDGE_LOOP('',(#745,#746,#747,#748));
#1824=EDGE_LOOP('',(#749,#750,#751,#752));
#1825=EDGE_LOOP('',(#753,#754,#755,#756));
#1826=EDGE_LOOP('',(#757,#758,#759,#760));
#1827=EDGE_LOOP('',(#761,#762,#763,#764));
#1828=EDGE_LOOP('',(#765,#766,#767,#768));
#1829=EDGE_LOOP('',(#769,#770,#771,#772));
#1830=EDGE_LOOP('',(#773,#774,#775,#776));
#1831=EDGE_LOOP('',(#777,#778,#779,#780));
#1832=EDGE_LOOP('',(#781,#782,#783,#784));
#1833=EDGE_LOOP('',(#785,#786,#787,#788,#789,#790));
#1834=EDGE_LOOP('',(#791,#792,#793,#794));
#1835=EDGE_LOOP('',(#795,#796,#797,#798,#799,#800));
#1836=EDGE_LOOP('',(#801,#802,#803,#804));
#1837=EDGE_LOOP('',(#805,#806,#807,#808));
#1838=EDGE_LOOP('',(#809,#810,#811,#812));
#1839=EDGE_LOOP('',(#813,#814,#815,#816));
#1840=EDGE_LOOP('',(#817,#818,#819,#820));
#1841=EDGE_LOOP('',(#821,#822,#823,#824));
#1842=EDGE_LOOP('',(#825,#826,#827,#828));
#1843=EDGE_LOOP('',(#829,#830,#831,#832));
#1844=EDGE_LOOP('',(#833,#834,#835,#836));
#1845=EDGE_LOOP('',(#837,#838,#839,#840));
#1846=EDGE_LOOP('',(#841,#842,#843,#844));
#1847=EDGE_LOOP('',(#845,#846,#847,#848));
#1848=EDGE_LOOP('',(#849,#850,#851,#852,#853,#854));
#1849=EDGE_LOOP('',(#855,#856,#857,#858,#859,#860));
#1850=EDGE_LOOP('',(#861,#862,#863,#864));
#1851=EDGE_LOOP('',(#865,#866,#867,#868));
#1852=EDGE_LOOP('',(#869,#870,#871,#872));
#1853=EDGE_LOOP('',(#873,#874,#875,#876));
#1854=EDGE_LOOP('',(#877,#878,#879,#880,#881,#882));
#1855=EDGE_LOOP('',(#883,#884,#885,#886,#887,#888));
#1856=EDGE_LOOP('',(#889,#890,#891,#892));
#1857=EDGE_LOOP('',(#893,#894,#895,#896));
#1858=EDGE_LOOP('',(#897,#898,#899,#900));
#1859=EDGE_LOOP('',(#901,#902,#903,#904));
#1860=EDGE_LOOP('',(#905,#906,#907,#908,#909,#910));
#1861=EDGE_LOOP('',(#911,#912,#913,#914));
#1862=EDGE_LOOP('',(#915,#916,#917,#918,#919,#920));
#1863=EDGE_LOOP('',(#921,#922,#923,#924));
#1864=EDGE_LOOP('',(#925,#926,#927,#928));
#1865=EDGE_LOOP('',(#929,#930,#931,#932));
#1866=EDGE_LOOP('',(#933,#934,#935,#936));
#1867=EDGE_LOOP('',(#937,#938,#939,#940));
#1868=EDGE_LOOP('',(#941,#942,#943,#944));
#1869=EDGE_LOOP('',(#945,#946,#947,#948));
#1870=EDGE_LOOP('',(#949,#950,#951,#952));
#1871=EDGE_LOOP('',(#953,#954,#955,#956));
#1872=EDGE_LOOP('',(#957,#958,#959,#960));
#1873=EDGE_LOOP('',(#961,#962,#963,#964));
#1874=EDGE_LOOP('',(#965));
#1875=EDGE_LOOP('',(#966));
#1876=EDGE_LOOP('',(#967));
#1877=EDGE_LOOP('',(#968));
#1878=EDGE_LOOP('',(#969,#970,#971,#972));
#1879=EDGE_LOOP('',(#973));
#1880=EDGE_LOOP('',(#974));
#1881=EDGE_LOOP('',(#975));
#1882=EDGE_LOOP('',(#976));
#1883=EDGE_LOOP('',(#977));
#1884=EDGE_LOOP('',(#978));
#1885=EDGE_LOOP('',(#979));
#1886=EDGE_LOOP('',(#980));
#1887=EDGE_LOOP('',(#981));
#1888=EDGE_LOOP('',(#982));
#1889=EDGE_LOOP('',(#983));
#1890=EDGE_LOOP('',(#984));
#1891=EDGE_LOOP('',(#985));
#1892=EDGE_LOOP('',(#986));
#1893=EDGE_LOOP('',(#987));
#1894=EDGE_LOOP('',(#988));
#1895=EDGE_LOOP('',(#989));
#1896=EDGE_LOOP('',(#990));
#1897=EDGE_LOOP('',(#991));
#1898=EDGE_LOOP('',(#992));
#1899=EDGE_LOOP('',(#993,#994,#995,#996));
#1900=EDGE_LOOP('',(#997,#998,#999,#1000));
#1901=EDGE_LOOP('',(#1001,#1002,#1003,#1004,#1005,#1006,#1007,#1008,#1009,
#1010));
#1902=EDGE_LOOP('',(#1011,#1012,#1013,#1014));
#1903=EDGE_LOOP('',(#1015,#1016,#1017,#1018,#1019,#1020,#1021,#1022,#1023,
#1024,#1025,#1026));
#1904=EDGE_LOOP('',(#1027,#1028,#1029,#1030,#1031,#1032,#1033,#1034,#1035,
#1036,#1037,#1038,#1039));
#1905=EDGE_LOOP('',(#1040,#1041,#1042,#1043));
#1906=EDGE_LOOP('',(#1044,#1045,#1046,#1047,#1048,#1049,#1050,#1051,#1052,
#1053));
#1907=EDGE_LOOP('',(#1054,#1055,#1056,#1057));
#1908=EDGE_LOOP('',(#1058,#1059,#1060,#1061,#1062,#1063,#1064,#1065,#1066,
#1067,#1068,#1069));
#1909=EDGE_LOOP('',(#1070,#1071,#1072,#1073,#1074,#1075,#1076,#1077,#1078,
#1079,#1080,#1081,#1082));
#1910=EDGE_LOOP('',(#1083,#1084,#1085,#1086));
#1911=EDGE_LOOP('',(#1087,#1088,#1089,#1090));
#1912=EDGE_LOOP('',(#1091,#1092,#1093,#1094));
#1913=FACE_BOUND('',#1762,.T.);
#1914=FACE_BOUND('',#1763,.T.);
#1915=FACE_BOUND('',#1764,.T.);
#1916=FACE_BOUND('',#1765,.T.);
#1917=FACE_BOUND('',#1766,.T.);
#1918=FACE_BOUND('',#1767,.T.);
#1919=FACE_BOUND('',#1768,.T.);
#1920=FACE_BOUND('',#1769,.T.);
#1921=FACE_BOUND('',#1770,.T.);
#1922=FACE_BOUND('',#1771,.T.);
#1923=FACE_BOUND('',#1772,.T.);
#1924=FACE_BOUND('',#1773,.T.);
#1925=FACE_BOUND('',#1774,.T.);
#1926=FACE_BOUND('',#1775,.T.);
#1927=FACE_BOUND('',#1776,.T.);
#1928=FACE_BOUND('',#1777,.T.);
#1929=FACE_BOUND('',#1778,.T.);
#1930=FACE_BOUND('',#1779,.T.);
#1931=FACE_BOUND('',#1780,.T.);
#1932=FACE_BOUND('',#1781,.T.);
#1933=FACE_BOUND('',#1782,.T.);
#1934=FACE_BOUND('',#1783,.T.);
#1935=FACE_BOUND('',#1784,.T.);
#1936=FACE_BOUND('',#1785,.T.);
#1937=FACE_BOUND('',#1786,.T.);
#1938=FACE_BOUND('',#1787,.T.);
#1939=FACE_BOUND('',#1788,.T.);
#1940=FACE_BOUND('',#1789,.T.);
#1941=FACE_BOUND('',#1790,.T.);
#1942=FACE_BOUND('',#1791,.T.);
#1943=FACE_BOUND('',#1792,.T.);
#1944=FACE_BOUND('',#1793,.T.);
#1945=FACE_BOUND('',#1794,.T.);
#1946=FACE_BOUND('',#1795,.T.);
#1947=FACE_BOUND('',#1796,.T.);
#1948=FACE_BOUND('',#1797,.T.);
#1949=FACE_BOUND('',#1798,.T.);
#1950=FACE_BOUND('',#1799,.T.);
#1951=FACE_BOUND('',#1800,.T.);
#1952=FACE_BOUND('',#1801,.T.);
#1953=FACE_BOUND('',#1802,.T.);
#1954=FACE_BOUND('',#1803,.T.);
#1955=FACE_BOUND('',#1804,.T.);
#1956=FACE_BOUND('',#1805,.T.);
#1957=FACE_BOUND('',#1806,.T.);
#1958=FACE_BOUND('',#1807,.T.);
#1959=FACE_BOUND('',#1808,.T.);
#1960=FACE_BOUND('',#1809,.T.);
#1961=FACE_BOUND('',#1810,.T.);
#1962=FACE_BOUND('',#1811,.T.);
#1963=FACE_BOUND('',#1812,.T.);
#1964=FACE_BOUND('',#1813,.T.);
#1965=FACE_BOUND('',#1814,.T.);
#1966=FACE_BOUND('',#1815,.T.);
#1967=FACE_BOUND('',#1816,.T.);
#1968=FACE_BOUND('',#1817,.T.);
#1969=FACE_BOUND('',#1818,.T.);
#1970=FACE_BOUND('',#1819,.T.);
#1971=FACE_BOUND('',#1820,.T.);
#1972=FACE_BOUND('',#1821,.T.);
#1973=FACE_BOUND('',#1822,.T.);
#1974=FACE_BOUND('',#1823,.T.);
#1975=FACE_BOUND('',#1824,.T.);
#1976=FACE_BOUND('',#1825,.T.);
#1977=FACE_BOUND('',#1826,.T.);
#1978=FACE_BOUND('',#1827,.T.);
#1979=FACE_BOUND('',#1828,.T.);
#1980=FACE_BOUND('',#1829,.T.);
#1981=FACE_BOUND('',#1830,.T.);
#1982=FACE_BOUND('',#1831,.T.);
#1983=FACE_BOUND('',#1832,.T.);
#1984=FACE_BOUND('',#1833,.T.);
#1985=FACE_BOUND('',#1834,.T.);
#1986=FACE_BOUND('',#1835,.T.);
#1987=FACE_BOUND('',#1836,.T.);
#1988=FACE_BOUND('',#1837,.T.);
#1989=FACE_BOUND('',#1838,.T.);
#1990=FACE_BOUND('',#1839,.T.);
#1991=FACE_BOUND('',#1840,.T.);
#1992=FACE_BOUND('',#1841,.T.);
#1993=FACE_BOUND('',#1842,.T.);
#1994=FACE_BOUND('',#1843,.T.);
#1995=FACE_BOUND('',#1844,.T.);
#1996=FACE_BOUND('',#1845,.T.);
#1997=FACE_BOUND('',#1846,.T.);
#1998=FACE_BOUND('',#1847,.T.);
#1999=FACE_BOUND('',#1848,.T.);
#2000=FACE_BOUND('',#1849,.T.);
#2001=FACE_BOUND('',#1850,.T.);
#2002=FACE_BOUND('',#1851,.T.);
#2003=FACE_BOUND('',#1852,.T.);
#2004=FACE_BOUND('',#1853,.T.);
#2005=FACE_BOUND('',#1854,.T.);
#2006=FACE_BOUND('',#1855,.T.);
#2007=FACE_BOUND('',#1856,.T.);
#2008=FACE_BOUND('',#1857,.T.);
#2009=FACE_BOUND('',#1858,.T.);
#2010=FACE_BOUND('',#1859,.T.);
#2011=FACE_BOUND('',#1860,.T.);
#2012=FACE_BOUND('',#1861,.T.);
#2013=FACE_BOUND('',#1862,.T.);
#2014=FACE_BOUND('',#1863,.T.);
#2015=FACE_BOUND('',#1864,.T.);
#2016=FACE_BOUND('',#1865,.T.);
#2017=FACE_BOUND('',#1866,.T.);
#2018=FACE_BOUND('',#1867,.T.);
#2019=FACE_BOUND('',#1868,.T.);
#2020=FACE_BOUND('',#1869,.T.);
#2021=FACE_BOUND('',#1870,.T.);
#2022=FACE_BOUND('',#1871,.T.);
#2023=FACE_BOUND('',#1872,.T.);
#2024=FACE_BOUND('',#1873,.T.);
#2025=FACE_BOUND('',#1874,.T.);
#2026=FACE_BOUND('',#1875,.T.);
#2027=FACE_BOUND('',#1876,.T.);
#2028=FACE_BOUND('',#1877,.T.);
#2029=FACE_BOUND('',#1878,.T.);
#2030=FACE_BOUND('',#1879,.T.);
#2031=FACE_BOUND('',#1880,.T.);
#2032=FACE_BOUND('',#1881,.T.);
#2033=FACE_BOUND('',#1882,.T.);
#2034=FACE_BOUND('',#1883,.T.);
#2035=FACE_BOUND('',#1884,.T.);
#2036=FACE_BOUND('',#1885,.T.);
#2037=FACE_BOUND('',#1886,.T.);
#2038=FACE_BOUND('',#1887,.T.);
#2039=FACE_BOUND('',#1888,.T.);
#2040=FACE_BOUND('',#1889,.T.);
#2041=FACE_BOUND('',#1890,.T.);
#2042=FACE_BOUND('',#1891,.T.);
#2043=FACE_BOUND('',#1892,.T.);
#2044=FACE_BOUND('',#1893,.T.);
#2045=FACE_BOUND('',#1894,.T.);
#2046=FACE_BOUND('',#1895,.T.);
#2047=FACE_BOUND('',#1896,.T.);
#2048=FACE_BOUND('',#1897,.T.);
#2049=FACE_BOUND('',#1898,.T.);
#2050=FACE_BOUND('',#1899,.T.);
#2051=FACE_BOUND('',#1900,.T.);
#2052=FACE_BOUND('',#1901,.T.);
#2053=FACE_BOUND('',#1902,.T.);
#2054=FACE_BOUND('',#1903,.T.);
#2055=FACE_BOUND('',#1904,.T.);
#2056=FACE_BOUND('',#1905,.T.);
#2057=FACE_BOUND('',#1906,.T.);
#2058=FACE_BOUND('',#1907,.T.);
#2059=FACE_BOUND('',#1908,.T.);
#2060=FACE_BOUND('',#1909,.T.);
#2061=FACE_BOUND('',#1910,.T.);
#2062=FACE_BOUND('',#1911,.T.);
#2063=FACE_BOUND('',#1912,.T.);
#2064=PLANE('',#2242);
#2065=PLANE('',#2245);
#2066=PLANE('',#2280);
#2067=PLANE('',#2328);
#2068=PLANE('',#2329);
#2069=PLANE('',#2338);
#2070=PLANE('',#2341);
#2071=PLANE('',#2344);
#2072=PLANE('',#2347);
#2073=PLANE('',#2348);
#2074=PLANE('',#2349);
#2075=PLANE('',#2350);
#2076=PLANE('',#2351);
#2077=PLANE('',#2352);
#2078=PLANE('',#2353);
#2079=PLANE('',#2354);
#2080=PLANE('',#2364);
#2081=PLANE('',#2365);
#2082=PLANE('',#2366);
#2083=PLANE('',#2382);
#2084=PLANE('',#2383);
#2085=PLANE('',#2384);
#2086=PLANE('',#2391);
#2087=PLANE('',#2392);
#2088=PLANE('',#2393);
#2089=PLANE('',#2394);
#2090=PLANE('',#2405);
#2091=PLANE('',#2406);
#2092=PLANE('',#2407);
#2093=PLANE('',#2412);
#2094=PLANE('',#2413);
#2095=PLANE('',#2414);
#2096=PLANE('',#2419);
#2097=PLANE('',#2420);
#2098=PLANE('',#2437);
#2099=PLANE('',#2438);
#2100=PLANE('',#2439);
#2101=PLANE('',#2440);
#2102=PLANE('',#2441);
#2103=PLANE('',#2442);
#2104=PLANE('',#2443);
#2105=PLANE('',#2444);
#2106=PLANE('',#2457);
#2107=PLANE('',#2460);
#2108=PLANE('',#2463);
#2109=PLANE('',#2466);
#2110=ADVANCED_FACE('',(#1913),#2064,.F.);
#2111=ADVANCED_FACE('',(#1914,#1915),#2065,.T.);
#2112=ADVANCED_FACE('',(#1916,#1917),#2066,.F.);
#2113=ADVANCED_FACE('',(#1918,#1919),#58,.F.);
#2114=ADVANCED_FACE('',(#1920,#1921),#50,.F.);
#2115=ADVANCED_FACE('',(#1922,#1923),#51,.F.);
#2116=ADVANCED_FACE('',(#1924,#1925),#59,.F.);
#2117=ADVANCED_FACE('',(#1926),#60,.T.);
#2118=ADVANCED_FACE('',(#1927),#2067,.T.);
#2119=ADVANCED_FACE('',(#1928,#1929),#2068,.F.);
#2120=ADVANCED_FACE('',(#1930),#61,.F.);
#2121=ADVANCED_FACE('',(#1931),#62,.T.);
#2122=ADVANCED_FACE('',(#1932),#63,.F.);
#2123=ADVANCED_FACE('',(#1933),#64,.T.);
#2124=ADVANCED_FACE('',(#1934),#2069,.F.);
#2125=ADVANCED_FACE('',(#1935,#1936,#1937),#2070,.F.);
#2126=ADVANCED_FACE('',(#1938),#2071,.T.);
#2127=ADVANCED_FACE('',(#1939,#1940,#1941),#2072,.T.);
#2128=ADVANCED_FACE('',(#1942),#2073,.F.);
#2129=ADVANCED_FACE('',(#1943,#1944),#2074,.T.);
#2130=ADVANCED_FACE('',(#1945),#2075,.F.);
#2131=ADVANCED_FACE('',(#1946),#2076,.T.);
#2132=ADVANCED_FACE('',(#1947,#1948,#1949),#2077,.F.);
#2133=ADVANCED_FACE('',(#1950),#2078,.F.);
#2134=ADVANCED_FACE('',(#1951,#1952,#1953),#2079,.T.);
#2135=ADVANCED_FACE('',(#1954),#65,.F.);
#2136=ADVANCED_FACE('',(#1955,#1956),#66,.F.);
#2137=ADVANCED_FACE('',(#1957,#1958),#52,.F.);
#2138=ADVANCED_FACE('',(#1959,#1960),#67,.F.);
#2139=ADVANCED_FACE('',(#1961,#1962),#53,.F.);
#2140=ADVANCED_FACE('',(#1963),#2080,.F.);
#2141=ADVANCED_FACE('',(#1964),#2081,.F.);
#2142=ADVANCED_FACE('',(#1965),#2082,.T.);
#2143=ADVANCED_FACE('',(#1966),#68,.F.);
#2144=ADVANCED_FACE('',(#1967),#69,.F.);
#2145=ADVANCED_FACE('',(#1968),#70,.T.);
#2146=ADVANCED_FACE('',(#1969),#71,.T.);
#2147=ADVANCED_FACE('',(#1970),#72,.F.);
#2148=ADVANCED_FACE('',(#1971),#73,.F.);
#2149=ADVANCED_FACE('',(#1972),#74,.F.);
#2150=ADVANCED_FACE('',(#1973),#75,.F.);
#2151=ADVANCED_FACE('',(#1974),#76,.F.);
#2152=ADVANCED_FACE('',(#1975),#2083,.T.);
#2153=ADVANCED_FACE('',(#1976),#2084,.F.);
#2154=ADVANCED_FACE('',(#1977),#2085,.T.);
#2155=ADVANCED_FACE('',(#1978),#77,.T.);
#2156=ADVANCED_FACE('',(#1979),#78,.T.);
#2157=ADVANCED_FACE('',(#1980),#79,.F.);
#2158=ADVANCED_FACE('',(#1981),#80,.F.);
#2159=ADVANCED_FACE('',(#1982),#81,.F.);
#2160=ADVANCED_FACE('',(#1983),#82,.F.);
#2161=ADVANCED_FACE('',(#1984),#2086,.T.);
#2162=ADVANCED_FACE('',(#1985),#2087,.T.);
#2163=ADVANCED_FACE('',(#1986),#2088,.F.);
#2164=ADVANCED_FACE('',(#1987),#2089,.F.);
#2165=ADVANCED_FACE('',(#1988),#83,.F.);
#2166=ADVANCED_FACE('',(#1989),#84,.T.);
#2167=ADVANCED_FACE('',(#1990),#85,.T.);
#2168=ADVANCED_FACE('',(#1991),#86,.F.);
#2169=ADVANCED_FACE('',(#1992),#87,.F.);
#2170=ADVANCED_FACE('',(#1993),#88,.F.);
#2171=ADVANCED_FACE('',(#1994),#89,.F.);
#2172=ADVANCED_FACE('',(#1995),#90,.F.);
#2173=ADVANCED_FACE('',(#1996),#2090,.F.);
#2174=ADVANCED_FACE('',(#1997),#2091,.T.);
#2175=ADVANCED_FACE('',(#1998),#2092,.T.);
#2176=ADVANCED_FACE('',(#1999),#91,.F.);
#2177=ADVANCED_FACE('',(#2000),#92,.F.);
#2178=ADVANCED_FACE('',(#2001),#93,.F.);
#2179=ADVANCED_FACE('',(#2002),#94,.F.);
#2180=ADVANCED_FACE('',(#2003),#2093,.T.);
#2181=ADVANCED_FACE('',(#2004),#2094,.T.);
#2182=ADVANCED_FACE('',(#2005),#2095,.T.);
#2183=ADVANCED_FACE('',(#2006),#95,.F.);
#2184=ADVANCED_FACE('',(#2007),#96,.F.);
#2185=ADVANCED_FACE('',(#2008),#2096,.F.);
#2186=ADVANCED_FACE('',(#2009),#2097,.T.);
#2187=ADVANCED_FACE('',(#2010),#97,.F.);
#2188=ADVANCED_FACE('',(#2011),#98,.F.);
#2189=ADVANCED_FACE('',(#2012),#99,.F.);
#2190=ADVANCED_FACE('',(#2013),#100,.F.);
#2191=ADVANCED_FACE('',(#2014),#101,.T.);
#2192=ADVANCED_FACE('',(#2015),#102,.T.);
#2193=ADVANCED_FACE('',(#2016),#103,.T.);
#2194=ADVANCED_FACE('',(#2017),#104,.T.);
#2195=ADVANCED_FACE('',(#2018),#2098,.T.);
#2196=ADVANCED_FACE('',(#2019),#2099,.T.);
#2197=ADVANCED_FACE('',(#2020),#2100,.T.);
#2198=ADVANCED_FACE('',(#2021),#2101,.F.);
#2199=ADVANCED_FACE('',(#2022),#2102,.F.);
#2200=ADVANCED_FACE('',(#2023),#2103,.T.);
#2201=ADVANCED_FACE('',(#2024),#2104,.T.);
#2202=ADVANCED_FACE('',(#2025,#2026,#2027,#2028,#2029),#2105,.F.);
#2203=ADVANCED_FACE('',(#2030,#2031),#54,.F.);
#2204=ADVANCED_FACE('',(#2032,#2033),#55,.F.);
#2205=ADVANCED_FACE('',(#2034,#2035),#56,.F.);
#2206=ADVANCED_FACE('',(#2036,#2037),#57,.F.);
#2207=ADVANCED_FACE('',(#2038),#2106,.F.);
#2208=ADVANCED_FACE('',(#2039,#2040),#105,.F.);
#2209=ADVANCED_FACE('',(#2041),#2107,.F.);
#2210=ADVANCED_FACE('',(#2042,#2043),#106,.F.);
#2211=ADVANCED_FACE('',(#2044),#2108,.F.);
#2212=ADVANCED_FACE('',(#2045,#2046),#107,.F.);
#2213=ADVANCED_FACE('',(#2047),#2109,.F.);
#2214=ADVANCED_FACE('',(#2048,#2049),#108,.F.);
#2215=ADVANCED_FACE('',(#2050),#109,.T.);
#2216=ADVANCED_FACE('',(#2051),#110,.T.);
#2217=ADVANCED_FACE('',(#2052),#12,.T.);
#2218=ADVANCED_FACE('',(#2053),#13,.T.);
#2219=ADVANCED_FACE('',(#2054),#14,.T.);
#2220=ADVANCED_FACE('',(#2055),#111,.T.);
#2221=ADVANCED_FACE('',(#2056),#15,.T.);
#2222=ADVANCED_FACE('',(#2057),#16,.T.);
#2223=ADVANCED_FACE('',(#2058),#17,.T.);
#2224=ADVANCED_FACE('',(#2059),#18,.T.);
#2225=ADVANCED_FACE('',(#2060),#112,.T.);
#2226=ADVANCED_FACE('',(#2061),#19,.T.);
#2227=ADVANCED_FACE('',(#2062),#113,.T.);
#2228=ADVANCED_FACE('',(#2063),#114,.F.);
#2229=CLOSED_SHELL('',(#2110,#2111,#2112,#2113,#2114,#2115,#2116,#2117,
#2118,#2119,#2120,#2121,#2122,#2123,#2124,#2125,#2126,#2127,#2128,#2129,
#2130,#2131,#2132,#2133,#2134,#2135,#2136,#2137,#2138,#2139,#2140,#2141,
#2142,#2143,#2144,#2145,#2146,#2147,#2148,#2149,#2150,#2151,#2152,#2153,
#2154,#2155,#2156,#2157,#2158,#2159,#2160,#2161,#2162,#2163,#2164,#2165,
#2166,#2167,#2168,#2169,#2170,#2171,#2172,#2173,#2174,#2175,#2176,#2177,
#2178,#2179,#2180,#2181,#2182,#2183,#2184,#2185,#2186,#2187,#2188,#2189,
#2190,#2191,#2192,#2193,#2194,#2195,#2196,#2197,#2198,#2199,#2200,#2201,
#2202,#2203,#2204,#2205,#2206,#2207,#2208,#2209,#2210,#2211,#2212,#2213,
#2214,#2215,#2216,#2217,#2218,#2219,#2220,#2221,#2222,#2223,#2224,#2225,
#2226,#2227,#2228));
#2230=STYLED_ITEM('',(#2231),#2238);
#2231=PRESENTATION_STYLE_ASSIGNMENT((#2232));
#2232=SURFACE_STYLE_USAGE(.BOTH.,#2233);
#2233=SURFACE_SIDE_STYLE('',(#2234));
#2234=SURFACE_STYLE_FILL_AREA(#2235);
#2235=FILL_AREA_STYLE('',(#2236));
#2236=FILL_AREA_STYLE_COLOUR('',#2237);
#2237=DRAUGHTING_PRE_DEFINED_COLOUR('white');
#2238=MANIFOLD_SOLID_BREP('Part 4',#2229);
#2239=SHAPE_DEFINITION_REPRESENTATION(#3913,#2240);
#2240=SHAPE_REPRESENTATION('Part 4',(#2241),#3908);
#2241=AXIS2_PLACEMENT_3D('',#3158,#2491,#2492);
#2242=AXIS2_PLACEMENT_3D('',#3159,#2493,#2494);
#2243=AXIS2_PLACEMENT_3D('',#3160,#2495,#2496);
#2244=AXIS2_PLACEMENT_3D('',#3169,#2500,#2501);
#2245=AXIS2_PLACEMENT_3D('',#3172,#2503,#2504);
#2246=AXIS2_PLACEMENT_3D('',#3173,#2505,#2506);
#2247=AXIS2_PLACEMENT_3D('',#3178,#2508,#2509);
#2248=AXIS2_PLACEMENT_3D('',#3182,#2511,#2512);
#2249=AXIS2_PLACEMENT_3D('',#3186,#2514,#2515);
#2250=AXIS2_PLACEMENT_3D('',#3190,#2517,#2518);
#2251=AXIS2_PLACEMENT_3D('',#3194,#2520,#2521);
#2252=AXIS2_PLACEMENT_3D('',#3202,#2525,#2526);
#2253=AXIS2_PLACEMENT_3D('',#3206,#2528,#2529);
#2254=AXIS2_PLACEMENT_3D('',#3214,#2533,#2534);
#2255=AXIS2_PLACEMENT_3D('',#3216,#2535,#2536);
#2256=AXIS2_PLACEMENT_3D('',#3218,#2537,#2538);
#2257=AXIS2_PLACEMENT_3D('',#3224,#2541,#2542);
#2258=AXIS2_PLACEMENT_3D('',#3226,#2543,#2544);
#2259=AXIS2_PLACEMENT_3D('',#3230,#2546,#2547);
#2260=AXIS2_PLACEMENT_3D('',#3234,#2549,#2550);
#2261=AXIS2_PLACEMENT_3D('',#3236,#2551,#2552);
#2262=AXIS2_PLACEMENT_3D('',#3238,#2553,#2554);
#2263=AXIS2_PLACEMENT_3D('',#3242,#2556,#2557);
#2264=AXIS2_PLACEMENT_3D('',#3244,#2558,#2559);
#2265=AXIS2_PLACEMENT_3D('',#3246,#2560,#2561);
#2266=AXIS2_PLACEMENT_3D('',#3250,#2563,#2564);
#2267=AXIS2_PLACEMENT_3D('',#3254,#2566,#2567);
#2268=AXIS2_PLACEMENT_3D('',#3256,#2568,#2569);
#2269=AXIS2_PLACEMENT_3D('',#3260,#2571,#2572);
#2270=AXIS2_PLACEMENT_3D('',#3264,#2574,#2575);
#2271=AXIS2_PLACEMENT_3D('',#3266,#2576,#2577);
#2272=AXIS2_PLACEMENT_3D('',#3268,#2578,#2579);
#2273=AXIS2_PLACEMENT_3D('',#3270,#2580,#2581);
#2274=AXIS2_PLACEMENT_3D('',#3275,#2584,#2585);
#2275=AXIS2_PLACEMENT_3D('',#3278,#2586,#2587);
#2276=AXIS2_PLACEMENT_3D('',#3280,#2588,#2589);
#2277=AXIS2_PLACEMENT_3D('',#3284,#2591,#2592);
#2278=AXIS2_PLACEMENT_3D('',#3288,#2594,#2595);
#2279=AXIS2_PLACEMENT_3D('',#3292,#2597,#2598);
#2280=AXIS2_PLACEMENT_3D('',#3293,#2599,#2600);
#2281=AXIS2_PLACEMENT_3D('',#3294,#2601,#2602);
#2282=AXIS2_PLACEMENT_3D('',#3297,#2603,#2604);
#2283=AXIS2_PLACEMENT_3D('',#3299,#2605,#2606);
#2284=AXIS2_PLACEMENT_3D('',#3301,#2607,#2608);
#2285=AXIS2_PLACEMENT_3D('',#3305,#2610,#2611);
#2286=AXIS2_PLACEMENT_3D('',#3309,#2613,#2614);
#2287=AXIS2_PLACEMENT_3D('',#3315,#2617,#2618);
#2288=AXIS2_PLACEMENT_3D('',#3321,#2621,#2622);
#2289=AXIS2_PLACEMENT_3D('',#3323,#2623,#2624);
#2290=AXIS2_PLACEMENT_3D('',#3325,#2625,#2626);
#2291=AXIS2_PLACEMENT_3D('',#3327,#2627,#2628);
#2292=AXIS2_PLACEMENT_3D('',#3331,#2630,#2631);
#2293=AXIS2_PLACEMENT_3D('',#3335,#2633,#2634);
#2294=AXIS2_PLACEMENT_3D('',#3337,#2635,#2636);
#2295=AXIS2_PLACEMENT_3D('',#3341,#2638,#2639);
#2296=AXIS2_PLACEMENT_3D('',#3345,#2641,#2642);
#2297=AXIS2_PLACEMENT_3D('',#3347,#2643,#2644);
#2298=AXIS2_PLACEMENT_3D('',#3349,#2645,#2646);
#2299=AXIS2_PLACEMENT_3D('',#3353,#2648,#2649);
#2300=AXIS2_PLACEMENT_3D('',#3355,#2650,#2651);
#2301=AXIS2_PLACEMENT_3D('',#3357,#2652,#2653);
#2302=AXIS2_PLACEMENT_3D('',#3361,#2655,#2656);
#2303=AXIS2_PLACEMENT_3D('',#3365,#2658,#2659);
#2304=AXIS2_PLACEMENT_3D('',#3367,#2660,#2661);
#2305=AXIS2_PLACEMENT_3D('',#3373,#2664,#2665);
#2306=AXIS2_PLACEMENT_3D('',#3375,#2666,#2667);
#2307=AXIS2_PLACEMENT_3D('',#3377,#2668,#2669);
#2308=AXIS2_PLACEMENT_3D('',#3385,#2673,#2674);
#2309=AXIS2_PLACEMENT_3D('',#3389,#2676,#2677);
#2310=AXIS2_PLACEMENT_3D('',#3397,#2681,#2682);
#2311=AXIS2_PLACEMENT_3D('',#3401,#2684,#2685);
#2312=AXIS2_PLACEMENT_3D('',#3405,#2687,#2688);
#2313=AXIS2_PLACEMENT_3D('',#3409,#2690,#2691);
#2314=AXIS2_PLACEMENT_3D('',#3413,#2693,#2694);
#2315=AXIS2_PLACEMENT_3D('',#3414,#2695,#2696);
#2316=AXIS2_PLACEMENT_3D('',#3415,#2697,#2698);
#2317=AXIS2_PLACEMENT_3D('',#3417,#2699,#2700);
#2318=AXIS2_PLACEMENT_3D('',#3419,#2701,#2702);
#2319=AXIS2_PLACEMENT_3D('',#3420,#2703,#2704);
#2320=AXIS2_PLACEMENT_3D('',#3422,#2705,#2706);
#2321=AXIS2_PLACEMENT_3D('',#3423,#2707,#2708);
#2322=AXIS2_PLACEMENT_3D('',#3425,#2709,#2710);
#2323=AXIS2_PLACEMENT_3D('',#3427,#2711,#2712);
#2324=AXIS2_PLACEMENT_3D('',#3428,#2713,#2714);
#2325=AXIS2_PLACEMENT_3D('',#3430,#2715,#2716);
#2326=AXIS2_PLACEMENT_3D('',#3434,#2718,#2719);
#2327=AXIS2_PLACEMENT_3D('',#3438,#2721,#2722);
#2328=AXIS2_PLACEMENT_3D('',#3439,#2723,#2724);
#2329=AXIS2_PLACEMENT_3D('',#3448,#2729,#2730);
#2330=AXIS2_PLACEMENT_3D('',#3459,#2737,#2738);
#2331=AXIS2_PLACEMENT_3D('',#3462,#2741,#2742);
#2332=AXIS2_PLACEMENT_3D('',#3463,#2743,#2744);
#2333=AXIS2_PLACEMENT_3D('',#3464,#2745,#2746);
#2334=AXIS2_PLACEMENT_3D('',#3468,#2748,#2749);
#2335=AXIS2_PLACEMENT_3D('',#3469,#2750,#2751);
#2336=AXIS2_PLACEMENT_3D('',#3470,#2752,#2753);
#2337=AXIS2_PLACEMENT_3D('',#3471,#2754,#2755);
#2338=AXIS2_PLACEMENT_3D('',#3472,#2756,#2757);
#2339=AXIS2_PLACEMENT_3D('',#3476,#2759,#2760);
#2340=AXIS2_PLACEMENT_3D('',#3486,#2766,#2767);
#2341=AXIS2_PLACEMENT_3D('',#3487,#2768,#2769);
#2342=AXIS2_PLACEMENT_3D('',#3488,#2770,#2771);
#2343=AXIS2_PLACEMENT_3D('',#3490,#2772,#2773);
#2344=AXIS2_PLACEMENT_3D('',#3497,#2777,#2778);
#2345=AXIS2_PLACEMENT_3D('',#3501,#2780,#2781);
#2346=AXIS2_PLACEMENT_3D('',#3505,#2783,#2784);
#2347=AXIS2_PLACEMENT_3D('',#3507,#2786,#2787);
#2348=AXIS2_PLACEMENT_3D('',#3510,#2790,#2791);
#2349=AXIS2_PLACEMENT_3D('',#3525,#2792,#2793);
#2350=AXIS2_PLACEMENT_3D('',#3536,#2800,#2801);
#2351=AXIS2_PLACEMENT_3D('',#3545,#2806,#2807);
#2352=AXIS2_PLACEMENT_3D('',#3548,#2810,#2811);
#2353=AXIS2_PLACEMENT_3D('',#3550,#2813,#2814);
#2354=AXIS2_PLACEMENT_3D('',#3552,#2816,#2817);
#2355=AXIS2_PLACEMENT_3D('',#3553,#2818,#2819);
#2356=AXIS2_PLACEMENT_3D('',#3555,#2820,#2821);
#2357=AXIS2_PLACEMENT_3D('',#3557,#2822,#2823);
#2358=AXIS2_PLACEMENT_3D('',#3558,#2824,#2825);
#2359=AXIS2_PLACEMENT_3D('',#3559,#2826,#2827);
#2360=AXIS2_PLACEMENT_3D('',#3561,#2828,#2829);
#2361=AXIS2_PLACEMENT_3D('',#3562,#2830,#2831);
#2362=AXIS2_PLACEMENT_3D('',#3563,#2832,#2833);
#2363=AXIS2_PLACEMENT_3D('',#3565,#2834,#2835);
#2364=AXIS2_PLACEMENT_3D('',#3566,#2836,#2837);
#2365=AXIS2_PLACEMENT_3D('',#3569,#2840,#2841);
#2366=AXIS2_PLACEMENT_3D('',#3572,#2844,#2845);
#2367=AXIS2_PLACEMENT_3D('',#3575,#2848,#2849);
#2368=AXIS2_PLACEMENT_3D('',#3579,#2851,#2852);
#2369=AXIS2_PLACEMENT_3D('',#3583,#2854,#2855);
#2370=AXIS2_PLACEMENT_3D('',#3584,#2856,#2857);
#2371=AXIS2_PLACEMENT_3D('',#3588,#2859,#2860);
#2372=AXIS2_PLACEMENT_3D('',#3589,#2861,#2862);
#2373=AXIS2_PLACEMENT_3D('',#3590,#2863,#2864);
#2374=AXIS2_PLACEMENT_3D('',#3591,#2865,#2866);
#2375=AXIS2_PLACEMENT_3D('',#3595,#2868,#2869);
#2376=AXIS2_PLACEMENT_3D('',#3596,#2870,#2871);
#2377=AXIS2_PLACEMENT_3D('',#3599,#2874,#2875);
#2378=AXIS2_PLACEMENT_3D('',#3610,#2876,#2877);
#2379=AXIS2_PLACEMENT_3D('',#3611,#2878,#2879);
#2380=AXIS2_PLACEMENT_3D('',#3612,#2880,#2881);
#2381=AXIS2_PLACEMENT_3D('',#3623,#2882,#2883);
#2382=AXIS2_PLACEMENT_3D('',#3624,#2884,#2885);
#2383=AXIS2_PLACEMENT_3D('',#3627,#2888,#2889);
#2384=AXIS2_PLACEMENT_3D('',#3630,#2892,#2893);
#2385=AXIS2_PLACEMENT_3D('',#3633,#2896,#2897);
#2386=AXIS2_PLACEMENT_3D('',#3636,#2900,#2901);
#2387=AXIS2_PLACEMENT_3D('',#3638,#2903,#2904);
#2388=AXIS2_PLACEMENT_3D('',#3639,#2905,#2906);
#2389=AXIS2_PLACEMENT_3D('',#3640,#2907,#2908);
#2390=AXIS2_PLACEMENT_3D('',#3641,#2909,#2910);
#2391=AXIS2_PLACEMENT_3D('',#3642,#2911,#2912);
#2392=AXIS2_PLACEMENT_3D('',#3655,#2915,#2916);
#2393=AXIS2_PLACEMENT_3D('',#3658,#2919,#2920);
#2394=AXIS2_PLACEMENT_3D('',#3671,#2923,#2924);
#2395=AXIS2_PLACEMENT_3D('',#3674,#2927,#2928);
#2396=AXIS2_PLACEMENT_3D('',#3677,#2931,#2932);
#2397=AXIS2_PLACEMENT_3D('',#3679,#2934,#2935);
#2398=AXIS2_PLACEMENT_3D('',#3683,#2937,#2938);
#2399=AXIS2_PLACEMENT_3D('',#3687,#2940,#2941);
#2400=AXIS2_PLACEMENT_3D('',#3688,#2942,#2943);
#2401=AXIS2_PLACEMENT_3D('',#3689,#2944,#2945);
#2402=AXIS2_PLACEMENT_3D('',#3698,#2946,#2947);
#2403=AXIS2_PLACEMENT_3D('',#3699,#2948,#2949);
#2404=AXIS2_PLACEMENT_3D('',#3708,#2950,#2951);
#2405=AXIS2_PLACEMENT_3D('',#3709,#2952,#2953);
#2406=AXIS2_PLACEMENT_3D('',#3712,#2956,#2957);
#2407=AXIS2_PLACEMENT_3D('',#3715,#2960,#2961);
#2408=AXIS2_PLACEMENT_3D('',#3724,#2966,#2967);
#2409=AXIS2_PLACEMENT_3D('',#3733,#2968,#2969);
#2410=AXIS2_PLACEMENT_3D('',#3742,#2970,#2971);
#2411=AXIS2_PLACEMENT_3D('',#3744,#2973,#2974);
#2412=AXIS2_PLACEMENT_3D('',#3746,#2976,#2977);
#2413=AXIS2_PLACEMENT_3D('',#3755,#2982,#2983);
#2414=AXIS2_PLACEMENT_3D('',#3758,#2986,#2987);
#2415=AXIS2_PLACEMENT_3D('',#3759,#2988,#2989);
#2416=AXIS2_PLACEMENT_3D('',#3763,#2991,#2992);
#2417=AXIS2_PLACEMENT_3D('',#3765,#2994,#2995);
#2418=AXIS2_PLACEMENT_3D('',#3774,#2996,#2997);
#2419=AXIS2_PLACEMENT_3D('',#3783,#2998,#2999);
#2420=AXIS2_PLACEMENT_3D('',#3786,#3002,#3003);
#2421=AXIS2_PLACEMENT_3D('',#3789,#3006,#3007);
#2422=AXIS2_PLACEMENT_3D('',#3793,#3009,#3010);
#2423=AXIS2_PLACEMENT_3D('',#3797,#3012,#3013);
#2424=AXIS2_PLACEMENT_3D('',#3798,#3014,#3015);
#2425=AXIS2_PLACEMENT_3D('',#3807,#3016,#3017);
#2426=AXIS2_PLACEMENT_3D('',#3808,#3018,#3019);
#2427=AXIS2_PLACEMENT_3D('',#3817,#3020,#3021);
#2428=AXIS2_PLACEMENT_3D('',#3818,#3022,#3023);
#2429=AXIS2_PLACEMENT_3D('',#3819,#3024,#3025);
#2430=AXIS2_PLACEMENT_3D('',#3820,#3026,#3027);
#2431=AXIS2_PLACEMENT_3D('',#3821,#3028,#3029);
#2432=AXIS2_PLACEMENT_3D('',#3822,#3030,#3031);
#2433=AXIS2_PLACEMENT_3D('',#3823,#3032,#3033);
#2434=AXIS2_PLACEMENT_3D('',#3824,#3034,#3035);
#2435=AXIS2_PLACEMENT_3D('',#3825,#3036,#3037);
#2436=AXIS2_PLACEMENT_3D('',#3826,#3038,#3039);
#2437=AXIS2_PLACEMENT_3D('',#3827,#3040,#3041);
#2438=AXIS2_PLACEMENT_3D('',#3829,#3043,#3044);
#2439=AXIS2_PLACEMENT_3D('',#3830,#3045,#3046);
#2440=AXIS2_PLACEMENT_3D('',#3832,#3048,#3049);
#2441=AXIS2_PLACEMENT_3D('',#3838,#3053,#3054);
#2442=AXIS2_PLACEMENT_3D('',#3842,#3057,#3058);
#2443=AXIS2_PLACEMENT_3D('',#3846,#3061,#3062);
#2444=AXIS2_PLACEMENT_3D('',#3848,#3064,#3065);
#2445=AXIS2_PLACEMENT_3D('',#3849,#3066,#3067);
#2446=AXIS2_PLACEMENT_3D('',#3851,#3068,#3069);
#2447=AXIS2_PLACEMENT_3D('',#3853,#3070,#3071);
#2448=AXIS2_PLACEMENT_3D('',#3855,#3072,#3073);
#2449=AXIS2_PLACEMENT_3D('',#3857,#3074,#3075);
#2450=AXIS2_PLACEMENT_3D('',#3858,#3076,#3077);
#2451=AXIS2_PLACEMENT_3D('',#3860,#3078,#3079);
#2452=AXIS2_PLACEMENT_3D('',#3861,#3080,#3081);
#2453=AXIS2_PLACEMENT_3D('',#3863,#3082,#3083);
#2454=AXIS2_PLACEMENT_3D('',#3864,#3084,#3085);
#2455=AXIS2_PLACEMENT_3D('',#3866,#3086,#3087);
#2456=AXIS2_PLACEMENT_3D('',#3867,#3088,#3089);
#2457=AXIS2_PLACEMENT_3D('',#3869,#3090,#3091);
#2458=AXIS2_PLACEMENT_3D('',#3870,#3092,#3093);
#2459=AXIS2_PLACEMENT_3D('',#3872,#3094,#3095);
#2460=AXIS2_PLACEMENT_3D('',#3873,#3096,#3097);
#2461=AXIS2_PLACEMENT_3D('',#3874,#3098,#3099);
#2462=AXIS2_PLACEMENT_3D('',#3876,#3100,#3101);
#2463=AXIS2_PLACEMENT_3D('',#3877,#3102,#3103);
#2464=AXIS2_PLACEMENT_3D('',#3878,#3104,#3105);
#2465=AXIS2_PLACEMENT_3D('',#3880,#3106,#3107);
#2466=AXIS2_PLACEMENT_3D('',#3881,#3108,#3109);
#2467=AXIS2_PLACEMENT_3D('',#3882,#3110,#3111);
#2468=AXIS2_PLACEMENT_3D('',#3884,#3112,#3113);
#2469=AXIS2_PLACEMENT_3D('',#3885,#3114,#3115);
#2470=AXIS2_PLACEMENT_3D('',#3886,#3116,#3117);
#2471=AXIS2_PLACEMENT_3D('',#3887,#3118,#3119);
#2472=AXIS2_PLACEMENT_3D('',#3888,#3120,#3121);
#2473=AXIS2_PLACEMENT_3D('',#3889,#3122,#3123);
#2474=AXIS2_PLACEMENT_3D('',#3890,#3124,#3125);
#2475=AXIS2_PLACEMENT_3D('',#3891,#3126,#3127);
#2476=AXIS2_PLACEMENT_3D('',#3892,#3128,#3129);
#2477=AXIS2_PLACEMENT_3D('',#3893,#3130,#3131);
#2478=AXIS2_PLACEMENT_3D('',#3894,#3132,#3133);
#2479=AXIS2_PLACEMENT_3D('',#3895,#3134,#3135);
#2480=AXIS2_PLACEMENT_3D('',#3896,#3136,#3137);
#2481=AXIS2_PLACEMENT_3D('',#3897,#3138,#3139);
#2482=AXIS2_PLACEMENT_3D('',#3898,#3140,#3141);
#2483=AXIS2_PLACEMENT_3D('',#3899,#3142,#3143);
#2484=AXIS2_PLACEMENT_3D('',#3900,#3144,#3145);
#2485=AXIS2_PLACEMENT_3D('',#3901,#3146,#3147);
#2486=AXIS2_PLACEMENT_3D('',#3902,#3148,#3149);
#2487=AXIS2_PLACEMENT_3D('',#3903,#3150,#3151);
#2488=AXIS2_PLACEMENT_3D('',#3904,#3152,#3153);
#2489=AXIS2_PLACEMENT_3D('',#3905,#3154,#3155);
#2490=AXIS2_PLACEMENT_3D('',#3906,#3156,#3157);
#2491=DIRECTION('',(0.,0.,1.));
#2492=DIRECTION('',(1.,0.,0.));
#2493=DIRECTION('',(0.,1.80231010491097E-16,-1.));
#2494=DIRECTION('',(0.,1.,1.80231010491097E-16));
#2495=DIRECTION('',(0.,1.80231010491097E-16,-1.));
#2496=DIRECTION('',(0.,1.,1.80231010491097E-16));
#2497=DIRECTION('',(-1.,0.,0.));
#2498=DIRECTION('',(0.,-1.,-1.80231010491097E-16));
#2499=DIRECTION('',(-1.,0.,0.));
#2500=DIRECTION('',(0.,1.80231010491097E-16,-1.));
#2501=DIRECTION('',(0.,1.,1.80231010491097E-16));
#2502=DIRECTION('',(0.,-1.,-1.80231010491097E-16));
#2503=DIRECTION('',(0.,-1.,-4.66480262447545E-16));
#2504=DIRECTION('',(0.,4.66480262447545E-16,-1.));
#2505=DIRECTION('',(0.,-1.,-4.66480262447545E-16));
#2506=DIRECTION('',(0.,4.66480262447545E-16,-1.));
#2507=DIRECTION('',(0.866025403784439,2.33240131223773E-16,-0.5));
#2508=DIRECTION('',(0.,-1.,-4.66480262447545E-16));
#2509=DIRECTION('',(0.,4.66480262447545E-16,-1.));
#2510=DIRECTION('',(0.,-4.66480262447545E-16,1.));
#2511=DIRECTION('',(0.,-1.,-4.66480262447545E-16));
#2512=DIRECTION('',(0.,4.66480262447545E-16,-1.));
#2513=DIRECTION('',(0.866025403784439,2.33240131223773E-16,-0.5));
#2514=DIRECTION('',(0.,-1.,-4.66480262447545E-16));
#2515=DIRECTION('',(0.,4.66480262447545E-16,-1.));
#2516=DIRECTION('',(0.,-4.66480262447545E-16,1.));
#2517=DIRECTION('',(0.,-1.,-4.66480262447545E-16));
#2518=DIRECTION('',(0.,4.66480262447545E-16,-1.));
#2519=DIRECTION('',(0.866025403784438,-2.33240131223773E-16,0.5));
#2520=DIRECTION('',(0.,-1.,-4.66480262447545E-16));
#2521=DIRECTION('',(0.,4.66480262447545E-16,-1.));
#2522=DIRECTION('',(0.,-4.66480262447545E-16,1.));
#2523=DIRECTION('',(0.866025403784438,-2.33240131223773E-16,0.5));
#2524=DIRECTION('',(0.,-4.66480262447545E-16,1.));
#2525=DIRECTION('',(0.,-1.,-4.66480262447545E-16));
#2526=DIRECTION('',(0.,4.66480262447545E-16,-1.));
#2527=DIRECTION('',(-1.,0.,0.));
#2528=DIRECTION('',(0.,-1.,-4.66480262447545E-16));
#2529=DIRECTION('',(0.,4.66480262447545E-16,-1.));
#2530=DIRECTION('',(0.,-4.66480262447545E-16,1.));
#2531=DIRECTION('',(-1.,0.,0.));
#2532=DIRECTION('',(0.,-4.66480262447545E-16,1.));
#2533=DIRECTION('',(0.,-1.,-4.66480262447545E-16));
#2534=DIRECTION('',(0.,4.66480262447545E-16,-1.));
#2535=DIRECTION('',(0.,-1.,-4.66480262447545E-16));
#2536=DIRECTION('',(0.,4.66480262447545E-16,-1.));
#2537=DIRECTION('',(0.,-1.,-4.66480262447545E-16));
#2538=DIRECTION('',(0.,4.66480262447545E-16,-1.));
#2539=DIRECTION('',(1.,0.,0.));
#2540=DIRECTION('',(0.,4.66480262447545E-16,-1.));
#2541=DIRECTION('',(0.,-1.,-4.66480262447545E-16));
#2542=DIRECTION('',(0.,4.66480262447545E-16,-1.));
#2543=DIRECTION('',(0.,-1.,-4.66480262447545E-16));
#2544=DIRECTION('',(0.,4.66480262447545E-16,-1.));
#2545=DIRECTION('',(0.,4.66480262447545E-16,-1.));
#2546=DIRECTION('',(0.,-1.,-4.66480262447545E-16));
#2547=DIRECTION('',(0.,4.66480262447545E-16,-1.));
#2548=DIRECTION('',(0.866025403784439,2.33240131223773E-16,-0.5));
#2549=DIRECTION('',(0.,-1.,-4.66480262447545E-16));
#2550=DIRECTION('',(0.,4.66480262447545E-16,-1.));
#2551=DIRECTION('',(0.,-1.,-4.66480262447545E-16));
#2552=DIRECTION('',(0.,4.66480262447545E-16,-1.));
#2553=DIRECTION('',(0.,-1.,-4.66480262447545E-16));
#2554=DIRECTION('',(0.,4.66480262447545E-16,-1.));
#2555=DIRECTION('',(0.866025403784439,2.33240131223773E-16,-0.5));
#2556=DIRECTION('',(0.,-1.,-4.66480262447545E-16));
#2557=DIRECTION('',(0.,4.66480262447545E-16,-1.));
#2558=DIRECTION('',(0.,-1.,-4.66480262447545E-16));
#2559=DIRECTION('',(0.,4.66480262447545E-16,-1.));
#2560=DIRECTION('',(0.,-1.,-4.66480262447545E-16));
#2561=DIRECTION('',(0.,4.66480262447545E-16,-1.));
#2562=DIRECTION('',(-6.16790569236198E-16,-4.66480262447545E-16,1.));
#2563=DIRECTION('',(0.,-1.,-4.66480262447545E-16));
#2564=DIRECTION('',(0.,4.66480262447545E-16,-1.));
#2565=DIRECTION('',(0.866025403784439,-2.33240131223773E-16,0.5));
#2566=DIRECTION('',(0.,-1.,-4.66480262447545E-16));
#2567=DIRECTION('',(0.,4.66480262447545E-16,-1.));
#2568=DIRECTION('',(0.,-1.,-4.66480262447545E-16));
#2569=DIRECTION('',(0.,4.66480262447545E-16,-1.));
#2570=DIRECTION('',(0.866025403784439,-2.33240131223773E-16,0.5));
#2571=DIRECTION('',(0.,-1.,-4.66480262447545E-16));
#2572=DIRECTION('',(0.,4.66480262447545E-16,-1.));
#2573=DIRECTION('',(0.866025403784439,2.33240131223773E-16,-0.5));
#2574=DIRECTION('',(0.,-1.,-4.66480262447545E-16));
#2575=DIRECTION('',(0.,4.66480262447545E-16,-1.));
#2576=DIRECTION('',(0.,-1.,-4.66480262447545E-16));
#2577=DIRECTION('',(0.,4.66480262447545E-16,-1.));
#2578=DIRECTION('',(0.,-1.,-4.66480262447545E-16));
#2579=DIRECTION('',(0.,4.66480262447545E-16,-1.));
#2580=DIRECTION('',(0.,-1.,-4.66480262447545E-16));
#2581=DIRECTION('',(0.,4.66480262447545E-16,-1.));
#2582=DIRECTION('',(0.866025403784439,-2.33240131223773E-16,0.5));
#2583=DIRECTION('',(-1.,0.,0.));
#2584=DIRECTION('',(0.,-1.,-4.66480262447545E-16));
#2585=DIRECTION('',(0.,4.66480262447545E-16,-1.));
#2586=DIRECTION('',(0.,-1.,-4.66480262447545E-16));
#2587=DIRECTION('',(0.,4.66480262447545E-16,-1.));
#2588=DIRECTION('',(0.,-1.,-4.66480262447545E-16));
#2589=DIRECTION('',(0.,4.66480262447545E-16,-1.));
#2590=DIRECTION('',(0.866025403784439,2.33240131223773E-16,-0.5));
#2591=DIRECTION('',(0.,-1.,-4.66480262447545E-16));
#2592=DIRECTION('',(0.,4.66480262447545E-16,-1.));
#2593=DIRECTION('',(-6.16790569236198E-16,-4.66480262447545E-16,1.));
#2594=DIRECTION('',(0.,-1.,-4.66480262447545E-16));
#2595=DIRECTION('',(0.,4.66480262447545E-16,-1.));
#2596=DIRECTION('',(1.,0.,0.));
#2597=DIRECTION('',(0.,-1.,-4.66480262447545E-16));
#2598=DIRECTION('',(0.,4.66480262447545E-16,-1.));
#2599=DIRECTION('',(0.,-1.,-4.66480262447545E-16));
#2600=DIRECTION('',(0.,4.66480262447545E-16,-1.));
#2601=DIRECTION('',(0.,1.,4.66480262447545E-16));
#2602=DIRECTION('',(0.,-4.66480262447545E-16,1.));
#2603=DIRECTION('',(0.,1.,4.66480262447545E-16));
#2604=DIRECTION('',(0.,-4.66480262447545E-16,1.));
#2605=DIRECTION('',(0.,1.,4.66480262447545E-16));
#2606=DIRECTION('',(0.,-4.66480262447545E-16,1.));
#2607=DIRECTION('',(0.,1.,4.66480262447545E-16));
#2608=DIRECTION('',(0.,-4.66480262447545E-16,1.));
#2609=DIRECTION('',(1.,0.,0.));
#2610=DIRECTION('',(0.,1.,4.66480262447545E-16));
#2611=DIRECTION('',(0.,-4.66480262447545E-16,1.));
#2612=DIRECTION('',(-6.16790569236198E-16,-4.66480262447545E-16,1.));
#2613=DIRECTION('',(0.,1.,4.66480262447545E-16));
#2614=DIRECTION('',(0.,-4.66480262447545E-16,1.));
#2615=DIRECTION('',(0.866025403784439,2.33240131223773E-16,-0.5));
#2616=DIRECTION('',(0.866025403784439,2.33240131223773E-16,-0.5));
#2617=DIRECTION('',(0.,-1.,-4.66480262447545E-16));
#2618=DIRECTION('',(0.,4.66480262447545E-16,-1.));
#2619=DIRECTION('',(-1.,0.,0.));
#2620=DIRECTION('',(0.866025403784439,-2.33240131223773E-16,0.5));
#2621=DIRECTION('',(0.,1.,4.66480262447545E-16));
#2622=DIRECTION('',(0.,-4.66480262447545E-16,1.));
#2623=DIRECTION('',(0.,1.,4.66480262447545E-16));
#2624=DIRECTION('',(0.,-4.66480262447545E-16,1.));
#2625=DIRECTION('',(0.,1.,4.66480262447545E-16));
#2626=DIRECTION('',(0.,-4.66480262447545E-16,1.));
#2627=DIRECTION('',(0.,1.,4.66480262447545E-16));
#2628=DIRECTION('',(0.,-4.66480262447545E-16,1.));
#2629=DIRECTION('',(0.866025403784439,2.33240131223773E-16,-0.5));
#2630=DIRECTION('',(0.,1.,4.66480262447545E-16));
#2631=DIRECTION('',(0.,-4.66480262447545E-16,1.));
#2632=DIRECTION('',(0.866025403784439,-2.33240131223773E-16,0.5));
#2633=DIRECTION('',(0.,-1.,-4.66480262447545E-16));
#2634=DIRECTION('',(0.,4.66480262447545E-16,-1.));
#2635=DIRECTION('',(0.,1.,4.66480262447545E-16));
#2636=DIRECTION('',(0.,-4.66480262447545E-16,1.));
#2637=DIRECTION('',(0.866025403784439,-2.33240131223773E-16,0.5));
#2638=DIRECTION('',(0.,1.,4.66480262447545E-16));
#2639=DIRECTION('',(0.,-4.66480262447545E-16,1.));
#2640=DIRECTION('',(-6.16790569236198E-16,-4.66480262447545E-16,1.));
#2641=DIRECTION('',(0.,1.,4.66480262447545E-16));
#2642=DIRECTION('',(0.,-4.66480262447545E-16,1.));
#2643=DIRECTION('',(0.,1.,4.66480262447545E-16));
#2644=DIRECTION('',(0.,-4.66480262447545E-16,1.));
#2645=DIRECTION('',(0.,1.,4.66480262447545E-16));
#2646=DIRECTION('',(0.,-4.66480262447545E-16,1.));
#2647=DIRECTION('',(0.866025403784439,2.33240131223773E-16,-0.5));
#2648=DIRECTION('',(0.,1.,4.66480262447545E-16));
#2649=DIRECTION('',(0.,-4.66480262447545E-16,1.));
#2650=DIRECTION('',(0.,-1.,-4.66480262447545E-16));
#2651=DIRECTION('',(0.,4.66480262447545E-16,-1.));
#2652=DIRECTION('',(0.,1.,4.66480262447545E-16));
#2653=DIRECTION('',(0.,-4.66480262447545E-16,1.));
#2654=DIRECTION('',(0.866025403784439,2.33240131223773E-16,-0.5));
#2655=DIRECTION('',(0.,1.,4.66480262447545E-16));
#2656=DIRECTION('',(0.,-4.66480262447545E-16,1.));
#2657=DIRECTION('',(0.,4.66480262447545E-16,-1.));
#2658=DIRECTION('',(0.,1.,4.66480262447545E-16));
#2659=DIRECTION('',(0.,-4.66480262447545E-16,1.));
#2660=DIRECTION('',(0.,-1.,-4.66480262447545E-16));
#2661=DIRECTION('',(0.,4.66480262447545E-16,-1.));
#2662=DIRECTION('',(0.,4.66480262447545E-16,-1.));
#2663=DIRECTION('',(1.,0.,0.));
#2664=DIRECTION('',(0.,-1.,-4.66480262447545E-16));
#2665=DIRECTION('',(0.,4.66480262447545E-16,-1.));
#2666=DIRECTION('',(0.,1.,4.66480262447545E-16));
#2667=DIRECTION('',(0.,-4.66480262447545E-16,1.));
#2668=DIRECTION('',(0.,1.,4.66480262447545E-16));
#2669=DIRECTION('',(0.,-4.66480262447545E-16,1.));
#2670=DIRECTION('',(0.,-4.66480262447545E-16,1.));
#2671=DIRECTION('',(-1.,0.,0.));
#2672=DIRECTION('',(0.,-4.66480262447545E-16,1.));
#2673=DIRECTION('',(0.,1.,4.66480262447545E-16));
#2674=DIRECTION('',(0.,-4.66480262447545E-16,1.));
#2675=DIRECTION('',(-1.,0.,0.));
#2676=DIRECTION('',(0.,-1.,-4.66480262447545E-16));
#2677=DIRECTION('',(0.,4.66480262447545E-16,-1.));
#2678=DIRECTION('',(0.,-4.66480262447545E-16,1.));
#2679=DIRECTION('',(0.866025403784438,-2.33240131223773E-16,0.5));
#2680=DIRECTION('',(0.,-4.66480262447545E-16,1.));
#2681=DIRECTION('',(0.,1.,4.66480262447545E-16));
#2682=DIRECTION('',(0.,-4.66480262447545E-16,1.));
#2683=DIRECTION('',(0.866025403784438,-2.33240131223773E-16,0.5));
#2684=DIRECTION('',(0.,1.,4.66480262447545E-16));
#2685=DIRECTION('',(0.,-4.66480262447545E-16,1.));
#2686=DIRECTION('',(0.,-4.66480262447545E-16,1.));
#2687=DIRECTION('',(0.,1.,4.66480262447545E-16));
#2688=DIRECTION('',(0.,-4.66480262447545E-16,1.));
#2689=DIRECTION('',(0.866025403784439,2.33240131223773E-16,-0.5));
#2690=DIRECTION('',(0.,1.,4.66480262447545E-16));
#2691=DIRECTION('',(0.,-4.66480262447545E-16,1.));
#2692=DIRECTION('',(0.,-4.66480262447545E-16,1.));
#2693=DIRECTION('',(0.,-1.,-4.66480262447545E-16));
#2694=DIRECTION('',(0.,4.66480262447545E-16,-1.));
#2695=DIRECTION('',(0.,1.,-2.04085114820801E-16));
#2696=DIRECTION('',(0.,-2.04085114820801E-16,-1.));
#2697=DIRECTION('',(0.,-1.,2.04085114820801E-16));
#2698=DIRECTION('',(0.,-2.04085114820801E-16,-1.));
#2699=DIRECTION('',(0.,-1.,2.04085114820801E-16));
#2700=DIRECTION('',(0.,-2.04085114820801E-16,-1.));
#2701=DIRECTION('',(0.,-1.,2.04085114820801E-16));
#2702=DIRECTION('',(0.,2.04085114820801E-16,1.));
#2703=DIRECTION('',(0.,-1.,2.04085114820801E-16));
#2704=DIRECTION('',(0.,-2.04085114820801E-16,-1.));
#2705=DIRECTION('',(0.,-1.,2.04085114820801E-16));
#2706=DIRECTION('',(0.,2.04085114820801E-16,1.));
#2707=DIRECTION('',(0.,-1.,2.04085114820801E-16));
#2708=DIRECTION('',(0.,-2.04085114820801E-16,-1.));
#2709=DIRECTION('',(0.,-1.,2.04085114820801E-16));
#2710=DIRECTION('',(0.,-2.04085114820801E-16,-1.));
#2711=DIRECTION('',(0.,1.,-2.04085114820801E-16));
#2712=DIRECTION('',(0.,-2.04085114820801E-16,-1.));
#2713=DIRECTION('',(0.,-1.,2.04085114820801E-16));
#2714=DIRECTION('',(0.,-2.04085114820801E-16,-1.));
#2715=DIRECTION('',(0.,1.,4.66480262447545E-16));
#2716=DIRECTION('',(0.,-4.66480262447545E-16,1.));
#2717=DIRECTION('',(0.,1.,4.66480262447545E-16));
#2718=DIRECTION('',(0.,-1.,-4.66480262447545E-16));
#2719=DIRECTION('',(0.,4.66480262447545E-16,-1.));
#2720=DIRECTION('',(0.,1.,4.66480262447545E-16));
#2721=DIRECTION('',(0.,-1.,-4.66480262447545E-16));
#2722=DIRECTION('',(0.,4.66480262447545E-16,-1.));
#2723=DIRECTION('',(1.,0.,0.));
#2724=DIRECTION('',(0.,1.,0.));
#2725=DIRECTION('',(0.,-1.,-1.80231010491097E-16));
#2726=DIRECTION('',(0.,-4.66480262447545E-16,1.));
#2727=DIRECTION('',(0.,-1.,-1.80231010491097E-16));
#2728=DIRECTION('',(0.,-4.66480262447545E-16,1.));
#2729=DIRECTION('',(1.,0.,0.));
#2730=DIRECTION('',(0.,1.,0.));
#2731=DIRECTION('',(0.,-1.,-2.1350442781253E-16));
#2732=DIRECTION('',(0.,-3.89096854424705E-16,1.));
#2733=DIRECTION('',(0.,-1.,-1.06752213906265E-16));
#2734=DIRECTION('',(0.,-3.89096854424705E-16,1.));
#2735=DIRECTION('',(0.,-1.,-1.80231010491097E-16));
#2736=DIRECTION('',(0.,-1.,-1.80231010491097E-16));
#2737=DIRECTION('',(0.,1.,4.66480262447545E-16));
#2738=DIRECTION('',(0.,-4.66480262447545E-16,1.));
#2739=DIRECTION('',(0.,1.,4.66480262447545E-16));
#2740=DIRECTION('',(0.,1.,4.66480262447545E-16));
#2741=DIRECTION('',(0.,1.,4.66480262447545E-16));
#2742=DIRECTION('',(0.,-4.66480262447545E-16,1.));
#2743=DIRECTION('',(0.,1.,4.66480262447545E-16));
#2744=DIRECTION('',(0.,-4.66480262447545E-16,1.));
#2745=DIRECTION('',(0.,-1.,-4.66480262447545E-16));
#2746=DIRECTION('',(0.,4.66480262447545E-16,-1.));
#2747=DIRECTION('',(0.,1.,4.66480262447545E-16));
#2748=DIRECTION('',(0.,-1.,-4.66480262447545E-16));
#2749=DIRECTION('',(0.,4.66480262447545E-16,-1.));
#2750=DIRECTION('',(0.,1.,4.66480262447545E-16));
#2751=DIRECTION('',(0.,-4.66480262447545E-16,1.));
#2752=DIRECTION('',(0.,-1.,-4.66480262447545E-16));
#2753=DIRECTION('',(0.,4.66480262447545E-16,-1.));
#2754=DIRECTION('',(0.,-1.,-4.66480262447545E-16));
#2755=DIRECTION('',(0.,4.66480262447545E-16,-1.));
#2756=DIRECTION('',(0.,0.,-1.));
#2757=DIRECTION('',(-1.,0.,0.));
#2758=DIRECTION('',(0.,-1.,0.));
#2759=DIRECTION('',(0.,0.,-1.));
#2760=DIRECTION('',(-1.,0.,0.));
#2761=DIRECTION('',(-1.,0.,0.));
#2762=DIRECTION('',(0.,-1.,0.));
#2763=DIRECTION('',(0.,-1.,0.));
#2764=DIRECTION('',(0.,-1.,0.));
#2765=DIRECTION('',(-1.,0.,0.));
#2766=DIRECTION('',(0.,0.,-1.));
#2767=DIRECTION('',(-1.,0.,0.));
#2768=DIRECTION('',(0.,-1.,2.04085114820801E-16));
#2769=DIRECTION('',(0.,-2.04085114820801E-16,-1.));
#2770=DIRECTION('',(0.,-1.,2.04085114820801E-16));
#2771=DIRECTION('',(0.,-2.04085114820801E-16,-1.));
#2772=DIRECTION('',(0.,-1.,2.04085114820801E-16));
#2773=DIRECTION('',(0.,-2.04085114820801E-16,-1.));
#2774=DIRECTION('',(-1.,0.,0.));
#2775=DIRECTION('',(0.,2.04085114820801E-16,1.));
#2776=DIRECTION('',(0.,2.04085114820801E-16,1.));
#2777=DIRECTION('',(0.,0.,-1.));
#2778=DIRECTION('',(-1.,0.,0.));
#2779=DIRECTION('',(-1.,0.,0.));
#2780=DIRECTION('',(0.,0.,-1.));
#2781=DIRECTION('',(-1.,0.,0.));
#2782=DIRECTION('',(0.,1.,4.66480262447545E-16));
#2783=DIRECTION('',(0.,0.,-1.));
#2784=DIRECTION('',(-1.,0.,0.));
#2785=DIRECTION('',(0.,-1.,0.));
#2786=DIRECTION('',(0.,-1.,2.04085114820801E-16));
#2787=DIRECTION('',(0.,-2.04085114820801E-16,-1.));
#2788=DIRECTION('',(0.,2.04085114820801E-16,1.));
#2789=DIRECTION('',(0.,2.04085114820801E-16,1.));
#2790=DIRECTION('',(-1.,0.,0.));
#2791=DIRECTION('',(0.,-1.,0.));
#2792=DIRECTION('',(-1.,0.,0.));
#2793=DIRECTION('',(0.,-1.,0.));
#2794=DIRECTION('',(0.,2.39272203583008E-16,-1.));
#2795=DIRECTION('',(0.,-1.,0.));
#2796=DIRECTION('',(0.,2.39272203583008E-16,-1.));
#2797=DIRECTION('',(0.,-1.,0.));
#2798=DIRECTION('',(0.,2.04085114820801E-16,1.));
#2799=DIRECTION('',(0.,2.04085114820801E-16,1.));
#2800=DIRECTION('',(1.,0.,0.));
#2801=DIRECTION('',(0.,0.,-1.));
#2802=DIRECTION('',(0.,-1.,0.));
#2803=DIRECTION('',(0.,2.39272203583008E-16,-1.));
#2804=DIRECTION('',(0.,-1.,0.));
#2805=DIRECTION('',(0.,2.39272203583008E-16,-1.));
#2806=DIRECTION('',(0.,0.,1.));
#2807=DIRECTION('',(1.,0.,0.));
#2808=DIRECTION('',(1.,0.,0.));
#2809=DIRECTION('',(1.,0.,0.));
#2810=DIRECTION('',(0.,-1.,-2.39272203583008E-16));
#2811=DIRECTION('',(0.,2.39272203583008E-16,-1.));
#2812=DIRECTION('',(1.,0.,0.));
#2813=DIRECTION('',(0.,0.,1.));
#2814=DIRECTION('',(1.,0.,0.));
#2815=DIRECTION('',(1.,0.,0.));
#2816=DIRECTION('',(0.,-1.,-2.39272203583008E-16));
#2817=DIRECTION('',(0.,2.39272203583008E-16,-1.));
#2818=DIRECTION('',(0.,-1.,2.04085114820801E-16));
#2819=DIRECTION('',(0.,-2.04085114820801E-16,-1.));
#2820=DIRECTION('',(0.,-1.,2.04085114820801E-16));
#2821=DIRECTION('',(0.,-2.04085114820801E-16,-1.));
#2822=DIRECTION('',(0.,1.,4.66480262447545E-16));
#2823=DIRECTION('',(0.,-4.66480262447545E-16,1.));
#2824=DIRECTION('',(0.,-1.,2.04085114820801E-16));
#2825=DIRECTION('',(0.,-2.04085114820801E-16,-1.));
#2826=DIRECTION('',(0.,-1.,2.04085114820801E-16));
#2827=DIRECTION('',(0.,-2.04085114820801E-16,-1.));
#2828=DIRECTION('',(0.,1.,-2.04085114820801E-16));
#2829=DIRECTION('',(0.,2.04085114820801E-16,1.));
#2830=DIRECTION('',(0.,-1.,2.04085114820801E-16));
#2831=DIRECTION('',(0.,-2.04085114820801E-16,-1.));
#2832=DIRECTION('',(0.,-1.,2.04085114820801E-16));
#2833=DIRECTION('',(0.,-2.04085114820801E-16,-1.));
#2834=DIRECTION('',(0.,1.,-2.04085114820801E-16));
#2835=DIRECTION('',(0.,2.04085114820801E-16,1.));
#2836=DIRECTION('',(-1.,2.87720626612473E-31,-6.16790569236198E-16));
#2837=DIRECTION('',(-6.16790569236198E-16,0.,1.));
#2838=DIRECTION('',(0.,-1.,-4.66480262447545E-16));
#2839=DIRECTION('',(0.,-1.,-4.66480262447545E-16));
#2840=DIRECTION('',(-0.5,-4.03983757643605E-16,0.866025403784439));
#2841=DIRECTION('',(0.866025403784439,0.,0.5));
#2842=DIRECTION('',(-6.60545757795174E-33,-1.,-4.66480262447545E-16));
#2843=DIRECTION('',(-4.93038065763133E-32,-1.,-4.66480262447545E-16));
#2844=DIRECTION('',(0.5,-4.03983757643606E-16,0.866025403784439));
#2845=DIRECTION('',(0.866025403784439,0.,-0.5));
#2846=DIRECTION('',(-2.46519032881567E-32,-1.,-4.66480262447545E-16));
#2847=DIRECTION('',(2.46519032881567E-32,1.,4.66480262447545E-16));
#2848=DIRECTION('',(0.,1.,4.66480262447545E-16));
#2849=DIRECTION('',(0.,-4.66480262447545E-16,1.));
#2850=DIRECTION('',(0.,1.,4.66480262447545E-16));
#2851=DIRECTION('',(0.,1.,4.66480262447545E-16));
#2852=DIRECTION('',(0.,-4.66480262447545E-16,1.));
#2853=DIRECTION('',(0.,1.,4.66480262447545E-16));
#2854=DIRECTION('',(0.,-1.,-4.66480262447545E-16));
#2855=DIRECTION('',(0.,4.66480262447545E-16,-1.));
#2856=DIRECTION('',(0.,1.,4.66480262447545E-16));
#2857=DIRECTION('',(0.,-4.66480262447545E-16,1.));
#2858=DIRECTION('',(0.,1.,4.66480262447545E-16));
#2859=DIRECTION('',(0.,1.,4.66480262447545E-16));
#2860=DIRECTION('',(0.,-4.66480262447545E-16,1.));
#2861=DIRECTION('',(0.,-1.,-4.66480262447545E-16));
#2862=DIRECTION('',(0.,4.66480262447545E-16,-1.));
#2863=DIRECTION('',(0.,1.,4.66480262447545E-16));
#2864=DIRECTION('',(0.,-4.66480262447545E-16,1.));
#2865=DIRECTION('',(0.,1.,4.66480262447545E-16));
#2866=DIRECTION('',(0.,-4.66480262447545E-16,1.));
#2867=DIRECTION('',(0.,1.,4.66480262447545E-16));
#2868=DIRECTION('',(0.,-1.,-4.66480262447545E-16));
#2869=DIRECTION('',(0.,4.66480262447545E-16,-1.));
#2870=DIRECTION('',(0.,1.,4.66480262447545E-16));
#2871=DIRECTION('',(0.,-4.66480262447545E-16,1.));
#2872=DIRECTION('',(0.,1.,4.66480262447545E-16));
#2873=DIRECTION('',(0.,1.,4.66480262447545E-16));
#2874=DIRECTION('',(0.,1.,4.66480262447545E-16));
#2875=DIRECTION('',(0.,-4.66480262447545E-16,1.));
#2876=DIRECTION('',(0.,1.,4.66480262447545E-16));
#2877=DIRECTION('',(0.,-4.66480262447545E-16,1.));
#2878=DIRECTION('',(0.,1.,4.66480262447545E-16));
#2879=DIRECTION('',(0.,-4.66480262447545E-16,1.));
#2880=DIRECTION('',(0.,1.,4.66480262447545E-16));
#2881=DIRECTION('',(0.,-4.66480262447545E-16,1.));
#2882=DIRECTION('',(2.52825014247794E-47,-1.,-4.66480262447545E-16));
#2883=DIRECTION('',(0.,4.66480262447545E-16,-1.));
#2884=DIRECTION('',(-1.,2.87720626612473E-31,-6.16790569236198E-16));
#2885=DIRECTION('',(-6.16790569236198E-16,0.,1.));
#2886=DIRECTION('',(8.75811540203011E-47,-1.,-4.66480262447545E-16));
#2887=DIRECTION('',(0.,-1.,-4.66480262447545E-16));
#2888=DIRECTION('',(0.5,-4.03983757643606E-16,0.866025403784439));
#2889=DIRECTION('',(0.866025403784439,0.,-0.5));
#2890=DIRECTION('',(1.80464457102049E-32,-1.,-4.66480262447545E-16));
#2891=DIRECTION('',(-4.93038065763132E-32,-1.,-4.66480262447545E-16));
#2892=DIRECTION('',(0.,-4.66480262447545E-16,1.));
#2893=DIRECTION('',(0.,-1.,-4.66480262447545E-16));
#2894=DIRECTION('',(0.,-1.,-4.66480262447545E-16));
#2895=DIRECTION('',(0.,-1.,-4.66480262447545E-16));
#2896=DIRECTION('',(0.,1.,4.66480262447545E-16));
#2897=DIRECTION('',(0.,-4.66480262447545E-16,1.));
#2898=DIRECTION('',(0.,1.,4.66480262447545E-16));
#2899=DIRECTION('',(0.,1.,4.66480262447545E-16));
#2900=DIRECTION('',(0.,1.,4.66480262447545E-16));
#2901=DIRECTION('',(0.,-4.66480262447545E-16,1.));
#2902=DIRECTION('',(0.,1.,4.66480262447545E-16));
#2903=DIRECTION('',(0.,1.,4.66480262447545E-16));
#2904=DIRECTION('',(0.,-4.66480262447545E-16,1.));
#2905=DIRECTION('',(0.,1.,4.66480262447545E-16));
#2906=DIRECTION('',(0.,-4.66480262447545E-16,1.));
#2907=DIRECTION('',(0.,-1.,-4.66480262447545E-16));
#2908=DIRECTION('',(0.,4.66480262447545E-16,-1.));
#2909=DIRECTION('',(0.,1.,4.66480262447545E-16));
#2910=DIRECTION('',(0.,-4.66480262447545E-16,1.));
#2911=DIRECTION('',(-0.5,-4.03983757643605E-16,0.866025403784439));
#2912=DIRECTION('',(0.866025403784439,0.,0.5));
#2913=DIRECTION('',(6.60545757795174E-33,1.,4.66480262447545E-16));
#2914=DIRECTION('',(-3.12573608661084E-32,-1.,-4.66480262447545E-16));
#2915=DIRECTION('',(0.5,-4.03983757643606E-16,0.866025403784439));
#2916=DIRECTION('',(0.866025403784439,0.,-0.5));
#2917=DIRECTION('',(-3.12573608661083E-32,-1.,-4.66480262447545E-16));
#2918=DIRECTION('',(6.6054575779517E-33,1.,4.66480262447545E-16));
#2919=DIRECTION('',(0.5,-4.03983757643606E-16,0.866025403784439));
#2920=DIRECTION('',(0.866025403784439,0.,-0.5));
#2921=DIRECTION('',(-2.46519032881566E-32,-1.,-4.66480262447545E-16));
#2922=DIRECTION('',(0.,-1.,-1.80231010491097E-16));
#2923=DIRECTION('',(-0.5,-4.03983757643605E-16,0.866025403784439));
#2924=DIRECTION('',(0.866025403784439,0.,0.5));
#2925=DIRECTION('',(4.95798248017152E-16,-1.,-1.80231010491097E-16));
#2926=DIRECTION('',(6.60545757795174E-33,1.,4.66480262447545E-16));
#2927=DIRECTION('',(0.,1.,4.66480262447545E-16));
#2928=DIRECTION('',(0.,-4.66480262447545E-16,1.));
#2929=DIRECTION('',(0.,1.,4.66480262447545E-16));
#2930=DIRECTION('',(0.,1.,4.66480262447545E-16));
#2931=DIRECTION('',(0.,1.,4.66480262447545E-16));
#2932=DIRECTION('',(0.,-4.66480262447545E-16,1.));
#2933=DIRECTION('',(0.,1.,4.66480262447545E-16));
#2934=DIRECTION('',(0.,1.,4.66480262447545E-16));
#2935=DIRECTION('',(0.,-4.66480262447545E-16,1.));
#2936=DIRECTION('',(0.,1.,4.66480262447545E-16));
#2937=DIRECTION('',(0.,-1.,-4.66480262447545E-16));
#2938=DIRECTION('',(0.,4.66480262447545E-16,-1.));
#2939=DIRECTION('',(0.,1.,4.66480262447545E-16));
#2940=DIRECTION('',(0.,-1.,-4.66480262447545E-16));
#2941=DIRECTION('',(0.,4.66480262447545E-16,-1.));
#2942=DIRECTION('',(0.,1.,4.66480262447545E-16));
#2943=DIRECTION('',(0.,-4.66480262447545E-16,1.));
#2944=DIRECTION('',(0.,1.,4.66480262447545E-16));
#2945=DIRECTION('',(0.,-4.66480262447545E-16,1.));
#2946=DIRECTION('',(0.,1.,4.66480262447545E-16));
#2947=DIRECTION('',(0.,-4.66480262447545E-16,1.));
#2948=DIRECTION('',(0.,1.,4.66480262447545E-16));
#2949=DIRECTION('',(0.,-4.66480262447545E-16,1.));
#2950=DIRECTION('',(-5.69311319978154E-32,-1.,-4.66480262447545E-16));
#2951=DIRECTION('',(0.,4.66480262447545E-16,-1.));
#2952=DIRECTION('',(-0.5,-4.03983757643605E-16,0.866025403784438));
#2953=DIRECTION('',(0.866025403784438,0.,0.5));
#2954=DIRECTION('',(-6.60545757795174E-33,-1.,-4.66480262447545E-16));
#2955=DIRECTION('',(-2.46519032881566E-32,1.,4.66480262447545E-16));
#2956=DIRECTION('',(0.5,-4.03983757643606E-16,0.866025403784439));
#2957=DIRECTION('',(0.866025403784439,0.,-0.5));
#2958=DIRECTION('',(4.26983489983615E-32,-1.,-4.66480262447545E-16));
#2959=DIRECTION('',(2.46519032881566E-32,1.,4.66480262447545E-16));
#2960=DIRECTION('',(-1.,0.,0.));
#2961=DIRECTION('',(0.,0.,1.));
#2962=DIRECTION('',(0.,1.,4.66480262447545E-16));
#2963=DIRECTION('',(0.,-4.66480262447545E-16,1.));
#2964=DIRECTION('',(0.,1.,4.66480262447545E-16));
#2965=DIRECTION('',(0.,4.66480262447545E-16,-1.));
#2966=DIRECTION('',(0.,-1.,-4.66480262447545E-16));
#2967=DIRECTION('',(0.,4.66480262447545E-16,-1.));
#2968=DIRECTION('',(0.,1.,4.66480262447545E-16));
#2969=DIRECTION('',(0.,-4.66480262447545E-16,1.));
#2970=DIRECTION('',(3.16031267809743E-47,-1.,-4.66480262447545E-16));
#2971=DIRECTION('',(0.,4.66480262447545E-16,-1.));
#2972=DIRECTION('',(3.16031267809743E-47,-1.,-4.66480262447545E-16));
#2973=DIRECTION('',(-2.84655659989077E-32,1.,4.66480262447545E-16));
#2974=DIRECTION('',(0.,-4.66480262447545E-16,1.));
#2975=DIRECTION('',(-2.84655659989077E-32,1.,4.66480262447545E-16));
#2976=DIRECTION('',(-1.,0.,0.));
#2977=DIRECTION('',(0.,0.,1.));
#2978=DIRECTION('',(0.,1.,4.66480262447545E-16));
#2979=DIRECTION('',(0.,-4.66480262447545E-16,1.));
#2980=DIRECTION('',(0.,-1.,-4.66480262447545E-16));
#2981=DIRECTION('',(0.,4.66480262447545E-16,-1.));
#2982=DIRECTION('',(0.,4.66480262447545E-16,-1.));
#2983=DIRECTION('',(0.,1.,4.66480262447545E-16));
#2984=DIRECTION('',(0.,-1.,-4.66480262447545E-16));
#2985=DIRECTION('',(0.,-1.,-4.66480262447545E-16));
#2986=DIRECTION('',(-0.5,-4.03983757643605E-16,0.866025403784438));
#2987=DIRECTION('',(0.866025403784438,0.,0.5));
#2988=DIRECTION('',(-0.5,-4.03983757643605E-16,0.866025403784438));
#2989=DIRECTION('',(0.866025403784438,-2.33240131223773E-16,0.5));
#2990=DIRECTION('',(-2.46519032881566E-32,1.,4.66480262447545E-16));
#2991=DIRECTION('',(-0.5,-4.03983757643605E-16,0.866025403784438));
#2992=DIRECTION('',(-0.866025403784438,2.33240131223773E-16,-0.5));
#2993=DIRECTION('',(0.,1.,4.66480262447545E-16));
#2994=DIRECTION('',(0.,-1.,-4.66480262447545E-16));
#2995=DIRECTION('',(0.,4.66480262447545E-16,-1.));
#2996=DIRECTION('',(0.,1.,4.66480262447545E-16));
#2997=DIRECTION('',(0.,-4.66480262447545E-16,1.));
#2998=DIRECTION('',(0.5,-4.03983757643606E-16,0.866025403784439));
#2999=DIRECTION('',(0.866025403784439,0.,-0.5));
#3000=DIRECTION('',(2.46519032881567E-32,1.,4.66480262447545E-16));
#3001=DIRECTION('',(-3.28429327576129E-47,-1.,-4.66480262447545E-16));
#3002=DIRECTION('',(1.,0.,0.));
#3003=DIRECTION('',(0.,0.,-1.));
#3004=DIRECTION('',(0.,-1.,-4.66480262447545E-16));
#3005=DIRECTION('',(0.,-1.,-4.66480262447545E-16));
#3006=DIRECTION('',(0.,1.,4.66480262447545E-16));
#3007=DIRECTION('',(0.,-4.66480262447545E-16,1.));
#3008=DIRECTION('',(0.,1.,4.66480262447545E-16));
#3009=DIRECTION('',(0.,1.,4.66480262447545E-16));
#3010=DIRECTION('',(0.,-4.66480262447545E-16,1.));
#3011=DIRECTION('',(0.,1.,4.66480262447545E-16));
#3012=DIRECTION('',(0.,1.,4.66480262447545E-16));
#3013=DIRECTION('',(0.,-4.66480262447545E-16,1.));
#3014=DIRECTION('',(0.,1.,4.66480262447545E-16));
#3015=DIRECTION('',(0.,-4.66480262447545E-16,1.));
#3016=DIRECTION('',(0.,1.,4.66480262447545E-16));
#3017=DIRECTION('',(0.,-4.66480262447545E-16,1.));
#3018=DIRECTION('',(0.,1.,4.66480262447545E-16));
#3019=DIRECTION('',(0.,-4.66480262447545E-16,1.));
#3020=DIRECTION('',(0.,-1.,-1.80231010491097E-16));
#3021=DIRECTION('',(0.,1.80231010491097E-16,-1.));
#3022=DIRECTION('',(0.707106781186548,-0.707106781186548,-1.27442569698358E-16));
#3023=DIRECTION('',(0.707106781186548,0.707106781186548,1.27442569698358E-16));
#3024=DIRECTION('',(-0.707106781186548,-0.707106781186548,-1.27442569698358E-16));
#3025=DIRECTION('',(-0.707106781186548,0.707106781186548,1.27442569698358E-16));
#3026=DIRECTION('',(-1.,0.,0.));
#3027=DIRECTION('',(0.,0.,1.));
#3028=DIRECTION('',(-1.,0.,0.));
#3029=DIRECTION('',(0.,0.,1.));
#3030=DIRECTION('',(1.,0.,0.));
#3031=DIRECTION('',(0.,0.,-1.));
#3032=DIRECTION('',(-1.,0.,0.));
#3033=DIRECTION('',(0.,0.,1.));
#3034=DIRECTION('',(0.,1.,1.80231010491097E-16));
#3035=DIRECTION('',(0.,-1.80231010491097E-16,1.));
#3036=DIRECTION('',(0.,-1.,0.));
#3037=DIRECTION('',(0.,0.,-1.));
#3038=DIRECTION('',(0.,1.,0.));
#3039=DIRECTION('',(0.,0.,1.));
#3040=DIRECTION('',(1.,0.,0.));
#3041=DIRECTION('',(0.,1.,0.));
#3042=DIRECTION('',(0.,-1.,-4.66480262447545E-16));
#3043=DIRECTION('',(1.,0.,0.));
#3044=DIRECTION('',(0.,1.,0.));
#3045=DIRECTION('',(0.,1.80231010491097E-16,-1.));
#3046=DIRECTION('',(0.,1.,1.80231010491097E-16));
#3047=DIRECTION('',(0.,-1.,-1.80231010491097E-16));
#3048=DIRECTION('',(0.,-1.,-3.89096854424705E-16));
#3049=DIRECTION('',(0.,3.89096854424705E-16,-1.));
#3050=DIRECTION('',(-1.,0.,0.));
#3051=DIRECTION('',(0.,-3.89096854424705E-16,1.));
#3052=DIRECTION('',(-1.,0.,0.));
#3053=DIRECTION('',(0.,1.06752213906265E-16,-1.));
#3054=DIRECTION('',(0.,1.,1.06752213906265E-16));
#3055=DIRECTION('',(0.,-1.,-1.06752213906265E-16));
#3056=DIRECTION('',(-1.,0.,0.));
#3057=DIRECTION('',(0.,-1.,-3.89096854424705E-16));
#3058=DIRECTION('',(0.,3.89096854424705E-16,-1.));
#3059=DIRECTION('',(0.,-3.89096854424705E-16,1.));
#3060=DIRECTION('',(-1.,0.,0.));
#3061=DIRECTION('',(0.,2.1350442781253E-16,-1.));
#3062=DIRECTION('',(0.,1.,2.1350442781253E-16));
#3063=DIRECTION('',(0.,-1.,-2.1350442781253E-16));
#3064=DIRECTION('',(1.,0.,0.));
#3065=DIRECTION('',(0.,1.,0.));
#3066=DIRECTION('',(1.,0.,0.));
#3067=DIRECTION('',(0.,0.,-1.));
#3068=DIRECTION('',(1.,0.,0.));
#3069=DIRECTION('',(0.,0.,-1.));
#3070=DIRECTION('',(1.,0.,0.));
#3071=DIRECTION('',(0.,0.,-1.));
#3072=DIRECTION('',(1.,0.,0.));
#3073=DIRECTION('',(0.,0.,-1.));
#3074=DIRECTION('',(-1.,0.,0.));
#3075=DIRECTION('',(0.,0.,-1.));
#3076=DIRECTION('',(-1.,0.,0.));
#3077=DIRECTION('',(0.,0.,1.));
#3078=DIRECTION('',(-1.,0.,0.));
#3079=DIRECTION('',(0.,0.,-1.));
#3080=DIRECTION('',(-1.,0.,0.));
#3081=DIRECTION('',(0.,0.,1.));
#3082=DIRECTION('',(-1.,0.,0.));
#3083=DIRECTION('',(0.,0.,-1.));
#3084=DIRECTION('',(-1.,0.,0.));
#3085=DIRECTION('',(0.,0.,1.));
#3086=DIRECTION('',(-1.,0.,0.));
#3087=DIRECTION('',(0.,0.,-1.));
#3088=DIRECTION('',(-1.,0.,0.));
#3089=DIRECTION('',(0.,0.,1.));
#3090=DIRECTION('',(1.,0.,0.));
#3091=DIRECTION('',(0.,1.,0.));
#3092=DIRECTION('',(1.,0.,0.));
#3093=DIRECTION('',(0.,0.,-1.));
#3094=DIRECTION('',(-1.,0.,0.));
#3095=DIRECTION('',(0.,0.,1.));
#3096=DIRECTION('',(1.,0.,0.));
#3097=DIRECTION('',(0.,1.,0.));
#3098=DIRECTION('',(1.,0.,0.));
#3099=DIRECTION('',(0.,0.,-1.));
#3100=DIRECTION('',(-1.,0.,0.));
#3101=DIRECTION('',(0.,0.,1.));
#3102=DIRECTION('',(1.,0.,0.));
#3103=DIRECTION('',(0.,1.,0.));
#3104=DIRECTION('',(1.,0.,0.));
#3105=DIRECTION('',(0.,0.,-1.));
#3106=DIRECTION('',(-1.,0.,0.));
#3107=DIRECTION('',(0.,0.,1.));
#3108=DIRECTION('',(1.,0.,0.));
#3109=DIRECTION('',(0.,1.,0.));
#3110=DIRECTION('',(1.,0.,0.));
#3111=DIRECTION('',(0.,0.,-1.));
#3112=DIRECTION('',(-1.,0.,0.));
#3113=DIRECTION('',(0.,0.,1.));
#3114=DIRECTION('',(0.,2.04085114820801E-16,1.));
#3115=DIRECTION('',(0.,-1.,2.04085114820801E-16));
#3116=DIRECTION('',(0.,-2.04085114820801E-16,-1.));
#3117=DIRECTION('',(0.,1.,-2.04085114820801E-16));
#3118=DIRECTION('',(0.,-1.,-4.66480262447545E-16));
#3119=DIRECTION('',(0.,4.66480262447545E-16,-1.));
#3120=DIRECTION('',(0.14037687375228,0.,0.990098143274462));
#3121=DIRECTION('',(0.990098143274462,0.,-0.14037687375228));
#3122=DIRECTION('',(0.,-1.,-4.66480262447545E-16));
#3123=DIRECTION('',(0.,4.66480262447545E-16,-1.));
#3124=DIRECTION('',(-0.258607176556497,0.,0.965982571392195));
#3125=DIRECTION('',(0.965982571392195,0.,0.258607176556497));
#3126=DIRECTION('',(0.,-1.,-4.66480262447545E-16));
#3127=DIRECTION('',(0.,4.66480262447545E-16,-1.));
#3128=DIRECTION('',(0.,-5.52727685166608E-16,1.));
#3129=DIRECTION('',(0.,-1.,-5.52727685166608E-16));
#3130=DIRECTION('',(0.,4.66480262447545E-16,-1.));
#3131=DIRECTION('',(0.,1.,4.66480262447545E-16));
#3132=DIRECTION('',(0.,1.80231010491097E-16,-1.));
#3133=DIRECTION('',(0.,1.,1.80231010491097E-16));
#3134=DIRECTION('',(0.,1.80231010491097E-16,-1.));
#3135=DIRECTION('',(0.,1.,1.80231010491097E-16));
#3136=DIRECTION('',(0.,-1.,-4.66480262447545E-16));
#3137=DIRECTION('',(0.,4.66480262447545E-16,-1.));
#3138=DIRECTION('',(0.14037687375228,0.,0.990098143274462));
#3139=DIRECTION('',(0.990098143274462,0.,-0.14037687375228));
#3140=DIRECTION('',(0.,-1.,-4.66480262447545E-16));
#3141=DIRECTION('',(0.,4.66480262447545E-16,-1.));
#3142=DIRECTION('',(-0.258607176556497,0.,0.965982571392195));
#3143=DIRECTION('',(0.965982571392195,0.,0.258607176556497));
#3144=DIRECTION('',(0.,-1.,-4.66480262447545E-16));
#3145=DIRECTION('',(0.,4.66480262447545E-16,-1.));
#3146=DIRECTION('',(0.,-5.52727685166609E-16,1.));
#3147=DIRECTION('',(0.,-1.,-5.52727685166609E-16));
#3148=DIRECTION('',(0.,-4.66480262447545E-16,1.));
#3149=DIRECTION('',(0.,-1.,-4.66480262447545E-16));
#3150=DIRECTION('',(0.,1.80231010491097E-16,-1.));
#3151=DIRECTION('',(0.,1.,1.80231010491097E-16));
#3152=DIRECTION('',(0.,1.80231010491097E-16,-1.));
#3153=DIRECTION('',(0.,1.,1.80231010491097E-16));
#3154=DIRECTION('',(0.,-1.,-1.80231010491097E-16));
#3155=DIRECTION('',(0.,1.80231010491097E-16,-1.));
#3156=DIRECTION('',(0.,1.,4.66480262447545E-16));
#3157=DIRECTION('',(0.,-4.66480262447545E-16,1.));
#3158=CARTESIAN_POINT('',(0.,0.,0.));
#3159=CARTESIAN_POINT('',(0.034,-2.08166817117217E-17,0.02975));
#3160=CARTESIAN_POINT('',(0.02772304473783,0.0129730447378299,0.02975));
#3161=CARTESIAN_POINT('',(0.02772304473783,0.01725,0.02975));
#3162=CARTESIAN_POINT('',(0.032,0.0129730447378299,0.02975));
#3163=CARTESIAN_POINT('',(0.034,0.01725,0.02975));
#3164=CARTESIAN_POINT('',(0.002,0.01725,0.02975));
#3165=CARTESIAN_POINT('',(0.002,-2.08166817117217E-17,0.02975));
#3166=CARTESIAN_POINT('',(0.002,-0.01725,0.02975));
#3167=CARTESIAN_POINT('',(0.034,-0.01725,0.02975));
#3168=CARTESIAN_POINT('',(0.02772304473783,-0.01725,0.02975));
#3169=CARTESIAN_POINT('',(0.02772304473783,-0.01297304473783,0.02975));
#3170=CARTESIAN_POINT('',(0.032,-0.01297304473783,0.02975));
#3171=CARTESIAN_POINT('',(0.032,0.01925,0.02975));
#3172=CARTESIAN_POINT('',(0.034,-0.01925,3.46944695195361E-18));
#3173=CARTESIAN_POINT('',(0.0207,-0.01925,-0.02775));
#3174=CARTESIAN_POINT('',(0.0207,-0.01925,-0.02975));
#3175=CARTESIAN_POINT('',(0.0223201798421999,-0.01925,-0.0289226113076929));
#3176=CARTESIAN_POINT('',(0.0279329296475948,-0.01925,-0.0321631339187316));
#3177=CARTESIAN_POINT('',(0.0277350767929837,-0.01925,-0.032048903519862));
#3178=CARTESIAN_POINT('',(0.247348956372007,-0.01925,-0.02975));
#3179=CARTESIAN_POINT('',(0.02772304473783,-0.01925,-0.02975));
#3180=CARTESIAN_POINT('',(0.02772304473783,-0.01925,3.46944695195361E-18));
#3181=CARTESIAN_POINT('',(0.02772304473783,-0.01925,-0.0254063298388863));
#3182=CARTESIAN_POINT('',(0.027,-0.01925,-0.023541602966903));
#3183=CARTESIAN_POINT('',(0.026,-0.01925,-0.0252736537744719));
#3184=CARTESIAN_POINT('',(0.0304329296475948,-0.01925,-0.0278330068998094));
#3185=CARTESIAN_POINT('',(0.0229401438550198,-0.01925,-0.0235070450054861));
#3186=CARTESIAN_POINT('',(0.0239401438550199,-0.01925,-0.0217749941979172));
#3187=CARTESIAN_POINT('',(0.0227,-0.01925,-0.0233440841312405));
#3188=CARTESIAN_POINT('',(0.0227,-0.01925,3.46944695195361E-18));
#3189=CARTESIAN_POINT('',(0.0227,-0.01925,-0.00290205668730053));
#3190=CARTESIAN_POINT('',(0.0239401438550198,-0.01925,-0.00447114662062386));
#3191=CARTESIAN_POINT('',(0.0229401438550198,-0.01925,-0.00273909581305498));
#3192=CARTESIAN_POINT('',(0.0304329296475947,-0.01925,0.00158686608126837));
#3193=CARTESIAN_POINT('',(0.026,-0.01925,-0.00097248704406914));
#3194=CARTESIAN_POINT('',(0.027,-0.01925,-0.00270453785163801));
#3195=CARTESIAN_POINT('',(0.02772304473783,-0.01925,-0.000839810979654771));
#3196=CARTESIAN_POINT('',(0.02772304473783,-0.01925,3.46944695195361E-18));
#3197=CARTESIAN_POINT('',(0.02772304473783,-0.01925,0.00579581599103901));
#3198=CARTESIAN_POINT('',(0.0279329296475948,-0.01925,0.00591699310019056));
#3199=CARTESIAN_POINT('',(0.0227,-0.01925,0.00289575975950136));
#3200=CARTESIAN_POINT('',(0.0227,-0.01925,3.46944695195361E-18));
#3201=CARTESIAN_POINT('',(0.0227,-0.01925,0.02275));
#3202=CARTESIAN_POINT('',(0.0247,-0.01925,0.02275));
#3203=CARTESIAN_POINT('',(0.0247,-0.01925,0.02475));
#3204=CARTESIAN_POINT('',(0.034,-0.01925,0.02475));
#3205=CARTESIAN_POINT('',(0.027,-0.01925,0.02475));
#3206=CARTESIAN_POINT('',(0.027,-0.01925,0.02275));
#3207=CARTESIAN_POINT('',(0.02772304473783,-0.01925,0.0246147268719832));
#3208=CARTESIAN_POINT('',(0.02772304473783,-0.01925,3.46944695195361E-18));
#3209=CARTESIAN_POINT('',(0.02772304473783,-0.01925,0.02775));
#3210=CARTESIAN_POINT('',(0.,-0.01925,0.02775));
#3211=CARTESIAN_POINT('',(0.,-0.01925,0.02775));
#3212=CARTESIAN_POINT('',(0.,-0.01925,3.46944695195361E-18));
#3213=CARTESIAN_POINT('',(0.,-0.01925,-0.02975));
#3214=CARTESIAN_POINT('',(0.106728391960688,-0.01925,-0.02975));
#3215=CARTESIAN_POINT('',(0.0038036216422898,-0.01925,-0.0579890032653305));
#3216=CARTESIAN_POINT('',(-0.116513937286253,-0.01925,-0.0909999872));
#3217=CARTESIAN_POINT('',(0.00766336342236236,-0.01925,-0.078915367405381));
#3218=CARTESIAN_POINT('',(-0.00330230182255836,-0.01925,-0.0799825181207189));
#3219=CARTESIAN_POINT('',(-0.00330230182255836,-0.01925,-0.0909999871999997));
#3220=CARTESIAN_POINT('',(0.034,-0.01925,-0.0909999871999997));
#3221=CARTESIAN_POINT('',(0.01824999999876,-0.01925,-0.0909999871999997));
#3222=CARTESIAN_POINT('',(0.01824999999876,-0.01925,3.46944695195361E-18));
#3223=CARTESIAN_POINT('',(0.01824999999876,-0.01925,-0.116856653836199));
#3224=CARTESIAN_POINT('',(0.00824999999875998,-0.01925,-0.090999987200052));
#3225=CARTESIAN_POINT('',(0.0241975921868466,-0.01925,-0.113676881011491));
#3226=CARTESIAN_POINT('',(0.02524999999876,-0.01925,-0.111976164163388));
#3227=CARTESIAN_POINT('',(0.02324999999876,-0.01925,-0.111976164163388));
#3228=CARTESIAN_POINT('',(0.02324999999876,-0.01925,-1.10205962003232E-17));
#3229=CARTESIAN_POINT('',(0.02324999999876,-0.01925,-0.100423544840518));
#3230=CARTESIAN_POINT('',(0.02524999999876,-0.01925,-0.100423544840518));
#3231=CARTESIAN_POINT('',(0.02624999999876,-0.01925,-0.0986914940329497));
#3232=CARTESIAN_POINT('',(0.0279329296475948,-0.01925,-0.0996631339187316));
#3233=CARTESIAN_POINT('',(0.0328003230648448,-0.01925,-0.102473324818433));
#3234=CARTESIAN_POINT('',(0.0318003230648448,-0.01925,-0.104205375626002));
#3235=CARTESIAN_POINT('',(0.0332984324511501,-0.01925,-0.102880359299059));
#3236=CARTESIAN_POINT('',(0.00824999999875998,-0.01925,-0.090999987200052));
#3237=CARTESIAN_POINT('',(0.0351877440473336,-0.01925,-0.0975517163692374));
#3238=CARTESIAN_POINT('',(0.0348588935534281,-0.01925,-0.0955789372755074));
#3239=CARTESIAN_POINT('',(0.0338588935534281,-0.01925,-0.0973109880830762));
#3240=CARTESIAN_POINT('',(0.0304329296475947,-0.01925,-0.0953330068998094));
#3241=CARTESIAN_POINT('',(0.0241765873270601,-0.01925,-0.0917209059769063));
#3242=CARTESIAN_POINT('',(0.0251765873270602,-0.01925,-0.0899888551693374));
#3243=CARTESIAN_POINT('',(0.0231975623761172,-0.01925,-0.090277750035241));
#3244=CARTESIAN_POINT('',(0.01824999999876,-0.01925,-0.0909999871999997));
#3245=CARTESIAN_POINT('',(0.022314388467517,-0.01925,-0.0880878150939877));
#3246=CARTESIAN_POINT('',(0.0239401438550199,-0.01925,-0.0869229462515828));
#3247=CARTESIAN_POINT('',(0.0219401438550198,-0.01925,-0.0869229462515828));
#3248=CARTESIAN_POINT('',(0.0219401438550198,-0.01925,-0.0806230704092705));
#3249=CARTESIAN_POINT('',(0.0219401438550198,-0.01925,-0.0719711466206239));
#3250=CARTESIAN_POINT('',(0.0239401438550198,-0.01925,-0.0719711466206239));
#3251=CARTESIAN_POINT('',(0.0229401438550198,-0.01925,-0.070239095813055));
#3252=CARTESIAN_POINT('',(0.0304329296475947,-0.01925,-0.0659131339187317));
#3253=CARTESIAN_POINT('',(0.0293891008185614,-0.01925,-0.066515788774162));
#3254=CARTESIAN_POINT('',(0.0303891008185613,-0.01925,-0.0682478395817308));
#3255=CARTESIAN_POINT('',(0.030783539309827,-0.01925,-0.0662871207654269));
#3256=CARTESIAN_POINT('',(0.247348956372007,-0.01925,-0.02975));
#3257=CARTESIAN_POINT('',(0.029880510915225,-0.01925,-0.0604585703306745));
#3258=CARTESIAN_POINT('',(0.0279329296475948,-0.01925,-0.0615830068998094));
#3259=CARTESIAN_POINT('',(0.0204401438550198,-0.01925,-0.0659089687941328));
#3260=CARTESIAN_POINT('',(0.0194401438550199,-0.01925,-0.0641769179865639));
#3261=CARTESIAN_POINT('',(0.0184401438550198,-0.01925,-0.0659089687941328));
#3262=CARTESIAN_POINT('',(0.0109473580624449,-0.01925,-0.0615830068998094));
#3263=CARTESIAN_POINT('',(0.0104442284715323,-0.01925,-0.0612925248950588));
#3264=CARTESIAN_POINT('',(0.0114442284715323,-0.01925,-0.0595604740874899));
#3265=CARTESIAN_POINT('',(0.00950199498345723,-0.01925,-0.0600376837665617));
#3266=CARTESIAN_POINT('',(-0.116513937286253,-0.01925,-0.0909999872));
#3267=CARTESIAN_POINT('',(0.00862542999279498,-0.01925,-0.0566660655377697));
#3268=CARTESIAN_POINT('',(0.106728391960688,-0.01925,-0.02975));
#3269=CARTESIAN_POINT('',(0.00524130512943546,-0.01925,-0.0367526378896229));
#3270=CARTESIAN_POINT('',(0.00723656102359077,-0.01925,-0.0366149646647807));
#3271=CARTESIAN_POINT('',(0.00623656102359077,-0.01925,-0.0348829138572117));
#3272=CARTESIAN_POINT('',(0.0109473580624449,-0.01925,-0.0321631339187316));
#3273=CARTESIAN_POINT('',(0.0151270286151559,-0.01925,-0.02975));
#3274=CARTESIAN_POINT('',(0.0227,-0.01925,-0.02975));
#3275=CARTESIAN_POINT('',(-0.00330230182255836,-0.01925,-0.0799825181207189));
#3276=CARTESIAN_POINT('',(0.0123119092087864,-0.01925,-0.0835540345457614));
#3277=CARTESIAN_POINT('',(0.0126398535608927,-0.01925,-0.0784310680133614));
#3278=CARTESIAN_POINT('',(-0.116513937286253,-0.01925,-0.0909999872));
#3279=CARTESIAN_POINT('',(0.0117906694319664,-0.01925,-0.0715936141593843));
#3280=CARTESIAN_POINT('',(0.0137681773498468,-0.01925,-0.071294511443381));
#3281=CARTESIAN_POINT('',(0.0147681773498468,-0.01925,-0.0695624606358121));
#3282=CARTESIAN_POINT('',(0.00844735806244489,-0.01925,-0.0659131339187316));
#3283=CARTESIAN_POINT('',(0.0159401438550198,-0.01925,-0.070239095813055));
#3284=CARTESIAN_POINT('',(0.0149401438550198,-0.01925,-0.0719711466206238));
#3285=CARTESIAN_POINT('',(0.0169401438550198,-0.01925,-0.0719711466206238));
#3286=CARTESIAN_POINT('',(0.0169401438550198,-0.01925,-0.0806230704092705));
#3287=CARTESIAN_POINT('',(0.0169401438550198,-0.01925,-0.0839999871999997));
#3288=CARTESIAN_POINT('',(0.0149401438550198,-0.01925,-0.0839999871999997));
#3289=CARTESIAN_POINT('',(0.0149401438550198,-0.01925,-0.0859999871999997));
#3290=CARTESIAN_POINT('',(0.034,-0.01925,-0.0859999871999997));
#3291=CARTESIAN_POINT('',(0.0142615569282931,-0.01925,-0.0859999871999997));
#3292=CARTESIAN_POINT('',(0.0142615569282931,-0.01925,-0.0839999871999997));
#3293=CARTESIAN_POINT('',(0.034,0.01925,6.93889390390723E-18));
#3294=CARTESIAN_POINT('',(0.0137681773498468,0.01925,-0.071294511443381));
#3295=CARTESIAN_POINT('',(0.0117906694319664,0.01925,-0.0715936141593843));
#3296=CARTESIAN_POINT('',(0.0147681773498468,0.01925,-0.0695624606358121));
#3297=CARTESIAN_POINT('',(-0.116513937286253,0.01925,-0.0909999872));
#3298=CARTESIAN_POINT('',(0.0126398535608927,0.01925,-0.0784310680133614));
#3299=CARTESIAN_POINT('',(-0.00330230182255836,0.01925,-0.0799825181207189));
#3300=CARTESIAN_POINT('',(0.0123119092087864,0.01925,-0.0835540345457614));
#3301=CARTESIAN_POINT('',(0.0142615569282931,0.01925,-0.0839999871999997));
#3302=CARTESIAN_POINT('',(0.0142615569282931,0.01925,-0.0859999871999997));
#3303=CARTESIAN_POINT('',(0.0291829296475948,0.01925,-0.0859999871999997));
#3304=CARTESIAN_POINT('',(0.0149401438550198,0.01925,-0.0859999871999997));
#3305=CARTESIAN_POINT('',(0.0149401438550198,0.01925,-0.0839999871999997));
#3306=CARTESIAN_POINT('',(0.0169401438550198,0.01925,-0.0839999871999997));
#3307=CARTESIAN_POINT('',(0.0169401438550198,0.01925,-0.0637480704092705));
#3308=CARTESIAN_POINT('',(0.0169401438550198,0.01925,-0.0719711466206238));
#3309=CARTESIAN_POINT('',(0.0149401438550198,0.01925,-0.0719711466206238));
#3310=CARTESIAN_POINT('',(0.0159401438550198,0.01925,-0.0702390958130549));
#3311=CARTESIAN_POINT('',(0.0230615367513073,0.01925,-0.0743506339187316));
#3312=CARTESIAN_POINT('',(0.0425471083364572,0.01925,-0.0406006339187316));
#3313=CARTESIAN_POINT('',(0.0223201798421999,0.01925,-0.0289226113076929));
#3314=CARTESIAN_POINT('',(0.0277350767929837,0.01925,-0.032048903519862));
#3315=CARTESIAN_POINT('',(0.0207,0.01925,-0.02775));
#3316=CARTESIAN_POINT('',(0.0207,0.01925,-0.02975));
#3317=CARTESIAN_POINT('',(0.0227,0.01925,-0.02975));
#3318=CARTESIAN_POINT('',(0.0151270286151559,0.01925,-0.02975));
#3319=CARTESIAN_POINT('',(0.0109473580624449,0.01925,-0.0321631339187316));
#3320=CARTESIAN_POINT('',(0.00623656102359077,0.01925,-0.0348829138572117));
#3321=CARTESIAN_POINT('',(0.00723656102359077,0.01925,-0.0366149646647806));
#3322=CARTESIAN_POINT('',(0.00524130512943546,0.01925,-0.0367526378896229));
#3323=CARTESIAN_POINT('',(0.106728391960688,0.01925,-0.02975));
#3324=CARTESIAN_POINT('',(0.00862542999279498,0.01925,-0.0566660655377697));
#3325=CARTESIAN_POINT('',(-0.116513937286253,0.01925,-0.0909999872));
#3326=CARTESIAN_POINT('',(0.00950199498345723,0.01925,-0.0600376837665617));
#3327=CARTESIAN_POINT('',(0.0114442284715323,0.01925,-0.0595604740874899));
#3328=CARTESIAN_POINT('',(0.0104442284715323,0.01925,-0.0612925248950588));
#3329=CARTESIAN_POINT('',(0.0255615367513073,0.01925,-0.0700205068998094));
#3330=CARTESIAN_POINT('',(0.0184401438550198,0.01925,-0.0659089687941328));
#3331=CARTESIAN_POINT('',(0.0194401438550199,0.01925,-0.0641769179865639));
#3332=CARTESIAN_POINT('',(0.0204401438550198,0.01925,-0.0659089687941328));
#3333=CARTESIAN_POINT('',(0.0279329296475948,0.01925,-0.0615830068998094));
#3334=CARTESIAN_POINT('',(0.029880510915225,0.01925,-0.0604585703306745));
#3335=CARTESIAN_POINT('',(0.247348956372007,0.01925,-0.02975));
#3336=CARTESIAN_POINT('',(0.030783539309827,0.01925,-0.0662871207654269));
#3337=CARTESIAN_POINT('',(0.0303891008185613,0.01925,-0.0682478395817308));
#3338=CARTESIAN_POINT('',(0.0293891008185614,0.01925,-0.0665157887741619));
#3339=CARTESIAN_POINT('',(0.0304329296475948,0.01925,-0.0659131339187316));
#3340=CARTESIAN_POINT('',(0.0229401438550198,0.01925,-0.070239095813055));
#3341=CARTESIAN_POINT('',(0.0239401438550198,0.01925,-0.0719711466206238));
#3342=CARTESIAN_POINT('',(0.0219401438550198,0.01925,-0.0719711466206238));
#3343=CARTESIAN_POINT('',(0.0219401438550198,0.01925,-0.0637480704092705));
#3344=CARTESIAN_POINT('',(0.0219401438550198,0.01925,-0.0869229462515828));
#3345=CARTESIAN_POINT('',(0.0239401438550199,0.01925,-0.0869229462515828));
#3346=CARTESIAN_POINT('',(0.022314388467517,0.01925,-0.0880878150939877));
#3347=CARTESIAN_POINT('',(0.01824999999876,0.01925,-0.0909999871999997));
#3348=CARTESIAN_POINT('',(0.0231975623761172,0.01925,-0.0902777500352409));
#3349=CARTESIAN_POINT('',(0.0251765873270602,0.01925,-0.0899888551693374));
#3350=CARTESIAN_POINT('',(0.0241765873270601,0.01925,-0.0917209059769063));
#3351=CARTESIAN_POINT('',(0.0158187509587324,0.01925,-0.0868955068998094));
#3352=CARTESIAN_POINT('',(0.0338588935534281,0.01925,-0.0973109880830762));
#3353=CARTESIAN_POINT('',(0.0348588935534281,0.01925,-0.0955789372755074));
#3354=CARTESIAN_POINT('',(0.0351877440473336,0.01925,-0.0975517163692373));
#3355=CARTESIAN_POINT('',(0.00824999999875998,0.01925,-0.090999987200052));
#3356=CARTESIAN_POINT('',(0.0332984324511501,0.01925,-0.102880359299059));
#3357=CARTESIAN_POINT('',(0.0318003230648448,0.01925,-0.104205375626002));
#3358=CARTESIAN_POINT('',(0.0328003230648448,0.01925,-0.102473324818433));
#3359=CARTESIAN_POINT('',(0.0133187509587324,0.01925,-0.0912256339187316));
#3360=CARTESIAN_POINT('',(0.02624999999876,0.01925,-0.0986914940329496));
#3361=CARTESIAN_POINT('',(0.02524999999876,0.01925,-0.100423544840518));
#3362=CARTESIAN_POINT('',(0.02324999999876,0.01925,-0.100423544840518));
#3363=CARTESIAN_POINT('',(0.02324999999876,0.01925,-0.0637480704092705));
#3364=CARTESIAN_POINT('',(0.02324999999876,0.01925,-0.111976164163388));
#3365=CARTESIAN_POINT('',(0.02524999999876,0.01925,-0.111976164163388));
#3366=CARTESIAN_POINT('',(0.0241975921868466,0.01925,-0.113676881011491));
#3367=CARTESIAN_POINT('',(0.00824999999875998,0.01925,-0.090999987200052));
#3368=CARTESIAN_POINT('',(0.01824999999876,0.01925,-0.116856653836199));
#3369=CARTESIAN_POINT('',(0.01824999999876,0.01925,6.93889390390723E-18));
#3370=CARTESIAN_POINT('',(0.01824999999876,0.01925,-0.0909999871999997));
#3371=CARTESIAN_POINT('',(0.034,0.01925,-0.0909999871999997));
#3372=CARTESIAN_POINT('',(-0.00330230182255836,0.01925,-0.0909999871999997));
#3373=CARTESIAN_POINT('',(-0.00330230182255836,0.01925,-0.0799825181207189));
#3374=CARTESIAN_POINT('',(0.00766336342236236,0.01925,-0.0789153674053809));
#3375=CARTESIAN_POINT('',(-0.116513937286253,0.01925,-0.0909999872));
#3376=CARTESIAN_POINT('',(0.0038036216422898,0.01925,-0.0579890032653305));
#3377=CARTESIAN_POINT('',(0.106728391960688,0.01925,-0.02975));
#3378=CARTESIAN_POINT('',(0.,0.01925,-0.02975));
#3379=CARTESIAN_POINT('',(0.,0.01925,6.93889390390723E-18));
#3380=CARTESIAN_POINT('',(0.,0.01925,0.02775));
#3381=CARTESIAN_POINT('',(0.034,0.01925,0.02775));
#3382=CARTESIAN_POINT('',(0.02772304473783,0.01925,0.02775));
#3383=CARTESIAN_POINT('',(0.02772304473783,0.01925,-0.02975));
#3384=CARTESIAN_POINT('',(0.02772304473783,0.01925,0.0246147268719832));
#3385=CARTESIAN_POINT('',(0.027,0.01925,0.02275));
#3386=CARTESIAN_POINT('',(0.027,0.01925,0.02475));
#3387=CARTESIAN_POINT('',(0.0291829296475948,0.01925,0.02475));
#3388=CARTESIAN_POINT('',(0.0247,0.01925,0.02475));
#3389=CARTESIAN_POINT('',(0.0247,0.01925,0.02275));
#3390=CARTESIAN_POINT('',(0.0227,0.01925,0.02275));
#3391=CARTESIAN_POINT('',(0.0227,0.01925,6.93889390390723E-18));
#3392=CARTESIAN_POINT('',(0.0227,0.01925,0.00289575975950136));
#3393=CARTESIAN_POINT('',(-0.00129542773013005,0.01925,-0.0109580068998094));
#3394=CARTESIAN_POINT('',(0.02772304473783,0.01925,0.00579581599103904));
#3395=CARTESIAN_POINT('',(0.02772304473783,0.01925,-0.02975));
#3396=CARTESIAN_POINT('',(0.02772304473783,0.01925,-0.000839810979654753));
#3397=CARTESIAN_POINT('',(0.027,0.01925,-0.002704537851638));
#3398=CARTESIAN_POINT('',(0.026,0.01925,-0.000972487044069124));
#3399=CARTESIAN_POINT('',(0.00120457226986995,0.01925,-0.0152881339187317));
#3400=CARTESIAN_POINT('',(0.0229401438550198,0.01925,-0.00273909581305497));
#3401=CARTESIAN_POINT('',(0.0239401438550198,0.01925,-0.00447114662062384));
#3402=CARTESIAN_POINT('',(0.0227,0.01925,-0.00290205668730053));
#3403=CARTESIAN_POINT('',(0.0227,0.01925,6.93889390390723E-18));
#3404=CARTESIAN_POINT('',(0.0227,0.01925,-0.0233440841312405));
#3405=CARTESIAN_POINT('',(0.0239401438550199,0.01925,-0.0217749941979172));
#3406=CARTESIAN_POINT('',(0.0229401438550198,0.01925,-0.023507045005486));
#3407=CARTESIAN_POINT('',(0.0450471083364572,0.01925,-0.0362705068998094));
#3408=CARTESIAN_POINT('',(0.026,0.01925,-0.0252736537744719));
#3409=CARTESIAN_POINT('',(0.027,0.01925,-0.023541602966903));
#3410=CARTESIAN_POINT('',(0.02772304473783,0.01925,-0.0254063298388862));
#3411=CARTESIAN_POINT('',(0.02772304473783,0.01925,-0.02975));
#3412=CARTESIAN_POINT('',(0.02772304473783,0.01925,-0.02975));
#3413=CARTESIAN_POINT('',(0.247348956372007,0.01925,-0.02975));
#3414=CARTESIAN_POINT('',(0.00499999999875997,-0.01975,-0.1189999872));
#3415=CARTESIAN_POINT('',(0.00499999999875997,-0.01725,-0.1189999872));
#3416=CARTESIAN_POINT('',(0.00499999999875997,-0.01725,-0.1203499872));
#3417=CARTESIAN_POINT('',(0.00499999999875997,-0.0185,-0.1189999872));
#3418=CARTESIAN_POINT('',(0.00499999999875997,-0.0185,-0.1203499872));
#3419=CARTESIAN_POINT('',(0.00499999999875997,-0.01975,-0.1189999872));
#3420=CARTESIAN_POINT('',(0.00499999999875997,-0.01975,-0.1189999872));
#3421=CARTESIAN_POINT('',(0.00499999999875997,-0.01975,-0.1215999872));
#3422=CARTESIAN_POINT('',(0.00499999999875998,-0.01975,-0.0969999871999997));
#3423=CARTESIAN_POINT('',(0.00499999999875998,-0.0185,-0.0969999871999997));
#3424=CARTESIAN_POINT('',(0.00499999999875998,-0.0185,-0.0983499871999997));
#3425=CARTESIAN_POINT('',(0.00499999999875998,-0.01975,-0.0969999871999997));
#3426=CARTESIAN_POINT('',(0.00499999999875998,-0.01975,-0.0995999871999997));
#3427=CARTESIAN_POINT('',(0.00499999999875998,-0.01975,-0.0969999871999997));
#3428=CARTESIAN_POINT('',(0.00499999999875998,-0.01725,-0.0969999871999997));
#3429=CARTESIAN_POINT('',(0.00499999999875998,-0.01725,-0.0983499871999997));
#3430=CARTESIAN_POINT('',(0.00824999999875998,-0.019252,-0.090999987200052));
#3431=CARTESIAN_POINT('',(0.0419133368700402,-0.019252,-0.0957728009076222));
#3432=CARTESIAN_POINT('',(0.0419133368700402,-0.0129730447378299,-0.0957728009076222));
#3433=CARTESIAN_POINT('',(0.0419133368700402,0.01297304473783,-0.0957728009076222));
#3434=CARTESIAN_POINT('',(0.00824999999875998,-0.0129730447378299,-0.090999987200052));
#3435=CARTESIAN_POINT('',(0.01824999999876,-0.0129730447378299,-0.123496140818541));
#3436=CARTESIAN_POINT('',(0.01824999999876,-0.019252,-0.123496140818541));
#3437=CARTESIAN_POINT('',(0.01824999999876,0.01297304473783,-0.123496140818541));
#3438=CARTESIAN_POINT('',(0.00824999999875998,0.01297304473783,-0.090999987200052));
#3439=CARTESIAN_POINT('',(0.034,-3.46944695195361E-18,3.46944695195361E-18));
#3440=CARTESIAN_POINT('',(0.034,-0.01925,0.02775));
#3441=CARTESIAN_POINT('',(0.034,0.0129730447378299,0.02775));
#3442=CARTESIAN_POINT('',(0.034,-0.0129730447378299,0.02775));
#3443=CARTESIAN_POINT('',(0.034,-0.0129730447378299,-2.58222236209304E-18));
#3444=CARTESIAN_POINT('',(0.034,-0.0129730447378299,-0.02975));
#3445=CARTESIAN_POINT('',(0.034,1.04083408558608E-17,-0.02975));
#3446=CARTESIAN_POINT('',(0.034,0.01297304473783,-0.02975));
#3447=CARTESIAN_POINT('',(0.034,0.0129730447378299,0.02775));
#3448=CARTESIAN_POINT('',(0.,-3.46944695195361E-18,3.46944695195361E-18));
#3449=CARTESIAN_POINT('',(0.,-1.38777878078145E-17,0.02675));
#3450=CARTESIAN_POINT('',(0.,0.01625,0.02675));
#3451=CARTESIAN_POINT('',(0.,-0.01625,0.02675));
#3452=CARTESIAN_POINT('',(0.,-0.01625,3.46944695195361E-18));
#3453=CARTESIAN_POINT('',(0.,-0.01625,-0.02675));
#3454=CARTESIAN_POINT('',(0.,6.93889390390723E-18,-0.02675));
#3455=CARTESIAN_POINT('',(0.,0.01625,-0.02675));
#3456=CARTESIAN_POINT('',(0.,0.01625,8.67361737988404E-18));
#3457=CARTESIAN_POINT('',(0.,-8.47085749308155E-18,0.02775));
#3458=CARTESIAN_POINT('',(0.,1.04083408558608E-17,-0.02975));
#3459=CARTESIAN_POINT('',(-0.116513937286253,-0.019252,-0.0909999872));
#3460=CARTESIAN_POINT('',(0.00766336342236237,-0.019252,-0.078915367405381));
#3461=CARTESIAN_POINT('',(0.0038036216422898,-0.019252,-0.0579890032653305));
#3462=CARTESIAN_POINT('',(0.106728391960688,-0.019252,-0.02975));
#3463=CARTESIAN_POINT('',(0.247348956372007,-0.019252,-0.02975));
#3464=CARTESIAN_POINT('',(0.247348956372007,-0.0129730447378299,-0.02975));
#3465=CARTESIAN_POINT('',(0.0412575828919345,-0.0129730447378299,-0.08492357122864));
#3466=CARTESIAN_POINT('',(0.0412575828919345,-0.019252,-0.08492357122864));
#3467=CARTESIAN_POINT('',(0.0412575828919345,0.01297304473783,-0.08492357122864));
#3468=CARTESIAN_POINT('',(0.247348956372007,0.01297304473783,-0.02975));
#3469=CARTESIAN_POINT('',(0.0149904507225731,-0.019252,-0.0919556534708329));
#3470=CARTESIAN_POINT('',(0.0149904507225731,-0.0129730447378299,-0.0919556534708329));
#3471=CARTESIAN_POINT('',(0.0149904507225731,0.01297304473783,-0.0919556534708329));
#3472=CARTESIAN_POINT('',(0.01824999999876,3.46944695195361E-18,-0.0909999871999997));
#3473=CARTESIAN_POINT('',(-0.01175000000124,3.46944695195361E-18,-0.0909999871999997));
#3474=CARTESIAN_POINT('',(-0.01175000000124,0.01775,-0.0909999871999997));
#3475=CARTESIAN_POINT('',(-0.01175000000124,-0.01775,-0.0909999871999997));
#3476=CARTESIAN_POINT('',(-0.00975000000124003,-0.01775,-0.0909999871999997));
#3477=CARTESIAN_POINT('',(-0.00975000000124002,-0.01975,-0.0909999871999997));
#3478=CARTESIAN_POINT('',(0.01824999999876,-0.01975,-0.0909999871999997));
#3479=CARTESIAN_POINT('',(0.01824999999876,-0.01975,-0.0909999871999997));
#3480=CARTESIAN_POINT('',(0.01824999999876,3.46944695195361E-18,-0.0909999871999997));
#3481=CARTESIAN_POINT('',(-0.00330230182255836,0.01925,-0.0909999871999997));
#3482=CARTESIAN_POINT('',(0.01824999999876,3.46944695195361E-18,-0.0909999871999997));
#3483=CARTESIAN_POINT('',(0.01824999999876,0.01975,-0.0909999871999997));
#3484=CARTESIAN_POINT('',(0.01824999999876,0.01975,-0.0909999871999997));
#3485=CARTESIAN_POINT('',(-0.00975000000124002,0.01975,-0.0909999871999997));
#3486=CARTESIAN_POINT('',(-0.00975000000124002,0.01775,-0.0909999871999997));
#3487=CARTESIAN_POINT('',(0.01824999999876,0.01975,-0.1079999872));
#3488=CARTESIAN_POINT('',(0.00499999999875998,0.01975,-0.0969999871999997));
#3489=CARTESIAN_POINT('',(0.00499999999875998,0.01975,-0.0995999871999997));
#3490=CARTESIAN_POINT('',(0.00499999999875997,0.01975,-0.1189999872));
#3491=CARTESIAN_POINT('',(0.00499999999875997,0.01975,-0.1215999872));
#3492=CARTESIAN_POINT('',(0.01824999999876,0.01975,-0.1249999872));
#3493=CARTESIAN_POINT('',(0.01824999999876,0.01975,-0.1249999872));
#3494=CARTESIAN_POINT('',(-0.00975000000124002,0.01975,-0.1249999872));
#3495=CARTESIAN_POINT('',(-0.00975000000124002,0.01975,-0.0909999871999997));
#3496=CARTESIAN_POINT('',(0.01824999999876,0.01975,-0.1079999872));
#3497=CARTESIAN_POINT('',(0.01824999999876,-3.46944695195361E-18,-0.1249999872));
#3498=CARTESIAN_POINT('',(0.01824999999876,-0.01975,-0.1249999872));
#3499=CARTESIAN_POINT('',(0.01824999999876,-0.01975,-0.1249999872));
#3500=CARTESIAN_POINT('',(-0.00975000000124002,-0.01975,-0.1249999872));
#3501=CARTESIAN_POINT('',(-0.00975000000124003,-0.01775,-0.1249999872));
#3502=CARTESIAN_POINT('',(-0.01175000000124,-0.01775,-0.1249999872));
#3503=CARTESIAN_POINT('',(-0.01175000000124,-0.019252,-0.1249999872));
#3504=CARTESIAN_POINT('',(-0.01175000000124,0.01775,-0.1249999872));
#3505=CARTESIAN_POINT('',(-0.00975000000124002,0.01775,-0.1249999872));
#3506=CARTESIAN_POINT('',(0.01824999999876,-3.46944695195361E-18,-0.1249999872));
#3507=CARTESIAN_POINT('',(0.01824999999876,-0.01975,-0.1079999872));
#3508=CARTESIAN_POINT('',(-0.00975000000124002,-0.01975,-0.1079999872));
#3509=CARTESIAN_POINT('',(0.01824999999876,-0.01975,-0.1079999872));
#3510=CARTESIAN_POINT('',(0.01824999999876,0.,-0.1079999872));
#3511=CARTESIAN_POINT('',(0.01824999999876,0.01925,-0.116856653836199));
#3512=CARTESIAN_POINT('',(0.01824999999876,0.01925,-0.117710024435324));
#3513=CARTESIAN_POINT('',(0.01824999999876,0.0189496111863238,-0.119393167905121));
#3514=CARTESIAN_POINT('',(0.01824999999876,0.0176095551372696,-0.121604614992682));
#3515=CARTESIAN_POINT('',(0.01824999999876,0.015515568991657,-0.123127910668022));
#3516=CARTESIAN_POINT('',(0.01824999999876,0.0138280244405501,-0.123496140818541));
#3517=CARTESIAN_POINT('',(0.01824999999876,0.01297304473783,-0.123496140818541));
#3518=CARTESIAN_POINT('',(0.01824999999876,-0.0129730447378299,-0.123496140818541));
#3519=CARTESIAN_POINT('',(0.01824999999876,-0.0138270682786786,-0.123496140818541));
#3520=CARTESIAN_POINT('',(0.01824999999876,-0.015508282633239,-0.123130814262533));
#3521=CARTESIAN_POINT('',(0.01824999999876,-0.0176063862787766,-0.121607935777771));
#3522=CARTESIAN_POINT('',(0.01824999999876,-0.0189471938420807,-0.119401299816084));
#3523=CARTESIAN_POINT('',(0.01824999999876,-0.01925,-0.117709372993665));
#3524=CARTESIAN_POINT('',(0.01824999999876,-0.01925,-0.116856653836199));
#3525=CARTESIAN_POINT('',(-0.01175000000124,0.,-0.1079999872));
#3526=CARTESIAN_POINT('',(-0.01175000000124,0.01725,-0.1079999872));
#3527=CARTESIAN_POINT('',(-0.01175000000124,0.01725,-0.0934999872));
#3528=CARTESIAN_POINT('',(-0.01175000000124,0.01725,-0.1224999872));
#3529=CARTESIAN_POINT('',(-0.01175000000124,-3.46944695195361E-18,-0.0934999872));
#3530=CARTESIAN_POINT('',(-0.01175000000124,-0.01725,-0.0934999872));
#3531=CARTESIAN_POINT('',(-0.01175000000124,-0.01725,-0.1079999872));
#3532=CARTESIAN_POINT('',(-0.01175000000124,-0.01725,-0.1224999872));
#3533=CARTESIAN_POINT('',(-0.01175000000124,3.46944695195361E-18,-0.1224999872));
#3534=CARTESIAN_POINT('',(-0.01175000000124,-0.01775,-0.1079999872));
#3535=CARTESIAN_POINT('',(-0.01175000000124,0.01775,-0.1249999872));
#3536=CARTESIAN_POINT('',(0.00824999999875998,-0.019252,-0.1079999872));
#3537=CARTESIAN_POINT('',(0.00824999999875998,-3.46944695195361E-18,-0.0934999872));
#3538=CARTESIAN_POINT('',(0.00824999999875998,0.01725,-0.0934999872));
#3539=CARTESIAN_POINT('',(0.00824999999875998,-0.01725,-0.0934999872));
#3540=CARTESIAN_POINT('',(0.00824999999875998,0.01725,-0.1079999872));
#3541=CARTESIAN_POINT('',(0.00824999999875998,0.01725,-0.1224999872));
#3542=CARTESIAN_POINT('',(0.00824999999875998,3.46944695195361E-18,-0.1224999872));
#3543=CARTESIAN_POINT('',(0.00824999999875998,-0.01725,-0.1224999872));
#3544=CARTESIAN_POINT('',(0.00824999999875998,-0.01725,-0.1079999872));
#3545=CARTESIAN_POINT('',(-0.00525000000124003,3.46944695195361E-18,-0.1224999872));
#3546=CARTESIAN_POINT('',(-0.00525000000124003,0.01725,-0.1224999872));
#3547=CARTESIAN_POINT('',(-0.00525000000124003,-0.01725,-0.1224999872));
#3548=CARTESIAN_POINT('',(-0.00525000000124003,-0.01725,-0.1079999872));
#3549=CARTESIAN_POINT('',(-0.00525000000124003,-0.01725,-0.0934999872));
#3550=CARTESIAN_POINT('',(-0.00525000000124003,-3.46944695195361E-18,-0.0934999872));
#3551=CARTESIAN_POINT('',(-0.00525000000124003,0.01725,-0.0934999872));
#3552=CARTESIAN_POINT('',(-0.00525000000124003,0.01725,-0.1079999872));
#3553=CARTESIAN_POINT('',(0.00499999999875998,0.01725,-0.0969999871999997));
#3554=CARTESIAN_POINT('',(0.00499999999875998,0.01725,-0.0983499871999997));
#3555=CARTESIAN_POINT('',(0.00499999999875997,0.01725,-0.1189999872));
#3556=CARTESIAN_POINT('',(0.00499999999875997,0.01725,-0.1203499872));
#3557=CARTESIAN_POINT('',(-0.00330230182255836,-0.019252,-0.0799825181207189));
#3558=CARTESIAN_POINT('',(0.00499999999875997,0.01975,-0.1189999872));
#3559=CARTESIAN_POINT('',(0.00499999999875997,0.0185,-0.1189999872));
#3560=CARTESIAN_POINT('',(0.00499999999875997,0.0185,-0.1203499872));
#3561=CARTESIAN_POINT('',(0.00499999999875997,0.01975,-0.1189999872));
#3562=CARTESIAN_POINT('',(0.00499999999875998,0.01975,-0.0969999871999997));
#3563=CARTESIAN_POINT('',(0.00499999999875998,0.0185,-0.0969999871999997));
#3564=CARTESIAN_POINT('',(0.00499999999875998,0.0185,-0.0983499871999997));
#3565=CARTESIAN_POINT('',(0.00499999999875998,0.01975,-0.0969999871999997));
#3566=CARTESIAN_POINT('',(0.0219401438550198,-0.019252,-0.0806230704092705));
#3567=CARTESIAN_POINT('',(0.0219401438550198,-0.019252,-0.0719711466206239));
#3568=CARTESIAN_POINT('',(0.0219401438550198,-0.019252,-0.0869229462515828));
#3569=CARTESIAN_POINT('',(0.0304329296475947,-0.019252,-0.0659131339187317));
#3570=CARTESIAN_POINT('',(0.0229401438550198,-0.019252,-0.070239095813055));
#3571=CARTESIAN_POINT('',(0.0293891008185614,-0.019252,-0.066515788774162));
#3572=CARTESIAN_POINT('',(0.0304329296475947,-0.019252,-0.0953330068998094));
#3573=CARTESIAN_POINT('',(0.0338588935534281,-0.019252,-0.0973109880830762));
#3574=CARTESIAN_POINT('',(0.0241765873270601,-0.019252,-0.0917209059769063));
#3575=CARTESIAN_POINT('',(0.0149904507225731,-0.019252,-0.0919556534708329));
#3576=CARTESIAN_POINT('',(0.0369628461536679,-0.019252,-0.0950709165388609));
#3577=CARTESIAN_POINT('',(0.0369628461536679,-0.0191187385653567,-0.0950709165388609));
#3578=CARTESIAN_POINT('',(0.0369628461536679,0.0191187385653568,-0.0950709165388608));
#3579=CARTESIAN_POINT('',(0.0149904507225731,-0.0191187385653567,-0.0919556534708329));
#3580=CARTESIAN_POINT('',(0.0364276700349735,-0.0191187385653567,-0.0862166071114225));
#3581=CARTESIAN_POINT('',(0.0364276700349735,-0.019252,-0.0862166071114225));
#3582=CARTESIAN_POINT('',(0.0364276700349735,0.0191187385653568,-0.0862166071114225));
#3583=CARTESIAN_POINT('',(0.0149904507225731,0.0191187385653568,-0.0919556534708329));
#3584=CARTESIAN_POINT('',(0.00824999999875998,-0.019252,-0.090999987200052));
#3585=CARTESIAN_POINT('',(0.0368299227056296,-0.01925,-0.0959181187625788));
#3586=CARTESIAN_POINT('',(0.0368299227056296,-0.0191187385653567,-0.0959181187625788));
#3587=CARTESIAN_POINT('',(0.0368299227056296,0.0191187385653568,-0.0959181187625788));
#3588=CARTESIAN_POINT('',(0.00824999999875998,-0.0191187385653567,-0.090999987200052));
#3589=CARTESIAN_POINT('',(0.00824999999875998,0.0191187385653568,-0.090999987200052));
#3590=CARTESIAN_POINT('',(0.247348956372007,-0.019252,-0.02975));
#3591=CARTESIAN_POINT('',(0.247348956372007,-0.0191187385653567,-0.02975));
#3592=CARTESIAN_POINT('',(0.0323583396034927,-0.0191187385653567,-0.0678984134694806));
#3593=CARTESIAN_POINT('',(0.0323583396034927,0.01925,-0.0678984134694806));
#3594=CARTESIAN_POINT('',(0.0323583396034927,0.0191187385653568,-0.0678984134694806));
#3595=CARTESIAN_POINT('',(0.247348956372007,0.0191187385653567,-0.02975));
#3596=CARTESIAN_POINT('',(0.01824999999876,-0.019252,-0.0909999871999997));
#3597=CARTESIAN_POINT('',(0.0231975623761172,0.01925,-0.0902777500352409));
#3598=CARTESIAN_POINT('',(0.022314388467517,-0.01925,-0.0880878150939877));
#3599=CARTESIAN_POINT('',(0.0303891008185613,-0.019252,-0.0682478395817308));
#3600=CARTESIAN_POINT('',(0.0323583396034927,-0.0191187385653567,-0.0678984134694806));
#3601=CARTESIAN_POINT('',(0.0322878291180741,-0.0191187385653567,-0.0675010419572705));
#3602=CARTESIAN_POINT('',(0.0319084653565007,-0.0191780644431337,-0.066766763737694));
#3603=CARTESIAN_POINT('',(0.031173350002512,-0.01925,-0.0663655391190549));
#3604=CARTESIAN_POINT('',(0.030783539309827,-0.01925,-0.0662871207654269));
#3605=CARTESIAN_POINT('',(0.030783539309827,0.01925,-0.0662871207654269));
#3606=CARTESIAN_POINT('',(0.0311792429678144,0.01925,-0.0663667246089495));
#3607=CARTESIAN_POINT('',(0.0319040928445058,0.0191781756267451,-0.066762366621842));
#3608=CARTESIAN_POINT('',(0.0322888461267977,0.0191187385653568,-0.0675067734494312));
#3609=CARTESIAN_POINT('',(0.0323583396034927,0.0191187385653568,-0.0678984134694806));
#3610=CARTESIAN_POINT('',(0.0239401438550199,-0.019252,-0.0869229462515828));
#3611=CARTESIAN_POINT('',(0.0251765873270602,-0.019252,-0.0899888551693374));
#3612=CARTESIAN_POINT('',(0.0348588935534281,-0.019252,-0.0955789372755074));
#3613=CARTESIAN_POINT('',(0.0351877440473336,-0.01925,-0.0975517163692374));
#3614=CARTESIAN_POINT('',(0.0355986986356494,-0.01925,-0.097483212693499));
#3615=CARTESIAN_POINT('',(0.0363588809826802,-0.0191768592622027,-0.0970908535976291));
#3616=CARTESIAN_POINT('',(0.0367601749347834,-0.0191187385653567,-0.0963234324217232));
#3617=CARTESIAN_POINT('',(0.0368299227056296,-0.0191187385653567,-0.0959181187625788));
#3618=CARTESIAN_POINT('',(0.0368299227056296,0.0191187385653568,-0.0959181187625788));
#3619=CARTESIAN_POINT('',(0.0367592763703916,0.0191187385653568,-0.0963286541000248));
#3620=CARTESIAN_POINT('',(0.0363624184759279,0.0191768145570553,-0.0970874072929846));
#3621=CARTESIAN_POINT('',(0.0355932969118276,0.0192500000000001,-0.0974841131286021));
#3622=CARTESIAN_POINT('',(0.0351877440473336,0.0192500000000001,-0.0975517163692374));
#3623=CARTESIAN_POINT('',(0.0239401438550198,-0.019252,-0.0719711466206239));
#3624=CARTESIAN_POINT('',(0.0169401438550198,-0.019252,-0.0806230704092705));
#3625=CARTESIAN_POINT('',(0.0169401438550198,-0.019252,-0.0719711466206238));
#3626=CARTESIAN_POINT('',(0.0169401438550198,-0.019252,-0.0839999871999997));
#3627=CARTESIAN_POINT('',(0.00844735806244489,-0.019252,-0.0659131339187316));
#3628=CARTESIAN_POINT('',(0.0159401438550198,-0.019252,-0.070239095813055));
#3629=CARTESIAN_POINT('',(0.0147681773498468,-0.019252,-0.0695624606358121));
#3630=CARTESIAN_POINT('',(0.034,-0.019252,-0.0859999871999997));
#3631=CARTESIAN_POINT('',(0.0149401438550198,-0.019252,-0.0859999871999997));
#3632=CARTESIAN_POINT('',(0.0142615569282931,-0.019252,-0.0859999871999997));
#3633=CARTESIAN_POINT('',(-0.116513937286253,-0.019252,-0.0909999872));
#3634=CARTESIAN_POINT('',(0.0126398535608927,-0.019252,-0.0784310680133614));
#3635=CARTESIAN_POINT('',(0.0117906694319664,-0.01925,-0.0715936141593843));
#3636=CARTESIAN_POINT('',(-0.00330230182255836,-0.019252,-0.0799825181207189));
#3637=CARTESIAN_POINT('',(0.0123119092087864,0.01925,-0.0835540345457614));
#3638=CARTESIAN_POINT('',(0.0142615569282931,-0.019252,-0.0839999871999997));
#3639=CARTESIAN_POINT('',(0.0137681773498468,-0.019252,-0.071294511443381));
#3640=CARTESIAN_POINT('',(0.0149401438550198,-0.019252,-0.0839999871999997));
#3641=CARTESIAN_POINT('',(0.0149401438550198,-0.019252,-0.0719711466206238));
#3642=CARTESIAN_POINT('',(0.0279329296475948,-0.019252,-0.0615830068998094));
#3643=CARTESIAN_POINT('',(0.029880510915225,-0.01925,-0.0604585703306745));
#3644=CARTESIAN_POINT('',(0.029890742796661,-0.01925,-0.0604526629511731));
#3645=CARTESIAN_POINT('',(0.0299009746177577,-0.0192499713086809,-0.0604467556065085));
#3646=CARTESIAN_POINT('',(0.0299112063785194,-0.0192499139279734,-0.0604408482966785));
#3647=CARTESIAN_POINT('',(0.0299112063785194,-0.0192499139279734,-0.0604408482966785));
#3648=CARTESIAN_POINT('',(0.0299112063785194,-0.019252,-0.0604408482966785));
#3649=CARTESIAN_POINT('',(0.0299112063785194,0.0192499139279734,-0.0604408482966785));
#3650=CARTESIAN_POINT('',(0.0299112063785194,0.0192499139279734,-0.0604408482966785));
#3651=CARTESIAN_POINT('',(0.0299009746177577,0.019249971308681,-0.0604467556065085));
#3652=CARTESIAN_POINT('',(0.029890742796661,0.01925,-0.0604526629511731));
#3653=CARTESIAN_POINT('',(0.029880510915225,0.01925,-0.0604585703306745));
#3654=CARTESIAN_POINT('',(0.0204401438550198,-0.019252,-0.0659089687941328));
#3655=CARTESIAN_POINT('',(0.0109473580624449,-0.019252,-0.0615830068998094));
#3656=CARTESIAN_POINT('',(0.0184401438550198,-0.019252,-0.0659089687941328));
#3657=CARTESIAN_POINT('',(0.0104442284715323,-0.019252,-0.0612925248950588));
#3658=CARTESIAN_POINT('',(0.0279329296475948,-0.019252,-0.0321631339187316));
#3659=CARTESIAN_POINT('',(0.0280401664858004,-0.019252,-0.0322250471361367));
#3660=CARTESIAN_POINT('',(0.0280401664858004,-0.0192426750187332,-0.0322250471361367));
#3661=CARTESIAN_POINT('',(0.0280401664858004,0.0192426750187332,-0.0322250471361367));
#3662=CARTESIAN_POINT('',(0.0280401664858004,-0.0192426750187332,-0.0322250471361367));
#3663=CARTESIAN_POINT('',(0.027938513880432,-0.0192475578974058,-0.0321663579770634));
#3664=CARTESIAN_POINT('',(0.027836817324122,-0.01925,-0.0321076434429022));
#3665=CARTESIAN_POINT('',(0.0277350767929837,-0.01925,-0.032048903519862));
#3666=CARTESIAN_POINT('',(0.0223201798421999,1.03101435062156E-17,-0.0289226113076929));
#3667=CARTESIAN_POINT('',(0.0277350767929837,0.01925,-0.032048903519862));
#3668=CARTESIAN_POINT('',(0.027836817324122,0.01925,-0.0321076434429021));
#3669=CARTESIAN_POINT('',(0.027938513880432,0.0192475578974058,-0.0321663579770634));
#3670=CARTESIAN_POINT('',(0.0280401664858004,0.0192426750187332,-0.0322250471361367));
#3671=CARTESIAN_POINT('',(0.0109473580624449,-0.019252,-0.0321631339187316));
#3672=CARTESIAN_POINT('',(0.0151270286151559,-0.019252,-0.02975));
#3673=CARTESIAN_POINT('',(0.00623656102359077,-0.019252,-0.0348829138572117));
#3674=CARTESIAN_POINT('',(0.106728391960688,-0.019252,-0.02975));
#3675=CARTESIAN_POINT('',(0.00862542999279449,-0.019252,-0.0566660655377699));
#3676=CARTESIAN_POINT('',(0.00524130512943546,-0.01925,-0.0367526378896229));
#3677=CARTESIAN_POINT('',(-0.116513937286253,-0.019252,-0.0909999872));
#3678=CARTESIAN_POINT('',(0.00950199498345723,0.01925,-0.0600376837665617));
#3679=CARTESIAN_POINT('',(0.247348956372007,-0.019252,-0.02975));
#3680=CARTESIAN_POINT('',(0.030893859290428,-0.01925,-0.0584459526091891));
#3681=CARTESIAN_POINT('',(0.030893859290428,-0.0191187385653567,-0.0584459526091891));
#3682=CARTESIAN_POINT('',(0.030893859290428,0.0191187385653568,-0.0584459526091891));
#3683=CARTESIAN_POINT('',(0.247348956372007,-0.0191187385653567,-0.02975));
#3684=CARTESIAN_POINT('',(0.0290398019142003,-0.0191187385653567,-0.0339189121677166));
#3685=CARTESIAN_POINT('',(0.0290398019142003,0.01925,-0.0339189121677166));
#3686=CARTESIAN_POINT('',(0.0290398019142003,0.0191187385653568,-0.0339189121677166));
#3687=CARTESIAN_POINT('',(0.247348956372007,0.0191187385653568,-0.02975));
#3688=CARTESIAN_POINT('',(0.00723656102359077,-0.019252,-0.0366149646647807));
#3689=CARTESIAN_POINT('',(0.0270401664858004,-0.019252,-0.0339570979437055));
#3690=CARTESIAN_POINT('',(0.0290398019142003,-0.0191187385653567,-0.0339189121677166));
#3691=CARTESIAN_POINT('',(0.0290265539834492,-0.0191187385653567,-0.0332251713441561));
#3692=CARTESIAN_POINT('',(0.0286405694692956,-0.0192138346863829,-0.0325716899602799));
#3693=CARTESIAN_POINT('',(0.0280401664858004,-0.0192426750187332,-0.0322250471361367));
#3694=CARTESIAN_POINT('',(0.0280401664858004,0.0192426750187332,-0.0322250471361367));
#3695=CARTESIAN_POINT('',(0.0286405342380219,0.0192138363787157,-0.0325716696194945));
#3696=CARTESIAN_POINT('',(0.0290265538340732,0.0191187385653567,-0.0332251635219326));
#3697=CARTESIAN_POINT('',(0.0290398019142003,0.0191187385653567,-0.0339189121677166));
#3698=CARTESIAN_POINT('',(0.0114442284715323,-0.019252,-0.0595604740874899));
#3699=CARTESIAN_POINT('',(0.0289112063785194,-0.019252,-0.0587087974891097));
#3700=CARTESIAN_POINT('',(0.0299112063785194,-0.0192499139279734,-0.0604408482966785));
#3701=CARTESIAN_POINT('',(0.030599209915251,-0.0192460555373519,-0.060043629269543));
#3702=CARTESIAN_POINT('',(0.0309982499392622,-0.0191187385653567,-0.0592333768266583));
#3703=CARTESIAN_POINT('',(0.0308938592904279,-0.0191187385653567,-0.0584459526091891));
#3704=CARTESIAN_POINT('',(0.030893859290428,0.0191187385653568,-0.0584459526091891));
#3705=CARTESIAN_POINT('',(0.0309982502908678,0.0191187385653568,-0.0592333794788374));
#3706=CARTESIAN_POINT('',(0.0305991006492376,0.0192460561501264,-0.0600436923543053));
#3707=CARTESIAN_POINT('',(0.0299112063785194,0.0192499139279734,-0.0604408482966785));
#3708=CARTESIAN_POINT('',(0.0194401438550199,-0.019252,-0.0641769179865639));
#3709=CARTESIAN_POINT('',(0.0304329296475947,-0.019252,0.00158686608126837));
#3710=CARTESIAN_POINT('',(0.0229401438550198,-0.019252,-0.00273909581305498));
#3711=CARTESIAN_POINT('',(0.026,-0.019252,-0.00097248704406914));
#3712=CARTESIAN_POINT('',(0.0304329296475948,-0.019252,-0.0278330068998094));
#3713=CARTESIAN_POINT('',(0.0229401438550198,-0.019252,-0.0235070450054861));
#3714=CARTESIAN_POINT('',(0.026,-0.019252,-0.0252736537744719));
#3715=CARTESIAN_POINT('',(0.029,-0.019252,-1.10215291608481E-17));
#3716=CARTESIAN_POINT('',(0.029,-0.019252,-0.023541602966903));
#3717=CARTESIAN_POINT('',(0.029,-0.0191187385653567,-0.023541602966903));
#3718=CARTESIAN_POINT('',(0.029,0.0191187385653567,-0.023541602966903));
#3719=CARTESIAN_POINT('',(0.029,-0.0191187385653567,-0.023541602966903));
#3720=CARTESIAN_POINT('',(0.029,-0.0191187385653567,-0.00270453785163801));
#3721=CARTESIAN_POINT('',(0.029,-0.019252,-0.00270453785163801));
#3722=CARTESIAN_POINT('',(0.029,0.0191187385653567,-0.002704537851638));
#3723=CARTESIAN_POINT('',(0.029,0.0191187385653567,-0.002704537851638));
#3724=CARTESIAN_POINT('',(0.027,-0.019252,-0.00270453785163801));
#3725=CARTESIAN_POINT('',(0.029,-0.0191187385653567,-0.00270453785163801));
#3726=CARTESIAN_POINT('',(0.029,-0.0191187385653567,-0.00189549971165098));
#3727=CARTESIAN_POINT('',(0.0284773799867059,-0.01925,-0.00113230321562459));
#3728=CARTESIAN_POINT('',(0.02772304473783,-0.01925,-0.00083981097965477));
#3729=CARTESIAN_POINT('',(0.02772304473783,0.01925,-0.000839810979654753));
#3730=CARTESIAN_POINT('',(0.0284774847154466,0.01925,-0.00113234382401932));
#3731=CARTESIAN_POINT('',(0.029,0.0191187385653567,-0.00189552125335472));
#3732=CARTESIAN_POINT('',(0.029,0.0191187385653567,-0.002704537851638));
#3733=CARTESIAN_POINT('',(0.027,-0.019252,-0.023541602966903));
#3734=CARTESIAN_POINT('',(0.02772304473783,-0.01925,-0.0254063298388863));
#3735=CARTESIAN_POINT('',(0.0284774847154466,-0.01925,-0.0251137969945217));
#3736=CARTESIAN_POINT('',(0.029,-0.0191187385653567,-0.0243506195651863));
#3737=CARTESIAN_POINT('',(0.029,-0.0191187385653567,-0.023541602966903));
#3738=CARTESIAN_POINT('',(0.029,0.0191187385653567,-0.023541602966903));
#3739=CARTESIAN_POINT('',(0.029,0.0191187385653567,-0.02435064110689));
#3740=CARTESIAN_POINT('',(0.0284773799867059,0.01925,-0.0251138376029164));
#3741=CARTESIAN_POINT('',(0.02772304473783,0.01925,-0.0254063298388862));
#3742=CARTESIAN_POINT('',(0.0239401438550198,-0.019252,-0.00447114662062386));
#3743=CARTESIAN_POINT('',(0.0227,-0.019252,-0.00290205668730054));
#3744=CARTESIAN_POINT('',(0.0239401438550199,-0.019252,-0.0217749941979172));
#3745=CARTESIAN_POINT('',(0.0227,-0.019252,-0.0233440841312405));
#3746=CARTESIAN_POINT('',(0.029,-0.019252,-1.10215291608481E-17));
#3747=CARTESIAN_POINT('',(0.029,-0.019252,0.00768776699377525));
#3748=CARTESIAN_POINT('',(0.029,-0.0191187385653567,0.00768776699377525));
#3749=CARTESIAN_POINT('',(0.029,0.0191187385653567,0.00768776699377527));
#3750=CARTESIAN_POINT('',(0.029,-0.0191187385653567,0.00768776699377525));
#3751=CARTESIAN_POINT('',(0.029,-0.0191187385653567,0.02275));
#3752=CARTESIAN_POINT('',(0.029,-0.019252,0.02275));
#3753=CARTESIAN_POINT('',(0.029,0.0191187385653567,0.02275));
#3754=CARTESIAN_POINT('',(0.029,0.0191187385653567,0.02275));
#3755=CARTESIAN_POINT('',(0.034,-0.019252,0.02475));
#3756=CARTESIAN_POINT('',(0.0247,0.01925,0.02475));
#3757=CARTESIAN_POINT('',(0.027,-0.019252,0.02475));
#3758=CARTESIAN_POINT('',(0.0279329296475948,-0.019252,0.00591699310019056));
#3759=CARTESIAN_POINT('',(0.02772304473783,-0.01297304473783,0.00579581599103902));
#3760=CARTESIAN_POINT('',(0.028,-0.0192438870373971,0.00595571618620638));
#3761=CARTESIAN_POINT('',(0.028,-0.019252,0.00595571618620638));
#3762=CARTESIAN_POINT('',(0.028,0.0192438870373971,0.00595571618620639));
#3763=CARTESIAN_POINT('',(0.02772304473783,0.0129730447378299,0.00579581599103903));
#3764=CARTESIAN_POINT('',(0.0227,-0.019252,0.00289575975950135));
#3765=CARTESIAN_POINT('',(0.027,-0.019252,0.02275));
#3766=CARTESIAN_POINT('',(0.029,-0.0191187385653567,0.02275));
#3767=CARTESIAN_POINT('',(0.029,-0.0191187385653567,0.023559038139987));
#3768=CARTESIAN_POINT('',(0.0284773799867059,-0.01925,0.0243222346360134));
#3769=CARTESIAN_POINT('',(0.02772304473783,-0.01925,0.0246147268719832));
#3770=CARTESIAN_POINT('',(0.02772304473783,0.01925,0.0246147268719832));
#3771=CARTESIAN_POINT('',(0.0284774847154466,0.01925,0.0243221940276187));
#3772=CARTESIAN_POINT('',(0.029,0.0191187385653567,0.0235590165982833));
#3773=CARTESIAN_POINT('',(0.029,0.0191187385653567,0.02275));
#3774=CARTESIAN_POINT('',(0.027,-0.019252,0.00768776699377525));
#3775=CARTESIAN_POINT('',(0.028,-0.0192438870373971,0.00595571618620638));
#3776=CARTESIAN_POINT('',(0.0286118602603689,-0.0192168638863232,0.00630897387223681));
#3777=CARTESIAN_POINT('',(0.029,-0.0191187385653567,0.00698069822562905));
#3778=CARTESIAN_POINT('',(0.029,-0.0191187385653567,0.00768776699377525));
#3779=CARTESIAN_POINT('',(0.029,0.0191187385653567,0.00768776699377527));
#3780=CARTESIAN_POINT('',(0.029,0.0191187385653567,0.00698166458772809));
#3781=CARTESIAN_POINT('',(0.028611028210606,0.019216900634267,0.00630849348808223));
#3782=CARTESIAN_POINT('',(0.028,0.0192438870373971,0.00595571618620639));
#3783=CARTESIAN_POINT('',(0.0279329296475948,-0.019252,-0.0996631339187316));
#3784=CARTESIAN_POINT('',(0.0328003230648448,-0.019252,-0.102473324818433));
#3785=CARTESIAN_POINT('',(0.02624999999876,-0.019252,-0.0986914940329497));
#3786=CARTESIAN_POINT('',(0.02324999999876,-0.019252,-1.10215291608481E-17));
#3787=CARTESIAN_POINT('',(0.02324999999876,-0.019252,-0.100423544840518));
#3788=CARTESIAN_POINT('',(0.02324999999876,-0.019252,-0.111976164163388));
#3789=CARTESIAN_POINT('',(0.00824999999875998,-0.019252,-0.090999987200052));
#3790=CARTESIAN_POINT('',(0.0265092592580217,-0.01925,-0.113529955049564));
#3791=CARTESIAN_POINT('',(0.0265092592580217,-0.0191187385653567,-0.113529955049564));
#3792=CARTESIAN_POINT('',(0.0265092592580217,0.0191187385653568,-0.113529955049564));
#3793=CARTESIAN_POINT('',(0.00824999999875998,-0.0191187385653567,-0.090999987200052));
#3794=CARTESIAN_POINT('',(0.0335447914401138,-0.0191187385653567,-0.105183552546444));
#3795=CARTESIAN_POINT('',(0.0335447914401138,0.01925,-0.105183552546444));
#3796=CARTESIAN_POINT('',(0.0335447914401138,0.0191187385653568,-0.105183552546444));
#3797=CARTESIAN_POINT('',(0.00824999999875998,0.0191187385653568,-0.090999987200052));
#3798=CARTESIAN_POINT('',(0.02524999999876,-0.019252,-0.111976164163388));
#3799=CARTESIAN_POINT('',(0.0241975921868466,-0.01925,-0.113676881011491));
#3800=CARTESIAN_POINT('',(0.0249053123016669,-0.01925,-0.114114819977237));
#3801=CARTESIAN_POINT('',(0.0258628043811007,-0.0191187385653567,-0.114053870009228));
#3802=CARTESIAN_POINT('',(0.0265092592580217,-0.0191187385653567,-0.113529955049564));
#3803=CARTESIAN_POINT('',(0.0265092592580217,0.0191187385653568,-0.113529955049564));
#3804=CARTESIAN_POINT('',(0.0258627873808247,0.0191187385653568,-0.114053883786986));
#3805=CARTESIAN_POINT('',(0.0249052240703357,0.01925,-0.11411476537947));
#3806=CARTESIAN_POINT('',(0.0241975921868466,0.01925,-0.113676881011491));
#3807=CARTESIAN_POINT('',(0.02524999999876,-0.019252,-0.100423544840518));
#3808=CARTESIAN_POINT('',(0.0318003230648448,-0.019252,-0.104205375626002));
#3809=CARTESIAN_POINT('',(0.0335447914401138,-0.0191187385653567,-0.105183552546444));
#3810=CARTESIAN_POINT('',(0.0339517727627714,-0.0191187385653567,-0.104457747191744));
#3811=CARTESIAN_POINT('',(0.0338497433881432,-0.01925,-0.103503690553692));
#3812=CARTESIAN_POINT('',(0.0332984324511501,-0.01925,-0.102880359299059));
#3813=CARTESIAN_POINT('',(0.0332984324511501,0.01925,-0.102880359299059));
#3814=CARTESIAN_POINT('',(0.0338498121285421,0.01925,-0.103503768273969));
#3815=CARTESIAN_POINT('',(0.0339517620603804,0.0191187385653568,-0.104457766278253));
#3816=CARTESIAN_POINT('',(0.0335447914401138,0.0191187385653568,-0.105183552546444));
#3817=CARTESIAN_POINT('',(0.002,-2.04562196907395E-17,0.02775));
#3818=CARTESIAN_POINT('',(0.002,-0.01725,0.02775));
#3819=CARTESIAN_POINT('',(0.002,0.01725,0.02775));
#3820=CARTESIAN_POINT('',(0.034,0.01725,0.02775));
#3821=CARTESIAN_POINT('',(0.02772304473783,0.01725,0.02775));
#3822=CARTESIAN_POINT('',(0.034,-0.01725,0.02775));
#3823=CARTESIAN_POINT('',(0.02772304473783,-0.01725,0.02775));
#3824=CARTESIAN_POINT('',(0.032,-8.47085749308155E-18,0.02775));
#3825=CARTESIAN_POINT('',(0.032,0.0129730447378299,0.02775));
#3826=CARTESIAN_POINT('',(0.032,-0.01297304473783,0.02775));
#3827=CARTESIAN_POINT('',(0.0227,-3.46944695195361E-18,3.46944695195361E-18));
#3828=CARTESIAN_POINT('',(0.0227,-0.01925,0.02275));
#3829=CARTESIAN_POINT('',(0.0227,-3.46944695195361E-18,3.46944695195361E-18));
#3830=CARTESIAN_POINT('',(0.0227,1.04083408558608E-17,-0.02975));
#3831=CARTESIAN_POINT('',(0.0207,1.04083408558608E-17,-0.02975));
#3832=CARTESIAN_POINT('',(0.005,-0.01625,3.46944695195361E-18));
#3833=CARTESIAN_POINT('',(0.005,-0.01625,0.02675));
#3834=CARTESIAN_POINT('',(0.005,-0.01625,0.02675));
#3835=CARTESIAN_POINT('',(0.005,-0.01625,3.46944695195361E-18));
#3836=CARTESIAN_POINT('',(0.005,-0.01625,-0.02675));
#3837=CARTESIAN_POINT('',(0.005,-0.01625,-0.02675));
#3838=CARTESIAN_POINT('',(0.005,6.93889390390723E-18,-0.02675));
#3839=CARTESIAN_POINT('',(0.005,6.93889390390723E-18,-0.02675));
#3840=CARTESIAN_POINT('',(0.005,0.01625,-0.02675));
#3841=CARTESIAN_POINT('',(0.005,0.01625,-0.02675));
#3842=CARTESIAN_POINT('',(0.005,0.01625,8.67361737988404E-18));
#3843=CARTESIAN_POINT('',(0.005,0.01625,8.67361737988404E-18));
#3844=CARTESIAN_POINT('',(0.005,0.01625,0.02675));
#3845=CARTESIAN_POINT('',(0.005,0.01625,0.02675));
#3846=CARTESIAN_POINT('',(0.005,-1.38777878078145E-17,0.02675));
#3847=CARTESIAN_POINT('',(0.005,-1.38777878078145E-17,0.02675));
#3848=CARTESIAN_POINT('',(0.005,-3.46944695195361E-18,3.46944695195361E-18));
#3849=CARTESIAN_POINT('',(0.005,0.008,0.016));
#3850=CARTESIAN_POINT('',(0.005,0.008,0.013815));
#3851=CARTESIAN_POINT('',(0.005,0.008,-0.016));
#3852=CARTESIAN_POINT('',(0.005,0.008,-0.018185));
#3853=CARTESIAN_POINT('',(0.005,-0.008,-0.016));
#3854=CARTESIAN_POINT('',(0.005,-0.008,-0.018185));
#3855=CARTESIAN_POINT('',(0.005,-0.008,0.016));
#3856=CARTESIAN_POINT('',(0.005,-0.008,0.013815));
#3857=CARTESIAN_POINT('',(0.005,0.008,0.016));
#3858=CARTESIAN_POINT('',(0.00783947722983896,0.008,0.016));
#3859=CARTESIAN_POINT('',(0.00783947722983896,0.008,0.0177859375));
#3860=CARTESIAN_POINT('',(0.005,-0.008,-0.016));
#3861=CARTESIAN_POINT('',(0.00783947722983896,-0.008,-0.016));
#3862=CARTESIAN_POINT('',(0.00783947722983896,-0.008,-0.0142140625));
#3863=CARTESIAN_POINT('',(0.005,0.008,-0.016));
#3864=CARTESIAN_POINT('',(0.00783947722983896,0.008,-0.016));
#3865=CARTESIAN_POINT('',(0.00783947722983896,0.008,-0.0142140625));
#3866=CARTESIAN_POINT('',(0.005,-0.008,0.016));
#3867=CARTESIAN_POINT('',(0.00783947722983896,-0.008,0.016));
#3868=CARTESIAN_POINT('',(0.00783947722983896,-0.008,0.0177859375));
#3869=CARTESIAN_POINT('',(0.0111,-3.46944695195361E-18,3.46944695195361E-18));
#3870=CARTESIAN_POINT('',(0.0111,0.008,0.016));
#3871=CARTESIAN_POINT('',(0.0111,0.008,0.0142140625));
#3872=CARTESIAN_POINT('',(0.0111,0.008,0.016));
#3873=CARTESIAN_POINT('',(0.0111,-3.46944695195361E-18,3.46944695195361E-18));
#3874=CARTESIAN_POINT('',(0.0111,-0.008,-0.016));
#3875=CARTESIAN_POINT('',(0.0111,-0.008,-0.0177859375));
#3876=CARTESIAN_POINT('',(0.0111,-0.008,-0.016));
#3877=CARTESIAN_POINT('',(0.0111,-3.46944695195361E-18,3.46944695195361E-18));
#3878=CARTESIAN_POINT('',(0.0111,0.008,-0.016));
#3879=CARTESIAN_POINT('',(0.0111,0.008,-0.0177859375));
#3880=CARTESIAN_POINT('',(0.0111,0.008,-0.016));
#3881=CARTESIAN_POINT('',(0.0111,-3.46944695195361E-18,3.46944695195361E-18));
#3882=CARTESIAN_POINT('',(0.0111,-0.008,0.016));
#3883=CARTESIAN_POINT('',(0.0111,-0.008,0.0142140625));
#3884=CARTESIAN_POINT('',(0.0111,-0.008,0.016));
#3885=CARTESIAN_POINT('',(-0.00975000000124003,-0.01775,-0.1079999872));
#3886=CARTESIAN_POINT('',(-0.00975000000124002,0.01775,-0.1079999872));
#3887=CARTESIAN_POINT('',(0.00824999999875998,0.01297304473783,-0.090999987200052));
#3888=CARTESIAN_POINT('',(0.0356985351195488,0.01297304473783,-0.0948916615512359));
#3889=CARTESIAN_POINT('',(0.0149904507225731,0.01297304473783,-0.0919556534708329));
#3890=CARTESIAN_POINT('',(0.0351941535072697,0.01297304473783,-0.0865468369063613));
#3891=CARTESIAN_POINT('',(0.247348956372007,0.01297304473783,-0.02975));
#3892=CARTESIAN_POINT('',(0.02772304473783,0.01297304473783,-0.02975));
#3893=CARTESIAN_POINT('',(0.02772304473783,0.0129730447378299,9.52111626600027E-18));
#3894=CARTESIAN_POINT('',(0.02772304473783,0.0129730447378299,0.02775));
#3895=CARTESIAN_POINT('',(0.02772304473783,0.0129730447378299,0.02775));
#3896=CARTESIAN_POINT('',(0.00824999999875998,-0.0129730447378299,-0.090999987200052));
#3897=CARTESIAN_POINT('',(0.0356985351195488,-0.0129730447378299,-0.0948916615512359));
#3898=CARTESIAN_POINT('',(0.0149904507225731,-0.0129730447378299,-0.0919556534708329));
#3899=CARTESIAN_POINT('',(0.0351941535072697,-0.0129730447378299,-0.0865468369063613));
#3900=CARTESIAN_POINT('',(0.247348956372007,-0.0129730447378299,-0.02975));
#3901=CARTESIAN_POINT('',(0.02772304473783,-0.0129730447378299,-0.02975));
#3902=CARTESIAN_POINT('',(0.02772304473783,-0.0129730447378299,6.3975226900222E-18));
#3903=CARTESIAN_POINT('',(0.02772304473783,-0.01297304473783,0.02775));
#3904=CARTESIAN_POINT('',(0.02772304473783,-0.01297304473783,0.02775));
#3905=CARTESIAN_POINT('',(0.0207,1.00478788348786E-17,-0.02775));
#3906=CARTESIAN_POINT('',(0.0247,-1.40818729226353E-17,0.02275));
#3907=MECHANICAL_DESIGN_GEOMETRIC_PRESENTATION_REPRESENTATION('',(#2230),
#3908);
#3908=(
GEOMETRIC_REPRESENTATION_CONTEXT(3)
GLOBAL_UNCERTAINTY_ASSIGNED_CONTEXT((#3909))
GLOBAL_UNIT_ASSIGNED_CONTEXT((#3912,#3911,#3910))
REPRESENTATION_CONTEXT('Part 4','TOP_LEVEL_ASSEMBLY_PART')
);
#3909=UNCERTAINTY_MEASURE_WITH_UNIT(LENGTH_MEASURE(2.E-5),#3912,
'DISTANCE_ACCURACY_VALUE','Maximum Tolerance applied to model');
#3910=(
NAMED_UNIT(*)
SI_UNIT($,.STERADIAN.)
SOLID_ANGLE_UNIT()
);
#3911=(
NAMED_UNIT(*)
PLANE_ANGLE_UNIT()
SI_UNIT($,.RADIAN.)
);
#3912=(
LENGTH_UNIT()
NAMED_UNIT(*)
SI_UNIT($,.METRE.)
);
#3913=PRODUCT_DEFINITION_SHAPE('','',#3914);
#3914=PRODUCT_DEFINITION('','',#3916,#3915);
#3915=PRODUCT_DEFINITION_CONTEXT('',#3922,'design');
#3916=PRODUCT_DEFINITION_FORMATION_WITH_SPECIFIED_SOURCE('','',#3918,
 .NOT_KNOWN.);
#3917=PRODUCT_RELATED_PRODUCT_CATEGORY('','',(#3918));
#3918=PRODUCT('Part 4','Part 4','Part 4',(#3920));
#3919=PRODUCT_CATEGORY('','');
#3920=PRODUCT_CONTEXT('',#3922,'mechanical');
#3921=APPLICATION_PROTOCOL_DEFINITION('international standard',
'ap242_managed_model_based_3d_engineering',2020,#3922);
#3922=APPLICATION_CONTEXT('managed model based 3d engineering');
ENDSEC;
END-ISO-10303-21;
