ISO-10303-21;
HEADER;
/* Generated by software containing ST-Developer
 * from STEP Tools, Inc. (www.steptools.com) 
 */
/* OPTION: using custom renumber hook */

FILE_DESCRIPTION(
/* description */ ('STEP AP242 Edition 2',
'CAx-IF Rec.Pracs.---Representation and Presentation of Product Manufa
cturing Information (PMI)---4.0---2014-10-13',
'CAx-IF Rec.Pracs.---3D Tessellated Geometry---0.4---2014-09-14','2;1',
'CAx-IF Rec.Pracs.---User Defined Attributes---1.5---2016-08-15'),
/* implementation_level */ '2;1');

FILE_NAME(
/* name */ 'Vertical Backpack Assembly - Battery Holder',
/* time_stamp */ '2026-06-01T00:36:10Z',
/* author */ (''),
/* organization */ (''),
/* preprocessor_version */ 'ST-DEVELOPER v20',
/* originating_system */ 'ONSHAPE BY PTC INC, 1.215',
/* authorisation */ '  ');

FILE_SCHEMA (('AP242_MANAGED_MODEL_BASED_3D_ENGINEERING_MIM_LF { 1 0 10303 442 3 1 4 }'));
ENDSEC;

DATA;
#10=SHAPE_REPRESENTATION_RELATIONSHIP('','',#2772,#11);
#11=ADVANCED_BREP_SHAPE_REPRESENTATION('',(#2770),#4870);
#12=SPHERICAL_SURFACE('',#2969,0.001);
#13=SPHERICAL_SURFACE('',#2984,0.001);
#14=SPHERICAL_SURFACE('',#2987,0.001);
#15=SPHERICAL_SURFACE('',#3002,0.001);
#16=SPHERICAL_SURFACE('',#3005,0.001);
#17=SPHERICAL_SURFACE('',#3020,0.001);
#18=SPHERICAL_SURFACE('',#3023,0.001);
#19=SPHERICAL_SURFACE('',#3038,0.001);
#20=SPHERICAL_SURFACE('',#3044,0.001);
#21=SPHERICAL_SURFACE('',#3050,0.001);
#22=SPHERICAL_SURFACE('',#3061,0.001);
#23=SPHERICAL_SURFACE('',#3064,0.001);
#24=SPHERICAL_SURFACE('',#3091,0.001);
#25=SPHERICAL_SURFACE('',#3093,0.001);
#26=SPHERICAL_SURFACE('',#3108,0.001);
#27=SPHERICAL_SURFACE('',#3110,0.001);
#28=TOROIDAL_SURFACE('',#2937,0.006,0.005);
#29=TOROIDAL_SURFACE('',#2941,0.006,0.005);
#30=TOROIDAL_SURFACE('',#2944,0.006,0.005);
#31=TOROIDAL_SURFACE('',#2948,0.006,0.005);
#32=TOROIDAL_SURFACE('',#2951,0.006,0.005);
#33=TOROIDAL_SURFACE('',#2955,0.006,0.005);
#34=TOROIDAL_SURFACE('',#2958,0.006,0.005);
#35=TOROIDAL_SURFACE('',#2962,0.006,0.005);
#36=TOROIDAL_SURFACE('',#2973,0.002,0.001);
#37=TOROIDAL_SURFACE('',#2990,0.002,0.001);
#38=TOROIDAL_SURFACE('',#2992,0.002,0.001);
#39=TOROIDAL_SURFACE('',#3004,0.002,0.001);
#40=TOROIDAL_SURFACE('',#3009,0.002,0.001);
#41=TOROIDAL_SURFACE('',#3026,0.002,0.001);
#42=TOROIDAL_SURFACE('',#3028,0.002,0.001);
#43=TOROIDAL_SURFACE('',#3040,0.002,0.001);
#44=TOROIDAL_SURFACE('',#3055,0.002,0.001);
#45=TOROIDAL_SURFACE('',#3057,0.002,0.001);
#46=TOROIDAL_SURFACE('',#3072,0.002,0.001);
#47=TOROIDAL_SURFACE('',#3074,0.002,0.001);
#48=TOROIDAL_SURFACE('',#3080,0.002,0.001);
#49=TOROIDAL_SURFACE('',#3086,0.002,0.001);
#50=TOROIDAL_SURFACE('',#3097,0.002,0.001);
#51=TOROIDAL_SURFACE('',#3100,0.002,0.001);
#52=CYLINDRICAL_SURFACE('',#2900,0.005);
#53=CYLINDRICAL_SURFACE('',#2901,0.005);
#54=CYLINDRICAL_SURFACE('',#2902,0.005);
#55=CYLINDRICAL_SURFACE('',#2903,0.005);
#56=CYLINDRICAL_SURFACE('',#2904,0.005);
#57=CYLINDRICAL_SURFACE('',#2905,0.005);
#58=CYLINDRICAL_SURFACE('',#2906,0.005);
#59=CYLINDRICAL_SURFACE('',#2907,0.005);
#60=CYLINDRICAL_SURFACE('',#2908,0.005);
#61=CYLINDRICAL_SURFACE('',#2909,0.005);
#62=CYLINDRICAL_SURFACE('',#2910,0.005);
#63=CYLINDRICAL_SURFACE('',#2911,0.005);
#64=CYLINDRICAL_SURFACE('',#2912,0.005);
#65=CYLINDRICAL_SURFACE('',#2913,0.005);
#66=CYLINDRICAL_SURFACE('',#2914,0.005);
#67=CYLINDRICAL_SURFACE('',#2915,0.005);
#68=CYLINDRICAL_SURFACE('',#2916,0.005);
#69=CYLINDRICAL_SURFACE('',#2917,0.001);
#70=CYLINDRICAL_SURFACE('',#2920,0.001);
#71=CYLINDRICAL_SURFACE('',#2923,0.001);
#72=CYLINDRICAL_SURFACE('',#2926,0.001);
#73=CYLINDRICAL_SURFACE('',#2929,0.00145);
#74=CYLINDRICAL_SURFACE('',#2930,0.00145);
#75=CYLINDRICAL_SURFACE('',#2931,0.00145);
#76=CYLINDRICAL_SURFACE('',#2932,0.00145);
#77=CYLINDRICAL_SURFACE('',#2933,0.005);
#78=CYLINDRICAL_SURFACE('',#2934,0.005);
#79=CYLINDRICAL_SURFACE('',#2935,0.005);
#80=CYLINDRICAL_SURFACE('',#2936,0.005);
#81=CYLINDRICAL_SURFACE('',#2939,0.005);
#82=CYLINDRICAL_SURFACE('',#2943,0.005);
#83=CYLINDRICAL_SURFACE('',#2946,0.005);
#84=CYLINDRICAL_SURFACE('',#2950,0.005);
#85=CYLINDRICAL_SURFACE('',#2953,0.005);
#86=CYLINDRICAL_SURFACE('',#2957,0.005);
#87=CYLINDRICAL_SURFACE('',#2960,0.005);
#88=CYLINDRICAL_SURFACE('',#2964,0.005);
#89=CYLINDRICAL_SURFACE('',#2976,0.001);
#90=CYLINDRICAL_SURFACE('',#2978,0.001);
#91=CYLINDRICAL_SURFACE('',#2980,0.001);
#92=CYLINDRICAL_SURFACE('',#2982,0.001);
#93=CYLINDRICAL_SURFACE('',#2994,0.001);
#94=CYLINDRICAL_SURFACE('',#2996,0.001);
#95=CYLINDRICAL_SURFACE('',#2998,0.001);
#96=CYLINDRICAL_SURFACE('',#3000,0.001);
#97=CYLINDRICAL_SURFACE('',#3012,0.001);
#98=CYLINDRICAL_SURFACE('',#3014,0.001);
#99=CYLINDRICAL_SURFACE('',#3016,0.001);
#100=CYLINDRICAL_SURFACE('',#3018,0.001);
#101=CYLINDRICAL_SURFACE('',#3030,0.001);
#102=CYLINDRICAL_SURFACE('',#3032,0.001);
#103=CYLINDRICAL_SURFACE('',#3034,0.001);
#104=CYLINDRICAL_SURFACE('',#3036,0.001);
#105=CYLINDRICAL_SURFACE('',#3041,0.001);
#106=CYLINDRICAL_SURFACE('',#3047,0.001);
#107=CYLINDRICAL_SURFACE('',#3053,0.001);
#108=CYLINDRICAL_SURFACE('',#3059,0.001);
#109=CYLINDRICAL_SURFACE('',#3067,0.001);
#110=CYLINDRICAL_SURFACE('',#3069,0.001);
#111=CYLINDRICAL_SURFACE('',#3071,0.001);
#112=CYLINDRICAL_SURFACE('',#3076,0.001);
#113=CYLINDRICAL_SURFACE('',#3077,0.001);
#114=CYLINDRICAL_SURFACE('',#3083,0.001);
#115=CYLINDRICAL_SURFACE('',#3089,0.001);
#116=CYLINDRICAL_SURFACE('',#3095,0.001);
#117=CYLINDRICAL_SURFACE('',#3103,0.001);
#118=CYLINDRICAL_SURFACE('',#3105,0.001);
#119=CYLINDRICAL_SURFACE('',#3107,0.001);
#120=CYLINDRICAL_SURFACE('',#3112,0.001);
#121=CYLINDRICAL_SURFACE('',#3119,0.002);
#122=CYLINDRICAL_SURFACE('',#3120,0.002);
#123=CYLINDRICAL_SURFACE('',#3121,0.002);
#124=CYLINDRICAL_SURFACE('',#3122,0.002);
#125=CYLINDRICAL_SURFACE('',#3123,0.002);
#126=CYLINDRICAL_SURFACE('',#3124,0.002);
#127=CYLINDRICAL_SURFACE('',#3125,0.002);
#128=CYLINDRICAL_SURFACE('',#3126,0.002);
#129=B_SPLINE_CURVE_WITH_KNOTS('',3,(#4396,#4397,#4398,#4399,#4400,#4401),
 .UNSPECIFIED.,.F.,.F.,(4,1,1,4),(0.,0.00411659677733426,0.00617489516600139,
0.00823319355466852),.UNSPECIFIED.);
#130=B_SPLINE_CURVE_WITH_KNOTS('',3,(#4405,#4406,#4407,#4408,#4409,#4410),
 .UNSPECIFIED.,.F.,.F.,(4,1,1,4),(0.,0.00411659677733426,0.00617489516600139,
0.00823319355466852),.UNSPECIFIED.);
#131=B_SPLINE_CURVE_WITH_KNOTS('',3,(#4411,#4412,#4413,#4414,#4415,#4416),
 .UNSPECIFIED.,.F.,.F.,(4,1,1,4),(0.,0.00411659677733428,0.00617489516600142,
0.00823319355466856),.UNSPECIFIED.);
#132=B_SPLINE_CURVE_WITH_KNOTS('',3,(#4420,#4421,#4422,#4423,#4424,#4425),
 .UNSPECIFIED.,.F.,.F.,(4,1,1,4),(0.,0.00411659677733426,0.00617489516600139,
0.00823319355466852),.UNSPECIFIED.);
#133=CIRCLE('',#2775,0.002);
#134=CIRCLE('',#2776,0.002);
#135=CIRCLE('',#2777,0.002);
#136=CIRCLE('',#2778,0.002);
#137=CIRCLE('',#2780,0.002);
#138=CIRCLE('',#2781,0.002);
#139=CIRCLE('',#2782,0.002);
#140=CIRCLE('',#2783,0.002);
#141=CIRCLE('',#2785,0.002);
#142=CIRCLE('',#2786,0.002);
#143=CIRCLE('',#2787,0.002);
#144=CIRCLE('',#2788,0.005);
#145=CIRCLE('',#2789,0.005);
#146=CIRCLE('',#2790,0.002);
#147=CIRCLE('',#2792,0.002);
#148=CIRCLE('',#2793,0.002);
#149=CIRCLE('',#2794,0.002);
#150=CIRCLE('',#2795,0.005);
#151=CIRCLE('',#2796,0.005);
#152=CIRCLE('',#2797,0.002);
#153=CIRCLE('',#2799,0.002);
#154=CIRCLE('',#2800,0.002);
#155=CIRCLE('',#2801,0.002);
#156=CIRCLE('',#2802,0.002);
#157=CIRCLE('',#2803,0.002);
#158=CIRCLE('',#2804,0.002);
#159=CIRCLE('',#2805,0.002);
#160=CIRCLE('',#2806,0.002);
#161=CIRCLE('',#2807,0.005);
#162=CIRCLE('',#2808,0.005);
#163=CIRCLE('',#2809,0.005);
#164=CIRCLE('',#2810,0.005);
#165=CIRCLE('',#2811,0.005);
#166=CIRCLE('',#2812,0.005);
#167=CIRCLE('',#2813,0.005);
#168=CIRCLE('',#2814,0.002);
#169=CIRCLE('',#2815,0.002);
#170=CIRCLE('',#2816,0.002);
#171=CIRCLE('',#2817,0.002);
#172=CIRCLE('',#2818,0.002);
#173=CIRCLE('',#2819,0.002);
#174=CIRCLE('',#2820,0.002);
#175=CIRCLE('',#2821,0.002);
#176=CIRCLE('',#2823,0.005);
#177=CIRCLE('',#2824,0.005);
#178=CIRCLE('',#2825,0.005);
#179=CIRCLE('',#2826,0.005);
#180=CIRCLE('',#2827,0.005);
#181=CIRCLE('',#2828,0.005);
#182=CIRCLE('',#2830,0.006);
#183=CIRCLE('',#2831,0.006);
#184=CIRCLE('',#2832,0.006);
#185=CIRCLE('',#2833,0.006);
#186=CIRCLE('',#2834,0.005);
#187=CIRCLE('',#2835,0.005);
#188=CIRCLE('',#2836,0.005);
#189=CIRCLE('',#2837,0.005);
#190=CIRCLE('',#2838,0.005);
#191=CIRCLE('',#2839,0.005);
#192=CIRCLE('',#2841,0.006);
#193=CIRCLE('',#2842,0.006);
#194=CIRCLE('',#2843,0.006);
#195=CIRCLE('',#2844,0.006);
#196=CIRCLE('',#2845,0.005);
#197=CIRCLE('',#2846,0.005);
#198=CIRCLE('',#2847,0.005);
#199=CIRCLE('',#2848,0.005);
#200=CIRCLE('',#2849,0.005);
#201=CIRCLE('',#2850,0.005);
#202=CIRCLE('',#2851,0.005);
#203=CIRCLE('',#2853,0.005);
#204=CIRCLE('',#2854,0.005);
#205=CIRCLE('',#2855,0.005);
#206=CIRCLE('',#2856,0.005);
#207=CIRCLE('',#2859,0.00145);
#208=CIRCLE('',#2860,0.00145);
#209=CIRCLE('',#2861,0.00145);
#210=CIRCLE('',#2862,0.00145);
#211=CIRCLE('',#2863,0.005);
#212=CIRCLE('',#2864,0.005);
#213=CIRCLE('',#2865,0.005);
#214=CIRCLE('',#2866,0.005);
#215=CIRCLE('',#2871,0.00145);
#216=CIRCLE('',#2872,0.00145);
#217=CIRCLE('',#2873,0.005);
#218=CIRCLE('',#2874,0.005);
#219=CIRCLE('',#2875,0.005);
#220=CIRCLE('',#2876,0.005);
#221=CIRCLE('',#2879,0.00145);
#222=CIRCLE('',#2880,0.00145);
#223=CIRCLE('',#2881,0.005);
#224=CIRCLE('',#2882,0.005);
#225=CIRCLE('',#2883,0.005);
#226=CIRCLE('',#2884,0.005);
#227=CIRCLE('',#2918,0.001);
#228=CIRCLE('',#2919,0.001);
#229=CIRCLE('',#2921,0.001);
#230=CIRCLE('',#2922,0.001);
#231=CIRCLE('',#2924,0.001);
#232=CIRCLE('',#2925,0.001);
#233=CIRCLE('',#2927,0.001);
#234=CIRCLE('',#2928,0.001);
#235=CIRCLE('',#2938,0.005);
#236=CIRCLE('',#2940,0.005);
#237=CIRCLE('',#2942,0.005);
#238=CIRCLE('',#2945,0.005);
#239=CIRCLE('',#2947,0.005);
#240=CIRCLE('',#2949,0.005);
#241=CIRCLE('',#2952,0.005);
#242=CIRCLE('',#2954,0.005);
#243=CIRCLE('',#2956,0.005);
#244=CIRCLE('',#2959,0.005);
#245=CIRCLE('',#2961,0.005);
#246=CIRCLE('',#2963,0.005);
#247=CIRCLE('',#2970,0.001);
#248=CIRCLE('',#2971,0.001);
#249=CIRCLE('',#2972,0.001);
#250=CIRCLE('',#2974,0.001);
#251=CIRCLE('',#2975,0.001);
#252=CIRCLE('',#2977,0.001);
#253=CIRCLE('',#2979,0.001);
#254=CIRCLE('',#2981,0.001);
#255=CIRCLE('',#2983,0.001);
#256=CIRCLE('',#2985,0.001);
#257=CIRCLE('',#2986,0.001);
#258=CIRCLE('',#2988,0.001);
#259=CIRCLE('',#2989,0.001);
#260=CIRCLE('',#2991,0.001);
#261=CIRCLE('',#2993,0.001);
#262=CIRCLE('',#2995,0.001);
#263=CIRCLE('',#2997,0.001);
#264=CIRCLE('',#2999,0.001);
#265=CIRCLE('',#3001,0.001);
#266=CIRCLE('',#3003,0.001);
#267=CIRCLE('',#3006,0.001);
#268=CIRCLE('',#3007,0.001);
#269=CIRCLE('',#3008,0.001);
#270=CIRCLE('',#3010,0.001);
#271=CIRCLE('',#3011,0.001);
#272=CIRCLE('',#3013,0.001);
#273=CIRCLE('',#3015,0.001);
#274=CIRCLE('',#3017,0.001);
#275=CIRCLE('',#3019,0.001);
#276=CIRCLE('',#3021,0.001);
#277=CIRCLE('',#3022,0.001);
#278=CIRCLE('',#3024,0.001);
#279=CIRCLE('',#3025,0.001);
#280=CIRCLE('',#3027,0.001);
#281=CIRCLE('',#3029,0.001);
#282=CIRCLE('',#3031,0.001);
#283=CIRCLE('',#3033,0.001);
#284=CIRCLE('',#3035,0.001);
#285=CIRCLE('',#3037,0.001);
#286=CIRCLE('',#3039,0.001);
#287=CIRCLE('',#3042,0.001);
#288=CIRCLE('',#3043,0.001);
#289=CIRCLE('',#3045,0.001);
#290=CIRCLE('',#3046,0.001);
#291=CIRCLE('',#3048,0.001);
#292=CIRCLE('',#3049,0.001);
#293=CIRCLE('',#3051,0.001);
#294=CIRCLE('',#3052,0.001);
#295=CIRCLE('',#3054,0.001);
#296=CIRCLE('',#3056,0.001);
#297=CIRCLE('',#3058,0.001);
#298=CIRCLE('',#3060,0.001);
#299=CIRCLE('',#3062,0.001);
#300=CIRCLE('',#3063,0.001);
#301=CIRCLE('',#3065,0.001);
#302=CIRCLE('',#3066,0.001);
#303=CIRCLE('',#3068,0.001);
#304=CIRCLE('',#3070,0.001);
#305=CIRCLE('',#3073,0.001);
#306=CIRCLE('',#3075,0.001);
#307=CIRCLE('',#3078,0.001);
#308=CIRCLE('',#3079,0.001);
#309=CIRCLE('',#3081,0.001);
#310=CIRCLE('',#3082,0.001);
#311=CIRCLE('',#3084,0.001);
#312=CIRCLE('',#3085,0.001);
#313=CIRCLE('',#3087,0.001);
#314=CIRCLE('',#3088,0.001);
#315=CIRCLE('',#3090,0.001);
#316=CIRCLE('',#3092,0.001);
#317=CIRCLE('',#3094,0.001);
#318=CIRCLE('',#3096,0.001);
#319=CIRCLE('',#3098,0.001);
#320=CIRCLE('',#3099,0.001);
#321=CIRCLE('',#3101,0.001);
#322=CIRCLE('',#3102,0.001);
#323=CIRCLE('',#3104,0.001);
#324=CIRCLE('',#3106,0.001);
#325=CIRCLE('',#3109,0.001);
#326=CIRCLE('',#3111,0.001);
#327=ORIENTED_EDGE('',*,*,#1129,.T.);
#328=ORIENTED_EDGE('',*,*,#1130,.T.);
#329=ORIENTED_EDGE('',*,*,#1131,.F.);
#330=ORIENTED_EDGE('',*,*,#1132,.T.);
#331=ORIENTED_EDGE('',*,*,#1133,.T.);
#332=ORIENTED_EDGE('',*,*,#1134,.T.);
#333=ORIENTED_EDGE('',*,*,#1135,.T.);
#334=ORIENTED_EDGE('',*,*,#1136,.T.);
#335=ORIENTED_EDGE('',*,*,#1137,.T.);
#336=ORIENTED_EDGE('',*,*,#1138,.T.);
#337=ORIENTED_EDGE('',*,*,#1139,.T.);
#338=ORIENTED_EDGE('',*,*,#1140,.T.);
#339=ORIENTED_EDGE('',*,*,#1141,.T.);
#340=ORIENTED_EDGE('',*,*,#1142,.T.);
#341=ORIENTED_EDGE('',*,*,#1143,.F.);
#342=ORIENTED_EDGE('',*,*,#1144,.T.);
#343=ORIENTED_EDGE('',*,*,#1145,.T.);
#344=ORIENTED_EDGE('',*,*,#1146,.T.);
#345=ORIENTED_EDGE('',*,*,#1147,.T.);
#346=ORIENTED_EDGE('',*,*,#1148,.T.);
#347=ORIENTED_EDGE('',*,*,#1149,.T.);
#348=ORIENTED_EDGE('',*,*,#1150,.T.);
#349=ORIENTED_EDGE('',*,*,#1151,.T.);
#350=ORIENTED_EDGE('',*,*,#1152,.T.);
#351=ORIENTED_EDGE('',*,*,#1153,.F.);
#352=ORIENTED_EDGE('',*,*,#1154,.T.);
#353=ORIENTED_EDGE('',*,*,#1155,.F.);
#354=ORIENTED_EDGE('',*,*,#1156,.T.);
#355=ORIENTED_EDGE('',*,*,#1157,.F.);
#356=ORIENTED_EDGE('',*,*,#1158,.T.);
#357=ORIENTED_EDGE('',*,*,#1159,.F.);
#358=ORIENTED_EDGE('',*,*,#1160,.T.);
#359=ORIENTED_EDGE('',*,*,#1161,.F.);
#360=ORIENTED_EDGE('',*,*,#1162,.F.);
#361=ORIENTED_EDGE('',*,*,#1163,.T.);
#362=ORIENTED_EDGE('',*,*,#1164,.T.);
#363=ORIENTED_EDGE('',*,*,#1165,.F.);
#364=ORIENTED_EDGE('',*,*,#1166,.T.);
#365=ORIENTED_EDGE('',*,*,#1167,.T.);
#366=ORIENTED_EDGE('',*,*,#1168,.T.);
#367=ORIENTED_EDGE('',*,*,#1169,.T.);
#368=ORIENTED_EDGE('',*,*,#1170,.T.);
#369=ORIENTED_EDGE('',*,*,#1171,.T.);
#370=ORIENTED_EDGE('',*,*,#1172,.T.);
#371=ORIENTED_EDGE('',*,*,#1173,.F.);
#372=ORIENTED_EDGE('',*,*,#1174,.T.);
#373=ORIENTED_EDGE('',*,*,#1175,.F.);
#374=ORIENTED_EDGE('',*,*,#1176,.T.);
#375=ORIENTED_EDGE('',*,*,#1177,.T.);
#376=ORIENTED_EDGE('',*,*,#1178,.T.);
#377=ORIENTED_EDGE('',*,*,#1179,.F.);
#378=ORIENTED_EDGE('',*,*,#1180,.T.);
#379=ORIENTED_EDGE('',*,*,#1181,.F.);
#380=ORIENTED_EDGE('',*,*,#1182,.T.);
#381=ORIENTED_EDGE('',*,*,#1183,.F.);
#382=ORIENTED_EDGE('',*,*,#1184,.T.);
#383=ORIENTED_EDGE('',*,*,#1185,.F.);
#384=ORIENTED_EDGE('',*,*,#1186,.T.);
#385=ORIENTED_EDGE('',*,*,#1187,.F.);
#386=ORIENTED_EDGE('',*,*,#1188,.T.);
#387=ORIENTED_EDGE('',*,*,#1189,.F.);
#388=ORIENTED_EDGE('',*,*,#1190,.T.);
#389=ORIENTED_EDGE('',*,*,#1191,.F.);
#390=ORIENTED_EDGE('',*,*,#1192,.T.);
#391=ORIENTED_EDGE('',*,*,#1193,.F.);
#392=ORIENTED_EDGE('',*,*,#1194,.T.);
#393=ORIENTED_EDGE('',*,*,#1195,.F.);
#394=ORIENTED_EDGE('',*,*,#1196,.T.);
#395=ORIENTED_EDGE('',*,*,#1197,.F.);
#396=ORIENTED_EDGE('',*,*,#1198,.T.);
#397=ORIENTED_EDGE('',*,*,#1199,.T.);
#398=ORIENTED_EDGE('',*,*,#1200,.T.);
#399=ORIENTED_EDGE('',*,*,#1201,.F.);
#400=ORIENTED_EDGE('',*,*,#1202,.T.);
#401=ORIENTED_EDGE('',*,*,#1203,.F.);
#402=ORIENTED_EDGE('',*,*,#1204,.T.);
#403=ORIENTED_EDGE('',*,*,#1205,.F.);
#404=ORIENTED_EDGE('',*,*,#1206,.T.);
#405=ORIENTED_EDGE('',*,*,#1207,.T.);
#406=ORIENTED_EDGE('',*,*,#1208,.T.);
#407=ORIENTED_EDGE('',*,*,#1209,.T.);
#408=ORIENTED_EDGE('',*,*,#1210,.T.);
#409=ORIENTED_EDGE('',*,*,#1211,.F.);
#410=ORIENTED_EDGE('',*,*,#1212,.T.);
#411=ORIENTED_EDGE('',*,*,#1213,.F.);
#412=ORIENTED_EDGE('',*,*,#1214,.T.);
#413=ORIENTED_EDGE('',*,*,#1215,.T.);
#414=ORIENTED_EDGE('',*,*,#1216,.T.);
#415=ORIENTED_EDGE('',*,*,#1217,.T.);
#416=ORIENTED_EDGE('',*,*,#1218,.T.);
#417=ORIENTED_EDGE('',*,*,#1219,.F.);
#418=ORIENTED_EDGE('',*,*,#1220,.T.);
#419=ORIENTED_EDGE('',*,*,#1221,.F.);
#420=ORIENTED_EDGE('',*,*,#1222,.T.);
#421=ORIENTED_EDGE('',*,*,#1223,.F.);
#422=ORIENTED_EDGE('',*,*,#1224,.T.);
#423=ORIENTED_EDGE('',*,*,#1225,.F.);
#424=ORIENTED_EDGE('',*,*,#1226,.T.);
#425=ORIENTED_EDGE('',*,*,#1227,.F.);
#426=ORIENTED_EDGE('',*,*,#1228,.T.);
#427=ORIENTED_EDGE('',*,*,#1229,.F.);
#428=ORIENTED_EDGE('',*,*,#1230,.T.);
#429=ORIENTED_EDGE('',*,*,#1231,.F.);
#430=ORIENTED_EDGE('',*,*,#1232,.T.);
#431=ORIENTED_EDGE('',*,*,#1233,.F.);
#432=ORIENTED_EDGE('',*,*,#1234,.T.);
#433=ORIENTED_EDGE('',*,*,#1235,.F.);
#434=ORIENTED_EDGE('',*,*,#1236,.T.);
#435=ORIENTED_EDGE('',*,*,#1237,.F.);
#436=ORIENTED_EDGE('',*,*,#1238,.T.);
#437=ORIENTED_EDGE('',*,*,#1239,.T.);
#438=ORIENTED_EDGE('',*,*,#1240,.T.);
#439=ORIENTED_EDGE('',*,*,#1241,.T.);
#440=ORIENTED_EDGE('',*,*,#1242,.T.);
#441=ORIENTED_EDGE('',*,*,#1243,.T.);
#442=ORIENTED_EDGE('',*,*,#1244,.T.);
#443=ORIENTED_EDGE('',*,*,#1245,.T.);
#444=ORIENTED_EDGE('',*,*,#1246,.T.);
#445=ORIENTED_EDGE('',*,*,#1247,.F.);
#446=ORIENTED_EDGE('',*,*,#1248,.T.);
#447=ORIENTED_EDGE('',*,*,#1249,.F.);
#448=ORIENTED_EDGE('',*,*,#1250,.T.);
#449=ORIENTED_EDGE('',*,*,#1251,.F.);
#450=ORIENTED_EDGE('',*,*,#1252,.T.);
#451=ORIENTED_EDGE('',*,*,#1253,.T.);
#452=ORIENTED_EDGE('',*,*,#1254,.F.);
#453=ORIENTED_EDGE('',*,*,#1255,.T.);
#454=ORIENTED_EDGE('',*,*,#1161,.T.);
#455=ORIENTED_EDGE('',*,*,#1256,.T.);
#456=ORIENTED_EDGE('',*,*,#1257,.T.);
#457=ORIENTED_EDGE('',*,*,#1258,.T.);
#458=ORIENTED_EDGE('',*,*,#1259,.T.);
#459=ORIENTED_EDGE('',*,*,#1260,.T.);
#460=ORIENTED_EDGE('',*,*,#1261,.T.);
#461=ORIENTED_EDGE('',*,*,#1262,.T.);
#462=ORIENTED_EDGE('',*,*,#1263,.T.);
#463=ORIENTED_EDGE('',*,*,#1264,.T.);
#464=ORIENTED_EDGE('',*,*,#1177,.F.);
#465=ORIENTED_EDGE('',*,*,#1265,.F.);
#466=ORIENTED_EDGE('',*,*,#1266,.F.);
#467=ORIENTED_EDGE('',*,*,#1267,.T.);
#468=ORIENTED_EDGE('',*,*,#1268,.T.);
#469=ORIENTED_EDGE('',*,*,#1269,.T.);
#470=ORIENTED_EDGE('',*,*,#1270,.T.);
#471=ORIENTED_EDGE('',*,*,#1271,.T.);
#472=ORIENTED_EDGE('',*,*,#1272,.F.);
#473=ORIENTED_EDGE('',*,*,#1273,.T.);
#474=ORIENTED_EDGE('',*,*,#1274,.F.);
#475=ORIENTED_EDGE('',*,*,#1275,.T.);
#476=ORIENTED_EDGE('',*,*,#1276,.T.);
#477=ORIENTED_EDGE('',*,*,#1277,.T.);
#478=ORIENTED_EDGE('',*,*,#1278,.T.);
#479=ORIENTED_EDGE('',*,*,#1279,.T.);
#480=ORIENTED_EDGE('',*,*,#1280,.T.);
#481=ORIENTED_EDGE('',*,*,#1163,.F.);
#482=ORIENTED_EDGE('',*,*,#1281,.T.);
#483=ORIENTED_EDGE('',*,*,#1175,.T.);
#484=ORIENTED_EDGE('',*,*,#1282,.T.);
#485=ORIENTED_EDGE('',*,*,#1283,.T.);
#486=ORIENTED_EDGE('',*,*,#1284,.T.);
#487=ORIENTED_EDGE('',*,*,#1285,.T.);
#488=ORIENTED_EDGE('',*,*,#1286,.F.);
#489=ORIENTED_EDGE('',*,*,#1287,.T.);
#490=ORIENTED_EDGE('',*,*,#1288,.T.);
#491=ORIENTED_EDGE('',*,*,#1289,.F.);
#492=ORIENTED_EDGE('',*,*,#1290,.T.);
#493=ORIENTED_EDGE('',*,*,#1291,.F.);
#494=ORIENTED_EDGE('',*,*,#1292,.T.);
#495=ORIENTED_EDGE('',*,*,#1293,.T.);
#496=ORIENTED_EDGE('',*,*,#1294,.T.);
#497=ORIENTED_EDGE('',*,*,#1295,.T.);
#498=ORIENTED_EDGE('',*,*,#1296,.T.);
#499=ORIENTED_EDGE('',*,*,#1297,.F.);
#500=ORIENTED_EDGE('',*,*,#1298,.T.);
#501=ORIENTED_EDGE('',*,*,#1299,.T.);
#502=ORIENTED_EDGE('',*,*,#1300,.T.);
#503=ORIENTED_EDGE('',*,*,#1301,.F.);
#504=ORIENTED_EDGE('',*,*,#1302,.T.);
#505=ORIENTED_EDGE('',*,*,#1143,.T.);
#506=ORIENTED_EDGE('',*,*,#1303,.T.);
#507=ORIENTED_EDGE('',*,*,#1247,.T.);
#508=ORIENTED_EDGE('',*,*,#1304,.T.);
#509=ORIENTED_EDGE('',*,*,#1129,.F.);
#510=ORIENTED_EDGE('',*,*,#1305,.T.);
#511=ORIENTED_EDGE('',*,*,#1217,.F.);
#512=ORIENTED_EDGE('',*,*,#1306,.T.);
#513=ORIENTED_EDGE('',*,*,#1260,.F.);
#514=ORIENTED_EDGE('',*,*,#1307,.T.);
#515=ORIENTED_EDGE('',*,*,#1308,.T.);
#516=ORIENTED_EDGE('',*,*,#1309,.T.);
#517=ORIENTED_EDGE('',*,*,#1286,.T.);
#518=ORIENTED_EDGE('',*,*,#1310,.T.);
#519=ORIENTED_EDGE('',*,*,#1311,.T.);
#520=ORIENTED_EDGE('',*,*,#1312,.T.);
#521=ORIENTED_EDGE('',*,*,#1313,.T.);
#522=ORIENTED_EDGE('',*,*,#1173,.T.);
#523=ORIENTED_EDGE('',*,*,#1314,.T.);
#524=ORIENTED_EDGE('',*,*,#1133,.F.);
#525=ORIENTED_EDGE('',*,*,#1315,.T.);
#526=ORIENTED_EDGE('',*,*,#1179,.T.);
#527=ORIENTED_EDGE('',*,*,#1316,.T.);
#528=ORIENTED_EDGE('',*,*,#1317,.T.);
#529=ORIENTED_EDGE('',*,*,#1318,.F.);
#530=ORIENTED_EDGE('',*,*,#1319,.F.);
#531=ORIENTED_EDGE('',*,*,#1320,.F.);
#532=ORIENTED_EDGE('',*,*,#1321,.F.);
#533=ORIENTED_EDGE('',*,*,#1322,.T.);
#534=ORIENTED_EDGE('',*,*,#1323,.T.);
#535=ORIENTED_EDGE('',*,*,#1243,.F.);
#536=ORIENTED_EDGE('',*,*,#1324,.T.);
#537=ORIENTED_EDGE('',*,*,#1325,.F.);
#538=ORIENTED_EDGE('',*,*,#1326,.T.);
#539=ORIENTED_EDGE('',*,*,#1213,.T.);
#540=ORIENTED_EDGE('',*,*,#1327,.T.);
#541=ORIENTED_EDGE('',*,*,#1162,.T.);
#542=ORIENTED_EDGE('',*,*,#1265,.T.);
#543=ORIENTED_EDGE('',*,*,#1176,.F.);
#544=ORIENTED_EDGE('',*,*,#1281,.F.);
#545=ORIENTED_EDGE('',*,*,#1151,.F.);
#546=ORIENTED_EDGE('',*,*,#1328,.T.);
#547=ORIENTED_EDGE('',*,*,#1165,.T.);
#548=ORIENTED_EDGE('',*,*,#1329,.T.);
#549=ORIENTED_EDGE('',*,*,#1330,.T.);
#550=ORIENTED_EDGE('',*,*,#1331,.T.);
#551=ORIENTED_EDGE('',*,*,#1159,.T.);
#552=ORIENTED_EDGE('',*,*,#1332,.T.);
#553=ORIENTED_EDGE('',*,*,#1333,.T.);
#554=ORIENTED_EDGE('',*,*,#1334,.T.);
#555=ORIENTED_EDGE('',*,*,#1335,.T.);
#556=ORIENTED_EDGE('',*,*,#1336,.T.);
#557=ORIENTED_EDGE('',*,*,#1337,.T.);
#558=ORIENTED_EDGE('',*,*,#1338,.T.);
#559=ORIENTED_EDGE('',*,*,#1339,.T.);
#560=ORIENTED_EDGE('',*,*,#1340,.T.);
#561=ORIENTED_EDGE('',*,*,#1341,.T.);
#562=ORIENTED_EDGE('',*,*,#1342,.T.);
#563=ORIENTED_EDGE('',*,*,#1215,.F.);
#564=ORIENTED_EDGE('',*,*,#1343,.T.);
#565=ORIENTED_EDGE('',*,*,#1344,.T.);
#566=ORIENTED_EDGE('',*,*,#1345,.T.);
#567=ORIENTED_EDGE('',*,*,#1249,.T.);
#568=ORIENTED_EDGE('',*,*,#1346,.T.);
#569=ORIENTED_EDGE('',*,*,#1141,.F.);
#570=ORIENTED_EDGE('',*,*,#1347,.T.);
#571=ORIENTED_EDGE('',*,*,#1344,.F.);
#572=ORIENTED_EDGE('',*,*,#1348,.T.);
#573=ORIENTED_EDGE('',*,*,#1325,.T.);
#574=ORIENTED_EDGE('',*,*,#1349,.T.);
#575=ORIENTED_EDGE('',*,*,#1350,.T.);
#576=ORIENTED_EDGE('',*,*,#1351,.T.);
#577=ORIENTED_EDGE('',*,*,#1245,.F.);
#578=ORIENTED_EDGE('',*,*,#1352,.T.);
#579=ORIENTED_EDGE('',*,*,#1353,.F.);
#580=ORIENTED_EDGE('',*,*,#1354,.T.);
#581=ORIENTED_EDGE('',*,*,#1211,.T.);
#582=ORIENTED_EDGE('',*,*,#1355,.T.);
#583=ORIENTED_EDGE('',*,*,#1131,.T.);
#584=ORIENTED_EDGE('',*,*,#1356,.T.);
#585=ORIENTED_EDGE('',*,*,#1353,.T.);
#586=ORIENTED_EDGE('',*,*,#1357,.T.);
#587=ORIENTED_EDGE('',*,*,#1322,.F.);
#588=ORIENTED_EDGE('',*,*,#1358,.T.);
#589=ORIENTED_EDGE('',*,*,#1207,.F.);
#590=ORIENTED_EDGE('',*,*,#1359,.T.);
#591=ORIENTED_EDGE('',*,*,#1295,.F.);
#592=ORIENTED_EDGE('',*,*,#1360,.T.);
#593=ORIENTED_EDGE('',*,*,#1209,.F.);
#594=ORIENTED_EDGE('',*,*,#1361,.T.);
#595=ORIENTED_EDGE('',*,*,#1293,.F.);
#596=ORIENTED_EDGE('',*,*,#1362,.T.);
#597=ORIENTED_EDGE('',*,*,#1291,.T.);
#598=ORIENTED_EDGE('',*,*,#1363,.T.);
#599=ORIENTED_EDGE('',*,*,#1203,.T.);
#600=ORIENTED_EDGE('',*,*,#1364,.T.);
#601=ORIENTED_EDGE('',*,*,#1289,.T.);
#602=ORIENTED_EDGE('',*,*,#1365,.T.);
#603=ORIENTED_EDGE('',*,*,#1205,.T.);
#604=ORIENTED_EDGE('',*,*,#1366,.T.);
#605=ORIENTED_EDGE('',*,*,#1201,.T.);
#606=ORIENTED_EDGE('',*,*,#1367,.T.);
#607=ORIENTED_EDGE('',*,*,#1297,.T.);
#608=ORIENTED_EDGE('',*,*,#1368,.T.);
#609=ORIENTED_EDGE('',*,*,#1301,.T.);
#610=ORIENTED_EDGE('',*,*,#1369,.T.);
#611=ORIENTED_EDGE('',*,*,#1197,.T.);
#612=ORIENTED_EDGE('',*,*,#1370,.T.);
#613=ORIENTED_EDGE('',*,*,#1299,.F.);
#614=ORIENTED_EDGE('',*,*,#1371,.T.);
#615=ORIENTED_EDGE('',*,*,#1199,.F.);
#616=ORIENTED_EDGE('',*,*,#1372,.T.);
#617=ORIENTED_EDGE('',*,*,#1270,.F.);
#618=ORIENTED_EDGE('',*,*,#1373,.T.);
#619=ORIENTED_EDGE('',*,*,#1235,.T.);
#620=ORIENTED_EDGE('',*,*,#1374,.T.);
#621=ORIENTED_EDGE('',*,*,#1237,.T.);
#622=ORIENTED_EDGE('',*,*,#1375,.T.);
#623=ORIENTED_EDGE('',*,*,#1268,.F.);
#624=ORIENTED_EDGE('',*,*,#1376,.T.);
#625=ORIENTED_EDGE('',*,*,#1266,.T.);
#626=ORIENTED_EDGE('',*,*,#1377,.T.);
#627=ORIENTED_EDGE('',*,*,#1239,.F.);
#628=ORIENTED_EDGE('',*,*,#1378,.T.);
#629=ORIENTED_EDGE('',*,*,#1241,.F.);
#630=ORIENTED_EDGE('',*,*,#1379,.T.);
#631=ORIENTED_EDGE('',*,*,#1272,.T.);
#632=ORIENTED_EDGE('',*,*,#1380,.T.);
#633=ORIENTED_EDGE('',*,*,#1253,.F.);
#634=ORIENTED_EDGE('',*,*,#1381,.T.);
#635=ORIENTED_EDGE('',*,*,#1274,.T.);
#636=ORIENTED_EDGE('',*,*,#1382,.F.);
#637=ORIENTED_EDGE('',*,*,#1278,.F.);
#638=ORIENTED_EDGE('',*,*,#1383,.T.);
#639=ORIENTED_EDGE('',*,*,#1254,.T.);
#640=ORIENTED_EDGE('',*,*,#1382,.T.);
#641=ORIENTED_EDGE('',*,*,#1276,.F.);
#642=ORIENTED_EDGE('',*,*,#1384,.T.);
#643=ORIENTED_EDGE('',*,*,#1251,.T.);
#644=ORIENTED_EDGE('',*,*,#1385,.T.);
#645=ORIENTED_EDGE('',*,*,#1252,.F.);
#646=ORIENTED_EDGE('',*,*,#1384,.F.);
#647=ORIENTED_EDGE('',*,*,#1275,.F.);
#648=ORIENTED_EDGE('',*,*,#1381,.F.);
#649=ORIENTED_EDGE('',*,*,#1255,.F.);
#650=ORIENTED_EDGE('',*,*,#1383,.F.);
#651=ORIENTED_EDGE('',*,*,#1277,.F.);
#652=ORIENTED_EDGE('',*,*,#1385,.F.);
#653=ORIENTED_EDGE('',*,*,#1240,.F.);
#654=ORIENTED_EDGE('',*,*,#1377,.F.);
#655=ORIENTED_EDGE('',*,*,#1273,.F.);
#656=ORIENTED_EDGE('',*,*,#1379,.F.);
#657=ORIENTED_EDGE('',*,*,#1236,.F.);
#658=ORIENTED_EDGE('',*,*,#1373,.F.);
#659=ORIENTED_EDGE('',*,*,#1269,.F.);
#660=ORIENTED_EDGE('',*,*,#1375,.F.);
#661=ORIENTED_EDGE('',*,*,#1238,.F.);
#662=ORIENTED_EDGE('',*,*,#1376,.F.);
#663=ORIENTED_EDGE('',*,*,#1267,.F.);
#664=ORIENTED_EDGE('',*,*,#1378,.F.);
#665=ORIENTED_EDGE('',*,*,#1242,.F.);
#666=ORIENTED_EDGE('',*,*,#1380,.F.);
#667=ORIENTED_EDGE('',*,*,#1271,.F.);
#668=ORIENTED_EDGE('',*,*,#1374,.F.);
#669=ORIENTED_EDGE('',*,*,#1296,.F.);
#670=ORIENTED_EDGE('',*,*,#1359,.F.);
#671=ORIENTED_EDGE('',*,*,#1206,.F.);
#672=ORIENTED_EDGE('',*,*,#1365,.F.);
#673=ORIENTED_EDGE('',*,*,#1294,.F.);
#674=ORIENTED_EDGE('',*,*,#1361,.F.);
#675=ORIENTED_EDGE('',*,*,#1208,.F.);
#676=ORIENTED_EDGE('',*,*,#1360,.F.);
#677=ORIENTED_EDGE('',*,*,#1290,.F.);
#678=ORIENTED_EDGE('',*,*,#1366,.F.);
#679=ORIENTED_EDGE('',*,*,#1204,.F.);
#680=ORIENTED_EDGE('',*,*,#1363,.F.);
#681=ORIENTED_EDGE('',*,*,#1292,.F.);
#682=ORIENTED_EDGE('',*,*,#1364,.F.);
#683=ORIENTED_EDGE('',*,*,#1210,.F.);
#684=ORIENTED_EDGE('',*,*,#1362,.F.);
#685=ORIENTED_EDGE('',*,*,#1298,.F.);
#686=ORIENTED_EDGE('',*,*,#1367,.F.);
#687=ORIENTED_EDGE('',*,*,#1200,.F.);
#688=ORIENTED_EDGE('',*,*,#1371,.F.);
#689=ORIENTED_EDGE('',*,*,#1300,.F.);
#690=ORIENTED_EDGE('',*,*,#1372,.F.);
#691=ORIENTED_EDGE('',*,*,#1198,.F.);
#692=ORIENTED_EDGE('',*,*,#1369,.F.);
#693=ORIENTED_EDGE('',*,*,#1302,.F.);
#694=ORIENTED_EDGE('',*,*,#1370,.F.);
#695=ORIENTED_EDGE('',*,*,#1202,.F.);
#696=ORIENTED_EDGE('',*,*,#1368,.F.);
#697=ORIENTED_EDGE('',*,*,#1346,.F.);
#698=ORIENTED_EDGE('',*,*,#1248,.F.);
#699=ORIENTED_EDGE('',*,*,#1303,.F.);
#700=ORIENTED_EDGE('',*,*,#1142,.F.);
#701=ORIENTED_EDGE('',*,*,#1347,.F.);
#702=ORIENTED_EDGE('',*,*,#1144,.F.);
#703=ORIENTED_EDGE('',*,*,#1306,.F.);
#704=ORIENTED_EDGE('',*,*,#1216,.F.);
#705=ORIENTED_EDGE('',*,*,#1356,.F.);
#706=ORIENTED_EDGE('',*,*,#1130,.F.);
#707=ORIENTED_EDGE('',*,*,#1304,.F.);
#708=ORIENTED_EDGE('',*,*,#1246,.F.);
#709=ORIENTED_EDGE('',*,*,#1355,.F.);
#710=ORIENTED_EDGE('',*,*,#1218,.F.);
#711=ORIENTED_EDGE('',*,*,#1305,.F.);
#712=ORIENTED_EDGE('',*,*,#1132,.F.);
#713=ORIENTED_EDGE('',*,*,#1339,.F.);
#714=ORIENTED_EDGE('',*,*,#1386,.T.);
#715=ORIENTED_EDGE('',*,*,#1308,.F.);
#716=ORIENTED_EDGE('',*,*,#1387,.T.);
#717=ORIENTED_EDGE('',*,*,#1330,.F.);
#718=ORIENTED_EDGE('',*,*,#1388,.T.);
#719=ORIENTED_EDGE('',*,*,#1337,.F.);
#720=ORIENTED_EDGE('',*,*,#1389,.T.);
#721=ORIENTED_EDGE('',*,*,#1311,.F.);
#722=ORIENTED_EDGE('',*,*,#1390,.T.);
#723=ORIENTED_EDGE('',*,*,#1333,.F.);
#724=ORIENTED_EDGE('',*,*,#1391,.T.);
#725=ORIENTED_EDGE('',*,*,#1335,.F.);
#726=ORIENTED_EDGE('',*,*,#1392,.T.);
#727=ORIENTED_EDGE('',*,*,#1317,.F.);
#728=ORIENTED_EDGE('',*,*,#1393,.T.);
#729=ORIENTED_EDGE('',*,*,#1321,.T.);
#730=ORIENTED_EDGE('',*,*,#1351,.F.);
#731=ORIENTED_EDGE('',*,*,#1320,.T.);
#732=ORIENTED_EDGE('',*,*,#1350,.F.);
#733=ORIENTED_EDGE('',*,*,#1319,.T.);
#734=ORIENTED_EDGE('',*,*,#1342,.F.);
#735=ORIENTED_EDGE('',*,*,#1318,.T.);
#736=ORIENTED_EDGE('',*,*,#1341,.F.);
#737=ORIENTED_EDGE('',*,*,#1323,.F.);
#738=ORIENTED_EDGE('',*,*,#1357,.F.);
#739=ORIENTED_EDGE('',*,*,#1352,.F.);
#740=ORIENTED_EDGE('',*,*,#1244,.F.);
#741=ORIENTED_EDGE('',*,*,#1327,.F.);
#742=ORIENTED_EDGE('',*,*,#1212,.F.);
#743=ORIENTED_EDGE('',*,*,#1354,.F.);
#744=ORIENTED_EDGE('',*,*,#1358,.F.);
#745=ORIENTED_EDGE('',*,*,#1326,.F.);
#746=ORIENTED_EDGE('',*,*,#1348,.F.);
#747=ORIENTED_EDGE('',*,*,#1343,.F.);
#748=ORIENTED_EDGE('',*,*,#1214,.F.);
#749=ORIENTED_EDGE('',*,*,#1324,.F.);
#750=ORIENTED_EDGE('',*,*,#1250,.F.);
#751=ORIENTED_EDGE('',*,*,#1345,.F.);
#752=ORIENTED_EDGE('',*,*,#1349,.F.);
#753=ORIENTED_EDGE('',*,*,#1309,.F.);
#754=ORIENTED_EDGE('',*,*,#1386,.F.);
#755=ORIENTED_EDGE('',*,*,#1394,.F.);
#756=ORIENTED_EDGE('',*,*,#1287,.F.);
#757=ORIENTED_EDGE('',*,*,#1394,.T.);
#758=ORIENTED_EDGE('',*,*,#1338,.F.);
#759=ORIENTED_EDGE('',*,*,#1395,.F.);
#760=ORIENTED_EDGE('',*,*,#1288,.F.);
#761=ORIENTED_EDGE('',*,*,#1395,.T.);
#762=ORIENTED_EDGE('',*,*,#1388,.F.);
#763=ORIENTED_EDGE('',*,*,#1396,.F.);
#764=ORIENTED_EDGE('',*,*,#1279,.F.);
#765=ORIENTED_EDGE('',*,*,#1164,.F.);
#766=ORIENTED_EDGE('',*,*,#1280,.F.);
#767=ORIENTED_EDGE('',*,*,#1396,.T.);
#768=ORIENTED_EDGE('',*,*,#1329,.F.);
#769=ORIENTED_EDGE('',*,*,#1310,.F.);
#770=ORIENTED_EDGE('',*,*,#1285,.F.);
#771=ORIENTED_EDGE('',*,*,#1397,.F.);
#772=ORIENTED_EDGE('',*,*,#1390,.F.);
#773=ORIENTED_EDGE('',*,*,#1397,.T.);
#774=ORIENTED_EDGE('',*,*,#1284,.F.);
#775=ORIENTED_EDGE('',*,*,#1398,.F.);
#776=ORIENTED_EDGE('',*,*,#1334,.F.);
#777=ORIENTED_EDGE('',*,*,#1398,.T.);
#778=ORIENTED_EDGE('',*,*,#1283,.F.);
#779=ORIENTED_EDGE('',*,*,#1399,.F.);
#780=ORIENTED_EDGE('',*,*,#1392,.F.);
#781=ORIENTED_EDGE('',*,*,#1399,.T.);
#782=ORIENTED_EDGE('',*,*,#1282,.F.);
#783=ORIENTED_EDGE('',*,*,#1174,.F.);
#784=ORIENTED_EDGE('',*,*,#1313,.F.);
#785=ORIENTED_EDGE('',*,*,#1307,.F.);
#786=ORIENTED_EDGE('',*,*,#1259,.F.);
#787=ORIENTED_EDGE('',*,*,#1400,.F.);
#788=ORIENTED_EDGE('',*,*,#1387,.F.);
#789=ORIENTED_EDGE('',*,*,#1400,.T.);
#790=ORIENTED_EDGE('',*,*,#1258,.F.);
#791=ORIENTED_EDGE('',*,*,#1401,.F.);
#792=ORIENTED_EDGE('',*,*,#1340,.F.);
#793=ORIENTED_EDGE('',*,*,#1401,.T.);
#794=ORIENTED_EDGE('',*,*,#1257,.F.);
#795=ORIENTED_EDGE('',*,*,#1402,.F.);
#796=ORIENTED_EDGE('',*,*,#1389,.F.);
#797=ORIENTED_EDGE('',*,*,#1160,.F.);
#798=ORIENTED_EDGE('',*,*,#1331,.F.);
#799=ORIENTED_EDGE('',*,*,#1402,.T.);
#800=ORIENTED_EDGE('',*,*,#1256,.F.);
#801=ORIENTED_EDGE('',*,*,#1312,.F.);
#802=ORIENTED_EDGE('',*,*,#1391,.F.);
#803=ORIENTED_EDGE('',*,*,#1403,.F.);
#804=ORIENTED_EDGE('',*,*,#1261,.F.);
#805=ORIENTED_EDGE('',*,*,#1403,.T.);
#806=ORIENTED_EDGE('',*,*,#1336,.F.);
#807=ORIENTED_EDGE('',*,*,#1404,.F.);
#808=ORIENTED_EDGE('',*,*,#1262,.F.);
#809=ORIENTED_EDGE('',*,*,#1404,.T.);
#810=ORIENTED_EDGE('',*,*,#1393,.F.);
#811=ORIENTED_EDGE('',*,*,#1405,.F.);
#812=ORIENTED_EDGE('',*,*,#1263,.F.);
#813=ORIENTED_EDGE('',*,*,#1405,.T.);
#814=ORIENTED_EDGE('',*,*,#1316,.F.);
#815=ORIENTED_EDGE('',*,*,#1178,.F.);
#816=ORIENTED_EDGE('',*,*,#1264,.F.);
#817=ORIENTED_EDGE('',*,*,#1406,.T.);
#818=ORIENTED_EDGE('',*,*,#1407,.T.);
#819=ORIENTED_EDGE('',*,*,#1408,.T.);
#820=ORIENTED_EDGE('',*,*,#1409,.T.);
#821=ORIENTED_EDGE('',*,*,#1410,.T.);
#822=ORIENTED_EDGE('',*,*,#1411,.T.);
#823=ORIENTED_EDGE('',*,*,#1412,.T.);
#824=ORIENTED_EDGE('',*,*,#1413,.T.);
#825=ORIENTED_EDGE('',*,*,#1414,.T.);
#826=ORIENTED_EDGE('',*,*,#1415,.T.);
#827=ORIENTED_EDGE('',*,*,#1416,.T.);
#828=ORIENTED_EDGE('',*,*,#1417,.T.);
#829=ORIENTED_EDGE('',*,*,#1418,.T.);
#830=ORIENTED_EDGE('',*,*,#1419,.T.);
#831=ORIENTED_EDGE('',*,*,#1420,.T.);
#832=ORIENTED_EDGE('',*,*,#1421,.T.);
#833=ORIENTED_EDGE('',*,*,#1422,.F.);
#834=ORIENTED_EDGE('',*,*,#1423,.F.);
#835=ORIENTED_EDGE('',*,*,#1424,.F.);
#836=ORIENTED_EDGE('',*,*,#1425,.F.);
#837=ORIENTED_EDGE('',*,*,#1423,.T.);
#838=ORIENTED_EDGE('',*,*,#1426,.F.);
#839=ORIENTED_EDGE('',*,*,#1189,.T.);
#840=ORIENTED_EDGE('',*,*,#1407,.F.);
#841=ORIENTED_EDGE('',*,*,#1424,.T.);
#842=ORIENTED_EDGE('',*,*,#1427,.F.);
#843=ORIENTED_EDGE('',*,*,#1428,.F.);
#844=ORIENTED_EDGE('',*,*,#1429,.F.);
#845=ORIENTED_EDGE('',*,*,#1430,.F.);
#846=ORIENTED_EDGE('',*,*,#1422,.T.);
#847=ORIENTED_EDGE('',*,*,#1406,.F.);
#848=ORIENTED_EDGE('',*,*,#1426,.T.);
#849=ORIENTED_EDGE('',*,*,#1430,.T.);
#850=ORIENTED_EDGE('',*,*,#1431,.F.);
#851=ORIENTED_EDGE('',*,*,#1190,.F.);
#852=ORIENTED_EDGE('',*,*,#1432,.F.);
#853=ORIENTED_EDGE('',*,*,#1427,.T.);
#854=ORIENTED_EDGE('',*,*,#1425,.T.);
#855=ORIENTED_EDGE('',*,*,#1196,.F.);
#856=ORIENTED_EDGE('',*,*,#1428,.T.);
#857=ORIENTED_EDGE('',*,*,#1433,.F.);
#858=ORIENTED_EDGE('',*,*,#1434,.F.);
#859=ORIENTED_EDGE('',*,*,#1435,.T.);
#860=ORIENTED_EDGE('',*,*,#1429,.T.);
#861=ORIENTED_EDGE('',*,*,#1436,.F.);
#862=ORIENTED_EDGE('',*,*,#1431,.T.);
#863=ORIENTED_EDGE('',*,*,#1435,.F.);
#864=ORIENTED_EDGE('',*,*,#1437,.F.);
#865=ORIENTED_EDGE('',*,*,#1191,.T.);
#866=ORIENTED_EDGE('',*,*,#1432,.T.);
#867=ORIENTED_EDGE('',*,*,#1195,.T.);
#868=ORIENTED_EDGE('',*,*,#1438,.F.);
#869=ORIENTED_EDGE('',*,*,#1433,.T.);
#870=ORIENTED_EDGE('',*,*,#1408,.F.);
#871=ORIENTED_EDGE('',*,*,#1434,.T.);
#872=ORIENTED_EDGE('',*,*,#1439,.F.);
#873=ORIENTED_EDGE('',*,*,#1440,.F.);
#874=ORIENTED_EDGE('',*,*,#1441,.F.);
#875=ORIENTED_EDGE('',*,*,#1436,.T.);
#876=ORIENTED_EDGE('',*,*,#1409,.F.);
#877=ORIENTED_EDGE('',*,*,#1442,.F.);
#878=ORIENTED_EDGE('',*,*,#1437,.T.);
#879=ORIENTED_EDGE('',*,*,#1441,.T.);
#880=ORIENTED_EDGE('',*,*,#1443,.F.);
#881=ORIENTED_EDGE('',*,*,#1192,.F.);
#882=ORIENTED_EDGE('',*,*,#1438,.T.);
#883=ORIENTED_EDGE('',*,*,#1194,.F.);
#884=ORIENTED_EDGE('',*,*,#1444,.F.);
#885=ORIENTED_EDGE('',*,*,#1439,.T.);
#886=ORIENTED_EDGE('',*,*,#1442,.T.);
#887=ORIENTED_EDGE('',*,*,#1440,.T.);
#888=ORIENTED_EDGE('',*,*,#1445,.F.);
#889=ORIENTED_EDGE('',*,*,#1193,.T.);
#890=ORIENTED_EDGE('',*,*,#1443,.T.);
#891=ORIENTED_EDGE('',*,*,#1445,.T.);
#892=ORIENTED_EDGE('',*,*,#1444,.T.);
#893=ORIENTED_EDGE('',*,*,#1446,.F.);
#894=ORIENTED_EDGE('',*,*,#1447,.F.);
#895=ORIENTED_EDGE('',*,*,#1448,.F.);
#896=ORIENTED_EDGE('',*,*,#1449,.F.);
#897=ORIENTED_EDGE('',*,*,#1447,.T.);
#898=ORIENTED_EDGE('',*,*,#1450,.F.);
#899=ORIENTED_EDGE('',*,*,#1221,.T.);
#900=ORIENTED_EDGE('',*,*,#1418,.F.);
#901=ORIENTED_EDGE('',*,*,#1448,.T.);
#902=ORIENTED_EDGE('',*,*,#1451,.F.);
#903=ORIENTED_EDGE('',*,*,#1452,.F.);
#904=ORIENTED_EDGE('',*,*,#1453,.F.);
#905=ORIENTED_EDGE('',*,*,#1454,.F.);
#906=ORIENTED_EDGE('',*,*,#1446,.T.);
#907=ORIENTED_EDGE('',*,*,#1421,.F.);
#908=ORIENTED_EDGE('',*,*,#1450,.T.);
#909=ORIENTED_EDGE('',*,*,#1454,.T.);
#910=ORIENTED_EDGE('',*,*,#1455,.F.);
#911=ORIENTED_EDGE('',*,*,#1222,.F.);
#912=ORIENTED_EDGE('',*,*,#1456,.F.);
#913=ORIENTED_EDGE('',*,*,#1451,.T.);
#914=ORIENTED_EDGE('',*,*,#1449,.T.);
#915=ORIENTED_EDGE('',*,*,#1220,.F.);
#916=ORIENTED_EDGE('',*,*,#1452,.T.);
#917=ORIENTED_EDGE('',*,*,#1457,.F.);
#918=ORIENTED_EDGE('',*,*,#1458,.F.);
#919=ORIENTED_EDGE('',*,*,#1459,.T.);
#920=ORIENTED_EDGE('',*,*,#1453,.T.);
#921=ORIENTED_EDGE('',*,*,#1460,.F.);
#922=ORIENTED_EDGE('',*,*,#1455,.T.);
#923=ORIENTED_EDGE('',*,*,#1459,.F.);
#924=ORIENTED_EDGE('',*,*,#1461,.F.);
#925=ORIENTED_EDGE('',*,*,#1223,.T.);
#926=ORIENTED_EDGE('',*,*,#1456,.T.);
#927=ORIENTED_EDGE('',*,*,#1219,.T.);
#928=ORIENTED_EDGE('',*,*,#1462,.F.);
#929=ORIENTED_EDGE('',*,*,#1457,.T.);
#930=ORIENTED_EDGE('',*,*,#1419,.F.);
#931=ORIENTED_EDGE('',*,*,#1458,.T.);
#932=ORIENTED_EDGE('',*,*,#1463,.F.);
#933=ORIENTED_EDGE('',*,*,#1464,.F.);
#934=ORIENTED_EDGE('',*,*,#1465,.F.);
#935=ORIENTED_EDGE('',*,*,#1460,.T.);
#936=ORIENTED_EDGE('',*,*,#1420,.F.);
#937=ORIENTED_EDGE('',*,*,#1466,.F.);
#938=ORIENTED_EDGE('',*,*,#1461,.T.);
#939=ORIENTED_EDGE('',*,*,#1465,.T.);
#940=ORIENTED_EDGE('',*,*,#1467,.F.);
#941=ORIENTED_EDGE('',*,*,#1224,.F.);
#942=ORIENTED_EDGE('',*,*,#1462,.T.);
#943=ORIENTED_EDGE('',*,*,#1226,.F.);
#944=ORIENTED_EDGE('',*,*,#1468,.F.);
#945=ORIENTED_EDGE('',*,*,#1463,.T.);
#946=ORIENTED_EDGE('',*,*,#1466,.T.);
#947=ORIENTED_EDGE('',*,*,#1464,.T.);
#948=ORIENTED_EDGE('',*,*,#1469,.F.);
#949=ORIENTED_EDGE('',*,*,#1225,.T.);
#950=ORIENTED_EDGE('',*,*,#1467,.T.);
#951=ORIENTED_EDGE('',*,*,#1469,.T.);
#952=ORIENTED_EDGE('',*,*,#1468,.T.);
#953=ORIENTED_EDGE('',*,*,#1470,.F.);
#954=ORIENTED_EDGE('',*,*,#1471,.F.);
#955=ORIENTED_EDGE('',*,*,#1472,.F.);
#956=ORIENTED_EDGE('',*,*,#1410,.F.);
#957=ORIENTED_EDGE('',*,*,#1473,.F.);
#958=ORIENTED_EDGE('',*,*,#1470,.T.);
#959=ORIENTED_EDGE('',*,*,#1474,.F.);
#960=ORIENTED_EDGE('',*,*,#1475,.F.);
#961=ORIENTED_EDGE('',*,*,#1471,.T.);
#962=ORIENTED_EDGE('',*,*,#1476,.F.);
#963=ORIENTED_EDGE('',*,*,#1186,.F.);
#964=ORIENTED_EDGE('',*,*,#1472,.T.);
#965=ORIENTED_EDGE('',*,*,#1477,.F.);
#966=ORIENTED_EDGE('',*,*,#1478,.F.);
#967=ORIENTED_EDGE('',*,*,#1474,.T.);
#968=ORIENTED_EDGE('',*,*,#1413,.F.);
#969=ORIENTED_EDGE('',*,*,#1479,.F.);
#970=ORIENTED_EDGE('',*,*,#1480,.F.);
#971=ORIENTED_EDGE('',*,*,#1476,.T.);
#972=ORIENTED_EDGE('',*,*,#1473,.T.);
#973=ORIENTED_EDGE('',*,*,#1481,.F.);
#974=ORIENTED_EDGE('',*,*,#1187,.T.);
#975=ORIENTED_EDGE('',*,*,#1475,.T.);
#976=ORIENTED_EDGE('',*,*,#1185,.T.);
#977=ORIENTED_EDGE('',*,*,#1482,.F.);
#978=ORIENTED_EDGE('',*,*,#1477,.T.);
#979=ORIENTED_EDGE('',*,*,#1483,.F.);
#980=ORIENTED_EDGE('',*,*,#1411,.F.);
#981=ORIENTED_EDGE('',*,*,#1478,.T.);
#982=ORIENTED_EDGE('',*,*,#1484,.F.);
#983=ORIENTED_EDGE('',*,*,#1485,.F.);
#984=ORIENTED_EDGE('',*,*,#1483,.T.);
#985=ORIENTED_EDGE('',*,*,#1486,.F.);
#986=ORIENTED_EDGE('',*,*,#1487,.F.);
#987=ORIENTED_EDGE('',*,*,#1479,.T.);
#988=ORIENTED_EDGE('',*,*,#1488,.F.);
#989=ORIENTED_EDGE('',*,*,#1481,.T.);
#990=ORIENTED_EDGE('',*,*,#1480,.T.);
#991=ORIENTED_EDGE('',*,*,#1489,.F.);
#992=ORIENTED_EDGE('',*,*,#1188,.F.);
#993=ORIENTED_EDGE('',*,*,#1482,.T.);
#994=ORIENTED_EDGE('',*,*,#1184,.F.);
#995=ORIENTED_EDGE('',*,*,#1490,.F.);
#996=ORIENTED_EDGE('',*,*,#1484,.T.);
#997=ORIENTED_EDGE('',*,*,#1412,.F.);
#998=ORIENTED_EDGE('',*,*,#1485,.T.);
#999=ORIENTED_EDGE('',*,*,#1491,.F.);
#1000=ORIENTED_EDGE('',*,*,#1488,.T.);
#1001=ORIENTED_EDGE('',*,*,#1489,.T.);
#1002=ORIENTED_EDGE('',*,*,#1487,.T.);
#1003=ORIENTED_EDGE('',*,*,#1492,.F.);
#1004=ORIENTED_EDGE('',*,*,#1181,.T.);
#1005=ORIENTED_EDGE('',*,*,#1490,.T.);
#1006=ORIENTED_EDGE('',*,*,#1183,.T.);
#1007=ORIENTED_EDGE('',*,*,#1493,.F.);
#1008=ORIENTED_EDGE('',*,*,#1486,.T.);
#1009=ORIENTED_EDGE('',*,*,#1492,.T.);
#1010=ORIENTED_EDGE('',*,*,#1491,.T.);
#1011=ORIENTED_EDGE('',*,*,#1493,.T.);
#1012=ORIENTED_EDGE('',*,*,#1182,.F.);
#1013=ORIENTED_EDGE('',*,*,#1494,.F.);
#1014=ORIENTED_EDGE('',*,*,#1234,.F.);
#1015=ORIENTED_EDGE('',*,*,#1495,.F.);
#1016=ORIENTED_EDGE('',*,*,#1496,.F.);
#1017=ORIENTED_EDGE('',*,*,#1497,.F.);
#1018=ORIENTED_EDGE('',*,*,#1495,.T.);
#1019=ORIENTED_EDGE('',*,*,#1233,.T.);
#1020=ORIENTED_EDGE('',*,*,#1498,.F.);
#1021=ORIENTED_EDGE('',*,*,#1499,.F.);
#1022=ORIENTED_EDGE('',*,*,#1496,.T.);
#1023=ORIENTED_EDGE('',*,*,#1500,.F.);
#1024=ORIENTED_EDGE('',*,*,#1417,.F.);
#1025=ORIENTED_EDGE('',*,*,#1494,.T.);
#1026=ORIENTED_EDGE('',*,*,#1501,.F.);
#1027=ORIENTED_EDGE('',*,*,#1502,.F.);
#1028=ORIENTED_EDGE('',*,*,#1227,.T.);
#1029=ORIENTED_EDGE('',*,*,#1498,.T.);
#1030=ORIENTED_EDGE('',*,*,#1232,.F.);
#1031=ORIENTED_EDGE('',*,*,#1503,.F.);
#1032=ORIENTED_EDGE('',*,*,#1504,.F.);
#1033=ORIENTED_EDGE('',*,*,#1500,.T.);
#1034=ORIENTED_EDGE('',*,*,#1497,.T.);
#1035=ORIENTED_EDGE('',*,*,#1505,.F.);
#1036=ORIENTED_EDGE('',*,*,#1501,.T.);
#1037=ORIENTED_EDGE('',*,*,#1499,.T.);
#1038=ORIENTED_EDGE('',*,*,#1506,.F.);
#1039=ORIENTED_EDGE('',*,*,#1507,.F.);
#1040=ORIENTED_EDGE('',*,*,#1228,.F.);
#1041=ORIENTED_EDGE('',*,*,#1502,.T.);
#1042=ORIENTED_EDGE('',*,*,#1508,.F.);
#1043=ORIENTED_EDGE('',*,*,#1229,.T.);
#1044=ORIENTED_EDGE('',*,*,#1507,.T.);
#1045=ORIENTED_EDGE('',*,*,#1509,.F.);
#1046=ORIENTED_EDGE('',*,*,#1510,.F.);
#1047=ORIENTED_EDGE('',*,*,#1511,.F.);
#1048=ORIENTED_EDGE('',*,*,#1503,.T.);
#1049=ORIENTED_EDGE('',*,*,#1231,.T.);
#1050=ORIENTED_EDGE('',*,*,#1512,.F.);
#1051=ORIENTED_EDGE('',*,*,#1505,.T.);
#1052=ORIENTED_EDGE('',*,*,#1504,.T.);
#1053=ORIENTED_EDGE('',*,*,#1513,.F.);
#1054=ORIENTED_EDGE('',*,*,#1414,.F.);
#1055=ORIENTED_EDGE('',*,*,#1506,.T.);
#1056=ORIENTED_EDGE('',*,*,#1416,.F.);
#1057=ORIENTED_EDGE('',*,*,#1514,.F.);
#1058=ORIENTED_EDGE('',*,*,#1508,.T.);
#1059=ORIENTED_EDGE('',*,*,#1230,.F.);
#1060=ORIENTED_EDGE('',*,*,#1510,.T.);
#1061=ORIENTED_EDGE('',*,*,#1515,.F.);
#1062=ORIENTED_EDGE('',*,*,#1512,.T.);
#1063=ORIENTED_EDGE('',*,*,#1513,.T.);
#1064=ORIENTED_EDGE('',*,*,#1511,.T.);
#1065=ORIENTED_EDGE('',*,*,#1516,.F.);
#1066=ORIENTED_EDGE('',*,*,#1509,.T.);
#1067=ORIENTED_EDGE('',*,*,#1514,.T.);
#1068=ORIENTED_EDGE('',*,*,#1517,.F.);
#1069=ORIENTED_EDGE('',*,*,#1516,.T.);
#1070=ORIENTED_EDGE('',*,*,#1515,.T.);
#1071=ORIENTED_EDGE('',*,*,#1517,.T.);
#1072=ORIENTED_EDGE('',*,*,#1415,.F.);
#1073=ORIENTED_EDGE('',*,*,#1167,.F.);
#1074=ORIENTED_EDGE('',*,*,#1518,.T.);
#1075=ORIENTED_EDGE('',*,*,#1139,.F.);
#1076=ORIENTED_EDGE('',*,*,#1519,.T.);
#1077=ORIENTED_EDGE('',*,*,#1169,.F.);
#1078=ORIENTED_EDGE('',*,*,#1520,.T.);
#1079=ORIENTED_EDGE('',*,*,#1137,.F.);
#1080=ORIENTED_EDGE('',*,*,#1521,.T.);
#1081=ORIENTED_EDGE('',*,*,#1135,.F.);
#1082=ORIENTED_EDGE('',*,*,#1522,.T.);
#1083=ORIENTED_EDGE('',*,*,#1171,.F.);
#1084=ORIENTED_EDGE('',*,*,#1523,.T.);
#1085=ORIENTED_EDGE('',*,*,#1147,.F.);
#1086=ORIENTED_EDGE('',*,*,#1524,.T.);
#1087=ORIENTED_EDGE('',*,*,#1155,.T.);
#1088=ORIENTED_EDGE('',*,*,#1525,.T.);
#1089=ORIENTED_EDGE('',*,*,#1149,.F.);
#1090=ORIENTED_EDGE('',*,*,#1526,.T.);
#1091=ORIENTED_EDGE('',*,*,#1153,.T.);
#1092=ORIENTED_EDGE('',*,*,#1527,.T.);
#1093=ORIENTED_EDGE('',*,*,#1157,.T.);
#1094=ORIENTED_EDGE('',*,*,#1528,.T.);
#1095=ORIENTED_EDGE('',*,*,#1145,.F.);
#1096=ORIENTED_EDGE('',*,*,#1529,.T.);
#1097=ORIENTED_EDGE('',*,*,#1134,.F.);
#1098=ORIENTED_EDGE('',*,*,#1314,.F.);
#1099=ORIENTED_EDGE('',*,*,#1172,.F.);
#1100=ORIENTED_EDGE('',*,*,#1522,.F.);
#1101=ORIENTED_EDGE('',*,*,#1140,.F.);
#1102=ORIENTED_EDGE('',*,*,#1518,.F.);
#1103=ORIENTED_EDGE('',*,*,#1180,.F.);
#1104=ORIENTED_EDGE('',*,*,#1315,.F.);
#1105=ORIENTED_EDGE('',*,*,#1138,.F.);
#1106=ORIENTED_EDGE('',*,*,#1520,.F.);
#1107=ORIENTED_EDGE('',*,*,#1168,.F.);
#1108=ORIENTED_EDGE('',*,*,#1519,.F.);
#1109=ORIENTED_EDGE('',*,*,#1136,.F.);
#1110=ORIENTED_EDGE('',*,*,#1523,.F.);
#1111=ORIENTED_EDGE('',*,*,#1170,.F.);
#1112=ORIENTED_EDGE('',*,*,#1521,.F.);
#1113=ORIENTED_EDGE('',*,*,#1156,.F.);
#1114=ORIENTED_EDGE('',*,*,#1524,.F.);
#1115=ORIENTED_EDGE('',*,*,#1146,.F.);
#1116=ORIENTED_EDGE('',*,*,#1528,.F.);
#1117=ORIENTED_EDGE('',*,*,#1154,.F.);
#1118=ORIENTED_EDGE('',*,*,#1526,.F.);
#1119=ORIENTED_EDGE('',*,*,#1148,.F.);
#1120=ORIENTED_EDGE('',*,*,#1525,.F.);
#1121=ORIENTED_EDGE('',*,*,#1166,.F.);
#1122=ORIENTED_EDGE('',*,*,#1328,.F.);
#1123=ORIENTED_EDGE('',*,*,#1150,.F.);
#1124=ORIENTED_EDGE('',*,*,#1527,.F.);
#1125=ORIENTED_EDGE('',*,*,#1158,.F.);
#1126=ORIENTED_EDGE('',*,*,#1529,.F.);
#1127=ORIENTED_EDGE('',*,*,#1152,.F.);
#1128=ORIENTED_EDGE('',*,*,#1332,.F.);
#1129=EDGE_CURVE('',#1530,#1531,#1780,.T.);
#1130=EDGE_CURVE('',#1531,#1532,#1781,.F.);
#1131=EDGE_CURVE('',#1533,#1532,#1782,.T.);
#1132=EDGE_CURVE('',#1533,#1530,#1783,.T.);
#1133=EDGE_CURVE('',#1534,#1535,#1784,.T.);
#1134=EDGE_CURVE('',#1535,#1536,#133,.T.);
#1135=EDGE_CURVE('',#1536,#1537,#1785,.T.);
#1136=EDGE_CURVE('',#1537,#1538,#134,.T.);
#1137=EDGE_CURVE('',#1538,#1539,#1786,.T.);
#1138=EDGE_CURVE('',#1539,#1540,#135,.T.);
#1139=EDGE_CURVE('',#1540,#1541,#1787,.T.);
#1140=EDGE_CURVE('',#1541,#1534,#136,.T.);
#1141=EDGE_CURVE('',#1542,#1543,#1788,.T.);
#1142=EDGE_CURVE('',#1543,#1544,#1789,.T.);
#1143=EDGE_CURVE('',#1545,#1544,#1790,.T.);
#1144=EDGE_CURVE('',#1545,#1542,#1791,.F.);
#1145=EDGE_CURVE('',#1546,#1547,#1792,.T.);
#1146=EDGE_CURVE('',#1547,#1548,#137,.F.);
#1147=EDGE_CURVE('',#1548,#1549,#1793,.T.);
#1148=EDGE_CURVE('',#1549,#1550,#138,.F.);
#1149=EDGE_CURVE('',#1550,#1551,#1794,.T.);
#1150=EDGE_CURVE('',#1551,#1552,#139,.F.);
#1151=EDGE_CURVE('',#1552,#1553,#1795,.T.);
#1152=EDGE_CURVE('',#1553,#1546,#140,.F.);
#1153=EDGE_CURVE('',#1554,#1555,#1796,.T.);
#1154=EDGE_CURVE('',#1554,#1556,#141,.T.);
#1155=EDGE_CURVE('',#1557,#1556,#1797,.T.);
#1156=EDGE_CURVE('',#1557,#1558,#142,.T.);
#1157=EDGE_CURVE('',#1559,#1558,#1798,.T.);
#1158=EDGE_CURVE('',#1559,#1560,#143,.T.);
#1159=EDGE_CURVE('',#1561,#1560,#1799,.T.);
#1160=EDGE_CURVE('',#1561,#1562,#144,.F.);
#1161=EDGE_CURVE('',#1563,#1562,#1800,.T.);
#1162=EDGE_CURVE('',#1564,#1563,#1801,.T.);
#1163=EDGE_CURVE('',#1564,#1565,#1802,.T.);
#1164=EDGE_CURVE('',#1565,#1566,#145,.F.);
#1165=EDGE_CURVE('',#1567,#1566,#1803,.T.);
#1166=EDGE_CURVE('',#1567,#1555,#146,.T.);
#1167=EDGE_CURVE('',#1568,#1569,#1804,.T.);
#1168=EDGE_CURVE('',#1569,#1570,#147,.F.);
#1169=EDGE_CURVE('',#1570,#1571,#1805,.T.);
#1170=EDGE_CURVE('',#1571,#1572,#148,.F.);
#1171=EDGE_CURVE('',#1572,#1573,#1806,.T.);
#1172=EDGE_CURVE('',#1573,#1574,#149,.F.);
#1173=EDGE_CURVE('',#1575,#1574,#1807,.T.);
#1174=EDGE_CURVE('',#1575,#1576,#150,.T.);
#1175=EDGE_CURVE('',#1577,#1576,#1808,.T.);
#1176=EDGE_CURVE('',#1577,#1578,#1809,.T.);
#1177=EDGE_CURVE('',#1578,#1579,#1810,.T.);
#1178=EDGE_CURVE('',#1579,#1580,#151,.T.);
#1179=EDGE_CURVE('',#1581,#1580,#1811,.T.);
#1180=EDGE_CURVE('',#1581,#1568,#152,.F.);
#1181=EDGE_CURVE('',#1582,#1583,#153,.F.);
#1182=EDGE_CURVE('',#1582,#1584,#1812,.T.);
#1183=EDGE_CURVE('',#1585,#1584,#154,.F.);
#1184=EDGE_CURVE('',#1585,#1586,#1813,.T.);
#1185=EDGE_CURVE('',#1587,#1586,#155,.F.);
#1186=EDGE_CURVE('',#1587,#1588,#1814,.F.);
#1187=EDGE_CURVE('',#1589,#1588,#156,.F.);
#1188=EDGE_CURVE('',#1589,#1583,#1815,.F.);
#1189=EDGE_CURVE('',#1590,#1591,#157,.F.);
#1190=EDGE_CURVE('',#1590,#1592,#1816,.F.);
#1191=EDGE_CURVE('',#1593,#1592,#158,.F.);
#1192=EDGE_CURVE('',#1593,#1594,#1817,.T.);
#1193=EDGE_CURVE('',#1595,#1594,#159,.F.);
#1194=EDGE_CURVE('',#1595,#1596,#1818,.T.);
#1195=EDGE_CURVE('',#1597,#1596,#160,.F.);
#1196=EDGE_CURVE('',#1597,#1591,#1819,.F.);
#1197=EDGE_CURVE('',#1598,#1599,#1820,.T.);
#1198=EDGE_CURVE('',#1598,#1600,#161,.T.);
#1199=EDGE_CURVE('',#1600,#1601,#1821,.T.);
#1200=EDGE_CURVE('',#1601,#1602,#162,.T.);
#1201=EDGE_CURVE('',#1603,#1602,#1822,.T.);
#1202=EDGE_CURVE('',#1603,#1599,#163,.T.);
#1203=EDGE_CURVE('',#1604,#1605,#1823,.T.);
#1204=EDGE_CURVE('',#1604,#1606,#164,.T.);
#1205=EDGE_CURVE('',#1607,#1606,#1824,.T.);
#1206=EDGE_CURVE('',#1607,#1608,#165,.T.);
#1207=EDGE_CURVE('',#1608,#1609,#1825,.T.);
#1208=EDGE_CURVE('',#1609,#1610,#166,.T.);
#1209=EDGE_CURVE('',#1610,#1611,#1826,.T.);
#1210=EDGE_CURVE('',#1611,#1605,#167,.T.);
#1211=EDGE_CURVE('',#1612,#1613,#1827,.T.);
#1212=EDGE_CURVE('',#1612,#1614,#1828,.F.);
#1213=EDGE_CURVE('',#1615,#1614,#1829,.T.);
#1214=EDGE_CURVE('',#1615,#1616,#1830,.T.);
#1215=EDGE_CURVE('',#1616,#1617,#1831,.T.);
#1216=EDGE_CURVE('',#1617,#1618,#1832,.T.);
#1217=EDGE_CURVE('',#1618,#1619,#1833,.T.);
#1218=EDGE_CURVE('',#1619,#1613,#1834,.F.);
#1219=EDGE_CURVE('',#1620,#1621,#168,.F.);
#1220=EDGE_CURVE('',#1620,#1622,#1835,.F.);
#1221=EDGE_CURVE('',#1623,#1622,#169,.F.);
#1222=EDGE_CURVE('',#1623,#1624,#1836,.T.);
#1223=EDGE_CURVE('',#1625,#1624,#170,.F.);
#1224=EDGE_CURVE('',#1625,#1626,#1837,.T.);
#1225=EDGE_CURVE('',#1627,#1626,#171,.F.);
#1226=EDGE_CURVE('',#1627,#1621,#1838,.F.);
#1227=EDGE_CURVE('',#1628,#1629,#172,.F.);
#1228=EDGE_CURVE('',#1628,#1630,#1839,.T.);
#1229=EDGE_CURVE('',#1631,#1630,#173,.F.);
#1230=EDGE_CURVE('',#1631,#1632,#1840,.F.);
#1231=EDGE_CURVE('',#1633,#1632,#174,.F.);
#1232=EDGE_CURVE('',#1633,#1634,#1841,.F.);
#1233=EDGE_CURVE('',#1635,#1634,#175,.F.);
#1234=EDGE_CURVE('',#1635,#1629,#1842,.T.);
#1235=EDGE_CURVE('',#1636,#1637,#1843,.T.);
#1236=EDGE_CURVE('',#1636,#1638,#176,.F.);
#1237=EDGE_CURVE('',#1639,#1638,#1844,.T.);
#1238=EDGE_CURVE('',#1639,#1640,#177,.F.);
#1239=EDGE_CURVE('',#1640,#1641,#1845,.T.);
#1240=EDGE_CURVE('',#1641,#1642,#178,.F.);
#1241=EDGE_CURVE('',#1642,#1643,#1846,.T.);
#1242=EDGE_CURVE('',#1643,#1637,#179,.F.);
#1243=EDGE_CURVE('',#1644,#1645,#1847,.T.);
#1244=EDGE_CURVE('',#1645,#1646,#1848,.T.);
#1245=EDGE_CURVE('',#1646,#1647,#1849,.T.);
#1246=EDGE_CURVE('',#1647,#1648,#1850,.T.);
#1247=EDGE_CURVE('',#1649,#1648,#1851,.T.);
#1248=EDGE_CURVE('',#1649,#1650,#1852,.F.);
#1249=EDGE_CURVE('',#1651,#1650,#1853,.T.);
#1250=EDGE_CURVE('',#1651,#1644,#1854,.F.);
#1251=EDGE_CURVE('',#1652,#1653,#1855,.T.);
#1252=EDGE_CURVE('',#1652,#1654,#180,.F.);
#1253=EDGE_CURVE('',#1654,#1655,#1856,.T.);
#1254=EDGE_CURVE('',#1656,#1655,#1857,.T.);
#1255=EDGE_CURVE('',#1656,#1653,#181,.F.);
#1256=EDGE_CURVE('',#1562,#1657,#1858,.T.);
#1257=EDGE_CURVE('',#1657,#1658,#182,.T.);
#1258=EDGE_CURVE('',#1658,#1659,#1859,.T.);
#1259=EDGE_CURVE('',#1659,#1660,#183,.T.);
#1260=EDGE_CURVE('',#1660,#1661,#1860,.T.);
#1261=EDGE_CURVE('',#1661,#1662,#184,.T.);
#1262=EDGE_CURVE('',#1662,#1663,#1861,.F.);
#1263=EDGE_CURVE('',#1663,#1664,#185,.T.);
#1264=EDGE_CURVE('',#1664,#1579,#1862,.T.);
#1265=EDGE_CURVE('',#1563,#1578,#1863,.T.);
#1266=EDGE_CURVE('',#1665,#1666,#1864,.T.);
#1267=EDGE_CURVE('',#1665,#1667,#186,.T.);
#1268=EDGE_CURVE('',#1667,#1668,#1865,.T.);
#1269=EDGE_CURVE('',#1668,#1669,#187,.T.);
#1270=EDGE_CURVE('',#1669,#1670,#1866,.T.);
#1271=EDGE_CURVE('',#1670,#1671,#188,.T.);
#1272=EDGE_CURVE('',#1672,#1671,#1867,.T.);
#1273=EDGE_CURVE('',#1672,#1666,#189,.T.);
#1274=EDGE_CURVE('',#1673,#1674,#1868,.T.);
#1275=EDGE_CURVE('',#1673,#1675,#190,.T.);
#1276=EDGE_CURVE('',#1675,#1676,#1869,.T.);
#1277=EDGE_CURVE('',#1676,#1677,#191,.T.);
#1278=EDGE_CURVE('',#1677,#1674,#1870,.T.);
#1279=EDGE_CURVE('',#1678,#1679,#192,.F.);
#1280=EDGE_CURVE('',#1679,#1565,#1871,.F.);
#1281=EDGE_CURVE('',#1564,#1577,#1872,.T.);
#1282=EDGE_CURVE('',#1576,#1680,#1873,.F.);
#1283=EDGE_CURVE('',#1680,#1681,#193,.F.);
#1284=EDGE_CURVE('',#1681,#1682,#1874,.T.);
#1285=EDGE_CURVE('',#1682,#1683,#194,.F.);
#1286=EDGE_CURVE('',#1684,#1683,#1875,.T.);
#1287=EDGE_CURVE('',#1684,#1685,#195,.F.);
#1288=EDGE_CURVE('',#1685,#1678,#1876,.F.);
#1289=EDGE_CURVE('',#1686,#1687,#1877,.T.);
#1290=EDGE_CURVE('',#1686,#1688,#196,.F.);
#1291=EDGE_CURVE('',#1689,#1688,#1878,.T.);
#1292=EDGE_CURVE('',#1689,#1690,#197,.F.);
#1293=EDGE_CURVE('',#1690,#1691,#1879,.T.);
#1294=EDGE_CURVE('',#1691,#1692,#198,.F.);
#1295=EDGE_CURVE('',#1692,#1693,#1880,.T.);
#1296=EDGE_CURVE('',#1693,#1687,#199,.F.);
#1297=EDGE_CURVE('',#1694,#1695,#1881,.T.);
#1298=EDGE_CURVE('',#1694,#1696,#200,.F.);
#1299=EDGE_CURVE('',#1696,#1697,#1882,.T.);
#1300=EDGE_CURVE('',#1697,#1698,#201,.F.);
#1301=EDGE_CURVE('',#1699,#1698,#1883,.T.);
#1302=EDGE_CURVE('',#1699,#1695,#202,.F.);
#1303=EDGE_CURVE('',#1544,#1649,#203,.F.);
#1304=EDGE_CURVE('',#1648,#1531,#204,.F.);
#1305=EDGE_CURVE('',#1530,#1619,#205,.F.);
#1306=EDGE_CURVE('',#1618,#1545,#206,.F.);
#1307=EDGE_CURVE('',#1660,#1700,#129,.T.);
#1308=EDGE_CURVE('',#1700,#1701,#1884,.F.);
#1309=EDGE_CURVE('',#1701,#1684,#130,.F.);
#1310=EDGE_CURVE('',#1683,#1702,#131,.T.);
#1311=EDGE_CURVE('',#1702,#1703,#1885,.T.);
#1312=EDGE_CURVE('',#1703,#1661,#132,.F.);
#1313=EDGE_CURVE('',#1704,#1575,#1886,.T.);
#1314=EDGE_CURVE('',#1574,#1535,#1887,.F.);
#1315=EDGE_CURVE('',#1534,#1581,#1888,.T.);
#1316=EDGE_CURVE('',#1580,#1705,#1889,.F.);
#1317=EDGE_CURVE('',#1705,#1704,#1890,.T.);
#1318=EDGE_CURVE('',#1706,#1706,#207,.T.);
#1319=EDGE_CURVE('',#1707,#1707,#208,.T.);
#1320=EDGE_CURVE('',#1708,#1708,#209,.T.);
#1321=EDGE_CURVE('',#1709,#1709,#210,.T.);
#1322=EDGE_CURVE('',#1710,#1711,#1891,.T.);
#1323=EDGE_CURVE('',#1711,#1645,#211,.T.);
#1324=EDGE_CURVE('',#1644,#1712,#212,.T.);
#1325=EDGE_CURVE('',#1713,#1712,#1892,.T.);
#1326=EDGE_CURVE('',#1713,#1615,#213,.T.);
#1327=EDGE_CURVE('',#1614,#1710,#214,.T.);
#1328=EDGE_CURVE('',#1552,#1567,#1893,.F.);
#1329=EDGE_CURVE('',#1566,#1714,#1894,.T.);
#1330=EDGE_CURVE('',#1714,#1715,#1895,.F.);
#1331=EDGE_CURVE('',#1715,#1561,#1896,.F.);
#1332=EDGE_CURVE('',#1560,#1553,#1897,.T.);
#1333=EDGE_CURVE('',#1716,#1717,#1898,.F.);
#1334=EDGE_CURVE('',#1717,#1718,#1899,.F.);
#1335=EDGE_CURVE('',#1718,#1719,#1900,.F.);
#1336=EDGE_CURVE('',#1719,#1716,#1901,.T.);
#1337=EDGE_CURVE('',#1720,#1721,#1902,.T.);
#1338=EDGE_CURVE('',#1721,#1722,#1903,.T.);
#1339=EDGE_CURVE('',#1722,#1723,#1904,.T.);
#1340=EDGE_CURVE('',#1723,#1720,#1905,.F.);
#1341=EDGE_CURVE('',#1724,#1724,#215,.T.);
#1342=EDGE_CURVE('',#1725,#1725,#216,.T.);
#1343=EDGE_CURVE('',#1616,#1726,#217,.F.);
#1344=EDGE_CURVE('',#1726,#1727,#1906,.T.);
#1345=EDGE_CURVE('',#1727,#1651,#218,.F.);
#1346=EDGE_CURVE('',#1650,#1543,#219,.T.);
#1347=EDGE_CURVE('',#1542,#1617,#220,.T.);
#1348=EDGE_CURVE('',#1726,#1713,#1907,.F.);
#1349=EDGE_CURVE('',#1712,#1727,#1908,.T.);
#1350=EDGE_CURVE('',#1728,#1728,#221,.T.);
#1351=EDGE_CURVE('',#1729,#1729,#222,.T.);
#1352=EDGE_CURVE('',#1646,#1730,#223,.F.);
#1353=EDGE_CURVE('',#1731,#1730,#1909,.T.);
#1354=EDGE_CURVE('',#1731,#1612,#224,.F.);
#1355=EDGE_CURVE('',#1613,#1533,#225,.T.);
#1356=EDGE_CURVE('',#1532,#1647,#226,.T.);
#1357=EDGE_CURVE('',#1730,#1711,#1910,.F.);
#1358=EDGE_CURVE('',#1710,#1731,#1911,.T.);
#1359=EDGE_CURVE('',#1608,#1693,#1912,.F.);
#1360=EDGE_CURVE('',#1692,#1609,#1913,.T.);
#1361=EDGE_CURVE('',#1610,#1691,#1914,.F.);
#1362=EDGE_CURVE('',#1690,#1611,#1915,.T.);
#1363=EDGE_CURVE('',#1688,#1604,#1916,.T.);
#1364=EDGE_CURVE('',#1605,#1689,#1917,.F.);
#1365=EDGE_CURVE('',#1687,#1607,#1918,.T.);
#1366=EDGE_CURVE('',#1606,#1686,#1919,.F.);
#1367=EDGE_CURVE('',#1602,#1694,#1920,.F.);
#1368=EDGE_CURVE('',#1695,#1603,#1921,.T.);
#1369=EDGE_CURVE('',#1698,#1598,#1922,.T.);
#1370=EDGE_CURVE('',#1599,#1699,#1923,.F.);
#1371=EDGE_CURVE('',#1696,#1601,#1924,.T.);
#1372=EDGE_CURVE('',#1600,#1697,#1925,.F.);
#1373=EDGE_CURVE('',#1669,#1636,#1926,.F.);
#1374=EDGE_CURVE('',#1637,#1670,#1927,.T.);
#1375=EDGE_CURVE('',#1638,#1668,#1928,.T.);
#1376=EDGE_CURVE('',#1667,#1639,#1929,.F.);
#1377=EDGE_CURVE('',#1666,#1641,#1930,.F.);
#1378=EDGE_CURVE('',#1640,#1665,#1931,.T.);
#1379=EDGE_CURVE('',#1642,#1672,#1932,.T.);
#1380=EDGE_CURVE('',#1671,#1643,#1933,.F.);
#1381=EDGE_CURVE('',#1654,#1673,#1934,.T.);
#1382=EDGE_CURVE('',#1655,#1674,#1935,.T.);
#1383=EDGE_CURVE('',#1677,#1656,#1936,.F.);
#1384=EDGE_CURVE('',#1675,#1652,#1937,.F.);
#1385=EDGE_CURVE('',#1653,#1676,#1938,.T.);
#1386=EDGE_CURVE('',#1722,#1701,#227,.T.);
#1387=EDGE_CURVE('',#1700,#1723,#228,.F.);
#1388=EDGE_CURVE('',#1714,#1721,#229,.T.);
#1389=EDGE_CURVE('',#1720,#1715,#230,.F.);
#1390=EDGE_CURVE('',#1702,#1717,#231,.T.);
#1391=EDGE_CURVE('',#1716,#1703,#232,.F.);
#1392=EDGE_CURVE('',#1718,#1704,#233,.T.);
#1393=EDGE_CURVE('',#1705,#1719,#234,.F.);
#1394=EDGE_CURVE('',#1685,#1722,#235,.T.);
#1395=EDGE_CURVE('',#1678,#1721,#236,.T.);
#1396=EDGE_CURVE('',#1679,#1714,#237,.T.);
#1397=EDGE_CURVE('',#1717,#1682,#238,.T.);
#1398=EDGE_CURVE('',#1718,#1681,#239,.T.);
#1399=EDGE_CURVE('',#1704,#1680,#240,.T.);
#1400=EDGE_CURVE('',#1723,#1659,#241,.T.);
#1401=EDGE_CURVE('',#1720,#1658,#242,.T.);
#1402=EDGE_CURVE('',#1715,#1657,#243,.T.);
#1403=EDGE_CURVE('',#1662,#1716,#244,.T.);
#1404=EDGE_CURVE('',#1663,#1719,#245,.T.);
#1405=EDGE_CURVE('',#1664,#1705,#246,.T.);
#1406=EDGE_CURVE('',#1732,#1733,#1939,.T.);
#1407=EDGE_CURVE('',#1733,#1734,#1940,.T.);
#1408=EDGE_CURVE('',#1734,#1735,#1941,.F.);
#1409=EDGE_CURVE('',#1735,#1732,#1942,.F.);
#1410=EDGE_CURVE('',#1736,#1737,#1943,.T.);
#1411=EDGE_CURVE('',#1737,#1738,#1944,.F.);
#1412=EDGE_CURVE('',#1738,#1739,#1945,.F.);
#1413=EDGE_CURVE('',#1739,#1736,#1946,.T.);
#1414=EDGE_CURVE('',#1740,#1741,#1947,.T.);
#1415=EDGE_CURVE('',#1741,#1742,#1948,.T.);
#1416=EDGE_CURVE('',#1742,#1743,#1949,.F.);
#1417=EDGE_CURVE('',#1743,#1740,#1950,.F.);
#1418=EDGE_CURVE('',#1744,#1745,#1951,.T.);
#1419=EDGE_CURVE('',#1745,#1746,#1952,.T.);
#1420=EDGE_CURVE('',#1746,#1747,#1953,.F.);
#1421=EDGE_CURVE('',#1747,#1744,#1954,.F.);
#1422=EDGE_CURVE('',#1748,#1733,#247,.F.);
#1423=EDGE_CURVE('',#1749,#1748,#248,.T.);
#1424=EDGE_CURVE('',#1733,#1749,#249,.F.);
#1425=EDGE_CURVE('',#1749,#1591,#250,.F.);
#1426=EDGE_CURVE('',#1590,#1748,#251,.F.);
#1427=EDGE_CURVE('',#1750,#1749,#1955,.F.);
#1428=EDGE_CURVE('',#1734,#1750,#252,.T.);
#1429=EDGE_CURVE('',#1751,#1732,#253,.T.);
#1430=EDGE_CURVE('',#1748,#1751,#1956,.F.);
#1431=EDGE_CURVE('',#1592,#1751,#254,.T.);
#1432=EDGE_CURVE('',#1750,#1597,#255,.T.);
#1433=EDGE_CURVE('',#1752,#1750,#256,.T.);
#1434=EDGE_CURVE('',#1734,#1752,#257,.F.);
#1435=EDGE_CURVE('',#1753,#1751,#258,.T.);
#1436=EDGE_CURVE('',#1753,#1732,#259,.F.);
#1437=EDGE_CURVE('',#1593,#1753,#260,.F.);
#1438=EDGE_CURVE('',#1752,#1596,#261,.F.);
#1439=EDGE_CURVE('',#1754,#1752,#1957,.T.);
#1440=EDGE_CURVE('',#1735,#1754,#262,.T.);
#1441=EDGE_CURVE('',#1753,#1755,#1958,.T.);
#1442=EDGE_CURVE('',#1755,#1735,#263,.T.);
#1443=EDGE_CURVE('',#1594,#1755,#264,.T.);
#1444=EDGE_CURVE('',#1754,#1595,#265,.T.);
#1445=EDGE_CURVE('',#1755,#1754,#266,.F.);
#1446=EDGE_CURVE('',#1756,#1744,#267,.F.);
#1447=EDGE_CURVE('',#1757,#1756,#268,.T.);
#1448=EDGE_CURVE('',#1744,#1757,#269,.F.);
#1449=EDGE_CURVE('',#1757,#1622,#270,.F.);
#1450=EDGE_CURVE('',#1623,#1756,#271,.F.);
#1451=EDGE_CURVE('',#1758,#1757,#1959,.F.);
#1452=EDGE_CURVE('',#1745,#1758,#272,.T.);
#1453=EDGE_CURVE('',#1759,#1747,#273,.T.);
#1454=EDGE_CURVE('',#1756,#1759,#1960,.T.);
#1455=EDGE_CURVE('',#1624,#1759,#274,.T.);
#1456=EDGE_CURVE('',#1758,#1620,#275,.T.);
#1457=EDGE_CURVE('',#1760,#1758,#276,.T.);
#1458=EDGE_CURVE('',#1745,#1760,#277,.F.);
#1459=EDGE_CURVE('',#1761,#1759,#278,.T.);
#1460=EDGE_CURVE('',#1761,#1747,#279,.F.);
#1461=EDGE_CURVE('',#1625,#1761,#280,.F.);
#1462=EDGE_CURVE('',#1760,#1621,#281,.F.);
#1463=EDGE_CURVE('',#1762,#1760,#1961,.F.);
#1464=EDGE_CURVE('',#1746,#1762,#282,.T.);
#1465=EDGE_CURVE('',#1761,#1763,#1962,.T.);
#1466=EDGE_CURVE('',#1763,#1746,#283,.T.);
#1467=EDGE_CURVE('',#1626,#1763,#284,.T.);
#1468=EDGE_CURVE('',#1762,#1627,#285,.T.);
#1469=EDGE_CURVE('',#1763,#1762,#286,.F.);
#1470=EDGE_CURVE('',#1764,#1736,#287,.T.);
#1471=EDGE_CURVE('',#1765,#1764,#1963,.F.);
#1472=EDGE_CURVE('',#1737,#1765,#288,.T.);
#1473=EDGE_CURVE('',#1764,#1766,#289,.F.);
#1474=EDGE_CURVE('',#1766,#1736,#290,.F.);
#1475=EDGE_CURVE('',#1765,#1587,#291,.T.);
#1476=EDGE_CURVE('',#1588,#1764,#292,.T.);
#1477=EDGE_CURVE('',#1767,#1765,#293,.T.);
#1478=EDGE_CURVE('',#1737,#1767,#294,.F.);
#1479=EDGE_CURVE('',#1768,#1739,#295,.T.);
#1480=EDGE_CURVE('',#1766,#1768,#1964,.F.);
#1481=EDGE_CURVE('',#1589,#1766,#296,.F.);
#1482=EDGE_CURVE('',#1767,#1586,#297,.F.);
#1483=EDGE_CURVE('',#1738,#1769,#298,.T.);
#1484=EDGE_CURVE('',#1769,#1767,#1965,.T.);
#1485=EDGE_CURVE('',#1738,#1770,#299,.F.);
#1486=EDGE_CURVE('',#1770,#1769,#300,.F.);
#1487=EDGE_CURVE('',#1768,#1771,#301,.F.);
#1488=EDGE_CURVE('',#1771,#1739,#302,.F.);
#1489=EDGE_CURVE('',#1583,#1768,#303,.T.);
#1490=EDGE_CURVE('',#1769,#1585,#304,.T.);
#1491=EDGE_CURVE('',#1771,#1770,#1966,.T.);
#1492=EDGE_CURVE('',#1582,#1771,#305,.F.);
#1493=EDGE_CURVE('',#1770,#1584,#306,.F.);
#1494=EDGE_CURVE('',#1629,#1772,#307,.T.);
#1495=EDGE_CURVE('',#1773,#1635,#308,.T.);
#1496=EDGE_CURVE('',#1772,#1773,#1967,.F.);
#1497=EDGE_CURVE('',#1773,#1774,#309,.F.);
#1498=EDGE_CURVE('',#1774,#1634,#310,.F.);
#1499=EDGE_CURVE('',#1772,#1743,#311,.T.);
#1500=EDGE_CURVE('',#1740,#1773,#312,.T.);
#1501=EDGE_CURVE('',#1775,#1772,#313,.T.);
#1502=EDGE_CURVE('',#1628,#1775,#314,.F.);
#1503=EDGE_CURVE('',#1776,#1633,#315,.T.);
#1504=EDGE_CURVE('',#1774,#1776,#1968,.T.);
#1505=EDGE_CURVE('',#1740,#1774,#316,.F.);
#1506=EDGE_CURVE('',#1775,#1743,#317,.F.);
#1507=EDGE_CURVE('',#1630,#1777,#318,.T.);
#1508=EDGE_CURVE('',#1777,#1775,#1969,.F.);
#1509=EDGE_CURVE('',#1778,#1777,#319,.F.);
#1510=EDGE_CURVE('',#1631,#1778,#320,.F.);
#1511=EDGE_CURVE('',#1776,#1779,#321,.F.);
#1512=EDGE_CURVE('',#1779,#1632,#322,.F.);
#1513=EDGE_CURVE('',#1741,#1776,#323,.T.);
#1514=EDGE_CURVE('',#1777,#1742,#324,.T.);
#1515=EDGE_CURVE('',#1779,#1778,#1970,.T.);
#1516=EDGE_CURVE('',#1741,#1779,#325,.F.);
#1517=EDGE_CURVE('',#1778,#1742,#326,.F.);
#1518=EDGE_CURVE('',#1568,#1541,#1971,.F.);
#1519=EDGE_CURVE('',#1540,#1569,#1972,.T.);
#1520=EDGE_CURVE('',#1570,#1539,#1973,.F.);
#1521=EDGE_CURVE('',#1538,#1571,#1974,.T.);
#1522=EDGE_CURVE('',#1536,#1573,#1975,.T.);
#1523=EDGE_CURVE('',#1572,#1537,#1976,.F.);
#1524=EDGE_CURVE('',#1548,#1557,#1977,.F.);
#1525=EDGE_CURVE('',#1556,#1549,#1978,.T.);
#1526=EDGE_CURVE('',#1550,#1554,#1979,.F.);
#1527=EDGE_CURVE('',#1555,#1551,#1980,.T.);
#1528=EDGE_CURVE('',#1558,#1547,#1981,.T.);
#1529=EDGE_CURVE('',#1546,#1559,#1982,.F.);
#1530=VERTEX_POINT('',#4041);
#1531=VERTEX_POINT('',#4042);
#1532=VERTEX_POINT('',#4044);
#1533=VERTEX_POINT('',#4046);
#1534=VERTEX_POINT('',#4049);
#1535=VERTEX_POINT('',#4050);
#1536=VERTEX_POINT('',#4052);
#1537=VERTEX_POINT('',#4054);
#1538=VERTEX_POINT('',#4056);
#1539=VERTEX_POINT('',#4058);
#1540=VERTEX_POINT('',#4060);
#1541=VERTEX_POINT('',#4062);
#1542=VERTEX_POINT('',#4066);
#1543=VERTEX_POINT('',#4067);
#1544=VERTEX_POINT('',#4069);
#1545=VERTEX_POINT('',#4071);
#1546=VERTEX_POINT('',#4074);
#1547=VERTEX_POINT('',#4075);
#1548=VERTEX_POINT('',#4077);
#1549=VERTEX_POINT('',#4079);
#1550=VERTEX_POINT('',#4081);
#1551=VERTEX_POINT('',#4083);
#1552=VERTEX_POINT('',#4085);
#1553=VERTEX_POINT('',#4087);
#1554=VERTEX_POINT('',#4091);
#1555=VERTEX_POINT('',#4092);
#1556=VERTEX_POINT('',#4094);
#1557=VERTEX_POINT('',#4096);
#1558=VERTEX_POINT('',#4098);
#1559=VERTEX_POINT('',#4100);
#1560=VERTEX_POINT('',#4102);
#1561=VERTEX_POINT('',#4104);
#1562=VERTEX_POINT('',#4106);
#1563=VERTEX_POINT('',#4108);
#1564=VERTEX_POINT('',#4110);
#1565=VERTEX_POINT('',#4112);
#1566=VERTEX_POINT('',#4114);
#1567=VERTEX_POINT('',#4116);
#1568=VERTEX_POINT('',#4120);
#1569=VERTEX_POINT('',#4121);
#1570=VERTEX_POINT('',#4123);
#1571=VERTEX_POINT('',#4125);
#1572=VERTEX_POINT('',#4127);
#1573=VERTEX_POINT('',#4129);
#1574=VERTEX_POINT('',#4131);
#1575=VERTEX_POINT('',#4133);
#1576=VERTEX_POINT('',#4135);
#1577=VERTEX_POINT('',#4137);
#1578=VERTEX_POINT('',#4139);
#1579=VERTEX_POINT('',#4141);
#1580=VERTEX_POINT('',#4143);
#1581=VERTEX_POINT('',#4145);
#1582=VERTEX_POINT('',#4149);
#1583=VERTEX_POINT('',#4150);
#1584=VERTEX_POINT('',#4152);
#1585=VERTEX_POINT('',#4154);
#1586=VERTEX_POINT('',#4156);
#1587=VERTEX_POINT('',#4158);
#1588=VERTEX_POINT('',#4160);
#1589=VERTEX_POINT('',#4162);
#1590=VERTEX_POINT('',#4165);
#1591=VERTEX_POINT('',#4166);
#1592=VERTEX_POINT('',#4168);
#1593=VERTEX_POINT('',#4170);
#1594=VERTEX_POINT('',#4172);
#1595=VERTEX_POINT('',#4174);
#1596=VERTEX_POINT('',#4176);
#1597=VERTEX_POINT('',#4178);
#1598=VERTEX_POINT('',#4181);
#1599=VERTEX_POINT('',#4182);
#1600=VERTEX_POINT('',#4184);
#1601=VERTEX_POINT('',#4186);
#1602=VERTEX_POINT('',#4188);
#1603=VERTEX_POINT('',#4190);
#1604=VERTEX_POINT('',#4193);
#1605=VERTEX_POINT('',#4194);
#1606=VERTEX_POINT('',#4196);
#1607=VERTEX_POINT('',#4198);
#1608=VERTEX_POINT('',#4200);
#1609=VERTEX_POINT('',#4202);
#1610=VERTEX_POINT('',#4204);
#1611=VERTEX_POINT('',#4206);
#1612=VERTEX_POINT('',#4209);
#1613=VERTEX_POINT('',#4210);
#1614=VERTEX_POINT('',#4212);
#1615=VERTEX_POINT('',#4214);
#1616=VERTEX_POINT('',#4216);
#1617=VERTEX_POINT('',#4218);
#1618=VERTEX_POINT('',#4220);
#1619=VERTEX_POINT('',#4222);
#1620=VERTEX_POINT('',#4225);
#1621=VERTEX_POINT('',#4226);
#1622=VERTEX_POINT('',#4228);
#1623=VERTEX_POINT('',#4230);
#1624=VERTEX_POINT('',#4232);
#1625=VERTEX_POINT('',#4234);
#1626=VERTEX_POINT('',#4236);
#1627=VERTEX_POINT('',#4238);
#1628=VERTEX_POINT('',#4241);
#1629=VERTEX_POINT('',#4242);
#1630=VERTEX_POINT('',#4244);
#1631=VERTEX_POINT('',#4246);
#1632=VERTEX_POINT('',#4248);
#1633=VERTEX_POINT('',#4250);
#1634=VERTEX_POINT('',#4252);
#1635=VERTEX_POINT('',#4254);
#1636=VERTEX_POINT('',#4258);
#1637=VERTEX_POINT('',#4259);
#1638=VERTEX_POINT('',#4261);
#1639=VERTEX_POINT('',#4263);
#1640=VERTEX_POINT('',#4265);
#1641=VERTEX_POINT('',#4267);
#1642=VERTEX_POINT('',#4269);
#1643=VERTEX_POINT('',#4271);
#1644=VERTEX_POINT('',#4274);
#1645=VERTEX_POINT('',#4275);
#1646=VERTEX_POINT('',#4277);
#1647=VERTEX_POINT('',#4279);
#1648=VERTEX_POINT('',#4281);
#1649=VERTEX_POINT('',#4283);
#1650=VERTEX_POINT('',#4285);
#1651=VERTEX_POINT('',#4287);
#1652=VERTEX_POINT('',#4290);
#1653=VERTEX_POINT('',#4291);
#1654=VERTEX_POINT('',#4293);
#1655=VERTEX_POINT('',#4295);
#1656=VERTEX_POINT('',#4297);
#1657=VERTEX_POINT('',#4301);
#1658=VERTEX_POINT('',#4303);
#1659=VERTEX_POINT('',#4305);
#1660=VERTEX_POINT('',#4307);
#1661=VERTEX_POINT('',#4309);
#1662=VERTEX_POINT('',#4311);
#1663=VERTEX_POINT('',#4313);
#1664=VERTEX_POINT('',#4315);
#1665=VERTEX_POINT('',#4319);
#1666=VERTEX_POINT('',#4320);
#1667=VERTEX_POINT('',#4322);
#1668=VERTEX_POINT('',#4324);
#1669=VERTEX_POINT('',#4326);
#1670=VERTEX_POINT('',#4328);
#1671=VERTEX_POINT('',#4330);
#1672=VERTEX_POINT('',#4332);
#1673=VERTEX_POINT('',#4335);
#1674=VERTEX_POINT('',#4336);
#1675=VERTEX_POINT('',#4338);
#1676=VERTEX_POINT('',#4340);
#1677=VERTEX_POINT('',#4342);
#1678=VERTEX_POINT('',#4346);
#1679=VERTEX_POINT('',#4347);
#1680=VERTEX_POINT('',#4351);
#1681=VERTEX_POINT('',#4353);
#1682=VERTEX_POINT('',#4355);
#1683=VERTEX_POINT('',#4357);
#1684=VERTEX_POINT('',#4359);
#1685=VERTEX_POINT('',#4361);
#1686=VERTEX_POINT('',#4364);
#1687=VERTEX_POINT('',#4365);
#1688=VERTEX_POINT('',#4367);
#1689=VERTEX_POINT('',#4369);
#1690=VERTEX_POINT('',#4371);
#1691=VERTEX_POINT('',#4373);
#1692=VERTEX_POINT('',#4375);
#1693=VERTEX_POINT('',#4377);
#1694=VERTEX_POINT('',#4380);
#1695=VERTEX_POINT('',#4381);
#1696=VERTEX_POINT('',#4383);
#1697=VERTEX_POINT('',#4385);
#1698=VERTEX_POINT('',#4387);
#1699=VERTEX_POINT('',#4389);
#1700=VERTEX_POINT('',#4402);
#1701=VERTEX_POINT('',#4404);
#1702=VERTEX_POINT('',#4417);
#1703=VERTEX_POINT('',#4419);
#1704=VERTEX_POINT('',#4428);
#1705=VERTEX_POINT('',#4432);
#1706=VERTEX_POINT('',#4436);
#1707=VERTEX_POINT('',#4438);
#1708=VERTEX_POINT('',#4440);
#1709=VERTEX_POINT('',#4442);
#1710=VERTEX_POINT('',#4444);
#1711=VERTEX_POINT('',#4445);
#1712=VERTEX_POINT('',#4448);
#1713=VERTEX_POINT('',#4450);
#1714=VERTEX_POINT('',#4456);
#1715=VERTEX_POINT('',#4458);
#1716=VERTEX_POINT('',#4463);
#1717=VERTEX_POINT('',#4464);
#1718=VERTEX_POINT('',#4466);
#1719=VERTEX_POINT('',#4468);
#1720=VERTEX_POINT('',#4472);
#1721=VERTEX_POINT('',#4473);
#1722=VERTEX_POINT('',#4475);
#1723=VERTEX_POINT('',#4477);
#1724=VERTEX_POINT('',#4481);
#1725=VERTEX_POINT('',#4483);
#1726=VERTEX_POINT('',#4485);
#1727=VERTEX_POINT('',#4487);
#1728=VERTEX_POINT('',#4496);
#1729=VERTEX_POINT('',#4498);
#1730=VERTEX_POINT('',#4500);
#1731=VERTEX_POINT('',#4502);
#1732=VERTEX_POINT('',#4617);
#1733=VERTEX_POINT('',#4618);
#1734=VERTEX_POINT('',#4620);
#1735=VERTEX_POINT('',#4622);
#1736=VERTEX_POINT('',#4626);
#1737=VERTEX_POINT('',#4627);
#1738=VERTEX_POINT('',#4629);
#1739=VERTEX_POINT('',#4631);
#1740=VERTEX_POINT('',#4635);
#1741=VERTEX_POINT('',#4636);
#1742=VERTEX_POINT('',#4638);
#1743=VERTEX_POINT('',#4640);
#1744=VERTEX_POINT('',#4644);
#1745=VERTEX_POINT('',#4645);
#1746=VERTEX_POINT('',#4647);
#1747=VERTEX_POINT('',#4649);
#1748=VERTEX_POINT('',#4653);
#1749=VERTEX_POINT('',#4655);
#1750=VERTEX_POINT('',#4662);
#1751=VERTEX_POINT('',#4666);
#1752=VERTEX_POINT('',#4674);
#1753=VERTEX_POINT('',#4678);
#1754=VERTEX_POINT('',#4686);
#1755=VERTEX_POINT('',#4690);
#1756=VERTEX_POINT('',#4701);
#1757=VERTEX_POINT('',#4703);
#1758=VERTEX_POINT('',#4710);
#1759=VERTEX_POINT('',#4714);
#1760=VERTEX_POINT('',#4722);
#1761=VERTEX_POINT('',#4726);
#1762=VERTEX_POINT('',#4734);
#1763=VERTEX_POINT('',#4738);
#1764=VERTEX_POINT('',#4749);
#1765=VERTEX_POINT('',#4751);
#1766=VERTEX_POINT('',#4755);
#1767=VERTEX_POINT('',#4762);
#1768=VERTEX_POINT('',#4766);
#1769=VERTEX_POINT('',#4774);
#1770=VERTEX_POINT('',#4778);
#1771=VERTEX_POINT('',#4782);
#1772=VERTEX_POINT('',#4797);
#1773=VERTEX_POINT('',#4799);
#1774=VERTEX_POINT('',#4803);
#1775=VERTEX_POINT('',#4810);
#1776=VERTEX_POINT('',#4814);
#1777=VERTEX_POINT('',#4822);
#1778=VERTEX_POINT('',#4826);
#1779=VERTEX_POINT('',#4830);
#1780=LINE('',#4040,#1983);
#1781=LINE('',#4043,#1984);
#1782=LINE('',#4045,#1985);
#1783=LINE('',#4047,#1986);
#1784=LINE('',#4048,#1987);
#1785=LINE('',#4053,#1988);
#1786=LINE('',#4057,#1989);
#1787=LINE('',#4061,#1990);
#1788=LINE('',#4065,#1991);
#1789=LINE('',#4068,#1992);
#1790=LINE('',#4070,#1993);
#1791=LINE('',#4072,#1994);
#1792=LINE('',#4073,#1995);
#1793=LINE('',#4078,#1996);
#1794=LINE('',#4082,#1997);
#1795=LINE('',#4086,#1998);
#1796=LINE('',#4090,#1999);
#1797=LINE('',#4095,#2000);
#1798=LINE('',#4099,#2001);
#1799=LINE('',#4103,#2002);
#1800=LINE('',#4107,#2003);
#1801=LINE('',#4109,#2004);
#1802=LINE('',#4111,#2005);
#1803=LINE('',#4115,#2006);
#1804=LINE('',#4119,#2007);
#1805=LINE('',#4124,#2008);
#1806=LINE('',#4128,#2009);
#1807=LINE('',#4132,#2010);
#1808=LINE('',#4136,#2011);
#1809=LINE('',#4138,#2012);
#1810=LINE('',#4140,#2013);
#1811=LINE('',#4144,#2014);
#1812=LINE('',#4151,#2015);
#1813=LINE('',#4155,#2016);
#1814=LINE('',#4159,#2017);
#1815=LINE('',#4163,#2018);
#1816=LINE('',#4167,#2019);
#1817=LINE('',#4171,#2020);
#1818=LINE('',#4175,#2021);
#1819=LINE('',#4179,#2022);
#1820=LINE('',#4180,#2023);
#1821=LINE('',#4185,#2024);
#1822=LINE('',#4189,#2025);
#1823=LINE('',#4192,#2026);
#1824=LINE('',#4197,#2027);
#1825=LINE('',#4201,#2028);
#1826=LINE('',#4205,#2029);
#1827=LINE('',#4208,#2030);
#1828=LINE('',#4211,#2031);
#1829=LINE('',#4213,#2032);
#1830=LINE('',#4215,#2033);
#1831=LINE('',#4217,#2034);
#1832=LINE('',#4219,#2035);
#1833=LINE('',#4221,#2036);
#1834=LINE('',#4223,#2037);
#1835=LINE('',#4227,#2038);
#1836=LINE('',#4231,#2039);
#1837=LINE('',#4235,#2040);
#1838=LINE('',#4239,#2041);
#1839=LINE('',#4243,#2042);
#1840=LINE('',#4247,#2043);
#1841=LINE('',#4251,#2044);
#1842=LINE('',#4255,#2045);
#1843=LINE('',#4257,#2046);
#1844=LINE('',#4262,#2047);
#1845=LINE('',#4266,#2048);
#1846=LINE('',#4270,#2049);
#1847=LINE('',#4273,#2050);
#1848=LINE('',#4276,#2051);
#1849=LINE('',#4278,#2052);
#1850=LINE('',#4280,#2053);
#1851=LINE('',#4282,#2054);
#1852=LINE('',#4284,#2055);
#1853=LINE('',#4286,#2056);
#1854=LINE('',#4288,#2057);
#1855=LINE('',#4289,#2058);
#1856=LINE('',#4294,#2059);
#1857=LINE('',#4296,#2060);
#1858=LINE('',#4300,#2061);
#1859=LINE('',#4304,#2062);
#1860=LINE('',#4308,#2063);
#1861=LINE('',#4312,#2064);
#1862=LINE('',#4316,#2065);
#1863=LINE('',#4317,#2066);
#1864=LINE('',#4318,#2067);
#1865=LINE('',#4323,#2068);
#1866=LINE('',#4327,#2069);
#1867=LINE('',#4331,#2070);
#1868=LINE('',#4334,#2071);
#1869=LINE('',#4339,#2072);
#1870=LINE('',#4343,#2073);
#1871=LINE('',#4348,#2074);
#1872=LINE('',#4349,#2075);
#1873=LINE('',#4350,#2076);
#1874=LINE('',#4354,#2077);
#1875=LINE('',#4358,#2078);
#1876=LINE('',#4362,#2079);
#1877=LINE('',#4363,#2080);
#1878=LINE('',#4368,#2081);
#1879=LINE('',#4372,#2082);
#1880=LINE('',#4376,#2083);
#1881=LINE('',#4379,#2084);
#1882=LINE('',#4384,#2085);
#1883=LINE('',#4388,#2086);
#1884=LINE('',#4403,#2087);
#1885=LINE('',#4418,#2088);
#1886=LINE('',#4427,#2089);
#1887=LINE('',#4429,#2090);
#1888=LINE('',#4430,#2091);
#1889=LINE('',#4431,#2092);
#1890=LINE('',#4433,#2093);
#1891=LINE('',#4443,#2094);
#1892=LINE('',#4449,#2095);
#1893=LINE('',#4454,#2096);
#1894=LINE('',#4455,#2097);
#1895=LINE('',#4457,#2098);
#1896=LINE('',#4459,#2099);
#1897=LINE('',#4460,#2100);
#1898=LINE('',#4462,#2101);
#1899=LINE('',#4465,#2102);
#1900=LINE('',#4467,#2103);
#1901=LINE('',#4469,#2104);
#1902=LINE('',#4471,#2105);
#1903=LINE('',#4474,#2106);
#1904=LINE('',#4476,#2107);
#1905=LINE('',#4478,#2108);
#1906=LINE('',#4486,#2109);
#1907=LINE('',#4492,#2110);
#1908=LINE('',#4493,#2111);
#1909=LINE('',#4501,#2112);
#1910=LINE('',#4507,#2113);
#1911=LINE('',#4508,#2114);
#1912=LINE('',#4510,#2115);
#1913=LINE('',#4511,#2116);
#1914=LINE('',#4513,#2117);
#1915=LINE('',#4514,#2118);
#1916=LINE('',#4516,#2119);
#1917=LINE('',#4517,#2120);
#1918=LINE('',#4519,#2121);
#1919=LINE('',#4520,#2122);
#1920=LINE('',#4522,#2123);
#1921=LINE('',#4523,#2124);
#1922=LINE('',#4525,#2125);
#1923=LINE('',#4526,#2126);
#1924=LINE('',#4528,#2127);
#1925=LINE('',#4529,#2128);
#1926=LINE('',#4531,#2129);
#1927=LINE('',#4532,#2130);
#1928=LINE('',#4534,#2131);
#1929=LINE('',#4535,#2132);
#1930=LINE('',#4537,#2133);
#1931=LINE('',#4538,#2134);
#1932=LINE('',#4540,#2135);
#1933=LINE('',#4541,#2136);
#1934=LINE('',#4543,#2137);
#1935=LINE('',#4544,#2138);
#1936=LINE('',#4546,#2139);
#1937=LINE('',#4548,#2140);
#1938=LINE('',#4549,#2141);
#1939=LINE('',#4616,#2142);
#1940=LINE('',#4619,#2143);
#1941=LINE('',#4621,#2144);
#1942=LINE('',#4623,#2145);
#1943=LINE('',#4625,#2146);
#1944=LINE('',#4628,#2147);
#1945=LINE('',#4630,#2148);
#1946=LINE('',#4632,#2149);
#1947=LINE('',#4634,#2150);
#1948=LINE('',#4637,#2151);
#1949=LINE('',#4639,#2152);
#1950=LINE('',#4641,#2153);
#1951=LINE('',#4643,#2154);
#1952=LINE('',#4646,#2155);
#1953=LINE('',#4648,#2156);
#1954=LINE('',#4650,#2157);
#1955=LINE('',#4661,#2158);
#1956=LINE('',#4667,#2159);
#1957=LINE('',#4685,#2160);
#1958=LINE('',#4689,#2161);
#1959=LINE('',#4709,#2162);
#1960=LINE('',#4715,#2163);
#1961=LINE('',#4733,#2164);
#1962=LINE('',#4737,#2165);
#1963=LINE('',#4750,#2166);
#1964=LINE('',#4767,#2167);
#1965=LINE('',#4775,#2168);
#1966=LINE('',#4789,#2169);
#1967=LINE('',#4800,#2170);
#1968=LINE('',#4815,#2171);
#1969=LINE('',#4823,#2172);
#1970=LINE('',#4837,#2173);
#1971=LINE('',#4844,#2174);
#1972=LINE('',#4845,#2175);
#1973=LINE('',#4847,#2176);
#1974=LINE('',#4848,#2177);
#1975=LINE('',#4850,#2178);
#1976=LINE('',#4851,#2179);
#1977=LINE('',#4853,#2180);
#1978=LINE('',#4854,#2181);
#1979=LINE('',#4856,#2182);
#1980=LINE('',#4857,#2183);
#1981=LINE('',#4859,#2184);
#1982=LINE('',#4860,#2185);
#1983=VECTOR('',#3131,1.);
#1984=VECTOR('',#3132,1.);
#1985=VECTOR('',#3133,1.);
#1986=VECTOR('',#3134,1.);
#1987=VECTOR('',#3135,1.);
#1988=VECTOR('',#3138,1.);
#1989=VECTOR('',#3141,1.);
#1990=VECTOR('',#3144,1.);
#1991=VECTOR('',#3149,1.);
#1992=VECTOR('',#3150,1.);
#1993=VECTOR('',#3151,1.);
#1994=VECTOR('',#3152,1.);
#1995=VECTOR('',#3153,1.);
#1996=VECTOR('',#3156,1.);
#1997=VECTOR('',#3159,1.);
#1998=VECTOR('',#3162,1.);
#1999=VECTOR('',#3167,1.);
#2000=VECTOR('',#3170,1.);
#2001=VECTOR('',#3173,1.);
#2002=VECTOR('',#3176,1.);
#2003=VECTOR('',#3179,1.);
#2004=VECTOR('',#3180,1.);
#2005=VECTOR('',#3181,1.);
#2006=VECTOR('',#3184,1.);
#2007=VECTOR('',#3189,1.);
#2008=VECTOR('',#3192,1.);
#2009=VECTOR('',#3195,1.);
#2010=VECTOR('',#3198,1.);
#2011=VECTOR('',#3201,1.);
#2012=VECTOR('',#3202,1.);
#2013=VECTOR('',#3203,1.);
#2014=VECTOR('',#3206,1.);
#2015=VECTOR('',#3213,1.);
#2016=VECTOR('',#3216,1.);
#2017=VECTOR('',#3219,1.);
#2018=VECTOR('',#3222,1.);
#2019=VECTOR('',#3225,1.);
#2020=VECTOR('',#3228,1.);
#2021=VECTOR('',#3231,1.);
#2022=VECTOR('',#3234,1.);
#2023=VECTOR('',#3235,1.);
#2024=VECTOR('',#3238,1.);
#2025=VECTOR('',#3241,1.);
#2026=VECTOR('',#3244,1.);
#2027=VECTOR('',#3247,1.);
#2028=VECTOR('',#3250,1.);
#2029=VECTOR('',#3253,1.);
#2030=VECTOR('',#3256,1.);
#2031=VECTOR('',#3257,1.);
#2032=VECTOR('',#3258,1.);
#2033=VECTOR('',#3259,1.);
#2034=VECTOR('',#3260,1.);
#2035=VECTOR('',#3261,1.);
#2036=VECTOR('',#3262,1.);
#2037=VECTOR('',#3263,1.);
#2038=VECTOR('',#3266,1.);
#2039=VECTOR('',#3269,1.);
#2040=VECTOR('',#3272,1.);
#2041=VECTOR('',#3275,1.);
#2042=VECTOR('',#3278,1.);
#2043=VECTOR('',#3281,1.);
#2044=VECTOR('',#3284,1.);
#2045=VECTOR('',#3287,1.);
#2046=VECTOR('',#3290,1.);
#2047=VECTOR('',#3293,1.);
#2048=VECTOR('',#3296,1.);
#2049=VECTOR('',#3299,1.);
#2050=VECTOR('',#3302,1.);
#2051=VECTOR('',#3303,1.);
#2052=VECTOR('',#3304,1.);
#2053=VECTOR('',#3305,1.);
#2054=VECTOR('',#3306,1.);
#2055=VECTOR('',#3307,1.);
#2056=VECTOR('',#3308,1.);
#2057=VECTOR('',#3309,1.);
#2058=VECTOR('',#3310,1.);
#2059=VECTOR('',#3313,1.);
#2060=VECTOR('',#3314,1.);
#2061=VECTOR('',#3319,1.);
#2062=VECTOR('',#3322,1.);
#2063=VECTOR('',#3325,1.);
#2064=VECTOR('',#3328,1.);
#2065=VECTOR('',#3331,1.);
#2066=VECTOR('',#3332,1.);
#2067=VECTOR('',#3333,1.);
#2068=VECTOR('',#3336,1.);
#2069=VECTOR('',#3339,1.);
#2070=VECTOR('',#3342,1.);
#2071=VECTOR('',#3345,1.);
#2072=VECTOR('',#3348,1.);
#2073=VECTOR('',#3351,1.);
#2074=VECTOR('',#3356,1.);
#2075=VECTOR('',#3357,1.);
#2076=VECTOR('',#3358,1.);
#2077=VECTOR('',#3361,1.);
#2078=VECTOR('',#3364,1.);
#2079=VECTOR('',#3367,1.);
#2080=VECTOR('',#3368,1.);
#2081=VECTOR('',#3371,1.);
#2082=VECTOR('',#3374,1.);
#2083=VECTOR('',#3377,1.);
#2084=VECTOR('',#3380,1.);
#2085=VECTOR('',#3383,1.);
#2086=VECTOR('',#3386,1.);
#2087=VECTOR('',#3399,1.);
#2088=VECTOR('',#3400,1.);
#2089=VECTOR('',#3403,1.);
#2090=VECTOR('',#3404,1.);
#2091=VECTOR('',#3405,1.);
#2092=VECTOR('',#3406,1.);
#2093=VECTOR('',#3407,1.);
#2094=VECTOR('',#3418,1.);
#2095=VECTOR('',#3423,1.);
#2096=VECTOR('',#3430,1.);
#2097=VECTOR('',#3431,1.);
#2098=VECTOR('',#3432,1.);
#2099=VECTOR('',#3433,1.);
#2100=VECTOR('',#3434,1.);
#2101=VECTOR('',#3437,1.);
#2102=VECTOR('',#3438,1.);
#2103=VECTOR('',#3439,1.);
#2104=VECTOR('',#3440,1.);
#2105=VECTOR('',#3443,1.);
#2106=VECTOR('',#3444,1.);
#2107=VECTOR('',#3445,1.);
#2108=VECTOR('',#3446,1.);
#2109=VECTOR('',#3455,1.);
#2110=VECTOR('',#3464,1.);
#2111=VECTOR('',#3465,1.);
#2112=VECTOR('',#3474,1.);
#2113=VECTOR('',#3483,1.);
#2114=VECTOR('',#3484,1.);
#2115=VECTOR('',#3487,1.);
#2116=VECTOR('',#3488,1.);
#2117=VECTOR('',#3491,1.);
#2118=VECTOR('',#3492,1.);
#2119=VECTOR('',#3495,1.);
#2120=VECTOR('',#3496,1.);
#2121=VECTOR('',#3499,1.);
#2122=VECTOR('',#3500,1.);
#2123=VECTOR('',#3503,1.);
#2124=VECTOR('',#3504,1.);
#2125=VECTOR('',#3507,1.);
#2126=VECTOR('',#3508,1.);
#2127=VECTOR('',#3511,1.);
#2128=VECTOR('',#3512,1.);
#2129=VECTOR('',#3515,1.);
#2130=VECTOR('',#3516,1.);
#2131=VECTOR('',#3519,1.);
#2132=VECTOR('',#3520,1.);
#2133=VECTOR('',#3523,1.);
#2134=VECTOR('',#3524,1.);
#2135=VECTOR('',#3527,1.);
#2136=VECTOR('',#3528,1.);
#2137=VECTOR('',#3531,1.);
#2138=VECTOR('',#3532,1.);
#2139=VECTOR('',#3535,1.);
#2140=VECTOR('',#3538,1.);
#2141=VECTOR('',#3539,1.);
#2142=VECTOR('',#3672,1.);
#2143=VECTOR('',#3673,1.);
#2144=VECTOR('',#3674,1.);
#2145=VECTOR('',#3675,1.);
#2146=VECTOR('',#3678,1.);
#2147=VECTOR('',#3679,1.);
#2148=VECTOR('',#3680,1.);
#2149=VECTOR('',#3681,1.);
#2150=VECTOR('',#3684,1.);
#2151=VECTOR('',#3685,1.);
#2152=VECTOR('',#3686,1.);
#2153=VECTOR('',#3687,1.);
#2154=VECTOR('',#3690,1.);
#2155=VECTOR('',#3691,1.);
#2156=VECTOR('',#3692,1.);
#2157=VECTOR('',#3693,1.);
#2158=VECTOR('',#3710,1.);
#2159=VECTOR('',#3717,1.);
#2160=VECTOR('',#3748,1.);
#2161=VECTOR('',#3753,1.);
#2162=VECTOR('',#3786,1.);
#2163=VECTOR('',#3793,1.);
#2164=VECTOR('',#3824,1.);
#2165=VECTOR('',#3829,1.);
#2166=VECTOR('',#3850,1.);
#2167=VECTOR('',#3875,1.);
#2168=VECTOR('',#3888,1.);
#2169=VECTOR('',#3911,1.);
#2170=VECTOR('',#3928,1.);
#2171=VECTOR('',#3951,1.);
#2172=VECTOR('',#3964,1.);
#2173=VECTOR('',#3987,1.);
#2174=VECTOR('',#4000,1.);
#2175=VECTOR('',#4001,1.);
#2176=VECTOR('',#4004,1.);
#2177=VECTOR('',#4005,1.);
#2178=VECTOR('',#4008,1.);
#2179=VECTOR('',#4009,1.);
#2180=VECTOR('',#4012,1.);
#2181=VECTOR('',#4013,1.);
#2182=VECTOR('',#4016,1.);
#2183=VECTOR('',#4017,1.);
#2184=VECTOR('',#4020,1.);
#2185=VECTOR('',#4021,1.);
#2186=EDGE_LOOP('',(#327,#328,#329,#330));
#2187=EDGE_LOOP('',(#331,#332,#333,#334,#335,#336,#337,#338));
#2188=EDGE_LOOP('',(#339,#340,#341,#342));
#2189=EDGE_LOOP('',(#343,#344,#345,#346,#347,#348,#349,#350));
#2190=EDGE_LOOP('',(#351,#352,#353,#354,#355,#356,#357,#358,#359,#360,#361,
#362,#363,#364));
#2191=EDGE_LOOP('',(#365,#366,#367,#368,#369,#370,#371,#372,#373,#374,#375,
#376,#377,#378));
#2192=EDGE_LOOP('',(#379,#380,#381,#382,#383,#384,#385,#386));
#2193=EDGE_LOOP('',(#387,#388,#389,#390,#391,#392,#393,#394));
#2194=EDGE_LOOP('',(#395,#396,#397,#398,#399,#400));
#2195=EDGE_LOOP('',(#401,#402,#403,#404,#405,#406,#407,#408));
#2196=EDGE_LOOP('',(#409,#410,#411,#412,#413,#414,#415,#416));
#2197=EDGE_LOOP('',(#417,#418,#419,#420,#421,#422,#423,#424));
#2198=EDGE_LOOP('',(#425,#426,#427,#428,#429,#430,#431,#432));
#2199=EDGE_LOOP('',(#433,#434,#435,#436,#437,#438,#439,#440));
#2200=EDGE_LOOP('',(#441,#442,#443,#444,#445,#446,#447,#448));
#2201=EDGE_LOOP('',(#449,#450,#451,#452,#453));
#2202=EDGE_LOOP('',(#454,#455,#456,#457,#458,#459,#460,#461,#462,#463,#464,
#465));
#2203=EDGE_LOOP('',(#466,#467,#468,#469,#470,#471,#472,#473));
#2204=EDGE_LOOP('',(#474,#475,#476,#477,#478));
#2205=EDGE_LOOP('',(#479,#480,#481,#482,#483,#484,#485,#486,#487,#488,#489,
#490));
#2206=EDGE_LOOP('',(#491,#492,#493,#494,#495,#496,#497,#498));
#2207=EDGE_LOOP('',(#499,#500,#501,#502,#503,#504));
#2208=EDGE_LOOP('',(#505,#506,#507,#508,#509,#510,#511,#512));
#2209=EDGE_LOOP('',(#513,#514,#515,#516,#517,#518,#519,#520));
#2210=EDGE_LOOP('',(#521,#522,#523,#524,#525,#526,#527,#528));
#2211=EDGE_LOOP('',(#529));
#2212=EDGE_LOOP('',(#530));
#2213=EDGE_LOOP('',(#531));
#2214=EDGE_LOOP('',(#532));
#2215=EDGE_LOOP('',(#533,#534,#535,#536,#537,#538,#539,#540));
#2216=EDGE_LOOP('',(#541,#542,#543,#544));
#2217=EDGE_LOOP('',(#545,#546,#547,#548,#549,#550,#551,#552));
#2218=EDGE_LOOP('',(#553,#554,#555,#556));
#2219=EDGE_LOOP('',(#557,#558,#559,#560));
#2220=EDGE_LOOP('',(#561));
#2221=EDGE_LOOP('',(#562));
#2222=EDGE_LOOP('',(#563,#564,#565,#566,#567,#568,#569,#570));
#2223=EDGE_LOOP('',(#571,#572,#573,#574));
#2224=EDGE_LOOP('',(#575));
#2225=EDGE_LOOP('',(#576));
#2226=EDGE_LOOP('',(#577,#578,#579,#580,#581,#582,#583,#584));
#2227=EDGE_LOOP('',(#585,#586,#587,#588));
#2228=EDGE_LOOP('',(#589,#590,#591,#592));
#2229=EDGE_LOOP('',(#593,#594,#595,#596));
#2230=EDGE_LOOP('',(#597,#598,#599,#600));
#2231=EDGE_LOOP('',(#601,#602,#603,#604));
#2232=EDGE_LOOP('',(#605,#606,#607,#608));
#2233=EDGE_LOOP('',(#609,#610,#611,#612));
#2234=EDGE_LOOP('',(#613,#614,#615,#616));
#2235=EDGE_LOOP('',(#617,#618,#619,#620));
#2236=EDGE_LOOP('',(#621,#622,#623,#624));
#2237=EDGE_LOOP('',(#625,#626,#627,#628));
#2238=EDGE_LOOP('',(#629,#630,#631,#632));
#2239=EDGE_LOOP('',(#633,#634,#635,#636));
#2240=EDGE_LOOP('',(#637,#638,#639,#640));
#2241=EDGE_LOOP('',(#641,#642,#643,#644));
#2242=EDGE_LOOP('',(#645,#646,#647,#648));
#2243=EDGE_LOOP('',(#649,#650,#651,#652));
#2244=EDGE_LOOP('',(#653,#654,#655,#656));
#2245=EDGE_LOOP('',(#657,#658,#659,#660));
#2246=EDGE_LOOP('',(#661,#662,#663,#664));
#2247=EDGE_LOOP('',(#665,#666,#667,#668));
#2248=EDGE_LOOP('',(#669,#670,#671,#672));
#2249=EDGE_LOOP('',(#673,#674,#675,#676));
#2250=EDGE_LOOP('',(#677,#678,#679,#680));
#2251=EDGE_LOOP('',(#681,#682,#683,#684));
#2252=EDGE_LOOP('',(#685,#686,#687,#688));
#2253=EDGE_LOOP('',(#689,#690,#691,#692));
#2254=EDGE_LOOP('',(#693,#694,#695,#696));
#2255=EDGE_LOOP('',(#697,#698,#699,#700));
#2256=EDGE_LOOP('',(#701,#702,#703,#704));
#2257=EDGE_LOOP('',(#705,#706,#707,#708));
#2258=EDGE_LOOP('',(#709,#710,#711,#712));
#2259=EDGE_LOOP('',(#713,#714,#715,#716));
#2260=EDGE_LOOP('',(#717,#718,#719,#720));
#2261=EDGE_LOOP('',(#721,#722,#723,#724));
#2262=EDGE_LOOP('',(#725,#726,#727,#728));
#2263=EDGE_LOOP('',(#729));
#2264=EDGE_LOOP('',(#730));
#2265=EDGE_LOOP('',(#731));
#2266=EDGE_LOOP('',(#732));
#2267=EDGE_LOOP('',(#733));
#2268=EDGE_LOOP('',(#734));
#2269=EDGE_LOOP('',(#735));
#2270=EDGE_LOOP('',(#736));
#2271=EDGE_LOOP('',(#737,#738,#739,#740));
#2272=EDGE_LOOP('',(#741,#742,#743,#744));
#2273=EDGE_LOOP('',(#745,#746,#747,#748));
#2274=EDGE_LOOP('',(#749,#750,#751,#752));
#2275=EDGE_LOOP('',(#753,#754,#755,#756));
#2276=EDGE_LOOP('',(#757,#758,#759,#760));
#2277=EDGE_LOOP('',(#761,#762,#763,#764));
#2278=EDGE_LOOP('',(#765,#766,#767,#768));
#2279=EDGE_LOOP('',(#769,#770,#771,#772));
#2280=EDGE_LOOP('',(#773,#774,#775,#776));
#2281=EDGE_LOOP('',(#777,#778,#779,#780));
#2282=EDGE_LOOP('',(#781,#782,#783,#784));
#2283=EDGE_LOOP('',(#785,#786,#787,#788));
#2284=EDGE_LOOP('',(#789,#790,#791,#792));
#2285=EDGE_LOOP('',(#793,#794,#795,#796));
#2286=EDGE_LOOP('',(#797,#798,#799,#800));
#2287=EDGE_LOOP('',(#801,#802,#803,#804));
#2288=EDGE_LOOP('',(#805,#806,#807,#808));
#2289=EDGE_LOOP('',(#809,#810,#811,#812));
#2290=EDGE_LOOP('',(#813,#814,#815,#816));
#2291=EDGE_LOOP('',(#817,#818,#819,#820));
#2292=EDGE_LOOP('',(#821,#822,#823,#824));
#2293=EDGE_LOOP('',(#825,#826,#827,#828));
#2294=EDGE_LOOP('',(#829,#830,#831,#832));
#2295=EDGE_LOOP('',(#833,#834,#835));
#2296=EDGE_LOOP('',(#836,#837,#838,#839));
#2297=EDGE_LOOP('',(#840,#841,#842,#843));
#2298=EDGE_LOOP('',(#844,#845,#846,#847));
#2299=EDGE_LOOP('',(#848,#849,#850,#851));
#2300=EDGE_LOOP('',(#852,#853,#854,#855));
#2301=EDGE_LOOP('',(#856,#857,#858));
#2302=EDGE_LOOP('',(#859,#860,#861));
#2303=EDGE_LOOP('',(#862,#863,#864,#865));
#2304=EDGE_LOOP('',(#866,#867,#868,#869));
#2305=EDGE_LOOP('',(#870,#871,#872,#873));
#2306=EDGE_LOOP('',(#874,#875,#876,#877));
#2307=EDGE_LOOP('',(#878,#879,#880,#881));
#2308=EDGE_LOOP('',(#882,#883,#884,#885));
#2309=EDGE_LOOP('',(#886,#887,#888));
#2310=EDGE_LOOP('',(#889,#890,#891,#892));
#2311=EDGE_LOOP('',(#893,#894,#895));
#2312=EDGE_LOOP('',(#896,#897,#898,#899));
#2313=EDGE_LOOP('',(#900,#901,#902,#903));
#2314=EDGE_LOOP('',(#904,#905,#906,#907));
#2315=EDGE_LOOP('',(#908,#909,#910,#911));
#2316=EDGE_LOOP('',(#912,#913,#914,#915));
#2317=EDGE_LOOP('',(#916,#917,#918));
#2318=EDGE_LOOP('',(#919,#920,#921));
#2319=EDGE_LOOP('',(#922,#923,#924,#925));
#2320=EDGE_LOOP('',(#926,#927,#928,#929));
#2321=EDGE_LOOP('',(#930,#931,#932,#933));
#2322=EDGE_LOOP('',(#934,#935,#936,#937));
#2323=EDGE_LOOP('',(#938,#939,#940,#941));
#2324=EDGE_LOOP('',(#942,#943,#944,#945));
#2325=EDGE_LOOP('',(#946,#947,#948));
#2326=EDGE_LOOP('',(#949,#950,#951,#952));
#2327=EDGE_LOOP('',(#953,#954,#955,#956));
#2328=EDGE_LOOP('',(#957,#958,#959));
#2329=EDGE_LOOP('',(#960,#961,#962,#963));
#2330=EDGE_LOOP('',(#964,#965,#966));
#2331=EDGE_LOOP('',(#967,#968,#969,#970));
#2332=EDGE_LOOP('',(#971,#972,#973,#974));
#2333=EDGE_LOOP('',(#975,#976,#977,#978));
#2334=EDGE_LOOP('',(#979,#980,#981,#982));
#2335=EDGE_LOOP('',(#983,#984,#985));
#2336=EDGE_LOOP('',(#986,#987,#988));
#2337=EDGE_LOOP('',(#989,#990,#991,#992));
#2338=EDGE_LOOP('',(#993,#994,#995,#996));
#2339=EDGE_LOOP('',(#997,#998,#999,#1000));
#2340=EDGE_LOOP('',(#1001,#1002,#1003,#1004));
#2341=EDGE_LOOP('',(#1005,#1006,#1007,#1008));
#2342=EDGE_LOOP('',(#1009,#1010,#1011,#1012));
#2343=EDGE_LOOP('',(#1013,#1014,#1015,#1016));
#2344=EDGE_LOOP('',(#1017,#1018,#1019,#1020));
#2345=EDGE_LOOP('',(#1021,#1022,#1023,#1024));
#2346=EDGE_LOOP('',(#1025,#1026,#1027,#1028));
#2347=EDGE_LOOP('',(#1029,#1030,#1031,#1032));
#2348=EDGE_LOOP('',(#1033,#1034,#1035));
#2349=EDGE_LOOP('',(#1036,#1037,#1038));
#2350=EDGE_LOOP('',(#1039,#1040,#1041,#1042));
#2351=EDGE_LOOP('',(#1043,#1044,#1045,#1046));
#2352=EDGE_LOOP('',(#1047,#1048,#1049,#1050));
#2353=EDGE_LOOP('',(#1051,#1052,#1053,#1054));
#2354=EDGE_LOOP('',(#1055,#1056,#1057,#1058));
#2355=EDGE_LOOP('',(#1059,#1060,#1061,#1062));
#2356=EDGE_LOOP('',(#1063,#1064,#1065));
#2357=EDGE_LOOP('',(#1066,#1067,#1068));
#2358=EDGE_LOOP('',(#1069,#1070,#1071,#1072));
#2359=EDGE_LOOP('',(#1073,#1074,#1075,#1076));
#2360=EDGE_LOOP('',(#1077,#1078,#1079,#1080));
#2361=EDGE_LOOP('',(#1081,#1082,#1083,#1084));
#2362=EDGE_LOOP('',(#1085,#1086,#1087,#1088));
#2363=EDGE_LOOP('',(#1089,#1090,#1091,#1092));
#2364=EDGE_LOOP('',(#1093,#1094,#1095,#1096));
#2365=EDGE_LOOP('',(#1097,#1098,#1099,#1100));
#2366=EDGE_LOOP('',(#1101,#1102,#1103,#1104));
#2367=EDGE_LOOP('',(#1105,#1106,#1107,#1108));
#2368=EDGE_LOOP('',(#1109,#1110,#1111,#1112));
#2369=EDGE_LOOP('',(#1113,#1114,#1115,#1116));
#2370=EDGE_LOOP('',(#1117,#1118,#1119,#1120));
#2371=EDGE_LOOP('',(#1121,#1122,#1123,#1124));
#2372=EDGE_LOOP('',(#1125,#1126,#1127,#1128));
#2373=FACE_BOUND('',#2186,.T.);
#2374=FACE_BOUND('',#2187,.T.);
#2375=FACE_BOUND('',#2188,.T.);
#2376=FACE_BOUND('',#2189,.T.);
#2377=FACE_BOUND('',#2190,.T.);
#2378=FACE_BOUND('',#2191,.T.);
#2379=FACE_BOUND('',#2192,.T.);
#2380=FACE_BOUND('',#2193,.T.);
#2381=FACE_BOUND('',#2194,.T.);
#2382=FACE_BOUND('',#2195,.T.);
#2383=FACE_BOUND('',#2196,.T.);
#2384=FACE_BOUND('',#2197,.T.);
#2385=FACE_BOUND('',#2198,.T.);
#2386=FACE_BOUND('',#2199,.T.);
#2387=FACE_BOUND('',#2200,.T.);
#2388=FACE_BOUND('',#2201,.T.);
#2389=FACE_BOUND('',#2202,.T.);
#2390=FACE_BOUND('',#2203,.T.);
#2391=FACE_BOUND('',#2204,.T.);
#2392=FACE_BOUND('',#2205,.T.);
#2393=FACE_BOUND('',#2206,.T.);
#2394=FACE_BOUND('',#2207,.T.);
#2395=FACE_BOUND('',#2208,.T.);
#2396=FACE_BOUND('',#2209,.T.);
#2397=FACE_BOUND('',#2210,.T.);
#2398=FACE_BOUND('',#2211,.T.);
#2399=FACE_BOUND('',#2212,.T.);
#2400=FACE_BOUND('',#2213,.T.);
#2401=FACE_BOUND('',#2214,.T.);
#2402=FACE_BOUND('',#2215,.T.);
#2403=FACE_BOUND('',#2216,.T.);
#2404=FACE_BOUND('',#2217,.T.);
#2405=FACE_BOUND('',#2218,.T.);
#2406=FACE_BOUND('',#2219,.T.);
#2407=FACE_BOUND('',#2220,.T.);
#2408=FACE_BOUND('',#2221,.T.);
#2409=FACE_BOUND('',#2222,.T.);
#2410=FACE_BOUND('',#2223,.T.);
#2411=FACE_BOUND('',#2224,.T.);
#2412=FACE_BOUND('',#2225,.T.);
#2413=FACE_BOUND('',#2226,.T.);
#2414=FACE_BOUND('',#2227,.T.);
#2415=FACE_BOUND('',#2228,.T.);
#2416=FACE_BOUND('',#2229,.T.);
#2417=FACE_BOUND('',#2230,.T.);
#2418=FACE_BOUND('',#2231,.T.);
#2419=FACE_BOUND('',#2232,.T.);
#2420=FACE_BOUND('',#2233,.T.);
#2421=FACE_BOUND('',#2234,.T.);
#2422=FACE_BOUND('',#2235,.T.);
#2423=FACE_BOUND('',#2236,.T.);
#2424=FACE_BOUND('',#2237,.T.);
#2425=FACE_BOUND('',#2238,.T.);
#2426=FACE_BOUND('',#2239,.T.);
#2427=FACE_BOUND('',#2240,.T.);
#2428=FACE_BOUND('',#2241,.T.);
#2429=FACE_BOUND('',#2242,.T.);
#2430=FACE_BOUND('',#2243,.T.);
#2431=FACE_BOUND('',#2244,.T.);
#2432=FACE_BOUND('',#2245,.T.);
#2433=FACE_BOUND('',#2246,.T.);
#2434=FACE_BOUND('',#2247,.T.);
#2435=FACE_BOUND('',#2248,.T.);
#2436=FACE_BOUND('',#2249,.T.);
#2437=FACE_BOUND('',#2250,.T.);
#2438=FACE_BOUND('',#2251,.T.);
#2439=FACE_BOUND('',#2252,.T.);
#2440=FACE_BOUND('',#2253,.T.);
#2441=FACE_BOUND('',#2254,.T.);
#2442=FACE_BOUND('',#2255,.T.);
#2443=FACE_BOUND('',#2256,.T.);
#2444=FACE_BOUND('',#2257,.T.);
#2445=FACE_BOUND('',#2258,.T.);
#2446=FACE_BOUND('',#2259,.T.);
#2447=FACE_BOUND('',#2260,.T.);
#2448=FACE_BOUND('',#2261,.T.);
#2449=FACE_BOUND('',#2262,.T.);
#2450=FACE_BOUND('',#2263,.T.);
#2451=FACE_BOUND('',#2264,.T.);
#2452=FACE_BOUND('',#2265,.T.);
#2453=FACE_BOUND('',#2266,.T.);
#2454=FACE_BOUND('',#2267,.T.);
#2455=FACE_BOUND('',#2268,.T.);
#2456=FACE_BOUND('',#2269,.T.);
#2457=FACE_BOUND('',#2270,.T.);
#2458=FACE_BOUND('',#2271,.T.);
#2459=FACE_BOUND('',#2272,.T.);
#2460=FACE_BOUND('',#2273,.T.);
#2461=FACE_BOUND('',#2274,.T.);
#2462=FACE_BOUND('',#2275,.T.);
#2463=FACE_BOUND('',#2276,.T.);
#2464=FACE_BOUND('',#2277,.T.);
#2465=FACE_BOUND('',#2278,.T.);
#2466=FACE_BOUND('',#2279,.T.);
#2467=FACE_BOUND('',#2280,.T.);
#2468=FACE_BOUND('',#2281,.T.);
#2469=FACE_BOUND('',#2282,.T.);
#2470=FACE_BOUND('',#2283,.T.);
#2471=FACE_BOUND('',#2284,.T.);
#2472=FACE_BOUND('',#2285,.T.);
#2473=FACE_BOUND('',#2286,.T.);
#2474=FACE_BOUND('',#2287,.T.);
#2475=FACE_BOUND('',#2288,.T.);
#2476=FACE_BOUND('',#2289,.T.);
#2477=FACE_BOUND('',#2290,.T.);
#2478=FACE_BOUND('',#2291,.T.);
#2479=FACE_BOUND('',#2292,.T.);
#2480=FACE_BOUND('',#2293,.T.);
#2481=FACE_BOUND('',#2294,.T.);
#2482=FACE_BOUND('',#2295,.T.);
#2483=FACE_BOUND('',#2296,.T.);
#2484=FACE_BOUND('',#2297,.T.);
#2485=FACE_BOUND('',#2298,.T.);
#2486=FACE_BOUND('',#2299,.T.);
#2487=FACE_BOUND('',#2300,.T.);
#2488=FACE_BOUND('',#2301,.T.);
#2489=FACE_BOUND('',#2302,.T.);
#2490=FACE_BOUND('',#2303,.T.);
#2491=FACE_BOUND('',#2304,.T.);
#2492=FACE_BOUND('',#2305,.T.);
#2493=FACE_BOUND('',#2306,.T.);
#2494=FACE_BOUND('',#2307,.T.);
#2495=FACE_BOUND('',#2308,.T.);
#2496=FACE_BOUND('',#2309,.T.);
#2497=FACE_BOUND('',#2310,.T.);
#2498=FACE_BOUND('',#2311,.T.);
#2499=FACE_BOUND('',#2312,.T.);
#2500=FACE_BOUND('',#2313,.T.);
#2501=FACE_BOUND('',#2314,.T.);
#2502=FACE_BOUND('',#2315,.T.);
#2503=FACE_BOUND('',#2316,.T.);
#2504=FACE_BOUND('',#2317,.T.);
#2505=FACE_BOUND('',#2318,.T.);
#2506=FACE_BOUND('',#2319,.T.);
#2507=FACE_BOUND('',#2320,.T.);
#2508=FACE_BOUND('',#2321,.T.);
#2509=FACE_BOUND('',#2322,.T.);
#2510=FACE_BOUND('',#2323,.T.);
#2511=FACE_BOUND('',#2324,.T.);
#2512=FACE_BOUND('',#2325,.T.);
#2513=FACE_BOUND('',#2326,.T.);
#2514=FACE_BOUND('',#2327,.T.);
#2515=FACE_BOUND('',#2328,.T.);
#2516=FACE_BOUND('',#2329,.T.);
#2517=FACE_BOUND('',#2330,.T.);
#2518=FACE_BOUND('',#2331,.T.);
#2519=FACE_BOUND('',#2332,.T.);
#2520=FACE_BOUND('',#2333,.T.);
#2521=FACE_BOUND('',#2334,.T.);
#2522=FACE_BOUND('',#2335,.T.);
#2523=FACE_BOUND('',#2336,.T.);
#2524=FACE_BOUND('',#2337,.T.);
#2525=FACE_BOUND('',#2338,.T.);
#2526=FACE_BOUND('',#2339,.T.);
#2527=FACE_BOUND('',#2340,.T.);
#2528=FACE_BOUND('',#2341,.T.);
#2529=FACE_BOUND('',#2342,.T.);
#2530=FACE_BOUND('',#2343,.T.);
#2531=FACE_BOUND('',#2344,.T.);
#2532=FACE_BOUND('',#2345,.T.);
#2533=FACE_BOUND('',#2346,.T.);
#2534=FACE_BOUND('',#2347,.T.);
#2535=FACE_BOUND('',#2348,.T.);
#2536=FACE_BOUND('',#2349,.T.);
#2537=FACE_BOUND('',#2350,.T.);
#2538=FACE_BOUND('',#2351,.T.);
#2539=FACE_BOUND('',#2352,.T.);
#2540=FACE_BOUND('',#2353,.T.);
#2541=FACE_BOUND('',#2354,.T.);
#2542=FACE_BOUND('',#2355,.T.);
#2543=FACE_BOUND('',#2356,.T.);
#2544=FACE_BOUND('',#2357,.T.);
#2545=FACE_BOUND('',#2358,.T.);
#2546=FACE_BOUND('',#2359,.T.);
#2547=FACE_BOUND('',#2360,.T.);
#2548=FACE_BOUND('',#2361,.T.);
#2549=FACE_BOUND('',#2362,.T.);
#2550=FACE_BOUND('',#2363,.T.);
#2551=FACE_BOUND('',#2364,.T.);
#2552=FACE_BOUND('',#2365,.T.);
#2553=FACE_BOUND('',#2366,.T.);
#2554=FACE_BOUND('',#2367,.T.);
#2555=FACE_BOUND('',#2368,.T.);
#2556=FACE_BOUND('',#2369,.T.);
#2557=FACE_BOUND('',#2370,.T.);
#2558=FACE_BOUND('',#2371,.T.);
#2559=FACE_BOUND('',#2372,.T.);
#2560=PLANE('',#2774);
#2561=PLANE('',#2779);
#2562=PLANE('',#2784);
#2563=PLANE('',#2791);
#2564=PLANE('',#2798);
#2565=PLANE('',#2822);
#2566=PLANE('',#2829);
#2567=PLANE('',#2840);
#2568=PLANE('',#2852);
#2569=PLANE('',#2857);
#2570=PLANE('',#2858);
#2571=PLANE('',#2867);
#2572=PLANE('',#2868);
#2573=PLANE('',#2869);
#2574=PLANE('',#2870);
#2575=PLANE('',#2877);
#2576=PLANE('',#2878);
#2577=PLANE('',#2885);
#2578=PLANE('',#2886);
#2579=PLANE('',#2887);
#2580=PLANE('',#2888);
#2581=PLANE('',#2889);
#2582=PLANE('',#2890);
#2583=PLANE('',#2891);
#2584=PLANE('',#2892);
#2585=PLANE('',#2893);
#2586=PLANE('',#2894);
#2587=PLANE('',#2895);
#2588=PLANE('',#2896);
#2589=PLANE('',#2897);
#2590=PLANE('',#2898);
#2591=PLANE('',#2899);
#2592=PLANE('',#2965);
#2593=PLANE('',#2966);
#2594=PLANE('',#2967);
#2595=PLANE('',#2968);
#2596=PLANE('',#3113);
#2597=PLANE('',#3114);
#2598=PLANE('',#3115);
#2599=PLANE('',#3116);
#2600=PLANE('',#3117);
#2601=PLANE('',#3118);
#2602=ADVANCED_FACE('',(#2373,#2374),#2560,.F.);
#2603=ADVANCED_FACE('',(#2375,#2376),#2561,.T.);
#2604=ADVANCED_FACE('',(#2377),#2562,.F.);
#2605=ADVANCED_FACE('',(#2378),#2563,.T.);
#2606=ADVANCED_FACE('',(#2379,#2380,#2381,#2382,#2383,#2384,#2385),#2564,
 .F.);
#2607=ADVANCED_FACE('',(#2386,#2387,#2388),#2565,.T.);
#2608=ADVANCED_FACE('',(#2389,#2390,#2391),#2566,.F.);
#2609=ADVANCED_FACE('',(#2392,#2393,#2394),#2567,.T.);
#2610=ADVANCED_FACE('',(#2395,#2396),#2568,.F.);
#2611=ADVANCED_FACE('',(#2397),#2569,.T.);
#2612=ADVANCED_FACE('',(#2398,#2399,#2400,#2401,#2402,#2403),#2570,.T.);
#2613=ADVANCED_FACE('',(#2404),#2571,.T.);
#2614=ADVANCED_FACE('',(#2405),#2572,.T.);
#2615=ADVANCED_FACE('',(#2406),#2573,.F.);
#2616=ADVANCED_FACE('',(#2407,#2408,#2409),#2574,.F.);
#2617=ADVANCED_FACE('',(#2410),#2575,.T.);
#2618=ADVANCED_FACE('',(#2411,#2412,#2413),#2576,.F.);
#2619=ADVANCED_FACE('',(#2414),#2577,.T.);
#2620=ADVANCED_FACE('',(#2415),#2578,.T.);
#2621=ADVANCED_FACE('',(#2416),#2579,.T.);
#2622=ADVANCED_FACE('',(#2417),#2580,.F.);
#2623=ADVANCED_FACE('',(#2418),#2581,.F.);
#2624=ADVANCED_FACE('',(#2419),#2582,.F.);
#2625=ADVANCED_FACE('',(#2420),#2583,.F.);
#2626=ADVANCED_FACE('',(#2421),#2584,.T.);
#2627=ADVANCED_FACE('',(#2422),#2585,.F.);
#2628=ADVANCED_FACE('',(#2423),#2586,.F.);
#2629=ADVANCED_FACE('',(#2424),#2587,.T.);
#2630=ADVANCED_FACE('',(#2425),#2588,.T.);
#2631=ADVANCED_FACE('',(#2426),#2589,.T.);
#2632=ADVANCED_FACE('',(#2427),#2590,.F.);
#2633=ADVANCED_FACE('',(#2428),#2591,.F.);
#2634=ADVANCED_FACE('',(#2429),#52,.F.);
#2635=ADVANCED_FACE('',(#2430),#53,.F.);
#2636=ADVANCED_FACE('',(#2431),#54,.F.);
#2637=ADVANCED_FACE('',(#2432),#55,.F.);
#2638=ADVANCED_FACE('',(#2433),#56,.F.);
#2639=ADVANCED_FACE('',(#2434),#57,.F.);
#2640=ADVANCED_FACE('',(#2435),#58,.F.);
#2641=ADVANCED_FACE('',(#2436),#59,.F.);
#2642=ADVANCED_FACE('',(#2437),#60,.F.);
#2643=ADVANCED_FACE('',(#2438),#61,.F.);
#2644=ADVANCED_FACE('',(#2439),#62,.F.);
#2645=ADVANCED_FACE('',(#2440),#63,.F.);
#2646=ADVANCED_FACE('',(#2441),#64,.F.);
#2647=ADVANCED_FACE('',(#2442),#65,.T.);
#2648=ADVANCED_FACE('',(#2443),#66,.T.);
#2649=ADVANCED_FACE('',(#2444),#67,.T.);
#2650=ADVANCED_FACE('',(#2445),#68,.T.);
#2651=ADVANCED_FACE('',(#2446),#69,.T.);
#2652=ADVANCED_FACE('',(#2447),#70,.T.);
#2653=ADVANCED_FACE('',(#2448),#71,.T.);
#2654=ADVANCED_FACE('',(#2449),#72,.T.);
#2655=ADVANCED_FACE('',(#2450,#2451),#73,.F.);
#2656=ADVANCED_FACE('',(#2452,#2453),#74,.F.);
#2657=ADVANCED_FACE('',(#2454,#2455),#75,.F.);
#2658=ADVANCED_FACE('',(#2456,#2457),#76,.F.);
#2659=ADVANCED_FACE('',(#2458),#77,.T.);
#2660=ADVANCED_FACE('',(#2459),#78,.T.);
#2661=ADVANCED_FACE('',(#2460),#79,.T.);
#2662=ADVANCED_FACE('',(#2461),#80,.T.);
#2663=ADVANCED_FACE('',(#2462),#28,.F.);
#2664=ADVANCED_FACE('',(#2463),#81,.F.);
#2665=ADVANCED_FACE('',(#2464),#29,.F.);
#2666=ADVANCED_FACE('',(#2465),#82,.F.);
#2667=ADVANCED_FACE('',(#2466),#30,.F.);
#2668=ADVANCED_FACE('',(#2467),#83,.F.);
#2669=ADVANCED_FACE('',(#2468),#31,.F.);
#2670=ADVANCED_FACE('',(#2469),#84,.F.);
#2671=ADVANCED_FACE('',(#2470),#32,.F.);
#2672=ADVANCED_FACE('',(#2471),#85,.F.);
#2673=ADVANCED_FACE('',(#2472),#33,.F.);
#2674=ADVANCED_FACE('',(#2473),#86,.F.);
#2675=ADVANCED_FACE('',(#2474),#34,.F.);
#2676=ADVANCED_FACE('',(#2475),#87,.F.);
#2677=ADVANCED_FACE('',(#2476),#35,.F.);
#2678=ADVANCED_FACE('',(#2477),#88,.F.);
#2679=ADVANCED_FACE('',(#2478),#2592,.T.);
#2680=ADVANCED_FACE('',(#2479),#2593,.T.);
#2681=ADVANCED_FACE('',(#2480),#2594,.T.);
#2682=ADVANCED_FACE('',(#2481),#2595,.T.);
#2683=ADVANCED_FACE('',(#2482),#12,.T.);
#2684=ADVANCED_FACE('',(#2483),#36,.F.);
#2685=ADVANCED_FACE('',(#2484),#89,.T.);
#2686=ADVANCED_FACE('',(#2485),#90,.T.);
#2687=ADVANCED_FACE('',(#2486),#91,.F.);
#2688=ADVANCED_FACE('',(#2487),#92,.F.);
#2689=ADVANCED_FACE('',(#2488),#13,.T.);
#2690=ADVANCED_FACE('',(#2489),#14,.T.);
#2691=ADVANCED_FACE('',(#2490),#37,.F.);
#2692=ADVANCED_FACE('',(#2491),#38,.F.);
#2693=ADVANCED_FACE('',(#2492),#93,.T.);
#2694=ADVANCED_FACE('',(#2493),#94,.T.);
#2695=ADVANCED_FACE('',(#2494),#95,.F.);
#2696=ADVANCED_FACE('',(#2495),#96,.F.);
#2697=ADVANCED_FACE('',(#2496),#15,.T.);
#2698=ADVANCED_FACE('',(#2497),#39,.F.);
#2699=ADVANCED_FACE('',(#2498),#16,.T.);
#2700=ADVANCED_FACE('',(#2499),#40,.F.);
#2701=ADVANCED_FACE('',(#2500),#97,.T.);
#2702=ADVANCED_FACE('',(#2501),#98,.T.);
#2703=ADVANCED_FACE('',(#2502),#99,.F.);
#2704=ADVANCED_FACE('',(#2503),#100,.F.);
#2705=ADVANCED_FACE('',(#2504),#17,.T.);
#2706=ADVANCED_FACE('',(#2505),#18,.T.);
#2707=ADVANCED_FACE('',(#2506),#41,.F.);
#2708=ADVANCED_FACE('',(#2507),#42,.F.);
#2709=ADVANCED_FACE('',(#2508),#101,.T.);
#2710=ADVANCED_FACE('',(#2509),#102,.T.);
#2711=ADVANCED_FACE('',(#2510),#103,.F.);
#2712=ADVANCED_FACE('',(#2511),#104,.F.);
#2713=ADVANCED_FACE('',(#2512),#19,.T.);
#2714=ADVANCED_FACE('',(#2513),#43,.F.);
#2715=ADVANCED_FACE('',(#2514),#105,.T.);
#2716=ADVANCED_FACE('',(#2515),#20,.T.);
#2717=ADVANCED_FACE('',(#2516),#106,.F.);
#2718=ADVANCED_FACE('',(#2517),#21,.T.);
#2719=ADVANCED_FACE('',(#2518),#107,.T.);
#2720=ADVANCED_FACE('',(#2519),#44,.F.);
#2721=ADVANCED_FACE('',(#2520),#45,.F.);
#2722=ADVANCED_FACE('',(#2521),#108,.T.);
#2723=ADVANCED_FACE('',(#2522),#22,.T.);
#2724=ADVANCED_FACE('',(#2523),#23,.T.);
#2725=ADVANCED_FACE('',(#2524),#109,.F.);
#2726=ADVANCED_FACE('',(#2525),#110,.F.);
#2727=ADVANCED_FACE('',(#2526),#111,.T.);
#2728=ADVANCED_FACE('',(#2527),#46,.F.);
#2729=ADVANCED_FACE('',(#2528),#47,.F.);
#2730=ADVANCED_FACE('',(#2529),#112,.F.);
#2731=ADVANCED_FACE('',(#2530),#113,.F.);
#2732=ADVANCED_FACE('',(#2531),#48,.F.);
#2733=ADVANCED_FACE('',(#2532),#114,.T.);
#2734=ADVANCED_FACE('',(#2533),#49,.F.);
#2735=ADVANCED_FACE('',(#2534),#115,.F.);
#2736=ADVANCED_FACE('',(#2535),#24,.T.);
#2737=ADVANCED_FACE('',(#2536),#25,.T.);
#2738=ADVANCED_FACE('',(#2537),#116,.F.);
#2739=ADVANCED_FACE('',(#2538),#50,.F.);
#2740=ADVANCED_FACE('',(#2539),#51,.F.);
#2741=ADVANCED_FACE('',(#2540),#117,.T.);
#2742=ADVANCED_FACE('',(#2541),#118,.T.);
#2743=ADVANCED_FACE('',(#2542),#119,.F.);
#2744=ADVANCED_FACE('',(#2543),#26,.T.);
#2745=ADVANCED_FACE('',(#2544),#27,.T.);
#2746=ADVANCED_FACE('',(#2545),#120,.T.);
#2747=ADVANCED_FACE('',(#2546),#2596,.T.);
#2748=ADVANCED_FACE('',(#2547),#2597,.T.);
#2749=ADVANCED_FACE('',(#2548),#2598,.T.);
#2750=ADVANCED_FACE('',(#2549),#2599,.T.);
#2751=ADVANCED_FACE('',(#2550),#2600,.T.);
#2752=ADVANCED_FACE('',(#2551),#2601,.T.);
#2753=ADVANCED_FACE('',(#2552),#121,.F.);
#2754=ADVANCED_FACE('',(#2553),#122,.F.);
#2755=ADVANCED_FACE('',(#2554),#123,.F.);
#2756=ADVANCED_FACE('',(#2555),#124,.F.);
#2757=ADVANCED_FACE('',(#2556),#125,.F.);
#2758=ADVANCED_FACE('',(#2557),#126,.F.);
#2759=ADVANCED_FACE('',(#2558),#127,.F.);
#2760=ADVANCED_FACE('',(#2559),#128,.F.);
#2761=CLOSED_SHELL('',(#2602,#2603,#2604,#2605,#2606,#2607,#2608,#2609,
#2610,#2611,#2612,#2613,#2614,#2615,#2616,#2617,#2618,#2619,#2620,#2621,
#2622,#2623,#2624,#2625,#2626,#2627,#2628,#2629,#2630,#2631,#2632,#2633,
#2634,#2635,#2636,#2637,#2638,#2639,#2640,#2641,#2642,#2643,#2644,#2645,
#2646,#2647,#2648,#2649,#2650,#2651,#2652,#2653,#2654,#2655,#2656,#2657,
#2658,#2659,#2660,#2661,#2662,#2663,#2664,#2665,#2666,#2667,#2668,#2669,
#2670,#2671,#2672,#2673,#2674,#2675,#2676,#2677,#2678,#2679,#2680,#2681,
#2682,#2683,#2684,#2685,#2686,#2687,#2688,#2689,#2690,#2691,#2692,#2693,
#2694,#2695,#2696,#2697,#2698,#2699,#2700,#2701,#2702,#2703,#2704,#2705,
#2706,#2707,#2708,#2709,#2710,#2711,#2712,#2713,#2714,#2715,#2716,#2717,
#2718,#2719,#2720,#2721,#2722,#2723,#2724,#2725,#2726,#2727,#2728,#2729,
#2730,#2731,#2732,#2733,#2734,#2735,#2736,#2737,#2738,#2739,#2740,#2741,
#2742,#2743,#2744,#2745,#2746,#2747,#2748,#2749,#2750,#2751,#2752,#2753,
#2754,#2755,#2756,#2757,#2758,#2759,#2760));
#2762=STYLED_ITEM('',(#2763),#2770);
#2763=PRESENTATION_STYLE_ASSIGNMENT((#2764));
#2764=SURFACE_STYLE_USAGE(.BOTH.,#2765);
#2765=SURFACE_SIDE_STYLE('',(#2766));
#2766=SURFACE_STYLE_FILL_AREA(#2767);
#2767=FILL_AREA_STYLE('',(#2768));
#2768=FILL_AREA_STYLE_COLOUR('',#2769);
#2769=DRAUGHTING_PRE_DEFINED_COLOUR('white');
#2770=MANIFOLD_SOLID_BREP('Battery Holder',#2761);
#2771=SHAPE_DEFINITION_REPRESENTATION(#4875,#2772);
#2772=SHAPE_REPRESENTATION('Battery Holder',(#2773),#4870);
#2773=AXIS2_PLACEMENT_3D('',#4038,#3127,#3128);
#2774=AXIS2_PLACEMENT_3D('',#4039,#3129,#3130);
#2775=AXIS2_PLACEMENT_3D('',#4051,#3136,#3137);
#2776=AXIS2_PLACEMENT_3D('',#4055,#3139,#3140);
#2777=AXIS2_PLACEMENT_3D('',#4059,#3142,#3143);
#2778=AXIS2_PLACEMENT_3D('',#4063,#3145,#3146);
#2779=AXIS2_PLACEMENT_3D('',#4064,#3147,#3148);
#2780=AXIS2_PLACEMENT_3D('',#4076,#3154,#3155);
#2781=AXIS2_PLACEMENT_3D('',#4080,#3157,#3158);
#2782=AXIS2_PLACEMENT_3D('',#4084,#3160,#3161);
#2783=AXIS2_PLACEMENT_3D('',#4088,#3163,#3164);
#2784=AXIS2_PLACEMENT_3D('',#4089,#3165,#3166);
#2785=AXIS2_PLACEMENT_3D('',#4093,#3168,#3169);
#2786=AXIS2_PLACEMENT_3D('',#4097,#3171,#3172);
#2787=AXIS2_PLACEMENT_3D('',#4101,#3174,#3175);
#2788=AXIS2_PLACEMENT_3D('',#4105,#3177,#3178);
#2789=AXIS2_PLACEMENT_3D('',#4113,#3182,#3183);
#2790=AXIS2_PLACEMENT_3D('',#4117,#3185,#3186);
#2791=AXIS2_PLACEMENT_3D('',#4118,#3187,#3188);
#2792=AXIS2_PLACEMENT_3D('',#4122,#3190,#3191);
#2793=AXIS2_PLACEMENT_3D('',#4126,#3193,#3194);
#2794=AXIS2_PLACEMENT_3D('',#4130,#3196,#3197);
#2795=AXIS2_PLACEMENT_3D('',#4134,#3199,#3200);
#2796=AXIS2_PLACEMENT_3D('',#4142,#3204,#3205);
#2797=AXIS2_PLACEMENT_3D('',#4146,#3207,#3208);
#2798=AXIS2_PLACEMENT_3D('',#4147,#3209,#3210);
#2799=AXIS2_PLACEMENT_3D('',#4148,#3211,#3212);
#2800=AXIS2_PLACEMENT_3D('',#4153,#3214,#3215);
#2801=AXIS2_PLACEMENT_3D('',#4157,#3217,#3218);
#2802=AXIS2_PLACEMENT_3D('',#4161,#3220,#3221);
#2803=AXIS2_PLACEMENT_3D('',#4164,#3223,#3224);
#2804=AXIS2_PLACEMENT_3D('',#4169,#3226,#3227);
#2805=AXIS2_PLACEMENT_3D('',#4173,#3229,#3230);
#2806=AXIS2_PLACEMENT_3D('',#4177,#3232,#3233);
#2807=AXIS2_PLACEMENT_3D('',#4183,#3236,#3237);
#2808=AXIS2_PLACEMENT_3D('',#4187,#3239,#3240);
#2809=AXIS2_PLACEMENT_3D('',#4191,#3242,#3243);
#2810=AXIS2_PLACEMENT_3D('',#4195,#3245,#3246);
#2811=AXIS2_PLACEMENT_3D('',#4199,#3248,#3249);
#2812=AXIS2_PLACEMENT_3D('',#4203,#3251,#3252);
#2813=AXIS2_PLACEMENT_3D('',#4207,#3254,#3255);
#2814=AXIS2_PLACEMENT_3D('',#4224,#3264,#3265);
#2815=AXIS2_PLACEMENT_3D('',#4229,#3267,#3268);
#2816=AXIS2_PLACEMENT_3D('',#4233,#3270,#3271);
#2817=AXIS2_PLACEMENT_3D('',#4237,#3273,#3274);
#2818=AXIS2_PLACEMENT_3D('',#4240,#3276,#3277);
#2819=AXIS2_PLACEMENT_3D('',#4245,#3279,#3280);
#2820=AXIS2_PLACEMENT_3D('',#4249,#3282,#3283);
#2821=AXIS2_PLACEMENT_3D('',#4253,#3285,#3286);
#2822=AXIS2_PLACEMENT_3D('',#4256,#3288,#3289);
#2823=AXIS2_PLACEMENT_3D('',#4260,#3291,#3292);
#2824=AXIS2_PLACEMENT_3D('',#4264,#3294,#3295);
#2825=AXIS2_PLACEMENT_3D('',#4268,#3297,#3298);
#2826=AXIS2_PLACEMENT_3D('',#4272,#3300,#3301);
#2827=AXIS2_PLACEMENT_3D('',#4292,#3311,#3312);
#2828=AXIS2_PLACEMENT_3D('',#4298,#3315,#3316);
#2829=AXIS2_PLACEMENT_3D('',#4299,#3317,#3318);
#2830=AXIS2_PLACEMENT_3D('',#4302,#3320,#3321);
#2831=AXIS2_PLACEMENT_3D('',#4306,#3323,#3324);
#2832=AXIS2_PLACEMENT_3D('',#4310,#3326,#3327);
#2833=AXIS2_PLACEMENT_3D('',#4314,#3329,#3330);
#2834=AXIS2_PLACEMENT_3D('',#4321,#3334,#3335);
#2835=AXIS2_PLACEMENT_3D('',#4325,#3337,#3338);
#2836=AXIS2_PLACEMENT_3D('',#4329,#3340,#3341);
#2837=AXIS2_PLACEMENT_3D('',#4333,#3343,#3344);
#2838=AXIS2_PLACEMENT_3D('',#4337,#3346,#3347);
#2839=AXIS2_PLACEMENT_3D('',#4341,#3349,#3350);
#2840=AXIS2_PLACEMENT_3D('',#4344,#3352,#3353);
#2841=AXIS2_PLACEMENT_3D('',#4345,#3354,#3355);
#2842=AXIS2_PLACEMENT_3D('',#4352,#3359,#3360);
#2843=AXIS2_PLACEMENT_3D('',#4356,#3362,#3363);
#2844=AXIS2_PLACEMENT_3D('',#4360,#3365,#3366);
#2845=AXIS2_PLACEMENT_3D('',#4366,#3369,#3370);
#2846=AXIS2_PLACEMENT_3D('',#4370,#3372,#3373);
#2847=AXIS2_PLACEMENT_3D('',#4374,#3375,#3376);
#2848=AXIS2_PLACEMENT_3D('',#4378,#3378,#3379);
#2849=AXIS2_PLACEMENT_3D('',#4382,#3381,#3382);
#2850=AXIS2_PLACEMENT_3D('',#4386,#3384,#3385);
#2851=AXIS2_PLACEMENT_3D('',#4390,#3387,#3388);
#2852=AXIS2_PLACEMENT_3D('',#4391,#3389,#3390);
#2853=AXIS2_PLACEMENT_3D('',#4392,#3391,#3392);
#2854=AXIS2_PLACEMENT_3D('',#4393,#3393,#3394);
#2855=AXIS2_PLACEMENT_3D('',#4394,#3395,#3396);
#2856=AXIS2_PLACEMENT_3D('',#4395,#3397,#3398);
#2857=AXIS2_PLACEMENT_3D('',#4426,#3401,#3402);
#2858=AXIS2_PLACEMENT_3D('',#4434,#3408,#3409);
#2859=AXIS2_PLACEMENT_3D('',#4435,#3410,#3411);
#2860=AXIS2_PLACEMENT_3D('',#4437,#3412,#3413);
#2861=AXIS2_PLACEMENT_3D('',#4439,#3414,#3415);
#2862=AXIS2_PLACEMENT_3D('',#4441,#3416,#3417);
#2863=AXIS2_PLACEMENT_3D('',#4446,#3419,#3420);
#2864=AXIS2_PLACEMENT_3D('',#4447,#3421,#3422);
#2865=AXIS2_PLACEMENT_3D('',#4451,#3424,#3425);
#2866=AXIS2_PLACEMENT_3D('',#4452,#3426,#3427);
#2867=AXIS2_PLACEMENT_3D('',#4453,#3428,#3429);
#2868=AXIS2_PLACEMENT_3D('',#4461,#3435,#3436);
#2869=AXIS2_PLACEMENT_3D('',#4470,#3441,#3442);
#2870=AXIS2_PLACEMENT_3D('',#4479,#3447,#3448);
#2871=AXIS2_PLACEMENT_3D('',#4480,#3449,#3450);
#2872=AXIS2_PLACEMENT_3D('',#4482,#3451,#3452);
#2873=AXIS2_PLACEMENT_3D('',#4484,#3453,#3454);
#2874=AXIS2_PLACEMENT_3D('',#4488,#3456,#3457);
#2875=AXIS2_PLACEMENT_3D('',#4489,#3458,#3459);
#2876=AXIS2_PLACEMENT_3D('',#4490,#3460,#3461);
#2877=AXIS2_PLACEMENT_3D('',#4491,#3462,#3463);
#2878=AXIS2_PLACEMENT_3D('',#4494,#3466,#3467);
#2879=AXIS2_PLACEMENT_3D('',#4495,#3468,#3469);
#2880=AXIS2_PLACEMENT_3D('',#4497,#3470,#3471);
#2881=AXIS2_PLACEMENT_3D('',#4499,#3472,#3473);
#2882=AXIS2_PLACEMENT_3D('',#4503,#3475,#3476);
#2883=AXIS2_PLACEMENT_3D('',#4504,#3477,#3478);
#2884=AXIS2_PLACEMENT_3D('',#4505,#3479,#3480);
#2885=AXIS2_PLACEMENT_3D('',#4506,#3481,#3482);
#2886=AXIS2_PLACEMENT_3D('',#4509,#3485,#3486);
#2887=AXIS2_PLACEMENT_3D('',#4512,#3489,#3490);
#2888=AXIS2_PLACEMENT_3D('',#4515,#3493,#3494);
#2889=AXIS2_PLACEMENT_3D('',#4518,#3497,#3498);
#2890=AXIS2_PLACEMENT_3D('',#4521,#3501,#3502);
#2891=AXIS2_PLACEMENT_3D('',#4524,#3505,#3506);
#2892=AXIS2_PLACEMENT_3D('',#4527,#3509,#3510);
#2893=AXIS2_PLACEMENT_3D('',#4530,#3513,#3514);
#2894=AXIS2_PLACEMENT_3D('',#4533,#3517,#3518);
#2895=AXIS2_PLACEMENT_3D('',#4536,#3521,#3522);
#2896=AXIS2_PLACEMENT_3D('',#4539,#3525,#3526);
#2897=AXIS2_PLACEMENT_3D('',#4542,#3529,#3530);
#2898=AXIS2_PLACEMENT_3D('',#4545,#3533,#3534);
#2899=AXIS2_PLACEMENT_3D('',#4547,#3536,#3537);
#2900=AXIS2_PLACEMENT_3D('',#4550,#3540,#3541);
#2901=AXIS2_PLACEMENT_3D('',#4551,#3542,#3543);
#2902=AXIS2_PLACEMENT_3D('',#4552,#3544,#3545);
#2903=AXIS2_PLACEMENT_3D('',#4553,#3546,#3547);
#2904=AXIS2_PLACEMENT_3D('',#4554,#3548,#3549);
#2905=AXIS2_PLACEMENT_3D('',#4555,#3550,#3551);
#2906=AXIS2_PLACEMENT_3D('',#4556,#3552,#3553);
#2907=AXIS2_PLACEMENT_3D('',#4557,#3554,#3555);
#2908=AXIS2_PLACEMENT_3D('',#4558,#3556,#3557);
#2909=AXIS2_PLACEMENT_3D('',#4559,#3558,#3559);
#2910=AXIS2_PLACEMENT_3D('',#4560,#3560,#3561);
#2911=AXIS2_PLACEMENT_3D('',#4561,#3562,#3563);
#2912=AXIS2_PLACEMENT_3D('',#4562,#3564,#3565);
#2913=AXIS2_PLACEMENT_3D('',#4563,#3566,#3567);
#2914=AXIS2_PLACEMENT_3D('',#4564,#3568,#3569);
#2915=AXIS2_PLACEMENT_3D('',#4565,#3570,#3571);
#2916=AXIS2_PLACEMENT_3D('',#4566,#3572,#3573);
#2917=AXIS2_PLACEMENT_3D('',#4567,#3574,#3575);
#2918=AXIS2_PLACEMENT_3D('',#4568,#3576,#3577);
#2919=AXIS2_PLACEMENT_3D('',#4569,#3578,#3579);
#2920=AXIS2_PLACEMENT_3D('',#4570,#3580,#3581);
#2921=AXIS2_PLACEMENT_3D('',#4571,#3582,#3583);
#2922=AXIS2_PLACEMENT_3D('',#4572,#3584,#3585);
#2923=AXIS2_PLACEMENT_3D('',#4573,#3586,#3587);
#2924=AXIS2_PLACEMENT_3D('',#4574,#3588,#3589);
#2925=AXIS2_PLACEMENT_3D('',#4575,#3590,#3591);
#2926=AXIS2_PLACEMENT_3D('',#4576,#3592,#3593);
#2927=AXIS2_PLACEMENT_3D('',#4577,#3594,#3595);
#2928=AXIS2_PLACEMENT_3D('',#4578,#3596,#3597);
#2929=AXIS2_PLACEMENT_3D('',#4579,#3598,#3599);
#2930=AXIS2_PLACEMENT_3D('',#4580,#3600,#3601);
#2931=AXIS2_PLACEMENT_3D('',#4581,#3602,#3603);
#2932=AXIS2_PLACEMENT_3D('',#4582,#3604,#3605);
#2933=AXIS2_PLACEMENT_3D('',#4583,#3606,#3607);
#2934=AXIS2_PLACEMENT_3D('',#4584,#3608,#3609);
#2935=AXIS2_PLACEMENT_3D('',#4585,#3610,#3611);
#2936=AXIS2_PLACEMENT_3D('',#4586,#3612,#3613);
#2937=AXIS2_PLACEMENT_3D('',#4587,#3614,#3615);
#2938=AXIS2_PLACEMENT_3D('',#4588,#3616,#3617);
#2939=AXIS2_PLACEMENT_3D('',#4589,#3618,#3619);
#2940=AXIS2_PLACEMENT_3D('',#4590,#3620,#3621);
#2941=AXIS2_PLACEMENT_3D('',#4591,#3622,#3623);
#2942=AXIS2_PLACEMENT_3D('',#4592,#3624,#3625);
#2943=AXIS2_PLACEMENT_3D('',#4593,#3626,#3627);
#2944=AXIS2_PLACEMENT_3D('',#4594,#3628,#3629);
#2945=AXIS2_PLACEMENT_3D('',#4595,#3630,#3631);
#2946=AXIS2_PLACEMENT_3D('',#4596,#3632,#3633);
#2947=AXIS2_PLACEMENT_3D('',#4597,#3634,#3635);
#2948=AXIS2_PLACEMENT_3D('',#4598,#3636,#3637);
#2949=AXIS2_PLACEMENT_3D('',#4599,#3638,#3639);
#2950=AXIS2_PLACEMENT_3D('',#4600,#3640,#3641);
#2951=AXIS2_PLACEMENT_3D('',#4601,#3642,#3643);
#2952=AXIS2_PLACEMENT_3D('',#4602,#3644,#3645);
#2953=AXIS2_PLACEMENT_3D('',#4603,#3646,#3647);
#2954=AXIS2_PLACEMENT_3D('',#4604,#3648,#3649);
#2955=AXIS2_PLACEMENT_3D('',#4605,#3650,#3651);
#2956=AXIS2_PLACEMENT_3D('',#4606,#3652,#3653);
#2957=AXIS2_PLACEMENT_3D('',#4607,#3654,#3655);
#2958=AXIS2_PLACEMENT_3D('',#4608,#3656,#3657);
#2959=AXIS2_PLACEMENT_3D('',#4609,#3658,#3659);
#2960=AXIS2_PLACEMENT_3D('',#4610,#3660,#3661);
#2961=AXIS2_PLACEMENT_3D('',#4611,#3662,#3663);
#2962=AXIS2_PLACEMENT_3D('',#4612,#3664,#3665);
#2963=AXIS2_PLACEMENT_3D('',#4613,#3666,#3667);
#2964=AXIS2_PLACEMENT_3D('',#4614,#3668,#3669);
#2965=AXIS2_PLACEMENT_3D('',#4615,#3670,#3671);
#2966=AXIS2_PLACEMENT_3D('',#4624,#3676,#3677);
#2967=AXIS2_PLACEMENT_3D('',#4633,#3682,#3683);
#2968=AXIS2_PLACEMENT_3D('',#4642,#3688,#3689);
#2969=AXIS2_PLACEMENT_3D('',#4651,#3694,#3695);
#2970=AXIS2_PLACEMENT_3D('',#4652,#3696,#3697);
#2971=AXIS2_PLACEMENT_3D('',#4654,#3698,#3699);
#2972=AXIS2_PLACEMENT_3D('',#4656,#3700,#3701);
#2973=AXIS2_PLACEMENT_3D('',#4657,#3702,#3703);
#2974=AXIS2_PLACEMENT_3D('',#4658,#3704,#3705);
#2975=AXIS2_PLACEMENT_3D('',#4659,#3706,#3707);
#2976=AXIS2_PLACEMENT_3D('',#4660,#3708,#3709);
#2977=AXIS2_PLACEMENT_3D('',#4663,#3711,#3712);
#2978=AXIS2_PLACEMENT_3D('',#4664,#3713,#3714);
#2979=AXIS2_PLACEMENT_3D('',#4665,#3715,#3716);
#2980=AXIS2_PLACEMENT_3D('',#4668,#3718,#3719);
#2981=AXIS2_PLACEMENT_3D('',#4669,#3720,#3721);
#2982=AXIS2_PLACEMENT_3D('',#4670,#3722,#3723);
#2983=AXIS2_PLACEMENT_3D('',#4671,#3724,#3725);
#2984=AXIS2_PLACEMENT_3D('',#4672,#3726,#3727);
#2985=AXIS2_PLACEMENT_3D('',#4673,#3728,#3729);
#2986=AXIS2_PLACEMENT_3D('',#4675,#3730,#3731);
#2987=AXIS2_PLACEMENT_3D('',#4676,#3732,#3733);
#2988=AXIS2_PLACEMENT_3D('',#4677,#3734,#3735);
#2989=AXIS2_PLACEMENT_3D('',#4679,#3736,#3737);
#2990=AXIS2_PLACEMENT_3D('',#4680,#3738,#3739);
#2991=AXIS2_PLACEMENT_3D('',#4681,#3740,#3741);
#2992=AXIS2_PLACEMENT_3D('',#4682,#3742,#3743);
#2993=AXIS2_PLACEMENT_3D('',#4683,#3744,#3745);
#2994=AXIS2_PLACEMENT_3D('',#4684,#3746,#3747);
#2995=AXIS2_PLACEMENT_3D('',#4687,#3749,#3750);
#2996=AXIS2_PLACEMENT_3D('',#4688,#3751,#3752);
#2997=AXIS2_PLACEMENT_3D('',#4691,#3754,#3755);
#2998=AXIS2_PLACEMENT_3D('',#4692,#3756,#3757);
#2999=AXIS2_PLACEMENT_3D('',#4693,#3758,#3759);
#3000=AXIS2_PLACEMENT_3D('',#4694,#3760,#3761);
#3001=AXIS2_PLACEMENT_3D('',#4695,#3762,#3763);
#3002=AXIS2_PLACEMENT_3D('',#4696,#3764,#3765);
#3003=AXIS2_PLACEMENT_3D('',#4697,#3766,#3767);
#3004=AXIS2_PLACEMENT_3D('',#4698,#3768,#3769);
#3005=AXIS2_PLACEMENT_3D('',#4699,#3770,#3771);
#3006=AXIS2_PLACEMENT_3D('',#4700,#3772,#3773);
#3007=AXIS2_PLACEMENT_3D('',#4702,#3774,#3775);
#3008=AXIS2_PLACEMENT_3D('',#4704,#3776,#3777);
#3009=AXIS2_PLACEMENT_3D('',#4705,#3778,#3779);
#3010=AXIS2_PLACEMENT_3D('',#4706,#3780,#3781);
#3011=AXIS2_PLACEMENT_3D('',#4707,#3782,#3783);
#3012=AXIS2_PLACEMENT_3D('',#4708,#3784,#3785);
#3013=AXIS2_PLACEMENT_3D('',#4711,#3787,#3788);
#3014=AXIS2_PLACEMENT_3D('',#4712,#3789,#3790);
#3015=AXIS2_PLACEMENT_3D('',#4713,#3791,#3792);
#3016=AXIS2_PLACEMENT_3D('',#4716,#3794,#3795);
#3017=AXIS2_PLACEMENT_3D('',#4717,#3796,#3797);
#3018=AXIS2_PLACEMENT_3D('',#4718,#3798,#3799);
#3019=AXIS2_PLACEMENT_3D('',#4719,#3800,#3801);
#3020=AXIS2_PLACEMENT_3D('',#4720,#3802,#3803);
#3021=AXIS2_PLACEMENT_3D('',#4721,#3804,#3805);
#3022=AXIS2_PLACEMENT_3D('',#4723,#3806,#3807);
#3023=AXIS2_PLACEMENT_3D('',#4724,#3808,#3809);
#3024=AXIS2_PLACEMENT_3D('',#4725,#3810,#3811);
#3025=AXIS2_PLACEMENT_3D('',#4727,#3812,#3813);
#3026=AXIS2_PLACEMENT_3D('',#4728,#3814,#3815);
#3027=AXIS2_PLACEMENT_3D('',#4729,#3816,#3817);
#3028=AXIS2_PLACEMENT_3D('',#4730,#3818,#3819);
#3029=AXIS2_PLACEMENT_3D('',#4731,#3820,#3821);
#3030=AXIS2_PLACEMENT_3D('',#4732,#3822,#3823);
#3031=AXIS2_PLACEMENT_3D('',#4735,#3825,#3826);
#3032=AXIS2_PLACEMENT_3D('',#4736,#3827,#3828);
#3033=AXIS2_PLACEMENT_3D('',#4739,#3830,#3831);
#3034=AXIS2_PLACEMENT_3D('',#4740,#3832,#3833);
#3035=AXIS2_PLACEMENT_3D('',#4741,#3834,#3835);
#3036=AXIS2_PLACEMENT_3D('',#4742,#3836,#3837);
#3037=AXIS2_PLACEMENT_3D('',#4743,#3838,#3839);
#3038=AXIS2_PLACEMENT_3D('',#4744,#3840,#3841);
#3039=AXIS2_PLACEMENT_3D('',#4745,#3842,#3843);
#3040=AXIS2_PLACEMENT_3D('',#4746,#3844,#3845);
#3041=AXIS2_PLACEMENT_3D('',#4747,#3846,#3847);
#3042=AXIS2_PLACEMENT_3D('',#4748,#3848,#3849);
#3043=AXIS2_PLACEMENT_3D('',#4752,#3851,#3852);
#3044=AXIS2_PLACEMENT_3D('',#4753,#3853,#3854);
#3045=AXIS2_PLACEMENT_3D('',#4754,#3855,#3856);
#3046=AXIS2_PLACEMENT_3D('',#4756,#3857,#3858);
#3047=AXIS2_PLACEMENT_3D('',#4757,#3859,#3860);
#3048=AXIS2_PLACEMENT_3D('',#4758,#3861,#3862);
#3049=AXIS2_PLACEMENT_3D('',#4759,#3863,#3864);
#3050=AXIS2_PLACEMENT_3D('',#4760,#3865,#3866);
#3051=AXIS2_PLACEMENT_3D('',#4761,#3867,#3868);
#3052=AXIS2_PLACEMENT_3D('',#4763,#3869,#3870);
#3053=AXIS2_PLACEMENT_3D('',#4764,#3871,#3872);
#3054=AXIS2_PLACEMENT_3D('',#4765,#3873,#3874);
#3055=AXIS2_PLACEMENT_3D('',#4768,#3876,#3877);
#3056=AXIS2_PLACEMENT_3D('',#4769,#3878,#3879);
#3057=AXIS2_PLACEMENT_3D('',#4770,#3880,#3881);
#3058=AXIS2_PLACEMENT_3D('',#4771,#3882,#3883);
#3059=AXIS2_PLACEMENT_3D('',#4772,#3884,#3885);
#3060=AXIS2_PLACEMENT_3D('',#4773,#3886,#3887);
#3061=AXIS2_PLACEMENT_3D('',#4776,#3889,#3890);
#3062=AXIS2_PLACEMENT_3D('',#4777,#3891,#3892);
#3063=AXIS2_PLACEMENT_3D('',#4779,#3893,#3894);
#3064=AXIS2_PLACEMENT_3D('',#4780,#3895,#3896);
#3065=AXIS2_PLACEMENT_3D('',#4781,#3897,#3898);
#3066=AXIS2_PLACEMENT_3D('',#4783,#3899,#3900);
#3067=AXIS2_PLACEMENT_3D('',#4784,#3901,#3902);
#3068=AXIS2_PLACEMENT_3D('',#4785,#3903,#3904);
#3069=AXIS2_PLACEMENT_3D('',#4786,#3905,#3906);
#3070=AXIS2_PLACEMENT_3D('',#4787,#3907,#3908);
#3071=AXIS2_PLACEMENT_3D('',#4788,#3909,#3910);
#3072=AXIS2_PLACEMENT_3D('',#4790,#3912,#3913);
#3073=AXIS2_PLACEMENT_3D('',#4791,#3914,#3915);
#3074=AXIS2_PLACEMENT_3D('',#4792,#3916,#3917);
#3075=AXIS2_PLACEMENT_3D('',#4793,#3918,#3919);
#3076=AXIS2_PLACEMENT_3D('',#4794,#3920,#3921);
#3077=AXIS2_PLACEMENT_3D('',#4795,#3922,#3923);
#3078=AXIS2_PLACEMENT_3D('',#4796,#3924,#3925);
#3079=AXIS2_PLACEMENT_3D('',#4798,#3926,#3927);
#3080=AXIS2_PLACEMENT_3D('',#4801,#3929,#3930);
#3081=AXIS2_PLACEMENT_3D('',#4802,#3931,#3932);
#3082=AXIS2_PLACEMENT_3D('',#4804,#3933,#3934);
#3083=AXIS2_PLACEMENT_3D('',#4805,#3935,#3936);
#3084=AXIS2_PLACEMENT_3D('',#4806,#3937,#3938);
#3085=AXIS2_PLACEMENT_3D('',#4807,#3939,#3940);
#3086=AXIS2_PLACEMENT_3D('',#4808,#3941,#3942);
#3087=AXIS2_PLACEMENT_3D('',#4809,#3943,#3944);
#3088=AXIS2_PLACEMENT_3D('',#4811,#3945,#3946);
#3089=AXIS2_PLACEMENT_3D('',#4812,#3947,#3948);
#3090=AXIS2_PLACEMENT_3D('',#4813,#3949,#3950);
#3091=AXIS2_PLACEMENT_3D('',#4816,#3952,#3953);
#3092=AXIS2_PLACEMENT_3D('',#4817,#3954,#3955);
#3093=AXIS2_PLACEMENT_3D('',#4818,#3956,#3957);
#3094=AXIS2_PLACEMENT_3D('',#4819,#3958,#3959);
#3095=AXIS2_PLACEMENT_3D('',#4820,#3960,#3961);
#3096=AXIS2_PLACEMENT_3D('',#4821,#3962,#3963);
#3097=AXIS2_PLACEMENT_3D('',#4824,#3965,#3966);
#3098=AXIS2_PLACEMENT_3D('',#4825,#3967,#3968);
#3099=AXIS2_PLACEMENT_3D('',#4827,#3969,#3970);
#3100=AXIS2_PLACEMENT_3D('',#4828,#3971,#3972);
#3101=AXIS2_PLACEMENT_3D('',#4829,#3973,#3974);
#3102=AXIS2_PLACEMENT_3D('',#4831,#3975,#3976);
#3103=AXIS2_PLACEMENT_3D('',#4832,#3977,#3978);
#3104=AXIS2_PLACEMENT_3D('',#4833,#3979,#3980);
#3105=AXIS2_PLACEMENT_3D('',#4834,#3981,#3982);
#3106=AXIS2_PLACEMENT_3D('',#4835,#3983,#3984);
#3107=AXIS2_PLACEMENT_3D('',#4836,#3985,#3986);
#3108=AXIS2_PLACEMENT_3D('',#4838,#3988,#3989);
#3109=AXIS2_PLACEMENT_3D('',#4839,#3990,#3991);
#3110=AXIS2_PLACEMENT_3D('',#4840,#3992,#3993);
#3111=AXIS2_PLACEMENT_3D('',#4841,#3994,#3995);
#3112=AXIS2_PLACEMENT_3D('',#4842,#3996,#3997);
#3113=AXIS2_PLACEMENT_3D('',#4843,#3998,#3999);
#3114=AXIS2_PLACEMENT_3D('',#4846,#4002,#4003);
#3115=AXIS2_PLACEMENT_3D('',#4849,#4006,#4007);
#3116=AXIS2_PLACEMENT_3D('',#4852,#4010,#4011);
#3117=AXIS2_PLACEMENT_3D('',#4855,#4014,#4015);
#3118=AXIS2_PLACEMENT_3D('',#4858,#4018,#4019);
#3119=AXIS2_PLACEMENT_3D('',#4861,#4022,#4023);
#3120=AXIS2_PLACEMENT_3D('',#4862,#4024,#4025);
#3121=AXIS2_PLACEMENT_3D('',#4863,#4026,#4027);
#3122=AXIS2_PLACEMENT_3D('',#4864,#4028,#4029);
#3123=AXIS2_PLACEMENT_3D('',#4865,#4030,#4031);
#3124=AXIS2_PLACEMENT_3D('',#4866,#4032,#4033);
#3125=AXIS2_PLACEMENT_3D('',#4867,#4034,#4035);
#3126=AXIS2_PLACEMENT_3D('',#4868,#4036,#4037);
#3127=DIRECTION('',(0.,0.,1.));
#3128=DIRECTION('',(1.,0.,0.));
#3129=DIRECTION('',(0.,-1.,0.));
#3130=DIRECTION('',(0.,0.,-1.));
#3131=DIRECTION('',(-1.,0.,0.));
#3132=DIRECTION('',(0.,0.,-1.));
#3133=DIRECTION('',(-1.,0.,0.));
#3134=DIRECTION('',(0.,0.,-1.));
#3135=DIRECTION('',(1.,0.,0.));
#3136=DIRECTION('',(0.,-1.,0.));
#3137=DIRECTION('',(0.,0.,-1.));
#3138=DIRECTION('',(-1.07191975858505E-16,0.,1.));
#3139=DIRECTION('',(0.,-1.,0.));
#3140=DIRECTION('',(0.,0.,-1.));
#3141=DIRECTION('',(-1.,0.,0.));
#3142=DIRECTION('',(0.,-1.,0.));
#3143=DIRECTION('',(0.,0.,-1.));
#3144=DIRECTION('',(1.07191975858505E-16,0.,-1.));
#3145=DIRECTION('',(0.,-1.,0.));
#3146=DIRECTION('',(0.,0.,-1.));
#3147=DIRECTION('',(2.29764698804875E-16,-1.,0.));
#3148=DIRECTION('',(1.,2.29764698804875E-16,0.));
#3149=DIRECTION('',(-1.,0.,0.));
#3150=DIRECTION('',(0.,0.,-1.));
#3151=DIRECTION('',(-1.,-2.29764698804875E-16,0.));
#3152=DIRECTION('',(0.,0.,-1.));
#3153=DIRECTION('',(-1.07191975858505E-16,-2.46289320474288E-32,1.));
#3154=DIRECTION('',(2.29764698804875E-16,-1.,0.));
#3155=DIRECTION('',(1.,2.29764698804875E-16,0.));
#3156=DIRECTION('',(1.,2.29764698804875E-16,0.));
#3157=DIRECTION('',(2.29764698804875E-16,-1.,0.));
#3158=DIRECTION('',(1.,2.29764698804875E-16,0.));
#3159=DIRECTION('',(1.07191975858505E-16,2.46289320474288E-32,-1.));
#3160=DIRECTION('',(2.29764698804875E-16,-1.,0.));
#3161=DIRECTION('',(1.,2.29764698804875E-16,0.));
#3162=DIRECTION('',(-1.,-2.29764698804875E-16,0.));
#3163=DIRECTION('',(2.29764698804875E-16,-1.,0.));
#3164=DIRECTION('',(1.,2.29764698804875E-16,0.));
#3165=DIRECTION('',(0.,-1.,0.));
#3166=DIRECTION('',(0.,0.,-1.));
#3167=DIRECTION('',(1.07191975858505E-16,0.,-1.));
#3168=DIRECTION('',(0.,-1.,0.));
#3169=DIRECTION('',(0.,0.,-1.));
#3170=DIRECTION('',(1.,0.,0.));
#3171=DIRECTION('',(0.,-1.,0.));
#3172=DIRECTION('',(0.,0.,-1.));
#3173=DIRECTION('',(-1.07191975858505E-16,0.,1.));
#3174=DIRECTION('',(0.,-1.,0.));
#3175=DIRECTION('',(0.,0.,-1.));
#3176=DIRECTION('',(1.,0.,0.));
#3177=DIRECTION('',(0.,-1.,0.));
#3178=DIRECTION('',(0.,0.,-1.));
#3179=DIRECTION('',(0.,0.,-1.));
#3180=DIRECTION('',(-1.,0.,0.));
#3181=DIRECTION('',(0.,0.,-1.));
#3182=DIRECTION('',(0.,-1.,0.));
#3183=DIRECTION('',(0.,0.,-1.));
#3184=DIRECTION('',(1.,0.,0.));
#3185=DIRECTION('',(0.,-1.,0.));
#3186=DIRECTION('',(0.,0.,-1.));
#3187=DIRECTION('',(0.,-1.,0.));
#3188=DIRECTION('',(0.,0.,-1.));
#3189=DIRECTION('',(-1.07191975858505E-16,0.,1.));
#3190=DIRECTION('',(0.,-1.,0.));
#3191=DIRECTION('',(0.,0.,-1.));
#3192=DIRECTION('',(1.,0.,0.));
#3193=DIRECTION('',(0.,-1.,0.));
#3194=DIRECTION('',(0.,0.,-1.));
#3195=DIRECTION('',(1.07191975858505E-16,0.,-1.));
#3196=DIRECTION('',(0.,-1.,0.));
#3197=DIRECTION('',(0.,0.,-1.));
#3198=DIRECTION('',(-1.,0.,0.));
#3199=DIRECTION('',(0.,-1.,0.));
#3200=DIRECTION('',(0.,0.,-1.));
#3201=DIRECTION('',(0.,0.,-1.));
#3202=DIRECTION('',(-1.,0.,0.));
#3203=DIRECTION('',(0.,0.,-1.));
#3204=DIRECTION('',(0.,-1.,0.));
#3205=DIRECTION('',(0.,0.,-1.));
#3206=DIRECTION('',(-1.,0.,0.));
#3207=DIRECTION('',(0.,-1.,0.));
#3208=DIRECTION('',(0.,0.,-1.));
#3209=DIRECTION('',(-1.,8.18265790555098E-17,0.));
#3210=DIRECTION('',(-8.18265790555098E-17,-1.,0.));
#3211=DIRECTION('',(-1.,8.18265790555098E-17,0.));
#3212=DIRECTION('',(-8.18265790555098E-17,-1.,0.));
#3213=DIRECTION('',(-8.18265790555098E-17,-1.,0.));
#3214=DIRECTION('',(-1.,8.18265790555098E-17,0.));
#3215=DIRECTION('',(-8.18265790555098E-17,-1.,0.));
#3216=DIRECTION('',(0.,0.,1.));
#3217=DIRECTION('',(-1.,8.18265790555098E-17,0.));
#3218=DIRECTION('',(-8.18265790555098E-17,-1.,0.));
#3219=DIRECTION('',(-8.18265790555098E-17,-1.,0.));
#3220=DIRECTION('',(-1.,8.18265790555098E-17,0.));
#3221=DIRECTION('',(-8.18265790555098E-17,-1.,0.));
#3222=DIRECTION('',(0.,0.,1.));
#3223=DIRECTION('',(-1.,8.18265790555098E-17,0.));
#3224=DIRECTION('',(-8.18265790555098E-17,-1.,0.));
#3225=DIRECTION('',(0.,0.,1.));
#3226=DIRECTION('',(-1.,8.18265790555098E-17,0.));
#3227=DIRECTION('',(-8.18265790555098E-17,-1.,0.));
#3228=DIRECTION('',(-8.18265790555098E-17,-1.,0.));
#3229=DIRECTION('',(-1.,8.18265790555098E-17,0.));
#3230=DIRECTION('',(-8.18265790555098E-17,-1.,0.));
#3231=DIRECTION('',(0.,0.,1.));
#3232=DIRECTION('',(-1.,8.18265790555098E-17,0.));
#3233=DIRECTION('',(-8.18265790555098E-17,-1.,0.));
#3234=DIRECTION('',(-8.18265790555098E-17,-1.,0.));
#3235=DIRECTION('',(0.,0.,-1.));
#3236=DIRECTION('',(-1.,8.18265790555098E-17,0.));
#3237=DIRECTION('',(-8.18265790555098E-17,-1.,0.));
#3238=DIRECTION('',(5.78976152357608E-17,0.707564900110073,-0.706648365265371));
#3239=DIRECTION('',(-1.,8.18265790555098E-17,0.));
#3240=DIRECTION('',(-8.18265790555098E-17,-1.,0.));
#3241=DIRECTION('',(8.18265790555098E-17,1.,0.));
#3242=DIRECTION('',(-1.,8.18265790555098E-17,0.));
#3243=DIRECTION('',(-8.18265790555098E-17,-1.,0.));
#3244=DIRECTION('',(8.18265790555098E-17,1.,0.));
#3245=DIRECTION('',(-1.,8.18265790555098E-17,0.));
#3246=DIRECTION('',(-8.18265790555098E-17,-1.,0.));
#3247=DIRECTION('',(5.78976152357608E-17,0.707564900110073,-0.706648365265371));
#3248=DIRECTION('',(-1.,8.18265790555098E-17,0.));
#3249=DIRECTION('',(-8.18265790555098E-17,-1.,0.));
#3250=DIRECTION('',(8.18265790555098E-17,1.,3.18297885500331E-16));
#3251=DIRECTION('',(-1.,8.18265790555098E-17,0.));
#3252=DIRECTION('',(-8.18265790555098E-17,-1.,0.));
#3253=DIRECTION('',(0.,0.,-1.));
#3254=DIRECTION('',(-1.,8.18265790555098E-17,0.));
#3255=DIRECTION('',(-8.18265790555098E-17,-1.,0.));
#3256=DIRECTION('',(0.,-1.,0.));
#3257=DIRECTION('',(0.,0.,-1.));
#3258=DIRECTION('',(8.18265790555098E-17,1.,0.));
#3259=DIRECTION('',(0.,0.,-1.));
#3260=DIRECTION('',(0.,1.,0.));
#3261=DIRECTION('',(0.,0.,-1.));
#3262=DIRECTION('',(8.18265790555098E-17,1.,0.));
#3263=DIRECTION('',(0.,0.,-1.));
#3264=DIRECTION('',(-1.,8.18265790555098E-17,0.));
#3265=DIRECTION('',(-8.18265790555098E-17,-1.,0.));
#3266=DIRECTION('',(0.,0.,1.));
#3267=DIRECTION('',(-1.,8.18265790555098E-17,0.));
#3268=DIRECTION('',(-8.18265790555098E-17,-1.,0.));
#3269=DIRECTION('',(-8.18265790555098E-17,-1.,0.));
#3270=DIRECTION('',(-1.,8.18265790555098E-17,0.));
#3271=DIRECTION('',(-8.18265790555098E-17,-1.,0.));
#3272=DIRECTION('',(0.,0.,1.));
#3273=DIRECTION('',(-1.,8.18265790555098E-17,0.));
#3274=DIRECTION('',(-8.18265790555098E-17,-1.,0.));
#3275=DIRECTION('',(-8.18265790555098E-17,-1.,0.));
#3276=DIRECTION('',(-1.,8.18265790555098E-17,0.));
#3277=DIRECTION('',(-8.18265790555098E-17,-1.,0.));
#3278=DIRECTION('',(0.,0.,1.));
#3279=DIRECTION('',(-1.,8.18265790555098E-17,0.));
#3280=DIRECTION('',(-8.18265790555098E-17,-1.,0.));
#3281=DIRECTION('',(-8.18265790555098E-17,-1.,0.));
#3282=DIRECTION('',(-1.,8.18265790555098E-17,0.));
#3283=DIRECTION('',(-8.18265790555098E-17,-1.,0.));
#3284=DIRECTION('',(0.,0.,1.));
#3285=DIRECTION('',(-1.,8.18265790555098E-17,0.));
#3286=DIRECTION('',(-8.18265790555098E-17,-1.,0.));
#3287=DIRECTION('',(-8.18265790555098E-17,-1.,0.));
#3288=DIRECTION('',(-1.,8.18265790555098E-17,0.));
#3289=DIRECTION('',(-8.18265790555098E-17,-1.,0.));
#3290=DIRECTION('',(-5.78976152357608E-17,-0.707564900110073,0.706648365265372));
#3291=DIRECTION('',(-1.,8.18265790555098E-17,0.));
#3292=DIRECTION('',(-8.18265790555098E-17,-1.,0.));
#3293=DIRECTION('',(-8.18265790555098E-17,-1.,0.));
#3294=DIRECTION('',(-1.,8.18265790555098E-17,0.));
#3295=DIRECTION('',(-8.18265790555098E-17,-1.,0.));
#3296=DIRECTION('',(0.,0.,1.));
#3297=DIRECTION('',(-1.,8.18265790555098E-17,0.));
#3298=DIRECTION('',(-8.18265790555098E-17,-1.,0.));
#3299=DIRECTION('',(-8.18265790555098E-17,-1.,-3.18297885500331E-16));
#3300=DIRECTION('',(-1.,8.18265790555098E-17,0.));
#3301=DIRECTION('',(-8.18265790555098E-17,-1.,0.));
#3302=DIRECTION('',(8.18265790555098E-17,1.,0.));
#3303=DIRECTION('',(0.,0.,-1.));
#3304=DIRECTION('',(0.,-1.,0.));
#3305=DIRECTION('',(0.,0.,-1.));
#3306=DIRECTION('',(8.18265790555098E-17,1.,0.));
#3307=DIRECTION('',(0.,0.,-1.));
#3308=DIRECTION('',(0.,1.,0.));
#3309=DIRECTION('',(0.,0.,-1.));
#3310=DIRECTION('',(-8.18265790555098E-17,-1.,0.));
#3311=DIRECTION('',(-1.,8.18265790555098E-17,0.));
#3312=DIRECTION('',(-8.18265790555098E-17,-1.,0.));
#3313=DIRECTION('',(-5.78976152357608E-17,-0.707564900110073,0.706648365265372));
#3314=DIRECTION('',(0.,0.,1.));
#3315=DIRECTION('',(-1.,8.18265790555098E-17,0.));
#3316=DIRECTION('',(-8.18265790555098E-17,-1.,0.));
#3317=DIRECTION('',(-1.,5.9205579384874E-17,0.));
#3318=DIRECTION('',(-5.9205579384874E-17,-1.,0.));
#3319=DIRECTION('',(5.9205579384874E-17,1.,0.));
#3320=DIRECTION('',(-1.,5.9205579384874E-17,0.));
#3321=DIRECTION('',(-5.9205579384874E-17,-1.,0.));
#3322=DIRECTION('',(0.,0.,-1.));
#3323=DIRECTION('',(-1.,5.9205579384874E-17,0.));
#3324=DIRECTION('',(-5.9205579384874E-17,-1.,0.));
#3325=DIRECTION('',(5.9205579384874E-17,1.,0.));
#3326=DIRECTION('',(-1.,5.9205579384874E-17,0.));
#3327=DIRECTION('',(-5.9205579384874E-17,-1.,0.));
#3328=DIRECTION('',(0.,0.,-1.));
#3329=DIRECTION('',(-1.,5.9205579384874E-17,0.));
#3330=DIRECTION('',(-5.9205579384874E-17,-1.,0.));
#3331=DIRECTION('',(5.9205579384874E-17,1.,0.));
#3332=DIRECTION('',(5.9205579384874E-17,1.,0.));
#3333=DIRECTION('',(0.,0.,1.));
#3334=DIRECTION('',(-1.,5.9205579384874E-17,0.));
#3335=DIRECTION('',(-5.9205579384874E-17,-1.,0.));
#3336=DIRECTION('',(-5.9205579384874E-17,-1.,0.));
#3337=DIRECTION('',(-1.,5.9205579384874E-17,0.));
#3338=DIRECTION('',(-5.9205579384874E-17,-1.,0.));
#3339=DIRECTION('',(-4.18917898634174E-17,-0.707564900110073,0.706648365265372));
#3340=DIRECTION('',(-1.,5.9205579384874E-17,0.));
#3341=DIRECTION('',(-5.9205579384874E-17,-1.,0.));
#3342=DIRECTION('',(-5.9205579384874E-17,-1.,-3.18297885500331E-16));
#3343=DIRECTION('',(-1.,5.9205579384874E-17,0.));
#3344=DIRECTION('',(-5.9205579384874E-17,-1.,0.));
#3345=DIRECTION('',(-4.18917898634174E-17,-0.707564900110073,0.706648365265372));
#3346=DIRECTION('',(-1.,5.9205579384874E-17,0.));
#3347=DIRECTION('',(-5.9205579384874E-17,-1.,0.));
#3348=DIRECTION('',(-5.9205579384874E-17,-1.,0.));
#3349=DIRECTION('',(-1.,5.9205579384874E-17,0.));
#3350=DIRECTION('',(-5.9205579384874E-17,-1.,0.));
#3351=DIRECTION('',(0.,0.,1.));
#3352=DIRECTION('',(-1.,5.9205579384874E-17,0.));
#3353=DIRECTION('',(-5.9205579384874E-17,-1.,0.));
#3354=DIRECTION('',(-1.,5.9205579384874E-17,0.));
#3355=DIRECTION('',(-5.9205579384874E-17,-1.,0.));
#3356=DIRECTION('',(5.9205579384874E-17,1.,0.));
#3357=DIRECTION('',(5.9205579384874E-17,1.,0.));
#3358=DIRECTION('',(5.9205579384874E-17,1.,0.));
#3359=DIRECTION('',(-1.,5.9205579384874E-17,0.));
#3360=DIRECTION('',(-5.9205579384874E-17,-1.,0.));
#3361=DIRECTION('',(0.,0.,-1.));
#3362=DIRECTION('',(-1.,5.9205579384874E-17,0.));
#3363=DIRECTION('',(-5.9205579384874E-17,-1.,0.));
#3364=DIRECTION('',(5.9205579384874E-17,1.,0.));
#3365=DIRECTION('',(-1.,5.9205579384874E-17,0.));
#3366=DIRECTION('',(-5.9205579384874E-17,-1.,0.));
#3367=DIRECTION('',(0.,0.,-1.));
#3368=DIRECTION('',(-4.18917898634174E-17,-0.707564900110073,0.706648365265372));
#3369=DIRECTION('',(-1.,5.9205579384874E-17,0.));
#3370=DIRECTION('',(-5.9205579384874E-17,-1.,0.));
#3371=DIRECTION('',(-5.9205579384874E-17,-1.,0.));
#3372=DIRECTION('',(-1.,5.9205579384874E-17,0.));
#3373=DIRECTION('',(-5.9205579384874E-17,-1.,0.));
#3374=DIRECTION('',(0.,0.,1.));
#3375=DIRECTION('',(-1.,5.9205579384874E-17,0.));
#3376=DIRECTION('',(-5.9205579384874E-17,-1.,0.));
#3377=DIRECTION('',(-5.9205579384874E-17,-1.,-3.18297885500331E-16));
#3378=DIRECTION('',(-1.,5.9205579384874E-17,0.));
#3379=DIRECTION('',(-5.9205579384874E-17,-1.,0.));
#3380=DIRECTION('',(-5.9205579384874E-17,-1.,0.));
#3381=DIRECTION('',(-1.,5.9205579384874E-17,0.));
#3382=DIRECTION('',(-5.9205579384874E-17,-1.,0.));
#3383=DIRECTION('',(-4.18917898634174E-17,-0.707564900110073,0.706648365265372));
#3384=DIRECTION('',(-1.,5.9205579384874E-17,0.));
#3385=DIRECTION('',(-5.9205579384874E-17,-1.,0.));
#3386=DIRECTION('',(0.,0.,1.));
#3387=DIRECTION('',(-1.,5.9205579384874E-17,0.));
#3388=DIRECTION('',(-5.9205579384874E-17,-1.,0.));
#3389=DIRECTION('',(0.,0.,1.));
#3390=DIRECTION('',(1.,0.,0.));
#3391=DIRECTION('',(0.,0.,1.));
#3392=DIRECTION('',(1.,0.,0.));
#3393=DIRECTION('',(0.,0.,1.));
#3394=DIRECTION('',(1.,0.,0.));
#3395=DIRECTION('',(0.,0.,1.));
#3396=DIRECTION('',(1.,0.,0.));
#3397=DIRECTION('',(0.,0.,1.));
#3398=DIRECTION('',(1.,0.,0.));
#3399=DIRECTION('',(-1.,0.,0.));
#3400=DIRECTION('',(-1.,0.,0.));
#3401=DIRECTION('',(0.,0.,1.));
#3402=DIRECTION('',(1.,0.,0.));
#3403=DIRECTION('',(5.9205579384874E-17,1.,0.));
#3404=DIRECTION('',(2.29764698804875E-16,-1.,0.));
#3405=DIRECTION('',(2.29764698804875E-16,-1.,0.));
#3406=DIRECTION('',(5.9205579384874E-17,1.,0.));
#3407=DIRECTION('',(1.,0.,0.));
#3408=DIRECTION('',(0.,0.,1.));
#3409=DIRECTION('',(1.,0.,0.));
#3410=DIRECTION('',(0.,0.,1.));
#3411=DIRECTION('',(1.,0.,0.));
#3412=DIRECTION('',(0.,0.,1.));
#3413=DIRECTION('',(1.,0.,0.));
#3414=DIRECTION('',(0.,0.,1.));
#3415=DIRECTION('',(1.,0.,0.));
#3416=DIRECTION('',(0.,0.,1.));
#3417=DIRECTION('',(1.,0.,0.));
#3418=DIRECTION('',(-1.,0.,0.));
#3419=DIRECTION('',(0.,0.,1.));
#3420=DIRECTION('',(1.,0.,0.));
#3421=DIRECTION('',(0.,0.,1.));
#3422=DIRECTION('',(1.,0.,0.));
#3423=DIRECTION('',(-1.,0.,0.));
#3424=DIRECTION('',(0.,0.,1.));
#3425=DIRECTION('',(1.,0.,0.));
#3426=DIRECTION('',(0.,0.,1.));
#3427=DIRECTION('',(1.,0.,0.));
#3428=DIRECTION('',(0.,0.,1.));
#3429=DIRECTION('',(1.,0.,0.));
#3430=DIRECTION('',(2.29764698804875E-16,-1.,0.));
#3431=DIRECTION('',(5.9205579384874E-17,1.,0.));
#3432=DIRECTION('',(1.,0.,0.));
#3433=DIRECTION('',(5.9205579384874E-17,1.,0.));
#3434=DIRECTION('',(2.29764698804875E-16,-1.,0.));
#3435=DIRECTION('',(0.,-1.,0.));
#3436=DIRECTION('',(0.,0.,-1.));
#3437=DIRECTION('',(-1.,0.,0.));
#3438=DIRECTION('',(0.,0.,-1.));
#3439=DIRECTION('',(1.,0.,0.));
#3440=DIRECTION('',(0.,0.,-1.));
#3441=DIRECTION('',(0.,-1.,0.));
#3442=DIRECTION('',(0.,0.,-1.));
#3443=DIRECTION('',(1.,0.,0.));
#3444=DIRECTION('',(0.,0.,-1.));
#3445=DIRECTION('',(-1.,0.,0.));
#3446=DIRECTION('',(0.,0.,-1.));
#3447=DIRECTION('',(0.,0.,1.));
#3448=DIRECTION('',(1.,0.,0.));
#3449=DIRECTION('',(0.,0.,1.));
#3450=DIRECTION('',(1.,0.,0.));
#3451=DIRECTION('',(0.,0.,1.));
#3452=DIRECTION('',(1.,0.,0.));
#3453=DIRECTION('',(0.,0.,1.));
#3454=DIRECTION('',(1.,0.,0.));
#3455=DIRECTION('',(-1.,0.,0.));
#3456=DIRECTION('',(0.,0.,1.));
#3457=DIRECTION('',(1.,0.,0.));
#3458=DIRECTION('',(0.,0.,1.));
#3459=DIRECTION('',(1.,0.,0.));
#3460=DIRECTION('',(0.,0.,1.));
#3461=DIRECTION('',(1.,0.,0.));
#3462=DIRECTION('',(0.,-1.,0.));
#3463=DIRECTION('',(-1.,0.,0.));
#3464=DIRECTION('',(0.,0.,-1.));
#3465=DIRECTION('',(0.,0.,-1.));
#3466=DIRECTION('',(0.,0.,1.));
#3467=DIRECTION('',(1.,0.,0.));
#3468=DIRECTION('',(0.,0.,1.));
#3469=DIRECTION('',(1.,0.,0.));
#3470=DIRECTION('',(0.,0.,1.));
#3471=DIRECTION('',(1.,0.,0.));
#3472=DIRECTION('',(0.,0.,1.));
#3473=DIRECTION('',(1.,0.,0.));
#3474=DIRECTION('',(-1.,0.,0.));
#3475=DIRECTION('',(0.,0.,1.));
#3476=DIRECTION('',(1.,0.,0.));
#3477=DIRECTION('',(0.,0.,1.));
#3478=DIRECTION('',(1.,0.,0.));
#3479=DIRECTION('',(0.,0.,1.));
#3480=DIRECTION('',(1.,0.,0.));
#3481=DIRECTION('',(0.,1.,0.));
#3482=DIRECTION('',(-1.,0.,0.));
#3483=DIRECTION('',(0.,0.,-1.));
#3484=DIRECTION('',(0.,0.,-1.));
#3485=DIRECTION('',(2.60452270910945E-32,3.18297885500331E-16,-1.));
#3486=DIRECTION('',(0.,1.,3.18297885500331E-16));
#3487=DIRECTION('',(1.,-8.18265790555098E-17,0.));
#3488=DIRECTION('',(1.,-8.18265790555098E-17,-5.47382212626882E-48));
#3489=DIRECTION('',(-8.18265790555098E-17,-1.,0.));
#3490=DIRECTION('',(1.,-8.18265790555098E-17,0.));
#3491=DIRECTION('',(1.,-8.18265790555098E-17,-1.21543267145725E-63));
#3492=DIRECTION('',(1.,-8.18265790555098E-17,0.));
#3493=DIRECTION('',(0.,0.,-1.));
#3494=DIRECTION('',(-1.,0.,0.));
#3495=DIRECTION('',(1.,-8.18265790555098E-17,0.));
#3496=DIRECTION('',(1.,-8.18265790555098E-17,0.));
#3497=DIRECTION('',(-5.78226183248337E-17,-0.706648365265371,-0.707564900110073));
#3498=DIRECTION('',(0.,0.707564900110073,-0.706648365265372));
#3499=DIRECTION('',(1.,-8.18265790555098E-17,0.));
#3500=DIRECTION('',(1.,-8.18265790555098E-17,5.89015323782578E-33));
#3501=DIRECTION('',(0.,0.,-1.));
#3502=DIRECTION('',(-1.,0.,0.));
#3503=DIRECTION('',(1.,-8.18265790555098E-17,0.));
#3504=DIRECTION('',(1.,-8.18265790555098E-17,0.));
#3505=DIRECTION('',(-8.18265790555098E-17,-1.,0.));
#3506=DIRECTION('',(1.,-8.18265790555098E-17,0.));
#3507=DIRECTION('',(1.,-8.18265790555098E-17,8.6988310490844E-33));
#3508=DIRECTION('',(1.,-8.18265790555098E-17,0.));
#3509=DIRECTION('',(-5.78226183248337E-17,-0.706648365265371,-0.707564900110073));
#3510=DIRECTION('',(0.,0.707564900110073,-0.706648365265372));
#3511=DIRECTION('',(1.,-8.18265790555098E-17,1.02508549465777E-32));
#3512=DIRECTION('',(1.,-8.18265790555098E-17,7.44784034629435E-33));
#3513=DIRECTION('',(-5.78226183248337E-17,-0.706648365265371,-0.707564900110073));
#3514=DIRECTION('',(0.,0.707564900110073,-0.706648365265372));
#3515=DIRECTION('',(1.,-8.18265790555098E-17,5.89015323782578E-33));
#3516=DIRECTION('',(1.,-8.18265790555098E-17,0.));
#3517=DIRECTION('',(0.,0.,-1.));
#3518=DIRECTION('',(-1.,0.,0.));
#3519=DIRECTION('',(1.,-8.18265790555098E-17,0.));
#3520=DIRECTION('',(1.,-8.18265790555098E-17,0.));
#3521=DIRECTION('',(-8.18265790555098E-17,-1.,0.));
#3522=DIRECTION('',(1.,-8.18265790555098E-17,0.));
#3523=DIRECTION('',(1.,-8.18265790555098E-17,-1.21543267145725E-63));
#3524=DIRECTION('',(1.,-8.18265790555098E-17,0.));
#3525=DIRECTION('',(2.60452270910945E-32,3.18297885500331E-16,-1.));
#3526=DIRECTION('',(0.,1.,3.18297885500331E-16));
#3527=DIRECTION('',(1.,-8.18265790555098E-17,-5.47382212626882E-48));
#3528=DIRECTION('',(1.,-8.18265790555098E-17,0.));
#3529=DIRECTION('',(-5.78226183248337E-17,-0.706648365265371,-0.707564900110073));
#3530=DIRECTION('',(0.,0.707564900110073,-0.706648365265372));
#3531=DIRECTION('',(1.,-8.18265790555098E-17,1.02508549465777E-32));
#3532=DIRECTION('',(1.,-8.18265790555098E-17,0.));
#3533=DIRECTION('',(-8.18265790555098E-17,-1.,0.));
#3534=DIRECTION('',(1.,-8.18265790555098E-17,0.));
#3535=DIRECTION('',(1.,-8.18265790555098E-17,0.));
#3536=DIRECTION('',(0.,0.,-1.));
#3537=DIRECTION('',(-1.,0.,0.));
#3538=DIRECTION('',(1.,-8.18265790555098E-17,0.));
#3539=DIRECTION('',(1.,-8.18265790555098E-17,0.));
#3540=DIRECTION('',(1.,-8.18265790555098E-17,0.));
#3541=DIRECTION('',(8.18265790555098E-17,1.,0.));
#3542=DIRECTION('',(-1.,8.18265790555098E-17,0.));
#3543=DIRECTION('',(-8.18265790555098E-17,-1.,0.));
#3544=DIRECTION('',(-1.,8.18265790555098E-17,1.21543267145725E-63));
#3545=DIRECTION('',(-8.18265790555098E-17,-1.,0.));
#3546=DIRECTION('',(-1.,8.18265790555098E-17,0.));
#3547=DIRECTION('',(-8.18265790555098E-17,-1.,0.));
#3548=DIRECTION('',(1.,-8.18265790555098E-17,0.));
#3549=DIRECTION('',(8.18265790555098E-17,1.,0.));
#3550=DIRECTION('',(1.,-8.18265790555098E-17,-1.93654382976362E-48));
#3551=DIRECTION('',(8.18265790555098E-17,1.,0.));
#3552=DIRECTION('',(1.,-8.18265790555098E-17,-1.93654382976362E-48));
#3553=DIRECTION('',(8.18265790555098E-17,1.,0.));
#3554=DIRECTION('',(-1.,8.18265790555098E-17,1.21543267145725E-63));
#3555=DIRECTION('',(-8.18265790555098E-17,-1.,0.));
#3556=DIRECTION('',(-1.,8.18265790555098E-17,0.));
#3557=DIRECTION('',(-8.18265790555098E-17,-1.,0.));
#3558=DIRECTION('',(1.,-8.18265790555098E-17,0.));
#3559=DIRECTION('',(8.18265790555098E-17,1.,0.));
#3560=DIRECTION('',(1.,-8.18265790555098E-17,0.));
#3561=DIRECTION('',(8.18265790555098E-17,1.,0.));
#3562=DIRECTION('',(1.,-8.18265790555098E-17,8.6988310490844E-33));
#3563=DIRECTION('',(8.18265790555098E-17,1.,0.));
#3564=DIRECTION('',(-1.,8.18265790555098E-17,0.));
#3565=DIRECTION('',(-8.18265790555098E-17,-1.,0.));
#3566=DIRECTION('',(0.,0.,-1.));
#3567=DIRECTION('',(-1.,0.,0.));
#3568=DIRECTION('',(0.,0.,1.));
#3569=DIRECTION('',(1.,0.,0.));
#3570=DIRECTION('',(0.,0.,1.));
#3571=DIRECTION('',(1.,0.,0.));
#3572=DIRECTION('',(0.,0.,-1.));
#3573=DIRECTION('',(-1.,0.,0.));
#3574=DIRECTION('',(-1.,0.,0.));
#3575=DIRECTION('',(0.,0.,1.));
#3576=DIRECTION('',(-1.,5.9205579384874E-17,0.));
#3577=DIRECTION('',(-5.9205579384874E-17,-1.,0.));
#3578=DIRECTION('',(-1.,5.9205579384874E-17,0.));
#3579=DIRECTION('',(-5.9205579384874E-17,-1.,0.));
#3580=DIRECTION('',(-1.,0.,0.));
#3581=DIRECTION('',(0.,0.,1.));
#3582=DIRECTION('',(-1.,5.9205579384874E-17,0.));
#3583=DIRECTION('',(-5.9205579384874E-17,-1.,0.));
#3584=DIRECTION('',(-1.,5.9205579384874E-17,0.));
#3585=DIRECTION('',(-5.9205579384874E-17,-1.,0.));
#3586=DIRECTION('',(1.,0.,0.));
#3587=DIRECTION('',(0.,0.,-1.));
#3588=DIRECTION('',(-1.,5.9205579384874E-17,0.));
#3589=DIRECTION('',(-5.9205579384874E-17,-1.,0.));
#3590=DIRECTION('',(-1.,5.9205579384874E-17,0.));
#3591=DIRECTION('',(-5.9205579384874E-17,-1.,0.));
#3592=DIRECTION('',(1.,0.,0.));
#3593=DIRECTION('',(0.,0.,-1.));
#3594=DIRECTION('',(-1.,5.9205579384874E-17,0.));
#3595=DIRECTION('',(-5.9205579384874E-17,-1.,0.));
#3596=DIRECTION('',(-1.,5.9205579384874E-17,0.));
#3597=DIRECTION('',(-5.9205579384874E-17,-1.,0.));
#3598=DIRECTION('',(0.,0.,1.));
#3599=DIRECTION('',(1.,0.,0.));
#3600=DIRECTION('',(0.,0.,1.));
#3601=DIRECTION('',(1.,0.,0.));
#3602=DIRECTION('',(0.,0.,1.));
#3603=DIRECTION('',(1.,0.,0.));
#3604=DIRECTION('',(0.,0.,1.));
#3605=DIRECTION('',(1.,0.,0.));
#3606=DIRECTION('',(0.,0.,-1.));
#3607=DIRECTION('',(-1.,0.,0.));
#3608=DIRECTION('',(0.,0.,1.));
#3609=DIRECTION('',(1.,0.,0.));
#3610=DIRECTION('',(0.,0.,1.));
#3611=DIRECTION('',(1.,0.,0.));
#3612=DIRECTION('',(0.,0.,-1.));
#3613=DIRECTION('',(-1.,0.,0.));
#3614=DIRECTION('',(-1.,5.9205579384874E-17,0.));
#3615=DIRECTION('',(-5.9205579384874E-17,-1.,0.));
#3616=DIRECTION('',(0.,0.,-1.));
#3617=DIRECTION('',(-1.,0.,0.));
#3618=DIRECTION('',(0.,0.,-1.));
#3619=DIRECTION('',(-1.,0.,0.));
#3620=DIRECTION('',(0.,0.,-1.));
#3621=DIRECTION('',(-1.,0.,0.));
#3622=DIRECTION('',(-1.,5.9205579384874E-17,0.));
#3623=DIRECTION('',(-5.9205579384874E-17,-1.,0.));
#3624=DIRECTION('',(0.,1.,0.));
#3625=DIRECTION('',(0.,0.,1.));
#3626=DIRECTION('',(-5.9205579384874E-17,-1.,0.));
#3627=DIRECTION('',(1.,-5.9205579384874E-17,0.));
#3628=DIRECTION('',(-1.,5.9205579384874E-17,0.));
#3629=DIRECTION('',(-5.9205579384874E-17,-1.,0.));
#3630=DIRECTION('',(0.,0.,-1.));
#3631=DIRECTION('',(-1.,0.,0.));
#3632=DIRECTION('',(0.,0.,1.));
#3633=DIRECTION('',(1.,0.,0.));
#3634=DIRECTION('',(0.,0.,-1.));
#3635=DIRECTION('',(-1.,0.,0.));
#3636=DIRECTION('',(-1.,5.9205579384874E-17,0.));
#3637=DIRECTION('',(-5.9205579384874E-17,-1.,0.));
#3638=DIRECTION('',(0.,-1.,0.));
#3639=DIRECTION('',(0.,0.,-1.));
#3640=DIRECTION('',(-5.9205579384874E-17,-1.,0.));
#3641=DIRECTION('',(1.,-5.9205579384874E-17,0.));
#3642=DIRECTION('',(-1.,5.9205579384874E-17,0.));
#3643=DIRECTION('',(-5.9205579384874E-17,-1.,0.));
#3644=DIRECTION('',(0.,0.,-1.));
#3645=DIRECTION('',(-1.,0.,0.));
#3646=DIRECTION('',(0.,0.,1.));
#3647=DIRECTION('',(1.,0.,0.));
#3648=DIRECTION('',(0.,0.,-1.));
#3649=DIRECTION('',(-1.,0.,0.));
#3650=DIRECTION('',(-1.,5.9205579384874E-17,0.));
#3651=DIRECTION('',(-5.9205579384874E-17,-1.,0.));
#3652=DIRECTION('',(0.,1.,0.));
#3653=DIRECTION('',(0.,0.,1.));
#3654=DIRECTION('',(5.9205579384874E-17,1.,0.));
#3655=DIRECTION('',(-1.,5.9205579384874E-17,0.));
#3656=DIRECTION('',(-1.,5.9205579384874E-17,0.));
#3657=DIRECTION('',(-5.9205579384874E-17,-1.,0.));
#3658=DIRECTION('',(0.,0.,-1.));
#3659=DIRECTION('',(-1.,0.,0.));
#3660=DIRECTION('',(0.,0.,-1.));
#3661=DIRECTION('',(-1.,0.,0.));
#3662=DIRECTION('',(0.,0.,-1.));
#3663=DIRECTION('',(-1.,0.,0.));
#3664=DIRECTION('',(-1.,5.9205579384874E-17,0.));
#3665=DIRECTION('',(-5.9205579384874E-17,-1.,0.));
#3666=DIRECTION('',(0.,-1.,0.));
#3667=DIRECTION('',(0.,0.,-1.));
#3668=DIRECTION('',(5.9205579384874E-17,1.,0.));
#3669=DIRECTION('',(-1.,5.9205579384874E-17,0.));
#3670=DIRECTION('',(1.,-8.18265790555098E-17,0.));
#3671=DIRECTION('',(8.18265790555098E-17,1.,0.));
#3672=DIRECTION('',(0.,0.,1.));
#3673=DIRECTION('',(-8.18265790555098E-17,-1.,0.));
#3674=DIRECTION('',(0.,0.,1.));
#3675=DIRECTION('',(-8.18265790555098E-17,-1.,0.));
#3676=DIRECTION('',(1.,-8.18265790555098E-17,0.));
#3677=DIRECTION('',(8.18265790555098E-17,1.,0.));
#3678=DIRECTION('',(-8.18265790555098E-17,-1.,0.));
#3679=DIRECTION('',(0.,0.,1.));
#3680=DIRECTION('',(-8.18265790555098E-17,-1.,0.));
#3681=DIRECTION('',(0.,0.,1.));
#3682=DIRECTION('',(1.,-8.18265790555098E-17,0.));
#3683=DIRECTION('',(8.18265790555098E-17,1.,0.));
#3684=DIRECTION('',(0.,0.,1.));
#3685=DIRECTION('',(-8.18265790555098E-17,-1.,0.));
#3686=DIRECTION('',(0.,0.,1.));
#3687=DIRECTION('',(-8.18265790555098E-17,-1.,0.));
#3688=DIRECTION('',(1.,-8.18265790555098E-17,0.));
#3689=DIRECTION('',(8.18265790555098E-17,1.,0.));
#3690=DIRECTION('',(0.,0.,1.));
#3691=DIRECTION('',(-8.18265790555098E-17,-1.,0.));
#3692=DIRECTION('',(0.,0.,1.));
#3693=DIRECTION('',(-8.18265790555098E-17,-1.,0.));
#3694=DIRECTION('',(0.,0.,1.));
#3695=DIRECTION('',(1.,0.,0.));
#3696=DIRECTION('',(0.,0.,1.));
#3697=DIRECTION('',(1.,0.,0.));
#3698=DIRECTION('',(-1.,8.18265790555098E-17,0.));
#3699=DIRECTION('',(-8.18265790555098E-17,-1.,0.));
#3700=DIRECTION('',(0.,1.,0.));
#3701=DIRECTION('',(0.,0.,1.));
#3702=DIRECTION('',(-1.,8.18265790555098E-17,0.));
#3703=DIRECTION('',(-8.18265790555098E-17,-1.,0.));
#3704=DIRECTION('',(0.,-1.,0.));
#3705=DIRECTION('',(0.,0.,-1.));
#3706=DIRECTION('',(0.,0.,-1.));
#3707=DIRECTION('',(-1.,0.,0.));
#3708=DIRECTION('',(8.18265790555098E-17,1.,0.));
#3709=DIRECTION('',(-1.,8.18265790555098E-17,0.));
#3710=DIRECTION('',(-8.18265790555098E-17,-1.,0.));
#3711=DIRECTION('',(0.,-1.,0.));
#3712=DIRECTION('',(0.,0.,-1.));
#3713=DIRECTION('',(0.,0.,-1.));
#3714=DIRECTION('',(-1.,0.,0.));
#3715=DIRECTION('',(0.,0.,-1.));
#3716=DIRECTION('',(-1.,0.,0.));
#3717=DIRECTION('',(0.,0.,1.));
#3718=DIRECTION('',(0.,0.,-1.));
#3719=DIRECTION('',(-1.,0.,0.));
#3720=DIRECTION('',(0.,0.,1.));
#3721=DIRECTION('',(1.,0.,0.));
#3722=DIRECTION('',(8.18265790555098E-17,1.,0.));
#3723=DIRECTION('',(-1.,8.18265790555098E-17,0.));
#3724=DIRECTION('',(0.,1.,0.));
#3725=DIRECTION('',(0.,0.,1.));
#3726=DIRECTION('',(0.,0.,1.));
#3727=DIRECTION('',(1.,0.,0.));
#3728=DIRECTION('',(-1.,8.18265790555098E-17,0.));
#3729=DIRECTION('',(-8.18265790555098E-17,-1.,0.));
#3730=DIRECTION('',(0.,0.,1.));
#3731=DIRECTION('',(1.,0.,0.));
#3732=DIRECTION('',(0.,1.,0.));
#3733=DIRECTION('',(0.,0.,1.));
#3734=DIRECTION('',(1.,0.,0.));
#3735=DIRECTION('',(0.,0.,-1.));
#3736=DIRECTION('',(0.,1.,0.));
#3737=DIRECTION('',(0.,0.,1.));
#3738=DIRECTION('',(-1.,8.18265790555098E-17,0.));
#3739=DIRECTION('',(-8.18265790555098E-17,-1.,0.));
#3740=DIRECTION('',(0.,-1.,0.));
#3741=DIRECTION('',(0.,0.,-1.));
#3742=DIRECTION('',(-1.,8.18265790555098E-17,0.));
#3743=DIRECTION('',(-8.18265790555098E-17,-1.,0.));
#3744=DIRECTION('',(0.,0.,-1.));
#3745=DIRECTION('',(-1.,0.,0.));
#3746=DIRECTION('',(0.,0.,1.));
#3747=DIRECTION('',(1.,0.,0.));
#3748=DIRECTION('',(0.,0.,1.));
#3749=DIRECTION('',(0.,0.,-1.));
#3750=DIRECTION('',(-1.,0.,0.));
#3751=DIRECTION('',(-8.18265790555098E-17,-1.,0.));
#3752=DIRECTION('',(1.,-8.18265790555098E-17,0.));
#3753=DIRECTION('',(-8.18265790555098E-17,-1.,0.));
#3754=DIRECTION('',(0.,-1.,0.));
#3755=DIRECTION('',(0.,0.,-1.));
#3756=DIRECTION('',(-8.18265790555098E-17,-1.,0.));
#3757=DIRECTION('',(1.,-8.18265790555098E-17,0.));
#3758=DIRECTION('',(0.,1.,0.));
#3759=DIRECTION('',(0.,0.,1.));
#3760=DIRECTION('',(0.,0.,1.));
#3761=DIRECTION('',(1.,0.,0.));
#3762=DIRECTION('',(0.,0.,1.));
#3763=DIRECTION('',(1.,0.,0.));
#3764=DIRECTION('',(1.,0.,0.));
#3765=DIRECTION('',(0.,0.,-1.));
#3766=DIRECTION('',(1.,0.,0.));
#3767=DIRECTION('',(0.,0.,-1.));
#3768=DIRECTION('',(-1.,8.18265790555098E-17,0.));
#3769=DIRECTION('',(-8.18265790555098E-17,-1.,0.));
#3770=DIRECTION('',(0.,1.,0.));
#3771=DIRECTION('',(0.,0.,1.));
#3772=DIRECTION('',(0.,1.,0.));
#3773=DIRECTION('',(0.,0.,1.));
#3774=DIRECTION('',(-1.,8.18265790555098E-17,0.));
#3775=DIRECTION('',(-8.18265790555098E-17,-1.,0.));
#3776=DIRECTION('',(0.,0.,-1.));
#3777=DIRECTION('',(-1.,0.,0.));
#3778=DIRECTION('',(-1.,8.18265790555098E-17,0.));
#3779=DIRECTION('',(-8.18265790555098E-17,-1.,0.));
#3780=DIRECTION('',(0.,0.,1.));
#3781=DIRECTION('',(1.,0.,0.));
#3782=DIRECTION('',(0.,-1.,0.));
#3783=DIRECTION('',(0.,0.,-1.));
#3784=DIRECTION('',(0.,0.,-1.));
#3785=DIRECTION('',(-1.,0.,0.));
#3786=DIRECTION('',(0.,0.,1.));
#3787=DIRECTION('',(0.,0.,1.));
#3788=DIRECTION('',(1.,0.,0.));
#3789=DIRECTION('',(-8.18265790555098E-17,-1.,0.));
#3790=DIRECTION('',(1.,-8.18265790555098E-17,0.));
#3791=DIRECTION('',(0.,-1.,0.));
#3792=DIRECTION('',(0.,0.,-1.));
#3793=DIRECTION('',(-8.18265790555098E-17,-1.,0.));
#3794=DIRECTION('',(-8.18265790555098E-17,-1.,0.));
#3795=DIRECTION('',(1.,-8.18265790555098E-17,0.));
#3796=DIRECTION('',(0.,1.,0.));
#3797=DIRECTION('',(0.,0.,1.));
#3798=DIRECTION('',(0.,0.,-1.));
#3799=DIRECTION('',(-1.,0.,0.));
#3800=DIRECTION('',(0.,0.,-1.));
#3801=DIRECTION('',(-1.,0.,0.));
#3802=DIRECTION('',(0.,1.,0.));
#3803=DIRECTION('',(0.,0.,1.));
#3804=DIRECTION('',(-1.,8.18265790555098E-17,0.));
#3805=DIRECTION('',(-8.18265790555098E-17,-1.,0.));
#3806=DIRECTION('',(0.,1.,0.));
#3807=DIRECTION('',(0.,0.,1.));
#3808=DIRECTION('',(0.,0.,-1.));
#3809=DIRECTION('',(-1.,0.,0.));
#3810=DIRECTION('',(1.,0.,0.));
#3811=DIRECTION('',(0.,0.,-1.));
#3812=DIRECTION('',(0.,0.,-1.));
#3813=DIRECTION('',(-1.,0.,0.));
#3814=DIRECTION('',(-1.,8.18265790555098E-17,0.));
#3815=DIRECTION('',(-8.18265790555098E-17,-1.,0.));
#3816=DIRECTION('',(0.,0.,1.));
#3817=DIRECTION('',(1.,0.,0.));
#3818=DIRECTION('',(-1.,8.18265790555098E-17,0.));
#3819=DIRECTION('',(-8.18265790555098E-17,-1.,0.));
#3820=DIRECTION('',(0.,-1.,0.));
#3821=DIRECTION('',(0.,0.,-1.));
#3822=DIRECTION('',(8.18265790555098E-17,1.,0.));
#3823=DIRECTION('',(-1.,8.18265790555098E-17,0.));
#3824=DIRECTION('',(-8.18265790555098E-17,-1.,0.));
#3825=DIRECTION('',(0.,-1.,0.));
#3826=DIRECTION('',(0.,0.,-1.));
#3827=DIRECTION('',(0.,0.,1.));
#3828=DIRECTION('',(1.,0.,0.));
#3829=DIRECTION('',(0.,0.,1.));
#3830=DIRECTION('',(0.,0.,1.));
#3831=DIRECTION('',(1.,0.,0.));
#3832=DIRECTION('',(0.,0.,1.));
#3833=DIRECTION('',(1.,0.,0.));
#3834=DIRECTION('',(0.,0.,-1.));
#3835=DIRECTION('',(-1.,0.,0.));
#3836=DIRECTION('',(8.18265790555098E-17,1.,0.));
#3837=DIRECTION('',(-1.,8.18265790555098E-17,0.));
#3838=DIRECTION('',(0.,1.,0.));
#3839=DIRECTION('',(0.,0.,1.));
#3840=DIRECTION('',(1.,0.,0.));
#3841=DIRECTION('',(0.,0.,-1.));
#3842=DIRECTION('',(1.,0.,0.));
#3843=DIRECTION('',(0.,0.,-1.));
#3844=DIRECTION('',(-1.,8.18265790555098E-17,0.));
#3845=DIRECTION('',(-8.18265790555098E-17,-1.,0.));
#3846=DIRECTION('',(8.18265790555098E-17,1.,0.));
#3847=DIRECTION('',(-1.,8.18265790555098E-17,0.));
#3848=DIRECTION('',(0.,1.,0.));
#3849=DIRECTION('',(0.,0.,1.));
#3850=DIRECTION('',(-8.18265790555098E-17,-1.,0.));
#3851=DIRECTION('',(0.,-1.,0.));
#3852=DIRECTION('',(0.,0.,-1.));
#3853=DIRECTION('',(0.,0.,1.));
#3854=DIRECTION('',(1.,0.,0.));
#3855=DIRECTION('',(1.,0.,0.));
#3856=DIRECTION('',(0.,0.,-1.));
#3857=DIRECTION('',(0.,0.,1.));
#3858=DIRECTION('',(1.,0.,0.));
#3859=DIRECTION('',(8.18265790555098E-17,1.,0.));
#3860=DIRECTION('',(-1.,8.18265790555098E-17,0.));
#3861=DIRECTION('',(0.,1.,0.));
#3862=DIRECTION('',(0.,0.,1.));
#3863=DIRECTION('',(0.,-1.,0.));
#3864=DIRECTION('',(0.,0.,-1.));
#3865=DIRECTION('',(0.,0.,1.));
#3866=DIRECTION('',(1.,0.,0.));
#3867=DIRECTION('',(-1.,8.18265790555098E-17,0.));
#3868=DIRECTION('',(-8.18265790555098E-17,-1.,0.));
#3869=DIRECTION('',(0.,0.,1.));
#3870=DIRECTION('',(1.,0.,0.));
#3871=DIRECTION('',(0.,0.,-1.));
#3872=DIRECTION('',(-1.,0.,0.));
#3873=DIRECTION('',(0.,0.,-1.));
#3874=DIRECTION('',(-1.,0.,0.));
#3875=DIRECTION('',(0.,0.,1.));
#3876=DIRECTION('',(-1.,8.18265790555098E-17,0.));
#3877=DIRECTION('',(-8.18265790555098E-17,-1.,0.));
#3878=DIRECTION('',(0.,0.,-1.));
#3879=DIRECTION('',(-1.,0.,0.));
#3880=DIRECTION('',(-1.,8.18265790555098E-17,0.));
#3881=DIRECTION('',(-8.18265790555098E-17,-1.,0.));
#3882=DIRECTION('',(0.,0.,-1.));
#3883=DIRECTION('',(-1.,0.,0.));
#3884=DIRECTION('',(0.,0.,1.));
#3885=DIRECTION('',(1.,0.,0.));
#3886=DIRECTION('',(0.,0.,-1.));
#3887=DIRECTION('',(-1.,0.,0.));
#3888=DIRECTION('',(0.,0.,1.));
#3889=DIRECTION('',(0.,-1.,0.));
#3890=DIRECTION('',(0.,0.,-1.));
#3891=DIRECTION('',(0.,-1.,0.));
#3892=DIRECTION('',(0.,0.,-1.));
#3893=DIRECTION('',(1.,0.,0.));
#3894=DIRECTION('',(0.,0.,-1.));
#3895=DIRECTION('',(0.,1.,0.));
#3896=DIRECTION('',(0.,0.,1.));
#3897=DIRECTION('',(1.,0.,0.));
#3898=DIRECTION('',(0.,0.,-1.));
#3899=DIRECTION('',(0.,1.,0.));
#3900=DIRECTION('',(0.,0.,1.));
#3901=DIRECTION('',(0.,0.,-1.));
#3902=DIRECTION('',(-1.,0.,0.));
#3903=DIRECTION('',(0.,0.,1.));
#3904=DIRECTION('',(1.,0.,0.));
#3905=DIRECTION('',(0.,0.,1.));
#3906=DIRECTION('',(1.,0.,0.));
#3907=DIRECTION('',(0.,0.,1.));
#3908=DIRECTION('',(1.,0.,0.));
#3909=DIRECTION('',(-8.18265790555098E-17,-1.,0.));
#3910=DIRECTION('',(1.,-8.18265790555098E-17,0.));
#3911=DIRECTION('',(-8.18265790555098E-17,-1.,0.));
#3912=DIRECTION('',(-1.,8.18265790555098E-17,0.));
#3913=DIRECTION('',(-8.18265790555098E-17,-1.,0.));
#3914=DIRECTION('',(0.,-1.,0.));
#3915=DIRECTION('',(0.,0.,-1.));
#3916=DIRECTION('',(-1.,8.18265790555098E-17,0.));
#3917=DIRECTION('',(-8.18265790555098E-17,-1.,0.));
#3918=DIRECTION('',(0.,1.,0.));
#3919=DIRECTION('',(0.,0.,1.));
#3920=DIRECTION('',(-8.18265790555098E-17,-1.,0.));
#3921=DIRECTION('',(1.,-8.18265790555098E-17,0.));
#3922=DIRECTION('',(-8.18265790555098E-17,-1.,0.));
#3923=DIRECTION('',(1.,-8.18265790555098E-17,0.));
#3924=DIRECTION('',(0.,1.,0.));
#3925=DIRECTION('',(0.,0.,1.));
#3926=DIRECTION('',(0.,-1.,0.));
#3927=DIRECTION('',(0.,0.,-1.));
#3928=DIRECTION('',(-8.18265790555098E-17,-1.,0.));
#3929=DIRECTION('',(-1.,8.18265790555098E-17,0.));
#3930=DIRECTION('',(-8.18265790555098E-17,-1.,0.));
#3931=DIRECTION('',(-1.,8.18265790555098E-17,0.));
#3932=DIRECTION('',(-8.18265790555098E-17,-1.,0.));
#3933=DIRECTION('',(0.,0.,1.));
#3934=DIRECTION('',(1.,0.,0.));
#3935=DIRECTION('',(-8.18265790555098E-17,-1.,0.));
#3936=DIRECTION('',(1.,-8.18265790555098E-17,0.));
#3937=DIRECTION('',(0.,-1.,0.));
#3938=DIRECTION('',(0.,0.,-1.));
#3939=DIRECTION('',(0.,1.,0.));
#3940=DIRECTION('',(0.,0.,1.));
#3941=DIRECTION('',(-1.,8.18265790555098E-17,0.));
#3942=DIRECTION('',(-8.18265790555098E-17,-1.,0.));
#3943=DIRECTION('',(1.,0.,0.));
#3944=DIRECTION('',(0.,0.,-1.));
#3945=DIRECTION('',(0.,0.,1.));
#3946=DIRECTION('',(1.,0.,0.));
#3947=DIRECTION('',(0.,0.,-1.));
#3948=DIRECTION('',(-1.,0.,0.));
#3949=DIRECTION('',(0.,0.,-1.));
#3950=DIRECTION('',(-1.,0.,0.));
#3951=DIRECTION('',(0.,0.,1.));
#3952=DIRECTION('',(0.,0.,-1.));
#3953=DIRECTION('',(-1.,0.,0.));
#3954=DIRECTION('',(0.,0.,-1.));
#3955=DIRECTION('',(-1.,0.,0.));
#3956=DIRECTION('',(0.,0.,-1.));
#3957=DIRECTION('',(-1.,0.,0.));
#3958=DIRECTION('',(0.,0.,-1.));
#3959=DIRECTION('',(-1.,0.,0.));
#3960=DIRECTION('',(0.,0.,1.));
#3961=DIRECTION('',(1.,0.,0.));
#3962=DIRECTION('',(0.,0.,-1.));
#3963=DIRECTION('',(-1.,0.,0.));
#3964=DIRECTION('',(0.,0.,1.));
#3965=DIRECTION('',(-1.,8.18265790555098E-17,0.));
#3966=DIRECTION('',(-8.18265790555098E-17,-1.,0.));
#3967=DIRECTION('',(-1.,8.18265790555098E-17,0.));
#3968=DIRECTION('',(-8.18265790555098E-17,-1.,0.));
#3969=DIRECTION('',(0.,1.,0.));
#3970=DIRECTION('',(0.,0.,1.));
#3971=DIRECTION('',(-1.,8.18265790555098E-17,0.));
#3972=DIRECTION('',(-8.18265790555098E-17,-1.,0.));
#3973=DIRECTION('',(-1.,8.18265790555098E-17,0.));
#3974=DIRECTION('',(-8.18265790555098E-17,-1.,0.));
#3975=DIRECTION('',(0.,-1.,0.));
#3976=DIRECTION('',(0.,0.,-1.));
#3977=DIRECTION('',(0.,0.,-1.));
#3978=DIRECTION('',(-1.,0.,0.));
#3979=DIRECTION('',(0.,0.,1.));
#3980=DIRECTION('',(1.,0.,0.));
#3981=DIRECTION('',(0.,0.,1.));
#3982=DIRECTION('',(1.,0.,0.));
#3983=DIRECTION('',(0.,0.,1.));
#3984=DIRECTION('',(1.,0.,0.));
#3985=DIRECTION('',(8.18265790555098E-17,1.,0.));
#3986=DIRECTION('',(-1.,8.18265790555098E-17,0.));
#3987=DIRECTION('',(-8.18265790555098E-17,-1.,0.));
#3988=DIRECTION('',(0.,1.,0.));
#3989=DIRECTION('',(0.,0.,1.));
#3990=DIRECTION('',(0.,1.,0.));
#3991=DIRECTION('',(0.,0.,1.));
#3992=DIRECTION('',(0.,-1.,0.));
#3993=DIRECTION('',(0.,0.,-1.));
#3994=DIRECTION('',(0.,-1.,0.));
#3995=DIRECTION('',(0.,0.,-1.));
#3996=DIRECTION('',(8.18265790555098E-17,1.,0.));
#3997=DIRECTION('',(-1.,8.18265790555098E-17,0.));
#3998=DIRECTION('',(1.,2.29764698804875E-16,1.07191975858505E-16));
#3999=DIRECTION('',(-2.29764698804875E-16,1.,0.));
#4000=DIRECTION('',(2.29764698804875E-16,-1.,0.));
#4001=DIRECTION('',(2.29764698804875E-16,-1.,0.));
#4002=DIRECTION('',(0.,0.,-1.));
#4003=DIRECTION('',(-1.,0.,0.));
#4004=DIRECTION('',(2.29764698804875E-16,-1.,0.));
#4005=DIRECTION('',(2.29764698804875E-16,-1.,0.));
#4006=DIRECTION('',(-1.,-2.29764698804875E-16,-1.07191975858505E-16));
#4007=DIRECTION('',(2.29764698804875E-16,-1.,0.));
#4008=DIRECTION('',(2.29764698804875E-16,-1.,0.));
#4009=DIRECTION('',(2.29764698804875E-16,-1.,0.));
#4010=DIRECTION('',(0.,0.,-1.));
#4011=DIRECTION('',(-1.,0.,0.));
#4012=DIRECTION('',(2.29764698804875E-16,-1.,0.));
#4013=DIRECTION('',(2.29764698804875E-16,-1.,0.));
#4014=DIRECTION('',(-1.,-2.29764698804875E-16,-1.07191975858505E-16));
#4015=DIRECTION('',(2.29764698804875E-16,-1.,0.));
#4016=DIRECTION('',(2.29764698804875E-16,-1.,0.));
#4017=DIRECTION('',(2.29764698804875E-16,-1.,0.));
#4018=DIRECTION('',(1.,2.29764698804875E-16,1.07191975858505E-16));
#4019=DIRECTION('',(-2.29764698804875E-16,1.,0.));
#4020=DIRECTION('',(2.29764698804875E-16,-1.,0.));
#4021=DIRECTION('',(2.29764698804875E-16,-1.,0.));
#4022=DIRECTION('',(-2.29764698804875E-16,1.,0.));
#4023=DIRECTION('',(-1.,-2.29764698804875E-16,0.));
#4024=DIRECTION('',(-2.29764698804875E-16,1.,0.));
#4025=DIRECTION('',(-1.,-2.29764698804875E-16,0.));
#4026=DIRECTION('',(-2.29764698804875E-16,1.,0.));
#4027=DIRECTION('',(-1.,-2.29764698804875E-16,0.));
#4028=DIRECTION('',(-2.29764698804875E-16,1.,0.));
#4029=DIRECTION('',(-1.,-2.29764698804875E-16,0.));
#4030=DIRECTION('',(-2.29764698804875E-16,1.,0.));
#4031=DIRECTION('',(-1.,-2.29764698804875E-16,0.));
#4032=DIRECTION('',(-2.29764698804875E-16,1.,0.));
#4033=DIRECTION('',(-1.,-2.29764698804875E-16,0.));
#4034=DIRECTION('',(-2.29764698804875E-16,1.,0.));
#4035=DIRECTION('',(-1.,-2.29764698804875E-16,0.));
#4036=DIRECTION('',(-2.29764698804875E-16,1.,0.));
#4037=DIRECTION('',(-1.,-2.29764698804875E-16,0.));
#4038=CARTESIAN_POINT('',(0.,0.,0.));
#4039=CARTESIAN_POINT('',(1.38777878078145E-17,0.0636,0.005));
#4040=CARTESIAN_POINT('',(1.38777878078145E-17,0.0636,0.));
#4041=CARTESIAN_POINT('',(0.0252,0.0636,0.));
#4042=CARTESIAN_POINT('',(-0.0252,0.0636,0.));
#4043=CARTESIAN_POINT('',(-0.0252,0.0636,0.1071));
#4044=CARTESIAN_POINT('',(-0.0252,0.0636,0.1071));
#4045=CARTESIAN_POINT('',(1.38777878078145E-17,0.0636,0.1071));
#4046=CARTESIAN_POINT('',(0.0252,0.0636,0.1071));
#4047=CARTESIAN_POINT('',(0.0252,0.0636,0.005));
#4048=CARTESIAN_POINT('',(-2.22876353134705E-17,0.0636,0.005));
#4049=CARTESIAN_POINT('',(-0.0182,0.0636,0.005));
#4050=CARTESIAN_POINT('',(0.0182,0.0636,0.005));
#4051=CARTESIAN_POINT('',(0.0182,0.0636,0.007));
#4052=CARTESIAN_POINT('',(0.0202,0.0636,0.007));
#4053=CARTESIAN_POINT('',(0.0202,0.0636,0.05355));
#4054=CARTESIAN_POINT('',(0.0202,0.0636,0.1001));
#4055=CARTESIAN_POINT('',(0.0182,0.0636,0.1001));
#4056=CARTESIAN_POINT('',(0.0182,0.0636,0.1021));
#4057=CARTESIAN_POINT('',(-3.26959761693313E-17,0.0636,0.1021));
#4058=CARTESIAN_POINT('',(-0.0182,0.0636,0.1021));
#4059=CARTESIAN_POINT('',(-0.0182,0.0636,0.1001));
#4060=CARTESIAN_POINT('',(-0.0202,0.0636,0.1001));
#4061=CARTESIAN_POINT('',(-0.0202,0.0636,0.05355));
#4062=CARTESIAN_POINT('',(-0.0202,0.0636,0.007));
#4063=CARTESIAN_POINT('',(-0.0182,0.0636,0.007));
#4064=CARTESIAN_POINT('',(3.46944695195361E-18,-0.0636,0.005));
#4065=CARTESIAN_POINT('',(1.38777878078145E-17,-0.0636,0.1071));
#4066=CARTESIAN_POINT('',(0.0252,-0.0636,0.1071));
#4067=CARTESIAN_POINT('',(-0.0252,-0.0636,0.1071));
#4068=CARTESIAN_POINT('',(-0.0252,-0.0636,0.005));
#4069=CARTESIAN_POINT('',(-0.0252,-0.0636,0.));
#4070=CARTESIAN_POINT('',(3.46944695195361E-18,-0.0636,0.));
#4071=CARTESIAN_POINT('',(0.0252,-0.0636,0.));
#4072=CARTESIAN_POINT('',(0.0252,-0.0636,0.1071));
#4073=CARTESIAN_POINT('',(-0.0202,-0.0636,0.05355));
#4074=CARTESIAN_POINT('',(-0.0202,-0.0636,0.007));
#4075=CARTESIAN_POINT('',(-0.0202,-0.0636,0.1001));
#4076=CARTESIAN_POINT('',(-0.0182,-0.0636,0.1001));
#4077=CARTESIAN_POINT('',(-0.0182,-0.0636,0.1021));
#4078=CARTESIAN_POINT('',(-3.46944695195361E-18,-0.0636,0.1021));
#4079=CARTESIAN_POINT('',(0.0182,-0.0636,0.1021));
#4080=CARTESIAN_POINT('',(0.0182,-0.0636,0.1001));
#4081=CARTESIAN_POINT('',(0.0202,-0.0636,0.1001));
#4082=CARTESIAN_POINT('',(0.0202,-0.0636,0.05355));
#4083=CARTESIAN_POINT('',(0.0202,-0.0636,0.007));
#4084=CARTESIAN_POINT('',(0.0182,-0.0636,0.007));
#4085=CARTESIAN_POINT('',(0.0182,-0.0636,0.005));
#4086=CARTESIAN_POINT('',(6.93889390390723E-18,-0.0636,0.005));
#4087=CARTESIAN_POINT('',(-0.0182,-0.0636,0.005));
#4088=CARTESIAN_POINT('',(-0.0182,-0.0636,0.007));
#4089=CARTESIAN_POINT('',(3.46944695195361E-18,-0.0586,0.1171));
#4090=CARTESIAN_POINT('',(0.0202,-0.0586,0.1171));
#4091=CARTESIAN_POINT('',(0.0202,-0.0586,0.1001));
#4092=CARTESIAN_POINT('',(0.0202,-0.0586,0.007));
#4093=CARTESIAN_POINT('',(0.0182,-0.0586,0.1001));
#4094=CARTESIAN_POINT('',(0.0182,-0.0586,0.1021));
#4095=CARTESIAN_POINT('',(3.46944695195361E-18,-0.0586,0.1021));
#4096=CARTESIAN_POINT('',(-0.0182,-0.0586,0.1021));
#4097=CARTESIAN_POINT('',(-0.0182,-0.0586,0.1001));
#4098=CARTESIAN_POINT('',(-0.0202,-0.0586,0.1001));
#4099=CARTESIAN_POINT('',(-0.0202,-0.0586,0.1171));
#4100=CARTESIAN_POINT('',(-0.0202,-0.0586,0.007));
#4101=CARTESIAN_POINT('',(-0.0182,-0.0586,0.007));
#4102=CARTESIAN_POINT('',(-0.0182,-0.0586,0.005));
#4103=CARTESIAN_POINT('',(6.93889390390723E-18,-0.0586,0.005));
#4104=CARTESIAN_POINT('',(-0.0202,-0.0586,0.005));
#4105=CARTESIAN_POINT('',(-0.0202,-0.0586,0.01));
#4106=CARTESIAN_POINT('',(-0.0252,-0.0586,0.01));
#4107=CARTESIAN_POINT('',(-0.0252,-0.0586,0.1171));
#4108=CARTESIAN_POINT('',(-0.0252,-0.0586,0.1171));
#4109=CARTESIAN_POINT('',(3.46944695195361E-18,-0.0586,0.1171));
#4110=CARTESIAN_POINT('',(0.0252,-0.0586,0.1171));
#4111=CARTESIAN_POINT('',(0.0252,-0.0586,0.1171));
#4112=CARTESIAN_POINT('',(0.0252,-0.0586,0.01));
#4113=CARTESIAN_POINT('',(0.0202,-0.0586,0.01));
#4114=CARTESIAN_POINT('',(0.0202,-0.0586,0.005));
#4115=CARTESIAN_POINT('',(6.93889390390723E-18,-0.0586,0.005));
#4116=CARTESIAN_POINT('',(0.0182,-0.0586,0.005));
#4117=CARTESIAN_POINT('',(0.0182,-0.0586,0.007));
#4118=CARTESIAN_POINT('',(1.38777878078145E-17,0.0586,0.1171));
#4119=CARTESIAN_POINT('',(-0.0202,0.0586,0.1171));
#4120=CARTESIAN_POINT('',(-0.0202,0.0586,0.007));
#4121=CARTESIAN_POINT('',(-0.0202,0.0586,0.1001));
#4122=CARTESIAN_POINT('',(-0.0182,0.0586,0.1001));
#4123=CARTESIAN_POINT('',(-0.0182,0.0586,0.1021));
#4124=CARTESIAN_POINT('',(1.38777878078145E-17,0.0586,0.1021));
#4125=CARTESIAN_POINT('',(0.0182,0.0586,0.1021));
#4126=CARTESIAN_POINT('',(0.0182,0.0586,0.1001));
#4127=CARTESIAN_POINT('',(0.0202,0.0586,0.1001));
#4128=CARTESIAN_POINT('',(0.0202,0.0586,0.1171));
#4129=CARTESIAN_POINT('',(0.0202,0.0586,0.007));
#4130=CARTESIAN_POINT('',(0.0182,0.0586,0.007));
#4131=CARTESIAN_POINT('',(0.0182,0.0586,0.005));
#4132=CARTESIAN_POINT('',(1.38777878078145E-17,0.0586,0.005));
#4133=CARTESIAN_POINT('',(0.0202,0.0586,0.005));
#4134=CARTESIAN_POINT('',(0.0202,0.0586,0.01));
#4135=CARTESIAN_POINT('',(0.0252,0.0586,0.01));
#4136=CARTESIAN_POINT('',(0.0252,0.0586,0.1171));
#4137=CARTESIAN_POINT('',(0.0252,0.0586,0.1171));
#4138=CARTESIAN_POINT('',(1.38777878078145E-17,0.0586,0.1171));
#4139=CARTESIAN_POINT('',(-0.0252,0.0586,0.1171));
#4140=CARTESIAN_POINT('',(-0.0252,0.0586,0.1171));
#4141=CARTESIAN_POINT('',(-0.0252,0.0586,0.01));
#4142=CARTESIAN_POINT('',(-0.0202,0.0586,0.01));
#4143=CARTESIAN_POINT('',(-0.0202,0.0586,0.005));
#4144=CARTESIAN_POINT('',(1.38777878078145E-17,0.0586,0.005));
#4145=CARTESIAN_POINT('',(-0.0182,0.0586,0.005));
#4146=CARTESIAN_POINT('',(-0.0182,0.0586,0.007));
#4147=CARTESIAN_POINT('',(0.0302,0.,0.005));
#4148=CARTESIAN_POINT('',(0.0302,0.0521,0.0501));
#4149=CARTESIAN_POINT('',(0.0302,0.0521,0.0481));
#4150=CARTESIAN_POINT('',(0.0302,0.0541,0.0501));
#4151=CARTESIAN_POINT('',(0.0302,0.,0.0481));
#4152=CARTESIAN_POINT('',(0.0302,0.0501,0.0481));
#4153=CARTESIAN_POINT('',(0.0302,0.0501,0.0501));
#4154=CARTESIAN_POINT('',(0.0302,0.0481,0.0501));
#4155=CARTESIAN_POINT('',(0.0302,0.0481,0.005));
#4156=CARTESIAN_POINT('',(0.0302,0.0481,0.0561));
#4157=CARTESIAN_POINT('',(0.0302,0.0501,0.0561));
#4158=CARTESIAN_POINT('',(0.0302,0.0501,0.0581));
#4159=CARTESIAN_POINT('',(0.0302,0.0531,0.0581));
#4160=CARTESIAN_POINT('',(0.0302,0.0521,0.0581));
#4161=CARTESIAN_POINT('',(0.0302,0.0521,0.0561));
#4162=CARTESIAN_POINT('',(0.0302,0.0541,0.0561));
#4163=CARTESIAN_POINT('',(0.0302,0.0541,0.0491));
#4164=CARTESIAN_POINT('',(0.0302,-0.0501,0.1061));
#4165=CARTESIAN_POINT('',(0.0302,-0.0481,0.1061));
#4166=CARTESIAN_POINT('',(0.0302,-0.0501,0.1081));
#4167=CARTESIAN_POINT('',(0.0302,-0.0481,0.0991));
#4168=CARTESIAN_POINT('',(0.0302,-0.0481,0.1001));
#4169=CARTESIAN_POINT('',(0.0302,-0.0501,0.1001));
#4170=CARTESIAN_POINT('',(0.0302,-0.0501,0.0981));
#4171=CARTESIAN_POINT('',(0.0302,0.,0.0981));
#4172=CARTESIAN_POINT('',(0.0302,-0.0521,0.0981));
#4173=CARTESIAN_POINT('',(0.0302,-0.0521,0.1001));
#4174=CARTESIAN_POINT('',(0.0302,-0.0541,0.1001));
#4175=CARTESIAN_POINT('',(0.0302,-0.0541,0.005));
#4176=CARTESIAN_POINT('',(0.0302,-0.0541,0.1061));
#4177=CARTESIAN_POINT('',(0.0302,-0.0521,0.1061));
#4178=CARTESIAN_POINT('',(0.0302,-0.0521,0.1081));
#4179=CARTESIAN_POINT('',(0.0302,-0.0491,0.1081));
#4180=CARTESIAN_POINT('',(0.0302,-0.0436,0.0444170208224796));
#4181=CARTESIAN_POINT('',(0.0302,-0.0436,0.0567740287401368));
#4182=CARTESIAN_POINT('',(0.0302,-0.0436,0.025));
#4183=CARTESIAN_POINT('',(0.0302,-0.0386,0.0567740287401368));
#4184=CARTESIAN_POINT('',(0.0302,-0.0350667581736731,0.0603118532406871));
#4185=CARTESIAN_POINT('',(0.0302,-0.019151309889813,0.0444170208224796));
#4186=CARTESIAN_POINT('',(0.0302,-0.00325151798251159,0.0285378245005504));
#4187=CARTESIAN_POINT('',(0.0302,-0.00678475980883845,0.025));
#4188=CARTESIAN_POINT('',(0.0302,-0.00678475980883845,0.02));
#4189=CARTESIAN_POINT('',(0.0302,-0.019151309889813,0.02));
#4190=CARTESIAN_POINT('',(0.0302,-0.0386,0.02));
#4191=CARTESIAN_POINT('',(0.0302,-0.0386,0.025));
#4192=CARTESIAN_POINT('',(0.0302,0.0386,0.02));
#4193=CARTESIAN_POINT('',(0.0302,0.0356691698606004,0.02));
#4194=CARTESIAN_POINT('',(0.0302,0.0386,0.02));
#4195=CARTESIAN_POINT('',(0.0302,0.0356691698606004,0.025));
#4196=CARTESIAN_POINT('',(0.0302,0.0321359280342736,0.0214621754994496));
#4197=CARTESIAN_POINT('',(0.0302,-0.005,0.05855));
#4198=CARTESIAN_POINT('',(0.0302,-0.0350511017971142,0.0885621754994496));
#4199=CARTESIAN_POINT('',(0.0302,-0.0315178599707874,0.0921));
#4200=CARTESIAN_POINT('',(0.0302,-0.0315178599707874,0.0971));
#4201=CARTESIAN_POINT('',(0.0302,-1.6545889806145E-50,0.0971));
#4202=CARTESIAN_POINT('',(0.0302,0.0386,0.0971));
#4203=CARTESIAN_POINT('',(0.0302,0.0386,0.0921));
#4204=CARTESIAN_POINT('',(0.0302,0.0436,0.0921));
#4205=CARTESIAN_POINT('',(0.0302,0.0436,0.05855));
#4206=CARTESIAN_POINT('',(0.0302,0.0436,0.025));
#4207=CARTESIAN_POINT('',(0.0302,0.0386,0.025));
#4208=CARTESIAN_POINT('',(0.0302,0.0736,0.1071));
#4209=CARTESIAN_POINT('',(0.0302,0.0686,0.1071));
#4210=CARTESIAN_POINT('',(0.0302,0.0586,0.1071));
#4211=CARTESIAN_POINT('',(0.0302,0.0686,0.1171));
#4212=CARTESIAN_POINT('',(0.0302,0.0686,0.1171));
#4213=CARTESIAN_POINT('',(0.0302,0.,0.1171));
#4214=CARTESIAN_POINT('',(0.0302,-0.0686,0.1171));
#4215=CARTESIAN_POINT('',(0.0302,-0.0686,0.1071));
#4216=CARTESIAN_POINT('',(0.0302,-0.0686,0.1071));
#4217=CARTESIAN_POINT('',(0.0302,-0.0736,0.1071));
#4218=CARTESIAN_POINT('',(0.0302,-0.0586,0.1071));
#4219=CARTESIAN_POINT('',(0.0302,-0.0586,0.));
#4220=CARTESIAN_POINT('',(0.0302,-0.0586,0.));
#4221=CARTESIAN_POINT('',(0.0302,0.,0.));
#4222=CARTESIAN_POINT('',(0.0302,0.0586,0.));
#4223=CARTESIAN_POINT('',(0.0302,0.0586,0.005));
#4224=CARTESIAN_POINT('',(0.0302,-0.0501,0.0561));
#4225=CARTESIAN_POINT('',(0.0302,-0.0481,0.0561));
#4226=CARTESIAN_POINT('',(0.0302,-0.0501,0.0581));
#4227=CARTESIAN_POINT('',(0.0302,-0.0481,0.0491));
#4228=CARTESIAN_POINT('',(0.0302,-0.0481,0.0501));
#4229=CARTESIAN_POINT('',(0.0302,-0.0501,0.0501));
#4230=CARTESIAN_POINT('',(0.0302,-0.0501,0.0481));
#4231=CARTESIAN_POINT('',(0.0302,0.,0.0481));
#4232=CARTESIAN_POINT('',(0.0302,-0.0521,0.0481));
#4233=CARTESIAN_POINT('',(0.0302,-0.0521,0.0501));
#4234=CARTESIAN_POINT('',(0.0302,-0.0541,0.0501));
#4235=CARTESIAN_POINT('',(0.0302,-0.0541,0.005));
#4236=CARTESIAN_POINT('',(0.0302,-0.0541,0.0561));
#4237=CARTESIAN_POINT('',(0.0302,-0.0521,0.0561));
#4238=CARTESIAN_POINT('',(0.0302,-0.0521,0.0581));
#4239=CARTESIAN_POINT('',(0.0302,-0.0491,0.0581));
#4240=CARTESIAN_POINT('',(0.0302,0.0501,0.1001));
#4241=CARTESIAN_POINT('',(0.0302,0.0481,0.1001));
#4242=CARTESIAN_POINT('',(0.0302,0.0501,0.0981));
#4243=CARTESIAN_POINT('',(0.0302,0.0481,0.005));
#4244=CARTESIAN_POINT('',(0.0302,0.0481,0.1061));
#4245=CARTESIAN_POINT('',(0.0302,0.0501,0.1061));
#4246=CARTESIAN_POINT('',(0.0302,0.0501,0.1081));
#4247=CARTESIAN_POINT('',(0.0302,0.0531,0.1081));
#4248=CARTESIAN_POINT('',(0.0302,0.0521,0.1081));
#4249=CARTESIAN_POINT('',(0.0302,0.0521,0.1061));
#4250=CARTESIAN_POINT('',(0.0302,0.0541,0.1061));
#4251=CARTESIAN_POINT('',(0.0302,0.0541,0.0991));
#4252=CARTESIAN_POINT('',(0.0302,0.0541,0.1001));
#4253=CARTESIAN_POINT('',(0.0302,0.0521,0.1001));
#4254=CARTESIAN_POINT('',(0.0302,0.0521,0.0981));
#4255=CARTESIAN_POINT('',(0.0302,0.,0.0981));
#4256=CARTESIAN_POINT('',(-0.0302,0.,0.005));
#4257=CARTESIAN_POINT('',(-0.0302,0.0242782179473717,0.0293097072054098));
#4258=CARTESIAN_POINT('',(-0.0302,0.0321359280342736,0.0214621754994496));
#4259=CARTESIAN_POINT('',(-0.0302,-0.0350511017971143,0.0885621754994497));
#4260=CARTESIAN_POINT('',(-0.0302,0.0356691698606004,0.025));
#4261=CARTESIAN_POINT('',(-0.0302,0.0356691698606004,0.02));
#4262=CARTESIAN_POINT('',(-0.0302,0.,0.02));
#4263=CARTESIAN_POINT('',(-0.0302,0.0386,0.02));
#4264=CARTESIAN_POINT('',(-0.0302,0.0386,0.025));
#4265=CARTESIAN_POINT('',(-0.0302,0.0436,0.025));
#4266=CARTESIAN_POINT('',(-0.0302,0.0436,0.005));
#4267=CARTESIAN_POINT('',(-0.0302,0.0436,0.0921));
#4268=CARTESIAN_POINT('',(-0.0302,0.0386,0.0921));
#4269=CARTESIAN_POINT('',(-0.0302,0.0386,0.0971));
#4270=CARTESIAN_POINT('',(-0.0302,-2.93152352545806E-17,0.0971));
#4271=CARTESIAN_POINT('',(-0.0302,-0.0315178599707874,0.0971));
#4272=CARTESIAN_POINT('',(-0.0302,-0.0315178599707874,0.0921));
#4273=CARTESIAN_POINT('',(-0.0302,0.,0.1171));
#4274=CARTESIAN_POINT('',(-0.0302,-0.0686,0.1171));
#4275=CARTESIAN_POINT('',(-0.0302,0.0686,0.1171));
#4276=CARTESIAN_POINT('',(-0.0302,0.0686,0.005));
#4277=CARTESIAN_POINT('',(-0.0302,0.0686,0.1071));
#4278=CARTESIAN_POINT('',(-0.0302,0.0736,0.1071));
#4279=CARTESIAN_POINT('',(-0.0302,0.0586,0.1071));
#4280=CARTESIAN_POINT('',(-0.0302,0.0586,0.));
#4281=CARTESIAN_POINT('',(-0.0302,0.0586,0.));
#4282=CARTESIAN_POINT('',(-0.0302,0.,0.));
#4283=CARTESIAN_POINT('',(-0.0302,-0.0586,0.));
#4284=CARTESIAN_POINT('',(-0.0302,-0.0586,0.005));
#4285=CARTESIAN_POINT('',(-0.0302,-0.0586,0.1071));
#4286=CARTESIAN_POINT('',(-0.0302,-0.0736,0.1071));
#4287=CARTESIAN_POINT('',(-0.0302,-0.0686,0.1071));
#4288=CARTESIAN_POINT('',(-0.0302,-0.0686,0.005));
#4289=CARTESIAN_POINT('',(-0.0302,0.,0.02));
#4290=CARTESIAN_POINT('',(-0.0302,-0.00678475980883845,0.02));
#4291=CARTESIAN_POINT('',(-0.0302,-0.0386,0.02));
#4292=CARTESIAN_POINT('',(-0.0302,-0.00678475980883845,0.025));
#4293=CARTESIAN_POINT('',(-0.0302,-0.0032515179825116,0.0285378245005504));
#4294=CARTESIAN_POINT('',(-0.0302,0.0101452506420643,0.0151584092032084));
#4295=CARTESIAN_POINT('',(-0.0302,-0.0436,0.0688340416449592));
#4296=CARTESIAN_POINT('',(-0.0302,-0.0436,0.005));
#4297=CARTESIAN_POINT('',(-0.0302,-0.0436,0.025));
#4298=CARTESIAN_POINT('',(-0.0302,-0.0386,0.025));
#4299=CARTESIAN_POINT('',(-0.0252,-3.46944695195361E-18,0.1171));
#4300=CARTESIAN_POINT('',(-0.0252,-3.46944695195361E-18,0.01));
#4301=CARTESIAN_POINT('',(-0.0252,-0.0546,0.01));
#4302=CARTESIAN_POINT('',(-0.0252,-0.0546,0.004));
#4303=CARTESIAN_POINT('',(-0.0252,-0.0486,0.004));
#4304=CARTESIAN_POINT('',(-0.0252,-0.0486,0.001));
#4305=CARTESIAN_POINT('',(-0.0252,-0.0486,0.001));
#4306=CARTESIAN_POINT('',(-0.0252,-0.0546,0.001));
#4307=CARTESIAN_POINT('',(-0.0252,-0.0486839202169004,0.));
#4308=CARTESIAN_POINT('',(-0.0252,-3.46944695195361E-18,0.));
#4309=CARTESIAN_POINT('',(-0.0252,0.0486839202169004,0.));
#4310=CARTESIAN_POINT('',(-0.0252,0.0546,0.001));
#4311=CARTESIAN_POINT('',(-0.0252,0.0486,0.001));
#4312=CARTESIAN_POINT('',(-0.0252,0.0486,0.1171));
#4313=CARTESIAN_POINT('',(-0.0252,0.0486,0.004));
#4314=CARTESIAN_POINT('',(-0.0252,0.0546,0.004));
#4315=CARTESIAN_POINT('',(-0.0252,0.0546,0.01));
#4316=CARTESIAN_POINT('',(-0.0252,-3.46944695195361E-18,0.01));
#4317=CARTESIAN_POINT('',(-0.0252,-3.46944695195361E-18,0.1171));
#4318=CARTESIAN_POINT('',(-0.0252,0.0436,0.1171));
#4319=CARTESIAN_POINT('',(-0.0252,0.0436,0.025));
#4320=CARTESIAN_POINT('',(-0.0252,0.0436,0.0921));
#4321=CARTESIAN_POINT('',(-0.0252,0.0386,0.025));
#4322=CARTESIAN_POINT('',(-0.0252,0.0386,0.02));
#4323=CARTESIAN_POINT('',(-0.0252,-3.46944695195361E-18,0.02));
#4324=CARTESIAN_POINT('',(-0.0252,0.0356691698606004,0.02));
#4325=CARTESIAN_POINT('',(-0.0252,0.0356691698606004,0.025));
#4326=CARTESIAN_POINT('',(-0.0252,0.0321359280342736,0.0214621754994496));
#4327=CARTESIAN_POINT('',(-0.0252,-0.0317717349686037,0.0852870565554319));
#4328=CARTESIAN_POINT('',(-0.0252,-0.0350511017971142,0.0885621754994496));
#4329=CARTESIAN_POINT('',(-0.0252,-0.0315178599707874,0.0921));
#4330=CARTESIAN_POINT('',(-0.0252,-0.0315178599707874,0.0971));
#4331=CARTESIAN_POINT('',(-0.0252,2.89651075805301E-18,0.0971));
#4332=CARTESIAN_POINT('',(-0.0252,0.0386,0.0971));
#4333=CARTESIAN_POINT('',(-0.0252,0.0386,0.0921));
#4334=CARTESIAN_POINT('',(-0.0252,-0.0459047022739111,0.0711357585532304));
#4335=CARTESIAN_POINT('',(-0.0252,-0.00325151798251159,0.0285378245005504));
#4336=CARTESIAN_POINT('',(-0.0252,-0.0436,0.0688340416449592));
#4337=CARTESIAN_POINT('',(-0.0252,-0.00678475980883845,0.025));
#4338=CARTESIAN_POINT('',(-0.0252,-0.00678475980883845,0.02));
#4339=CARTESIAN_POINT('',(-0.0252,-3.46944695195361E-18,0.02));
#4340=CARTESIAN_POINT('',(-0.0252,-0.0386,0.02));
#4341=CARTESIAN_POINT('',(-0.0252,-0.0386,0.025));
#4342=CARTESIAN_POINT('',(-0.0252,-0.0436,0.025));
#4343=CARTESIAN_POINT('',(-0.0252,-0.0436,0.1171));
#4344=CARTESIAN_POINT('',(0.0252,0.,0.1171));
#4345=CARTESIAN_POINT('',(0.0252,-0.0546,0.004));
#4346=CARTESIAN_POINT('',(0.0252,-0.0486,0.004));
#4347=CARTESIAN_POINT('',(0.0252,-0.0546,0.01));
#4348=CARTESIAN_POINT('',(0.0252,-0.0586,0.01));
#4349=CARTESIAN_POINT('',(0.0252,0.,0.1171));
#4350=CARTESIAN_POINT('',(0.0252,0.0546,0.01));
#4351=CARTESIAN_POINT('',(0.0252,0.0546,0.01));
#4352=CARTESIAN_POINT('',(0.0252,0.0546,0.004));
#4353=CARTESIAN_POINT('',(0.0252,0.0486,0.004));
#4354=CARTESIAN_POINT('',(0.0252,0.0486,0.001));
#4355=CARTESIAN_POINT('',(0.0252,0.0486,0.001));
#4356=CARTESIAN_POINT('',(0.0252,0.0546,0.001));
#4357=CARTESIAN_POINT('',(0.0252,0.0486839202169004,0.));
#4358=CARTESIAN_POINT('',(0.0252,0.,0.));
#4359=CARTESIAN_POINT('',(0.0252,-0.0486839202169004,0.));
#4360=CARTESIAN_POINT('',(0.0252,-0.0546,0.001));
#4361=CARTESIAN_POINT('',(0.0252,-0.0486,0.001));
#4362=CARTESIAN_POINT('',(0.0252,-0.0486,0.1171));
#4363=CARTESIAN_POINT('',(0.0252,-0.0317717349686037,0.0852870565554319));
#4364=CARTESIAN_POINT('',(0.0252,0.0321359280342736,0.0214621754994496));
#4365=CARTESIAN_POINT('',(0.0252,-0.0350511017971142,0.0885621754994496));
#4366=CARTESIAN_POINT('',(0.0252,0.0356691698606004,0.025));
#4367=CARTESIAN_POINT('',(0.0252,0.0356691698606004,0.02));
#4368=CARTESIAN_POINT('',(0.0252,0.,0.02));
#4369=CARTESIAN_POINT('',(0.0252,0.0386,0.02));
#4370=CARTESIAN_POINT('',(0.0252,0.0386,0.025));
#4371=CARTESIAN_POINT('',(0.0252,0.0436,0.025));
#4372=CARTESIAN_POINT('',(0.0252,0.0436,0.1171));
#4373=CARTESIAN_POINT('',(0.0252,0.0436,0.0921));
#4374=CARTESIAN_POINT('',(0.0252,0.0386,0.0921));
#4375=CARTESIAN_POINT('',(0.0252,0.0386,0.0971));
#4376=CARTESIAN_POINT('',(0.0252,6.36595771000662E-18,0.0971));
#4377=CARTESIAN_POINT('',(0.0252,-0.0315178599707874,0.0971));
#4378=CARTESIAN_POINT('',(0.0252,-0.0315178599707874,0.0921));
#4379=CARTESIAN_POINT('',(0.0252,0.,0.02));
#4380=CARTESIAN_POINT('',(0.0252,-0.00678475980883845,0.02));
#4381=CARTESIAN_POINT('',(0.0252,-0.0386,0.02));
#4382=CARTESIAN_POINT('',(0.0252,-0.00678475980883845,0.025));
#4383=CARTESIAN_POINT('',(0.0252,-0.00325151798251159,0.0285378245005504));
#4384=CARTESIAN_POINT('',(0.0252,-0.0459047022739111,0.0711357585532304));
#4385=CARTESIAN_POINT('',(0.0252,-0.0350667581736731,0.0603118532406871));
#4386=CARTESIAN_POINT('',(0.0252,-0.0386,0.0567740287401368));
#4387=CARTESIAN_POINT('',(0.0252,-0.0436,0.0567740287401368));
#4388=CARTESIAN_POINT('',(0.0252,-0.0436,0.1171));
#4389=CARTESIAN_POINT('',(0.0252,-0.0436,0.025));
#4390=CARTESIAN_POINT('',(0.0252,-0.0386,0.025));
#4391=CARTESIAN_POINT('',(6.93889390390723E-18,0.,0.));
#4392=CARTESIAN_POINT('',(-0.0252,-0.0586,0.));
#4393=CARTESIAN_POINT('',(-0.0252,0.0586,0.));
#4394=CARTESIAN_POINT('',(0.0252,0.0586,0.));
#4395=CARTESIAN_POINT('',(0.0252,-0.0586,0.));
#4396=CARTESIAN_POINT('',(-0.0252,-0.0486839202169004,0.));
#4397=CARTESIAN_POINT('',(-0.0252,-0.05007101565744,0.));
#4398=CARTESIAN_POINT('',(-0.0243184447665334,-0.0520796505467327,1.18276600634782E-19));
#4399=CARTESIAN_POINT('',(-0.0220945785312276,-0.0537483402883698,-1.97127667724637E-19));
#4400=CARTESIAN_POINT('',(-0.0208263197183566,-0.0543198998690213,4.33680868994202E-19));
#4401=CARTESIAN_POINT('',(-0.0202,-0.0546,4.33680868994202E-19));
#4402=CARTESIAN_POINT('',(-0.0202,-0.0546,0.));
#4403=CARTESIAN_POINT('',(6.93889390390723E-18,-0.0546,0.));
#4404=CARTESIAN_POINT('',(0.0202,-0.0546,0.));
#4405=CARTESIAN_POINT('',(0.0252,-0.0486839202169004,0.));
#4406=CARTESIAN_POINT('',(0.0252,-0.05007101565744,0.));
#4407=CARTESIAN_POINT('',(0.0243184447665334,-0.0520796505467328,1.18276600634782E-19));
#4408=CARTESIAN_POINT('',(0.0220945785312276,-0.0537483402883698,-1.97127667724637E-19));
#4409=CARTESIAN_POINT('',(0.0208263197183566,-0.0543198998690213,4.33680868994202E-19));
#4410=CARTESIAN_POINT('',(0.0202,-0.0546,4.33680868994202E-19));
#4411=CARTESIAN_POINT('',(0.0252,0.0486839202169004,0.));
#4412=CARTESIAN_POINT('',(0.0252,0.05007101565744,0.));
#4413=CARTESIAN_POINT('',(0.0243184447665334,0.0520796505467327,0.));
#4414=CARTESIAN_POINT('',(0.0220945785312276,0.0537483402883698,0.));
#4415=CARTESIAN_POINT('',(0.0208263197183566,0.0543198998690213,0.));
#4416=CARTESIAN_POINT('',(0.0202,0.0546,0.));
#4417=CARTESIAN_POINT('',(0.0202,0.0546,0.));
#4418=CARTESIAN_POINT('',(-0.0252,0.0546,0.));
#4419=CARTESIAN_POINT('',(-0.0202,0.0546,0.));
#4420=CARTESIAN_POINT('',(-0.0252,0.0486839202169004,0.));
#4421=CARTESIAN_POINT('',(-0.0252,0.05007101565744,0.));
#4422=CARTESIAN_POINT('',(-0.0243184447665333,0.0520796505467325,0.));
#4423=CARTESIAN_POINT('',(-0.0220945785312278,0.0537483402883702,0.));
#4424=CARTESIAN_POINT('',(-0.0208263197183562,0.0543198998690203,0.));
#4425=CARTESIAN_POINT('',(-0.0202,0.0546,0.));
#4426=CARTESIAN_POINT('',(6.93889390390723E-18,0.,0.005));
#4427=CARTESIAN_POINT('',(0.0202,0.0586,0.005));
#4428=CARTESIAN_POINT('',(0.0202,0.0546,0.005));
#4429=CARTESIAN_POINT('',(0.0182,0.0636,0.005));
#4430=CARTESIAN_POINT('',(-0.0182,0.0586,0.005));
#4431=CARTESIAN_POINT('',(-0.0202,1.19595270357445E-18,0.005));
#4432=CARTESIAN_POINT('',(-0.0202,0.0546,0.005));
#4433=CARTESIAN_POINT('',(6.93889390390723E-18,0.0546,0.005));
#4434=CARTESIAN_POINT('',(6.93889390390723E-18,0.,0.1171));
#4435=CARTESIAN_POINT('',(-0.0202,-0.0686,0.1171));
#4436=CARTESIAN_POINT('',(-0.01875,-0.0686,0.1171));
#4437=CARTESIAN_POINT('',(0.0202,-0.0686,0.1171));
#4438=CARTESIAN_POINT('',(0.02165,-0.0686,0.1171));
#4439=CARTESIAN_POINT('',(0.0202,0.0686,0.1171));
#4440=CARTESIAN_POINT('',(0.02165,0.0686,0.1171));
#4441=CARTESIAN_POINT('',(-0.0202,0.0686,0.1171));
#4442=CARTESIAN_POINT('',(-0.01875,0.0686,0.1171));
#4443=CARTESIAN_POINT('',(1.38777878078145E-17,0.0736,0.1171));
#4444=CARTESIAN_POINT('',(0.0252,0.0736,0.1171));
#4445=CARTESIAN_POINT('',(-0.0252,0.0736,0.1171));
#4446=CARTESIAN_POINT('',(-0.0252,0.0686,0.1171));
#4447=CARTESIAN_POINT('',(-0.0252,-0.0686,0.1171));
#4448=CARTESIAN_POINT('',(-0.0252,-0.0736,0.1171));
#4449=CARTESIAN_POINT('',(1.38777878078145E-17,-0.0736,0.1171));
#4450=CARTESIAN_POINT('',(0.0252,-0.0736,0.1171));
#4451=CARTESIAN_POINT('',(0.0252,-0.0686,0.1171));
#4452=CARTESIAN_POINT('',(0.0252,0.0686,0.1171));
#4453=CARTESIAN_POINT('',(6.93889390390723E-18,0.,0.005));
#4454=CARTESIAN_POINT('',(0.0182,-0.0586,0.005));
#4455=CARTESIAN_POINT('',(0.0202,-0.0546,0.005));
#4456=CARTESIAN_POINT('',(0.0202,-0.0546,0.005));
#4457=CARTESIAN_POINT('',(-0.0252,-0.0546,0.005));
#4458=CARTESIAN_POINT('',(-0.0202,-0.0546,0.005));
#4459=CARTESIAN_POINT('',(-0.0202,1.19595270357445E-18,0.005));
#4460=CARTESIAN_POINT('',(-0.0182,-0.0636,0.005));
#4461=CARTESIAN_POINT('',(-3.46944695195361E-18,0.0536,0.025));
#4462=CARTESIAN_POINT('',(0.0252,0.0536,0.001));
#4463=CARTESIAN_POINT('',(-0.0202,0.0536,0.001));
#4464=CARTESIAN_POINT('',(0.0202,0.0536,0.001));
#4465=CARTESIAN_POINT('',(0.0202,0.0536,0.004));
#4466=CARTESIAN_POINT('',(0.0202,0.0536,0.004));
#4467=CARTESIAN_POINT('',(-3.46944695195361E-18,0.0536,0.004));
#4468=CARTESIAN_POINT('',(-0.0202,0.0536,0.004));
#4469=CARTESIAN_POINT('',(-0.0202,0.0536,0.025));
#4470=CARTESIAN_POINT('',(6.93889390390723E-18,-0.0536,0.025));
#4471=CARTESIAN_POINT('',(0.0252,-0.0536,0.004));
#4472=CARTESIAN_POINT('',(-0.0202,-0.0536,0.004));
#4473=CARTESIAN_POINT('',(0.0202,-0.0536,0.004));
#4474=CARTESIAN_POINT('',(0.0202,-0.0536,0.025));
#4475=CARTESIAN_POINT('',(0.0202,-0.0536,0.001));
#4476=CARTESIAN_POINT('',(6.93889390390723E-18,-0.0536,0.001));
#4477=CARTESIAN_POINT('',(-0.0202,-0.0536,0.001));
#4478=CARTESIAN_POINT('',(-0.0202,-0.0536,0.004));
#4479=CARTESIAN_POINT('',(1.38777878078145E-17,-0.0736,0.1071));
#4480=CARTESIAN_POINT('',(-0.0202,-0.0686,0.1071));
#4481=CARTESIAN_POINT('',(-0.01875,-0.0686,0.1071));
#4482=CARTESIAN_POINT('',(0.0202,-0.0686,0.1071));
#4483=CARTESIAN_POINT('',(0.02165,-0.0686,0.1071));
#4484=CARTESIAN_POINT('',(0.0252,-0.0686,0.1071));
#4485=CARTESIAN_POINT('',(0.0252,-0.0736,0.1071));
#4486=CARTESIAN_POINT('',(1.38777878078145E-17,-0.0736,0.1071));
#4487=CARTESIAN_POINT('',(-0.0252,-0.0736,0.1071));
#4488=CARTESIAN_POINT('',(-0.0252,-0.0686,0.1071));
#4489=CARTESIAN_POINT('',(-0.0252,-0.0586,0.1071));
#4490=CARTESIAN_POINT('',(0.0252,-0.0586,0.1071));
#4491=CARTESIAN_POINT('',(1.38777878078145E-17,-0.0736,0.05855));
#4492=CARTESIAN_POINT('',(0.0252,-0.0736,0.1171));
#4493=CARTESIAN_POINT('',(-0.0252,-0.0736,0.05855));
#4494=CARTESIAN_POINT('',(1.38777878078145E-17,0.0736,0.1071));
#4495=CARTESIAN_POINT('',(0.0202,0.0686,0.1071));
#4496=CARTESIAN_POINT('',(0.02165,0.0686,0.1071));
#4497=CARTESIAN_POINT('',(-0.0202,0.0686,0.1071));
#4498=CARTESIAN_POINT('',(-0.01875,0.0686,0.1071));
#4499=CARTESIAN_POINT('',(-0.0252,0.0686,0.1071));
#4500=CARTESIAN_POINT('',(-0.0252,0.0736,0.1071));
#4501=CARTESIAN_POINT('',(1.38777878078145E-17,0.0736,0.1071));
#4502=CARTESIAN_POINT('',(0.0252,0.0736,0.1071));
#4503=CARTESIAN_POINT('',(0.0252,0.0686,0.1071));
#4504=CARTESIAN_POINT('',(0.0252,0.0586,0.1071));
#4505=CARTESIAN_POINT('',(-0.0252,0.0586,0.1071));
#4506=CARTESIAN_POINT('',(1.38777878078145E-17,0.0736,0.05855));
#4507=CARTESIAN_POINT('',(-0.0252,0.0736,0.05855));
#4508=CARTESIAN_POINT('',(0.0252,0.0736,0.1071));
#4509=CARTESIAN_POINT('',(-0.0668,7.93717816838445E-18,0.0971));
#4510=CARTESIAN_POINT('',(-0.0668,-0.0315178599707874,0.0971));
#4511=CARTESIAN_POINT('',(0.0302,0.0386,0.0971));
#4512=CARTESIAN_POINT('',(-0.0668,0.0436,0.05855));
#4513=CARTESIAN_POINT('',(0.0252,0.0436,0.0921));
#4514=CARTESIAN_POINT('',(-0.0668,0.0436,0.025));
#4515=CARTESIAN_POINT('',(-0.0668,0.0386,0.02));
#4516=CARTESIAN_POINT('',(0.0302,0.0356691698606004,0.02));
#4517=CARTESIAN_POINT('',(-0.0668,0.0386,0.02));
#4518=CARTESIAN_POINT('',(-0.0668,-0.005,0.05855));
#4519=CARTESIAN_POINT('',(-0.0668,-0.0350511017971142,0.0885621754994496));
#4520=CARTESIAN_POINT('',(0.0252,0.0321359280342736,0.0214621754994496));
#4521=CARTESIAN_POINT('',(-0.0668,-0.019151309889813,0.02));
#4522=CARTESIAN_POINT('',(-0.0668,-0.00678475980883845,0.02));
#4523=CARTESIAN_POINT('',(0.0302,-0.0386,0.02));
#4524=CARTESIAN_POINT('',(-0.0668,-0.0436,0.0444170208224796));
#4525=CARTESIAN_POINT('',(-0.0668,-0.0436,0.0567740287401368));
#4526=CARTESIAN_POINT('',(0.0252,-0.0436,0.025));
#4527=CARTESIAN_POINT('',(-0.0668,-0.019151309889813,0.0444170208224796));
#4528=CARTESIAN_POINT('',(-0.0668,-0.00325151798251159,0.0285378245005504));
#4529=CARTESIAN_POINT('',(-0.0668,-0.0350667581736731,0.0603118532406871));
#4530=CARTESIAN_POINT('',(-0.0668,-0.005,0.05855));
#4531=CARTESIAN_POINT('',(-0.0302,0.0321359280342736,0.0214621754994496));
#4532=CARTESIAN_POINT('',(-0.0668,-0.0350511017971142,0.0885621754994496));
#4533=CARTESIAN_POINT('',(-0.0668,0.0386,0.02));
#4534=CARTESIAN_POINT('',(-0.0252,0.0356691698606004,0.02));
#4535=CARTESIAN_POINT('',(-0.0668,0.0386,0.02));
#4536=CARTESIAN_POINT('',(-0.0668,0.0436,0.05855));
#4537=CARTESIAN_POINT('',(-0.0302,0.0436,0.0921));
#4538=CARTESIAN_POINT('',(-0.0668,0.0436,0.025));
#4539=CARTESIAN_POINT('',(-0.0668,7.93717816838445E-18,0.0971));
#4540=CARTESIAN_POINT('',(-0.0252,0.0386,0.0971));
#4541=CARTESIAN_POINT('',(-0.0668,-0.0315178599707874,0.0971));
#4542=CARTESIAN_POINT('',(-0.0668,-0.019151309889813,0.0444170208224796));
#4543=CARTESIAN_POINT('',(-0.0668,-0.00325151798251159,0.0285378245005504));
#4544=CARTESIAN_POINT('',(-0.0668,-0.0436,0.0688340416449592));
#4545=CARTESIAN_POINT('',(-0.0668,-0.0436,0.0444170208224796));
#4546=CARTESIAN_POINT('',(-0.0302,-0.0436,0.025));
#4547=CARTESIAN_POINT('',(-0.0668,-0.019151309889813,0.02));
#4548=CARTESIAN_POINT('',(-0.0668,-0.00678475980883845,0.02));
#4549=CARTESIAN_POINT('',(-0.0252,-0.0386,0.02));
#4550=CARTESIAN_POINT('',(-0.0668,-0.00678475980883845,0.025));
#4551=CARTESIAN_POINT('',(-0.0668,-0.0386,0.025));
#4552=CARTESIAN_POINT('',(-0.0668,0.0386,0.0921));
#4553=CARTESIAN_POINT('',(-0.0668,0.0356691698606004,0.025));
#4554=CARTESIAN_POINT('',(-0.0668,0.0386,0.025));
#4555=CARTESIAN_POINT('',(-0.0668,-0.0315178599707874,0.0921));
#4556=CARTESIAN_POINT('',(-0.0668,-0.0315178599707874,0.0921));
#4557=CARTESIAN_POINT('',(-0.0668,0.0386,0.0921));
#4558=CARTESIAN_POINT('',(-0.0668,0.0356691698606004,0.025));
#4559=CARTESIAN_POINT('',(-0.0668,0.0386,0.025));
#4560=CARTESIAN_POINT('',(-0.0668,-0.00678475980883845,0.025));
#4561=CARTESIAN_POINT('',(-0.0668,-0.0386,0.0567740287401368));
#4562=CARTESIAN_POINT('',(-0.0668,-0.0386,0.025));
#4563=CARTESIAN_POINT('',(-0.0252,-0.0586,0.005));
#4564=CARTESIAN_POINT('',(0.0252,-0.0586,0.005));
#4565=CARTESIAN_POINT('',(-0.0252,0.0586,0.005));
#4566=CARTESIAN_POINT('',(0.0252,0.0586,0.005));
#4567=CARTESIAN_POINT('',(6.93889390390723E-18,-0.0546,0.001));
#4568=CARTESIAN_POINT('',(0.0202,-0.0546,0.001));
#4569=CARTESIAN_POINT('',(-0.0202,-0.0546,0.001));
#4570=CARTESIAN_POINT('',(6.93889390390723E-18,-0.0546,0.004));
#4571=CARTESIAN_POINT('',(0.0202,-0.0546,0.004));
#4572=CARTESIAN_POINT('',(-0.0202,-0.0546,0.004));
#4573=CARTESIAN_POINT('',(6.93889390390723E-18,0.0546,0.001));
#4574=CARTESIAN_POINT('',(0.0202,0.0546,0.001));
#4575=CARTESIAN_POINT('',(-0.0202,0.0546,0.001));
#4576=CARTESIAN_POINT('',(6.93889390390723E-18,0.0546,0.004));
#4577=CARTESIAN_POINT('',(0.0202,0.0546,0.004));
#4578=CARTESIAN_POINT('',(-0.0202,0.0546,0.004));
#4579=CARTESIAN_POINT('',(-0.0202,0.0686,0.0921));
#4580=CARTESIAN_POINT('',(0.0202,0.0686,0.0921));
#4581=CARTESIAN_POINT('',(0.0202,-0.0686,0.0921));
#4582=CARTESIAN_POINT('',(-0.0202,-0.0686,0.0921));
#4583=CARTESIAN_POINT('',(-0.0252,0.0686,0.005));
#4584=CARTESIAN_POINT('',(0.0252,0.0686,0.05855));
#4585=CARTESIAN_POINT('',(0.0252,-0.0686,0.005));
#4586=CARTESIAN_POINT('',(-0.0252,-0.0686,0.05855));
#4587=CARTESIAN_POINT('',(0.0202,-0.0546,0.001));
#4588=CARTESIAN_POINT('',(0.0202,-0.0486,0.001));
#4589=CARTESIAN_POINT('',(0.0202,-0.0486,0.025));
#4590=CARTESIAN_POINT('',(0.0202,-0.0486,0.004));
#4591=CARTESIAN_POINT('',(0.0202,-0.0546,0.004));
#4592=CARTESIAN_POINT('',(0.0202,-0.0546,0.01));
#4593=CARTESIAN_POINT('',(0.0202,-1.19595270357445E-18,0.01));
#4594=CARTESIAN_POINT('',(0.0202,0.0546,0.001));
#4595=CARTESIAN_POINT('',(0.0202,0.0486,0.001));
#4596=CARTESIAN_POINT('',(0.0202,0.0486,0.1171));
#4597=CARTESIAN_POINT('',(0.0202,0.0486,0.004));
#4598=CARTESIAN_POINT('',(0.0202,0.0546,0.004));
#4599=CARTESIAN_POINT('',(0.0202,0.0546,0.01));
#4600=CARTESIAN_POINT('',(0.0202,-1.19595270357445E-18,0.01));
#4601=CARTESIAN_POINT('',(-0.0202,-0.0546,0.001));
#4602=CARTESIAN_POINT('',(-0.0202,-0.0486,0.001));
#4603=CARTESIAN_POINT('',(-0.0202,-0.0486,0.1171));
#4604=CARTESIAN_POINT('',(-0.0202,-0.0486,0.004));
#4605=CARTESIAN_POINT('',(-0.0202,-0.0546,0.004));
#4606=CARTESIAN_POINT('',(-0.0202,-0.0546,0.01));
#4607=CARTESIAN_POINT('',(-0.0202,-3.76547484887798E-18,0.01));
#4608=CARTESIAN_POINT('',(-0.0202,0.0546,0.001));
#4609=CARTESIAN_POINT('',(-0.0202,0.0486,0.001));
#4610=CARTESIAN_POINT('',(-0.0202,0.0486,0.025));
#4611=CARTESIAN_POINT('',(-0.0202,0.0486,0.004));
#4612=CARTESIAN_POINT('',(-0.0202,0.0546,0.004));
#4613=CARTESIAN_POINT('',(-0.0202,0.0546,0.01));
#4614=CARTESIAN_POINT('',(-0.0202,-3.76547484887798E-18,0.01));
#4615=CARTESIAN_POINT('',(0.0322,-2.63481584558741E-18,0.05855));
#4616=CARTESIAN_POINT('',(0.0322,-0.0501,0.1071));
#4617=CARTESIAN_POINT('',(0.0322,-0.0501,0.1001));
#4618=CARTESIAN_POINT('',(0.0322,-0.0501,0.1061));
#4619=CARTESIAN_POINT('',(0.0322,-0.0531,0.1061));
#4620=CARTESIAN_POINT('',(0.0322,-0.0521,0.1061));
#4621=CARTESIAN_POINT('',(0.0322,-0.0521,0.05855));
#4622=CARTESIAN_POINT('',(0.0322,-0.0521,0.1001));
#4623=CARTESIAN_POINT('',(0.0322,-2.63481584558741E-18,0.1001));
#4624=CARTESIAN_POINT('',(0.0322,-2.63481584558741E-18,0.05855));
#4625=CARTESIAN_POINT('',(0.0322,0.0491,0.0561));
#4626=CARTESIAN_POINT('',(0.0322,0.0521,0.0561));
#4627=CARTESIAN_POINT('',(0.0322,0.0501,0.0561));
#4628=CARTESIAN_POINT('',(0.0322,0.0501,0.05855));
#4629=CARTESIAN_POINT('',(0.0322,0.0501,0.0501));
#4630=CARTESIAN_POINT('',(0.0322,-2.63481584558741E-18,0.0501));
#4631=CARTESIAN_POINT('',(0.0322,0.0521,0.0501));
#4632=CARTESIAN_POINT('',(0.0322,0.0521,0.0571));
#4633=CARTESIAN_POINT('',(0.0322,-2.63481584558741E-18,0.05855));
#4634=CARTESIAN_POINT('',(0.0322,0.0521,0.1071));
#4635=CARTESIAN_POINT('',(0.0322,0.0521,0.1001));
#4636=CARTESIAN_POINT('',(0.0322,0.0521,0.1061));
#4637=CARTESIAN_POINT('',(0.0322,0.0491,0.1061));
#4638=CARTESIAN_POINT('',(0.0322,0.0501,0.1061));
#4639=CARTESIAN_POINT('',(0.0322,0.0501,0.05855));
#4640=CARTESIAN_POINT('',(0.0322,0.0501,0.1001));
#4641=CARTESIAN_POINT('',(0.0322,-2.63481584558741E-18,0.1001));
#4642=CARTESIAN_POINT('',(0.0322,-2.63481584558741E-18,0.05855));
#4643=CARTESIAN_POINT('',(0.0322,-0.0501,0.0571));
#4644=CARTESIAN_POINT('',(0.0322,-0.0501,0.0501));
#4645=CARTESIAN_POINT('',(0.0322,-0.0501,0.0561));
#4646=CARTESIAN_POINT('',(0.0322,-0.0531,0.0561));
#4647=CARTESIAN_POINT('',(0.0322,-0.0521,0.0561));
#4648=CARTESIAN_POINT('',(0.0322,-0.0521,0.05855));
#4649=CARTESIAN_POINT('',(0.0322,-0.0521,0.0501));
#4650=CARTESIAN_POINT('',(0.0322,-2.63481584558741E-18,0.0501));
#4651=CARTESIAN_POINT('',(0.0312,-0.0501,0.1061));
#4652=CARTESIAN_POINT('',(0.0312,-0.0501,0.1061));
#4653=CARTESIAN_POINT('',(0.0312,-0.0491,0.1061));
#4654=CARTESIAN_POINT('',(0.0312,-0.0501,0.1061));
#4655=CARTESIAN_POINT('',(0.0312,-0.0501,0.1071));
#4656=CARTESIAN_POINT('',(0.0312,-0.0501,0.1061));
#4657=CARTESIAN_POINT('',(0.0312,-0.0501,0.1061));
#4658=CARTESIAN_POINT('',(0.0312,-0.0501,0.1081));
#4659=CARTESIAN_POINT('',(0.0312,-0.0481,0.1061));
#4660=CARTESIAN_POINT('',(0.0312,-2.5529892665319E-18,0.1061));
#4661=CARTESIAN_POINT('',(0.0312,-0.0491,0.1071));
#4662=CARTESIAN_POINT('',(0.0312,-0.0521,0.1071));
#4663=CARTESIAN_POINT('',(0.0312,-0.0521,0.1061));
#4664=CARTESIAN_POINT('',(0.0312,-0.0501,0.05855));
#4665=CARTESIAN_POINT('',(0.0312,-0.0501,0.1001));
#4666=CARTESIAN_POINT('',(0.0312,-0.0491,0.1001));
#4667=CARTESIAN_POINT('',(0.0312,-0.0491,0.0991));
#4668=CARTESIAN_POINT('',(0.0312,-0.0481,0.1031));
#4669=CARTESIAN_POINT('',(0.0312,-0.0481,0.1001));
#4670=CARTESIAN_POINT('',(0.0312,-0.0511,0.1081));
#4671=CARTESIAN_POINT('',(0.0312,-0.0521,0.1081));
#4672=CARTESIAN_POINT('',(0.0312,-0.0521,0.1061));
#4673=CARTESIAN_POINT('',(0.0312,-0.0521,0.1061));
#4674=CARTESIAN_POINT('',(0.0312,-0.0531,0.1061));
#4675=CARTESIAN_POINT('',(0.0312,-0.0521,0.1061));
#4676=CARTESIAN_POINT('',(0.0312,-0.0501,0.1001));
#4677=CARTESIAN_POINT('',(0.0312,-0.0501,0.1001));
#4678=CARTESIAN_POINT('',(0.0312,-0.0501,0.0991));
#4679=CARTESIAN_POINT('',(0.0312,-0.0501,0.1001));
#4680=CARTESIAN_POINT('',(0.0312,-0.0501,0.1001));
#4681=CARTESIAN_POINT('',(0.0312,-0.0501,0.0981));
#4682=CARTESIAN_POINT('',(0.0312,-0.0521,0.1061));
#4683=CARTESIAN_POINT('',(0.0312,-0.0541,0.1061));
#4684=CARTESIAN_POINT('',(0.0312,-0.0521,0.1031));
#4685=CARTESIAN_POINT('',(0.0312,-0.0531,0.1031));
#4686=CARTESIAN_POINT('',(0.0312,-0.0531,0.1001));
#4687=CARTESIAN_POINT('',(0.0312,-0.0521,0.1001));
#4688=CARTESIAN_POINT('',(0.0312,-0.0511,0.1001));
#4689=CARTESIAN_POINT('',(0.0312,-0.0511,0.0991));
#4690=CARTESIAN_POINT('',(0.0312,-0.0521,0.0991));
#4691=CARTESIAN_POINT('',(0.0312,-0.0521,0.1001));
#4692=CARTESIAN_POINT('',(0.0312,-8.18265790555098E-20,0.0981));
#4693=CARTESIAN_POINT('',(0.0312,-0.0521,0.0981));
#4694=CARTESIAN_POINT('',(0.0312,-0.0541,0.005));
#4695=CARTESIAN_POINT('',(0.0312,-0.0541,0.1001));
#4696=CARTESIAN_POINT('',(0.0312,-0.0521,0.1001));
#4697=CARTESIAN_POINT('',(0.0312,-0.0521,0.1001));
#4698=CARTESIAN_POINT('',(0.0312,-0.0521,0.1001));
#4699=CARTESIAN_POINT('',(0.0312,-0.0501,0.0501));
#4700=CARTESIAN_POINT('',(0.0312,-0.0501,0.0501));
#4701=CARTESIAN_POINT('',(0.0312,-0.0501,0.0491));
#4702=CARTESIAN_POINT('',(0.0312,-0.0501,0.0501));
#4703=CARTESIAN_POINT('',(0.0312,-0.0491,0.0501));
#4704=CARTESIAN_POINT('',(0.0312,-0.0501,0.0501));
#4705=CARTESIAN_POINT('',(0.0312,-0.0501,0.0501));
#4706=CARTESIAN_POINT('',(0.0312,-0.0481,0.0501));
#4707=CARTESIAN_POINT('',(0.0312,-0.0501,0.0481));
#4708=CARTESIAN_POINT('',(0.0312,-0.0501,0.05855));
#4709=CARTESIAN_POINT('',(0.0312,-0.0491,0.0491));
#4710=CARTESIAN_POINT('',(0.0312,-0.0491,0.0561));
#4711=CARTESIAN_POINT('',(0.0312,-0.0501,0.0561));
#4712=CARTESIAN_POINT('',(0.0312,-0.0511,0.0501));
#4713=CARTESIAN_POINT('',(0.0312,-0.0521,0.0501));
#4714=CARTESIAN_POINT('',(0.0312,-0.0521,0.0491));
#4715=CARTESIAN_POINT('',(0.0312,-0.0511,0.0491));
#4716=CARTESIAN_POINT('',(0.0312,-8.18265790555098E-20,0.0481));
#4717=CARTESIAN_POINT('',(0.0312,-0.0521,0.0481));
#4718=CARTESIAN_POINT('',(0.0312,-0.0481,0.0531));
#4719=CARTESIAN_POINT('',(0.0312,-0.0481,0.0561));
#4720=CARTESIAN_POINT('',(0.0312,-0.0501,0.0561));
#4721=CARTESIAN_POINT('',(0.0312,-0.0501,0.0561));
#4722=CARTESIAN_POINT('',(0.0312,-0.0501,0.0571));
#4723=CARTESIAN_POINT('',(0.0312,-0.0501,0.0561));
#4724=CARTESIAN_POINT('',(0.0312,-0.0521,0.0501));
#4725=CARTESIAN_POINT('',(0.0312,-0.0521,0.0501));
#4726=CARTESIAN_POINT('',(0.0312,-0.0531,0.0501));
#4727=CARTESIAN_POINT('',(0.0312,-0.0521,0.0501));
#4728=CARTESIAN_POINT('',(0.0312,-0.0521,0.0501));
#4729=CARTESIAN_POINT('',(0.0312,-0.0541,0.0501));
#4730=CARTESIAN_POINT('',(0.0312,-0.0501,0.0561));
#4731=CARTESIAN_POINT('',(0.0312,-0.0501,0.0581));
#4732=CARTESIAN_POINT('',(0.0312,-2.5529892665319E-18,0.0561));
#4733=CARTESIAN_POINT('',(0.0312,-0.0491,0.0571));
#4734=CARTESIAN_POINT('',(0.0312,-0.0521,0.0571));
#4735=CARTESIAN_POINT('',(0.0312,-0.0521,0.0561));
#4736=CARTESIAN_POINT('',(0.0312,-0.0521,0.0531));
#4737=CARTESIAN_POINT('',(0.0312,-0.0531,0.0531));
#4738=CARTESIAN_POINT('',(0.0312,-0.0531,0.0561));
#4739=CARTESIAN_POINT('',(0.0312,-0.0521,0.0561));
#4740=CARTESIAN_POINT('',(0.0312,-0.0541,0.005));
#4741=CARTESIAN_POINT('',(0.0312,-0.0541,0.0561));
#4742=CARTESIAN_POINT('',(0.0312,-0.0511,0.0581));
#4743=CARTESIAN_POINT('',(0.0312,-0.0521,0.0581));
#4744=CARTESIAN_POINT('',(0.0312,-0.0521,0.0561));
#4745=CARTESIAN_POINT('',(0.0312,-0.0521,0.0561));
#4746=CARTESIAN_POINT('',(0.0312,-0.0521,0.0561));
#4747=CARTESIAN_POINT('',(0.0312,-2.5529892665319E-18,0.0561));
#4748=CARTESIAN_POINT('',(0.0312,0.0521,0.0561));
#4749=CARTESIAN_POINT('',(0.0312,0.0521,0.0571));
#4750=CARTESIAN_POINT('',(0.0312,0.0531,0.0571));
#4751=CARTESIAN_POINT('',(0.0312,0.0501,0.0571));
#4752=CARTESIAN_POINT('',(0.0312,0.0501,0.0561));
#4753=CARTESIAN_POINT('',(0.0312,0.0521,0.0561));
#4754=CARTESIAN_POINT('',(0.0312,0.0521,0.0561));
#4755=CARTESIAN_POINT('',(0.0312,0.0531,0.0561));
#4756=CARTESIAN_POINT('',(0.0312,0.0521,0.0561));
#4757=CARTESIAN_POINT('',(0.0312,0.0511,0.0581));
#4758=CARTESIAN_POINT('',(0.0312,0.0501,0.0581));
#4759=CARTESIAN_POINT('',(0.0312,0.0521,0.0581));
#4760=CARTESIAN_POINT('',(0.0312,0.0501,0.0561));
#4761=CARTESIAN_POINT('',(0.0312,0.0501,0.0561));
#4762=CARTESIAN_POINT('',(0.0312,0.0491,0.0561));
#4763=CARTESIAN_POINT('',(0.0312,0.0501,0.0561));
#4764=CARTESIAN_POINT('',(0.0312,0.0521,0.05855));
#4765=CARTESIAN_POINT('',(0.0312,0.0521,0.0501));
#4766=CARTESIAN_POINT('',(0.0312,0.0531,0.0501));
#4767=CARTESIAN_POINT('',(0.0312,0.0531,0.0491));
#4768=CARTESIAN_POINT('',(0.0312,0.0521,0.0561));
#4769=CARTESIAN_POINT('',(0.0312,0.0541,0.0561));
#4770=CARTESIAN_POINT('',(0.0312,0.0501,0.0561));
#4771=CARTESIAN_POINT('',(0.0312,0.0481,0.0561));
#4772=CARTESIAN_POINT('',(0.0312,0.0501,0.0531));
#4773=CARTESIAN_POINT('',(0.0312,0.0501,0.0501));
#4774=CARTESIAN_POINT('',(0.0312,0.0491,0.0501));
#4775=CARTESIAN_POINT('',(0.0312,0.0491,0.0531));
#4776=CARTESIAN_POINT('',(0.0312,0.0501,0.0501));
#4777=CARTESIAN_POINT('',(0.0312,0.0501,0.0501));
#4778=CARTESIAN_POINT('',(0.0312,0.0501,0.0491));
#4779=CARTESIAN_POINT('',(0.0312,0.0501,0.0501));
#4780=CARTESIAN_POINT('',(0.0312,0.0521,0.0501));
#4781=CARTESIAN_POINT('',(0.0312,0.0521,0.0501));
#4782=CARTESIAN_POINT('',(0.0312,0.0521,0.0491));
#4783=CARTESIAN_POINT('',(0.0312,0.0521,0.0501));
#4784=CARTESIAN_POINT('',(0.0312,0.0541,0.0531));
#4785=CARTESIAN_POINT('',(0.0312,0.0541,0.0501));
#4786=CARTESIAN_POINT('',(0.0312,0.0481,0.005));
#4787=CARTESIAN_POINT('',(0.0312,0.0481,0.0501));
#4788=CARTESIAN_POINT('',(0.0312,0.0511,0.0501));
#4789=CARTESIAN_POINT('',(0.0312,0.0511,0.0491));
#4790=CARTESIAN_POINT('',(0.0312,0.0521,0.0501));
#4791=CARTESIAN_POINT('',(0.0312,0.0521,0.0481));
#4792=CARTESIAN_POINT('',(0.0312,0.0501,0.0501));
#4793=CARTESIAN_POINT('',(0.0312,0.0501,0.0481));
#4794=CARTESIAN_POINT('',(0.0312,-8.18265790555098E-20,0.0481));
#4795=CARTESIAN_POINT('',(0.0312,-8.18265790555098E-20,0.0981));
#4796=CARTESIAN_POINT('',(0.0312,0.0501,0.0981));
#4797=CARTESIAN_POINT('',(0.0312,0.0501,0.0991));
#4798=CARTESIAN_POINT('',(0.0312,0.0521,0.0981));
#4799=CARTESIAN_POINT('',(0.0312,0.0521,0.0991));
#4800=CARTESIAN_POINT('',(0.0312,0.0511,0.0991));
#4801=CARTESIAN_POINT('',(0.0312,0.0521,0.1001));
#4802=CARTESIAN_POINT('',(0.0312,0.0521,0.1001));
#4803=CARTESIAN_POINT('',(0.0312,0.0531,0.1001));
#4804=CARTESIAN_POINT('',(0.0312,0.0541,0.1001));
#4805=CARTESIAN_POINT('',(0.0312,0.0511,0.1001));
#4806=CARTESIAN_POINT('',(0.0312,0.0501,0.1001));
#4807=CARTESIAN_POINT('',(0.0312,0.0521,0.1001));
#4808=CARTESIAN_POINT('',(0.0312,0.0501,0.1001));
#4809=CARTESIAN_POINT('',(0.0312,0.0501,0.1001));
#4810=CARTESIAN_POINT('',(0.0312,0.0491,0.1001));
#4811=CARTESIAN_POINT('',(0.0312,0.0481,0.1001));
#4812=CARTESIAN_POINT('',(0.0312,0.0541,0.1031));
#4813=CARTESIAN_POINT('',(0.0312,0.0541,0.1061));
#4814=CARTESIAN_POINT('',(0.0312,0.0531,0.1061));
#4815=CARTESIAN_POINT('',(0.0312,0.0531,0.1071));
#4816=CARTESIAN_POINT('',(0.0312,0.0521,0.1001));
#4817=CARTESIAN_POINT('',(0.0312,0.0521,0.1001));
#4818=CARTESIAN_POINT('',(0.0312,0.0501,0.1001));
#4819=CARTESIAN_POINT('',(0.0312,0.0501,0.1001));
#4820=CARTESIAN_POINT('',(0.0312,0.0481,0.005));
#4821=CARTESIAN_POINT('',(0.0312,0.0481,0.1061));
#4822=CARTESIAN_POINT('',(0.0312,0.0491,0.1061));
#4823=CARTESIAN_POINT('',(0.0312,0.0491,0.1031));
#4824=CARTESIAN_POINT('',(0.0312,0.0501,0.1061));
#4825=CARTESIAN_POINT('',(0.0312,0.0501,0.1061));
#4826=CARTESIAN_POINT('',(0.0312,0.0501,0.1071));
#4827=CARTESIAN_POINT('',(0.0312,0.0501,0.1081));
#4828=CARTESIAN_POINT('',(0.0312,0.0521,0.1061));
#4829=CARTESIAN_POINT('',(0.0312,0.0521,0.1061));
#4830=CARTESIAN_POINT('',(0.0312,0.0521,0.1071));
#4831=CARTESIAN_POINT('',(0.0312,0.0521,0.1081));
#4832=CARTESIAN_POINT('',(0.0312,0.0521,0.05855));
#4833=CARTESIAN_POINT('',(0.0312,0.0521,0.1061));
#4834=CARTESIAN_POINT('',(0.0312,0.0501,0.1031));
#4835=CARTESIAN_POINT('',(0.0312,0.0501,0.1061));
#4836=CARTESIAN_POINT('',(0.0312,0.0511,0.1081));
#4837=CARTESIAN_POINT('',(0.0312,0.0491,0.1071));
#4838=CARTESIAN_POINT('',(0.0312,0.0521,0.1061));
#4839=CARTESIAN_POINT('',(0.0312,0.0521,0.1061));
#4840=CARTESIAN_POINT('',(0.0312,0.0501,0.1061));
#4841=CARTESIAN_POINT('',(0.0312,0.0501,0.1061));
#4842=CARTESIAN_POINT('',(0.0312,-2.5529892665319E-18,0.1061));
#4843=CARTESIAN_POINT('',(-0.0202,0.063602,0.05355));
#4844=CARTESIAN_POINT('',(-0.0202,0.0636,0.007));
#4845=CARTESIAN_POINT('',(-0.0202,0.0586,0.1001));
#4846=CARTESIAN_POINT('',(-3.26959761693313E-17,0.063602,0.1021));
#4847=CARTESIAN_POINT('',(-0.0182,0.0636,0.1021));
#4848=CARTESIAN_POINT('',(0.0182,0.0586,0.1021));
#4849=CARTESIAN_POINT('',(0.0202,0.063602,0.05355));
#4850=CARTESIAN_POINT('',(0.0202,0.0586,0.007));
#4851=CARTESIAN_POINT('',(0.0202,0.0636,0.1001));
#4852=CARTESIAN_POINT('',(-3.26959761693313E-17,0.063602,0.1021));
#4853=CARTESIAN_POINT('',(-0.0182,-0.0586,0.1021));
#4854=CARTESIAN_POINT('',(0.0182,-0.0636,0.1021));
#4855=CARTESIAN_POINT('',(0.0202,0.063602,0.05355));
#4856=CARTESIAN_POINT('',(0.0202,-0.0586,0.1001));
#4857=CARTESIAN_POINT('',(0.0202,-0.0636,0.007));
#4858=CARTESIAN_POINT('',(-0.0202,0.063602,0.05355));
#4859=CARTESIAN_POINT('',(-0.0202,-0.0636,0.1001));
#4860=CARTESIAN_POINT('',(-0.0202,-0.0586,0.007));
#4861=CARTESIAN_POINT('',(0.0182,0.063602,0.007));
#4862=CARTESIAN_POINT('',(-0.0182,-4.18171751824873E-18,0.007));
#4863=CARTESIAN_POINT('',(-0.0182,0.063602,0.1001));
#4864=CARTESIAN_POINT('',(0.0182,0.063602,0.1001));
#4865=CARTESIAN_POINT('',(-0.0182,0.063602,0.1001));
#4866=CARTESIAN_POINT('',(0.0182,0.063602,0.1001));
#4867=CARTESIAN_POINT('',(0.0182,0.063602,0.007));
#4868=CARTESIAN_POINT('',(-0.0182,-4.18171751824873E-18,0.007));
#4869=MECHANICAL_DESIGN_GEOMETRIC_PRESENTATION_REPRESENTATION('',(#2762),
#4870);
#4870=(
GEOMETRIC_REPRESENTATION_CONTEXT(3)
GLOBAL_UNCERTAINTY_ASSIGNED_CONTEXT((#4871))
GLOBAL_UNIT_ASSIGNED_CONTEXT((#4874,#4873,#4872))
REPRESENTATION_CONTEXT('Battery Holder','TOP_LEVEL_ASSEMBLY_PART')
);
#4871=UNCERTAINTY_MEASURE_WITH_UNIT(LENGTH_MEASURE(2.E-5),#4874,
'DISTANCE_ACCURACY_VALUE','Maximum Tolerance applied to model');
#4872=(
NAMED_UNIT(*)
SI_UNIT($,.STERADIAN.)
SOLID_ANGLE_UNIT()
);
#4873=(
NAMED_UNIT(*)
PLANE_ANGLE_UNIT()
SI_UNIT($,.RADIAN.)
);
#4874=(
LENGTH_UNIT()
NAMED_UNIT(*)
SI_UNIT($,.METRE.)
);
#4875=PRODUCT_DEFINITION_SHAPE('','',#4876);
#4876=PRODUCT_DEFINITION('','',#4878,#4877);
#4877=PRODUCT_DEFINITION_CONTEXT('',#4884,'design');
#4878=PRODUCT_DEFINITION_FORMATION_WITH_SPECIFIED_SOURCE('','',#4880,
 .NOT_KNOWN.);
#4879=PRODUCT_RELATED_PRODUCT_CATEGORY('','',(#4880));
#4880=PRODUCT('Battery Holder','Battery Holder','Battery Holder',(#4882));
#4881=PRODUCT_CATEGORY('','');
#4882=PRODUCT_CONTEXT('',#4884,'mechanical');
#4883=APPLICATION_PROTOCOL_DEFINITION('international standard',
'ap242_managed_model_based_3d_engineering',2020,#4884);
#4884=APPLICATION_CONTEXT('managed model based 3d engineering');
ENDSEC;
END-ISO-10303-21;
