ISO-10303-21;
HEADER;
/* Generated by software containing ST-Developer
 * from STEP Tools, Inc. (www.steptools.com) 
 */
/* OPTION: using custom renumber hook */

FILE_DESCRIPTION(
/* description */ ('STEP AP242 Edition 2',
'CAx-IF Rec.Pracs.---Representation and Presentation of Product Manufa
cturing Information (PMI)---4.0---2014-10-13',
'CAx-IF Rec.Pracs.---3D Tessellated Geometry---0.4---2014-09-14','2;1',
'CAx-IF Rec.Pracs.---User Defined Attributes---1.5---2016-08-15'),
/* implementation_level */ '2;1');

FILE_NAME(
/* name */ 'Right Arm - right holder',
/* time_stamp */ '2026-05-31T15:23:16Z',
/* author */ (''),
/* organization */ (''),
/* preprocessor_version */ 'ST-DEVELOPER v20',
/* originating_system */ 'ONSHAPE BY PTC INC, 1.215',
/* authorisation */ '  ');

FILE_SCHEMA (('AP242_MANAGED_MODEL_BASED_3D_ENGINEERING_MIM_LF { 1 0 10303 442 3 1 4 }'));
ENDSEC;

DATA;
#10=SHAPE_REPRESENTATION_RELATIONSHIP('','',#1060,#11);
#11=ADVANCED_BREP_SHAPE_REPRESENTATION('',(#1058),#3029);
#12=B_SPLINE_SURFACE_WITH_KNOTS('',3,3,((#1707,#1708,#1709,#1710,#1711,
#1712,#1713,#1714,#1715,#1716,#1717,#1718,#1719,#1720,#1721,#1722,#1723,
#1724,#1725,#1726,#1727,#1728,#1729,#1730,#1731,#1732,#1733,#1734,#1735,
#1736,#1737,#1738,#1739,#1740,#1741,#1742),(#1743,#1744,#1745,#1746,#1747,
#1748,#1749,#1750,#1751,#1752,#1753,#1754,#1755,#1756,#1757,#1758,#1759,
#1760,#1761,#1762,#1763,#1764,#1765,#1766,#1767,#1768,#1769,#1770,#1771,
#1772,#1773,#1774,#1775,#1776,#1777,#1778),(#1779,#1780,#1781,#1782,#1783,
#1784,#1785,#1786,#1787,#1788,#1789,#1790,#1791,#1792,#1793,#1794,#1795,
#1796,#1797,#1798,#1799,#1800,#1801,#1802,#1803,#1804,#1805,#1806,#1807,
#1808,#1809,#1810,#1811,#1812,#1813,#1814),(#1815,#1816,#1817,#1818,#1819,
#1820,#1821,#1822,#1823,#1824,#1825,#1826,#1827,#1828,#1829,#1830,#1831,
#1832,#1833,#1834,#1835,#1836,#1837,#1838,#1839,#1840,#1841,#1842,#1843,
#1844,#1845,#1846,#1847,#1848,#1849,#1850),(#1851,#1852,#1853,#1854,#1855,
#1856,#1857,#1858,#1859,#1860,#1861,#1862,#1863,#1864,#1865,#1866,#1867,
#1868,#1869,#1870,#1871,#1872,#1873,#1874,#1875,#1876,#1877,#1878,#1879,
#1880,#1881,#1882,#1883,#1884,#1885,#1886),(#1887,#1888,#1889,#1890,#1891,
#1892,#1893,#1894,#1895,#1896,#1897,#1898,#1899,#1900,#1901,#1902,#1903,
#1904,#1905,#1906,#1907,#1908,#1909,#1910,#1911,#1912,#1913,#1914,#1915,
#1916,#1917,#1918,#1919,#1920,#1921,#1922),(#1923,#1924,#1925,#1926,#1927,
#1928,#1929,#1930,#1931,#1932,#1933,#1934,#1935,#1936,#1937,#1938,#1939,
#1940,#1941,#1942,#1943,#1944,#1945,#1946,#1947,#1948,#1949,#1950,#1951,
#1952,#1953,#1954,#1955,#1956,#1957,#1958),(#1959,#1960,#1961,#1962,#1963,
#1964,#1965,#1966,#1967,#1968,#1969,#1970,#1971,#1972,#1973,#1974,#1975,
#1976,#1977,#1978,#1979,#1980,#1981,#1982,#1983,#1984,#1985,#1986,#1987,
#1988,#1989,#1990,#1991,#1992,#1993,#1994),(#1995,#1996,#1997,#1998,#1999,
#2000,#2001,#2002,#2003,#2004,#2005,#2006,#2007,#2008,#2009,#2010,#2011,
#2012,#2013,#2014,#2015,#2016,#2017,#2018,#2019,#2020,#2021,#2022,#2023,
#2024,#2025,#2026,#2027,#2028,#2029,#2030),(#2031,#2032,#2033,#2034,#2035,
#2036,#2037,#2038,#2039,#2040,#2041,#2042,#2043,#2044,#2045,#2046,#2047,
#2048,#2049,#2050,#2051,#2052,#2053,#2054,#2055,#2056,#2057,#2058,#2059,
#2060,#2061,#2062,#2063,#2064,#2065,#2066),(#2067,#2068,#2069,#2070,#2071,
#2072,#2073,#2074,#2075,#2076,#2077,#2078,#2079,#2080,#2081,#2082,#2083,
#2084,#2085,#2086,#2087,#2088,#2089,#2090,#2091,#2092,#2093,#2094,#2095,
#2096,#2097,#2098,#2099,#2100,#2101,#2102),(#2103,#2104,#2105,#2106,#2107,
#2108,#2109,#2110,#2111,#2112,#2113,#2114,#2115,#2116,#2117,#2118,#2119,
#2120,#2121,#2122,#2123,#2124,#2125,#2126,#2127,#2128,#2129,#2130,#2131,
#2132,#2133,#2134,#2135,#2136,#2137,#2138),(#2139,#2140,#2141,#2142,#2143,
#2144,#2145,#2146,#2147,#2148,#2149,#2150,#2151,#2152,#2153,#2154,#2155,
#2156,#2157,#2158,#2159,#2160,#2161,#2162,#2163,#2164,#2165,#2166,#2167,
#2168,#2169,#2170,#2171,#2172,#2173,#2174),(#2175,#2176,#2177,#2178,#2179,
#2180,#2181,#2182,#2183,#2184,#2185,#2186,#2187,#2188,#2189,#2190,#2191,
#2192,#2193,#2194,#2195,#2196,#2197,#2198,#2199,#2200,#2201,#2202,#2203,
#2204,#2205,#2206,#2207,#2208,#2209,#2210),(#2211,#2212,#2213,#2214,#2215,
#2216,#2217,#2218,#2219,#2220,#2221,#2222,#2223,#2224,#2225,#2226,#2227,
#2228,#2229,#2230,#2231,#2232,#2233,#2234,#2235,#2236,#2237,#2238,#2239,
#2240,#2241,#2242,#2243,#2244,#2245,#2246),(#2247,#2248,#2249,#2250,#2251,
#2252,#2253,#2254,#2255,#2256,#2257,#2258,#2259,#2260,#2261,#2262,#2263,
#2264,#2265,#2266,#2267,#2268,#2269,#2270,#2271,#2272,#2273,#2274,#2275,
#2276,#2277,#2278,#2279,#2280,#2281,#2282),(#2283,#2284,#2285,#2286,#2287,
#2288,#2289,#2290,#2291,#2292,#2293,#2294,#2295,#2296,#2297,#2298,#2299,
#2300,#2301,#2302,#2303,#2304,#2305,#2306,#2307,#2308,#2309,#2310,#2311,
#2312,#2313,#2314,#2315,#2316,#2317,#2318),(#2319,#2320,#2321,#2322,#2323,
#2324,#2325,#2326,#2327,#2328,#2329,#2330,#2331,#2332,#2333,#2334,#2335,
#2336,#2337,#2338,#2339,#2340,#2341,#2342,#2343,#2344,#2345,#2346,#2347,
#2348,#2349,#2350,#2351,#2352,#2353,#2354),(#2355,#2356,#2357,#2358,#2359,
#2360,#2361,#2362,#2363,#2364,#2365,#2366,#2367,#2368,#2369,#2370,#2371,
#2372,#2373,#2374,#2375,#2376,#2377,#2378,#2379,#2380,#2381,#2382,#2383,
#2384,#2385,#2386,#2387,#2388,#2389,#2390),(#2391,#2392,#2393,#2394,#2395,
#2396,#2397,#2398,#2399,#2400,#2401,#2402,#2403,#2404,#2405,#2406,#2407,
#2408,#2409,#2410,#2411,#2412,#2413,#2414,#2415,#2416,#2417,#2418,#2419,
#2420,#2421,#2422,#2423,#2424,#2425,#2426),(#2427,#2428,#2429,#2430,#2431,
#2432,#2433,#2434,#2435,#2436,#2437,#2438,#2439,#2440,#2441,#2442,#2443,
#2444,#2445,#2446,#2447,#2448,#2449,#2450,#2451,#2452,#2453,#2454,#2455,
#2456,#2457,#2458,#2459,#2460,#2461,#2462),(#2463,#2464,#2465,#2466,#2467,
#2468,#2469,#2470,#2471,#2472,#2473,#2474,#2475,#2476,#2477,#2478,#2479,
#2480,#2481,#2482,#2483,#2484,#2485,#2486,#2487,#2488,#2489,#2490,#2491,
#2492,#2493,#2494,#2495,#2496,#2497,#2498),(#2499,#2500,#2501,#2502,#2503,
#2504,#2505,#2506,#2507,#2508,#2509,#2510,#2511,#2512,#2513,#2514,#2515,
#2516,#2517,#2518,#2519,#2520,#2521,#2522,#2523,#2524,#2525,#2526,#2527,
#2528,#2529,#2530,#2531,#2532,#2533,#2534),(#2535,#2536,#2537,#2538,#2539,
#2540,#2541,#2542,#2543,#2544,#2545,#2546,#2547,#2548,#2549,#2550,#2551,
#2552,#2553,#2554,#2555,#2556,#2557,#2558,#2559,#2560,#2561,#2562,#2563,
#2564,#2565,#2566,#2567,#2568,#2569,#2570),(#2571,#2572,#2573,#2574,#2575,
#2576,#2577,#2578,#2579,#2580,#2581,#2582,#2583,#2584,#2585,#2586,#2587,
#2588,#2589,#2590,#2591,#2592,#2593,#2594,#2595,#2596,#2597,#2598,#2599,
#2600,#2601,#2602,#2603,#2604,#2605,#2606),(#2607,#2608,#2609,#2610,#2611,
#2612,#2613,#2614,#2615,#2616,#2617,#2618,#2619,#2620,#2621,#2622,#2623,
#2624,#2625,#2626,#2627,#2628,#2629,#2630,#2631,#2632,#2633,#2634,#2635,
#2636,#2637,#2638,#2639,#2640,#2641,#2642),(#2643,#2644,#2645,#2646,#2647,
#2648,#2649,#2650,#2651,#2652,#2653,#2654,#2655,#2656,#2657,#2658,#2659,
#2660,#2661,#2662,#2663,#2664,#2665,#2666,#2667,#2668,#2669,#2670,#2671,
#2672,#2673,#2674,#2675,#2676,#2677,#2678),(#2679,#2680,#2681,#2682,#2683,
#2684,#2685,#2686,#2687,#2688,#2689,#2690,#2691,#2692,#2693,#2694,#2695,
#2696,#2697,#2698,#2699,#2700,#2701,#2702,#2703,#2704,#2705,#2706,#2707,
#2708,#2709,#2710,#2711,#2712,#2713,#2714),(#2715,#2716,#2717,#2718,#2719,
#2720,#2721,#2722,#2723,#2724,#2725,#2726,#2727,#2728,#2729,#2730,#2731,
#2732,#2733,#2734,#2735,#2736,#2737,#2738,#2739,#2740,#2741,#2742,#2743,
#2744,#2745,#2746,#2747,#2748,#2749,#2750),(#2751,#2752,#2753,#2754,#2755,
#2756,#2757,#2758,#2759,#2760,#2761,#2762,#2763,#2764,#2765,#2766,#2767,
#2768,#2769,#2770,#2771,#2772,#2773,#2774,#2775,#2776,#2777,#2778,#2779,
#2780,#2781,#2782,#2783,#2784,#2785,#2786),(#2787,#2788,#2789,#2790,#2791,
#2792,#2793,#2794,#2795,#2796,#2797,#2798,#2799,#2800,#2801,#2802,#2803,
#2804,#2805,#2806,#2807,#2808,#2809,#2810,#2811,#2812,#2813,#2814,#2815,
#2816,#2817,#2818,#2819,#2820,#2821,#2822),(#2823,#2824,#2825,#2826,#2827,
#2828,#2829,#2830,#2831,#2832,#2833,#2834,#2835,#2836,#2837,#2838,#2839,
#2840,#2841,#2842,#2843,#2844,#2845,#2846,#2847,#2848,#2849,#2850,#2851,
#2852,#2853,#2854,#2855,#2856,#2857,#2858),(#2859,#2860,#2861,#2862,#2863,
#2864,#2865,#2866,#2867,#2868,#2869,#2870,#2871,#2872,#2873,#2874,#2875,
#2876,#2877,#2878,#2879,#2880,#2881,#2882,#2883,#2884,#2885,#2886,#2887,
#2888,#2889,#2890,#2891,#2892,#2893,#2894),(#2895,#2896,#2897,#2898,#2899,
#2900,#2901,#2902,#2903,#2904,#2905,#2906,#2907,#2908,#2909,#2910,#2911,
#2912,#2913,#2914,#2915,#2916,#2917,#2918,#2919,#2920,#2921,#2922,#2923,
#2924,#2925,#2926,#2927,#2928,#2929,#2930)),.UNSPECIFIED.,.T.,.F.,.F.,(4,
2,2,2,2,2,2,2,2,2,2,2,2,2,2,2,4),(4,2,2,2,2,2,2,2,2,2,2,2,2,2,2,2,2,4),
(0.,0.0625,0.125,0.1875,0.25,0.3125,0.375,0.4375,0.5,0.5625,0.625,0.6875,
0.75,0.8125,0.875,0.9375,1.),(0.,0.15625,0.1875,0.296875,0.3125,0.40625,
0.421875,0.515625,0.53125,0.59375,0.609375,0.71875,0.75,0.828125,0.84375,
0.90625,0.921875,1.),.UNSPECIFIED.);
#13=B_SPLINE_SURFACE_WITH_KNOTS('',3,1,((#2941,#2942),(#2943,#2944),(#2945,
#2946),(#2947,#2948),(#2949,#2950),(#2951,#2952),(#2953,#2954),(#2955,#2956),
(#2957,#2958),(#2959,#2960),(#2961,#2962)),.SURF_OF_LINEAR_EXTRUSION.,.F.,
 .F.,.F.,(4,1,1,1,1,1,1,1,4),(2,2),(5.18303749025167,5.85077342716568,6.51850936407968,
7.18624530099369,7.8539812379077,8.52171717482171,9.18945311173571,9.85718904864972,
10.5249249855637),(0.,1.),.UNSPECIFIED.);
#14=B_SPLINE_CURVE_WITH_KNOTS('',3,(#1658,#1659,#1660,#1661),
 .UNSPECIFIED.,.F.,.F.,(4,4),(0.,0.0102277843855218),.UNSPECIFIED.);
#15=B_SPLINE_CURVE_WITH_KNOTS('',3,(#1664,#1665,#1666,#1667,#1668,#1669,
#1670),.UNSPECIFIED.,.F.,.F.,(4,1,1,1,4),(0.,0.00334579960400921,0.00669159920801841,
0.0100373988120276,0.0133831984160368),.UNSPECIFIED.);
#16=ELLIPSE('',#1081,0.0135,0.011);
#17=ELLIPSE('',#1106,0.0135,0.011);
#18=ELLIPSE('',#1108,0.0135,0.011);
#19=ELLIPSE('',#1134,0.0135,0.011);
#20=ELLIPSE('',#1135,0.0135,0.011);
#21=ELLIPSE('',#1136,0.0135,0.011);
#22=ELLIPSE('',#1137,0.0135,0.011);
#23=ELLIPSE('',#1138,0.0135,0.011);
#24=ELLIPSE('',#1140,0.0135,0.011);
#25=PLANE('',#1078);
#26=PLANE('',#1079);
#27=PLANE('',#1080);
#28=PLANE('',#1091);
#29=PLANE('',#1095);
#30=PLANE('',#1098);
#31=PLANE('',#1099);
#32=PLANE('',#1103);
#33=PLANE('',#1105);
#34=PLANE('',#1107);
#35=PLANE('',#1110);
#36=PLANE('',#1113);
#37=PLANE('',#1116);
#38=PLANE('',#1117);
#39=PLANE('',#1118);
#40=PLANE('',#1119);
#41=PLANE('',#1120);
#42=PLANE('',#1121);
#43=PLANE('',#1122);
#44=PLANE('',#1123);
#45=PLANE('',#1127);
#46=PLANE('',#1130);
#47=PLANE('',#1133);
#48=PLANE('',#1139);
#49=PLANE('',#1141);
#50=PLANE('',#1143);
#51=PLANE('',#1144);
#52=PLANE('',#1146);
#53=PLANE('',#1148);
#54=PLANE('',#1149);
#55=PLANE('',#1151);
#56=PLANE('',#1158);
#57=PLANE('',#1161);
#58=PLANE('',#1164);
#59=PLANE('',#1167);
#60=PLANE('',#1170);
#61=PLANE('',#1174);
#62=LINE('',#1487,#139);
#63=LINE('',#1491,#140);
#64=LINE('',#1513,#141);
#65=LINE('',#1516,#142);
#66=LINE('',#1518,#143);
#67=LINE('',#1520,#144);
#68=LINE('',#1522,#145);
#69=LINE('',#1525,#146);
#70=LINE('',#1527,#147);
#71=LINE('',#1529,#148);
#72=LINE('',#1531,#149);
#73=LINE('',#1533,#150);
#74=LINE('',#1535,#151);
#75=LINE('',#1540,#152);
#76=LINE('',#1557,#153);
#77=LINE('',#1560,#154);
#78=LINE('',#1562,#155);
#79=LINE('',#1564,#156);
#80=LINE('',#1566,#157);
#81=LINE('',#1568,#158);
#82=LINE('',#1570,#159);
#83=LINE('',#1572,#160);
#84=LINE('',#1574,#161);
#85=LINE('',#1576,#162);
#86=LINE('',#1578,#163);
#87=LINE('',#1582,#164);
#88=LINE('',#1586,#165);
#89=LINE('',#1589,#166);
#90=LINE('',#1593,#167);
#91=LINE('',#1597,#168);
#92=LINE('',#1599,#169);
#93=LINE('',#1601,#170);
#94=LINE('',#1603,#171);
#95=LINE('',#1605,#172);
#96=LINE('',#1606,#173);
#97=LINE('',#1608,#174);
#98=LINE('',#1616,#175);
#99=LINE('',#1619,#176);
#100=LINE('',#1621,#177);
#101=LINE('',#1623,#178);
#102=LINE('',#1624,#179);
#103=LINE('',#1625,#180);
#104=LINE('',#1627,#181);
#105=LINE('',#1629,#182);
#106=LINE('',#1631,#183);
#107=LINE('',#1633,#184);
#108=LINE('',#1637,#185);
#109=LINE('',#1638,#186);
#110=LINE('',#1639,#187);
#111=LINE('',#1641,#188);
#112=LINE('',#1645,#189);
#113=LINE('',#1647,#190);
#114=LINE('',#1650,#191);
#115=LINE('',#1653,#192);
#116=LINE('',#1655,#193);
#117=LINE('',#1662,#194);
#118=LINE('',#1673,#195);
#119=LINE('',#1675,#196);
#120=LINE('',#1677,#197);
#121=LINE('',#1681,#198);
#122=LINE('',#1683,#199);
#123=LINE('',#1685,#200);
#124=LINE('',#1688,#201);
#125=LINE('',#1690,#202);
#126=LINE('',#1693,#203);
#127=LINE('',#2965,#204);
#128=LINE('',#2967,#205);
#129=LINE('',#2968,#206);
#130=LINE('',#2972,#207);
#131=LINE('',#2974,#208);
#132=LINE('',#2976,#209);
#133=LINE('',#2977,#210);
#134=LINE('',#2979,#211);
#135=LINE('',#2983,#212);
#136=LINE('',#2984,#213);
#137=LINE('',#2986,#214);
#138=LINE('',#2988,#215);
#139=VECTOR('',#1183,1.);
#140=VECTOR('',#1186,1.);
#141=VECTOR('',#1213,1.);
#142=VECTOR('',#1214,1.);
#143=VECTOR('',#1215,1.);
#144=VECTOR('',#1216,1.);
#145=VECTOR('',#1219,1.);
#146=VECTOR('',#1220,1.);
#147=VECTOR('',#1221,1.);
#148=VECTOR('',#1222,1.);
#149=VECTOR('',#1223,1.);
#150=VECTOR('',#1224,1.);
#151=VECTOR('',#1227,1.);
#152=VECTOR('',#1230,1.);
#153=VECTOR('',#1251,1.);
#154=VECTOR('',#1252,1.);
#155=VECTOR('',#1253,1.);
#156=VECTOR('',#1254,1.);
#157=VECTOR('',#1255,1.);
#158=VECTOR('',#1256,1.);
#159=VECTOR('',#1257,1.);
#160=VECTOR('',#1258,1.);
#161=VECTOR('',#1259,1.);
#162=VECTOR('',#1260,1.);
#163=VECTOR('',#1261,1.);
#164=VECTOR('',#1266,1.);
#165=VECTOR('',#1271,1.);
#166=VECTOR('',#1272,1.);
#167=VECTOR('',#1275,1.);
#168=VECTOR('',#1278,1.);
#169=VECTOR('',#1281,1.);
#170=VECTOR('',#1282,1.);
#171=VECTOR('',#1283,1.);
#172=VECTOR('',#1284,1.);
#173=VECTOR('',#1285,1.);
#174=VECTOR('',#1286,1.);
#175=VECTOR('',#1295,1.);
#176=VECTOR('',#1296,1.);
#177=VECTOR('',#1297,1.);
#178=VECTOR('',#1298,1.);
#179=VECTOR('',#1299,1.);
#180=VECTOR('',#1300,1.);
#181=VECTOR('',#1301,1.);
#182=VECTOR('',#1302,1.);
#183=VECTOR('',#1303,1.);
#184=VECTOR('',#1306,1.);
#185=VECTOR('',#1309,1.);
#186=VECTOR('',#1310,1.);
#187=VECTOR('',#1311,1.);
#188=VECTOR('',#1314,1.);
#189=VECTOR('',#1317,1.);
#190=VECTOR('',#1320,1.);
#191=VECTOR('',#1323,1.);
#192=VECTOR('',#1326,1.);
#193=VECTOR('',#1329,1.);
#194=VECTOR('',#1330,1.);
#195=VECTOR('',#1335,1.);
#196=VECTOR('',#1338,1.);
#197=VECTOR('',#1339,1.);
#198=VECTOR('',#1346,1.);
#199=VECTOR('',#1349,1.);
#200=VECTOR('',#1352,1.);
#201=VECTOR('',#1357,1.);
#202=VECTOR('',#1360,1.);
#203=VECTOR('',#1365,1.);
#204=VECTOR('',#1400,1.);
#205=VECTOR('',#1403,1.);
#206=VECTOR('',#1404,1.);
#207=VECTOR('',#1407,1.);
#208=VECTOR('',#1408,1.);
#209=VECTOR('',#1411,1.);
#210=VECTOR('',#1412,1.);
#211=VECTOR('',#1415,1.);
#212=VECTOR('',#1418,1.);
#213=VECTOR('',#1419,1.);
#214=VECTOR('',#1422,1.);
#215=VECTOR('',#1425,1.);
#216=ORIENTED_EDGE('',*,*,#482,.F.);
#217=ORIENTED_EDGE('',*,*,#483,.T.);
#218=ORIENTED_EDGE('',*,*,#484,.T.);
#219=ORIENTED_EDGE('',*,*,#485,.T.);
#220=ORIENTED_EDGE('',*,*,#486,.F.);
#221=ORIENTED_EDGE('',*,*,#487,.F.);
#222=ORIENTED_EDGE('',*,*,#488,.T.);
#223=ORIENTED_EDGE('',*,*,#489,.F.);
#224=ORIENTED_EDGE('',*,*,#490,.T.);
#225=ORIENTED_EDGE('',*,*,#491,.F.);
#226=ORIENTED_EDGE('',*,*,#492,.T.);
#227=ORIENTED_EDGE('',*,*,#493,.F.);
#228=ORIENTED_EDGE('',*,*,#494,.T.);
#229=ORIENTED_EDGE('',*,*,#495,.T.);
#230=ORIENTED_EDGE('',*,*,#496,.T.);
#231=ORIENTED_EDGE('',*,*,#497,.T.);
#232=ORIENTED_EDGE('',*,*,#498,.F.);
#233=ORIENTED_EDGE('',*,*,#499,.F.);
#234=ORIENTED_EDGE('',*,*,#500,.T.);
#235=ORIENTED_EDGE('',*,*,#501,.F.);
#236=ORIENTED_EDGE('',*,*,#502,.F.);
#237=ORIENTED_EDGE('',*,*,#503,.T.);
#238=ORIENTED_EDGE('',*,*,#504,.F.);
#239=ORIENTED_EDGE('',*,*,#505,.T.);
#240=ORIENTED_EDGE('',*,*,#506,.F.);
#241=ORIENTED_EDGE('',*,*,#507,.F.);
#242=ORIENTED_EDGE('',*,*,#508,.T.);
#243=ORIENTED_EDGE('',*,*,#509,.T.);
#244=ORIENTED_EDGE('',*,*,#510,.T.);
#245=ORIENTED_EDGE('',*,*,#511,.T.);
#246=ORIENTED_EDGE('',*,*,#512,.T.);
#247=ORIENTED_EDGE('',*,*,#513,.T.);
#248=ORIENTED_EDGE('',*,*,#512,.F.);
#249=ORIENTED_EDGE('',*,*,#510,.F.);
#250=ORIENTED_EDGE('',*,*,#508,.F.);
#251=ORIENTED_EDGE('',*,*,#514,.F.);
#252=ORIENTED_EDGE('',*,*,#515,.F.);
#253=ORIENTED_EDGE('',*,*,#516,.F.);
#254=ORIENTED_EDGE('',*,*,#517,.F.);
#255=ORIENTED_EDGE('',*,*,#518,.F.);
#256=ORIENTED_EDGE('',*,*,#519,.F.);
#257=ORIENTED_EDGE('',*,*,#520,.T.);
#258=ORIENTED_EDGE('',*,*,#521,.T.);
#259=ORIENTED_EDGE('',*,*,#522,.T.);
#260=ORIENTED_EDGE('',*,*,#523,.F.);
#261=ORIENTED_EDGE('',*,*,#524,.T.);
#262=ORIENTED_EDGE('',*,*,#525,.T.);
#263=ORIENTED_EDGE('',*,*,#526,.F.);
#264=ORIENTED_EDGE('',*,*,#527,.F.);
#265=ORIENTED_EDGE('',*,*,#502,.T.);
#266=ORIENTED_EDGE('',*,*,#528,.T.);
#267=ORIENTED_EDGE('',*,*,#529,.T.);
#268=ORIENTED_EDGE('',*,*,#530,.F.);
#269=ORIENTED_EDGE('',*,*,#531,.F.);
#270=ORIENTED_EDGE('',*,*,#532,.T.);
#271=ORIENTED_EDGE('',*,*,#533,.T.);
#272=ORIENTED_EDGE('',*,*,#534,.T.);
#273=ORIENTED_EDGE('',*,*,#533,.F.);
#274=ORIENTED_EDGE('',*,*,#535,.F.);
#275=ORIENTED_EDGE('',*,*,#536,.F.);
#276=ORIENTED_EDGE('',*,*,#537,.F.);
#277=ORIENTED_EDGE('',*,*,#519,.T.);
#278=ORIENTED_EDGE('',*,*,#538,.T.);
#279=ORIENTED_EDGE('',*,*,#539,.T.);
#280=ORIENTED_EDGE('',*,*,#540,.F.);
#281=ORIENTED_EDGE('',*,*,#541,.F.);
#282=ORIENTED_EDGE('',*,*,#542,.F.);
#283=ORIENTED_EDGE('',*,*,#543,.F.);
#284=ORIENTED_EDGE('',*,*,#544,.T.);
#285=ORIENTED_EDGE('',*,*,#545,.T.);
#286=ORIENTED_EDGE('',*,*,#546,.T.);
#287=ORIENTED_EDGE('',*,*,#547,.F.);
#288=ORIENTED_EDGE('',*,*,#539,.F.);
#289=ORIENTED_EDGE('',*,*,#548,.T.);
#290=ORIENTED_EDGE('',*,*,#549,.T.);
#291=ORIENTED_EDGE('',*,*,#550,.T.);
#292=ORIENTED_EDGE('',*,*,#551,.T.);
#293=ORIENTED_EDGE('',*,*,#526,.T.);
#294=ORIENTED_EDGE('',*,*,#552,.F.);
#295=ORIENTED_EDGE('',*,*,#553,.T.);
#296=ORIENTED_EDGE('',*,*,#524,.F.);
#297=ORIENTED_EDGE('',*,*,#554,.T.);
#298=ORIENTED_EDGE('',*,*,#546,.F.);
#299=ORIENTED_EDGE('',*,*,#555,.F.);
#300=ORIENTED_EDGE('',*,*,#520,.F.);
#301=ORIENTED_EDGE('',*,*,#537,.T.);
#302=ORIENTED_EDGE('',*,*,#556,.T.);
#303=ORIENTED_EDGE('',*,*,#557,.F.);
#304=ORIENTED_EDGE('',*,*,#558,.F.);
#305=ORIENTED_EDGE('',*,*,#528,.F.);
#306=ORIENTED_EDGE('',*,*,#534,.F.);
#307=ORIENTED_EDGE('',*,*,#547,.T.);
#308=ORIENTED_EDGE('',*,*,#525,.F.);
#309=ORIENTED_EDGE('',*,*,#501,.T.);
#310=ORIENTED_EDGE('',*,*,#559,.T.);
#311=ORIENTED_EDGE('',*,*,#560,.F.);
#312=ORIENTED_EDGE('',*,*,#561,.F.);
#313=ORIENTED_EDGE('',*,*,#503,.F.);
#314=ORIENTED_EDGE('',*,*,#527,.T.);
#315=ORIENTED_EDGE('',*,*,#551,.F.);
#316=ORIENTED_EDGE('',*,*,#562,.F.);
#317=ORIENTED_EDGE('',*,*,#515,.T.);
#318=ORIENTED_EDGE('',*,*,#563,.F.);
#319=ORIENTED_EDGE('',*,*,#564,.T.);
#320=ORIENTED_EDGE('',*,*,#565,.T.);
#321=ORIENTED_EDGE('',*,*,#566,.T.);
#322=ORIENTED_EDGE('',*,*,#505,.F.);
#323=ORIENTED_EDGE('',*,*,#567,.F.);
#324=ORIENTED_EDGE('',*,*,#530,.T.);
#325=ORIENTED_EDGE('',*,*,#568,.T.);
#326=ORIENTED_EDGE('',*,*,#565,.F.);
#327=ORIENTED_EDGE('',*,*,#569,.F.);
#328=ORIENTED_EDGE('',*,*,#570,.T.);
#329=ORIENTED_EDGE('',*,*,#531,.T.);
#330=ORIENTED_EDGE('',*,*,#570,.F.);
#331=ORIENTED_EDGE('',*,*,#571,.F.);
#332=ORIENTED_EDGE('',*,*,#572,.T.);
#333=ORIENTED_EDGE('',*,*,#532,.F.);
#334=ORIENTED_EDGE('',*,*,#572,.F.);
#335=ORIENTED_EDGE('',*,*,#573,.T.);
#336=ORIENTED_EDGE('',*,*,#535,.T.);
#337=ORIENTED_EDGE('',*,*,#574,.T.);
#338=ORIENTED_EDGE('',*,*,#556,.F.);
#339=ORIENTED_EDGE('',*,*,#536,.T.);
#340=ORIENTED_EDGE('',*,*,#573,.F.);
#341=ORIENTED_EDGE('',*,*,#571,.T.);
#342=ORIENTED_EDGE('',*,*,#569,.T.);
#343=ORIENTED_EDGE('',*,*,#567,.T.);
#344=ORIENTED_EDGE('',*,*,#507,.T.);
#345=ORIENTED_EDGE('',*,*,#560,.T.);
#346=ORIENTED_EDGE('',*,*,#548,.F.);
#347=ORIENTED_EDGE('',*,*,#538,.F.);
#348=ORIENTED_EDGE('',*,*,#518,.T.);
#349=ORIENTED_EDGE('',*,*,#575,.T.);
#350=ORIENTED_EDGE('',*,*,#549,.F.);
#351=ORIENTED_EDGE('',*,*,#575,.F.);
#352=ORIENTED_EDGE('',*,*,#517,.T.);
#353=ORIENTED_EDGE('',*,*,#576,.T.);
#354=ORIENTED_EDGE('',*,*,#550,.F.);
#355=ORIENTED_EDGE('',*,*,#576,.F.);
#356=ORIENTED_EDGE('',*,*,#516,.T.);
#357=ORIENTED_EDGE('',*,*,#562,.T.);
#358=ORIENTED_EDGE('',*,*,#555,.T.);
#359=ORIENTED_EDGE('',*,*,#545,.F.);
#360=ORIENTED_EDGE('',*,*,#577,.F.);
#361=ORIENTED_EDGE('',*,*,#521,.F.);
#362=ORIENTED_EDGE('',*,*,#577,.T.);
#363=ORIENTED_EDGE('',*,*,#544,.F.);
#364=ORIENTED_EDGE('',*,*,#578,.F.);
#365=ORIENTED_EDGE('',*,*,#522,.F.);
#366=ORIENTED_EDGE('',*,*,#523,.T.);
#367=ORIENTED_EDGE('',*,*,#578,.T.);
#368=ORIENTED_EDGE('',*,*,#543,.T.);
#369=ORIENTED_EDGE('',*,*,#554,.F.);
#370=ORIENTED_EDGE('',*,*,#564,.F.);
#371=ORIENTED_EDGE('',*,*,#579,.T.);
#372=ORIENTED_EDGE('',*,*,#552,.T.);
#373=ORIENTED_EDGE('',*,*,#574,.F.);
#374=ORIENTED_EDGE('',*,*,#579,.F.);
#375=ORIENTED_EDGE('',*,*,#563,.T.);
#376=ORIENTED_EDGE('',*,*,#514,.T.);
#377=ORIENTED_EDGE('',*,*,#553,.F.);
#378=ORIENTED_EDGE('',*,*,#580,.F.);
#379=ORIENTED_EDGE('',*,*,#540,.T.);
#380=ORIENTED_EDGE('',*,*,#513,.F.);
#381=ORIENTED_EDGE('',*,*,#580,.T.);
#382=ORIENTED_EDGE('',*,*,#581,.F.);
#383=ORIENTED_EDGE('',*,*,#542,.T.);
#384=ORIENTED_EDGE('',*,*,#511,.F.);
#385=ORIENTED_EDGE('',*,*,#581,.T.);
#386=ORIENTED_EDGE('',*,*,#582,.F.);
#387=ORIENTED_EDGE('',*,*,#541,.T.);
#388=ORIENTED_EDGE('',*,*,#509,.F.);
#389=ORIENTED_EDGE('',*,*,#582,.T.);
#390=ORIENTED_EDGE('',*,*,#583,.F.);
#391=ORIENTED_EDGE('',*,*,#584,.F.);
#392=ORIENTED_EDGE('',*,*,#585,.T.);
#393=ORIENTED_EDGE('',*,*,#561,.T.);
#394=ORIENTED_EDGE('',*,*,#506,.T.);
#395=ORIENTED_EDGE('',*,*,#586,.T.);
#396=ORIENTED_EDGE('',*,*,#587,.T.);
#397=ORIENTED_EDGE('',*,*,#583,.T.);
#398=ORIENTED_EDGE('',*,*,#584,.T.);
#399=ORIENTED_EDGE('',*,*,#588,.F.);
#400=ORIENTED_EDGE('',*,*,#504,.T.);
#401=ORIENTED_EDGE('',*,*,#585,.F.);
#402=ORIENTED_EDGE('',*,*,#587,.F.);
#403=ORIENTED_EDGE('',*,*,#586,.F.);
#404=ORIENTED_EDGE('',*,*,#566,.F.);
#405=ORIENTED_EDGE('',*,*,#568,.F.);
#406=ORIENTED_EDGE('',*,*,#529,.F.);
#407=ORIENTED_EDGE('',*,*,#558,.T.);
#408=ORIENTED_EDGE('',*,*,#589,.F.);
#409=ORIENTED_EDGE('',*,*,#496,.F.);
#410=ORIENTED_EDGE('',*,*,#590,.T.);
#411=ORIENTED_EDGE('',*,*,#484,.F.);
#412=ORIENTED_EDGE('',*,*,#591,.F.);
#413=ORIENTED_EDGE('',*,*,#592,.F.);
#414=ORIENTED_EDGE('',*,*,#593,.T.);
#415=ORIENTED_EDGE('',*,*,#594,.T.);
#416=ORIENTED_EDGE('',*,*,#589,.T.);
#417=ORIENTED_EDGE('',*,*,#557,.T.);
#418=ORIENTED_EDGE('',*,*,#595,.T.);
#419=ORIENTED_EDGE('',*,*,#497,.F.);
#420=ORIENTED_EDGE('',*,*,#594,.F.);
#421=ORIENTED_EDGE('',*,*,#596,.F.);
#422=ORIENTED_EDGE('',*,*,#500,.F.);
#423=ORIENTED_EDGE('',*,*,#597,.T.);
#424=ORIENTED_EDGE('',*,*,#598,.F.);
#425=ORIENTED_EDGE('',*,*,#599,.T.);
#426=ORIENTED_EDGE('',*,*,#486,.T.);
#427=ORIENTED_EDGE('',*,*,#600,.F.);
#428=ORIENTED_EDGE('',*,*,#498,.T.);
#429=ORIENTED_EDGE('',*,*,#595,.F.);
#430=ORIENTED_EDGE('',*,*,#559,.F.);
#431=ORIENTED_EDGE('',*,*,#483,.F.);
#432=ORIENTED_EDGE('',*,*,#599,.F.);
#433=ORIENTED_EDGE('',*,*,#601,.F.);
#434=ORIENTED_EDGE('',*,*,#591,.T.);
#435=ORIENTED_EDGE('',*,*,#601,.T.);
#436=ORIENTED_EDGE('',*,*,#598,.T.);
#437=ORIENTED_EDGE('',*,*,#602,.T.);
#438=ORIENTED_EDGE('',*,*,#592,.T.);
#439=ORIENTED_EDGE('',*,*,#597,.F.);
#440=ORIENTED_EDGE('',*,*,#499,.T.);
#441=ORIENTED_EDGE('',*,*,#588,.T.);
#442=ORIENTED_EDGE('',*,*,#596,.T.);
#443=ORIENTED_EDGE('',*,*,#593,.F.);
#444=ORIENTED_EDGE('',*,*,#602,.F.);
#445=ORIENTED_EDGE('',*,*,#603,.F.);
#446=ORIENTED_EDGE('',*,*,#482,.T.);
#447=ORIENTED_EDGE('',*,*,#604,.T.);
#448=ORIENTED_EDGE('',*,*,#605,.T.);
#449=ORIENTED_EDGE('',*,*,#606,.T.);
#450=ORIENTED_EDGE('',*,*,#607,.T.);
#451=ORIENTED_EDGE('',*,*,#495,.F.);
#452=ORIENTED_EDGE('',*,*,#600,.T.);
#453=ORIENTED_EDGE('',*,*,#485,.F.);
#454=ORIENTED_EDGE('',*,*,#590,.F.);
#455=ORIENTED_EDGE('',*,*,#608,.T.);
#456=ORIENTED_EDGE('',*,*,#607,.F.);
#457=ORIENTED_EDGE('',*,*,#487,.T.);
#458=ORIENTED_EDGE('',*,*,#608,.F.);
#459=ORIENTED_EDGE('',*,*,#609,.T.);
#460=ORIENTED_EDGE('',*,*,#606,.F.);
#461=ORIENTED_EDGE('',*,*,#489,.T.);
#462=ORIENTED_EDGE('',*,*,#609,.F.);
#463=ORIENTED_EDGE('',*,*,#610,.T.);
#464=ORIENTED_EDGE('',*,*,#605,.F.);
#465=ORIENTED_EDGE('',*,*,#491,.T.);
#466=ORIENTED_EDGE('',*,*,#610,.F.);
#467=ORIENTED_EDGE('',*,*,#611,.T.);
#468=ORIENTED_EDGE('',*,*,#604,.F.);
#469=ORIENTED_EDGE('',*,*,#493,.T.);
#470=ORIENTED_EDGE('',*,*,#611,.F.);
#471=ORIENTED_EDGE('',*,*,#612,.F.);
#472=ORIENTED_EDGE('',*,*,#603,.T.);
#473=ORIENTED_EDGE('',*,*,#613,.F.);
#474=ORIENTED_EDGE('',*,*,#492,.F.);
#475=ORIENTED_EDGE('',*,*,#490,.F.);
#476=ORIENTED_EDGE('',*,*,#488,.F.);
#477=ORIENTED_EDGE('',*,*,#494,.F.);
#478=ORIENTED_EDGE('',*,*,#612,.T.);
#479=ORIENTED_EDGE('',*,*,#614,.F.);
#480=ORIENTED_EDGE('',*,*,#613,.T.);
#481=ORIENTED_EDGE('',*,*,#614,.T.);
#482=EDGE_CURVE('',#615,#615,#715,.T.);
#483=EDGE_CURVE('',#616,#617,#716,.F.);
#484=EDGE_CURVE('',#617,#618,#62,.T.);
#485=EDGE_CURVE('',#618,#619,#717,.T.);
#486=EDGE_CURVE('',#616,#619,#63,.T.);
#487=EDGE_CURVE('',#620,#620,#718,.T.);
#488=EDGE_CURVE('',#621,#621,#719,.T.);
#489=EDGE_CURVE('',#622,#622,#720,.T.);
#490=EDGE_CURVE('',#623,#623,#721,.T.);
#491=EDGE_CURVE('',#624,#624,#722,.T.);
#492=EDGE_CURVE('',#625,#625,#723,.T.);
#493=EDGE_CURVE('',#626,#626,#724,.T.);
#494=EDGE_CURVE('',#627,#627,#725,.T.);
#495=EDGE_CURVE('',#628,#629,#64,.T.);
#496=EDGE_CURVE('',#629,#630,#65,.T.);
#497=EDGE_CURVE('',#630,#631,#66,.T.);
#498=EDGE_CURVE('',#628,#631,#67,.T.);
#499=EDGE_CURVE('',#632,#633,#68,.T.);
#500=EDGE_CURVE('',#632,#634,#69,.T.);
#501=EDGE_CURVE('',#635,#634,#70,.T.);
#502=EDGE_CURVE('',#636,#635,#71,.T.);
#503=EDGE_CURVE('',#636,#637,#72,.T.);
#504=EDGE_CURVE('',#633,#637,#73,.T.);
#505=EDGE_CURVE('',#638,#639,#74,.T.);
#506=EDGE_CURVE('',#640,#639,#16,.T.);
#507=EDGE_CURVE('',#638,#640,#75,.T.);
#508=EDGE_CURVE('',#641,#641,#726,.T.);
#509=EDGE_CURVE('',#642,#642,#727,.T.);
#510=EDGE_CURVE('',#643,#643,#728,.T.);
#511=EDGE_CURVE('',#644,#644,#729,.T.);
#512=EDGE_CURVE('',#645,#645,#730,.T.);
#513=EDGE_CURVE('',#646,#646,#731,.T.);
#514=EDGE_CURVE('',#647,#648,#76,.T.);
#515=EDGE_CURVE('',#649,#647,#77,.T.);
#516=EDGE_CURVE('',#650,#649,#78,.T.);
#517=EDGE_CURVE('',#651,#650,#79,.T.);
#518=EDGE_CURVE('',#652,#651,#80,.T.);
#519=EDGE_CURVE('',#653,#652,#81,.T.);
#520=EDGE_CURVE('',#653,#654,#82,.T.);
#521=EDGE_CURVE('',#654,#655,#83,.T.);
#522=EDGE_CURVE('',#655,#656,#84,.T.);
#523=EDGE_CURVE('',#657,#656,#85,.T.);
#524=EDGE_CURVE('',#657,#648,#86,.T.);
#525=EDGE_CURVE('',#635,#658,#732,.T.);
#526=EDGE_CURVE('',#659,#658,#87,.T.);
#527=EDGE_CURVE('',#636,#659,#733,.F.);
#528=EDGE_CURVE('',#660,#661,#88,.T.);
#529=EDGE_CURVE('',#661,#662,#89,.T.);
#530=EDGE_CURVE('',#663,#662,#734,.T.);
#531=EDGE_CURVE('',#664,#663,#90,.T.);
#532=EDGE_CURVE('',#664,#665,#735,.T.);
#533=EDGE_CURVE('',#665,#660,#91,.T.);
#534=EDGE_CURVE('',#666,#660,#92,.T.);
#535=EDGE_CURVE('',#667,#665,#93,.T.);
#536=EDGE_CURVE('',#668,#667,#94,.T.);
#537=EDGE_CURVE('',#653,#668,#95,.T.);
#538=EDGE_CURVE('',#652,#669,#96,.T.);
#539=EDGE_CURVE('',#669,#666,#97,.T.);
#540=EDGE_CURVE('',#670,#670,#736,.T.);
#541=EDGE_CURVE('',#671,#671,#737,.T.);
#542=EDGE_CURVE('',#672,#672,#738,.T.);
#543=EDGE_CURVE('',#673,#674,#98,.T.);
#544=EDGE_CURVE('',#673,#675,#99,.T.);
#545=EDGE_CURVE('',#675,#676,#100,.T.);
#546=EDGE_CURVE('',#676,#674,#101,.T.);
#547=EDGE_CURVE('',#666,#658,#102,.T.);
#548=EDGE_CURVE('',#669,#677,#103,.T.);
#549=EDGE_CURVE('',#677,#678,#104,.T.);
#550=EDGE_CURVE('',#678,#679,#105,.T.);
#551=EDGE_CURVE('',#679,#659,#106,.T.);
#552=EDGE_CURVE('',#680,#681,#107,.T.);
#553=EDGE_CURVE('',#680,#648,#739,.T.);
#554=EDGE_CURVE('',#657,#674,#108,.T.);
#555=EDGE_CURVE('',#654,#676,#109,.T.);
#556=EDGE_CURVE('',#668,#681,#110,.T.);
#557=EDGE_CURVE('',#682,#683,#111,.T.);
#558=EDGE_CURVE('',#661,#682,#17,.T.);
#559=EDGE_CURVE('',#634,#683,#112,.T.);
#560=EDGE_CURVE('',#640,#684,#113,.T.);
#561=EDGE_CURVE('',#637,#640,#18,.T.);
#562=EDGE_CURVE('',#649,#679,#114,.T.);
#563=EDGE_CURVE('',#685,#647,#740,.F.);
#564=EDGE_CURVE('',#685,#684,#115,.T.);
#565=EDGE_CURVE('',#686,#687,#116,.T.);
#566=EDGE_CURVE('',#687,#639,#14,.T.);
#567=EDGE_CURVE('',#686,#638,#117,.T.);
#568=EDGE_CURVE('',#662,#687,#15,.T.);
#569=EDGE_CURVE('',#688,#686,#741,.T.);
#570=EDGE_CURVE('',#688,#663,#118,.T.);
#571=EDGE_CURVE('',#689,#688,#119,.T.);
#572=EDGE_CURVE('',#689,#664,#120,.T.);
#573=EDGE_CURVE('',#689,#667,#742,.T.);
#574=EDGE_CURVE('',#684,#681,#121,.T.);
#575=EDGE_CURVE('',#651,#677,#122,.T.);
#576=EDGE_CURVE('',#650,#678,#123,.T.);
#577=EDGE_CURVE('',#655,#675,#124,.T.);
#578=EDGE_CURVE('',#656,#673,#125,.T.);
#579=EDGE_CURVE('',#685,#680,#126,.T.);
#580=EDGE_CURVE('',#690,#690,#743,.T.);
#581=EDGE_CURVE('',#691,#691,#744,.T.);
#582=EDGE_CURVE('',#692,#692,#745,.T.);
#583=EDGE_CURVE('',#693,#694,#19,.F.);
#584=EDGE_CURVE('',#694,#693,#20,.F.);
#585=EDGE_CURVE('',#695,#637,#21,.T.);
#586=EDGE_CURVE('',#639,#696,#22,.T.);
#587=EDGE_CURVE('',#696,#695,#23,.T.);
#588=EDGE_CURVE('',#633,#697,#24,.F.);
#589=EDGE_CURVE('',#697,#682,#127,.F.);
#590=EDGE_CURVE('',#629,#618,#128,.T.);
#591=EDGE_CURVE('',#698,#617,#129,.T.);
#592=EDGE_CURVE('',#699,#698,#746,.T.);
#593=EDGE_CURVE('',#699,#700,#130,.T.);
#594=EDGE_CURVE('',#700,#630,#131,.T.);
#595=EDGE_CURVE('',#683,#631,#132,.T.);
#596=EDGE_CURVE('',#697,#700,#133,.T.);
#597=EDGE_CURVE('',#632,#701,#134,.T.);
#598=EDGE_CURVE('',#702,#701,#747,.F.);
#599=EDGE_CURVE('',#702,#616,#135,.T.);
#600=EDGE_CURVE('',#628,#619,#136,.T.);
#601=EDGE_CURVE('',#698,#702,#137,.T.);
#602=EDGE_CURVE('',#701,#699,#138,.T.);
#603=EDGE_CURVE('',#703,#703,#748,.T.);
#604=EDGE_CURVE('',#704,#704,#749,.T.);
#605=EDGE_CURVE('',#705,#705,#750,.T.);
#606=EDGE_CURVE('',#706,#706,#751,.T.);
#607=EDGE_CURVE('',#707,#707,#752,.T.);
#608=EDGE_CURVE('',#708,#708,#753,.T.);
#609=EDGE_CURVE('',#709,#709,#754,.T.);
#610=EDGE_CURVE('',#710,#710,#755,.T.);
#611=EDGE_CURVE('',#711,#711,#756,.T.);
#612=EDGE_CURVE('',#712,#712,#757,.T.);
#613=EDGE_CURVE('',#713,#713,#758,.T.);
#614=EDGE_CURVE('',#714,#714,#759,.T.);
#615=VERTEX_POINT('',#1483);
#616=VERTEX_POINT('',#1485);
#617=VERTEX_POINT('',#1486);
#618=VERTEX_POINT('',#1488);
#619=VERTEX_POINT('',#1490);
#620=VERTEX_POINT('',#1494);
#621=VERTEX_POINT('',#1496);
#622=VERTEX_POINT('',#1499);
#623=VERTEX_POINT('',#1501);
#624=VERTEX_POINT('',#1504);
#625=VERTEX_POINT('',#1506);
#626=VERTEX_POINT('',#1509);
#627=VERTEX_POINT('',#1511);
#628=VERTEX_POINT('',#1514);
#629=VERTEX_POINT('',#1515);
#630=VERTEX_POINT('',#1517);
#631=VERTEX_POINT('',#1519);
#632=VERTEX_POINT('',#1523);
#633=VERTEX_POINT('',#1524);
#634=VERTEX_POINT('',#1526);
#635=VERTEX_POINT('',#1528);
#636=VERTEX_POINT('',#1530);
#637=VERTEX_POINT('',#1532);
#638=VERTEX_POINT('',#1536);
#639=VERTEX_POINT('',#1537);
#640=VERTEX_POINT('',#1539);
#641=VERTEX_POINT('',#1543);
#642=VERTEX_POINT('',#1545);
#643=VERTEX_POINT('',#1548);
#644=VERTEX_POINT('',#1550);
#645=VERTEX_POINT('',#1553);
#646=VERTEX_POINT('',#1555);
#647=VERTEX_POINT('',#1558);
#648=VERTEX_POINT('',#1559);
#649=VERTEX_POINT('',#1561);
#650=VERTEX_POINT('',#1563);
#651=VERTEX_POINT('',#1565);
#652=VERTEX_POINT('',#1567);
#653=VERTEX_POINT('',#1569);
#654=VERTEX_POINT('',#1571);
#655=VERTEX_POINT('',#1573);
#656=VERTEX_POINT('',#1575);
#657=VERTEX_POINT('',#1577);
#658=VERTEX_POINT('',#1581);
#659=VERTEX_POINT('',#1583);
#660=VERTEX_POINT('',#1587);
#661=VERTEX_POINT('',#1588);
#662=VERTEX_POINT('',#1590);
#663=VERTEX_POINT('',#1592);
#664=VERTEX_POINT('',#1594);
#665=VERTEX_POINT('',#1596);
#666=VERTEX_POINT('',#1600);
#667=VERTEX_POINT('',#1602);
#668=VERTEX_POINT('',#1604);
#669=VERTEX_POINT('',#1607);
#670=VERTEX_POINT('',#1611);
#671=VERTEX_POINT('',#1613);
#672=VERTEX_POINT('',#1615);
#673=VERTEX_POINT('',#1617);
#674=VERTEX_POINT('',#1618);
#675=VERTEX_POINT('',#1620);
#676=VERTEX_POINT('',#1622);
#677=VERTEX_POINT('',#1626);
#678=VERTEX_POINT('',#1628);
#679=VERTEX_POINT('',#1630);
#680=VERTEX_POINT('',#1634);
#681=VERTEX_POINT('',#1635);
#682=VERTEX_POINT('',#1642);
#683=VERTEX_POINT('',#1643);
#684=VERTEX_POINT('',#1648);
#685=VERTEX_POINT('',#1652);
#686=VERTEX_POINT('',#1656);
#687=VERTEX_POINT('',#1657);
#688=VERTEX_POINT('',#1672);
#689=VERTEX_POINT('',#1676);
#690=VERTEX_POINT('',#1697);
#691=VERTEX_POINT('',#1701);
#692=VERTEX_POINT('',#1705);
#693=VERTEX_POINT('',#2932);
#694=VERTEX_POINT('',#2933);
#695=VERTEX_POINT('',#2936);
#696=VERTEX_POINT('',#2938);
#697=VERTEX_POINT('',#2964);
#698=VERTEX_POINT('',#2969);
#699=VERTEX_POINT('',#2971);
#700=VERTEX_POINT('',#2973);
#701=VERTEX_POINT('',#2980);
#702=VERTEX_POINT('',#2982);
#703=VERTEX_POINT('',#2992);
#704=VERTEX_POINT('',#2995);
#705=VERTEX_POINT('',#2997);
#706=VERTEX_POINT('',#2999);
#707=VERTEX_POINT('',#3001);
#708=VERTEX_POINT('',#3004);
#709=VERTEX_POINT('',#3008);
#710=VERTEX_POINT('',#3012);
#711=VERTEX_POINT('',#3016);
#712=VERTEX_POINT('',#3020);
#713=VERTEX_POINT('',#3023);
#714=VERTEX_POINT('',#3026);
#715=CIRCLE('',#1063,0.013);
#716=CIRCLE('',#1064,0.013);
#717=CIRCLE('',#1065,0.013);
#718=CIRCLE('',#1067,0.00105);
#719=CIRCLE('',#1068,0.00105);
#720=CIRCLE('',#1070,0.00105);
#721=CIRCLE('',#1071,0.00105);
#722=CIRCLE('',#1073,0.00105);
#723=CIRCLE('',#1074,0.00105);
#724=CIRCLE('',#1076,0.00105);
#725=CIRCLE('',#1077,0.00105);
#726=CIRCLE('',#1083,0.0011);
#727=CIRCLE('',#1084,0.0011);
#728=CIRCLE('',#1086,0.0011);
#729=CIRCLE('',#1087,0.0011);
#730=CIRCLE('',#1089,0.0011);
#731=CIRCLE('',#1090,0.0011);
#732=CIRCLE('',#1093,0.0085);
#733=CIRCLE('',#1094,0.0085);
#734=CIRCLE('',#1096,0.0165671134550247);
#735=CIRCLE('',#1097,0.00116475715054967);
#736=CIRCLE('',#1100,0.0025);
#737=CIRCLE('',#1101,0.0025);
#738=CIRCLE('',#1102,0.0025);
#739=CIRCLE('',#1104,0.0115);
#740=CIRCLE('',#1109,0.0115);
#741=CIRCLE('',#1112,0.0165671134550247);
#742=CIRCLE('',#1115,0.00116475715054967);
#743=CIRCLE('',#1126,0.0025);
#744=CIRCLE('',#1129,0.0025);
#745=CIRCLE('',#1132,0.0025);
#746=CIRCLE('',#1142,0.0216051015563045);
#747=CIRCLE('',#1145,0.0216051015563045);
#748=CIRCLE('',#1150,0.0104);
#749=CIRCLE('',#1152,0.00225);
#750=CIRCLE('',#1153,0.00225);
#751=CIRCLE('',#1154,0.00225);
#752=CIRCLE('',#1155,0.00225);
#753=CIRCLE('',#1157,0.00225);
#754=CIRCLE('',#1160,0.00225);
#755=CIRCLE('',#1163,0.00225);
#756=CIRCLE('',#1166,0.00225);
#757=CIRCLE('',#1169,0.0104);
#758=CIRCLE('',#1171,0.004);
#759=CIRCLE('',#1173,0.004);
#760=EDGE_LOOP('',(#216));
#761=EDGE_LOOP('',(#217,#218,#219,#220));
#762=EDGE_LOOP('',(#221));
#763=EDGE_LOOP('',(#222));
#764=EDGE_LOOP('',(#223));
#765=EDGE_LOOP('',(#224));
#766=EDGE_LOOP('',(#225));
#767=EDGE_LOOP('',(#226));
#768=EDGE_LOOP('',(#227));
#769=EDGE_LOOP('',(#228));
#770=EDGE_LOOP('',(#229,#230,#231,#232));
#771=EDGE_LOOP('',(#233,#234,#235,#236,#237,#238));
#772=EDGE_LOOP('',(#239,#240,#241));
#773=EDGE_LOOP('',(#242));
#774=EDGE_LOOP('',(#243));
#775=EDGE_LOOP('',(#244));
#776=EDGE_LOOP('',(#245));
#777=EDGE_LOOP('',(#246));
#778=EDGE_LOOP('',(#247));
#779=EDGE_LOOP('',(#248));
#780=EDGE_LOOP('',(#249));
#781=EDGE_LOOP('',(#250));
#782=EDGE_LOOP('',(#251,#252,#253,#254,#255,#256,#257,#258,#259,#260,#261));
#783=EDGE_LOOP('',(#262,#263,#264,#265));
#784=EDGE_LOOP('',(#266,#267,#268,#269,#270,#271));
#785=EDGE_LOOP('',(#272,#273,#274,#275,#276,#277,#278,#279));
#786=EDGE_LOOP('',(#280));
#787=EDGE_LOOP('',(#281));
#788=EDGE_LOOP('',(#282));
#789=EDGE_LOOP('',(#283,#284,#285,#286));
#790=EDGE_LOOP('',(#287,#288,#289,#290,#291,#292,#293));
#791=EDGE_LOOP('',(#294,#295,#296,#297,#298,#299,#300,#301,#302));
#792=EDGE_LOOP('',(#303,#304,#305,#306,#307,#308,#309,#310));
#793=EDGE_LOOP('',(#311,#312,#313,#314,#315,#316,#317,#318,#319));
#794=EDGE_LOOP('',(#320,#321,#322,#323));
#795=EDGE_LOOP('',(#324,#325,#326,#327,#328));
#796=EDGE_LOOP('',(#329,#330,#331,#332));
#797=EDGE_LOOP('',(#333,#334,#335,#336));
#798=EDGE_LOOP('',(#337,#338,#339,#340,#341,#342,#343,#344,#345));
#799=EDGE_LOOP('',(#346,#347,#348,#349));
#800=EDGE_LOOP('',(#350,#351,#352,#353));
#801=EDGE_LOOP('',(#354,#355,#356,#357));
#802=EDGE_LOOP('',(#358,#359,#360,#361));
#803=EDGE_LOOP('',(#362,#363,#364,#365));
#804=EDGE_LOOP('',(#366,#367,#368,#369));
#805=EDGE_LOOP('',(#370,#371,#372,#373));
#806=EDGE_LOOP('',(#374,#375,#376,#377));
#807=EDGE_LOOP('',(#378));
#808=EDGE_LOOP('',(#379));
#809=EDGE_LOOP('',(#380));
#810=EDGE_LOOP('',(#381));
#811=EDGE_LOOP('',(#382));
#812=EDGE_LOOP('',(#383));
#813=EDGE_LOOP('',(#384));
#814=EDGE_LOOP('',(#385));
#815=EDGE_LOOP('',(#386));
#816=EDGE_LOOP('',(#387));
#817=EDGE_LOOP('',(#388));
#818=EDGE_LOOP('',(#389));
#819=EDGE_LOOP('',(#390,#391));
#820=EDGE_LOOP('',(#392,#393,#394,#395,#396));
#821=EDGE_LOOP('',(#397,#398));
#822=EDGE_LOOP('',(#399,#400,#401,#402,#403,#404,#405,#406,#407,#408));
#823=EDGE_LOOP('',(#409,#410,#411,#412,#413,#414,#415));
#824=EDGE_LOOP('',(#416,#417,#418,#419,#420,#421));
#825=EDGE_LOOP('',(#422,#423,#424,#425,#426,#427,#428,#429,#430));
#826=EDGE_LOOP('',(#431,#432,#433,#434));
#827=EDGE_LOOP('',(#435,#436,#437,#438));
#828=EDGE_LOOP('',(#439,#440,#441,#442,#443,#444));
#829=EDGE_LOOP('',(#445));
#830=EDGE_LOOP('',(#446));
#831=EDGE_LOOP('',(#447));
#832=EDGE_LOOP('',(#448));
#833=EDGE_LOOP('',(#449));
#834=EDGE_LOOP('',(#450));
#835=EDGE_LOOP('',(#451,#452,#453,#454));
#836=EDGE_LOOP('',(#455));
#837=EDGE_LOOP('',(#456));
#838=EDGE_LOOP('',(#457));
#839=EDGE_LOOP('',(#458));
#840=EDGE_LOOP('',(#459));
#841=EDGE_LOOP('',(#460));
#842=EDGE_LOOP('',(#461));
#843=EDGE_LOOP('',(#462));
#844=EDGE_LOOP('',(#463));
#845=EDGE_LOOP('',(#464));
#846=EDGE_LOOP('',(#465));
#847=EDGE_LOOP('',(#466));
#848=EDGE_LOOP('',(#467));
#849=EDGE_LOOP('',(#468));
#850=EDGE_LOOP('',(#469));
#851=EDGE_LOOP('',(#470));
#852=EDGE_LOOP('',(#471));
#853=EDGE_LOOP('',(#472));
#854=EDGE_LOOP('',(#473));
#855=EDGE_LOOP('',(#474));
#856=EDGE_LOOP('',(#475));
#857=EDGE_LOOP('',(#476));
#858=EDGE_LOOP('',(#477));
#859=EDGE_LOOP('',(#478));
#860=EDGE_LOOP('',(#479));
#861=EDGE_LOOP('',(#480));
#862=EDGE_LOOP('',(#481));
#863=FACE_BOUND('',#760,.T.);
#864=FACE_BOUND('',#761,.T.);
#865=FACE_BOUND('',#762,.T.);
#866=FACE_BOUND('',#763,.T.);
#867=FACE_BOUND('',#764,.T.);
#868=FACE_BOUND('',#765,.T.);
#869=FACE_BOUND('',#766,.T.);
#870=FACE_BOUND('',#767,.T.);
#871=FACE_BOUND('',#768,.T.);
#872=FACE_BOUND('',#769,.T.);
#873=FACE_BOUND('',#770,.T.);
#874=FACE_BOUND('',#771,.T.);
#875=FACE_BOUND('',#772,.T.);
#876=FACE_BOUND('',#773,.T.);
#877=FACE_BOUND('',#774,.T.);
#878=FACE_BOUND('',#775,.T.);
#879=FACE_BOUND('',#776,.T.);
#880=FACE_BOUND('',#777,.T.);
#881=FACE_BOUND('',#778,.T.);
#882=FACE_BOUND('',#779,.T.);
#883=FACE_BOUND('',#780,.T.);
#884=FACE_BOUND('',#781,.T.);
#885=FACE_BOUND('',#782,.T.);
#886=FACE_BOUND('',#783,.T.);
#887=FACE_BOUND('',#784,.T.);
#888=FACE_BOUND('',#785,.T.);
#889=FACE_BOUND('',#786,.T.);
#890=FACE_BOUND('',#787,.T.);
#891=FACE_BOUND('',#788,.T.);
#892=FACE_BOUND('',#789,.T.);
#893=FACE_BOUND('',#790,.T.);
#894=FACE_BOUND('',#791,.T.);
#895=FACE_BOUND('',#792,.T.);
#896=FACE_BOUND('',#793,.T.);
#897=FACE_BOUND('',#794,.T.);
#898=FACE_BOUND('',#795,.T.);
#899=FACE_BOUND('',#796,.T.);
#900=FACE_BOUND('',#797,.T.);
#901=FACE_BOUND('',#798,.T.);
#902=FACE_BOUND('',#799,.T.);
#903=FACE_BOUND('',#800,.T.);
#904=FACE_BOUND('',#801,.T.);
#905=FACE_BOUND('',#802,.T.);
#906=FACE_BOUND('',#803,.T.);
#907=FACE_BOUND('',#804,.T.);
#908=FACE_BOUND('',#805,.T.);
#909=FACE_BOUND('',#806,.T.);
#910=FACE_BOUND('',#807,.T.);
#911=FACE_BOUND('',#808,.T.);
#912=FACE_BOUND('',#809,.T.);
#913=FACE_BOUND('',#810,.T.);
#914=FACE_BOUND('',#811,.T.);
#915=FACE_BOUND('',#812,.T.);
#916=FACE_BOUND('',#813,.T.);
#917=FACE_BOUND('',#814,.T.);
#918=FACE_BOUND('',#815,.T.);
#919=FACE_BOUND('',#816,.T.);
#920=FACE_BOUND('',#817,.T.);
#921=FACE_BOUND('',#818,.T.);
#922=FACE_BOUND('',#819,.T.);
#923=FACE_BOUND('',#820,.T.);
#924=FACE_BOUND('',#821,.T.);
#925=FACE_BOUND('',#822,.T.);
#926=FACE_BOUND('',#823,.T.);
#927=FACE_BOUND('',#824,.T.);
#928=FACE_BOUND('',#825,.T.);
#929=FACE_BOUND('',#826,.T.);
#930=FACE_BOUND('',#827,.T.);
#931=FACE_BOUND('',#828,.T.);
#932=FACE_BOUND('',#829,.T.);
#933=FACE_BOUND('',#830,.T.);
#934=FACE_BOUND('',#831,.T.);
#935=FACE_BOUND('',#832,.T.);
#936=FACE_BOUND('',#833,.T.);
#937=FACE_BOUND('',#834,.T.);
#938=FACE_BOUND('',#835,.T.);
#939=FACE_BOUND('',#836,.T.);
#940=FACE_BOUND('',#837,.T.);
#941=FACE_BOUND('',#838,.T.);
#942=FACE_BOUND('',#839,.T.);
#943=FACE_BOUND('',#840,.T.);
#944=FACE_BOUND('',#841,.T.);
#945=FACE_BOUND('',#842,.T.);
#946=FACE_BOUND('',#843,.T.);
#947=FACE_BOUND('',#844,.T.);
#948=FACE_BOUND('',#845,.T.);
#949=FACE_BOUND('',#846,.T.);
#950=FACE_BOUND('',#847,.T.);
#951=FACE_BOUND('',#848,.T.);
#952=FACE_BOUND('',#849,.T.);
#953=FACE_BOUND('',#850,.T.);
#954=FACE_BOUND('',#851,.T.);
#955=FACE_BOUND('',#852,.T.);
#956=FACE_BOUND('',#853,.T.);
#957=FACE_BOUND('',#854,.T.);
#958=FACE_BOUND('',#855,.T.);
#959=FACE_BOUND('',#856,.T.);
#960=FACE_BOUND('',#857,.T.);
#961=FACE_BOUND('',#858,.T.);
#962=FACE_BOUND('',#859,.T.);
#963=FACE_BOUND('',#860,.T.);
#964=FACE_BOUND('',#861,.T.);
#965=FACE_BOUND('',#862,.T.);
#966=CYLINDRICAL_SURFACE('',#1062,0.013);
#967=CYLINDRICAL_SURFACE('',#1066,0.00105);
#968=CYLINDRICAL_SURFACE('',#1069,0.00105);
#969=CYLINDRICAL_SURFACE('',#1072,0.00105);
#970=CYLINDRICAL_SURFACE('',#1075,0.00105);
#971=CYLINDRICAL_SURFACE('',#1082,0.0011);
#972=CYLINDRICAL_SURFACE('',#1085,0.0011);
#973=CYLINDRICAL_SURFACE('',#1088,0.0011);
#974=CYLINDRICAL_SURFACE('',#1092,0.0085);
#975=CYLINDRICAL_SURFACE('',#1111,0.0165671134550247);
#976=CYLINDRICAL_SURFACE('',#1114,0.00116475715054967);
#977=CYLINDRICAL_SURFACE('',#1124,0.0115);
#978=CYLINDRICAL_SURFACE('',#1125,0.0025);
#979=CYLINDRICAL_SURFACE('',#1128,0.0025);
#980=CYLINDRICAL_SURFACE('',#1131,0.0025);
#981=CYLINDRICAL_SURFACE('',#1147,0.0216051015563045);
#982=CYLINDRICAL_SURFACE('',#1156,0.00225);
#983=CYLINDRICAL_SURFACE('',#1159,0.00225);
#984=CYLINDRICAL_SURFACE('',#1162,0.00225);
#985=CYLINDRICAL_SURFACE('',#1165,0.00225);
#986=CYLINDRICAL_SURFACE('',#1168,0.0104);
#987=CYLINDRICAL_SURFACE('',#1172,0.004);
#988=ADVANCED_FACE('',(#863,#864),#966,.T.);
#989=ADVANCED_FACE('',(#865,#866),#967,.F.);
#990=ADVANCED_FACE('',(#867,#868),#968,.F.);
#991=ADVANCED_FACE('',(#869,#870),#969,.F.);
#992=ADVANCED_FACE('',(#871,#872),#970,.F.);
#993=ADVANCED_FACE('',(#873),#25,.T.);
#994=ADVANCED_FACE('',(#874),#26,.T.);
#995=ADVANCED_FACE('',(#875),#27,.F.);
#996=ADVANCED_FACE('',(#876,#877),#971,.F.);
#997=ADVANCED_FACE('',(#878,#879),#972,.F.);
#998=ADVANCED_FACE('',(#880,#881),#973,.F.);
#999=ADVANCED_FACE('',(#882,#883,#884,#885),#28,.F.);
#1000=ADVANCED_FACE('',(#886),#974,.F.);
#1001=ADVANCED_FACE('',(#887),#29,.F.);
#1002=ADVANCED_FACE('',(#888),#30,.F.);
#1003=ADVANCED_FACE('',(#889,#890,#891,#892,#893),#31,.T.);
#1004=ADVANCED_FACE('',(#894),#32,.F.);
#1005=ADVANCED_FACE('',(#895),#33,.T.);
#1006=ADVANCED_FACE('',(#896),#34,.F.);
#1007=ADVANCED_FACE('',(#897),#35,.F.);
#1008=ADVANCED_FACE('',(#898),#975,.F.);
#1009=ADVANCED_FACE('',(#899),#36,.F.);
#1010=ADVANCED_FACE('',(#900),#976,.T.);
#1011=ADVANCED_FACE('',(#901),#37,.F.);
#1012=ADVANCED_FACE('',(#902),#38,.T.);
#1013=ADVANCED_FACE('',(#903),#39,.T.);
#1014=ADVANCED_FACE('',(#904),#40,.T.);
#1015=ADVANCED_FACE('',(#905),#41,.T.);
#1016=ADVANCED_FACE('',(#906),#42,.T.);
#1017=ADVANCED_FACE('',(#907),#43,.F.);
#1018=ADVANCED_FACE('',(#908),#44,.F.);
#1019=ADVANCED_FACE('',(#909),#977,.T.);
#1020=ADVANCED_FACE('',(#910,#911),#978,.F.);
#1021=ADVANCED_FACE('',(#912,#913),#45,.T.);
#1022=ADVANCED_FACE('',(#914,#915),#979,.F.);
#1023=ADVANCED_FACE('',(#916,#917),#46,.T.);
#1024=ADVANCED_FACE('',(#918,#919),#980,.F.);
#1025=ADVANCED_FACE('',(#920,#921),#47,.T.);
#1026=ADVANCED_FACE('',(#922,#923),#12,.T.);
#1027=ADVANCED_FACE('',(#924),#48,.F.);
#1028=ADVANCED_FACE('',(#925),#13,.T.);
#1029=ADVANCED_FACE('',(#926),#49,.T.);
#1030=ADVANCED_FACE('',(#927),#50,.T.);
#1031=ADVANCED_FACE('',(#928),#51,.F.);
#1032=ADVANCED_FACE('',(#929),#52,.F.);
#1033=ADVANCED_FACE('',(#930),#981,.F.);
#1034=ADVANCED_FACE('',(#931),#53,.T.);
#1035=ADVANCED_FACE('',(#932,#933),#54,.T.);
#1036=ADVANCED_FACE('',(#934,#935,#936,#937,#938),#55,.F.);
#1037=ADVANCED_FACE('',(#939,#940),#982,.F.);
#1038=ADVANCED_FACE('',(#941,#942),#56,.F.);
#1039=ADVANCED_FACE('',(#943,#944),#983,.F.);
#1040=ADVANCED_FACE('',(#945,#946),#57,.F.);
#1041=ADVANCED_FACE('',(#947,#948),#984,.F.);
#1042=ADVANCED_FACE('',(#949,#950),#58,.F.);
#1043=ADVANCED_FACE('',(#951,#952),#985,.F.);
#1044=ADVANCED_FACE('',(#953,#954),#59,.F.);
#1045=ADVANCED_FACE('',(#955,#956),#986,.F.);
#1046=ADVANCED_FACE('',(#957,#958,#959,#960,#961,#962),#60,.T.);
#1047=ADVANCED_FACE('',(#963,#964),#987,.F.);
#1048=ADVANCED_FACE('',(#965),#61,.T.);
#1049=CLOSED_SHELL('',(#988,#989,#990,#991,#992,#993,#994,#995,#996,#997,
#998,#999,#1000,#1001,#1002,#1003,#1004,#1005,#1006,#1007,#1008,#1009,#1010,
#1011,#1012,#1013,#1014,#1015,#1016,#1017,#1018,#1019,#1020,#1021,#1022,
#1023,#1024,#1025,#1026,#1027,#1028,#1029,#1030,#1031,#1032,#1033,#1034,
#1035,#1036,#1037,#1038,#1039,#1040,#1041,#1042,#1043,#1044,#1045,#1046,
#1047,#1048));
#1050=STYLED_ITEM('',(#1051),#1058);
#1051=PRESENTATION_STYLE_ASSIGNMENT((#1052));
#1052=SURFACE_STYLE_USAGE(.BOTH.,#1053);
#1053=SURFACE_SIDE_STYLE('',(#1054));
#1054=SURFACE_STYLE_FILL_AREA(#1055);
#1055=FILL_AREA_STYLE('',(#1056));
#1056=FILL_AREA_STYLE_COLOUR('',#1057);
#1057=COLOUR_RGB('',0.729411764705882,0.250980392156863,0.105882352941176);
#1058=MANIFOLD_SOLID_BREP('right holder',#1049);
#1059=SHAPE_DEFINITION_REPRESENTATION(#3034,#1060);
#1060=SHAPE_REPRESENTATION('right holder',(#1061),#3029);
#1061=AXIS2_PLACEMENT_3D('',#1480,#1175,#1176);
#1062=AXIS2_PLACEMENT_3D('',#1481,#1177,#1178);
#1063=AXIS2_PLACEMENT_3D('',#1482,#1179,#1180);
#1064=AXIS2_PLACEMENT_3D('',#1484,#1181,#1182);
#1065=AXIS2_PLACEMENT_3D('',#1489,#1184,#1185);
#1066=AXIS2_PLACEMENT_3D('',#1492,#1187,#1188);
#1067=AXIS2_PLACEMENT_3D('',#1493,#1189,#1190);
#1068=AXIS2_PLACEMENT_3D('',#1495,#1191,#1192);
#1069=AXIS2_PLACEMENT_3D('',#1497,#1193,#1194);
#1070=AXIS2_PLACEMENT_3D('',#1498,#1195,#1196);
#1071=AXIS2_PLACEMENT_3D('',#1500,#1197,#1198);
#1072=AXIS2_PLACEMENT_3D('',#1502,#1199,#1200);
#1073=AXIS2_PLACEMENT_3D('',#1503,#1201,#1202);
#1074=AXIS2_PLACEMENT_3D('',#1505,#1203,#1204);
#1075=AXIS2_PLACEMENT_3D('',#1507,#1205,#1206);
#1076=AXIS2_PLACEMENT_3D('',#1508,#1207,#1208);
#1077=AXIS2_PLACEMENT_3D('',#1510,#1209,#1210);
#1078=AXIS2_PLACEMENT_3D('',#1512,#1211,#1212);
#1079=AXIS2_PLACEMENT_3D('',#1521,#1217,#1218);
#1080=AXIS2_PLACEMENT_3D('',#1534,#1225,#1226);
#1081=AXIS2_PLACEMENT_3D('',#1538,#1228,#1229);
#1082=AXIS2_PLACEMENT_3D('',#1541,#1231,#1232);
#1083=AXIS2_PLACEMENT_3D('',#1542,#1233,#1234);
#1084=AXIS2_PLACEMENT_3D('',#1544,#1235,#1236);
#1085=AXIS2_PLACEMENT_3D('',#1546,#1237,#1238);
#1086=AXIS2_PLACEMENT_3D('',#1547,#1239,#1240);
#1087=AXIS2_PLACEMENT_3D('',#1549,#1241,#1242);
#1088=AXIS2_PLACEMENT_3D('',#1551,#1243,#1244);
#1089=AXIS2_PLACEMENT_3D('',#1552,#1245,#1246);
#1090=AXIS2_PLACEMENT_3D('',#1554,#1247,#1248);
#1091=AXIS2_PLACEMENT_3D('',#1556,#1249,#1250);
#1092=AXIS2_PLACEMENT_3D('',#1579,#1262,#1263);
#1093=AXIS2_PLACEMENT_3D('',#1580,#1264,#1265);
#1094=AXIS2_PLACEMENT_3D('',#1584,#1267,#1268);
#1095=AXIS2_PLACEMENT_3D('',#1585,#1269,#1270);
#1096=AXIS2_PLACEMENT_3D('',#1591,#1273,#1274);
#1097=AXIS2_PLACEMENT_3D('',#1595,#1276,#1277);
#1098=AXIS2_PLACEMENT_3D('',#1598,#1279,#1280);
#1099=AXIS2_PLACEMENT_3D('',#1609,#1287,#1288);
#1100=AXIS2_PLACEMENT_3D('',#1610,#1289,#1290);
#1101=AXIS2_PLACEMENT_3D('',#1612,#1291,#1292);
#1102=AXIS2_PLACEMENT_3D('',#1614,#1293,#1294);
#1103=AXIS2_PLACEMENT_3D('',#1632,#1304,#1305);
#1104=AXIS2_PLACEMENT_3D('',#1636,#1307,#1308);
#1105=AXIS2_PLACEMENT_3D('',#1640,#1312,#1313);
#1106=AXIS2_PLACEMENT_3D('',#1644,#1315,#1316);
#1107=AXIS2_PLACEMENT_3D('',#1646,#1318,#1319);
#1108=AXIS2_PLACEMENT_3D('',#1649,#1321,#1322);
#1109=AXIS2_PLACEMENT_3D('',#1651,#1324,#1325);
#1110=AXIS2_PLACEMENT_3D('',#1654,#1327,#1328);
#1111=AXIS2_PLACEMENT_3D('',#1663,#1331,#1332);
#1112=AXIS2_PLACEMENT_3D('',#1671,#1333,#1334);
#1113=AXIS2_PLACEMENT_3D('',#1674,#1336,#1337);
#1114=AXIS2_PLACEMENT_3D('',#1678,#1340,#1341);
#1115=AXIS2_PLACEMENT_3D('',#1679,#1342,#1343);
#1116=AXIS2_PLACEMENT_3D('',#1680,#1344,#1345);
#1117=AXIS2_PLACEMENT_3D('',#1682,#1347,#1348);
#1118=AXIS2_PLACEMENT_3D('',#1684,#1350,#1351);
#1119=AXIS2_PLACEMENT_3D('',#1686,#1353,#1354);
#1120=AXIS2_PLACEMENT_3D('',#1687,#1355,#1356);
#1121=AXIS2_PLACEMENT_3D('',#1689,#1358,#1359);
#1122=AXIS2_PLACEMENT_3D('',#1691,#1361,#1362);
#1123=AXIS2_PLACEMENT_3D('',#1692,#1363,#1364);
#1124=AXIS2_PLACEMENT_3D('',#1694,#1366,#1367);
#1125=AXIS2_PLACEMENT_3D('',#1695,#1368,#1369);
#1126=AXIS2_PLACEMENT_3D('',#1696,#1370,#1371);
#1127=AXIS2_PLACEMENT_3D('',#1698,#1372,#1373);
#1128=AXIS2_PLACEMENT_3D('',#1699,#1374,#1375);
#1129=AXIS2_PLACEMENT_3D('',#1700,#1376,#1377);
#1130=AXIS2_PLACEMENT_3D('',#1702,#1378,#1379);
#1131=AXIS2_PLACEMENT_3D('',#1703,#1380,#1381);
#1132=AXIS2_PLACEMENT_3D('',#1704,#1382,#1383);
#1133=AXIS2_PLACEMENT_3D('',#1706,#1384,#1385);
#1134=AXIS2_PLACEMENT_3D('',#2931,#1386,#1387);
#1135=AXIS2_PLACEMENT_3D('',#2934,#1388,#1389);
#1136=AXIS2_PLACEMENT_3D('',#2935,#1390,#1391);
#1137=AXIS2_PLACEMENT_3D('',#2937,#1392,#1393);
#1138=AXIS2_PLACEMENT_3D('',#2939,#1394,#1395);
#1139=AXIS2_PLACEMENT_3D('',#2940,#1396,#1397);
#1140=AXIS2_PLACEMENT_3D('',#2963,#1398,#1399);
#1141=AXIS2_PLACEMENT_3D('',#2966,#1401,#1402);
#1142=AXIS2_PLACEMENT_3D('',#2970,#1405,#1406);
#1143=AXIS2_PLACEMENT_3D('',#2975,#1409,#1410);
#1144=AXIS2_PLACEMENT_3D('',#2978,#1413,#1414);
#1145=AXIS2_PLACEMENT_3D('',#2981,#1416,#1417);
#1146=AXIS2_PLACEMENT_3D('',#2985,#1420,#1421);
#1147=AXIS2_PLACEMENT_3D('',#2987,#1423,#1424);
#1148=AXIS2_PLACEMENT_3D('',#2989,#1426,#1427);
#1149=AXIS2_PLACEMENT_3D('',#2990,#1428,#1429);
#1150=AXIS2_PLACEMENT_3D('',#2991,#1430,#1431);
#1151=AXIS2_PLACEMENT_3D('',#2993,#1432,#1433);
#1152=AXIS2_PLACEMENT_3D('',#2994,#1434,#1435);
#1153=AXIS2_PLACEMENT_3D('',#2996,#1436,#1437);
#1154=AXIS2_PLACEMENT_3D('',#2998,#1438,#1439);
#1155=AXIS2_PLACEMENT_3D('',#3000,#1440,#1441);
#1156=AXIS2_PLACEMENT_3D('',#3002,#1442,#1443);
#1157=AXIS2_PLACEMENT_3D('',#3003,#1444,#1445);
#1158=AXIS2_PLACEMENT_3D('',#3005,#1446,#1447);
#1159=AXIS2_PLACEMENT_3D('',#3006,#1448,#1449);
#1160=AXIS2_PLACEMENT_3D('',#3007,#1450,#1451);
#1161=AXIS2_PLACEMENT_3D('',#3009,#1452,#1453);
#1162=AXIS2_PLACEMENT_3D('',#3010,#1454,#1455);
#1163=AXIS2_PLACEMENT_3D('',#3011,#1456,#1457);
#1164=AXIS2_PLACEMENT_3D('',#3013,#1458,#1459);
#1165=AXIS2_PLACEMENT_3D('',#3014,#1460,#1461);
#1166=AXIS2_PLACEMENT_3D('',#3015,#1462,#1463);
#1167=AXIS2_PLACEMENT_3D('',#3017,#1464,#1465);
#1168=AXIS2_PLACEMENT_3D('',#3018,#1466,#1467);
#1169=AXIS2_PLACEMENT_3D('',#3019,#1468,#1469);
#1170=AXIS2_PLACEMENT_3D('',#3021,#1470,#1471);
#1171=AXIS2_PLACEMENT_3D('',#3022,#1472,#1473);
#1172=AXIS2_PLACEMENT_3D('',#3024,#1474,#1475);
#1173=AXIS2_PLACEMENT_3D('',#3025,#1476,#1477);
#1174=AXIS2_PLACEMENT_3D('',#3027,#1478,#1479);
#1175=DIRECTION('',(0.,0.,1.));
#1176=DIRECTION('',(1.,0.,0.));
#1177=DIRECTION('',(1.44560289664734E-16,0.,-1.));
#1178=DIRECTION('',(-1.,0.,-1.44560289664734E-16));
#1179=DIRECTION('',(-1.44560289664734E-16,0.,1.));
#1180=DIRECTION('',(1.,0.,1.44560289664734E-16));
#1181=DIRECTION('',(1.44560289664734E-16,0.,-1.));
#1182=DIRECTION('',(-1.,0.,-1.44560289664734E-16));
#1183=DIRECTION('',(1.44560289664734E-16,0.,-1.));
#1184=DIRECTION('',(-1.44560289664734E-16,0.,1.));
#1185=DIRECTION('',(1.,0.,1.44560289664734E-16));
#1186=DIRECTION('',(1.44560289664734E-16,0.,-1.));
#1187=DIRECTION('',(1.44560289664734E-16,0.,-1.));
#1188=DIRECTION('',(-1.,0.,-1.44560289664734E-16));
#1189=DIRECTION('',(-1.44560289664734E-16,0.,1.));
#1190=DIRECTION('',(1.,0.,1.44560289664734E-16));
#1191=DIRECTION('',(-1.44560289664734E-16,0.,1.));
#1192=DIRECTION('',(1.,0.,1.44560289664734E-16));
#1193=DIRECTION('',(1.44560289664734E-16,0.,-1.));
#1194=DIRECTION('',(-1.,0.,-1.44560289664734E-16));
#1195=DIRECTION('',(-1.44560289664734E-16,0.,1.));
#1196=DIRECTION('',(1.,0.,1.44560289664734E-16));
#1197=DIRECTION('',(-1.44560289664734E-16,0.,1.));
#1198=DIRECTION('',(1.,0.,1.44560289664734E-16));
#1199=DIRECTION('',(1.44560289664734E-16,0.,-1.));
#1200=DIRECTION('',(-1.,0.,-1.44560289664734E-16));
#1201=DIRECTION('',(-1.44560289664734E-16,0.,1.));
#1202=DIRECTION('',(1.,0.,1.44560289664734E-16));
#1203=DIRECTION('',(-1.44560289664734E-16,0.,1.));
#1204=DIRECTION('',(1.,0.,1.44560289664734E-16));
#1205=DIRECTION('',(1.44560289664734E-16,0.,-1.));
#1206=DIRECTION('',(-1.,0.,-1.44560289664734E-16));
#1207=DIRECTION('',(-1.44560289664734E-16,0.,1.));
#1208=DIRECTION('',(1.,0.,1.44560289664734E-16));
#1209=DIRECTION('',(-1.44560289664734E-16,0.,1.));
#1210=DIRECTION('',(1.,0.,1.44560289664734E-16));
#1211=DIRECTION('',(0.,-1.,0.));
#1212=DIRECTION('',(1.,0.,0.));
#1213=DIRECTION('',(-1.,0.,-1.44560289664734E-16));
#1214=DIRECTION('',(0.,0.,-1.));
#1215=DIRECTION('',(1.,0.,0.));
#1216=DIRECTION('',(-9.63735264431559E-17,0.,-1.));
#1217=DIRECTION('',(0.,0.,1.));
#1218=DIRECTION('',(1.,0.,0.));
#1219=DIRECTION('',(-1.,0.,0.));
#1220=DIRECTION('',(0.,-1.,0.));
#1221=DIRECTION('',(-1.,0.,0.));
#1222=DIRECTION('',(0.,-1.,0.));
#1223=DIRECTION('',(-1.,0.,-4.16333634234434E-16));
#1224=DIRECTION('',(0.,1.,0.));
#1225=DIRECTION('',(0.,-1.,0.));
#1226=DIRECTION('',(0.,0.,-1.));
#1227=DIRECTION('',(-1.,0.,-4.16333634234434E-16));
#1228=DIRECTION('',(0.,1.,0.));
#1229=DIRECTION('',(-1.22464679914735E-16,0.,-1.));
#1230=DIRECTION('',(-4.16333634234434E-16,0.,1.));
#1231=DIRECTION('',(-1.,0.,-4.18005656861881E-16));
#1232=DIRECTION('',(-4.18005656861881E-16,0.,1.));
#1233=DIRECTION('',(-1.,0.,-4.18005656861881E-16));
#1234=DIRECTION('',(-4.18005656861881E-16,0.,1.));
#1235=DIRECTION('',(1.,0.,4.18005656861881E-16));
#1236=DIRECTION('',(4.18005656861881E-16,0.,-1.));
#1237=DIRECTION('',(-1.,0.,-4.18005656861881E-16));
#1238=DIRECTION('',(-4.18005656861881E-16,0.,1.));
#1239=DIRECTION('',(-1.,0.,-4.18005656861881E-16));
#1240=DIRECTION('',(-4.18005656861881E-16,0.,1.));
#1241=DIRECTION('',(1.,0.,4.18005656861881E-16));
#1242=DIRECTION('',(4.18005656861881E-16,0.,-1.));
#1243=DIRECTION('',(-1.,0.,-4.18005656861881E-16));
#1244=DIRECTION('',(-4.18005656861881E-16,0.,1.));
#1245=DIRECTION('',(-1.,0.,-4.18005656861881E-16));
#1246=DIRECTION('',(-4.18005656861881E-16,0.,1.));
#1247=DIRECTION('',(1.,0.,4.18005656861881E-16));
#1248=DIRECTION('',(4.18005656861881E-16,0.,-1.));
#1249=DIRECTION('',(1.,0.,4.18005656861881E-16));
#1250=DIRECTION('',(0.,1.,0.));
#1251=DIRECTION('',(0.,-1.,0.));
#1252=DIRECTION('',(-4.18005656861881E-16,0.,1.));
#1253=DIRECTION('',(0.,1.,0.));
#1254=DIRECTION('',(-4.18005656861881E-16,0.,1.));
#1255=DIRECTION('',(-3.85417556356555E-16,0.387096774193548,0.922039092126223));
#1256=DIRECTION('',(0.,1.,0.));
#1257=DIRECTION('',(-4.18005656861881E-16,0.,1.));
#1258=DIRECTION('',(0.,1.,0.));
#1259=DIRECTION('',(-4.18005656861881E-16,-9.6373526443156E-17,1.));
#1260=DIRECTION('',(0.,1.,0.));
#1261=DIRECTION('',(-4.18005656861881E-16,0.,1.));
#1262=DIRECTION('',(0.,-1.,0.));
#1263=DIRECTION('',(0.,0.,-1.));
#1264=DIRECTION('',(0.,-1.,0.));
#1265=DIRECTION('',(0.,0.,-1.));
#1266=DIRECTION('',(0.,-1.,0.));
#1267=DIRECTION('',(0.,1.,0.));
#1268=DIRECTION('',(0.,0.,1.));
#1269=DIRECTION('',(1.,0.,4.16333634234434E-16));
#1270=DIRECTION('',(4.16333634234434E-16,0.,-1.));
#1271=DIRECTION('',(-4.16333634234434E-16,0.,1.));
#1272=DIRECTION('',(0.,1.,0.));
#1273=DIRECTION('',(-1.,0.,-4.16333634234434E-16));
#1274=DIRECTION('',(-4.16333634234434E-16,0.,1.));
#1275=DIRECTION('',(-3.08966362132688E-16,-0.670275429532147,0.742112423131089));
#1276=DIRECTION('',(-1.,0.,-4.16333634234434E-16));
#1277=DIRECTION('',(-4.16333634234434E-16,0.,1.));
#1278=DIRECTION('',(0.,-1.,0.));
#1279=DIRECTION('',(0.,0.,1.));
#1280=DIRECTION('',(1.,0.,0.));
#1281=DIRECTION('',(-1.,0.,0.));
#1282=DIRECTION('',(-1.,0.,-4.16333634234434E-16));
#1283=DIRECTION('',(0.,1.,0.));
#1284=DIRECTION('',(-1.,0.,0.));
#1285=DIRECTION('',(1.,0.,4.18005656861881E-16));
#1286=DIRECTION('',(0.,-1.,0.));
#1287=DIRECTION('',(1.,0.,4.18005656861881E-16));
#1288=DIRECTION('',(4.18005656861881E-16,0.,-1.));
#1289=DIRECTION('',(1.,0.,4.18005656861881E-16));
#1290=DIRECTION('',(4.18005656861881E-16,0.,-1.));
#1291=DIRECTION('',(1.,0.,4.18005656861881E-16));
#1292=DIRECTION('',(4.18005656861881E-16,0.,-1.));
#1293=DIRECTION('',(1.,0.,4.18005656861881E-16));
#1294=DIRECTION('',(4.18005656861881E-16,0.,-1.));
#1295=DIRECTION('',(0.,-1.,0.));
#1296=DIRECTION('',(4.18005656861881E-16,9.6373526443156E-17,-1.));
#1297=DIRECTION('',(0.,-1.,0.));
#1298=DIRECTION('',(-4.18005656861881E-16,0.,1.));
#1299=DIRECTION('',(-4.18005656861881E-16,0.,1.));
#1300=DIRECTION('',(-3.85417556356555E-16,0.387096774193548,0.922039092126223));
#1301=DIRECTION('',(-4.18005656861881E-16,0.,1.));
#1302=DIRECTION('',(0.,1.,0.));
#1303=DIRECTION('',(-4.18005656861881E-16,0.,1.));
#1304=DIRECTION('',(0.,-1.,0.));
#1305=DIRECTION('',(1.,0.,0.));
#1306=DIRECTION('',(-1.,0.,0.));
#1307=DIRECTION('',(0.,-1.,0.));
#1308=DIRECTION('',(0.,0.,1.));
#1309=DIRECTION('',(1.,0.,4.18005656861881E-16));
#1310=DIRECTION('',(1.,0.,4.18005656861881E-16));
#1311=DIRECTION('',(-4.16333634234434E-16,0.,1.));
#1312=DIRECTION('',(0.,-1.,0.));
#1313=DIRECTION('',(1.,0.,0.));
#1314=DIRECTION('',(1.,0.,0.));
#1315=DIRECTION('',(0.,1.,0.));
#1316=DIRECTION('',(-1.22464679914735E-16,0.,-1.));
#1317=DIRECTION('',(-9.63735264431559E-17,0.,-1.));
#1318=DIRECTION('',(0.,-1.,0.));
#1319=DIRECTION('',(0.,0.,-1.));
#1320=DIRECTION('',(-4.16333634234434E-16,0.,1.));
#1321=DIRECTION('',(0.,1.,0.));
#1322=DIRECTION('',(-1.22464679914735E-16,0.,-1.));
#1323=DIRECTION('',(1.,0.,4.18005656861881E-16));
#1324=DIRECTION('',(0.,1.,0.));
#1325=DIRECTION('',(0.,0.,1.));
#1326=DIRECTION('',(-1.,0.,0.));
#1327=DIRECTION('',(-3.99015314472597E-16,-0.285419168963911,0.958402784839417));
#1328=DIRECTION('',(0.,-0.958402784839418,-0.285419168963911));
#1329=DIRECTION('',(-1.,0.,-4.16333634234434E-16));
#1330=DIRECTION('',(-1.18829599894917E-16,0.958402784839417,0.285419168963911));
#1331=DIRECTION('',(-1.,0.,-4.16333634234434E-16));
#1332=DIRECTION('',(-4.16333634234434E-16,0.,1.));
#1333=DIRECTION('',(-1.,0.,-4.16333634234434E-16));
#1334=DIRECTION('',(-4.16333634234434E-16,0.,1.));
#1335=DIRECTION('',(-1.,0.,-4.16333634234434E-16));
#1336=DIRECTION('',(2.79058205515165E-16,-0.742112423131089,-0.670275429532147));
#1337=DIRECTION('',(0.,0.670275429532147,-0.742112423131089));
#1338=DIRECTION('',(-3.08966362132688E-16,-0.670275429532147,0.742112423131089));
#1339=DIRECTION('',(-1.,0.,-4.16333634234434E-16));
#1340=DIRECTION('',(-1.,0.,-4.16333634234434E-16));
#1341=DIRECTION('',(-4.16333634234434E-16,0.,1.));
#1342=DIRECTION('',(-1.,0.,-4.16333634234434E-16));
#1343=DIRECTION('',(-4.16333634234434E-16,0.,1.));
#1344=DIRECTION('',(-1.,0.,-4.16333634234434E-16));
#1345=DIRECTION('',(0.,-1.,0.));
#1346=DIRECTION('',(0.,-1.,0.));
#1347=DIRECTION('',(1.61808641365889E-16,0.922039092126223,-0.387096774193548));
#1348=DIRECTION('',(0.,0.387096774193548,0.922039092126223));
#1349=DIRECTION('',(1.,0.,4.18005656861881E-16));
#1350=DIRECTION('',(0.,1.,0.));
#1351=DIRECTION('',(0.,0.,1.));
#1352=DIRECTION('',(1.,0.,4.18005656861881E-16));
#1353=DIRECTION('',(4.18005656861881E-16,0.,-1.));
#1354=DIRECTION('',(-1.,0.,-4.18005656861881E-16));
#1355=DIRECTION('',(-4.18005656861881E-16,0.,1.));
#1356=DIRECTION('',(1.,0.,4.18005656861881E-16));
#1357=DIRECTION('',(1.,0.,4.18005656861881E-16));
#1358=DIRECTION('',(4.02846792249673E-32,-1.,-9.6373526443156E-17));
#1359=DIRECTION('',(0.,9.6373526443156E-17,-1.));
#1360=DIRECTION('',(1.,0.,4.18005656861881E-16));
#1361=DIRECTION('',(-4.18005656861881E-16,0.,1.));
#1362=DIRECTION('',(1.,0.,4.18005656861881E-16));
#1363=DIRECTION('',(0.,0.,1.));
#1364=DIRECTION('',(1.,0.,0.));
#1365=DIRECTION('',(0.,-1.,0.));
#1366=DIRECTION('',(0.,-1.,0.));
#1367=DIRECTION('',(0.,0.,-1.));
#1368=DIRECTION('',(1.,0.,4.18005656861881E-16));
#1369=DIRECTION('',(4.18005656861881E-16,0.,-1.));
#1370=DIRECTION('',(1.,0.,4.18005656861881E-16));
#1371=DIRECTION('',(4.18005656861881E-16,0.,-1.));
#1372=DIRECTION('',(1.,0.,4.18005656861881E-16));
#1373=DIRECTION('',(0.,1.,0.));
#1374=DIRECTION('',(1.,0.,4.18005656861881E-16));
#1375=DIRECTION('',(4.18005656861881E-16,0.,-1.));
#1376=DIRECTION('',(1.,0.,4.18005656861881E-16));
#1377=DIRECTION('',(4.18005656861881E-16,0.,-1.));
#1378=DIRECTION('',(1.,0.,4.18005656861881E-16));
#1379=DIRECTION('',(0.,1.,0.));
#1380=DIRECTION('',(1.,0.,4.18005656861881E-16));
#1381=DIRECTION('',(4.18005656861881E-16,0.,-1.));
#1382=DIRECTION('',(1.,0.,4.18005656861881E-16));
#1383=DIRECTION('',(4.18005656861881E-16,0.,-1.));
#1384=DIRECTION('',(1.,0.,4.18005656861881E-16));
#1385=DIRECTION('',(0.,1.,0.));
#1386=DIRECTION('',(-1.69508796055604E-17,-0.998603007237972,0.0528397003708253));
#1387=DIRECTION('',(0.,-0.0528397003708253,-0.998603007237972));
#1388=DIRECTION('',(-1.69508796055604E-17,-0.998603007237972,0.0528397003708253));
#1389=DIRECTION('',(0.,-0.0528397003708253,-0.998603007237972));
#1390=DIRECTION('',(0.,1.,0.));
#1391=DIRECTION('',(-1.22464679914735E-16,0.,-1.));
#1392=DIRECTION('',(0.,1.,0.));
#1393=DIRECTION('',(-1.22464679914735E-16,0.,-1.));
#1394=DIRECTION('',(0.,1.,0.));
#1395=DIRECTION('',(-1.22464679914735E-16,0.,-1.));
#1396=DIRECTION('',(-1.69508796055604E-17,-0.998603007237972,0.0528397003708253));
#1397=DIRECTION('',(1.,-1.69271993494414E-17,8.95679399379742E-19));
#1398=DIRECTION('',(0.,1.,0.));
#1399=DIRECTION('',(-1.22464679914735E-16,0.,-1.));
#1400=DIRECTION('',(0.,1.,0.));
#1401=DIRECTION('',(-1.,0.,0.));
#1402=DIRECTION('',(0.,0.,1.));
#1403=DIRECTION('',(0.,-1.,0.));
#1404=DIRECTION('',(0.,-1.,0.));
#1405=DIRECTION('',(-1.,0.,0.));
#1406=DIRECTION('',(0.,0.,1.));
#1407=DIRECTION('',(0.,0.,-1.));
#1408=DIRECTION('',(0.,-1.,0.));
#1409=DIRECTION('',(0.,0.,-1.));
#1410=DIRECTION('',(-1.,0.,0.));
#1411=DIRECTION('',(0.,-1.,0.));
#1412=DIRECTION('',(-1.,0.,0.));
#1413=DIRECTION('',(-1.,0.,9.63735264431559E-17));
#1414=DIRECTION('',(9.63735264431559E-17,0.,1.));
#1415=DIRECTION('',(9.6373526443156E-17,0.,1.));
#1416=DIRECTION('',(-1.,0.,9.63735264431559E-17));
#1417=DIRECTION('',(9.63735264431559E-17,0.,1.));
#1418=DIRECTION('',(0.,-1.,0.));
#1419=DIRECTION('',(0.,-1.,0.));
#1420=DIRECTION('',(1.44560289664734E-16,0.,-1.));
#1421=DIRECTION('',(-1.,0.,-1.44560289664734E-16));
#1422=DIRECTION('',(1.,0.,1.44560289664734E-16));
#1423=DIRECTION('',(-1.,0.,0.));
#1424=DIRECTION('',(0.,0.,1.));
#1425=DIRECTION('',(-1.,0.,0.));
#1426=DIRECTION('',(0.,1.,0.));
#1427=DIRECTION('',(0.,0.,1.));
#1428=DIRECTION('',(-1.44560289664734E-16,0.,1.));
#1429=DIRECTION('',(1.,0.,1.44560289664734E-16));
#1430=DIRECTION('',(-1.44560289664734E-16,0.,1.));
#1431=DIRECTION('',(1.,0.,1.44560289664734E-16));
#1432=DIRECTION('',(-1.44560289664734E-16,0.,1.));
#1433=DIRECTION('',(1.,0.,1.44560289664734E-16));
#1434=DIRECTION('',(-1.44560289664734E-16,0.,1.));
#1435=DIRECTION('',(1.,0.,1.44560289664734E-16));
#1436=DIRECTION('',(-1.44560289664734E-16,0.,1.));
#1437=DIRECTION('',(1.,0.,1.44560289664734E-16));
#1438=DIRECTION('',(-1.44560289664734E-16,0.,1.));
#1439=DIRECTION('',(1.,0.,1.44560289664734E-16));
#1440=DIRECTION('',(-1.44560289664734E-16,0.,1.));
#1441=DIRECTION('',(1.,0.,1.44560289664734E-16));
#1442=DIRECTION('',(1.44560289664734E-16,0.,-1.));
#1443=DIRECTION('',(-1.,0.,-1.44560289664734E-16));
#1444=DIRECTION('',(-1.44560289664734E-16,0.,1.));
#1445=DIRECTION('',(1.,0.,1.44560289664734E-16));
#1446=DIRECTION('',(-1.44560289664734E-16,0.,1.));
#1447=DIRECTION('',(1.,0.,1.44560289664734E-16));
#1448=DIRECTION('',(1.44560289664734E-16,0.,-1.));
#1449=DIRECTION('',(-1.,0.,-1.44560289664734E-16));
#1450=DIRECTION('',(-1.44560289664734E-16,0.,1.));
#1451=DIRECTION('',(1.,0.,1.44560289664734E-16));
#1452=DIRECTION('',(-1.44560289664734E-16,0.,1.));
#1453=DIRECTION('',(1.,0.,1.44560289664734E-16));
#1454=DIRECTION('',(1.44560289664734E-16,0.,-1.));
#1455=DIRECTION('',(-1.,0.,-1.44560289664734E-16));
#1456=DIRECTION('',(-1.44560289664734E-16,0.,1.));
#1457=DIRECTION('',(1.,0.,1.44560289664734E-16));
#1458=DIRECTION('',(-1.44560289664734E-16,0.,1.));
#1459=DIRECTION('',(1.,0.,1.44560289664734E-16));
#1460=DIRECTION('',(1.44560289664734E-16,0.,-1.));
#1461=DIRECTION('',(-1.,0.,-1.44560289664734E-16));
#1462=DIRECTION('',(-1.44560289664734E-16,0.,1.));
#1463=DIRECTION('',(1.,0.,1.44560289664734E-16));
#1464=DIRECTION('',(-1.44560289664734E-16,0.,1.));
#1465=DIRECTION('',(1.,0.,1.44560289664734E-16));
#1466=DIRECTION('',(-1.44560289664734E-16,0.,1.));
#1467=DIRECTION('',(1.,0.,1.44560289664734E-16));
#1468=DIRECTION('',(-1.44560289664734E-16,0.,1.));
#1469=DIRECTION('',(1.,0.,1.44560289664734E-16));
#1470=DIRECTION('',(-1.44560289664734E-16,0.,1.));
#1471=DIRECTION('',(1.,0.,1.44560289664734E-16));
#1472=DIRECTION('',(-1.44560289664734E-16,0.,1.));
#1473=DIRECTION('',(1.,0.,1.44560289664734E-16));
#1474=DIRECTION('',(-1.44560289664734E-16,0.,1.));
#1475=DIRECTION('',(1.,0.,1.44560289664734E-16));
#1476=DIRECTION('',(-1.44560289664734E-16,0.,1.));
#1477=DIRECTION('',(1.,0.,1.44560289664734E-16));
#1478=DIRECTION('',(-1.44560289664734E-16,0.,1.));
#1479=DIRECTION('',(1.,0.,1.44560289664734E-16));
#1480=CARTESIAN_POINT('',(0.,0.,0.));
#1481=CARTESIAN_POINT('',(-0.021,-0.0130472282534803,-0.026));
#1482=CARTESIAN_POINT('',(-0.021,-0.0130472282534803,-0.026));
#1483=CARTESIAN_POINT('',(-0.008,-0.0130472282534803,-0.026));
#1484=CARTESIAN_POINT('',(-0.021,-0.0130472282534803,-0.028));
#1485=CARTESIAN_POINT('',(-0.009,-0.00804722825348026,-0.028));
#1486=CARTESIAN_POINT('',(-0.033,-0.00804722825348038,-0.028));
#1487=CARTESIAN_POINT('',(-0.033,-0.00804722825348038,-0.027998));
#1488=CARTESIAN_POINT('',(-0.033,-0.00804722825348038,-0.04128852));
#1489=CARTESIAN_POINT('',(-0.021,-0.0130472282534803,-0.04128852));
#1490=CARTESIAN_POINT('',(-0.009,-0.00804722825348026,-0.04128852));
#1491=CARTESIAN_POINT('',(-0.009,-0.00804722825348026,-0.027998));
#1492=CARTESIAN_POINT('',(-0.021,-0.00504722825348032,-0.026));
#1493=CARTESIAN_POINT('',(-0.021,-0.00504722825348032,-0.03128852));
#1494=CARTESIAN_POINT('',(-0.01995,-0.00504722825348032,-0.03128852));
#1495=CARTESIAN_POINT('',(-0.021,-0.00504722825348032,-0.028));
#1496=CARTESIAN_POINT('',(-0.01995,-0.00504722825348032,-0.028));
#1497=CARTESIAN_POINT('',(-0.013,-0.0130472282534803,-0.026));
#1498=CARTESIAN_POINT('',(-0.013,-0.0130472282534803,-0.03128852));
#1499=CARTESIAN_POINT('',(-0.01195,-0.0130472282534803,-0.03128852));
#1500=CARTESIAN_POINT('',(-0.013,-0.0130472282534803,-0.028));
#1501=CARTESIAN_POINT('',(-0.01195,-0.0130472282534803,-0.028));
#1502=CARTESIAN_POINT('',(-0.021,-0.0210472282534803,-0.026));
#1503=CARTESIAN_POINT('',(-0.021,-0.0210472282534803,-0.03128852));
#1504=CARTESIAN_POINT('',(-0.01995,-0.0210472282534803,-0.03128852));
#1505=CARTESIAN_POINT('',(-0.021,-0.0210472282534803,-0.028));
#1506=CARTESIAN_POINT('',(-0.01995,-0.0210472282534803,-0.028));
#1507=CARTESIAN_POINT('',(-0.029,-0.0130472282534803,-0.026));
#1508=CARTESIAN_POINT('',(-0.029,-0.0130472282534803,-0.03128852));
#1509=CARTESIAN_POINT('',(-0.02795,-0.0130472282534803,-0.03128852));
#1510=CARTESIAN_POINT('',(-0.029,-0.0130472282534803,-0.028));
#1511=CARTESIAN_POINT('',(-0.02795,-0.0130472282534803,-0.028));
#1512=CARTESIAN_POINT('',(-0.006,-0.0019,-0.0665));
#1513=CARTESIAN_POINT('',(-0.006,-0.0019,-0.04128852));
#1514=CARTESIAN_POINT('',(-0.009,-0.0019,-0.04128852));
#1515=CARTESIAN_POINT('',(-0.033,-0.0019,-0.04128852));
#1516=CARTESIAN_POINT('',(-0.033,-0.0019,-0.046));
#1517=CARTESIAN_POINT('',(-0.033,-0.0019,-0.064));
#1518=CARTESIAN_POINT('',(-0.021,-0.0019,-0.064));
#1519=CARTESIAN_POINT('',(-0.009,-0.0019,-0.064));
#1520=CARTESIAN_POINT('',(-0.009,-0.0019,-0.046));
#1521=CARTESIAN_POINT('',(-0.00425,0.004,-0.055));
#1522=CARTESIAN_POINT('',(-0.00425,0.0257172007113695,-0.055));
#1523=CARTESIAN_POINT('',(-0.009,0.0257172007113695,-0.055));
#1524=CARTESIAN_POINT('',(-0.010358981094208,0.0257172007113695,-0.055));
#1525=CARTESIAN_POINT('',(-0.009,0.004,-0.055));
#1526=CARTESIAN_POINT('',(-0.009,0.,-0.055));
#1527=CARTESIAN_POINT('',(-0.00425,0.,-0.055));
#1528=CARTESIAN_POINT('',(0.0125,0.,-0.055));
#1529=CARTESIAN_POINT('',(0.0125,0.004,-0.055));
#1530=CARTESIAN_POINT('',(0.0125,0.026,-0.055));
#1531=CARTESIAN_POINT('',(-0.009,0.026,-0.055));
#1532=CARTESIAN_POINT('',(-0.0103582321379501,0.026,-0.0550000008937084));
#1533=CARTESIAN_POINT('',(-0.010358981094208,0.013,-0.055));
#1534=CARTESIAN_POINT('',(-0.009,0.026,-0.0615));
#1535=CARTESIAN_POINT('',(-0.009,0.026,-0.068));
#1536=CARTESIAN_POINT('',(-0.009,0.026,-0.068));
#1537=CARTESIAN_POINT('',(-0.0103582070334295,0.026,-0.0679999990918583));
#1538=CARTESIAN_POINT('',(-0.02,0.026,-0.0615));
#1539=CARTESIAN_POINT('',(-0.0090000000000962,0.026,-0.061499445437949));
#1540=CARTESIAN_POINT('',(-0.009,0.026,-0.0615));
#1541=CARTESIAN_POINT('',(0.0582,0.00625,-0.0685));
#1542=CARTESIAN_POINT('',(0.018,0.00625,-0.0685));
#1543=CARTESIAN_POINT('',(0.018,0.00625,-0.0674));
#1544=CARTESIAN_POINT('',(0.0191,0.00625,-0.0685));
#1545=CARTESIAN_POINT('',(0.0191,0.00625,-0.0696));
#1546=CARTESIAN_POINT('',(0.0582,0.02225,-0.0685));
#1547=CARTESIAN_POINT('',(0.018,0.02225,-0.0685));
#1548=CARTESIAN_POINT('',(0.018,0.02225,-0.0674));
#1549=CARTESIAN_POINT('',(0.0191,0.02225,-0.0685));
#1550=CARTESIAN_POINT('',(0.0191,0.02225,-0.0696));
#1551=CARTESIAN_POINT('',(0.0582,0.00625,-0.0985));
#1552=CARTESIAN_POINT('',(0.018,0.00625,-0.0985));
#1553=CARTESIAN_POINT('',(0.018,0.00625,-0.0974));
#1554=CARTESIAN_POINT('',(0.0191,0.00625,-0.0985));
#1555=CARTESIAN_POINT('',(0.0191,0.00625,-0.0996));
#1556=CARTESIAN_POINT('',(0.018,0.013,-0.08425));
#1557=CARTESIAN_POINT('',(0.018,0.026002,-0.0661018016555873));
#1558=CARTESIAN_POINT('',(0.018,0.026,-0.0661018016555873));
#1559=CARTESIAN_POINT('',(0.018,0.004,-0.0661018016555873));
#1560=CARTESIAN_POINT('',(0.018,0.026,-0.0681041970360218));
#1561=CARTESIAN_POINT('',(0.018,0.026,-0.0727083940720436));
#1562=CARTESIAN_POINT('',(0.018,0.022,-0.0727083940720436));
#1563=CARTESIAN_POINT('',(0.018,0.018,-0.0727083940720436));
#1564=CARTESIAN_POINT('',(0.018,0.018,-0.0817083940720436));
#1565=CARTESIAN_POINT('',(0.018,0.018,-0.0907083940720435));
#1566=CARTESIAN_POINT('',(0.018,0.015,-0.0978541970360218));
#1567=CARTESIAN_POINT('',(0.018,0.012,-0.105));
#1568=CARTESIAN_POINT('',(0.018,0.0105,-0.105));
#1569=CARTESIAN_POINT('',(0.018,0.004,-0.105));
#1570=CARTESIAN_POINT('',(0.018,0.004,-0.0525));
#1571=CARTESIAN_POINT('',(0.018,0.004,-0.0907083940720435));
#1572=CARTESIAN_POINT('',(0.018,0.0065,-0.0907083940720435));
#1573=CARTESIAN_POINT('',(0.018,0.009,-0.0907083940720435));
#1574=CARTESIAN_POINT('',(0.018,0.009,-0.0817083940720436));
#1575=CARTESIAN_POINT('',(0.018,0.009,-0.0727083940720436));
#1576=CARTESIAN_POINT('',(0.018,0.0065,-0.0727083940720436));
#1577=CARTESIAN_POINT('',(0.018,0.004,-0.0727083940720436));
#1578=CARTESIAN_POINT('',(0.018,0.004,-0.0525));
#1579=CARTESIAN_POINT('',(0.021,0.004,-0.055));
#1580=CARTESIAN_POINT('',(0.021,0.,-0.055));
#1581=CARTESIAN_POINT('',(0.021,0.,-0.0635));
#1582=CARTESIAN_POINT('',(0.021,0.004,-0.0635));
#1583=CARTESIAN_POINT('',(0.021,0.026,-0.0635));
#1584=CARTESIAN_POINT('',(0.021,0.026,-0.055));
#1585=CARTESIAN_POINT('',(-0.021,0.004,-0.08));
#1586=CARTESIAN_POINT('',(-0.021,0.,-0.08));
#1587=CARTESIAN_POINT('',(-0.021,0.,-0.105));
#1588=CARTESIAN_POINT('',(-0.021,0.,-0.0749440991387632));
#1589=CARTESIAN_POINT('',(-0.021,0.013,-0.0749440991387632));
#1590=CARTESIAN_POINT('',(-0.021,0.00944959638299745,-0.0749440991387632));
#1591=CARTESIAN_POINT('',(-0.021,0.0210671134550247,-0.086755218700973));
#1592=CARTESIAN_POINT('',(-0.021,0.00877245274462864,-0.0978597477881474));
#1593=CARTESIAN_POINT('',(-0.021,0.0111184167479912,-0.100457141269106));
#1594=CARTESIAN_POINT('',(-0.021,0.0134643807513537,-0.103054534750065));
#1595=CARTESIAN_POINT('',(-0.021,0.0126,-0.10383524284945));
#1596=CARTESIAN_POINT('',(-0.021,0.0126,-0.105));
#1597=CARTESIAN_POINT('',(-0.021,0.004,-0.105));
#1598=CARTESIAN_POINT('',(1.38777878078145E-17,0.004,-0.105));
#1599=CARTESIAN_POINT('',(1.38777878078145E-17,0.,-0.105));
#1600=CARTESIAN_POINT('',(0.021,0.,-0.105));
#1601=CARTESIAN_POINT('',(-0.009,0.0126,-0.105));
#1602=CARTESIAN_POINT('',(-0.009,0.0126,-0.105));
#1603=CARTESIAN_POINT('',(-0.009,0.0063,-0.105));
#1604=CARTESIAN_POINT('',(-0.009,0.004,-0.105));
#1605=CARTESIAN_POINT('',(1.38777878078145E-17,0.004,-0.105));
#1606=CARTESIAN_POINT('',(0.018,0.012,-0.105));
#1607=CARTESIAN_POINT('',(0.021,0.012,-0.105));
#1608=CARTESIAN_POINT('',(0.021,0.004,-0.105));
#1609=CARTESIAN_POINT('',(0.021,0.004,-0.08425));
#1610=CARTESIAN_POINT('',(0.021,0.00625,-0.0985));
#1611=CARTESIAN_POINT('',(0.021,0.00625,-0.101));
#1612=CARTESIAN_POINT('',(0.021,0.00625,-0.0685));
#1613=CARTESIAN_POINT('',(0.021,0.00625,-0.071));
#1614=CARTESIAN_POINT('',(0.021,0.02225,-0.0685));
#1615=CARTESIAN_POINT('',(0.021,0.02225,-0.071));
#1616=CARTESIAN_POINT('',(0.021,0.0065,-0.0727083940720436));
#1617=CARTESIAN_POINT('',(0.021,0.009,-0.0727083940720436));
#1618=CARTESIAN_POINT('',(0.021,0.004,-0.0727083940720436));
#1619=CARTESIAN_POINT('',(0.021,0.009,-0.0817083940720436));
#1620=CARTESIAN_POINT('',(0.021,0.009,-0.0907083940720435));
#1621=CARTESIAN_POINT('',(0.021,0.0065,-0.0907083940720435));
#1622=CARTESIAN_POINT('',(0.021,0.004,-0.0907083940720435));
#1623=CARTESIAN_POINT('',(0.021,0.004,-0.08425));
#1624=CARTESIAN_POINT('',(0.021,0.,-0.08425));
#1625=CARTESIAN_POINT('',(0.021,0.015,-0.0978541970360218));
#1626=CARTESIAN_POINT('',(0.021,0.018,-0.0907083940720435));
#1627=CARTESIAN_POINT('',(0.021,0.018,-0.0817083940720436));
#1628=CARTESIAN_POINT('',(0.021,0.018,-0.0727083940720436));
#1629=CARTESIAN_POINT('',(0.021,0.022,-0.0727083940720436));
#1630=CARTESIAN_POINT('',(0.021,0.026,-0.0727083940720436));
#1631=CARTESIAN_POINT('',(0.021,0.026,-0.0681041970360218));
#1632=CARTESIAN_POINT('',(0.,0.004,-0.0525));
#1633=CARTESIAN_POINT('',(0.000449099172206369,0.004,-0.058));
#1634=CARTESIAN_POINT('',(0.00989819834441274,0.004,-0.058));
#1635=CARTESIAN_POINT('',(-0.009,0.004,-0.058));
#1636=CARTESIAN_POINT('',(0.021,0.004,-0.055));
#1637=CARTESIAN_POINT('',(-0.021002,0.004,-0.0727083940720436));
#1638=CARTESIAN_POINT('',(-0.021002,0.004,-0.0907083940720436));
#1639=CARTESIAN_POINT('',(-0.009,0.004,-0.08));
#1640=CARTESIAN_POINT('',(0.,0.,-0.0525));
#1641=CARTESIAN_POINT('',(0.,0.,-0.064));
#1642=CARTESIAN_POINT('',(-0.0308097400574546,0.,-0.064));
#1643=CARTESIAN_POINT('',(-0.009,0.,-0.064));
#1644=CARTESIAN_POINT('',(-0.02,0.,-0.0615));
#1645=CARTESIAN_POINT('',(-0.009,0.,-0.0525));
#1646=CARTESIAN_POINT('',(-0.009,0.026,-0.0615));
#1647=CARTESIAN_POINT('',(-0.009,0.026,-0.0615));
#1648=CARTESIAN_POINT('',(-0.009,0.026,-0.058));
#1649=CARTESIAN_POINT('',(-0.02,0.026,-0.0615));
#1650=CARTESIAN_POINT('',(0.018,0.026,-0.0727083940720436));
#1651=CARTESIAN_POINT('',(0.021,0.026,-0.055));
#1652=CARTESIAN_POINT('',(0.00989819834441274,0.026,-0.058));
#1653=CARTESIAN_POINT('',(0.000449099172206369,0.026,-0.058));
#1654=CARTESIAN_POINT('',(-0.009,0.0211692708502804,-0.0694386255144634));
#1655=CARTESIAN_POINT('',(-0.009,0.0163385417005607,-0.0708772510289267));
#1656=CARTESIAN_POINT('',(-0.009,0.0163385417005607,-0.0708772510289267));
#1657=CARTESIAN_POINT('',(-0.0120867610227466,0.0163385417005607,-0.0708772510289267));
#1658=CARTESIAN_POINT('',(-0.0120867610227466,0.0163385417005607,-0.0708772510289263));
#1659=CARTESIAN_POINT('',(-0.0113388182841295,0.0195307717822092,-0.0699265821958862));
#1660=CARTESIAN_POINT('',(-0.010791426724026,0.0227559451632485,-0.0689661026138755));
#1661=CARTESIAN_POINT('',(-0.010358981094208,0.026,-0.068));
#1662=CARTESIAN_POINT('',(-0.009,0.0211692708502804,-0.0694386255144634));
#1663=CARTESIAN_POINT('',(-0.009,0.0210671134550247,-0.086755218700973));
#1664=CARTESIAN_POINT('',(-0.021,0.00944959638299745,-0.0749440991387632));
#1665=CARTESIAN_POINT('',(-0.0198946153097773,0.00932369176722163,-0.0750679399834451));
#1666=CARTESIAN_POINT('',(-0.0176170533415418,0.0094951567991387,-0.0748818499846158));
#1667=CARTESIAN_POINT('',(-0.0148223422965809,0.010955482690015,-0.0735535816205465));
#1668=CARTESIAN_POINT('',(-0.0130120918013542,0.0133264083277939,-0.0720013094229049));
#1669=CARTESIAN_POINT('',(-0.012330759236865,0.0152971539060692,-0.0711873837242556));
#1670=CARTESIAN_POINT('',(-0.0120867610227474,0.0163385417005611,-0.0708772510289267));
#1671=CARTESIAN_POINT('',(-0.009,0.0210671134550247,-0.086755218700973));
#1672=CARTESIAN_POINT('',(-0.009,0.00877245274462864,-0.0978597477881474));
#1673=CARTESIAN_POINT('',(-0.009,0.00877245274462864,-0.0978597477881474));
#1674=CARTESIAN_POINT('',(-0.009,0.0111184167479912,-0.100457141269106));
#1675=CARTESIAN_POINT('',(-0.009,0.0111184167479912,-0.100457141269106));
#1676=CARTESIAN_POINT('',(-0.009,0.0134643807513537,-0.103054534750065));
#1677=CARTESIAN_POINT('',(-0.009,0.0134643807513537,-0.103054534750065));
#1678=CARTESIAN_POINT('',(-0.009,0.0126,-0.10383524284945));
#1679=CARTESIAN_POINT('',(-0.009,0.0126,-0.10383524284945));
#1680=CARTESIAN_POINT('',(-0.009,0.013,-0.08));
#1681=CARTESIAN_POINT('',(-0.009,0.026002,-0.058));
#1682=CARTESIAN_POINT('',(0.018,0.015,-0.0978541970360218));
#1683=CARTESIAN_POINT('',(0.018,0.018,-0.0907083940720435));
#1684=CARTESIAN_POINT('',(0.018,0.018,-0.0817083940720436));
#1685=CARTESIAN_POINT('',(0.018,0.018,-0.0727083940720436));
#1686=CARTESIAN_POINT('',(0.018,0.022,-0.0727083940720436));
#1687=CARTESIAN_POINT('',(-0.021002,0.0065,-0.0907083940720436));
#1688=CARTESIAN_POINT('',(-0.021002,0.009,-0.0907083940720436));
#1689=CARTESIAN_POINT('',(-0.021002,0.009,-0.0817083940720436));
#1690=CARTESIAN_POINT('',(-0.021002,0.009,-0.0727083940720436));
#1691=CARTESIAN_POINT('',(-0.021002,0.0065,-0.0727083940720436));
#1692=CARTESIAN_POINT('',(0.000449099172206369,0.026002,-0.058));
#1693=CARTESIAN_POINT('',(0.00989819834441274,0.026002,-0.058));
#1694=CARTESIAN_POINT('',(0.021,0.026002,-0.055));
#1695=CARTESIAN_POINT('',(0.0191,0.00625,-0.0985));
#1696=CARTESIAN_POINT('',(0.0191,0.00625,-0.0985));
#1697=CARTESIAN_POINT('',(0.0191,0.00625,-0.101));
#1698=CARTESIAN_POINT('',(0.0191,0.013,-0.08425));
#1699=CARTESIAN_POINT('',(0.0191,0.02225,-0.0685));
#1700=CARTESIAN_POINT('',(0.0191,0.02225,-0.0685));
#1701=CARTESIAN_POINT('',(0.0191,0.02225,-0.071));
#1702=CARTESIAN_POINT('',(0.0191,0.013,-0.08425));
#1703=CARTESIAN_POINT('',(0.0191,0.00625,-0.0685));
#1704=CARTESIAN_POINT('',(0.0191,0.00625,-0.0685));
#1705=CARTESIAN_POINT('',(0.0191,0.00625,-0.071));
#1706=CARTESIAN_POINT('',(0.0191,0.013,-0.08425));
#1707=CARTESIAN_POINT('',(-0.02,0.026,-0.048));
#1708=CARTESIAN_POINT('',(-0.02,0.0341424151587706,-0.0462305137108739));
#1709=CARTESIAN_POINT('',(-0.02,0.0420743483818286,-0.0448302673579249));
#1710=CARTESIAN_POINT('',(-0.02,0.0511584867556146,-0.043493762572402));
#1711=CARTESIAN_POINT('',(-0.02,0.0526580371014495,-0.0432824714694153));
#1712=CARTESIAN_POINT('',(-0.02,0.0593354383384929,-0.042380251219116));
#1713=CARTESIAN_POINT('',(-0.02,0.064336850931668,-0.0418107963546544));
#1714=CARTESIAN_POINT('',(-0.02,0.0697738596758427,-0.0412787217438105));
#1715=CARTESIAN_POINT('',(-0.02,0.070448505565966,-0.0412143326129647));
#1716=CARTESIAN_POINT('',(-0.02,0.0751351060247101,-0.0407778708326132));
#1717=CARTESIAN_POINT('',(-0.02,0.0789674567327313,-0.0404771088609549));
#1718=CARTESIAN_POINT('',(-0.02,0.0831848712601207,-0.0401909403195034));
#1719=CARTESIAN_POINT('',(-0.02,0.0837813194950184,-0.0401516000618076));
#1720=CARTESIAN_POINT('',(-0.02,0.087913120904365,-0.0398864257625191));
#1721=CARTESIAN_POINT('',(-0.02,0.0912317929041295,-0.0397116292438385));
#1722=CARTESIAN_POINT('',(-0.02,0.0948054228283175,-0.0395480926116056));
#1723=CARTESIAN_POINT('',(-0.02,0.0953088424823554,-0.0395256919650857));
#1724=CARTESIAN_POINT('',(-0.02,0.0977896895398634,-0.039418083642197));
#1725=CARTESIAN_POINT('',(-0.02,0.0996583633052894,-0.0393460606949613));
#1726=CARTESIAN_POINT('',(-0.02,0.101837093783278,-0.0392669918440673));
#1727=CARTESIAN_POINT('',(-0.02,0.102264984292436,-0.0392517260655461));
#1728=CARTESIAN_POINT('',(-0.02,0.105624052986376,-0.0391333217900671));
#1729=CARTESIAN_POINT('',(-0.02,0.108170898895211,-0.0390525150092555));
#1730=CARTESIAN_POINT('',(-0.02,0.11087423978618,-0.0389414392753416));
#1731=CARTESIAN_POINT('',(-0.02,0.111437401317349,-0.0389160929993755));
#1732=CARTESIAN_POINT('',(-0.02,0.113297227034618,-0.0388266002798934));
#1733=CARTESIAN_POINT('',(-0.02,0.114430566257741,-0.0387618382793257));
#1734=CARTESIAN_POINT('',(-0.02,0.115701526902746,-0.0386970785380093));
#1735=CARTESIAN_POINT('',(-0.02,0.115910385462822,-0.0386867170697687));
#1736=CARTESIAN_POINT('',(-0.02,0.116944673287366,-0.0386375342056192));
#1737=CARTESIAN_POINT('',(-0.02,0.117740087624323,-0.0386065862408703));
#1738=CARTESIAN_POINT('',(-0.02,0.118771713156091,-0.0385858450676947));
#1739=CARTESIAN_POINT('',(-0.02,0.118979906142973,-0.0385825940221975));
#1740=CARTESIAN_POINT('',(-0.02,0.120246074660982,-0.0385690293246342));
#1741=CARTESIAN_POINT('',(-0.02,0.121372092578971,-0.0385824819742446));
#1742=CARTESIAN_POINT('',(-0.02,0.122689890348774,-0.0386323253670815));
#1743=CARTESIAN_POINT('',(-0.0185601033671047,0.026,-0.048));
#1744=CARTESIAN_POINT('',(-0.0185601033671047,0.0341424151587706,-0.0462305137108739));
#1745=CARTESIAN_POINT('',(-0.0185601033671047,0.0420743483818286,-0.0448302673579249));
#1746=CARTESIAN_POINT('',(-0.0185601033671047,0.0511584867556146,-0.043493762572402));
#1747=CARTESIAN_POINT('',(-0.0185601033671047,0.0526580371014495,-0.0432824714694153));
#1748=CARTESIAN_POINT('',(-0.0185601033671047,0.0593354383384929,-0.042380251219116));
#1749=CARTESIAN_POINT('',(-0.0185601033671047,0.064336850931668,-0.0418107963546544));
#1750=CARTESIAN_POINT('',(-0.0185601033671047,0.0697738596758427,-0.0412787217438105));
#1751=CARTESIAN_POINT('',(-0.0185601033671047,0.070448505565966,-0.0412143326129647));
#1752=CARTESIAN_POINT('',(-0.0185601033671047,0.0751351060247101,-0.0407778708326132));
#1753=CARTESIAN_POINT('',(-0.0185601033671047,0.0789674567327313,-0.0404771088609549));
#1754=CARTESIAN_POINT('',(-0.0185601033671047,0.0831848712601207,-0.0401909403195034));
#1755=CARTESIAN_POINT('',(-0.0185601033671047,0.0837813194950184,-0.0401516000618076));
#1756=CARTESIAN_POINT('',(-0.0185601033671047,0.087913120904365,-0.0398864257625191));
#1757=CARTESIAN_POINT('',(-0.0185601033671047,0.0912317929041295,-0.0397116292438385));
#1758=CARTESIAN_POINT('',(-0.0185601033671047,0.0948054228283175,-0.0395480926116056));
#1759=CARTESIAN_POINT('',(-0.0185601033671047,0.0953088424823554,-0.0395256919650857));
#1760=CARTESIAN_POINT('',(-0.0185601033671047,0.0977896895398634,-0.039418083642197));
#1761=CARTESIAN_POINT('',(-0.0185601033671047,0.0996583633052894,-0.0393460606949613));
#1762=CARTESIAN_POINT('',(-0.0185601033671047,0.101837093783278,-0.0392669918440673));
#1763=CARTESIAN_POINT('',(-0.0185601033671047,0.102264984292436,-0.0392517260655461));
#1764=CARTESIAN_POINT('',(-0.0185601033671047,0.105624052986376,-0.0391333217900671));
#1765=CARTESIAN_POINT('',(-0.0185601033671047,0.108170898895211,-0.0390525150092555));
#1766=CARTESIAN_POINT('',(-0.0185601033671047,0.11087423978618,-0.0389414392753416));
#1767=CARTESIAN_POINT('',(-0.0185601033671047,0.111437401317349,-0.0389160929993755));
#1768=CARTESIAN_POINT('',(-0.0185601033671047,0.113297227034618,-0.0388266002798934));
#1769=CARTESIAN_POINT('',(-0.0185601033671047,0.114430566257741,-0.0387618382793257));
#1770=CARTESIAN_POINT('',(-0.0185601033671047,0.115701526902746,-0.0386970785380093));
#1771=CARTESIAN_POINT('',(-0.0185601033671047,0.115910385462822,-0.0386867170697687));
#1772=CARTESIAN_POINT('',(-0.0185601033671047,0.116944673287366,-0.0386375342056192));
#1773=CARTESIAN_POINT('',(-0.0185601033671047,0.117740087624323,-0.0386065862408703));
#1774=CARTESIAN_POINT('',(-0.0185601033671047,0.118771713156091,-0.0385858450676947));
#1775=CARTESIAN_POINT('',(-0.0185601033671047,0.118979906142973,-0.0385825940221975));
#1776=CARTESIAN_POINT('',(-0.0185601033671047,0.120246074660982,-0.0385690293246342));
#1777=CARTESIAN_POINT('',(-0.0185601033671047,0.121372092578971,-0.0385824819742446));
#1778=CARTESIAN_POINT('',(-0.0185601033671047,0.122689890348774,-0.0386323253670815));
#1779=CARTESIAN_POINT('',(-0.0171207732720479,0.026,-0.0483513688649777));
#1780=CARTESIAN_POINT('',(-0.0171207732720479,0.0341436001658937,-0.0465947374212312));
#1781=CARTESIAN_POINT('',(-0.0171207732720479,0.0420941907139569,-0.0451866987794174));
#1782=CARTESIAN_POINT('',(-0.0171207732720479,0.0511713493995756,-0.0438219203898909));
#1783=CARTESIAN_POINT('',(-0.0171207732720479,0.0526687431012115,-0.043605259407872));
#1784=CARTESIAN_POINT('',(-0.0171207732720479,0.0593306666965833,-0.0426764774969573));
#1785=CARTESIAN_POINT('',(-0.0171207732720479,0.0643052166473206,-0.042081496137505));
#1786=CARTESIAN_POINT('',(-0.0171207732720479,0.0697090346334936,-0.0415741485521012));
#1787=CARTESIAN_POINT('',(-0.0171207732720479,0.0703794861679486,-0.0415138727738142));
#1788=CARTESIAN_POINT('',(-0.0171207732720479,0.0750367158201746,-0.0411115180145612));
#1789=CARTESIAN_POINT('',(-0.0171207732720479,0.0788438480040754,-0.0408667669154165));
#1790=CARTESIAN_POINT('',(-0.0171207732720479,0.0830431041673737,-0.0405982631632278));
#1791=CARTESIAN_POINT('',(-0.0171207732720479,0.0836372404511687,-0.0405602378023183));
#1792=CARTESIAN_POINT('',(-0.0171207732720479,0.0877545367412288,-0.0402968309908657));
#1793=CARTESIAN_POINT('',(-0.0171207732720479,0.0910692545065592,-0.0400861131431514));
#1794=CARTESIAN_POINT('',(-0.0171207732720479,0.0946339419852344,-0.0398925959180446));
#1795=CARTESIAN_POINT('',(-0.0171207732720479,0.0951359635030953,-0.0398662160873586));
#1796=CARTESIAN_POINT('',(-0.0171207732720479,0.0976092991198469,-0.0397409236276842));
#1797=CARTESIAN_POINT('',(-0.0171207732720479,0.0994705415431099,-0.0396615562781178));
#1798=CARTESIAN_POINT('',(-0.0171207732720479,0.101644249199246,-0.0395875825916354));
#1799=CARTESIAN_POINT('',(-0.0171207732720479,0.10207134858861,-0.0395740501189909));
#1800=CARTESIAN_POINT('',(-0.0171207732720479,0.105426397205856,-0.0394757917667996));
#1801=CARTESIAN_POINT('',(-0.0171207732720479,0.107983715310928,-0.0394504869228991));
#1802=CARTESIAN_POINT('',(-0.0171207732720479,0.110714016349023,-0.0393452697829129));
#1803=CARTESIAN_POINT('',(-0.0171207732720479,0.11128405093273,-0.0393170133161795));
#1804=CARTESIAN_POINT('',(-0.0171207732720479,0.113169289383184,-0.0392087118464414));
#1805=CARTESIAN_POINT('',(-0.0171207732720479,0.114323148203949,-0.0391151134286416));
#1806=CARTESIAN_POINT('',(-0.0171207732720479,0.115611735518106,-0.0390300098256083));
#1807=CARTESIAN_POINT('',(-0.0171207732720479,0.11582327699707,-0.0390167805528944));
#1808=CARTESIAN_POINT('',(-0.0171207732720479,0.116869911410535,-0.0389557908628707));
#1809=CARTESIAN_POINT('',(-0.0171207732720479,0.117671963853602,-0.038923108506473));
#1810=CARTESIAN_POINT('',(-0.0171207732720479,0.118714275571604,-0.0389016362945802));
#1811=CARTESIAN_POINT('',(-0.0171207732720479,0.118924747817853,-0.0388982685705457));
#1812=CARTESIAN_POINT('',(-0.0171207732720479,0.120205249881473,-0.0388848337437327));
#1813=CARTESIAN_POINT('',(-0.0171207732720479,0.1213456706967,-0.0389023834056252));
#1814=CARTESIAN_POINT('',(-0.0171207732720479,0.122671324123229,-0.038983203372298));
#1815=CARTESIAN_POINT('',(-0.0144601912159201,0.026,-0.0497038837572175));
#1816=CARTESIAN_POINT('',(-0.0144601912159201,0.0341474099464368,-0.0479922353429065));
#1817=CARTESIAN_POINT('',(-0.0144601912159201,0.0421629633876303,-0.0465569147606722));
#1818=CARTESIAN_POINT('',(-0.0144601912159201,0.0512152878713982,-0.0450931680418614));
#1819=CARTESIAN_POINT('',(-0.0144601912159201,0.0527050657694602,-0.0448577106973511));
#1820=CARTESIAN_POINT('',(-0.0144601912159201,0.0593125136490322,-0.0438359549378284));
#1821=CARTESIAN_POINT('',(-0.0144601912159201,0.0641928079301658,-0.0431516245953333));
#1822=CARTESIAN_POINT('',(-0.0144601912159201,0.0694801880678227,-0.0427308144554555));
#1823=CARTESIAN_POINT('',(-0.0144601912159201,0.0701359255829994,-0.0426849345181848));
#1824=CARTESIAN_POINT('',(-0.0144601912159201,0.0746901209913409,-0.0424019480822009));
#1825=CARTESIAN_POINT('',(-0.0144601912159201,0.0784087856941879,-0.0423532296792182));
#1826=CARTESIAN_POINT('',(-0.0144601912159201,0.0825442511620958,-0.042146546438874));
#1827=CARTESIAN_POINT('',(-0.0144601912159201,0.0831302618425923,-0.0421131223237773));
#1828=CARTESIAN_POINT('',(-0.0144601912159201,0.0871965537940782,-0.0418558954691749));
#1829=CARTESIAN_POINT('',(-0.0144601912159201,0.090497229092257,-0.0415194476122067));
#1830=CARTESIAN_POINT('',(-0.0144601912159201,0.0940303815905656,-0.041220992061466));
#1831=CARTESIAN_POINT('',(-0.0144601912159201,0.0945274758573686,-0.0411806841932596));
#1832=CARTESIAN_POINT('',(-0.0144601912159201,0.0969743525592789,-0.0409934927901384));
#1833=CARTESIAN_POINT('',(-0.0144601912159201,0.0988094501872157,-0.0408884164606572));
#1834=CARTESIAN_POINT('',(-0.0144601912159201,0.100965409094674,-0.0408322713849184));
#1835=CARTESIAN_POINT('',(-0.0144601912159201,0.10138970579032,-0.0408248045899035));
#1836=CARTESIAN_POINT('',(-0.0144601912159201,0.104730413943631,-0.0407970498257043));
#1837=CARTESIAN_POINT('',(-0.0144601912159201,0.107324148314458,-0.0409659955104177));
#1838=CARTESIAN_POINT('',(-0.0144601912159201,0.110148505897544,-0.0408812754127243));
#1839=CARTESIAN_POINT('',(-0.0144601912159201,0.110742528616257,-0.0408428314924266));
#1840=CARTESIAN_POINT('',(-0.0144601912159201,0.112716475211787,-0.0406686931462174));
#1841=CARTESIAN_POINT('',(-0.0144601912159201,0.113941983752105,-0.0404741628034084));
#1842=CARTESIAN_POINT('',(-0.0144601912159201,0.115292061761661,-0.04031785032673));
#1843=CARTESIAN_POINT('',(-0.0144601912159201,0.115512959682294,-0.0402945828454203));
#1844=CARTESIAN_POINT('',(-0.0144601912159201,0.116602638284789,-0.04019226480014));
#1845=CARTESIAN_POINT('',(-0.0144601912159201,0.117427789001487,-0.0401535085012143));
#1846=CARTESIAN_POINT('',(-0.0144601912159201,0.118507333499114,-0.0401294731891149));
#1847=CARTESIAN_POINT('',(-0.0144601912159201,0.118725749378708,-0.0401256961972605));
#1848=CARTESIAN_POINT('',(-0.0144601912159201,0.120056216205333,-0.0401127105604375));
#1849=CARTESIAN_POINT('',(-0.0144601912159201,0.121246878288699,-0.0401445953006206));
#1850=CARTESIAN_POINT('',(-0.0144601912159201,0.122599857641576,-0.0403338288110228));
#1851=CARTESIAN_POINT('',(-0.0132399860802759,0.026,-0.0507044976276246));
#1852=CARTESIAN_POINT('',(-0.0132399860802759,0.0341500361843885,-0.0490249774360891));
#1853=CARTESIAN_POINT('',(-0.0132399860802759,0.0422118966582389,-0.047570167241019));
#1854=CARTESIAN_POINT('',(-0.0132399860802759,0.0512463683857612,-0.0460357258433912));
#1855=CARTESIAN_POINT('',(-0.0132399860802759,0.0527306874173547,-0.0457868420231655));
#1856=CARTESIAN_POINT('',(-0.0132399860802759,0.0592991385408771,-0.0446986741104982));
#1857=CARTESIAN_POINT('',(-0.0132399860802759,0.0641120408200169,-0.0439505213070549));
#1858=CARTESIAN_POINT('',(-0.0132399860802759,0.0693161750387848,-0.0435915216182385));
#1859=CARTESIAN_POINT('',(-0.0132399860802759,0.0699613930368049,-0.0435559241732974));
#1860=CARTESIAN_POINT('',(-0.0132399860802759,0.074441926032952,-0.0433581990665882));
#1861=CARTESIAN_POINT('',(-0.0132399860802759,0.0780973426575845,-0.0434495025104855));
#1862=CARTESIAN_POINT('',(-0.0132399860802759,0.0821871768193653,-0.043286975019827));
#1863=CARTESIAN_POINT('',(-0.0132399860802759,0.0827673739941193,-0.0432568372576288));
#1864=CARTESIAN_POINT('',(-0.0132399860802759,0.0867971677514896,-0.0430040228991444));
#1865=CARTESIAN_POINT('',(-0.0132399860802759,0.09008775569567,-0.0425777663851878));
#1866=CARTESIAN_POINT('',(-0.0132399860802759,0.093598316684297,-0.0422043531287911));
#1867=CARTESIAN_POINT('',(-0.0132399860802759,0.0940918819826721,-0.0421540964111022));
#1868=CARTESIAN_POINT('',(-0.0132399860802759,0.0965198119427634,-0.0419226902206797));
#1869=CARTESIAN_POINT('',(-0.0132399860802759,0.0983361967033499,-0.0417992493291025));
#1870=CARTESIAN_POINT('',(-0.0132399860802759,0.100479430416248,-0.0417558377190555));
#1871=CARTESIAN_POINT('',(-0.0132399860802759,0.100901715684425,-0.0417527032996654));
#1872=CARTESIAN_POINT('',(-0.0132399860802759,0.104232104622117,-0.0417753062311464));
#1873=CARTESIAN_POINT('',(-0.0132399860802759,0.106851784087636,-0.0420830005346664));
#1874=CARTESIAN_POINT('',(-0.0132399860802759,0.109743239386666,-0.0420129189201859));
#1875=CARTESIAN_POINT('',(-0.0132399860802759,0.110354377480753,-0.0419671977448352));
#1876=CARTESIAN_POINT('',(-0.0132399860802759,0.112391620513346,-0.0417460312995147));
#1877=CARTESIAN_POINT('',(-0.0132399860802759,0.113668259907842,-0.0414794054682887));
#1878=CARTESIAN_POINT('',(-0.0132399860802759,0.115062202822364,-0.0412722280029138));
#1879=CARTESIAN_POINT('',(-0.0132399860802759,0.11528977441223,-0.0412417901213536));
#1880=CARTESIAN_POINT('',(-0.0132399860802759,0.1164101513471,-0.0411099505660509));
#1881=CARTESIAN_POINT('',(-0.0132399860802759,0.117251762817131,-0.0410668547317338));
#1882=CARTESIAN_POINT('',(-0.0132399860802759,0.118357854640415,-0.0410409873775048));
#1883=CARTESIAN_POINT('',(-0.0132399860802759,0.11858193504044,-0.0410369178002398));
#1884=CARTESIAN_POINT('',(-0.0132399860802759,0.11994803396318,-0.0410242515058883));
#1885=CARTESIAN_POINT('',(-0.0132399860802759,0.121174535149712,-0.0410663743314397));
#1886=CARTESIAN_POINT('',(-0.0132399860802759,0.122546985504477,-0.0413330448310954));
#1887=CARTESIAN_POINT('',(-0.01120366473362,0.026,-0.0532036192803386));
#1888=CARTESIAN_POINT('',(-0.01120366473362,0.034156070420562,-0.0516011997185658));
#1889=CARTESIAN_POINT('',(-0.01120366473362,0.0423287990378784,-0.0500996073477909));
#1890=CARTESIAN_POINT('',(-0.01120366473362,0.051320101668519,-0.0483954901951237));
#1891=CARTESIAN_POINT('',(-0.01120366473362,0.0527912656736057,-0.0481143814122014));
#1892=CARTESIAN_POINT('',(-0.01120366473362,0.0592658827211897,-0.046866817937578));
#1893=CARTESIAN_POINT('',(-0.01120366473362,0.0639168560811071,-0.0459654862544297));
#1894=CARTESIAN_POINT('',(-0.01120366473362,0.0689209851066129,-0.0457548259642419));
#1895=CARTESIAN_POINT('',(-0.01120366473362,0.069540929389966,-0.045743905790402));
#1896=CARTESIAN_POINT('',(-0.01120366473362,0.0738444844824093,-0.0457508029005226));
#1897=CARTESIAN_POINT('',(-0.01120366473362,0.0773479444783807,-0.0461781545139927));
#1898=CARTESIAN_POINT('',(-0.01120366473362,0.0813280753910192,-0.0461215958491503));
#1899=CARTESIAN_POINT('',(-0.01120366473362,0.0818942932785003,-0.0460993446234186));
#1900=CARTESIAN_POINT('',(-0.01120366473362,0.0858363032555558,-0.0458571152821885));
#1901=CARTESIAN_POINT('',(-0.01120366473362,0.0891025203091934,-0.0452153137285208));
#1902=CARTESIAN_POINT('',(-0.01120366473362,0.0925586735601474,-0.0446619970051201));
#1903=CARTESIAN_POINT('',(-0.01120366473362,0.0930437424608046,-0.0445878623381835));
#1904=CARTESIAN_POINT('',(-0.01120366473362,0.095426065873075,-0.0442503371057886));
#1905=CARTESIAN_POINT('',(-0.01120366473362,0.0971974322580567,-0.0440828184232211));
#1906=CARTESIAN_POINT('',(-0.01120366473362,0.0993099911365568,-0.0440699635783855));
#1907=CARTESIAN_POINT('',(-0.01120366473362,0.0997274221053136,-0.0440772261500047));
#1908=CARTESIAN_POINT('',(-0.01120366473362,0.103032829937594,-0.0442206818671994));
#1909=CARTESIAN_POINT('',(-0.01120366473362,0.105714589515936,-0.0448613678824258));
#1910=CARTESIAN_POINT('',(-0.01120366473362,0.108766837471812,-0.0448264122332475));
#1911=CARTESIAN_POINT('',(-0.01120366473362,0.109418998719815,-0.0447632242247899));
#1912=CARTESIAN_POINT('',(-0.01120366473362,0.111607965086922,-0.044429185368173));
#1913=CARTESIAN_POINT('',(-0.01120366473362,0.113007184163987,-0.0439895268122965));
#1914=CARTESIAN_POINT('',(-0.01120366473362,0.114506241609482,-0.043660269111111));
#1915=CARTESIAN_POINT('',(-0.01120366473362,0.114749803132019,-0.0436126215584596));
#1916=CARTESIAN_POINT('',(-0.01120366473362,0.115943721697133,-0.0434099268266539));
#1917=CARTESIAN_POINT('',(-0.01120366473362,0.1168247314812,-0.0433564132654378));
#1918=CARTESIAN_POINT('',(-0.01120366473362,0.117994402518605,-0.0433261454576482));
#1919=CARTESIAN_POINT('',(-0.01120366473362,0.118232050894174,-0.0433213729649078));
#1920=CARTESIAN_POINT('',(-0.01120366473362,0.119683505606641,-0.0433094688295491));
#1921=CARTESIAN_POINT('',(-0.01120366473362,0.120995886273318,-0.0433761595075352));
#1922=CARTESIAN_POINT('',(-0.01120366473362,0.122414932665158,-0.0438286752289492));
#1923=CARTESIAN_POINT('',(-0.0103883497281032,0.026,-0.0547011437649928));
#1924=CARTESIAN_POINT('',(-0.0103883497281032,0.0341594811248856,-0.0531436966817518));
#1925=CARTESIAN_POINT('',(-0.0103883497281032,0.0423967735591127,-0.0516148118196527));
#1926=CARTESIAN_POINT('',(-0.0103883497281032,0.0513627630964392,-0.0498117136766167));
#1927=CARTESIAN_POINT('',(-0.0103883497281032,0.0528262314827082,-0.0495118064210222));
#1928=CARTESIAN_POINT('',(-0.0103883497281032,0.0592460136458949,-0.0481712596019776));
#1929=CARTESIAN_POINT('',(-0.0103883497281032,0.0638024519828547,-0.047180571550154));
#1930=CARTESIAN_POINT('',(-0.0103883497281032,0.0686898238988691,-0.0470564402647691));
#1931=CARTESIAN_POINT('',(-0.0103883497281032,0.0692950142553219,-0.0470599148768553));
#1932=CARTESIAN_POINT('',(-0.0103883497281032,0.0734952557505269,-0.0471861729246124));
#1933=CARTESIAN_POINT('',(-0.0103883497281032,0.076910008819713,-0.0478095509037022));
#1934=CARTESIAN_POINT('',(-0.0103883497281032,0.0808260696836073,-0.0478148053650717));
#1935=CARTESIAN_POINT('',(-0.0103883497281032,0.081384122060168,-0.0477971543300625));
#1936=CARTESIAN_POINT('',(-0.0103883497281032,0.0852748483452956,-0.0475610975600499));
#1937=CARTESIAN_POINT('',(-0.0103883497281032,0.08852678348605,-0.0467935596665862));
#1938=CARTESIAN_POINT('',(-0.0103883497281032,0.0919511224032838,-0.046135297231919));
#1939=CARTESIAN_POINT('',(-0.0103883497281032,0.0924312241452611,-0.0460472334723715));
#1940=CARTESIAN_POINT('',(-0.0103883497281032,0.0947868891045805,-0.0456478040210779));
#1941=CARTESIAN_POINT('',(-0.0103883497281032,0.0965319510637483,-0.0454545721382344));
#1942=CARTESIAN_POINT('',(-0.0103883497281032,0.0986265616554605,-0.0454595406286904));
#1943=CARTESIAN_POINT('',(-0.0103883497281032,0.0990411500228781,-0.0454728678228489));
#1944=CARTESIAN_POINT('',(-0.0103883497281032,0.102331898130247,-0.0456868186873127));
#1945=CARTESIAN_POINT('',(-0.0103883497281032,0.105049794620991,-0.0465217478455203));
#1946=CARTESIAN_POINT('',(-0.0103883497281032,0.10819573995326,-0.0465072797428215));
#1947=CARTESIAN_POINT('',(-0.0103883497281032,0.108871809521026,-0.0464339021706189));
#1948=CARTESIAN_POINT('',(-0.0103883497281032,0.111149204679854,-0.0460340190518983));
#1949=CARTESIAN_POINT('',(-0.0103883497281032,0.112619873938364,-0.0454934232955608));
#1950=CARTESIAN_POINT('',(-0.0103883497281032,0.114180182633525,-0.045092950390188));
#1951=CARTESIAN_POINT('',(-0.0103883497281032,0.114433060690109,-0.0450352635738504));
#1952=CARTESIAN_POINT('',(-0.0103883497281032,0.115669823906143,-0.0447912352113363));
#1953=CARTESIAN_POINT('',(-0.0103883497281032,0.116573772333353,-0.0447316434872307));
#1954=CARTESIAN_POINT('',(-0.0103883497281032,0.117780476612273,-0.0446988073037826));
#1955=CARTESIAN_POINT('',(-0.0103883497281032,0.118026028713566,-0.0446936244881319));
#1956=CARTESIAN_POINT('',(-0.0103883497281032,0.119527208743307,-0.044682163212221));
#1957=CARTESIAN_POINT('',(-0.0103883497281032,0.120889631140012,-0.0447631836930458));
#1958=CARTESIAN_POINT('',(-0.0103883497281032,0.12233580392009,-0.0453241076827374));
#1959=CARTESIAN_POINT('',(-0.00928630055664853,0.026,-0.0579664035611497));
#1960=CARTESIAN_POINT('',(-0.00928630055664853,0.0341666348940549,-0.0565053219799178));
#1961=CARTESIAN_POINT('',(-0.00928630055664853,0.0425421234815671,-0.0549179491129938));
#1962=CARTESIAN_POINT('',(-0.00928630055664853,0.0514536848165344,-0.0529027439339255));
#1963=CARTESIAN_POINT('',(-0.00928630055664853,0.0529006316144604,-0.0525625534179215));
#1964=CARTESIAN_POINT('',(-0.00928630055664853,0.0592027710592813,-0.0510227528897571));
#1965=CARTESIAN_POINT('',(-0.00928630055664853,0.0635565259289799,-0.0498405840386664));
#1966=CARTESIAN_POINT('',(-0.00928630055664853,0.0681935801325787,-0.0499018687734121));
#1967=CARTESIAN_POINT('',(-0.00928630055664853,0.068767139443093,-0.0499361889458552));
#1968=CARTESIAN_POINT('',(-0.00928630055664853,0.072745886240435,-0.0503182175650138));
#1969=CARTESIAN_POINT('',(-0.00928630055664853,0.0759704601081661,-0.0513616495849533));
#1970=CARTESIAN_POINT('',(-0.00928630055664852,0.0797491195923994,-0.0514993578789571));
#1971=CARTESIAN_POINT('',(-0.00928630055664853,0.0802896589572641,-0.0514915639860115));
#1972=CARTESIAN_POINT('',(-0.00928630055664853,0.0840703831987651,-0.051268731287931));
#1973=CARTESIAN_POINT('',(-0.00928630055664852,0.0872916213107124,-0.0502317559237118));
#1974=CARTESIAN_POINT('',(-0.00928630055664853,0.0906476782376217,-0.0493486069556539));
#1975=CARTESIAN_POINT('',(-0.00928630055664853,0.0911171205798468,-0.0492306947310272));
#1976=CARTESIAN_POINT('',(-0.00928630055664853,0.0934155828413663,-0.0486986113346711));
#1977=CARTESIAN_POINT('',(-0.00928630055664853,0.095104216220609,-0.0484502780990123));
#1978=CARTESIAN_POINT('',(-0.00928630055664853,0.0971602887562998,-0.0484934374033854));
#1979=CARTESIAN_POINT('',(-0.00928630055664853,0.0975687703468379,-0.0485197598077862));
#1980=CARTESIAN_POINT('',(-0.00928630055664853,0.100827980851605,-0.0488847684262368));
#1981=CARTESIAN_POINT('',(-0.00928630055664852,0.103623205165144,-0.0501359300244416));
#1982=CARTESIAN_POINT('',(-0.00928630055664853,0.106969791195028,-0.0501653601216957));
#1983=CARTESIAN_POINT('',(-0.00928630055664853,0.107697061899979,-0.0500701469510707));
#1984=CARTESIAN_POINT('',(-0.00928630055664853,0.110163838908716,-0.0495291661185938));
#1985=CARTESIAN_POINT('',(-0.00928630055664853,0.111787538257415,-0.0487722743138463));
#1986=CARTESIAN_POINT('',(-0.00928630055664853,0.113479006700663,-0.0482191949425936));
#1987=CARTESIAN_POINT('',(-0.00928630055664854,0.11375183327048,-0.0481399950088727));
#1988=CARTESIAN_POINT('',(-0.00928630055664854,0.115080329011295,-0.0478073925331326));
#1989=CARTESIAN_POINT('',(-0.00928630055664853,0.116033369720631,-0.0477347745363258));
#1990=CARTESIAN_POINT('',(-0.00928630055664853,0.117319353504179,-0.0476964326433301));
#1991=CARTESIAN_POINT('',(-0.00928630055664853,0.117581826672297,-0.0476903701548157));
#1992=CARTESIAN_POINT('',(-0.00928630055664853,0.119189468023568,-0.0476798554065291));
#1993=CARTESIAN_POINT('',(-0.00928630055664854,0.120659045257431,-0.0477915805603003));
#1994=CARTESIAN_POINT('',(-0.00928630055664854,0.122163268570829,-0.0485848059345929));
#1995=CARTESIAN_POINT('',(-0.009,0.026,-0.0597328541323557));
#1996=CARTESIAN_POINT('',(-0.009,0.034170381494593,-0.058323165668079));
#1997=CARTESIAN_POINT('',(-0.009,0.0426195059541717,-0.0567045973811319));
#1998=CARTESIAN_POINT('',(-0.009,0.0515019564229247,-0.0545762662685734));
#1999=CARTESIAN_POINT('',(-0.009,0.0529400779584641,-0.0542145909835277));
#2000=CARTESIAN_POINT('',(-0.009,0.0591794127514396,-0.0525685201747946));
#2001=CARTESIAN_POINT('',(-0.009,0.0634250216518191,-0.0512842269585467));
#2002=CARTESIAN_POINT('',(-0.009,0.0679285180810475,-0.0514443987834022));
#2003=CARTESIAN_POINT('',(-0.009,0.0684852006260928,-0.0514951697396241));
#2004=CARTESIAN_POINT('',(-0.009,0.0723457687977946,-0.052013608057982));
#2005=CARTESIAN_POINT('',(-0.009,0.0754688725122718,-0.0532810678092381));
#2006=CARTESIAN_POINT('',(-0.009,0.0791742031405725,-0.0534894168750987));
#2007=CARTESIAN_POINT('',(-0.009,0.0797053953582308,-0.0534868799428421));
#2008=CARTESIAN_POINT('',(-0.009,0.0834274037230177,-0.0532710988109105));
#2009=CARTESIAN_POINT('',(-0.009,0.0866322288404564,-0.0520904223718185));
#2010=CARTESIAN_POINT('',(-0.009,0.0899518205857463,-0.0510873326470707));
#2011=CARTESIAN_POINT('',(-0.009,0.0904155710404683,-0.0509535010593236));
#2012=CARTESIAN_POINT('',(-0.009,0.0926834908249851,-0.0503506679835426));
#2013=CARTESIAN_POINT('',(-0.009,0.0943420014643936,-0.0500729466327357));
#2014=CARTESIAN_POINT('',(-0.009,0.0963774859986967,-0.050136473462473));
#2015=CARTESIAN_POINT('',(-0.009,0.0967827037672639,-0.0501697264639248));
#2016=CARTESIAN_POINT('',(-0.009,0.100025039222894,-0.0506152977638752));
#2017=CARTESIAN_POINT('',(-0.009,0.102861456921812,-0.0520884487245304));
#2018=CARTESIAN_POINT('',(-0.009,0.106314989455039,-0.052141289559388));
#2019=CARTESIAN_POINT('',(-0.009,0.107069553684552,-0.052034430372781));
#2020=CARTESIAN_POINT('',(-0.009,0.109637286226461,-0.0514181961540859));
#2021=CARTESIAN_POINT('',(-0.009,0.111342567251751,-0.0505459455481282));
#2022=CARTESIAN_POINT('',(-0.009,0.113103946314834,-0.0499114749712698));
#2023=CARTESIAN_POINT('',(-0.009,0.113387405217407,-0.0498208011931994));
#2024=CARTESIAN_POINT('',(-0.009,0.114764790599929,-0.0494409582816806));
#2025=CARTESIAN_POINT('',(-0.009,0.115743986362525,-0.0493613922124533));
#2026=CARTESIAN_POINT('',(-0.009,0.117072218177031,-0.0493201130323073));
#2027=CARTESIAN_POINT('',(-0.009,0.117343709039821,-0.0493135812031873));
#2028=CARTESIAN_POINT('',(-0.009,0.119008088516764,-0.0493035701791638));
#2029=CARTESIAN_POINT('',(-0.009,0.120534780625601,-0.0494316702497815));
#2030=CARTESIAN_POINT('',(-0.009,0.122069929851926,-0.0503487887871364));
#2031=CARTESIAN_POINT('',(-0.009,0.026,-0.0632671458676442));
#2032=CARTESIAN_POINT('',(-0.009,0.0341778708686635,-0.0619602435360982));
#2033=CARTESIAN_POINT('',(-0.009,0.0427742632453692,-0.0602792843079253));
#2034=CARTESIAN_POINT('',(-0.009,0.0515984873892868,-0.0579247012069709));
#2035=CARTESIAN_POINT('',(-0.009,0.0530189576346517,-0.057520056363606));
#2036=CARTESIAN_POINT('',(-0.009,0.0591326796796311,-0.0556614449026739));
#2037=CARTESIAN_POINT('',(-0.009,0.0631619939624678,-0.0541729028852857));
#2038=CARTESIAN_POINT('',(-0.009,0.0673983717813518,-0.0545308488094172));
#2039=CARTESIAN_POINT('',(-0.009,0.0679213004127583,-0.0546145213230787));
#2040=CARTESIAN_POINT('',(-0.009,0.0715455086542756,-0.0554057789690094));
#2041=CARTESIAN_POINT('',(-0.009,0.0744656697660415,-0.057121294122191));
#2042=CARTESIAN_POINT('',(-0.009,0.0780243400035732,-0.0574709246609396));
#2043=CARTESIAN_POINT('',(-0.009,0.0785368375441181,-0.0574789016399431));
#2044=CARTESIAN_POINT('',(-0.009,0.0821414114765727,-0.0572772235694836));
#2045=CARTESIAN_POINT('',(-0.009,0.0853134083087912,-0.0558091449199383));
#2046=CARTESIAN_POINT('',(-0.009,0.0885600670119377,-0.054566173610985));
#2047=CARTESIAN_POINT('',(-0.009,0.0890124333089531,-0.0544005032868789));
#2048=CARTESIAN_POINT('',(-0.009,0.0912192662259615,-0.0536561708016584));
#2049=CARTESIAN_POINT('',(-0.009,0.0928175298548993,-0.0533196731800835));
#2050=CARTESIAN_POINT('',(-0.009,0.0948118364729242,-0.0534239350099594));
#2051=CARTESIAN_POINT('',(-0.009,0.0952105262148489,-0.0534710491953952));
#2052=CARTESIAN_POINT('',(-0.009,0.0984191085106024,-0.0540777457774015));
#2053=CARTESIAN_POINT('',(-0.009,0.101337910301371,-0.0559948753921318));
#2054=CARTESIAN_POINT('',(-0.009,0.105005332396981,-0.0560945376111347));
#2055=CARTESIAN_POINT('',(-0.009,0.105814482910216,-0.055964386372328));
#2056=CARTESIAN_POINT('',(-0.009,0.108584123839564,-0.0551976453103707));
#2057=CARTESIAN_POINT('',(-0.009,0.110452566304534,-0.0540946770514027));
#2058=CARTESIAN_POINT('',(-0.009,0.112353764311084,-0.0532974240026252));
#2059=CARTESIAN_POINT('',(-0.009,0.112658487496468,-0.0531838025257379));
#2060=CARTESIAN_POINT('',(-0.009,0.114133650248902,-0.0527094786920719));
#2061=CARTESIAN_POINT('',(-0.009,0.115165154587214,-0.0526160164375317));
#2062=CARTESIAN_POINT('',(-0.009,0.116577880550135,-0.0525688626324953));
#2063=CARTESIAN_POINT('',(-0.009,0.116867406419568,-0.0525613921120461));
#2064=CARTESIAN_POINT('',(-0.009,0.11864525985165,-0.0525523884758411));
#2065=CARTESIAN_POINT('',(-0.009,0.120286179796933,-0.0527132383295621));
#2066=CARTESIAN_POINT('',(-0.009,0.12188317893561,-0.0538781431424519));
#2067=CARTESIAN_POINT('',(-0.00928630055664853,0.026,-0.0650335964388503));
#2068=CARTESIAN_POINT('',(-0.00928630055664853,0.0341816174692016,-0.0637780872242594));
#2069=CARTESIAN_POINT('',(-0.00928630055664853,0.0428516457179737,-0.0620659325760634));
#2070=CARTESIAN_POINT('',(-0.00928630055664853,0.0516467589956771,-0.0595982235416187));
#2071=CARTESIAN_POINT('',(-0.00928630055664853,0.0530584039786553,-0.0591720939292122));
#2072=CARTESIAN_POINT('',(-0.00928630055664853,0.0591093213717893,-0.0572072121877114));
#2073=CARTESIAN_POINT('',(-0.00928630055664852,0.0630304896853068,-0.055616545805166));
#2074=CARTESIAN_POINT('',(-0.00928630055664853,0.0671333097298206,-0.0560733788194073));
#2075=CARTESIAN_POINT('',(-0.00928630055664853,0.067639361595758,-0.0561735021168475));
#2076=CARTESIAN_POINT('',(-0.00928630055664853,0.0711453912116352,-0.0571011694619775));
#2077=CARTESIAN_POINT('',(-0.00928630055664853,0.0739640821701472,-0.0590407123464758));
#2078=CARTESIAN_POINT('',(-0.00928630055664852,0.0774494235517464,-0.0594609836570813));
#2079=CARTESIAN_POINT('',(-0.00928630055664853,0.0779525739450848,-0.0594742175967736));
#2080=CARTESIAN_POINT('',(-0.00928630055664853,0.0814984320008253,-0.0592795910924631));
#2081=CARTESIAN_POINT('',(-0.00928630055664852,0.0846540158385355,-0.057667811368045));
#2082=CARTESIAN_POINT('',(-0.00928630055664853,0.0878642093600624,-0.0563048993024019));
#2083=CARTESIAN_POINT('',(-0.00928630055664852,0.0883108837695746,-0.0561233096151753));
#2084=CARTESIAN_POINT('',(-0.00928630055664852,0.0904871742095804,-0.0553082274505299));
#2085=CARTESIAN_POINT('',(-0.00928630055664853,0.0920553150986838,-0.0549423417138069));
#2086=CARTESIAN_POINT('',(-0.00928630055664853,0.0940290337153212,-0.0550669710690471));
#2087=CARTESIAN_POINT('',(-0.00928630055664853,0.094424459635275,-0.0551210158515338));
#2088=CARTESIAN_POINT('',(-0.00928630055664853,0.0976161668818923,-0.0558082751150399));
#2089=CARTESIAN_POINT('',(-0.00928630055664852,0.100576162058038,-0.0579473940922205));
#2090=CARTESIAN_POINT('',(-0.00928630055664853,0.104350530656993,-0.0580704670488269));
#2091=CARTESIAN_POINT('',(-0.00928630055664853,0.10518697469479,-0.0579286697940383));
#2092=CARTESIAN_POINT('',(-0.00928630055664853,0.108057571157309,-0.0570866753458628));
#2093=CARTESIAN_POINT('',(-0.00928630055664853,0.11000759529887,-0.0558683482856846));
#2094=CARTESIAN_POINT('',(-0.00928630055664853,0.111978703925255,-0.0549897040313014));
#2095=CARTESIAN_POINT('',(-0.00928630055664854,0.112294059443395,-0.0548646087100646));
#2096=CARTESIAN_POINT('',(-0.00928630055664854,0.113818111837536,-0.0543430444406199));
#2097=CARTESIAN_POINT('',(-0.00928630055664853,0.114875771229108,-0.0542426341136592));
#2098=CARTESIAN_POINT('',(-0.00928630055664853,0.116330745222987,-0.0541925430214725));
#2099=CARTESIAN_POINT('',(-0.00928630055664853,0.116629288787092,-0.0541846031604177));
#2100=CARTESIAN_POINT('',(-0.00928630055664853,0.118463880344845,-0.0541761032484759));
#2101=CARTESIAN_POINT('',(-0.00928630055664853,0.120161915165102,-0.0543533280190433));
#2102=CARTESIAN_POINT('',(-0.00928630055664853,0.121789840216708,-0.0556421259949954));
#2103=CARTESIAN_POINT('',(-0.0103883497281032,0.026,-0.0682988562350071));
#2104=CARTESIAN_POINT('',(-0.0103883497281032,0.034188771238371,-0.0671397125224254));
#2105=CARTESIAN_POINT('',(-0.0103883497281032,0.042996995640428,-0.0653690698694045));
#2106=CARTESIAN_POINT('',(-0.0103883497281032,0.0517376807157722,-0.0626892537989275));
#2107=CARTESIAN_POINT('',(-0.0103883497281032,0.0531328041104076,-0.0622228409261115));
#2108=CARTESIAN_POINT('',(-0.0103883497281032,0.0590660787851758,-0.0600587054754909));
#2109=CARTESIAN_POINT('',(-0.0103883497281032,0.062784563631432,-0.0582765582936783));
#2110=CARTESIAN_POINT('',(-0.0103883497281032,0.0666370659635302,-0.0589188073280502));
#2111=CARTESIAN_POINT('',(-0.0103883497281032,0.0671114867835291,-0.0590497761858475));
#2112=CARTESIAN_POINT('',(-0.0103883497281032,0.0703960217015433,-0.0602332141023789));
#2113=CARTESIAN_POINT('',(-0.0103883497281032,0.0730245334586004,-0.0625928110277269));
#2114=CARTESIAN_POINT('',(-0.0103883497281032,0.0763724734605385,-0.0631455361709666));
#2115=CARTESIAN_POINT('',(-0.0103883497281032,0.0768581108421809,-0.0631686272527227));
#2116=CARTESIAN_POINT('',(-0.0103883497281032,0.0802939668542947,-0.0629872248203442));
#2117=CARTESIAN_POINT('',(-0.0103883497281032,0.0834188536631977,-0.0611060076251707));
#2118=CARTESIAN_POINT('',(-0.0103883497281032,0.0865607651944003,-0.0595182090261367));
#2119=CARTESIAN_POINT('',(-0.0103883497281032,0.0869967802041603,-0.059306770873831));
#2120=CARTESIAN_POINT('',(-0.0103883497281032,0.0891158679463662,-0.0583590347641232));
#2121=CARTESIAN_POINT('',(-0.0103883497281032,0.0906275802555445,-0.0579380476745848));
#2122=CARTESIAN_POINT('',(-0.0103883497281032,0.0925627608161604,-0.0581008678437421));
#2123=CARTESIAN_POINT('',(-0.0103883497281032,0.0929520799592348,-0.0581679078364711));
#2124=CARTESIAN_POINT('',(-0.0103883497281032,0.0961122496032499,-0.059006224853964));
#2125=CARTESIAN_POINT('',(-0.0103883497281032,0.0991495726021911,-0.0615615762711419));
#2126=CARTESIAN_POINT('',(-0.0103883497281032,0.10312458189876,-0.0617285474277012));
#2127=CARTESIAN_POINT('',(-0.0103883497281032,0.104012227073742,-0.0615649145744901));
#2128=CARTESIAN_POINT('',(-0.0103883497281032,0.107072205386171,-0.0605818224125583));
#2129=CARTESIAN_POINT('',(-0.0103883497281032,0.109175259617921,-0.0591471993039701));
#2130=CARTESIAN_POINT('',(-0.0103883497281032,0.111277527992392,-0.0581159485837071));
#2131=CARTESIAN_POINT('',(-0.0103883497281032,0.111612832023766,-0.0579693401450869));
#2132=CARTESIAN_POINT('',(-0.0103883497281032,0.113228616942688,-0.0573592017624162));
#2133=CARTESIAN_POINT('',(-0.0103883497281032,0.114335368616386,-0.0572457651627543));
#2134=CARTESIAN_POINT('',(-0.0103883497281032,0.115869622114893,-0.05719016836102));
#2135=CARTESIAN_POINT('',(-0.0103883497281032,0.116185086745823,-0.0571813488271015));
#2136=CARTESIAN_POINT('',(-0.0103883497281032,0.118126139625107,-0.057173795442784));
#2137=CARTESIAN_POINT('',(-0.0103883497281032,0.119931329282521,-0.0573817248862978));
#2138=CARTESIAN_POINT('',(-0.0103883497281032,0.121617304867446,-0.0589028242468509));
#2139=CARTESIAN_POINT('',(-0.01120366473362,0.026,-0.0697963807196613));
#2140=CARTESIAN_POINT('',(-0.01120366473362,0.0341921819426946,-0.0686822094856114));
#2141=CARTESIAN_POINT('',(-0.01120366473362,0.0430649701616625,-0.0668842743412663));
#2142=CARTESIAN_POINT('',(-0.01120366473362,0.0517803421436925,-0.0641054772804207));
#2143=CARTESIAN_POINT('',(-0.01120366473362,0.0531677699195101,-0.0636202659349323));
#2144=CARTESIAN_POINT('',(-0.01120366473362,0.059046209709881,-0.0613631471398905));
#2145=CARTESIAN_POINT('',(-0.01120366473362,0.0626701595331797,-0.0594916435894027));
#2146=CARTESIAN_POINT('',(-0.01120366473362,0.0664059047557864,-0.0602204216285775));
#2147=CARTESIAN_POINT('',(-0.01120366473362,0.066865571648885,-0.0603657852723008));
#2148=CARTESIAN_POINT('',(-0.01120366473362,0.070046792969661,-0.0616685841264688));
#2149=CARTESIAN_POINT('',(-0.01120366473362,0.0725865977999327,-0.0642242074174364));
#2150=CARTESIAN_POINT('',(-0.01120366473362,0.0758704677531266,-0.0648387456868881));
#2151=CARTESIAN_POINT('',(-0.01120366473362,0.0763479396238487,-0.0648664369593666));
#2152=CARTESIAN_POINT('',(-0.01120366473362,0.0797325119440345,-0.0646912070982056));
#2153=CARTESIAN_POINT('',(-0.01120366473362,0.0828431168400544,-0.0626842535632361));
#2154=CARTESIAN_POINT('',(-0.01120366473362,0.0859532140375367,-0.0609915092529357));
#2155=CARTESIAN_POINT('',(-0.01120366473362,0.0863842618886168,-0.0607661420080191));
#2156=CARTESIAN_POINT('',(-0.01120366473362,0.0884766911778717,-0.0597565016794125));
#2157=CARTESIAN_POINT('',(-0.01120366473362,0.0899620990612361,-0.059309801389598));
#2158=CARTESIAN_POINT('',(-0.01120366473362,0.0918793313350642,-0.0594904448940469));
#2159=CARTESIAN_POINT('',(-0.01120366473362,0.0922658078767993,-0.0595635495093152));
#2160=CARTESIAN_POINT('',(-0.01120366473362,0.0954113177959024,-0.0604723616740772));
#2161=CARTESIAN_POINT('',(-0.01120366473362,0.098484777707246,-0.0632219562342364));
#2162=CARTESIAN_POINT('',(-0.01120366473362,0.102553484380209,-0.0634094149372752));
#2163=CARTESIAN_POINT('',(-0.01120366473362,0.103465037874953,-0.0632355925203191));
#2164=CARTESIAN_POINT('',(-0.01120366473362,0.106613444979103,-0.0621866560962836));
#2165=CARTESIAN_POINT('',(-0.01120366473362,0.108787949392297,-0.0606510957872344));
#2166=CARTESIAN_POINT('',(-0.01120366473362,0.110951469016436,-0.059548629862784));
#2167=CARTESIAN_POINT('',(-0.01120366473362,0.111296089581856,-0.0593919821604777));
#2168=CARTESIAN_POINT('',(-0.01120366473362,0.112954719151698,-0.0587405101470986));
#2169=CARTESIAN_POINT('',(-0.01120366473362,0.114084409468539,-0.0586209953845472));
#2170=CARTESIAN_POINT('',(-0.01120366473362,0.115655696208562,-0.0585628302071544));
#2171=CARTESIAN_POINT('',(-0.01120366473362,0.115979064565215,-0.0585536003503255));
#2172=CARTESIAN_POINT('',(-0.01120366473362,0.117969842761773,-0.0585464898254559));
#2173=CARTESIAN_POINT('',(-0.01120366473362,0.119825074149216,-0.0587687490718084));
#2174=CARTESIAN_POINT('',(-0.01120366473362,0.121538176122379,-0.0603982567006391));
#2175=CARTESIAN_POINT('',(-0.0132399860802759,0.026,-0.0722955023723754));
#2176=CARTESIAN_POINT('',(-0.0132399860802759,0.0341982161788681,-0.0712584317680881));
#2177=CARTESIAN_POINT('',(-0.0132399860802759,0.043181872541302,-0.0694137144480382));
#2178=CARTESIAN_POINT('',(-0.0132399860802759,0.0518540754264503,-0.0664652416321531));
#2179=CARTESIAN_POINT('',(-0.0132399860802759,0.0532283481757611,-0.0659478053239682));
#2180=CARTESIAN_POINT('',(-0.0132399860802759,0.0590129538901936,-0.0635312909669703));
#2181=CARTESIAN_POINT('',(-0.0132399860802759,0.0624749747942699,-0.0615066085367775));
#2182=CARTESIAN_POINT('',(-0.0132399860802759,0.0660107148236145,-0.0623837259745809));
#2183=CARTESIAN_POINT('',(-0.0132399860802759,0.0664451080020461,-0.0625537668894053));
#2184=CARTESIAN_POINT('',(-0.0132399860802759,0.0694493514191183,-0.0640611879604031));
#2185=CARTESIAN_POINT('',(-0.0132399860802759,0.0718371996207288,-0.0669528594209436));
#2186=CARTESIAN_POINT('',(-0.0132399860802759,0.0750113663247805,-0.0676733665162115));
#2187=CARTESIAN_POINT('',(-0.0132399860802759,0.0754748589082296,-0.0677089443251565));
#2188=CARTESIAN_POINT('',(-0.0132399860802759,0.0787716474481008,-0.0675442994812497));
#2189=CARTESIAN_POINT('',(-0.0132399860802759,0.0818578814535778,-0.065321800906569));
#2190=CARTESIAN_POINT('',(-0.0132399860802759,0.0849135709133871,-0.0634491531292647));
#2191=CARTESIAN_POINT('',(-0.0132399860802759,0.0853361223667493,-0.0631999079351003));
#2192=CARTESIAN_POINT('',(-0.0132399860802759,0.0873829451081833,-0.0620841485645214));
#2193=CARTESIAN_POINT('',(-0.0132399860802759,0.0888233346159429,-0.0615933704837167));
#2194=CARTESIAN_POINT('',(-0.0132399860802759,0.0907098920553727,-0.0618045707533769));
#2195=CARTESIAN_POINT('',(-0.0132399860802759,0.0910915142976881,-0.0618880723596546));
#2196=CARTESIAN_POINT('',(-0.0132399860802759,0.0942120431113798,-0.0629177373101302));
#2197=CARTESIAN_POINT('',(-0.0132399860802759,0.0973475831355462,-0.0660003235819958));
#2198=CARTESIAN_POINT('',(-0.0132399860802759,0.101577082465355,-0.0662229082503368));
#2199=CARTESIAN_POINT('',(-0.0132399860802759,0.102529659114015,-0.0660316190002738));
#2200=CARTESIAN_POINT('',(-0.0132399860802759,0.105829789552679,-0.0648698101649419));
#2201=CARTESIAN_POINT('',(-0.0132399860802759,0.108126873648443,-0.0631612171312422));
#2202=CARTESIAN_POINT('',(-0.0132399860802759,0.110395507803554,-0.0619366709709812));
#2203=CARTESIAN_POINT('',(-0.0132399860802759,0.110756118301645,-0.0617628135975837));
#2204=CARTESIAN_POINT('',(-0.0132399860802759,0.112488289501731,-0.0610404864077015));
#2205=CARTESIAN_POINT('',(-0.0132399860802759,0.113657378132608,-0.0609105539182512));
#2206=CARTESIAN_POINT('',(-0.0132399860802759,0.115292244086751,-0.0608479882872979));
#2207=CARTESIAN_POINT('',(-0.0132399860802759,0.115629180418949,-0.0608380555149936));
#2208=CARTESIAN_POINT('',(-0.0132399860802759,0.117705314405234,-0.0608317071491166));
#2209=CARTESIAN_POINT('',(-0.0132399860802759,0.119646425272821,-0.0610785342479038));
#2210=CARTESIAN_POINT('',(-0.0132399860802759,0.121406123283059,-0.0628938870984929));
#2211=CARTESIAN_POINT('',(-0.0144601912159201,0.026,-0.0732961162427825));
#2212=CARTESIAN_POINT('',(-0.0144601912159201,0.0342008424168198,-0.0722911738612707));
#2213=CARTESIAN_POINT('',(-0.0144601912159201,0.0432308058119105,-0.0704269669283851));
#2214=CARTESIAN_POINT('',(-0.0144601912159201,0.0518851559408133,-0.0674077994336829));
#2215=CARTESIAN_POINT('',(-0.0144601912159201,0.0532539698236556,-0.0668769366497827));
#2216=CARTESIAN_POINT('',(-0.0144601912159201,0.0589995787820384,-0.0643940101396401));
#2217=CARTESIAN_POINT('',(-0.0144601912159201,0.0623942076841209,-0.062305505248499));
#2218=CARTESIAN_POINT('',(-0.0144601912159201,0.0658467017945766,-0.063244433137364));
#2219=CARTESIAN_POINT('',(-0.0144601912159201,0.0662705754558516,-0.063424756544518));
#2220=CARTESIAN_POINT('',(-0.0144601912159201,0.0692011564607294,-0.0650174389447904));
#2221=CARTESIAN_POINT('',(-0.0144601912159201,0.0715257565841254,-0.0680491322522109));
#2222=CARTESIAN_POINT('',(-0.0144601912159201,0.0746542919820501,-0.0688137950971644));
#2223=CARTESIAN_POINT('',(-0.0144601912159201,0.0751119710597567,-0.0688526592590078));
#2224=CARTESIAN_POINT('',(-0.0144601912159201,0.0783722614055122,-0.0686924269112192));
#2225=CARTESIAN_POINT('',(-0.0144601912159201,0.0814484080569906,-0.0663801196795501));
#2226=CARTESIAN_POINT('',(-0.0144601912159201,0.0844815060071185,-0.0644325141965897));
#2227=CARTESIAN_POINT('',(-0.0144601912159201,0.0849005284920528,-0.064173320152943));
#2228=CARTESIAN_POINT('',(-0.0144601912159201,0.0869284044916678,-0.0630133459950628));
#2229=CARTESIAN_POINT('',(-0.0144601912159201,0.0883500811320771,-0.062504203352162));
#2230=CARTESIAN_POINT('',(-0.0144601912159201,0.0902239133769473,-0.0627281370875141));
#2231=CARTESIAN_POINT('',(-0.0144601912159201,0.0906035241917924,-0.0628159710694165));
#2232=CARTESIAN_POINT('',(-0.0144601912159201,0.0937137337898663,-0.0638959937155723));
#2233=CARTESIAN_POINT('',(-0.0144601912159201,0.0968752189087245,-0.0671173286062445));
#2234=CARTESIAN_POINT('',(-0.0144601912159201,0.101171815954477,-0.0673545517577984));
#2235=CARTESIAN_POINT('',(-0.0144601912159201,0.102141507978511,-0.0671559852526824));
#2236=CARTESIAN_POINT('',(-0.0144601912159201,0.105504934854238,-0.0659471483182391));
#2237=CARTESIAN_POINT('',(-0.0144601912159201,0.10785314980418,-0.0641664597961225));
#2238=CARTESIAN_POINT('',(-0.0144601912159201,0.110165648864257,-0.062891048647165));
#2239=CARTESIAN_POINT('',(-0.0144601912159201,0.110532933031582,-0.062710020873517));
#2240=CARTESIAN_POINT('',(-0.0144601912159201,0.112295802564042,-0.0619581721736124));
#2241=CARTESIAN_POINT('',(-0.0144601912159201,0.113481351948253,-0.0618239001487707));
#2242=CARTESIAN_POINT('',(-0.0144601912159201,0.115142765228053,-0.0617595024756878));
#2243=CARTESIAN_POINT('',(-0.0144601912159201,0.115485366080682,-0.0617492771179729));
#2244=CARTESIAN_POINT('',(-0.0144601912159201,0.11759713216308,-0.0617432480945675));
#2245=CARTESIAN_POINT('',(-0.0144601912159201,0.119574082133835,-0.0620003132787231));
#2246=CARTESIAN_POINT('',(-0.0144601912159201,0.12135325114596,-0.0638931031185654));
#2247=CARTESIAN_POINT('',(-0.0171207732720479,0.026,-0.0746486311350222));
#2248=CARTESIAN_POINT('',(-0.0171207732720479,0.0342046521973629,-0.073688671782946));
#2249=CARTESIAN_POINT('',(-0.0171207732720479,0.0432995784855838,-0.0717971829096398));
#2250=CARTESIAN_POINT('',(-0.0171207732720479,0.0519290944126359,-0.0686790470856534));
#2251=CARTESIAN_POINT('',(-0.0171207732720479,0.0532902924919043,-0.0681293879392616));
#2252=CARTESIAN_POINT('',(-0.0171207732720479,0.0589814257344874,-0.0655534875805112));
#2253=CARTESIAN_POINT('',(-0.0171207732720479,0.0622817989669661,-0.0633756337063273));
#2254=CARTESIAN_POINT('',(-0.0171207732720479,0.0656178552289057,-0.0644010990407182));
#2255=CARTESIAN_POINT('',(-0.0171207732720479,0.0660270148709025,-0.0645958182888886));
#2256=CARTESIAN_POINT('',(-0.0171207732720479,0.0688545616318957,-0.0663078690124302));
#2257=CARTESIAN_POINT('',(-0.0171207732720479,0.0710906942742379,-0.0695355950160127));
#2258=CARTESIAN_POINT('',(-0.0171207732720479,0.0741554389767721,-0.0703620783728106));
#2259=CARTESIAN_POINT('',(-0.0171207732720479,0.0746049924511803,-0.0704055437804669));
#2260=CARTESIAN_POINT('',(-0.0171207732720479,0.0778142784583616,-0.0702514913895284));
#2261=CARTESIAN_POINT('',(-0.0171207732720479,0.0808763826426884,-0.0678134541486054));
#2262=CARTESIAN_POINT('',(-0.0171207732720479,0.0838779456124497,-0.0657609103400112));
#2263=CARTESIAN_POINT('',(-0.0171207732720479,0.0842920408463261,-0.065487788258844));
#2264=CARTESIAN_POINT('',(-0.0171207732720479,0.0862934579310998,-0.0642659151575169));
#2265=CARTESIAN_POINT('',(-0.0171207732720479,0.0876889897761829,-0.0637310635347014));
#2266=CARTESIAN_POINT('',(-0.0171207732720479,0.0895450732723752,-0.0639728258807971));
#2267=CARTESIAN_POINT('',(-0.0171207732720479,0.0899218813935029,-0.0640667255403291));
#2268=CARTESIAN_POINT('',(-0.0171207732720479,0.0930177505276405,-0.0652172517744771));
#2269=CARTESIAN_POINT('',(-0.0171207732720479,0.0962156519122545,-0.068632837193763));
#2270=CARTESIAN_POINT('',(-0.0171207732720479,0.100606305502998,-0.0688905573876097));
#2271=CARTESIAN_POINT('',(-0.0171207732720479,0.101599985662038,-0.0686818034289295));
#2272=CARTESIAN_POINT('',(-0.0171207732720479,0.105052120682841,-0.0674071296180151));
#2273=CARTESIAN_POINT('',(-0.0171207732720479,0.107471985352336,-0.0655255091708893));
#2274=CARTESIAN_POINT('',(-0.0171207732720479,0.109845975107812,-0.0641788891482867));
#2275=CARTESIAN_POINT('',(-0.0171207732720479,0.110222615716806,-0.0639878231660429));
#2276=CARTESIAN_POINT('',(-0.0171207732720479,0.112028529438296,-0.0631946461108818));
#2277=CARTESIAN_POINT('',(-0.0171207732720479,0.113237177096137,-0.063054300143512));
#2278=CARTESIAN_POINT('',(-0.0171207732720479,0.114935823155562,-0.0629873393702225));
#2279=CARTESIAN_POINT('',(-0.0171207732720479,0.115286367641536,-0.0629767047446876));
#2280=CARTESIAN_POINT('',(-0.0171207732720479,0.117448098486941,-0.0629711249112723));
#2281=CARTESIAN_POINT('',(-0.0171207732720479,0.119475289725834,-0.0632425251737184));
#2282=CARTESIAN_POINT('',(-0.0171207732720479,0.121281784664307,-0.0652437285572902));
#2283=CARTESIAN_POINT('',(-0.0185601033671047,0.026,-0.075));
#2284=CARTESIAN_POINT('',(-0.0185601033671047,0.034205837204486,-0.0740528954933034));
#2285=CARTESIAN_POINT('',(-0.0185601033671047,0.0433194208177121,-0.0721536143311323));
#2286=CARTESIAN_POINT('',(-0.0185601033671047,0.0519419570565969,-0.0690072049031423));
#2287=CARTESIAN_POINT('',(-0.0185601033671047,0.0533009984916664,-0.0684521758777184));
#2288=CARTESIAN_POINT('',(-0.0185601033671047,0.0589766540925778,-0.0658497138583526));
#2289=CARTESIAN_POINT('',(-0.0185601033671047,0.0622501646826187,-0.063646333489178));
#2290=CARTESIAN_POINT('',(-0.0185601033671047,0.0655530301865566,-0.0646965258490089));
#2291=CARTESIAN_POINT('',(-0.0185601033671047,0.065957995472885,-0.0648953584497381));
#2292=CARTESIAN_POINT('',(-0.0185601033671047,0.0687561714273601,-0.0666415161943781));
#2293=CARTESIAN_POINT('',(-0.0185601033671047,0.070967085545582,-0.0699252530704742));
#2294=CARTESIAN_POINT('',(-0.0185601033671047,0.0740136718840251,-0.070769401216535));
#2295=CARTESIAN_POINT('',(-0.0185601033671047,0.0744609134073306,-0.0708141815209776));
#2296=CARTESIAN_POINT('',(-0.0185601033671047,0.0776556942952253,-0.070661896617875));
#2297=CARTESIAN_POINT('',(-0.0185601033671047,0.0807138442451182,-0.0681879380479183));
#2298=CARTESIAN_POINT('',(-0.0185601033671047,0.0837064647693665,-0.0661054136464502));
#2299=CARTESIAN_POINT('',(-0.0185601033671047,0.084119161867066,-0.0658283123811169));
#2300=CARTESIAN_POINT('',(-0.0185601033671047,0.0861130675110833,-0.0645887551430041));
#2301=CARTESIAN_POINT('',(-0.0185601033671047,0.0875011680140034,-0.0640465591178579));
#2302=CARTESIAN_POINT('',(-0.0185601033671047,0.089352228688343,-0.0642934166283651));
#2303=CARTESIAN_POINT('',(-0.0185601033671047,0.0897282456896769,-0.0643890495937739));
#2304=CARTESIAN_POINT('',(-0.0185601033671047,0.0928200947471212,-0.0655597217512095));
#2305=CARTESIAN_POINT('',(-0.0185601033671047,0.0960284683279717,-0.0690308091074067));
#2306=CARTESIAN_POINT('',(-0.0185601033671047,0.100446082065841,-0.069294387895181));
#2307=CARTESIAN_POINT('',(-0.0185601033671047,0.101446635277419,-0.0690827237457334));
#2308=CARTESIAN_POINT('',(-0.0185601033671047,0.104924183031407,-0.0677892411845631));
#2309=CARTESIAN_POINT('',(-0.0185601033671047,0.107364567298544,-0.0658787843202052));
#2310=CARTESIAN_POINT('',(-0.0185601033671047,0.109756183723172,-0.0645118204358857));
#2311=CARTESIAN_POINT('',(-0.0185601033671047,0.110135507251053,-0.0643178866491686));
#2312=CARTESIAN_POINT('',(-0.0185601033671047,0.111953767561465,-0.0635129027681333));
#2313=CARTESIAN_POINT('',(-0.0185601033671047,0.113169053325416,-0.0633708224091146));
#2314=CARTESIAN_POINT('',(-0.0185601033671047,0.114878385571075,-0.0633031305971079));
#2315=CARTESIAN_POINT('',(-0.0185601033671047,0.115231209316416,-0.0632923792930358));
#2316=CARTESIAN_POINT('',(-0.0185601033671047,0.117407273707432,-0.0632869293303708));
#2317=CARTESIAN_POINT('',(-0.0185601033671047,0.119448867843562,-0.063562426605099));
#2318=CARTESIAN_POINT('',(-0.0185601033671047,0.121263218438762,-0.0655946065625068));
#2319=CARTESIAN_POINT('',(-0.0214398966328953,0.026,-0.075));
#2320=CARTESIAN_POINT('',(-0.0214398966328953,0.034205837204486,-0.0740528954933034));
#2321=CARTESIAN_POINT('',(-0.0214398966328953,0.0433194208177121,-0.0721536143311323));
#2322=CARTESIAN_POINT('',(-0.0214398966328953,0.0519419570565969,-0.0690072049031423));
#2323=CARTESIAN_POINT('',(-0.0214398966328954,0.0533009984916664,-0.0684521758777184));
#2324=CARTESIAN_POINT('',(-0.0214398966328953,0.0589766540925778,-0.0658497138583526));
#2325=CARTESIAN_POINT('',(-0.0214398966328954,0.0622501646826187,-0.063646333489178));
#2326=CARTESIAN_POINT('',(-0.0214398966328953,0.0655530301865566,-0.0646965258490089));
#2327=CARTESIAN_POINT('',(-0.0214398966328953,0.065957995472885,-0.0648953584497381));
#2328=CARTESIAN_POINT('',(-0.0214398966328953,0.0687561714273601,-0.0666415161943781));
#2329=CARTESIAN_POINT('',(-0.0214398966328953,0.070967085545582,-0.0699252530704742));
#2330=CARTESIAN_POINT('',(-0.0214398966328953,0.0740136718840251,-0.070769401216535));
#2331=CARTESIAN_POINT('',(-0.0214398966328953,0.0744609134073306,-0.0708141815209776));
#2332=CARTESIAN_POINT('',(-0.0214398966328953,0.0776556942952253,-0.070661896617875));
#2333=CARTESIAN_POINT('',(-0.0214398966328953,0.0807138442451182,-0.0681879380479183));
#2334=CARTESIAN_POINT('',(-0.0214398966328953,0.0837064647693665,-0.0661054136464502));
#2335=CARTESIAN_POINT('',(-0.0214398966328953,0.084119161867066,-0.0658283123811169));
#2336=CARTESIAN_POINT('',(-0.0214398966328953,0.0861130675110833,-0.0645887551430041));
#2337=CARTESIAN_POINT('',(-0.0214398966328953,0.0875011680140034,-0.0640465591178579));
#2338=CARTESIAN_POINT('',(-0.0214398966328953,0.089352228688343,-0.0642934166283651));
#2339=CARTESIAN_POINT('',(-0.0214398966328953,0.0897282456896769,-0.0643890495937739));
#2340=CARTESIAN_POINT('',(-0.0214398966328953,0.0928200947471212,-0.0655597217512095));
#2341=CARTESIAN_POINT('',(-0.0214398966328953,0.0960284683279717,-0.0690308091074067));
#2342=CARTESIAN_POINT('',(-0.0214398966328953,0.100446082065841,-0.069294387895181));
#2343=CARTESIAN_POINT('',(-0.0214398966328953,0.101446635277419,-0.0690827237457334));
#2344=CARTESIAN_POINT('',(-0.0214398966328953,0.104924183031407,-0.0677892411845631));
#2345=CARTESIAN_POINT('',(-0.0214398966328953,0.107364567298544,-0.0658787843202052));
#2346=CARTESIAN_POINT('',(-0.0214398966328953,0.109756183723172,-0.0645118204358857));
#2347=CARTESIAN_POINT('',(-0.0214398966328953,0.110135507251053,-0.0643178866491686));
#2348=CARTESIAN_POINT('',(-0.0214398966328953,0.111953767561465,-0.0635129027681333));
#2349=CARTESIAN_POINT('',(-0.0214398966328953,0.113169053325416,-0.0633708224091146));
#2350=CARTESIAN_POINT('',(-0.0214398966328953,0.114878385571075,-0.0633031305971079));
#2351=CARTESIAN_POINT('',(-0.0214398966328953,0.115231209316416,-0.0632923792930358));
#2352=CARTESIAN_POINT('',(-0.0214398966328954,0.117407273707432,-0.0632869293303708));
#2353=CARTESIAN_POINT('',(-0.0214398966328953,0.119448867843562,-0.063562426605099));
#2354=CARTESIAN_POINT('',(-0.0214398966328953,0.121263218438762,-0.0655946065625068));
#2355=CARTESIAN_POINT('',(-0.0228792267279521,0.026,-0.0746486311350223));
#2356=CARTESIAN_POINT('',(-0.0228792267279521,0.0342046521973629,-0.073688671782946));
#2357=CARTESIAN_POINT('',(-0.0228792267279521,0.0432995784855839,-0.0717971829096398));
#2358=CARTESIAN_POINT('',(-0.0228792267279521,0.0519290944126359,-0.0686790470856534));
#2359=CARTESIAN_POINT('',(-0.0228792267279521,0.0532902924919043,-0.0681293879392617));
#2360=CARTESIAN_POINT('',(-0.0228792267279521,0.0589814257344874,-0.0655534875805112));
#2361=CARTESIAN_POINT('',(-0.0228792267279521,0.0622817989669662,-0.0633756337063273));
#2362=CARTESIAN_POINT('',(-0.0228792267279521,0.0656178552289057,-0.0644010990407182));
#2363=CARTESIAN_POINT('',(-0.0228792267279521,0.0660270148709025,-0.0645958182888886));
#2364=CARTESIAN_POINT('',(-0.0228792267279521,0.0688545616318957,-0.0663078690124302));
#2365=CARTESIAN_POINT('',(-0.0228792267279521,0.0710906942742379,-0.0695355950160127));
#2366=CARTESIAN_POINT('',(-0.0228792267279521,0.0741554389767721,-0.0703620783728106));
#2367=CARTESIAN_POINT('',(-0.0228792267279521,0.0746049924511803,-0.0704055437804669));
#2368=CARTESIAN_POINT('',(-0.0228792267279521,0.0778142784583615,-0.0702514913895284));
#2369=CARTESIAN_POINT('',(-0.0228792267279521,0.0808763826426884,-0.0678134541486054));
#2370=CARTESIAN_POINT('',(-0.0228792267279521,0.0838779456124497,-0.0657609103400112));
#2371=CARTESIAN_POINT('',(-0.0228792267279521,0.084292040846326,-0.0654877882588439));
#2372=CARTESIAN_POINT('',(-0.0228792267279521,0.0862934579310997,-0.0642659151575168));
#2373=CARTESIAN_POINT('',(-0.0228792267279521,0.0876889897761829,-0.0637310635347014));
#2374=CARTESIAN_POINT('',(-0.0228792267279521,0.0895450732723752,-0.0639728258807971));
#2375=CARTESIAN_POINT('',(-0.0228792267279521,0.089921881393503,-0.0640667255403291));
#2376=CARTESIAN_POINT('',(-0.0228792267279521,0.0930177505276405,-0.0652172517744771));
#2377=CARTESIAN_POINT('',(-0.0228792267279521,0.0962156519122545,-0.068632837193763));
#2378=CARTESIAN_POINT('',(-0.0228792267279521,0.100606305502998,-0.0688905573876097));
#2379=CARTESIAN_POINT('',(-0.0228792267279521,0.101599985662038,-0.0686818034289295));
#2380=CARTESIAN_POINT('',(-0.0228792267279521,0.105052120682841,-0.0674071296180151));
#2381=CARTESIAN_POINT('',(-0.0228792267279521,0.107471985352336,-0.0655255091708893));
#2382=CARTESIAN_POINT('',(-0.0228792267279521,0.109845975107812,-0.0641788891482868));
#2383=CARTESIAN_POINT('',(-0.0228792267279521,0.110222615716806,-0.0639878231660429));
#2384=CARTESIAN_POINT('',(-0.0228792267279521,0.112028529438296,-0.0631946461108818));
#2385=CARTESIAN_POINT('',(-0.0228792267279521,0.113237177096137,-0.063054300143512));
#2386=CARTESIAN_POINT('',(-0.0228792267279521,0.114935823155562,-0.0629873393702224));
#2387=CARTESIAN_POINT('',(-0.0228792267279521,0.115286367641536,-0.0629767047446876));
#2388=CARTESIAN_POINT('',(-0.0228792267279521,0.117448098486941,-0.0629711249112722));
#2389=CARTESIAN_POINT('',(-0.0228792267279521,0.119475289725834,-0.0632425251737184));
#2390=CARTESIAN_POINT('',(-0.0228792267279521,0.121281784664307,-0.0652437285572902));
#2391=CARTESIAN_POINT('',(-0.0255398087840799,0.026,-0.0732961162427825));
#2392=CARTESIAN_POINT('',(-0.0255398087840799,0.0342008424168198,-0.0722911738612707));
#2393=CARTESIAN_POINT('',(-0.0255398087840799,0.0432308058119105,-0.0704269669283851));
#2394=CARTESIAN_POINT('',(-0.0255398087840799,0.0518851559408133,-0.0674077994336829));
#2395=CARTESIAN_POINT('',(-0.0255398087840799,0.0532539698236556,-0.0668769366497827));
#2396=CARTESIAN_POINT('',(-0.0255398087840799,0.0589995787820384,-0.0643940101396401));
#2397=CARTESIAN_POINT('',(-0.0255398087840799,0.062394207684121,-0.062305505248499));
#2398=CARTESIAN_POINT('',(-0.0255398087840799,0.0658467017945766,-0.063244433137364));
#2399=CARTESIAN_POINT('',(-0.0255398087840799,0.0662705754558516,-0.063424756544518));
#2400=CARTESIAN_POINT('',(-0.0255398087840799,0.0692011564607294,-0.0650174389447904));
#2401=CARTESIAN_POINT('',(-0.0255398087840799,0.0715257565841255,-0.0680491322522109));
#2402=CARTESIAN_POINT('',(-0.0255398087840799,0.0746542919820501,-0.0688137950971644));
#2403=CARTESIAN_POINT('',(-0.0255398087840799,0.0751119710597567,-0.0688526592590078));
#2404=CARTESIAN_POINT('',(-0.0255398087840799,0.0783722614055122,-0.0686924269112192));
#2405=CARTESIAN_POINT('',(-0.0255398087840799,0.0814484080569906,-0.0663801196795502));
#2406=CARTESIAN_POINT('',(-0.0255398087840799,0.0844815060071185,-0.0644325141965897));
#2407=CARTESIAN_POINT('',(-0.0255398087840799,0.0849005284920528,-0.0641733201529429));
#2408=CARTESIAN_POINT('',(-0.0255398087840799,0.0869284044916678,-0.0630133459950628));
#2409=CARTESIAN_POINT('',(-0.0255398087840799,0.0883500811320771,-0.062504203352162));
#2410=CARTESIAN_POINT('',(-0.0255398087840799,0.0902239133769473,-0.0627281370875141));
#2411=CARTESIAN_POINT('',(-0.0255398087840799,0.0906035241917925,-0.0628159710694165));
#2412=CARTESIAN_POINT('',(-0.0255398087840799,0.0937137337898663,-0.0638959937155723));
#2413=CARTESIAN_POINT('',(-0.0255398087840799,0.0968752189087245,-0.0671173286062445));
#2414=CARTESIAN_POINT('',(-0.0255398087840799,0.101171815954477,-0.0673545517577984));
#2415=CARTESIAN_POINT('',(-0.0255398087840799,0.102141507978511,-0.0671559852526824));
#2416=CARTESIAN_POINT('',(-0.0255398087840799,0.105504934854238,-0.0659471483182391));
#2417=CARTESIAN_POINT('',(-0.0255398087840799,0.10785314980418,-0.0641664597961225));
#2418=CARTESIAN_POINT('',(-0.0255398087840799,0.110165648864257,-0.0628910486471651));
#2419=CARTESIAN_POINT('',(-0.0255398087840799,0.110532933031582,-0.062710020873517));
#2420=CARTESIAN_POINT('',(-0.0255398087840799,0.112295802564042,-0.0619581721736124));
#2421=CARTESIAN_POINT('',(-0.0255398087840799,0.113481351948253,-0.0618239001487707));
#2422=CARTESIAN_POINT('',(-0.0255398087840799,0.115142765228053,-0.0617595024756878));
#2423=CARTESIAN_POINT('',(-0.0255398087840799,0.115485366080682,-0.0617492771179728));
#2424=CARTESIAN_POINT('',(-0.0255398087840799,0.11759713216308,-0.0617432480945675));
#2425=CARTESIAN_POINT('',(-0.0255398087840799,0.119574082133835,-0.062000313278723));
#2426=CARTESIAN_POINT('',(-0.0255398087840799,0.12135325114596,-0.0638931031185654));
#2427=CARTESIAN_POINT('',(-0.026760013919724,0.026,-0.0722955023723754));
#2428=CARTESIAN_POINT('',(-0.026760013919724,0.0341982161788681,-0.0712584317680881));
#2429=CARTESIAN_POINT('',(-0.026760013919724,0.043181872541302,-0.0694137144480382));
#2430=CARTESIAN_POINT('',(-0.026760013919724,0.0518540754264503,-0.0664652416321531));
#2431=CARTESIAN_POINT('',(-0.0267600139197241,0.0532283481757611,-0.0659478053239682));
#2432=CARTESIAN_POINT('',(-0.026760013919724,0.0590129538901935,-0.0635312909669703));
#2433=CARTESIAN_POINT('',(-0.0267600139197241,0.0624749747942699,-0.0615066085367774));
#2434=CARTESIAN_POINT('',(-0.026760013919724,0.0660107148236145,-0.0623837259745809));
#2435=CARTESIAN_POINT('',(-0.026760013919724,0.0664451080020461,-0.0625537668894053));
#2436=CARTESIAN_POINT('',(-0.026760013919724,0.0694493514191183,-0.0640611879604032));
#2437=CARTESIAN_POINT('',(-0.026760013919724,0.0718371996207288,-0.0669528594209436));
#2438=CARTESIAN_POINT('',(-0.026760013919724,0.0750113663247805,-0.0676733665162115));
#2439=CARTESIAN_POINT('',(-0.026760013919724,0.0754748589082296,-0.0677089443251565));
#2440=CARTESIAN_POINT('',(-0.026760013919724,0.0787716474481007,-0.0675442994812497));
#2441=CARTESIAN_POINT('',(-0.0267600139197241,0.0818578814535778,-0.065321800906569));
#2442=CARTESIAN_POINT('',(-0.026760013919724,0.0849135709133871,-0.0634491531292647));
#2443=CARTESIAN_POINT('',(-0.026760013919724,0.0853361223667493,-0.0631999079351004));
#2444=CARTESIAN_POINT('',(-0.026760013919724,0.0873829451081832,-0.0620841485645214));
#2445=CARTESIAN_POINT('',(-0.026760013919724,0.0888233346159429,-0.0615933704837167));
#2446=CARTESIAN_POINT('',(-0.026760013919724,0.0907098920553727,-0.0618045707533769));
#2447=CARTESIAN_POINT('',(-0.026760013919724,0.0910915142976881,-0.0618880723596546));
#2448=CARTESIAN_POINT('',(-0.026760013919724,0.0942120431113798,-0.0629177373101302));
#2449=CARTESIAN_POINT('',(-0.026760013919724,0.0973475831355462,-0.0660003235819958));
#2450=CARTESIAN_POINT('',(-0.026760013919724,0.101577082465355,-0.0662229082503368));
#2451=CARTESIAN_POINT('',(-0.026760013919724,0.102529659114015,-0.0660316190002737));
#2452=CARTESIAN_POINT('',(-0.026760013919724,0.105829789552679,-0.0648698101649419));
#2453=CARTESIAN_POINT('',(-0.026760013919724,0.108126873648443,-0.0631612171312422));
#2454=CARTESIAN_POINT('',(-0.026760013919724,0.110395507803554,-0.0619366709709812));
#2455=CARTESIAN_POINT('',(-0.026760013919724,0.110756118301645,-0.0617628135975837));
#2456=CARTESIAN_POINT('',(-0.026760013919724,0.112488289501731,-0.0610404864077015));
#2457=CARTESIAN_POINT('',(-0.026760013919724,0.113657378132608,-0.0609105539182512));
#2458=CARTESIAN_POINT('',(-0.026760013919724,0.115292244086751,-0.0608479882872979));
#2459=CARTESIAN_POINT('',(-0.026760013919724,0.115629180418949,-0.0608380555149936));
#2460=CARTESIAN_POINT('',(-0.026760013919724,0.117705314405234,-0.0608317071491166));
#2461=CARTESIAN_POINT('',(-0.026760013919724,0.119646425272821,-0.0610785342479038));
#2462=CARTESIAN_POINT('',(-0.026760013919724,0.121406123283059,-0.0628938870984929));
#2463=CARTESIAN_POINT('',(-0.02879633526638,0.026,-0.0697963807196613));
#2464=CARTESIAN_POINT('',(-0.02879633526638,0.0341921819426946,-0.0686822094856114));
#2465=CARTESIAN_POINT('',(-0.02879633526638,0.0430649701616625,-0.0668842743412663));
#2466=CARTESIAN_POINT('',(-0.02879633526638,0.0517803421436925,-0.0641054772804207));
#2467=CARTESIAN_POINT('',(-0.02879633526638,0.0531677699195101,-0.0636202659349323));
#2468=CARTESIAN_POINT('',(-0.02879633526638,0.0590462097098809,-0.0613631471398905));
#2469=CARTESIAN_POINT('',(-0.02879633526638,0.0626701595331797,-0.0594916435894027));
#2470=CARTESIAN_POINT('',(-0.02879633526638,0.0664059047557864,-0.0602204216285775));
#2471=CARTESIAN_POINT('',(-0.02879633526638,0.066865571648885,-0.0603657852723008));
#2472=CARTESIAN_POINT('',(-0.02879633526638,0.070046792969661,-0.0616685841264688));
#2473=CARTESIAN_POINT('',(-0.02879633526638,0.0725865977999326,-0.0642242074174364));
#2474=CARTESIAN_POINT('',(-0.02879633526638,0.0758704677531266,-0.0648387456868881));
#2475=CARTESIAN_POINT('',(-0.02879633526638,0.0763479396238487,-0.0648664369593666));
#2476=CARTESIAN_POINT('',(-0.02879633526638,0.0797325119440345,-0.0646912070982056));
#2477=CARTESIAN_POINT('',(-0.02879633526638,0.0828431168400542,-0.0626842535632361));
#2478=CARTESIAN_POINT('',(-0.02879633526638,0.0859532140375366,-0.0609915092529357));
#2479=CARTESIAN_POINT('',(-0.02879633526638,0.0863842618886168,-0.0607661420080191));
#2480=CARTESIAN_POINT('',(-0.02879633526638,0.0884766911778717,-0.0597565016794125));
#2481=CARTESIAN_POINT('',(-0.0287963352663799,0.0899620990612361,-0.059309801389598));
#2482=CARTESIAN_POINT('',(-0.0287963352663799,0.0918793313350642,-0.0594904448940469));
#2483=CARTESIAN_POINT('',(-0.02879633526638,0.0922658078767993,-0.0595635495093152));
#2484=CARTESIAN_POINT('',(-0.0287963352663799,0.0954113177959025,-0.0604723616740772));
#2485=CARTESIAN_POINT('',(-0.0287963352663799,0.098484777707246,-0.0632219562342363));
#2486=CARTESIAN_POINT('',(-0.02879633526638,0.102553484380209,-0.0634094149372752));
#2487=CARTESIAN_POINT('',(-0.02879633526638,0.103465037874953,-0.0632355925203191));
#2488=CARTESIAN_POINT('',(-0.02879633526638,0.106613444979103,-0.0621866560962836));
#2489=CARTESIAN_POINT('',(-0.02879633526638,0.108787949392297,-0.0606510957872344));
#2490=CARTESIAN_POINT('',(-0.02879633526638,0.110951469016436,-0.0595486298627841));
#2491=CARTESIAN_POINT('',(-0.02879633526638,0.111296089581856,-0.0593919821604777));
#2492=CARTESIAN_POINT('',(-0.02879633526638,0.112954719151698,-0.0587405101470987));
#2493=CARTESIAN_POINT('',(-0.02879633526638,0.114084409468539,-0.0586209953845472));
#2494=CARTESIAN_POINT('',(-0.02879633526638,0.115655696208562,-0.0585628302071544));
#2495=CARTESIAN_POINT('',(-0.02879633526638,0.115979064565215,-0.0585536003503256));
#2496=CARTESIAN_POINT('',(-0.0287963352663799,0.117969842761773,-0.058546489825456));
#2497=CARTESIAN_POINT('',(-0.02879633526638,0.119825074149216,-0.0587687490718084));
#2498=CARTESIAN_POINT('',(-0.02879633526638,0.121538176122379,-0.0603982567006391));
#2499=CARTESIAN_POINT('',(-0.0296116502718968,0.026,-0.0682988562350071));
#2500=CARTESIAN_POINT('',(-0.0296116502718968,0.034188771238371,-0.0671397125224254));
#2501=CARTESIAN_POINT('',(-0.0296116502718968,0.042996995640428,-0.0653690698694045));
#2502=CARTESIAN_POINT('',(-0.0296116502718968,0.0517376807157722,-0.0626892537989275));
#2503=CARTESIAN_POINT('',(-0.0296116502718968,0.0531328041104076,-0.0622228409261115));
#2504=CARTESIAN_POINT('',(-0.0296116502718968,0.0590660787851758,-0.0600587054754909));
#2505=CARTESIAN_POINT('',(-0.0296116502718968,0.062784563631432,-0.0582765582936784));
#2506=CARTESIAN_POINT('',(-0.0296116502718968,0.0666370659635302,-0.0589188073280503));
#2507=CARTESIAN_POINT('',(-0.0296116502718968,0.0671114867835291,-0.0590497761858475));
#2508=CARTESIAN_POINT('',(-0.0296116502718968,0.0703960217015433,-0.060233214102379));
#2509=CARTESIAN_POINT('',(-0.0296116502718968,0.0730245334586004,-0.0625928110277269));
#2510=CARTESIAN_POINT('',(-0.0296116502718968,0.0763724734605385,-0.0631455361709667));
#2511=CARTESIAN_POINT('',(-0.0296116502718968,0.0768581108421809,-0.0631686272527227));
#2512=CARTESIAN_POINT('',(-0.0296116502718968,0.0802939668542947,-0.0629872248203442));
#2513=CARTESIAN_POINT('',(-0.0296116502718968,0.0834188536631977,-0.0611060076251707));
#2514=CARTESIAN_POINT('',(-0.0296116502718968,0.0865607651944003,-0.0595182090261368));
#2515=CARTESIAN_POINT('',(-0.0296116502718968,0.0869967802041603,-0.0593067708738311));
#2516=CARTESIAN_POINT('',(-0.0296116502718968,0.0891158679463662,-0.0583590347641232));
#2517=CARTESIAN_POINT('',(-0.0296116502718968,0.0906275802555445,-0.0579380476745848));
#2518=CARTESIAN_POINT('',(-0.0296116502718968,0.0925627608161604,-0.0581008678437421));
#2519=CARTESIAN_POINT('',(-0.0296116502718968,0.0929520799592348,-0.0581679078364712));
#2520=CARTESIAN_POINT('',(-0.0296116502718968,0.0961122496032499,-0.059006224853964));
#2521=CARTESIAN_POINT('',(-0.0296116502718968,0.0991495726021911,-0.0615615762711419));
#2522=CARTESIAN_POINT('',(-0.0296116502718968,0.10312458189876,-0.0617285474277013));
#2523=CARTESIAN_POINT('',(-0.0296116502718968,0.104012227073742,-0.0615649145744902));
#2524=CARTESIAN_POINT('',(-0.0296116502718968,0.107072205386171,-0.0605818224125583));
#2525=CARTESIAN_POINT('',(-0.0296116502718968,0.109175259617921,-0.0591471993039701));
#2526=CARTESIAN_POINT('',(-0.0296116502718968,0.111277527992392,-0.0581159485837071));
#2527=CARTESIAN_POINT('',(-0.0296116502718968,0.111612832023766,-0.0579693401450869));
#2528=CARTESIAN_POINT('',(-0.0296116502718968,0.113228616942688,-0.0573592017624163));
#2529=CARTESIAN_POINT('',(-0.0296116502718968,0.114335368616386,-0.0572457651627543));
#2530=CARTESIAN_POINT('',(-0.0296116502718968,0.115869622114893,-0.05719016836102));
#2531=CARTESIAN_POINT('',(-0.0296116502718968,0.116185086745823,-0.0571813488271015));
#2532=CARTESIAN_POINT('',(-0.0296116502718968,0.118126139625107,-0.0571737954427841));
#2533=CARTESIAN_POINT('',(-0.0296116502718968,0.119931329282521,-0.0573817248862978));
#2534=CARTESIAN_POINT('',(-0.0296116502718968,0.121617304867446,-0.0589028242468509));
#2535=CARTESIAN_POINT('',(-0.0307136994433514,0.026,-0.0650335964388503));
#2536=CARTESIAN_POINT('',(-0.0307136994433514,0.0341816174692016,-0.0637780872242594));
#2537=CARTESIAN_POINT('',(-0.0307136994433514,0.0428516457179737,-0.0620659325760634));
#2538=CARTESIAN_POINT('',(-0.0307136994433514,0.0516467589956771,-0.0595982235416188));
#2539=CARTESIAN_POINT('',(-0.0307136994433514,0.0530584039786553,-0.0591720939292122));
#2540=CARTESIAN_POINT('',(-0.0307136994433514,0.0591093213717893,-0.0572072121877114));
#2541=CARTESIAN_POINT('',(-0.0307136994433515,0.0630304896853068,-0.055616545805166));
#2542=CARTESIAN_POINT('',(-0.0307136994433514,0.0671333097298206,-0.0560733788194073));
#2543=CARTESIAN_POINT('',(-0.0307136994433514,0.067639361595758,-0.0561735021168476));
#2544=CARTESIAN_POINT('',(-0.0307136994433514,0.0711453912116352,-0.0571011694619776));
#2545=CARTESIAN_POINT('',(-0.0307136994433514,0.0739640821701473,-0.0590407123464758));
#2546=CARTESIAN_POINT('',(-0.0307136994433514,0.0774494235517464,-0.0594609836570813));
#2547=CARTESIAN_POINT('',(-0.0307136994433514,0.0779525739450849,-0.0594742175967737));
#2548=CARTESIAN_POINT('',(-0.0307136994433514,0.0814984320008253,-0.0592795910924631));
#2549=CARTESIAN_POINT('',(-0.0307136994433515,0.0846540158385354,-0.0576678113680451));
#2550=CARTESIAN_POINT('',(-0.0307136994433514,0.0878642093600624,-0.0563048993024019));
#2551=CARTESIAN_POINT('',(-0.0307136994433514,0.0883108837695746,-0.0561233096151753));
#2552=CARTESIAN_POINT('',(-0.0307136994433514,0.0904871742095804,-0.05530822745053));
#2553=CARTESIAN_POINT('',(-0.0307136994433514,0.0920553150986838,-0.0549423417138069));
#2554=CARTESIAN_POINT('',(-0.0307136994433514,0.0940290337153212,-0.0550669710690471));
#2555=CARTESIAN_POINT('',(-0.0307136994433514,0.094424459635275,-0.0551210158515338));
#2556=CARTESIAN_POINT('',(-0.0307136994433514,0.0976161668818923,-0.0558082751150399));
#2557=CARTESIAN_POINT('',(-0.0307136994433515,0.100576162058038,-0.0579473940922206));
#2558=CARTESIAN_POINT('',(-0.0307136994433514,0.104350530656993,-0.058070467048827));
#2559=CARTESIAN_POINT('',(-0.0307136994433514,0.10518697469479,-0.0579286697940383));
#2560=CARTESIAN_POINT('',(-0.0307136994433514,0.108057571157309,-0.0570866753458628));
#2561=CARTESIAN_POINT('',(-0.0307136994433514,0.11000759529887,-0.0558683482856846));
#2562=CARTESIAN_POINT('',(-0.0307136994433514,0.111978703925255,-0.0549897040313014));
#2563=CARTESIAN_POINT('',(-0.0307136994433515,0.112294059443395,-0.0548646087100647));
#2564=CARTESIAN_POINT('',(-0.0307136994433515,0.113818111837536,-0.0543430444406199));
#2565=CARTESIAN_POINT('',(-0.0307136994433514,0.114875771229108,-0.0542426341136592));
#2566=CARTESIAN_POINT('',(-0.0307136994433514,0.116330745222987,-0.0541925430214726));
#2567=CARTESIAN_POINT('',(-0.0307136994433514,0.116629288787092,-0.0541846031604177));
#2568=CARTESIAN_POINT('',(-0.0307136994433514,0.118463880344845,-0.0541761032484759));
#2569=CARTESIAN_POINT('',(-0.0307136994433514,0.120161915165102,-0.0543533280190433));
#2570=CARTESIAN_POINT('',(-0.0307136994433514,0.121789840216708,-0.0556421259949955));
#2571=CARTESIAN_POINT('',(-0.031,0.026,-0.0632671458676442));
#2572=CARTESIAN_POINT('',(-0.031,0.0341778708686635,-0.0619602435360982));
#2573=CARTESIAN_POINT('',(-0.031,0.0427742632453692,-0.0602792843079253));
#2574=CARTESIAN_POINT('',(-0.031,0.0515984873892868,-0.0579247012069709));
#2575=CARTESIAN_POINT('',(-0.031,0.0530189576346517,-0.057520056363606));
#2576=CARTESIAN_POINT('',(-0.031,0.0591326796796311,-0.0556614449026739));
#2577=CARTESIAN_POINT('',(-0.031,0.063161993962468,-0.0541729028852857));
#2578=CARTESIAN_POINT('',(-0.031,0.0673983717813518,-0.0545308488094172));
#2579=CARTESIAN_POINT('',(-0.031,0.0679213004127583,-0.0546145213230787));
#2580=CARTESIAN_POINT('',(-0.031,0.0715455086542756,-0.0554057789690094));
#2581=CARTESIAN_POINT('',(-0.031,0.0744656697660415,-0.057121294122191));
#2582=CARTESIAN_POINT('',(-0.031,0.0780243400035732,-0.0574709246609396));
#2583=CARTESIAN_POINT('',(-0.031,0.0785368375441181,-0.0574789016399431));
#2584=CARTESIAN_POINT('',(-0.031,0.0821414114765726,-0.0572772235694836));
#2585=CARTESIAN_POINT('',(-0.031,0.0853134083087911,-0.0558091449199383));
#2586=CARTESIAN_POINT('',(-0.031,0.0885600670119378,-0.054566173610985));
#2587=CARTESIAN_POINT('',(-0.031,0.0890124333089531,-0.0544005032868789));
#2588=CARTESIAN_POINT('',(-0.031,0.0912192662259615,-0.0536561708016584));
#2589=CARTESIAN_POINT('',(-0.031,0.0928175298548992,-0.0533196731800835));
#2590=CARTESIAN_POINT('',(-0.031,0.0948118364729242,-0.0534239350099595));
#2591=CARTESIAN_POINT('',(-0.031,0.0952105262148489,-0.0534710491953952));
#2592=CARTESIAN_POINT('',(-0.031,0.0984191085106024,-0.0540777457774015));
#2593=CARTESIAN_POINT('',(-0.031,0.101337910301371,-0.0559948753921318));
#2594=CARTESIAN_POINT('',(-0.031,0.105005332396981,-0.0560945376111347));
#2595=CARTESIAN_POINT('',(-0.031,0.105814482910216,-0.055964386372328));
#2596=CARTESIAN_POINT('',(-0.031,0.108584123839564,-0.0551976453103707));
#2597=CARTESIAN_POINT('',(-0.031,0.110452566304534,-0.0540946770514028));
#2598=CARTESIAN_POINT('',(-0.031,0.112353764311084,-0.0532974240026252));
#2599=CARTESIAN_POINT('',(-0.031,0.112658487496468,-0.0531838025257379));
#2600=CARTESIAN_POINT('',(-0.031,0.114133650248902,-0.0527094786920719));
#2601=CARTESIAN_POINT('',(-0.031,0.115165154587214,-0.0526160164375317));
#2602=CARTESIAN_POINT('',(-0.031,0.116577880550135,-0.0525688626324953));
#2603=CARTESIAN_POINT('',(-0.031,0.116867406419568,-0.0525613921120461));
#2604=CARTESIAN_POINT('',(-0.031,0.11864525985165,-0.0525523884758411));
#2605=CARTESIAN_POINT('',(-0.031,0.120286179796933,-0.0527132383295621));
#2606=CARTESIAN_POINT('',(-0.031,0.12188317893561,-0.0538781431424518));
#2607=CARTESIAN_POINT('',(-0.031,0.026,-0.0597328541323557));
#2608=CARTESIAN_POINT('',(-0.031,0.034170381494593,-0.058323165668079));
#2609=CARTESIAN_POINT('',(-0.031,0.0426195059541717,-0.0567045973811318));
#2610=CARTESIAN_POINT('',(-0.031,0.0515019564229247,-0.0545762662685734));
#2611=CARTESIAN_POINT('',(-0.031,0.0529400779584641,-0.0542145909835277));
#2612=CARTESIAN_POINT('',(-0.031,0.0591794127514396,-0.0525685201747946));
#2613=CARTESIAN_POINT('',(-0.031,0.0634250216518189,-0.0512842269585467));
#2614=CARTESIAN_POINT('',(-0.031,0.0679285180810475,-0.0514443987834022));
#2615=CARTESIAN_POINT('',(-0.031,0.0684852006260928,-0.0514951697396241));
#2616=CARTESIAN_POINT('',(-0.031,0.0723457687977946,-0.0520136080579819));
#2617=CARTESIAN_POINT('',(-0.031,0.0754688725122718,-0.0532810678092381));
#2618=CARTESIAN_POINT('',(-0.031,0.0791742031405725,-0.0534894168750987));
#2619=CARTESIAN_POINT('',(-0.031,0.0797053953582308,-0.0534868799428421));
#2620=CARTESIAN_POINT('',(-0.031,0.0834274037230176,-0.0532710988109105));
#2621=CARTESIAN_POINT('',(-0.031,0.0866322288404565,-0.0520904223718186));
#2622=CARTESIAN_POINT('',(-0.031,0.0899518205857463,-0.0510873326470707));
#2623=CARTESIAN_POINT('',(-0.031,0.0904155710404683,-0.0509535010593236));
#2624=CARTESIAN_POINT('',(-0.031,0.0926834908249851,-0.0503506679835426));
#2625=CARTESIAN_POINT('',(-0.031,0.0943420014643936,-0.0500729466327357));
#2626=CARTESIAN_POINT('',(-0.031,0.0963774859986968,-0.050136473462473));
#2627=CARTESIAN_POINT('',(-0.031,0.0967827037672639,-0.0501697264639248));
#2628=CARTESIAN_POINT('',(-0.031,0.100025039222894,-0.0506152977638752));
#2629=CARTESIAN_POINT('',(-0.031,0.102861456921812,-0.0520884487245305));
#2630=CARTESIAN_POINT('',(-0.031,0.106314989455039,-0.052141289559388));
#2631=CARTESIAN_POINT('',(-0.031,0.107069553684552,-0.052034430372781));
#2632=CARTESIAN_POINT('',(-0.031,0.109637286226461,-0.0514181961540859));
#2633=CARTESIAN_POINT('',(-0.031,0.111342567251751,-0.0505459455481282));
#2634=CARTESIAN_POINT('',(-0.031,0.113103946314834,-0.0499114749712698));
#2635=CARTESIAN_POINT('',(-0.031,0.113387405217407,-0.0498208011931994));
#2636=CARTESIAN_POINT('',(-0.031,0.114764790599929,-0.0494409582816806));
#2637=CARTESIAN_POINT('',(-0.031,0.115743986362525,-0.0493613922124533));
#2638=CARTESIAN_POINT('',(-0.031,0.117072218177031,-0.0493201130323073));
#2639=CARTESIAN_POINT('',(-0.031,0.117343709039821,-0.0493135812031873));
#2640=CARTESIAN_POINT('',(-0.031,0.119008088516764,-0.0493035701791638));
#2641=CARTESIAN_POINT('',(-0.031,0.120534780625601,-0.0494316702497815));
#2642=CARTESIAN_POINT('',(-0.031,0.122069929851926,-0.0503487887871364));
#2643=CARTESIAN_POINT('',(-0.0307136994433514,0.026,-0.0579664035611497));
#2644=CARTESIAN_POINT('',(-0.0307136994433514,0.0341666348940549,-0.0565053219799178));
#2645=CARTESIAN_POINT('',(-0.0307136994433515,0.0425421234815671,-0.0549179491129938));
#2646=CARTESIAN_POINT('',(-0.0307136994433514,0.0514536848165344,-0.0529027439339255));
#2647=CARTESIAN_POINT('',(-0.0307136994433515,0.0529006316144604,-0.0525625534179215));
#2648=CARTESIAN_POINT('',(-0.0307136994433515,0.0592027710592814,-0.0510227528897571));
#2649=CARTESIAN_POINT('',(-0.0307136994433515,0.0635565259289799,-0.0498405840386664));
#2650=CARTESIAN_POINT('',(-0.0307136994433515,0.0681935801325786,-0.0499018687734121));
#2651=CARTESIAN_POINT('',(-0.0307136994433515,0.068767139443093,-0.0499361889458552));
#2652=CARTESIAN_POINT('',(-0.0307136994433514,0.072745886240435,-0.0503182175650138));
#2653=CARTESIAN_POINT('',(-0.0307136994433515,0.0759704601081661,-0.0513616495849533));
#2654=CARTESIAN_POINT('',(-0.0307136994433515,0.0797491195923994,-0.0514993578789571));
#2655=CARTESIAN_POINT('',(-0.0307136994433515,0.0802896589572641,-0.0514915639860116));
#2656=CARTESIAN_POINT('',(-0.0307136994433515,0.0840703831987651,-0.051268731287931));
#2657=CARTESIAN_POINT('',(-0.0307136994433515,0.0872916213107123,-0.0502317559237118));
#2658=CARTESIAN_POINT('',(-0.0307136994433515,0.0906476782376217,-0.0493486069556539));
#2659=CARTESIAN_POINT('',(-0.0307136994433515,0.0911171205798468,-0.0492306947310273));
#2660=CARTESIAN_POINT('',(-0.0307136994433515,0.0934155828413663,-0.0486986113346711));
#2661=CARTESIAN_POINT('',(-0.0307136994433514,0.0951042162206091,-0.0484502780990123));
#2662=CARTESIAN_POINT('',(-0.0307136994433514,0.0971602887562998,-0.0484934374033854));
#2663=CARTESIAN_POINT('',(-0.0307136994433515,0.0975687703468379,-0.0485197598077862));
#2664=CARTESIAN_POINT('',(-0.0307136994433515,0.100827980851605,-0.0488847684262368));
#2665=CARTESIAN_POINT('',(-0.0307136994433515,0.103623205165144,-0.0501359300244416));
#2666=CARTESIAN_POINT('',(-0.0307136994433515,0.106969791195028,-0.0501653601216958));
#2667=CARTESIAN_POINT('',(-0.0307136994433515,0.107697061899978,-0.0500701469510707));
#2668=CARTESIAN_POINT('',(-0.0307136994433515,0.110163838908716,-0.0495291661185938));
#2669=CARTESIAN_POINT('',(-0.0307136994433515,0.111787538257415,-0.0487722743138463));
#2670=CARTESIAN_POINT('',(-0.0307136994433515,0.113479006700663,-0.0482191949425936));
#2671=CARTESIAN_POINT('',(-0.0307136994433515,0.11375183327048,-0.0481399950088727));
#2672=CARTESIAN_POINT('',(-0.0307136994433515,0.115080329011295,-0.0478073925331326));
#2673=CARTESIAN_POINT('',(-0.0307136994433515,0.116033369720631,-0.0477347745363258));
#2674=CARTESIAN_POINT('',(-0.0307136994433515,0.117319353504179,-0.0476964326433302));
#2675=CARTESIAN_POINT('',(-0.0307136994433515,0.117581826672297,-0.0476903701548157));
#2676=CARTESIAN_POINT('',(-0.0307136994433515,0.119189468023568,-0.0476798554065291));
#2677=CARTESIAN_POINT('',(-0.0307136994433515,0.120659045257431,-0.0477915805603003));
#2678=CARTESIAN_POINT('',(-0.0307136994433515,0.122163268570829,-0.0485848059345929));
#2679=CARTESIAN_POINT('',(-0.0296116502718968,0.026,-0.0547011437649929));
#2680=CARTESIAN_POINT('',(-0.0296116502718968,0.0341594811248856,-0.0531436966817518));
#2681=CARTESIAN_POINT('',(-0.0296116502718968,0.0423967735591127,-0.0516148118196527));
#2682=CARTESIAN_POINT('',(-0.0296116502718968,0.0513627630964392,-0.0498117136766167));
#2683=CARTESIAN_POINT('',(-0.0296116502718968,0.0528262314827082,-0.0495118064210222));
#2684=CARTESIAN_POINT('',(-0.0296116502718968,0.0592460136458949,-0.0481712596019776));
#2685=CARTESIAN_POINT('',(-0.0296116502718968,0.0638024519828548,-0.047180571550154));
#2686=CARTESIAN_POINT('',(-0.0296116502718968,0.068689823898869,-0.0470564402647691));
#2687=CARTESIAN_POINT('',(-0.0296116502718968,0.0692950142553219,-0.0470599148768553));
#2688=CARTESIAN_POINT('',(-0.0296116502718968,0.0734952557505269,-0.0471861729246124));
#2689=CARTESIAN_POINT('',(-0.0296116502718968,0.076910008819713,-0.0478095509037023));
#2690=CARTESIAN_POINT('',(-0.0296116502718968,0.0808260696836073,-0.0478148053650717));
#2691=CARTESIAN_POINT('',(-0.0296116502718968,0.081384122060168,-0.0477971543300625));
#2692=CARTESIAN_POINT('',(-0.0296116502718968,0.0852748483452956,-0.0475610975600499));
#2693=CARTESIAN_POINT('',(-0.0296116502718968,0.0885267834860501,-0.0467935596665862));
#2694=CARTESIAN_POINT('',(-0.0296116502718968,0.0919511224032838,-0.046135297231919));
#2695=CARTESIAN_POINT('',(-0.0296116502718968,0.0924312241452611,-0.0460472334723715));
#2696=CARTESIAN_POINT('',(-0.0296116502718968,0.0947868891045805,-0.0456478040210779));
#2697=CARTESIAN_POINT('',(-0.0296116502718968,0.0965319510637483,-0.0454545721382344));
#2698=CARTESIAN_POINT('',(-0.0296116502718968,0.0986265616554606,-0.0454595406286904));
#2699=CARTESIAN_POINT('',(-0.0296116502718968,0.0990411500228781,-0.0454728678228488));
#2700=CARTESIAN_POINT('',(-0.0296116502718968,0.102331898130247,-0.0456868186873127));
#2701=CARTESIAN_POINT('',(-0.0296116502718968,0.105049794620991,-0.0465217478455203));
#2702=CARTESIAN_POINT('',(-0.0296116502718968,0.10819573995326,-0.0465072797428215));
#2703=CARTESIAN_POINT('',(-0.0296116502718968,0.108871809521025,-0.0464339021706189));
#2704=CARTESIAN_POINT('',(-0.0296116502718968,0.111149204679854,-0.0460340190518983));
#2705=CARTESIAN_POINT('',(-0.0296116502718968,0.112619873938364,-0.0454934232955608));
#2706=CARTESIAN_POINT('',(-0.0296116502718968,0.114180182633525,-0.0450929503901879));
#2707=CARTESIAN_POINT('',(-0.0296116502718968,0.114433060690109,-0.0450352635738504));
#2708=CARTESIAN_POINT('',(-0.0296116502718968,0.115669823906143,-0.0447912352113363));
#2709=CARTESIAN_POINT('',(-0.0296116502718968,0.116573772333353,-0.0447316434872307));
#2710=CARTESIAN_POINT('',(-0.0296116502718968,0.117780476612273,-0.0446988073037826));
#2711=CARTESIAN_POINT('',(-0.0296116502718968,0.118026028713566,-0.0446936244881319));
#2712=CARTESIAN_POINT('',(-0.0296116502718968,0.119527208743307,-0.044682163212221));
#2713=CARTESIAN_POINT('',(-0.0296116502718968,0.120889631140012,-0.0447631836930458));
#2714=CARTESIAN_POINT('',(-0.0296116502718968,0.12233580392009,-0.0453241076827374));
#2715=CARTESIAN_POINT('',(-0.02879633526638,0.026,-0.0532036192803386));
#2716=CARTESIAN_POINT('',(-0.02879633526638,0.034156070420562,-0.0516011997185658));
#2717=CARTESIAN_POINT('',(-0.02879633526638,0.0423287990378784,-0.0500996073477909));
#2718=CARTESIAN_POINT('',(-0.02879633526638,0.051320101668519,-0.0483954901951237));
#2719=CARTESIAN_POINT('',(-0.02879633526638,0.0527912656736057,-0.0481143814122014));
#2720=CARTESIAN_POINT('',(-0.02879633526638,0.0592658827211898,-0.046866817937578));
#2721=CARTESIAN_POINT('',(-0.02879633526638,0.063916856081107,-0.0459654862544296));
#2722=CARTESIAN_POINT('',(-0.02879633526638,0.0689209851066129,-0.0457548259642419));
#2723=CARTESIAN_POINT('',(-0.02879633526638,0.069540929389966,-0.045743905790402));
#2724=CARTESIAN_POINT('',(-0.02879633526638,0.0738444844824092,-0.0457508029005226));
#2725=CARTESIAN_POINT('',(-0.02879633526638,0.0773479444783807,-0.0461781545139927));
#2726=CARTESIAN_POINT('',(-0.02879633526638,0.0813280753910193,-0.0461215958491503));
#2727=CARTESIAN_POINT('',(-0.02879633526638,0.0818942932785003,-0.0460993446234186));
#2728=CARTESIAN_POINT('',(-0.02879633526638,0.0858363032555559,-0.0458571152821885));
#2729=CARTESIAN_POINT('',(-0.02879633526638,0.0891025203091934,-0.0452153137285208));
#2730=CARTESIAN_POINT('',(-0.02879633526638,0.0925586735601474,-0.0446619970051201));
#2731=CARTESIAN_POINT('',(-0.02879633526638,0.0930437424608046,-0.0445878623381835));
#2732=CARTESIAN_POINT('',(-0.02879633526638,0.095426065873075,-0.0442503371057886));
#2733=CARTESIAN_POINT('',(-0.02879633526638,0.0971974322580567,-0.0440828184232211));
#2734=CARTESIAN_POINT('',(-0.02879633526638,0.0993099911365568,-0.0440699635783855));
#2735=CARTESIAN_POINT('',(-0.02879633526638,0.0997274221053136,-0.0440772261500047));
#2736=CARTESIAN_POINT('',(-0.02879633526638,0.103032829937594,-0.0442206818671994));
#2737=CARTESIAN_POINT('',(-0.02879633526638,0.105714589515936,-0.0448613678824258));
#2738=CARTESIAN_POINT('',(-0.02879633526638,0.108766837471812,-0.0448264122332475));
#2739=CARTESIAN_POINT('',(-0.02879633526638,0.109418998719815,-0.0447632242247899));
#2740=CARTESIAN_POINT('',(-0.02879633526638,0.111607965086922,-0.044429185368173));
#2741=CARTESIAN_POINT('',(-0.02879633526638,0.113007184163988,-0.0439895268122965));
#2742=CARTESIAN_POINT('',(-0.02879633526638,0.114506241609482,-0.043660269111111));
#2743=CARTESIAN_POINT('',(-0.02879633526638,0.114749803132019,-0.0436126215584596));
#2744=CARTESIAN_POINT('',(-0.02879633526638,0.115943721697133,-0.0434099268266538));
#2745=CARTESIAN_POINT('',(-0.02879633526638,0.1168247314812,-0.0433564132654378));
#2746=CARTESIAN_POINT('',(-0.02879633526638,0.117994402518605,-0.0433261454576482));
#2747=CARTESIAN_POINT('',(-0.02879633526638,0.118232050894174,-0.0433213729649079));
#2748=CARTESIAN_POINT('',(-0.02879633526638,0.119683505606641,-0.0433094688295491));
#2749=CARTESIAN_POINT('',(-0.02879633526638,0.120995886273318,-0.0433761595075352));
#2750=CARTESIAN_POINT('',(-0.02879633526638,0.122414932665158,-0.0438286752289492));
#2751=CARTESIAN_POINT('',(-0.026760013919724,0.026,-0.0507044976276246));
#2752=CARTESIAN_POINT('',(-0.026760013919724,0.0341500361843885,-0.0490249774360891));
#2753=CARTESIAN_POINT('',(-0.026760013919724,0.0422118966582389,-0.047570167241019));
#2754=CARTESIAN_POINT('',(-0.026760013919724,0.0512463683857612,-0.0460357258433912));
#2755=CARTESIAN_POINT('',(-0.026760013919724,0.0527306874173547,-0.0457868420231655));
#2756=CARTESIAN_POINT('',(-0.026760013919724,0.0592991385408771,-0.0446986741104983));
#2757=CARTESIAN_POINT('',(-0.0267600139197241,0.0641120408200169,-0.043950521307055));
#2758=CARTESIAN_POINT('',(-0.026760013919724,0.0693161750387848,-0.0435915216182385));
#2759=CARTESIAN_POINT('',(-0.026760013919724,0.0699613930368049,-0.0435559241732975));
#2760=CARTESIAN_POINT('',(-0.026760013919724,0.0744419260329519,-0.0433581990665882));
#2761=CARTESIAN_POINT('',(-0.026760013919724,0.0780973426575845,-0.0434495025104855));
#2762=CARTESIAN_POINT('',(-0.026760013919724,0.0821871768193653,-0.043286975019827));
#2763=CARTESIAN_POINT('',(-0.0267600139197241,0.0827673739941194,-0.0432568372576288));
#2764=CARTESIAN_POINT('',(-0.0267600139197241,0.0867971677514896,-0.0430040228991444));
#2765=CARTESIAN_POINT('',(-0.026760013919724,0.09008775569567,-0.0425777663851878));
#2766=CARTESIAN_POINT('',(-0.026760013919724,0.093598316684297,-0.0422043531287911));
#2767=CARTESIAN_POINT('',(-0.026760013919724,0.0940918819826722,-0.0421540964111022));
#2768=CARTESIAN_POINT('',(-0.026760013919724,0.0965198119427634,-0.0419226902206797));
#2769=CARTESIAN_POINT('',(-0.026760013919724,0.0983361967033499,-0.0417992493291025));
#2770=CARTESIAN_POINT('',(-0.026760013919724,0.100479430416248,-0.0417558377190555));
#2771=CARTESIAN_POINT('',(-0.026760013919724,0.100901715684425,-0.0417527032996654));
#2772=CARTESIAN_POINT('',(-0.026760013919724,0.104232104622117,-0.0417753062311464));
#2773=CARTESIAN_POINT('',(-0.026760013919724,0.106851784087636,-0.0420830005346664));
#2774=CARTESIAN_POINT('',(-0.026760013919724,0.109743239386666,-0.0420129189201859));
#2775=CARTESIAN_POINT('',(-0.026760013919724,0.110354377480753,-0.0419671977448352));
#2776=CARTESIAN_POINT('',(-0.026760013919724,0.112391620513346,-0.0417460312995147));
#2777=CARTESIAN_POINT('',(-0.0267600139197241,0.113668259907842,-0.0414794054682887));
#2778=CARTESIAN_POINT('',(-0.026760013919724,0.115062202822364,-0.0412722280029138));
#2779=CARTESIAN_POINT('',(-0.026760013919724,0.11528977441223,-0.0412417901213536));
#2780=CARTESIAN_POINT('',(-0.026760013919724,0.1164101513471,-0.0411099505660509));
#2781=CARTESIAN_POINT('',(-0.026760013919724,0.117251762817131,-0.0410668547317338));
#2782=CARTESIAN_POINT('',(-0.026760013919724,0.118357854640415,-0.0410409873775048));
#2783=CARTESIAN_POINT('',(-0.026760013919724,0.11858193504044,-0.0410369178002398));
#2784=CARTESIAN_POINT('',(-0.026760013919724,0.11994803396318,-0.0410242515058884));
#2785=CARTESIAN_POINT('',(-0.026760013919724,0.121174535149712,-0.0410663743314397));
#2786=CARTESIAN_POINT('',(-0.026760013919724,0.122546985504477,-0.0413330448310954));
#2787=CARTESIAN_POINT('',(-0.0255398087840799,0.026,-0.0497038837572175));
#2788=CARTESIAN_POINT('',(-0.0255398087840799,0.0341474099464368,-0.0479922353429065));
#2789=CARTESIAN_POINT('',(-0.0255398087840799,0.0421629633876303,-0.0465569147606722));
#2790=CARTESIAN_POINT('',(-0.0255398087840799,0.0512152878713982,-0.0450931680418614));
#2791=CARTESIAN_POINT('',(-0.0255398087840799,0.0527050657694602,-0.0448577106973511));
#2792=CARTESIAN_POINT('',(-0.0255398087840799,0.0593125136490322,-0.0438359549378284));
#2793=CARTESIAN_POINT('',(-0.0255398087840799,0.0641928079301659,-0.0431516245953334));
#2794=CARTESIAN_POINT('',(-0.0255398087840799,0.0694801880678227,-0.0427308144554555));
#2795=CARTESIAN_POINT('',(-0.0255398087840799,0.0701359255829994,-0.0426849345181848));
#2796=CARTESIAN_POINT('',(-0.0255398087840799,0.0746901209913409,-0.0424019480822009));
#2797=CARTESIAN_POINT('',(-0.0255398087840799,0.0784087856941879,-0.0423532296792182));
#2798=CARTESIAN_POINT('',(-0.0255398087840799,0.0825442511620958,-0.042146546438874));
#2799=CARTESIAN_POINT('',(-0.0255398087840799,0.0831302618425923,-0.0421131223237774));
#2800=CARTESIAN_POINT('',(-0.0255398087840799,0.0871965537940782,-0.0418558954691749));
#2801=CARTESIAN_POINT('',(-0.0255398087840799,0.090497229092257,-0.0415194476122067));
#2802=CARTESIAN_POINT('',(-0.0255398087840799,0.0940303815905656,-0.041220992061466));
#2803=CARTESIAN_POINT('',(-0.0255398087840799,0.0945274758573686,-0.0411806841932596));
#2804=CARTESIAN_POINT('',(-0.0255398087840799,0.0969743525592789,-0.0409934927901383));
#2805=CARTESIAN_POINT('',(-0.0255398087840799,0.0988094501872157,-0.0408884164606572));
#2806=CARTESIAN_POINT('',(-0.0255398087840799,0.100965409094674,-0.0408322713849184));
#2807=CARTESIAN_POINT('',(-0.0255398087840799,0.10138970579032,-0.0408248045899035));
#2808=CARTESIAN_POINT('',(-0.0255398087840799,0.10473041394363,-0.0407970498257042));
#2809=CARTESIAN_POINT('',(-0.0255398087840799,0.107324148314458,-0.0409659955104177));
#2810=CARTESIAN_POINT('',(-0.0255398087840799,0.110148505897544,-0.0408812754127243));
#2811=CARTESIAN_POINT('',(-0.0255398087840799,0.110742528616257,-0.0408428314924266));
#2812=CARTESIAN_POINT('',(-0.0255398087840799,0.112716475211787,-0.0406686931462174));
#2813=CARTESIAN_POINT('',(-0.0255398087840799,0.113941983752105,-0.0404741628034085));
#2814=CARTESIAN_POINT('',(-0.0255398087840799,0.115292061761661,-0.04031785032673));
#2815=CARTESIAN_POINT('',(-0.0255398087840799,0.115512959682294,-0.0402945828454203));
#2816=CARTESIAN_POINT('',(-0.0255398087840799,0.116602638284789,-0.04019226480014));
#2817=CARTESIAN_POINT('',(-0.0255398087840799,0.117427789001487,-0.0401535085012143));
#2818=CARTESIAN_POINT('',(-0.0255398087840799,0.118507333499114,-0.0401294731891149));
#2819=CARTESIAN_POINT('',(-0.0255398087840799,0.118725749378708,-0.0401256961972605));
#2820=CARTESIAN_POINT('',(-0.0255398087840799,0.120056216205333,-0.0401127105604374));
#2821=CARTESIAN_POINT('',(-0.0255398087840799,0.121246878288699,-0.0401445953006206));
#2822=CARTESIAN_POINT('',(-0.0255398087840799,0.122599857641576,-0.0403338288110228));
#2823=CARTESIAN_POINT('',(-0.0228792267279521,0.026,-0.0483513688649777));
#2824=CARTESIAN_POINT('',(-0.0228792267279521,0.0341436001658937,-0.0465947374212313));
#2825=CARTESIAN_POINT('',(-0.0228792267279521,0.0420941907139569,-0.0451866987794174));
#2826=CARTESIAN_POINT('',(-0.0228792267279521,0.0511713493995756,-0.0438219203898909));
#2827=CARTESIAN_POINT('',(-0.0228792267279521,0.0526687431012115,-0.043605259407872));
#2828=CARTESIAN_POINT('',(-0.0228792267279521,0.0593306666965833,-0.0426764774969573));
#2829=CARTESIAN_POINT('',(-0.0228792267279521,0.0643052166473206,-0.042081496137505));
#2830=CARTESIAN_POINT('',(-0.0228792267279521,0.0697090346334936,-0.0415741485521012));
#2831=CARTESIAN_POINT('',(-0.0228792267279521,0.0703794861679486,-0.0415138727738142));
#2832=CARTESIAN_POINT('',(-0.0228792267279521,0.0750367158201746,-0.0411115180145612));
#2833=CARTESIAN_POINT('',(-0.0228792267279521,0.0788438480040754,-0.0408667669154165));
#2834=CARTESIAN_POINT('',(-0.0228792267279521,0.0830431041673738,-0.0405982631632278));
#2835=CARTESIAN_POINT('',(-0.0228792267279521,0.0836372404511686,-0.0405602378023183));
#2836=CARTESIAN_POINT('',(-0.0228792267279521,0.0877545367412287,-0.0402968309908657));
#2837=CARTESIAN_POINT('',(-0.0228792267279521,0.0910692545065592,-0.0400861131431514));
#2838=CARTESIAN_POINT('',(-0.0228792267279521,0.0946339419852344,-0.0398925959180446));
#2839=CARTESIAN_POINT('',(-0.0228792267279521,0.0951359635030953,-0.0398662160873586));
#2840=CARTESIAN_POINT('',(-0.0228792267279521,0.0976092991198469,-0.0397409236276842));
#2841=CARTESIAN_POINT('',(-0.0228792267279521,0.0994705415431099,-0.0396615562781178));
#2842=CARTESIAN_POINT('',(-0.0228792267279521,0.101644249199246,-0.0395875825916354));
#2843=CARTESIAN_POINT('',(-0.0228792267279521,0.10207134858861,-0.0395740501189909));
#2844=CARTESIAN_POINT('',(-0.0228792267279521,0.105426397205856,-0.0394757917667996));
#2845=CARTESIAN_POINT('',(-0.0228792267279521,0.107983715310928,-0.0394504869228991));
#2846=CARTESIAN_POINT('',(-0.0228792267279521,0.110714016349023,-0.0393452697829129));
#2847=CARTESIAN_POINT('',(-0.0228792267279521,0.11128405093273,-0.0393170133161795));
#2848=CARTESIAN_POINT('',(-0.0228792267279521,0.113169289383184,-0.0392087118464414));
#2849=CARTESIAN_POINT('',(-0.0228792267279521,0.114323148203949,-0.0391151134286416));
#2850=CARTESIAN_POINT('',(-0.0228792267279521,0.115611735518106,-0.0390300098256083));
#2851=CARTESIAN_POINT('',(-0.0228792267279521,0.11582327699707,-0.0390167805528944));
#2852=CARTESIAN_POINT('',(-0.0228792267279521,0.116869911410535,-0.0389557908628707));
#2853=CARTESIAN_POINT('',(-0.0228792267279521,0.117671963853602,-0.038923108506473));
#2854=CARTESIAN_POINT('',(-0.0228792267279521,0.118714275571604,-0.0389016362945802));
#2855=CARTESIAN_POINT('',(-0.0228792267279521,0.118924747817853,-0.0388982685705457));
#2856=CARTESIAN_POINT('',(-0.0228792267279521,0.120205249881473,-0.0388848337437327));
#2857=CARTESIAN_POINT('',(-0.0228792267279521,0.1213456706967,-0.0389023834056252));
#2858=CARTESIAN_POINT('',(-0.0228792267279521,0.122671324123229,-0.038983203372298));
#2859=CARTESIAN_POINT('',(-0.0214398966328954,0.026,-0.048));
#2860=CARTESIAN_POINT('',(-0.0214398966328954,0.0341424151587706,-0.0462305137108739));
#2861=CARTESIAN_POINT('',(-0.0214398966328954,0.0420743483818286,-0.0448302673579249));
#2862=CARTESIAN_POINT('',(-0.0214398966328954,0.0511584867556146,-0.043493762572402));
#2863=CARTESIAN_POINT('',(-0.0214398966328954,0.0526580371014495,-0.0432824714694153));
#2864=CARTESIAN_POINT('',(-0.0214398966328954,0.0593354383384929,-0.042380251219116));
#2865=CARTESIAN_POINT('',(-0.0214398966328954,0.064336850931668,-0.0418107963546544));
#2866=CARTESIAN_POINT('',(-0.0214398966328954,0.0697738596758427,-0.0412787217438105));
#2867=CARTESIAN_POINT('',(-0.0214398966328954,0.070448505565966,-0.0412143326129647));
#2868=CARTESIAN_POINT('',(-0.0214398966328954,0.0751351060247101,-0.0407778708326132));
#2869=CARTESIAN_POINT('',(-0.0214398966328954,0.0789674567327313,-0.0404771088609549));
#2870=CARTESIAN_POINT('',(-0.0214398966328954,0.0831848712601207,-0.0401909403195034));
#2871=CARTESIAN_POINT('',(-0.0214398966328954,0.0837813194950184,-0.0401516000618076));
#2872=CARTESIAN_POINT('',(-0.0214398966328954,0.087913120904365,-0.0398864257625191));
#2873=CARTESIAN_POINT('',(-0.0214398966328953,0.0912317929041295,-0.0397116292438385));
#2874=CARTESIAN_POINT('',(-0.0214398966328954,0.0948054228283175,-0.0395480926116056));
#2875=CARTESIAN_POINT('',(-0.0214398966328954,0.0953088424823554,-0.0395256919650857));
#2876=CARTESIAN_POINT('',(-0.0214398966328954,0.0977896895398634,-0.039418083642197));
#2877=CARTESIAN_POINT('',(-0.0214398966328954,0.0996583633052894,-0.0393460606949613));
#2878=CARTESIAN_POINT('',(-0.0214398966328954,0.101837093783278,-0.0392669918440673));
#2879=CARTESIAN_POINT('',(-0.0214398966328954,0.102264984292436,-0.0392517260655461));
#2880=CARTESIAN_POINT('',(-0.0214398966328954,0.105624052986376,-0.0391333217900671));
#2881=CARTESIAN_POINT('',(-0.0214398966328954,0.108170898895211,-0.0390525150092555));
#2882=CARTESIAN_POINT('',(-0.0214398966328954,0.11087423978618,-0.0389414392753416));
#2883=CARTESIAN_POINT('',(-0.0214398966328954,0.111437401317349,-0.0389160929993755));
#2884=CARTESIAN_POINT('',(-0.0214398966328954,0.113297227034618,-0.0388266002798934));
#2885=CARTESIAN_POINT('',(-0.0214398966328954,0.114430566257741,-0.0387618382793257));
#2886=CARTESIAN_POINT('',(-0.0214398966328954,0.115701526902746,-0.0386970785380093));
#2887=CARTESIAN_POINT('',(-0.0214398966328954,0.115910385462822,-0.0386867170697687));
#2888=CARTESIAN_POINT('',(-0.0214398966328954,0.116944673287366,-0.0386375342056192));
#2889=CARTESIAN_POINT('',(-0.0214398966328954,0.117740087624323,-0.0386065862408703));
#2890=CARTESIAN_POINT('',(-0.0214398966328954,0.118771713156091,-0.0385858450676947));
#2891=CARTESIAN_POINT('',(-0.0214398966328954,0.118979906142973,-0.0385825940221975));
#2892=CARTESIAN_POINT('',(-0.0214398966328954,0.120246074660982,-0.0385690293246342));
#2893=CARTESIAN_POINT('',(-0.0214398966328954,0.121372092578971,-0.0385824819742446));
#2894=CARTESIAN_POINT('',(-0.0214398966328954,0.122689890348774,-0.0386323253670815));
#2895=CARTESIAN_POINT('',(-0.02,0.026,-0.048));
#2896=CARTESIAN_POINT('',(-0.02,0.0341424151587706,-0.0462305137108739));
#2897=CARTESIAN_POINT('',(-0.02,0.0420743483818286,-0.0448302673579249));
#2898=CARTESIAN_POINT('',(-0.02,0.0511584867556146,-0.043493762572402));
#2899=CARTESIAN_POINT('',(-0.02,0.0526580371014495,-0.0432824714694153));
#2900=CARTESIAN_POINT('',(-0.02,0.0593354383384929,-0.042380251219116));
#2901=CARTESIAN_POINT('',(-0.02,0.064336850931668,-0.0418107963546544));
#2902=CARTESIAN_POINT('',(-0.02,0.0697738596758427,-0.0412787217438105));
#2903=CARTESIAN_POINT('',(-0.02,0.070448505565966,-0.0412143326129647));
#2904=CARTESIAN_POINT('',(-0.02,0.0751351060247101,-0.0407778708326132));
#2905=CARTESIAN_POINT('',(-0.02,0.0789674567327313,-0.0404771088609549));
#2906=CARTESIAN_POINT('',(-0.02,0.0831848712601207,-0.0401909403195034));
#2907=CARTESIAN_POINT('',(-0.02,0.0837813194950184,-0.0401516000618076));
#2908=CARTESIAN_POINT('',(-0.02,0.087913120904365,-0.0398864257625191));
#2909=CARTESIAN_POINT('',(-0.02,0.0912317929041295,-0.0397116292438385));
#2910=CARTESIAN_POINT('',(-0.02,0.0948054228283175,-0.0395480926116056));
#2911=CARTESIAN_POINT('',(-0.02,0.0953088424823554,-0.0395256919650857));
#2912=CARTESIAN_POINT('',(-0.02,0.0977896895398634,-0.039418083642197));
#2913=CARTESIAN_POINT('',(-0.02,0.0996583633052894,-0.0393460606949613));
#2914=CARTESIAN_POINT('',(-0.02,0.101837093783278,-0.0392669918440673));
#2915=CARTESIAN_POINT('',(-0.02,0.102264984292436,-0.0392517260655461));
#2916=CARTESIAN_POINT('',(-0.02,0.105624052986376,-0.0391333217900671));
#2917=CARTESIAN_POINT('',(-0.02,0.108170898895211,-0.0390525150092555));
#2918=CARTESIAN_POINT('',(-0.02,0.11087423978618,-0.0389414392753416));
#2919=CARTESIAN_POINT('',(-0.02,0.111437401317349,-0.0389160929993755));
#2920=CARTESIAN_POINT('',(-0.02,0.113297227034618,-0.0388266002798934));
#2921=CARTESIAN_POINT('',(-0.02,0.114430566257741,-0.0387618382793257));
#2922=CARTESIAN_POINT('',(-0.02,0.115701526902746,-0.0386970785380093));
#2923=CARTESIAN_POINT('',(-0.02,0.115910385462822,-0.0386867170697687));
#2924=CARTESIAN_POINT('',(-0.02,0.116944673287366,-0.0386375342056192));
#2925=CARTESIAN_POINT('',(-0.02,0.117740087624323,-0.0386065862408703));
#2926=CARTESIAN_POINT('',(-0.02,0.118771713156091,-0.0385858450676947));
#2927=CARTESIAN_POINT('',(-0.02,0.118979906142973,-0.0385825940221975));
#2928=CARTESIAN_POINT('',(-0.02,0.120246074660982,-0.0385690293246342));
#2929=CARTESIAN_POINT('',(-0.02,0.121372092578971,-0.0385824819742446));
#2930=CARTESIAN_POINT('',(-0.02,0.122689890348774,-0.0386323253670815));
#2931=CARTESIAN_POINT('',(-0.02,0.121976554393768,-0.0521134659647941));
#2932=CARTESIAN_POINT('',(-0.02,0.122689890348774,-0.0386323253670815));
#2933=CARTESIAN_POINT('',(-0.02,0.121263218438762,-0.0655946065625068));
#2934=CARTESIAN_POINT('',(-0.02,0.121976554393768,-0.0521134659647941));
#2935=CARTESIAN_POINT('',(-0.02,0.026,-0.0615));
#2936=CARTESIAN_POINT('',(-0.02,0.026,-0.048));
#2937=CARTESIAN_POINT('',(-0.02,0.026,-0.0615));
#2938=CARTESIAN_POINT('',(-0.02,0.026,-0.075));
#2939=CARTESIAN_POINT('',(-0.02,0.026,-0.0615));
#2940=CARTESIAN_POINT('',(-0.02,0.121976554393768,-0.0521134659647941));
#2941=CARTESIAN_POINT('',(-0.0101959816053899,0.,-0.0676217691426421));
#2942=CARTESIAN_POINT('',(-0.0101959816053899,0.026,-0.0676217691426421));
#2943=CARTESIAN_POINT('',(-0.011306227970683,0.,-0.0702998809005614));
#2944=CARTESIAN_POINT('',(-0.011306227970683,0.026,-0.0702998809005614));
#2945=CARTESIAN_POINT('',(-0.0150342568976046,0.,-0.074701176711228));
#2946=CARTESIAN_POINT('',(-0.0150342568976046,0.026,-0.074701176711228));
#2947=CARTESIAN_POINT('',(-0.022762673230037,0.,-0.0756406309837314));
#2948=CARTESIAN_POINT('',(-0.022762673230037,0.026,-0.0756406309837314));
#2949=CARTESIAN_POINT('',(-0.0293034863176646,0.,-0.0705038450613093));
#2950=CARTESIAN_POINT('',(-0.0293034863176646,0.026,-0.0705038450613093));
#2951=CARTESIAN_POINT('',(-0.0318482553883019,0.,-0.0615000057592232));
#2952=CARTESIAN_POINT('',(-0.0318482553883019,0.026,-0.0615000057592232));
#2953=CARTESIAN_POINT('',(-0.0293034921291229,0.,-0.0524961639832073));
#2954=CARTESIAN_POINT('',(-0.0293034921291229,0.026,-0.0524961639832073));
#2955=CARTESIAN_POINT('',(-0.0227626823569957,0.,-0.0473593717020443));
#2956=CARTESIAN_POINT('',(-0.0227626823569957,0.026,-0.0473593717020443));
#2957=CARTESIAN_POINT('',(-0.0150342654182022,0.,-0.0482988184612598));
#2958=CARTESIAN_POINT('',(-0.0150342654182022,0.026,-0.0482988184612598));
#2959=CARTESIAN_POINT('',(-0.0113062336504999,0.,-0.0527001106476699));
#2960=CARTESIAN_POINT('',(-0.0113062336504999,0.026,-0.0527001106476699));
#2961=CARTESIAN_POINT('',(-0.0101959855566409,0.,-0.0553782213262468));
#2962=CARTESIAN_POINT('',(-0.0101959855566409,0.026,-0.0553782213262468));
#2963=CARTESIAN_POINT('',(-0.02,0.0257172007113695,-0.0615));
#2964=CARTESIAN_POINT('',(-0.0308097400574546,0.0257172007113695,-0.064));
#2965=CARTESIAN_POINT('',(-0.0308097400574546,0.013,-0.064));
#2966=CARTESIAN_POINT('',(-0.033,0.0123,-0.046));
#2967=CARTESIAN_POINT('',(-0.033,-0.00497361412674019,-0.04128852));
#2968=CARTESIAN_POINT('',(-0.033,0.0123,-0.028));
#2969=CARTESIAN_POINT('',(-0.033,0.0123,-0.028));
#2970=CARTESIAN_POINT('',(-0.033,0.0339051015563045,-0.028));
#2971=CARTESIAN_POINT('',(-0.033,0.0257172007113695,-0.047993466258049));
#2972=CARTESIAN_POINT('',(-0.033,0.0257172007113695,-0.0559967331290245));
#2973=CARTESIAN_POINT('',(-0.033,0.0257172007113695,-0.064));
#2974=CARTESIAN_POINT('',(-0.033,0.0123,-0.064));
#2975=CARTESIAN_POINT('',(-0.021,0.0123,-0.064));
#2976=CARTESIAN_POINT('',(-0.009,0.0123,-0.064));
#2977=CARTESIAN_POINT('',(-0.008998,0.0257172007113695,-0.064));
#2978=CARTESIAN_POINT('',(-0.009,0.0123,-0.046));
#2979=CARTESIAN_POINT('',(-0.009,0.0257172007113695,-0.0559967331290245));
#2980=CARTESIAN_POINT('',(-0.009,0.0257172007113695,-0.047993466258049));
#2981=CARTESIAN_POINT('',(-0.009,0.0339051015563045,-0.028));
#2982=CARTESIAN_POINT('',(-0.009,0.0123,-0.028));
#2983=CARTESIAN_POINT('',(-0.009,0.0123,-0.028));
#2984=CARTESIAN_POINT('',(-0.009,-0.00497361412674013,-0.04128852));
#2985=CARTESIAN_POINT('',(-0.021,0.0123,-0.028));
#2986=CARTESIAN_POINT('',(-0.021,0.0123,-0.028));
#2987=CARTESIAN_POINT('',(-0.008998,0.0339051015563045,-0.028));
#2988=CARTESIAN_POINT('',(-0.008998,0.0257172007113695,-0.047993466258049));
#2989=CARTESIAN_POINT('',(-0.008998,0.0257172007113695,-0.0559967331290245));
#2990=CARTESIAN_POINT('',(-0.021,-0.00672361412674016,-0.026));
#2991=CARTESIAN_POINT('',(-0.021,-0.0130472282534803,-0.026));
#2992=CARTESIAN_POINT('',(-0.0106,-0.0130472282534803,-0.026));
#2993=CARTESIAN_POINT('',(-0.021,-0.00672361412674016,-0.04128852));
#2994=CARTESIAN_POINT('',(-0.029,-0.0130472282534803,-0.04128852));
#2995=CARTESIAN_POINT('',(-0.02675,-0.0130472282534803,-0.04128852));
#2996=CARTESIAN_POINT('',(-0.021,-0.0210472282534803,-0.04128852));
#2997=CARTESIAN_POINT('',(-0.01875,-0.0210472282534803,-0.04128852));
#2998=CARTESIAN_POINT('',(-0.013,-0.0130472282534803,-0.04128852));
#2999=CARTESIAN_POINT('',(-0.01075,-0.0130472282534803,-0.04128852));
#3000=CARTESIAN_POINT('',(-0.021,-0.00504722825348032,-0.04128852));
#3001=CARTESIAN_POINT('',(-0.01875,-0.00504722825348032,-0.04128852));
#3002=CARTESIAN_POINT('',(-0.021,-0.00504722825348032,-0.03128852));
#3003=CARTESIAN_POINT('',(-0.021,-0.00504722825348032,-0.03128852));
#3004=CARTESIAN_POINT('',(-0.01875,-0.00504722825348032,-0.03128852));
#3005=CARTESIAN_POINT('',(-0.021,-0.00672361412674016,-0.03128852));
#3006=CARTESIAN_POINT('',(-0.013,-0.0130472282534803,-0.03128852));
#3007=CARTESIAN_POINT('',(-0.013,-0.0130472282534803,-0.03128852));
#3008=CARTESIAN_POINT('',(-0.01075,-0.0130472282534803,-0.03128852));
#3009=CARTESIAN_POINT('',(-0.021,-0.00672361412674016,-0.03128852));
#3010=CARTESIAN_POINT('',(-0.021,-0.0210472282534803,-0.03128852));
#3011=CARTESIAN_POINT('',(-0.021,-0.0210472282534803,-0.03128852));
#3012=CARTESIAN_POINT('',(-0.01875,-0.0210472282534803,-0.03128852));
#3013=CARTESIAN_POINT('',(-0.021,-0.00672361412674016,-0.03128852));
#3014=CARTESIAN_POINT('',(-0.029,-0.0130472282534803,-0.03128852));
#3015=CARTESIAN_POINT('',(-0.029,-0.0130472282534803,-0.03128852));
#3016=CARTESIAN_POINT('',(-0.02675,-0.0130472282534803,-0.03128852));
#3017=CARTESIAN_POINT('',(-0.021,-0.00672361412674016,-0.03128852));
#3018=CARTESIAN_POINT('',(-0.021,-0.0130472282534803,-0.028));
#3019=CARTESIAN_POINT('',(-0.021,-0.0130472282534803,-0.028));
#3020=CARTESIAN_POINT('',(-0.0106,-0.0130472282534803,-0.028));
#3021=CARTESIAN_POINT('',(-0.021,-0.0130472282534803,-0.028));
#3022=CARTESIAN_POINT('',(-0.021,-0.0130472282534803,-0.028));
#3023=CARTESIAN_POINT('',(-0.017,-0.0130472282534803,-0.028));
#3024=CARTESIAN_POINT('',(-0.021,-0.0130472282534803,-0.03));
#3025=CARTESIAN_POINT('',(-0.021,-0.0130472282534803,-0.03));
#3026=CARTESIAN_POINT('',(-0.017,-0.0130472282534803,-0.03));
#3027=CARTESIAN_POINT('',(-0.021,-0.0130472282534803,-0.03));
#3028=MECHANICAL_DESIGN_GEOMETRIC_PRESENTATION_REPRESENTATION('',(#1050),
#3029);
#3029=(
GEOMETRIC_REPRESENTATION_CONTEXT(3)
GLOBAL_UNCERTAINTY_ASSIGNED_CONTEXT((#3030))
GLOBAL_UNIT_ASSIGNED_CONTEXT((#3033,#3032,#3031))
REPRESENTATION_CONTEXT('right holder','TOP_LEVEL_ASSEMBLY_PART')
);
#3030=UNCERTAINTY_MEASURE_WITH_UNIT(LENGTH_MEASURE(2.20433854072318E-5),
#3033,'DISTANCE_ACCURACY_VALUE','Maximum Tolerance applied to model');
#3031=(
NAMED_UNIT(*)
SI_UNIT($,.STERADIAN.)
SOLID_ANGLE_UNIT()
);
#3032=(
NAMED_UNIT(*)
PLANE_ANGLE_UNIT()
SI_UNIT($,.RADIAN.)
);
#3033=(
LENGTH_UNIT()
NAMED_UNIT(*)
SI_UNIT($,.METRE.)
);
#3034=PRODUCT_DEFINITION_SHAPE('','',#3035);
#3035=PRODUCT_DEFINITION('','',#3037,#3036);
#3036=PRODUCT_DEFINITION_CONTEXT('',#3043,'design');
#3037=PRODUCT_DEFINITION_FORMATION_WITH_SPECIFIED_SOURCE('','',#3039,
 .NOT_KNOWN.);
#3038=PRODUCT_RELATED_PRODUCT_CATEGORY('','',(#3039));
#3039=PRODUCT('right holder','right holder','right holder',(#3041));
#3040=PRODUCT_CATEGORY('','');
#3041=PRODUCT_CONTEXT('',#3043,'mechanical');
#3042=APPLICATION_PROTOCOL_DEFINITION('international standard',
'ap242_managed_model_based_3d_engineering',2020,#3043);
#3043=APPLICATION_CONTEXT('managed model based 3d engineering');
ENDSEC;
END-ISO-10303-21;
