ISO-10303-21;
HEADER;
/* Generated by software containing ST-Developer
 * from STEP Tools, Inc. (www.steptools.com) 
 */
/* OPTION: using custom renumber hook */

FILE_DESCRIPTION(
/* description */ ('STEP AP242 Edition 2',
'CAx-IF Rec.Pracs.---Representation and Presentation of Product Manufa
cturing Information (PMI)---4.0---2014-10-13',
'CAx-IF Rec.Pracs.---3D Tessellated Geometry---0.4---2014-09-14','2;1',
'CAx-IF Rec.Pracs.---User Defined Attributes---1.5---2016-08-15'),
/* implementation_level */ '2;1');

FILE_NAME(
/* name */ 'Vertical Backpack Panels - Back Panel',
/* time_stamp */ '2026-05-31T18:09:56Z',
/* author */ (''),
/* organization */ (''),
/* preprocessor_version */ 'ST-DEVELOPER v20',
/* originating_system */ 'ONSHAPE BY PTC INC, 1.215',
/* authorisation */ '  ');

FILE_SCHEMA (('AP242_MANAGED_MODEL_BASED_3D_ENGINEERING_MIM_LF { 1 0 10303 442 3 1 4 }'));
ENDSEC;

DATA;
#10=SHAPE_REPRESENTATION_RELATIONSHIP('','',#10409,#11);
#11=ADVANCED_BREP_SHAPE_REPRESENTATION('',(#10407),#17919);
#12=CONICAL_SURFACE('',#11346,0.002185,0.139626340159546);
#13=CONICAL_SURFACE('',#11347,0.002185,0.139626340159546);
#14=CONICAL_SURFACE('',#11348,0.002185,0.139626340159546);
#15=CONICAL_SURFACE('',#11349,0.002185,0.139626340159546);
#16=CONICAL_SURFACE('',#11350,0.002185,0.139626340159546);
#17=CONICAL_SURFACE('',#11351,0.002185,0.139626340159546);
#18=CONICAL_SURFACE('',#11352,0.002185,0.139626340159546);
#19=CONICAL_SURFACE('',#11353,0.002185,0.139626340159546);
#20=CONICAL_SURFACE('',#11354,0.002185,0.139626340159546);
#21=CONICAL_SURFACE('',#11355,0.002185,0.139626340159546);
#22=CONICAL_SURFACE('',#11356,0.002185,0.139626340159546);
#23=CONICAL_SURFACE('',#11357,0.002185,0.139626340159546);
#24=CONICAL_SURFACE('',#11358,0.002185,0.139626340159546);
#25=CONICAL_SURFACE('',#11359,0.002185,0.139626340159546);
#26=CONICAL_SURFACE('',#11360,0.002185,0.139626340159546);
#27=CONICAL_SURFACE('',#11361,0.002185,0.139626340159546);
#28=CONICAL_SURFACE('',#11362,0.002185,0.139626340159546);
#29=CONICAL_SURFACE('',#11363,0.002185,0.139626340159546);
#30=CONICAL_SURFACE('',#11364,0.002185,0.139626340159546);
#31=CONICAL_SURFACE('',#11365,0.002185,0.139626340159546);
#32=SPHERICAL_SURFACE('',#11118,0.005);
#33=SPHERICAL_SURFACE('',#11123,0.005);
#34=SPHERICAL_SURFACE('',#11125,0.005);
#35=SPHERICAL_SURFACE('',#11130,0.005);
#36=SPHERICAL_SURFACE('',#11196,0.015);
#37=SPHERICAL_SURFACE('',#11201,0.015);
#38=SPHERICAL_SURFACE('',#11205,0.015);
#39=SPHERICAL_SURFACE('',#11209,0.015);
#40=CYLINDRICAL_SURFACE('',#10782,0.0017859375);
#41=CYLINDRICAL_SURFACE('',#10784,0.0017859375);
#42=CYLINDRICAL_SURFACE('',#10786,0.0017859375);
#43=CYLINDRICAL_SURFACE('',#10788,0.0017859375);
#44=CYLINDRICAL_SURFACE('',#10790,0.0017859375);
#45=CYLINDRICAL_SURFACE('',#10792,0.0017859375);
#46=CYLINDRICAL_SURFACE('',#10794,0.0017859375);
#47=CYLINDRICAL_SURFACE('',#10796,0.0017859375);
#48=CYLINDRICAL_SURFACE('',#10798,0.0017859375);
#49=CYLINDRICAL_SURFACE('',#10800,0.0017859375);
#50=CYLINDRICAL_SURFACE('',#10802,0.002);
#51=CYLINDRICAL_SURFACE('',#10805,0.002);
#52=CYLINDRICAL_SURFACE('',#10808,0.002);
#53=CYLINDRICAL_SURFACE('',#10811,0.002);
#54=CYLINDRICAL_SURFACE('',#10814,0.002);
#55=CYLINDRICAL_SURFACE('',#10817,0.002);
#56=CYLINDRICAL_SURFACE('',#10820,0.002);
#57=CYLINDRICAL_SURFACE('',#10823,0.002);
#58=CYLINDRICAL_SURFACE('',#10826,0.002);
#59=CYLINDRICAL_SURFACE('',#10829,0.002);
#60=CYLINDRICAL_SURFACE('',#10832,0.002);
#61=CYLINDRICAL_SURFACE('',#10835,0.002);
#62=CYLINDRICAL_SURFACE('',#10838,0.002);
#63=CYLINDRICAL_SURFACE('',#10841,0.002);
#64=CYLINDRICAL_SURFACE('',#10844,0.002);
#65=CYLINDRICAL_SURFACE('',#10847,0.002);
#66=CYLINDRICAL_SURFACE('',#10850,0.002);
#67=CYLINDRICAL_SURFACE('',#10853,0.002);
#68=CYLINDRICAL_SURFACE('',#10856,0.002);
#69=CYLINDRICAL_SURFACE('',#10859,0.002);
#70=CYLINDRICAL_SURFACE('',#10862,0.002);
#71=CYLINDRICAL_SURFACE('',#10865,0.002);
#72=CYLINDRICAL_SURFACE('',#10868,0.002);
#73=CYLINDRICAL_SURFACE('',#10871,0.002);
#74=CYLINDRICAL_SURFACE('',#10874,0.002);
#75=CYLINDRICAL_SURFACE('',#10877,0.002);
#76=CYLINDRICAL_SURFACE('',#10880,0.002);
#77=CYLINDRICAL_SURFACE('',#10883,0.002);
#78=CYLINDRICAL_SURFACE('',#10886,0.002);
#79=CYLINDRICAL_SURFACE('',#10889,0.002);
#80=CYLINDRICAL_SURFACE('',#10892,0.002);
#81=CYLINDRICAL_SURFACE('',#10895,0.002);
#82=CYLINDRICAL_SURFACE('',#10898,0.002);
#83=CYLINDRICAL_SURFACE('',#10901,0.002);
#84=CYLINDRICAL_SURFACE('',#10904,0.002);
#85=CYLINDRICAL_SURFACE('',#10907,0.002);
#86=CYLINDRICAL_SURFACE('',#10910,0.002);
#87=CYLINDRICAL_SURFACE('',#10913,0.002);
#88=CYLINDRICAL_SURFACE('',#10916,0.002);
#89=CYLINDRICAL_SURFACE('',#10919,0.002);
#90=CYLINDRICAL_SURFACE('',#10922,0.01295);
#91=CYLINDRICAL_SURFACE('',#10927,0.01295);
#92=CYLINDRICAL_SURFACE('',#10930,0.01295);
#93=CYLINDRICAL_SURFACE('',#10933,0.01304);
#94=CYLINDRICAL_SURFACE('',#10936,0.01304);
#95=CYLINDRICAL_SURFACE('',#10939,0.01295);
#96=CYLINDRICAL_SURFACE('',#10942,0.01304);
#97=CYLINDRICAL_SURFACE('',#10945,0.01304);
#98=CYLINDRICAL_SURFACE('',#10954,0.01295);
#99=CYLINDRICAL_SURFACE('',#10957,0.01295);
#100=CYLINDRICAL_SURFACE('',#11096,0.00295);
#101=CYLINDRICAL_SURFACE('',#11099,0.00295);
#102=CYLINDRICAL_SURFACE('',#11102,0.00295);
#103=CYLINDRICAL_SURFACE('',#11105,0.00295);
#104=CYLINDRICAL_SURFACE('',#11108,0.00259);
#105=CYLINDRICAL_SURFACE('',#11110,0.00259);
#106=CYLINDRICAL_SURFACE('',#11112,0.005);
#107=CYLINDRICAL_SURFACE('',#11115,0.005);
#108=CYLINDRICAL_SURFACE('',#11121,0.005);
#109=CYLINDRICAL_SURFACE('',#11128,0.005);
#110=CYLINDRICAL_SURFACE('',#11135,0.015);
#111=CYLINDRICAL_SURFACE('',#11138,0.015);
#112=CYLINDRICAL_SURFACE('',#11141,0.015);
#113=CYLINDRICAL_SURFACE('',#11144,0.005);
#114=CYLINDRICAL_SURFACE('',#11149,0.005);
#115=CYLINDRICAL_SURFACE('',#11188,0.005);
#116=CYLINDRICAL_SURFACE('',#11190,0.005);
#117=CYLINDRICAL_SURFACE('',#11192,0.015);
#118=CYLINDRICAL_SURFACE('',#11199,0.015);
#119=CYLINDRICAL_SURFACE('',#11203,0.015);
#120=CYLINDRICAL_SURFACE('',#11207,0.015);
#121=CYLINDRICAL_SURFACE('',#11211,0.015);
#122=CYLINDRICAL_SURFACE('',#11212,0.00304);
#123=CYLINDRICAL_SURFACE('',#11213,0.00304);
#124=CYLINDRICAL_SURFACE('',#11214,0.00304);
#125=CYLINDRICAL_SURFACE('',#11215,0.00304);
#126=CYLINDRICAL_SURFACE('',#11216,0.00259);
#127=CYLINDRICAL_SURFACE('',#11217,0.00259);
#128=CYLINDRICAL_SURFACE('',#11230,0.003);
#129=CYLINDRICAL_SURFACE('',#11231,0.003);
#130=CYLINDRICAL_SURFACE('',#11232,0.003);
#131=CYLINDRICAL_SURFACE('',#11233,0.003);
#132=CYLINDRICAL_SURFACE('',#11234,0.003);
#133=CYLINDRICAL_SURFACE('',#11235,0.003);
#134=CYLINDRICAL_SURFACE('',#11236,0.003);
#135=CYLINDRICAL_SURFACE('',#11237,0.003);
#136=CYLINDRICAL_SURFACE('',#11238,0.003);
#137=CYLINDRICAL_SURFACE('',#11239,0.003);
#138=CYLINDRICAL_SURFACE('',#11240,0.003);
#139=CYLINDRICAL_SURFACE('',#11241,0.003);
#140=CYLINDRICAL_SURFACE('',#11242,0.00295);
#141=CYLINDRICAL_SURFACE('',#11243,0.00295);
#142=CYLINDRICAL_SURFACE('',#11244,0.00295);
#143=CYLINDRICAL_SURFACE('',#11245,0.00295);
#144=CYLINDRICAL_SURFACE('',#11249,0.01304);
#145=CYLINDRICAL_SURFACE('',#11250,0.01304);
#146=CYLINDRICAL_SURFACE('',#11251,0.002);
#147=CYLINDRICAL_SURFACE('',#11252,0.002);
#148=CYLINDRICAL_SURFACE('',#11253,0.002);
#149=CYLINDRICAL_SURFACE('',#11254,0.002);
#150=CYLINDRICAL_SURFACE('',#11255,0.002);
#151=CYLINDRICAL_SURFACE('',#11259,0.01295);
#152=CYLINDRICAL_SURFACE('',#11260,0.01295);
#153=CYLINDRICAL_SURFACE('',#11262,0.002);
#154=CYLINDRICAL_SURFACE('',#11263,0.002);
#155=CYLINDRICAL_SURFACE('',#11264,0.002);
#156=CYLINDRICAL_SURFACE('',#11265,0.002);
#157=CYLINDRICAL_SURFACE('',#11266,0.002);
#158=CYLINDRICAL_SURFACE('',#11267,0.002);
#159=CYLINDRICAL_SURFACE('',#11272,0.01295);
#160=CYLINDRICAL_SURFACE('',#11275,0.01295);
#161=CYLINDRICAL_SURFACE('',#11276,0.002);
#162=CYLINDRICAL_SURFACE('',#11277,0.002);
#163=CYLINDRICAL_SURFACE('',#11278,0.002);
#164=CYLINDRICAL_SURFACE('',#11279,0.002);
#165=CYLINDRICAL_SURFACE('',#11280,0.002);
#166=CYLINDRICAL_SURFACE('',#11281,0.002);
#167=CYLINDRICAL_SURFACE('',#11282,0.002);
#168=CYLINDRICAL_SURFACE('',#11283,0.002);
#169=CYLINDRICAL_SURFACE('',#11292,0.002);
#170=CYLINDRICAL_SURFACE('',#11293,0.002);
#171=CYLINDRICAL_SURFACE('',#11294,0.002);
#172=CYLINDRICAL_SURFACE('',#11295,0.002);
#173=CYLINDRICAL_SURFACE('',#11296,0.002);
#174=CYLINDRICAL_SURFACE('',#11297,0.002);
#175=CYLINDRICAL_SURFACE('',#11298,0.002);
#176=CYLINDRICAL_SURFACE('',#11299,0.002);
#177=CYLINDRICAL_SURFACE('',#11303,0.01295);
#178=CYLINDRICAL_SURFACE('',#11304,0.01304);
#179=CYLINDRICAL_SURFACE('',#11305,0.01304);
#180=CYLINDRICAL_SURFACE('',#11306,0.01295);
#181=CYLINDRICAL_SURFACE('',#11307,0.002);
#182=CYLINDRICAL_SURFACE('',#11308,0.002);
#183=CYLINDRICAL_SURFACE('',#11309,0.002);
#184=CYLINDRICAL_SURFACE('',#11310,0.002);
#185=CYLINDRICAL_SURFACE('',#11311,0.002);
#186=CYLINDRICAL_SURFACE('',#11312,0.002);
#187=CYLINDRICAL_SURFACE('',#11313,0.002);
#188=CYLINDRICAL_SURFACE('',#11320,0.002);
#189=CYLINDRICAL_SURFACE('',#11321,0.002);
#190=CYLINDRICAL_SURFACE('',#11322,0.002);
#191=CYLINDRICAL_SURFACE('',#11323,0.002);
#192=CYLINDRICAL_SURFACE('',#11324,0.002);
#193=CYLINDRICAL_SURFACE('',#11325,0.002);
#194=CYLINDRICAL_SURFACE('',#11326,0.0017859375);
#195=CYLINDRICAL_SURFACE('',#11328,0.0017859375);
#196=CYLINDRICAL_SURFACE('',#11330,0.0017859375);
#197=CYLINDRICAL_SURFACE('',#11332,0.0017859375);
#198=CYLINDRICAL_SURFACE('',#11334,0.0017859375);
#199=CYLINDRICAL_SURFACE('',#11336,0.0017859375);
#200=CYLINDRICAL_SURFACE('',#11338,0.0017859375);
#201=CYLINDRICAL_SURFACE('',#11340,0.0017859375);
#202=CYLINDRICAL_SURFACE('',#11342,0.0017859375);
#203=CYLINDRICAL_SURFACE('',#11344,0.0017859375);
#204=CYLINDRICAL_SURFACE('',#11369,0.012185);
#205=CYLINDRICAL_SURFACE('',#11372,0.002);
#206=CYLINDRICAL_SURFACE('',#11373,0.002);
#207=CYLINDRICAL_SURFACE('',#11374,0.002);
#208=CYLINDRICAL_SURFACE('',#11375,0.002);
#209=CYLINDRICAL_SURFACE('',#11376,0.002);
#210=CYLINDRICAL_SURFACE('',#11377,0.002);
#211=CYLINDRICAL_SURFACE('',#11378,0.012185);
#212=CYLINDRICAL_SURFACE('',#11381,0.002);
#213=CYLINDRICAL_SURFACE('',#11382,0.002);
#214=CYLINDRICAL_SURFACE('',#11383,0.002);
#215=CYLINDRICAL_SURFACE('',#11384,0.012185);
#216=CYLINDRICAL_SURFACE('',#11386,0.012185);
#217=CYLINDRICAL_SURFACE('',#11387,0.002);
#218=CYLINDRICAL_SURFACE('',#11388,0.002);
#219=CYLINDRICAL_SURFACE('',#11389,0.002);
#220=CYLINDRICAL_SURFACE('',#11390,0.012185);
#221=CYLINDRICAL_SURFACE('',#11392,0.012185);
#222=CYLINDRICAL_SURFACE('',#11393,0.013);
#223=CYLINDRICAL_SURFACE('',#11395,0.002);
#224=CYLINDRICAL_SURFACE('',#11396,0.002);
#225=CYLINDRICAL_SURFACE('',#11397,0.002);
#226=CYLINDRICAL_SURFACE('',#11398,0.002);
#227=CYLINDRICAL_SURFACE('',#11399,0.002);
#228=CYLINDRICAL_SURFACE('',#11400,0.012185);
#229=CYLINDRICAL_SURFACE('',#11401,0.012185);
#230=CYLINDRICAL_SURFACE('',#11403,0.002);
#231=CYLINDRICAL_SURFACE('',#11404,0.002);
#232=CYLINDRICAL_SURFACE('',#11405,0.002);
#233=CYLINDRICAL_SURFACE('',#11406,0.012185);
#234=CYLINDRICAL_SURFACE('',#11407,0.012185);
#235=CYLINDRICAL_SURFACE('',#11409,0.002);
#236=CYLINDRICAL_SURFACE('',#11410,0.002);
#237=CYLINDRICAL_SURFACE('',#11411,0.002);
#238=CYLINDRICAL_SURFACE('',#11414,0.012185);
#239=CYLINDRICAL_SURFACE('',#11415,0.002);
#240=CYLINDRICAL_SURFACE('',#11416,0.002);
#241=CYLINDRICAL_SURFACE('',#11417,0.002);
#242=CYLINDRICAL_SURFACE('',#11419,0.012185);
#243=CYLINDRICAL_SURFACE('',#11420,0.012185);
#244=CYLINDRICAL_SURFACE('',#11421,0.002);
#245=CYLINDRICAL_SURFACE('',#11422,0.002);
#246=CYLINDRICAL_SURFACE('',#11423,0.002);
#247=CYLINDRICAL_SURFACE('',#11425,0.012185);
#248=CYLINDRICAL_SURFACE('',#11426,0.013);
#249=CYLINDRICAL_SURFACE('',#11429,0.002);
#250=CYLINDRICAL_SURFACE('',#11430,0.002);
#251=CYLINDRICAL_SURFACE('',#11431,0.002);
#252=CYLINDRICAL_SURFACE('',#11432,0.002);
#253=CYLINDRICAL_SURFACE('',#11433,0.002);
#254=CYLINDRICAL_SURFACE('',#11437,0.013);
#255=CYLINDRICAL_SURFACE('',#11438,0.012185);
#256=CYLINDRICAL_SURFACE('',#11439,0.002);
#257=CYLINDRICAL_SURFACE('',#11440,0.002);
#258=CYLINDRICAL_SURFACE('',#11441,0.002);
#259=CYLINDRICAL_SURFACE('',#11442,0.002);
#260=CYLINDRICAL_SURFACE('',#11443,0.002);
#261=CYLINDRICAL_SURFACE('',#11448,0.002);
#262=CYLINDRICAL_SURFACE('',#11449,0.002);
#263=CYLINDRICAL_SURFACE('',#11450,0.002);
#264=CYLINDRICAL_SURFACE('',#11451,0.002);
#265=CYLINDRICAL_SURFACE('',#11455,0.012185);
#266=CYLINDRICAL_SURFACE('',#11458,0.002);
#267=CYLINDRICAL_SURFACE('',#11459,0.002);
#268=CYLINDRICAL_SURFACE('',#11460,0.002);
#269=CYLINDRICAL_SURFACE('',#11461,0.002);
#270=CYLINDRICAL_SURFACE('',#11462,0.002);
#271=CYLINDRICAL_SURFACE('',#11463,0.002);
#272=CYLINDRICAL_SURFACE('',#11465,0.012185);
#273=CYLINDRICAL_SURFACE('',#11466,0.013);
#274=CYLINDRICAL_SURFACE('',#11467,0.012185);
#275=CYLINDRICAL_SURFACE('',#11469,0.002);
#276=CYLINDRICAL_SURFACE('',#11470,0.002);
#277=CYLINDRICAL_SURFACE('',#11471,0.002);
#278=CYLINDRICAL_SURFACE('',#11472,0.002);
#279=CYLINDRICAL_SURFACE('',#11473,0.002);
#280=CYLINDRICAL_SURFACE('',#11474,0.012185);
#281=CYLINDRICAL_SURFACE('',#11475,0.012185);
#282=CYLINDRICAL_SURFACE('',#11477,0.002);
#283=CYLINDRICAL_SURFACE('',#11478,0.002);
#284=CYLINDRICAL_SURFACE('',#11479,0.002);
#285=CYLINDRICAL_SURFACE('',#11480,0.012185);
#286=CYLINDRICAL_SURFACE('',#11481,0.012185);
#287=CYLINDRICAL_SURFACE('',#11483,0.002);
#288=CYLINDRICAL_SURFACE('',#11484,0.002);
#289=CYLINDRICAL_SURFACE('',#11485,0.002);
#290=CYLINDRICAL_SURFACE('',#11490,0.002);
#291=CYLINDRICAL_SURFACE('',#11491,0.002);
#292=CYLINDRICAL_SURFACE('',#11492,0.002);
#293=CYLINDRICAL_SURFACE('',#11493,0.002);
#294=CYLINDRICAL_SURFACE('',#11498,0.002);
#295=CYLINDRICAL_SURFACE('',#11499,0.002);
#296=CYLINDRICAL_SURFACE('',#11500,0.002);
#297=CYLINDRICAL_SURFACE('',#11501,0.002);
#298=CYLINDRICAL_SURFACE('',#11508,0.002);
#299=CYLINDRICAL_SURFACE('',#11509,0.002);
#300=CYLINDRICAL_SURFACE('',#11510,0.002);
#301=CYLINDRICAL_SURFACE('',#11511,0.002);
#302=CYLINDRICAL_SURFACE('',#11512,0.002);
#303=CYLINDRICAL_SURFACE('',#11513,0.002);
#304=CYLINDRICAL_SURFACE('',#11519,0.01259);
#305=CYLINDRICAL_SURFACE('',#11520,0.01259);
#306=CYLINDRICAL_SURFACE('',#11521,0.002);
#307=CYLINDRICAL_SURFACE('',#11522,0.002);
#308=CYLINDRICAL_SURFACE('',#11523,0.002);
#309=CYLINDRICAL_SURFACE('',#11524,0.002);
#310=CYLINDRICAL_SURFACE('',#11525,0.002);
#311=CYLINDRICAL_SURFACE('',#11526,0.002);
#312=CYLINDRICAL_SURFACE('',#11527,0.002);
#313=CYLINDRICAL_SURFACE('',#11533,0.01259);
#314=CYLINDRICAL_SURFACE('',#11534,0.01259);
#315=CYLINDRICAL_SURFACE('',#11535,0.002);
#316=CYLINDRICAL_SURFACE('',#11536,0.002);
#317=CYLINDRICAL_SURFACE('',#11537,0.002);
#318=CYLINDRICAL_SURFACE('',#11538,0.002);
#319=CYLINDRICAL_SURFACE('',#11539,0.002);
#320=CYLINDRICAL_SURFACE('',#11540,0.002);
#321=CYLINDRICAL_SURFACE('',#11541,0.002);
#322=CYLINDRICAL_SURFACE('',#11548,0.002);
#323=CYLINDRICAL_SURFACE('',#11549,0.002);
#324=CYLINDRICAL_SURFACE('',#11550,0.002);
#325=CYLINDRICAL_SURFACE('',#11551,0.002);
#326=CYLINDRICAL_SURFACE('',#11552,0.002);
#327=CYLINDRICAL_SURFACE('',#11553,0.002);
#328=CYLINDRICAL_SURFACE('',#11558,0.002);
#329=CYLINDRICAL_SURFACE('',#11559,0.002);
#330=CYLINDRICAL_SURFACE('',#11560,0.002);
#331=CYLINDRICAL_SURFACE('',#11561,0.002);
#332=CYLINDRICAL_SURFACE('',#11566,0.002);
#333=CYLINDRICAL_SURFACE('',#11567,0.002);
#334=CYLINDRICAL_SURFACE('',#11568,0.002);
#335=CYLINDRICAL_SURFACE('',#11569,0.002);
#336=CYLINDRICAL_SURFACE('',#11572,0.002);
#337=CYLINDRICAL_SURFACE('',#11573,0.002);
#338=CYLINDRICAL_SURFACE('',#11574,0.002);
#339=CYLINDRICAL_SURFACE('',#11580,0.01259);
#340=CYLINDRICAL_SURFACE('',#11581,0.01259);
#341=CYLINDRICAL_SURFACE('',#11582,0.002);
#342=CYLINDRICAL_SURFACE('',#11583,0.002);
#343=CYLINDRICAL_SURFACE('',#11584,0.002);
#344=CYLINDRICAL_SURFACE('',#11585,0.002);
#345=CYLINDRICAL_SURFACE('',#11586,0.002);
#346=CYLINDRICAL_SURFACE('',#11587,0.002);
#347=CYLINDRICAL_SURFACE('',#11588,0.002);
#348=CYLINDRICAL_SURFACE('',#11594,0.01259);
#349=CYLINDRICAL_SURFACE('',#11595,0.01259);
#350=CYLINDRICAL_SURFACE('',#11596,0.002);
#351=CYLINDRICAL_SURFACE('',#11597,0.002);
#352=CYLINDRICAL_SURFACE('',#11598,0.002);
#353=CYLINDRICAL_SURFACE('',#11599,0.002);
#354=CYLINDRICAL_SURFACE('',#11600,0.002);
#355=CYLINDRICAL_SURFACE('',#11601,0.002);
#356=CYLINDRICAL_SURFACE('',#11602,0.002);
#357=CYLINDRICAL_SURFACE('',#11605,0.002);
#358=CYLINDRICAL_SURFACE('',#11606,0.002);
#359=CYLINDRICAL_SURFACE('',#11607,0.002);
#360=CYLINDRICAL_SURFACE('',#11612,0.002);
#361=CYLINDRICAL_SURFACE('',#11613,0.002);
#362=CYLINDRICAL_SURFACE('',#11614,0.002);
#363=CYLINDRICAL_SURFACE('',#11615,0.002);
#364=CYLINDRICAL_SURFACE('',#11618,0.002);
#365=CYLINDRICAL_SURFACE('',#11619,0.002);
#366=CYLINDRICAL_SURFACE('',#11620,0.002);
#367=CYLINDRICAL_SURFACE('',#11621,0.002);
#368=CIRCLE('',#10416,0.002);
#369=CIRCLE('',#10417,0.002);
#370=CIRCLE('',#10418,0.002);
#371=CIRCLE('',#10419,0.002);
#372=CIRCLE('',#10420,0.002);
#373=CIRCLE('',#10421,0.002);
#374=CIRCLE('',#10422,0.002);
#375=CIRCLE('',#10423,0.002);
#376=CIRCLE('',#10424,0.002);
#377=CIRCLE('',#10425,0.002);
#378=CIRCLE('',#10426,0.00259);
#379=CIRCLE('',#10427,0.00259);
#380=CIRCLE('',#10428,0.002);
#381=CIRCLE('',#10429,0.002);
#382=CIRCLE('',#10430,0.002);
#383=CIRCLE('',#10431,0.002);
#384=CIRCLE('',#10432,0.002);
#385=CIRCLE('',#10433,0.002);
#386=CIRCLE('',#10434,0.002);
#387=CIRCLE('',#10435,0.002);
#388=CIRCLE('',#10436,0.01259);
#389=CIRCLE('',#10437,0.002);
#390=CIRCLE('',#10438,0.01259);
#391=CIRCLE('',#10439,0.002);
#392=CIRCLE('',#10440,0.002);
#393=CIRCLE('',#10441,0.002);
#394=CIRCLE('',#10442,0.002);
#395=CIRCLE('',#10443,0.002);
#396=CIRCLE('',#10444,0.002);
#397=CIRCLE('',#10445,0.002);
#398=CIRCLE('',#10446,0.01259);
#399=CIRCLE('',#10447,0.002);
#400=CIRCLE('',#10448,0.01259);
#401=CIRCLE('',#10449,0.002);
#402=CIRCLE('',#10450,0.002);
#403=CIRCLE('',#10451,0.002);
#404=CIRCLE('',#10452,0.002);
#405=CIRCLE('',#10453,0.002);
#406=CIRCLE('',#10455,0.002);
#407=CIRCLE('',#10456,0.002);
#408=CIRCLE('',#10457,0.002);
#409=CIRCLE('',#10458,0.002);
#410=CIRCLE('',#10459,0.002);
#411=CIRCLE('',#10460,0.002);
#412=CIRCLE('',#10461,0.002);
#413=CIRCLE('',#10462,0.002);
#414=CIRCLE('',#10463,0.002);
#415=CIRCLE('',#10464,0.002);
#416=CIRCLE('',#10465,0.002);
#417=CIRCLE('',#10466,0.002);
#418=CIRCLE('',#10467,0.00259);
#419=CIRCLE('',#10468,0.00259);
#420=CIRCLE('',#10469,0.002);
#421=CIRCLE('',#10470,0.002);
#422=CIRCLE('',#10471,0.002);
#423=CIRCLE('',#10472,0.002);
#424=CIRCLE('',#10473,0.002);
#425=CIRCLE('',#10474,0.002);
#426=CIRCLE('',#10475,0.002);
#427=CIRCLE('',#10476,0.002);
#428=CIRCLE('',#10477,0.01259);
#429=CIRCLE('',#10478,0.002);
#430=CIRCLE('',#10479,0.01259);
#431=CIRCLE('',#10480,0.002);
#432=CIRCLE('',#10481,0.002);
#433=CIRCLE('',#10482,0.002);
#434=CIRCLE('',#10483,0.002);
#435=CIRCLE('',#10484,0.002);
#436=CIRCLE('',#10485,0.002);
#437=CIRCLE('',#10486,0.002);
#438=CIRCLE('',#10487,0.01259);
#439=CIRCLE('',#10488,0.002);
#440=CIRCLE('',#10489,0.01259);
#441=CIRCLE('',#10490,0.002);
#442=CIRCLE('',#10491,0.002);
#443=CIRCLE('',#10492,0.002);
#444=CIRCLE('',#10493,0.002);
#445=CIRCLE('',#10494,0.002);
#446=CIRCLE('',#10496,0.002);
#447=CIRCLE('',#10497,0.002);
#448=CIRCLE('',#10498,0.002);
#449=CIRCLE('',#10499,0.002);
#450=CIRCLE('',#10500,0.002);
#451=CIRCLE('',#10501,0.002);
#452=CIRCLE('',#10502,0.002);
#453=CIRCLE('',#10503,0.002);
#454=CIRCLE('',#10504,0.002);
#455=CIRCLE('',#10505,0.002);
#456=CIRCLE('',#10506,0.00259);
#457=CIRCLE('',#10507,0.00259);
#458=CIRCLE('',#10508,0.002);
#459=CIRCLE('',#10509,0.002);
#460=CIRCLE('',#10510,0.002);
#461=CIRCLE('',#10511,0.002);
#462=CIRCLE('',#10512,0.002);
#463=CIRCLE('',#10513,0.002);
#464=CIRCLE('',#10514,0.002);
#465=CIRCLE('',#10515,0.002);
#466=CIRCLE('',#10516,0.002);
#467=CIRCLE('',#10517,0.002);
#468=CIRCLE('',#10518,0.002);
#469=CIRCLE('',#10519,0.002);
#470=CIRCLE('',#10520,0.01259);
#471=CIRCLE('',#10521,0.002);
#472=CIRCLE('',#10522,0.01259);
#473=CIRCLE('',#10523,0.002);
#474=CIRCLE('',#10524,0.002);
#475=CIRCLE('',#10525,0.002);
#476=CIRCLE('',#10526,0.002);
#477=CIRCLE('',#10527,0.01259);
#478=CIRCLE('',#10528,0.002);
#479=CIRCLE('',#10529,0.002);
#480=CIRCLE('',#10530,0.002);
#481=CIRCLE('',#10531,0.002);
#482=CIRCLE('',#10532,0.002);
#483=CIRCLE('',#10533,0.002);
#484=CIRCLE('',#10534,0.01259);
#485=CIRCLE('',#10535,0.002);
#486=CIRCLE('',#10537,0.002);
#487=CIRCLE('',#10538,0.002);
#488=CIRCLE('',#10539,0.002);
#489=CIRCLE('',#10540,0.002);
#490=CIRCLE('',#10541,0.012185);
#491=CIRCLE('',#10542,0.002);
#492=CIRCLE('',#10543,0.002);
#493=CIRCLE('',#10544,0.012185);
#494=CIRCLE('',#10545,0.002);
#495=CIRCLE('',#10546,0.002);
#496=CIRCLE('',#10547,0.012185);
#497=CIRCLE('',#10548,0.002);
#498=CIRCLE('',#10549,0.012185);
#499=CIRCLE('',#10550,0.002);
#500=CIRCLE('',#10551,0.013);
#501=CIRCLE('',#10552,0.002);
#502=CIRCLE('',#10553,0.012185);
#503=CIRCLE('',#10554,0.002);
#504=CIRCLE('',#10555,0.002);
#505=CIRCLE('',#10556,0.002);
#506=CIRCLE('',#10557,0.012185);
#507=CIRCLE('',#10558,0.002);
#508=CIRCLE('',#10559,0.002);
#509=CIRCLE('',#10560,0.002);
#510=CIRCLE('',#10561,0.002);
#511=CIRCLE('',#10562,0.002);
#512=CIRCLE('',#10563,0.013);
#513=CIRCLE('',#10564,0.002);
#514=CIRCLE('',#10565,0.012185);
#515=CIRCLE('',#10566,0.002);
#516=CIRCLE('',#10567,0.002);
#517=CIRCLE('',#10568,0.002);
#518=CIRCLE('',#10569,0.002);
#519=CIRCLE('',#10570,0.013);
#520=CIRCLE('',#10571,0.002);
#521=CIRCLE('',#10572,0.002);
#522=CIRCLE('',#10573,0.002);
#523=CIRCLE('',#10574,0.002);
#524=CIRCLE('',#10575,0.012185);
#525=CIRCLE('',#10576,0.002);
#526=CIRCLE('',#10577,0.002);
#527=CIRCLE('',#10578,0.012185);
#528=CIRCLE('',#10579,0.002);
#529=CIRCLE('',#10580,0.002);
#530=CIRCLE('',#10581,0.002);
#531=CIRCLE('',#10582,0.012185);
#532=CIRCLE('',#10583,0.002);
#533=CIRCLE('',#10584,0.012185);
#534=CIRCLE('',#10585,0.002);
#535=CIRCLE('',#10586,0.002);
#536=CIRCLE('',#10587,0.002);
#537=CIRCLE('',#10588,0.012185);
#538=CIRCLE('',#10589,0.002);
#539=CIRCLE('',#10590,0.012185);
#540=CIRCLE('',#10591,0.013);
#541=CIRCLE('',#10592,0.002);
#542=CIRCLE('',#10593,0.012185);
#543=CIRCLE('',#10594,0.002);
#544=CIRCLE('',#10595,0.002);
#545=CIRCLE('',#10596,0.002);
#546=CIRCLE('',#10597,0.012185);
#547=CIRCLE('',#10598,0.002);
#548=CIRCLE('',#10599,0.002);
#549=CIRCLE('',#10600,0.012185);
#550=CIRCLE('',#10601,0.002);
#551=CIRCLE('',#10602,0.012185);
#552=CIRCLE('',#10603,0.002);
#553=CIRCLE('',#10604,0.002);
#554=CIRCLE('',#10605,0.002);
#555=CIRCLE('',#10606,0.002);
#556=CIRCLE('',#10607,0.012185);
#557=CIRCLE('',#10608,0.002185);
#558=CIRCLE('',#10609,0.002185);
#559=CIRCLE('',#10610,0.002185);
#560=CIRCLE('',#10611,0.002185);
#561=CIRCLE('',#10612,0.002185);
#562=CIRCLE('',#10613,0.002185);
#563=CIRCLE('',#10614,0.002185);
#564=CIRCLE('',#10615,0.002185);
#565=CIRCLE('',#10616,0.002185);
#566=CIRCLE('',#10617,0.003);
#567=CIRCLE('',#10618,0.003);
#568=CIRCLE('',#10619,0.003);
#569=CIRCLE('',#10620,0.003);
#570=CIRCLE('',#10621,0.003);
#571=CIRCLE('',#10622,0.003);
#572=CIRCLE('',#10623,0.003);
#573=CIRCLE('',#10624,0.003);
#574=CIRCLE('',#10625,0.003);
#575=CIRCLE('',#10626,0.003);
#576=CIRCLE('',#10627,0.003);
#577=CIRCLE('',#10628,0.003);
#578=CIRCLE('',#10629,0.002185);
#579=CIRCLE('',#10630,0.002185);
#580=CIRCLE('',#10631,0.002185);
#581=CIRCLE('',#10632,0.002185);
#582=CIRCLE('',#10633,0.002185);
#583=CIRCLE('',#10634,0.002185);
#584=CIRCLE('',#10635,0.002185);
#585=CIRCLE('',#10636,0.002185);
#586=CIRCLE('',#10637,0.002185);
#587=CIRCLE('',#10638,0.002185);
#588=CIRCLE('',#10639,0.002185);
#589=CIRCLE('',#10640,0.002);
#590=CIRCLE('',#10641,0.002);
#591=CIRCLE('',#10642,0.002);
#592=CIRCLE('',#10643,0.002);
#593=CIRCLE('',#10644,0.002);
#594=CIRCLE('',#10645,0.012185);
#595=CIRCLE('',#10646,0.002);
#596=CIRCLE('',#10647,0.002);
#597=CIRCLE('',#10648,0.002);
#598=CIRCLE('',#10649,0.012185);
#599=CIRCLE('',#10650,0.002);
#600=CIRCLE('',#10651,0.012185);
#601=CIRCLE('',#10652,0.002);
#602=CIRCLE('',#10653,0.002);
#603=CIRCLE('',#10654,0.012185);
#604=CIRCLE('',#10655,0.002);
#605=CIRCLE('',#10656,0.002);
#606=CIRCLE('',#10657,0.002);
#607=CIRCLE('',#10658,0.002);
#608=CIRCLE('',#10660,0.012185);
#609=CIRCLE('',#10661,0.002);
#610=CIRCLE('',#10662,0.002);
#611=CIRCLE('',#10663,0.012185);
#612=CIRCLE('',#10664,0.002);
#613=CIRCLE('',#10665,0.002);
#614=CIRCLE('',#10666,0.013);
#615=CIRCLE('',#10667,0.002);
#616=CIRCLE('',#10668,0.012185);
#617=CIRCLE('',#10669,0.002);
#618=CIRCLE('',#10670,0.002);
#619=CIRCLE('',#10671,0.002);
#620=CIRCLE('',#10672,0.012185);
#621=CIRCLE('',#10673,0.002);
#622=CIRCLE('',#10674,0.002);
#623=CIRCLE('',#10675,0.002);
#624=CIRCLE('',#10676,0.002);
#625=CIRCLE('',#10677,0.002);
#626=CIRCLE('',#10678,0.012185);
#627=CIRCLE('',#10679,0.002);
#628=CIRCLE('',#10680,0.002);
#629=CIRCLE('',#10681,0.012185);
#630=CIRCLE('',#10682,0.002);
#631=CIRCLE('',#10683,0.012185);
#632=CIRCLE('',#10684,0.002);
#633=CIRCLE('',#10685,0.002);
#634=CIRCLE('',#10686,0.013);
#635=CIRCLE('',#10687,0.002);
#636=CIRCLE('',#10688,0.012185);
#637=CIRCLE('',#10689,0.002);
#638=CIRCLE('',#10690,0.002);
#639=CIRCLE('',#10691,0.002);
#640=CIRCLE('',#10692,0.012185);
#641=CIRCLE('',#10693,0.012185);
#642=CIRCLE('',#10694,0.002);
#643=CIRCLE('',#10695,0.002);
#644=CIRCLE('',#10696,0.012185);
#645=CIRCLE('',#10697,0.002);
#646=CIRCLE('',#10698,0.0017859375);
#647=CIRCLE('',#10699,0.0017859375);
#648=CIRCLE('',#10700,0.0017859375);
#649=CIRCLE('',#10701,0.0017859375);
#650=CIRCLE('',#10702,0.0017859375);
#651=CIRCLE('',#10703,0.0017859375);
#652=CIRCLE('',#10704,0.0017859375);
#653=CIRCLE('',#10705,0.0017859375);
#654=CIRCLE('',#10706,0.0017859375);
#655=CIRCLE('',#10707,0.0017859375);
#656=CIRCLE('',#10708,0.003);
#657=CIRCLE('',#10709,0.003);
#658=CIRCLE('',#10710,0.003);
#659=CIRCLE('',#10711,0.003);
#660=CIRCLE('',#10712,0.003);
#661=CIRCLE('',#10713,0.003);
#662=CIRCLE('',#10714,0.003);
#663=CIRCLE('',#10715,0.003);
#664=CIRCLE('',#10716,0.003);
#665=CIRCLE('',#10717,0.003);
#666=CIRCLE('',#10718,0.003);
#667=CIRCLE('',#10719,0.003);
#668=CIRCLE('',#10720,0.0017859375);
#669=CIRCLE('',#10721,0.0017859375);
#670=CIRCLE('',#10722,0.0017859375);
#671=CIRCLE('',#10723,0.0017859375);
#672=CIRCLE('',#10724,0.0017859375);
#673=CIRCLE('',#10725,0.0017859375);
#674=CIRCLE('',#10726,0.0017859375);
#675=CIRCLE('',#10727,0.0017859375);
#676=CIRCLE('',#10728,0.0017859375);
#677=CIRCLE('',#10729,0.0017859375);
#678=CIRCLE('',#10730,0.002);
#679=CIRCLE('',#10731,0.002);
#680=CIRCLE('',#10732,0.012185);
#681=CIRCLE('',#10733,0.002);
#682=CIRCLE('',#10734,0.002);
#683=CIRCLE('',#10735,0.002);
#684=CIRCLE('',#10736,0.002);
#685=CIRCLE('',#10737,0.002);
#686=CIRCLE('',#10738,0.012185);
#687=CIRCLE('',#10739,0.002);
#688=CIRCLE('',#10740,0.002);
#689=CIRCLE('',#10741,0.012185);
#690=CIRCLE('',#10742,0.002);
#691=CIRCLE('',#10743,0.002);
#692=CIRCLE('',#10744,0.012185);
#693=CIRCLE('',#10745,0.002);
#694=CIRCLE('',#10746,0.012185);
#695=CIRCLE('',#10747,0.002);
#696=CIRCLE('',#10748,0.002);
#697=CIRCLE('',#10749,0.002);
#698=CIRCLE('',#10750,0.012185);
#699=CIRCLE('',#10751,0.002);
#700=CIRCLE('',#10752,0.002);
#701=CIRCLE('',#10753,0.012185);
#702=CIRCLE('',#10754,0.002);
#703=CIRCLE('',#10755,0.002);
#704=CIRCLE('',#10756,0.013);
#705=CIRCLE('',#10757,0.002);
#706=CIRCLE('',#10758,0.012185);
#707=CIRCLE('',#10759,0.002);
#708=CIRCLE('',#10760,0.002);
#709=CIRCLE('',#10761,0.002);
#710=CIRCLE('',#10762,0.002);
#711=CIRCLE('',#10763,0.013);
#712=CIRCLE('',#10764,0.002);
#713=CIRCLE('',#10765,0.002);
#714=CIRCLE('',#10766,0.002);
#715=CIRCLE('',#10767,0.002);
#716=CIRCLE('',#10768,0.012185);
#717=CIRCLE('',#10769,0.002);
#718=CIRCLE('',#10770,0.002);
#719=CIRCLE('',#10771,0.002);
#720=CIRCLE('',#10772,0.002);
#721=CIRCLE('',#10773,0.002);
#722=CIRCLE('',#10774,0.012185);
#723=CIRCLE('',#10775,0.002);
#724=CIRCLE('',#10776,0.012185);
#725=CIRCLE('',#10777,0.002);
#726=CIRCLE('',#10778,0.002);
#727=CIRCLE('',#10779,0.002);
#728=CIRCLE('',#10780,0.002);
#729=CIRCLE('',#10781,0.002);
#730=CIRCLE('',#10783,0.0017859375);
#731=CIRCLE('',#10785,0.0017859375);
#732=CIRCLE('',#10787,0.0017859375);
#733=CIRCLE('',#10789,0.0017859375);
#734=CIRCLE('',#10791,0.0017859375);
#735=CIRCLE('',#10793,0.0017859375);
#736=CIRCLE('',#10795,0.0017859375);
#737=CIRCLE('',#10797,0.0017859375);
#738=CIRCLE('',#10799,0.0017859375);
#739=CIRCLE('',#10801,0.0017859375);
#740=CIRCLE('',#10803,0.002);
#741=CIRCLE('',#10804,0.002);
#742=CIRCLE('',#10806,0.002);
#743=CIRCLE('',#10807,0.002);
#744=CIRCLE('',#10809,0.002);
#745=CIRCLE('',#10810,0.002);
#746=CIRCLE('',#10812,0.002);
#747=CIRCLE('',#10813,0.002);
#748=CIRCLE('',#10815,0.002);
#749=CIRCLE('',#10816,0.002);
#750=CIRCLE('',#10818,0.002);
#751=CIRCLE('',#10819,0.002);
#752=CIRCLE('',#10821,0.002);
#753=CIRCLE('',#10822,0.002);
#754=CIRCLE('',#10824,0.002);
#755=CIRCLE('',#10825,0.002);
#756=CIRCLE('',#10827,0.002);
#757=CIRCLE('',#10828,0.002);
#758=CIRCLE('',#10830,0.002);
#759=CIRCLE('',#10831,0.002);
#760=CIRCLE('',#10833,0.002);
#761=CIRCLE('',#10834,0.002);
#762=CIRCLE('',#10836,0.002);
#763=CIRCLE('',#10837,0.002);
#764=CIRCLE('',#10839,0.002);
#765=CIRCLE('',#10840,0.002);
#766=CIRCLE('',#10842,0.002);
#767=CIRCLE('',#10843,0.002);
#768=CIRCLE('',#10845,0.002);
#769=CIRCLE('',#10846,0.002);
#770=CIRCLE('',#10848,0.002);
#771=CIRCLE('',#10849,0.002);
#772=CIRCLE('',#10851,0.002);
#773=CIRCLE('',#10852,0.002);
#774=CIRCLE('',#10854,0.002);
#775=CIRCLE('',#10855,0.002);
#776=CIRCLE('',#10857,0.002);
#777=CIRCLE('',#10858,0.002);
#778=CIRCLE('',#10860,0.002);
#779=CIRCLE('',#10861,0.002);
#780=CIRCLE('',#10863,0.002);
#781=CIRCLE('',#10864,0.002);
#782=CIRCLE('',#10866,0.002);
#783=CIRCLE('',#10867,0.002);
#784=CIRCLE('',#10869,0.002);
#785=CIRCLE('',#10870,0.002);
#786=CIRCLE('',#10872,0.002);
#787=CIRCLE('',#10873,0.002);
#788=CIRCLE('',#10875,0.002);
#789=CIRCLE('',#10876,0.002);
#790=CIRCLE('',#10878,0.002);
#791=CIRCLE('',#10879,0.002);
#792=CIRCLE('',#10881,0.002);
#793=CIRCLE('',#10882,0.002);
#794=CIRCLE('',#10884,0.002);
#795=CIRCLE('',#10885,0.002);
#796=CIRCLE('',#10887,0.002);
#797=CIRCLE('',#10888,0.002);
#798=CIRCLE('',#10890,0.002);
#799=CIRCLE('',#10891,0.002);
#800=CIRCLE('',#10893,0.002);
#801=CIRCLE('',#10894,0.002);
#802=CIRCLE('',#10896,0.002);
#803=CIRCLE('',#10897,0.002);
#804=CIRCLE('',#10899,0.002);
#805=CIRCLE('',#10900,0.002);
#806=CIRCLE('',#10902,0.002);
#807=CIRCLE('',#10903,0.002);
#808=CIRCLE('',#10905,0.002);
#809=CIRCLE('',#10906,0.002);
#810=CIRCLE('',#10908,0.002);
#811=CIRCLE('',#10909,0.002);
#812=CIRCLE('',#10911,0.002);
#813=CIRCLE('',#10912,0.002);
#814=CIRCLE('',#10914,0.002);
#815=CIRCLE('',#10915,0.002);
#816=CIRCLE('',#10917,0.002);
#817=CIRCLE('',#10918,0.002);
#818=CIRCLE('',#10920,0.002);
#819=CIRCLE('',#10921,0.002);
#820=CIRCLE('',#10923,0.01295);
#821=CIRCLE('',#10924,0.01295);
#822=CIRCLE('',#10928,0.01295);
#823=CIRCLE('',#10929,0.01295);
#824=CIRCLE('',#10931,0.01295);
#825=CIRCLE('',#10932,0.01295);
#826=CIRCLE('',#10934,0.01304);
#827=CIRCLE('',#10935,0.01304);
#828=CIRCLE('',#10937,0.01304);
#829=CIRCLE('',#10938,0.01304);
#830=CIRCLE('',#10940,0.01295);
#831=CIRCLE('',#10941,0.01295);
#832=CIRCLE('',#10943,0.01304);
#833=CIRCLE('',#10944,0.01304);
#834=CIRCLE('',#10946,0.01304);
#835=CIRCLE('',#10947,0.01304);
#836=CIRCLE('',#10955,0.01295);
#837=CIRCLE('',#10956,0.01295);
#838=CIRCLE('',#10958,0.01295);
#839=CIRCLE('',#10959,0.01295);
#840=CIRCLE('',#10983,0.002);
#841=CIRCLE('',#10984,0.002);
#842=CIRCLE('',#10985,0.002);
#843=CIRCLE('',#10986,0.002);
#844=CIRCLE('',#10987,0.002);
#845=CIRCLE('',#10988,0.002);
#846=CIRCLE('',#10989,0.002);
#847=CIRCLE('',#10990,0.002);
#848=CIRCLE('',#10991,0.002);
#849=CIRCLE('',#10992,0.002);
#850=CIRCLE('',#10993,0.002);
#851=CIRCLE('',#10994,0.002);
#852=CIRCLE('',#10995,0.002);
#853=CIRCLE('',#10996,0.002);
#854=CIRCLE('',#10997,0.002);
#855=CIRCLE('',#10998,0.002);
#856=CIRCLE('',#10999,0.002);
#857=CIRCLE('',#11000,0.002);
#858=CIRCLE('',#11001,0.002);
#859=CIRCLE('',#11002,0.01295);
#860=CIRCLE('',#11003,0.002);
#861=CIRCLE('',#11004,0.002);
#862=CIRCLE('',#11005,0.01295);
#863=CIRCLE('',#11006,0.002);
#864=CIRCLE('',#11007,0.002);
#865=CIRCLE('',#11008,0.01295);
#866=CIRCLE('',#11009,0.002);
#867=CIRCLE('',#11010,0.002);
#868=CIRCLE('',#11011,0.01295);
#869=CIRCLE('',#11012,0.002);
#870=CIRCLE('',#11013,0.002);
#871=CIRCLE('',#11014,0.002);
#872=CIRCLE('',#11015,0.002);
#873=CIRCLE('',#11016,0.002);
#874=CIRCLE('',#11017,0.01304);
#875=CIRCLE('',#11018,0.002);
#876=CIRCLE('',#11019,0.01304);
#877=CIRCLE('',#11020,0.002);
#878=CIRCLE('',#11021,0.002);
#879=CIRCLE('',#11022,0.00295);
#880=CIRCLE('',#11023,0.00295);
#881=CIRCLE('',#11024,0.00304);
#882=CIRCLE('',#11025,0.00304);
#883=CIRCLE('',#11026,0.00295);
#884=CIRCLE('',#11027,0.00295);
#885=CIRCLE('',#11028,0.002);
#886=CIRCLE('',#11029,0.01295);
#887=CIRCLE('',#11030,0.002);
#888=CIRCLE('',#11031,0.002);
#889=CIRCLE('',#11032,0.01295);
#890=CIRCLE('',#11033,0.002);
#891=CIRCLE('',#11034,0.002);
#892=CIRCLE('',#11035,0.01304);
#893=CIRCLE('',#11036,0.002);
#894=CIRCLE('',#11037,0.01304);
#895=CIRCLE('',#11038,0.002);
#896=CIRCLE('',#11040,0.002);
#897=CIRCLE('',#11041,0.002);
#898=CIRCLE('',#11042,0.002);
#899=CIRCLE('',#11043,0.002);
#900=CIRCLE('',#11044,0.002);
#901=CIRCLE('',#11045,0.002);
#902=CIRCLE('',#11046,0.002);
#903=CIRCLE('',#11047,0.002);
#904=CIRCLE('',#11048,0.002);
#905=CIRCLE('',#11049,0.002);
#906=CIRCLE('',#11050,0.002);
#907=CIRCLE('',#11051,0.002);
#908=CIRCLE('',#11052,0.002);
#909=CIRCLE('',#11053,0.002);
#910=CIRCLE('',#11054,0.01295);
#911=CIRCLE('',#11055,0.002);
#912=CIRCLE('',#11056,0.002);
#913=CIRCLE('',#11057,0.01295);
#914=CIRCLE('',#11058,0.002);
#915=CIRCLE('',#11059,0.002);
#916=CIRCLE('',#11060,0.002);
#917=CIRCLE('',#11061,0.002);
#918=CIRCLE('',#11062,0.01295);
#919=CIRCLE('',#11063,0.002);
#920=CIRCLE('',#11064,0.002);
#921=CIRCLE('',#11065,0.01295);
#922=CIRCLE('',#11066,0.002);
#923=CIRCLE('',#11067,0.002);
#924=CIRCLE('',#11068,0.002);
#925=CIRCLE('',#11069,0.002);
#926=CIRCLE('',#11070,0.01304);
#927=CIRCLE('',#11071,0.002);
#928=CIRCLE('',#11072,0.01304);
#929=CIRCLE('',#11073,0.00295);
#930=CIRCLE('',#11074,0.00295);
#931=CIRCLE('',#11075,0.00304);
#932=CIRCLE('',#11076,0.00304);
#933=CIRCLE('',#11077,0.00295);
#934=CIRCLE('',#11078,0.00295);
#935=CIRCLE('',#11079,0.002);
#936=CIRCLE('',#11080,0.002);
#937=CIRCLE('',#11081,0.01304);
#938=CIRCLE('',#11082,0.002);
#939=CIRCLE('',#11083,0.01304);
#940=CIRCLE('',#11084,0.002);
#941=CIRCLE('',#11085,0.002);
#942=CIRCLE('',#11086,0.01295);
#943=CIRCLE('',#11087,0.002);
#944=CIRCLE('',#11088,0.002);
#945=CIRCLE('',#11089,0.01295);
#946=CIRCLE('',#11090,0.002);
#947=CIRCLE('',#11091,0.002);
#948=CIRCLE('',#11092,0.002);
#949=CIRCLE('',#11093,0.002);
#950=CIRCLE('',#11094,0.002);
#951=CIRCLE('',#11095,0.002);
#952=CIRCLE('',#11097,0.00295);
#953=CIRCLE('',#11098,0.00295);
#954=CIRCLE('',#11100,0.00295);
#955=CIRCLE('',#11101,0.00295);
#956=CIRCLE('',#11103,0.00295);
#957=CIRCLE('',#11104,0.00295);
#958=CIRCLE('',#11106,0.00295);
#959=CIRCLE('',#11107,0.00295);
#960=CIRCLE('',#11109,0.00259);
#961=CIRCLE('',#11111,0.00259);
#962=CIRCLE('',#11113,0.005);
#963=CIRCLE('',#11114,0.005);
#964=CIRCLE('',#11116,0.005);
#965=CIRCLE('',#11117,0.005);
#966=CIRCLE('',#11119,0.005);
#967=CIRCLE('',#11120,0.005);
#968=CIRCLE('',#11122,0.005);
#969=CIRCLE('',#11124,0.005);
#970=CIRCLE('',#11126,0.005);
#971=CIRCLE('',#11127,0.005);
#972=CIRCLE('',#11129,0.005);
#973=CIRCLE('',#11131,0.005);
#974=CIRCLE('',#11133,0.00304);
#975=CIRCLE('',#11134,0.00304);
#976=CIRCLE('',#11136,0.015);
#977=CIRCLE('',#11137,0.015);
#978=CIRCLE('',#11139,0.015);
#979=CIRCLE('',#11140,0.015);
#980=CIRCLE('',#11142,0.015);
#981=CIRCLE('',#11143,0.015);
#982=CIRCLE('',#11145,0.005);
#983=CIRCLE('',#11147,0.00304);
#984=CIRCLE('',#11148,0.00304);
#985=CIRCLE('',#11150,0.005);
#986=CIRCLE('',#11152,0.002);
#987=CIRCLE('',#11153,0.002);
#988=CIRCLE('',#11154,0.002);
#989=CIRCLE('',#11155,0.002);
#990=CIRCLE('',#11156,0.002);
#991=CIRCLE('',#11157,0.002);
#992=CIRCLE('',#11158,0.002);
#993=CIRCLE('',#11159,0.002);
#994=CIRCLE('',#11160,0.002);
#995=CIRCLE('',#11161,0.002);
#996=CIRCLE('',#11162,0.002);
#997=CIRCLE('',#11163,0.002);
#998=CIRCLE('',#11164,0.002);
#999=CIRCLE('',#11165,0.002);
#1000=CIRCLE('',#11166,0.002);
#1001=CIRCLE('',#11167,0.01259);
#1002=CIRCLE('',#11168,0.002);
#1003=CIRCLE('',#11169,0.002);
#1004=CIRCLE('',#11170,0.002);
#1005=CIRCLE('',#11171,0.002);
#1006=CIRCLE('',#11172,0.002);
#1007=CIRCLE('',#11173,0.002);
#1008=CIRCLE('',#11174,0.01259);
#1009=CIRCLE('',#11175,0.002);
#1010=CIRCLE('',#11176,0.002);
#1011=CIRCLE('',#11177,0.01259);
#1012=CIRCLE('',#11178,0.002);
#1013=CIRCLE('',#11179,0.01259);
#1014=CIRCLE('',#11180,0.002);
#1015=CIRCLE('',#11181,0.002);
#1016=CIRCLE('',#11182,0.002);
#1017=CIRCLE('',#11183,0.002);
#1018=CIRCLE('',#11184,0.002);
#1019=CIRCLE('',#11185,0.002);
#1020=CIRCLE('',#11186,0.002);
#1021=CIRCLE('',#11187,0.002);
#1022=CIRCLE('',#11189,0.005);
#1023=CIRCLE('',#11191,0.005);
#1024=CIRCLE('',#11193,0.015);
#1025=CIRCLE('',#11194,0.015);
#1026=CIRCLE('',#11197,0.015);
#1027=CIRCLE('',#11198,0.015);
#1028=CIRCLE('',#11200,0.015);
#1029=CIRCLE('',#11202,0.015);
#1030=CIRCLE('',#11204,0.015);
#1031=CIRCLE('',#11206,0.015);
#1032=CIRCLE('',#11208,0.015);
#1033=CIRCLE('',#11210,0.015);
#1034=CIRCLE('',#11327,0.0017859375);
#1035=CIRCLE('',#11329,0.0017859375);
#1036=CIRCLE('',#11331,0.0017859375);
#1037=CIRCLE('',#11333,0.0017859375);
#1038=CIRCLE('',#11335,0.0017859375);
#1039=CIRCLE('',#11337,0.0017859375);
#1040=CIRCLE('',#11339,0.0017859375);
#1041=CIRCLE('',#11341,0.0017859375);
#1042=CIRCLE('',#11343,0.0017859375);
#1043=CIRCLE('',#11345,0.0017859375);
#1044=ORIENTED_EDGE('',*,*,#4036,.F.);
#1045=ORIENTED_EDGE('',*,*,#4037,.T.);
#1046=ORIENTED_EDGE('',*,*,#4038,.T.);
#1047=ORIENTED_EDGE('',*,*,#4039,.F.);
#1048=ORIENTED_EDGE('',*,*,#4040,.F.);
#1049=ORIENTED_EDGE('',*,*,#4041,.T.);
#1050=ORIENTED_EDGE('',*,*,#4042,.T.);
#1051=ORIENTED_EDGE('',*,*,#4043,.F.);
#1052=ORIENTED_EDGE('',*,*,#4044,.F.);
#1053=ORIENTED_EDGE('',*,*,#4045,.T.);
#1054=ORIENTED_EDGE('',*,*,#4046,.T.);
#1055=ORIENTED_EDGE('',*,*,#4047,.F.);
#1056=ORIENTED_EDGE('',*,*,#4048,.F.);
#1057=ORIENTED_EDGE('',*,*,#4049,.T.);
#1058=ORIENTED_EDGE('',*,*,#4050,.T.);
#1059=ORIENTED_EDGE('',*,*,#4051,.F.);
#1060=ORIENTED_EDGE('',*,*,#4046,.F.);
#1061=ORIENTED_EDGE('',*,*,#4052,.T.);
#1062=ORIENTED_EDGE('',*,*,#4053,.T.);
#1063=ORIENTED_EDGE('',*,*,#4054,.T.);
#1064=ORIENTED_EDGE('',*,*,#4048,.T.);
#1065=ORIENTED_EDGE('',*,*,#4055,.F.);
#1066=ORIENTED_EDGE('',*,*,#4056,.F.);
#1067=ORIENTED_EDGE('',*,*,#4057,.F.);
#1068=ORIENTED_EDGE('',*,*,#4058,.F.);
#1069=ORIENTED_EDGE('',*,*,#4059,.F.);
#1070=ORIENTED_EDGE('',*,*,#4038,.F.);
#1071=ORIENTED_EDGE('',*,*,#4060,.T.);
#1072=ORIENTED_EDGE('',*,*,#4061,.T.);
#1073=ORIENTED_EDGE('',*,*,#4062,.T.);
#1074=ORIENTED_EDGE('',*,*,#4040,.T.);
#1075=ORIENTED_EDGE('',*,*,#4063,.F.);
#1076=ORIENTED_EDGE('',*,*,#4064,.F.);
#1077=ORIENTED_EDGE('',*,*,#4065,.F.);
#1078=ORIENTED_EDGE('',*,*,#4066,.F.);
#1079=ORIENTED_EDGE('',*,*,#4067,.F.);
#1080=ORIENTED_EDGE('',*,*,#4068,.T.);
#1081=ORIENTED_EDGE('',*,*,#4069,.F.);
#1082=ORIENTED_EDGE('',*,*,#4070,.F.);
#1083=ORIENTED_EDGE('',*,*,#4071,.T.);
#1084=ORIENTED_EDGE('',*,*,#4072,.T.);
#1085=ORIENTED_EDGE('',*,*,#4073,.T.);
#1086=ORIENTED_EDGE('',*,*,#4074,.F.);
#1087=ORIENTED_EDGE('',*,*,#4075,.F.);
#1088=ORIENTED_EDGE('',*,*,#4076,.F.);
#1089=ORIENTED_EDGE('',*,*,#4077,.F.);
#1090=ORIENTED_EDGE('',*,*,#4078,.F.);
#1091=ORIENTED_EDGE('',*,*,#4079,.T.);
#1092=ORIENTED_EDGE('',*,*,#4080,.F.);
#1093=ORIENTED_EDGE('',*,*,#4081,.T.);
#1094=ORIENTED_EDGE('',*,*,#4082,.F.);
#1095=ORIENTED_EDGE('',*,*,#4083,.F.);
#1096=ORIENTED_EDGE('',*,*,#4084,.F.);
#1097=ORIENTED_EDGE('',*,*,#4085,.T.);
#1098=ORIENTED_EDGE('',*,*,#4086,.F.);
#1099=ORIENTED_EDGE('',*,*,#4087,.T.);
#1100=ORIENTED_EDGE('',*,*,#4088,.F.);
#1101=ORIENTED_EDGE('',*,*,#4089,.F.);
#1102=ORIENTED_EDGE('',*,*,#4090,.F.);
#1103=ORIENTED_EDGE('',*,*,#4091,.F.);
#1104=ORIENTED_EDGE('',*,*,#4092,.F.);
#1105=ORIENTED_EDGE('',*,*,#4093,.F.);
#1106=ORIENTED_EDGE('',*,*,#4094,.F.);
#1107=ORIENTED_EDGE('',*,*,#4095,.F.);
#1108=ORIENTED_EDGE('',*,*,#4096,.T.);
#1109=ORIENTED_EDGE('',*,*,#4097,.F.);
#1110=ORIENTED_EDGE('',*,*,#4098,.T.);
#1111=ORIENTED_EDGE('',*,*,#4099,.F.);
#1112=ORIENTED_EDGE('',*,*,#4100,.T.);
#1113=ORIENTED_EDGE('',*,*,#4101,.F.);
#1114=ORIENTED_EDGE('',*,*,#4102,.F.);
#1115=ORIENTED_EDGE('',*,*,#4103,.F.);
#1116=ORIENTED_EDGE('',*,*,#4104,.F.);
#1117=ORIENTED_EDGE('',*,*,#4105,.F.);
#1118=ORIENTED_EDGE('',*,*,#4106,.F.);
#1119=ORIENTED_EDGE('',*,*,#4107,.F.);
#1120=ORIENTED_EDGE('',*,*,#4108,.F.);
#1121=ORIENTED_EDGE('',*,*,#4109,.F.);
#1122=ORIENTED_EDGE('',*,*,#4110,.F.);
#1123=ORIENTED_EDGE('',*,*,#4111,.T.);
#1124=ORIENTED_EDGE('',*,*,#4112,.F.);
#1125=ORIENTED_EDGE('',*,*,#4113,.F.);
#1126=ORIENTED_EDGE('',*,*,#4114,.F.);
#1127=ORIENTED_EDGE('',*,*,#4115,.F.);
#1128=ORIENTED_EDGE('',*,*,#4116,.F.);
#1129=ORIENTED_EDGE('',*,*,#4117,.T.);
#1130=ORIENTED_EDGE('',*,*,#4118,.F.);
#1131=ORIENTED_EDGE('',*,*,#4119,.F.);
#1132=ORIENTED_EDGE('',*,*,#4120,.F.);
#1133=ORIENTED_EDGE('',*,*,#4121,.F.);
#1134=ORIENTED_EDGE('',*,*,#4122,.T.);
#1135=ORIENTED_EDGE('',*,*,#4123,.F.);
#1136=ORIENTED_EDGE('',*,*,#4124,.T.);
#1137=ORIENTED_EDGE('',*,*,#4125,.F.);
#1138=ORIENTED_EDGE('',*,*,#4126,.T.);
#1139=ORIENTED_EDGE('',*,*,#4127,.F.);
#1140=ORIENTED_EDGE('',*,*,#4128,.F.);
#1141=ORIENTED_EDGE('',*,*,#4129,.F.);
#1142=ORIENTED_EDGE('',*,*,#4130,.F.);
#1143=ORIENTED_EDGE('',*,*,#4131,.F.);
#1144=ORIENTED_EDGE('',*,*,#4132,.F.);
#1145=ORIENTED_EDGE('',*,*,#4133,.F.);
#1146=ORIENTED_EDGE('',*,*,#4134,.T.);
#1147=ORIENTED_EDGE('',*,*,#4135,.F.);
#1148=ORIENTED_EDGE('',*,*,#4136,.T.);
#1149=ORIENTED_EDGE('',*,*,#4137,.F.);
#1150=ORIENTED_EDGE('',*,*,#4138,.T.);
#1151=ORIENTED_EDGE('',*,*,#4139,.F.);
#1152=ORIENTED_EDGE('',*,*,#4140,.F.);
#1153=ORIENTED_EDGE('',*,*,#4141,.F.);
#1154=ORIENTED_EDGE('',*,*,#4142,.T.);
#1155=ORIENTED_EDGE('',*,*,#4143,.F.);
#1156=ORIENTED_EDGE('',*,*,#4144,.F.);
#1157=ORIENTED_EDGE('',*,*,#4145,.T.);
#1158=ORIENTED_EDGE('',*,*,#4146,.F.);
#1159=ORIENTED_EDGE('',*,*,#4147,.F.);
#1160=ORIENTED_EDGE('',*,*,#4148,.F.);
#1161=ORIENTED_EDGE('',*,*,#4149,.F.);
#1162=ORIENTED_EDGE('',*,*,#4150,.F.);
#1163=ORIENTED_EDGE('',*,*,#4151,.F.);
#1164=ORIENTED_EDGE('',*,*,#4152,.F.);
#1165=ORIENTED_EDGE('',*,*,#4153,.T.);
#1166=ORIENTED_EDGE('',*,*,#4154,.F.);
#1167=ORIENTED_EDGE('',*,*,#4155,.T.);
#1168=ORIENTED_EDGE('',*,*,#4156,.F.);
#1169=ORIENTED_EDGE('',*,*,#4157,.F.);
#1170=ORIENTED_EDGE('',*,*,#4158,.F.);
#1171=ORIENTED_EDGE('',*,*,#4159,.T.);
#1172=ORIENTED_EDGE('',*,*,#4160,.F.);
#1173=ORIENTED_EDGE('',*,*,#4161,.T.);
#1174=ORIENTED_EDGE('',*,*,#4162,.F.);
#1175=ORIENTED_EDGE('',*,*,#4163,.T.);
#1176=ORIENTED_EDGE('',*,*,#4164,.F.);
#1177=ORIENTED_EDGE('',*,*,#4165,.T.);
#1178=ORIENTED_EDGE('',*,*,#4166,.F.);
#1179=ORIENTED_EDGE('',*,*,#4167,.F.);
#1180=ORIENTED_EDGE('',*,*,#4168,.F.);
#1181=ORIENTED_EDGE('',*,*,#4169,.F.);
#1182=ORIENTED_EDGE('',*,*,#4170,.T.);
#1183=ORIENTED_EDGE('',*,*,#4171,.F.);
#1184=ORIENTED_EDGE('',*,*,#4172,.T.);
#1185=ORIENTED_EDGE('',*,*,#4173,.F.);
#1186=ORIENTED_EDGE('',*,*,#4174,.T.);
#1187=ORIENTED_EDGE('',*,*,#4175,.F.);
#1188=ORIENTED_EDGE('',*,*,#4176,.F.);
#1189=ORIENTED_EDGE('',*,*,#4177,.F.);
#1190=ORIENTED_EDGE('',*,*,#4178,.F.);
#1191=ORIENTED_EDGE('',*,*,#4179,.F.);
#1192=ORIENTED_EDGE('',*,*,#4180,.T.);
#1193=ORIENTED_EDGE('',*,*,#4181,.F.);
#1194=ORIENTED_EDGE('',*,*,#4182,.T.);
#1195=ORIENTED_EDGE('',*,*,#4183,.F.);
#1196=ORIENTED_EDGE('',*,*,#4184,.F.);
#1197=ORIENTED_EDGE('',*,*,#4185,.T.);
#1198=ORIENTED_EDGE('',*,*,#4186,.F.);
#1199=ORIENTED_EDGE('',*,*,#4187,.F.);
#1200=ORIENTED_EDGE('',*,*,#4188,.F.);
#1201=ORIENTED_EDGE('',*,*,#4189,.F.);
#1202=ORIENTED_EDGE('',*,*,#4190,.F.);
#1203=ORIENTED_EDGE('',*,*,#4191,.T.);
#1204=ORIENTED_EDGE('',*,*,#4192,.T.);
#1205=ORIENTED_EDGE('',*,*,#4193,.T.);
#1206=ORIENTED_EDGE('',*,*,#4194,.F.);
#1207=ORIENTED_EDGE('',*,*,#4195,.T.);
#1208=ORIENTED_EDGE('',*,*,#4196,.F.);
#1209=ORIENTED_EDGE('',*,*,#4197,.T.);
#1210=ORIENTED_EDGE('',*,*,#4198,.T.);
#1211=ORIENTED_EDGE('',*,*,#4199,.T.);
#1212=ORIENTED_EDGE('',*,*,#4200,.T.);
#1213=ORIENTED_EDGE('',*,*,#4201,.T.);
#1214=ORIENTED_EDGE('',*,*,#4202,.T.);
#1215=ORIENTED_EDGE('',*,*,#4203,.T.);
#1216=ORIENTED_EDGE('',*,*,#4204,.T.);
#1217=ORIENTED_EDGE('',*,*,#4205,.T.);
#1218=ORIENTED_EDGE('',*,*,#4206,.F.);
#1219=ORIENTED_EDGE('',*,*,#4207,.T.);
#1220=ORIENTED_EDGE('',*,*,#4208,.F.);
#1221=ORIENTED_EDGE('',*,*,#4209,.T.);
#1222=ORIENTED_EDGE('',*,*,#4210,.F.);
#1223=ORIENTED_EDGE('',*,*,#4211,.T.);
#1224=ORIENTED_EDGE('',*,*,#4212,.T.);
#1225=ORIENTED_EDGE('',*,*,#4213,.F.);
#1226=ORIENTED_EDGE('',*,*,#4214,.F.);
#1227=ORIENTED_EDGE('',*,*,#4215,.T.);
#1228=ORIENTED_EDGE('',*,*,#4216,.F.);
#1229=ORIENTED_EDGE('',*,*,#4217,.F.);
#1230=ORIENTED_EDGE('',*,*,#4218,.T.);
#1231=ORIENTED_EDGE('',*,*,#4219,.T.);
#1232=ORIENTED_EDGE('',*,*,#4220,.T.);
#1233=ORIENTED_EDGE('',*,*,#4221,.T.);
#1234=ORIENTED_EDGE('',*,*,#4222,.F.);
#1235=ORIENTED_EDGE('',*,*,#4223,.T.);
#1236=ORIENTED_EDGE('',*,*,#4224,.F.);
#1237=ORIENTED_EDGE('',*,*,#4225,.T.);
#1238=ORIENTED_EDGE('',*,*,#4226,.T.);
#1239=ORIENTED_EDGE('',*,*,#4227,.T.);
#1240=ORIENTED_EDGE('',*,*,#4228,.T.);
#1241=ORIENTED_EDGE('',*,*,#4229,.T.);
#1242=ORIENTED_EDGE('',*,*,#4230,.T.);
#1243=ORIENTED_EDGE('',*,*,#4231,.T.);
#1244=ORIENTED_EDGE('',*,*,#4232,.F.);
#1245=ORIENTED_EDGE('',*,*,#4233,.T.);
#1246=ORIENTED_EDGE('',*,*,#4234,.F.);
#1247=ORIENTED_EDGE('',*,*,#4235,.T.);
#1248=ORIENTED_EDGE('',*,*,#4236,.F.);
#1249=ORIENTED_EDGE('',*,*,#4237,.T.);
#1250=ORIENTED_EDGE('',*,*,#4238,.T.);
#1251=ORIENTED_EDGE('',*,*,#4239,.T.);
#1252=ORIENTED_EDGE('',*,*,#4240,.T.);
#1253=ORIENTED_EDGE('',*,*,#4241,.F.);
#1254=ORIENTED_EDGE('',*,*,#4242,.T.);
#1255=ORIENTED_EDGE('',*,*,#4243,.F.);
#1256=ORIENTED_EDGE('',*,*,#4244,.T.);
#1257=ORIENTED_EDGE('',*,*,#4245,.F.);
#1258=ORIENTED_EDGE('',*,*,#4246,.T.);
#1259=ORIENTED_EDGE('',*,*,#4247,.F.);
#1260=ORIENTED_EDGE('',*,*,#4248,.T.);
#1261=ORIENTED_EDGE('',*,*,#4249,.T.);
#1262=ORIENTED_EDGE('',*,*,#4250,.T.);
#1263=ORIENTED_EDGE('',*,*,#4251,.T.);
#1264=ORIENTED_EDGE('',*,*,#4252,.F.);
#1265=ORIENTED_EDGE('',*,*,#4253,.T.);
#1266=ORIENTED_EDGE('',*,*,#4254,.T.);
#1267=ORIENTED_EDGE('',*,*,#4255,.T.);
#1268=ORIENTED_EDGE('',*,*,#4256,.T.);
#1269=ORIENTED_EDGE('',*,*,#4257,.T.);
#1270=ORIENTED_EDGE('',*,*,#4258,.F.);
#1271=ORIENTED_EDGE('',*,*,#4259,.T.);
#1272=ORIENTED_EDGE('',*,*,#4260,.F.);
#1273=ORIENTED_EDGE('',*,*,#4261,.T.);
#1274=ORIENTED_EDGE('',*,*,#4262,.F.);
#1275=ORIENTED_EDGE('',*,*,#4263,.T.);
#1276=ORIENTED_EDGE('',*,*,#4264,.F.);
#1277=ORIENTED_EDGE('',*,*,#4265,.T.);
#1278=ORIENTED_EDGE('',*,*,#4266,.F.);
#1279=ORIENTED_EDGE('',*,*,#4267,.F.);
#1280=ORIENTED_EDGE('',*,*,#4268,.F.);
#1281=ORIENTED_EDGE('',*,*,#4269,.F.);
#1282=ORIENTED_EDGE('',*,*,#4270,.F.);
#1283=ORIENTED_EDGE('',*,*,#4271,.T.);
#1284=ORIENTED_EDGE('',*,*,#4272,.F.);
#1285=ORIENTED_EDGE('',*,*,#4273,.T.);
#1286=ORIENTED_EDGE('',*,*,#4274,.F.);
#1287=ORIENTED_EDGE('',*,*,#4275,.F.);
#1288=ORIENTED_EDGE('',*,*,#4276,.T.);
#1289=ORIENTED_EDGE('',*,*,#4277,.F.);
#1290=ORIENTED_EDGE('',*,*,#4278,.T.);
#1291=ORIENTED_EDGE('',*,*,#4279,.F.);
#1292=ORIENTED_EDGE('',*,*,#4280,.F.);
#1293=ORIENTED_EDGE('',*,*,#4281,.T.);
#1294=ORIENTED_EDGE('',*,*,#4282,.F.);
#1295=ORIENTED_EDGE('',*,*,#4283,.F.);
#1296=ORIENTED_EDGE('',*,*,#4284,.F.);
#1297=ORIENTED_EDGE('',*,*,#4285,.F.);
#1298=ORIENTED_EDGE('',*,*,#4286,.F.);
#1299=ORIENTED_EDGE('',*,*,#4287,.F.);
#1300=ORIENTED_EDGE('',*,*,#4288,.T.);
#1301=ORIENTED_EDGE('',*,*,#4289,.F.);
#1302=ORIENTED_EDGE('',*,*,#4290,.T.);
#1303=ORIENTED_EDGE('',*,*,#4291,.F.);
#1304=ORIENTED_EDGE('',*,*,#4292,.T.);
#1305=ORIENTED_EDGE('',*,*,#4293,.F.);
#1306=ORIENTED_EDGE('',*,*,#4294,.F.);
#1307=ORIENTED_EDGE('',*,*,#4295,.F.);
#1308=ORIENTED_EDGE('',*,*,#4296,.F.);
#1309=ORIENTED_EDGE('',*,*,#4297,.T.);
#1310=ORIENTED_EDGE('',*,*,#4298,.F.);
#1311=ORIENTED_EDGE('',*,*,#4299,.F.);
#1312=ORIENTED_EDGE('',*,*,#4300,.F.);
#1313=ORIENTED_EDGE('',*,*,#4301,.F.);
#1314=ORIENTED_EDGE('',*,*,#4302,.F.);
#1315=ORIENTED_EDGE('',*,*,#4303,.T.);
#1316=ORIENTED_EDGE('',*,*,#4304,.F.);
#1317=ORIENTED_EDGE('',*,*,#4305,.F.);
#1318=ORIENTED_EDGE('',*,*,#4306,.T.);
#1319=ORIENTED_EDGE('',*,*,#4307,.F.);
#1320=ORIENTED_EDGE('',*,*,#4308,.T.);
#1321=ORIENTED_EDGE('',*,*,#4309,.F.);
#1322=ORIENTED_EDGE('',*,*,#4310,.T.);
#1323=ORIENTED_EDGE('',*,*,#4311,.F.);
#1324=ORIENTED_EDGE('',*,*,#4312,.T.);
#1325=ORIENTED_EDGE('',*,*,#4313,.F.);
#1326=ORIENTED_EDGE('',*,*,#4314,.F.);
#1327=ORIENTED_EDGE('',*,*,#4315,.F.);
#1328=ORIENTED_EDGE('',*,*,#4316,.F.);
#1329=ORIENTED_EDGE('',*,*,#4317,.F.);
#1330=ORIENTED_EDGE('',*,*,#4318,.T.);
#1331=ORIENTED_EDGE('',*,*,#4319,.F.);
#1332=ORIENTED_EDGE('',*,*,#4320,.F.);
#1333=ORIENTED_EDGE('',*,*,#4321,.F.);
#1334=ORIENTED_EDGE('',*,*,#4322,.F.);
#1335=ORIENTED_EDGE('',*,*,#4323,.F.);
#1336=ORIENTED_EDGE('',*,*,#4324,.F.);
#1337=ORIENTED_EDGE('',*,*,#4325,.F.);
#1338=ORIENTED_EDGE('',*,*,#4326,.F.);
#1339=ORIENTED_EDGE('',*,*,#4327,.F.);
#1340=ORIENTED_EDGE('',*,*,#4328,.F.);
#1341=ORIENTED_EDGE('',*,*,#4329,.F.);
#1342=ORIENTED_EDGE('',*,*,#4330,.F.);
#1343=ORIENTED_EDGE('',*,*,#4331,.F.);
#1344=ORIENTED_EDGE('',*,*,#4332,.T.);
#1345=ORIENTED_EDGE('',*,*,#4333,.F.);
#1346=ORIENTED_EDGE('',*,*,#4334,.F.);
#1347=ORIENTED_EDGE('',*,*,#4335,.F.);
#1348=ORIENTED_EDGE('',*,*,#4336,.F.);
#1349=ORIENTED_EDGE('',*,*,#4337,.T.);
#1350=ORIENTED_EDGE('',*,*,#4338,.F.);
#1351=ORIENTED_EDGE('',*,*,#4339,.T.);
#1352=ORIENTED_EDGE('',*,*,#4340,.F.);
#1353=ORIENTED_EDGE('',*,*,#4341,.F.);
#1354=ORIENTED_EDGE('',*,*,#4342,.F.);
#1355=ORIENTED_EDGE('',*,*,#4343,.F.);
#1356=ORIENTED_EDGE('',*,*,#4344,.T.);
#1357=ORIENTED_EDGE('',*,*,#4345,.F.);
#1358=ORIENTED_EDGE('',*,*,#4346,.F.);
#1359=ORIENTED_EDGE('',*,*,#4347,.F.);
#1360=ORIENTED_EDGE('',*,*,#4348,.T.);
#1361=ORIENTED_EDGE('',*,*,#4349,.F.);
#1362=ORIENTED_EDGE('',*,*,#4350,.F.);
#1363=ORIENTED_EDGE('',*,*,#4351,.F.);
#1364=ORIENTED_EDGE('',*,*,#4352,.F.);
#1365=ORIENTED_EDGE('',*,*,#4353,.F.);
#1366=ORIENTED_EDGE('',*,*,#4354,.T.);
#1367=ORIENTED_EDGE('',*,*,#4355,.F.);
#1368=ORIENTED_EDGE('',*,*,#4356,.F.);
#1369=ORIENTED_EDGE('',*,*,#4357,.F.);
#1370=ORIENTED_EDGE('',*,*,#4358,.F.);
#1371=ORIENTED_EDGE('',*,*,#4359,.T.);
#1372=ORIENTED_EDGE('',*,*,#4360,.F.);
#1373=ORIENTED_EDGE('',*,*,#4361,.F.);
#1374=ORIENTED_EDGE('',*,*,#4362,.F.);
#1375=ORIENTED_EDGE('',*,*,#4363,.T.);
#1376=ORIENTED_EDGE('',*,*,#4364,.F.);
#1377=ORIENTED_EDGE('',*,*,#4365,.T.);
#1378=ORIENTED_EDGE('',*,*,#4366,.T.);
#1379=ORIENTED_EDGE('',*,*,#4367,.T.);
#1380=ORIENTED_EDGE('',*,*,#4368,.F.);
#1381=ORIENTED_EDGE('',*,*,#4369,.T.);
#1382=ORIENTED_EDGE('',*,*,#4370,.T.);
#1383=ORIENTED_EDGE('',*,*,#4371,.F.);
#1384=ORIENTED_EDGE('',*,*,#4372,.F.);
#1385=ORIENTED_EDGE('',*,*,#4373,.F.);
#1386=ORIENTED_EDGE('',*,*,#4374,.T.);
#1387=ORIENTED_EDGE('',*,*,#4375,.T.);
#1388=ORIENTED_EDGE('',*,*,#4376,.F.);
#1389=ORIENTED_EDGE('',*,*,#4377,.F.);
#1390=ORIENTED_EDGE('',*,*,#4378,.T.);
#1391=ORIENTED_EDGE('',*,*,#4379,.T.);
#1392=ORIENTED_EDGE('',*,*,#4380,.T.);
#1393=ORIENTED_EDGE('',*,*,#4381,.F.);
#1394=ORIENTED_EDGE('',*,*,#4382,.T.);
#1395=ORIENTED_EDGE('',*,*,#4383,.T.);
#1396=ORIENTED_EDGE('',*,*,#4384,.T.);
#1397=ORIENTED_EDGE('',*,*,#4385,.F.);
#1398=ORIENTED_EDGE('',*,*,#4386,.T.);
#1399=ORIENTED_EDGE('',*,*,#4387,.T.);
#1400=ORIENTED_EDGE('',*,*,#4388,.T.);
#1401=ORIENTED_EDGE('',*,*,#4389,.T.);
#1402=ORIENTED_EDGE('',*,*,#4390,.T.);
#1403=ORIENTED_EDGE('',*,*,#4391,.T.);
#1404=ORIENTED_EDGE('',*,*,#4392,.T.);
#1405=ORIENTED_EDGE('',*,*,#4393,.T.);
#1406=ORIENTED_EDGE('',*,*,#4394,.T.);
#1407=ORIENTED_EDGE('',*,*,#4395,.T.);
#1408=ORIENTED_EDGE('',*,*,#4396,.T.);
#1409=ORIENTED_EDGE('',*,*,#4397,.T.);
#1410=ORIENTED_EDGE('',*,*,#4398,.T.);
#1411=ORIENTED_EDGE('',*,*,#4399,.F.);
#1412=ORIENTED_EDGE('',*,*,#4400,.T.);
#1413=ORIENTED_EDGE('',*,*,#4401,.F.);
#1414=ORIENTED_EDGE('',*,*,#4402,.T.);
#1415=ORIENTED_EDGE('',*,*,#4403,.F.);
#1416=ORIENTED_EDGE('',*,*,#4404,.T.);
#1417=ORIENTED_EDGE('',*,*,#4405,.F.);
#1418=ORIENTED_EDGE('',*,*,#4406,.T.);
#1419=ORIENTED_EDGE('',*,*,#4407,.F.);
#1420=ORIENTED_EDGE('',*,*,#4408,.T.);
#1421=ORIENTED_EDGE('',*,*,#4409,.F.);
#1422=ORIENTED_EDGE('',*,*,#4410,.F.);
#1423=ORIENTED_EDGE('',*,*,#4411,.T.);
#1424=ORIENTED_EDGE('',*,*,#4412,.F.);
#1425=ORIENTED_EDGE('',*,*,#4413,.T.);
#1426=ORIENTED_EDGE('',*,*,#4414,.F.);
#1427=ORIENTED_EDGE('',*,*,#4415,.F.);
#1428=ORIENTED_EDGE('',*,*,#4416,.F.);
#1429=ORIENTED_EDGE('',*,*,#4417,.F.);
#1430=ORIENTED_EDGE('',*,*,#4418,.F.);
#1431=ORIENTED_EDGE('',*,*,#4419,.T.);
#1432=ORIENTED_EDGE('',*,*,#4420,.F.);
#1433=ORIENTED_EDGE('',*,*,#4421,.F.);
#1434=ORIENTED_EDGE('',*,*,#4422,.F.);
#1435=ORIENTED_EDGE('',*,*,#4423,.T.);
#1436=ORIENTED_EDGE('',*,*,#4424,.F.);
#1437=ORIENTED_EDGE('',*,*,#4425,.T.);
#1438=ORIENTED_EDGE('',*,*,#4426,.F.);
#1439=ORIENTED_EDGE('',*,*,#4427,.T.);
#1440=ORIENTED_EDGE('',*,*,#4428,.F.);
#1441=ORIENTED_EDGE('',*,*,#4429,.F.);
#1442=ORIENTED_EDGE('',*,*,#4430,.F.);
#1443=ORIENTED_EDGE('',*,*,#4431,.T.);
#1444=ORIENTED_EDGE('',*,*,#4432,.F.);
#1445=ORIENTED_EDGE('',*,*,#4433,.T.);
#1446=ORIENTED_EDGE('',*,*,#4434,.F.);
#1447=ORIENTED_EDGE('',*,*,#4435,.F.);
#1448=ORIENTED_EDGE('',*,*,#4436,.F.);
#1449=ORIENTED_EDGE('',*,*,#4437,.F.);
#1450=ORIENTED_EDGE('',*,*,#4438,.F.);
#1451=ORIENTED_EDGE('',*,*,#4439,.F.);
#1452=ORIENTED_EDGE('',*,*,#4440,.F.);
#1453=ORIENTED_EDGE('',*,*,#4441,.F.);
#1454=ORIENTED_EDGE('',*,*,#4442,.T.);
#1455=ORIENTED_EDGE('',*,*,#4443,.F.);
#1456=ORIENTED_EDGE('',*,*,#4444,.F.);
#1457=ORIENTED_EDGE('',*,*,#4445,.F.);
#1458=ORIENTED_EDGE('',*,*,#4446,.F.);
#1459=ORIENTED_EDGE('',*,*,#4447,.F.);
#1460=ORIENTED_EDGE('',*,*,#4448,.F.);
#1461=ORIENTED_EDGE('',*,*,#4449,.F.);
#1462=ORIENTED_EDGE('',*,*,#4450,.F.);
#1463=ORIENTED_EDGE('',*,*,#4451,.F.);
#1464=ORIENTED_EDGE('',*,*,#4452,.F.);
#1465=ORIENTED_EDGE('',*,*,#4453,.T.);
#1466=ORIENTED_EDGE('',*,*,#4454,.F.);
#1467=ORIENTED_EDGE('',*,*,#4455,.T.);
#1468=ORIENTED_EDGE('',*,*,#4456,.F.);
#1469=ORIENTED_EDGE('',*,*,#4457,.T.);
#1470=ORIENTED_EDGE('',*,*,#4458,.F.);
#1471=ORIENTED_EDGE('',*,*,#4459,.F.);
#1472=ORIENTED_EDGE('',*,*,#4460,.F.);
#1473=ORIENTED_EDGE('',*,*,#4461,.F.);
#1474=ORIENTED_EDGE('',*,*,#4462,.F.);
#1475=ORIENTED_EDGE('',*,*,#4463,.F.);
#1476=ORIENTED_EDGE('',*,*,#4464,.F.);
#1477=ORIENTED_EDGE('',*,*,#4465,.F.);
#1478=ORIENTED_EDGE('',*,*,#4466,.F.);
#1479=ORIENTED_EDGE('',*,*,#4467,.T.);
#1480=ORIENTED_EDGE('',*,*,#4468,.F.);
#1481=ORIENTED_EDGE('',*,*,#4469,.T.);
#1482=ORIENTED_EDGE('',*,*,#4470,.T.);
#1483=ORIENTED_EDGE('',*,*,#4471,.F.);
#1484=ORIENTED_EDGE('',*,*,#4472,.F.);
#1485=ORIENTED_EDGE('',*,*,#4473,.F.);
#1486=ORIENTED_EDGE('',*,*,#4474,.T.);
#1487=ORIENTED_EDGE('',*,*,#4475,.F.);
#1488=ORIENTED_EDGE('',*,*,#4476,.F.);
#1489=ORIENTED_EDGE('',*,*,#4477,.F.);
#1490=ORIENTED_EDGE('',*,*,#4478,.F.);
#1491=ORIENTED_EDGE('',*,*,#4479,.F.);
#1492=ORIENTED_EDGE('',*,*,#4480,.F.);
#1493=ORIENTED_EDGE('',*,*,#4481,.T.);
#1494=ORIENTED_EDGE('',*,*,#4482,.F.);
#1495=ORIENTED_EDGE('',*,*,#4483,.F.);
#1496=ORIENTED_EDGE('',*,*,#4484,.F.);
#1497=ORIENTED_EDGE('',*,*,#4485,.T.);
#1498=ORIENTED_EDGE('',*,*,#4486,.T.);
#1499=ORIENTED_EDGE('',*,*,#4487,.F.);
#1500=ORIENTED_EDGE('',*,*,#4488,.F.);
#1501=ORIENTED_EDGE('',*,*,#4489,.F.);
#1502=ORIENTED_EDGE('',*,*,#4490,.F.);
#1503=ORIENTED_EDGE('',*,*,#4491,.F.);
#1504=ORIENTED_EDGE('',*,*,#4492,.T.);
#1505=ORIENTED_EDGE('',*,*,#4493,.T.);
#1506=ORIENTED_EDGE('',*,*,#4494,.T.);
#1507=ORIENTED_EDGE('',*,*,#4495,.T.);
#1508=ORIENTED_EDGE('',*,*,#4496,.T.);
#1509=ORIENTED_EDGE('',*,*,#4497,.T.);
#1510=ORIENTED_EDGE('',*,*,#4498,.T.);
#1511=ORIENTED_EDGE('',*,*,#4499,.T.);
#1512=ORIENTED_EDGE('',*,*,#4500,.T.);
#1513=ORIENTED_EDGE('',*,*,#4501,.T.);
#1514=ORIENTED_EDGE('',*,*,#4502,.T.);
#1515=ORIENTED_EDGE('',*,*,#4503,.T.);
#1516=ORIENTED_EDGE('',*,*,#4504,.F.);
#1517=ORIENTED_EDGE('',*,*,#4505,.F.);
#1518=ORIENTED_EDGE('',*,*,#4506,.T.);
#1519=ORIENTED_EDGE('',*,*,#4507,.T.);
#1520=ORIENTED_EDGE('',*,*,#4508,.F.);
#1521=ORIENTED_EDGE('',*,*,#4509,.T.);
#1522=ORIENTED_EDGE('',*,*,#4510,.F.);
#1523=ORIENTED_EDGE('',*,*,#4511,.T.);
#1524=ORIENTED_EDGE('',*,*,#4512,.T.);
#1525=ORIENTED_EDGE('',*,*,#4513,.T.);
#1526=ORIENTED_EDGE('',*,*,#4514,.T.);
#1527=ORIENTED_EDGE('',*,*,#4515,.T.);
#1528=ORIENTED_EDGE('',*,*,#4516,.T.);
#1529=ORIENTED_EDGE('',*,*,#4517,.T.);
#1530=ORIENTED_EDGE('',*,*,#4518,.T.);
#1531=ORIENTED_EDGE('',*,*,#4519,.T.);
#1532=ORIENTED_EDGE('',*,*,#4520,.T.);
#1533=ORIENTED_EDGE('',*,*,#4521,.T.);
#1534=ORIENTED_EDGE('',*,*,#4522,.T.);
#1535=ORIENTED_EDGE('',*,*,#4523,.T.);
#1536=ORIENTED_EDGE('',*,*,#4524,.F.);
#1537=ORIENTED_EDGE('',*,*,#4525,.T.);
#1538=ORIENTED_EDGE('',*,*,#4526,.T.);
#1539=ORIENTED_EDGE('',*,*,#4527,.T.);
#1540=ORIENTED_EDGE('',*,*,#4528,.F.);
#1541=ORIENTED_EDGE('',*,*,#4529,.T.);
#1542=ORIENTED_EDGE('',*,*,#4530,.F.);
#1543=ORIENTED_EDGE('',*,*,#4531,.F.);
#1544=ORIENTED_EDGE('',*,*,#4532,.F.);
#1545=ORIENTED_EDGE('',*,*,#4533,.F.);
#1546=ORIENTED_EDGE('',*,*,#4534,.F.);
#1547=ORIENTED_EDGE('',*,*,#4535,.F.);
#1548=ORIENTED_EDGE('',*,*,#4536,.F.);
#1549=ORIENTED_EDGE('',*,*,#4537,.F.);
#1550=ORIENTED_EDGE('',*,*,#4538,.F.);
#1551=ORIENTED_EDGE('',*,*,#4539,.F.);
#1552=ORIENTED_EDGE('',*,*,#4540,.F.);
#1553=ORIENTED_EDGE('',*,*,#4541,.T.);
#1554=ORIENTED_EDGE('',*,*,#4542,.F.);
#1555=ORIENTED_EDGE('',*,*,#4543,.F.);
#1556=ORIENTED_EDGE('',*,*,#4544,.F.);
#1557=ORIENTED_EDGE('',*,*,#4545,.T.);
#1558=ORIENTED_EDGE('',*,*,#4546,.F.);
#1559=ORIENTED_EDGE('',*,*,#4547,.F.);
#1560=ORIENTED_EDGE('',*,*,#4548,.F.);
#1561=ORIENTED_EDGE('',*,*,#4549,.F.);
#1562=ORIENTED_EDGE('',*,*,#4550,.F.);
#1563=ORIENTED_EDGE('',*,*,#4551,.T.);
#1564=ORIENTED_EDGE('',*,*,#4552,.T.);
#1565=ORIENTED_EDGE('',*,*,#4553,.F.);
#1566=ORIENTED_EDGE('',*,*,#4554,.T.);
#1567=ORIENTED_EDGE('',*,*,#4555,.F.);
#1568=ORIENTED_EDGE('',*,*,#4556,.F.);
#1569=ORIENTED_EDGE('',*,*,#4557,.F.);
#1570=ORIENTED_EDGE('',*,*,#4558,.T.);
#1571=ORIENTED_EDGE('',*,*,#4559,.F.);
#1572=ORIENTED_EDGE('',*,*,#4560,.F.);
#1573=ORIENTED_EDGE('',*,*,#4561,.F.);
#1574=ORIENTED_EDGE('',*,*,#4562,.F.);
#1575=ORIENTED_EDGE('',*,*,#4563,.F.);
#1576=ORIENTED_EDGE('',*,*,#4564,.F.);
#1577=ORIENTED_EDGE('',*,*,#4565,.F.);
#1578=ORIENTED_EDGE('',*,*,#4566,.F.);
#1579=ORIENTED_EDGE('',*,*,#4567,.F.);
#1580=ORIENTED_EDGE('',*,*,#4568,.F.);
#1581=ORIENTED_EDGE('',*,*,#4569,.F.);
#1582=ORIENTED_EDGE('',*,*,#4570,.T.);
#1583=ORIENTED_EDGE('',*,*,#4571,.F.);
#1584=ORIENTED_EDGE('',*,*,#4572,.T.);
#1585=ORIENTED_EDGE('',*,*,#4573,.F.);
#1586=ORIENTED_EDGE('',*,*,#4574,.F.);
#1587=ORIENTED_EDGE('',*,*,#4575,.F.);
#1588=ORIENTED_EDGE('',*,*,#4576,.F.);
#1589=ORIENTED_EDGE('',*,*,#4577,.F.);
#1590=ORIENTED_EDGE('',*,*,#4578,.F.);
#1591=ORIENTED_EDGE('',*,*,#4579,.F.);
#1592=ORIENTED_EDGE('',*,*,#4580,.F.);
#1593=ORIENTED_EDGE('',*,*,#4581,.F.);
#1594=ORIENTED_EDGE('',*,*,#4582,.F.);
#1595=ORIENTED_EDGE('',*,*,#4583,.T.);
#1596=ORIENTED_EDGE('',*,*,#4584,.F.);
#1597=ORIENTED_EDGE('',*,*,#4585,.F.);
#1598=ORIENTED_EDGE('',*,*,#4586,.F.);
#1599=ORIENTED_EDGE('',*,*,#4587,.F.);
#1600=ORIENTED_EDGE('',*,*,#4588,.F.);
#1601=ORIENTED_EDGE('',*,*,#4589,.T.);
#1602=ORIENTED_EDGE('',*,*,#4590,.F.);
#1603=ORIENTED_EDGE('',*,*,#4591,.T.);
#1604=ORIENTED_EDGE('',*,*,#4592,.F.);
#1605=ORIENTED_EDGE('',*,*,#4593,.T.);
#1606=ORIENTED_EDGE('',*,*,#4594,.F.);
#1607=ORIENTED_EDGE('',*,*,#4595,.T.);
#1608=ORIENTED_EDGE('',*,*,#4596,.F.);
#1609=ORIENTED_EDGE('',*,*,#4597,.F.);
#1610=ORIENTED_EDGE('',*,*,#4598,.F.);
#1611=ORIENTED_EDGE('',*,*,#4599,.T.);
#1612=ORIENTED_EDGE('',*,*,#4600,.F.);
#1613=ORIENTED_EDGE('',*,*,#4601,.T.);
#1614=ORIENTED_EDGE('',*,*,#4602,.F.);
#1615=ORIENTED_EDGE('',*,*,#4603,.F.);
#1616=ORIENTED_EDGE('',*,*,#4604,.T.);
#1617=ORIENTED_EDGE('',*,*,#4605,.F.);
#1618=ORIENTED_EDGE('',*,*,#4606,.F.);
#1619=ORIENTED_EDGE('',*,*,#4607,.F.);
#1620=ORIENTED_EDGE('',*,*,#4608,.T.);
#1621=ORIENTED_EDGE('',*,*,#4609,.F.);
#1622=ORIENTED_EDGE('',*,*,#4610,.F.);
#1623=ORIENTED_EDGE('',*,*,#4611,.F.);
#1624=ORIENTED_EDGE('',*,*,#4612,.F.);
#1625=ORIENTED_EDGE('',*,*,#4613,.F.);
#1626=ORIENTED_EDGE('',*,*,#4614,.F.);
#1627=ORIENTED_EDGE('',*,*,#4615,.T.);
#1628=ORIENTED_EDGE('',*,*,#4616,.F.);
#1629=ORIENTED_EDGE('',*,*,#4617,.T.);
#1630=ORIENTED_EDGE('',*,*,#4501,.F.);
#1631=ORIENTED_EDGE('',*,*,#4618,.T.);
#1632=ORIENTED_EDGE('',*,*,#4500,.F.);
#1633=ORIENTED_EDGE('',*,*,#4619,.T.);
#1634=ORIENTED_EDGE('',*,*,#4499,.F.);
#1635=ORIENTED_EDGE('',*,*,#4620,.T.);
#1636=ORIENTED_EDGE('',*,*,#4498,.F.);
#1637=ORIENTED_EDGE('',*,*,#4621,.T.);
#1638=ORIENTED_EDGE('',*,*,#4497,.F.);
#1639=ORIENTED_EDGE('',*,*,#4622,.T.);
#1640=ORIENTED_EDGE('',*,*,#4496,.F.);
#1641=ORIENTED_EDGE('',*,*,#4623,.T.);
#1642=ORIENTED_EDGE('',*,*,#4495,.F.);
#1643=ORIENTED_EDGE('',*,*,#4624,.T.);
#1644=ORIENTED_EDGE('',*,*,#4494,.F.);
#1645=ORIENTED_EDGE('',*,*,#4625,.T.);
#1646=ORIENTED_EDGE('',*,*,#4493,.F.);
#1647=ORIENTED_EDGE('',*,*,#4626,.T.);
#1648=ORIENTED_EDGE('',*,*,#4492,.F.);
#1649=ORIENTED_EDGE('',*,*,#4627,.T.);
#1650=ORIENTED_EDGE('',*,*,#4628,.F.);
#1651=ORIENTED_EDGE('',*,*,#4629,.F.);
#1652=ORIENTED_EDGE('',*,*,#4630,.F.);
#1653=ORIENTED_EDGE('',*,*,#4631,.F.);
#1654=ORIENTED_EDGE('',*,*,#4632,.F.);
#1655=ORIENTED_EDGE('',*,*,#4633,.F.);
#1656=ORIENTED_EDGE('',*,*,#4634,.F.);
#1657=ORIENTED_EDGE('',*,*,#4635,.F.);
#1658=ORIENTED_EDGE('',*,*,#4636,.F.);
#1659=ORIENTED_EDGE('',*,*,#4637,.F.);
#1660=ORIENTED_EDGE('',*,*,#4638,.F.);
#1661=ORIENTED_EDGE('',*,*,#4639,.F.);
#1662=ORIENTED_EDGE('',*,*,#4640,.F.);
#1663=ORIENTED_EDGE('',*,*,#4641,.F.);
#1664=ORIENTED_EDGE('',*,*,#4642,.F.);
#1665=ORIENTED_EDGE('',*,*,#4643,.F.);
#1666=ORIENTED_EDGE('',*,*,#4644,.F.);
#1667=ORIENTED_EDGE('',*,*,#4645,.F.);
#1668=ORIENTED_EDGE('',*,*,#4646,.F.);
#1669=ORIENTED_EDGE('',*,*,#4647,.F.);
#1670=ORIENTED_EDGE('',*,*,#4648,.F.);
#1671=ORIENTED_EDGE('',*,*,#4649,.F.);
#1672=ORIENTED_EDGE('',*,*,#4650,.F.);
#1673=ORIENTED_EDGE('',*,*,#4651,.F.);
#1674=ORIENTED_EDGE('',*,*,#4652,.F.);
#1675=ORIENTED_EDGE('',*,*,#4653,.F.);
#1676=ORIENTED_EDGE('',*,*,#4654,.F.);
#1677=ORIENTED_EDGE('',*,*,#4655,.F.);
#1678=ORIENTED_EDGE('',*,*,#4656,.F.);
#1679=ORIENTED_EDGE('',*,*,#4657,.F.);
#1680=ORIENTED_EDGE('',*,*,#4658,.F.);
#1681=ORIENTED_EDGE('',*,*,#4659,.F.);
#1682=ORIENTED_EDGE('',*,*,#4660,.F.);
#1683=ORIENTED_EDGE('',*,*,#4661,.F.);
#1684=ORIENTED_EDGE('',*,*,#4662,.F.);
#1685=ORIENTED_EDGE('',*,*,#4663,.F.);
#1686=ORIENTED_EDGE('',*,*,#4664,.F.);
#1687=ORIENTED_EDGE('',*,*,#4665,.F.);
#1688=ORIENTED_EDGE('',*,*,#4666,.F.);
#1689=ORIENTED_EDGE('',*,*,#4667,.F.);
#1690=ORIENTED_EDGE('',*,*,#4668,.F.);
#1691=ORIENTED_EDGE('',*,*,#4669,.F.);
#1692=ORIENTED_EDGE('',*,*,#4670,.F.);
#1693=ORIENTED_EDGE('',*,*,#4671,.F.);
#1694=ORIENTED_EDGE('',*,*,#4672,.F.);
#1695=ORIENTED_EDGE('',*,*,#4673,.F.);
#1696=ORIENTED_EDGE('',*,*,#4674,.F.);
#1697=ORIENTED_EDGE('',*,*,#4675,.F.);
#1698=ORIENTED_EDGE('',*,*,#4676,.F.);
#1699=ORIENTED_EDGE('',*,*,#4677,.F.);
#1700=ORIENTED_EDGE('',*,*,#4678,.F.);
#1701=ORIENTED_EDGE('',*,*,#4679,.F.);
#1702=ORIENTED_EDGE('',*,*,#4680,.F.);
#1703=ORIENTED_EDGE('',*,*,#4681,.F.);
#1704=ORIENTED_EDGE('',*,*,#4682,.F.);
#1705=ORIENTED_EDGE('',*,*,#4683,.F.);
#1706=ORIENTED_EDGE('',*,*,#4684,.F.);
#1707=ORIENTED_EDGE('',*,*,#4685,.F.);
#1708=ORIENTED_EDGE('',*,*,#4686,.F.);
#1709=ORIENTED_EDGE('',*,*,#4687,.F.);
#1710=ORIENTED_EDGE('',*,*,#4688,.F.);
#1711=ORIENTED_EDGE('',*,*,#4689,.F.);
#1712=ORIENTED_EDGE('',*,*,#4690,.F.);
#1713=ORIENTED_EDGE('',*,*,#4691,.F.);
#1714=ORIENTED_EDGE('',*,*,#4692,.F.);
#1715=ORIENTED_EDGE('',*,*,#4693,.F.);
#1716=ORIENTED_EDGE('',*,*,#4694,.F.);
#1717=ORIENTED_EDGE('',*,*,#4695,.F.);
#1718=ORIENTED_EDGE('',*,*,#4696,.F.);
#1719=ORIENTED_EDGE('',*,*,#4697,.F.);
#1720=ORIENTED_EDGE('',*,*,#4698,.F.);
#1721=ORIENTED_EDGE('',*,*,#4699,.F.);
#1722=ORIENTED_EDGE('',*,*,#4700,.F.);
#1723=ORIENTED_EDGE('',*,*,#4701,.F.);
#1724=ORIENTED_EDGE('',*,*,#4702,.F.);
#1725=ORIENTED_EDGE('',*,*,#4703,.F.);
#1726=ORIENTED_EDGE('',*,*,#4704,.F.);
#1727=ORIENTED_EDGE('',*,*,#4705,.F.);
#1728=ORIENTED_EDGE('',*,*,#4706,.F.);
#1729=ORIENTED_EDGE('',*,*,#4707,.F.);
#1730=ORIENTED_EDGE('',*,*,#4708,.F.);
#1731=ORIENTED_EDGE('',*,*,#4709,.F.);
#1732=ORIENTED_EDGE('',*,*,#4710,.F.);
#1733=ORIENTED_EDGE('',*,*,#4711,.F.);
#1734=ORIENTED_EDGE('',*,*,#4712,.F.);
#1735=ORIENTED_EDGE('',*,*,#4713,.F.);
#1736=ORIENTED_EDGE('',*,*,#4714,.F.);
#1737=ORIENTED_EDGE('',*,*,#4715,.F.);
#1738=ORIENTED_EDGE('',*,*,#4716,.F.);
#1739=ORIENTED_EDGE('',*,*,#4717,.F.);
#1740=ORIENTED_EDGE('',*,*,#4718,.F.);
#1741=ORIENTED_EDGE('',*,*,#4719,.F.);
#1742=ORIENTED_EDGE('',*,*,#4720,.F.);
#1743=ORIENTED_EDGE('',*,*,#4721,.F.);
#1744=ORIENTED_EDGE('',*,*,#4722,.F.);
#1745=ORIENTED_EDGE('',*,*,#4723,.F.);
#1746=ORIENTED_EDGE('',*,*,#4724,.F.);
#1747=ORIENTED_EDGE('',*,*,#4725,.F.);
#1748=ORIENTED_EDGE('',*,*,#4726,.F.);
#1749=ORIENTED_EDGE('',*,*,#4727,.F.);
#1750=ORIENTED_EDGE('',*,*,#4728,.F.);
#1751=ORIENTED_EDGE('',*,*,#4729,.F.);
#1752=ORIENTED_EDGE('',*,*,#4730,.F.);
#1753=ORIENTED_EDGE('',*,*,#4731,.F.);
#1754=ORIENTED_EDGE('',*,*,#4732,.F.);
#1755=ORIENTED_EDGE('',*,*,#4733,.F.);
#1756=ORIENTED_EDGE('',*,*,#4734,.F.);
#1757=ORIENTED_EDGE('',*,*,#4735,.F.);
#1758=ORIENTED_EDGE('',*,*,#4736,.F.);
#1759=ORIENTED_EDGE('',*,*,#4737,.F.);
#1760=ORIENTED_EDGE('',*,*,#4738,.F.);
#1761=ORIENTED_EDGE('',*,*,#4739,.F.);
#1762=ORIENTED_EDGE('',*,*,#4740,.F.);
#1763=ORIENTED_EDGE('',*,*,#4741,.F.);
#1764=ORIENTED_EDGE('',*,*,#4742,.F.);
#1765=ORIENTED_EDGE('',*,*,#4743,.F.);
#1766=ORIENTED_EDGE('',*,*,#4744,.F.);
#1767=ORIENTED_EDGE('',*,*,#4745,.F.);
#1768=ORIENTED_EDGE('',*,*,#4746,.F.);
#1769=ORIENTED_EDGE('',*,*,#4747,.F.);
#1770=ORIENTED_EDGE('',*,*,#4748,.F.);
#1771=ORIENTED_EDGE('',*,*,#4749,.F.);
#1772=ORIENTED_EDGE('',*,*,#4750,.F.);
#1773=ORIENTED_EDGE('',*,*,#4751,.F.);
#1774=ORIENTED_EDGE('',*,*,#4752,.F.);
#1775=ORIENTED_EDGE('',*,*,#4753,.F.);
#1776=ORIENTED_EDGE('',*,*,#4754,.F.);
#1777=ORIENTED_EDGE('',*,*,#4755,.F.);
#1778=ORIENTED_EDGE('',*,*,#4756,.F.);
#1779=ORIENTED_EDGE('',*,*,#4757,.F.);
#1780=ORIENTED_EDGE('',*,*,#4758,.F.);
#1781=ORIENTED_EDGE('',*,*,#4759,.F.);
#1782=ORIENTED_EDGE('',*,*,#4760,.F.);
#1783=ORIENTED_EDGE('',*,*,#4761,.F.);
#1784=ORIENTED_EDGE('',*,*,#4762,.F.);
#1785=ORIENTED_EDGE('',*,*,#4763,.F.);
#1786=ORIENTED_EDGE('',*,*,#4764,.F.);
#1787=ORIENTED_EDGE('',*,*,#4765,.F.);
#1788=ORIENTED_EDGE('',*,*,#4766,.F.);
#1789=ORIENTED_EDGE('',*,*,#4767,.F.);
#1790=ORIENTED_EDGE('',*,*,#4768,.F.);
#1791=ORIENTED_EDGE('',*,*,#4769,.F.);
#1792=ORIENTED_EDGE('',*,*,#4770,.F.);
#1793=ORIENTED_EDGE('',*,*,#4771,.F.);
#1794=ORIENTED_EDGE('',*,*,#4772,.F.);
#1795=ORIENTED_EDGE('',*,*,#4773,.F.);
#1796=ORIENTED_EDGE('',*,*,#4774,.F.);
#1797=ORIENTED_EDGE('',*,*,#4775,.F.);
#1798=ORIENTED_EDGE('',*,*,#4776,.F.);
#1799=ORIENTED_EDGE('',*,*,#4777,.F.);
#1800=ORIENTED_EDGE('',*,*,#4778,.F.);
#1801=ORIENTED_EDGE('',*,*,#4779,.F.);
#1802=ORIENTED_EDGE('',*,*,#4780,.F.);
#1803=ORIENTED_EDGE('',*,*,#4781,.F.);
#1804=ORIENTED_EDGE('',*,*,#4782,.F.);
#1805=ORIENTED_EDGE('',*,*,#4783,.F.);
#1806=ORIENTED_EDGE('',*,*,#4784,.F.);
#1807=ORIENTED_EDGE('',*,*,#4785,.F.);
#1808=ORIENTED_EDGE('',*,*,#4786,.F.);
#1809=ORIENTED_EDGE('',*,*,#4787,.F.);
#1810=ORIENTED_EDGE('',*,*,#4788,.T.);
#1811=ORIENTED_EDGE('',*,*,#4697,.T.);
#1812=ORIENTED_EDGE('',*,*,#4789,.T.);
#1813=ORIENTED_EDGE('',*,*,#4689,.T.);
#1814=ORIENTED_EDGE('',*,*,#4790,.F.);
#1815=ORIENTED_EDGE('',*,*,#4701,.T.);
#1816=ORIENTED_EDGE('',*,*,#4791,.F.);
#1817=ORIENTED_EDGE('',*,*,#4693,.T.);
#1818=ORIENTED_EDGE('',*,*,#4792,.T.);
#1819=ORIENTED_EDGE('',*,*,#4699,.T.);
#1820=ORIENTED_EDGE('',*,*,#4793,.T.);
#1821=ORIENTED_EDGE('',*,*,#4681,.T.);
#1822=ORIENTED_EDGE('',*,*,#4794,.F.);
#1823=ORIENTED_EDGE('',*,*,#4703,.T.);
#1824=ORIENTED_EDGE('',*,*,#4795,.F.);
#1825=ORIENTED_EDGE('',*,*,#4687,.T.);
#1826=ORIENTED_EDGE('',*,*,#4796,.T.);
#1827=ORIENTED_EDGE('',*,*,#4719,.T.);
#1828=ORIENTED_EDGE('',*,*,#4797,.T.);
#1829=ORIENTED_EDGE('',*,*,#4705,.T.);
#1830=ORIENTED_EDGE('',*,*,#4798,.T.);
#1831=ORIENTED_EDGE('',*,*,#4731,.T.);
#1832=ORIENTED_EDGE('',*,*,#4799,.T.);
#1833=ORIENTED_EDGE('',*,*,#4709,.T.);
#1834=ORIENTED_EDGE('',*,*,#4800,.T.);
#1835=ORIENTED_EDGE('',*,*,#4729,.T.);
#1836=ORIENTED_EDGE('',*,*,#4801,.T.);
#1837=ORIENTED_EDGE('',*,*,#4727,.T.);
#1838=ORIENTED_EDGE('',*,*,#4802,.F.);
#1839=ORIENTED_EDGE('',*,*,#4721,.T.);
#1840=ORIENTED_EDGE('',*,*,#4803,.F.);
#1841=ORIENTED_EDGE('',*,*,#4713,.T.);
#1842=ORIENTED_EDGE('',*,*,#4804,.T.);
#1843=ORIENTED_EDGE('',*,*,#4647,.T.);
#1844=ORIENTED_EDGE('',*,*,#4805,.T.);
#1845=ORIENTED_EDGE('',*,*,#4643,.T.);
#1846=ORIENTED_EDGE('',*,*,#4806,.T.);
#1847=ORIENTED_EDGE('',*,*,#4645,.T.);
#1848=ORIENTED_EDGE('',*,*,#4807,.T.);
#1849=ORIENTED_EDGE('',*,*,#4637,.T.);
#1850=ORIENTED_EDGE('',*,*,#4808,.T.);
#1851=ORIENTED_EDGE('',*,*,#4753,.T.);
#1852=ORIENTED_EDGE('',*,*,#4809,.T.);
#1853=ORIENTED_EDGE('',*,*,#4749,.T.);
#1854=ORIENTED_EDGE('',*,*,#4810,.F.);
#1855=ORIENTED_EDGE('',*,*,#4761,.T.);
#1856=ORIENTED_EDGE('',*,*,#4811,.F.);
#1857=ORIENTED_EDGE('',*,*,#4757,.T.);
#1858=ORIENTED_EDGE('',*,*,#4812,.T.);
#1859=ORIENTED_EDGE('',*,*,#4781,.T.);
#1860=ORIENTED_EDGE('',*,*,#4813,.T.);
#1861=ORIENTED_EDGE('',*,*,#4773,.T.);
#1862=ORIENTED_EDGE('',*,*,#4814,.T.);
#1863=ORIENTED_EDGE('',*,*,#4785,.T.);
#1864=ORIENTED_EDGE('',*,*,#4815,.T.);
#1865=ORIENTED_EDGE('',*,*,#4783,.T.);
#1866=ORIENTED_EDGE('',*,*,#4816,.F.);
#1867=ORIENTED_EDGE('',*,*,#4787,.T.);
#1868=ORIENTED_EDGE('',*,*,#4817,.F.);
#1869=ORIENTED_EDGE('',*,*,#4777,.T.);
#1870=ORIENTED_EDGE('',*,*,#4818,.F.);
#1871=ORIENTED_EDGE('',*,*,#4671,.T.);
#1872=ORIENTED_EDGE('',*,*,#4819,.F.);
#1873=ORIENTED_EDGE('',*,*,#4667,.T.);
#1874=ORIENTED_EDGE('',*,*,#4820,.T.);
#1875=ORIENTED_EDGE('',*,*,#4665,.T.);
#1876=ORIENTED_EDGE('',*,*,#4821,.T.);
#1877=ORIENTED_EDGE('',*,*,#4663,.T.);
#1878=ORIENTED_EDGE('',*,*,#4822,.F.);
#1879=ORIENTED_EDGE('',*,*,#4669,.T.);
#1880=ORIENTED_EDGE('',*,*,#4823,.F.);
#1881=ORIENTED_EDGE('',*,*,#4659,.T.);
#1882=ORIENTED_EDGE('',*,*,#4824,.F.);
#1883=ORIENTED_EDGE('',*,*,#4661,.T.);
#1884=ORIENTED_EDGE('',*,*,#4825,.F.);
#1885=ORIENTED_EDGE('',*,*,#4655,.T.);
#1886=ORIENTED_EDGE('',*,*,#4826,.T.);
#1887=ORIENTED_EDGE('',*,*,#4653,.T.);
#1888=ORIENTED_EDGE('',*,*,#4827,.T.);
#1889=ORIENTED_EDGE('',*,*,#4651,.T.);
#1890=ORIENTED_EDGE('',*,*,#4828,.T.);
#1891=ORIENTED_EDGE('',*,*,#4657,.T.);
#1892=ORIENTED_EDGE('',*,*,#4829,.T.);
#1893=ORIENTED_EDGE('',*,*,#4649,.T.);
#1894=ORIENTED_EDGE('',*,*,#4830,.T.);
#1895=ORIENTED_EDGE('',*,*,#4683,.T.);
#1896=ORIENTED_EDGE('',*,*,#4831,.T.);
#1897=ORIENTED_EDGE('',*,*,#4675,.T.);
#1898=ORIENTED_EDGE('',*,*,#4832,.F.);
#1899=ORIENTED_EDGE('',*,*,#4695,.T.);
#1900=ORIENTED_EDGE('',*,*,#4833,.F.);
#1901=ORIENTED_EDGE('',*,*,#4677,.T.);
#1902=ORIENTED_EDGE('',*,*,#4834,.F.);
#1903=ORIENTED_EDGE('',*,*,#4679,.T.);
#1904=ORIENTED_EDGE('',*,*,#4835,.F.);
#1905=ORIENTED_EDGE('',*,*,#4673,.T.);
#1906=ORIENTED_EDGE('',*,*,#4836,.T.);
#1907=ORIENTED_EDGE('',*,*,#4691,.T.);
#1908=ORIENTED_EDGE('',*,*,#4837,.T.);
#1909=ORIENTED_EDGE('',*,*,#4685,.T.);
#1910=ORIENTED_EDGE('',*,*,#4838,.T.);
#1911=ORIENTED_EDGE('',*,*,#4711,.T.);
#1912=ORIENTED_EDGE('',*,*,#4839,.T.);
#1913=ORIENTED_EDGE('',*,*,#4707,.T.);
#1914=ORIENTED_EDGE('',*,*,#4840,.F.);
#1915=ORIENTED_EDGE('',*,*,#4641,.T.);
#1916=ORIENTED_EDGE('',*,*,#4841,.F.);
#1917=ORIENTED_EDGE('',*,*,#4635,.T.);
#1918=ORIENTED_EDGE('',*,*,#4842,.F.);
#1919=ORIENTED_EDGE('',*,*,#4725,.T.);
#1920=ORIENTED_EDGE('',*,*,#4843,.F.);
#1921=ORIENTED_EDGE('',*,*,#4723,.T.);
#1922=ORIENTED_EDGE('',*,*,#4844,.F.);
#1923=ORIENTED_EDGE('',*,*,#4717,.T.);
#1924=ORIENTED_EDGE('',*,*,#4845,.F.);
#1925=ORIENTED_EDGE('',*,*,#4715,.T.);
#1926=ORIENTED_EDGE('',*,*,#4846,.T.);
#1927=ORIENTED_EDGE('',*,*,#4633,.T.);
#1928=ORIENTED_EDGE('',*,*,#4847,.T.);
#1929=ORIENTED_EDGE('',*,*,#4631,.T.);
#1930=ORIENTED_EDGE('',*,*,#4848,.T.);
#1931=ORIENTED_EDGE('',*,*,#4639,.T.);
#1932=ORIENTED_EDGE('',*,*,#4849,.T.);
#1933=ORIENTED_EDGE('',*,*,#4629,.T.);
#1934=ORIENTED_EDGE('',*,*,#4850,.T.);
#1935=ORIENTED_EDGE('',*,*,#4755,.T.);
#1936=ORIENTED_EDGE('',*,*,#4851,.T.);
#1937=ORIENTED_EDGE('',*,*,#4739,.T.);
#1938=ORIENTED_EDGE('',*,*,#4852,.F.);
#1939=ORIENTED_EDGE('',*,*,#4759,.T.);
#1940=ORIENTED_EDGE('',*,*,#4853,.F.);
#1941=ORIENTED_EDGE('',*,*,#4743,.T.);
#1942=ORIENTED_EDGE('',*,*,#4854,.F.);
#1943=ORIENTED_EDGE('',*,*,#4763,.T.);
#1944=ORIENTED_EDGE('',*,*,#4855,.F.);
#1945=ORIENTED_EDGE('',*,*,#4745,.T.);
#1946=ORIENTED_EDGE('',*,*,#4856,.F.);
#1947=ORIENTED_EDGE('',*,*,#4747,.T.);
#1948=ORIENTED_EDGE('',*,*,#4857,.F.);
#1949=ORIENTED_EDGE('',*,*,#4737,.T.);
#1950=ORIENTED_EDGE('',*,*,#4858,.T.);
#1951=ORIENTED_EDGE('',*,*,#4741,.T.);
#1952=ORIENTED_EDGE('',*,*,#4859,.T.);
#1953=ORIENTED_EDGE('',*,*,#4735,.T.);
#1954=ORIENTED_EDGE('',*,*,#4860,.T.);
#1955=ORIENTED_EDGE('',*,*,#4751,.T.);
#1956=ORIENTED_EDGE('',*,*,#4861,.T.);
#1957=ORIENTED_EDGE('',*,*,#4733,.T.);
#1958=ORIENTED_EDGE('',*,*,#4862,.T.);
#1959=ORIENTED_EDGE('',*,*,#4775,.T.);
#1960=ORIENTED_EDGE('',*,*,#4863,.T.);
#1961=ORIENTED_EDGE('',*,*,#4767,.T.);
#1962=ORIENTED_EDGE('',*,*,#4864,.F.);
#1963=ORIENTED_EDGE('',*,*,#4779,.T.);
#1964=ORIENTED_EDGE('',*,*,#4865,.F.);
#1965=ORIENTED_EDGE('',*,*,#4769,.T.);
#1966=ORIENTED_EDGE('',*,*,#4866,.F.);
#1967=ORIENTED_EDGE('',*,*,#4771,.T.);
#1968=ORIENTED_EDGE('',*,*,#4867,.F.);
#1969=ORIENTED_EDGE('',*,*,#4765,.T.);
#1970=ORIENTED_EDGE('',*,*,#4868,.F.);
#1971=ORIENTED_EDGE('',*,*,#4869,.F.);
#1972=ORIENTED_EDGE('',*,*,#4870,.F.);
#1973=ORIENTED_EDGE('',*,*,#4871,.F.);
#1974=ORIENTED_EDGE('',*,*,#4872,.F.);
#1975=ORIENTED_EDGE('',*,*,#4873,.T.);
#1976=ORIENTED_EDGE('',*,*,#4874,.F.);
#1977=ORIENTED_EDGE('',*,*,#4875,.T.);
#1978=ORIENTED_EDGE('',*,*,#4876,.F.);
#1979=ORIENTED_EDGE('',*,*,#4877,.T.);
#1980=ORIENTED_EDGE('',*,*,#4878,.F.);
#1981=ORIENTED_EDGE('',*,*,#4879,.F.);
#1982=ORIENTED_EDGE('',*,*,#4880,.T.);
#1983=ORIENTED_EDGE('',*,*,#4881,.F.);
#1984=ORIENTED_EDGE('',*,*,#4882,.T.);
#1985=ORIENTED_EDGE('',*,*,#4883,.F.);
#1986=ORIENTED_EDGE('',*,*,#4884,.T.);
#1987=ORIENTED_EDGE('',*,*,#4885,.F.);
#1988=ORIENTED_EDGE('',*,*,#4886,.F.);
#1989=ORIENTED_EDGE('',*,*,#4887,.F.);
#1990=ORIENTED_EDGE('',*,*,#4888,.F.);
#1991=ORIENTED_EDGE('',*,*,#4889,.F.);
#1992=ORIENTED_EDGE('',*,*,#4890,.F.);
#1993=ORIENTED_EDGE('',*,*,#4891,.F.);
#1994=ORIENTED_EDGE('',*,*,#4892,.F.);
#1995=ORIENTED_EDGE('',*,*,#4893,.F.);
#1996=ORIENTED_EDGE('',*,*,#4894,.T.);
#1997=ORIENTED_EDGE('',*,*,#4895,.F.);
#1998=ORIENTED_EDGE('',*,*,#4896,.F.);
#1999=ORIENTED_EDGE('',*,*,#4897,.F.);
#2000=ORIENTED_EDGE('',*,*,#4898,.F.);
#2001=ORIENTED_EDGE('',*,*,#4899,.F.);
#2002=ORIENTED_EDGE('',*,*,#4900,.F.);
#2003=ORIENTED_EDGE('',*,*,#4901,.T.);
#2004=ORIENTED_EDGE('',*,*,#4902,.F.);
#2005=ORIENTED_EDGE('',*,*,#4903,.T.);
#2006=ORIENTED_EDGE('',*,*,#4904,.F.);
#2007=ORIENTED_EDGE('',*,*,#4905,.T.);
#2008=ORIENTED_EDGE('',*,*,#4906,.F.);
#2009=ORIENTED_EDGE('',*,*,#4907,.T.);
#2010=ORIENTED_EDGE('',*,*,#4908,.F.);
#2011=ORIENTED_EDGE('',*,*,#4909,.F.);
#2012=ORIENTED_EDGE('',*,*,#4910,.F.);
#2013=ORIENTED_EDGE('',*,*,#4911,.F.);
#2014=ORIENTED_EDGE('',*,*,#4912,.F.);
#2015=ORIENTED_EDGE('',*,*,#4913,.T.);
#2016=ORIENTED_EDGE('',*,*,#4914,.F.);
#2017=ORIENTED_EDGE('',*,*,#4915,.F.);
#2018=ORIENTED_EDGE('',*,*,#4916,.F.);
#2019=ORIENTED_EDGE('',*,*,#4917,.F.);
#2020=ORIENTED_EDGE('',*,*,#4918,.F.);
#2021=ORIENTED_EDGE('',*,*,#4919,.T.);
#2022=ORIENTED_EDGE('',*,*,#4920,.F.);
#2023=ORIENTED_EDGE('',*,*,#4921,.T.);
#2024=ORIENTED_EDGE('',*,*,#4922,.F.);
#2025=ORIENTED_EDGE('',*,*,#4923,.F.);
#2026=ORIENTED_EDGE('',*,*,#4924,.F.);
#2027=ORIENTED_EDGE('',*,*,#4925,.F.);
#2028=ORIENTED_EDGE('',*,*,#4926,.F.);
#2029=ORIENTED_EDGE('',*,*,#4927,.T.);
#2030=ORIENTED_EDGE('',*,*,#4928,.F.);
#2031=ORIENTED_EDGE('',*,*,#4929,.T.);
#2032=ORIENTED_EDGE('',*,*,#4930,.F.);
#2033=ORIENTED_EDGE('',*,*,#4931,.T.);
#2034=ORIENTED_EDGE('',*,*,#4932,.F.);
#2035=ORIENTED_EDGE('',*,*,#4933,.T.);
#2036=ORIENTED_EDGE('',*,*,#4934,.F.);
#2037=ORIENTED_EDGE('',*,*,#4935,.F.);
#2038=ORIENTED_EDGE('',*,*,#4936,.F.);
#2039=ORIENTED_EDGE('',*,*,#4937,.F.);
#2040=ORIENTED_EDGE('',*,*,#4938,.T.);
#2041=ORIENTED_EDGE('',*,*,#4939,.F.);
#2042=ORIENTED_EDGE('',*,*,#4940,.F.);
#2043=ORIENTED_EDGE('',*,*,#4941,.T.);
#2044=ORIENTED_EDGE('',*,*,#4942,.T.);
#2045=ORIENTED_EDGE('',*,*,#4943,.T.);
#2046=ORIENTED_EDGE('',*,*,#4944,.F.);
#2047=ORIENTED_EDGE('',*,*,#4945,.F.);
#2048=ORIENTED_EDGE('',*,*,#4946,.F.);
#2049=ORIENTED_EDGE('',*,*,#4947,.F.);
#2050=ORIENTED_EDGE('',*,*,#4948,.F.);
#2051=ORIENTED_EDGE('',*,*,#4949,.T.);
#2052=ORIENTED_EDGE('',*,*,#4950,.F.);
#2053=ORIENTED_EDGE('',*,*,#4951,.T.);
#2054=ORIENTED_EDGE('',*,*,#4952,.F.);
#2055=ORIENTED_EDGE('',*,*,#4953,.T.);
#2056=ORIENTED_EDGE('',*,*,#4954,.F.);
#2057=ORIENTED_EDGE('',*,*,#4955,.T.);
#2058=ORIENTED_EDGE('',*,*,#4956,.F.);
#2059=ORIENTED_EDGE('',*,*,#4957,.F.);
#2060=ORIENTED_EDGE('',*,*,#4958,.T.);
#2061=ORIENTED_EDGE('',*,*,#4959,.F.);
#2062=ORIENTED_EDGE('',*,*,#4960,.T.);
#2063=ORIENTED_EDGE('',*,*,#4961,.F.);
#2064=ORIENTED_EDGE('',*,*,#4962,.F.);
#2065=ORIENTED_EDGE('',*,*,#4963,.F.);
#2066=ORIENTED_EDGE('',*,*,#4964,.F.);
#2067=ORIENTED_EDGE('',*,*,#4965,.F.);
#2068=ORIENTED_EDGE('',*,*,#4966,.F.);
#2069=ORIENTED_EDGE('',*,*,#4967,.F.);
#2070=ORIENTED_EDGE('',*,*,#4968,.F.);
#2071=ORIENTED_EDGE('',*,*,#4969,.F.);
#2072=ORIENTED_EDGE('',*,*,#4970,.T.);
#2073=ORIENTED_EDGE('',*,*,#4971,.F.);
#2074=ORIENTED_EDGE('',*,*,#4972,.T.);
#2075=ORIENTED_EDGE('',*,*,#4973,.F.);
#2076=ORIENTED_EDGE('',*,*,#4974,.F.);
#2077=ORIENTED_EDGE('',*,*,#4975,.T.);
#2078=ORIENTED_EDGE('',*,*,#4976,.F.);
#2079=ORIENTED_EDGE('',*,*,#4977,.T.);
#2080=ORIENTED_EDGE('',*,*,#4978,.F.);
#2081=ORIENTED_EDGE('',*,*,#4979,.F.);
#2082=ORIENTED_EDGE('',*,*,#4980,.F.);
#2083=ORIENTED_EDGE('',*,*,#4981,.F.);
#2084=ORIENTED_EDGE('',*,*,#4982,.F.);
#2085=ORIENTED_EDGE('',*,*,#4983,.F.);
#2086=ORIENTED_EDGE('',*,*,#4984,.F.);
#2087=ORIENTED_EDGE('',*,*,#4985,.F.);
#2088=ORIENTED_EDGE('',*,*,#4986,.F.);
#2089=ORIENTED_EDGE('',*,*,#4987,.T.);
#2090=ORIENTED_EDGE('',*,*,#4988,.F.);
#2091=ORIENTED_EDGE('',*,*,#4989,.T.);
#2092=ORIENTED_EDGE('',*,*,#4990,.F.);
#2093=ORIENTED_EDGE('',*,*,#4991,.F.);
#2094=ORIENTED_EDGE('',*,*,#4992,.F.);
#2095=ORIENTED_EDGE('',*,*,#4993,.T.);
#2096=ORIENTED_EDGE('',*,*,#4994,.F.);
#2097=ORIENTED_EDGE('',*,*,#4995,.T.);
#2098=ORIENTED_EDGE('',*,*,#4996,.F.);
#2099=ORIENTED_EDGE('',*,*,#4997,.F.);
#2100=ORIENTED_EDGE('',*,*,#4998,.F.);
#2101=ORIENTED_EDGE('',*,*,#4999,.F.);
#2102=ORIENTED_EDGE('',*,*,#5000,.F.);
#2103=ORIENTED_EDGE('',*,*,#5001,.T.);
#2104=ORIENTED_EDGE('',*,*,#5002,.F.);
#2105=ORIENTED_EDGE('',*,*,#5003,.F.);
#2106=ORIENTED_EDGE('',*,*,#5004,.F.);
#2107=ORIENTED_EDGE('',*,*,#5005,.T.);
#2108=ORIENTED_EDGE('',*,*,#5006,.F.);
#2109=ORIENTED_EDGE('',*,*,#5007,.T.);
#2110=ORIENTED_EDGE('',*,*,#5008,.F.);
#2111=ORIENTED_EDGE('',*,*,#5009,.T.);
#2112=ORIENTED_EDGE('',*,*,#5010,.F.);
#2113=ORIENTED_EDGE('',*,*,#5011,.T.);
#2114=ORIENTED_EDGE('',*,*,#5012,.F.);
#2115=ORIENTED_EDGE('',*,*,#5013,.F.);
#2116=ORIENTED_EDGE('',*,*,#5014,.T.);
#2117=ORIENTED_EDGE('',*,*,#5015,.T.);
#2118=ORIENTED_EDGE('',*,*,#5016,.T.);
#2119=ORIENTED_EDGE('',*,*,#5017,.F.);
#2120=ORIENTED_EDGE('',*,*,#5018,.F.);
#2121=ORIENTED_EDGE('',*,*,#5019,.T.);
#2122=ORIENTED_EDGE('',*,*,#5020,.T.);
#2123=ORIENTED_EDGE('',*,*,#5021,.T.);
#2124=ORIENTED_EDGE('',*,*,#5022,.F.);
#2125=ORIENTED_EDGE('',*,*,#5023,.F.);
#2126=ORIENTED_EDGE('',*,*,#5024,.F.);
#2127=ORIENTED_EDGE('',*,*,#5025,.T.);
#2128=ORIENTED_EDGE('',*,*,#5026,.F.);
#2129=ORIENTED_EDGE('',*,*,#5027,.T.);
#2130=ORIENTED_EDGE('',*,*,#5028,.F.);
#2131=ORIENTED_EDGE('',*,*,#5029,.T.);
#2132=ORIENTED_EDGE('',*,*,#5030,.F.);
#2133=ORIENTED_EDGE('',*,*,#5031,.T.);
#2134=ORIENTED_EDGE('',*,*,#5032,.F.);
#2135=ORIENTED_EDGE('',*,*,#5033,.F.);
#2136=ORIENTED_EDGE('',*,*,#5034,.F.);
#2137=ORIENTED_EDGE('',*,*,#5035,.F.);
#2138=ORIENTED_EDGE('',*,*,#5036,.T.);
#2139=ORIENTED_EDGE('',*,*,#5037,.F.);
#2140=ORIENTED_EDGE('',*,*,#5038,.T.);
#2141=ORIENTED_EDGE('',*,*,#5039,.F.);
#2142=ORIENTED_EDGE('',*,*,#5040,.F.);
#2143=ORIENTED_EDGE('',*,*,#5041,.F.);
#2144=ORIENTED_EDGE('',*,*,#5042,.F.);
#2145=ORIENTED_EDGE('',*,*,#5043,.F.);
#2146=ORIENTED_EDGE('',*,*,#5044,.F.);
#2147=ORIENTED_EDGE('',*,*,#5045,.F.);
#2148=ORIENTED_EDGE('',*,*,#5046,.T.);
#2149=ORIENTED_EDGE('',*,*,#5047,.F.);
#2150=ORIENTED_EDGE('',*,*,#5048,.F.);
#2151=ORIENTED_EDGE('',*,*,#5049,.F.);
#2152=ORIENTED_EDGE('',*,*,#5050,.T.);
#2153=ORIENTED_EDGE('',*,*,#5051,.T.);
#2154=ORIENTED_EDGE('',*,*,#5052,.T.);
#2155=ORIENTED_EDGE('',*,*,#5053,.T.);
#2156=ORIENTED_EDGE('',*,*,#5054,.F.);
#2157=ORIENTED_EDGE('',*,*,#5055,.F.);
#2158=ORIENTED_EDGE('',*,*,#5056,.F.);
#2159=ORIENTED_EDGE('',*,*,#4073,.F.);
#2160=ORIENTED_EDGE('',*,*,#5057,.F.);
#2161=ORIENTED_EDGE('',*,*,#4072,.F.);
#2162=ORIENTED_EDGE('',*,*,#5058,.T.);
#2163=ORIENTED_EDGE('',*,*,#5059,.F.);
#2164=ORIENTED_EDGE('',*,*,#5060,.F.);
#2165=ORIENTED_EDGE('',*,*,#4505,.T.);
#2166=ORIENTED_EDGE('',*,*,#5061,.T.);
#2167=ORIENTED_EDGE('',*,*,#5016,.F.);
#2168=ORIENTED_EDGE('',*,*,#5062,.F.);
#2169=ORIENTED_EDGE('',*,*,#4503,.F.);
#2170=ORIENTED_EDGE('',*,*,#5063,.F.);
#2171=ORIENTED_EDGE('',*,*,#5064,.F.);
#2172=ORIENTED_EDGE('',*,*,#5062,.T.);
#2173=ORIENTED_EDGE('',*,*,#5064,.T.);
#2174=ORIENTED_EDGE('',*,*,#5065,.F.);
#2175=ORIENTED_EDGE('',*,*,#5066,.F.);
#2176=ORIENTED_EDGE('',*,*,#4504,.T.);
#2177=ORIENTED_EDGE('',*,*,#5066,.T.);
#2178=ORIENTED_EDGE('',*,*,#5067,.F.);
#2179=ORIENTED_EDGE('',*,*,#5058,.F.);
#2180=ORIENTED_EDGE('',*,*,#5068,.F.);
#2181=ORIENTED_EDGE('',*,*,#5069,.F.);
#2182=ORIENTED_EDGE('',*,*,#5060,.T.);
#2183=ORIENTED_EDGE('',*,*,#5069,.T.);
#2184=ORIENTED_EDGE('',*,*,#4212,.F.);
#2185=ORIENTED_EDGE('',*,*,#5070,.F.);
#2186=ORIENTED_EDGE('',*,*,#4502,.F.);
#2187=ORIENTED_EDGE('',*,*,#5070,.T.);
#2188=ORIENTED_EDGE('',*,*,#5071,.F.);
#2189=ORIENTED_EDGE('',*,*,#5061,.F.);
#2190=ORIENTED_EDGE('',*,*,#4720,.T.);
#2191=ORIENTED_EDGE('',*,*,#4843,.T.);
#2192=ORIENTED_EDGE('',*,*,#4724,.T.);
#2193=ORIENTED_EDGE('',*,*,#4801,.F.);
#2194=ORIENTED_EDGE('',*,*,#4728,.T.);
#2195=ORIENTED_EDGE('',*,*,#4798,.F.);
#2196=ORIENTED_EDGE('',*,*,#4708,.T.);
#2197=ORIENTED_EDGE('',*,*,#4838,.F.);
#2198=ORIENTED_EDGE('',*,*,#4706,.T.);
#2199=ORIENTED_EDGE('',*,*,#4797,.F.);
#2200=ORIENTED_EDGE('',*,*,#4718,.T.);
#2201=ORIENTED_EDGE('',*,*,#4844,.T.);
#2202=ORIENTED_EDGE('',*,*,#4714,.T.);
#2203=ORIENTED_EDGE('',*,*,#4803,.T.);
#2204=ORIENTED_EDGE('',*,*,#4634,.T.);
#2205=ORIENTED_EDGE('',*,*,#4846,.F.);
#2206=ORIENTED_EDGE('',*,*,#4630,.T.);
#2207=ORIENTED_EDGE('',*,*,#4849,.F.);
#2208=ORIENTED_EDGE('',*,*,#4638,.T.);
#2209=ORIENTED_EDGE('',*,*,#4807,.F.);
#2210=ORIENTED_EDGE('',*,*,#4644,.T.);
#2211=ORIENTED_EDGE('',*,*,#4804,.F.);
#2212=ORIENTED_EDGE('',*,*,#4642,.T.);
#2213=ORIENTED_EDGE('',*,*,#4840,.T.);
#2214=ORIENTED_EDGE('',*,*,#4662,.T.);
#2215=ORIENTED_EDGE('',*,*,#4824,.T.);
#2216=ORIENTED_EDGE('',*,*,#4654,.T.);
#2217=ORIENTED_EDGE('',*,*,#4826,.F.);
#2218=ORIENTED_EDGE('',*,*,#4650,.T.);
#2219=ORIENTED_EDGE('',*,*,#4829,.F.);
#2220=ORIENTED_EDGE('',*,*,#4656,.T.);
#2221=ORIENTED_EDGE('',*,*,#4823,.T.);
#2222=ORIENTED_EDGE('',*,*,#4668,.T.);
#2223=ORIENTED_EDGE('',*,*,#4818,.T.);
#2224=ORIENTED_EDGE('',*,*,#4666,.T.);
#2225=ORIENTED_EDGE('',*,*,#4820,.F.);
#2226=ORIENTED_EDGE('',*,*,#4694,.T.);
#2227=ORIENTED_EDGE('',*,*,#4791,.T.);
#2228=ORIENTED_EDGE('',*,*,#4700,.T.);
#2229=ORIENTED_EDGE('',*,*,#4794,.T.);
#2230=ORIENTED_EDGE('',*,*,#4686,.T.);
#2231=ORIENTED_EDGE('',*,*,#4837,.F.);
#2232=ORIENTED_EDGE('',*,*,#4690,.T.);
#2233=ORIENTED_EDGE('',*,*,#4789,.F.);
#2234=ORIENTED_EDGE('',*,*,#4696,.T.);
#2235=ORIENTED_EDGE('',*,*,#4792,.F.);
#2236=ORIENTED_EDGE('',*,*,#4680,.T.);
#2237=ORIENTED_EDGE('',*,*,#4830,.F.);
#2238=ORIENTED_EDGE('',*,*,#4674,.T.);
#2239=ORIENTED_EDGE('',*,*,#4835,.T.);
#2240=ORIENTED_EDGE('',*,*,#4678,.T.);
#2241=ORIENTED_EDGE('',*,*,#4833,.T.);
#2242=ORIENTED_EDGE('',*,*,#4809,.F.);
#2243=ORIENTED_EDGE('',*,*,#4752,.T.);
#2244=ORIENTED_EDGE('',*,*,#4850,.F.);
#2245=ORIENTED_EDGE('',*,*,#4738,.T.);
#2246=ORIENTED_EDGE('',*,*,#4857,.T.);
#2247=ORIENTED_EDGE('',*,*,#4746,.T.);
#2248=ORIENTED_EDGE('',*,*,#4855,.T.);
#2249=ORIENTED_EDGE('',*,*,#4762,.T.);
#2250=ORIENTED_EDGE('',*,*,#4810,.T.);
#2251=ORIENTED_EDGE('',*,*,#4756,.T.);
#2252=ORIENTED_EDGE('',*,*,#4852,.T.);
#2253=ORIENTED_EDGE('',*,*,#4742,.T.);
#2254=ORIENTED_EDGE('',*,*,#4858,.F.);
#2255=ORIENTED_EDGE('',*,*,#4734,.T.);
#2256=ORIENTED_EDGE('',*,*,#4861,.F.);
#2257=ORIENTED_EDGE('',*,*,#4750,.T.);
#2258=ORIENTED_EDGE('',*,*,#4778,.T.);
#2259=ORIENTED_EDGE('',*,*,#4817,.T.);
#2260=ORIENTED_EDGE('',*,*,#4786,.T.);
#2261=ORIENTED_EDGE('',*,*,#4814,.F.);
#2262=ORIENTED_EDGE('',*,*,#4782,.T.);
#2263=ORIENTED_EDGE('',*,*,#4812,.F.);
#2264=ORIENTED_EDGE('',*,*,#4772,.T.);
#2265=ORIENTED_EDGE('',*,*,#4862,.F.);
#2266=ORIENTED_EDGE('',*,*,#4766,.T.);
#2267=ORIENTED_EDGE('',*,*,#4867,.T.);
#2268=ORIENTED_EDGE('',*,*,#4770,.T.);
#2269=ORIENTED_EDGE('',*,*,#4865,.T.);
#2270=ORIENTED_EDGE('',*,*,#5053,.F.);
#2271=ORIENTED_EDGE('',*,*,#5051,.F.);
#2272=ORIENTED_EDGE('',*,*,#5055,.T.);
#2273=ORIENTED_EDGE('',*,*,#5049,.T.);
#2274=ORIENTED_EDGE('',*,*,#5072,.F.);
#2275=ORIENTED_EDGE('',*,*,#5073,.F.);
#2276=ORIENTED_EDGE('',*,*,#5074,.T.);
#2277=ORIENTED_EDGE('',*,*,#5075,.F.);
#2278=ORIENTED_EDGE('',*,*,#5076,.F.);
#2279=ORIENTED_EDGE('',*,*,#5077,.T.);
#2280=ORIENTED_EDGE('',*,*,#5078,.T.);
#2281=ORIENTED_EDGE('',*,*,#4145,.F.);
#2282=ORIENTED_EDGE('',*,*,#5079,.F.);
#2283=ORIENTED_EDGE('',*,*,#5075,.T.);
#2284=ORIENTED_EDGE('',*,*,#5080,.T.);
#2285=ORIENTED_EDGE('',*,*,#4941,.F.);
#2286=ORIENTED_EDGE('',*,*,#5081,.F.);
#2287=ORIENTED_EDGE('',*,*,#4143,.T.);
#2288=ORIENTED_EDGE('',*,*,#5082,.T.);
#2289=ORIENTED_EDGE('',*,*,#4071,.F.);
#2290=ORIENTED_EDGE('',*,*,#5083,.F.);
#2291=ORIENTED_EDGE('',*,*,#4939,.T.);
#2292=ORIENTED_EDGE('',*,*,#5068,.T.);
#2293=ORIENTED_EDGE('',*,*,#5084,.F.);
#2294=ORIENTED_EDGE('',*,*,#5085,.F.);
#2295=ORIENTED_EDGE('',*,*,#4213,.T.);
#2296=ORIENTED_EDGE('',*,*,#4813,.F.);
#2297=ORIENTED_EDGE('',*,*,#4780,.T.);
#2298=ORIENTED_EDGE('',*,*,#4815,.F.);
#2299=ORIENTED_EDGE('',*,*,#4784,.T.);
#2300=ORIENTED_EDGE('',*,*,#4816,.T.);
#2301=ORIENTED_EDGE('',*,*,#4776,.T.);
#2302=ORIENTED_EDGE('',*,*,#4864,.T.);
#2303=ORIENTED_EDGE('',*,*,#4768,.T.);
#2304=ORIENTED_EDGE('',*,*,#4866,.T.);
#2305=ORIENTED_EDGE('',*,*,#4764,.T.);
#2306=ORIENTED_EDGE('',*,*,#4863,.F.);
#2307=ORIENTED_EDGE('',*,*,#4774,.T.);
#2308=ORIENTED_EDGE('',*,*,#4722,.T.);
#2309=ORIENTED_EDGE('',*,*,#4802,.T.);
#2310=ORIENTED_EDGE('',*,*,#4712,.T.);
#2311=ORIENTED_EDGE('',*,*,#4845,.T.);
#2312=ORIENTED_EDGE('',*,*,#4716,.T.);
#2313=ORIENTED_EDGE('',*,*,#4796,.F.);
#2314=ORIENTED_EDGE('',*,*,#4704,.T.);
#2315=ORIENTED_EDGE('',*,*,#4839,.F.);
#2316=ORIENTED_EDGE('',*,*,#4710,.T.);
#2317=ORIENTED_EDGE('',*,*,#4799,.F.);
#2318=ORIENTED_EDGE('',*,*,#4730,.T.);
#2319=ORIENTED_EDGE('',*,*,#4800,.F.);
#2320=ORIENTED_EDGE('',*,*,#4726,.T.);
#2321=ORIENTED_EDGE('',*,*,#4842,.T.);
#2322=ORIENTED_EDGE('',*,*,#4640,.T.);
#2323=ORIENTED_EDGE('',*,*,#4805,.F.);
#2324=ORIENTED_EDGE('',*,*,#4646,.T.);
#2325=ORIENTED_EDGE('',*,*,#4806,.F.);
#2326=ORIENTED_EDGE('',*,*,#4636,.T.);
#2327=ORIENTED_EDGE('',*,*,#4848,.F.);
#2328=ORIENTED_EDGE('',*,*,#4628,.T.);
#2329=ORIENTED_EDGE('',*,*,#4847,.F.);
#2330=ORIENTED_EDGE('',*,*,#4632,.T.);
#2331=ORIENTED_EDGE('',*,*,#4841,.T.);
#2332=ORIENTED_EDGE('',*,*,#4660,.T.);
#2333=ORIENTED_EDGE('',*,*,#4821,.F.);
#2334=ORIENTED_EDGE('',*,*,#4664,.T.);
#2335=ORIENTED_EDGE('',*,*,#4819,.T.);
#2336=ORIENTED_EDGE('',*,*,#4670,.T.);
#2337=ORIENTED_EDGE('',*,*,#4822,.T.);
#2338=ORIENTED_EDGE('',*,*,#4658,.T.);
#2339=ORIENTED_EDGE('',*,*,#4828,.F.);
#2340=ORIENTED_EDGE('',*,*,#4648,.T.);
#2341=ORIENTED_EDGE('',*,*,#4827,.F.);
#2342=ORIENTED_EDGE('',*,*,#4652,.T.);
#2343=ORIENTED_EDGE('',*,*,#4825,.T.);
#2344=ORIENTED_EDGE('',*,*,#4698,.T.);
#2345=ORIENTED_EDGE('',*,*,#4788,.F.);
#2346=ORIENTED_EDGE('',*,*,#4688,.T.);
#2347=ORIENTED_EDGE('',*,*,#4836,.F.);
#2348=ORIENTED_EDGE('',*,*,#4684,.T.);
#2349=ORIENTED_EDGE('',*,*,#4795,.T.);
#2350=ORIENTED_EDGE('',*,*,#4702,.T.);
#2351=ORIENTED_EDGE('',*,*,#4790,.T.);
#2352=ORIENTED_EDGE('',*,*,#4692,.T.);
#2353=ORIENTED_EDGE('',*,*,#4832,.T.);
#2354=ORIENTED_EDGE('',*,*,#4676,.T.);
#2355=ORIENTED_EDGE('',*,*,#4834,.T.);
#2356=ORIENTED_EDGE('',*,*,#4672,.T.);
#2357=ORIENTED_EDGE('',*,*,#4831,.F.);
#2358=ORIENTED_EDGE('',*,*,#4682,.T.);
#2359=ORIENTED_EDGE('',*,*,#4793,.F.);
#2360=ORIENTED_EDGE('',*,*,#4808,.F.);
#2361=ORIENTED_EDGE('',*,*,#4748,.T.);
#2362=ORIENTED_EDGE('',*,*,#4860,.F.);
#2363=ORIENTED_EDGE('',*,*,#4732,.T.);
#2364=ORIENTED_EDGE('',*,*,#4859,.F.);
#2365=ORIENTED_EDGE('',*,*,#4740,.T.);
#2366=ORIENTED_EDGE('',*,*,#4853,.T.);
#2367=ORIENTED_EDGE('',*,*,#4758,.T.);
#2368=ORIENTED_EDGE('',*,*,#4811,.T.);
#2369=ORIENTED_EDGE('',*,*,#4760,.T.);
#2370=ORIENTED_EDGE('',*,*,#4854,.T.);
#2371=ORIENTED_EDGE('',*,*,#4744,.T.);
#2372=ORIENTED_EDGE('',*,*,#4856,.T.);
#2373=ORIENTED_EDGE('',*,*,#4736,.T.);
#2374=ORIENTED_EDGE('',*,*,#4851,.F.);
#2375=ORIENTED_EDGE('',*,*,#4754,.T.);
#2376=ORIENTED_EDGE('',*,*,#5052,.F.);
#2377=ORIENTED_EDGE('',*,*,#5050,.F.);
#2378=ORIENTED_EDGE('',*,*,#5054,.T.);
#2379=ORIENTED_EDGE('',*,*,#5048,.T.);
#2380=ORIENTED_EDGE('',*,*,#5086,.T.);
#2381=ORIENTED_EDGE('',*,*,#5087,.T.);
#2382=ORIENTED_EDGE('',*,*,#5059,.T.);
#2383=ORIENTED_EDGE('',*,*,#5088,.F.);
#2384=ORIENTED_EDGE('',*,*,#5089,.F.);
#2385=ORIENTED_EDGE('',*,*,#5084,.T.);
#2386=ORIENTED_EDGE('',*,*,#5067,.T.);
#2387=ORIENTED_EDGE('',*,*,#5090,.F.);
#2388=ORIENTED_EDGE('',*,*,#5091,.F.);
#2389=ORIENTED_EDGE('',*,*,#5088,.T.);
#2390=ORIENTED_EDGE('',*,*,#4050,.F.);
#2391=ORIENTED_EDGE('',*,*,#5092,.T.);
#2392=ORIENTED_EDGE('',*,*,#5093,.T.);
#2393=ORIENTED_EDGE('',*,*,#5094,.T.);
#2394=ORIENTED_EDGE('',*,*,#4044,.T.);
#2395=ORIENTED_EDGE('',*,*,#5095,.T.);
#2396=ORIENTED_EDGE('',*,*,#5096,.T.);
#2397=ORIENTED_EDGE('',*,*,#5097,.T.);
#2398=ORIENTED_EDGE('',*,*,#5098,.T.);
#2399=ORIENTED_EDGE('',*,*,#5099,.T.);
#2400=ORIENTED_EDGE('',*,*,#4042,.F.);
#2401=ORIENTED_EDGE('',*,*,#5100,.T.);
#2402=ORIENTED_EDGE('',*,*,#5101,.T.);
#2403=ORIENTED_EDGE('',*,*,#5102,.T.);
#2404=ORIENTED_EDGE('',*,*,#4036,.T.);
#2405=ORIENTED_EDGE('',*,*,#5103,.T.);
#2406=ORIENTED_EDGE('',*,*,#5104,.T.);
#2407=ORIENTED_EDGE('',*,*,#5105,.T.);
#2408=ORIENTED_EDGE('',*,*,#5106,.T.);
#2409=ORIENTED_EDGE('',*,*,#5107,.T.);
#2410=ORIENTED_EDGE('',*,*,#5108,.T.);
#2411=ORIENTED_EDGE('',*,*,#5109,.T.);
#2412=ORIENTED_EDGE('',*,*,#5110,.F.);
#2413=ORIENTED_EDGE('',*,*,#5111,.T.);
#2414=ORIENTED_EDGE('',*,*,#5112,.F.);
#2415=ORIENTED_EDGE('',*,*,#5113,.T.);
#2416=ORIENTED_EDGE('',*,*,#5114,.T.);
#2417=ORIENTED_EDGE('',*,*,#5115,.T.);
#2418=ORIENTED_EDGE('',*,*,#5116,.T.);
#2419=ORIENTED_EDGE('',*,*,#5117,.T.);
#2420=ORIENTED_EDGE('',*,*,#5118,.T.);
#2421=ORIENTED_EDGE('',*,*,#5119,.T.);
#2422=ORIENTED_EDGE('',*,*,#5120,.T.);
#2423=ORIENTED_EDGE('',*,*,#5121,.T.);
#2424=ORIENTED_EDGE('',*,*,#5122,.T.);
#2425=ORIENTED_EDGE('',*,*,#5123,.F.);
#2426=ORIENTED_EDGE('',*,*,#5124,.T.);
#2427=ORIENTED_EDGE('',*,*,#5125,.F.);
#2428=ORIENTED_EDGE('',*,*,#5126,.T.);
#2429=ORIENTED_EDGE('',*,*,#5127,.F.);
#2430=ORIENTED_EDGE('',*,*,#5128,.T.);
#2431=ORIENTED_EDGE('',*,*,#5129,.T.);
#2432=ORIENTED_EDGE('',*,*,#5130,.T.);
#2433=ORIENTED_EDGE('',*,*,#5131,.T.);
#2434=ORIENTED_EDGE('',*,*,#5132,.T.);
#2435=ORIENTED_EDGE('',*,*,#5133,.T.);
#2436=ORIENTED_EDGE('',*,*,#5134,.T.);
#2437=ORIENTED_EDGE('',*,*,#5135,.T.);
#2438=ORIENTED_EDGE('',*,*,#5136,.T.);
#2439=ORIENTED_EDGE('',*,*,#5137,.F.);
#2440=ORIENTED_EDGE('',*,*,#5138,.T.);
#2441=ORIENTED_EDGE('',*,*,#5139,.F.);
#2442=ORIENTED_EDGE('',*,*,#5140,.T.);
#2443=ORIENTED_EDGE('',*,*,#5141,.T.);
#2444=ORIENTED_EDGE('',*,*,#5142,.T.);
#2445=ORIENTED_EDGE('',*,*,#5143,.T.);
#2446=ORIENTED_EDGE('',*,*,#5144,.T.);
#2447=ORIENTED_EDGE('',*,*,#5145,.T.);
#2448=ORIENTED_EDGE('',*,*,#5146,.T.);
#2449=ORIENTED_EDGE('',*,*,#5147,.T.);
#2450=ORIENTED_EDGE('',*,*,#5148,.F.);
#2451=ORIENTED_EDGE('',*,*,#5149,.T.);
#2452=ORIENTED_EDGE('',*,*,#5150,.F.);
#2453=ORIENTED_EDGE('',*,*,#5151,.T.);
#2454=ORIENTED_EDGE('',*,*,#5056,.T.);
#2455=ORIENTED_EDGE('',*,*,#5057,.T.);
#2456=ORIENTED_EDGE('',*,*,#5065,.T.);
#2457=ORIENTED_EDGE('',*,*,#5152,.F.);
#2458=ORIENTED_EDGE('',*,*,#5153,.F.);
#2459=ORIENTED_EDGE('',*,*,#5090,.T.);
#2460=ORIENTED_EDGE('',*,*,#5063,.T.);
#2461=ORIENTED_EDGE('',*,*,#5019,.F.);
#2462=ORIENTED_EDGE('',*,*,#5154,.F.);
#2463=ORIENTED_EDGE('',*,*,#5152,.T.);
#2464=ORIENTED_EDGE('',*,*,#5071,.T.);
#2465=ORIENTED_EDGE('',*,*,#4215,.F.);
#2466=ORIENTED_EDGE('',*,*,#5155,.F.);
#2467=ORIENTED_EDGE('',*,*,#5017,.T.);
#2468=ORIENTED_EDGE('',*,*,#5156,.T.);
#2469=ORIENTED_EDGE('',*,*,#5077,.F.);
#2470=ORIENTED_EDGE('',*,*,#5157,.F.);
#2471=ORIENTED_EDGE('',*,*,#4069,.T.);
#2472=ORIENTED_EDGE('',*,*,#5085,.T.);
#2473=ORIENTED_EDGE('',*,*,#5089,.T.);
#2474=ORIENTED_EDGE('',*,*,#5091,.T.);
#2475=ORIENTED_EDGE('',*,*,#5153,.T.);
#2476=ORIENTED_EDGE('',*,*,#5154,.T.);
#2477=ORIENTED_EDGE('',*,*,#5018,.T.);
#2478=ORIENTED_EDGE('',*,*,#5155,.T.);
#2479=ORIENTED_EDGE('',*,*,#4214,.T.);
#2480=ORIENTED_EDGE('',*,*,#5076,.T.);
#2481=ORIENTED_EDGE('',*,*,#5079,.T.);
#2482=ORIENTED_EDGE('',*,*,#4144,.T.);
#2483=ORIENTED_EDGE('',*,*,#5081,.T.);
#2484=ORIENTED_EDGE('',*,*,#4940,.T.);
#2485=ORIENTED_EDGE('',*,*,#5083,.T.);
#2486=ORIENTED_EDGE('',*,*,#4070,.T.);
#2487=ORIENTED_EDGE('',*,*,#5157,.T.);
#2488=ORIENTED_EDGE('',*,*,#5158,.T.);
#2489=ORIENTED_EDGE('',*,*,#5156,.F.);
#2490=ORIENTED_EDGE('',*,*,#5159,.F.);
#2491=ORIENTED_EDGE('',*,*,#5159,.T.);
#2492=ORIENTED_EDGE('',*,*,#4068,.F.);
#2493=ORIENTED_EDGE('',*,*,#5160,.F.);
#2494=ORIENTED_EDGE('',*,*,#4375,.F.);
#2495=ORIENTED_EDGE('',*,*,#5160,.T.);
#2496=ORIENTED_EDGE('',*,*,#5082,.F.);
#2497=ORIENTED_EDGE('',*,*,#5161,.F.);
#2498=ORIENTED_EDGE('',*,*,#5161,.T.);
#2499=ORIENTED_EDGE('',*,*,#4938,.F.);
#2500=ORIENTED_EDGE('',*,*,#5162,.F.);
#2501=ORIENTED_EDGE('',*,*,#4376,.T.);
#2502=ORIENTED_EDGE('',*,*,#5162,.T.);
#2503=ORIENTED_EDGE('',*,*,#5080,.F.);
#2504=ORIENTED_EDGE('',*,*,#5163,.F.);
#2505=ORIENTED_EDGE('',*,*,#5163,.T.);
#2506=ORIENTED_EDGE('',*,*,#4142,.F.);
#2507=ORIENTED_EDGE('',*,*,#5164,.F.);
#2508=ORIENTED_EDGE('',*,*,#4373,.T.);
#2509=ORIENTED_EDGE('',*,*,#5164,.T.);
#2510=ORIENTED_EDGE('',*,*,#5078,.F.);
#2511=ORIENTED_EDGE('',*,*,#5165,.F.);
#2512=ORIENTED_EDGE('',*,*,#5165,.T.);
#2513=ORIENTED_EDGE('',*,*,#5074,.F.);
#2514=ORIENTED_EDGE('',*,*,#5158,.F.);
#2515=ORIENTED_EDGE('',*,*,#4374,.F.);
#2516=ORIENTED_EDGE('',*,*,#4937,.T.);
#2517=ORIENTED_EDGE('',*,*,#5015,.F.);
#2518=ORIENTED_EDGE('',*,*,#4936,.T.);
#2519=ORIENTED_EDGE('',*,*,#5014,.F.);
#2520=ORIENTED_EDGE('',*,*,#5073,.T.);
#2521=ORIENTED_EDGE('',*,*,#5087,.F.);
#2522=ORIENTED_EDGE('',*,*,#5072,.T.);
#2523=ORIENTED_EDGE('',*,*,#5086,.F.);
#2524=ORIENTED_EDGE('',*,*,#4216,.T.);
#2525=ORIENTED_EDGE('',*,*,#4146,.T.);
#2526=ORIENTED_EDGE('',*,*,#4217,.T.);
#2527=ORIENTED_EDGE('',*,*,#4147,.T.);
#2528=ORIENTED_EDGE('',*,*,#4516,.F.);
#2529=ORIENTED_EDGE('',*,*,#5166,.T.);
#2530=ORIENTED_EDGE('',*,*,#4393,.F.);
#2531=ORIENTED_EDGE('',*,*,#5167,.T.);
#2532=ORIENTED_EDGE('',*,*,#4514,.F.);
#2533=ORIENTED_EDGE('',*,*,#5168,.T.);
#2534=ORIENTED_EDGE('',*,*,#4395,.F.);
#2535=ORIENTED_EDGE('',*,*,#5169,.T.);
#2536=ORIENTED_EDGE('',*,*,#4518,.F.);
#2537=ORIENTED_EDGE('',*,*,#5170,.T.);
#2538=ORIENTED_EDGE('',*,*,#4391,.F.);
#2539=ORIENTED_EDGE('',*,*,#5171,.T.);
#2540=ORIENTED_EDGE('',*,*,#4397,.F.);
#2541=ORIENTED_EDGE('',*,*,#5172,.T.);
#2542=ORIENTED_EDGE('',*,*,#4512,.F.);
#2543=ORIENTED_EDGE('',*,*,#5173,.T.);
#2544=ORIENTED_EDGE('',*,*,#4510,.T.);
#2545=ORIENTED_EDGE('',*,*,#5174,.T.);
#2546=ORIENTED_EDGE('',*,*,#4399,.T.);
#2547=ORIENTED_EDGE('',*,*,#5175,.T.);
#2548=ORIENTED_EDGE('',*,*,#4508,.T.);
#2549=ORIENTED_EDGE('',*,*,#5176,.T.);
#2550=ORIENTED_EDGE('',*,*,#4377,.T.);
#2551=ORIENTED_EDGE('',*,*,#5177,.T.);
#2552=ORIENTED_EDGE('',*,*,#4379,.F.);
#2553=ORIENTED_EDGE('',*,*,#5178,.T.);
#2554=ORIENTED_EDGE('',*,*,#4506,.F.);
#2555=ORIENTED_EDGE('',*,*,#5179,.T.);
#2556=ORIENTED_EDGE('',*,*,#4381,.T.);
#2557=ORIENTED_EDGE('',*,*,#5180,.T.);
#2558=ORIENTED_EDGE('',*,*,#4528,.T.);
#2559=ORIENTED_EDGE('',*,*,#5181,.T.);
#2560=ORIENTED_EDGE('',*,*,#4526,.F.);
#2561=ORIENTED_EDGE('',*,*,#5182,.T.);
#2562=ORIENTED_EDGE('',*,*,#4383,.F.);
#2563=ORIENTED_EDGE('',*,*,#5183,.T.);
#2564=ORIENTED_EDGE('',*,*,#4524,.T.);
#2565=ORIENTED_EDGE('',*,*,#5184,.T.);
#2566=ORIENTED_EDGE('',*,*,#4385,.T.);
#2567=ORIENTED_EDGE('',*,*,#5185,.T.);
#2568=ORIENTED_EDGE('',*,*,#4522,.F.);
#2569=ORIENTED_EDGE('',*,*,#5186,.T.);
#2570=ORIENTED_EDGE('',*,*,#4387,.F.);
#2571=ORIENTED_EDGE('',*,*,#5187,.T.);
#2572=ORIENTED_EDGE('',*,*,#4389,.F.);
#2573=ORIENTED_EDGE('',*,*,#5188,.T.);
#2574=ORIENTED_EDGE('',*,*,#4520,.F.);
#2575=ORIENTED_EDGE('',*,*,#5189,.T.);
#2576=ORIENTED_EDGE('',*,*,#4507,.F.);
#2577=ORIENTED_EDGE('',*,*,#5178,.F.);
#2578=ORIENTED_EDGE('',*,*,#4378,.F.);
#2579=ORIENTED_EDGE('',*,*,#5176,.F.);
#2580=ORIENTED_EDGE('',*,*,#4513,.F.);
#2581=ORIENTED_EDGE('',*,*,#5172,.F.);
#2582=ORIENTED_EDGE('',*,*,#4396,.F.);
#2583=ORIENTED_EDGE('',*,*,#5168,.F.);
#2584=ORIENTED_EDGE('',*,*,#4521,.F.);
#2585=ORIENTED_EDGE('',*,*,#5188,.F.);
#2586=ORIENTED_EDGE('',*,*,#4388,.F.);
#2587=ORIENTED_EDGE('',*,*,#5186,.F.);
#2588=ORIENTED_EDGE('',*,*,#4523,.F.);
#2589=ORIENTED_EDGE('',*,*,#5187,.F.);
#2590=ORIENTED_EDGE('',*,*,#4386,.F.);
#2591=ORIENTED_EDGE('',*,*,#5184,.F.);
#2592=ORIENTED_EDGE('',*,*,#4525,.F.);
#2593=ORIENTED_EDGE('',*,*,#5185,.F.);
#2594=ORIENTED_EDGE('',*,*,#4384,.F.);
#2595=ORIENTED_EDGE('',*,*,#5182,.F.);
#2596=ORIENTED_EDGE('',*,*,#4529,.F.);
#2597=ORIENTED_EDGE('',*,*,#5180,.F.);
#2598=ORIENTED_EDGE('',*,*,#4380,.F.);
#2599=ORIENTED_EDGE('',*,*,#5179,.F.);
#2600=ORIENTED_EDGE('',*,*,#4527,.F.);
#2601=ORIENTED_EDGE('',*,*,#5183,.F.);
#2602=ORIENTED_EDGE('',*,*,#4382,.F.);
#2603=ORIENTED_EDGE('',*,*,#5181,.F.);
#2604=ORIENTED_EDGE('',*,*,#4509,.F.);
#2605=ORIENTED_EDGE('',*,*,#5177,.F.);
#2606=ORIENTED_EDGE('',*,*,#4400,.F.);
#2607=ORIENTED_EDGE('',*,*,#5174,.F.);
#2608=ORIENTED_EDGE('',*,*,#4511,.F.);
#2609=ORIENTED_EDGE('',*,*,#5175,.F.);
#2610=ORIENTED_EDGE('',*,*,#4398,.F.);
#2611=ORIENTED_EDGE('',*,*,#5173,.F.);
#2612=ORIENTED_EDGE('',*,*,#4515,.F.);
#2613=ORIENTED_EDGE('',*,*,#5169,.F.);
#2614=ORIENTED_EDGE('',*,*,#4394,.F.);
#2615=ORIENTED_EDGE('',*,*,#5166,.F.);
#2616=ORIENTED_EDGE('',*,*,#4517,.F.);
#2617=ORIENTED_EDGE('',*,*,#5167,.F.);
#2618=ORIENTED_EDGE('',*,*,#4392,.F.);
#2619=ORIENTED_EDGE('',*,*,#5170,.F.);
#2620=ORIENTED_EDGE('',*,*,#4519,.F.);
#2621=ORIENTED_EDGE('',*,*,#5171,.F.);
#2622=ORIENTED_EDGE('',*,*,#4390,.F.);
#2623=ORIENTED_EDGE('',*,*,#5189,.F.);
#2624=ORIENTED_EDGE('',*,*,#5013,.T.);
#2625=ORIENTED_EDGE('',*,*,#4935,.T.);
#2626=ORIENTED_EDGE('',*,*,#5012,.T.);
#2627=ORIENTED_EDGE('',*,*,#4934,.T.);
#2628=ORIENTED_EDGE('',*,*,#5020,.F.);
#2629=ORIENTED_EDGE('',*,*,#4942,.F.);
#2630=ORIENTED_EDGE('',*,*,#5021,.F.);
#2631=ORIENTED_EDGE('',*,*,#4943,.F.);
#2632=ORIENTED_EDGE('',*,*,#4925,.T.);
#2633=ORIENTED_EDGE('',*,*,#5190,.F.);
#2634=ORIENTED_EDGE('',*,*,#5003,.T.);
#2635=ORIENTED_EDGE('',*,*,#5191,.F.);
#2636=ORIENTED_EDGE('',*,*,#5007,.F.);
#2637=ORIENTED_EDGE('',*,*,#5192,.F.);
#2638=ORIENTED_EDGE('',*,*,#4931,.F.);
#2639=ORIENTED_EDGE('',*,*,#5193,.F.);
#2640=ORIENTED_EDGE('',*,*,#4933,.F.);
#2641=ORIENTED_EDGE('',*,*,#5194,.F.);
#2642=ORIENTED_EDGE('',*,*,#5005,.F.);
#2643=ORIENTED_EDGE('',*,*,#5195,.F.);
#2644=ORIENTED_EDGE('',*,*,#5009,.F.);
#2645=ORIENTED_EDGE('',*,*,#5196,.F.);
#2646=ORIENTED_EDGE('',*,*,#4929,.F.);
#2647=ORIENTED_EDGE('',*,*,#5197,.F.);
#2648=ORIENTED_EDGE('',*,*,#4927,.F.);
#2649=ORIENTED_EDGE('',*,*,#5198,.F.);
#2650=ORIENTED_EDGE('',*,*,#5011,.F.);
#2651=ORIENTED_EDGE('',*,*,#5199,.F.);
#2652=ORIENTED_EDGE('',*,*,#4928,.T.);
#2653=ORIENTED_EDGE('',*,*,#5199,.T.);
#2654=ORIENTED_EDGE('',*,*,#5010,.T.);
#2655=ORIENTED_EDGE('',*,*,#5197,.T.);
#2656=ORIENTED_EDGE('',*,*,#5002,.T.);
#2657=ORIENTED_EDGE('',*,*,#5198,.T.);
#2658=ORIENTED_EDGE('',*,*,#4926,.T.);
#2659=ORIENTED_EDGE('',*,*,#5191,.T.);
#2660=ORIENTED_EDGE('',*,*,#5008,.T.);
#2661=ORIENTED_EDGE('',*,*,#5193,.T.);
#2662=ORIENTED_EDGE('',*,*,#4930,.T.);
#2663=ORIENTED_EDGE('',*,*,#5196,.T.);
#2664=ORIENTED_EDGE('',*,*,#5004,.T.);
#2665=ORIENTED_EDGE('',*,*,#5190,.T.);
#2666=ORIENTED_EDGE('',*,*,#4924,.T.);
#2667=ORIENTED_EDGE('',*,*,#5195,.T.);
#2668=ORIENTED_EDGE('',*,*,#5006,.T.);
#2669=ORIENTED_EDGE('',*,*,#5194,.T.);
#2670=ORIENTED_EDGE('',*,*,#4932,.T.);
#2671=ORIENTED_EDGE('',*,*,#5192,.T.);
#2672=ORIENTED_EDGE('',*,*,#4923,.T.);
#2673=ORIENTED_EDGE('',*,*,#5200,.F.);
#2674=ORIENTED_EDGE('',*,*,#4991,.T.);
#2675=ORIENTED_EDGE('',*,*,#5201,.F.);
#2676=ORIENTED_EDGE('',*,*,#4921,.F.);
#2677=ORIENTED_EDGE('',*,*,#5202,.F.);
#2678=ORIENTED_EDGE('',*,*,#4993,.F.);
#2679=ORIENTED_EDGE('',*,*,#5203,.F.);
#2680=ORIENTED_EDGE('',*,*,#4995,.F.);
#2681=ORIENTED_EDGE('',*,*,#5204,.F.);
#2682=ORIENTED_EDGE('',*,*,#4919,.F.);
#2683=ORIENTED_EDGE('',*,*,#5205,.F.);
#2684=ORIENTED_EDGE('',*,*,#4997,.T.);
#2685=ORIENTED_EDGE('',*,*,#5206,.F.);
#2686=ORIENTED_EDGE('',*,*,#4917,.T.);
#2687=ORIENTED_EDGE('',*,*,#5207,.F.);
#2688=ORIENTED_EDGE('',*,*,#4913,.F.);
#2689=ORIENTED_EDGE('',*,*,#5208,.F.);
#2690=ORIENTED_EDGE('',*,*,#5001,.F.);
#2691=ORIENTED_EDGE('',*,*,#5209,.F.);
#2692=ORIENTED_EDGE('',*,*,#4915,.T.);
#2693=ORIENTED_EDGE('',*,*,#5210,.F.);
#2694=ORIENTED_EDGE('',*,*,#4999,.T.);
#2695=ORIENTED_EDGE('',*,*,#5211,.F.);
#2696=ORIENTED_EDGE('',*,*,#4916,.T.);
#2697=ORIENTED_EDGE('',*,*,#5211,.T.);
#2698=ORIENTED_EDGE('',*,*,#4998,.T.);
#2699=ORIENTED_EDGE('',*,*,#5207,.T.);
#2700=ORIENTED_EDGE('',*,*,#5000,.T.);
#2701=ORIENTED_EDGE('',*,*,#5210,.T.);
#2702=ORIENTED_EDGE('',*,*,#4914,.T.);
#2703=ORIENTED_EDGE('',*,*,#5209,.T.);
#2704=ORIENTED_EDGE('',*,*,#4990,.T.);
#2705=ORIENTED_EDGE('',*,*,#5208,.T.);
#2706=ORIENTED_EDGE('',*,*,#4912,.T.);
#2707=ORIENTED_EDGE('',*,*,#5201,.T.);
#2708=ORIENTED_EDGE('',*,*,#4918,.T.);
#2709=ORIENTED_EDGE('',*,*,#5206,.T.);
#2710=ORIENTED_EDGE('',*,*,#4996,.T.);
#2711=ORIENTED_EDGE('',*,*,#5205,.T.);
#2712=ORIENTED_EDGE('',*,*,#4992,.T.);
#2713=ORIENTED_EDGE('',*,*,#5200,.T.);
#2714=ORIENTED_EDGE('',*,*,#4922,.T.);
#2715=ORIENTED_EDGE('',*,*,#5203,.T.);
#2716=ORIENTED_EDGE('',*,*,#4994,.T.);
#2717=ORIENTED_EDGE('',*,*,#5202,.T.);
#2718=ORIENTED_EDGE('',*,*,#4920,.T.);
#2719=ORIENTED_EDGE('',*,*,#5204,.T.);
#2720=ORIENTED_EDGE('',*,*,#4901,.F.);
#2721=ORIENTED_EDGE('',*,*,#5212,.F.);
#2722=ORIENTED_EDGE('',*,*,#4977,.F.);
#2723=ORIENTED_EDGE('',*,*,#5213,.F.);
#2724=ORIENTED_EDGE('',*,*,#4987,.F.);
#2725=ORIENTED_EDGE('',*,*,#5214,.F.);
#2726=ORIENTED_EDGE('',*,*,#4907,.F.);
#2727=ORIENTED_EDGE('',*,*,#5215,.F.);
#2728=ORIENTED_EDGE('',*,*,#4979,.T.);
#2729=ORIENTED_EDGE('',*,*,#5216,.F.);
#2730=ORIENTED_EDGE('',*,*,#4899,.T.);
#2731=ORIENTED_EDGE('',*,*,#5217,.F.);
#2732=ORIENTED_EDGE('',*,*,#4981,.T.);
#2733=ORIENTED_EDGE('',*,*,#5218,.F.);
#2734=ORIENTED_EDGE('',*,*,#4897,.T.);
#2735=ORIENTED_EDGE('',*,*,#5219,.F.);
#2736=ORIENTED_EDGE('',*,*,#4909,.T.);
#2737=ORIENTED_EDGE('',*,*,#5220,.F.);
#2738=ORIENTED_EDGE('',*,*,#4985,.T.);
#2739=ORIENTED_EDGE('',*,*,#5221,.F.);
#2740=ORIENTED_EDGE('',*,*,#4983,.T.);
#2741=ORIENTED_EDGE('',*,*,#5222,.F.);
#2742=ORIENTED_EDGE('',*,*,#4911,.T.);
#2743=ORIENTED_EDGE('',*,*,#5223,.F.);
#2744=ORIENTED_EDGE('',*,*,#4903,.F.);
#2745=ORIENTED_EDGE('',*,*,#5224,.F.);
#2746=ORIENTED_EDGE('',*,*,#4975,.F.);
#2747=ORIENTED_EDGE('',*,*,#5225,.F.);
#2748=ORIENTED_EDGE('',*,*,#4989,.F.);
#2749=ORIENTED_EDGE('',*,*,#5226,.F.);
#2750=ORIENTED_EDGE('',*,*,#4905,.F.);
#2751=ORIENTED_EDGE('',*,*,#5227,.F.);
#2752=ORIENTED_EDGE('',*,*,#4910,.T.);
#2753=ORIENTED_EDGE('',*,*,#5221,.T.);
#2754=ORIENTED_EDGE('',*,*,#4984,.T.);
#2755=ORIENTED_EDGE('',*,*,#5223,.T.);
#2756=ORIENTED_EDGE('',*,*,#4904,.T.);
#2757=ORIENTED_EDGE('',*,*,#5225,.T.);
#2758=ORIENTED_EDGE('',*,*,#4974,.T.);
#2759=ORIENTED_EDGE('',*,*,#5227,.T.);
#2760=ORIENTED_EDGE('',*,*,#4982,.T.);
#2761=ORIENTED_EDGE('',*,*,#5219,.T.);
#2762=ORIENTED_EDGE('',*,*,#4896,.T.);
#2763=ORIENTED_EDGE('',*,*,#5222,.T.);
#2764=ORIENTED_EDGE('',*,*,#4988,.T.);
#2765=ORIENTED_EDGE('',*,*,#5215,.T.);
#2766=ORIENTED_EDGE('',*,*,#4906,.T.);
#2767=ORIENTED_EDGE('',*,*,#5226,.T.);
#2768=ORIENTED_EDGE('',*,*,#4986,.T.);
#2769=ORIENTED_EDGE('',*,*,#5220,.T.);
#2770=ORIENTED_EDGE('',*,*,#4908,.T.);
#2771=ORIENTED_EDGE('',*,*,#5214,.T.);
#2772=ORIENTED_EDGE('',*,*,#4902,.T.);
#2773=ORIENTED_EDGE('',*,*,#5213,.T.);
#2774=ORIENTED_EDGE('',*,*,#4976,.T.);
#2775=ORIENTED_EDGE('',*,*,#5224,.T.);
#2776=ORIENTED_EDGE('',*,*,#4980,.T.);
#2777=ORIENTED_EDGE('',*,*,#5217,.T.);
#2778=ORIENTED_EDGE('',*,*,#4898,.T.);
#2779=ORIENTED_EDGE('',*,*,#5218,.T.);
#2780=ORIENTED_EDGE('',*,*,#4978,.T.);
#2781=ORIENTED_EDGE('',*,*,#5212,.T.);
#2782=ORIENTED_EDGE('',*,*,#4900,.T.);
#2783=ORIENTED_EDGE('',*,*,#5216,.T.);
#2784=ORIENTED_EDGE('',*,*,#4894,.F.);
#2785=ORIENTED_EDGE('',*,*,#5228,.F.);
#2786=ORIENTED_EDGE('',*,*,#4960,.F.);
#2787=ORIENTED_EDGE('',*,*,#5229,.F.);
#2788=ORIENTED_EDGE('',*,*,#4972,.F.);
#2789=ORIENTED_EDGE('',*,*,#5230,.F.);
#2790=ORIENTED_EDGE('',*,*,#4882,.F.);
#2791=ORIENTED_EDGE('',*,*,#5231,.F.);
#2792=ORIENTED_EDGE('',*,*,#4962,.T.);
#2793=ORIENTED_EDGE('',*,*,#5232,.F.);
#2794=ORIENTED_EDGE('',*,*,#4892,.T.);
#2795=ORIENTED_EDGE('',*,*,#5233,.F.);
#2796=ORIENTED_EDGE('',*,*,#4964,.T.);
#2797=ORIENTED_EDGE('',*,*,#5234,.F.);
#2798=ORIENTED_EDGE('',*,*,#4890,.T.);
#2799=ORIENTED_EDGE('',*,*,#5235,.F.);
#2800=ORIENTED_EDGE('',*,*,#4886,.T.);
#2801=ORIENTED_EDGE('',*,*,#5236,.F.);
#2802=ORIENTED_EDGE('',*,*,#4968,.T.);
#2803=ORIENTED_EDGE('',*,*,#5237,.F.);
#2804=ORIENTED_EDGE('',*,*,#4884,.F.);
#2805=ORIENTED_EDGE('',*,*,#5238,.F.);
#2806=ORIENTED_EDGE('',*,*,#4970,.F.);
#2807=ORIENTED_EDGE('',*,*,#5239,.F.);
#2808=ORIENTED_EDGE('',*,*,#4958,.F.);
#2809=ORIENTED_EDGE('',*,*,#5240,.F.);
#2810=ORIENTED_EDGE('',*,*,#4880,.F.);
#2811=ORIENTED_EDGE('',*,*,#5241,.F.);
#2812=ORIENTED_EDGE('',*,*,#4888,.T.);
#2813=ORIENTED_EDGE('',*,*,#5242,.F.);
#2814=ORIENTED_EDGE('',*,*,#4966,.T.);
#2815=ORIENTED_EDGE('',*,*,#5243,.F.);
#2816=ORIENTED_EDGE('',*,*,#4965,.T.);
#2817=ORIENTED_EDGE('',*,*,#5235,.T.);
#2818=ORIENTED_EDGE('',*,*,#4889,.T.);
#2819=ORIENTED_EDGE('',*,*,#5243,.T.);
#2820=ORIENTED_EDGE('',*,*,#4887,.T.);
#2821=ORIENTED_EDGE('',*,*,#5237,.T.);
#2822=ORIENTED_EDGE('',*,*,#4967,.T.);
#2823=ORIENTED_EDGE('',*,*,#5242,.T.);
#2824=ORIENTED_EDGE('',*,*,#4895,.T.);
#2825=ORIENTED_EDGE('',*,*,#5229,.T.);
#2826=ORIENTED_EDGE('',*,*,#4959,.T.);
#2827=ORIENTED_EDGE('',*,*,#5241,.T.);
#2828=ORIENTED_EDGE('',*,*,#4973,.T.);
#2829=ORIENTED_EDGE('',*,*,#5231,.T.);
#2830=ORIENTED_EDGE('',*,*,#4881,.T.);
#2831=ORIENTED_EDGE('',*,*,#5240,.T.);
#2832=ORIENTED_EDGE('',*,*,#4963,.T.);
#2833=ORIENTED_EDGE('',*,*,#5233,.T.);
#2834=ORIENTED_EDGE('',*,*,#4891,.T.);
#2835=ORIENTED_EDGE('',*,*,#5234,.T.);
#2836=ORIENTED_EDGE('',*,*,#4969,.T.);
#2837=ORIENTED_EDGE('',*,*,#5236,.T.);
#2838=ORIENTED_EDGE('',*,*,#4885,.T.);
#2839=ORIENTED_EDGE('',*,*,#5239,.T.);
#2840=ORIENTED_EDGE('',*,*,#4961,.T.);
#2841=ORIENTED_EDGE('',*,*,#5228,.T.);
#2842=ORIENTED_EDGE('',*,*,#4893,.T.);
#2843=ORIENTED_EDGE('',*,*,#5232,.T.);
#2844=ORIENTED_EDGE('',*,*,#4971,.T.);
#2845=ORIENTED_EDGE('',*,*,#5238,.T.);
#2846=ORIENTED_EDGE('',*,*,#4883,.T.);
#2847=ORIENTED_EDGE('',*,*,#5230,.T.);
#2848=ORIENTED_EDGE('',*,*,#4951,.F.);
#2849=ORIENTED_EDGE('',*,*,#5244,.F.);
#2850=ORIENTED_EDGE('',*,*,#5029,.F.);
#2851=ORIENTED_EDGE('',*,*,#5245,.F.);
#2852=ORIENTED_EDGE('',*,*,#4947,.T.);
#2853=ORIENTED_EDGE('',*,*,#5246,.F.);
#2854=ORIENTED_EDGE('',*,*,#5033,.T.);
#2855=ORIENTED_EDGE('',*,*,#5247,.F.);
#2856=ORIENTED_EDGE('',*,*,#5023,.T.);
#2857=ORIENTED_EDGE('',*,*,#5248,.F.);
#2858=ORIENTED_EDGE('',*,*,#4957,.T.);
#2859=ORIENTED_EDGE('',*,*,#5249,.F.);
#2860=ORIENTED_EDGE('',*,*,#5035,.T.);
#2861=ORIENTED_EDGE('',*,*,#5250,.F.);
#2862=ORIENTED_EDGE('',*,*,#4945,.T.);
#2863=ORIENTED_EDGE('',*,*,#5251,.F.);
#2864=ORIENTED_EDGE('',*,*,#5025,.F.);
#2865=ORIENTED_EDGE('',*,*,#5252,.F.);
#2866=ORIENTED_EDGE('',*,*,#4955,.F.);
#2867=ORIENTED_EDGE('',*,*,#5253,.F.);
#2868=ORIENTED_EDGE('',*,*,#4953,.F.);
#2869=ORIENTED_EDGE('',*,*,#5254,.F.);
#2870=ORIENTED_EDGE('',*,*,#5027,.F.);
#2871=ORIENTED_EDGE('',*,*,#5255,.F.);
#2872=ORIENTED_EDGE('',*,*,#5031,.F.);
#2873=ORIENTED_EDGE('',*,*,#5256,.F.);
#2874=ORIENTED_EDGE('',*,*,#4949,.F.);
#2875=ORIENTED_EDGE('',*,*,#5257,.F.);
#2876=ORIENTED_EDGE('',*,*,#4954,.T.);
#2877=ORIENTED_EDGE('',*,*,#5255,.T.);
#2878=ORIENTED_EDGE('',*,*,#5026,.T.);
#2879=ORIENTED_EDGE('',*,*,#5253,.T.);
#2880=ORIENTED_EDGE('',*,*,#4956,.T.);
#2881=ORIENTED_EDGE('',*,*,#5252,.T.);
#2882=ORIENTED_EDGE('',*,*,#5024,.T.);
#2883=ORIENTED_EDGE('',*,*,#5249,.T.);
#2884=ORIENTED_EDGE('',*,*,#4944,.T.);
#2885=ORIENTED_EDGE('',*,*,#5248,.T.);
#2886=ORIENTED_EDGE('',*,*,#5022,.T.);
#2887=ORIENTED_EDGE('',*,*,#5251,.T.);
#2888=ORIENTED_EDGE('',*,*,#5032,.T.);
#2889=ORIENTED_EDGE('',*,*,#5257,.T.);
#2890=ORIENTED_EDGE('',*,*,#4948,.T.);
#2891=ORIENTED_EDGE('',*,*,#5247,.T.);
#2892=ORIENTED_EDGE('',*,*,#5034,.T.);
#2893=ORIENTED_EDGE('',*,*,#5246,.T.);
#2894=ORIENTED_EDGE('',*,*,#4946,.T.);
#2895=ORIENTED_EDGE('',*,*,#5250,.T.);
#2896=ORIENTED_EDGE('',*,*,#4952,.T.);
#2897=ORIENTED_EDGE('',*,*,#5245,.T.);
#2898=ORIENTED_EDGE('',*,*,#5028,.T.);
#2899=ORIENTED_EDGE('',*,*,#5254,.T.);
#2900=ORIENTED_EDGE('',*,*,#5030,.T.);
#2901=ORIENTED_EDGE('',*,*,#5244,.T.);
#2902=ORIENTED_EDGE('',*,*,#4950,.T.);
#2903=ORIENTED_EDGE('',*,*,#5256,.T.);
#2904=ORIENTED_EDGE('',*,*,#4873,.F.);
#2905=ORIENTED_EDGE('',*,*,#5258,.F.);
#2906=ORIENTED_EDGE('',*,*,#5038,.F.);
#2907=ORIENTED_EDGE('',*,*,#5259,.F.);
#2908=ORIENTED_EDGE('',*,*,#5040,.T.);
#2909=ORIENTED_EDGE('',*,*,#5260,.F.);
#2910=ORIENTED_EDGE('',*,*,#4871,.T.);
#2911=ORIENTED_EDGE('',*,*,#5261,.F.);
#2912=ORIENTED_EDGE('',*,*,#5042,.T.);
#2913=ORIENTED_EDGE('',*,*,#5262,.F.);
#2914=ORIENTED_EDGE('',*,*,#4869,.T.);
#2915=ORIENTED_EDGE('',*,*,#5263,.F.);
#2916=ORIENTED_EDGE('',*,*,#4875,.F.);
#2917=ORIENTED_EDGE('',*,*,#5264,.F.);
#2918=ORIENTED_EDGE('',*,*,#5036,.F.);
#2919=ORIENTED_EDGE('',*,*,#5265,.F.);
#2920=ORIENTED_EDGE('',*,*,#5044,.T.);
#2921=ORIENTED_EDGE('',*,*,#5266,.F.);
#2922=ORIENTED_EDGE('',*,*,#4879,.T.);
#2923=ORIENTED_EDGE('',*,*,#5267,.F.);
#2924=ORIENTED_EDGE('',*,*,#4877,.F.);
#2925=ORIENTED_EDGE('',*,*,#5268,.F.);
#2926=ORIENTED_EDGE('',*,*,#5046,.F.);
#2927=ORIENTED_EDGE('',*,*,#5269,.F.);
#2928=ORIENTED_EDGE('',*,*,#5045,.T.);
#2929=ORIENTED_EDGE('',*,*,#5267,.T.);
#2930=ORIENTED_EDGE('',*,*,#4878,.T.);
#2931=ORIENTED_EDGE('',*,*,#5269,.T.);
#2932=ORIENTED_EDGE('',*,*,#5047,.T.);
#2933=ORIENTED_EDGE('',*,*,#5268,.T.);
#2934=ORIENTED_EDGE('',*,*,#4876,.T.);
#2935=ORIENTED_EDGE('',*,*,#5265,.T.);
#2936=ORIENTED_EDGE('',*,*,#5043,.T.);
#2937=ORIENTED_EDGE('',*,*,#5263,.T.);
#2938=ORIENTED_EDGE('',*,*,#4868,.T.);
#2939=ORIENTED_EDGE('',*,*,#5266,.T.);
#2940=ORIENTED_EDGE('',*,*,#4874,.T.);
#2941=ORIENTED_EDGE('',*,*,#5259,.T.);
#2942=ORIENTED_EDGE('',*,*,#5037,.T.);
#2943=ORIENTED_EDGE('',*,*,#5264,.T.);
#2944=ORIENTED_EDGE('',*,*,#5041,.T.);
#2945=ORIENTED_EDGE('',*,*,#5261,.T.);
#2946=ORIENTED_EDGE('',*,*,#4870,.T.);
#2947=ORIENTED_EDGE('',*,*,#5262,.T.);
#2948=ORIENTED_EDGE('',*,*,#5039,.T.);
#2949=ORIENTED_EDGE('',*,*,#5258,.T.);
#2950=ORIENTED_EDGE('',*,*,#4872,.T.);
#2951=ORIENTED_EDGE('',*,*,#5260,.T.);
#2952=ORIENTED_EDGE('',*,*,#5270,.T.);
#2953=ORIENTED_EDGE('',*,*,#4530,.T.);
#2954=ORIENTED_EDGE('',*,*,#5271,.T.);
#2955=ORIENTED_EDGE('',*,*,#4531,.T.);
#2956=ORIENTED_EDGE('',*,*,#5272,.T.);
#2957=ORIENTED_EDGE('',*,*,#4532,.T.);
#2958=ORIENTED_EDGE('',*,*,#5273,.T.);
#2959=ORIENTED_EDGE('',*,*,#4533,.T.);
#2960=ORIENTED_EDGE('',*,*,#5274,.T.);
#2961=ORIENTED_EDGE('',*,*,#4534,.T.);
#2962=ORIENTED_EDGE('',*,*,#5275,.T.);
#2963=ORIENTED_EDGE('',*,*,#4535,.T.);
#2964=ORIENTED_EDGE('',*,*,#5276,.T.);
#2965=ORIENTED_EDGE('',*,*,#4536,.T.);
#2966=ORIENTED_EDGE('',*,*,#5277,.T.);
#2967=ORIENTED_EDGE('',*,*,#4537,.T.);
#2968=ORIENTED_EDGE('',*,*,#5278,.T.);
#2969=ORIENTED_EDGE('',*,*,#4538,.T.);
#2970=ORIENTED_EDGE('',*,*,#5279,.T.);
#2971=ORIENTED_EDGE('',*,*,#4539,.T.);
#2972=ORIENTED_EDGE('',*,*,#4364,.T.);
#2973=ORIENTED_EDGE('',*,*,#5279,.F.);
#2974=ORIENTED_EDGE('',*,*,#4409,.T.);
#2975=ORIENTED_EDGE('',*,*,#5278,.F.);
#2976=ORIENTED_EDGE('',*,*,#4627,.F.);
#2977=ORIENTED_EDGE('',*,*,#4411,.F.);
#2978=ORIENTED_EDGE('',*,*,#4410,.T.);
#2979=ORIENTED_EDGE('',*,*,#5277,.F.);
#2980=ORIENTED_EDGE('',*,*,#4626,.F.);
#2981=ORIENTED_EDGE('',*,*,#4365,.F.);
#2982=ORIENTED_EDGE('',*,*,#4401,.T.);
#2983=ORIENTED_EDGE('',*,*,#5276,.F.);
#2984=ORIENTED_EDGE('',*,*,#4625,.F.);
#2985=ORIENTED_EDGE('',*,*,#4366,.F.);
#2986=ORIENTED_EDGE('',*,*,#4407,.T.);
#2987=ORIENTED_EDGE('',*,*,#5275,.F.);
#2988=ORIENTED_EDGE('',*,*,#4624,.F.);
#2989=ORIENTED_EDGE('',*,*,#4406,.F.);
#2990=ORIENTED_EDGE('',*,*,#4405,.T.);
#2991=ORIENTED_EDGE('',*,*,#5274,.F.);
#2992=ORIENTED_EDGE('',*,*,#4623,.F.);
#2993=ORIENTED_EDGE('',*,*,#4367,.F.);
#2994=ORIENTED_EDGE('',*,*,#4368,.T.);
#2995=ORIENTED_EDGE('',*,*,#5273,.F.);
#2996=ORIENTED_EDGE('',*,*,#4622,.F.);
#2997=ORIENTED_EDGE('',*,*,#4404,.F.);
#2998=ORIENTED_EDGE('',*,*,#4403,.T.);
#2999=ORIENTED_EDGE('',*,*,#5272,.F.);
#3000=ORIENTED_EDGE('',*,*,#4621,.F.);
#3001=ORIENTED_EDGE('',*,*,#4369,.F.);
#3002=ORIENTED_EDGE('',*,*,#4620,.F.);
#3003=ORIENTED_EDGE('',*,*,#4402,.F.);
#3004=ORIENTED_EDGE('',*,*,#4371,.T.);
#3005=ORIENTED_EDGE('',*,*,#5271,.F.);
#3006=ORIENTED_EDGE('',*,*,#4619,.F.);
#3007=ORIENTED_EDGE('',*,*,#4370,.F.);
#3008=ORIENTED_EDGE('',*,*,#4618,.F.);
#3009=ORIENTED_EDGE('',*,*,#4408,.F.);
#3010=ORIENTED_EDGE('',*,*,#4372,.T.);
#3011=ORIENTED_EDGE('',*,*,#5270,.F.);
#3012=ORIENTED_EDGE('',*,*,#4551,.F.);
#3013=ORIENTED_EDGE('',*,*,#5280,.F.);
#3014=ORIENTED_EDGE('',*,*,#4413,.F.);
#3015=ORIENTED_EDGE('',*,*,#5281,.F.);
#3016=ORIENTED_EDGE('',*,*,#4541,.F.);
#3017=ORIENTED_EDGE('',*,*,#5282,.F.);
#3018=ORIENTED_EDGE('',*,*,#4423,.F.);
#3019=ORIENTED_EDGE('',*,*,#5283,.F.);
#3020=ORIENTED_EDGE('',*,*,#4419,.F.);
#3021=ORIENTED_EDGE('',*,*,#5284,.F.);
#3022=ORIENTED_EDGE('',*,*,#4545,.F.);
#3023=ORIENTED_EDGE('',*,*,#5285,.F.);
#3024=ORIENTED_EDGE('',*,*,#4543,.T.);
#3025=ORIENTED_EDGE('',*,*,#5286,.F.);
#3026=ORIENTED_EDGE('',*,*,#4421,.T.);
#3027=ORIENTED_EDGE('',*,*,#5287,.F.);
#3028=ORIENTED_EDGE('',*,*,#4417,.T.);
#3029=ORIENTED_EDGE('',*,*,#5288,.F.);
#3030=ORIENTED_EDGE('',*,*,#4547,.T.);
#3031=ORIENTED_EDGE('',*,*,#5289,.F.);
#3032=ORIENTED_EDGE('',*,*,#4549,.T.);
#3033=ORIENTED_EDGE('',*,*,#5290,.F.);
#3034=ORIENTED_EDGE('',*,*,#4415,.T.);
#3035=ORIENTED_EDGE('',*,*,#5291,.F.);
#3036=ORIENTED_EDGE('',*,*,#4544,.T.);
#3037=ORIENTED_EDGE('',*,*,#5287,.T.);
#3038=ORIENTED_EDGE('',*,*,#4420,.T.);
#3039=ORIENTED_EDGE('',*,*,#5285,.T.);
#3040=ORIENTED_EDGE('',*,*,#4542,.T.);
#3041=ORIENTED_EDGE('',*,*,#5283,.T.);
#3042=ORIENTED_EDGE('',*,*,#4422,.T.);
#3043=ORIENTED_EDGE('',*,*,#5286,.T.);
#3044=ORIENTED_EDGE('',*,*,#4540,.T.);
#3045=ORIENTED_EDGE('',*,*,#5281,.T.);
#3046=ORIENTED_EDGE('',*,*,#4412,.T.);
#3047=ORIENTED_EDGE('',*,*,#5282,.T.);
#3048=ORIENTED_EDGE('',*,*,#4546,.T.);
#3049=ORIENTED_EDGE('',*,*,#5284,.T.);
#3050=ORIENTED_EDGE('',*,*,#4418,.T.);
#3051=ORIENTED_EDGE('',*,*,#5289,.T.);
#3052=ORIENTED_EDGE('',*,*,#4414,.T.);
#3053=ORIENTED_EDGE('',*,*,#5280,.T.);
#3054=ORIENTED_EDGE('',*,*,#4550,.T.);
#3055=ORIENTED_EDGE('',*,*,#5291,.T.);
#3056=ORIENTED_EDGE('',*,*,#4548,.T.);
#3057=ORIENTED_EDGE('',*,*,#5288,.T.);
#3058=ORIENTED_EDGE('',*,*,#4416,.T.);
#3059=ORIENTED_EDGE('',*,*,#5290,.T.);
#3060=ORIENTED_EDGE('',*,*,#4363,.F.);
#3061=ORIENTED_EDGE('',*,*,#5292,.F.);
#3062=ORIENTED_EDGE('',*,*,#4554,.F.);
#3063=ORIENTED_EDGE('',*,*,#5293,.F.);
#3064=ORIENTED_EDGE('',*,*,#4552,.F.);
#3065=ORIENTED_EDGE('',*,*,#5294,.F.);
#3066=ORIENTED_EDGE('',*,*,#4359,.F.);
#3067=ORIENTED_EDGE('',*,*,#5295,.F.);
#3068=ORIENTED_EDGE('',*,*,#4556,.T.);
#3069=ORIENTED_EDGE('',*,*,#5296,.F.);
#3070=ORIENTED_EDGE('',*,*,#4361,.T.);
#3071=ORIENTED_EDGE('',*,*,#5297,.F.);
#3072=ORIENTED_EDGE('',*,*,#4358,.T.);
#3073=ORIENTED_EDGE('',*,*,#5293,.T.);
#3074=ORIENTED_EDGE('',*,*,#4553,.T.);
#3075=ORIENTED_EDGE('',*,*,#5295,.T.);
#3076=ORIENTED_EDGE('',*,*,#4360,.T.);
#3077=ORIENTED_EDGE('',*,*,#5294,.T.);
#3078=ORIENTED_EDGE('',*,*,#4557,.T.);
#3079=ORIENTED_EDGE('',*,*,#5297,.T.);
#3080=ORIENTED_EDGE('',*,*,#4555,.T.);
#3081=ORIENTED_EDGE('',*,*,#5292,.T.);
#3082=ORIENTED_EDGE('',*,*,#4362,.T.);
#3083=ORIENTED_EDGE('',*,*,#5296,.T.);
#3084=ORIENTED_EDGE('',*,*,#4486,.F.);
#3085=ORIENTED_EDGE('',*,*,#5298,.F.);
#3086=ORIENTED_EDGE('',*,*,#4354,.F.);
#3087=ORIENTED_EDGE('',*,*,#5299,.F.);
#3088=ORIENTED_EDGE('',*,*,#4352,.T.);
#3089=ORIENTED_EDGE('',*,*,#5300,.F.);
#3090=ORIENTED_EDGE('',*,*,#4488,.T.);
#3091=ORIENTED_EDGE('',*,*,#5301,.F.);
#3092=ORIENTED_EDGE('',*,*,#4356,.T.);
#3093=ORIENTED_EDGE('',*,*,#5302,.F.);
#3094=ORIENTED_EDGE('',*,*,#4490,.T.);
#3095=ORIENTED_EDGE('',*,*,#5303,.F.);
#3096=ORIENTED_EDGE('',*,*,#4487,.T.);
#3097=ORIENTED_EDGE('',*,*,#5299,.T.);
#3098=ORIENTED_EDGE('',*,*,#4353,.T.);
#3099=ORIENTED_EDGE('',*,*,#5301,.T.);
#3100=ORIENTED_EDGE('',*,*,#4357,.T.);
#3101=ORIENTED_EDGE('',*,*,#5303,.T.);
#3102=ORIENTED_EDGE('',*,*,#4489,.T.);
#3103=ORIENTED_EDGE('',*,*,#5300,.T.);
#3104=ORIENTED_EDGE('',*,*,#4491,.T.);
#3105=ORIENTED_EDGE('',*,*,#5302,.T.);
#3106=ORIENTED_EDGE('',*,*,#4355,.T.);
#3107=ORIENTED_EDGE('',*,*,#5298,.T.);
#3108=ORIENTED_EDGE('',*,*,#4350,.T.);
#3109=ORIENTED_EDGE('',*,*,#5304,.F.);
#3110=ORIENTED_EDGE('',*,*,#4479,.T.);
#3111=ORIENTED_EDGE('',*,*,#5305,.F.);
#3112=ORIENTED_EDGE('',*,*,#4483,.T.);
#3113=ORIENTED_EDGE('',*,*,#5306,.F.);
#3114=ORIENTED_EDGE('',*,*,#4346,.T.);
#3115=ORIENTED_EDGE('',*,*,#5307,.F.);
#3116=ORIENTED_EDGE('',*,*,#4344,.F.);
#3117=ORIENTED_EDGE('',*,*,#5308,.F.);
#3118=ORIENTED_EDGE('',*,*,#4485,.F.);
#3119=ORIENTED_EDGE('',*,*,#5309,.F.);
#3120=ORIENTED_EDGE('',*,*,#4477,.T.);
#3121=ORIENTED_EDGE('',*,*,#5310,.F.);
#3122=ORIENTED_EDGE('',*,*,#4342,.T.);
#3123=ORIENTED_EDGE('',*,*,#5311,.F.);
#3124=ORIENTED_EDGE('',*,*,#4481,.F.);
#3125=ORIENTED_EDGE('',*,*,#5312,.F.);
#3126=ORIENTED_EDGE('',*,*,#4348,.F.);
#3127=ORIENTED_EDGE('',*,*,#5313,.F.);
#3128=ORIENTED_EDGE('',*,*,#4484,.T.);
#3129=ORIENTED_EDGE('',*,*,#5307,.T.);
#3130=ORIENTED_EDGE('',*,*,#4345,.T.);
#3131=ORIENTED_EDGE('',*,*,#5309,.T.);
#3132=ORIENTED_EDGE('',*,*,#4351,.T.);
#3133=ORIENTED_EDGE('',*,*,#5305,.T.);
#3134=ORIENTED_EDGE('',*,*,#4478,.T.);
#3135=ORIENTED_EDGE('',*,*,#5311,.T.);
#3136=ORIENTED_EDGE('',*,*,#4476,.T.);
#3137=ORIENTED_EDGE('',*,*,#5308,.T.);
#3138=ORIENTED_EDGE('',*,*,#4343,.T.);
#3139=ORIENTED_EDGE('',*,*,#5310,.T.);
#3140=ORIENTED_EDGE('',*,*,#4347,.T.);
#3141=ORIENTED_EDGE('',*,*,#5306,.T.);
#3142=ORIENTED_EDGE('',*,*,#4482,.T.);
#3143=ORIENTED_EDGE('',*,*,#5313,.T.);
#3144=ORIENTED_EDGE('',*,*,#4480,.T.);
#3145=ORIENTED_EDGE('',*,*,#5304,.T.);
#3146=ORIENTED_EDGE('',*,*,#4349,.T.);
#3147=ORIENTED_EDGE('',*,*,#5312,.T.);
#3148=ORIENTED_EDGE('',*,*,#4474,.F.);
#3149=ORIENTED_EDGE('',*,*,#5314,.F.);
#3150=ORIENTED_EDGE('',*,*,#4339,.F.);
#3151=ORIENTED_EDGE('',*,*,#5315,.F.);
#3152=ORIENTED_EDGE('',*,*,#4341,.T.);
#3153=ORIENTED_EDGE('',*,*,#5316,.F.);
#3154=ORIENTED_EDGE('',*,*,#4472,.T.);
#3155=ORIENTED_EDGE('',*,*,#5317,.F.);
#3156=ORIENTED_EDGE('',*,*,#4470,.F.);
#3157=ORIENTED_EDGE('',*,*,#5318,.F.);
#3158=ORIENTED_EDGE('',*,*,#4337,.F.);
#3159=ORIENTED_EDGE('',*,*,#5319,.F.);
#3160=ORIENTED_EDGE('',*,*,#4471,.T.);
#3161=ORIENTED_EDGE('',*,*,#5319,.T.);
#3162=ORIENTED_EDGE('',*,*,#4336,.T.);
#3163=ORIENTED_EDGE('',*,*,#5317,.T.);
#3164=ORIENTED_EDGE('',*,*,#4338,.T.);
#3165=ORIENTED_EDGE('',*,*,#5318,.T.);
#3166=ORIENTED_EDGE('',*,*,#4475,.T.);
#3167=ORIENTED_EDGE('',*,*,#5315,.T.);
#3168=ORIENTED_EDGE('',*,*,#4473,.T.);
#3169=ORIENTED_EDGE('',*,*,#5316,.T.);
#3170=ORIENTED_EDGE('',*,*,#4340,.T.);
#3171=ORIENTED_EDGE('',*,*,#5314,.T.);
#3172=ORIENTED_EDGE('',*,*,#4558,.F.);
#3173=ORIENTED_EDGE('',*,*,#5320,.F.);
#3174=ORIENTED_EDGE('',*,*,#4332,.F.);
#3175=ORIENTED_EDGE('',*,*,#5321,.F.);
#3176=ORIENTED_EDGE('',*,*,#4334,.T.);
#3177=ORIENTED_EDGE('',*,*,#5322,.F.);
#3178=ORIENTED_EDGE('',*,*,#4562,.T.);
#3179=ORIENTED_EDGE('',*,*,#5323,.F.);
#3180=ORIENTED_EDGE('',*,*,#4330,.T.);
#3181=ORIENTED_EDGE('',*,*,#5324,.F.);
#3182=ORIENTED_EDGE('',*,*,#4560,.T.);
#3183=ORIENTED_EDGE('',*,*,#5325,.F.);
#3184=ORIENTED_EDGE('',*,*,#4559,.T.);
#3185=ORIENTED_EDGE('',*,*,#5321,.T.);
#3186=ORIENTED_EDGE('',*,*,#4331,.T.);
#3187=ORIENTED_EDGE('',*,*,#5325,.T.);
#3188=ORIENTED_EDGE('',*,*,#4335,.T.);
#3189=ORIENTED_EDGE('',*,*,#5323,.T.);
#3190=ORIENTED_EDGE('',*,*,#4561,.T.);
#3191=ORIENTED_EDGE('',*,*,#5324,.T.);
#3192=ORIENTED_EDGE('',*,*,#4563,.T.);
#3193=ORIENTED_EDGE('',*,*,#5322,.T.);
#3194=ORIENTED_EDGE('',*,*,#4333,.T.);
#3195=ORIENTED_EDGE('',*,*,#5320,.T.);
#3196=ORIENTED_EDGE('',*,*,#4328,.T.);
#3197=ORIENTED_EDGE('',*,*,#5326,.F.);
#3198=ORIENTED_EDGE('',*,*,#4568,.T.);
#3199=ORIENTED_EDGE('',*,*,#5327,.F.);
#3200=ORIENTED_EDGE('',*,*,#4324,.T.);
#3201=ORIENTED_EDGE('',*,*,#5328,.F.);
#3202=ORIENTED_EDGE('',*,*,#4566,.T.);
#3203=ORIENTED_EDGE('',*,*,#5329,.F.);
#3204=ORIENTED_EDGE('',*,*,#4564,.T.);
#3205=ORIENTED_EDGE('',*,*,#5330,.F.);
#3206=ORIENTED_EDGE('',*,*,#4326,.T.);
#3207=ORIENTED_EDGE('',*,*,#5331,.F.);
#3208=ORIENTED_EDGE('',*,*,#4325,.T.);
#3209=ORIENTED_EDGE('',*,*,#5329,.T.);
#3210=ORIENTED_EDGE('',*,*,#4565,.T.);
#3211=ORIENTED_EDGE('',*,*,#5331,.T.);
#3212=ORIENTED_EDGE('',*,*,#4329,.T.);
#3213=ORIENTED_EDGE('',*,*,#5327,.T.);
#3214=ORIENTED_EDGE('',*,*,#4567,.T.);
#3215=ORIENTED_EDGE('',*,*,#5328,.T.);
#3216=ORIENTED_EDGE('',*,*,#4569,.T.);
#3217=ORIENTED_EDGE('',*,*,#5326,.T.);
#3218=ORIENTED_EDGE('',*,*,#4327,.T.);
#3219=ORIENTED_EDGE('',*,*,#5330,.T.);
#3220=ORIENTED_EDGE('',*,*,#4425,.F.);
#3221=ORIENTED_EDGE('',*,*,#5332,.F.);
#3222=ORIENTED_EDGE('',*,*,#4572,.F.);
#3223=ORIENTED_EDGE('',*,*,#5333,.F.);
#3224=ORIENTED_EDGE('',*,*,#4429,.T.);
#3225=ORIENTED_EDGE('',*,*,#5334,.F.);
#3226=ORIENTED_EDGE('',*,*,#4574,.T.);
#3227=ORIENTED_EDGE('',*,*,#5335,.F.);
#3228=ORIENTED_EDGE('',*,*,#4570,.F.);
#3229=ORIENTED_EDGE('',*,*,#5336,.F.);
#3230=ORIENTED_EDGE('',*,*,#4427,.F.);
#3231=ORIENTED_EDGE('',*,*,#5337,.F.);
#3232=ORIENTED_EDGE('',*,*,#4426,.T.);
#3233=ORIENTED_EDGE('',*,*,#5333,.T.);
#3234=ORIENTED_EDGE('',*,*,#4571,.T.);
#3235=ORIENTED_EDGE('',*,*,#5337,.T.);
#3236=ORIENTED_EDGE('',*,*,#4573,.T.);
#3237=ORIENTED_EDGE('',*,*,#5332,.T.);
#3238=ORIENTED_EDGE('',*,*,#4424,.T.);
#3239=ORIENTED_EDGE('',*,*,#5335,.T.);
#3240=ORIENTED_EDGE('',*,*,#4575,.T.);
#3241=ORIENTED_EDGE('',*,*,#5334,.T.);
#3242=ORIENTED_EDGE('',*,*,#4428,.T.);
#3243=ORIENTED_EDGE('',*,*,#5336,.T.);
#3244=ORIENTED_EDGE('',*,*,#4320,.T.);
#3245=ORIENTED_EDGE('',*,*,#5338,.F.);
#3246=ORIENTED_EDGE('',*,*,#4581,.T.);
#3247=ORIENTED_EDGE('',*,*,#5339,.F.);
#3248=ORIENTED_EDGE('',*,*,#4579,.T.);
#3249=ORIENTED_EDGE('',*,*,#5340,.F.);
#3250=ORIENTED_EDGE('',*,*,#4322,.T.);
#3251=ORIENTED_EDGE('',*,*,#5341,.F.);
#3252=ORIENTED_EDGE('',*,*,#4577,.T.);
#3253=ORIENTED_EDGE('',*,*,#5342,.F.);
#3254=ORIENTED_EDGE('',*,*,#4314,.T.);
#3255=ORIENTED_EDGE('',*,*,#5343,.F.);
#3256=ORIENTED_EDGE('',*,*,#4318,.F.);
#3257=ORIENTED_EDGE('',*,*,#5344,.F.);
#3258=ORIENTED_EDGE('',*,*,#4583,.F.);
#3259=ORIENTED_EDGE('',*,*,#5345,.F.);
#3260=ORIENTED_EDGE('',*,*,#4585,.T.);
#3261=ORIENTED_EDGE('',*,*,#5346,.F.);
#3262=ORIENTED_EDGE('',*,*,#4316,.T.);
#3263=ORIENTED_EDGE('',*,*,#5347,.F.);
#3264=ORIENTED_EDGE('',*,*,#4321,.T.);
#3265=ORIENTED_EDGE('',*,*,#5339,.T.);
#3266=ORIENTED_EDGE('',*,*,#4580,.T.);
#3267=ORIENTED_EDGE('',*,*,#5341,.T.);
#3268=ORIENTED_EDGE('',*,*,#4323,.T.);
#3269=ORIENTED_EDGE('',*,*,#5340,.T.);
#3270=ORIENTED_EDGE('',*,*,#4578,.T.);
#3271=ORIENTED_EDGE('',*,*,#5343,.T.);
#3272=ORIENTED_EDGE('',*,*,#4576,.T.);
#3273=ORIENTED_EDGE('',*,*,#5347,.T.);
#3274=ORIENTED_EDGE('',*,*,#4315,.T.);
#3275=ORIENTED_EDGE('',*,*,#5342,.T.);
#3276=ORIENTED_EDGE('',*,*,#4582,.T.);
#3277=ORIENTED_EDGE('',*,*,#5338,.T.);
#3278=ORIENTED_EDGE('',*,*,#4319,.T.);
#3279=ORIENTED_EDGE('',*,*,#5345,.T.);
#3280=ORIENTED_EDGE('',*,*,#4584,.T.);
#3281=ORIENTED_EDGE('',*,*,#5344,.T.);
#3282=ORIENTED_EDGE('',*,*,#4317,.T.);
#3283=ORIENTED_EDGE('',*,*,#5346,.T.);
#3284=ORIENTED_EDGE('',*,*,#4591,.F.);
#3285=ORIENTED_EDGE('',*,*,#5348,.F.);
#3286=ORIENTED_EDGE('',*,*,#4310,.F.);
#3287=ORIENTED_EDGE('',*,*,#5349,.F.);
#3288=ORIENTED_EDGE('',*,*,#4312,.F.);
#3289=ORIENTED_EDGE('',*,*,#5350,.F.);
#3290=ORIENTED_EDGE('',*,*,#4589,.F.);
#3291=ORIENTED_EDGE('',*,*,#5351,.F.);
#3292=ORIENTED_EDGE('',*,*,#4593,.F.);
#3293=ORIENTED_EDGE('',*,*,#5352,.F.);
#3294=ORIENTED_EDGE('',*,*,#4308,.F.);
#3295=ORIENTED_EDGE('',*,*,#5353,.F.);
#3296=ORIENTED_EDGE('',*,*,#4304,.T.);
#3297=ORIENTED_EDGE('',*,*,#5354,.F.);
#3298=ORIENTED_EDGE('',*,*,#4587,.T.);
#3299=ORIENTED_EDGE('',*,*,#5355,.F.);
#3300=ORIENTED_EDGE('',*,*,#4306,.F.);
#3301=ORIENTED_EDGE('',*,*,#5356,.F.);
#3302=ORIENTED_EDGE('',*,*,#4595,.F.);
#3303=ORIENTED_EDGE('',*,*,#5357,.F.);
#3304=ORIENTED_EDGE('',*,*,#4307,.T.);
#3305=ORIENTED_EDGE('',*,*,#5357,.T.);
#3306=ORIENTED_EDGE('',*,*,#4594,.T.);
#3307=ORIENTED_EDGE('',*,*,#5353,.T.);
#3308=ORIENTED_EDGE('',*,*,#4586,.T.);
#3309=ORIENTED_EDGE('',*,*,#5356,.T.);
#3310=ORIENTED_EDGE('',*,*,#4305,.T.);
#3311=ORIENTED_EDGE('',*,*,#5355,.T.);
#3312=ORIENTED_EDGE('',*,*,#4588,.T.);
#3313=ORIENTED_EDGE('',*,*,#5354,.T.);
#3314=ORIENTED_EDGE('',*,*,#4313,.T.);
#3315=ORIENTED_EDGE('',*,*,#5351,.T.);
#3316=ORIENTED_EDGE('',*,*,#4592,.T.);
#3317=ORIENTED_EDGE('',*,*,#5349,.T.);
#3318=ORIENTED_EDGE('',*,*,#4309,.T.);
#3319=ORIENTED_EDGE('',*,*,#5352,.T.);
#3320=ORIENTED_EDGE('',*,*,#4590,.T.);
#3321=ORIENTED_EDGE('',*,*,#5350,.T.);
#3322=ORIENTED_EDGE('',*,*,#4311,.T.);
#3323=ORIENTED_EDGE('',*,*,#5348,.T.);
#3324=ORIENTED_EDGE('',*,*,#4297,.F.);
#3325=ORIENTED_EDGE('',*,*,#5358,.F.);
#3326=ORIENTED_EDGE('',*,*,#4599,.F.);
#3327=ORIENTED_EDGE('',*,*,#5359,.F.);
#3328=ORIENTED_EDGE('',*,*,#4303,.F.);
#3329=ORIENTED_EDGE('',*,*,#5360,.F.);
#3330=ORIENTED_EDGE('',*,*,#4601,.F.);
#3331=ORIENTED_EDGE('',*,*,#5361,.F.);
#3332=ORIENTED_EDGE('',*,*,#4597,.T.);
#3333=ORIENTED_EDGE('',*,*,#5362,.F.);
#3334=ORIENTED_EDGE('',*,*,#4299,.T.);
#3335=ORIENTED_EDGE('',*,*,#5363,.F.);
#3336=ORIENTED_EDGE('',*,*,#4603,.T.);
#3337=ORIENTED_EDGE('',*,*,#5364,.F.);
#3338=ORIENTED_EDGE('',*,*,#4301,.T.);
#3339=ORIENTED_EDGE('',*,*,#5365,.F.);
#3340=ORIENTED_EDGE('',*,*,#4298,.T.);
#3341=ORIENTED_EDGE('',*,*,#5359,.T.);
#3342=ORIENTED_EDGE('',*,*,#4598,.T.);
#3343=ORIENTED_EDGE('',*,*,#5363,.T.);
#3344=ORIENTED_EDGE('',*,*,#4296,.T.);
#3345=ORIENTED_EDGE('',*,*,#5361,.T.);
#3346=ORIENTED_EDGE('',*,*,#4600,.T.);
#3347=ORIENTED_EDGE('',*,*,#5358,.T.);
#3348=ORIENTED_EDGE('',*,*,#4596,.T.);
#3349=ORIENTED_EDGE('',*,*,#5365,.T.);
#3350=ORIENTED_EDGE('',*,*,#4300,.T.);
#3351=ORIENTED_EDGE('',*,*,#5362,.T.);
#3352=ORIENTED_EDGE('',*,*,#4602,.T.);
#3353=ORIENTED_EDGE('',*,*,#5360,.T.);
#3354=ORIENTED_EDGE('',*,*,#4302,.T.);
#3355=ORIENTED_EDGE('',*,*,#5364,.T.);
#3356=ORIENTED_EDGE('',*,*,#4439,.T.);
#3357=ORIENTED_EDGE('',*,*,#5366,.F.);
#3358=ORIENTED_EDGE('',*,*,#4461,.T.);
#3359=ORIENTED_EDGE('',*,*,#5367,.F.);
#3360=ORIENTED_EDGE('',*,*,#4463,.T.);
#3361=ORIENTED_EDGE('',*,*,#5368,.F.);
#3362=ORIENTED_EDGE('',*,*,#4437,.T.);
#3363=ORIENTED_EDGE('',*,*,#5369,.F.);
#3364=ORIENTED_EDGE('',*,*,#4431,.F.);
#3365=ORIENTED_EDGE('',*,*,#5370,.F.);
#3366=ORIENTED_EDGE('',*,*,#4469,.F.);
#3367=ORIENTED_EDGE('',*,*,#5371,.F.);
#3368=ORIENTED_EDGE('',*,*,#4433,.F.);
#3369=ORIENTED_EDGE('',*,*,#5372,.F.);
#3370=ORIENTED_EDGE('',*,*,#4467,.F.);
#3371=ORIENTED_EDGE('',*,*,#5373,.F.);
#3372=ORIENTED_EDGE('',*,*,#4441,.T.);
#3373=ORIENTED_EDGE('',*,*,#5374,.F.);
#3374=ORIENTED_EDGE('',*,*,#4459,.T.);
#3375=ORIENTED_EDGE('',*,*,#5375,.F.);
#3376=ORIENTED_EDGE('',*,*,#4465,.T.);
#3377=ORIENTED_EDGE('',*,*,#5376,.F.);
#3378=ORIENTED_EDGE('',*,*,#4435,.T.);
#3379=ORIENTED_EDGE('',*,*,#5377,.F.);
#3380=ORIENTED_EDGE('',*,*,#4466,.T.);
#3381=ORIENTED_EDGE('',*,*,#5377,.T.);
#3382=ORIENTED_EDGE('',*,*,#4434,.T.);
#3383=ORIENTED_EDGE('',*,*,#5373,.T.);
#3384=ORIENTED_EDGE('',*,*,#4432,.T.);
#3385=ORIENTED_EDGE('',*,*,#5371,.T.);
#3386=ORIENTED_EDGE('',*,*,#4468,.T.);
#3387=ORIENTED_EDGE('',*,*,#5372,.T.);
#3388=ORIENTED_EDGE('',*,*,#4458,.T.);
#3389=ORIENTED_EDGE('',*,*,#5370,.T.);
#3390=ORIENTED_EDGE('',*,*,#4430,.T.);
#3391=ORIENTED_EDGE('',*,*,#5375,.T.);
#3392=ORIENTED_EDGE('',*,*,#4440,.T.);
#3393=ORIENTED_EDGE('',*,*,#5367,.T.);
#3394=ORIENTED_EDGE('',*,*,#4460,.T.);
#3395=ORIENTED_EDGE('',*,*,#5374,.T.);
#3396=ORIENTED_EDGE('',*,*,#4464,.T.);
#3397=ORIENTED_EDGE('',*,*,#5369,.T.);
#3398=ORIENTED_EDGE('',*,*,#4436,.T.);
#3399=ORIENTED_EDGE('',*,*,#5376,.T.);
#3400=ORIENTED_EDGE('',*,*,#4462,.T.);
#3401=ORIENTED_EDGE('',*,*,#5366,.T.);
#3402=ORIENTED_EDGE('',*,*,#4438,.T.);
#3403=ORIENTED_EDGE('',*,*,#5368,.T.);
#3404=ORIENTED_EDGE('',*,*,#4292,.F.);
#3405=ORIENTED_EDGE('',*,*,#5378,.F.);
#3406=ORIENTED_EDGE('',*,*,#4453,.F.);
#3407=ORIENTED_EDGE('',*,*,#5379,.F.);
#3408=ORIENTED_EDGE('',*,*,#4457,.F.);
#3409=ORIENTED_EDGE('',*,*,#5380,.F.);
#3410=ORIENTED_EDGE('',*,*,#4288,.F.);
#3411=ORIENTED_EDGE('',*,*,#5381,.F.);
#3412=ORIENTED_EDGE('',*,*,#4286,.T.);
#3413=ORIENTED_EDGE('',*,*,#5382,.F.);
#3414=ORIENTED_EDGE('',*,*,#4449,.T.);
#3415=ORIENTED_EDGE('',*,*,#5383,.F.);
#3416=ORIENTED_EDGE('',*,*,#4451,.T.);
#3417=ORIENTED_EDGE('',*,*,#5384,.F.);
#3418=ORIENTED_EDGE('',*,*,#4294,.T.);
#3419=ORIENTED_EDGE('',*,*,#5385,.F.);
#3420=ORIENTED_EDGE('',*,*,#4290,.F.);
#3421=ORIENTED_EDGE('',*,*,#5386,.F.);
#3422=ORIENTED_EDGE('',*,*,#4455,.F.);
#3423=ORIENTED_EDGE('',*,*,#5387,.F.);
#3424=ORIENTED_EDGE('',*,*,#4452,.T.);
#3425=ORIENTED_EDGE('',*,*,#5385,.T.);
#3426=ORIENTED_EDGE('',*,*,#4293,.T.);
#3427=ORIENTED_EDGE('',*,*,#5379,.T.);
#3428=ORIENTED_EDGE('',*,*,#4448,.T.);
#3429=ORIENTED_EDGE('',*,*,#5381,.T.);
#3430=ORIENTED_EDGE('',*,*,#4287,.T.);
#3431=ORIENTED_EDGE('',*,*,#5383,.T.);
#3432=ORIENTED_EDGE('',*,*,#4295,.T.);
#3433=ORIENTED_EDGE('',*,*,#5384,.T.);
#3434=ORIENTED_EDGE('',*,*,#4450,.T.);
#3435=ORIENTED_EDGE('',*,*,#5382,.T.);
#3436=ORIENTED_EDGE('',*,*,#4291,.T.);
#3437=ORIENTED_EDGE('',*,*,#5387,.T.);
#3438=ORIENTED_EDGE('',*,*,#4454,.T.);
#3439=ORIENTED_EDGE('',*,*,#5378,.T.);
#3440=ORIENTED_EDGE('',*,*,#4456,.T.);
#3441=ORIENTED_EDGE('',*,*,#5386,.T.);
#3442=ORIENTED_EDGE('',*,*,#4289,.T.);
#3443=ORIENTED_EDGE('',*,*,#5380,.T.);
#3444=ORIENTED_EDGE('',*,*,#4442,.F.);
#3445=ORIENTED_EDGE('',*,*,#5388,.F.);
#3446=ORIENTED_EDGE('',*,*,#4281,.F.);
#3447=ORIENTED_EDGE('',*,*,#5389,.F.);
#3448=ORIENTED_EDGE('',*,*,#4446,.T.);
#3449=ORIENTED_EDGE('',*,*,#5390,.F.);
#3450=ORIENTED_EDGE('',*,*,#4283,.T.);
#3451=ORIENTED_EDGE('',*,*,#5391,.F.);
#3452=ORIENTED_EDGE('',*,*,#4285,.T.);
#3453=ORIENTED_EDGE('',*,*,#5392,.F.);
#3454=ORIENTED_EDGE('',*,*,#4444,.T.);
#3455=ORIENTED_EDGE('',*,*,#5393,.F.);
#3456=ORIENTED_EDGE('',*,*,#4443,.T.);
#3457=ORIENTED_EDGE('',*,*,#5389,.T.);
#3458=ORIENTED_EDGE('',*,*,#4280,.T.);
#3459=ORIENTED_EDGE('',*,*,#5393,.T.);
#3460=ORIENTED_EDGE('',*,*,#4447,.T.);
#3461=ORIENTED_EDGE('',*,*,#5391,.T.);
#3462=ORIENTED_EDGE('',*,*,#4282,.T.);
#3463=ORIENTED_EDGE('',*,*,#5388,.T.);
#3464=ORIENTED_EDGE('',*,*,#4284,.T.);
#3465=ORIENTED_EDGE('',*,*,#5390,.T.);
#3466=ORIENTED_EDGE('',*,*,#4445,.T.);
#3467=ORIENTED_EDGE('',*,*,#5392,.T.);
#3468=ORIENTED_EDGE('',*,*,#4278,.F.);
#3469=ORIENTED_EDGE('',*,*,#5394,.F.);
#3470=ORIENTED_EDGE('',*,*,#4608,.F.);
#3471=ORIENTED_EDGE('',*,*,#5395,.F.);
#3472=ORIENTED_EDGE('',*,*,#4274,.T.);
#3473=ORIENTED_EDGE('',*,*,#5396,.F.);
#3474=ORIENTED_EDGE('',*,*,#4606,.T.);
#3475=ORIENTED_EDGE('',*,*,#5397,.F.);
#3476=ORIENTED_EDGE('',*,*,#4604,.F.);
#3477=ORIENTED_EDGE('',*,*,#5398,.F.);
#3478=ORIENTED_EDGE('',*,*,#4276,.F.);
#3479=ORIENTED_EDGE('',*,*,#5399,.F.);
#3480=ORIENTED_EDGE('',*,*,#4605,.T.);
#3481=ORIENTED_EDGE('',*,*,#5399,.T.);
#3482=ORIENTED_EDGE('',*,*,#4275,.T.);
#3483=ORIENTED_EDGE('',*,*,#5397,.T.);
#3484=ORIENTED_EDGE('',*,*,#4607,.T.);
#3485=ORIENTED_EDGE('',*,*,#5396,.T.);
#3486=ORIENTED_EDGE('',*,*,#4279,.T.);
#3487=ORIENTED_EDGE('',*,*,#5395,.T.);
#3488=ORIENTED_EDGE('',*,*,#4277,.T.);
#3489=ORIENTED_EDGE('',*,*,#5398,.T.);
#3490=ORIENTED_EDGE('',*,*,#4609,.T.);
#3491=ORIENTED_EDGE('',*,*,#5394,.T.);
#3492=ORIENTED_EDGE('',*,*,#4611,.T.);
#3493=ORIENTED_EDGE('',*,*,#5400,.F.);
#3494=ORIENTED_EDGE('',*,*,#4269,.T.);
#3495=ORIENTED_EDGE('',*,*,#5401,.F.);
#3496=ORIENTED_EDGE('',*,*,#4267,.T.);
#3497=ORIENTED_EDGE('',*,*,#5402,.F.);
#3498=ORIENTED_EDGE('',*,*,#4613,.T.);
#3499=ORIENTED_EDGE('',*,*,#5403,.F.);
#3500=ORIENTED_EDGE('',*,*,#4273,.F.);
#3501=ORIENTED_EDGE('',*,*,#5404,.F.);
#3502=ORIENTED_EDGE('',*,*,#4615,.F.);
#3503=ORIENTED_EDGE('',*,*,#5405,.F.);
#3504=ORIENTED_EDGE('',*,*,#4617,.F.);
#3505=ORIENTED_EDGE('',*,*,#5406,.F.);
#3506=ORIENTED_EDGE('',*,*,#4271,.F.);
#3507=ORIENTED_EDGE('',*,*,#5407,.F.);
#3508=ORIENTED_EDGE('',*,*,#4268,.T.);
#3509=ORIENTED_EDGE('',*,*,#5403,.T.);
#3510=ORIENTED_EDGE('',*,*,#4612,.T.);
#3511=ORIENTED_EDGE('',*,*,#5401,.T.);
#3512=ORIENTED_EDGE('',*,*,#4270,.T.);
#3513=ORIENTED_EDGE('',*,*,#5400,.T.);
#3514=ORIENTED_EDGE('',*,*,#4610,.T.);
#3515=ORIENTED_EDGE('',*,*,#5407,.T.);
#3516=ORIENTED_EDGE('',*,*,#4614,.T.);
#3517=ORIENTED_EDGE('',*,*,#5402,.T.);
#3518=ORIENTED_EDGE('',*,*,#4266,.T.);
#3519=ORIENTED_EDGE('',*,*,#5405,.T.);
#3520=ORIENTED_EDGE('',*,*,#4616,.T.);
#3521=ORIENTED_EDGE('',*,*,#5404,.T.);
#3522=ORIENTED_EDGE('',*,*,#4272,.T.);
#3523=ORIENTED_EDGE('',*,*,#5406,.T.);
#3524=ORIENTED_EDGE('',*,*,#4224,.T.);
#3525=ORIENTED_EDGE('',*,*,#5408,.F.);
#3526=ORIENTED_EDGE('',*,*,#4153,.F.);
#3527=ORIENTED_EDGE('',*,*,#5409,.F.);
#3528=ORIENTED_EDGE('',*,*,#4222,.T.);
#3529=ORIENTED_EDGE('',*,*,#5410,.F.);
#3530=ORIENTED_EDGE('',*,*,#4155,.F.);
#3531=ORIENTED_EDGE('',*,*,#5411,.F.);
#3532=ORIENTED_EDGE('',*,*,#5412,.F.);
#3533=ORIENTED_EDGE('',*,*,#4149,.T.);
#3534=ORIENTED_EDGE('',*,*,#5413,.F.);
#3535=ORIENTED_EDGE('',*,*,#4220,.F.);
#3536=ORIENTED_EDGE('',*,*,#5414,.F.);
#3537=ORIENTED_EDGE('',*,*,#4151,.T.);
#3538=ORIENTED_EDGE('',*,*,#5415,.F.);
#3539=ORIENTED_EDGE('',*,*,#4218,.F.);
#3540=ORIENTED_EDGE('',*,*,#5415,.T.);
#3541=ORIENTED_EDGE('',*,*,#4150,.T.);
#3542=ORIENTED_EDGE('',*,*,#5412,.T.);
#3543=ORIENTED_EDGE('',*,*,#4219,.F.);
#3544=ORIENTED_EDGE('',*,*,#5409,.T.);
#3545=ORIENTED_EDGE('',*,*,#4152,.T.);
#3546=ORIENTED_EDGE('',*,*,#5414,.T.);
#3547=ORIENTED_EDGE('',*,*,#4225,.F.);
#3548=ORIENTED_EDGE('',*,*,#5413,.T.);
#3549=ORIENTED_EDGE('',*,*,#4148,.T.);
#3550=ORIENTED_EDGE('',*,*,#5410,.T.);
#3551=ORIENTED_EDGE('',*,*,#4221,.F.);
#3552=ORIENTED_EDGE('',*,*,#5411,.T.);
#3553=ORIENTED_EDGE('',*,*,#4154,.T.);
#3554=ORIENTED_EDGE('',*,*,#5408,.T.);
#3555=ORIENTED_EDGE('',*,*,#4223,.F.);
#3556=ORIENTED_EDGE('',*,*,#5416,.F.);
#3557=ORIENTED_EDGE('',*,*,#4132,.T.);
#3558=ORIENTED_EDGE('',*,*,#5417,.F.);
#3559=ORIENTED_EDGE('',*,*,#4226,.F.);
#3560=ORIENTED_EDGE('',*,*,#4236,.T.);
#3561=ORIENTED_EDGE('',*,*,#5418,.F.);
#3562=ORIENTED_EDGE('',*,*,#4134,.F.);
#3563=ORIENTED_EDGE('',*,*,#5419,.F.);
#3564=ORIENTED_EDGE('',*,*,#4234,.T.);
#3565=ORIENTED_EDGE('',*,*,#5420,.F.);
#3566=ORIENTED_EDGE('',*,*,#4136,.F.);
#3567=ORIENTED_EDGE('',*,*,#5421,.F.);
#3568=ORIENTED_EDGE('',*,*,#4232,.T.);
#3569=ORIENTED_EDGE('',*,*,#5422,.F.);
#3570=ORIENTED_EDGE('',*,*,#4138,.F.);
#3571=ORIENTED_EDGE('',*,*,#5423,.F.);
#3572=ORIENTED_EDGE('',*,*,#5424,.F.);
#3573=ORIENTED_EDGE('',*,*,#4140,.T.);
#3574=ORIENTED_EDGE('',*,*,#5425,.F.);
#3575=ORIENTED_EDGE('',*,*,#4230,.F.);
#3576=ORIENTED_EDGE('',*,*,#5426,.F.);
#3577=ORIENTED_EDGE('',*,*,#4130,.T.);
#3578=ORIENTED_EDGE('',*,*,#5427,.F.);
#3579=ORIENTED_EDGE('',*,*,#4228,.F.);
#3580=ORIENTED_EDGE('',*,*,#5417,.T.);
#3581=ORIENTED_EDGE('',*,*,#4131,.T.);
#3582=ORIENTED_EDGE('',*,*,#5426,.T.);
#3583=ORIENTED_EDGE('',*,*,#4227,.F.);
#3584=ORIENTED_EDGE('',*,*,#5427,.T.);
#3585=ORIENTED_EDGE('',*,*,#4141,.T.);
#3586=ORIENTED_EDGE('',*,*,#5424,.T.);
#3587=ORIENTED_EDGE('',*,*,#4229,.F.);
#3588=ORIENTED_EDGE('',*,*,#5425,.T.);
#3589=ORIENTED_EDGE('',*,*,#4139,.T.);
#3590=ORIENTED_EDGE('',*,*,#5422,.T.);
#3591=ORIENTED_EDGE('',*,*,#4231,.F.);
#3592=ORIENTED_EDGE('',*,*,#5419,.T.);
#3593=ORIENTED_EDGE('',*,*,#4133,.T.);
#3594=ORIENTED_EDGE('',*,*,#5416,.T.);
#3595=ORIENTED_EDGE('',*,*,#4237,.F.);
#3596=ORIENTED_EDGE('',*,*,#5421,.T.);
#3597=ORIENTED_EDGE('',*,*,#4135,.T.);
#3598=ORIENTED_EDGE('',*,*,#5418,.T.);
#3599=ORIENTED_EDGE('',*,*,#4235,.F.);
#3600=ORIENTED_EDGE('',*,*,#5423,.T.);
#3601=ORIENTED_EDGE('',*,*,#4137,.T.);
#3602=ORIENTED_EDGE('',*,*,#5420,.T.);
#3603=ORIENTED_EDGE('',*,*,#4233,.F.);
#3604=ORIENTED_EDGE('',*,*,#4245,.T.);
#3605=ORIENTED_EDGE('',*,*,#5428,.F.);
#3606=ORIENTED_EDGE('',*,*,#4161,.F.);
#3607=ORIENTED_EDGE('',*,*,#5429,.F.);
#3608=ORIENTED_EDGE('',*,*,#5430,.F.);
#3609=ORIENTED_EDGE('',*,*,#4167,.T.);
#3610=ORIENTED_EDGE('',*,*,#5431,.F.);
#3611=ORIENTED_EDGE('',*,*,#4239,.F.);
#3612=ORIENTED_EDGE('',*,*,#5432,.F.);
#3613=ORIENTED_EDGE('',*,*,#4157,.T.);
#3614=ORIENTED_EDGE('',*,*,#5433,.F.);
#3615=ORIENTED_EDGE('',*,*,#4249,.F.);
#3616=ORIENTED_EDGE('',*,*,#4247,.T.);
#3617=ORIENTED_EDGE('',*,*,#5434,.F.);
#3618=ORIENTED_EDGE('',*,*,#4159,.F.);
#3619=ORIENTED_EDGE('',*,*,#5435,.F.);
#3620=ORIENTED_EDGE('',*,*,#5436,.F.);
#3621=ORIENTED_EDGE('',*,*,#4169,.T.);
#3622=ORIENTED_EDGE('',*,*,#5437,.F.);
#3623=ORIENTED_EDGE('',*,*,#4251,.F.);
#3624=ORIENTED_EDGE('',*,*,#4243,.T.);
#3625=ORIENTED_EDGE('',*,*,#5438,.F.);
#3626=ORIENTED_EDGE('',*,*,#4163,.F.);
#3627=ORIENTED_EDGE('',*,*,#5439,.F.);
#3628=ORIENTED_EDGE('',*,*,#4241,.T.);
#3629=ORIENTED_EDGE('',*,*,#5440,.F.);
#3630=ORIENTED_EDGE('',*,*,#4165,.F.);
#3631=ORIENTED_EDGE('',*,*,#5441,.F.);
#3632=ORIENTED_EDGE('',*,*,#5441,.T.);
#3633=ORIENTED_EDGE('',*,*,#4164,.T.);
#3634=ORIENTED_EDGE('',*,*,#5438,.T.);
#3635=ORIENTED_EDGE('',*,*,#4242,.F.);
#3636=ORIENTED_EDGE('',*,*,#5431,.T.);
#3637=ORIENTED_EDGE('',*,*,#4166,.T.);
#3638=ORIENTED_EDGE('',*,*,#5440,.T.);
#3639=ORIENTED_EDGE('',*,*,#4240,.F.);
#3640=ORIENTED_EDGE('',*,*,#5439,.T.);
#3641=ORIENTED_EDGE('',*,*,#4162,.T.);
#3642=ORIENTED_EDGE('',*,*,#5428,.T.);
#3643=ORIENTED_EDGE('',*,*,#4244,.F.);
#3644=ORIENTED_EDGE('',*,*,#5433,.T.);
#3645=ORIENTED_EDGE('',*,*,#4156,.T.);
#3646=ORIENTED_EDGE('',*,*,#5436,.T.);
#3647=ORIENTED_EDGE('',*,*,#4250,.F.);
#3648=ORIENTED_EDGE('',*,*,#5437,.T.);
#3649=ORIENTED_EDGE('',*,*,#4168,.T.);
#3650=ORIENTED_EDGE('',*,*,#5430,.T.);
#3651=ORIENTED_EDGE('',*,*,#4238,.F.);
#3652=ORIENTED_EDGE('',*,*,#5435,.T.);
#3653=ORIENTED_EDGE('',*,*,#4158,.T.);
#3654=ORIENTED_EDGE('',*,*,#5432,.T.);
#3655=ORIENTED_EDGE('',*,*,#4248,.F.);
#3656=ORIENTED_EDGE('',*,*,#5429,.T.);
#3657=ORIENTED_EDGE('',*,*,#4160,.T.);
#3658=ORIENTED_EDGE('',*,*,#5434,.T.);
#3659=ORIENTED_EDGE('',*,*,#4246,.F.);
#3660=ORIENTED_EDGE('',*,*,#4262,.T.);
#3661=ORIENTED_EDGE('',*,*,#5442,.F.);
#3662=ORIENTED_EDGE('',*,*,#4170,.F.);
#3663=ORIENTED_EDGE('',*,*,#5443,.F.);
#3664=ORIENTED_EDGE('',*,*,#5444,.F.);
#3665=ORIENTED_EDGE('',*,*,#4178,.T.);
#3666=ORIENTED_EDGE('',*,*,#5445,.F.);
#3667=ORIENTED_EDGE('',*,*,#4254,.F.);
#3668=ORIENTED_EDGE('',*,*,#4260,.T.);
#3669=ORIENTED_EDGE('',*,*,#5446,.F.);
#3670=ORIENTED_EDGE('',*,*,#4172,.F.);
#3671=ORIENTED_EDGE('',*,*,#5447,.F.);
#3672=ORIENTED_EDGE('',*,*,#4258,.T.);
#3673=ORIENTED_EDGE('',*,*,#5448,.F.);
#3674=ORIENTED_EDGE('',*,*,#4174,.F.);
#3675=ORIENTED_EDGE('',*,*,#5449,.F.);
#3676=ORIENTED_EDGE('',*,*,#5450,.F.);
#3677=ORIENTED_EDGE('',*,*,#4176,.T.);
#3678=ORIENTED_EDGE('',*,*,#5451,.F.);
#3679=ORIENTED_EDGE('',*,*,#4256,.F.);
#3680=ORIENTED_EDGE('',*,*,#4264,.T.);
#3681=ORIENTED_EDGE('',*,*,#5452,.F.);
#3682=ORIENTED_EDGE('',*,*,#4182,.F.);
#3683=ORIENTED_EDGE('',*,*,#5453,.F.);
#3684=ORIENTED_EDGE('',*,*,#4252,.T.);
#3685=ORIENTED_EDGE('',*,*,#5454,.F.);
#3686=ORIENTED_EDGE('',*,*,#4180,.F.);
#3687=ORIENTED_EDGE('',*,*,#5455,.F.);
#3688=ORIENTED_EDGE('',*,*,#5453,.T.);
#3689=ORIENTED_EDGE('',*,*,#4181,.T.);
#3690=ORIENTED_EDGE('',*,*,#5454,.T.);
#3691=ORIENTED_EDGE('',*,*,#4265,.F.);
#3692=ORIENTED_EDGE('',*,*,#5455,.T.);
#3693=ORIENTED_EDGE('',*,*,#4179,.T.);
#3694=ORIENTED_EDGE('',*,*,#5444,.T.);
#3695=ORIENTED_EDGE('',*,*,#4253,.F.);
#3696=ORIENTED_EDGE('',*,*,#5443,.T.);
#3697=ORIENTED_EDGE('',*,*,#4183,.T.);
#3698=ORIENTED_EDGE('',*,*,#5452,.T.);
#3699=ORIENTED_EDGE('',*,*,#4263,.F.);
#3700=ORIENTED_EDGE('',*,*,#5445,.T.);
#3701=ORIENTED_EDGE('',*,*,#4177,.T.);
#3702=ORIENTED_EDGE('',*,*,#5450,.T.);
#3703=ORIENTED_EDGE('',*,*,#4255,.F.);
#3704=ORIENTED_EDGE('',*,*,#5451,.T.);
#3705=ORIENTED_EDGE('',*,*,#4175,.T.);
#3706=ORIENTED_EDGE('',*,*,#5448,.T.);
#3707=ORIENTED_EDGE('',*,*,#4257,.F.);
#3708=ORIENTED_EDGE('',*,*,#5447,.T.);
#3709=ORIENTED_EDGE('',*,*,#4171,.T.);
#3710=ORIENTED_EDGE('',*,*,#5442,.T.);
#3711=ORIENTED_EDGE('',*,*,#4261,.F.);
#3712=ORIENTED_EDGE('',*,*,#5449,.T.);
#3713=ORIENTED_EDGE('',*,*,#4173,.T.);
#3714=ORIENTED_EDGE('',*,*,#5446,.T.);
#3715=ORIENTED_EDGE('',*,*,#4259,.F.);
#3716=ORIENTED_EDGE('',*,*,#5456,.F.);
#3717=ORIENTED_EDGE('',*,*,#4120,.T.);
#3718=ORIENTED_EDGE('',*,*,#5457,.F.);
#3719=ORIENTED_EDGE('',*,*,#4200,.F.);
#3720=ORIENTED_EDGE('',*,*,#4210,.T.);
#3721=ORIENTED_EDGE('',*,*,#5458,.F.);
#3722=ORIENTED_EDGE('',*,*,#4122,.F.);
#3723=ORIENTED_EDGE('',*,*,#5459,.F.);
#3724=ORIENTED_EDGE('',*,*,#4208,.T.);
#3725=ORIENTED_EDGE('',*,*,#5460,.F.);
#3726=ORIENTED_EDGE('',*,*,#4124,.F.);
#3727=ORIENTED_EDGE('',*,*,#5461,.F.);
#3728=ORIENTED_EDGE('',*,*,#4206,.T.);
#3729=ORIENTED_EDGE('',*,*,#5462,.F.);
#3730=ORIENTED_EDGE('',*,*,#4126,.F.);
#3731=ORIENTED_EDGE('',*,*,#5463,.F.);
#3732=ORIENTED_EDGE('',*,*,#5464,.F.);
#3733=ORIENTED_EDGE('',*,*,#4128,.T.);
#3734=ORIENTED_EDGE('',*,*,#5465,.F.);
#3735=ORIENTED_EDGE('',*,*,#4204,.F.);
#3736=ORIENTED_EDGE('',*,*,#5466,.F.);
#3737=ORIENTED_EDGE('',*,*,#4118,.T.);
#3738=ORIENTED_EDGE('',*,*,#5467,.F.);
#3739=ORIENTED_EDGE('',*,*,#4202,.F.);
#3740=ORIENTED_EDGE('',*,*,#5457,.T.);
#3741=ORIENTED_EDGE('',*,*,#4119,.T.);
#3742=ORIENTED_EDGE('',*,*,#5466,.T.);
#3743=ORIENTED_EDGE('',*,*,#4201,.F.);
#3744=ORIENTED_EDGE('',*,*,#5467,.T.);
#3745=ORIENTED_EDGE('',*,*,#4129,.T.);
#3746=ORIENTED_EDGE('',*,*,#5464,.T.);
#3747=ORIENTED_EDGE('',*,*,#4203,.F.);
#3748=ORIENTED_EDGE('',*,*,#5465,.T.);
#3749=ORIENTED_EDGE('',*,*,#4127,.T.);
#3750=ORIENTED_EDGE('',*,*,#5462,.T.);
#3751=ORIENTED_EDGE('',*,*,#4205,.F.);
#3752=ORIENTED_EDGE('',*,*,#5459,.T.);
#3753=ORIENTED_EDGE('',*,*,#4121,.T.);
#3754=ORIENTED_EDGE('',*,*,#5456,.T.);
#3755=ORIENTED_EDGE('',*,*,#4211,.F.);
#3756=ORIENTED_EDGE('',*,*,#5461,.T.);
#3757=ORIENTED_EDGE('',*,*,#4123,.T.);
#3758=ORIENTED_EDGE('',*,*,#5458,.T.);
#3759=ORIENTED_EDGE('',*,*,#4209,.F.);
#3760=ORIENTED_EDGE('',*,*,#5463,.T.);
#3761=ORIENTED_EDGE('',*,*,#4125,.T.);
#3762=ORIENTED_EDGE('',*,*,#5460,.T.);
#3763=ORIENTED_EDGE('',*,*,#4207,.F.);
#3764=ORIENTED_EDGE('',*,*,#4194,.T.);
#3765=ORIENTED_EDGE('',*,*,#5468,.F.);
#3766=ORIENTED_EDGE('',*,*,#4185,.F.);
#3767=ORIENTED_EDGE('',*,*,#5469,.F.);
#3768=ORIENTED_EDGE('',*,*,#4196,.T.);
#3769=ORIENTED_EDGE('',*,*,#5470,.F.);
#3770=ORIENTED_EDGE('',*,*,#4191,.F.);
#3771=ORIENTED_EDGE('',*,*,#5471,.F.);
#3772=ORIENTED_EDGE('',*,*,#5472,.F.);
#3773=ORIENTED_EDGE('',*,*,#4187,.T.);
#3774=ORIENTED_EDGE('',*,*,#5473,.F.);
#3775=ORIENTED_EDGE('',*,*,#4192,.F.);
#3776=ORIENTED_EDGE('',*,*,#5474,.F.);
#3777=ORIENTED_EDGE('',*,*,#4189,.T.);
#3778=ORIENTED_EDGE('',*,*,#5475,.F.);
#3779=ORIENTED_EDGE('',*,*,#4198,.F.);
#3780=ORIENTED_EDGE('',*,*,#5473,.T.);
#3781=ORIENTED_EDGE('',*,*,#4186,.T.);
#3782=ORIENTED_EDGE('',*,*,#5468,.T.);
#3783=ORIENTED_EDGE('',*,*,#4193,.F.);
#3784=ORIENTED_EDGE('',*,*,#5469,.T.);
#3785=ORIENTED_EDGE('',*,*,#4184,.T.);
#3786=ORIENTED_EDGE('',*,*,#5470,.T.);
#3787=ORIENTED_EDGE('',*,*,#4195,.F.);
#3788=ORIENTED_EDGE('',*,*,#5475,.T.);
#3789=ORIENTED_EDGE('',*,*,#4188,.T.);
#3790=ORIENTED_EDGE('',*,*,#5472,.T.);
#3791=ORIENTED_EDGE('',*,*,#4199,.F.);
#3792=ORIENTED_EDGE('',*,*,#5471,.T.);
#3793=ORIENTED_EDGE('',*,*,#4190,.T.);
#3794=ORIENTED_EDGE('',*,*,#5474,.T.);
#3795=ORIENTED_EDGE('',*,*,#4197,.F.);
#3796=ORIENTED_EDGE('',*,*,#5150,.T.);
#3797=ORIENTED_EDGE('',*,*,#5476,.F.);
#3798=ORIENTED_EDGE('',*,*,#4079,.F.);
#3799=ORIENTED_EDGE('',*,*,#5477,.F.);
#3800=ORIENTED_EDGE('',*,*,#5148,.T.);
#3801=ORIENTED_EDGE('',*,*,#5478,.F.);
#3802=ORIENTED_EDGE('',*,*,#4081,.F.);
#3803=ORIENTED_EDGE('',*,*,#5479,.F.);
#3804=ORIENTED_EDGE('',*,*,#5480,.F.);
#3805=ORIENTED_EDGE('',*,*,#4075,.T.);
#3806=ORIENTED_EDGE('',*,*,#5481,.F.);
#3807=ORIENTED_EDGE('',*,*,#5146,.F.);
#3808=ORIENTED_EDGE('',*,*,#5482,.F.);
#3809=ORIENTED_EDGE('',*,*,#4077,.T.);
#3810=ORIENTED_EDGE('',*,*,#5483,.F.);
#3811=ORIENTED_EDGE('',*,*,#5144,.F.);
#3812=ORIENTED_EDGE('',*,*,#5483,.T.);
#3813=ORIENTED_EDGE('',*,*,#4076,.T.);
#3814=ORIENTED_EDGE('',*,*,#5480,.T.);
#3815=ORIENTED_EDGE('',*,*,#5145,.F.);
#3816=ORIENTED_EDGE('',*,*,#5477,.T.);
#3817=ORIENTED_EDGE('',*,*,#4078,.T.);
#3818=ORIENTED_EDGE('',*,*,#5482,.T.);
#3819=ORIENTED_EDGE('',*,*,#5151,.F.);
#3820=ORIENTED_EDGE('',*,*,#5481,.T.);
#3821=ORIENTED_EDGE('',*,*,#4074,.T.);
#3822=ORIENTED_EDGE('',*,*,#5478,.T.);
#3823=ORIENTED_EDGE('',*,*,#5147,.F.);
#3824=ORIENTED_EDGE('',*,*,#5479,.T.);
#3825=ORIENTED_EDGE('',*,*,#4080,.T.);
#3826=ORIENTED_EDGE('',*,*,#5476,.T.);
#3827=ORIENTED_EDGE('',*,*,#5149,.F.);
#3828=ORIENTED_EDGE('',*,*,#5484,.F.);
#3829=ORIENTED_EDGE('',*,*,#4064,.T.);
#3830=ORIENTED_EDGE('',*,*,#5485,.F.);
#3831=ORIENTED_EDGE('',*,*,#5106,.F.);
#3832=ORIENTED_EDGE('',*,*,#5486,.F.);
#3833=ORIENTED_EDGE('',*,*,#4066,.T.);
#3834=ORIENTED_EDGE('',*,*,#5487,.F.);
#3835=ORIENTED_EDGE('',*,*,#5104,.F.);
#3836=ORIENTED_EDGE('',*,*,#4039,.T.);
#3837=ORIENTED_EDGE('',*,*,#4067,.T.);
#3838=ORIENTED_EDGE('',*,*,#5486,.T.);
#3839=ORIENTED_EDGE('',*,*,#5103,.F.);
#3840=ORIENTED_EDGE('',*,*,#5487,.T.);
#3841=ORIENTED_EDGE('',*,*,#4065,.T.);
#3842=ORIENTED_EDGE('',*,*,#5484,.T.);
#3843=ORIENTED_EDGE('',*,*,#5105,.F.);
#3844=ORIENTED_EDGE('',*,*,#5485,.T.);
#3845=ORIENTED_EDGE('',*,*,#4063,.T.);
#3846=ORIENTED_EDGE('',*,*,#4043,.T.);
#3847=ORIENTED_EDGE('',*,*,#5107,.F.);
#3848=ORIENTED_EDGE('',*,*,#5488,.F.);
#3849=ORIENTED_EDGE('',*,*,#4083,.T.);
#3850=ORIENTED_EDGE('',*,*,#5489,.F.);
#3851=ORIENTED_EDGE('',*,*,#5141,.F.);
#3852=ORIENTED_EDGE('',*,*,#5139,.T.);
#3853=ORIENTED_EDGE('',*,*,#5490,.F.);
#3854=ORIENTED_EDGE('',*,*,#4085,.F.);
#3855=ORIENTED_EDGE('',*,*,#5491,.F.);
#3856=ORIENTED_EDGE('',*,*,#5137,.T.);
#3857=ORIENTED_EDGE('',*,*,#5492,.F.);
#3858=ORIENTED_EDGE('',*,*,#4087,.F.);
#3859=ORIENTED_EDGE('',*,*,#5493,.F.);
#3860=ORIENTED_EDGE('',*,*,#5494,.F.);
#3861=ORIENTED_EDGE('',*,*,#4093,.T.);
#3862=ORIENTED_EDGE('',*,*,#5495,.F.);
#3863=ORIENTED_EDGE('',*,*,#5131,.F.);
#3864=ORIENTED_EDGE('',*,*,#5496,.F.);
#3865=ORIENTED_EDGE('',*,*,#4095,.T.);
#3866=ORIENTED_EDGE('',*,*,#5497,.F.);
#3867=ORIENTED_EDGE('',*,*,#5143,.F.);
#3868=ORIENTED_EDGE('',*,*,#5498,.F.);
#3869=ORIENTED_EDGE('',*,*,#4089,.T.);
#3870=ORIENTED_EDGE('',*,*,#5499,.F.);
#3871=ORIENTED_EDGE('',*,*,#5135,.F.);
#3872=ORIENTED_EDGE('',*,*,#5500,.F.);
#3873=ORIENTED_EDGE('',*,*,#4091,.T.);
#3874=ORIENTED_EDGE('',*,*,#5501,.F.);
#3875=ORIENTED_EDGE('',*,*,#5133,.F.);
#3876=ORIENTED_EDGE('',*,*,#5501,.T.);
#3877=ORIENTED_EDGE('',*,*,#4090,.T.);
#3878=ORIENTED_EDGE('',*,*,#5498,.T.);
#3879=ORIENTED_EDGE('',*,*,#5134,.F.);
#3880=ORIENTED_EDGE('',*,*,#5495,.T.);
#3881=ORIENTED_EDGE('',*,*,#4092,.T.);
#3882=ORIENTED_EDGE('',*,*,#5500,.T.);
#3883=ORIENTED_EDGE('',*,*,#5132,.F.);
#3884=ORIENTED_EDGE('',*,*,#5499,.T.);
#3885=ORIENTED_EDGE('',*,*,#4088,.T.);
#3886=ORIENTED_EDGE('',*,*,#5492,.T.);
#3887=ORIENTED_EDGE('',*,*,#5136,.F.);
#3888=ORIENTED_EDGE('',*,*,#5489,.T.);
#3889=ORIENTED_EDGE('',*,*,#4082,.T.);
#3890=ORIENTED_EDGE('',*,*,#5496,.T.);
#3891=ORIENTED_EDGE('',*,*,#5142,.F.);
#3892=ORIENTED_EDGE('',*,*,#5497,.T.);
#3893=ORIENTED_EDGE('',*,*,#4094,.T.);
#3894=ORIENTED_EDGE('',*,*,#5494,.T.);
#3895=ORIENTED_EDGE('',*,*,#5130,.F.);
#3896=ORIENTED_EDGE('',*,*,#5491,.T.);
#3897=ORIENTED_EDGE('',*,*,#4084,.T.);
#3898=ORIENTED_EDGE('',*,*,#5488,.T.);
#3899=ORIENTED_EDGE('',*,*,#5140,.F.);
#3900=ORIENTED_EDGE('',*,*,#5493,.T.);
#3901=ORIENTED_EDGE('',*,*,#4086,.T.);
#3902=ORIENTED_EDGE('',*,*,#5490,.T.);
#3903=ORIENTED_EDGE('',*,*,#5138,.F.);
#3904=ORIENTED_EDGE('',*,*,#5127,.T.);
#3905=ORIENTED_EDGE('',*,*,#5502,.F.);
#3906=ORIENTED_EDGE('',*,*,#4096,.F.);
#3907=ORIENTED_EDGE('',*,*,#5503,.F.);
#3908=ORIENTED_EDGE('',*,*,#5125,.T.);
#3909=ORIENTED_EDGE('',*,*,#5504,.F.);
#3910=ORIENTED_EDGE('',*,*,#4098,.F.);
#3911=ORIENTED_EDGE('',*,*,#5505,.F.);
#3912=ORIENTED_EDGE('',*,*,#5123,.T.);
#3913=ORIENTED_EDGE('',*,*,#5506,.F.);
#3914=ORIENTED_EDGE('',*,*,#4100,.F.);
#3915=ORIENTED_EDGE('',*,*,#5507,.F.);
#3916=ORIENTED_EDGE('',*,*,#5508,.F.);
#3917=ORIENTED_EDGE('',*,*,#4102,.T.);
#3918=ORIENTED_EDGE('',*,*,#5509,.F.);
#3919=ORIENTED_EDGE('',*,*,#5121,.F.);
#3920=ORIENTED_EDGE('',*,*,#5510,.F.);
#3921=ORIENTED_EDGE('',*,*,#4104,.T.);
#3922=ORIENTED_EDGE('',*,*,#5511,.F.);
#3923=ORIENTED_EDGE('',*,*,#5119,.F.);
#3924=ORIENTED_EDGE('',*,*,#5512,.F.);
#3925=ORIENTED_EDGE('',*,*,#4108,.T.);
#3926=ORIENTED_EDGE('',*,*,#5513,.F.);
#3927=ORIENTED_EDGE('',*,*,#5129,.F.);
#3928=ORIENTED_EDGE('',*,*,#5514,.F.);
#3929=ORIENTED_EDGE('',*,*,#4106,.T.);
#3930=ORIENTED_EDGE('',*,*,#5515,.F.);
#3931=ORIENTED_EDGE('',*,*,#5117,.F.);
#3932=ORIENTED_EDGE('',*,*,#5513,.T.);
#3933=ORIENTED_EDGE('',*,*,#4107,.T.);
#3934=ORIENTED_EDGE('',*,*,#5514,.T.);
#3935=ORIENTED_EDGE('',*,*,#5116,.F.);
#3936=ORIENTED_EDGE('',*,*,#5515,.T.);
#3937=ORIENTED_EDGE('',*,*,#4105,.T.);
#3938=ORIENTED_EDGE('',*,*,#5510,.T.);
#3939=ORIENTED_EDGE('',*,*,#5118,.F.);
#3940=ORIENTED_EDGE('',*,*,#5503,.T.);
#3941=ORIENTED_EDGE('',*,*,#4109,.T.);
#3942=ORIENTED_EDGE('',*,*,#5512,.T.);
#3943=ORIENTED_EDGE('',*,*,#5128,.F.);
#3944=ORIENTED_EDGE('',*,*,#5511,.T.);
#3945=ORIENTED_EDGE('',*,*,#4103,.T.);
#3946=ORIENTED_EDGE('',*,*,#5508,.T.);
#3947=ORIENTED_EDGE('',*,*,#5120,.F.);
#3948=ORIENTED_EDGE('',*,*,#5509,.T.);
#3949=ORIENTED_EDGE('',*,*,#4101,.T.);
#3950=ORIENTED_EDGE('',*,*,#5506,.T.);
#3951=ORIENTED_EDGE('',*,*,#5122,.F.);
#3952=ORIENTED_EDGE('',*,*,#5505,.T.);
#3953=ORIENTED_EDGE('',*,*,#4097,.T.);
#3954=ORIENTED_EDGE('',*,*,#5502,.T.);
#3955=ORIENTED_EDGE('',*,*,#5126,.F.);
#3956=ORIENTED_EDGE('',*,*,#5507,.T.);
#3957=ORIENTED_EDGE('',*,*,#4099,.T.);
#3958=ORIENTED_EDGE('',*,*,#5504,.T.);
#3959=ORIENTED_EDGE('',*,*,#5124,.F.);
#3960=ORIENTED_EDGE('',*,*,#5516,.F.);
#3961=ORIENTED_EDGE('',*,*,#4056,.T.);
#3962=ORIENTED_EDGE('',*,*,#5517,.F.);
#3963=ORIENTED_EDGE('',*,*,#5098,.F.);
#3964=ORIENTED_EDGE('',*,*,#5518,.F.);
#3965=ORIENTED_EDGE('',*,*,#4058,.T.);
#3966=ORIENTED_EDGE('',*,*,#5519,.F.);
#3967=ORIENTED_EDGE('',*,*,#5096,.F.);
#3968=ORIENTED_EDGE('',*,*,#4047,.T.);
#3969=ORIENTED_EDGE('',*,*,#4059,.T.);
#3970=ORIENTED_EDGE('',*,*,#5518,.T.);
#3971=ORIENTED_EDGE('',*,*,#5095,.F.);
#3972=ORIENTED_EDGE('',*,*,#5519,.T.);
#3973=ORIENTED_EDGE('',*,*,#4057,.T.);
#3974=ORIENTED_EDGE('',*,*,#5516,.T.);
#3975=ORIENTED_EDGE('',*,*,#5097,.F.);
#3976=ORIENTED_EDGE('',*,*,#5517,.T.);
#3977=ORIENTED_EDGE('',*,*,#4055,.T.);
#3978=ORIENTED_EDGE('',*,*,#4051,.T.);
#3979=ORIENTED_EDGE('',*,*,#5099,.F.);
#3980=ORIENTED_EDGE('',*,*,#5110,.T.);
#3981=ORIENTED_EDGE('',*,*,#5520,.F.);
#3982=ORIENTED_EDGE('',*,*,#4111,.F.);
#3983=ORIENTED_EDGE('',*,*,#5521,.F.);
#3984=ORIENTED_EDGE('',*,*,#5112,.T.);
#3985=ORIENTED_EDGE('',*,*,#5522,.F.);
#3986=ORIENTED_EDGE('',*,*,#4117,.F.);
#3987=ORIENTED_EDGE('',*,*,#5523,.F.);
#3988=ORIENTED_EDGE('',*,*,#5524,.F.);
#3989=ORIENTED_EDGE('',*,*,#4113,.T.);
#3990=ORIENTED_EDGE('',*,*,#5525,.F.);
#3991=ORIENTED_EDGE('',*,*,#5108,.F.);
#3992=ORIENTED_EDGE('',*,*,#5526,.F.);
#3993=ORIENTED_EDGE('',*,*,#4115,.T.);
#3994=ORIENTED_EDGE('',*,*,#5527,.F.);
#3995=ORIENTED_EDGE('',*,*,#5114,.F.);
#3996=ORIENTED_EDGE('',*,*,#5525,.T.);
#3997=ORIENTED_EDGE('',*,*,#4112,.T.);
#3998=ORIENTED_EDGE('',*,*,#5520,.T.);
#3999=ORIENTED_EDGE('',*,*,#5109,.F.);
#4000=ORIENTED_EDGE('',*,*,#5521,.T.);
#4001=ORIENTED_EDGE('',*,*,#4110,.T.);
#4002=ORIENTED_EDGE('',*,*,#5522,.T.);
#4003=ORIENTED_EDGE('',*,*,#5111,.F.);
#4004=ORIENTED_EDGE('',*,*,#5527,.T.);
#4005=ORIENTED_EDGE('',*,*,#4114,.T.);
#4006=ORIENTED_EDGE('',*,*,#5524,.T.);
#4007=ORIENTED_EDGE('',*,*,#5115,.F.);
#4008=ORIENTED_EDGE('',*,*,#5523,.T.);
#4009=ORIENTED_EDGE('',*,*,#4116,.T.);
#4010=ORIENTED_EDGE('',*,*,#5526,.T.);
#4011=ORIENTED_EDGE('',*,*,#5113,.F.);
#4012=ORIENTED_EDGE('',*,*,#4053,.F.);
#4013=ORIENTED_EDGE('',*,*,#5528,.T.);
#4014=ORIENTED_EDGE('',*,*,#5093,.F.);
#4015=ORIENTED_EDGE('',*,*,#5529,.T.);
#4016=ORIENTED_EDGE('',*,*,#4061,.F.);
#4017=ORIENTED_EDGE('',*,*,#5530,.T.);
#4018=ORIENTED_EDGE('',*,*,#5101,.F.);
#4019=ORIENTED_EDGE('',*,*,#5531,.T.);
#4020=ORIENTED_EDGE('',*,*,#4060,.F.);
#4021=ORIENTED_EDGE('',*,*,#4037,.F.);
#4022=ORIENTED_EDGE('',*,*,#5102,.F.);
#4023=ORIENTED_EDGE('',*,*,#5530,.F.);
#4024=ORIENTED_EDGE('',*,*,#4062,.F.);
#4025=ORIENTED_EDGE('',*,*,#5531,.F.);
#4026=ORIENTED_EDGE('',*,*,#5100,.F.);
#4027=ORIENTED_EDGE('',*,*,#4041,.F.);
#4028=ORIENTED_EDGE('',*,*,#4052,.F.);
#4029=ORIENTED_EDGE('',*,*,#4045,.F.);
#4030=ORIENTED_EDGE('',*,*,#5094,.F.);
#4031=ORIENTED_EDGE('',*,*,#5528,.F.);
#4032=ORIENTED_EDGE('',*,*,#4054,.F.);
#4033=ORIENTED_EDGE('',*,*,#5529,.F.);
#4034=ORIENTED_EDGE('',*,*,#5092,.F.);
#4035=ORIENTED_EDGE('',*,*,#4049,.F.);
#4036=EDGE_CURVE('',#5532,#5533,#6552,.T.);
#4037=EDGE_CURVE('',#5532,#5534,#6553,.F.);
#4038=EDGE_CURVE('',#5534,#5535,#6554,.T.);
#4039=EDGE_CURVE('',#5533,#5535,#6555,.F.);
#4040=EDGE_CURVE('',#5536,#5537,#6556,.T.);
#4041=EDGE_CURVE('',#5536,#5538,#6557,.T.);
#4042=EDGE_CURVE('',#5538,#5539,#6558,.T.);
#4043=EDGE_CURVE('',#5537,#5539,#6559,.T.);
#4044=EDGE_CURVE('',#5540,#5541,#6560,.T.);
#4045=EDGE_CURVE('',#5540,#5542,#6561,.F.);
#4046=EDGE_CURVE('',#5542,#5543,#6562,.T.);
#4047=EDGE_CURVE('',#5541,#5543,#6563,.F.);
#4048=EDGE_CURVE('',#5544,#5545,#6564,.T.);
#4049=EDGE_CURVE('',#5544,#5546,#6565,.T.);
#4050=EDGE_CURVE('',#5546,#5547,#6566,.T.);
#4051=EDGE_CURVE('',#5545,#5547,#6567,.T.);
#4052=EDGE_CURVE('',#5542,#5548,#368,.T.);
#4053=EDGE_CURVE('',#5548,#5549,#6568,.T.);
#4054=EDGE_CURVE('',#5549,#5544,#369,.T.);
#4055=EDGE_CURVE('',#5550,#5545,#370,.T.);
#4056=EDGE_CURVE('',#5551,#5550,#6569,.T.);
#4057=EDGE_CURVE('',#5552,#5551,#371,.T.);
#4058=EDGE_CURVE('',#5553,#5552,#6570,.T.);
#4059=EDGE_CURVE('',#5543,#5553,#372,.T.);
#4060=EDGE_CURVE('',#5534,#5554,#373,.T.);
#4061=EDGE_CURVE('',#5554,#5555,#6571,.T.);
#4062=EDGE_CURVE('',#5555,#5536,#374,.T.);
#4063=EDGE_CURVE('',#5556,#5537,#375,.T.);
#4064=EDGE_CURVE('',#5557,#5556,#6572,.T.);
#4065=EDGE_CURVE('',#5558,#5557,#376,.T.);
#4066=EDGE_CURVE('',#5559,#5558,#6573,.T.);
#4067=EDGE_CURVE('',#5535,#5559,#377,.T.);
#4068=EDGE_CURVE('',#5560,#5561,#6574,.F.);
#4069=EDGE_CURVE('',#5562,#5561,#6575,.T.);
#4070=EDGE_CURVE('',#5563,#5562,#6576,.F.);
#4071=EDGE_CURVE('',#5563,#5560,#6577,.T.);
#4072=EDGE_CURVE('',#5564,#5564,#378,.T.);
#4073=EDGE_CURVE('',#5565,#5565,#379,.T.);
#4074=EDGE_CURVE('',#5566,#5567,#380,.T.);
#4075=EDGE_CURVE('',#5568,#5566,#6578,.T.);
#4076=EDGE_CURVE('',#5569,#5568,#381,.T.);
#4077=EDGE_CURVE('',#5570,#5569,#6579,.T.);
#4078=EDGE_CURVE('',#5571,#5570,#382,.T.);
#4079=EDGE_CURVE('',#5571,#5572,#6580,.T.);
#4080=EDGE_CURVE('',#5573,#5572,#383,.T.);
#4081=EDGE_CURVE('',#5573,#5567,#6581,.T.);
#4082=EDGE_CURVE('',#5574,#5575,#384,.T.);
#4083=EDGE_CURVE('',#5576,#5574,#6582,.T.);
#4084=EDGE_CURVE('',#5577,#5576,#385,.T.);
#4085=EDGE_CURVE('',#5577,#5578,#6583,.T.);
#4086=EDGE_CURVE('',#5579,#5578,#386,.T.);
#4087=EDGE_CURVE('',#5579,#5580,#6584,.T.);
#4088=EDGE_CURVE('',#5581,#5580,#387,.T.);
#4089=EDGE_CURVE('',#5582,#5581,#388,.F.);
#4090=EDGE_CURVE('',#5583,#5582,#389,.T.);
#4091=EDGE_CURVE('',#5584,#5583,#390,.F.);
#4092=EDGE_CURVE('',#5585,#5584,#391,.T.);
#4093=EDGE_CURVE('',#5586,#5585,#6585,.T.);
#4094=EDGE_CURVE('',#5587,#5586,#392,.T.);
#4095=EDGE_CURVE('',#5575,#5587,#6586,.T.);
#4096=EDGE_CURVE('',#5588,#5589,#6587,.T.);
#4097=EDGE_CURVE('',#5590,#5589,#393,.T.);
#4098=EDGE_CURVE('',#5590,#5591,#6588,.T.);
#4099=EDGE_CURVE('',#5592,#5591,#394,.T.);
#4100=EDGE_CURVE('',#5592,#5593,#6589,.T.);
#4101=EDGE_CURVE('',#5594,#5593,#395,.T.);
#4102=EDGE_CURVE('',#5595,#5594,#6590,.T.);
#4103=EDGE_CURVE('',#5596,#5595,#396,.T.);
#4104=EDGE_CURVE('',#5597,#5596,#6591,.T.);
#4105=EDGE_CURVE('',#5598,#5597,#397,.T.);
#4106=EDGE_CURVE('',#5599,#5598,#398,.F.);
#4107=EDGE_CURVE('',#5600,#5599,#399,.T.);
#4108=EDGE_CURVE('',#5601,#5600,#400,.F.);
#4109=EDGE_CURVE('',#5588,#5601,#401,.T.);
#4110=EDGE_CURVE('',#5602,#5603,#402,.T.);
#4111=EDGE_CURVE('',#5602,#5604,#6592,.T.);
#4112=EDGE_CURVE('',#5605,#5604,#403,.T.);
#4113=EDGE_CURVE('',#5606,#5605,#6593,.T.);
#4114=EDGE_CURVE('',#5607,#5606,#404,.T.);
#4115=EDGE_CURVE('',#5608,#5607,#6594,.T.);
#4116=EDGE_CURVE('',#5609,#5608,#405,.T.);
#4117=EDGE_CURVE('',#5609,#5603,#6595,.T.);
#4118=EDGE_CURVE('',#5610,#5611,#6596,.T.);
#4119=EDGE_CURVE('',#5612,#5610,#406,.T.);
#4120=EDGE_CURVE('',#5613,#5612,#6597,.T.);
#4121=EDGE_CURVE('',#5614,#5613,#407,.T.);
#4122=EDGE_CURVE('',#5614,#5615,#6598,.T.);
#4123=EDGE_CURVE('',#5616,#5615,#408,.T.);
#4124=EDGE_CURVE('',#5616,#5617,#6599,.T.);
#4125=EDGE_CURVE('',#5618,#5617,#409,.T.);
#4126=EDGE_CURVE('',#5618,#5619,#6600,.T.);
#4127=EDGE_CURVE('',#5620,#5619,#410,.T.);
#4128=EDGE_CURVE('',#5621,#5620,#6601,.T.);
#4129=EDGE_CURVE('',#5611,#5621,#411,.T.);
#4130=EDGE_CURVE('',#5622,#5623,#6602,.T.);
#4131=EDGE_CURVE('',#5624,#5622,#412,.T.);
#4132=EDGE_CURVE('',#5625,#5624,#6603,.T.);
#4133=EDGE_CURVE('',#5626,#5625,#413,.T.);
#4134=EDGE_CURVE('',#5626,#5627,#6604,.T.);
#4135=EDGE_CURVE('',#5628,#5627,#414,.T.);
#4136=EDGE_CURVE('',#5628,#5629,#6605,.T.);
#4137=EDGE_CURVE('',#5630,#5629,#415,.T.);
#4138=EDGE_CURVE('',#5630,#5631,#6606,.T.);
#4139=EDGE_CURVE('',#5632,#5631,#416,.T.);
#4140=EDGE_CURVE('',#5633,#5632,#6607,.T.);
#4141=EDGE_CURVE('',#5623,#5633,#417,.T.);
#4142=EDGE_CURVE('',#5634,#5635,#6608,.T.);
#4143=EDGE_CURVE('',#5636,#5635,#6609,.T.);
#4144=EDGE_CURVE('',#5637,#5636,#6610,.T.);
#4145=EDGE_CURVE('',#5637,#5634,#6611,.T.);
#4146=EDGE_CURVE('',#5638,#5638,#418,.T.);
#4147=EDGE_CURVE('',#5639,#5639,#419,.T.);
#4148=EDGE_CURVE('',#5640,#5641,#420,.T.);
#4149=EDGE_CURVE('',#5642,#5640,#6612,.T.);
#4150=EDGE_CURVE('',#5643,#5642,#421,.T.);
#4151=EDGE_CURVE('',#5644,#5643,#6613,.T.);
#4152=EDGE_CURVE('',#5645,#5644,#422,.T.);
#4153=EDGE_CURVE('',#5645,#5646,#6614,.T.);
#4154=EDGE_CURVE('',#5647,#5646,#423,.T.);
#4155=EDGE_CURVE('',#5647,#5641,#6615,.T.);
#4156=EDGE_CURVE('',#5648,#5649,#424,.T.);
#4157=EDGE_CURVE('',#5650,#5648,#6616,.T.);
#4158=EDGE_CURVE('',#5651,#5650,#425,.T.);
#4159=EDGE_CURVE('',#5651,#5652,#6617,.T.);
#4160=EDGE_CURVE('',#5653,#5652,#426,.T.);
#4161=EDGE_CURVE('',#5653,#5654,#6618,.T.);
#4162=EDGE_CURVE('',#5655,#5654,#427,.T.);
#4163=EDGE_CURVE('',#5655,#5656,#428,.T.);
#4164=EDGE_CURVE('',#5657,#5656,#429,.T.);
#4165=EDGE_CURVE('',#5657,#5658,#430,.T.);
#4166=EDGE_CURVE('',#5659,#5658,#431,.T.);
#4167=EDGE_CURVE('',#5660,#5659,#6619,.T.);
#4168=EDGE_CURVE('',#5661,#5660,#432,.T.);
#4169=EDGE_CURVE('',#5649,#5661,#6620,.T.);
#4170=EDGE_CURVE('',#5662,#5663,#6621,.T.);
#4171=EDGE_CURVE('',#5664,#5663,#433,.T.);
#4172=EDGE_CURVE('',#5664,#5665,#6622,.T.);
#4173=EDGE_CURVE('',#5666,#5665,#434,.T.);
#4174=EDGE_CURVE('',#5666,#5667,#6623,.T.);
#4175=EDGE_CURVE('',#5668,#5667,#435,.T.);
#4176=EDGE_CURVE('',#5669,#5668,#6624,.T.);
#4177=EDGE_CURVE('',#5670,#5669,#436,.T.);
#4178=EDGE_CURVE('',#5671,#5670,#6625,.T.);
#4179=EDGE_CURVE('',#5672,#5671,#437,.T.);
#4180=EDGE_CURVE('',#5672,#5673,#438,.T.);
#4181=EDGE_CURVE('',#5674,#5673,#439,.T.);
#4182=EDGE_CURVE('',#5674,#5675,#440,.T.);
#4183=EDGE_CURVE('',#5662,#5675,#441,.T.);
#4184=EDGE_CURVE('',#5676,#5677,#442,.T.);
#4185=EDGE_CURVE('',#5676,#5678,#6626,.T.);
#4186=EDGE_CURVE('',#5679,#5678,#443,.T.);
#4187=EDGE_CURVE('',#5680,#5679,#6627,.T.);
#4188=EDGE_CURVE('',#5681,#5680,#444,.T.);
#4189=EDGE_CURVE('',#5682,#5681,#6628,.T.);
#4190=EDGE_CURVE('',#5683,#5682,#445,.T.);
#4191=EDGE_CURVE('',#5683,#5677,#6629,.T.);
#4192=EDGE_CURVE('',#5684,#5685,#6630,.T.);
#4193=EDGE_CURVE('',#5685,#5686,#446,.T.);
#4194=EDGE_CURVE('',#5687,#5686,#6631,.T.);
#4195=EDGE_CURVE('',#5687,#5688,#447,.T.);
#4196=EDGE_CURVE('',#5689,#5688,#6632,.T.);
#4197=EDGE_CURVE('',#5689,#5690,#448,.T.);
#4198=EDGE_CURVE('',#5690,#5691,#6633,.T.);
#4199=EDGE_CURVE('',#5691,#5684,#449,.T.);
#4200=EDGE_CURVE('',#5692,#5693,#6634,.T.);
#4201=EDGE_CURVE('',#5693,#5694,#450,.T.);
#4202=EDGE_CURVE('',#5694,#5695,#6635,.T.);
#4203=EDGE_CURVE('',#5695,#5696,#451,.T.);
#4204=EDGE_CURVE('',#5696,#5697,#6636,.T.);
#4205=EDGE_CURVE('',#5697,#5698,#452,.T.);
#4206=EDGE_CURVE('',#5699,#5698,#6637,.T.);
#4207=EDGE_CURVE('',#5699,#5700,#453,.T.);
#4208=EDGE_CURVE('',#5701,#5700,#6638,.T.);
#4209=EDGE_CURVE('',#5701,#5702,#454,.T.);
#4210=EDGE_CURVE('',#5703,#5702,#6639,.T.);
#4211=EDGE_CURVE('',#5703,#5692,#455,.T.);
#4212=EDGE_CURVE('',#5704,#5705,#6640,.F.);
#4213=EDGE_CURVE('',#5706,#5705,#6641,.T.);
#4214=EDGE_CURVE('',#5707,#5706,#6642,.F.);
#4215=EDGE_CURVE('',#5707,#5704,#6643,.T.);
#4216=EDGE_CURVE('',#5708,#5708,#456,.F.);
#4217=EDGE_CURVE('',#5709,#5709,#457,.F.);
#4218=EDGE_CURVE('',#5710,#5711,#6644,.T.);
#4219=EDGE_CURVE('',#5711,#5712,#458,.T.);
#4220=EDGE_CURVE('',#5712,#5713,#6645,.T.);
#4221=EDGE_CURVE('',#5713,#5714,#459,.T.);
#4222=EDGE_CURVE('',#5715,#5714,#6646,.T.);
#4223=EDGE_CURVE('',#5715,#5716,#460,.T.);
#4224=EDGE_CURVE('',#5717,#5716,#6647,.T.);
#4225=EDGE_CURVE('',#5717,#5710,#461,.T.);
#4226=EDGE_CURVE('',#5718,#5719,#6648,.T.);
#4227=EDGE_CURVE('',#5719,#5720,#462,.T.);
#4228=EDGE_CURVE('',#5720,#5721,#6649,.T.);
#4229=EDGE_CURVE('',#5721,#5722,#463,.T.);
#4230=EDGE_CURVE('',#5722,#5723,#6650,.T.);
#4231=EDGE_CURVE('',#5723,#5724,#464,.T.);
#4232=EDGE_CURVE('',#5725,#5724,#6651,.T.);
#4233=EDGE_CURVE('',#5725,#5726,#465,.T.);
#4234=EDGE_CURVE('',#5727,#5726,#6652,.T.);
#4235=EDGE_CURVE('',#5727,#5728,#466,.T.);
#4236=EDGE_CURVE('',#5729,#5728,#6653,.T.);
#4237=EDGE_CURVE('',#5729,#5718,#467,.T.);
#4238=EDGE_CURVE('',#5730,#5731,#468,.T.);
#4239=EDGE_CURVE('',#5731,#5732,#6654,.T.);
#4240=EDGE_CURVE('',#5732,#5733,#469,.T.);
#4241=EDGE_CURVE('',#5734,#5733,#470,.T.);
#4242=EDGE_CURVE('',#5734,#5735,#471,.T.);
#4243=EDGE_CURVE('',#5736,#5735,#472,.T.);
#4244=EDGE_CURVE('',#5736,#5737,#473,.T.);
#4245=EDGE_CURVE('',#5738,#5737,#6655,.T.);
#4246=EDGE_CURVE('',#5738,#5739,#474,.T.);
#4247=EDGE_CURVE('',#5740,#5739,#6656,.T.);
#4248=EDGE_CURVE('',#5740,#5741,#475,.T.);
#4249=EDGE_CURVE('',#5741,#5742,#6657,.T.);
#4250=EDGE_CURVE('',#5742,#5743,#476,.T.);
#4251=EDGE_CURVE('',#5743,#5730,#6658,.T.);
#4252=EDGE_CURVE('',#5744,#5745,#477,.T.);
#4253=EDGE_CURVE('',#5744,#5746,#478,.T.);
#4254=EDGE_CURVE('',#5746,#5747,#6659,.T.);
#4255=EDGE_CURVE('',#5747,#5748,#479,.T.);
#4256=EDGE_CURVE('',#5748,#5749,#6660,.T.);
#4257=EDGE_CURVE('',#5749,#5750,#480,.T.);
#4258=EDGE_CURVE('',#5751,#5750,#6661,.T.);
#4259=EDGE_CURVE('',#5751,#5752,#481,.T.);
#4260=EDGE_CURVE('',#5753,#5752,#6662,.T.);
#4261=EDGE_CURVE('',#5753,#5754,#482,.T.);
#4262=EDGE_CURVE('',#5755,#5754,#6663,.T.);
#4263=EDGE_CURVE('',#5755,#5756,#483,.T.);
#4264=EDGE_CURVE('',#5757,#5756,#484,.T.);
#4265=EDGE_CURVE('',#5757,#5745,#485,.T.);
#4266=EDGE_CURVE('',#5758,#5759,#486,.T.);
#4267=EDGE_CURVE('',#5760,#5758,#6664,.T.);
#4268=EDGE_CURVE('',#5761,#5760,#487,.T.);
#4269=EDGE_CURVE('',#5762,#5761,#6665,.T.);
#4270=EDGE_CURVE('',#5763,#5762,#488,.T.);
#4271=EDGE_CURVE('',#5763,#5764,#6666,.T.);
#4272=EDGE_CURVE('',#5765,#5764,#489,.T.);
#4273=EDGE_CURVE('',#5765,#5759,#6667,.T.);
#4274=EDGE_CURVE('',#5766,#5767,#490,.F.);
#4275=EDGE_CURVE('',#5768,#5766,#491,.T.);
#4276=EDGE_CURVE('',#5768,#5769,#6668,.T.);
#4277=EDGE_CURVE('',#5770,#5769,#492,.T.);
#4278=EDGE_CURVE('',#5770,#5771,#493,.T.);
#4279=EDGE_CURVE('',#5767,#5771,#494,.T.);
#4280=EDGE_CURVE('',#5772,#5773,#495,.T.);
#4281=EDGE_CURVE('',#5772,#5774,#496,.T.);
#4282=EDGE_CURVE('',#5775,#5774,#497,.T.);
#4283=EDGE_CURVE('',#5776,#5775,#498,.F.);
#4284=EDGE_CURVE('',#5777,#5776,#499,.T.);
#4285=EDGE_CURVE('',#5773,#5777,#6669,.T.);
#4286=EDGE_CURVE('',#5778,#5779,#500,.F.);
#4287=EDGE_CURVE('',#5780,#5778,#501,.T.);
#4288=EDGE_CURVE('',#5780,#5781,#502,.T.);
#4289=EDGE_CURVE('',#5782,#5781,#503,.T.);
#4290=EDGE_CURVE('',#5782,#5783,#6670,.T.);
#4291=EDGE_CURVE('',#5784,#5783,#504,.T.);
#4292=EDGE_CURVE('',#5784,#5785,#6671,.T.);
#4293=EDGE_CURVE('',#5786,#5785,#505,.T.);
#4294=EDGE_CURVE('',#5787,#5786,#506,.F.);
#4295=EDGE_CURVE('',#5779,#5787,#507,.T.);
#4296=EDGE_CURVE('',#5788,#5789,#508,.T.);
#4297=EDGE_CURVE('',#5788,#5790,#6672,.T.);
#4298=EDGE_CURVE('',#5791,#5790,#509,.T.);
#4299=EDGE_CURVE('',#5792,#5791,#6673,.T.);
#4300=EDGE_CURVE('',#5793,#5792,#510,.T.);
#4301=EDGE_CURVE('',#5794,#5793,#6674,.T.);
#4302=EDGE_CURVE('',#5795,#5794,#511,.T.);
#4303=EDGE_CURVE('',#5795,#5789,#6675,.T.);
#4304=EDGE_CURVE('',#5796,#5797,#512,.F.);
#4305=EDGE_CURVE('',#5798,#5796,#513,.T.);
#4306=EDGE_CURVE('',#5798,#5799,#514,.T.);
#4307=EDGE_CURVE('',#5800,#5799,#515,.T.);
#4308=EDGE_CURVE('',#5800,#5801,#6676,.T.);
#4309=EDGE_CURVE('',#5802,#5801,#516,.T.);
#4310=EDGE_CURVE('',#5802,#5803,#6677,.T.);
#4311=EDGE_CURVE('',#5804,#5803,#517,.T.);
#4312=EDGE_CURVE('',#5804,#5805,#6678,.T.);
#4313=EDGE_CURVE('',#5797,#5805,#518,.T.);
#4314=EDGE_CURVE('',#5806,#5807,#519,.F.);
#4315=EDGE_CURVE('',#5808,#5806,#520,.T.);
#4316=EDGE_CURVE('',#5809,#5808,#6679,.T.);
#4317=EDGE_CURVE('',#5810,#5809,#521,.T.);
#4318=EDGE_CURVE('',#5810,#5811,#6680,.T.);
#4319=EDGE_CURVE('',#5812,#5811,#522,.T.);
#4320=EDGE_CURVE('',#5813,#5812,#6681,.T.);
#4321=EDGE_CURVE('',#5814,#5813,#523,.T.);
#4322=EDGE_CURVE('',#5815,#5814,#524,.F.);
#4323=EDGE_CURVE('',#5807,#5815,#525,.T.);
#4324=EDGE_CURVE('',#5816,#5817,#6682,.T.);
#4325=EDGE_CURVE('',#5818,#5816,#526,.T.);
#4326=EDGE_CURVE('',#5819,#5818,#527,.F.);
#4327=EDGE_CURVE('',#5820,#5819,#528,.T.);
#4328=EDGE_CURVE('',#5821,#5820,#6683,.T.);
#4329=EDGE_CURVE('',#5817,#5821,#529,.T.);
#4330=EDGE_CURVE('',#5822,#5823,#6684,.T.);
#4331=EDGE_CURVE('',#5824,#5822,#530,.T.);
#4332=EDGE_CURVE('',#5824,#5825,#531,.T.);
#4333=EDGE_CURVE('',#5826,#5825,#532,.T.);
#4334=EDGE_CURVE('',#5827,#5826,#533,.F.);
#4335=EDGE_CURVE('',#5823,#5827,#534,.T.);
#4336=EDGE_CURVE('',#5828,#5829,#535,.T.);
#4337=EDGE_CURVE('',#5828,#5830,#6685,.T.);
#4338=EDGE_CURVE('',#5831,#5830,#536,.T.);
#4339=EDGE_CURVE('',#5831,#5832,#537,.T.);
#4340=EDGE_CURVE('',#5833,#5832,#538,.T.);
#4341=EDGE_CURVE('',#5829,#5833,#539,.F.);
#4342=EDGE_CURVE('',#5834,#5835,#540,.F.);
#4343=EDGE_CURVE('',#5836,#5834,#541,.T.);
#4344=EDGE_CURVE('',#5836,#5837,#542,.T.);
#4345=EDGE_CURVE('',#5838,#5837,#543,.T.);
#4346=EDGE_CURVE('',#5839,#5838,#6686,.T.);
#4347=EDGE_CURVE('',#5840,#5839,#544,.T.);
#4348=EDGE_CURVE('',#5840,#5841,#6687,.T.);
#4349=EDGE_CURVE('',#5842,#5841,#545,.T.);
#4350=EDGE_CURVE('',#5843,#5842,#546,.F.);
#4351=EDGE_CURVE('',#5835,#5843,#547,.T.);
#4352=EDGE_CURVE('',#5844,#5845,#6688,.T.);
#4353=EDGE_CURVE('',#5846,#5844,#548,.T.);
#4354=EDGE_CURVE('',#5846,#5847,#549,.T.);
#4355=EDGE_CURVE('',#5848,#5847,#550,.T.);
#4356=EDGE_CURVE('',#5849,#5848,#551,.F.);
#4357=EDGE_CURVE('',#5845,#5849,#552,.T.);
#4358=EDGE_CURVE('',#5850,#5851,#553,.T.);
#4359=EDGE_CURVE('',#5850,#5852,#6689,.T.);
#4360=EDGE_CURVE('',#5853,#5852,#554,.T.);
#4361=EDGE_CURVE('',#5854,#5853,#6690,.T.);
#4362=EDGE_CURVE('',#5855,#5854,#555,.T.);
#4363=EDGE_CURVE('',#5855,#5851,#556,.T.);
#4364=EDGE_CURVE('',#5856,#5856,#557,.T.);
#4365=EDGE_CURVE('',#5857,#5857,#558,.F.);
#4366=EDGE_CURVE('',#5858,#5858,#559,.F.);
#4367=EDGE_CURVE('',#5859,#5859,#560,.F.);
#4368=EDGE_CURVE('',#5860,#5860,#561,.T.);
#4369=EDGE_CURVE('',#5861,#5861,#562,.F.);
#4370=EDGE_CURVE('',#5862,#5862,#563,.F.);
#4371=EDGE_CURVE('',#5863,#5863,#564,.T.);
#4372=EDGE_CURVE('',#5864,#5864,#565,.T.);
#4373=EDGE_CURVE('',#5865,#5866,#6691,.T.);
#4374=EDGE_CURVE('',#5865,#5867,#6692,.T.);
#4375=EDGE_CURVE('',#5867,#5868,#6693,.T.);
#4376=EDGE_CURVE('',#5866,#5868,#6694,.T.);
#4377=EDGE_CURVE('',#5869,#5870,#6695,.T.);
#4378=EDGE_CURVE('',#5869,#5871,#566,.T.);
#4379=EDGE_CURVE('',#5871,#5872,#6696,.T.);
#4380=EDGE_CURVE('',#5872,#5873,#567,.F.);
#4381=EDGE_CURVE('',#5874,#5873,#6697,.T.);
#4382=EDGE_CURVE('',#5874,#5875,#568,.T.);
#4383=EDGE_CURVE('',#5875,#5876,#6698,.T.);
#4384=EDGE_CURVE('',#5876,#5877,#569,.F.);
#4385=EDGE_CURVE('',#5878,#5877,#6699,.T.);
#4386=EDGE_CURVE('',#5878,#5879,#570,.F.);
#4387=EDGE_CURVE('',#5879,#5880,#6700,.T.);
#4388=EDGE_CURVE('',#5880,#5881,#571,.F.);
#4389=EDGE_CURVE('',#5881,#5882,#6701,.T.);
#4390=EDGE_CURVE('',#5882,#5883,#572,.F.);
#4391=EDGE_CURVE('',#5883,#5884,#6702,.T.);
#4392=EDGE_CURVE('',#5884,#5885,#573,.T.);
#4393=EDGE_CURVE('',#5885,#5886,#6703,.T.);
#4394=EDGE_CURVE('',#5886,#5887,#574,.F.);
#4395=EDGE_CURVE('',#5887,#5888,#6704,.T.);
#4396=EDGE_CURVE('',#5888,#5889,#575,.T.);
#4397=EDGE_CURVE('',#5889,#5890,#6705,.T.);
#4398=EDGE_CURVE('',#5890,#5891,#576,.F.);
#4399=EDGE_CURVE('',#5892,#5891,#6706,.T.);
#4400=EDGE_CURVE('',#5892,#5870,#577,.F.);
#4401=EDGE_CURVE('',#5893,#5893,#578,.T.);
#4402=EDGE_CURVE('',#5894,#5894,#579,.F.);
#4403=EDGE_CURVE('',#5895,#5895,#580,.T.);
#4404=EDGE_CURVE('',#5896,#5896,#581,.F.);
#4405=EDGE_CURVE('',#5897,#5897,#582,.T.);
#4406=EDGE_CURVE('',#5898,#5898,#583,.F.);
#4407=EDGE_CURVE('',#5899,#5899,#584,.T.);
#4408=EDGE_CURVE('',#5900,#5900,#585,.F.);
#4409=EDGE_CURVE('',#5901,#5901,#586,.T.);
#4410=EDGE_CURVE('',#5902,#5902,#587,.T.);
#4411=EDGE_CURVE('',#5903,#5903,#588,.F.);
#4412=EDGE_CURVE('',#5904,#5905,#589,.T.);
#4413=EDGE_CURVE('',#5904,#5906,#6707,.T.);
#4414=EDGE_CURVE('',#5907,#5906,#590,.T.);
#4415=EDGE_CURVE('',#5908,#5907,#6708,.T.);
#4416=EDGE_CURVE('',#5909,#5908,#591,.T.);
#4417=EDGE_CURVE('',#5910,#5909,#6709,.T.);
#4418=EDGE_CURVE('',#5911,#5910,#592,.T.);
#4419=EDGE_CURVE('',#5911,#5912,#6710,.T.);
#4420=EDGE_CURVE('',#5913,#5912,#593,.T.);
#4421=EDGE_CURVE('',#5914,#5913,#594,.F.);
#4422=EDGE_CURVE('',#5915,#5914,#595,.T.);
#4423=EDGE_CURVE('',#5915,#5905,#6711,.T.);
#4424=EDGE_CURVE('',#5916,#5917,#596,.T.);
#4425=EDGE_CURVE('',#5916,#5918,#6712,.T.);
#4426=EDGE_CURVE('',#5919,#5918,#597,.T.);
#4427=EDGE_CURVE('',#5919,#5920,#598,.T.);
#4428=EDGE_CURVE('',#5921,#5920,#599,.T.);
#4429=EDGE_CURVE('',#5917,#5921,#600,.F.);
#4430=EDGE_CURVE('',#5922,#5923,#601,.T.);
#4431=EDGE_CURVE('',#5922,#5924,#6713,.T.);
#4432=EDGE_CURVE('',#5925,#5924,#602,.T.);
#4433=EDGE_CURVE('',#5925,#5926,#603,.T.);
#4434=EDGE_CURVE('',#5927,#5926,#604,.T.);
#4435=EDGE_CURVE('',#5928,#5927,#6714,.T.);
#4436=EDGE_CURVE('',#5929,#5928,#605,.T.);
#4437=EDGE_CURVE('',#5930,#5929,#6715,.T.);
#4438=EDGE_CURVE('',#5931,#5930,#606,.T.);
#4439=EDGE_CURVE('',#5932,#5931,#6716,.T.);
#4440=EDGE_CURVE('',#5933,#5932,#607,.T.);
#4441=EDGE_CURVE('',#5923,#5933,#6717,.T.);
#4442=EDGE_CURVE('',#5934,#5935,#608,.F.);
#4443=EDGE_CURVE('',#5936,#5935,#609,.F.);
#4444=EDGE_CURVE('',#5937,#5936,#6718,.T.);
#4445=EDGE_CURVE('',#5938,#5937,#610,.F.);
#4446=EDGE_CURVE('',#5939,#5938,#611,.T.);
#4447=EDGE_CURVE('',#5934,#5939,#612,.F.);
#4448=EDGE_CURVE('',#5940,#5941,#613,.F.);
#4449=EDGE_CURVE('',#5942,#5940,#614,.T.);
#4450=EDGE_CURVE('',#5943,#5942,#615,.F.);
#4451=EDGE_CURVE('',#5944,#5943,#616,.T.);
#4452=EDGE_CURVE('',#5945,#5944,#617,.F.);
#4453=EDGE_CURVE('',#5945,#5946,#6719,.T.);
#4454=EDGE_CURVE('',#5947,#5946,#618,.F.);
#4455=EDGE_CURVE('',#5947,#5948,#6720,.T.);
#4456=EDGE_CURVE('',#5949,#5948,#619,.F.);
#4457=EDGE_CURVE('',#5949,#5941,#620,.F.);
#4458=EDGE_CURVE('',#5950,#5951,#621,.F.);
#4459=EDGE_CURVE('',#5952,#5950,#6721,.T.);
#4460=EDGE_CURVE('',#5953,#5952,#622,.F.);
#4461=EDGE_CURVE('',#5954,#5953,#6722,.T.);
#4462=EDGE_CURVE('',#5955,#5954,#623,.F.);
#4463=EDGE_CURVE('',#5956,#5955,#6723,.T.);
#4464=EDGE_CURVE('',#5957,#5956,#624,.F.);
#4465=EDGE_CURVE('',#5958,#5957,#6724,.T.);
#4466=EDGE_CURVE('',#5959,#5958,#625,.F.);
#4467=EDGE_CURVE('',#5959,#5960,#626,.F.);
#4468=EDGE_CURVE('',#5961,#5960,#627,.F.);
#4469=EDGE_CURVE('',#5961,#5951,#6725,.T.);
#4470=EDGE_CURVE('',#5962,#5963,#6726,.T.);
#4471=EDGE_CURVE('',#5964,#5963,#628,.F.);
#4472=EDGE_CURVE('',#5965,#5964,#629,.T.);
#4473=EDGE_CURVE('',#5966,#5965,#630,.F.);
#4474=EDGE_CURVE('',#5966,#5967,#631,.F.);
#4475=EDGE_CURVE('',#5962,#5967,#632,.F.);
#4476=EDGE_CURVE('',#5968,#5969,#633,.F.);
#4477=EDGE_CURVE('',#5970,#5968,#634,.T.);
#4478=EDGE_CURVE('',#5971,#5970,#635,.F.);
#4479=EDGE_CURVE('',#5972,#5971,#636,.T.);
#4480=EDGE_CURVE('',#5973,#5972,#637,.F.);
#4481=EDGE_CURVE('',#5973,#5974,#6727,.T.);
#4482=EDGE_CURVE('',#5975,#5974,#638,.F.);
#4483=EDGE_CURVE('',#5976,#5975,#6728,.T.);
#4484=EDGE_CURVE('',#5977,#5976,#639,.F.);
#4485=EDGE_CURVE('',#5977,#5969,#640,.F.);
#4486=EDGE_CURVE('',#5978,#5979,#641,.F.);
#4487=EDGE_CURVE('',#5980,#5979,#642,.F.);
#4488=EDGE_CURVE('',#5981,#5980,#6729,.T.);
#4489=EDGE_CURVE('',#5982,#5981,#643,.F.);
#4490=EDGE_CURVE('',#5983,#5982,#644,.T.);
#4491=EDGE_CURVE('',#5978,#5983,#645,.F.);
#4492=EDGE_CURVE('',#5984,#5984,#646,.T.);
#4493=EDGE_CURVE('',#5985,#5985,#647,.T.);
#4494=EDGE_CURVE('',#5986,#5986,#648,.T.);
#4495=EDGE_CURVE('',#5987,#5987,#649,.T.);
#4496=EDGE_CURVE('',#5988,#5988,#650,.T.);
#4497=EDGE_CURVE('',#5989,#5989,#651,.T.);
#4498=EDGE_CURVE('',#5990,#5990,#652,.T.);
#4499=EDGE_CURVE('',#5991,#5991,#653,.T.);
#4500=EDGE_CURVE('',#5992,#5992,#654,.T.);
#4501=EDGE_CURVE('',#5993,#5993,#655,.T.);
#4502=EDGE_CURVE('',#5994,#5995,#6730,.T.);
#4503=EDGE_CURVE('',#5995,#5996,#6731,.T.);
#4504=EDGE_CURVE('',#5997,#5996,#6732,.T.);
#4505=EDGE_CURVE('',#5994,#5997,#6733,.T.);
#4506=EDGE_CURVE('',#5998,#5999,#6734,.T.);
#4507=EDGE_CURVE('',#5999,#6000,#656,.F.);
#4508=EDGE_CURVE('',#6001,#6000,#6735,.T.);
#4509=EDGE_CURVE('',#6001,#6002,#657,.T.);
#4510=EDGE_CURVE('',#6003,#6002,#6736,.T.);
#4511=EDGE_CURVE('',#6003,#6004,#658,.T.);
#4512=EDGE_CURVE('',#6004,#6005,#6737,.T.);
#4513=EDGE_CURVE('',#6005,#6006,#659,.F.);
#4514=EDGE_CURVE('',#6006,#6007,#6738,.T.);
#4515=EDGE_CURVE('',#6007,#6008,#660,.T.);
#4516=EDGE_CURVE('',#6008,#6009,#6739,.T.);
#4517=EDGE_CURVE('',#6009,#6010,#661,.F.);
#4518=EDGE_CURVE('',#6010,#6011,#6740,.T.);
#4519=EDGE_CURVE('',#6011,#6012,#662,.T.);
#4520=EDGE_CURVE('',#6012,#6013,#6741,.T.);
#4521=EDGE_CURVE('',#6013,#6014,#663,.T.);
#4522=EDGE_CURVE('',#6014,#6015,#6742,.T.);
#4523=EDGE_CURVE('',#6015,#6016,#664,.T.);
#4524=EDGE_CURVE('',#6017,#6016,#6743,.T.);
#4525=EDGE_CURVE('',#6017,#6018,#665,.T.);
#4526=EDGE_CURVE('',#6018,#6019,#6744,.T.);
#4527=EDGE_CURVE('',#6019,#6020,#666,.F.);
#4528=EDGE_CURVE('',#6021,#6020,#6745,.T.);
#4529=EDGE_CURVE('',#6021,#5998,#667,.T.);
#4530=EDGE_CURVE('',#6022,#6022,#668,.F.);
#4531=EDGE_CURVE('',#6023,#6023,#669,.F.);
#4532=EDGE_CURVE('',#6024,#6024,#670,.F.);
#4533=EDGE_CURVE('',#6025,#6025,#671,.F.);
#4534=EDGE_CURVE('',#6026,#6026,#672,.F.);
#4535=EDGE_CURVE('',#6027,#6027,#673,.F.);
#4536=EDGE_CURVE('',#6028,#6028,#674,.F.);
#4537=EDGE_CURVE('',#6029,#6029,#675,.F.);
#4538=EDGE_CURVE('',#6030,#6030,#676,.F.);
#4539=EDGE_CURVE('',#6031,#6031,#677,.F.);
#4540=EDGE_CURVE('',#6032,#6033,#678,.F.);
#4541=EDGE_CURVE('',#6032,#6034,#6746,.T.);
#4542=EDGE_CURVE('',#6035,#6034,#679,.F.);
#4543=EDGE_CURVE('',#6036,#6035,#680,.T.);
#4544=EDGE_CURVE('',#6037,#6036,#681,.F.);
#4545=EDGE_CURVE('',#6037,#6038,#6747,.T.);
#4546=EDGE_CURVE('',#6039,#6038,#682,.F.);
#4547=EDGE_CURVE('',#6040,#6039,#6748,.T.);
#4548=EDGE_CURVE('',#6041,#6040,#683,.F.);
#4549=EDGE_CURVE('',#6042,#6041,#6749,.T.);
#4550=EDGE_CURVE('',#6043,#6042,#684,.F.);
#4551=EDGE_CURVE('',#6043,#6033,#6750,.T.);
#4552=EDGE_CURVE('',#6044,#6045,#6751,.T.);
#4553=EDGE_CURVE('',#6046,#6045,#685,.F.);
#4554=EDGE_CURVE('',#6046,#6047,#686,.F.);
#4555=EDGE_CURVE('',#6048,#6047,#687,.F.);
#4556=EDGE_CURVE('',#6049,#6048,#6752,.T.);
#4557=EDGE_CURVE('',#6044,#6049,#688,.F.);
#4558=EDGE_CURVE('',#6050,#6051,#689,.F.);
#4559=EDGE_CURVE('',#6052,#6051,#690,.F.);
#4560=EDGE_CURVE('',#6053,#6052,#6753,.T.);
#4561=EDGE_CURVE('',#6054,#6053,#691,.F.);
#4562=EDGE_CURVE('',#6055,#6054,#692,.T.);
#4563=EDGE_CURVE('',#6050,#6055,#693,.F.);
#4564=EDGE_CURVE('',#6056,#6057,#694,.T.);
#4565=EDGE_CURVE('',#6058,#6056,#695,.F.);
#4566=EDGE_CURVE('',#6059,#6058,#6754,.T.);
#4567=EDGE_CURVE('',#6060,#6059,#696,.F.);
#4568=EDGE_CURVE('',#6061,#6060,#6755,.T.);
#4569=EDGE_CURVE('',#6057,#6061,#697,.F.);
#4570=EDGE_CURVE('',#6062,#6063,#698,.F.);
#4571=EDGE_CURVE('',#6064,#6063,#699,.F.);
#4572=EDGE_CURVE('',#6064,#6065,#6756,.T.);
#4573=EDGE_CURVE('',#6066,#6065,#700,.F.);
#4574=EDGE_CURVE('',#6067,#6066,#701,.T.);
#4575=EDGE_CURVE('',#6062,#6067,#702,.F.);
#4576=EDGE_CURVE('',#6068,#6069,#703,.F.);
#4577=EDGE_CURVE('',#6070,#6068,#704,.T.);
#4578=EDGE_CURVE('',#6071,#6070,#705,.F.);
#4579=EDGE_CURVE('',#6072,#6071,#706,.T.);
#4580=EDGE_CURVE('',#6073,#6072,#707,.F.);
#4581=EDGE_CURVE('',#6074,#6073,#6757,.T.);
#4582=EDGE_CURVE('',#6075,#6074,#708,.F.);
#4583=EDGE_CURVE('',#6075,#6076,#6758,.T.);
#4584=EDGE_CURVE('',#6077,#6076,#709,.F.);
#4585=EDGE_CURVE('',#6069,#6077,#6759,.T.);
#4586=EDGE_CURVE('',#6078,#6079,#710,.F.);
#4587=EDGE_CURVE('',#6080,#6078,#711,.T.);
#4588=EDGE_CURVE('',#6081,#6080,#712,.F.);
#4589=EDGE_CURVE('',#6081,#6082,#6760,.T.);
#4590=EDGE_CURVE('',#6083,#6082,#713,.F.);
#4591=EDGE_CURVE('',#6083,#6084,#6761,.T.);
#4592=EDGE_CURVE('',#6085,#6084,#714,.F.);
#4593=EDGE_CURVE('',#6085,#6086,#6762,.T.);
#4594=EDGE_CURVE('',#6087,#6086,#715,.F.);
#4595=EDGE_CURVE('',#6087,#6079,#716,.F.);
#4596=EDGE_CURVE('',#6088,#6089,#717,.F.);
#4597=EDGE_CURVE('',#6090,#6088,#6763,.T.);
#4598=EDGE_CURVE('',#6091,#6090,#718,.F.);
#4599=EDGE_CURVE('',#6091,#6092,#6764,.T.);
#4600=EDGE_CURVE('',#6093,#6092,#719,.F.);
#4601=EDGE_CURVE('',#6093,#6094,#6765,.T.);
#4602=EDGE_CURVE('',#6095,#6094,#720,.F.);
#4603=EDGE_CURVE('',#6089,#6095,#6766,.T.);
#4604=EDGE_CURVE('',#6096,#6097,#6767,.T.);
#4605=EDGE_CURVE('',#6098,#6097,#721,.F.);
#4606=EDGE_CURVE('',#6099,#6098,#722,.T.);
#4607=EDGE_CURVE('',#6100,#6099,#723,.F.);
#4608=EDGE_CURVE('',#6100,#6101,#724,.F.);
#4609=EDGE_CURVE('',#6096,#6101,#725,.F.);
#4610=EDGE_CURVE('',#6102,#6103,#726,.F.);
#4611=EDGE_CURVE('',#6104,#6102,#6768,.T.);
#4612=EDGE_CURVE('',#6105,#6104,#727,.F.);
#4613=EDGE_CURVE('',#6106,#6105,#6769,.T.);
#4614=EDGE_CURVE('',#6107,#6106,#728,.F.);
#4615=EDGE_CURVE('',#6107,#6108,#6770,.T.);
#4616=EDGE_CURVE('',#6109,#6108,#729,.F.);
#4617=EDGE_CURVE('',#6109,#6103,#6771,.T.);
#4618=EDGE_CURVE('',#6110,#6110,#730,.T.);
#4619=EDGE_CURVE('',#6111,#6111,#731,.T.);
#4620=EDGE_CURVE('',#6112,#6112,#732,.T.);
#4621=EDGE_CURVE('',#6113,#6113,#733,.T.);
#4622=EDGE_CURVE('',#6114,#6114,#734,.T.);
#4623=EDGE_CURVE('',#6115,#6115,#735,.T.);
#4624=EDGE_CURVE('',#6116,#6116,#736,.T.);
#4625=EDGE_CURVE('',#6117,#6117,#737,.T.);
#4626=EDGE_CURVE('',#6118,#6118,#738,.T.);
#4627=EDGE_CURVE('',#6119,#6119,#739,.T.);
#4628=EDGE_CURVE('',#6120,#6121,#740,.F.);
#4629=EDGE_CURVE('',#6122,#6120,#6772,.T.);
#4630=EDGE_CURVE('',#6123,#6122,#741,.T.);
#4631=EDGE_CURVE('',#6121,#6123,#6773,.F.);
#4632=EDGE_CURVE('',#6124,#6125,#742,.F.);
#4633=EDGE_CURVE('',#6126,#6124,#6774,.T.);
#4634=EDGE_CURVE('',#6127,#6126,#743,.T.);
#4635=EDGE_CURVE('',#6125,#6127,#6775,.F.);
#4636=EDGE_CURVE('',#6128,#6129,#744,.F.);
#4637=EDGE_CURVE('',#6130,#6128,#6776,.F.);
#4638=EDGE_CURVE('',#6131,#6130,#745,.T.);
#4639=EDGE_CURVE('',#6129,#6131,#6777,.T.);
#4640=EDGE_CURVE('',#6132,#6133,#746,.F.);
#4641=EDGE_CURVE('',#6134,#6132,#6778,.T.);
#4642=EDGE_CURVE('',#6135,#6134,#747,.T.);
#4643=EDGE_CURVE('',#6133,#6135,#6779,.T.);
#4644=EDGE_CURVE('',#6136,#6137,#748,.T.);
#4645=EDGE_CURVE('',#6138,#6136,#6780,.T.);
#4646=EDGE_CURVE('',#6139,#6138,#749,.F.);
#4647=EDGE_CURVE('',#6137,#6139,#6781,.F.);
#4648=EDGE_CURVE('',#6140,#6141,#750,.F.);
#4649=EDGE_CURVE('',#6142,#6140,#6782,.T.);
#4650=EDGE_CURVE('',#6143,#6142,#751,.T.);
#4651=EDGE_CURVE('',#6141,#6143,#6783,.F.);
#4652=EDGE_CURVE('',#6144,#6145,#752,.F.);
#4653=EDGE_CURVE('',#6146,#6144,#6784,.T.);
#4654=EDGE_CURVE('',#6147,#6146,#753,.T.);
#4655=EDGE_CURVE('',#6145,#6147,#6785,.F.);
#4656=EDGE_CURVE('',#6148,#6149,#754,.T.);
#4657=EDGE_CURVE('',#6150,#6148,#6786,.F.);
#4658=EDGE_CURVE('',#6151,#6150,#755,.F.);
#4659=EDGE_CURVE('',#6149,#6151,#6787,.F.);
#4660=EDGE_CURVE('',#6152,#6153,#756,.F.);
#4661=EDGE_CURVE('',#6154,#6152,#6788,.T.);
#4662=EDGE_CURVE('',#6155,#6154,#757,.T.);
#4663=EDGE_CURVE('',#6153,#6155,#6789,.T.);
#4664=EDGE_CURVE('',#6156,#6157,#758,.F.);
#4665=EDGE_CURVE('',#6158,#6156,#6790,.F.);
#4666=EDGE_CURVE('',#6159,#6158,#759,.T.);
#4667=EDGE_CURVE('',#6157,#6159,#6791,.F.);
#4668=EDGE_CURVE('',#6160,#6161,#760,.T.);
#4669=EDGE_CURVE('',#6162,#6160,#6792,.T.);
#4670=EDGE_CURVE('',#6163,#6162,#761,.F.);
#4671=EDGE_CURVE('',#6161,#6163,#6793,.F.);
#4672=EDGE_CURVE('',#6164,#6165,#762,.F.);
#4673=EDGE_CURVE('',#6166,#6164,#6794,.T.);
#4674=EDGE_CURVE('',#6167,#6166,#763,.T.);
#4675=EDGE_CURVE('',#6165,#6167,#6795,.F.);
#4676=EDGE_CURVE('',#6168,#6169,#764,.F.);
#4677=EDGE_CURVE('',#6170,#6168,#6796,.T.);
#4678=EDGE_CURVE('',#6171,#6170,#765,.T.);
#4679=EDGE_CURVE('',#6169,#6171,#6797,.F.);
#4680=EDGE_CURVE('',#6172,#6173,#766,.T.);
#4681=EDGE_CURVE('',#6174,#6172,#6798,.T.);
#4682=EDGE_CURVE('',#6175,#6174,#767,.F.);
#4683=EDGE_CURVE('',#6173,#6175,#6799,.F.);
#4684=EDGE_CURVE('',#6176,#6177,#768,.F.);
#4685=EDGE_CURVE('',#6178,#6176,#6800,.T.);
#4686=EDGE_CURVE('',#6179,#6178,#769,.T.);
#4687=EDGE_CURVE('',#6177,#6179,#6801,.T.);
#4688=EDGE_CURVE('',#6180,#6181,#770,.F.);
#4689=EDGE_CURVE('',#6182,#6180,#6802,.F.);
#4690=EDGE_CURVE('',#6183,#6182,#771,.T.);
#4691=EDGE_CURVE('',#6181,#6183,#6803,.T.);
#4692=EDGE_CURVE('',#6184,#6185,#772,.F.);
#4693=EDGE_CURVE('',#6186,#6184,#6804,.T.);
#4694=EDGE_CURVE('',#6187,#6186,#773,.T.);
#4695=EDGE_CURVE('',#6185,#6187,#6805,.F.);
#4696=EDGE_CURVE('',#6188,#6189,#774,.T.);
#4697=EDGE_CURVE('',#6190,#6188,#6806,.T.);
#4698=EDGE_CURVE('',#6191,#6190,#775,.F.);
#4699=EDGE_CURVE('',#6189,#6191,#6807,.F.);
#4700=EDGE_CURVE('',#6192,#6193,#776,.T.);
#4701=EDGE_CURVE('',#6194,#6192,#6808,.T.);
#4702=EDGE_CURVE('',#6195,#6194,#777,.F.);
#4703=EDGE_CURVE('',#6193,#6195,#6809,.F.);
#4704=EDGE_CURVE('',#6196,#6197,#778,.F.);
#4705=EDGE_CURVE('',#6198,#6196,#6810,.F.);
#4706=EDGE_CURVE('',#6199,#6198,#779,.T.);
#4707=EDGE_CURVE('',#6197,#6199,#6811,.T.);
#4708=EDGE_CURVE('',#6200,#6201,#780,.T.);
#4709=EDGE_CURVE('',#6202,#6200,#6812,.T.);
#4710=EDGE_CURVE('',#6203,#6202,#781,.F.);
#4711=EDGE_CURVE('',#6201,#6203,#6813,.F.);
#4712=EDGE_CURVE('',#6204,#6205,#782,.F.);
#4713=EDGE_CURVE('',#6206,#6204,#6814,.F.);
#4714=EDGE_CURVE('',#6207,#6206,#783,.T.);
#4715=EDGE_CURVE('',#6205,#6207,#6815,.T.);
#4716=EDGE_CURVE('',#6208,#6209,#784,.F.);
#4717=EDGE_CURVE('',#6210,#6208,#6816,.T.);
#4718=EDGE_CURVE('',#6211,#6210,#785,.T.);
#4719=EDGE_CURVE('',#6209,#6211,#6817,.T.);
#4720=EDGE_CURVE('',#6212,#6213,#786,.T.);
#4721=EDGE_CURVE('',#6214,#6212,#6818,.T.);
#4722=EDGE_CURVE('',#6215,#6214,#787,.F.);
#4723=EDGE_CURVE('',#6213,#6215,#6819,.F.);
#4724=EDGE_CURVE('',#6216,#6217,#788,.T.);
#4725=EDGE_CURVE('',#6218,#6216,#6820,.F.);
#4726=EDGE_CURVE('',#6219,#6218,#789,.F.);
#4727=EDGE_CURVE('',#6217,#6219,#6821,.F.);
#4728=EDGE_CURVE('',#6220,#6221,#790,.T.);
#4729=EDGE_CURVE('',#6222,#6220,#6822,.T.);
#4730=EDGE_CURVE('',#6223,#6222,#791,.F.);
#4731=EDGE_CURVE('',#6221,#6223,#6823,.F.);
#4732=EDGE_CURVE('',#6224,#6225,#792,.F.);
#4733=EDGE_CURVE('',#6226,#6224,#6824,.T.);
#4734=EDGE_CURVE('',#6227,#6226,#793,.T.);
#4735=EDGE_CURVE('',#6225,#6227,#6825,.F.);
#4736=EDGE_CURVE('',#6228,#6229,#794,.F.);
#4737=EDGE_CURVE('',#6230,#6228,#6826,.T.);
#4738=EDGE_CURVE('',#6231,#6230,#795,.T.);
#4739=EDGE_CURVE('',#6229,#6231,#6827,.F.);
#4740=EDGE_CURVE('',#6232,#6233,#796,.F.);
#4741=EDGE_CURVE('',#6234,#6232,#6828,.T.);
#4742=EDGE_CURVE('',#6235,#6234,#797,.T.);
#4743=EDGE_CURVE('',#6233,#6235,#6829,.F.);
#4744=EDGE_CURVE('',#6236,#6237,#798,.F.);
#4745=EDGE_CURVE('',#6238,#6236,#6830,.T.);
#4746=EDGE_CURVE('',#6239,#6238,#799,.T.);
#4747=EDGE_CURVE('',#6237,#6239,#6831,.F.);
#4748=EDGE_CURVE('',#6240,#6241,#800,.F.);
#4749=EDGE_CURVE('',#6242,#6240,#6832,.T.);
#4750=EDGE_CURVE('',#6243,#6242,#801,.T.);
#4751=EDGE_CURVE('',#6241,#6243,#6833,.F.);
#4752=EDGE_CURVE('',#6244,#6245,#802,.T.);
#4753=EDGE_CURVE('',#6246,#6244,#6834,.T.);
#4754=EDGE_CURVE('',#6247,#6246,#803,.F.);
#4755=EDGE_CURVE('',#6245,#6247,#6835,.F.);
#4756=EDGE_CURVE('',#6248,#6249,#804,.T.);
#4757=EDGE_CURVE('',#6250,#6248,#6836,.T.);
#4758=EDGE_CURVE('',#6251,#6250,#805,.F.);
#4759=EDGE_CURVE('',#6249,#6251,#6837,.F.);
#4760=EDGE_CURVE('',#6252,#6253,#806,.F.);
#4761=EDGE_CURVE('',#6254,#6252,#6838,.T.);
#4762=EDGE_CURVE('',#6255,#6254,#807,.T.);
#4763=EDGE_CURVE('',#6253,#6255,#6839,.F.);
#4764=EDGE_CURVE('',#6256,#6257,#808,.F.);
#4765=EDGE_CURVE('',#6258,#6256,#6840,.T.);
#4766=EDGE_CURVE('',#6259,#6258,#809,.T.);
#4767=EDGE_CURVE('',#6257,#6259,#6841,.F.);
#4768=EDGE_CURVE('',#6260,#6261,#810,.F.);
#4769=EDGE_CURVE('',#6262,#6260,#6842,.T.);
#4770=EDGE_CURVE('',#6263,#6262,#811,.T.);
#4771=EDGE_CURVE('',#6261,#6263,#6843,.F.);
#4772=EDGE_CURVE('',#6264,#6265,#812,.T.);
#4773=EDGE_CURVE('',#6266,#6264,#6844,.T.);
#4774=EDGE_CURVE('',#6267,#6266,#813,.F.);
#4775=EDGE_CURVE('',#6265,#6267,#6845,.F.);
#4776=EDGE_CURVE('',#6268,#6269,#814,.F.);
#4777=EDGE_CURVE('',#6270,#6268,#6846,.T.);
#4778=EDGE_CURVE('',#6271,#6270,#815,.T.);
#4779=EDGE_CURVE('',#6269,#6271,#6847,.F.);
#4780=EDGE_CURVE('',#6272,#6273,#816,.F.);
#4781=EDGE_CURVE('',#6274,#6272,#6848,.T.);
#4782=EDGE_CURVE('',#6275,#6274,#817,.T.);
#4783=EDGE_CURVE('',#6273,#6275,#6849,.F.);
#4784=EDGE_CURVE('',#6276,#6277,#818,.F.);
#4785=EDGE_CURVE('',#6278,#6276,#6850,.T.);
#4786=EDGE_CURVE('',#6279,#6278,#819,.T.);
#4787=EDGE_CURVE('',#6277,#6279,#6851,.F.);
#4788=EDGE_CURVE('',#6180,#6190,#820,.F.);
#4789=EDGE_CURVE('',#6188,#6182,#821,.T.);
#4790=EDGE_CURVE('',#6194,#6184,#6852,.T.);
#4791=EDGE_CURVE('',#6186,#6192,#6853,.T.);
#4792=EDGE_CURVE('',#6172,#6189,#6854,.T.);
#4793=EDGE_CURVE('',#6191,#6174,#6855,.T.);
#4794=EDGE_CURVE('',#6193,#6179,#822,.F.);
#4795=EDGE_CURVE('',#6177,#6195,#823,.T.);
#4796=EDGE_CURVE('',#6196,#6209,#824,.F.);
#4797=EDGE_CURVE('',#6211,#6198,#825,.T.);
#4798=EDGE_CURVE('',#6200,#6221,#826,.T.);
#4799=EDGE_CURVE('',#6223,#6202,#827,.F.);
#4800=EDGE_CURVE('',#6219,#6222,#828,.F.);
#4801=EDGE_CURVE('',#6220,#6217,#829,.T.);
#4802=EDGE_CURVE('',#6214,#6204,#830,.T.);
#4803=EDGE_CURVE('',#6206,#6212,#831,.F.);
#4804=EDGE_CURVE('',#6135,#6137,#832,.T.);
#4805=EDGE_CURVE('',#6139,#6133,#833,.F.);
#4806=EDGE_CURVE('',#6128,#6138,#834,.F.);
#4807=EDGE_CURVE('',#6136,#6130,#835,.T.);
#4808=EDGE_CURVE('',#6240,#6246,#6856,.T.);
#4809=EDGE_CURVE('',#6244,#6242,#6857,.T.);
#4810=EDGE_CURVE('',#6254,#6248,#6858,.T.);
#4811=EDGE_CURVE('',#6250,#6252,#6859,.T.);
#4812=EDGE_CURVE('',#6264,#6274,#6860,.T.);
#4813=EDGE_CURVE('',#6272,#6266,#6861,.T.);
#4814=EDGE_CURVE('',#6275,#6278,#6862,.T.);
#4815=EDGE_CURVE('',#6276,#6273,#6863,.T.);
#4816=EDGE_CURVE('',#6277,#6268,#6864,.T.);
#4817=EDGE_CURVE('',#6270,#6279,#6865,.T.);
#4818=EDGE_CURVE('',#6161,#6159,#6866,.T.);
#4819=EDGE_CURVE('',#6157,#6163,#6867,.T.);
#4820=EDGE_CURVE('',#6155,#6158,#836,.T.);
#4821=EDGE_CURVE('',#6156,#6153,#837,.F.);
#4822=EDGE_CURVE('',#6162,#6151,#838,.T.);
#4823=EDGE_CURVE('',#6149,#6160,#839,.F.);
#4824=EDGE_CURVE('',#6154,#6147,#6868,.T.);
#4825=EDGE_CURVE('',#6145,#6152,#6869,.T.);
#4826=EDGE_CURVE('',#6143,#6146,#6870,.T.);
#4827=EDGE_CURVE('',#6144,#6141,#6871,.T.);
#4828=EDGE_CURVE('',#6140,#6150,#6872,.T.);
#4829=EDGE_CURVE('',#6148,#6142,#6873,.T.);
#4830=EDGE_CURVE('',#6167,#6173,#6874,.T.);
#4831=EDGE_CURVE('',#6175,#6165,#6875,.T.);
#4832=EDGE_CURVE('',#6185,#6168,#6876,.T.);
#4833=EDGE_CURVE('',#6170,#6187,#6877,.T.);
#4834=EDGE_CURVE('',#6169,#6164,#6878,.T.);
#4835=EDGE_CURVE('',#6166,#6171,#6879,.T.);
#4836=EDGE_CURVE('',#6176,#6181,#6880,.T.);
#4837=EDGE_CURVE('',#6183,#6178,#6881,.T.);
#4838=EDGE_CURVE('',#6199,#6201,#6882,.T.);
#4839=EDGE_CURVE('',#6203,#6197,#6883,.T.);
#4840=EDGE_CURVE('',#6134,#6127,#6884,.T.);
#4841=EDGE_CURVE('',#6125,#6132,#6885,.T.);
#4842=EDGE_CURVE('',#6218,#6215,#6886,.T.);
#4843=EDGE_CURVE('',#6213,#6216,#6887,.T.);
#4844=EDGE_CURVE('',#6210,#6207,#6888,.T.);
#4845=EDGE_CURVE('',#6205,#6208,#6889,.T.);
#4846=EDGE_CURVE('',#6123,#6126,#6890,.T.);
#4847=EDGE_CURVE('',#6124,#6121,#6891,.T.);
#4848=EDGE_CURVE('',#6120,#6129,#6892,.T.);
#4849=EDGE_CURVE('',#6131,#6122,#6893,.T.);
#4850=EDGE_CURVE('',#6231,#6245,#6894,.T.);
#4851=EDGE_CURVE('',#6247,#6229,#6895,.T.);
#4852=EDGE_CURVE('',#6249,#6235,#6896,.T.);
#4853=EDGE_CURVE('',#6233,#6251,#6897,.T.);
#4854=EDGE_CURVE('',#6253,#6236,#6898,.T.);
#4855=EDGE_CURVE('',#6238,#6255,#6899,.T.);
#4856=EDGE_CURVE('',#6237,#6228,#6900,.T.);
#4857=EDGE_CURVE('',#6230,#6239,#6901,.T.);
#4858=EDGE_CURVE('',#6227,#6234,#6902,.T.);
#4859=EDGE_CURVE('',#6232,#6225,#6903,.T.);
#4860=EDGE_CURVE('',#6224,#6241,#6904,.T.);
#4861=EDGE_CURVE('',#6243,#6226,#6905,.T.);
#4862=EDGE_CURVE('',#6259,#6265,#6906,.T.);
#4863=EDGE_CURVE('',#6267,#6257,#6907,.T.);
#4864=EDGE_CURVE('',#6269,#6260,#6908,.T.);
#4865=EDGE_CURVE('',#6262,#6271,#6909,.T.);
#4866=EDGE_CURVE('',#6261,#6256,#6910,.T.);
#4867=EDGE_CURVE('',#6258,#6263,#6911,.T.);
#4868=EDGE_CURVE('',#6280,#6281,#840,.T.);
#4869=EDGE_CURVE('',#6282,#6280,#6912,.T.);
#4870=EDGE_CURVE('',#6283,#6282,#841,.T.);
#4871=EDGE_CURVE('',#6284,#6283,#6913,.T.);
#4872=EDGE_CURVE('',#6285,#6284,#842,.T.);
#4873=EDGE_CURVE('',#6285,#6286,#6914,.T.);
#4874=EDGE_CURVE('',#6287,#6286,#843,.T.);
#4875=EDGE_CURVE('',#6287,#6288,#6915,.T.);
#4876=EDGE_CURVE('',#6289,#6288,#844,.T.);
#4877=EDGE_CURVE('',#6289,#6290,#6916,.T.);
#4878=EDGE_CURVE('',#6291,#6290,#845,.T.);
#4879=EDGE_CURVE('',#6281,#6291,#6917,.T.);
#4880=EDGE_CURVE('',#6292,#6293,#6918,.T.);
#4881=EDGE_CURVE('',#6294,#6293,#846,.T.);
#4882=EDGE_CURVE('',#6294,#6295,#6919,.T.);
#4883=EDGE_CURVE('',#6296,#6295,#847,.T.);
#4884=EDGE_CURVE('',#6296,#6297,#6920,.T.);
#4885=EDGE_CURVE('',#6298,#6297,#848,.T.);
#4886=EDGE_CURVE('',#6299,#6298,#6921,.T.);
#4887=EDGE_CURVE('',#6300,#6299,#849,.T.);
#4888=EDGE_CURVE('',#6301,#6300,#6922,.T.);
#4889=EDGE_CURVE('',#6302,#6301,#850,.T.);
#4890=EDGE_CURVE('',#6303,#6302,#6923,.T.);
#4891=EDGE_CURVE('',#6304,#6303,#851,.T.);
#4892=EDGE_CURVE('',#6305,#6304,#6924,.T.);
#4893=EDGE_CURVE('',#6306,#6305,#852,.T.);
#4894=EDGE_CURVE('',#6306,#6307,#6925,.T.);
#4895=EDGE_CURVE('',#6292,#6307,#853,.T.);
#4896=EDGE_CURVE('',#6308,#6309,#854,.T.);
#4897=EDGE_CURVE('',#6310,#6308,#6926,.T.);
#4898=EDGE_CURVE('',#6311,#6310,#855,.T.);
#4899=EDGE_CURVE('',#6312,#6311,#6927,.T.);
#4900=EDGE_CURVE('',#6313,#6312,#856,.T.);
#4901=EDGE_CURVE('',#6313,#6314,#6928,.T.);
#4902=EDGE_CURVE('',#6315,#6314,#857,.T.);
#4903=EDGE_CURVE('',#6315,#6316,#6929,.T.);
#4904=EDGE_CURVE('',#6317,#6316,#858,.T.);
#4905=EDGE_CURVE('',#6317,#6318,#859,.T.);
#4906=EDGE_CURVE('',#6319,#6318,#860,.T.);
#4907=EDGE_CURVE('',#6319,#6320,#6930,.T.);
#4908=EDGE_CURVE('',#6321,#6320,#861,.T.);
#4909=EDGE_CURVE('',#6322,#6321,#862,.F.);
#4910=EDGE_CURVE('',#6323,#6322,#863,.T.);
#4911=EDGE_CURVE('',#6309,#6323,#6931,.T.);
#4912=EDGE_CURVE('',#6324,#6325,#864,.T.);
#4913=EDGE_CURVE('',#6324,#6326,#865,.T.);
#4914=EDGE_CURVE('',#6327,#6326,#866,.T.);
#4915=EDGE_CURVE('',#6328,#6327,#6932,.T.);
#4916=EDGE_CURVE('',#6329,#6328,#867,.T.);
#4917=EDGE_CURVE('',#6330,#6329,#868,.F.);
#4918=EDGE_CURVE('',#6331,#6330,#869,.T.);
#4919=EDGE_CURVE('',#6331,#6332,#6933,.T.);
#4920=EDGE_CURVE('',#6333,#6332,#870,.T.);
#4921=EDGE_CURVE('',#6333,#6334,#6934,.T.);
#4922=EDGE_CURVE('',#6335,#6334,#871,.T.);
#4923=EDGE_CURVE('',#6325,#6335,#6935,.T.);
#4924=EDGE_CURVE('',#6336,#6337,#872,.T.);
#4925=EDGE_CURVE('',#6338,#6336,#6936,.T.);
#4926=EDGE_CURVE('',#6339,#6338,#873,.T.);
#4927=EDGE_CURVE('',#6339,#6340,#874,.T.);
#4928=EDGE_CURVE('',#6341,#6340,#875,.T.);
#4929=EDGE_CURVE('',#6341,#6342,#876,.T.);
#4930=EDGE_CURVE('',#6343,#6342,#877,.T.);
#4931=EDGE_CURVE('',#6343,#6344,#6937,.T.);
#4932=EDGE_CURVE('',#6345,#6344,#878,.T.);
#4933=EDGE_CURVE('',#6345,#6337,#6938,.T.);
#4934=EDGE_CURVE('',#6346,#6346,#879,.T.);
#4935=EDGE_CURVE('',#6347,#6347,#880,.T.);
#4936=EDGE_CURVE('',#6348,#6348,#881,.F.);
#4937=EDGE_CURVE('',#6349,#6349,#882,.F.);
#4938=EDGE_CURVE('',#6350,#6351,#6939,.T.);
#4939=EDGE_CURVE('',#6352,#6351,#6940,.T.);
#4940=EDGE_CURVE('',#6353,#6352,#6941,.T.);
#4941=EDGE_CURVE('',#6353,#6350,#6942,.T.);
#4942=EDGE_CURVE('',#6354,#6354,#883,.T.);
#4943=EDGE_CURVE('',#6355,#6355,#884,.T.);
#4944=EDGE_CURVE('',#6356,#6357,#885,.T.);
#4945=EDGE_CURVE('',#6358,#6356,#886,.F.);
#4946=EDGE_CURVE('',#6359,#6358,#887,.T.);
#4947=EDGE_CURVE('',#6360,#6359,#6943,.T.);
#4948=EDGE_CURVE('',#6361,#6360,#888,.T.);
#4949=EDGE_CURVE('',#6361,#6362,#889,.T.);
#4950=EDGE_CURVE('',#6363,#6362,#890,.T.);
#4951=EDGE_CURVE('',#6363,#6364,#6944,.T.);
#4952=EDGE_CURVE('',#6365,#6364,#891,.T.);
#4953=EDGE_CURVE('',#6365,#6366,#892,.T.);
#4954=EDGE_CURVE('',#6367,#6366,#893,.T.);
#4955=EDGE_CURVE('',#6367,#6368,#894,.T.);
#4956=EDGE_CURVE('',#6369,#6368,#895,.T.);
#4957=EDGE_CURVE('',#6357,#6369,#6945,.T.);
#4958=EDGE_CURVE('',#6370,#6371,#6946,.T.);
#4959=EDGE_CURVE('',#6372,#6371,#896,.F.);
#4960=EDGE_CURVE('',#6372,#6373,#6947,.T.);
#4961=EDGE_CURVE('',#6374,#6373,#897,.F.);
#4962=EDGE_CURVE('',#6375,#6374,#6948,.T.);
#4963=EDGE_CURVE('',#6376,#6375,#898,.F.);
#4964=EDGE_CURVE('',#6377,#6376,#6949,.T.);
#4965=EDGE_CURVE('',#6378,#6377,#899,.F.);
#4966=EDGE_CURVE('',#6379,#6378,#6950,.T.);
#4967=EDGE_CURVE('',#6380,#6379,#900,.F.);
#4968=EDGE_CURVE('',#6381,#6380,#6951,.T.);
#4969=EDGE_CURVE('',#6382,#6381,#901,.F.);
#4970=EDGE_CURVE('',#6382,#6383,#6952,.T.);
#4971=EDGE_CURVE('',#6384,#6383,#902,.F.);
#4972=EDGE_CURVE('',#6384,#6385,#6953,.T.);
#4973=EDGE_CURVE('',#6370,#6385,#903,.F.);
#4974=EDGE_CURVE('',#6386,#6387,#904,.F.);
#4975=EDGE_CURVE('',#6386,#6388,#6954,.T.);
#4976=EDGE_CURVE('',#6389,#6388,#905,.F.);
#4977=EDGE_CURVE('',#6389,#6390,#6955,.T.);
#4978=EDGE_CURVE('',#6391,#6390,#906,.F.);
#4979=EDGE_CURVE('',#6392,#6391,#6956,.T.);
#4980=EDGE_CURVE('',#6393,#6392,#907,.F.);
#4981=EDGE_CURVE('',#6394,#6393,#6957,.T.);
#4982=EDGE_CURVE('',#6395,#6394,#908,.F.);
#4983=EDGE_CURVE('',#6396,#6395,#6958,.T.);
#4984=EDGE_CURVE('',#6397,#6396,#909,.F.);
#4985=EDGE_CURVE('',#6398,#6397,#910,.T.);
#4986=EDGE_CURVE('',#6399,#6398,#911,.F.);
#4987=EDGE_CURVE('',#6399,#6400,#6959,.T.);
#4988=EDGE_CURVE('',#6401,#6400,#912,.F.);
#4989=EDGE_CURVE('',#6401,#6387,#913,.F.);
#4990=EDGE_CURVE('',#6402,#6403,#914,.F.);
#4991=EDGE_CURVE('',#6404,#6402,#6960,.T.);
#4992=EDGE_CURVE('',#6405,#6404,#915,.F.);
#4993=EDGE_CURVE('',#6405,#6406,#6961,.T.);
#4994=EDGE_CURVE('',#6407,#6406,#916,.F.);
#4995=EDGE_CURVE('',#6407,#6408,#6962,.T.);
#4996=EDGE_CURVE('',#6409,#6408,#917,.F.);
#4997=EDGE_CURVE('',#6410,#6409,#918,.T.);
#4998=EDGE_CURVE('',#6411,#6410,#919,.F.);
#4999=EDGE_CURVE('',#6412,#6411,#6963,.T.);
#5000=EDGE_CURVE('',#6413,#6412,#920,.F.);
#5001=EDGE_CURVE('',#6413,#6403,#921,.F.);
#5002=EDGE_CURVE('',#6414,#6415,#922,.F.);
#5003=EDGE_CURVE('',#6416,#6414,#6964,.T.);
#5004=EDGE_CURVE('',#6417,#6416,#923,.F.);
#5005=EDGE_CURVE('',#6417,#6418,#6965,.T.);
#5006=EDGE_CURVE('',#6419,#6418,#924,.F.);
#5007=EDGE_CURVE('',#6419,#6420,#6966,.T.);
#5008=EDGE_CURVE('',#6421,#6420,#925,.F.);
#5009=EDGE_CURVE('',#6421,#6422,#926,.F.);
#5010=EDGE_CURVE('',#6423,#6422,#927,.F.);
#5011=EDGE_CURVE('',#6423,#6415,#928,.F.);
#5012=EDGE_CURVE('',#6424,#6424,#929,.F.);
#5013=EDGE_CURVE('',#6425,#6425,#930,.F.);
#5014=EDGE_CURVE('',#6426,#6426,#931,.T.);
#5015=EDGE_CURVE('',#6427,#6427,#932,.T.);
#5016=EDGE_CURVE('',#6428,#6429,#6967,.F.);
#5017=EDGE_CURVE('',#6430,#6429,#6968,.T.);
#5018=EDGE_CURVE('',#6431,#6430,#6969,.F.);
#5019=EDGE_CURVE('',#6431,#6428,#6970,.T.);
#5020=EDGE_CURVE('',#6432,#6432,#933,.T.);
#5021=EDGE_CURVE('',#6433,#6433,#934,.T.);
#5022=EDGE_CURVE('',#6434,#6435,#935,.F.);
#5023=EDGE_CURVE('',#6436,#6434,#6971,.T.);
#5024=EDGE_CURVE('',#6437,#6436,#936,.F.);
#5025=EDGE_CURVE('',#6437,#6438,#937,.F.);
#5026=EDGE_CURVE('',#6439,#6438,#938,.F.);
#5027=EDGE_CURVE('',#6439,#6440,#939,.F.);
#5028=EDGE_CURVE('',#6441,#6440,#940,.F.);
#5029=EDGE_CURVE('',#6441,#6442,#6972,.T.);
#5030=EDGE_CURVE('',#6443,#6442,#941,.F.);
#5031=EDGE_CURVE('',#6443,#6444,#942,.F.);
#5032=EDGE_CURVE('',#6445,#6444,#943,.F.);
#5033=EDGE_CURVE('',#6446,#6445,#6973,.T.);
#5034=EDGE_CURVE('',#6447,#6446,#944,.F.);
#5035=EDGE_CURVE('',#6435,#6447,#945,.T.);
#5036=EDGE_CURVE('',#6448,#6449,#6974,.T.);
#5037=EDGE_CURVE('',#6450,#6449,#946,.F.);
#5038=EDGE_CURVE('',#6450,#6451,#6975,.T.);
#5039=EDGE_CURVE('',#6452,#6451,#947,.F.);
#5040=EDGE_CURVE('',#6453,#6452,#6976,.T.);
#5041=EDGE_CURVE('',#6454,#6453,#948,.F.);
#5042=EDGE_CURVE('',#6455,#6454,#6977,.T.);
#5043=EDGE_CURVE('',#6456,#6455,#949,.F.);
#5044=EDGE_CURVE('',#6457,#6456,#6978,.T.);
#5045=EDGE_CURVE('',#6458,#6457,#950,.F.);
#5046=EDGE_CURVE('',#6458,#6459,#6979,.T.);
#5047=EDGE_CURVE('',#6448,#6459,#951,.F.);
#5048=EDGE_CURVE('',#6460,#6460,#952,.F.);
#5049=EDGE_CURVE('',#6461,#6461,#953,.T.);
#5050=EDGE_CURVE('',#6462,#6462,#954,.T.);
#5051=EDGE_CURVE('',#6463,#6463,#955,.T.);
#5052=EDGE_CURVE('',#6464,#6464,#956,.T.);
#5053=EDGE_CURVE('',#6465,#6465,#957,.T.);
#5054=EDGE_CURVE('',#6466,#6466,#958,.F.);
#5055=EDGE_CURVE('',#6467,#6467,#959,.T.);
#5056=EDGE_CURVE('',#6468,#6468,#960,.F.);
#5057=EDGE_CURVE('',#6469,#6469,#961,.F.);
#5058=EDGE_CURVE('',#5997,#6470,#962,.T.);
#5059=EDGE_CURVE('',#6471,#6470,#6980,.T.);
#5060=EDGE_CURVE('',#5994,#6471,#963,.T.);
#5061=EDGE_CURVE('',#5995,#6429,#964,.T.);
#5062=EDGE_CURVE('',#5996,#6428,#965,.T.);
#5063=EDGE_CURVE('',#6472,#6428,#966,.T.);
#5064=EDGE_CURVE('',#5996,#6472,#967,.T.);
#5065=EDGE_CURVE('',#6473,#6472,#6981,.T.);
#5066=EDGE_CURVE('',#5997,#6473,#968,.T.);
#5067=EDGE_CURVE('',#6470,#6473,#969,.F.);
#5068=EDGE_CURVE('',#5705,#6471,#970,.T.);
#5069=EDGE_CURVE('',#5994,#5705,#971,.T.);
#5070=EDGE_CURVE('',#5995,#5704,#972,.T.);
#5071=EDGE_CURVE('',#6429,#5704,#973,.F.);
#5072=EDGE_CURVE('',#6474,#6474,#974,.T.);
#5073=EDGE_CURVE('',#6475,#6475,#975,.T.);
#5074=EDGE_CURVE('',#6476,#6477,#6982,.F.);
#5075=EDGE_CURVE('',#6478,#6477,#6983,.T.);
#5076=EDGE_CURVE('',#6479,#6478,#6984,.F.);
#5077=EDGE_CURVE('',#6479,#6476,#6985,.T.);
#5078=EDGE_CURVE('',#6477,#5634,#976,.F.);
#5079=EDGE_CURVE('',#6478,#5637,#977,.F.);
#5080=EDGE_CURVE('',#5635,#6350,#978,.T.);
#5081=EDGE_CURVE('',#5636,#6353,#979,.T.);
#5082=EDGE_CURVE('',#6351,#5560,#980,.F.);
#5083=EDGE_CURVE('',#6352,#5563,#981,.F.);
#5084=EDGE_CURVE('',#6480,#6471,#6986,.T.);
#5085=EDGE_CURVE('',#5706,#6480,#982,.T.);
#5086=EDGE_CURVE('',#6481,#6481,#983,.T.);
#5087=EDGE_CURVE('',#6482,#6482,#984,.T.);
#5088=EDGE_CURVE('',#6483,#6470,#6987,.T.);
#5089=EDGE_CURVE('',#6480,#6483,#6988,.T.);
#5090=EDGE_CURVE('',#6484,#6473,#6989,.T.);
#5091=EDGE_CURVE('',#6483,#6484,#985,.F.);
#5092=EDGE_CURVE('',#5546,#6485,#986,.T.);
#5093=EDGE_CURVE('',#6485,#6486,#6990,.T.);
#5094=EDGE_CURVE('',#6486,#5540,#987,.T.);
#5095=EDGE_CURVE('',#5541,#6487,#988,.T.);
#5096=EDGE_CURVE('',#6487,#6488,#6991,.T.);
#5097=EDGE_CURVE('',#6488,#6489,#989,.T.);
#5098=EDGE_CURVE('',#6489,#6490,#6992,.T.);
#5099=EDGE_CURVE('',#6490,#5547,#990,.T.);
#5100=EDGE_CURVE('',#5538,#6491,#991,.T.);
#5101=EDGE_CURVE('',#6491,#6492,#6993,.T.);
#5102=EDGE_CURVE('',#6492,#5532,#992,.T.);
#5103=EDGE_CURVE('',#5533,#6493,#993,.T.);
#5104=EDGE_CURVE('',#6493,#6494,#6994,.T.);
#5105=EDGE_CURVE('',#6494,#6495,#994,.T.);
#5106=EDGE_CURVE('',#6495,#6496,#6995,.T.);
#5107=EDGE_CURVE('',#6496,#5539,#995,.T.);
#5108=EDGE_CURVE('',#6497,#6498,#6996,.T.);
#5109=EDGE_CURVE('',#6498,#6499,#996,.T.);
#5110=EDGE_CURVE('',#6500,#6499,#6997,.T.);
#5111=EDGE_CURVE('',#6500,#6501,#997,.T.);
#5112=EDGE_CURVE('',#6502,#6501,#6998,.T.);
#5113=EDGE_CURVE('',#6502,#6503,#998,.T.);
#5114=EDGE_CURVE('',#6503,#6504,#6999,.T.);
#5115=EDGE_CURVE('',#6504,#6497,#999,.T.);
#5116=EDGE_CURVE('',#6505,#6506,#1000,.T.);
#5117=EDGE_CURVE('',#6506,#6507,#1001,.F.);
#5118=EDGE_CURVE('',#6507,#6508,#1002,.T.);
#5119=EDGE_CURVE('',#6508,#6509,#7000,.T.);
#5120=EDGE_CURVE('',#6509,#6510,#1003,.T.);
#5121=EDGE_CURVE('',#6510,#6511,#7001,.T.);
#5122=EDGE_CURVE('',#6511,#6512,#1004,.T.);
#5123=EDGE_CURVE('',#6513,#6512,#7002,.T.);
#5124=EDGE_CURVE('',#6513,#6514,#1005,.T.);
#5125=EDGE_CURVE('',#6515,#6514,#7003,.T.);
#5126=EDGE_CURVE('',#6515,#6516,#1006,.T.);
#5127=EDGE_CURVE('',#6517,#6516,#7004,.T.);
#5128=EDGE_CURVE('',#6517,#6518,#1007,.T.);
#5129=EDGE_CURVE('',#6518,#6505,#1008,.F.);
#5130=EDGE_CURVE('',#6519,#6520,#1009,.T.);
#5131=EDGE_CURVE('',#6520,#6521,#7005,.T.);
#5132=EDGE_CURVE('',#6521,#6522,#1010,.T.);
#5133=EDGE_CURVE('',#6522,#6523,#1011,.F.);
#5134=EDGE_CURVE('',#6523,#6524,#1012,.T.);
#5135=EDGE_CURVE('',#6524,#6525,#1013,.F.);
#5136=EDGE_CURVE('',#6525,#6526,#1014,.T.);
#5137=EDGE_CURVE('',#6527,#6526,#7006,.T.);
#5138=EDGE_CURVE('',#6527,#6528,#1015,.T.);
#5139=EDGE_CURVE('',#6529,#6528,#7007,.T.);
#5140=EDGE_CURVE('',#6529,#6530,#1016,.T.);
#5141=EDGE_CURVE('',#6530,#6531,#7008,.T.);
#5142=EDGE_CURVE('',#6531,#6532,#1017,.T.);
#5143=EDGE_CURVE('',#6532,#6519,#7009,.T.);
#5144=EDGE_CURVE('',#6533,#6534,#7010,.T.);
#5145=EDGE_CURVE('',#6534,#6535,#1018,.T.);
#5146=EDGE_CURVE('',#6535,#6536,#7011,.T.);
#5147=EDGE_CURVE('',#6536,#6537,#1019,.T.);
#5148=EDGE_CURVE('',#6538,#6537,#7012,.T.);
#5149=EDGE_CURVE('',#6538,#6539,#1020,.T.);
#5150=EDGE_CURVE('',#6540,#6539,#7013,.T.);
#5151=EDGE_CURVE('',#6540,#6533,#1021,.T.);
#5152=EDGE_CURVE('',#6541,#6472,#7014,.T.);
#5153=EDGE_CURVE('',#6484,#6541,#7015,.T.);
#5154=EDGE_CURVE('',#6541,#6431,#1022,.T.);
#5155=EDGE_CURVE('',#6430,#5707,#1023,.F.);
#5156=EDGE_CURVE('',#5561,#6476,#1024,.T.);
#5157=EDGE_CURVE('',#5562,#6479,#1025,.T.);
#5158=EDGE_CURVE('',#5867,#6476,#1026,.T.);
#5159=EDGE_CURVE('',#5867,#5561,#1027,.T.);
#5160=EDGE_CURVE('',#5868,#5560,#1028,.T.);
#5161=EDGE_CURVE('',#5868,#6351,#1029,.T.);
#5162=EDGE_CURVE('',#5866,#6350,#1030,.T.);
#5163=EDGE_CURVE('',#5866,#5635,#1031,.T.);
#5164=EDGE_CURVE('',#5865,#5634,#1032,.T.);
#5165=EDGE_CURVE('',#5865,#6477,#1033,.T.);
#5166=EDGE_CURVE('',#6008,#5886,#7016,.T.);
#5167=EDGE_CURVE('',#5885,#6009,#7017,.F.);
#5168=EDGE_CURVE('',#6006,#5888,#7018,.T.);
#5169=EDGE_CURVE('',#5887,#6007,#7019,.F.);
#5170=EDGE_CURVE('',#6010,#5884,#7020,.T.);
#5171=EDGE_CURVE('',#5883,#6011,#7021,.F.);
#5172=EDGE_CURVE('',#5889,#6005,#7022,.F.);
#5173=EDGE_CURVE('',#6004,#5890,#7023,.T.);
#5174=EDGE_CURVE('',#6002,#5892,#7024,.T.);
#5175=EDGE_CURVE('',#5891,#6003,#7025,.F.);
#5176=EDGE_CURVE('',#6000,#5869,#7026,.T.);
#5177=EDGE_CURVE('',#5870,#6001,#7027,.F.);
#5178=EDGE_CURVE('',#5871,#5999,#7028,.F.);
#5179=EDGE_CURVE('',#5998,#5872,#7029,.T.);
#5180=EDGE_CURVE('',#5873,#6021,#7030,.F.);
#5181=EDGE_CURVE('',#6020,#5874,#7031,.T.);
#5182=EDGE_CURVE('',#6018,#5876,#7032,.T.);
#5183=EDGE_CURVE('',#5875,#6019,#7033,.F.);
#5184=EDGE_CURVE('',#6016,#5878,#7034,.T.);
#5185=EDGE_CURVE('',#5877,#6017,#7035,.F.);
#5186=EDGE_CURVE('',#6014,#5880,#7036,.T.);
#5187=EDGE_CURVE('',#5879,#6015,#7037,.F.);
#5188=EDGE_CURVE('',#5881,#6013,#7038,.F.);
#5189=EDGE_CURVE('',#6012,#5882,#7039,.T.);
#5190=EDGE_CURVE('',#6416,#6336,#7040,.F.);
#5191=EDGE_CURVE('',#6338,#6414,#7041,.T.);
#5192=EDGE_CURVE('',#6344,#6419,#7042,.T.);
#5193=EDGE_CURVE('',#6420,#6343,#7043,.T.);
#5194=EDGE_CURVE('',#6418,#6345,#7044,.F.);
#5195=EDGE_CURVE('',#6337,#6417,#7045,.T.);
#5196=EDGE_CURVE('',#6342,#6421,#7046,.F.);
#5197=EDGE_CURVE('',#6422,#6341,#7047,.T.);
#5198=EDGE_CURVE('',#6415,#6339,#7048,.T.);
#5199=EDGE_CURVE('',#6340,#6423,#7049,.F.);
#5200=EDGE_CURVE('',#6404,#6335,#7050,.F.);
#5201=EDGE_CURVE('',#6325,#6402,#7051,.T.);
#5202=EDGE_CURVE('',#6406,#6333,#7052,.F.);
#5203=EDGE_CURVE('',#6334,#6405,#7053,.T.);
#5204=EDGE_CURVE('',#6332,#6407,#7054,.T.);
#5205=EDGE_CURVE('',#6408,#6331,#7055,.F.);
#5206=EDGE_CURVE('',#6330,#6409,#7056,.F.);
#5207=EDGE_CURVE('',#6410,#6329,#7057,.T.);
#5208=EDGE_CURVE('',#6403,#6324,#7058,.T.);
#5209=EDGE_CURVE('',#6326,#6413,#7059,.F.);
#5210=EDGE_CURVE('',#6412,#6327,#7060,.F.);
#5211=EDGE_CURVE('',#6328,#6411,#7061,.F.);
#5212=EDGE_CURVE('',#6390,#6313,#7062,.F.);
#5213=EDGE_CURVE('',#6314,#6389,#7063,.F.);
#5214=EDGE_CURVE('',#6320,#6399,#7064,.T.);
#5215=EDGE_CURVE('',#6400,#6319,#7065,.T.);
#5216=EDGE_CURVE('',#6312,#6391,#7066,.T.);
#5217=EDGE_CURVE('',#6392,#6311,#7067,.F.);
#5218=EDGE_CURVE('',#6310,#6393,#7068,.T.);
#5219=EDGE_CURVE('',#6394,#6308,#7069,.F.);
#5220=EDGE_CURVE('',#6398,#6321,#7070,.T.);
#5221=EDGE_CURVE('',#6322,#6397,#7071,.F.);
#5222=EDGE_CURVE('',#6309,#6395,#7072,.T.);
#5223=EDGE_CURVE('',#6396,#6323,#7073,.T.);
#5224=EDGE_CURVE('',#6388,#6315,#7074,.T.);
#5225=EDGE_CURVE('',#6316,#6386,#7075,.F.);
#5226=EDGE_CURVE('',#6318,#6401,#7076,.F.);
#5227=EDGE_CURVE('',#6387,#6317,#7077,.T.);
#5228=EDGE_CURVE('',#6373,#6306,#7078,.F.);
#5229=EDGE_CURVE('',#6307,#6372,#7079,.F.);
#5230=EDGE_CURVE('',#6295,#6384,#7080,.T.);
#5231=EDGE_CURVE('',#6385,#6294,#7081,.F.);
#5232=EDGE_CURVE('',#6305,#6374,#7082,.T.);
#5233=EDGE_CURVE('',#6375,#6304,#7083,.F.);
#5234=EDGE_CURVE('',#6303,#6376,#7084,.T.);
#5235=EDGE_CURVE('',#6377,#6302,#7085,.F.);
#5236=EDGE_CURVE('',#6381,#6298,#7086,.F.);
#5237=EDGE_CURVE('',#6299,#6380,#7087,.F.);
#5238=EDGE_CURVE('',#6383,#6296,#7088,.F.);
#5239=EDGE_CURVE('',#6297,#6382,#7089,.T.);
#5240=EDGE_CURVE('',#6293,#6370,#7090,.T.);
#5241=EDGE_CURVE('',#6371,#6292,#7091,.T.);
#5242=EDGE_CURVE('',#6379,#6300,#7092,.T.);
#5243=EDGE_CURVE('',#6301,#6378,#7093,.T.);
#5244=EDGE_CURVE('',#6442,#6363,#7094,.T.);
#5245=EDGE_CURVE('',#6364,#6441,#7095,.F.);
#5246=EDGE_CURVE('',#6446,#6359,#7096,.T.);
#5247=EDGE_CURVE('',#6360,#6445,#7097,.T.);
#5248=EDGE_CURVE('',#6357,#6434,#7098,.F.);
#5249=EDGE_CURVE('',#6436,#6369,#7099,.F.);
#5250=EDGE_CURVE('',#6358,#6447,#7100,.F.);
#5251=EDGE_CURVE('',#6435,#6356,#7101,.T.);
#5252=EDGE_CURVE('',#6368,#6437,#7102,.F.);
#5253=EDGE_CURVE('',#6438,#6367,#7103,.T.);
#5254=EDGE_CURVE('',#6440,#6365,#7104,.T.);
#5255=EDGE_CURVE('',#6366,#6439,#7105,.F.);
#5256=EDGE_CURVE('',#6362,#6443,#7106,.F.);
#5257=EDGE_CURVE('',#6444,#6361,#7107,.T.);
#5258=EDGE_CURVE('',#6451,#6285,#7108,.F.);
#5259=EDGE_CURVE('',#6286,#6450,#7109,.F.);
#5260=EDGE_CURVE('',#6284,#6452,#7110,.T.);
#5261=EDGE_CURVE('',#6453,#6283,#7111,.F.);
#5262=EDGE_CURVE('',#6282,#6454,#7112,.T.);
#5263=EDGE_CURVE('',#6455,#6280,#7113,.F.);
#5264=EDGE_CURVE('',#6449,#6287,#7114,.T.);
#5265=EDGE_CURVE('',#6288,#6448,#7115,.T.);
#5266=EDGE_CURVE('',#6281,#6456,#7116,.T.);
#5267=EDGE_CURVE('',#6457,#6291,#7117,.F.);
#5268=EDGE_CURVE('',#6459,#6289,#7118,.F.);
#5269=EDGE_CURVE('',#6290,#6458,#7119,.T.);
#5270=EDGE_CURVE('',#6542,#6542,#1034,.T.);
#5271=EDGE_CURVE('',#6543,#6543,#1035,.T.);
#5272=EDGE_CURVE('',#6544,#6544,#1036,.T.);
#5273=EDGE_CURVE('',#6545,#6545,#1037,.T.);
#5274=EDGE_CURVE('',#6546,#6546,#1038,.T.);
#5275=EDGE_CURVE('',#6547,#6547,#1039,.T.);
#5276=EDGE_CURVE('',#6548,#6548,#1040,.T.);
#5277=EDGE_CURVE('',#6549,#6549,#1041,.T.);
#5278=EDGE_CURVE('',#6550,#6550,#1042,.T.);
#5279=EDGE_CURVE('',#6551,#6551,#1043,.T.);
#5280=EDGE_CURVE('',#5906,#6043,#7120,.F.);
#5281=EDGE_CURVE('',#6033,#5904,#7121,.F.);
#5282=EDGE_CURVE('',#5905,#6032,#7122,.T.);
#5283=EDGE_CURVE('',#6034,#5915,#7123,.F.);
#5284=EDGE_CURVE('',#6038,#5911,#7124,.F.);
#5285=EDGE_CURVE('',#5912,#6037,#7125,.T.);
#5286=EDGE_CURVE('',#5914,#6035,#7126,.F.);
#5287=EDGE_CURVE('',#6036,#5913,#7127,.T.);
#5288=EDGE_CURVE('',#6040,#5909,#7128,.F.);
#5289=EDGE_CURVE('',#5910,#6039,#7129,.T.);
#5290=EDGE_CURVE('',#5908,#6041,#7130,.T.);
#5291=EDGE_CURVE('',#6042,#5907,#7131,.T.);
#5292=EDGE_CURVE('',#6047,#5855,#7132,.T.);
#5293=EDGE_CURVE('',#5851,#6046,#7133,.F.);
#5294=EDGE_CURVE('',#5852,#6044,#7134,.F.);
#5295=EDGE_CURVE('',#6045,#5850,#7135,.T.);
#5296=EDGE_CURVE('',#5854,#6048,#7136,.T.);
#5297=EDGE_CURVE('',#6049,#5853,#7137,.T.);
#5298=EDGE_CURVE('',#5847,#5978,#7138,.F.);
#5299=EDGE_CURVE('',#5979,#5846,#7139,.T.);
#5300=EDGE_CURVE('',#5981,#5845,#7140,.T.);
#5301=EDGE_CURVE('',#5844,#5980,#7141,.T.);
#5302=EDGE_CURVE('',#5983,#5848,#7142,.T.);
#5303=EDGE_CURVE('',#5849,#5982,#7143,.F.);
#5304=EDGE_CURVE('',#5972,#5842,#7144,.T.);
#5305=EDGE_CURVE('',#5843,#5971,#7145,.F.);
#5306=EDGE_CURVE('',#5839,#5975,#7146,.F.);
#5307=EDGE_CURVE('',#5976,#5838,#7147,.F.);
#5308=EDGE_CURVE('',#5969,#5836,#7148,.T.);
#5309=EDGE_CURVE('',#5837,#5977,#7149,.F.);
#5310=EDGE_CURVE('',#5834,#5968,#7150,.F.);
#5311=EDGE_CURVE('',#5970,#5835,#7151,.T.);
#5312=EDGE_CURVE('',#5841,#5973,#7152,.T.);
#5313=EDGE_CURVE('',#5974,#5840,#7153,.T.);
#5314=EDGE_CURVE('',#5832,#5966,#7154,.F.);
#5315=EDGE_CURVE('',#5967,#5831,#7155,.T.);
#5316=EDGE_CURVE('',#5965,#5833,#7156,.T.);
#5317=EDGE_CURVE('',#5829,#5964,#7157,.F.);
#5318=EDGE_CURVE('',#5830,#5962,#7158,.F.);
#5319=EDGE_CURVE('',#5963,#5828,#7159,.F.);
#5320=EDGE_CURVE('',#5825,#6050,#7160,.F.);
#5321=EDGE_CURVE('',#6051,#5824,#7161,.T.);
#5322=EDGE_CURVE('',#6055,#5826,#7162,.T.);
#5323=EDGE_CURVE('',#5827,#6054,#7163,.F.);
#5324=EDGE_CURVE('',#6053,#5823,#7164,.T.);
#5325=EDGE_CURVE('',#5822,#6052,#7165,.T.);
#5326=EDGE_CURVE('',#6061,#5820,#7166,.T.);
#5327=EDGE_CURVE('',#5821,#6060,#7167,.F.);
#5328=EDGE_CURVE('',#6059,#5817,#7168,.T.);
#5329=EDGE_CURVE('',#5816,#6058,#7169,.F.);
#5330=EDGE_CURVE('',#5819,#6057,#7170,.F.);
#5331=EDGE_CURVE('',#6056,#5818,#7171,.T.);
#5332=EDGE_CURVE('',#6065,#5916,#7172,.F.);
#5333=EDGE_CURVE('',#5918,#6064,#7173,.F.);
#5334=EDGE_CURVE('',#6067,#5921,#7174,.T.);
#5335=EDGE_CURVE('',#5917,#6066,#7175,.F.);
#5336=EDGE_CURVE('',#5920,#6062,#7176,.F.);
#5337=EDGE_CURVE('',#6063,#5919,#7177,.T.);
#5338=EDGE_CURVE('',#6074,#5812,#7178,.F.);
#5339=EDGE_CURVE('',#5813,#6073,#7179,.F.);
#5340=EDGE_CURVE('',#5815,#6071,#7180,.F.);
#5341=EDGE_CURVE('',#6072,#5814,#7181,.T.);
#5342=EDGE_CURVE('',#5806,#6068,#7182,.F.);
#5343=EDGE_CURVE('',#6070,#5807,#7183,.T.);
#5344=EDGE_CURVE('',#6076,#5810,#7184,.F.);
#5345=EDGE_CURVE('',#5811,#6075,#7185,.T.);
#5346=EDGE_CURVE('',#5809,#6077,#7186,.T.);
#5347=EDGE_CURVE('',#6069,#5808,#7187,.T.);
#5348=EDGE_CURVE('',#5803,#6083,#7188,.T.);
#5349=EDGE_CURVE('',#6084,#5802,#7189,.F.);
#5350=EDGE_CURVE('',#6082,#5804,#7190,.F.);
#5351=EDGE_CURVE('',#5805,#6081,#7191,.T.);
#5352=EDGE_CURVE('',#5801,#6085,#7192,.T.);
#5353=EDGE_CURVE('',#6086,#5800,#7193,.T.);
#5354=EDGE_CURVE('',#6080,#5797,#7194,.T.);
#5355=EDGE_CURVE('',#5796,#6078,#7195,.F.);
#5356=EDGE_CURVE('',#6079,#5798,#7196,.T.);
#5357=EDGE_CURVE('',#5799,#6087,#7197,.F.);
#5358=EDGE_CURVE('',#6092,#5788,#7198,.T.);
#5359=EDGE_CURVE('',#5790,#6091,#7199,.F.);
#5360=EDGE_CURVE('',#6094,#5795,#7200,.F.);
#5361=EDGE_CURVE('',#5789,#6093,#7201,.F.);
#5362=EDGE_CURVE('',#5792,#6088,#7202,.T.);
#5363=EDGE_CURVE('',#6090,#5791,#7203,.T.);
#5364=EDGE_CURVE('',#5794,#6095,#7204,.T.);
#5365=EDGE_CURVE('',#6089,#5793,#7205,.F.);
#5366=EDGE_CURVE('',#5954,#5931,#7206,.F.);
#5367=EDGE_CURVE('',#5932,#5953,#7207,.F.);
#5368=EDGE_CURVE('',#5930,#5955,#7208,.T.);
#5369=EDGE_CURVE('',#5956,#5929,#7209,.F.);
#5370=EDGE_CURVE('',#5951,#5922,#7210,.F.);
#5371=EDGE_CURVE('',#5924,#5961,#7211,.F.);
#5372=EDGE_CURVE('',#5960,#5925,#7212,.T.);
#5373=EDGE_CURVE('',#5926,#5959,#7213,.F.);
#5374=EDGE_CURVE('',#5952,#5933,#7214,.T.);
#5375=EDGE_CURVE('',#5923,#5950,#7215,.T.);
#5376=EDGE_CURVE('',#5928,#5957,#7216,.T.);
#5377=EDGE_CURVE('',#5958,#5927,#7217,.F.);
#5378=EDGE_CURVE('',#5946,#5784,#7218,.T.);
#5379=EDGE_CURVE('',#5785,#5945,#7219,.T.);
#5380=EDGE_CURVE('',#5781,#5949,#7220,.F.);
#5381=EDGE_CURVE('',#5941,#5780,#7221,.T.);
#5382=EDGE_CURVE('',#5942,#5779,#7222,.T.);
#5383=EDGE_CURVE('',#5778,#5940,#7223,.F.);
#5384=EDGE_CURVE('',#5787,#5943,#7224,.F.);
#5385=EDGE_CURVE('',#5944,#5786,#7225,.T.);
#5386=EDGE_CURVE('',#5948,#5782,#7226,.T.);
#5387=EDGE_CURVE('',#5783,#5947,#7227,.F.);
#5388=EDGE_CURVE('',#5774,#5934,#7228,.F.);
#5389=EDGE_CURVE('',#5935,#5772,#7229,.T.);
#5390=EDGE_CURVE('',#5776,#5938,#7230,.F.);
#5391=EDGE_CURVE('',#5939,#5775,#7231,.T.);
#5392=EDGE_CURVE('',#5937,#5777,#7232,.T.);
#5393=EDGE_CURVE('',#5773,#5936,#7233,.T.);
#5394=EDGE_CURVE('',#6101,#5770,#7234,.T.);
#5395=EDGE_CURVE('',#5771,#6100,#7235,.F.);
#5396=EDGE_CURVE('',#6099,#5767,#7236,.T.);
#5397=EDGE_CURVE('',#5766,#6098,#7237,.F.);
#5398=EDGE_CURVE('',#5769,#6096,#7238,.F.);
#5399=EDGE_CURVE('',#6097,#5768,#7239,.F.);
#5400=EDGE_CURVE('',#5762,#6102,#7240,.F.);
#5401=EDGE_CURVE('',#6104,#5761,#7241,.T.);
#5402=EDGE_CURVE('',#6106,#5758,#7242,.F.);
#5403=EDGE_CURVE('',#5760,#6105,#7243,.F.);
#5404=EDGE_CURVE('',#6108,#5765,#7244,.F.);
#5405=EDGE_CURVE('',#5759,#6107,#7245,.T.);
#5406=EDGE_CURVE('',#5764,#6109,#7246,.T.);
#5407=EDGE_CURVE('',#6103,#5763,#7247,.T.);
#5408=EDGE_CURVE('',#5646,#5716,#7248,.T.);
#5409=EDGE_CURVE('',#5717,#5645,#7249,.T.);
#5410=EDGE_CURVE('',#5641,#5714,#7250,.T.);
#5411=EDGE_CURVE('',#5715,#5647,#7251,.F.);
#5412=EDGE_CURVE('',#5642,#5712,#7252,.F.);
#5413=EDGE_CURVE('',#5713,#5640,#7253,.F.);
#5414=EDGE_CURVE('',#5644,#5710,#7254,.F.);
#5415=EDGE_CURVE('',#5711,#5643,#7255,.T.);
#5416=EDGE_CURVE('',#5625,#5718,#7256,.T.);
#5417=EDGE_CURVE('',#5719,#5624,#7257,.F.);
#5418=EDGE_CURVE('',#5627,#5728,#7258,.T.);
#5419=EDGE_CURVE('',#5729,#5626,#7259,.F.);
#5420=EDGE_CURVE('',#5629,#5726,#7260,.T.);
#5421=EDGE_CURVE('',#5727,#5628,#7261,.F.);
#5422=EDGE_CURVE('',#5631,#5724,#7262,.T.);
#5423=EDGE_CURVE('',#5725,#5630,#7263,.F.);
#5424=EDGE_CURVE('',#5633,#5722,#7264,.T.);
#5425=EDGE_CURVE('',#5723,#5632,#7265,.F.);
#5426=EDGE_CURVE('',#5622,#5720,#7266,.T.);
#5427=EDGE_CURVE('',#5721,#5623,#7267,.F.);
#5428=EDGE_CURVE('',#5654,#5737,#7268,.F.);
#5429=EDGE_CURVE('',#5738,#5653,#7269,.F.);
#5430=EDGE_CURVE('',#5660,#5731,#7270,.T.);
#5431=EDGE_CURVE('',#5732,#5659,#7271,.F.);
#5432=EDGE_CURVE('',#5650,#5741,#7272,.T.);
#5433=EDGE_CURVE('',#5742,#5648,#7273,.F.);
#5434=EDGE_CURVE('',#5652,#5739,#7274,.T.);
#5435=EDGE_CURVE('',#5740,#5651,#7275,.F.);
#5436=EDGE_CURVE('',#5649,#5743,#7276,.T.);
#5437=EDGE_CURVE('',#5730,#5661,#7277,.F.);
#5438=EDGE_CURVE('',#5656,#5735,#7278,.F.);
#5439=EDGE_CURVE('',#5736,#5655,#7279,.T.);
#5440=EDGE_CURVE('',#5658,#5733,#7280,.F.);
#5441=EDGE_CURVE('',#5734,#5657,#7281,.T.);
#5442=EDGE_CURVE('',#5663,#5754,#7282,.T.);
#5443=EDGE_CURVE('',#5755,#5662,#7283,.T.);
#5444=EDGE_CURVE('',#5671,#5746,#7284,.T.);
#5445=EDGE_CURVE('',#5747,#5670,#7285,.F.);
#5446=EDGE_CURVE('',#5665,#5752,#7286,.T.);
#5447=EDGE_CURVE('',#5753,#5664,#7287,.F.);
#5448=EDGE_CURVE('',#5667,#5750,#7288,.T.);
#5449=EDGE_CURVE('',#5751,#5666,#7289,.F.);
#5450=EDGE_CURVE('',#5669,#5748,#7290,.T.);
#5451=EDGE_CURVE('',#5749,#5668,#7291,.F.);
#5452=EDGE_CURVE('',#5675,#5756,#7292,.F.);
#5453=EDGE_CURVE('',#5757,#5674,#7293,.T.);
#5454=EDGE_CURVE('',#5673,#5745,#7294,.F.);
#5455=EDGE_CURVE('',#5744,#5672,#7295,.T.);
#5456=EDGE_CURVE('',#5613,#5692,#7296,.T.);
#5457=EDGE_CURVE('',#5693,#5612,#7297,.F.);
#5458=EDGE_CURVE('',#5615,#5702,#7298,.T.);
#5459=EDGE_CURVE('',#5703,#5614,#7299,.F.);
#5460=EDGE_CURVE('',#5617,#5700,#7300,.T.);
#5461=EDGE_CURVE('',#5701,#5616,#7301,.F.);
#5462=EDGE_CURVE('',#5619,#5698,#7302,.T.);
#5463=EDGE_CURVE('',#5699,#5618,#7303,.F.);
#5464=EDGE_CURVE('',#5621,#5696,#7304,.T.);
#5465=EDGE_CURVE('',#5697,#5620,#7305,.F.);
#5466=EDGE_CURVE('',#5610,#5694,#7306,.T.);
#5467=EDGE_CURVE('',#5695,#5611,#7307,.F.);
#5468=EDGE_CURVE('',#5678,#5686,#7308,.F.);
#5469=EDGE_CURVE('',#5687,#5676,#7309,.T.);
#5470=EDGE_CURVE('',#5677,#5688,#7310,.F.);
#5471=EDGE_CURVE('',#5689,#5683,#7311,.F.);
#5472=EDGE_CURVE('',#5680,#5684,#7312,.T.);
#5473=EDGE_CURVE('',#5685,#5679,#7313,.T.);
#5474=EDGE_CURVE('',#5682,#5690,#7314,.T.);
#5475=EDGE_CURVE('',#5691,#5681,#7315,.F.);
#5476=EDGE_CURVE('',#5572,#6539,#7316,.T.);
#5477=EDGE_CURVE('',#6540,#5571,#7317,.T.);
#5478=EDGE_CURVE('',#5567,#6537,#7318,.T.);
#5479=EDGE_CURVE('',#6538,#5573,#7319,.F.);
#5480=EDGE_CURVE('',#5568,#6535,#7320,.F.);
#5481=EDGE_CURVE('',#6536,#5566,#7321,.F.);
#5482=EDGE_CURVE('',#5570,#6533,#7322,.F.);
#5483=EDGE_CURVE('',#6534,#5569,#7323,.T.);
#5484=EDGE_CURVE('',#5557,#6495,#7324,.T.);
#5485=EDGE_CURVE('',#6496,#5556,#7325,.F.);
#5486=EDGE_CURVE('',#5559,#6493,#7326,.T.);
#5487=EDGE_CURVE('',#6494,#5558,#7327,.F.);
#5488=EDGE_CURVE('',#5576,#6530,#7328,.T.);
#5489=EDGE_CURVE('',#6531,#5574,#7329,.F.);
#5490=EDGE_CURVE('',#5578,#6528,#7330,.T.);
#5491=EDGE_CURVE('',#6529,#5577,#7331,.F.);
#5492=EDGE_CURVE('',#5580,#6526,#7332,.T.);
#5493=EDGE_CURVE('',#6527,#5579,#7333,.F.);
#5494=EDGE_CURVE('',#5586,#6520,#7334,.T.);
#5495=EDGE_CURVE('',#6521,#5585,#7335,.T.);
#5496=EDGE_CURVE('',#5575,#6532,#7336,.T.);
#5497=EDGE_CURVE('',#6519,#5587,#7337,.F.);
#5498=EDGE_CURVE('',#5582,#6524,#7338,.F.);
#5499=EDGE_CURVE('',#6525,#5581,#7339,.T.);
#5500=EDGE_CURVE('',#5584,#6522,#7340,.F.);
#5501=EDGE_CURVE('',#6523,#5583,#7341,.T.);
#5502=EDGE_CURVE('',#5589,#6516,#7342,.T.);
#5503=EDGE_CURVE('',#6517,#5588,#7343,.F.);
#5504=EDGE_CURVE('',#5591,#6514,#7344,.T.);
#5505=EDGE_CURVE('',#6515,#5590,#7345,.F.);
#5506=EDGE_CURVE('',#5593,#6512,#7346,.T.);
#5507=EDGE_CURVE('',#6513,#5592,#7347,.F.);
#5508=EDGE_CURVE('',#5595,#6510,#7348,.T.);
#5509=EDGE_CURVE('',#6511,#5594,#7349,.F.);
#5510=EDGE_CURVE('',#5597,#6508,#7350,.F.);
#5511=EDGE_CURVE('',#6509,#5596,#7351,.F.);
#5512=EDGE_CURVE('',#5601,#6518,#7352,.F.);
#5513=EDGE_CURVE('',#6505,#5600,#7353,.T.);
#5514=EDGE_CURVE('',#5599,#6506,#7354,.F.);
#5515=EDGE_CURVE('',#6507,#5598,#7355,.T.);
#5516=EDGE_CURVE('',#5551,#6489,#7356,.T.);
#5517=EDGE_CURVE('',#6490,#5550,#7357,.F.);
#5518=EDGE_CURVE('',#5553,#6487,#7358,.T.);
#5519=EDGE_CURVE('',#6488,#5552,#7359,.F.);
#5520=EDGE_CURVE('',#5604,#6499,#7360,.F.);
#5521=EDGE_CURVE('',#6500,#5602,#7361,.T.);
#5522=EDGE_CURVE('',#5603,#6501,#7362,.F.);
#5523=EDGE_CURVE('',#6502,#5609,#7363,.F.);
#5524=EDGE_CURVE('',#5606,#6497,#7364,.T.);
#5525=EDGE_CURVE('',#6498,#5605,#7365,.T.);
#5526=EDGE_CURVE('',#5608,#6503,#7366,.T.);
#5527=EDGE_CURVE('',#6504,#5607,#7367,.F.);
#5528=EDGE_CURVE('',#5548,#6486,#7368,.T.);
#5529=EDGE_CURVE('',#6485,#5549,#7369,.F.);
#5530=EDGE_CURVE('',#5554,#6492,#7370,.T.);
#5531=EDGE_CURVE('',#6491,#5555,#7371,.F.);
#5532=VERTEX_POINT('',#14869);
#5533=VERTEX_POINT('',#14870);
#5534=VERTEX_POINT('',#14872);
#5535=VERTEX_POINT('',#14874);
#5536=VERTEX_POINT('',#14878);
#5537=VERTEX_POINT('',#14879);
#5538=VERTEX_POINT('',#14881);
#5539=VERTEX_POINT('',#14883);
#5540=VERTEX_POINT('',#14887);
#5541=VERTEX_POINT('',#14888);
#5542=VERTEX_POINT('',#14890);
#5543=VERTEX_POINT('',#14892);
#5544=VERTEX_POINT('',#14896);
#5545=VERTEX_POINT('',#14897);
#5546=VERTEX_POINT('',#14899);
#5547=VERTEX_POINT('',#14901);
#5548=VERTEX_POINT('',#14905);
#5549=VERTEX_POINT('',#14907);
#5550=VERTEX_POINT('',#14910);
#5551=VERTEX_POINT('',#14912);
#5552=VERTEX_POINT('',#14914);
#5553=VERTEX_POINT('',#14916);
#5554=VERTEX_POINT('',#14919);
#5555=VERTEX_POINT('',#14921);
#5556=VERTEX_POINT('',#14924);
#5557=VERTEX_POINT('',#14926);
#5558=VERTEX_POINT('',#14928);
#5559=VERTEX_POINT('',#14930);
#5560=VERTEX_POINT('',#14933);
#5561=VERTEX_POINT('',#14934);
#5562=VERTEX_POINT('',#14936);
#5563=VERTEX_POINT('',#14938);
#5564=VERTEX_POINT('',#14941);
#5565=VERTEX_POINT('',#14943);
#5566=VERTEX_POINT('',#14945);
#5567=VERTEX_POINT('',#14946);
#5568=VERTEX_POINT('',#14948);
#5569=VERTEX_POINT('',#14950);
#5570=VERTEX_POINT('',#14952);
#5571=VERTEX_POINT('',#14954);
#5572=VERTEX_POINT('',#14956);
#5573=VERTEX_POINT('',#14958);
#5574=VERTEX_POINT('',#14961);
#5575=VERTEX_POINT('',#14962);
#5576=VERTEX_POINT('',#14964);
#5577=VERTEX_POINT('',#14966);
#5578=VERTEX_POINT('',#14968);
#5579=VERTEX_POINT('',#14970);
#5580=VERTEX_POINT('',#14972);
#5581=VERTEX_POINT('',#14974);
#5582=VERTEX_POINT('',#14976);
#5583=VERTEX_POINT('',#14978);
#5584=VERTEX_POINT('',#14980);
#5585=VERTEX_POINT('',#14982);
#5586=VERTEX_POINT('',#14984);
#5587=VERTEX_POINT('',#14986);
#5588=VERTEX_POINT('',#14989);
#5589=VERTEX_POINT('',#14990);
#5590=VERTEX_POINT('',#14992);
#5591=VERTEX_POINT('',#14994);
#5592=VERTEX_POINT('',#14996);
#5593=VERTEX_POINT('',#14998);
#5594=VERTEX_POINT('',#15000);
#5595=VERTEX_POINT('',#15002);
#5596=VERTEX_POINT('',#15004);
#5597=VERTEX_POINT('',#15006);
#5598=VERTEX_POINT('',#15008);
#5599=VERTEX_POINT('',#15010);
#5600=VERTEX_POINT('',#15012);
#5601=VERTEX_POINT('',#15014);
#5602=VERTEX_POINT('',#15017);
#5603=VERTEX_POINT('',#15018);
#5604=VERTEX_POINT('',#15020);
#5605=VERTEX_POINT('',#15022);
#5606=VERTEX_POINT('',#15024);
#5607=VERTEX_POINT('',#15026);
#5608=VERTEX_POINT('',#15028);
#5609=VERTEX_POINT('',#15030);
#5610=VERTEX_POINT('',#15034);
#5611=VERTEX_POINT('',#15035);
#5612=VERTEX_POINT('',#15037);
#5613=VERTEX_POINT('',#15039);
#5614=VERTEX_POINT('',#15041);
#5615=VERTEX_POINT('',#15043);
#5616=VERTEX_POINT('',#15045);
#5617=VERTEX_POINT('',#15047);
#5618=VERTEX_POINT('',#15049);
#5619=VERTEX_POINT('',#15051);
#5620=VERTEX_POINT('',#15053);
#5621=VERTEX_POINT('',#15055);
#5622=VERTEX_POINT('',#15058);
#5623=VERTEX_POINT('',#15059);
#5624=VERTEX_POINT('',#15061);
#5625=VERTEX_POINT('',#15063);
#5626=VERTEX_POINT('',#15065);
#5627=VERTEX_POINT('',#15067);
#5628=VERTEX_POINT('',#15069);
#5629=VERTEX_POINT('',#15071);
#5630=VERTEX_POINT('',#15073);
#5631=VERTEX_POINT('',#15075);
#5632=VERTEX_POINT('',#15077);
#5633=VERTEX_POINT('',#15079);
#5634=VERTEX_POINT('',#15082);
#5635=VERTEX_POINT('',#15083);
#5636=VERTEX_POINT('',#15085);
#5637=VERTEX_POINT('',#15087);
#5638=VERTEX_POINT('',#15090);
#5639=VERTEX_POINT('',#15092);
#5640=VERTEX_POINT('',#15094);
#5641=VERTEX_POINT('',#15095);
#5642=VERTEX_POINT('',#15097);
#5643=VERTEX_POINT('',#15099);
#5644=VERTEX_POINT('',#15101);
#5645=VERTEX_POINT('',#15103);
#5646=VERTEX_POINT('',#15105);
#5647=VERTEX_POINT('',#15107);
#5648=VERTEX_POINT('',#15110);
#5649=VERTEX_POINT('',#15111);
#5650=VERTEX_POINT('',#15113);
#5651=VERTEX_POINT('',#15115);
#5652=VERTEX_POINT('',#15117);
#5653=VERTEX_POINT('',#15119);
#5654=VERTEX_POINT('',#15121);
#5655=VERTEX_POINT('',#15123);
#5656=VERTEX_POINT('',#15125);
#5657=VERTEX_POINT('',#15127);
#5658=VERTEX_POINT('',#15129);
#5659=VERTEX_POINT('',#15131);
#5660=VERTEX_POINT('',#15133);
#5661=VERTEX_POINT('',#15135);
#5662=VERTEX_POINT('',#15138);
#5663=VERTEX_POINT('',#15139);
#5664=VERTEX_POINT('',#15141);
#5665=VERTEX_POINT('',#15143);
#5666=VERTEX_POINT('',#15145);
#5667=VERTEX_POINT('',#15147);
#5668=VERTEX_POINT('',#15149);
#5669=VERTEX_POINT('',#15151);
#5670=VERTEX_POINT('',#15153);
#5671=VERTEX_POINT('',#15155);
#5672=VERTEX_POINT('',#15157);
#5673=VERTEX_POINT('',#15159);
#5674=VERTEX_POINT('',#15161);
#5675=VERTEX_POINT('',#15163);
#5676=VERTEX_POINT('',#15166);
#5677=VERTEX_POINT('',#15167);
#5678=VERTEX_POINT('',#15169);
#5679=VERTEX_POINT('',#15171);
#5680=VERTEX_POINT('',#15173);
#5681=VERTEX_POINT('',#15175);
#5682=VERTEX_POINT('',#15177);
#5683=VERTEX_POINT('',#15179);
#5684=VERTEX_POINT('',#15183);
#5685=VERTEX_POINT('',#15184);
#5686=VERTEX_POINT('',#15186);
#5687=VERTEX_POINT('',#15188);
#5688=VERTEX_POINT('',#15190);
#5689=VERTEX_POINT('',#15192);
#5690=VERTEX_POINT('',#15194);
#5691=VERTEX_POINT('',#15196);
#5692=VERTEX_POINT('',#15199);
#5693=VERTEX_POINT('',#15200);
#5694=VERTEX_POINT('',#15202);
#5695=VERTEX_POINT('',#15204);
#5696=VERTEX_POINT('',#15206);
#5697=VERTEX_POINT('',#15208);
#5698=VERTEX_POINT('',#15210);
#5699=VERTEX_POINT('',#15212);
#5700=VERTEX_POINT('',#15214);
#5701=VERTEX_POINT('',#15216);
#5702=VERTEX_POINT('',#15218);
#5703=VERTEX_POINT('',#15220);
#5704=VERTEX_POINT('',#15223);
#5705=VERTEX_POINT('',#15224);
#5706=VERTEX_POINT('',#15226);
#5707=VERTEX_POINT('',#15228);
#5708=VERTEX_POINT('',#15231);
#5709=VERTEX_POINT('',#15233);
#5710=VERTEX_POINT('',#15235);
#5711=VERTEX_POINT('',#15236);
#5712=VERTEX_POINT('',#15238);
#5713=VERTEX_POINT('',#15240);
#5714=VERTEX_POINT('',#15242);
#5715=VERTEX_POINT('',#15244);
#5716=VERTEX_POINT('',#15246);
#5717=VERTEX_POINT('',#15248);
#5718=VERTEX_POINT('',#15251);
#5719=VERTEX_POINT('',#15252);
#5720=VERTEX_POINT('',#15254);
#5721=VERTEX_POINT('',#15256);
#5722=VERTEX_POINT('',#15258);
#5723=VERTEX_POINT('',#15260);
#5724=VERTEX_POINT('',#15262);
#5725=VERTEX_POINT('',#15264);
#5726=VERTEX_POINT('',#15266);
#5727=VERTEX_POINT('',#15268);
#5728=VERTEX_POINT('',#15270);
#5729=VERTEX_POINT('',#15272);
#5730=VERTEX_POINT('',#15275);
#5731=VERTEX_POINT('',#15276);
#5732=VERTEX_POINT('',#15278);
#5733=VERTEX_POINT('',#15280);
#5734=VERTEX_POINT('',#15282);
#5735=VERTEX_POINT('',#15284);
#5736=VERTEX_POINT('',#15286);
#5737=VERTEX_POINT('',#15288);
#5738=VERTEX_POINT('',#15290);
#5739=VERTEX_POINT('',#15292);
#5740=VERTEX_POINT('',#15294);
#5741=VERTEX_POINT('',#15296);
#5742=VERTEX_POINT('',#15298);
#5743=VERTEX_POINT('',#15300);
#5744=VERTEX_POINT('',#15303);
#5745=VERTEX_POINT('',#15304);
#5746=VERTEX_POINT('',#15306);
#5747=VERTEX_POINT('',#15308);
#5748=VERTEX_POINT('',#15310);
#5749=VERTEX_POINT('',#15312);
#5750=VERTEX_POINT('',#15314);
#5751=VERTEX_POINT('',#15316);
#5752=VERTEX_POINT('',#15318);
#5753=VERTEX_POINT('',#15320);
#5754=VERTEX_POINT('',#15322);
#5755=VERTEX_POINT('',#15324);
#5756=VERTEX_POINT('',#15326);
#5757=VERTEX_POINT('',#15328);
#5758=VERTEX_POINT('',#15332);
#5759=VERTEX_POINT('',#15333);
#5760=VERTEX_POINT('',#15335);
#5761=VERTEX_POINT('',#15337);
#5762=VERTEX_POINT('',#15339);
#5763=VERTEX_POINT('',#15341);
#5764=VERTEX_POINT('',#15343);
#5765=VERTEX_POINT('',#15345);
#5766=VERTEX_POINT('',#15348);
#5767=VERTEX_POINT('',#15349);
#5768=VERTEX_POINT('',#15351);
#5769=VERTEX_POINT('',#15353);
#5770=VERTEX_POINT('',#15355);
#5771=VERTEX_POINT('',#15357);
#5772=VERTEX_POINT('',#15360);
#5773=VERTEX_POINT('',#15361);
#5774=VERTEX_POINT('',#15363);
#5775=VERTEX_POINT('',#15365);
#5776=VERTEX_POINT('',#15367);
#5777=VERTEX_POINT('',#15369);
#5778=VERTEX_POINT('',#15372);
#5779=VERTEX_POINT('',#15373);
#5780=VERTEX_POINT('',#15375);
#5781=VERTEX_POINT('',#15377);
#5782=VERTEX_POINT('',#15379);
#5783=VERTEX_POINT('',#15381);
#5784=VERTEX_POINT('',#15383);
#5785=VERTEX_POINT('',#15385);
#5786=VERTEX_POINT('',#15387);
#5787=VERTEX_POINT('',#15389);
#5788=VERTEX_POINT('',#15392);
#5789=VERTEX_POINT('',#15393);
#5790=VERTEX_POINT('',#15395);
#5791=VERTEX_POINT('',#15397);
#5792=VERTEX_POINT('',#15399);
#5793=VERTEX_POINT('',#15401);
#5794=VERTEX_POINT('',#15403);
#5795=VERTEX_POINT('',#15405);
#5796=VERTEX_POINT('',#15408);
#5797=VERTEX_POINT('',#15409);
#5798=VERTEX_POINT('',#15411);
#5799=VERTEX_POINT('',#15413);
#5800=VERTEX_POINT('',#15415);
#5801=VERTEX_POINT('',#15417);
#5802=VERTEX_POINT('',#15419);
#5803=VERTEX_POINT('',#15421);
#5804=VERTEX_POINT('',#15423);
#5805=VERTEX_POINT('',#15425);
#5806=VERTEX_POINT('',#15428);
#5807=VERTEX_POINT('',#15429);
#5808=VERTEX_POINT('',#15431);
#5809=VERTEX_POINT('',#15433);
#5810=VERTEX_POINT('',#15435);
#5811=VERTEX_POINT('',#15437);
#5812=VERTEX_POINT('',#15439);
#5813=VERTEX_POINT('',#15441);
#5814=VERTEX_POINT('',#15443);
#5815=VERTEX_POINT('',#15445);
#5816=VERTEX_POINT('',#15448);
#5817=VERTEX_POINT('',#15449);
#5818=VERTEX_POINT('',#15451);
#5819=VERTEX_POINT('',#15453);
#5820=VERTEX_POINT('',#15455);
#5821=VERTEX_POINT('',#15457);
#5822=VERTEX_POINT('',#15460);
#5823=VERTEX_POINT('',#15461);
#5824=VERTEX_POINT('',#15463);
#5825=VERTEX_POINT('',#15465);
#5826=VERTEX_POINT('',#15467);
#5827=VERTEX_POINT('',#15469);
#5828=VERTEX_POINT('',#15472);
#5829=VERTEX_POINT('',#15473);
#5830=VERTEX_POINT('',#15475);
#5831=VERTEX_POINT('',#15477);
#5832=VERTEX_POINT('',#15479);
#5833=VERTEX_POINT('',#15481);
#5834=VERTEX_POINT('',#15484);
#5835=VERTEX_POINT('',#15485);
#5836=VERTEX_POINT('',#15487);
#5837=VERTEX_POINT('',#15489);
#5838=VERTEX_POINT('',#15491);
#5839=VERTEX_POINT('',#15493);
#5840=VERTEX_POINT('',#15495);
#5841=VERTEX_POINT('',#15497);
#5842=VERTEX_POINT('',#15499);
#5843=VERTEX_POINT('',#15501);
#5844=VERTEX_POINT('',#15504);
#5845=VERTEX_POINT('',#15505);
#5846=VERTEX_POINT('',#15507);
#5847=VERTEX_POINT('',#15509);
#5848=VERTEX_POINT('',#15511);
#5849=VERTEX_POINT('',#15513);
#5850=VERTEX_POINT('',#15516);
#5851=VERTEX_POINT('',#15517);
#5852=VERTEX_POINT('',#15519);
#5853=VERTEX_POINT('',#15521);
#5854=VERTEX_POINT('',#15523);
#5855=VERTEX_POINT('',#15525);
#5856=VERTEX_POINT('',#15528);
#5857=VERTEX_POINT('',#15530);
#5858=VERTEX_POINT('',#15532);
#5859=VERTEX_POINT('',#15534);
#5860=VERTEX_POINT('',#15536);
#5861=VERTEX_POINT('',#15538);
#5862=VERTEX_POINT('',#15540);
#5863=VERTEX_POINT('',#15542);
#5864=VERTEX_POINT('',#15544);
#5865=VERTEX_POINT('',#15546);
#5866=VERTEX_POINT('',#15547);
#5867=VERTEX_POINT('',#15549);
#5868=VERTEX_POINT('',#15551);
#5869=VERTEX_POINT('',#15554);
#5870=VERTEX_POINT('',#15555);
#5871=VERTEX_POINT('',#15557);
#5872=VERTEX_POINT('',#15559);
#5873=VERTEX_POINT('',#15561);
#5874=VERTEX_POINT('',#15563);
#5875=VERTEX_POINT('',#15565);
#5876=VERTEX_POINT('',#15567);
#5877=VERTEX_POINT('',#15569);
#5878=VERTEX_POINT('',#15571);
#5879=VERTEX_POINT('',#15573);
#5880=VERTEX_POINT('',#15575);
#5881=VERTEX_POINT('',#15577);
#5882=VERTEX_POINT('',#15579);
#5883=VERTEX_POINT('',#15581);
#5884=VERTEX_POINT('',#15583);
#5885=VERTEX_POINT('',#15585);
#5886=VERTEX_POINT('',#15587);
#5887=VERTEX_POINT('',#15589);
#5888=VERTEX_POINT('',#15591);
#5889=VERTEX_POINT('',#15593);
#5890=VERTEX_POINT('',#15595);
#5891=VERTEX_POINT('',#15597);
#5892=VERTEX_POINT('',#15599);
#5893=VERTEX_POINT('',#15602);
#5894=VERTEX_POINT('',#15604);
#5895=VERTEX_POINT('',#15606);
#5896=VERTEX_POINT('',#15608);
#5897=VERTEX_POINT('',#15610);
#5898=VERTEX_POINT('',#15612);
#5899=VERTEX_POINT('',#15614);
#5900=VERTEX_POINT('',#15616);
#5901=VERTEX_POINT('',#15618);
#5902=VERTEX_POINT('',#15620);
#5903=VERTEX_POINT('',#15622);
#5904=VERTEX_POINT('',#15624);
#5905=VERTEX_POINT('',#15625);
#5906=VERTEX_POINT('',#15627);
#5907=VERTEX_POINT('',#15629);
#5908=VERTEX_POINT('',#15631);
#5909=VERTEX_POINT('',#15633);
#5910=VERTEX_POINT('',#15635);
#5911=VERTEX_POINT('',#15637);
#5912=VERTEX_POINT('',#15639);
#5913=VERTEX_POINT('',#15641);
#5914=VERTEX_POINT('',#15643);
#5915=VERTEX_POINT('',#15645);
#5916=VERTEX_POINT('',#15648);
#5917=VERTEX_POINT('',#15649);
#5918=VERTEX_POINT('',#15651);
#5919=VERTEX_POINT('',#15653);
#5920=VERTEX_POINT('',#15655);
#5921=VERTEX_POINT('',#15657);
#5922=VERTEX_POINT('',#15660);
#5923=VERTEX_POINT('',#15661);
#5924=VERTEX_POINT('',#15663);
#5925=VERTEX_POINT('',#15665);
#5926=VERTEX_POINT('',#15667);
#5927=VERTEX_POINT('',#15669);
#5928=VERTEX_POINT('',#15671);
#5929=VERTEX_POINT('',#15673);
#5930=VERTEX_POINT('',#15675);
#5931=VERTEX_POINT('',#15677);
#5932=VERTEX_POINT('',#15679);
#5933=VERTEX_POINT('',#15681);
#5934=VERTEX_POINT('',#15685);
#5935=VERTEX_POINT('',#15686);
#5936=VERTEX_POINT('',#15688);
#5937=VERTEX_POINT('',#15690);
#5938=VERTEX_POINT('',#15692);
#5939=VERTEX_POINT('',#15694);
#5940=VERTEX_POINT('',#15697);
#5941=VERTEX_POINT('',#15698);
#5942=VERTEX_POINT('',#15700);
#5943=VERTEX_POINT('',#15702);
#5944=VERTEX_POINT('',#15704);
#5945=VERTEX_POINT('',#15706);
#5946=VERTEX_POINT('',#15708);
#5947=VERTEX_POINT('',#15710);
#5948=VERTEX_POINT('',#15712);
#5949=VERTEX_POINT('',#15714);
#5950=VERTEX_POINT('',#15717);
#5951=VERTEX_POINT('',#15718);
#5952=VERTEX_POINT('',#15720);
#5953=VERTEX_POINT('',#15722);
#5954=VERTEX_POINT('',#15724);
#5955=VERTEX_POINT('',#15726);
#5956=VERTEX_POINT('',#15728);
#5957=VERTEX_POINT('',#15730);
#5958=VERTEX_POINT('',#15732);
#5959=VERTEX_POINT('',#15734);
#5960=VERTEX_POINT('',#15736);
#5961=VERTEX_POINT('',#15738);
#5962=VERTEX_POINT('',#15741);
#5963=VERTEX_POINT('',#15742);
#5964=VERTEX_POINT('',#15744);
#5965=VERTEX_POINT('',#15746);
#5966=VERTEX_POINT('',#15748);
#5967=VERTEX_POINT('',#15750);
#5968=VERTEX_POINT('',#15753);
#5969=VERTEX_POINT('',#15754);
#5970=VERTEX_POINT('',#15756);
#5971=VERTEX_POINT('',#15758);
#5972=VERTEX_POINT('',#15760);
#5973=VERTEX_POINT('',#15762);
#5974=VERTEX_POINT('',#15764);
#5975=VERTEX_POINT('',#15766);
#5976=VERTEX_POINT('',#15768);
#5977=VERTEX_POINT('',#15770);
#5978=VERTEX_POINT('',#15773);
#5979=VERTEX_POINT('',#15774);
#5980=VERTEX_POINT('',#15776);
#5981=VERTEX_POINT('',#15778);
#5982=VERTEX_POINT('',#15780);
#5983=VERTEX_POINT('',#15782);
#5984=VERTEX_POINT('',#15785);
#5985=VERTEX_POINT('',#15787);
#5986=VERTEX_POINT('',#15789);
#5987=VERTEX_POINT('',#15791);
#5988=VERTEX_POINT('',#15793);
#5989=VERTEX_POINT('',#15795);
#5990=VERTEX_POINT('',#15797);
#5991=VERTEX_POINT('',#15799);
#5992=VERTEX_POINT('',#15801);
#5993=VERTEX_POINT('',#15803);
#5994=VERTEX_POINT('',#15805);
#5995=VERTEX_POINT('',#15806);
#5996=VERTEX_POINT('',#15808);
#5997=VERTEX_POINT('',#15810);
#5998=VERTEX_POINT('',#15813);
#5999=VERTEX_POINT('',#15814);
#6000=VERTEX_POINT('',#15816);
#6001=VERTEX_POINT('',#15818);
#6002=VERTEX_POINT('',#15820);
#6003=VERTEX_POINT('',#15822);
#6004=VERTEX_POINT('',#15824);
#6005=VERTEX_POINT('',#15826);
#6006=VERTEX_POINT('',#15828);
#6007=VERTEX_POINT('',#15830);
#6008=VERTEX_POINT('',#15832);
#6009=VERTEX_POINT('',#15834);
#6010=VERTEX_POINT('',#15836);
#6011=VERTEX_POINT('',#15838);
#6012=VERTEX_POINT('',#15840);
#6013=VERTEX_POINT('',#15842);
#6014=VERTEX_POINT('',#15844);
#6015=VERTEX_POINT('',#15846);
#6016=VERTEX_POINT('',#15848);
#6017=VERTEX_POINT('',#15850);
#6018=VERTEX_POINT('',#15852);
#6019=VERTEX_POINT('',#15854);
#6020=VERTEX_POINT('',#15856);
#6021=VERTEX_POINT('',#15858);
#6022=VERTEX_POINT('',#15861);
#6023=VERTEX_POINT('',#15863);
#6024=VERTEX_POINT('',#15865);
#6025=VERTEX_POINT('',#15867);
#6026=VERTEX_POINT('',#15869);
#6027=VERTEX_POINT('',#15871);
#6028=VERTEX_POINT('',#15873);
#6029=VERTEX_POINT('',#15875);
#6030=VERTEX_POINT('',#15877);
#6031=VERTEX_POINT('',#15879);
#6032=VERTEX_POINT('',#15881);
#6033=VERTEX_POINT('',#15882);
#6034=VERTEX_POINT('',#15884);
#6035=VERTEX_POINT('',#15886);
#6036=VERTEX_POINT('',#15888);
#6037=VERTEX_POINT('',#15890);
#6038=VERTEX_POINT('',#15892);
#6039=VERTEX_POINT('',#15894);
#6040=VERTEX_POINT('',#15896);
#6041=VERTEX_POINT('',#15898);
#6042=VERTEX_POINT('',#15900);
#6043=VERTEX_POINT('',#15902);
#6044=VERTEX_POINT('',#15905);
#6045=VERTEX_POINT('',#15906);
#6046=VERTEX_POINT('',#15908);
#6047=VERTEX_POINT('',#15910);
#6048=VERTEX_POINT('',#15912);
#6049=VERTEX_POINT('',#15914);
#6050=VERTEX_POINT('',#15917);
#6051=VERTEX_POINT('',#15918);
#6052=VERTEX_POINT('',#15920);
#6053=VERTEX_POINT('',#15922);
#6054=VERTEX_POINT('',#15924);
#6055=VERTEX_POINT('',#15926);
#6056=VERTEX_POINT('',#15929);
#6057=VERTEX_POINT('',#15930);
#6058=VERTEX_POINT('',#15932);
#6059=VERTEX_POINT('',#15934);
#6060=VERTEX_POINT('',#15936);
#6061=VERTEX_POINT('',#15938);
#6062=VERTEX_POINT('',#15941);
#6063=VERTEX_POINT('',#15942);
#6064=VERTEX_POINT('',#15944);
#6065=VERTEX_POINT('',#15946);
#6066=VERTEX_POINT('',#15948);
#6067=VERTEX_POINT('',#15950);
#6068=VERTEX_POINT('',#15953);
#6069=VERTEX_POINT('',#15954);
#6070=VERTEX_POINT('',#15956);
#6071=VERTEX_POINT('',#15958);
#6072=VERTEX_POINT('',#15960);
#6073=VERTEX_POINT('',#15962);
#6074=VERTEX_POINT('',#15964);
#6075=VERTEX_POINT('',#15966);
#6076=VERTEX_POINT('',#15968);
#6077=VERTEX_POINT('',#15970);
#6078=VERTEX_POINT('',#15973);
#6079=VERTEX_POINT('',#15974);
#6080=VERTEX_POINT('',#15976);
#6081=VERTEX_POINT('',#15978);
#6082=VERTEX_POINT('',#15980);
#6083=VERTEX_POINT('',#15982);
#6084=VERTEX_POINT('',#15984);
#6085=VERTEX_POINT('',#15986);
#6086=VERTEX_POINT('',#15988);
#6087=VERTEX_POINT('',#15990);
#6088=VERTEX_POINT('',#15993);
#6089=VERTEX_POINT('',#15994);
#6090=VERTEX_POINT('',#15996);
#6091=VERTEX_POINT('',#15998);
#6092=VERTEX_POINT('',#16000);
#6093=VERTEX_POINT('',#16002);
#6094=VERTEX_POINT('',#16004);
#6095=VERTEX_POINT('',#16006);
#6096=VERTEX_POINT('',#16009);
#6097=VERTEX_POINT('',#16010);
#6098=VERTEX_POINT('',#16012);
#6099=VERTEX_POINT('',#16014);
#6100=VERTEX_POINT('',#16016);
#6101=VERTEX_POINT('',#16018);
#6102=VERTEX_POINT('',#16021);
#6103=VERTEX_POINT('',#16022);
#6104=VERTEX_POINT('',#16024);
#6105=VERTEX_POINT('',#16026);
#6106=VERTEX_POINT('',#16028);
#6107=VERTEX_POINT('',#16030);
#6108=VERTEX_POINT('',#16032);
#6109=VERTEX_POINT('',#16034);
#6110=VERTEX_POINT('',#16038);
#6111=VERTEX_POINT('',#16041);
#6112=VERTEX_POINT('',#16044);
#6113=VERTEX_POINT('',#16047);
#6114=VERTEX_POINT('',#16050);
#6115=VERTEX_POINT('',#16053);
#6116=VERTEX_POINT('',#16056);
#6117=VERTEX_POINT('',#16059);
#6118=VERTEX_POINT('',#16062);
#6119=VERTEX_POINT('',#16065);
#6120=VERTEX_POINT('',#16068);
#6121=VERTEX_POINT('',#16069);
#6122=VERTEX_POINT('',#16071);
#6123=VERTEX_POINT('',#16073);
#6124=VERTEX_POINT('',#16077);
#6125=VERTEX_POINT('',#16078);
#6126=VERTEX_POINT('',#16080);
#6127=VERTEX_POINT('',#16082);
#6128=VERTEX_POINT('',#16086);
#6129=VERTEX_POINT('',#16087);
#6130=VERTEX_POINT('',#16089);
#6131=VERTEX_POINT('',#16091);
#6132=VERTEX_POINT('',#16095);
#6133=VERTEX_POINT('',#16096);
#6134=VERTEX_POINT('',#16098);
#6135=VERTEX_POINT('',#16100);
#6136=VERTEX_POINT('',#16104);
#6137=VERTEX_POINT('',#16105);
#6138=VERTEX_POINT('',#16107);
#6139=VERTEX_POINT('',#16109);
#6140=VERTEX_POINT('',#16113);
#6141=VERTEX_POINT('',#16114);
#6142=VERTEX_POINT('',#16116);
#6143=VERTEX_POINT('',#16118);
#6144=VERTEX_POINT('',#16122);
#6145=VERTEX_POINT('',#16123);
#6146=VERTEX_POINT('',#16125);
#6147=VERTEX_POINT('',#16127);
#6148=VERTEX_POINT('',#16131);
#6149=VERTEX_POINT('',#16132);
#6150=VERTEX_POINT('',#16134);
#6151=VERTEX_POINT('',#16136);
#6152=VERTEX_POINT('',#16140);
#6153=VERTEX_POINT('',#16141);
#6154=VERTEX_POINT('',#16143);
#6155=VERTEX_POINT('',#16145);
#6156=VERTEX_POINT('',#16149);
#6157=VERTEX_POINT('',#16150);
#6158=VERTEX_POINT('',#16152);
#6159=VERTEX_POINT('',#16154);
#6160=VERTEX_POINT('',#16158);
#6161=VERTEX_POINT('',#16159);
#6162=VERTEX_POINT('',#16161);
#6163=VERTEX_POINT('',#16163);
#6164=VERTEX_POINT('',#16167);
#6165=VERTEX_POINT('',#16168);
#6166=VERTEX_POINT('',#16170);
#6167=VERTEX_POINT('',#16172);
#6168=VERTEX_POINT('',#16176);
#6169=VERTEX_POINT('',#16177);
#6170=VERTEX_POINT('',#16179);
#6171=VERTEX_POINT('',#16181);
#6172=VERTEX_POINT('',#16185);
#6173=VERTEX_POINT('',#16186);
#6174=VERTEX_POINT('',#16188);
#6175=VERTEX_POINT('',#16190);
#6176=VERTEX_POINT('',#16194);
#6177=VERTEX_POINT('',#16195);
#6178=VERTEX_POINT('',#16197);
#6179=VERTEX_POINT('',#16199);
#6180=VERTEX_POINT('',#16203);
#6181=VERTEX_POINT('',#16204);
#6182=VERTEX_POINT('',#16206);
#6183=VERTEX_POINT('',#16208);
#6184=VERTEX_POINT('',#16212);
#6185=VERTEX_POINT('',#16213);
#6186=VERTEX_POINT('',#16215);
#6187=VERTEX_POINT('',#16217);
#6188=VERTEX_POINT('',#16221);
#6189=VERTEX_POINT('',#16222);
#6190=VERTEX_POINT('',#16224);
#6191=VERTEX_POINT('',#16226);
#6192=VERTEX_POINT('',#16230);
#6193=VERTEX_POINT('',#16231);
#6194=VERTEX_POINT('',#16233);
#6195=VERTEX_POINT('',#16235);
#6196=VERTEX_POINT('',#16239);
#6197=VERTEX_POINT('',#16240);
#6198=VERTEX_POINT('',#16242);
#6199=VERTEX_POINT('',#16244);
#6200=VERTEX_POINT('',#16248);
#6201=VERTEX_POINT('',#16249);
#6202=VERTEX_POINT('',#16251);
#6203=VERTEX_POINT('',#16253);
#6204=VERTEX_POINT('',#16257);
#6205=VERTEX_POINT('',#16258);
#6206=VERTEX_POINT('',#16260);
#6207=VERTEX_POINT('',#16262);
#6208=VERTEX_POINT('',#16266);
#6209=VERTEX_POINT('',#16267);
#6210=VERTEX_POINT('',#16269);
#6211=VERTEX_POINT('',#16271);
#6212=VERTEX_POINT('',#16275);
#6213=VERTEX_POINT('',#16276);
#6214=VERTEX_POINT('',#16278);
#6215=VERTEX_POINT('',#16280);
#6216=VERTEX_POINT('',#16284);
#6217=VERTEX_POINT('',#16285);
#6218=VERTEX_POINT('',#16287);
#6219=VERTEX_POINT('',#16289);
#6220=VERTEX_POINT('',#16293);
#6221=VERTEX_POINT('',#16294);
#6222=VERTEX_POINT('',#16296);
#6223=VERTEX_POINT('',#16298);
#6224=VERTEX_POINT('',#16302);
#6225=VERTEX_POINT('',#16303);
#6226=VERTEX_POINT('',#16305);
#6227=VERTEX_POINT('',#16307);
#6228=VERTEX_POINT('',#16311);
#6229=VERTEX_POINT('',#16312);
#6230=VERTEX_POINT('',#16314);
#6231=VERTEX_POINT('',#16316);
#6232=VERTEX_POINT('',#16320);
#6233=VERTEX_POINT('',#16321);
#6234=VERTEX_POINT('',#16323);
#6235=VERTEX_POINT('',#16325);
#6236=VERTEX_POINT('',#16329);
#6237=VERTEX_POINT('',#16330);
#6238=VERTEX_POINT('',#16332);
#6239=VERTEX_POINT('',#16334);
#6240=VERTEX_POINT('',#16338);
#6241=VERTEX_POINT('',#16339);
#6242=VERTEX_POINT('',#16341);
#6243=VERTEX_POINT('',#16343);
#6244=VERTEX_POINT('',#16347);
#6245=VERTEX_POINT('',#16348);
#6246=VERTEX_POINT('',#16350);
#6247=VERTEX_POINT('',#16352);
#6248=VERTEX_POINT('',#16356);
#6249=VERTEX_POINT('',#16357);
#6250=VERTEX_POINT('',#16359);
#6251=VERTEX_POINT('',#16361);
#6252=VERTEX_POINT('',#16365);
#6253=VERTEX_POINT('',#16366);
#6254=VERTEX_POINT('',#16368);
#6255=VERTEX_POINT('',#16370);
#6256=VERTEX_POINT('',#16374);
#6257=VERTEX_POINT('',#16375);
#6258=VERTEX_POINT('',#16377);
#6259=VERTEX_POINT('',#16379);
#6260=VERTEX_POINT('',#16383);
#6261=VERTEX_POINT('',#16384);
#6262=VERTEX_POINT('',#16386);
#6263=VERTEX_POINT('',#16388);
#6264=VERTEX_POINT('',#16392);
#6265=VERTEX_POINT('',#16393);
#6266=VERTEX_POINT('',#16395);
#6267=VERTEX_POINT('',#16397);
#6268=VERTEX_POINT('',#16401);
#6269=VERTEX_POINT('',#16402);
#6270=VERTEX_POINT('',#16404);
#6271=VERTEX_POINT('',#16406);
#6272=VERTEX_POINT('',#16410);
#6273=VERTEX_POINT('',#16411);
#6274=VERTEX_POINT('',#16413);
#6275=VERTEX_POINT('',#16415);
#6276=VERTEX_POINT('',#16419);
#6277=VERTEX_POINT('',#16420);
#6278=VERTEX_POINT('',#16422);
#6279=VERTEX_POINT('',#16424);
#6280=VERTEX_POINT('',#16548);
#6281=VERTEX_POINT('',#16549);
#6282=VERTEX_POINT('',#16551);
#6283=VERTEX_POINT('',#16553);
#6284=VERTEX_POINT('',#16555);
#6285=VERTEX_POINT('',#16557);
#6286=VERTEX_POINT('',#16559);
#6287=VERTEX_POINT('',#16561);
#6288=VERTEX_POINT('',#16563);
#6289=VERTEX_POINT('',#16565);
#6290=VERTEX_POINT('',#16567);
#6291=VERTEX_POINT('',#16569);
#6292=VERTEX_POINT('',#16572);
#6293=VERTEX_POINT('',#16573);
#6294=VERTEX_POINT('',#16575);
#6295=VERTEX_POINT('',#16577);
#6296=VERTEX_POINT('',#16579);
#6297=VERTEX_POINT('',#16581);
#6298=VERTEX_POINT('',#16583);
#6299=VERTEX_POINT('',#16585);
#6300=VERTEX_POINT('',#16587);
#6301=VERTEX_POINT('',#16589);
#6302=VERTEX_POINT('',#16591);
#6303=VERTEX_POINT('',#16593);
#6304=VERTEX_POINT('',#16595);
#6305=VERTEX_POINT('',#16597);
#6306=VERTEX_POINT('',#16599);
#6307=VERTEX_POINT('',#16601);
#6308=VERTEX_POINT('',#16604);
#6309=VERTEX_POINT('',#16605);
#6310=VERTEX_POINT('',#16607);
#6311=VERTEX_POINT('',#16609);
#6312=VERTEX_POINT('',#16611);
#6313=VERTEX_POINT('',#16613);
#6314=VERTEX_POINT('',#16615);
#6315=VERTEX_POINT('',#16617);
#6316=VERTEX_POINT('',#16619);
#6317=VERTEX_POINT('',#16621);
#6318=VERTEX_POINT('',#16623);
#6319=VERTEX_POINT('',#16625);
#6320=VERTEX_POINT('',#16627);
#6321=VERTEX_POINT('',#16629);
#6322=VERTEX_POINT('',#16631);
#6323=VERTEX_POINT('',#16633);
#6324=VERTEX_POINT('',#16636);
#6325=VERTEX_POINT('',#16637);
#6326=VERTEX_POINT('',#16639);
#6327=VERTEX_POINT('',#16641);
#6328=VERTEX_POINT('',#16643);
#6329=VERTEX_POINT('',#16645);
#6330=VERTEX_POINT('',#16647);
#6331=VERTEX_POINT('',#16649);
#6332=VERTEX_POINT('',#16651);
#6333=VERTEX_POINT('',#16653);
#6334=VERTEX_POINT('',#16655);
#6335=VERTEX_POINT('',#16657);
#6336=VERTEX_POINT('',#16660);
#6337=VERTEX_POINT('',#16661);
#6338=VERTEX_POINT('',#16663);
#6339=VERTEX_POINT('',#16665);
#6340=VERTEX_POINT('',#16667);
#6341=VERTEX_POINT('',#16669);
#6342=VERTEX_POINT('',#16671);
#6343=VERTEX_POINT('',#16673);
#6344=VERTEX_POINT('',#16675);
#6345=VERTEX_POINT('',#16677);
#6346=VERTEX_POINT('',#16680);
#6347=VERTEX_POINT('',#16682);
#6348=VERTEX_POINT('',#16684);
#6349=VERTEX_POINT('',#16686);
#6350=VERTEX_POINT('',#16688);
#6351=VERTEX_POINT('',#16689);
#6352=VERTEX_POINT('',#16691);
#6353=VERTEX_POINT('',#16693);
#6354=VERTEX_POINT('',#16696);
#6355=VERTEX_POINT('',#16698);
#6356=VERTEX_POINT('',#16700);
#6357=VERTEX_POINT('',#16701);
#6358=VERTEX_POINT('',#16703);
#6359=VERTEX_POINT('',#16705);
#6360=VERTEX_POINT('',#16707);
#6361=VERTEX_POINT('',#16709);
#6362=VERTEX_POINT('',#16711);
#6363=VERTEX_POINT('',#16713);
#6364=VERTEX_POINT('',#16715);
#6365=VERTEX_POINT('',#16717);
#6366=VERTEX_POINT('',#16719);
#6367=VERTEX_POINT('',#16721);
#6368=VERTEX_POINT('',#16723);
#6369=VERTEX_POINT('',#16725);
#6370=VERTEX_POINT('',#16729);
#6371=VERTEX_POINT('',#16730);
#6372=VERTEX_POINT('',#16732);
#6373=VERTEX_POINT('',#16734);
#6374=VERTEX_POINT('',#16736);
#6375=VERTEX_POINT('',#16738);
#6376=VERTEX_POINT('',#16740);
#6377=VERTEX_POINT('',#16742);
#6378=VERTEX_POINT('',#16744);
#6379=VERTEX_POINT('',#16746);
#6380=VERTEX_POINT('',#16748);
#6381=VERTEX_POINT('',#16750);
#6382=VERTEX_POINT('',#16752);
#6383=VERTEX_POINT('',#16754);
#6384=VERTEX_POINT('',#16756);
#6385=VERTEX_POINT('',#16758);
#6386=VERTEX_POINT('',#16761);
#6387=VERTEX_POINT('',#16762);
#6388=VERTEX_POINT('',#16764);
#6389=VERTEX_POINT('',#16766);
#6390=VERTEX_POINT('',#16768);
#6391=VERTEX_POINT('',#16770);
#6392=VERTEX_POINT('',#16772);
#6393=VERTEX_POINT('',#16774);
#6394=VERTEX_POINT('',#16776);
#6395=VERTEX_POINT('',#16778);
#6396=VERTEX_POINT('',#16780);
#6397=VERTEX_POINT('',#16782);
#6398=VERTEX_POINT('',#16784);
#6399=VERTEX_POINT('',#16786);
#6400=VERTEX_POINT('',#16788);
#6401=VERTEX_POINT('',#16790);
#6402=VERTEX_POINT('',#16793);
#6403=VERTEX_POINT('',#16794);
#6404=VERTEX_POINT('',#16796);
#6405=VERTEX_POINT('',#16798);
#6406=VERTEX_POINT('',#16800);
#6407=VERTEX_POINT('',#16802);
#6408=VERTEX_POINT('',#16804);
#6409=VERTEX_POINT('',#16806);
#6410=VERTEX_POINT('',#16808);
#6411=VERTEX_POINT('',#16810);
#6412=VERTEX_POINT('',#16812);
#6413=VERTEX_POINT('',#16814);
#6414=VERTEX_POINT('',#16817);
#6415=VERTEX_POINT('',#16818);
#6416=VERTEX_POINT('',#16820);
#6417=VERTEX_POINT('',#16822);
#6418=VERTEX_POINT('',#16824);
#6419=VERTEX_POINT('',#16826);
#6420=VERTEX_POINT('',#16828);
#6421=VERTEX_POINT('',#16830);
#6422=VERTEX_POINT('',#16832);
#6423=VERTEX_POINT('',#16834);
#6424=VERTEX_POINT('',#16837);
#6425=VERTEX_POINT('',#16839);
#6426=VERTEX_POINT('',#16841);
#6427=VERTEX_POINT('',#16843);
#6428=VERTEX_POINT('',#16845);
#6429=VERTEX_POINT('',#16846);
#6430=VERTEX_POINT('',#16848);
#6431=VERTEX_POINT('',#16850);
#6432=VERTEX_POINT('',#16853);
#6433=VERTEX_POINT('',#16855);
#6434=VERTEX_POINT('',#16857);
#6435=VERTEX_POINT('',#16858);
#6436=VERTEX_POINT('',#16860);
#6437=VERTEX_POINT('',#16862);
#6438=VERTEX_POINT('',#16864);
#6439=VERTEX_POINT('',#16866);
#6440=VERTEX_POINT('',#16868);
#6441=VERTEX_POINT('',#16870);
#6442=VERTEX_POINT('',#16872);
#6443=VERTEX_POINT('',#16874);
#6444=VERTEX_POINT('',#16876);
#6445=VERTEX_POINT('',#16878);
#6446=VERTEX_POINT('',#16880);
#6447=VERTEX_POINT('',#16882);
#6448=VERTEX_POINT('',#16885);
#6449=VERTEX_POINT('',#16886);
#6450=VERTEX_POINT('',#16888);
#6451=VERTEX_POINT('',#16890);
#6452=VERTEX_POINT('',#16892);
#6453=VERTEX_POINT('',#16894);
#6454=VERTEX_POINT('',#16896);
#6455=VERTEX_POINT('',#16898);
#6456=VERTEX_POINT('',#16900);
#6457=VERTEX_POINT('',#16902);
#6458=VERTEX_POINT('',#16904);
#6459=VERTEX_POINT('',#16906);
#6460=VERTEX_POINT('',#16910);
#6461=VERTEX_POINT('',#16912);
#6462=VERTEX_POINT('',#16915);
#6463=VERTEX_POINT('',#16917);
#6464=VERTEX_POINT('',#16920);
#6465=VERTEX_POINT('',#16922);
#6466=VERTEX_POINT('',#16925);
#6467=VERTEX_POINT('',#16927);
#6468=VERTEX_POINT('',#16930);
#6469=VERTEX_POINT('',#16933);
#6470=VERTEX_POINT('',#16936);
#6471=VERTEX_POINT('',#16938);
#6472=VERTEX_POINT('',#16945);
#6473=VERTEX_POINT('',#16949);
#6474=VERTEX_POINT('',#16962);
#6475=VERTEX_POINT('',#16964);
#6476=VERTEX_POINT('',#16966);
#6477=VERTEX_POINT('',#16967);
#6478=VERTEX_POINT('',#16969);
#6479=VERTEX_POINT('',#16971);
#6480=VERTEX_POINT('',#16984);
#6481=VERTEX_POINT('',#16988);
#6482=VERTEX_POINT('',#16990);
#6483=VERTEX_POINT('',#16992);
#6484=VERTEX_POINT('',#16996);
#6485=VERTEX_POINT('',#17000);
#6486=VERTEX_POINT('',#17002);
#6487=VERTEX_POINT('',#17005);
#6488=VERTEX_POINT('',#17007);
#6489=VERTEX_POINT('',#17009);
#6490=VERTEX_POINT('',#17011);
#6491=VERTEX_POINT('',#17014);
#6492=VERTEX_POINT('',#17016);
#6493=VERTEX_POINT('',#17019);
#6494=VERTEX_POINT('',#17021);
#6495=VERTEX_POINT('',#17023);
#6496=VERTEX_POINT('',#17025);
#6497=VERTEX_POINT('',#17028);
#6498=VERTEX_POINT('',#17029);
#6499=VERTEX_POINT('',#17031);
#6500=VERTEX_POINT('',#17033);
#6501=VERTEX_POINT('',#17035);
#6502=VERTEX_POINT('',#17037);
#6503=VERTEX_POINT('',#17039);
#6504=VERTEX_POINT('',#17041);
#6505=VERTEX_POINT('',#17044);
#6506=VERTEX_POINT('',#17045);
#6507=VERTEX_POINT('',#17047);
#6508=VERTEX_POINT('',#17049);
#6509=VERTEX_POINT('',#17051);
#6510=VERTEX_POINT('',#17053);
#6511=VERTEX_POINT('',#17055);
#6512=VERTEX_POINT('',#17057);
#6513=VERTEX_POINT('',#17059);
#6514=VERTEX_POINT('',#17061);
#6515=VERTEX_POINT('',#17063);
#6516=VERTEX_POINT('',#17065);
#6517=VERTEX_POINT('',#17067);
#6518=VERTEX_POINT('',#17069);
#6519=VERTEX_POINT('',#17072);
#6520=VERTEX_POINT('',#17073);
#6521=VERTEX_POINT('',#17075);
#6522=VERTEX_POINT('',#17077);
#6523=VERTEX_POINT('',#17079);
#6524=VERTEX_POINT('',#17081);
#6525=VERTEX_POINT('',#17083);
#6526=VERTEX_POINT('',#17085);
#6527=VERTEX_POINT('',#17087);
#6528=VERTEX_POINT('',#17089);
#6529=VERTEX_POINT('',#17091);
#6530=VERTEX_POINT('',#17093);
#6531=VERTEX_POINT('',#17095);
#6532=VERTEX_POINT('',#17097);
#6533=VERTEX_POINT('',#17100);
#6534=VERTEX_POINT('',#17101);
#6535=VERTEX_POINT('',#17103);
#6536=VERTEX_POINT('',#17105);
#6537=VERTEX_POINT('',#17107);
#6538=VERTEX_POINT('',#17109);
#6539=VERTEX_POINT('',#17111);
#6540=VERTEX_POINT('',#17113);
#6541=VERTEX_POINT('',#17116);
#6542=VERTEX_POINT('',#17362);
#6543=VERTEX_POINT('',#17365);
#6544=VERTEX_POINT('',#17368);
#6545=VERTEX_POINT('',#17371);
#6546=VERTEX_POINT('',#17374);
#6547=VERTEX_POINT('',#17377);
#6548=VERTEX_POINT('',#17380);
#6549=VERTEX_POINT('',#17383);
#6550=VERTEX_POINT('',#17386);
#6551=VERTEX_POINT('',#17389);
#6552=LINE('',#14868,#7372);
#6553=LINE('',#14871,#7373);
#6554=LINE('',#14873,#7374);
#6555=LINE('',#14875,#7375);
#6556=LINE('',#14877,#7376);
#6557=LINE('',#14880,#7377);
#6558=LINE('',#14882,#7378);
#6559=LINE('',#14884,#7379);
#6560=LINE('',#14886,#7380);
#6561=LINE('',#14889,#7381);
#6562=LINE('',#14891,#7382);
#6563=LINE('',#14893,#7383);
#6564=LINE('',#14895,#7384);
#6565=LINE('',#14898,#7385);
#6566=LINE('',#14900,#7386);
#6567=LINE('',#14902,#7387);
#6568=LINE('',#14906,#7388);
#6569=LINE('',#14911,#7389);
#6570=LINE('',#14915,#7390);
#6571=LINE('',#14920,#7391);
#6572=LINE('',#14925,#7392);
#6573=LINE('',#14929,#7393);
#6574=LINE('',#14932,#7394);
#6575=LINE('',#14935,#7395);
#6576=LINE('',#14937,#7396);
#6577=LINE('',#14939,#7397);
#6578=LINE('',#14947,#7398);
#6579=LINE('',#14951,#7399);
#6580=LINE('',#14955,#7400);
#6581=LINE('',#14959,#7401);
#6582=LINE('',#14963,#7402);
#6583=LINE('',#14967,#7403);
#6584=LINE('',#14971,#7404);
#6585=LINE('',#14983,#7405);
#6586=LINE('',#14987,#7406);
#6587=LINE('',#14988,#7407);
#6588=LINE('',#14993,#7408);
#6589=LINE('',#14997,#7409);
#6590=LINE('',#15001,#7410);
#6591=LINE('',#15005,#7411);
#6592=LINE('',#15019,#7412);
#6593=LINE('',#15023,#7413);
#6594=LINE('',#15027,#7414);
#6595=LINE('',#15031,#7415);
#6596=LINE('',#15033,#7416);
#6597=LINE('',#15038,#7417);
#6598=LINE('',#15042,#7418);
#6599=LINE('',#15046,#7419);
#6600=LINE('',#15050,#7420);
#6601=LINE('',#15054,#7421);
#6602=LINE('',#15057,#7422);
#6603=LINE('',#15062,#7423);
#6604=LINE('',#15066,#7424);
#6605=LINE('',#15070,#7425);
#6606=LINE('',#15074,#7426);
#6607=LINE('',#15078,#7427);
#6608=LINE('',#15081,#7428);
#6609=LINE('',#15084,#7429);
#6610=LINE('',#15086,#7430);
#6611=LINE('',#15088,#7431);
#6612=LINE('',#15096,#7432);
#6613=LINE('',#15100,#7433);
#6614=LINE('',#15104,#7434);
#6615=LINE('',#15108,#7435);
#6616=LINE('',#15112,#7436);
#6617=LINE('',#15116,#7437);
#6618=LINE('',#15120,#7438);
#6619=LINE('',#15132,#7439);
#6620=LINE('',#15136,#7440);
#6621=LINE('',#15137,#7441);
#6622=LINE('',#15142,#7442);
#6623=LINE('',#15146,#7443);
#6624=LINE('',#15150,#7444);
#6625=LINE('',#15154,#7445);
#6626=LINE('',#15168,#7446);
#6627=LINE('',#15172,#7447);
#6628=LINE('',#15176,#7448);
#6629=LINE('',#15180,#7449);
#6630=LINE('',#15182,#7450);
#6631=LINE('',#15187,#7451);
#6632=LINE('',#15191,#7452);
#6633=LINE('',#15195,#7453);
#6634=LINE('',#15198,#7454);
#6635=LINE('',#15203,#7455);
#6636=LINE('',#15207,#7456);
#6637=LINE('',#15211,#7457);
#6638=LINE('',#15215,#7458);
#6639=LINE('',#15219,#7459);
#6640=LINE('',#15222,#7460);
#6641=LINE('',#15225,#7461);
#6642=LINE('',#15227,#7462);
#6643=LINE('',#15229,#7463);
#6644=LINE('',#15234,#7464);
#6645=LINE('',#15239,#7465);
#6646=LINE('',#15243,#7466);
#6647=LINE('',#15247,#7467);
#6648=LINE('',#15250,#7468);
#6649=LINE('',#15255,#7469);
#6650=LINE('',#15259,#7470);
#6651=LINE('',#15263,#7471);
#6652=LINE('',#15267,#7472);
#6653=LINE('',#15271,#7473);
#6654=LINE('',#15277,#7474);
#6655=LINE('',#15289,#7475);
#6656=LINE('',#15293,#7476);
#6657=LINE('',#15297,#7477);
#6658=LINE('',#15301,#7478);
#6659=LINE('',#15307,#7479);
#6660=LINE('',#15311,#7480);
#6661=LINE('',#15315,#7481);
#6662=LINE('',#15319,#7482);
#6663=LINE('',#15323,#7483);
#6664=LINE('',#15334,#7484);
#6665=LINE('',#15338,#7485);
#6666=LINE('',#15342,#7486);
#6667=LINE('',#15346,#7487);
#6668=LINE('',#15352,#7488);
#6669=LINE('',#15370,#7489);
#6670=LINE('',#15380,#7490);
#6671=LINE('',#15384,#7491);
#6672=LINE('',#15394,#7492);
#6673=LINE('',#15398,#7493);
#6674=LINE('',#15402,#7494);
#6675=LINE('',#15406,#7495);
#6676=LINE('',#15416,#7496);
#6677=LINE('',#15420,#7497);
#6678=LINE('',#15424,#7498);
#6679=LINE('',#15432,#7499);
#6680=LINE('',#15436,#7500);
#6681=LINE('',#15440,#7501);
#6682=LINE('',#15447,#7502);
#6683=LINE('',#15456,#7503);
#6684=LINE('',#15459,#7504);
#6685=LINE('',#15474,#7505);
#6686=LINE('',#15492,#7506);
#6687=LINE('',#15496,#7507);
#6688=LINE('',#15503,#7508);
#6689=LINE('',#15518,#7509);
#6690=LINE('',#15522,#7510);
#6691=LINE('',#15545,#7511);
#6692=LINE('',#15548,#7512);
#6693=LINE('',#15550,#7513);
#6694=LINE('',#15552,#7514);
#6695=LINE('',#15553,#7515);
#6696=LINE('',#15558,#7516);
#6697=LINE('',#15562,#7517);
#6698=LINE('',#15566,#7518);
#6699=LINE('',#15570,#7519);
#6700=LINE('',#15574,#7520);
#6701=LINE('',#15578,#7521);
#6702=LINE('',#15582,#7522);
#6703=LINE('',#15586,#7523);
#6704=LINE('',#15590,#7524);
#6705=LINE('',#15594,#7525);
#6706=LINE('',#15598,#7526);
#6707=LINE('',#15626,#7527);
#6708=LINE('',#15630,#7528);
#6709=LINE('',#15634,#7529);
#6710=LINE('',#15638,#7530);
#6711=LINE('',#15646,#7531);
#6712=LINE('',#15650,#7532);
#6713=LINE('',#15662,#7533);
#6714=LINE('',#15670,#7534);
#6715=LINE('',#15674,#7535);
#6716=LINE('',#15678,#7536);
#6717=LINE('',#15682,#7537);
#6718=LINE('',#15689,#7538);
#6719=LINE('',#15707,#7539);
#6720=LINE('',#15711,#7540);
#6721=LINE('',#15719,#7541);
#6722=LINE('',#15723,#7542);
#6723=LINE('',#15727,#7543);
#6724=LINE('',#15731,#7544);
#6725=LINE('',#15739,#7545);
#6726=LINE('',#15740,#7546);
#6727=LINE('',#15763,#7547);
#6728=LINE('',#15767,#7548);
#6729=LINE('',#15777,#7549);
#6730=LINE('',#15804,#7550);
#6731=LINE('',#15807,#7551);
#6732=LINE('',#15809,#7552);
#6733=LINE('',#15811,#7553);
#6734=LINE('',#15812,#7554);
#6735=LINE('',#15817,#7555);
#6736=LINE('',#15821,#7556);
#6737=LINE('',#15825,#7557);
#6738=LINE('',#15829,#7558);
#6739=LINE('',#15833,#7559);
#6740=LINE('',#15837,#7560);
#6741=LINE('',#15841,#7561);
#6742=LINE('',#15845,#7562);
#6743=LINE('',#15849,#7563);
#6744=LINE('',#15853,#7564);
#6745=LINE('',#15857,#7565);
#6746=LINE('',#15883,#7566);
#6747=LINE('',#15891,#7567);
#6748=LINE('',#15895,#7568);
#6749=LINE('',#15899,#7569);
#6750=LINE('',#15903,#7570);
#6751=LINE('',#15904,#7571);
#6752=LINE('',#15913,#7572);
#6753=LINE('',#15921,#7573);
#6754=LINE('',#15933,#7574);
#6755=LINE('',#15937,#7575);
#6756=LINE('',#15945,#7576);
#6757=LINE('',#15963,#7577);
#6758=LINE('',#15967,#7578);
#6759=LINE('',#15971,#7579);
#6760=LINE('',#15979,#7580);
#6761=LINE('',#15983,#7581);
#6762=LINE('',#15987,#7582);
#6763=LINE('',#15995,#7583);
#6764=LINE('',#15999,#7584);
#6765=LINE('',#16003,#7585);
#6766=LINE('',#16007,#7586);
#6767=LINE('',#16008,#7587);
#6768=LINE('',#16023,#7588);
#6769=LINE('',#16027,#7589);
#6770=LINE('',#16031,#7590);
#6771=LINE('',#16035,#7591);
#6772=LINE('',#16070,#7592);
#6773=LINE('',#16074,#7593);
#6774=LINE('',#16079,#7594);
#6775=LINE('',#16083,#7595);
#6776=LINE('',#16088,#7596);
#6777=LINE('',#16092,#7597);
#6778=LINE('',#16097,#7598);
#6779=LINE('',#16101,#7599);
#6780=LINE('',#16106,#7600);
#6781=LINE('',#16110,#7601);
#6782=LINE('',#16115,#7602);
#6783=LINE('',#16119,#7603);
#6784=LINE('',#16124,#7604);
#6785=LINE('',#16128,#7605);
#6786=LINE('',#16133,#7606);
#6787=LINE('',#16137,#7607);
#6788=LINE('',#16142,#7608);
#6789=LINE('',#16146,#7609);
#6790=LINE('',#16151,#7610);
#6791=LINE('',#16155,#7611);
#6792=LINE('',#16160,#7612);
#6793=LINE('',#16164,#7613);
#6794=LINE('',#16169,#7614);
#6795=LINE('',#16173,#7615);
#6796=LINE('',#16178,#7616);
#6797=LINE('',#16182,#7617);
#6798=LINE('',#16187,#7618);
#6799=LINE('',#16191,#7619);
#6800=LINE('',#16196,#7620);
#6801=LINE('',#16200,#7621);
#6802=LINE('',#16205,#7622);
#6803=LINE('',#16209,#7623);
#6804=LINE('',#16214,#7624);
#6805=LINE('',#16218,#7625);
#6806=LINE('',#16223,#7626);
#6807=LINE('',#16227,#7627);
#6808=LINE('',#16232,#7628);
#6809=LINE('',#16236,#7629);
#6810=LINE('',#16241,#7630);
#6811=LINE('',#16245,#7631);
#6812=LINE('',#16250,#7632);
#6813=LINE('',#16254,#7633);
#6814=LINE('',#16259,#7634);
#6815=LINE('',#16263,#7635);
#6816=LINE('',#16268,#7636);
#6817=LINE('',#16272,#7637);
#6818=LINE('',#16277,#7638);
#6819=LINE('',#16281,#7639);
#6820=LINE('',#16286,#7640);
#6821=LINE('',#16290,#7641);
#6822=LINE('',#16295,#7642);
#6823=LINE('',#16299,#7643);
#6824=LINE('',#16304,#7644);
#6825=LINE('',#16308,#7645);
#6826=LINE('',#16313,#7646);
#6827=LINE('',#16317,#7647);
#6828=LINE('',#16322,#7648);
#6829=LINE('',#16326,#7649);
#6830=LINE('',#16331,#7650);
#6831=LINE('',#16335,#7651);
#6832=LINE('',#16340,#7652);
#6833=LINE('',#16344,#7653);
#6834=LINE('',#16349,#7654);
#6835=LINE('',#16353,#7655);
#6836=LINE('',#16358,#7656);
#6837=LINE('',#16362,#7657);
#6838=LINE('',#16367,#7658);
#6839=LINE('',#16371,#7659);
#6840=LINE('',#16376,#7660);
#6841=LINE('',#16380,#7661);
#6842=LINE('',#16385,#7662);
#6843=LINE('',#16389,#7663);
#6844=LINE('',#16394,#7664);
#6845=LINE('',#16398,#7665);
#6846=LINE('',#16403,#7666);
#6847=LINE('',#16407,#7667);
#6848=LINE('',#16412,#7668);
#6849=LINE('',#16416,#7669);
#6850=LINE('',#16421,#7670);
#6851=LINE('',#16425,#7671);
#6852=LINE('',#16430,#7672);
#6853=LINE('',#16431,#7673);
#6854=LINE('',#16433,#7674);
#6855=LINE('',#16434,#7675);
#6856=LINE('',#16457,#7676);
#6857=LINE('',#16458,#7677);
#6858=LINE('',#16460,#7678);
#6859=LINE('',#16461,#7679);
#6860=LINE('',#16463,#7680);
#6861=LINE('',#16464,#7681);
#6862=LINE('',#16466,#7682);
#6863=LINE('',#16467,#7683);
#6864=LINE('',#16469,#7684);
#6865=LINE('',#16470,#7685);
#6866=LINE('',#16472,#7686);
#6867=LINE('',#16473,#7687);
#6868=LINE('',#16481,#7688);
#6869=LINE('',#16482,#7689);
#6870=LINE('',#16484,#7690);
#6871=LINE('',#16485,#7691);
#6872=LINE('',#16487,#7692);
#6873=LINE('',#16488,#7693);
#6874=LINE('',#16490,#7694);
#6875=LINE('',#16491,#7695);
#6876=LINE('',#16493,#7696);
#6877=LINE('',#16494,#7697);
#6878=LINE('',#16496,#7698);
#6879=LINE('',#16497,#7699);
#6880=LINE('',#16499,#7700);
#6881=LINE('',#16500,#7701);
#6882=LINE('',#16502,#7702);
#6883=LINE('',#16503,#7703);
#6884=LINE('',#16505,#7704);
#6885=LINE('',#16506,#7705);
#6886=LINE('',#16508,#7706);
#6887=LINE('',#16509,#7707);
#6888=LINE('',#16511,#7708);
#6889=LINE('',#16512,#7709);
#6890=LINE('',#16514,#7710);
#6891=LINE('',#16515,#7711);
#6892=LINE('',#16517,#7712);
#6893=LINE('',#16518,#7713);
#6894=LINE('',#16520,#7714);
#6895=LINE('',#16521,#7715);
#6896=LINE('',#16523,#7716);
#6897=LINE('',#16524,#7717);
#6898=LINE('',#16526,#7718);
#6899=LINE('',#16527,#7719);
#6900=LINE('',#16529,#7720);
#6901=LINE('',#16530,#7721);
#6902=LINE('',#16532,#7722);
#6903=LINE('',#16533,#7723);
#6904=LINE('',#16535,#7724);
#6905=LINE('',#16536,#7725);
#6906=LINE('',#16538,#7726);
#6907=LINE('',#16539,#7727);
#6908=LINE('',#16541,#7728);
#6909=LINE('',#16542,#7729);
#6910=LINE('',#16544,#7730);
#6911=LINE('',#16545,#7731);
#6912=LINE('',#16550,#7732);
#6913=LINE('',#16554,#7733);
#6914=LINE('',#16558,#7734);
#6915=LINE('',#16562,#7735);
#6916=LINE('',#16566,#7736);
#6917=LINE('',#16570,#7737);
#6918=LINE('',#16571,#7738);
#6919=LINE('',#16576,#7739);
#6920=LINE('',#16580,#7740);
#6921=LINE('',#16584,#7741);
#6922=LINE('',#16588,#7742);
#6923=LINE('',#16592,#7743);
#6924=LINE('',#16596,#7744);
#6925=LINE('',#16600,#7745);
#6926=LINE('',#16606,#7746);
#6927=LINE('',#16610,#7747);
#6928=LINE('',#16614,#7748);
#6929=LINE('',#16618,#7749);
#6930=LINE('',#16626,#7750);
#6931=LINE('',#16634,#7751);
#6932=LINE('',#16642,#7752);
#6933=LINE('',#16650,#7753);
#6934=LINE('',#16654,#7754);
#6935=LINE('',#16658,#7755);
#6936=LINE('',#16662,#7756);
#6937=LINE('',#16674,#7757);
#6938=LINE('',#16678,#7758);
#6939=LINE('',#16687,#7759);
#6940=LINE('',#16690,#7760);
#6941=LINE('',#16692,#7761);
#6942=LINE('',#16694,#7762);
#6943=LINE('',#16706,#7763);
#6944=LINE('',#16714,#7764);
#6945=LINE('',#16726,#7765);
#6946=LINE('',#16728,#7766);
#6947=LINE('',#16733,#7767);
#6948=LINE('',#16737,#7768);
#6949=LINE('',#16741,#7769);
#6950=LINE('',#16745,#7770);
#6951=LINE('',#16749,#7771);
#6952=LINE('',#16753,#7772);
#6953=LINE('',#16757,#7773);
#6954=LINE('',#16763,#7774);
#6955=LINE('',#16767,#7775);
#6956=LINE('',#16771,#7776);
#6957=LINE('',#16775,#7777);
#6958=LINE('',#16779,#7778);
#6959=LINE('',#16787,#7779);
#6960=LINE('',#16795,#7780);
#6961=LINE('',#16799,#7781);
#6962=LINE('',#16803,#7782);
#6963=LINE('',#16811,#7783);
#6964=LINE('',#16819,#7784);
#6965=LINE('',#16823,#7785);
#6966=LINE('',#16827,#7786);
#6967=LINE('',#16844,#7787);
#6968=LINE('',#16847,#7788);
#6969=LINE('',#16849,#7789);
#6970=LINE('',#16851,#7790);
#6971=LINE('',#16859,#7791);
#6972=LINE('',#16871,#7792);
#6973=LINE('',#16879,#7793);
#6974=LINE('',#16884,#7794);
#6975=LINE('',#16889,#7795);
#6976=LINE('',#16893,#7796);
#6977=LINE('',#16897,#7797);
#6978=LINE('',#16901,#7798);
#6979=LINE('',#16905,#7799);
#6980=LINE('',#16937,#7800);
#6981=LINE('',#16948,#7801);
#6982=LINE('',#16965,#7802);
#6983=LINE('',#16968,#7803);
#6984=LINE('',#16970,#7804);
#6985=LINE('',#16972,#7805);
#6986=LINE('',#16983,#7806);
#6987=LINE('',#16991,#7807);
#6988=LINE('',#16993,#7808);
#6989=LINE('',#16995,#7809);
#6990=LINE('',#17001,#7810);
#6991=LINE('',#17006,#7811);
#6992=LINE('',#17010,#7812);
#6993=LINE('',#17015,#7813);
#6994=LINE('',#17020,#7814);
#6995=LINE('',#17024,#7815);
#6996=LINE('',#17027,#7816);
#6997=LINE('',#17032,#7817);
#6998=LINE('',#17036,#7818);
#6999=LINE('',#17040,#7819);
#7000=LINE('',#17050,#7820);
#7001=LINE('',#17054,#7821);
#7002=LINE('',#17058,#7822);
#7003=LINE('',#17062,#7823);
#7004=LINE('',#17066,#7824);
#7005=LINE('',#17074,#7825);
#7006=LINE('',#17086,#7826);
#7007=LINE('',#17090,#7827);
#7008=LINE('',#17094,#7828);
#7009=LINE('',#17098,#7829);
#7010=LINE('',#17099,#7830);
#7011=LINE('',#17104,#7831);
#7012=LINE('',#17108,#7832);
#7013=LINE('',#17112,#7833);
#7014=LINE('',#17115,#7834);
#7015=LINE('',#17117,#7835);
#7016=LINE('',#17149,#7836);
#7017=LINE('',#17150,#7837);
#7018=LINE('',#17152,#7838);
#7019=LINE('',#17153,#7839);
#7020=LINE('',#17155,#7840);
#7021=LINE('',#17156,#7841);
#7022=LINE('',#17158,#7842);
#7023=LINE('',#17159,#7843);
#7024=LINE('',#17161,#7844);
#7025=LINE('',#17162,#7845);
#7026=LINE('',#17164,#7846);
#7027=LINE('',#17165,#7847);
#7028=LINE('',#17167,#7848);
#7029=LINE('',#17168,#7849);
#7030=LINE('',#17170,#7850);
#7031=LINE('',#17171,#7851);
#7032=LINE('',#17173,#7852);
#7033=LINE('',#17174,#7853);
#7034=LINE('',#17176,#7854);
#7035=LINE('',#17177,#7855);
#7036=LINE('',#17179,#7856);
#7037=LINE('',#17180,#7857);
#7038=LINE('',#17182,#7858);
#7039=LINE('',#17183,#7859);
#7040=LINE('',#17201,#7860);
#7041=LINE('',#17202,#7861);
#7042=LINE('',#17204,#7862);
#7043=LINE('',#17205,#7863);
#7044=LINE('',#17207,#7864);
#7045=LINE('',#17208,#7865);
#7046=LINE('',#17210,#7866);
#7047=LINE('',#17211,#7867);
#7048=LINE('',#17213,#7868);
#7049=LINE('',#17214,#7869);
#7050=LINE('',#17221,#7870);
#7051=LINE('',#17222,#7871);
#7052=LINE('',#17224,#7872);
#7053=LINE('',#17225,#7873);
#7054=LINE('',#17227,#7874);
#7055=LINE('',#17228,#7875);
#7056=LINE('',#17230,#7876);
#7057=LINE('',#17231,#7877);
#7058=LINE('',#17233,#7878);
#7059=LINE('',#17234,#7879);
#7060=LINE('',#17236,#7880);
#7061=LINE('',#17237,#7881);
#7062=LINE('',#17245,#7882);
#7063=LINE('',#17246,#7883);
#7064=LINE('',#17248,#7884);
#7065=LINE('',#17249,#7885);
#7066=LINE('',#17251,#7886);
#7067=LINE('',#17252,#7887);
#7068=LINE('',#17254,#7888);
#7069=LINE('',#17255,#7889);
#7070=LINE('',#17257,#7890);
#7071=LINE('',#17258,#7891);
#7072=LINE('',#17260,#7892);
#7073=LINE('',#17261,#7893);
#7074=LINE('',#17263,#7894);
#7075=LINE('',#17264,#7895);
#7076=LINE('',#17266,#7896);
#7077=LINE('',#17267,#7897);
#7078=LINE('',#17277,#7898);
#7079=LINE('',#17278,#7899);
#7080=LINE('',#17280,#7900);
#7081=LINE('',#17281,#7901);
#7082=LINE('',#17283,#7902);
#7083=LINE('',#17284,#7903);
#7084=LINE('',#17286,#7904);
#7085=LINE('',#17287,#7905);
#7086=LINE('',#17289,#7906);
#7087=LINE('',#17290,#7907);
#7088=LINE('',#17292,#7908);
#7089=LINE('',#17293,#7909);
#7090=LINE('',#17295,#7910);
#7091=LINE('',#17296,#7911);
#7092=LINE('',#17298,#7912);
#7093=LINE('',#17299,#7913);
#7094=LINE('',#17309,#7914);
#7095=LINE('',#17310,#7915);
#7096=LINE('',#17312,#7916);
#7097=LINE('',#17313,#7917);
#7098=LINE('',#17315,#7918);
#7099=LINE('',#17316,#7919);
#7100=LINE('',#17318,#7920);
#7101=LINE('',#17319,#7921);
#7102=LINE('',#17321,#7922);
#7103=LINE('',#17322,#7923);
#7104=LINE('',#17324,#7924);
#7105=LINE('',#17325,#7925);
#7106=LINE('',#17327,#7926);
#7107=LINE('',#17328,#7927);
#7108=LINE('',#17337,#7928);
#7109=LINE('',#17338,#7929);
#7110=LINE('',#17340,#7930);
#7111=LINE('',#17341,#7931);
#7112=LINE('',#17343,#7932);
#7113=LINE('',#17344,#7933);
#7114=LINE('',#17346,#7934);
#7115=LINE('',#17347,#7935);
#7116=LINE('',#17349,#7936);
#7117=LINE('',#17350,#7937);
#7118=LINE('',#17352,#7938);
#7119=LINE('',#17353,#7939);
#7120=LINE('',#17411,#7940);
#7121=LINE('',#17412,#7941);
#7122=LINE('',#17414,#7942);
#7123=LINE('',#17415,#7943);
#7124=LINE('',#17417,#7944);
#7125=LINE('',#17418,#7945);
#7126=LINE('',#17420,#7946);
#7127=LINE('',#17421,#7947);
#7128=LINE('',#17423,#7948);
#7129=LINE('',#17424,#7949);
#7130=LINE('',#17426,#7950);
#7131=LINE('',#17427,#7951);
#7132=LINE('',#17435,#7952);
#7133=LINE('',#17436,#7953);
#7134=LINE('',#17438,#7954);
#7135=LINE('',#17439,#7955);
#7136=LINE('',#17441,#7956);
#7137=LINE('',#17442,#7957);
#7138=LINE('',#17447,#7958);
#7139=LINE('',#17448,#7959);
#7140=LINE('',#17450,#7960);
#7141=LINE('',#17451,#7961);
#7142=LINE('',#17453,#7962);
#7143=LINE('',#17454,#7963);
#7144=LINE('',#17459,#7964);
#7145=LINE('',#17460,#7965);
#7146=LINE('',#17462,#7966);
#7147=LINE('',#17463,#7967);
#7148=LINE('',#17465,#7968);
#7149=LINE('',#17466,#7969);
#7150=LINE('',#17468,#7970);
#7151=LINE('',#17469,#7971);
#7152=LINE('',#17471,#7972);
#7153=LINE('',#17472,#7973);
#7154=LINE('',#17479,#7974);
#7155=LINE('',#17480,#7975);
#7156=LINE('',#17482,#7976);
#7157=LINE('',#17483,#7977);
#7158=LINE('',#17485,#7978);
#7159=LINE('',#17486,#7979);
#7160=LINE('',#17491,#7980);
#7161=LINE('',#17492,#7981);
#7162=LINE('',#17494,#7982);
#7163=LINE('',#17495,#7983);
#7164=LINE('',#17497,#7984);
#7165=LINE('',#17498,#7985);
#7166=LINE('',#17503,#7986);
#7167=LINE('',#17504,#7987);
#7168=LINE('',#17506,#7988);
#7169=LINE('',#17507,#7989);
#7170=LINE('',#17509,#7990);
#7171=LINE('',#17510,#7991);
#7172=LINE('',#17515,#7992);
#7173=LINE('',#17516,#7993);
#7174=LINE('',#17518,#7994);
#7175=LINE('',#17519,#7995);
#7176=LINE('',#17521,#7996);
#7177=LINE('',#17522,#7997);
#7178=LINE('',#17527,#7998);
#7179=LINE('',#17528,#7999);
#7180=LINE('',#17530,#8000);
#7181=LINE('',#17531,#8001);
#7182=LINE('',#17533,#8002);
#7183=LINE('',#17534,#8003);
#7184=LINE('',#17536,#8004);
#7185=LINE('',#17537,#8005);
#7186=LINE('',#17539,#8006);
#7187=LINE('',#17540,#8007);
#7188=LINE('',#17547,#8008);
#7189=LINE('',#17548,#8009);
#7190=LINE('',#17550,#8010);
#7191=LINE('',#17551,#8011);
#7192=LINE('',#17553,#8012);
#7193=LINE('',#17554,#8013);
#7194=LINE('',#17556,#8014);
#7195=LINE('',#17557,#8015);
#7196=LINE('',#17559,#8016);
#7197=LINE('',#17560,#8017);
#7198=LINE('',#17567,#8018);
#7199=LINE('',#17568,#8019);
#7200=LINE('',#17570,#8020);
#7201=LINE('',#17571,#8021);
#7202=LINE('',#17573,#8022);
#7203=LINE('',#17574,#8023);
#7204=LINE('',#17576,#8024);
#7205=LINE('',#17577,#8025);
#7206=LINE('',#17583,#8026);
#7207=LINE('',#17584,#8027);
#7208=LINE('',#17586,#8028);
#7209=LINE('',#17587,#8029);
#7210=LINE('',#17589,#8030);
#7211=LINE('',#17590,#8031);
#7212=LINE('',#17592,#8032);
#7213=LINE('',#17593,#8033);
#7214=LINE('',#17595,#8034);
#7215=LINE('',#17596,#8035);
#7216=LINE('',#17598,#8036);
#7217=LINE('',#17599,#8037);
#7218=LINE('',#17607,#8038);
#7219=LINE('',#17608,#8039);
#7220=LINE('',#17610,#8040);
#7221=LINE('',#17611,#8041);
#7222=LINE('',#17613,#8042);
#7223=LINE('',#17614,#8043);
#7224=LINE('',#17616,#8044);
#7225=LINE('',#17617,#8045);
#7226=LINE('',#17619,#8046);
#7227=LINE('',#17620,#8047);
#7228=LINE('',#17627,#8048);
#7229=LINE('',#17628,#8049);
#7230=LINE('',#17630,#8050);
#7231=LINE('',#17631,#8051);
#7232=LINE('',#17633,#8052);
#7233=LINE('',#17634,#8053);
#7234=LINE('',#17639,#8054);
#7235=LINE('',#17640,#8055);
#7236=LINE('',#17642,#8056);
#7237=LINE('',#17643,#8057);
#7238=LINE('',#17645,#8058);
#7239=LINE('',#17646,#8059);
#7240=LINE('',#17651,#8060);
#7241=LINE('',#17652,#8061);
#7242=LINE('',#17654,#8062);
#7243=LINE('',#17655,#8063);
#7244=LINE('',#17657,#8064);
#7245=LINE('',#17658,#8065);
#7246=LINE('',#17660,#8066);
#7247=LINE('',#17661,#8067);
#7248=LINE('',#17667,#8068);
#7249=LINE('',#17668,#8069);
#7250=LINE('',#17670,#8070);
#7251=LINE('',#17671,#8071);
#7252=LINE('',#17673,#8072);
#7253=LINE('',#17674,#8073);
#7254=LINE('',#17676,#8074);
#7255=LINE('',#17677,#8075);
#7256=LINE('',#17683,#8076);
#7257=LINE('',#17684,#8077);
#7258=LINE('',#17686,#8078);
#7259=LINE('',#17687,#8079);
#7260=LINE('',#17689,#8080);
#7261=LINE('',#17690,#8081);
#7262=LINE('',#17692,#8082);
#7263=LINE('',#17693,#8083);
#7264=LINE('',#17695,#8084);
#7265=LINE('',#17696,#8085);
#7266=LINE('',#17698,#8086);
#7267=LINE('',#17699,#8087);
#7268=LINE('',#17707,#8088);
#7269=LINE('',#17708,#8089);
#7270=LINE('',#17710,#8090);
#7271=LINE('',#17711,#8091);
#7272=LINE('',#17713,#8092);
#7273=LINE('',#17714,#8093);
#7274=LINE('',#17716,#8094);
#7275=LINE('',#17717,#8095);
#7276=LINE('',#17719,#8096);
#7277=LINE('',#17720,#8097);
#7278=LINE('',#17722,#8098);
#7279=LINE('',#17723,#8099);
#7280=LINE('',#17725,#8100);
#7281=LINE('',#17726,#8101);
#7282=LINE('',#17735,#8102);
#7283=LINE('',#17736,#8103);
#7284=LINE('',#17738,#8104);
#7285=LINE('',#17739,#8105);
#7286=LINE('',#17741,#8106);
#7287=LINE('',#17742,#8107);
#7288=LINE('',#17744,#8108);
#7289=LINE('',#17745,#8109);
#7290=LINE('',#17747,#8110);
#7291=LINE('',#17748,#8111);
#7292=LINE('',#17750,#8112);
#7293=LINE('',#17751,#8113);
#7294=LINE('',#17753,#8114);
#7295=LINE('',#17754,#8115);
#7296=LINE('',#17763,#8116);
#7297=LINE('',#17764,#8117);
#7298=LINE('',#17766,#8118);
#7299=LINE('',#17767,#8119);
#7300=LINE('',#17769,#8120);
#7301=LINE('',#17770,#8121);
#7302=LINE('',#17772,#8122);
#7303=LINE('',#17773,#8123);
#7304=LINE('',#17775,#8124);
#7305=LINE('',#17776,#8125);
#7306=LINE('',#17778,#8126);
#7307=LINE('',#17779,#8127);
#7308=LINE('',#17787,#8128);
#7309=LINE('',#17788,#8129);
#7310=LINE('',#17790,#8130);
#7311=LINE('',#17791,#8131);
#7312=LINE('',#17793,#8132);
#7313=LINE('',#17794,#8133);
#7314=LINE('',#17796,#8134);
#7315=LINE('',#17797,#8135);
#7316=LINE('',#17803,#8136);
#7317=LINE('',#17804,#8137);
#7318=LINE('',#17806,#8138);
#7319=LINE('',#17807,#8139);
#7320=LINE('',#17809,#8140);
#7321=LINE('',#17810,#8141);
#7322=LINE('',#17812,#8142);
#7323=LINE('',#17813,#8143);
#7324=LINE('',#17819,#8144);
#7325=LINE('',#17820,#8145);
#7326=LINE('',#17822,#8146);
#7327=LINE('',#17823,#8147);
#7328=LINE('',#17828,#8148);
#7329=LINE('',#17829,#8149);
#7330=LINE('',#17831,#8150);
#7331=LINE('',#17832,#8151);
#7332=LINE('',#17834,#8152);
#7333=LINE('',#17835,#8153);
#7334=LINE('',#17837,#8154);
#7335=LINE('',#17838,#8155);
#7336=LINE('',#17840,#8156);
#7337=LINE('',#17841,#8157);
#7338=LINE('',#17843,#8158);
#7339=LINE('',#17844,#8159);
#7340=LINE('',#17846,#8160);
#7341=LINE('',#17847,#8161);
#7342=LINE('',#17856,#8162);
#7343=LINE('',#17857,#8163);
#7344=LINE('',#17859,#8164);
#7345=LINE('',#17860,#8165);
#7346=LINE('',#17862,#8166);
#7347=LINE('',#17863,#8167);
#7348=LINE('',#17865,#8168);
#7349=LINE('',#17866,#8169);
#7350=LINE('',#17868,#8170);
#7351=LINE('',#17869,#8171);
#7352=LINE('',#17871,#8172);
#7353=LINE('',#17872,#8173);
#7354=LINE('',#17874,#8174);
#7355=LINE('',#17875,#8175);
#7356=LINE('',#17884,#8176);
#7357=LINE('',#17885,#8177);
#7358=LINE('',#17887,#8178);
#7359=LINE('',#17888,#8179);
#7360=LINE('',#17893,#8180);
#7361=LINE('',#17894,#8181);
#7362=LINE('',#17896,#8182);
#7363=LINE('',#17897,#8183);
#7364=LINE('',#17899,#8184);
#7365=LINE('',#17900,#8185);
#7366=LINE('',#17902,#8186);
#7367=LINE('',#17903,#8187);
#7368=LINE('',#17909,#8188);
#7369=LINE('',#17910,#8189);
#7370=LINE('',#17912,#8190);
#7371=LINE('',#17913,#8191);
#7372=VECTOR('',#11626,1.);
#7373=VECTOR('',#11627,1.);
#7374=VECTOR('',#11628,1.);
#7375=VECTOR('',#11629,1.);
#7376=VECTOR('',#11632,1.);
#7377=VECTOR('',#11633,1.);
#7378=VECTOR('',#11634,1.);
#7379=VECTOR('',#11635,1.);
#7380=VECTOR('',#11638,1.);
#7381=VECTOR('',#11639,1.);
#7382=VECTOR('',#11640,1.);
#7383=VECTOR('',#11641,1.);
#7384=VECTOR('',#11644,1.);
#7385=VECTOR('',#11645,1.);
#7386=VECTOR('',#11646,1.);
#7387=VECTOR('',#11647,1.);
#7388=VECTOR('',#11652,1.);
#7389=VECTOR('',#11657,1.);
#7390=VECTOR('',#11660,1.);
#7391=VECTOR('',#11665,1.);
#7392=VECTOR('',#11670,1.);
#7393=VECTOR('',#11673,1.);
#7394=VECTOR('',#11676,1.);
#7395=VECTOR('',#11677,1.);
#7396=VECTOR('',#11678,1.);
#7397=VECTOR('',#11679,1.);
#7398=VECTOR('',#11686,1.);
#7399=VECTOR('',#11689,1.);
#7400=VECTOR('',#11692,1.);
#7401=VECTOR('',#11695,1.);
#7402=VECTOR('',#11698,1.);
#7403=VECTOR('',#11701,1.);
#7404=VECTOR('',#11704,1.);
#7405=VECTOR('',#11715,1.);
#7406=VECTOR('',#11718,1.);
#7407=VECTOR('',#11719,1.);
#7408=VECTOR('',#11722,1.);
#7409=VECTOR('',#11725,1.);
#7410=VECTOR('',#11728,1.);
#7411=VECTOR('',#11731,1.);
#7412=VECTOR('',#11744,1.);
#7413=VECTOR('',#11747,1.);
#7414=VECTOR('',#11750,1.);
#7415=VECTOR('',#11753,1.);
#7416=VECTOR('',#11756,1.);
#7417=VECTOR('',#11759,1.);
#7418=VECTOR('',#11762,1.);
#7419=VECTOR('',#11765,1.);
#7420=VECTOR('',#11768,1.);
#7421=VECTOR('',#11771,1.);
#7422=VECTOR('',#11774,1.);
#7423=VECTOR('',#11777,1.);
#7424=VECTOR('',#11780,1.);
#7425=VECTOR('',#11783,1.);
#7426=VECTOR('',#11786,1.);
#7427=VECTOR('',#11789,1.);
#7428=VECTOR('',#11792,1.);
#7429=VECTOR('',#11793,1.);
#7430=VECTOR('',#11794,1.);
#7431=VECTOR('',#11795,1.);
#7432=VECTOR('',#11802,1.);
#7433=VECTOR('',#11805,1.);
#7434=VECTOR('',#11808,1.);
#7435=VECTOR('',#11811,1.);
#7436=VECTOR('',#11814,1.);
#7437=VECTOR('',#11817,1.);
#7438=VECTOR('',#11820,1.);
#7439=VECTOR('',#11831,1.);
#7440=VECTOR('',#11834,1.);
#7441=VECTOR('',#11835,1.);
#7442=VECTOR('',#11838,1.);
#7443=VECTOR('',#11841,1.);
#7444=VECTOR('',#11844,1.);
#7445=VECTOR('',#11847,1.);
#7446=VECTOR('',#11860,1.);
#7447=VECTOR('',#11863,1.);
#7448=VECTOR('',#11866,1.);
#7449=VECTOR('',#11869,1.);
#7450=VECTOR('',#11872,1.);
#7451=VECTOR('',#11875,1.);
#7452=VECTOR('',#11878,1.);
#7453=VECTOR('',#11881,1.);
#7454=VECTOR('',#11884,1.);
#7455=VECTOR('',#11887,1.);
#7456=VECTOR('',#11890,1.);
#7457=VECTOR('',#11893,1.);
#7458=VECTOR('',#11896,1.);
#7459=VECTOR('',#11899,1.);
#7460=VECTOR('',#11902,1.);
#7461=VECTOR('',#11903,1.);
#7462=VECTOR('',#11904,1.);
#7463=VECTOR('',#11905,1.);
#7464=VECTOR('',#11910,1.);
#7465=VECTOR('',#11913,1.);
#7466=VECTOR('',#11916,1.);
#7467=VECTOR('',#11919,1.);
#7468=VECTOR('',#11922,1.);
#7469=VECTOR('',#11925,1.);
#7470=VECTOR('',#11928,1.);
#7471=VECTOR('',#11931,1.);
#7472=VECTOR('',#11934,1.);
#7473=VECTOR('',#11937,1.);
#7474=VECTOR('',#11942,1.);
#7475=VECTOR('',#11953,1.);
#7476=VECTOR('',#11956,1.);
#7477=VECTOR('',#11959,1.);
#7478=VECTOR('',#11962,1.);
#7479=VECTOR('',#11967,1.);
#7480=VECTOR('',#11970,1.);
#7481=VECTOR('',#11973,1.);
#7482=VECTOR('',#11976,1.);
#7483=VECTOR('',#11979,1.);
#7484=VECTOR('',#11990,1.);
#7485=VECTOR('',#11993,1.);
#7486=VECTOR('',#11996,1.);
#7487=VECTOR('',#11999,1.);
#7488=VECTOR('',#12004,1.);
#7489=VECTOR('',#12021,1.);
#7490=VECTOR('',#12030,1.);
#7491=VECTOR('',#12033,1.);
#7492=VECTOR('',#12042,1.);
#7493=VECTOR('',#12045,1.);
#7494=VECTOR('',#12048,1.);
#7495=VECTOR('',#12051,1.);
#7496=VECTOR('',#12060,1.);
#7497=VECTOR('',#12063,1.);
#7498=VECTOR('',#12066,1.);
#7499=VECTOR('',#12073,1.);
#7500=VECTOR('',#12076,1.);
#7501=VECTOR('',#12079,1.);
#7502=VECTOR('',#12086,1.);
#7503=VECTOR('',#12093,1.);
#7504=VECTOR('',#12096,1.);
#7505=VECTOR('',#12109,1.);
#7506=VECTOR('',#12126,1.);
#7507=VECTOR('',#12129,1.);
#7508=VECTOR('',#12136,1.);
#7509=VECTOR('',#12149,1.);
#7510=VECTOR('',#12152,1.);
#7511=VECTOR('',#12175,1.);
#7512=VECTOR('',#12176,1.);
#7513=VECTOR('',#12177,1.);
#7514=VECTOR('',#12178,1.);
#7515=VECTOR('',#12179,1.);
#7516=VECTOR('',#12182,1.);
#7517=VECTOR('',#12185,1.);
#7518=VECTOR('',#12188,1.);
#7519=VECTOR('',#12191,1.);
#7520=VECTOR('',#12194,1.);
#7521=VECTOR('',#12197,1.);
#7522=VECTOR('',#12200,1.);
#7523=VECTOR('',#12203,1.);
#7524=VECTOR('',#12206,1.);
#7525=VECTOR('',#12209,1.);
#7526=VECTOR('',#12212,1.);
#7527=VECTOR('',#12239,1.);
#7528=VECTOR('',#12242,1.);
#7529=VECTOR('',#12245,1.);
#7530=VECTOR('',#12248,1.);
#7531=VECTOR('',#12255,1.);
#7532=VECTOR('',#12258,1.);
#7533=VECTOR('',#12269,1.);
#7534=VECTOR('',#12276,1.);
#7535=VECTOR('',#12279,1.);
#7536=VECTOR('',#12282,1.);
#7537=VECTOR('',#12285,1.);
#7538=VECTOR('',#12292,1.);
#7539=VECTOR('',#12309,1.);
#7540=VECTOR('',#12312,1.);
#7541=VECTOR('',#12319,1.);
#7542=VECTOR('',#12322,1.);
#7543=VECTOR('',#12325,1.);
#7544=VECTOR('',#12328,1.);
#7545=VECTOR('',#12335,1.);
#7546=VECTOR('',#12336,1.);
#7547=VECTOR('',#12357,1.);
#7548=VECTOR('',#12360,1.);
#7549=VECTOR('',#12369,1.);
#7550=VECTOR('',#12396,1.);
#7551=VECTOR('',#12397,1.);
#7552=VECTOR('',#12398,1.);
#7553=VECTOR('',#12399,1.);
#7554=VECTOR('',#12400,1.);
#7555=VECTOR('',#12403,1.);
#7556=VECTOR('',#12406,1.);
#7557=VECTOR('',#12409,1.);
#7558=VECTOR('',#12412,1.);
#7559=VECTOR('',#12415,1.);
#7560=VECTOR('',#12418,1.);
#7561=VECTOR('',#12421,1.);
#7562=VECTOR('',#12424,1.);
#7563=VECTOR('',#12427,1.);
#7564=VECTOR('',#12430,1.);
#7565=VECTOR('',#12433,1.);
#7566=VECTOR('',#12458,1.);
#7567=VECTOR('',#12465,1.);
#7568=VECTOR('',#12468,1.);
#7569=VECTOR('',#12471,1.);
#7570=VECTOR('',#12474,1.);
#7571=VECTOR('',#12475,1.);
#7572=VECTOR('',#12482,1.);
#7573=VECTOR('',#12489,1.);
#7574=VECTOR('',#12500,1.);
#7575=VECTOR('',#12503,1.);
#7576=VECTOR('',#12510,1.);
#7577=VECTOR('',#12527,1.);
#7578=VECTOR('',#12530,1.);
#7579=VECTOR('',#12533,1.);
#7580=VECTOR('',#12540,1.);
#7581=VECTOR('',#12543,1.);
#7582=VECTOR('',#12546,1.);
#7583=VECTOR('',#12553,1.);
#7584=VECTOR('',#12556,1.);
#7585=VECTOR('',#12559,1.);
#7586=VECTOR('',#12562,1.);
#7587=VECTOR('',#12563,1.);
#7588=VECTOR('',#12576,1.);
#7589=VECTOR('',#12579,1.);
#7590=VECTOR('',#12582,1.);
#7591=VECTOR('',#12585,1.);
#7592=VECTOR('',#12630,1.);
#7593=VECTOR('',#12633,1.);
#7594=VECTOR('',#12638,1.);
#7595=VECTOR('',#12641,1.);
#7596=VECTOR('',#12646,1.);
#7597=VECTOR('',#12649,1.);
#7598=VECTOR('',#12654,1.);
#7599=VECTOR('',#12657,1.);
#7600=VECTOR('',#12662,1.);
#7601=VECTOR('',#12665,1.);
#7602=VECTOR('',#12670,1.);
#7603=VECTOR('',#12673,1.);
#7604=VECTOR('',#12678,1.);
#7605=VECTOR('',#12681,1.);
#7606=VECTOR('',#12686,1.);
#7607=VECTOR('',#12689,1.);
#7608=VECTOR('',#12694,1.);
#7609=VECTOR('',#12697,1.);
#7610=VECTOR('',#12702,1.);
#7611=VECTOR('',#12705,1.);
#7612=VECTOR('',#12710,1.);
#7613=VECTOR('',#12713,1.);
#7614=VECTOR('',#12718,1.);
#7615=VECTOR('',#12721,1.);
#7616=VECTOR('',#12726,1.);
#7617=VECTOR('',#12729,1.);
#7618=VECTOR('',#12734,1.);
#7619=VECTOR('',#12737,1.);
#7620=VECTOR('',#12742,1.);
#7621=VECTOR('',#12745,1.);
#7622=VECTOR('',#12750,1.);
#7623=VECTOR('',#12753,1.);
#7624=VECTOR('',#12758,1.);
#7625=VECTOR('',#12761,1.);
#7626=VECTOR('',#12766,1.);
#7627=VECTOR('',#12769,1.);
#7628=VECTOR('',#12774,1.);
#7629=VECTOR('',#12777,1.);
#7630=VECTOR('',#12782,1.);
#7631=VECTOR('',#12785,1.);
#7632=VECTOR('',#12790,1.);
#7633=VECTOR('',#12793,1.);
#7634=VECTOR('',#12798,1.);
#7635=VECTOR('',#12801,1.);
#7636=VECTOR('',#12806,1.);
#7637=VECTOR('',#12809,1.);
#7638=VECTOR('',#12814,1.);
#7639=VECTOR('',#12817,1.);
#7640=VECTOR('',#12822,1.);
#7641=VECTOR('',#12825,1.);
#7642=VECTOR('',#12830,1.);
#7643=VECTOR('',#12833,1.);
#7644=VECTOR('',#12838,1.);
#7645=VECTOR('',#12841,1.);
#7646=VECTOR('',#12846,1.);
#7647=VECTOR('',#12849,1.);
#7648=VECTOR('',#12854,1.);
#7649=VECTOR('',#12857,1.);
#7650=VECTOR('',#12862,1.);
#7651=VECTOR('',#12865,1.);
#7652=VECTOR('',#12870,1.);
#7653=VECTOR('',#12873,1.);
#7654=VECTOR('',#12878,1.);
#7655=VECTOR('',#12881,1.);
#7656=VECTOR('',#12886,1.);
#7657=VECTOR('',#12889,1.);
#7658=VECTOR('',#12894,1.);
#7659=VECTOR('',#12897,1.);
#7660=VECTOR('',#12902,1.);
#7661=VECTOR('',#12905,1.);
#7662=VECTOR('',#12910,1.);
#7663=VECTOR('',#12913,1.);
#7664=VECTOR('',#12918,1.);
#7665=VECTOR('',#12921,1.);
#7666=VECTOR('',#12926,1.);
#7667=VECTOR('',#12929,1.);
#7668=VECTOR('',#12934,1.);
#7669=VECTOR('',#12937,1.);
#7670=VECTOR('',#12942,1.);
#7671=VECTOR('',#12945,1.);
#7672=VECTOR('',#12954,1.);
#7673=VECTOR('',#12955,1.);
#7674=VECTOR('',#12958,1.);
#7675=VECTOR('',#12959,1.);
#7676=VECTOR('',#13004,1.);
#7677=VECTOR('',#13005,1.);
#7678=VECTOR('',#13008,1.);
#7679=VECTOR('',#13009,1.);
#7680=VECTOR('',#13012,1.);
#7681=VECTOR('',#13013,1.);
#7682=VECTOR('',#13016,1.);
#7683=VECTOR('',#13017,1.);
#7684=VECTOR('',#13020,1.);
#7685=VECTOR('',#13021,1.);
#7686=VECTOR('',#13024,1.);
#7687=VECTOR('',#13025,1.);
#7688=VECTOR('',#13040,1.);
#7689=VECTOR('',#13041,1.);
#7690=VECTOR('',#13044,1.);
#7691=VECTOR('',#13045,1.);
#7692=VECTOR('',#13048,1.);
#7693=VECTOR('',#13049,1.);
#7694=VECTOR('',#13052,1.);
#7695=VECTOR('',#13053,1.);
#7696=VECTOR('',#13056,1.);
#7697=VECTOR('',#13057,1.);
#7698=VECTOR('',#13060,1.);
#7699=VECTOR('',#13061,1.);
#7700=VECTOR('',#13064,1.);
#7701=VECTOR('',#13065,1.);
#7702=VECTOR('',#13068,1.);
#7703=VECTOR('',#13069,1.);
#7704=VECTOR('',#13072,1.);
#7705=VECTOR('',#13073,1.);
#7706=VECTOR('',#13076,1.);
#7707=VECTOR('',#13077,1.);
#7708=VECTOR('',#13080,1.);
#7709=VECTOR('',#13081,1.);
#7710=VECTOR('',#13084,1.);
#7711=VECTOR('',#13085,1.);
#7712=VECTOR('',#13088,1.);
#7713=VECTOR('',#13089,1.);
#7714=VECTOR('',#13092,1.);
#7715=VECTOR('',#13093,1.);
#7716=VECTOR('',#13096,1.);
#7717=VECTOR('',#13097,1.);
#7718=VECTOR('',#13100,1.);
#7719=VECTOR('',#13101,1.);
#7720=VECTOR('',#13104,1.);
#7721=VECTOR('',#13105,1.);
#7722=VECTOR('',#13108,1.);
#7723=VECTOR('',#13109,1.);
#7724=VECTOR('',#13112,1.);
#7725=VECTOR('',#13113,1.);
#7726=VECTOR('',#13116,1.);
#7727=VECTOR('',#13117,1.);
#7728=VECTOR('',#13120,1.);
#7729=VECTOR('',#13121,1.);
#7730=VECTOR('',#13124,1.);
#7731=VECTOR('',#13125,1.);
#7732=VECTOR('',#13130,1.);
#7733=VECTOR('',#13133,1.);
#7734=VECTOR('',#13136,1.);
#7735=VECTOR('',#13139,1.);
#7736=VECTOR('',#13142,1.);
#7737=VECTOR('',#13145,1.);
#7738=VECTOR('',#13146,1.);
#7739=VECTOR('',#13149,1.);
#7740=VECTOR('',#13152,1.);
#7741=VECTOR('',#13155,1.);
#7742=VECTOR('',#13158,1.);
#7743=VECTOR('',#13161,1.);
#7744=VECTOR('',#13164,1.);
#7745=VECTOR('',#13167,1.);
#7746=VECTOR('',#13172,1.);
#7747=VECTOR('',#13175,1.);
#7748=VECTOR('',#13178,1.);
#7749=VECTOR('',#13181,1.);
#7750=VECTOR('',#13188,1.);
#7751=VECTOR('',#13195,1.);
#7752=VECTOR('',#13202,1.);
#7753=VECTOR('',#13209,1.);
#7754=VECTOR('',#13212,1.);
#7755=VECTOR('',#13215,1.);
#7756=VECTOR('',#13218,1.);
#7757=VECTOR('',#13229,1.);
#7758=VECTOR('',#13232,1.);
#7759=VECTOR('',#13241,1.);
#7760=VECTOR('',#13242,1.);
#7761=VECTOR('',#13243,1.);
#7762=VECTOR('',#13244,1.);
#7763=VECTOR('',#13255,1.);
#7764=VECTOR('',#13262,1.);
#7765=VECTOR('',#13273,1.);
#7766=VECTOR('',#13276,1.);
#7767=VECTOR('',#13279,1.);
#7768=VECTOR('',#13282,1.);
#7769=VECTOR('',#13285,1.);
#7770=VECTOR('',#13288,1.);
#7771=VECTOR('',#13291,1.);
#7772=VECTOR('',#13294,1.);
#7773=VECTOR('',#13297,1.);
#7774=VECTOR('',#13302,1.);
#7775=VECTOR('',#13305,1.);
#7776=VECTOR('',#13308,1.);
#7777=VECTOR('',#13311,1.);
#7778=VECTOR('',#13314,1.);
#7779=VECTOR('',#13321,1.);
#7780=VECTOR('',#13328,1.);
#7781=VECTOR('',#13331,1.);
#7782=VECTOR('',#13334,1.);
#7783=VECTOR('',#13341,1.);
#7784=VECTOR('',#13348,1.);
#7785=VECTOR('',#13351,1.);
#7786=VECTOR('',#13354,1.);
#7787=VECTOR('',#13371,1.);
#7788=VECTOR('',#13372,1.);
#7789=VECTOR('',#13373,1.);
#7790=VECTOR('',#13374,1.);
#7791=VECTOR('',#13381,1.);
#7792=VECTOR('',#13392,1.);
#7793=VECTOR('',#13399,1.);
#7794=VECTOR('',#13404,1.);
#7795=VECTOR('',#13407,1.);
#7796=VECTOR('',#13410,1.);
#7797=VECTOR('',#13413,1.);
#7798=VECTOR('',#13416,1.);
#7799=VECTOR('',#13419,1.);
#7800=VECTOR('',#13458,1.);
#7801=VECTOR('',#13475,1.);
#7802=VECTOR('',#13502,1.);
#7803=VECTOR('',#13503,1.);
#7804=VECTOR('',#13504,1.);
#7805=VECTOR('',#13505,1.);
#7806=VECTOR('',#13526,1.);
#7807=VECTOR('',#13535,1.);
#7808=VECTOR('',#13536,1.);
#7809=VECTOR('',#13539,1.);
#7810=VECTOR('',#13546,1.);
#7811=VECTOR('',#13551,1.);
#7812=VECTOR('',#13554,1.);
#7813=VECTOR('',#13559,1.);
#7814=VECTOR('',#13564,1.);
#7815=VECTOR('',#13567,1.);
#7816=VECTOR('',#13570,1.);
#7817=VECTOR('',#13573,1.);
#7818=VECTOR('',#13576,1.);
#7819=VECTOR('',#13579,1.);
#7820=VECTOR('',#13588,1.);
#7821=VECTOR('',#13591,1.);
#7822=VECTOR('',#13594,1.);
#7823=VECTOR('',#13597,1.);
#7824=VECTOR('',#13600,1.);
#7825=VECTOR('',#13607,1.);
#7826=VECTOR('',#13618,1.);
#7827=VECTOR('',#13621,1.);
#7828=VECTOR('',#13624,1.);
#7829=VECTOR('',#13627,1.);
#7830=VECTOR('',#13628,1.);
#7831=VECTOR('',#13631,1.);
#7832=VECTOR('',#13634,1.);
#7833=VECTOR('',#13637,1.);
#7834=VECTOR('',#13640,1.);
#7835=VECTOR('',#13641,1.);
#7836=VECTOR('',#13704,1.);
#7837=VECTOR('',#13705,1.);
#7838=VECTOR('',#13708,1.);
#7839=VECTOR('',#13709,1.);
#7840=VECTOR('',#13712,1.);
#7841=VECTOR('',#13713,1.);
#7842=VECTOR('',#13716,1.);
#7843=VECTOR('',#13717,1.);
#7844=VECTOR('',#13720,1.);
#7845=VECTOR('',#13721,1.);
#7846=VECTOR('',#13724,1.);
#7847=VECTOR('',#13725,1.);
#7848=VECTOR('',#13728,1.);
#7849=VECTOR('',#13729,1.);
#7850=VECTOR('',#13732,1.);
#7851=VECTOR('',#13733,1.);
#7852=VECTOR('',#13736,1.);
#7853=VECTOR('',#13737,1.);
#7854=VECTOR('',#13740,1.);
#7855=VECTOR('',#13741,1.);
#7856=VECTOR('',#13744,1.);
#7857=VECTOR('',#13745,1.);
#7858=VECTOR('',#13748,1.);
#7859=VECTOR('',#13749,1.);
#7860=VECTOR('',#13784,1.);
#7861=VECTOR('',#13785,1.);
#7862=VECTOR('',#13788,1.);
#7863=VECTOR('',#13789,1.);
#7864=VECTOR('',#13792,1.);
#7865=VECTOR('',#13793,1.);
#7866=VECTOR('',#13796,1.);
#7867=VECTOR('',#13797,1.);
#7868=VECTOR('',#13800,1.);
#7869=VECTOR('',#13801,1.);
#7870=VECTOR('',#13814,1.);
#7871=VECTOR('',#13815,1.);
#7872=VECTOR('',#13818,1.);
#7873=VECTOR('',#13819,1.);
#7874=VECTOR('',#13822,1.);
#7875=VECTOR('',#13823,1.);
#7876=VECTOR('',#13826,1.);
#7877=VECTOR('',#13827,1.);
#7878=VECTOR('',#13830,1.);
#7879=VECTOR('',#13831,1.);
#7880=VECTOR('',#13834,1.);
#7881=VECTOR('',#13835,1.);
#7882=VECTOR('',#13850,1.);
#7883=VECTOR('',#13851,1.);
#7884=VECTOR('',#13854,1.);
#7885=VECTOR('',#13855,1.);
#7886=VECTOR('',#13858,1.);
#7887=VECTOR('',#13859,1.);
#7888=VECTOR('',#13862,1.);
#7889=VECTOR('',#13863,1.);
#7890=VECTOR('',#13866,1.);
#7891=VECTOR('',#13867,1.);
#7892=VECTOR('',#13870,1.);
#7893=VECTOR('',#13871,1.);
#7894=VECTOR('',#13874,1.);
#7895=VECTOR('',#13875,1.);
#7896=VECTOR('',#13878,1.);
#7897=VECTOR('',#13879,1.);
#7898=VECTOR('',#13898,1.);
#7899=VECTOR('',#13899,1.);
#7900=VECTOR('',#13902,1.);
#7901=VECTOR('',#13903,1.);
#7902=VECTOR('',#13906,1.);
#7903=VECTOR('',#13907,1.);
#7904=VECTOR('',#13910,1.);
#7905=VECTOR('',#13911,1.);
#7906=VECTOR('',#13914,1.);
#7907=VECTOR('',#13915,1.);
#7908=VECTOR('',#13918,1.);
#7909=VECTOR('',#13919,1.);
#7910=VECTOR('',#13922,1.);
#7911=VECTOR('',#13923,1.);
#7912=VECTOR('',#13926,1.);
#7913=VECTOR('',#13927,1.);
#7914=VECTOR('',#13946,1.);
#7915=VECTOR('',#13947,1.);
#7916=VECTOR('',#13950,1.);
#7917=VECTOR('',#13951,1.);
#7918=VECTOR('',#13954,1.);
#7919=VECTOR('',#13955,1.);
#7920=VECTOR('',#13958,1.);
#7921=VECTOR('',#13959,1.);
#7922=VECTOR('',#13962,1.);
#7923=VECTOR('',#13963,1.);
#7924=VECTOR('',#13966,1.);
#7925=VECTOR('',#13967,1.);
#7926=VECTOR('',#13970,1.);
#7927=VECTOR('',#13971,1.);
#7928=VECTOR('',#13988,1.);
#7929=VECTOR('',#13989,1.);
#7930=VECTOR('',#13992,1.);
#7931=VECTOR('',#13993,1.);
#7932=VECTOR('',#13996,1.);
#7933=VECTOR('',#13997,1.);
#7934=VECTOR('',#14000,1.);
#7935=VECTOR('',#14001,1.);
#7936=VECTOR('',#14004,1.);
#7937=VECTOR('',#14005,1.);
#7938=VECTOR('',#14008,1.);
#7939=VECTOR('',#14009,1.);
#7940=VECTOR('',#14104,1.);
#7941=VECTOR('',#14105,1.);
#7942=VECTOR('',#14108,1.);
#7943=VECTOR('',#14109,1.);
#7944=VECTOR('',#14112,1.);
#7945=VECTOR('',#14113,1.);
#7946=VECTOR('',#14116,1.);
#7947=VECTOR('',#14117,1.);
#7948=VECTOR('',#14120,1.);
#7949=VECTOR('',#14121,1.);
#7950=VECTOR('',#14124,1.);
#7951=VECTOR('',#14125,1.);
#7952=VECTOR('',#14140,1.);
#7953=VECTOR('',#14141,1.);
#7954=VECTOR('',#14144,1.);
#7955=VECTOR('',#14145,1.);
#7956=VECTOR('',#14148,1.);
#7957=VECTOR('',#14149,1.);
#7958=VECTOR('',#14158,1.);
#7959=VECTOR('',#14159,1.);
#7960=VECTOR('',#14162,1.);
#7961=VECTOR('',#14163,1.);
#7962=VECTOR('',#14166,1.);
#7963=VECTOR('',#14167,1.);
#7964=VECTOR('',#14176,1.);
#7965=VECTOR('',#14177,1.);
#7966=VECTOR('',#14180,1.);
#7967=VECTOR('',#14181,1.);
#7968=VECTOR('',#14184,1.);
#7969=VECTOR('',#14185,1.);
#7970=VECTOR('',#14188,1.);
#7971=VECTOR('',#14189,1.);
#7972=VECTOR('',#14192,1.);
#7973=VECTOR('',#14193,1.);
#7974=VECTOR('',#14206,1.);
#7975=VECTOR('',#14207,1.);
#7976=VECTOR('',#14210,1.);
#7977=VECTOR('',#14211,1.);
#7978=VECTOR('',#14214,1.);
#7979=VECTOR('',#14215,1.);
#7980=VECTOR('',#14224,1.);
#7981=VECTOR('',#14225,1.);
#7982=VECTOR('',#14228,1.);
#7983=VECTOR('',#14229,1.);
#7984=VECTOR('',#14232,1.);
#7985=VECTOR('',#14233,1.);
#7986=VECTOR('',#14242,1.);
#7987=VECTOR('',#14243,1.);
#7988=VECTOR('',#14246,1.);
#7989=VECTOR('',#14247,1.);
#7990=VECTOR('',#14250,1.);
#7991=VECTOR('',#14251,1.);
#7992=VECTOR('',#14260,1.);
#7993=VECTOR('',#14261,1.);
#7994=VECTOR('',#14264,1.);
#7995=VECTOR('',#14265,1.);
#7996=VECTOR('',#14268,1.);
#7997=VECTOR('',#14269,1.);
#7998=VECTOR('',#14278,1.);
#7999=VECTOR('',#14279,1.);
#8000=VECTOR('',#14282,1.);
#8001=VECTOR('',#14283,1.);
#8002=VECTOR('',#14286,1.);
#8003=VECTOR('',#14287,1.);
#8004=VECTOR('',#14290,1.);
#8005=VECTOR('',#14291,1.);
#8006=VECTOR('',#14294,1.);
#8007=VECTOR('',#14295,1.);
#8008=VECTOR('',#14308,1.);
#8009=VECTOR('',#14309,1.);
#8010=VECTOR('',#14312,1.);
#8011=VECTOR('',#14313,1.);
#8012=VECTOR('',#14316,1.);
#8013=VECTOR('',#14317,1.);
#8014=VECTOR('',#14320,1.);
#8015=VECTOR('',#14321,1.);
#8016=VECTOR('',#14324,1.);
#8017=VECTOR('',#14325,1.);
#8018=VECTOR('',#14338,1.);
#8019=VECTOR('',#14339,1.);
#8020=VECTOR('',#14342,1.);
#8021=VECTOR('',#14343,1.);
#8022=VECTOR('',#14346,1.);
#8023=VECTOR('',#14347,1.);
#8024=VECTOR('',#14350,1.);
#8025=VECTOR('',#14351,1.);
#8026=VECTOR('',#14362,1.);
#8027=VECTOR('',#14363,1.);
#8028=VECTOR('',#14366,1.);
#8029=VECTOR('',#14367,1.);
#8030=VECTOR('',#14370,1.);
#8031=VECTOR('',#14371,1.);
#8032=VECTOR('',#14374,1.);
#8033=VECTOR('',#14375,1.);
#8034=VECTOR('',#14378,1.);
#8035=VECTOR('',#14379,1.);
#8036=VECTOR('',#14382,1.);
#8037=VECTOR('',#14383,1.);
#8038=VECTOR('',#14398,1.);
#8039=VECTOR('',#14399,1.);
#8040=VECTOR('',#14402,1.);
#8041=VECTOR('',#14403,1.);
#8042=VECTOR('',#14406,1.);
#8043=VECTOR('',#14407,1.);
#8044=VECTOR('',#14410,1.);
#8045=VECTOR('',#14411,1.);
#8046=VECTOR('',#14414,1.);
#8047=VECTOR('',#14415,1.);
#8048=VECTOR('',#14428,1.);
#8049=VECTOR('',#14429,1.);
#8050=VECTOR('',#14432,1.);
#8051=VECTOR('',#14433,1.);
#8052=VECTOR('',#14436,1.);
#8053=VECTOR('',#14437,1.);
#8054=VECTOR('',#14446,1.);
#8055=VECTOR('',#14447,1.);
#8056=VECTOR('',#14450,1.);
#8057=VECTOR('',#14451,1.);
#8058=VECTOR('',#14454,1.);
#8059=VECTOR('',#14455,1.);
#8060=VECTOR('',#14464,1.);
#8061=VECTOR('',#14465,1.);
#8062=VECTOR('',#14468,1.);
#8063=VECTOR('',#14469,1.);
#8064=VECTOR('',#14472,1.);
#8065=VECTOR('',#14473,1.);
#8066=VECTOR('',#14476,1.);
#8067=VECTOR('',#14477,1.);
#8068=VECTOR('',#14488,1.);
#8069=VECTOR('',#14489,1.);
#8070=VECTOR('',#14492,1.);
#8071=VECTOR('',#14493,1.);
#8072=VECTOR('',#14496,1.);
#8073=VECTOR('',#14497,1.);
#8074=VECTOR('',#14500,1.);
#8075=VECTOR('',#14501,1.);
#8076=VECTOR('',#14512,1.);
#8077=VECTOR('',#14513,1.);
#8078=VECTOR('',#14516,1.);
#8079=VECTOR('',#14517,1.);
#8080=VECTOR('',#14520,1.);
#8081=VECTOR('',#14521,1.);
#8082=VECTOR('',#14524,1.);
#8083=VECTOR('',#14525,1.);
#8084=VECTOR('',#14528,1.);
#8085=VECTOR('',#14529,1.);
#8086=VECTOR('',#14532,1.);
#8087=VECTOR('',#14533,1.);
#8088=VECTOR('',#14548,1.);
#8089=VECTOR('',#14549,1.);
#8090=VECTOR('',#14552,1.);
#8091=VECTOR('',#14553,1.);
#8092=VECTOR('',#14556,1.);
#8093=VECTOR('',#14557,1.);
#8094=VECTOR('',#14560,1.);
#8095=VECTOR('',#14561,1.);
#8096=VECTOR('',#14564,1.);
#8097=VECTOR('',#14565,1.);
#8098=VECTOR('',#14568,1.);
#8099=VECTOR('',#14569,1.);
#8100=VECTOR('',#14572,1.);
#8101=VECTOR('',#14573,1.);
#8102=VECTOR('',#14590,1.);
#8103=VECTOR('',#14591,1.);
#8104=VECTOR('',#14594,1.);
#8105=VECTOR('',#14595,1.);
#8106=VECTOR('',#14598,1.);
#8107=VECTOR('',#14599,1.);
#8108=VECTOR('',#14602,1.);
#8109=VECTOR('',#14603,1.);
#8110=VECTOR('',#14606,1.);
#8111=VECTOR('',#14607,1.);
#8112=VECTOR('',#14610,1.);
#8113=VECTOR('',#14611,1.);
#8114=VECTOR('',#14614,1.);
#8115=VECTOR('',#14615,1.);
#8116=VECTOR('',#14632,1.);
#8117=VECTOR('',#14633,1.);
#8118=VECTOR('',#14636,1.);
#8119=VECTOR('',#14637,1.);
#8120=VECTOR('',#14640,1.);
#8121=VECTOR('',#14641,1.);
#8122=VECTOR('',#14644,1.);
#8123=VECTOR('',#14645,1.);
#8124=VECTOR('',#14648,1.);
#8125=VECTOR('',#14649,1.);
#8126=VECTOR('',#14652,1.);
#8127=VECTOR('',#14653,1.);
#8128=VECTOR('',#14668,1.);
#8129=VECTOR('',#14669,1.);
#8130=VECTOR('',#14672,1.);
#8131=VECTOR('',#14673,1.);
#8132=VECTOR('',#14676,1.);
#8133=VECTOR('',#14677,1.);
#8134=VECTOR('',#14680,1.);
#8135=VECTOR('',#14681,1.);
#8136=VECTOR('',#14692,1.);
#8137=VECTOR('',#14693,1.);
#8138=VECTOR('',#14696,1.);
#8139=VECTOR('',#14697,1.);
#8140=VECTOR('',#14700,1.);
#8141=VECTOR('',#14701,1.);
#8142=VECTOR('',#14704,1.);
#8143=VECTOR('',#14705,1.);
#8144=VECTOR('',#14716,1.);
#8145=VECTOR('',#14717,1.);
#8146=VECTOR('',#14720,1.);
#8147=VECTOR('',#14721,1.);
#8148=VECTOR('',#14730,1.);
#8149=VECTOR('',#14731,1.);
#8150=VECTOR('',#14734,1.);
#8151=VECTOR('',#14735,1.);
#8152=VECTOR('',#14738,1.);
#8153=VECTOR('',#14739,1.);
#8154=VECTOR('',#14742,1.);
#8155=VECTOR('',#14743,1.);
#8156=VECTOR('',#14746,1.);
#8157=VECTOR('',#14747,1.);
#8158=VECTOR('',#14750,1.);
#8159=VECTOR('',#14751,1.);
#8160=VECTOR('',#14754,1.);
#8161=VECTOR('',#14755,1.);
#8162=VECTOR('',#14772,1.);
#8163=VECTOR('',#14773,1.);
#8164=VECTOR('',#14776,1.);
#8165=VECTOR('',#14777,1.);
#8166=VECTOR('',#14780,1.);
#8167=VECTOR('',#14781,1.);
#8168=VECTOR('',#14784,1.);
#8169=VECTOR('',#14785,1.);
#8170=VECTOR('',#14788,1.);
#8171=VECTOR('',#14789,1.);
#8172=VECTOR('',#14792,1.);
#8173=VECTOR('',#14793,1.);
#8174=VECTOR('',#14796,1.);
#8175=VECTOR('',#14797,1.);
#8176=VECTOR('',#14814,1.);
#8177=VECTOR('',#14815,1.);
#8178=VECTOR('',#14818,1.);
#8179=VECTOR('',#14819,1.);
#8180=VECTOR('',#14828,1.);
#8181=VECTOR('',#14829,1.);
#8182=VECTOR('',#14832,1.);
#8183=VECTOR('',#14833,1.);
#8184=VECTOR('',#14836,1.);
#8185=VECTOR('',#14837,1.);
#8186=VECTOR('',#14840,1.);
#8187=VECTOR('',#14841,1.);
#8188=VECTOR('',#14852,1.);
#8189=VECTOR('',#14853,1.);
#8190=VECTOR('',#14856,1.);
#8191=VECTOR('',#14857,1.);
#8192=EDGE_LOOP('',(#1044,#1045,#1046,#1047));
#8193=EDGE_LOOP('',(#1048,#1049,#1050,#1051));
#8194=EDGE_LOOP('',(#1052,#1053,#1054,#1055));
#8195=EDGE_LOOP('',(#1056,#1057,#1058,#1059));
#8196=EDGE_LOOP('',(#1060,#1061,#1062,#1063,#1064,#1065,#1066,#1067,#1068,
#1069));
#8197=EDGE_LOOP('',(#1070,#1071,#1072,#1073,#1074,#1075,#1076,#1077,#1078,
#1079));
#8198=EDGE_LOOP('',(#1080,#1081,#1082,#1083));
#8199=EDGE_LOOP('',(#1084));
#8200=EDGE_LOOP('',(#1085));
#8201=EDGE_LOOP('',(#1086,#1087,#1088,#1089,#1090,#1091,#1092,#1093));
#8202=EDGE_LOOP('',(#1094,#1095,#1096,#1097,#1098,#1099,#1100,#1101,#1102,
#1103,#1104,#1105,#1106,#1107));
#8203=EDGE_LOOP('',(#1108,#1109,#1110,#1111,#1112,#1113,#1114,#1115,#1116,
#1117,#1118,#1119,#1120,#1121));
#8204=EDGE_LOOP('',(#1122,#1123,#1124,#1125,#1126,#1127,#1128,#1129));
#8205=EDGE_LOOP('',(#1130,#1131,#1132,#1133,#1134,#1135,#1136,#1137,#1138,
#1139,#1140,#1141));
#8206=EDGE_LOOP('',(#1142,#1143,#1144,#1145,#1146,#1147,#1148,#1149,#1150,
#1151,#1152,#1153));
#8207=EDGE_LOOP('',(#1154,#1155,#1156,#1157));
#8208=EDGE_LOOP('',(#1158));
#8209=EDGE_LOOP('',(#1159));
#8210=EDGE_LOOP('',(#1160,#1161,#1162,#1163,#1164,#1165,#1166,#1167));
#8211=EDGE_LOOP('',(#1168,#1169,#1170,#1171,#1172,#1173,#1174,#1175,#1176,
#1177,#1178,#1179,#1180,#1181));
#8212=EDGE_LOOP('',(#1182,#1183,#1184,#1185,#1186,#1187,#1188,#1189,#1190,
#1191,#1192,#1193,#1194,#1195));
#8213=EDGE_LOOP('',(#1196,#1197,#1198,#1199,#1200,#1201,#1202,#1203));
#8214=EDGE_LOOP('',(#1204,#1205,#1206,#1207,#1208,#1209,#1210,#1211));
#8215=EDGE_LOOP('',(#1212,#1213,#1214,#1215,#1216,#1217,#1218,#1219,#1220,
#1221,#1222,#1223));
#8216=EDGE_LOOP('',(#1224,#1225,#1226,#1227));
#8217=EDGE_LOOP('',(#1228));
#8218=EDGE_LOOP('',(#1229));
#8219=EDGE_LOOP('',(#1230,#1231,#1232,#1233,#1234,#1235,#1236,#1237));
#8220=EDGE_LOOP('',(#1238,#1239,#1240,#1241,#1242,#1243,#1244,#1245,#1246,
#1247,#1248,#1249));
#8221=EDGE_LOOP('',(#1250,#1251,#1252,#1253,#1254,#1255,#1256,#1257,#1258,
#1259,#1260,#1261,#1262,#1263));
#8222=EDGE_LOOP('',(#1264,#1265,#1266,#1267,#1268,#1269,#1270,#1271,#1272,
#1273,#1274,#1275,#1276,#1277));
#8223=EDGE_LOOP('',(#1278,#1279,#1280,#1281,#1282,#1283,#1284,#1285));
#8224=EDGE_LOOP('',(#1286,#1287,#1288,#1289,#1290,#1291));
#8225=EDGE_LOOP('',(#1292,#1293,#1294,#1295,#1296,#1297));
#8226=EDGE_LOOP('',(#1298,#1299,#1300,#1301,#1302,#1303,#1304,#1305,#1306,
#1307));
#8227=EDGE_LOOP('',(#1308,#1309,#1310,#1311,#1312,#1313,#1314,#1315));
#8228=EDGE_LOOP('',(#1316,#1317,#1318,#1319,#1320,#1321,#1322,#1323,#1324,
#1325));
#8229=EDGE_LOOP('',(#1326,#1327,#1328,#1329,#1330,#1331,#1332,#1333,#1334,
#1335));
#8230=EDGE_LOOP('',(#1336,#1337,#1338,#1339,#1340,#1341));
#8231=EDGE_LOOP('',(#1342,#1343,#1344,#1345,#1346,#1347));
#8232=EDGE_LOOP('',(#1348,#1349,#1350,#1351,#1352,#1353));
#8233=EDGE_LOOP('',(#1354,#1355,#1356,#1357,#1358,#1359,#1360,#1361,#1362,
#1363));
#8234=EDGE_LOOP('',(#1364,#1365,#1366,#1367,#1368,#1369));
#8235=EDGE_LOOP('',(#1370,#1371,#1372,#1373,#1374,#1375));
#8236=EDGE_LOOP('',(#1376));
#8237=EDGE_LOOP('',(#1377));
#8238=EDGE_LOOP('',(#1378));
#8239=EDGE_LOOP('',(#1379));
#8240=EDGE_LOOP('',(#1380));
#8241=EDGE_LOOP('',(#1381));
#8242=EDGE_LOOP('',(#1382));
#8243=EDGE_LOOP('',(#1383));
#8244=EDGE_LOOP('',(#1384));
#8245=EDGE_LOOP('',(#1385,#1386,#1387,#1388));
#8246=EDGE_LOOP('',(#1389,#1390,#1391,#1392,#1393,#1394,#1395,#1396,#1397,
#1398,#1399,#1400,#1401,#1402,#1403,#1404,#1405,#1406,#1407,#1408,#1409,
#1410,#1411,#1412));
#8247=EDGE_LOOP('',(#1413));
#8248=EDGE_LOOP('',(#1414));
#8249=EDGE_LOOP('',(#1415));
#8250=EDGE_LOOP('',(#1416));
#8251=EDGE_LOOP('',(#1417));
#8252=EDGE_LOOP('',(#1418));
#8253=EDGE_LOOP('',(#1419));
#8254=EDGE_LOOP('',(#1420));
#8255=EDGE_LOOP('',(#1421));
#8256=EDGE_LOOP('',(#1422));
#8257=EDGE_LOOP('',(#1423));
#8258=EDGE_LOOP('',(#1424,#1425,#1426,#1427,#1428,#1429,#1430,#1431,#1432,
#1433,#1434,#1435));
#8259=EDGE_LOOP('',(#1436,#1437,#1438,#1439,#1440,#1441));
#8260=EDGE_LOOP('',(#1442,#1443,#1444,#1445,#1446,#1447,#1448,#1449,#1450,
#1451,#1452,#1453));
#8261=EDGE_LOOP('',(#1454,#1455,#1456,#1457,#1458,#1459));
#8262=EDGE_LOOP('',(#1460,#1461,#1462,#1463,#1464,#1465,#1466,#1467,#1468,
#1469));
#8263=EDGE_LOOP('',(#1470,#1471,#1472,#1473,#1474,#1475,#1476,#1477,#1478,
#1479,#1480,#1481));
#8264=EDGE_LOOP('',(#1482,#1483,#1484,#1485,#1486,#1487));
#8265=EDGE_LOOP('',(#1488,#1489,#1490,#1491,#1492,#1493,#1494,#1495,#1496,
#1497));
#8266=EDGE_LOOP('',(#1498,#1499,#1500,#1501,#1502,#1503));
#8267=EDGE_LOOP('',(#1504));
#8268=EDGE_LOOP('',(#1505));
#8269=EDGE_LOOP('',(#1506));
#8270=EDGE_LOOP('',(#1507));
#8271=EDGE_LOOP('',(#1508));
#8272=EDGE_LOOP('',(#1509));
#8273=EDGE_LOOP('',(#1510));
#8274=EDGE_LOOP('',(#1511));
#8275=EDGE_LOOP('',(#1512));
#8276=EDGE_LOOP('',(#1513));
#8277=EDGE_LOOP('',(#1514,#1515,#1516,#1517));
#8278=EDGE_LOOP('',(#1518,#1519,#1520,#1521,#1522,#1523,#1524,#1525,#1526,
#1527,#1528,#1529,#1530,#1531,#1532,#1533,#1534,#1535,#1536,#1537,#1538,
#1539,#1540,#1541));
#8279=EDGE_LOOP('',(#1542));
#8280=EDGE_LOOP('',(#1543));
#8281=EDGE_LOOP('',(#1544));
#8282=EDGE_LOOP('',(#1545));
#8283=EDGE_LOOP('',(#1546));
#8284=EDGE_LOOP('',(#1547));
#8285=EDGE_LOOP('',(#1548));
#8286=EDGE_LOOP('',(#1549));
#8287=EDGE_LOOP('',(#1550));
#8288=EDGE_LOOP('',(#1551));
#8289=EDGE_LOOP('',(#1552,#1553,#1554,#1555,#1556,#1557,#1558,#1559,#1560,
#1561,#1562,#1563));
#8290=EDGE_LOOP('',(#1564,#1565,#1566,#1567,#1568,#1569));
#8291=EDGE_LOOP('',(#1570,#1571,#1572,#1573,#1574,#1575));
#8292=EDGE_LOOP('',(#1576,#1577,#1578,#1579,#1580,#1581));
#8293=EDGE_LOOP('',(#1582,#1583,#1584,#1585,#1586,#1587));
#8294=EDGE_LOOP('',(#1588,#1589,#1590,#1591,#1592,#1593,#1594,#1595,#1596,
#1597));
#8295=EDGE_LOOP('',(#1598,#1599,#1600,#1601,#1602,#1603,#1604,#1605,#1606,
#1607));
#8296=EDGE_LOOP('',(#1608,#1609,#1610,#1611,#1612,#1613,#1614,#1615));
#8297=EDGE_LOOP('',(#1616,#1617,#1618,#1619,#1620,#1621));
#8298=EDGE_LOOP('',(#1622,#1623,#1624,#1625,#1626,#1627,#1628,#1629));
#8299=EDGE_LOOP('',(#1630));
#8300=EDGE_LOOP('',(#1631));
#8301=EDGE_LOOP('',(#1632));
#8302=EDGE_LOOP('',(#1633));
#8303=EDGE_LOOP('',(#1634));
#8304=EDGE_LOOP('',(#1635));
#8305=EDGE_LOOP('',(#1636));
#8306=EDGE_LOOP('',(#1637));
#8307=EDGE_LOOP('',(#1638));
#8308=EDGE_LOOP('',(#1639));
#8309=EDGE_LOOP('',(#1640));
#8310=EDGE_LOOP('',(#1641));
#8311=EDGE_LOOP('',(#1642));
#8312=EDGE_LOOP('',(#1643));
#8313=EDGE_LOOP('',(#1644));
#8314=EDGE_LOOP('',(#1645));
#8315=EDGE_LOOP('',(#1646));
#8316=EDGE_LOOP('',(#1647));
#8317=EDGE_LOOP('',(#1648));
#8318=EDGE_LOOP('',(#1649));
#8319=EDGE_LOOP('',(#1650,#1651,#1652,#1653));
#8320=EDGE_LOOP('',(#1654,#1655,#1656,#1657));
#8321=EDGE_LOOP('',(#1658,#1659,#1660,#1661));
#8322=EDGE_LOOP('',(#1662,#1663,#1664,#1665));
#8323=EDGE_LOOP('',(#1666,#1667,#1668,#1669));
#8324=EDGE_LOOP('',(#1670,#1671,#1672,#1673));
#8325=EDGE_LOOP('',(#1674,#1675,#1676,#1677));
#8326=EDGE_LOOP('',(#1678,#1679,#1680,#1681));
#8327=EDGE_LOOP('',(#1682,#1683,#1684,#1685));
#8328=EDGE_LOOP('',(#1686,#1687,#1688,#1689));
#8329=EDGE_LOOP('',(#1690,#1691,#1692,#1693));
#8330=EDGE_LOOP('',(#1694,#1695,#1696,#1697));
#8331=EDGE_LOOP('',(#1698,#1699,#1700,#1701));
#8332=EDGE_LOOP('',(#1702,#1703,#1704,#1705));
#8333=EDGE_LOOP('',(#1706,#1707,#1708,#1709));
#8334=EDGE_LOOP('',(#1710,#1711,#1712,#1713));
#8335=EDGE_LOOP('',(#1714,#1715,#1716,#1717));
#8336=EDGE_LOOP('',(#1718,#1719,#1720,#1721));
#8337=EDGE_LOOP('',(#1722,#1723,#1724,#1725));
#8338=EDGE_LOOP('',(#1726,#1727,#1728,#1729));
#8339=EDGE_LOOP('',(#1730,#1731,#1732,#1733));
#8340=EDGE_LOOP('',(#1734,#1735,#1736,#1737));
#8341=EDGE_LOOP('',(#1738,#1739,#1740,#1741));
#8342=EDGE_LOOP('',(#1742,#1743,#1744,#1745));
#8343=EDGE_LOOP('',(#1746,#1747,#1748,#1749));
#8344=EDGE_LOOP('',(#1750,#1751,#1752,#1753));
#8345=EDGE_LOOP('',(#1754,#1755,#1756,#1757));
#8346=EDGE_LOOP('',(#1758,#1759,#1760,#1761));
#8347=EDGE_LOOP('',(#1762,#1763,#1764,#1765));
#8348=EDGE_LOOP('',(#1766,#1767,#1768,#1769));
#8349=EDGE_LOOP('',(#1770,#1771,#1772,#1773));
#8350=EDGE_LOOP('',(#1774,#1775,#1776,#1777));
#8351=EDGE_LOOP('',(#1778,#1779,#1780,#1781));
#8352=EDGE_LOOP('',(#1782,#1783,#1784,#1785));
#8353=EDGE_LOOP('',(#1786,#1787,#1788,#1789));
#8354=EDGE_LOOP('',(#1790,#1791,#1792,#1793));
#8355=EDGE_LOOP('',(#1794,#1795,#1796,#1797));
#8356=EDGE_LOOP('',(#1798,#1799,#1800,#1801));
#8357=EDGE_LOOP('',(#1802,#1803,#1804,#1805));
#8358=EDGE_LOOP('',(#1806,#1807,#1808,#1809));
#8359=EDGE_LOOP('',(#1810,#1811,#1812,#1813));
#8360=EDGE_LOOP('',(#1814,#1815,#1816,#1817));
#8361=EDGE_LOOP('',(#1818,#1819,#1820,#1821));
#8362=EDGE_LOOP('',(#1822,#1823,#1824,#1825));
#8363=EDGE_LOOP('',(#1826,#1827,#1828,#1829));
#8364=EDGE_LOOP('',(#1830,#1831,#1832,#1833));
#8365=EDGE_LOOP('',(#1834,#1835,#1836,#1837));
#8366=EDGE_LOOP('',(#1838,#1839,#1840,#1841));
#8367=EDGE_LOOP('',(#1842,#1843,#1844,#1845));
#8368=EDGE_LOOP('',(#1846,#1847,#1848,#1849));
#8369=EDGE_LOOP('',(#1850,#1851,#1852,#1853));
#8370=EDGE_LOOP('',(#1854,#1855,#1856,#1857));
#8371=EDGE_LOOP('',(#1858,#1859,#1860,#1861));
#8372=EDGE_LOOP('',(#1862,#1863,#1864,#1865));
#8373=EDGE_LOOP('',(#1866,#1867,#1868,#1869));
#8374=EDGE_LOOP('',(#1870,#1871,#1872,#1873));
#8375=EDGE_LOOP('',(#1874,#1875,#1876,#1877));
#8376=EDGE_LOOP('',(#1878,#1879,#1880,#1881));
#8377=EDGE_LOOP('',(#1882,#1883,#1884,#1885));
#8378=EDGE_LOOP('',(#1886,#1887,#1888,#1889));
#8379=EDGE_LOOP('',(#1890,#1891,#1892,#1893));
#8380=EDGE_LOOP('',(#1894,#1895,#1896,#1897));
#8381=EDGE_LOOP('',(#1898,#1899,#1900,#1901));
#8382=EDGE_LOOP('',(#1902,#1903,#1904,#1905));
#8383=EDGE_LOOP('',(#1906,#1907,#1908,#1909));
#8384=EDGE_LOOP('',(#1910,#1911,#1912,#1913));
#8385=EDGE_LOOP('',(#1914,#1915,#1916,#1917));
#8386=EDGE_LOOP('',(#1918,#1919,#1920,#1921));
#8387=EDGE_LOOP('',(#1922,#1923,#1924,#1925));
#8388=EDGE_LOOP('',(#1926,#1927,#1928,#1929));
#8389=EDGE_LOOP('',(#1930,#1931,#1932,#1933));
#8390=EDGE_LOOP('',(#1934,#1935,#1936,#1937));
#8391=EDGE_LOOP('',(#1938,#1939,#1940,#1941));
#8392=EDGE_LOOP('',(#1942,#1943,#1944,#1945));
#8393=EDGE_LOOP('',(#1946,#1947,#1948,#1949));
#8394=EDGE_LOOP('',(#1950,#1951,#1952,#1953));
#8395=EDGE_LOOP('',(#1954,#1955,#1956,#1957));
#8396=EDGE_LOOP('',(#1958,#1959,#1960,#1961));
#8397=EDGE_LOOP('',(#1962,#1963,#1964,#1965));
#8398=EDGE_LOOP('',(#1966,#1967,#1968,#1969));
#8399=EDGE_LOOP('',(#1970,#1971,#1972,#1973,#1974,#1975,#1976,#1977,#1978,
#1979,#1980,#1981));
#8400=EDGE_LOOP('',(#1982,#1983,#1984,#1985,#1986,#1987,#1988,#1989,#1990,
#1991,#1992,#1993,#1994,#1995,#1996,#1997));
#8401=EDGE_LOOP('',(#1998,#1999,#2000,#2001,#2002,#2003,#2004,#2005,#2006,
#2007,#2008,#2009,#2010,#2011,#2012,#2013));
#8402=EDGE_LOOP('',(#2014,#2015,#2016,#2017,#2018,#2019,#2020,#2021,#2022,
#2023,#2024,#2025));
#8403=EDGE_LOOP('',(#2026,#2027,#2028,#2029,#2030,#2031,#2032,#2033,#2034,
#2035));
#8404=EDGE_LOOP('',(#2036));
#8405=EDGE_LOOP('',(#2037));
#8406=EDGE_LOOP('',(#2038));
#8407=EDGE_LOOP('',(#2039));
#8408=EDGE_LOOP('',(#2040,#2041,#2042,#2043));
#8409=EDGE_LOOP('',(#2044));
#8410=EDGE_LOOP('',(#2045));
#8411=EDGE_LOOP('',(#2046,#2047,#2048,#2049,#2050,#2051,#2052,#2053,#2054,
#2055,#2056,#2057,#2058,#2059));
#8412=EDGE_LOOP('',(#2060,#2061,#2062,#2063,#2064,#2065,#2066,#2067,#2068,
#2069,#2070,#2071,#2072,#2073,#2074,#2075));
#8413=EDGE_LOOP('',(#2076,#2077,#2078,#2079,#2080,#2081,#2082,#2083,#2084,
#2085,#2086,#2087,#2088,#2089,#2090,#2091));
#8414=EDGE_LOOP('',(#2092,#2093,#2094,#2095,#2096,#2097,#2098,#2099,#2100,
#2101,#2102,#2103));
#8415=EDGE_LOOP('',(#2104,#2105,#2106,#2107,#2108,#2109,#2110,#2111,#2112,
#2113));
#8416=EDGE_LOOP('',(#2114));
#8417=EDGE_LOOP('',(#2115));
#8418=EDGE_LOOP('',(#2116));
#8419=EDGE_LOOP('',(#2117));
#8420=EDGE_LOOP('',(#2118,#2119,#2120,#2121));
#8421=EDGE_LOOP('',(#2122));
#8422=EDGE_LOOP('',(#2123));
#8423=EDGE_LOOP('',(#2124,#2125,#2126,#2127,#2128,#2129,#2130,#2131,#2132,
#2133,#2134,#2135,#2136,#2137));
#8424=EDGE_LOOP('',(#2138,#2139,#2140,#2141,#2142,#2143,#2144,#2145,#2146,
#2147,#2148,#2149));
#8425=EDGE_LOOP('',(#2150));
#8426=EDGE_LOOP('',(#2151));
#8427=EDGE_LOOP('',(#2152));
#8428=EDGE_LOOP('',(#2153));
#8429=EDGE_LOOP('',(#2154));
#8430=EDGE_LOOP('',(#2155));
#8431=EDGE_LOOP('',(#2156));
#8432=EDGE_LOOP('',(#2157));
#8433=EDGE_LOOP('',(#2158));
#8434=EDGE_LOOP('',(#2159));
#8435=EDGE_LOOP('',(#2160));
#8436=EDGE_LOOP('',(#2161));
#8437=EDGE_LOOP('',(#2162,#2163,#2164,#2165));
#8438=EDGE_LOOP('',(#2166,#2167,#2168,#2169));
#8439=EDGE_LOOP('',(#2170,#2171,#2172));
#8440=EDGE_LOOP('',(#2173,#2174,#2175,#2176));
#8441=EDGE_LOOP('',(#2177,#2178,#2179));
#8442=EDGE_LOOP('',(#2180,#2181,#2182));
#8443=EDGE_LOOP('',(#2183,#2184,#2185,#2186));
#8444=EDGE_LOOP('',(#2187,#2188,#2189));
#8445=EDGE_LOOP('',(#2190,#2191,#2192,#2193,#2194,#2195,#2196,#2197,#2198,
#2199,#2200,#2201,#2202,#2203));
#8446=EDGE_LOOP('',(#2204,#2205,#2206,#2207,#2208,#2209,#2210,#2211,#2212,
#2213));
#8447=EDGE_LOOP('',(#2214,#2215,#2216,#2217,#2218,#2219,#2220,#2221,#2222,
#2223,#2224,#2225));
#8448=EDGE_LOOP('',(#2226,#2227,#2228,#2229,#2230,#2231,#2232,#2233,#2234,
#2235,#2236,#2237,#2238,#2239,#2240,#2241));
#8449=EDGE_LOOP('',(#2242,#2243,#2244,#2245,#2246,#2247,#2248,#2249,#2250,
#2251,#2252,#2253,#2254,#2255,#2256,#2257));
#8450=EDGE_LOOP('',(#2258,#2259,#2260,#2261,#2262,#2263,#2264,#2265,#2266,
#2267,#2268,#2269));
#8451=EDGE_LOOP('',(#2270));
#8452=EDGE_LOOP('',(#2271));
#8453=EDGE_LOOP('',(#2272));
#8454=EDGE_LOOP('',(#2273));
#8455=EDGE_LOOP('',(#2274));
#8456=EDGE_LOOP('',(#2275));
#8457=EDGE_LOOP('',(#2276,#2277,#2278,#2279));
#8458=EDGE_LOOP('',(#2280,#2281,#2282,#2283));
#8459=EDGE_LOOP('',(#2284,#2285,#2286,#2287));
#8460=EDGE_LOOP('',(#2288,#2289,#2290,#2291));
#8461=EDGE_LOOP('',(#2292,#2293,#2294,#2295));
#8462=EDGE_LOOP('',(#2296,#2297,#2298,#2299,#2300,#2301,#2302,#2303,#2304,
#2305,#2306,#2307));
#8463=EDGE_LOOP('',(#2308,#2309,#2310,#2311,#2312,#2313,#2314,#2315,#2316,
#2317,#2318,#2319,#2320,#2321));
#8464=EDGE_LOOP('',(#2322,#2323,#2324,#2325,#2326,#2327,#2328,#2329,#2330,
#2331));
#8465=EDGE_LOOP('',(#2332,#2333,#2334,#2335,#2336,#2337,#2338,#2339,#2340,
#2341,#2342,#2343));
#8466=EDGE_LOOP('',(#2344,#2345,#2346,#2347,#2348,#2349,#2350,#2351,#2352,
#2353,#2354,#2355,#2356,#2357,#2358,#2359));
#8467=EDGE_LOOP('',(#2360,#2361,#2362,#2363,#2364,#2365,#2366,#2367,#2368,
#2369,#2370,#2371,#2372,#2373,#2374,#2375));
#8468=EDGE_LOOP('',(#2376));
#8469=EDGE_LOOP('',(#2377));
#8470=EDGE_LOOP('',(#2378));
#8471=EDGE_LOOP('',(#2379));
#8472=EDGE_LOOP('',(#2380));
#8473=EDGE_LOOP('',(#2381));
#8474=EDGE_LOOP('',(#2382,#2383,#2384,#2385));
#8475=EDGE_LOOP('',(#2386,#2387,#2388,#2389));
#8476=EDGE_LOOP('',(#2390,#2391,#2392,#2393,#2394,#2395,#2396,#2397,#2398,
#2399));
#8477=EDGE_LOOP('',(#2400,#2401,#2402,#2403,#2404,#2405,#2406,#2407,#2408,
#2409));
#8478=EDGE_LOOP('',(#2410,#2411,#2412,#2413,#2414,#2415,#2416,#2417));
#8479=EDGE_LOOP('',(#2418,#2419,#2420,#2421,#2422,#2423,#2424,#2425,#2426,
#2427,#2428,#2429,#2430,#2431));
#8480=EDGE_LOOP('',(#2432,#2433,#2434,#2435,#2436,#2437,#2438,#2439,#2440,
#2441,#2442,#2443,#2444,#2445));
#8481=EDGE_LOOP('',(#2446,#2447,#2448,#2449,#2450,#2451,#2452,#2453));
#8482=EDGE_LOOP('',(#2454));
#8483=EDGE_LOOP('',(#2455));
#8484=EDGE_LOOP('',(#2456,#2457,#2458,#2459));
#8485=EDGE_LOOP('',(#2460,#2461,#2462,#2463));
#8486=EDGE_LOOP('',(#2464,#2465,#2466,#2467));
#8487=EDGE_LOOP('',(#2468,#2469,#2470,#2471));
#8488=EDGE_LOOP('',(#2472,#2473,#2474,#2475,#2476,#2477,#2478,#2479));
#8489=EDGE_LOOP('',(#2480,#2481,#2482,#2483,#2484,#2485,#2486,#2487));
#8490=EDGE_LOOP('',(#2488,#2489,#2490));
#8491=EDGE_LOOP('',(#2491,#2492,#2493,#2494));
#8492=EDGE_LOOP('',(#2495,#2496,#2497));
#8493=EDGE_LOOP('',(#2498,#2499,#2500,#2501));
#8494=EDGE_LOOP('',(#2502,#2503,#2504));
#8495=EDGE_LOOP('',(#2505,#2506,#2507,#2508));
#8496=EDGE_LOOP('',(#2509,#2510,#2511));
#8497=EDGE_LOOP('',(#2512,#2513,#2514,#2515));
#8498=EDGE_LOOP('',(#2516));
#8499=EDGE_LOOP('',(#2517));
#8500=EDGE_LOOP('',(#2518));
#8501=EDGE_LOOP('',(#2519));
#8502=EDGE_LOOP('',(#2520));
#8503=EDGE_LOOP('',(#2521));
#8504=EDGE_LOOP('',(#2522));
#8505=EDGE_LOOP('',(#2523));
#8506=EDGE_LOOP('',(#2524));
#8507=EDGE_LOOP('',(#2525));
#8508=EDGE_LOOP('',(#2526));
#8509=EDGE_LOOP('',(#2527));
#8510=EDGE_LOOP('',(#2528,#2529,#2530,#2531));
#8511=EDGE_LOOP('',(#2532,#2533,#2534,#2535));
#8512=EDGE_LOOP('',(#2536,#2537,#2538,#2539));
#8513=EDGE_LOOP('',(#2540,#2541,#2542,#2543));
#8514=EDGE_LOOP('',(#2544,#2545,#2546,#2547));
#8515=EDGE_LOOP('',(#2548,#2549,#2550,#2551));
#8516=EDGE_LOOP('',(#2552,#2553,#2554,#2555));
#8517=EDGE_LOOP('',(#2556,#2557,#2558,#2559));
#8518=EDGE_LOOP('',(#2560,#2561,#2562,#2563));
#8519=EDGE_LOOP('',(#2564,#2565,#2566,#2567));
#8520=EDGE_LOOP('',(#2568,#2569,#2570,#2571));
#8521=EDGE_LOOP('',(#2572,#2573,#2574,#2575));
#8522=EDGE_LOOP('',(#2576,#2577,#2578,#2579));
#8523=EDGE_LOOP('',(#2580,#2581,#2582,#2583));
#8524=EDGE_LOOP('',(#2584,#2585,#2586,#2587));
#8525=EDGE_LOOP('',(#2588,#2589,#2590,#2591));
#8526=EDGE_LOOP('',(#2592,#2593,#2594,#2595));
#8527=EDGE_LOOP('',(#2596,#2597,#2598,#2599));
#8528=EDGE_LOOP('',(#2600,#2601,#2602,#2603));
#8529=EDGE_LOOP('',(#2604,#2605,#2606,#2607));
#8530=EDGE_LOOP('',(#2608,#2609,#2610,#2611));
#8531=EDGE_LOOP('',(#2612,#2613,#2614,#2615));
#8532=EDGE_LOOP('',(#2616,#2617,#2618,#2619));
#8533=EDGE_LOOP('',(#2620,#2621,#2622,#2623));
#8534=EDGE_LOOP('',(#2624));
#8535=EDGE_LOOP('',(#2625));
#8536=EDGE_LOOP('',(#2626));
#8537=EDGE_LOOP('',(#2627));
#8538=EDGE_LOOP('',(#2628));
#8539=EDGE_LOOP('',(#2629));
#8540=EDGE_LOOP('',(#2630));
#8541=EDGE_LOOP('',(#2631));
#8542=EDGE_LOOP('',(#2632,#2633,#2634,#2635));
#8543=EDGE_LOOP('',(#2636,#2637,#2638,#2639));
#8544=EDGE_LOOP('',(#2640,#2641,#2642,#2643));
#8545=EDGE_LOOP('',(#2644,#2645,#2646,#2647));
#8546=EDGE_LOOP('',(#2648,#2649,#2650,#2651));
#8547=EDGE_LOOP('',(#2652,#2653,#2654,#2655));
#8548=EDGE_LOOP('',(#2656,#2657,#2658,#2659));
#8549=EDGE_LOOP('',(#2660,#2661,#2662,#2663));
#8550=EDGE_LOOP('',(#2664,#2665,#2666,#2667));
#8551=EDGE_LOOP('',(#2668,#2669,#2670,#2671));
#8552=EDGE_LOOP('',(#2672,#2673,#2674,#2675));
#8553=EDGE_LOOP('',(#2676,#2677,#2678,#2679));
#8554=EDGE_LOOP('',(#2680,#2681,#2682,#2683));
#8555=EDGE_LOOP('',(#2684,#2685,#2686,#2687));
#8556=EDGE_LOOP('',(#2688,#2689,#2690,#2691));
#8557=EDGE_LOOP('',(#2692,#2693,#2694,#2695));
#8558=EDGE_LOOP('',(#2696,#2697,#2698,#2699));
#8559=EDGE_LOOP('',(#2700,#2701,#2702,#2703));
#8560=EDGE_LOOP('',(#2704,#2705,#2706,#2707));
#8561=EDGE_LOOP('',(#2708,#2709,#2710,#2711));
#8562=EDGE_LOOP('',(#2712,#2713,#2714,#2715));
#8563=EDGE_LOOP('',(#2716,#2717,#2718,#2719));
#8564=EDGE_LOOP('',(#2720,#2721,#2722,#2723));
#8565=EDGE_LOOP('',(#2724,#2725,#2726,#2727));
#8566=EDGE_LOOP('',(#2728,#2729,#2730,#2731));
#8567=EDGE_LOOP('',(#2732,#2733,#2734,#2735));
#8568=EDGE_LOOP('',(#2736,#2737,#2738,#2739));
#8569=EDGE_LOOP('',(#2740,#2741,#2742,#2743));
#8570=EDGE_LOOP('',(#2744,#2745,#2746,#2747));
#8571=EDGE_LOOP('',(#2748,#2749,#2750,#2751));
#8572=EDGE_LOOP('',(#2752,#2753,#2754,#2755));
#8573=EDGE_LOOP('',(#2756,#2757,#2758,#2759));
#8574=EDGE_LOOP('',(#2760,#2761,#2762,#2763));
#8575=EDGE_LOOP('',(#2764,#2765,#2766,#2767));
#8576=EDGE_LOOP('',(#2768,#2769,#2770,#2771));
#8577=EDGE_LOOP('',(#2772,#2773,#2774,#2775));
#8578=EDGE_LOOP('',(#2776,#2777,#2778,#2779));
#8579=EDGE_LOOP('',(#2780,#2781,#2782,#2783));
#8580=EDGE_LOOP('',(#2784,#2785,#2786,#2787));
#8581=EDGE_LOOP('',(#2788,#2789,#2790,#2791));
#8582=EDGE_LOOP('',(#2792,#2793,#2794,#2795));
#8583=EDGE_LOOP('',(#2796,#2797,#2798,#2799));
#8584=EDGE_LOOP('',(#2800,#2801,#2802,#2803));
#8585=EDGE_LOOP('',(#2804,#2805,#2806,#2807));
#8586=EDGE_LOOP('',(#2808,#2809,#2810,#2811));
#8587=EDGE_LOOP('',(#2812,#2813,#2814,#2815));
#8588=EDGE_LOOP('',(#2816,#2817,#2818,#2819));
#8589=EDGE_LOOP('',(#2820,#2821,#2822,#2823));
#8590=EDGE_LOOP('',(#2824,#2825,#2826,#2827));
#8591=EDGE_LOOP('',(#2828,#2829,#2830,#2831));
#8592=EDGE_LOOP('',(#2832,#2833,#2834,#2835));
#8593=EDGE_LOOP('',(#2836,#2837,#2838,#2839));
#8594=EDGE_LOOP('',(#2840,#2841,#2842,#2843));
#8595=EDGE_LOOP('',(#2844,#2845,#2846,#2847));
#8596=EDGE_LOOP('',(#2848,#2849,#2850,#2851));
#8597=EDGE_LOOP('',(#2852,#2853,#2854,#2855));
#8598=EDGE_LOOP('',(#2856,#2857,#2858,#2859));
#8599=EDGE_LOOP('',(#2860,#2861,#2862,#2863));
#8600=EDGE_LOOP('',(#2864,#2865,#2866,#2867));
#8601=EDGE_LOOP('',(#2868,#2869,#2870,#2871));
#8602=EDGE_LOOP('',(#2872,#2873,#2874,#2875));
#8603=EDGE_LOOP('',(#2876,#2877,#2878,#2879));
#8604=EDGE_LOOP('',(#2880,#2881,#2882,#2883));
#8605=EDGE_LOOP('',(#2884,#2885,#2886,#2887));
#8606=EDGE_LOOP('',(#2888,#2889,#2890,#2891));
#8607=EDGE_LOOP('',(#2892,#2893,#2894,#2895));
#8608=EDGE_LOOP('',(#2896,#2897,#2898,#2899));
#8609=EDGE_LOOP('',(#2900,#2901,#2902,#2903));
#8610=EDGE_LOOP('',(#2904,#2905,#2906,#2907));
#8611=EDGE_LOOP('',(#2908,#2909,#2910,#2911));
#8612=EDGE_LOOP('',(#2912,#2913,#2914,#2915));
#8613=EDGE_LOOP('',(#2916,#2917,#2918,#2919));
#8614=EDGE_LOOP('',(#2920,#2921,#2922,#2923));
#8615=EDGE_LOOP('',(#2924,#2925,#2926,#2927));
#8616=EDGE_LOOP('',(#2928,#2929,#2930,#2931));
#8617=EDGE_LOOP('',(#2932,#2933,#2934,#2935));
#8618=EDGE_LOOP('',(#2936,#2937,#2938,#2939));
#8619=EDGE_LOOP('',(#2940,#2941,#2942,#2943));
#8620=EDGE_LOOP('',(#2944,#2945,#2946,#2947));
#8621=EDGE_LOOP('',(#2948,#2949,#2950,#2951));
#8622=EDGE_LOOP('',(#2952));
#8623=EDGE_LOOP('',(#2953));
#8624=EDGE_LOOP('',(#2954));
#8625=EDGE_LOOP('',(#2955));
#8626=EDGE_LOOP('',(#2956));
#8627=EDGE_LOOP('',(#2957));
#8628=EDGE_LOOP('',(#2958));
#8629=EDGE_LOOP('',(#2959));
#8630=EDGE_LOOP('',(#2960));
#8631=EDGE_LOOP('',(#2961));
#8632=EDGE_LOOP('',(#2962));
#8633=EDGE_LOOP('',(#2963));
#8634=EDGE_LOOP('',(#2964));
#8635=EDGE_LOOP('',(#2965));
#8636=EDGE_LOOP('',(#2966));
#8637=EDGE_LOOP('',(#2967));
#8638=EDGE_LOOP('',(#2968));
#8639=EDGE_LOOP('',(#2969));
#8640=EDGE_LOOP('',(#2970));
#8641=EDGE_LOOP('',(#2971));
#8642=EDGE_LOOP('',(#2972));
#8643=EDGE_LOOP('',(#2973));
#8644=EDGE_LOOP('',(#2974));
#8645=EDGE_LOOP('',(#2975));
#8646=EDGE_LOOP('',(#2976));
#8647=EDGE_LOOP('',(#2977));
#8648=EDGE_LOOP('',(#2978));
#8649=EDGE_LOOP('',(#2979));
#8650=EDGE_LOOP('',(#2980));
#8651=EDGE_LOOP('',(#2981));
#8652=EDGE_LOOP('',(#2982));
#8653=EDGE_LOOP('',(#2983));
#8654=EDGE_LOOP('',(#2984));
#8655=EDGE_LOOP('',(#2985));
#8656=EDGE_LOOP('',(#2986));
#8657=EDGE_LOOP('',(#2987));
#8658=EDGE_LOOP('',(#2988));
#8659=EDGE_LOOP('',(#2989));
#8660=EDGE_LOOP('',(#2990));
#8661=EDGE_LOOP('',(#2991));
#8662=EDGE_LOOP('',(#2992));
#8663=EDGE_LOOP('',(#2993));
#8664=EDGE_LOOP('',(#2994));
#8665=EDGE_LOOP('',(#2995));
#8666=EDGE_LOOP('',(#2996));
#8667=EDGE_LOOP('',(#2997));
#8668=EDGE_LOOP('',(#2998));
#8669=EDGE_LOOP('',(#2999));
#8670=EDGE_LOOP('',(#3000));
#8671=EDGE_LOOP('',(#3001));
#8672=EDGE_LOOP('',(#3002));
#8673=EDGE_LOOP('',(#3003));
#8674=EDGE_LOOP('',(#3004));
#8675=EDGE_LOOP('',(#3005));
#8676=EDGE_LOOP('',(#3006));
#8677=EDGE_LOOP('',(#3007));
#8678=EDGE_LOOP('',(#3008));
#8679=EDGE_LOOP('',(#3009));
#8680=EDGE_LOOP('',(#3010));
#8681=EDGE_LOOP('',(#3011));
#8682=EDGE_LOOP('',(#3012,#3013,#3014,#3015));
#8683=EDGE_LOOP('',(#3016,#3017,#3018,#3019));
#8684=EDGE_LOOP('',(#3020,#3021,#3022,#3023));
#8685=EDGE_LOOP('',(#3024,#3025,#3026,#3027));
#8686=EDGE_LOOP('',(#3028,#3029,#3030,#3031));
#8687=EDGE_LOOP('',(#3032,#3033,#3034,#3035));
#8688=EDGE_LOOP('',(#3036,#3037,#3038,#3039));
#8689=EDGE_LOOP('',(#3040,#3041,#3042,#3043));
#8690=EDGE_LOOP('',(#3044,#3045,#3046,#3047));
#8691=EDGE_LOOP('',(#3048,#3049,#3050,#3051));
#8692=EDGE_LOOP('',(#3052,#3053,#3054,#3055));
#8693=EDGE_LOOP('',(#3056,#3057,#3058,#3059));
#8694=EDGE_LOOP('',(#3060,#3061,#3062,#3063));
#8695=EDGE_LOOP('',(#3064,#3065,#3066,#3067));
#8696=EDGE_LOOP('',(#3068,#3069,#3070,#3071));
#8697=EDGE_LOOP('',(#3072,#3073,#3074,#3075));
#8698=EDGE_LOOP('',(#3076,#3077,#3078,#3079));
#8699=EDGE_LOOP('',(#3080,#3081,#3082,#3083));
#8700=EDGE_LOOP('',(#3084,#3085,#3086,#3087));
#8701=EDGE_LOOP('',(#3088,#3089,#3090,#3091));
#8702=EDGE_LOOP('',(#3092,#3093,#3094,#3095));
#8703=EDGE_LOOP('',(#3096,#3097,#3098,#3099));
#8704=EDGE_LOOP('',(#3100,#3101,#3102,#3103));
#8705=EDGE_LOOP('',(#3104,#3105,#3106,#3107));
#8706=EDGE_LOOP('',(#3108,#3109,#3110,#3111));
#8707=EDGE_LOOP('',(#3112,#3113,#3114,#3115));
#8708=EDGE_LOOP('',(#3116,#3117,#3118,#3119));
#8709=EDGE_LOOP('',(#3120,#3121,#3122,#3123));
#8710=EDGE_LOOP('',(#3124,#3125,#3126,#3127));
#8711=EDGE_LOOP('',(#3128,#3129,#3130,#3131));
#8712=EDGE_LOOP('',(#3132,#3133,#3134,#3135));
#8713=EDGE_LOOP('',(#3136,#3137,#3138,#3139));
#8714=EDGE_LOOP('',(#3140,#3141,#3142,#3143));
#8715=EDGE_LOOP('',(#3144,#3145,#3146,#3147));
#8716=EDGE_LOOP('',(#3148,#3149,#3150,#3151));
#8717=EDGE_LOOP('',(#3152,#3153,#3154,#3155));
#8718=EDGE_LOOP('',(#3156,#3157,#3158,#3159));
#8719=EDGE_LOOP('',(#3160,#3161,#3162,#3163));
#8720=EDGE_LOOP('',(#3164,#3165,#3166,#3167));
#8721=EDGE_LOOP('',(#3168,#3169,#3170,#3171));
#8722=EDGE_LOOP('',(#3172,#3173,#3174,#3175));
#8723=EDGE_LOOP('',(#3176,#3177,#3178,#3179));
#8724=EDGE_LOOP('',(#3180,#3181,#3182,#3183));
#8725=EDGE_LOOP('',(#3184,#3185,#3186,#3187));
#8726=EDGE_LOOP('',(#3188,#3189,#3190,#3191));
#8727=EDGE_LOOP('',(#3192,#3193,#3194,#3195));
#8728=EDGE_LOOP('',(#3196,#3197,#3198,#3199));
#8729=EDGE_LOOP('',(#3200,#3201,#3202,#3203));
#8730=EDGE_LOOP('',(#3204,#3205,#3206,#3207));
#8731=EDGE_LOOP('',(#3208,#3209,#3210,#3211));
#8732=EDGE_LOOP('',(#3212,#3213,#3214,#3215));
#8733=EDGE_LOOP('',(#3216,#3217,#3218,#3219));
#8734=EDGE_LOOP('',(#3220,#3221,#3222,#3223));
#8735=EDGE_LOOP('',(#3224,#3225,#3226,#3227));
#8736=EDGE_LOOP('',(#3228,#3229,#3230,#3231));
#8737=EDGE_LOOP('',(#3232,#3233,#3234,#3235));
#8738=EDGE_LOOP('',(#3236,#3237,#3238,#3239));
#8739=EDGE_LOOP('',(#3240,#3241,#3242,#3243));
#8740=EDGE_LOOP('',(#3244,#3245,#3246,#3247));
#8741=EDGE_LOOP('',(#3248,#3249,#3250,#3251));
#8742=EDGE_LOOP('',(#3252,#3253,#3254,#3255));
#8743=EDGE_LOOP('',(#3256,#3257,#3258,#3259));
#8744=EDGE_LOOP('',(#3260,#3261,#3262,#3263));
#8745=EDGE_LOOP('',(#3264,#3265,#3266,#3267));
#8746=EDGE_LOOP('',(#3268,#3269,#3270,#3271));
#8747=EDGE_LOOP('',(#3272,#3273,#3274,#3275));
#8748=EDGE_LOOP('',(#3276,#3277,#3278,#3279));
#8749=EDGE_LOOP('',(#3280,#3281,#3282,#3283));
#8750=EDGE_LOOP('',(#3284,#3285,#3286,#3287));
#8751=EDGE_LOOP('',(#3288,#3289,#3290,#3291));
#8752=EDGE_LOOP('',(#3292,#3293,#3294,#3295));
#8753=EDGE_LOOP('',(#3296,#3297,#3298,#3299));
#8754=EDGE_LOOP('',(#3300,#3301,#3302,#3303));
#8755=EDGE_LOOP('',(#3304,#3305,#3306,#3307));
#8756=EDGE_LOOP('',(#3308,#3309,#3310,#3311));
#8757=EDGE_LOOP('',(#3312,#3313,#3314,#3315));
#8758=EDGE_LOOP('',(#3316,#3317,#3318,#3319));
#8759=EDGE_LOOP('',(#3320,#3321,#3322,#3323));
#8760=EDGE_LOOP('',(#3324,#3325,#3326,#3327));
#8761=EDGE_LOOP('',(#3328,#3329,#3330,#3331));
#8762=EDGE_LOOP('',(#3332,#3333,#3334,#3335));
#8763=EDGE_LOOP('',(#3336,#3337,#3338,#3339));
#8764=EDGE_LOOP('',(#3340,#3341,#3342,#3343));
#8765=EDGE_LOOP('',(#3344,#3345,#3346,#3347));
#8766=EDGE_LOOP('',(#3348,#3349,#3350,#3351));
#8767=EDGE_LOOP('',(#3352,#3353,#3354,#3355));
#8768=EDGE_LOOP('',(#3356,#3357,#3358,#3359));
#8769=EDGE_LOOP('',(#3360,#3361,#3362,#3363));
#8770=EDGE_LOOP('',(#3364,#3365,#3366,#3367));
#8771=EDGE_LOOP('',(#3368,#3369,#3370,#3371));
#8772=EDGE_LOOP('',(#3372,#3373,#3374,#3375));
#8773=EDGE_LOOP('',(#3376,#3377,#3378,#3379));
#8774=EDGE_LOOP('',(#3380,#3381,#3382,#3383));
#8775=EDGE_LOOP('',(#3384,#3385,#3386,#3387));
#8776=EDGE_LOOP('',(#3388,#3389,#3390,#3391));
#8777=EDGE_LOOP('',(#3392,#3393,#3394,#3395));
#8778=EDGE_LOOP('',(#3396,#3397,#3398,#3399));
#8779=EDGE_LOOP('',(#3400,#3401,#3402,#3403));
#8780=EDGE_LOOP('',(#3404,#3405,#3406,#3407));
#8781=EDGE_LOOP('',(#3408,#3409,#3410,#3411));
#8782=EDGE_LOOP('',(#3412,#3413,#3414,#3415));
#8783=EDGE_LOOP('',(#3416,#3417,#3418,#3419));
#8784=EDGE_LOOP('',(#3420,#3421,#3422,#3423));
#8785=EDGE_LOOP('',(#3424,#3425,#3426,#3427));
#8786=EDGE_LOOP('',(#3428,#3429,#3430,#3431));
#8787=EDGE_LOOP('',(#3432,#3433,#3434,#3435));
#8788=EDGE_LOOP('',(#3436,#3437,#3438,#3439));
#8789=EDGE_LOOP('',(#3440,#3441,#3442,#3443));
#8790=EDGE_LOOP('',(#3444,#3445,#3446,#3447));
#8791=EDGE_LOOP('',(#3448,#3449,#3450,#3451));
#8792=EDGE_LOOP('',(#3452,#3453,#3454,#3455));
#8793=EDGE_LOOP('',(#3456,#3457,#3458,#3459));
#8794=EDGE_LOOP('',(#3460,#3461,#3462,#3463));
#8795=EDGE_LOOP('',(#3464,#3465,#3466,#3467));
#8796=EDGE_LOOP('',(#3468,#3469,#3470,#3471));
#8797=EDGE_LOOP('',(#3472,#3473,#3474,#3475));
#8798=EDGE_LOOP('',(#3476,#3477,#3478,#3479));
#8799=EDGE_LOOP('',(#3480,#3481,#3482,#3483));
#8800=EDGE_LOOP('',(#3484,#3485,#3486,#3487));
#8801=EDGE_LOOP('',(#3488,#3489,#3490,#3491));
#8802=EDGE_LOOP('',(#3492,#3493,#3494,#3495));
#8803=EDGE_LOOP('',(#3496,#3497,#3498,#3499));
#8804=EDGE_LOOP('',(#3500,#3501,#3502,#3503));
#8805=EDGE_LOOP('',(#3504,#3505,#3506,#3507));
#8806=EDGE_LOOP('',(#3508,#3509,#3510,#3511));
#8807=EDGE_LOOP('',(#3512,#3513,#3514,#3515));
#8808=EDGE_LOOP('',(#3516,#3517,#3518,#3519));
#8809=EDGE_LOOP('',(#3520,#3521,#3522,#3523));
#8810=EDGE_LOOP('',(#3524,#3525,#3526,#3527));
#8811=EDGE_LOOP('',(#3528,#3529,#3530,#3531));
#8812=EDGE_LOOP('',(#3532,#3533,#3534,#3535));
#8813=EDGE_LOOP('',(#3536,#3537,#3538,#3539));
#8814=EDGE_LOOP('',(#3540,#3541,#3542,#3543));
#8815=EDGE_LOOP('',(#3544,#3545,#3546,#3547));
#8816=EDGE_LOOP('',(#3548,#3549,#3550,#3551));
#8817=EDGE_LOOP('',(#3552,#3553,#3554,#3555));
#8818=EDGE_LOOP('',(#3556,#3557,#3558,#3559));
#8819=EDGE_LOOP('',(#3560,#3561,#3562,#3563));
#8820=EDGE_LOOP('',(#3564,#3565,#3566,#3567));
#8821=EDGE_LOOP('',(#3568,#3569,#3570,#3571));
#8822=EDGE_LOOP('',(#3572,#3573,#3574,#3575));
#8823=EDGE_LOOP('',(#3576,#3577,#3578,#3579));
#8824=EDGE_LOOP('',(#3580,#3581,#3582,#3583));
#8825=EDGE_LOOP('',(#3584,#3585,#3586,#3587));
#8826=EDGE_LOOP('',(#3588,#3589,#3590,#3591));
#8827=EDGE_LOOP('',(#3592,#3593,#3594,#3595));
#8828=EDGE_LOOP('',(#3596,#3597,#3598,#3599));
#8829=EDGE_LOOP('',(#3600,#3601,#3602,#3603));
#8830=EDGE_LOOP('',(#3604,#3605,#3606,#3607));
#8831=EDGE_LOOP('',(#3608,#3609,#3610,#3611));
#8832=EDGE_LOOP('',(#3612,#3613,#3614,#3615));
#8833=EDGE_LOOP('',(#3616,#3617,#3618,#3619));
#8834=EDGE_LOOP('',(#3620,#3621,#3622,#3623));
#8835=EDGE_LOOP('',(#3624,#3625,#3626,#3627));
#8836=EDGE_LOOP('',(#3628,#3629,#3630,#3631));
#8837=EDGE_LOOP('',(#3632,#3633,#3634,#3635));
#8838=EDGE_LOOP('',(#3636,#3637,#3638,#3639));
#8839=EDGE_LOOP('',(#3640,#3641,#3642,#3643));
#8840=EDGE_LOOP('',(#3644,#3645,#3646,#3647));
#8841=EDGE_LOOP('',(#3648,#3649,#3650,#3651));
#8842=EDGE_LOOP('',(#3652,#3653,#3654,#3655));
#8843=EDGE_LOOP('',(#3656,#3657,#3658,#3659));
#8844=EDGE_LOOP('',(#3660,#3661,#3662,#3663));
#8845=EDGE_LOOP('',(#3664,#3665,#3666,#3667));
#8846=EDGE_LOOP('',(#3668,#3669,#3670,#3671));
#8847=EDGE_LOOP('',(#3672,#3673,#3674,#3675));
#8848=EDGE_LOOP('',(#3676,#3677,#3678,#3679));
#8849=EDGE_LOOP('',(#3680,#3681,#3682,#3683));
#8850=EDGE_LOOP('',(#3684,#3685,#3686,#3687));
#8851=EDGE_LOOP('',(#3688,#3689,#3690,#3691));
#8852=EDGE_LOOP('',(#3692,#3693,#3694,#3695));
#8853=EDGE_LOOP('',(#3696,#3697,#3698,#3699));
#8854=EDGE_LOOP('',(#3700,#3701,#3702,#3703));
#8855=EDGE_LOOP('',(#3704,#3705,#3706,#3707));
#8856=EDGE_LOOP('',(#3708,#3709,#3710,#3711));
#8857=EDGE_LOOP('',(#3712,#3713,#3714,#3715));
#8858=EDGE_LOOP('',(#3716,#3717,#3718,#3719));
#8859=EDGE_LOOP('',(#3720,#3721,#3722,#3723));
#8860=EDGE_LOOP('',(#3724,#3725,#3726,#3727));
#8861=EDGE_LOOP('',(#3728,#3729,#3730,#3731));
#8862=EDGE_LOOP('',(#3732,#3733,#3734,#3735));
#8863=EDGE_LOOP('',(#3736,#3737,#3738,#3739));
#8864=EDGE_LOOP('',(#3740,#3741,#3742,#3743));
#8865=EDGE_LOOP('',(#3744,#3745,#3746,#3747));
#8866=EDGE_LOOP('',(#3748,#3749,#3750,#3751));
#8867=EDGE_LOOP('',(#3752,#3753,#3754,#3755));
#8868=EDGE_LOOP('',(#3756,#3757,#3758,#3759));
#8869=EDGE_LOOP('',(#3760,#3761,#3762,#3763));
#8870=EDGE_LOOP('',(#3764,#3765,#3766,#3767));
#8871=EDGE_LOOP('',(#3768,#3769,#3770,#3771));
#8872=EDGE_LOOP('',(#3772,#3773,#3774,#3775));
#8873=EDGE_LOOP('',(#3776,#3777,#3778,#3779));
#8874=EDGE_LOOP('',(#3780,#3781,#3782,#3783));
#8875=EDGE_LOOP('',(#3784,#3785,#3786,#3787));
#8876=EDGE_LOOP('',(#3788,#3789,#3790,#3791));
#8877=EDGE_LOOP('',(#3792,#3793,#3794,#3795));
#8878=EDGE_LOOP('',(#3796,#3797,#3798,#3799));
#8879=EDGE_LOOP('',(#3800,#3801,#3802,#3803));
#8880=EDGE_LOOP('',(#3804,#3805,#3806,#3807));
#8881=EDGE_LOOP('',(#3808,#3809,#3810,#3811));
#8882=EDGE_LOOP('',(#3812,#3813,#3814,#3815));
#8883=EDGE_LOOP('',(#3816,#3817,#3818,#3819));
#8884=EDGE_LOOP('',(#3820,#3821,#3822,#3823));
#8885=EDGE_LOOP('',(#3824,#3825,#3826,#3827));
#8886=EDGE_LOOP('',(#3828,#3829,#3830,#3831));
#8887=EDGE_LOOP('',(#3832,#3833,#3834,#3835));
#8888=EDGE_LOOP('',(#3836,#3837,#3838,#3839));
#8889=EDGE_LOOP('',(#3840,#3841,#3842,#3843));
#8890=EDGE_LOOP('',(#3844,#3845,#3846,#3847));
#8891=EDGE_LOOP('',(#3848,#3849,#3850,#3851));
#8892=EDGE_LOOP('',(#3852,#3853,#3854,#3855));
#8893=EDGE_LOOP('',(#3856,#3857,#3858,#3859));
#8894=EDGE_LOOP('',(#3860,#3861,#3862,#3863));
#8895=EDGE_LOOP('',(#3864,#3865,#3866,#3867));
#8896=EDGE_LOOP('',(#3868,#3869,#3870,#3871));
#8897=EDGE_LOOP('',(#3872,#3873,#3874,#3875));
#8898=EDGE_LOOP('',(#3876,#3877,#3878,#3879));
#8899=EDGE_LOOP('',(#3880,#3881,#3882,#3883));
#8900=EDGE_LOOP('',(#3884,#3885,#3886,#3887));
#8901=EDGE_LOOP('',(#3888,#3889,#3890,#3891));
#8902=EDGE_LOOP('',(#3892,#3893,#3894,#3895));
#8903=EDGE_LOOP('',(#3896,#3897,#3898,#3899));
#8904=EDGE_LOOP('',(#3900,#3901,#3902,#3903));
#8905=EDGE_LOOP('',(#3904,#3905,#3906,#3907));
#8906=EDGE_LOOP('',(#3908,#3909,#3910,#3911));
#8907=EDGE_LOOP('',(#3912,#3913,#3914,#3915));
#8908=EDGE_LOOP('',(#3916,#3917,#3918,#3919));
#8909=EDGE_LOOP('',(#3920,#3921,#3922,#3923));
#8910=EDGE_LOOP('',(#3924,#3925,#3926,#3927));
#8911=EDGE_LOOP('',(#3928,#3929,#3930,#3931));
#8912=EDGE_LOOP('',(#3932,#3933,#3934,#3935));
#8913=EDGE_LOOP('',(#3936,#3937,#3938,#3939));
#8914=EDGE_LOOP('',(#3940,#3941,#3942,#3943));
#8915=EDGE_LOOP('',(#3944,#3945,#3946,#3947));
#8916=EDGE_LOOP('',(#3948,#3949,#3950,#3951));
#8917=EDGE_LOOP('',(#3952,#3953,#3954,#3955));
#8918=EDGE_LOOP('',(#3956,#3957,#3958,#3959));
#8919=EDGE_LOOP('',(#3960,#3961,#3962,#3963));
#8920=EDGE_LOOP('',(#3964,#3965,#3966,#3967));
#8921=EDGE_LOOP('',(#3968,#3969,#3970,#3971));
#8922=EDGE_LOOP('',(#3972,#3973,#3974,#3975));
#8923=EDGE_LOOP('',(#3976,#3977,#3978,#3979));
#8924=EDGE_LOOP('',(#3980,#3981,#3982,#3983));
#8925=EDGE_LOOP('',(#3984,#3985,#3986,#3987));
#8926=EDGE_LOOP('',(#3988,#3989,#3990,#3991));
#8927=EDGE_LOOP('',(#3992,#3993,#3994,#3995));
#8928=EDGE_LOOP('',(#3996,#3997,#3998,#3999));
#8929=EDGE_LOOP('',(#4000,#4001,#4002,#4003));
#8930=EDGE_LOOP('',(#4004,#4005,#4006,#4007));
#8931=EDGE_LOOP('',(#4008,#4009,#4010,#4011));
#8932=EDGE_LOOP('',(#4012,#4013,#4014,#4015));
#8933=EDGE_LOOP('',(#4016,#4017,#4018,#4019));
#8934=EDGE_LOOP('',(#4020,#4021,#4022,#4023));
#8935=EDGE_LOOP('',(#4024,#4025,#4026,#4027));
#8936=EDGE_LOOP('',(#4028,#4029,#4030,#4031));
#8937=EDGE_LOOP('',(#4032,#4033,#4034,#4035));
#8938=FACE_BOUND('',#8192,.T.);
#8939=FACE_BOUND('',#8193,.T.);
#8940=FACE_BOUND('',#8194,.T.);
#8941=FACE_BOUND('',#8195,.T.);
#8942=FACE_BOUND('',#8196,.T.);
#8943=FACE_BOUND('',#8197,.T.);
#8944=FACE_BOUND('',#8198,.T.);
#8945=FACE_BOUND('',#8199,.T.);
#8946=FACE_BOUND('',#8200,.T.);
#8947=FACE_BOUND('',#8201,.T.);
#8948=FACE_BOUND('',#8202,.T.);
#8949=FACE_BOUND('',#8203,.T.);
#8950=FACE_BOUND('',#8204,.T.);
#8951=FACE_BOUND('',#8205,.T.);
#8952=FACE_BOUND('',#8206,.T.);
#8953=FACE_BOUND('',#8207,.T.);
#8954=FACE_BOUND('',#8208,.T.);
#8955=FACE_BOUND('',#8209,.T.);
#8956=FACE_BOUND('',#8210,.T.);
#8957=FACE_BOUND('',#8211,.T.);
#8958=FACE_BOUND('',#8212,.T.);
#8959=FACE_BOUND('',#8213,.T.);
#8960=FACE_BOUND('',#8214,.T.);
#8961=FACE_BOUND('',#8215,.T.);
#8962=FACE_BOUND('',#8216,.T.);
#8963=FACE_BOUND('',#8217,.T.);
#8964=FACE_BOUND('',#8218,.T.);
#8965=FACE_BOUND('',#8219,.T.);
#8966=FACE_BOUND('',#8220,.T.);
#8967=FACE_BOUND('',#8221,.T.);
#8968=FACE_BOUND('',#8222,.T.);
#8969=FACE_BOUND('',#8223,.T.);
#8970=FACE_BOUND('',#8224,.T.);
#8971=FACE_BOUND('',#8225,.T.);
#8972=FACE_BOUND('',#8226,.T.);
#8973=FACE_BOUND('',#8227,.T.);
#8974=FACE_BOUND('',#8228,.T.);
#8975=FACE_BOUND('',#8229,.T.);
#8976=FACE_BOUND('',#8230,.T.);
#8977=FACE_BOUND('',#8231,.T.);
#8978=FACE_BOUND('',#8232,.T.);
#8979=FACE_BOUND('',#8233,.T.);
#8980=FACE_BOUND('',#8234,.T.);
#8981=FACE_BOUND('',#8235,.T.);
#8982=FACE_BOUND('',#8236,.T.);
#8983=FACE_BOUND('',#8237,.T.);
#8984=FACE_BOUND('',#8238,.T.);
#8985=FACE_BOUND('',#8239,.T.);
#8986=FACE_BOUND('',#8240,.T.);
#8987=FACE_BOUND('',#8241,.T.);
#8988=FACE_BOUND('',#8242,.T.);
#8989=FACE_BOUND('',#8243,.T.);
#8990=FACE_BOUND('',#8244,.T.);
#8991=FACE_BOUND('',#8245,.T.);
#8992=FACE_BOUND('',#8246,.T.);
#8993=FACE_BOUND('',#8247,.T.);
#8994=FACE_BOUND('',#8248,.T.);
#8995=FACE_BOUND('',#8249,.T.);
#8996=FACE_BOUND('',#8250,.T.);
#8997=FACE_BOUND('',#8251,.T.);
#8998=FACE_BOUND('',#8252,.T.);
#8999=FACE_BOUND('',#8253,.T.);
#9000=FACE_BOUND('',#8254,.T.);
#9001=FACE_BOUND('',#8255,.T.);
#9002=FACE_BOUND('',#8256,.T.);
#9003=FACE_BOUND('',#8257,.T.);
#9004=FACE_BOUND('',#8258,.T.);
#9005=FACE_BOUND('',#8259,.T.);
#9006=FACE_BOUND('',#8260,.T.);
#9007=FACE_BOUND('',#8261,.T.);
#9008=FACE_BOUND('',#8262,.T.);
#9009=FACE_BOUND('',#8263,.T.);
#9010=FACE_BOUND('',#8264,.T.);
#9011=FACE_BOUND('',#8265,.T.);
#9012=FACE_BOUND('',#8266,.T.);
#9013=FACE_BOUND('',#8267,.T.);
#9014=FACE_BOUND('',#8268,.T.);
#9015=FACE_BOUND('',#8269,.T.);
#9016=FACE_BOUND('',#8270,.T.);
#9017=FACE_BOUND('',#8271,.T.);
#9018=FACE_BOUND('',#8272,.T.);
#9019=FACE_BOUND('',#8273,.T.);
#9020=FACE_BOUND('',#8274,.T.);
#9021=FACE_BOUND('',#8275,.T.);
#9022=FACE_BOUND('',#8276,.T.);
#9023=FACE_BOUND('',#8277,.T.);
#9024=FACE_BOUND('',#8278,.T.);
#9025=FACE_BOUND('',#8279,.T.);
#9026=FACE_BOUND('',#8280,.T.);
#9027=FACE_BOUND('',#8281,.T.);
#9028=FACE_BOUND('',#8282,.T.);
#9029=FACE_BOUND('',#8283,.T.);
#9030=FACE_BOUND('',#8284,.T.);
#9031=FACE_BOUND('',#8285,.T.);
#9032=FACE_BOUND('',#8286,.T.);
#9033=FACE_BOUND('',#8287,.T.);
#9034=FACE_BOUND('',#8288,.T.);
#9035=FACE_BOUND('',#8289,.T.);
#9036=FACE_BOUND('',#8290,.T.);
#9037=FACE_BOUND('',#8291,.T.);
#9038=FACE_BOUND('',#8292,.T.);
#9039=FACE_BOUND('',#8293,.T.);
#9040=FACE_BOUND('',#8294,.T.);
#9041=FACE_BOUND('',#8295,.T.);
#9042=FACE_BOUND('',#8296,.T.);
#9043=FACE_BOUND('',#8297,.T.);
#9044=FACE_BOUND('',#8298,.T.);
#9045=FACE_BOUND('',#8299,.T.);
#9046=FACE_BOUND('',#8300,.T.);
#9047=FACE_BOUND('',#8301,.T.);
#9048=FACE_BOUND('',#8302,.T.);
#9049=FACE_BOUND('',#8303,.T.);
#9050=FACE_BOUND('',#8304,.T.);
#9051=FACE_BOUND('',#8305,.T.);
#9052=FACE_BOUND('',#8306,.T.);
#9053=FACE_BOUND('',#8307,.T.);
#9054=FACE_BOUND('',#8308,.T.);
#9055=FACE_BOUND('',#8309,.T.);
#9056=FACE_BOUND('',#8310,.T.);
#9057=FACE_BOUND('',#8311,.T.);
#9058=FACE_BOUND('',#8312,.T.);
#9059=FACE_BOUND('',#8313,.T.);
#9060=FACE_BOUND('',#8314,.T.);
#9061=FACE_BOUND('',#8315,.T.);
#9062=FACE_BOUND('',#8316,.T.);
#9063=FACE_BOUND('',#8317,.T.);
#9064=FACE_BOUND('',#8318,.T.);
#9065=FACE_BOUND('',#8319,.T.);
#9066=FACE_BOUND('',#8320,.T.);
#9067=FACE_BOUND('',#8321,.T.);
#9068=FACE_BOUND('',#8322,.T.);
#9069=FACE_BOUND('',#8323,.T.);
#9070=FACE_BOUND('',#8324,.T.);
#9071=FACE_BOUND('',#8325,.T.);
#9072=FACE_BOUND('',#8326,.T.);
#9073=FACE_BOUND('',#8327,.T.);
#9074=FACE_BOUND('',#8328,.T.);
#9075=FACE_BOUND('',#8329,.T.);
#9076=FACE_BOUND('',#8330,.T.);
#9077=FACE_BOUND('',#8331,.T.);
#9078=FACE_BOUND('',#8332,.T.);
#9079=FACE_BOUND('',#8333,.T.);
#9080=FACE_BOUND('',#8334,.T.);
#9081=FACE_BOUND('',#8335,.T.);
#9082=FACE_BOUND('',#8336,.T.);
#9083=FACE_BOUND('',#8337,.T.);
#9084=FACE_BOUND('',#8338,.T.);
#9085=FACE_BOUND('',#8339,.T.);
#9086=FACE_BOUND('',#8340,.T.);
#9087=FACE_BOUND('',#8341,.T.);
#9088=FACE_BOUND('',#8342,.T.);
#9089=FACE_BOUND('',#8343,.T.);
#9090=FACE_BOUND('',#8344,.T.);
#9091=FACE_BOUND('',#8345,.T.);
#9092=FACE_BOUND('',#8346,.T.);
#9093=FACE_BOUND('',#8347,.T.);
#9094=FACE_BOUND('',#8348,.T.);
#9095=FACE_BOUND('',#8349,.T.);
#9096=FACE_BOUND('',#8350,.T.);
#9097=FACE_BOUND('',#8351,.T.);
#9098=FACE_BOUND('',#8352,.T.);
#9099=FACE_BOUND('',#8353,.T.);
#9100=FACE_BOUND('',#8354,.T.);
#9101=FACE_BOUND('',#8355,.T.);
#9102=FACE_BOUND('',#8356,.T.);
#9103=FACE_BOUND('',#8357,.T.);
#9104=FACE_BOUND('',#8358,.T.);
#9105=FACE_BOUND('',#8359,.T.);
#9106=FACE_BOUND('',#8360,.T.);
#9107=FACE_BOUND('',#8361,.T.);
#9108=FACE_BOUND('',#8362,.T.);
#9109=FACE_BOUND('',#8363,.T.);
#9110=FACE_BOUND('',#8364,.T.);
#9111=FACE_BOUND('',#8365,.T.);
#9112=FACE_BOUND('',#8366,.T.);
#9113=FACE_BOUND('',#8367,.T.);
#9114=FACE_BOUND('',#8368,.T.);
#9115=FACE_BOUND('',#8369,.T.);
#9116=FACE_BOUND('',#8370,.T.);
#9117=FACE_BOUND('',#8371,.T.);
#9118=FACE_BOUND('',#8372,.T.);
#9119=FACE_BOUND('',#8373,.T.);
#9120=FACE_BOUND('',#8374,.T.);
#9121=FACE_BOUND('',#8375,.T.);
#9122=FACE_BOUND('',#8376,.T.);
#9123=FACE_BOUND('',#8377,.T.);
#9124=FACE_BOUND('',#8378,.T.);
#9125=FACE_BOUND('',#8379,.T.);
#9126=FACE_BOUND('',#8380,.T.);
#9127=FACE_BOUND('',#8381,.T.);
#9128=FACE_BOUND('',#8382,.T.);
#9129=FACE_BOUND('',#8383,.T.);
#9130=FACE_BOUND('',#8384,.T.);
#9131=FACE_BOUND('',#8385,.T.);
#9132=FACE_BOUND('',#8386,.T.);
#9133=FACE_BOUND('',#8387,.T.);
#9134=FACE_BOUND('',#8388,.T.);
#9135=FACE_BOUND('',#8389,.T.);
#9136=FACE_BOUND('',#8390,.T.);
#9137=FACE_BOUND('',#8391,.T.);
#9138=FACE_BOUND('',#8392,.T.);
#9139=FACE_BOUND('',#8393,.T.);
#9140=FACE_BOUND('',#8394,.T.);
#9141=FACE_BOUND('',#8395,.T.);
#9142=FACE_BOUND('',#8396,.T.);
#9143=FACE_BOUND('',#8397,.T.);
#9144=FACE_BOUND('',#8398,.T.);
#9145=FACE_BOUND('',#8399,.T.);
#9146=FACE_BOUND('',#8400,.T.);
#9147=FACE_BOUND('',#8401,.T.);
#9148=FACE_BOUND('',#8402,.T.);
#9149=FACE_BOUND('',#8403,.T.);
#9150=FACE_BOUND('',#8404,.T.);
#9151=FACE_BOUND('',#8405,.T.);
#9152=FACE_BOUND('',#8406,.T.);
#9153=FACE_BOUND('',#8407,.T.);
#9154=FACE_BOUND('',#8408,.T.);
#9155=FACE_BOUND('',#8409,.T.);
#9156=FACE_BOUND('',#8410,.T.);
#9157=FACE_BOUND('',#8411,.T.);
#9158=FACE_BOUND('',#8412,.T.);
#9159=FACE_BOUND('',#8413,.T.);
#9160=FACE_BOUND('',#8414,.T.);
#9161=FACE_BOUND('',#8415,.T.);
#9162=FACE_BOUND('',#8416,.T.);
#9163=FACE_BOUND('',#8417,.T.);
#9164=FACE_BOUND('',#8418,.T.);
#9165=FACE_BOUND('',#8419,.T.);
#9166=FACE_BOUND('',#8420,.T.);
#9167=FACE_BOUND('',#8421,.T.);
#9168=FACE_BOUND('',#8422,.T.);
#9169=FACE_BOUND('',#8423,.T.);
#9170=FACE_BOUND('',#8424,.T.);
#9171=FACE_BOUND('',#8425,.T.);
#9172=FACE_BOUND('',#8426,.T.);
#9173=FACE_BOUND('',#8427,.T.);
#9174=FACE_BOUND('',#8428,.T.);
#9175=FACE_BOUND('',#8429,.T.);
#9176=FACE_BOUND('',#8430,.T.);
#9177=FACE_BOUND('',#8431,.T.);
#9178=FACE_BOUND('',#8432,.T.);
#9179=FACE_BOUND('',#8433,.T.);
#9180=FACE_BOUND('',#8434,.T.);
#9181=FACE_BOUND('',#8435,.T.);
#9182=FACE_BOUND('',#8436,.T.);
#9183=FACE_BOUND('',#8437,.T.);
#9184=FACE_BOUND('',#8438,.T.);
#9185=FACE_BOUND('',#8439,.T.);
#9186=FACE_BOUND('',#8440,.T.);
#9187=FACE_BOUND('',#8441,.T.);
#9188=FACE_BOUND('',#8442,.T.);
#9189=FACE_BOUND('',#8443,.T.);
#9190=FACE_BOUND('',#8444,.T.);
#9191=FACE_BOUND('',#8445,.T.);
#9192=FACE_BOUND('',#8446,.T.);
#9193=FACE_BOUND('',#8447,.T.);
#9194=FACE_BOUND('',#8448,.T.);
#9195=FACE_BOUND('',#8449,.T.);
#9196=FACE_BOUND('',#8450,.T.);
#9197=FACE_BOUND('',#8451,.T.);
#9198=FACE_BOUND('',#8452,.T.);
#9199=FACE_BOUND('',#8453,.T.);
#9200=FACE_BOUND('',#8454,.T.);
#9201=FACE_BOUND('',#8455,.T.);
#9202=FACE_BOUND('',#8456,.T.);
#9203=FACE_BOUND('',#8457,.T.);
#9204=FACE_BOUND('',#8458,.T.);
#9205=FACE_BOUND('',#8459,.T.);
#9206=FACE_BOUND('',#8460,.T.);
#9207=FACE_BOUND('',#8461,.T.);
#9208=FACE_BOUND('',#8462,.T.);
#9209=FACE_BOUND('',#8463,.T.);
#9210=FACE_BOUND('',#8464,.T.);
#9211=FACE_BOUND('',#8465,.T.);
#9212=FACE_BOUND('',#8466,.T.);
#9213=FACE_BOUND('',#8467,.T.);
#9214=FACE_BOUND('',#8468,.T.);
#9215=FACE_BOUND('',#8469,.T.);
#9216=FACE_BOUND('',#8470,.T.);
#9217=FACE_BOUND('',#8471,.T.);
#9218=FACE_BOUND('',#8472,.T.);
#9219=FACE_BOUND('',#8473,.T.);
#9220=FACE_BOUND('',#8474,.T.);
#9221=FACE_BOUND('',#8475,.T.);
#9222=FACE_BOUND('',#8476,.T.);
#9223=FACE_BOUND('',#8477,.T.);
#9224=FACE_BOUND('',#8478,.T.);
#9225=FACE_BOUND('',#8479,.T.);
#9226=FACE_BOUND('',#8480,.T.);
#9227=FACE_BOUND('',#8481,.T.);
#9228=FACE_BOUND('',#8482,.T.);
#9229=FACE_BOUND('',#8483,.T.);
#9230=FACE_BOUND('',#8484,.T.);
#9231=FACE_BOUND('',#8485,.T.);
#9232=FACE_BOUND('',#8486,.T.);
#9233=FACE_BOUND('',#8487,.T.);
#9234=FACE_BOUND('',#8488,.T.);
#9235=FACE_BOUND('',#8489,.T.);
#9236=FACE_BOUND('',#8490,.T.);
#9237=FACE_BOUND('',#8491,.T.);
#9238=FACE_BOUND('',#8492,.T.);
#9239=FACE_BOUND('',#8493,.T.);
#9240=FACE_BOUND('',#8494,.T.);
#9241=FACE_BOUND('',#8495,.T.);
#9242=FACE_BOUND('',#8496,.T.);
#9243=FACE_BOUND('',#8497,.T.);
#9244=FACE_BOUND('',#8498,.T.);
#9245=FACE_BOUND('',#8499,.T.);
#9246=FACE_BOUND('',#8500,.T.);
#9247=FACE_BOUND('',#8501,.T.);
#9248=FACE_BOUND('',#8502,.T.);
#9249=FACE_BOUND('',#8503,.T.);
#9250=FACE_BOUND('',#8504,.T.);
#9251=FACE_BOUND('',#8505,.T.);
#9252=FACE_BOUND('',#8506,.T.);
#9253=FACE_BOUND('',#8507,.T.);
#9254=FACE_BOUND('',#8508,.T.);
#9255=FACE_BOUND('',#8509,.T.);
#9256=FACE_BOUND('',#8510,.T.);
#9257=FACE_BOUND('',#8511,.T.);
#9258=FACE_BOUND('',#8512,.T.);
#9259=FACE_BOUND('',#8513,.T.);
#9260=FACE_BOUND('',#8514,.T.);
#9261=FACE_BOUND('',#8515,.T.);
#9262=FACE_BOUND('',#8516,.T.);
#9263=FACE_BOUND('',#8517,.T.);
#9264=FACE_BOUND('',#8518,.T.);
#9265=FACE_BOUND('',#8519,.T.);
#9266=FACE_BOUND('',#8520,.T.);
#9267=FACE_BOUND('',#8521,.T.);
#9268=FACE_BOUND('',#8522,.T.);
#9269=FACE_BOUND('',#8523,.T.);
#9270=FACE_BOUND('',#8524,.T.);
#9271=FACE_BOUND('',#8525,.T.);
#9272=FACE_BOUND('',#8526,.T.);
#9273=FACE_BOUND('',#8527,.T.);
#9274=FACE_BOUND('',#8528,.T.);
#9275=FACE_BOUND('',#8529,.T.);
#9276=FACE_BOUND('',#8530,.T.);
#9277=FACE_BOUND('',#8531,.T.);
#9278=FACE_BOUND('',#8532,.T.);
#9279=FACE_BOUND('',#8533,.T.);
#9280=FACE_BOUND('',#8534,.T.);
#9281=FACE_BOUND('',#8535,.T.);
#9282=FACE_BOUND('',#8536,.T.);
#9283=FACE_BOUND('',#8537,.T.);
#9284=FACE_BOUND('',#8538,.T.);
#9285=FACE_BOUND('',#8539,.T.);
#9286=FACE_BOUND('',#8540,.T.);
#9287=FACE_BOUND('',#8541,.T.);
#9288=FACE_BOUND('',#8542,.T.);
#9289=FACE_BOUND('',#8543,.T.);
#9290=FACE_BOUND('',#8544,.T.);
#9291=FACE_BOUND('',#8545,.T.);
#9292=FACE_BOUND('',#8546,.T.);
#9293=FACE_BOUND('',#8547,.T.);
#9294=FACE_BOUND('',#8548,.T.);
#9295=FACE_BOUND('',#8549,.T.);
#9296=FACE_BOUND('',#8550,.T.);
#9297=FACE_BOUND('',#8551,.T.);
#9298=FACE_BOUND('',#8552,.T.);
#9299=FACE_BOUND('',#8553,.T.);
#9300=FACE_BOUND('',#8554,.T.);
#9301=FACE_BOUND('',#8555,.T.);
#9302=FACE_BOUND('',#8556,.T.);
#9303=FACE_BOUND('',#8557,.T.);
#9304=FACE_BOUND('',#8558,.T.);
#9305=FACE_BOUND('',#8559,.T.);
#9306=FACE_BOUND('',#8560,.T.);
#9307=FACE_BOUND('',#8561,.T.);
#9308=FACE_BOUND('',#8562,.T.);
#9309=FACE_BOUND('',#8563,.T.);
#9310=FACE_BOUND('',#8564,.T.);
#9311=FACE_BOUND('',#8565,.T.);
#9312=FACE_BOUND('',#8566,.T.);
#9313=FACE_BOUND('',#8567,.T.);
#9314=FACE_BOUND('',#8568,.T.);
#9315=FACE_BOUND('',#8569,.T.);
#9316=FACE_BOUND('',#8570,.T.);
#9317=FACE_BOUND('',#8571,.T.);
#9318=FACE_BOUND('',#8572,.T.);
#9319=FACE_BOUND('',#8573,.T.);
#9320=FACE_BOUND('',#8574,.T.);
#9321=FACE_BOUND('',#8575,.T.);
#9322=FACE_BOUND('',#8576,.T.);
#9323=FACE_BOUND('',#8577,.T.);
#9324=FACE_BOUND('',#8578,.T.);
#9325=FACE_BOUND('',#8579,.T.);
#9326=FACE_BOUND('',#8580,.T.);
#9327=FACE_BOUND('',#8581,.T.);
#9328=FACE_BOUND('',#8582,.T.);
#9329=FACE_BOUND('',#8583,.T.);
#9330=FACE_BOUND('',#8584,.T.);
#9331=FACE_BOUND('',#8585,.T.);
#9332=FACE_BOUND('',#8586,.T.);
#9333=FACE_BOUND('',#8587,.T.);
#9334=FACE_BOUND('',#8588,.T.);
#9335=FACE_BOUND('',#8589,.T.);
#9336=FACE_BOUND('',#8590,.T.);
#9337=FACE_BOUND('',#8591,.T.);
#9338=FACE_BOUND('',#8592,.T.);
#9339=FACE_BOUND('',#8593,.T.);
#9340=FACE_BOUND('',#8594,.T.);
#9341=FACE_BOUND('',#8595,.T.);
#9342=FACE_BOUND('',#8596,.T.);
#9343=FACE_BOUND('',#8597,.T.);
#9344=FACE_BOUND('',#8598,.T.);
#9345=FACE_BOUND('',#8599,.T.);
#9346=FACE_BOUND('',#8600,.T.);
#9347=FACE_BOUND('',#8601,.T.);
#9348=FACE_BOUND('',#8602,.T.);
#9349=FACE_BOUND('',#8603,.T.);
#9350=FACE_BOUND('',#8604,.T.);
#9351=FACE_BOUND('',#8605,.T.);
#9352=FACE_BOUND('',#8606,.T.);
#9353=FACE_BOUND('',#8607,.T.);
#9354=FACE_BOUND('',#8608,.T.);
#9355=FACE_BOUND('',#8609,.T.);
#9356=FACE_BOUND('',#8610,.T.);
#9357=FACE_BOUND('',#8611,.T.);
#9358=FACE_BOUND('',#8612,.T.);
#9359=FACE_BOUND('',#8613,.T.);
#9360=FACE_BOUND('',#8614,.T.);
#9361=FACE_BOUND('',#8615,.T.);
#9362=FACE_BOUND('',#8616,.T.);
#9363=FACE_BOUND('',#8617,.T.);
#9364=FACE_BOUND('',#8618,.T.);
#9365=FACE_BOUND('',#8619,.T.);
#9366=FACE_BOUND('',#8620,.T.);
#9367=FACE_BOUND('',#8621,.T.);
#9368=FACE_BOUND('',#8622,.T.);
#9369=FACE_BOUND('',#8623,.T.);
#9370=FACE_BOUND('',#8624,.T.);
#9371=FACE_BOUND('',#8625,.T.);
#9372=FACE_BOUND('',#8626,.T.);
#9373=FACE_BOUND('',#8627,.T.);
#9374=FACE_BOUND('',#8628,.T.);
#9375=FACE_BOUND('',#8629,.T.);
#9376=FACE_BOUND('',#8630,.T.);
#9377=FACE_BOUND('',#8631,.T.);
#9378=FACE_BOUND('',#8632,.T.);
#9379=FACE_BOUND('',#8633,.T.);
#9380=FACE_BOUND('',#8634,.T.);
#9381=FACE_BOUND('',#8635,.T.);
#9382=FACE_BOUND('',#8636,.T.);
#9383=FACE_BOUND('',#8637,.T.);
#9384=FACE_BOUND('',#8638,.T.);
#9385=FACE_BOUND('',#8639,.T.);
#9386=FACE_BOUND('',#8640,.T.);
#9387=FACE_BOUND('',#8641,.T.);
#9388=FACE_BOUND('',#8642,.T.);
#9389=FACE_BOUND('',#8643,.T.);
#9390=FACE_BOUND('',#8644,.T.);
#9391=FACE_BOUND('',#8645,.T.);
#9392=FACE_BOUND('',#8646,.T.);
#9393=FACE_BOUND('',#8647,.T.);
#9394=FACE_BOUND('',#8648,.T.);
#9395=FACE_BOUND('',#8649,.T.);
#9396=FACE_BOUND('',#8650,.T.);
#9397=FACE_BOUND('',#8651,.T.);
#9398=FACE_BOUND('',#8652,.T.);
#9399=FACE_BOUND('',#8653,.T.);
#9400=FACE_BOUND('',#8654,.T.);
#9401=FACE_BOUND('',#8655,.T.);
#9402=FACE_BOUND('',#8656,.T.);
#9403=FACE_BOUND('',#8657,.T.);
#9404=FACE_BOUND('',#8658,.T.);
#9405=FACE_BOUND('',#8659,.T.);
#9406=FACE_BOUND('',#8660,.T.);
#9407=FACE_BOUND('',#8661,.T.);
#9408=FACE_BOUND('',#8662,.T.);
#9409=FACE_BOUND('',#8663,.T.);
#9410=FACE_BOUND('',#8664,.T.);
#9411=FACE_BOUND('',#8665,.T.);
#9412=FACE_BOUND('',#8666,.T.);
#9413=FACE_BOUND('',#8667,.T.);
#9414=FACE_BOUND('',#8668,.T.);
#9415=FACE_BOUND('',#8669,.T.);
#9416=FACE_BOUND('',#8670,.T.);
#9417=FACE_BOUND('',#8671,.T.);
#9418=FACE_BOUND('',#8672,.T.);
#9419=FACE_BOUND('',#8673,.T.);
#9420=FACE_BOUND('',#8674,.T.);
#9421=FACE_BOUND('',#8675,.T.);
#9422=FACE_BOUND('',#8676,.T.);
#9423=FACE_BOUND('',#8677,.T.);
#9424=FACE_BOUND('',#8678,.T.);
#9425=FACE_BOUND('',#8679,.T.);
#9426=FACE_BOUND('',#8680,.T.);
#9427=FACE_BOUND('',#8681,.T.);
#9428=FACE_BOUND('',#8682,.T.);
#9429=FACE_BOUND('',#8683,.T.);
#9430=FACE_BOUND('',#8684,.T.);
#9431=FACE_BOUND('',#8685,.T.);
#9432=FACE_BOUND('',#8686,.T.);
#9433=FACE_BOUND('',#8687,.T.);
#9434=FACE_BOUND('',#8688,.T.);
#9435=FACE_BOUND('',#8689,.T.);
#9436=FACE_BOUND('',#8690,.T.);
#9437=FACE_BOUND('',#8691,.T.);
#9438=FACE_BOUND('',#8692,.T.);
#9439=FACE_BOUND('',#8693,.T.);
#9440=FACE_BOUND('',#8694,.T.);
#9441=FACE_BOUND('',#8695,.T.);
#9442=FACE_BOUND('',#8696,.T.);
#9443=FACE_BOUND('',#8697,.T.);
#9444=FACE_BOUND('',#8698,.T.);
#9445=FACE_BOUND('',#8699,.T.);
#9446=FACE_BOUND('',#8700,.T.);
#9447=FACE_BOUND('',#8701,.T.);
#9448=FACE_BOUND('',#8702,.T.);
#9449=FACE_BOUND('',#8703,.T.);
#9450=FACE_BOUND('',#8704,.T.);
#9451=FACE_BOUND('',#8705,.T.);
#9452=FACE_BOUND('',#8706,.T.);
#9453=FACE_BOUND('',#8707,.T.);
#9454=FACE_BOUND('',#8708,.T.);
#9455=FACE_BOUND('',#8709,.T.);
#9456=FACE_BOUND('',#8710,.T.);
#9457=FACE_BOUND('',#8711,.T.);
#9458=FACE_BOUND('',#8712,.T.);
#9459=FACE_BOUND('',#8713,.T.);
#9460=FACE_BOUND('',#8714,.T.);
#9461=FACE_BOUND('',#8715,.T.);
#9462=FACE_BOUND('',#8716,.T.);
#9463=FACE_BOUND('',#8717,.T.);
#9464=FACE_BOUND('',#8718,.T.);
#9465=FACE_BOUND('',#8719,.T.);
#9466=FACE_BOUND('',#8720,.T.);
#9467=FACE_BOUND('',#8721,.T.);
#9468=FACE_BOUND('',#8722,.T.);
#9469=FACE_BOUND('',#8723,.T.);
#9470=FACE_BOUND('',#8724,.T.);
#9471=FACE_BOUND('',#8725,.T.);
#9472=FACE_BOUND('',#8726,.T.);
#9473=FACE_BOUND('',#8727,.T.);
#9474=FACE_BOUND('',#8728,.T.);
#9475=FACE_BOUND('',#8729,.T.);
#9476=FACE_BOUND('',#8730,.T.);
#9477=FACE_BOUND('',#8731,.T.);
#9478=FACE_BOUND('',#8732,.T.);
#9479=FACE_BOUND('',#8733,.T.);
#9480=FACE_BOUND('',#8734,.T.);
#9481=FACE_BOUND('',#8735,.T.);
#9482=FACE_BOUND('',#8736,.T.);
#9483=FACE_BOUND('',#8737,.T.);
#9484=FACE_BOUND('',#8738,.T.);
#9485=FACE_BOUND('',#8739,.T.);
#9486=FACE_BOUND('',#8740,.T.);
#9487=FACE_BOUND('',#8741,.T.);
#9488=FACE_BOUND('',#8742,.T.);
#9489=FACE_BOUND('',#8743,.T.);
#9490=FACE_BOUND('',#8744,.T.);
#9491=FACE_BOUND('',#8745,.T.);
#9492=FACE_BOUND('',#8746,.T.);
#9493=FACE_BOUND('',#8747,.T.);
#9494=FACE_BOUND('',#8748,.T.);
#9495=FACE_BOUND('',#8749,.T.);
#9496=FACE_BOUND('',#8750,.T.);
#9497=FACE_BOUND('',#8751,.T.);
#9498=FACE_BOUND('',#8752,.T.);
#9499=FACE_BOUND('',#8753,.T.);
#9500=FACE_BOUND('',#8754,.T.);
#9501=FACE_BOUND('',#8755,.T.);
#9502=FACE_BOUND('',#8756,.T.);
#9503=FACE_BOUND('',#8757,.T.);
#9504=FACE_BOUND('',#8758,.T.);
#9505=FACE_BOUND('',#8759,.T.);
#9506=FACE_BOUND('',#8760,.T.);
#9507=FACE_BOUND('',#8761,.T.);
#9508=FACE_BOUND('',#8762,.T.);
#9509=FACE_BOUND('',#8763,.T.);
#9510=FACE_BOUND('',#8764,.T.);
#9511=FACE_BOUND('',#8765,.T.);
#9512=FACE_BOUND('',#8766,.T.);
#9513=FACE_BOUND('',#8767,.T.);
#9514=FACE_BOUND('',#8768,.T.);
#9515=FACE_BOUND('',#8769,.T.);
#9516=FACE_BOUND('',#8770,.T.);
#9517=FACE_BOUND('',#8771,.T.);
#9518=FACE_BOUND('',#8772,.T.);
#9519=FACE_BOUND('',#8773,.T.);
#9520=FACE_BOUND('',#8774,.T.);
#9521=FACE_BOUND('',#8775,.T.);
#9522=FACE_BOUND('',#8776,.T.);
#9523=FACE_BOUND('',#8777,.T.);
#9524=FACE_BOUND('',#8778,.T.);
#9525=FACE_BOUND('',#8779,.T.);
#9526=FACE_BOUND('',#8780,.T.);
#9527=FACE_BOUND('',#8781,.T.);
#9528=FACE_BOUND('',#8782,.T.);
#9529=FACE_BOUND('',#8783,.T.);
#9530=FACE_BOUND('',#8784,.T.);
#9531=FACE_BOUND('',#8785,.T.);
#9532=FACE_BOUND('',#8786,.T.);
#9533=FACE_BOUND('',#8787,.T.);
#9534=FACE_BOUND('',#8788,.T.);
#9535=FACE_BOUND('',#8789,.T.);
#9536=FACE_BOUND('',#8790,.T.);
#9537=FACE_BOUND('',#8791,.T.);
#9538=FACE_BOUND('',#8792,.T.);
#9539=FACE_BOUND('',#8793,.T.);
#9540=FACE_BOUND('',#8794,.T.);
#9541=FACE_BOUND('',#8795,.T.);
#9542=FACE_BOUND('',#8796,.T.);
#9543=FACE_BOUND('',#8797,.T.);
#9544=FACE_BOUND('',#8798,.T.);
#9545=FACE_BOUND('',#8799,.T.);
#9546=FACE_BOUND('',#8800,.T.);
#9547=FACE_BOUND('',#8801,.T.);
#9548=FACE_BOUND('',#8802,.T.);
#9549=FACE_BOUND('',#8803,.T.);
#9550=FACE_BOUND('',#8804,.T.);
#9551=FACE_BOUND('',#8805,.T.);
#9552=FACE_BOUND('',#8806,.T.);
#9553=FACE_BOUND('',#8807,.T.);
#9554=FACE_BOUND('',#8808,.T.);
#9555=FACE_BOUND('',#8809,.T.);
#9556=FACE_BOUND('',#8810,.T.);
#9557=FACE_BOUND('',#8811,.T.);
#9558=FACE_BOUND('',#8812,.T.);
#9559=FACE_BOUND('',#8813,.T.);
#9560=FACE_BOUND('',#8814,.T.);
#9561=FACE_BOUND('',#8815,.T.);
#9562=FACE_BOUND('',#8816,.T.);
#9563=FACE_BOUND('',#8817,.T.);
#9564=FACE_BOUND('',#8818,.T.);
#9565=FACE_BOUND('',#8819,.T.);
#9566=FACE_BOUND('',#8820,.T.);
#9567=FACE_BOUND('',#8821,.T.);
#9568=FACE_BOUND('',#8822,.T.);
#9569=FACE_BOUND('',#8823,.T.);
#9570=FACE_BOUND('',#8824,.T.);
#9571=FACE_BOUND('',#8825,.T.);
#9572=FACE_BOUND('',#8826,.T.);
#9573=FACE_BOUND('',#8827,.T.);
#9574=FACE_BOUND('',#8828,.T.);
#9575=FACE_BOUND('',#8829,.T.);
#9576=FACE_BOUND('',#8830,.T.);
#9577=FACE_BOUND('',#8831,.T.);
#9578=FACE_BOUND('',#8832,.T.);
#9579=FACE_BOUND('',#8833,.T.);
#9580=FACE_BOUND('',#8834,.T.);
#9581=FACE_BOUND('',#8835,.T.);
#9582=FACE_BOUND('',#8836,.T.);
#9583=FACE_BOUND('',#8837,.T.);
#9584=FACE_BOUND('',#8838,.T.);
#9585=FACE_BOUND('',#8839,.T.);
#9586=FACE_BOUND('',#8840,.T.);
#9587=FACE_BOUND('',#8841,.T.);
#9588=FACE_BOUND('',#8842,.T.);
#9589=FACE_BOUND('',#8843,.T.);
#9590=FACE_BOUND('',#8844,.T.);
#9591=FACE_BOUND('',#8845,.T.);
#9592=FACE_BOUND('',#8846,.T.);
#9593=FACE_BOUND('',#8847,.T.);
#9594=FACE_BOUND('',#8848,.T.);
#9595=FACE_BOUND('',#8849,.T.);
#9596=FACE_BOUND('',#8850,.T.);
#9597=FACE_BOUND('',#8851,.T.);
#9598=FACE_BOUND('',#8852,.T.);
#9599=FACE_BOUND('',#8853,.T.);
#9600=FACE_BOUND('',#8854,.T.);
#9601=FACE_BOUND('',#8855,.T.);
#9602=FACE_BOUND('',#8856,.T.);
#9603=FACE_BOUND('',#8857,.T.);
#9604=FACE_BOUND('',#8858,.T.);
#9605=FACE_BOUND('',#8859,.T.);
#9606=FACE_BOUND('',#8860,.T.);
#9607=FACE_BOUND('',#8861,.T.);
#9608=FACE_BOUND('',#8862,.T.);
#9609=FACE_BOUND('',#8863,.T.);
#9610=FACE_BOUND('',#8864,.T.);
#9611=FACE_BOUND('',#8865,.T.);
#9612=FACE_BOUND('',#8866,.T.);
#9613=FACE_BOUND('',#8867,.T.);
#9614=FACE_BOUND('',#8868,.T.);
#9615=FACE_BOUND('',#8869,.T.);
#9616=FACE_BOUND('',#8870,.T.);
#9617=FACE_BOUND('',#8871,.T.);
#9618=FACE_BOUND('',#8872,.T.);
#9619=FACE_BOUND('',#8873,.T.);
#9620=FACE_BOUND('',#8874,.T.);
#9621=FACE_BOUND('',#8875,.T.);
#9622=FACE_BOUND('',#8876,.T.);
#9623=FACE_BOUND('',#8877,.T.);
#9624=FACE_BOUND('',#8878,.T.);
#9625=FACE_BOUND('',#8879,.T.);
#9626=FACE_BOUND('',#8880,.T.);
#9627=FACE_BOUND('',#8881,.T.);
#9628=FACE_BOUND('',#8882,.T.);
#9629=FACE_BOUND('',#8883,.T.);
#9630=FACE_BOUND('',#8884,.T.);
#9631=FACE_BOUND('',#8885,.T.);
#9632=FACE_BOUND('',#8886,.T.);
#9633=FACE_BOUND('',#8887,.T.);
#9634=FACE_BOUND('',#8888,.T.);
#9635=FACE_BOUND('',#8889,.T.);
#9636=FACE_BOUND('',#8890,.T.);
#9637=FACE_BOUND('',#8891,.T.);
#9638=FACE_BOUND('',#8892,.T.);
#9639=FACE_BOUND('',#8893,.T.);
#9640=FACE_BOUND('',#8894,.T.);
#9641=FACE_BOUND('',#8895,.T.);
#9642=FACE_BOUND('',#8896,.T.);
#9643=FACE_BOUND('',#8897,.T.);
#9644=FACE_BOUND('',#8898,.T.);
#9645=FACE_BOUND('',#8899,.T.);
#9646=FACE_BOUND('',#8900,.T.);
#9647=FACE_BOUND('',#8901,.T.);
#9648=FACE_BOUND('',#8902,.T.);
#9649=FACE_BOUND('',#8903,.T.);
#9650=FACE_BOUND('',#8904,.T.);
#9651=FACE_BOUND('',#8905,.T.);
#9652=FACE_BOUND('',#8906,.T.);
#9653=FACE_BOUND('',#8907,.T.);
#9654=FACE_BOUND('',#8908,.T.);
#9655=FACE_BOUND('',#8909,.T.);
#9656=FACE_BOUND('',#8910,.T.);
#9657=FACE_BOUND('',#8911,.T.);
#9658=FACE_BOUND('',#8912,.T.);
#9659=FACE_BOUND('',#8913,.T.);
#9660=FACE_BOUND('',#8914,.T.);
#9661=FACE_BOUND('',#8915,.T.);
#9662=FACE_BOUND('',#8916,.T.);
#9663=FACE_BOUND('',#8917,.T.);
#9664=FACE_BOUND('',#8918,.T.);
#9665=FACE_BOUND('',#8919,.T.);
#9666=FACE_BOUND('',#8920,.T.);
#9667=FACE_BOUND('',#8921,.T.);
#9668=FACE_BOUND('',#8922,.T.);
#9669=FACE_BOUND('',#8923,.T.);
#9670=FACE_BOUND('',#8924,.T.);
#9671=FACE_BOUND('',#8925,.T.);
#9672=FACE_BOUND('',#8926,.T.);
#9673=FACE_BOUND('',#8927,.T.);
#9674=FACE_BOUND('',#8928,.T.);
#9675=FACE_BOUND('',#8929,.T.);
#9676=FACE_BOUND('',#8930,.T.);
#9677=FACE_BOUND('',#8931,.T.);
#9678=FACE_BOUND('',#8932,.T.);
#9679=FACE_BOUND('',#8933,.T.);
#9680=FACE_BOUND('',#8934,.T.);
#9681=FACE_BOUND('',#8935,.T.);
#9682=FACE_BOUND('',#8936,.T.);
#9683=FACE_BOUND('',#8937,.T.);
#9684=PLANE('',#10411);
#9685=PLANE('',#10412);
#9686=PLANE('',#10413);
#9687=PLANE('',#10414);
#9688=PLANE('',#10415);
#9689=PLANE('',#10454);
#9690=PLANE('',#10495);
#9691=PLANE('',#10536);
#9692=PLANE('',#10659);
#9693=PLANE('',#10925);
#9694=PLANE('',#10926);
#9695=PLANE('',#10948);
#9696=PLANE('',#10949);
#9697=PLANE('',#10950);
#9698=PLANE('',#10951);
#9699=PLANE('',#10952);
#9700=PLANE('',#10953);
#9701=PLANE('',#10960);
#9702=PLANE('',#10961);
#9703=PLANE('',#10962);
#9704=PLANE('',#10963);
#9705=PLANE('',#10964);
#9706=PLANE('',#10965);
#9707=PLANE('',#10966);
#9708=PLANE('',#10967);
#9709=PLANE('',#10968);
#9710=PLANE('',#10969);
#9711=PLANE('',#10970);
#9712=PLANE('',#10971);
#9713=PLANE('',#10972);
#9714=PLANE('',#10973);
#9715=PLANE('',#10974);
#9716=PLANE('',#10975);
#9717=PLANE('',#10976);
#9718=PLANE('',#10977);
#9719=PLANE('',#10978);
#9720=PLANE('',#10979);
#9721=PLANE('',#10980);
#9722=PLANE('',#10981);
#9723=PLANE('',#10982);
#9724=PLANE('',#11039);
#9725=PLANE('',#11132);
#9726=PLANE('',#11146);
#9727=PLANE('',#11151);
#9728=PLANE('',#11195);
#9729=PLANE('',#11218);
#9730=PLANE('',#11219);
#9731=PLANE('',#11220);
#9732=PLANE('',#11221);
#9733=PLANE('',#11222);
#9734=PLANE('',#11223);
#9735=PLANE('',#11224);
#9736=PLANE('',#11225);
#9737=PLANE('',#11226);
#9738=PLANE('',#11227);
#9739=PLANE('',#11228);
#9740=PLANE('',#11229);
#9741=PLANE('',#11246);
#9742=PLANE('',#11247);
#9743=PLANE('',#11248);
#9744=PLANE('',#11256);
#9745=PLANE('',#11257);
#9746=PLANE('',#11258);
#9747=PLANE('',#11261);
#9748=PLANE('',#11268);
#9749=PLANE('',#11269);
#9750=PLANE('',#11270);
#9751=PLANE('',#11271);
#9752=PLANE('',#11273);
#9753=PLANE('',#11274);
#9754=PLANE('',#11284);
#9755=PLANE('',#11285);
#9756=PLANE('',#11286);
#9757=PLANE('',#11287);
#9758=PLANE('',#11288);
#9759=PLANE('',#11289);
#9760=PLANE('',#11290);
#9761=PLANE('',#11291);
#9762=PLANE('',#11300);
#9763=PLANE('',#11301);
#9764=PLANE('',#11302);
#9765=PLANE('',#11314);
#9766=PLANE('',#11315);
#9767=PLANE('',#11316);
#9768=PLANE('',#11317);
#9769=PLANE('',#11318);
#9770=PLANE('',#11319);
#9771=PLANE('',#11366);
#9772=PLANE('',#11367);
#9773=PLANE('',#11368);
#9774=PLANE('',#11370);
#9775=PLANE('',#11371);
#9776=PLANE('',#11379);
#9777=PLANE('',#11380);
#9778=PLANE('',#11385);
#9779=PLANE('',#11391);
#9780=PLANE('',#11394);
#9781=PLANE('',#11402);
#9782=PLANE('',#11408);
#9783=PLANE('',#11412);
#9784=PLANE('',#11413);
#9785=PLANE('',#11418);
#9786=PLANE('',#11424);
#9787=PLANE('',#11427);
#9788=PLANE('',#11428);
#9789=PLANE('',#11434);
#9790=PLANE('',#11435);
#9791=PLANE('',#11436);
#9792=PLANE('',#11444);
#9793=PLANE('',#11445);
#9794=PLANE('',#11446);
#9795=PLANE('',#11447);
#9796=PLANE('',#11452);
#9797=PLANE('',#11453);
#9798=PLANE('',#11454);
#9799=PLANE('',#11456);
#9800=PLANE('',#11457);
#9801=PLANE('',#11464);
#9802=PLANE('',#11468);
#9803=PLANE('',#11476);
#9804=PLANE('',#11482);
#9805=PLANE('',#11486);
#9806=PLANE('',#11487);
#9807=PLANE('',#11488);
#9808=PLANE('',#11489);
#9809=PLANE('',#11494);
#9810=PLANE('',#11495);
#9811=PLANE('',#11496);
#9812=PLANE('',#11497);
#9813=PLANE('',#11502);
#9814=PLANE('',#11503);
#9815=PLANE('',#11504);
#9816=PLANE('',#11505);
#9817=PLANE('',#11506);
#9818=PLANE('',#11507);
#9819=PLANE('',#11514);
#9820=PLANE('',#11515);
#9821=PLANE('',#11516);
#9822=PLANE('',#11517);
#9823=PLANE('',#11518);
#9824=PLANE('',#11528);
#9825=PLANE('',#11529);
#9826=PLANE('',#11530);
#9827=PLANE('',#11531);
#9828=PLANE('',#11532);
#9829=PLANE('',#11542);
#9830=PLANE('',#11543);
#9831=PLANE('',#11544);
#9832=PLANE('',#11545);
#9833=PLANE('',#11546);
#9834=PLANE('',#11547);
#9835=PLANE('',#11554);
#9836=PLANE('',#11555);
#9837=PLANE('',#11556);
#9838=PLANE('',#11557);
#9839=PLANE('',#11562);
#9840=PLANE('',#11563);
#9841=PLANE('',#11564);
#9842=PLANE('',#11565);
#9843=PLANE('',#11570);
#9844=PLANE('',#11571);
#9845=PLANE('',#11575);
#9846=PLANE('',#11576);
#9847=PLANE('',#11577);
#9848=PLANE('',#11578);
#9849=PLANE('',#11579);
#9850=PLANE('',#11589);
#9851=PLANE('',#11590);
#9852=PLANE('',#11591);
#9853=PLANE('',#11592);
#9854=PLANE('',#11593);
#9855=PLANE('',#11603);
#9856=PLANE('',#11604);
#9857=PLANE('',#11608);
#9858=PLANE('',#11609);
#9859=PLANE('',#11610);
#9860=PLANE('',#11611);
#9861=PLANE('',#11616);
#9862=PLANE('',#11617);
#9863=ADVANCED_FACE('',(#8938),#9684,.F.);
#9864=ADVANCED_FACE('',(#8939),#9685,.T.);
#9865=ADVANCED_FACE('',(#8940),#9686,.F.);
#9866=ADVANCED_FACE('',(#8941),#9687,.T.);
#9867=ADVANCED_FACE('',(#8942,#8943,#8944,#8945,#8946,#8947,#8948,#8949,
#8950),#9688,.F.);
#9868=ADVANCED_FACE('',(#8951,#8952,#8953,#8954,#8955,#8956,#8957,#8958,
#8959),#9689,.F.);
#9869=ADVANCED_FACE('',(#8960,#8961,#8962,#8963,#8964,#8965,#8966,#8967,
#8968),#9690,.F.);
#9870=ADVANCED_FACE('',(#8969,#8970,#8971,#8972,#8973,#8974,#8975,#8976,
#8977,#8978,#8979,#8980,#8981,#8982,#8983,#8984,#8985,#8986,#8987,#8988,
#8989,#8990,#8991,#8992,#8993,#8994,#8995,#8996,#8997,#8998,#8999,#9000,
#9001,#9002,#9003,#9004,#9005,#9006),#9691,.T.);
#9871=ADVANCED_FACE('',(#9007,#9008,#9009,#9010,#9011,#9012,#9013,#9014,
#9015,#9016,#9017,#9018,#9019,#9020,#9021,#9022,#9023,#9024,#9025,#9026,
#9027,#9028,#9029,#9030,#9031,#9032,#9033,#9034,#9035,#9036,#9037,#9038,
#9039,#9040,#9041,#9042,#9043,#9044),#9692,.F.);
#9872=ADVANCED_FACE('',(#9045,#9046),#40,.F.);
#9873=ADVANCED_FACE('',(#9047,#9048),#41,.F.);
#9874=ADVANCED_FACE('',(#9049,#9050),#42,.F.);
#9875=ADVANCED_FACE('',(#9051,#9052),#43,.F.);
#9876=ADVANCED_FACE('',(#9053,#9054),#44,.F.);
#9877=ADVANCED_FACE('',(#9055,#9056),#45,.F.);
#9878=ADVANCED_FACE('',(#9057,#9058),#46,.F.);
#9879=ADVANCED_FACE('',(#9059,#9060),#47,.F.);
#9880=ADVANCED_FACE('',(#9061,#9062),#48,.F.);
#9881=ADVANCED_FACE('',(#9063,#9064),#49,.F.);
#9882=ADVANCED_FACE('',(#9065),#50,.F.);
#9883=ADVANCED_FACE('',(#9066),#51,.F.);
#9884=ADVANCED_FACE('',(#9067),#52,.F.);
#9885=ADVANCED_FACE('',(#9068),#53,.F.);
#9886=ADVANCED_FACE('',(#9069),#54,.F.);
#9887=ADVANCED_FACE('',(#9070),#55,.F.);
#9888=ADVANCED_FACE('',(#9071),#56,.F.);
#9889=ADVANCED_FACE('',(#9072),#57,.F.);
#9890=ADVANCED_FACE('',(#9073),#58,.F.);
#9891=ADVANCED_FACE('',(#9074),#59,.F.);
#9892=ADVANCED_FACE('',(#9075),#60,.F.);
#9893=ADVANCED_FACE('',(#9076),#61,.F.);
#9894=ADVANCED_FACE('',(#9077),#62,.F.);
#9895=ADVANCED_FACE('',(#9078),#63,.F.);
#9896=ADVANCED_FACE('',(#9079),#64,.F.);
#9897=ADVANCED_FACE('',(#9080),#65,.F.);
#9898=ADVANCED_FACE('',(#9081),#66,.F.);
#9899=ADVANCED_FACE('',(#9082),#67,.F.);
#9900=ADVANCED_FACE('',(#9083),#68,.F.);
#9901=ADVANCED_FACE('',(#9084),#69,.F.);
#9902=ADVANCED_FACE('',(#9085),#70,.F.);
#9903=ADVANCED_FACE('',(#9086),#71,.F.);
#9904=ADVANCED_FACE('',(#9087),#72,.F.);
#9905=ADVANCED_FACE('',(#9088),#73,.F.);
#9906=ADVANCED_FACE('',(#9089),#74,.F.);
#9907=ADVANCED_FACE('',(#9090),#75,.F.);
#9908=ADVANCED_FACE('',(#9091),#76,.F.);
#9909=ADVANCED_FACE('',(#9092),#77,.F.);
#9910=ADVANCED_FACE('',(#9093),#78,.F.);
#9911=ADVANCED_FACE('',(#9094),#79,.F.);
#9912=ADVANCED_FACE('',(#9095),#80,.F.);
#9913=ADVANCED_FACE('',(#9096),#81,.F.);
#9914=ADVANCED_FACE('',(#9097),#82,.F.);
#9915=ADVANCED_FACE('',(#9098),#83,.F.);
#9916=ADVANCED_FACE('',(#9099),#84,.F.);
#9917=ADVANCED_FACE('',(#9100),#85,.F.);
#9918=ADVANCED_FACE('',(#9101),#86,.F.);
#9919=ADVANCED_FACE('',(#9102),#87,.F.);
#9920=ADVANCED_FACE('',(#9103),#88,.F.);
#9921=ADVANCED_FACE('',(#9104),#89,.F.);
#9922=ADVANCED_FACE('',(#9105),#90,.T.);
#9923=ADVANCED_FACE('',(#9106),#9693,.F.);
#9924=ADVANCED_FACE('',(#9107),#9694,.T.);
#9925=ADVANCED_FACE('',(#9108),#91,.T.);
#9926=ADVANCED_FACE('',(#9109),#92,.T.);
#9927=ADVANCED_FACE('',(#9110),#93,.T.);
#9928=ADVANCED_FACE('',(#9111),#94,.T.);
#9929=ADVANCED_FACE('',(#9112),#95,.T.);
#9930=ADVANCED_FACE('',(#9113),#96,.T.);
#9931=ADVANCED_FACE('',(#9114),#97,.T.);
#9932=ADVANCED_FACE('',(#9115),#9695,.T.);
#9933=ADVANCED_FACE('',(#9116),#9696,.F.);
#9934=ADVANCED_FACE('',(#9117),#9697,.T.);
#9935=ADVANCED_FACE('',(#9118),#9698,.T.);
#9936=ADVANCED_FACE('',(#9119),#9699,.F.);
#9937=ADVANCED_FACE('',(#9120),#9700,.F.);
#9938=ADVANCED_FACE('',(#9121),#98,.T.);
#9939=ADVANCED_FACE('',(#9122),#99,.T.);
#9940=ADVANCED_FACE('',(#9123),#9701,.F.);
#9941=ADVANCED_FACE('',(#9124),#9702,.T.);
#9942=ADVANCED_FACE('',(#9125),#9703,.T.);
#9943=ADVANCED_FACE('',(#9126),#9704,.T.);
#9944=ADVANCED_FACE('',(#9127),#9705,.F.);
#9945=ADVANCED_FACE('',(#9128),#9706,.F.);
#9946=ADVANCED_FACE('',(#9129),#9707,.T.);
#9947=ADVANCED_FACE('',(#9130),#9708,.T.);
#9948=ADVANCED_FACE('',(#9131),#9709,.F.);
#9949=ADVANCED_FACE('',(#9132),#9710,.F.);
#9950=ADVANCED_FACE('',(#9133),#9711,.F.);
#9951=ADVANCED_FACE('',(#9134),#9712,.T.);
#9952=ADVANCED_FACE('',(#9135),#9713,.T.);
#9953=ADVANCED_FACE('',(#9136),#9714,.T.);
#9954=ADVANCED_FACE('',(#9137),#9715,.F.);
#9955=ADVANCED_FACE('',(#9138),#9716,.F.);
#9956=ADVANCED_FACE('',(#9139),#9717,.F.);
#9957=ADVANCED_FACE('',(#9140),#9718,.T.);
#9958=ADVANCED_FACE('',(#9141),#9719,.T.);
#9959=ADVANCED_FACE('',(#9142),#9720,.T.);
#9960=ADVANCED_FACE('',(#9143),#9721,.F.);
#9961=ADVANCED_FACE('',(#9144),#9722,.F.);
#9962=ADVANCED_FACE('',(#9145,#9146,#9147,#9148,#9149,#9150,#9151,#9152,
#9153,#9154,#9155,#9156,#9157),#9723,.F.);
#9963=ADVANCED_FACE('',(#9158,#9159,#9160,#9161,#9162,#9163,#9164,#9165,
#9166,#9167,#9168,#9169,#9170),#9724,.F.);
#9964=ADVANCED_FACE('',(#9171,#9172),#100,.F.);
#9965=ADVANCED_FACE('',(#9173,#9174),#101,.F.);
#9966=ADVANCED_FACE('',(#9175,#9176),#102,.F.);
#9967=ADVANCED_FACE('',(#9177,#9178),#103,.F.);
#9968=ADVANCED_FACE('',(#9179,#9180),#104,.F.);
#9969=ADVANCED_FACE('',(#9181,#9182),#105,.F.);
#9970=ADVANCED_FACE('',(#9183),#106,.F.);
#9971=ADVANCED_FACE('',(#9184),#107,.F.);
#9972=ADVANCED_FACE('',(#9185),#32,.F.);
#9973=ADVANCED_FACE('',(#9186),#108,.F.);
#9974=ADVANCED_FACE('',(#9187),#33,.F.);
#9975=ADVANCED_FACE('',(#9188),#34,.F.);
#9976=ADVANCED_FACE('',(#9189),#109,.F.);
#9977=ADVANCED_FACE('',(#9190),#35,.F.);
#9978=ADVANCED_FACE('',(#9191,#9192,#9193,#9194,#9195,#9196,#9197,#9198,
#9199,#9200,#9201,#9202,#9203),#9725,.F.);
#9979=ADVANCED_FACE('',(#9204),#110,.T.);
#9980=ADVANCED_FACE('',(#9205),#111,.T.);
#9981=ADVANCED_FACE('',(#9206),#112,.T.);
#9982=ADVANCED_FACE('',(#9207),#113,.F.);
#9983=ADVANCED_FACE('',(#9208,#9209,#9210,#9211,#9212,#9213,#9214,#9215,
#9216,#9217,#9218,#9219,#9220),#9726,.F.);
#9984=ADVANCED_FACE('',(#9221),#114,.F.);
#9985=ADVANCED_FACE('',(#9222,#9223,#9224,#9225,#9226,#9227,#9228,#9229,
#9230),#9727,.F.);
#9986=ADVANCED_FACE('',(#9231),#115,.F.);
#9987=ADVANCED_FACE('',(#9232),#116,.F.);
#9988=ADVANCED_FACE('',(#9233),#117,.T.);
#9989=ADVANCED_FACE('',(#9234,#9235),#9728,.F.);
#9990=ADVANCED_FACE('',(#9236),#36,.T.);
#9991=ADVANCED_FACE('',(#9237),#118,.T.);
#9992=ADVANCED_FACE('',(#9238),#37,.T.);
#9993=ADVANCED_FACE('',(#9239),#119,.T.);
#9994=ADVANCED_FACE('',(#9240),#38,.T.);
#9995=ADVANCED_FACE('',(#9241),#120,.T.);
#9996=ADVANCED_FACE('',(#9242),#39,.T.);
#9997=ADVANCED_FACE('',(#9243),#121,.T.);
#9998=ADVANCED_FACE('',(#9244,#9245),#122,.F.);
#9999=ADVANCED_FACE('',(#9246,#9247),#123,.F.);
#10000=ADVANCED_FACE('',(#9248,#9249),#124,.F.);
#10001=ADVANCED_FACE('',(#9250,#9251),#125,.F.);
#10002=ADVANCED_FACE('',(#9252,#9253),#126,.F.);
#10003=ADVANCED_FACE('',(#9254,#9255),#127,.F.);
#10004=ADVANCED_FACE('',(#9256),#9729,.T.);
#10005=ADVANCED_FACE('',(#9257),#9730,.T.);
#10006=ADVANCED_FACE('',(#9258),#9731,.T.);
#10007=ADVANCED_FACE('',(#9259),#9732,.T.);
#10008=ADVANCED_FACE('',(#9260),#9733,.F.);
#10009=ADVANCED_FACE('',(#9261),#9734,.F.);
#10010=ADVANCED_FACE('',(#9262),#9735,.T.);
#10011=ADVANCED_FACE('',(#9263),#9736,.F.);
#10012=ADVANCED_FACE('',(#9264),#9737,.T.);
#10013=ADVANCED_FACE('',(#9265),#9738,.F.);
#10014=ADVANCED_FACE('',(#9266),#9739,.T.);
#10015=ADVANCED_FACE('',(#9267),#9740,.T.);
#10016=ADVANCED_FACE('',(#9268),#128,.T.);
#10017=ADVANCED_FACE('',(#9269),#129,.T.);
#10018=ADVANCED_FACE('',(#9270),#130,.F.);
#10019=ADVANCED_FACE('',(#9271),#131,.F.);
#10020=ADVANCED_FACE('',(#9272),#132,.F.);
#10021=ADVANCED_FACE('',(#9273),#133,.F.);
#10022=ADVANCED_FACE('',(#9274),#134,.T.);
#10023=ADVANCED_FACE('',(#9275),#135,.F.);
#10024=ADVANCED_FACE('',(#9276),#136,.F.);
#10025=ADVANCED_FACE('',(#9277),#137,.F.);
#10026=ADVANCED_FACE('',(#9278),#138,.T.);
#10027=ADVANCED_FACE('',(#9279),#139,.F.);
#10028=ADVANCED_FACE('',(#9280,#9281),#140,.F.);
#10029=ADVANCED_FACE('',(#9282,#9283),#141,.F.);
#10030=ADVANCED_FACE('',(#9284,#9285),#142,.F.);
#10031=ADVANCED_FACE('',(#9286,#9287),#143,.F.);
#10032=ADVANCED_FACE('',(#9288),#9741,.F.);
#10033=ADVANCED_FACE('',(#9289),#9742,.T.);
#10034=ADVANCED_FACE('',(#9290),#9743,.T.);
#10035=ADVANCED_FACE('',(#9291),#144,.T.);
#10036=ADVANCED_FACE('',(#9292),#145,.T.);
#10037=ADVANCED_FACE('',(#9293),#146,.F.);
#10038=ADVANCED_FACE('',(#9294),#147,.F.);
#10039=ADVANCED_FACE('',(#9295),#148,.F.);
#10040=ADVANCED_FACE('',(#9296),#149,.F.);
#10041=ADVANCED_FACE('',(#9297),#150,.F.);
#10042=ADVANCED_FACE('',(#9298),#9744,.F.);
#10043=ADVANCED_FACE('',(#9299),#9745,.T.);
#10044=ADVANCED_FACE('',(#9300),#9746,.T.);
#10045=ADVANCED_FACE('',(#9301),#151,.T.);
#10046=ADVANCED_FACE('',(#9302),#152,.T.);
#10047=ADVANCED_FACE('',(#9303),#9747,.F.);
#10048=ADVANCED_FACE('',(#9304),#153,.F.);
#10049=ADVANCED_FACE('',(#9305),#154,.F.);
#10050=ADVANCED_FACE('',(#9306),#155,.F.);
#10051=ADVANCED_FACE('',(#9307),#156,.F.);
#10052=ADVANCED_FACE('',(#9308),#157,.F.);
#10053=ADVANCED_FACE('',(#9309),#158,.F.);
#10054=ADVANCED_FACE('',(#9310),#9748,.T.);
#10055=ADVANCED_FACE('',(#9311),#9749,.T.);
#10056=ADVANCED_FACE('',(#9312),#9750,.F.);
#10057=ADVANCED_FACE('',(#9313),#9751,.F.);
#10058=ADVANCED_FACE('',(#9314),#159,.T.);
#10059=ADVANCED_FACE('',(#9315),#9752,.F.);
#10060=ADVANCED_FACE('',(#9316),#9753,.T.);
#10061=ADVANCED_FACE('',(#9317),#160,.T.);
#10062=ADVANCED_FACE('',(#9318),#161,.F.);
#10063=ADVANCED_FACE('',(#9319),#162,.F.);
#10064=ADVANCED_FACE('',(#9320),#163,.F.);
#10065=ADVANCED_FACE('',(#9321),#164,.F.);
#10066=ADVANCED_FACE('',(#9322),#165,.F.);
#10067=ADVANCED_FACE('',(#9323),#166,.F.);
#10068=ADVANCED_FACE('',(#9324),#167,.F.);
#10069=ADVANCED_FACE('',(#9325),#168,.F.);
#10070=ADVANCED_FACE('',(#9326),#9754,.T.);
#10071=ADVANCED_FACE('',(#9327),#9755,.T.);
#10072=ADVANCED_FACE('',(#9328),#9756,.F.);
#10073=ADVANCED_FACE('',(#9329),#9757,.F.);
#10074=ADVANCED_FACE('',(#9330),#9758,.F.);
#10075=ADVANCED_FACE('',(#9331),#9759,.T.);
#10076=ADVANCED_FACE('',(#9332),#9760,.T.);
#10077=ADVANCED_FACE('',(#9333),#9761,.F.);
#10078=ADVANCED_FACE('',(#9334),#169,.F.);
#10079=ADVANCED_FACE('',(#9335),#170,.F.);
#10080=ADVANCED_FACE('',(#9336),#171,.F.);
#10081=ADVANCED_FACE('',(#9337),#172,.F.);
#10082=ADVANCED_FACE('',(#9338),#173,.F.);
#10083=ADVANCED_FACE('',(#9339),#174,.F.);
#10084=ADVANCED_FACE('',(#9340),#175,.F.);
#10085=ADVANCED_FACE('',(#9341),#176,.F.);
#10086=ADVANCED_FACE('',(#9342),#9762,.T.);
#10087=ADVANCED_FACE('',(#9343),#9763,.F.);
#10088=ADVANCED_FACE('',(#9344),#9764,.F.);
#10089=ADVANCED_FACE('',(#9345),#177,.T.);
#10090=ADVANCED_FACE('',(#9346),#178,.T.);
#10091=ADVANCED_FACE('',(#9347),#179,.T.);
#10092=ADVANCED_FACE('',(#9348),#180,.T.);
#10093=ADVANCED_FACE('',(#9349),#181,.F.);
#10094=ADVANCED_FACE('',(#9350),#182,.F.);
#10095=ADVANCED_FACE('',(#9351),#183,.F.);
#10096=ADVANCED_FACE('',(#9352),#184,.F.);
#10097=ADVANCED_FACE('',(#9353),#185,.F.);
#10098=ADVANCED_FACE('',(#9354),#186,.F.);
#10099=ADVANCED_FACE('',(#9355),#187,.F.);
#10100=ADVANCED_FACE('',(#9356),#9765,.T.);
#10101=ADVANCED_FACE('',(#9357),#9766,.F.);
#10102=ADVANCED_FACE('',(#9358),#9767,.F.);
#10103=ADVANCED_FACE('',(#9359),#9768,.T.);
#10104=ADVANCED_FACE('',(#9360),#9769,.F.);
#10105=ADVANCED_FACE('',(#9361),#9770,.T.);
#10106=ADVANCED_FACE('',(#9362),#188,.F.);
#10107=ADVANCED_FACE('',(#9363),#189,.F.);
#10108=ADVANCED_FACE('',(#9364),#190,.F.);
#10109=ADVANCED_FACE('',(#9365),#191,.F.);
#10110=ADVANCED_FACE('',(#9366),#192,.F.);
#10111=ADVANCED_FACE('',(#9367),#193,.F.);
#10112=ADVANCED_FACE('',(#9368,#9369),#194,.F.);
#10113=ADVANCED_FACE('',(#9370,#9371),#195,.F.);
#10114=ADVANCED_FACE('',(#9372,#9373),#196,.F.);
#10115=ADVANCED_FACE('',(#9374,#9375),#197,.F.);
#10116=ADVANCED_FACE('',(#9376,#9377),#198,.F.);
#10117=ADVANCED_FACE('',(#9378,#9379),#199,.F.);
#10118=ADVANCED_FACE('',(#9380,#9381),#200,.F.);
#10119=ADVANCED_FACE('',(#9382,#9383),#201,.F.);
#10120=ADVANCED_FACE('',(#9384,#9385),#202,.F.);
#10121=ADVANCED_FACE('',(#9386,#9387),#203,.F.);
#10122=ADVANCED_FACE('',(#9388,#9389),#12,.F.);
#10123=ADVANCED_FACE('',(#9390,#9391),#13,.F.);
#10124=ADVANCED_FACE('',(#9392,#9393),#14,.F.);
#10125=ADVANCED_FACE('',(#9394,#9395),#15,.F.);
#10126=ADVANCED_FACE('',(#9396,#9397),#16,.F.);
#10127=ADVANCED_FACE('',(#9398,#9399),#17,.F.);
#10128=ADVANCED_FACE('',(#9400,#9401),#18,.F.);
#10129=ADVANCED_FACE('',(#9402,#9403),#19,.F.);
#10130=ADVANCED_FACE('',(#9404,#9405),#20,.F.);
#10131=ADVANCED_FACE('',(#9406,#9407),#21,.F.);
#10132=ADVANCED_FACE('',(#9408,#9409),#22,.F.);
#10133=ADVANCED_FACE('',(#9410,#9411),#23,.F.);
#10134=ADVANCED_FACE('',(#9412,#9413),#24,.F.);
#10135=ADVANCED_FACE('',(#9414,#9415),#25,.F.);
#10136=ADVANCED_FACE('',(#9416,#9417),#26,.F.);
#10137=ADVANCED_FACE('',(#9418,#9419),#27,.F.);
#10138=ADVANCED_FACE('',(#9420,#9421),#28,.F.);
#10139=ADVANCED_FACE('',(#9422,#9423),#29,.F.);
#10140=ADVANCED_FACE('',(#9424,#9425),#30,.F.);
#10141=ADVANCED_FACE('',(#9426,#9427),#31,.F.);
#10142=ADVANCED_FACE('',(#9428),#9771,.T.);
#10143=ADVANCED_FACE('',(#9429),#9772,.T.);
#10144=ADVANCED_FACE('',(#9430),#9773,.T.);
#10145=ADVANCED_FACE('',(#9431),#204,.T.);
#10146=ADVANCED_FACE('',(#9432),#9774,.F.);
#10147=ADVANCED_FACE('',(#9433),#9775,.F.);
#10148=ADVANCED_FACE('',(#9434),#205,.F.);
#10149=ADVANCED_FACE('',(#9435),#206,.F.);
#10150=ADVANCED_FACE('',(#9436),#207,.F.);
#10151=ADVANCED_FACE('',(#9437),#208,.F.);
#10152=ADVANCED_FACE('',(#9438),#209,.F.);
#10153=ADVANCED_FACE('',(#9439),#210,.F.);
#10154=ADVANCED_FACE('',(#9440),#211,.T.);
#10155=ADVANCED_FACE('',(#9441),#9776,.T.);
#10156=ADVANCED_FACE('',(#9442),#9777,.F.);
#10157=ADVANCED_FACE('',(#9443),#212,.F.);
#10158=ADVANCED_FACE('',(#9444),#213,.F.);
#10159=ADVANCED_FACE('',(#9445),#214,.F.);
#10160=ADVANCED_FACE('',(#9446),#215,.T.);
#10161=ADVANCED_FACE('',(#9447),#9778,.F.);
#10162=ADVANCED_FACE('',(#9448),#216,.T.);
#10163=ADVANCED_FACE('',(#9449),#217,.F.);
#10164=ADVANCED_FACE('',(#9450),#218,.F.);
#10165=ADVANCED_FACE('',(#9451),#219,.F.);
#10166=ADVANCED_FACE('',(#9452),#220,.T.);
#10167=ADVANCED_FACE('',(#9453),#9779,.F.);
#10168=ADVANCED_FACE('',(#9454),#221,.T.);
#10169=ADVANCED_FACE('',(#9455),#222,.T.);
#10170=ADVANCED_FACE('',(#9456),#9780,.T.);
#10171=ADVANCED_FACE('',(#9457),#223,.F.);
#10172=ADVANCED_FACE('',(#9458),#224,.F.);
#10173=ADVANCED_FACE('',(#9459),#225,.F.);
#10174=ADVANCED_FACE('',(#9460),#226,.F.);
#10175=ADVANCED_FACE('',(#9461),#227,.F.);
#10176=ADVANCED_FACE('',(#9462),#228,.T.);
#10177=ADVANCED_FACE('',(#9463),#229,.T.);
#10178=ADVANCED_FACE('',(#9464),#9781,.T.);
#10179=ADVANCED_FACE('',(#9465),#230,.F.);
#10180=ADVANCED_FACE('',(#9466),#231,.F.);
#10181=ADVANCED_FACE('',(#9467),#232,.F.);
#10182=ADVANCED_FACE('',(#9468),#233,.T.);
#10183=ADVANCED_FACE('',(#9469),#234,.T.);
#10184=ADVANCED_FACE('',(#9470),#9782,.F.);
#10185=ADVANCED_FACE('',(#9471),#235,.F.);
#10186=ADVANCED_FACE('',(#9472),#236,.F.);
#10187=ADVANCED_FACE('',(#9473),#237,.F.);
#10188=ADVANCED_FACE('',(#9474),#9783,.F.);
#10189=ADVANCED_FACE('',(#9475),#9784,.F.);
#10190=ADVANCED_FACE('',(#9476),#238,.T.);
#10191=ADVANCED_FACE('',(#9477),#239,.F.);
#10192=ADVANCED_FACE('',(#9478),#240,.F.);
#10193=ADVANCED_FACE('',(#9479),#241,.F.);
#10194=ADVANCED_FACE('',(#9480),#9785,.T.);
#10195=ADVANCED_FACE('',(#9481),#242,.T.);
#10196=ADVANCED_FACE('',(#9482),#243,.T.);
#10197=ADVANCED_FACE('',(#9483),#244,.F.);
#10198=ADVANCED_FACE('',(#9484),#245,.F.);
#10199=ADVANCED_FACE('',(#9485),#246,.F.);
#10200=ADVANCED_FACE('',(#9486),#9786,.F.);
#10201=ADVANCED_FACE('',(#9487),#247,.T.);
#10202=ADVANCED_FACE('',(#9488),#248,.T.);
#10203=ADVANCED_FACE('',(#9489),#9787,.T.);
#10204=ADVANCED_FACE('',(#9490),#9788,.F.);
#10205=ADVANCED_FACE('',(#9491),#249,.F.);
#10206=ADVANCED_FACE('',(#9492),#250,.F.);
#10207=ADVANCED_FACE('',(#9493),#251,.F.);
#10208=ADVANCED_FACE('',(#9494),#252,.F.);
#10209=ADVANCED_FACE('',(#9495),#253,.F.);
#10210=ADVANCED_FACE('',(#9496),#9789,.T.);
#10211=ADVANCED_FACE('',(#9497),#9790,.T.);
#10212=ADVANCED_FACE('',(#9498),#9791,.T.);
#10213=ADVANCED_FACE('',(#9499),#254,.T.);
#10214=ADVANCED_FACE('',(#9500),#255,.T.);
#10215=ADVANCED_FACE('',(#9501),#256,.F.);
#10216=ADVANCED_FACE('',(#9502),#257,.F.);
#10217=ADVANCED_FACE('',(#9503),#258,.F.);
#10218=ADVANCED_FACE('',(#9504),#259,.F.);
#10219=ADVANCED_FACE('',(#9505),#260,.F.);
#10220=ADVANCED_FACE('',(#9506),#9792,.T.);
#10221=ADVANCED_FACE('',(#9507),#9793,.T.);
#10222=ADVANCED_FACE('',(#9508),#9794,.F.);
#10223=ADVANCED_FACE('',(#9509),#9795,.F.);
#10224=ADVANCED_FACE('',(#9510),#261,.F.);
#10225=ADVANCED_FACE('',(#9511),#262,.F.);
#10226=ADVANCED_FACE('',(#9512),#263,.F.);
#10227=ADVANCED_FACE('',(#9513),#264,.F.);
#10228=ADVANCED_FACE('',(#9514),#9796,.F.);
#10229=ADVANCED_FACE('',(#9515),#9797,.F.);
#10230=ADVANCED_FACE('',(#9516),#9798,.T.);
#10231=ADVANCED_FACE('',(#9517),#265,.T.);
#10232=ADVANCED_FACE('',(#9518),#9799,.F.);
#10233=ADVANCED_FACE('',(#9519),#9800,.F.);
#10234=ADVANCED_FACE('',(#9520),#266,.F.);
#10235=ADVANCED_FACE('',(#9521),#267,.F.);
#10236=ADVANCED_FACE('',(#9522),#268,.F.);
#10237=ADVANCED_FACE('',(#9523),#269,.F.);
#10238=ADVANCED_FACE('',(#9524),#270,.F.);
#10239=ADVANCED_FACE('',(#9525),#271,.F.);
#10240=ADVANCED_FACE('',(#9526),#9801,.T.);
#10241=ADVANCED_FACE('',(#9527),#272,.T.);
#10242=ADVANCED_FACE('',(#9528),#273,.T.);
#10243=ADVANCED_FACE('',(#9529),#274,.T.);
#10244=ADVANCED_FACE('',(#9530),#9802,.T.);
#10245=ADVANCED_FACE('',(#9531),#275,.F.);
#10246=ADVANCED_FACE('',(#9532),#276,.F.);
#10247=ADVANCED_FACE('',(#9533),#277,.F.);
#10248=ADVANCED_FACE('',(#9534),#278,.F.);
#10249=ADVANCED_FACE('',(#9535),#279,.F.);
#10250=ADVANCED_FACE('',(#9536),#280,.T.);
#10251=ADVANCED_FACE('',(#9537),#281,.T.);
#10252=ADVANCED_FACE('',(#9538),#9803,.F.);
#10253=ADVANCED_FACE('',(#9539),#282,.F.);
#10254=ADVANCED_FACE('',(#9540),#283,.F.);
#10255=ADVANCED_FACE('',(#9541),#284,.F.);
#10256=ADVANCED_FACE('',(#9542),#285,.T.);
#10257=ADVANCED_FACE('',(#9543),#286,.T.);
#10258=ADVANCED_FACE('',(#9544),#9804,.T.);
#10259=ADVANCED_FACE('',(#9545),#287,.F.);
#10260=ADVANCED_FACE('',(#9546),#288,.F.);
#10261=ADVANCED_FACE('',(#9547),#289,.F.);
#10262=ADVANCED_FACE('',(#9548),#9805,.F.);
#10263=ADVANCED_FACE('',(#9549),#9806,.F.);
#10264=ADVANCED_FACE('',(#9550),#9807,.T.);
#10265=ADVANCED_FACE('',(#9551),#9808,.T.);
#10266=ADVANCED_FACE('',(#9552),#290,.F.);
#10267=ADVANCED_FACE('',(#9553),#291,.F.);
#10268=ADVANCED_FACE('',(#9554),#292,.F.);
#10269=ADVANCED_FACE('',(#9555),#293,.F.);
#10270=ADVANCED_FACE('',(#9556),#9809,.T.);
#10271=ADVANCED_FACE('',(#9557),#9810,.T.);
#10272=ADVANCED_FACE('',(#9558),#9811,.F.);
#10273=ADVANCED_FACE('',(#9559),#9812,.F.);
#10274=ADVANCED_FACE('',(#9560),#294,.F.);
#10275=ADVANCED_FACE('',(#9561),#295,.F.);
#10276=ADVANCED_FACE('',(#9562),#296,.F.);
#10277=ADVANCED_FACE('',(#9563),#297,.F.);
#10278=ADVANCED_FACE('',(#9564),#9813,.F.);
#10279=ADVANCED_FACE('',(#9565),#9814,.T.);
#10280=ADVANCED_FACE('',(#9566),#9815,.T.);
#10281=ADVANCED_FACE('',(#9567),#9816,.T.);
#10282=ADVANCED_FACE('',(#9568),#9817,.F.);
#10283=ADVANCED_FACE('',(#9569),#9818,.F.);
#10284=ADVANCED_FACE('',(#9570),#298,.F.);
#10285=ADVANCED_FACE('',(#9571),#299,.F.);
#10286=ADVANCED_FACE('',(#9572),#300,.F.);
#10287=ADVANCED_FACE('',(#9573),#301,.F.);
#10288=ADVANCED_FACE('',(#9574),#302,.F.);
#10289=ADVANCED_FACE('',(#9575),#303,.F.);
#10290=ADVANCED_FACE('',(#9576),#9819,.T.);
#10291=ADVANCED_FACE('',(#9577),#9820,.F.);
#10292=ADVANCED_FACE('',(#9578),#9821,.F.);
#10293=ADVANCED_FACE('',(#9579),#9822,.T.);
#10294=ADVANCED_FACE('',(#9580),#9823,.F.);
#10295=ADVANCED_FACE('',(#9581),#304,.T.);
#10296=ADVANCED_FACE('',(#9582),#305,.T.);
#10297=ADVANCED_FACE('',(#9583),#306,.F.);
#10298=ADVANCED_FACE('',(#9584),#307,.F.);
#10299=ADVANCED_FACE('',(#9585),#308,.F.);
#10300=ADVANCED_FACE('',(#9586),#309,.F.);
#10301=ADVANCED_FACE('',(#9587),#310,.F.);
#10302=ADVANCED_FACE('',(#9588),#311,.F.);
#10303=ADVANCED_FACE('',(#9589),#312,.F.);
#10304=ADVANCED_FACE('',(#9590),#9824,.T.);
#10305=ADVANCED_FACE('',(#9591),#9825,.F.);
#10306=ADVANCED_FACE('',(#9592),#9826,.T.);
#10307=ADVANCED_FACE('',(#9593),#9827,.T.);
#10308=ADVANCED_FACE('',(#9594),#9828,.F.);
#10309=ADVANCED_FACE('',(#9595),#313,.T.);
#10310=ADVANCED_FACE('',(#9596),#314,.T.);
#10311=ADVANCED_FACE('',(#9597),#315,.F.);
#10312=ADVANCED_FACE('',(#9598),#316,.F.);
#10313=ADVANCED_FACE('',(#9599),#317,.F.);
#10314=ADVANCED_FACE('',(#9600),#318,.F.);
#10315=ADVANCED_FACE('',(#9601),#319,.F.);
#10316=ADVANCED_FACE('',(#9602),#320,.F.);
#10317=ADVANCED_FACE('',(#9603),#321,.F.);
#10318=ADVANCED_FACE('',(#9604),#9829,.F.);
#10319=ADVANCED_FACE('',(#9605),#9830,.T.);
#10320=ADVANCED_FACE('',(#9606),#9831,.T.);
#10321=ADVANCED_FACE('',(#9607),#9832,.T.);
#10322=ADVANCED_FACE('',(#9608),#9833,.F.);
#10323=ADVANCED_FACE('',(#9609),#9834,.F.);
#10324=ADVANCED_FACE('',(#9610),#322,.F.);
#10325=ADVANCED_FACE('',(#9611),#323,.F.);
#10326=ADVANCED_FACE('',(#9612),#324,.F.);
#10327=ADVANCED_FACE('',(#9613),#325,.F.);
#10328=ADVANCED_FACE('',(#9614),#326,.F.);
#10329=ADVANCED_FACE('',(#9615),#327,.F.);
#10330=ADVANCED_FACE('',(#9616),#9835,.T.);
#10331=ADVANCED_FACE('',(#9617),#9836,.T.);
#10332=ADVANCED_FACE('',(#9618),#9837,.F.);
#10333=ADVANCED_FACE('',(#9619),#9838,.F.);
#10334=ADVANCED_FACE('',(#9620),#328,.F.);
#10335=ADVANCED_FACE('',(#9621),#329,.F.);
#10336=ADVANCED_FACE('',(#9622),#330,.F.);
#10337=ADVANCED_FACE('',(#9623),#331,.F.);
#10338=ADVANCED_FACE('',(#9624),#9839,.T.);
#10339=ADVANCED_FACE('',(#9625),#9840,.T.);
#10340=ADVANCED_FACE('',(#9626),#9841,.F.);
#10341=ADVANCED_FACE('',(#9627),#9842,.F.);
#10342=ADVANCED_FACE('',(#9628),#332,.F.);
#10343=ADVANCED_FACE('',(#9629),#333,.F.);
#10344=ADVANCED_FACE('',(#9630),#334,.F.);
#10345=ADVANCED_FACE('',(#9631),#335,.F.);
#10346=ADVANCED_FACE('',(#9632),#9843,.F.);
#10347=ADVANCED_FACE('',(#9633),#9844,.F.);
#10348=ADVANCED_FACE('',(#9634),#336,.F.);
#10349=ADVANCED_FACE('',(#9635),#337,.F.);
#10350=ADVANCED_FACE('',(#9636),#338,.F.);
#10351=ADVANCED_FACE('',(#9637),#9845,.F.);
#10352=ADVANCED_FACE('',(#9638),#9846,.T.);
#10353=ADVANCED_FACE('',(#9639),#9847,.T.);
#10354=ADVANCED_FACE('',(#9640),#9848,.F.);
#10355=ADVANCED_FACE('',(#9641),#9849,.F.);
#10356=ADVANCED_FACE('',(#9642),#339,.T.);
#10357=ADVANCED_FACE('',(#9643),#340,.T.);
#10358=ADVANCED_FACE('',(#9644),#341,.F.);
#10359=ADVANCED_FACE('',(#9645),#342,.F.);
#10360=ADVANCED_FACE('',(#9646),#343,.F.);
#10361=ADVANCED_FACE('',(#9647),#344,.F.);
#10362=ADVANCED_FACE('',(#9648),#345,.F.);
#10363=ADVANCED_FACE('',(#9649),#346,.F.);
#10364=ADVANCED_FACE('',(#9650),#347,.F.);
#10365=ADVANCED_FACE('',(#9651),#9850,.T.);
#10366=ADVANCED_FACE('',(#9652),#9851,.T.);
#10367=ADVANCED_FACE('',(#9653),#9852,.T.);
#10368=ADVANCED_FACE('',(#9654),#9853,.F.);
#10369=ADVANCED_FACE('',(#9655),#9854,.F.);
#10370=ADVANCED_FACE('',(#9656),#348,.T.);
#10371=ADVANCED_FACE('',(#9657),#349,.T.);
#10372=ADVANCED_FACE('',(#9658),#350,.F.);
#10373=ADVANCED_FACE('',(#9659),#351,.F.);
#10374=ADVANCED_FACE('',(#9660),#352,.F.);
#10375=ADVANCED_FACE('',(#9661),#353,.F.);
#10376=ADVANCED_FACE('',(#9662),#354,.F.);
#10377=ADVANCED_FACE('',(#9663),#355,.F.);
#10378=ADVANCED_FACE('',(#9664),#356,.F.);
#10379=ADVANCED_FACE('',(#9665),#9855,.F.);
#10380=ADVANCED_FACE('',(#9666),#9856,.F.);
#10381=ADVANCED_FACE('',(#9667),#357,.F.);
#10382=ADVANCED_FACE('',(#9668),#358,.F.);
#10383=ADVANCED_FACE('',(#9669),#359,.F.);
#10384=ADVANCED_FACE('',(#9670),#9857,.T.);
#10385=ADVANCED_FACE('',(#9671),#9858,.T.);
#10386=ADVANCED_FACE('',(#9672),#9859,.F.);
#10387=ADVANCED_FACE('',(#9673),#9860,.F.);
#10388=ADVANCED_FACE('',(#9674),#360,.F.);
#10389=ADVANCED_FACE('',(#9675),#361,.F.);
#10390=ADVANCED_FACE('',(#9676),#362,.F.);
#10391=ADVANCED_FACE('',(#9677),#363,.F.);
#10392=ADVANCED_FACE('',(#9678),#9861,.T.);
#10393=ADVANCED_FACE('',(#9679),#9862,.T.);
#10394=ADVANCED_FACE('',(#9680),#364,.F.);
#10395=ADVANCED_FACE('',(#9681),#365,.F.);
#10396=ADVANCED_FACE('',(#9682),#366,.F.);
#10397=ADVANCED_FACE('',(#9683),#367,.F.);
#10398=CLOSED_SHELL('',(#9863,#9864,#9865,#9866,#9867,#9868,#9869,#9870,
#9871,#9872,#9873,#9874,#9875,#9876,#9877,#9878,#9879,#9880,#9881,#9882,
#9883,#9884,#9885,#9886,#9887,#9888,#9889,#9890,#9891,#9892,#9893,#9894,
#9895,#9896,#9897,#9898,#9899,#9900,#9901,#9902,#9903,#9904,#9905,#9906,
#9907,#9908,#9909,#9910,#9911,#9912,#9913,#9914,#9915,#9916,#9917,#9918,
#9919,#9920,#9921,#9922,#9923,#9924,#9925,#9926,#9927,#9928,#9929,#9930,
#9931,#9932,#9933,#9934,#9935,#9936,#9937,#9938,#9939,#9940,#9941,#9942,
#9943,#9944,#9945,#9946,#9947,#9948,#9949,#9950,#9951,#9952,#9953,#9954,
#9955,#9956,#9957,#9958,#9959,#9960,#9961,#9962,#9963,#9964,#9965,#9966,
#9967,#9968,#9969,#9970,#9971,#9972,#9973,#9974,#9975,#9976,#9977,#9978,
#9979,#9980,#9981,#9982,#9983,#9984,#9985,#9986,#9987,#9988,#9989,#9990,
#9991,#9992,#9993,#9994,#9995,#9996,#9997,#9998,#9999,#10000,#10001,#10002,
#10003,#10004,#10005,#10006,#10007,#10008,#10009,#10010,#10011,#10012,#10013,
#10014,#10015,#10016,#10017,#10018,#10019,#10020,#10021,#10022,#10023,#10024,
#10025,#10026,#10027,#10028,#10029,#10030,#10031,#10032,#10033,#10034,#10035,
#10036,#10037,#10038,#10039,#10040,#10041,#10042,#10043,#10044,#10045,#10046,
#10047,#10048,#10049,#10050,#10051,#10052,#10053,#10054,#10055,#10056,#10057,
#10058,#10059,#10060,#10061,#10062,#10063,#10064,#10065,#10066,#10067,#10068,
#10069,#10070,#10071,#10072,#10073,#10074,#10075,#10076,#10077,#10078,#10079,
#10080,#10081,#10082,#10083,#10084,#10085,#10086,#10087,#10088,#10089,#10090,
#10091,#10092,#10093,#10094,#10095,#10096,#10097,#10098,#10099,#10100,#10101,
#10102,#10103,#10104,#10105,#10106,#10107,#10108,#10109,#10110,#10111,#10112,
#10113,#10114,#10115,#10116,#10117,#10118,#10119,#10120,#10121,#10122,#10123,
#10124,#10125,#10126,#10127,#10128,#10129,#10130,#10131,#10132,#10133,#10134,
#10135,#10136,#10137,#10138,#10139,#10140,#10141,#10142,#10143,#10144,#10145,
#10146,#10147,#10148,#10149,#10150,#10151,#10152,#10153,#10154,#10155,#10156,
#10157,#10158,#10159,#10160,#10161,#10162,#10163,#10164,#10165,#10166,#10167,
#10168,#10169,#10170,#10171,#10172,#10173,#10174,#10175,#10176,#10177,#10178,
#10179,#10180,#10181,#10182,#10183,#10184,#10185,#10186,#10187,#10188,#10189,
#10190,#10191,#10192,#10193,#10194,#10195,#10196,#10197,#10198,#10199,#10200,
#10201,#10202,#10203,#10204,#10205,#10206,#10207,#10208,#10209,#10210,#10211,
#10212,#10213,#10214,#10215,#10216,#10217,#10218,#10219,#10220,#10221,#10222,
#10223,#10224,#10225,#10226,#10227,#10228,#10229,#10230,#10231,#10232,#10233,
#10234,#10235,#10236,#10237,#10238,#10239,#10240,#10241,#10242,#10243,#10244,
#10245,#10246,#10247,#10248,#10249,#10250,#10251,#10252,#10253,#10254,#10255,
#10256,#10257,#10258,#10259,#10260,#10261,#10262,#10263,#10264,#10265,#10266,
#10267,#10268,#10269,#10270,#10271,#10272,#10273,#10274,#10275,#10276,#10277,
#10278,#10279,#10280,#10281,#10282,#10283,#10284,#10285,#10286,#10287,#10288,
#10289,#10290,#10291,#10292,#10293,#10294,#10295,#10296,#10297,#10298,#10299,
#10300,#10301,#10302,#10303,#10304,#10305,#10306,#10307,#10308,#10309,#10310,
#10311,#10312,#10313,#10314,#10315,#10316,#10317,#10318,#10319,#10320,#10321,
#10322,#10323,#10324,#10325,#10326,#10327,#10328,#10329,#10330,#10331,#10332,
#10333,#10334,#10335,#10336,#10337,#10338,#10339,#10340,#10341,#10342,#10343,
#10344,#10345,#10346,#10347,#10348,#10349,#10350,#10351,#10352,#10353,#10354,
#10355,#10356,#10357,#10358,#10359,#10360,#10361,#10362,#10363,#10364,#10365,
#10366,#10367,#10368,#10369,#10370,#10371,#10372,#10373,#10374,#10375,#10376,
#10377,#10378,#10379,#10380,#10381,#10382,#10383,#10384,#10385,#10386,#10387,
#10388,#10389,#10390,#10391,#10392,#10393,#10394,#10395,#10396,#10397));
#10399=STYLED_ITEM('',(#10400),#10407);
#10400=PRESENTATION_STYLE_ASSIGNMENT((#10401));
#10401=SURFACE_STYLE_USAGE(.BOTH.,#10402);
#10402=SURFACE_SIDE_STYLE('',(#10403));
#10403=SURFACE_STYLE_FILL_AREA(#10404);
#10404=FILL_AREA_STYLE('',(#10405));
#10405=FILL_AREA_STYLE_COLOUR('',#10406);
#10406=DRAUGHTING_PRE_DEFINED_COLOUR('white');
#10407=MANIFOLD_SOLID_BREP('Back Panel',#10398);
#10408=SHAPE_DEFINITION_REPRESENTATION(#17924,#10409);
#10409=SHAPE_REPRESENTATION('Back Panel',(#10410),#17919);
#10410=AXIS2_PLACEMENT_3D('',#14866,#11622,#11623);
#10411=AXIS2_PLACEMENT_3D('',#14867,#11624,#11625);
#10412=AXIS2_PLACEMENT_3D('',#14876,#11630,#11631);
#10413=AXIS2_PLACEMENT_3D('',#14885,#11636,#11637);
#10414=AXIS2_PLACEMENT_3D('',#14894,#11642,#11643);
#10415=AXIS2_PLACEMENT_3D('',#14903,#11648,#11649);
#10416=AXIS2_PLACEMENT_3D('',#14904,#11650,#11651);
#10417=AXIS2_PLACEMENT_3D('',#14908,#11653,#11654);
#10418=AXIS2_PLACEMENT_3D('',#14909,#11655,#11656);
#10419=AXIS2_PLACEMENT_3D('',#14913,#11658,#11659);
#10420=AXIS2_PLACEMENT_3D('',#14917,#11661,#11662);
#10421=AXIS2_PLACEMENT_3D('',#14918,#11663,#11664);
#10422=AXIS2_PLACEMENT_3D('',#14922,#11666,#11667);
#10423=AXIS2_PLACEMENT_3D('',#14923,#11668,#11669);
#10424=AXIS2_PLACEMENT_3D('',#14927,#11671,#11672);
#10425=AXIS2_PLACEMENT_3D('',#14931,#11674,#11675);
#10426=AXIS2_PLACEMENT_3D('',#14940,#11680,#11681);
#10427=AXIS2_PLACEMENT_3D('',#14942,#11682,#11683);
#10428=AXIS2_PLACEMENT_3D('',#14944,#11684,#11685);
#10429=AXIS2_PLACEMENT_3D('',#14949,#11687,#11688);
#10430=AXIS2_PLACEMENT_3D('',#14953,#11690,#11691);
#10431=AXIS2_PLACEMENT_3D('',#14957,#11693,#11694);
#10432=AXIS2_PLACEMENT_3D('',#14960,#11696,#11697);
#10433=AXIS2_PLACEMENT_3D('',#14965,#11699,#11700);
#10434=AXIS2_PLACEMENT_3D('',#14969,#11702,#11703);
#10435=AXIS2_PLACEMENT_3D('',#14973,#11705,#11706);
#10436=AXIS2_PLACEMENT_3D('',#14975,#11707,#11708);
#10437=AXIS2_PLACEMENT_3D('',#14977,#11709,#11710);
#10438=AXIS2_PLACEMENT_3D('',#14979,#11711,#11712);
#10439=AXIS2_PLACEMENT_3D('',#14981,#11713,#11714);
#10440=AXIS2_PLACEMENT_3D('',#14985,#11716,#11717);
#10441=AXIS2_PLACEMENT_3D('',#14991,#11720,#11721);
#10442=AXIS2_PLACEMENT_3D('',#14995,#11723,#11724);
#10443=AXIS2_PLACEMENT_3D('',#14999,#11726,#11727);
#10444=AXIS2_PLACEMENT_3D('',#15003,#11729,#11730);
#10445=AXIS2_PLACEMENT_3D('',#15007,#11732,#11733);
#10446=AXIS2_PLACEMENT_3D('',#15009,#11734,#11735);
#10447=AXIS2_PLACEMENT_3D('',#15011,#11736,#11737);
#10448=AXIS2_PLACEMENT_3D('',#15013,#11738,#11739);
#10449=AXIS2_PLACEMENT_3D('',#15015,#11740,#11741);
#10450=AXIS2_PLACEMENT_3D('',#15016,#11742,#11743);
#10451=AXIS2_PLACEMENT_3D('',#15021,#11745,#11746);
#10452=AXIS2_PLACEMENT_3D('',#15025,#11748,#11749);
#10453=AXIS2_PLACEMENT_3D('',#15029,#11751,#11752);
#10454=AXIS2_PLACEMENT_3D('',#15032,#11754,#11755);
#10455=AXIS2_PLACEMENT_3D('',#15036,#11757,#11758);
#10456=AXIS2_PLACEMENT_3D('',#15040,#11760,#11761);
#10457=AXIS2_PLACEMENT_3D('',#15044,#11763,#11764);
#10458=AXIS2_PLACEMENT_3D('',#15048,#11766,#11767);
#10459=AXIS2_PLACEMENT_3D('',#15052,#11769,#11770);
#10460=AXIS2_PLACEMENT_3D('',#15056,#11772,#11773);
#10461=AXIS2_PLACEMENT_3D('',#15060,#11775,#11776);
#10462=AXIS2_PLACEMENT_3D('',#15064,#11778,#11779);
#10463=AXIS2_PLACEMENT_3D('',#15068,#11781,#11782);
#10464=AXIS2_PLACEMENT_3D('',#15072,#11784,#11785);
#10465=AXIS2_PLACEMENT_3D('',#15076,#11787,#11788);
#10466=AXIS2_PLACEMENT_3D('',#15080,#11790,#11791);
#10467=AXIS2_PLACEMENT_3D('',#15089,#11796,#11797);
#10468=AXIS2_PLACEMENT_3D('',#15091,#11798,#11799);
#10469=AXIS2_PLACEMENT_3D('',#15093,#11800,#11801);
#10470=AXIS2_PLACEMENT_3D('',#15098,#11803,#11804);
#10471=AXIS2_PLACEMENT_3D('',#15102,#11806,#11807);
#10472=AXIS2_PLACEMENT_3D('',#15106,#11809,#11810);
#10473=AXIS2_PLACEMENT_3D('',#15109,#11812,#11813);
#10474=AXIS2_PLACEMENT_3D('',#15114,#11815,#11816);
#10475=AXIS2_PLACEMENT_3D('',#15118,#11818,#11819);
#10476=AXIS2_PLACEMENT_3D('',#15122,#11821,#11822);
#10477=AXIS2_PLACEMENT_3D('',#15124,#11823,#11824);
#10478=AXIS2_PLACEMENT_3D('',#15126,#11825,#11826);
#10479=AXIS2_PLACEMENT_3D('',#15128,#11827,#11828);
#10480=AXIS2_PLACEMENT_3D('',#15130,#11829,#11830);
#10481=AXIS2_PLACEMENT_3D('',#15134,#11832,#11833);
#10482=AXIS2_PLACEMENT_3D('',#15140,#11836,#11837);
#10483=AXIS2_PLACEMENT_3D('',#15144,#11839,#11840);
#10484=AXIS2_PLACEMENT_3D('',#15148,#11842,#11843);
#10485=AXIS2_PLACEMENT_3D('',#15152,#11845,#11846);
#10486=AXIS2_PLACEMENT_3D('',#15156,#11848,#11849);
#10487=AXIS2_PLACEMENT_3D('',#15158,#11850,#11851);
#10488=AXIS2_PLACEMENT_3D('',#15160,#11852,#11853);
#10489=AXIS2_PLACEMENT_3D('',#15162,#11854,#11855);
#10490=AXIS2_PLACEMENT_3D('',#15164,#11856,#11857);
#10491=AXIS2_PLACEMENT_3D('',#15165,#11858,#11859);
#10492=AXIS2_PLACEMENT_3D('',#15170,#11861,#11862);
#10493=AXIS2_PLACEMENT_3D('',#15174,#11864,#11865);
#10494=AXIS2_PLACEMENT_3D('',#15178,#11867,#11868);
#10495=AXIS2_PLACEMENT_3D('',#15181,#11870,#11871);
#10496=AXIS2_PLACEMENT_3D('',#15185,#11873,#11874);
#10497=AXIS2_PLACEMENT_3D('',#15189,#11876,#11877);
#10498=AXIS2_PLACEMENT_3D('',#15193,#11879,#11880);
#10499=AXIS2_PLACEMENT_3D('',#15197,#11882,#11883);
#10500=AXIS2_PLACEMENT_3D('',#15201,#11885,#11886);
#10501=AXIS2_PLACEMENT_3D('',#15205,#11888,#11889);
#10502=AXIS2_PLACEMENT_3D('',#15209,#11891,#11892);
#10503=AXIS2_PLACEMENT_3D('',#15213,#11894,#11895);
#10504=AXIS2_PLACEMENT_3D('',#15217,#11897,#11898);
#10505=AXIS2_PLACEMENT_3D('',#15221,#11900,#11901);
#10506=AXIS2_PLACEMENT_3D('',#15230,#11906,#11907);
#10507=AXIS2_PLACEMENT_3D('',#15232,#11908,#11909);
#10508=AXIS2_PLACEMENT_3D('',#15237,#11911,#11912);
#10509=AXIS2_PLACEMENT_3D('',#15241,#11914,#11915);
#10510=AXIS2_PLACEMENT_3D('',#15245,#11917,#11918);
#10511=AXIS2_PLACEMENT_3D('',#15249,#11920,#11921);
#10512=AXIS2_PLACEMENT_3D('',#15253,#11923,#11924);
#10513=AXIS2_PLACEMENT_3D('',#15257,#11926,#11927);
#10514=AXIS2_PLACEMENT_3D('',#15261,#11929,#11930);
#10515=AXIS2_PLACEMENT_3D('',#15265,#11932,#11933);
#10516=AXIS2_PLACEMENT_3D('',#15269,#11935,#11936);
#10517=AXIS2_PLACEMENT_3D('',#15273,#11938,#11939);
#10518=AXIS2_PLACEMENT_3D('',#15274,#11940,#11941);
#10519=AXIS2_PLACEMENT_3D('',#15279,#11943,#11944);
#10520=AXIS2_PLACEMENT_3D('',#15281,#11945,#11946);
#10521=AXIS2_PLACEMENT_3D('',#15283,#11947,#11948);
#10522=AXIS2_PLACEMENT_3D('',#15285,#11949,#11950);
#10523=AXIS2_PLACEMENT_3D('',#15287,#11951,#11952);
#10524=AXIS2_PLACEMENT_3D('',#15291,#11954,#11955);
#10525=AXIS2_PLACEMENT_3D('',#15295,#11957,#11958);
#10526=AXIS2_PLACEMENT_3D('',#15299,#11960,#11961);
#10527=AXIS2_PLACEMENT_3D('',#15302,#11963,#11964);
#10528=AXIS2_PLACEMENT_3D('',#15305,#11965,#11966);
#10529=AXIS2_PLACEMENT_3D('',#15309,#11968,#11969);
#10530=AXIS2_PLACEMENT_3D('',#15313,#11971,#11972);
#10531=AXIS2_PLACEMENT_3D('',#15317,#11974,#11975);
#10532=AXIS2_PLACEMENT_3D('',#15321,#11977,#11978);
#10533=AXIS2_PLACEMENT_3D('',#15325,#11980,#11981);
#10534=AXIS2_PLACEMENT_3D('',#15327,#11982,#11983);
#10535=AXIS2_PLACEMENT_3D('',#15329,#11984,#11985);
#10536=AXIS2_PLACEMENT_3D('',#15330,#11986,#11987);
#10537=AXIS2_PLACEMENT_3D('',#15331,#11988,#11989);
#10538=AXIS2_PLACEMENT_3D('',#15336,#11991,#11992);
#10539=AXIS2_PLACEMENT_3D('',#15340,#11994,#11995);
#10540=AXIS2_PLACEMENT_3D('',#15344,#11997,#11998);
#10541=AXIS2_PLACEMENT_3D('',#15347,#12000,#12001);
#10542=AXIS2_PLACEMENT_3D('',#15350,#12002,#12003);
#10543=AXIS2_PLACEMENT_3D('',#15354,#12005,#12006);
#10544=AXIS2_PLACEMENT_3D('',#15356,#12007,#12008);
#10545=AXIS2_PLACEMENT_3D('',#15358,#12009,#12010);
#10546=AXIS2_PLACEMENT_3D('',#15359,#12011,#12012);
#10547=AXIS2_PLACEMENT_3D('',#15362,#12013,#12014);
#10548=AXIS2_PLACEMENT_3D('',#15364,#12015,#12016);
#10549=AXIS2_PLACEMENT_3D('',#15366,#12017,#12018);
#10550=AXIS2_PLACEMENT_3D('',#15368,#12019,#12020);
#10551=AXIS2_PLACEMENT_3D('',#15371,#12022,#12023);
#10552=AXIS2_PLACEMENT_3D('',#15374,#12024,#12025);
#10553=AXIS2_PLACEMENT_3D('',#15376,#12026,#12027);
#10554=AXIS2_PLACEMENT_3D('',#15378,#12028,#12029);
#10555=AXIS2_PLACEMENT_3D('',#15382,#12031,#12032);
#10556=AXIS2_PLACEMENT_3D('',#15386,#12034,#12035);
#10557=AXIS2_PLACEMENT_3D('',#15388,#12036,#12037);
#10558=AXIS2_PLACEMENT_3D('',#15390,#12038,#12039);
#10559=AXIS2_PLACEMENT_3D('',#15391,#12040,#12041);
#10560=AXIS2_PLACEMENT_3D('',#15396,#12043,#12044);
#10561=AXIS2_PLACEMENT_3D('',#15400,#12046,#12047);
#10562=AXIS2_PLACEMENT_3D('',#15404,#12049,#12050);
#10563=AXIS2_PLACEMENT_3D('',#15407,#12052,#12053);
#10564=AXIS2_PLACEMENT_3D('',#15410,#12054,#12055);
#10565=AXIS2_PLACEMENT_3D('',#15412,#12056,#12057);
#10566=AXIS2_PLACEMENT_3D('',#15414,#12058,#12059);
#10567=AXIS2_PLACEMENT_3D('',#15418,#12061,#12062);
#10568=AXIS2_PLACEMENT_3D('',#15422,#12064,#12065);
#10569=AXIS2_PLACEMENT_3D('',#15426,#12067,#12068);
#10570=AXIS2_PLACEMENT_3D('',#15427,#12069,#12070);
#10571=AXIS2_PLACEMENT_3D('',#15430,#12071,#12072);
#10572=AXIS2_PLACEMENT_3D('',#15434,#12074,#12075);
#10573=AXIS2_PLACEMENT_3D('',#15438,#12077,#12078);
#10574=AXIS2_PLACEMENT_3D('',#15442,#12080,#12081);
#10575=AXIS2_PLACEMENT_3D('',#15444,#12082,#12083);
#10576=AXIS2_PLACEMENT_3D('',#15446,#12084,#12085);
#10577=AXIS2_PLACEMENT_3D('',#15450,#12087,#12088);
#10578=AXIS2_PLACEMENT_3D('',#15452,#12089,#12090);
#10579=AXIS2_PLACEMENT_3D('',#15454,#12091,#12092);
#10580=AXIS2_PLACEMENT_3D('',#15458,#12094,#12095);
#10581=AXIS2_PLACEMENT_3D('',#15462,#12097,#12098);
#10582=AXIS2_PLACEMENT_3D('',#15464,#12099,#12100);
#10583=AXIS2_PLACEMENT_3D('',#15466,#12101,#12102);
#10584=AXIS2_PLACEMENT_3D('',#15468,#12103,#12104);
#10585=AXIS2_PLACEMENT_3D('',#15470,#12105,#12106);
#10586=AXIS2_PLACEMENT_3D('',#15471,#12107,#12108);
#10587=AXIS2_PLACEMENT_3D('',#15476,#12110,#12111);
#10588=AXIS2_PLACEMENT_3D('',#15478,#12112,#12113);
#10589=AXIS2_PLACEMENT_3D('',#15480,#12114,#12115);
#10590=AXIS2_PLACEMENT_3D('',#15482,#12116,#12117);
#10591=AXIS2_PLACEMENT_3D('',#15483,#12118,#12119);
#10592=AXIS2_PLACEMENT_3D('',#15486,#12120,#12121);
#10593=AXIS2_PLACEMENT_3D('',#15488,#12122,#12123);
#10594=AXIS2_PLACEMENT_3D('',#15490,#12124,#12125);
#10595=AXIS2_PLACEMENT_3D('',#15494,#12127,#12128);
#10596=AXIS2_PLACEMENT_3D('',#15498,#12130,#12131);
#10597=AXIS2_PLACEMENT_3D('',#15500,#12132,#12133);
#10598=AXIS2_PLACEMENT_3D('',#15502,#12134,#12135);
#10599=AXIS2_PLACEMENT_3D('',#15506,#12137,#12138);
#10600=AXIS2_PLACEMENT_3D('',#15508,#12139,#12140);
#10601=AXIS2_PLACEMENT_3D('',#15510,#12141,#12142);
#10602=AXIS2_PLACEMENT_3D('',#15512,#12143,#12144);
#10603=AXIS2_PLACEMENT_3D('',#15514,#12145,#12146);
#10604=AXIS2_PLACEMENT_3D('',#15515,#12147,#12148);
#10605=AXIS2_PLACEMENT_3D('',#15520,#12150,#12151);
#10606=AXIS2_PLACEMENT_3D('',#15524,#12153,#12154);
#10607=AXIS2_PLACEMENT_3D('',#15526,#12155,#12156);
#10608=AXIS2_PLACEMENT_3D('',#15527,#12157,#12158);
#10609=AXIS2_PLACEMENT_3D('',#15529,#12159,#12160);
#10610=AXIS2_PLACEMENT_3D('',#15531,#12161,#12162);
#10611=AXIS2_PLACEMENT_3D('',#15533,#12163,#12164);
#10612=AXIS2_PLACEMENT_3D('',#15535,#12165,#12166);
#10613=AXIS2_PLACEMENT_3D('',#15537,#12167,#12168);
#10614=AXIS2_PLACEMENT_3D('',#15539,#12169,#12170);
#10615=AXIS2_PLACEMENT_3D('',#15541,#12171,#12172);
#10616=AXIS2_PLACEMENT_3D('',#15543,#12173,#12174);
#10617=AXIS2_PLACEMENT_3D('',#15556,#12180,#12181);
#10618=AXIS2_PLACEMENT_3D('',#15560,#12183,#12184);
#10619=AXIS2_PLACEMENT_3D('',#15564,#12186,#12187);
#10620=AXIS2_PLACEMENT_3D('',#15568,#12189,#12190);
#10621=AXIS2_PLACEMENT_3D('',#15572,#12192,#12193);
#10622=AXIS2_PLACEMENT_3D('',#15576,#12195,#12196);
#10623=AXIS2_PLACEMENT_3D('',#15580,#12198,#12199);
#10624=AXIS2_PLACEMENT_3D('',#15584,#12201,#12202);
#10625=AXIS2_PLACEMENT_3D('',#15588,#12204,#12205);
#10626=AXIS2_PLACEMENT_3D('',#15592,#12207,#12208);
#10627=AXIS2_PLACEMENT_3D('',#15596,#12210,#12211);
#10628=AXIS2_PLACEMENT_3D('',#15600,#12213,#12214);
#10629=AXIS2_PLACEMENT_3D('',#15601,#12215,#12216);
#10630=AXIS2_PLACEMENT_3D('',#15603,#12217,#12218);
#10631=AXIS2_PLACEMENT_3D('',#15605,#12219,#12220);
#10632=AXIS2_PLACEMENT_3D('',#15607,#12221,#12222);
#10633=AXIS2_PLACEMENT_3D('',#15609,#12223,#12224);
#10634=AXIS2_PLACEMENT_3D('',#15611,#12225,#12226);
#10635=AXIS2_PLACEMENT_3D('',#15613,#12227,#12228);
#10636=AXIS2_PLACEMENT_3D('',#15615,#12229,#12230);
#10637=AXIS2_PLACEMENT_3D('',#15617,#12231,#12232);
#10638=AXIS2_PLACEMENT_3D('',#15619,#12233,#12234);
#10639=AXIS2_PLACEMENT_3D('',#15621,#12235,#12236);
#10640=AXIS2_PLACEMENT_3D('',#15623,#12237,#12238);
#10641=AXIS2_PLACEMENT_3D('',#15628,#12240,#12241);
#10642=AXIS2_PLACEMENT_3D('',#15632,#12243,#12244);
#10643=AXIS2_PLACEMENT_3D('',#15636,#12246,#12247);
#10644=AXIS2_PLACEMENT_3D('',#15640,#12249,#12250);
#10645=AXIS2_PLACEMENT_3D('',#15642,#12251,#12252);
#10646=AXIS2_PLACEMENT_3D('',#15644,#12253,#12254);
#10647=AXIS2_PLACEMENT_3D('',#15647,#12256,#12257);
#10648=AXIS2_PLACEMENT_3D('',#15652,#12259,#12260);
#10649=AXIS2_PLACEMENT_3D('',#15654,#12261,#12262);
#10650=AXIS2_PLACEMENT_3D('',#15656,#12263,#12264);
#10651=AXIS2_PLACEMENT_3D('',#15658,#12265,#12266);
#10652=AXIS2_PLACEMENT_3D('',#15659,#12267,#12268);
#10653=AXIS2_PLACEMENT_3D('',#15664,#12270,#12271);
#10654=AXIS2_PLACEMENT_3D('',#15666,#12272,#12273);
#10655=AXIS2_PLACEMENT_3D('',#15668,#12274,#12275);
#10656=AXIS2_PLACEMENT_3D('',#15672,#12277,#12278);
#10657=AXIS2_PLACEMENT_3D('',#15676,#12280,#12281);
#10658=AXIS2_PLACEMENT_3D('',#15680,#12283,#12284);
#10659=AXIS2_PLACEMENT_3D('',#15683,#12286,#12287);
#10660=AXIS2_PLACEMENT_3D('',#15684,#12288,#12289);
#10661=AXIS2_PLACEMENT_3D('',#15687,#12290,#12291);
#10662=AXIS2_PLACEMENT_3D('',#15691,#12293,#12294);
#10663=AXIS2_PLACEMENT_3D('',#15693,#12295,#12296);
#10664=AXIS2_PLACEMENT_3D('',#15695,#12297,#12298);
#10665=AXIS2_PLACEMENT_3D('',#15696,#12299,#12300);
#10666=AXIS2_PLACEMENT_3D('',#15699,#12301,#12302);
#10667=AXIS2_PLACEMENT_3D('',#15701,#12303,#12304);
#10668=AXIS2_PLACEMENT_3D('',#15703,#12305,#12306);
#10669=AXIS2_PLACEMENT_3D('',#15705,#12307,#12308);
#10670=AXIS2_PLACEMENT_3D('',#15709,#12310,#12311);
#10671=AXIS2_PLACEMENT_3D('',#15713,#12313,#12314);
#10672=AXIS2_PLACEMENT_3D('',#15715,#12315,#12316);
#10673=AXIS2_PLACEMENT_3D('',#15716,#12317,#12318);
#10674=AXIS2_PLACEMENT_3D('',#15721,#12320,#12321);
#10675=AXIS2_PLACEMENT_3D('',#15725,#12323,#12324);
#10676=AXIS2_PLACEMENT_3D('',#15729,#12326,#12327);
#10677=AXIS2_PLACEMENT_3D('',#15733,#12329,#12330);
#10678=AXIS2_PLACEMENT_3D('',#15735,#12331,#12332);
#10679=AXIS2_PLACEMENT_3D('',#15737,#12333,#12334);
#10680=AXIS2_PLACEMENT_3D('',#15743,#12337,#12338);
#10681=AXIS2_PLACEMENT_3D('',#15745,#12339,#12340);
#10682=AXIS2_PLACEMENT_3D('',#15747,#12341,#12342);
#10683=AXIS2_PLACEMENT_3D('',#15749,#12343,#12344);
#10684=AXIS2_PLACEMENT_3D('',#15751,#12345,#12346);
#10685=AXIS2_PLACEMENT_3D('',#15752,#12347,#12348);
#10686=AXIS2_PLACEMENT_3D('',#15755,#12349,#12350);
#10687=AXIS2_PLACEMENT_3D('',#15757,#12351,#12352);
#10688=AXIS2_PLACEMENT_3D('',#15759,#12353,#12354);
#10689=AXIS2_PLACEMENT_3D('',#15761,#12355,#12356);
#10690=AXIS2_PLACEMENT_3D('',#15765,#12358,#12359);
#10691=AXIS2_PLACEMENT_3D('',#15769,#12361,#12362);
#10692=AXIS2_PLACEMENT_3D('',#15771,#12363,#12364);
#10693=AXIS2_PLACEMENT_3D('',#15772,#12365,#12366);
#10694=AXIS2_PLACEMENT_3D('',#15775,#12367,#12368);
#10695=AXIS2_PLACEMENT_3D('',#15779,#12370,#12371);
#10696=AXIS2_PLACEMENT_3D('',#15781,#12372,#12373);
#10697=AXIS2_PLACEMENT_3D('',#15783,#12374,#12375);
#10698=AXIS2_PLACEMENT_3D('',#15784,#12376,#12377);
#10699=AXIS2_PLACEMENT_3D('',#15786,#12378,#12379);
#10700=AXIS2_PLACEMENT_3D('',#15788,#12380,#12381);
#10701=AXIS2_PLACEMENT_3D('',#15790,#12382,#12383);
#10702=AXIS2_PLACEMENT_3D('',#15792,#12384,#12385);
#10703=AXIS2_PLACEMENT_3D('',#15794,#12386,#12387);
#10704=AXIS2_PLACEMENT_3D('',#15796,#12388,#12389);
#10705=AXIS2_PLACEMENT_3D('',#15798,#12390,#12391);
#10706=AXIS2_PLACEMENT_3D('',#15800,#12392,#12393);
#10707=AXIS2_PLACEMENT_3D('',#15802,#12394,#12395);
#10708=AXIS2_PLACEMENT_3D('',#15815,#12401,#12402);
#10709=AXIS2_PLACEMENT_3D('',#15819,#12404,#12405);
#10710=AXIS2_PLACEMENT_3D('',#15823,#12407,#12408);
#10711=AXIS2_PLACEMENT_3D('',#15827,#12410,#12411);
#10712=AXIS2_PLACEMENT_3D('',#15831,#12413,#12414);
#10713=AXIS2_PLACEMENT_3D('',#15835,#12416,#12417);
#10714=AXIS2_PLACEMENT_3D('',#15839,#12419,#12420);
#10715=AXIS2_PLACEMENT_3D('',#15843,#12422,#12423);
#10716=AXIS2_PLACEMENT_3D('',#15847,#12425,#12426);
#10717=AXIS2_PLACEMENT_3D('',#15851,#12428,#12429);
#10718=AXIS2_PLACEMENT_3D('',#15855,#12431,#12432);
#10719=AXIS2_PLACEMENT_3D('',#15859,#12434,#12435);
#10720=AXIS2_PLACEMENT_3D('',#15860,#12436,#12437);
#10721=AXIS2_PLACEMENT_3D('',#15862,#12438,#12439);
#10722=AXIS2_PLACEMENT_3D('',#15864,#12440,#12441);
#10723=AXIS2_PLACEMENT_3D('',#15866,#12442,#12443);
#10724=AXIS2_PLACEMENT_3D('',#15868,#12444,#12445);
#10725=AXIS2_PLACEMENT_3D('',#15870,#12446,#12447);
#10726=AXIS2_PLACEMENT_3D('',#15872,#12448,#12449);
#10727=AXIS2_PLACEMENT_3D('',#15874,#12450,#12451);
#10728=AXIS2_PLACEMENT_3D('',#15876,#12452,#12453);
#10729=AXIS2_PLACEMENT_3D('',#15878,#12454,#12455);
#10730=AXIS2_PLACEMENT_3D('',#15880,#12456,#12457);
#10731=AXIS2_PLACEMENT_3D('',#15885,#12459,#12460);
#10732=AXIS2_PLACEMENT_3D('',#15887,#12461,#12462);
#10733=AXIS2_PLACEMENT_3D('',#15889,#12463,#12464);
#10734=AXIS2_PLACEMENT_3D('',#15893,#12466,#12467);
#10735=AXIS2_PLACEMENT_3D('',#15897,#12469,#12470);
#10736=AXIS2_PLACEMENT_3D('',#15901,#12472,#12473);
#10737=AXIS2_PLACEMENT_3D('',#15907,#12476,#12477);
#10738=AXIS2_PLACEMENT_3D('',#15909,#12478,#12479);
#10739=AXIS2_PLACEMENT_3D('',#15911,#12480,#12481);
#10740=AXIS2_PLACEMENT_3D('',#15915,#12483,#12484);
#10741=AXIS2_PLACEMENT_3D('',#15916,#12485,#12486);
#10742=AXIS2_PLACEMENT_3D('',#15919,#12487,#12488);
#10743=AXIS2_PLACEMENT_3D('',#15923,#12490,#12491);
#10744=AXIS2_PLACEMENT_3D('',#15925,#12492,#12493);
#10745=AXIS2_PLACEMENT_3D('',#15927,#12494,#12495);
#10746=AXIS2_PLACEMENT_3D('',#15928,#12496,#12497);
#10747=AXIS2_PLACEMENT_3D('',#15931,#12498,#12499);
#10748=AXIS2_PLACEMENT_3D('',#15935,#12501,#12502);
#10749=AXIS2_PLACEMENT_3D('',#15939,#12504,#12505);
#10750=AXIS2_PLACEMENT_3D('',#15940,#12506,#12507);
#10751=AXIS2_PLACEMENT_3D('',#15943,#12508,#12509);
#10752=AXIS2_PLACEMENT_3D('',#15947,#12511,#12512);
#10753=AXIS2_PLACEMENT_3D('',#15949,#12513,#12514);
#10754=AXIS2_PLACEMENT_3D('',#15951,#12515,#12516);
#10755=AXIS2_PLACEMENT_3D('',#15952,#12517,#12518);
#10756=AXIS2_PLACEMENT_3D('',#15955,#12519,#12520);
#10757=AXIS2_PLACEMENT_3D('',#15957,#12521,#12522);
#10758=AXIS2_PLACEMENT_3D('',#15959,#12523,#12524);
#10759=AXIS2_PLACEMENT_3D('',#15961,#12525,#12526);
#10760=AXIS2_PLACEMENT_3D('',#15965,#12528,#12529);
#10761=AXIS2_PLACEMENT_3D('',#15969,#12531,#12532);
#10762=AXIS2_PLACEMENT_3D('',#15972,#12534,#12535);
#10763=AXIS2_PLACEMENT_3D('',#15975,#12536,#12537);
#10764=AXIS2_PLACEMENT_3D('',#15977,#12538,#12539);
#10765=AXIS2_PLACEMENT_3D('',#15981,#12541,#12542);
#10766=AXIS2_PLACEMENT_3D('',#15985,#12544,#12545);
#10767=AXIS2_PLACEMENT_3D('',#15989,#12547,#12548);
#10768=AXIS2_PLACEMENT_3D('',#15991,#12549,#12550);
#10769=AXIS2_PLACEMENT_3D('',#15992,#12551,#12552);
#10770=AXIS2_PLACEMENT_3D('',#15997,#12554,#12555);
#10771=AXIS2_PLACEMENT_3D('',#16001,#12557,#12558);
#10772=AXIS2_PLACEMENT_3D('',#16005,#12560,#12561);
#10773=AXIS2_PLACEMENT_3D('',#16011,#12564,#12565);
#10774=AXIS2_PLACEMENT_3D('',#16013,#12566,#12567);
#10775=AXIS2_PLACEMENT_3D('',#16015,#12568,#12569);
#10776=AXIS2_PLACEMENT_3D('',#16017,#12570,#12571);
#10777=AXIS2_PLACEMENT_3D('',#16019,#12572,#12573);
#10778=AXIS2_PLACEMENT_3D('',#16020,#12574,#12575);
#10779=AXIS2_PLACEMENT_3D('',#16025,#12577,#12578);
#10780=AXIS2_PLACEMENT_3D('',#16029,#12580,#12581);
#10781=AXIS2_PLACEMENT_3D('',#16033,#12583,#12584);
#10782=AXIS2_PLACEMENT_3D('',#16036,#12586,#12587);
#10783=AXIS2_PLACEMENT_3D('',#16037,#12588,#12589);
#10784=AXIS2_PLACEMENT_3D('',#16039,#12590,#12591);
#10785=AXIS2_PLACEMENT_3D('',#16040,#12592,#12593);
#10786=AXIS2_PLACEMENT_3D('',#16042,#12594,#12595);
#10787=AXIS2_PLACEMENT_3D('',#16043,#12596,#12597);
#10788=AXIS2_PLACEMENT_3D('',#16045,#12598,#12599);
#10789=AXIS2_PLACEMENT_3D('',#16046,#12600,#12601);
#10790=AXIS2_PLACEMENT_3D('',#16048,#12602,#12603);
#10791=AXIS2_PLACEMENT_3D('',#16049,#12604,#12605);
#10792=AXIS2_PLACEMENT_3D('',#16051,#12606,#12607);
#10793=AXIS2_PLACEMENT_3D('',#16052,#12608,#12609);
#10794=AXIS2_PLACEMENT_3D('',#16054,#12610,#12611);
#10795=AXIS2_PLACEMENT_3D('',#16055,#12612,#12613);
#10796=AXIS2_PLACEMENT_3D('',#16057,#12614,#12615);
#10797=AXIS2_PLACEMENT_3D('',#16058,#12616,#12617);
#10798=AXIS2_PLACEMENT_3D('',#16060,#12618,#12619);
#10799=AXIS2_PLACEMENT_3D('',#16061,#12620,#12621);
#10800=AXIS2_PLACEMENT_3D('',#16063,#12622,#12623);
#10801=AXIS2_PLACEMENT_3D('',#16064,#12624,#12625);
#10802=AXIS2_PLACEMENT_3D('',#16066,#12626,#12627);
#10803=AXIS2_PLACEMENT_3D('',#16067,#12628,#12629);
#10804=AXIS2_PLACEMENT_3D('',#16072,#12631,#12632);
#10805=AXIS2_PLACEMENT_3D('',#16075,#12634,#12635);
#10806=AXIS2_PLACEMENT_3D('',#16076,#12636,#12637);
#10807=AXIS2_PLACEMENT_3D('',#16081,#12639,#12640);
#10808=AXIS2_PLACEMENT_3D('',#16084,#12642,#12643);
#10809=AXIS2_PLACEMENT_3D('',#16085,#12644,#12645);
#10810=AXIS2_PLACEMENT_3D('',#16090,#12647,#12648);
#10811=AXIS2_PLACEMENT_3D('',#16093,#12650,#12651);
#10812=AXIS2_PLACEMENT_3D('',#16094,#12652,#12653);
#10813=AXIS2_PLACEMENT_3D('',#16099,#12655,#12656);
#10814=AXIS2_PLACEMENT_3D('',#16102,#12658,#12659);
#10815=AXIS2_PLACEMENT_3D('',#16103,#12660,#12661);
#10816=AXIS2_PLACEMENT_3D('',#16108,#12663,#12664);
#10817=AXIS2_PLACEMENT_3D('',#16111,#12666,#12667);
#10818=AXIS2_PLACEMENT_3D('',#16112,#12668,#12669);
#10819=AXIS2_PLACEMENT_3D('',#16117,#12671,#12672);
#10820=AXIS2_PLACEMENT_3D('',#16120,#12674,#12675);
#10821=AXIS2_PLACEMENT_3D('',#16121,#12676,#12677);
#10822=AXIS2_PLACEMENT_3D('',#16126,#12679,#12680);
#10823=AXIS2_PLACEMENT_3D('',#16129,#12682,#12683);
#10824=AXIS2_PLACEMENT_3D('',#16130,#12684,#12685);
#10825=AXIS2_PLACEMENT_3D('',#16135,#12687,#12688);
#10826=AXIS2_PLACEMENT_3D('',#16138,#12690,#12691);
#10827=AXIS2_PLACEMENT_3D('',#16139,#12692,#12693);
#10828=AXIS2_PLACEMENT_3D('',#16144,#12695,#12696);
#10829=AXIS2_PLACEMENT_3D('',#16147,#12698,#12699);
#10830=AXIS2_PLACEMENT_3D('',#16148,#12700,#12701);
#10831=AXIS2_PLACEMENT_3D('',#16153,#12703,#12704);
#10832=AXIS2_PLACEMENT_3D('',#16156,#12706,#12707);
#10833=AXIS2_PLACEMENT_3D('',#16157,#12708,#12709);
#10834=AXIS2_PLACEMENT_3D('',#16162,#12711,#12712);
#10835=AXIS2_PLACEMENT_3D('',#16165,#12714,#12715);
#10836=AXIS2_PLACEMENT_3D('',#16166,#12716,#12717);
#10837=AXIS2_PLACEMENT_3D('',#16171,#12719,#12720);
#10838=AXIS2_PLACEMENT_3D('',#16174,#12722,#12723);
#10839=AXIS2_PLACEMENT_3D('',#16175,#12724,#12725);
#10840=AXIS2_PLACEMENT_3D('',#16180,#12727,#12728);
#10841=AXIS2_PLACEMENT_3D('',#16183,#12730,#12731);
#10842=AXIS2_PLACEMENT_3D('',#16184,#12732,#12733);
#10843=AXIS2_PLACEMENT_3D('',#16189,#12735,#12736);
#10844=AXIS2_PLACEMENT_3D('',#16192,#12738,#12739);
#10845=AXIS2_PLACEMENT_3D('',#16193,#12740,#12741);
#10846=AXIS2_PLACEMENT_3D('',#16198,#12743,#12744);
#10847=AXIS2_PLACEMENT_3D('',#16201,#12746,#12747);
#10848=AXIS2_PLACEMENT_3D('',#16202,#12748,#12749);
#10849=AXIS2_PLACEMENT_3D('',#16207,#12751,#12752);
#10850=AXIS2_PLACEMENT_3D('',#16210,#12754,#12755);
#10851=AXIS2_PLACEMENT_3D('',#16211,#12756,#12757);
#10852=AXIS2_PLACEMENT_3D('',#16216,#12759,#12760);
#10853=AXIS2_PLACEMENT_3D('',#16219,#12762,#12763);
#10854=AXIS2_PLACEMENT_3D('',#16220,#12764,#12765);
#10855=AXIS2_PLACEMENT_3D('',#16225,#12767,#12768);
#10856=AXIS2_PLACEMENT_3D('',#16228,#12770,#12771);
#10857=AXIS2_PLACEMENT_3D('',#16229,#12772,#12773);
#10858=AXIS2_PLACEMENT_3D('',#16234,#12775,#12776);
#10859=AXIS2_PLACEMENT_3D('',#16237,#12778,#12779);
#10860=AXIS2_PLACEMENT_3D('',#16238,#12780,#12781);
#10861=AXIS2_PLACEMENT_3D('',#16243,#12783,#12784);
#10862=AXIS2_PLACEMENT_3D('',#16246,#12786,#12787);
#10863=AXIS2_PLACEMENT_3D('',#16247,#12788,#12789);
#10864=AXIS2_PLACEMENT_3D('',#16252,#12791,#12792);
#10865=AXIS2_PLACEMENT_3D('',#16255,#12794,#12795);
#10866=AXIS2_PLACEMENT_3D('',#16256,#12796,#12797);
#10867=AXIS2_PLACEMENT_3D('',#16261,#12799,#12800);
#10868=AXIS2_PLACEMENT_3D('',#16264,#12802,#12803);
#10869=AXIS2_PLACEMENT_3D('',#16265,#12804,#12805);
#10870=AXIS2_PLACEMENT_3D('',#16270,#12807,#12808);
#10871=AXIS2_PLACEMENT_3D('',#16273,#12810,#12811);
#10872=AXIS2_PLACEMENT_3D('',#16274,#12812,#12813);
#10873=AXIS2_PLACEMENT_3D('',#16279,#12815,#12816);
#10874=AXIS2_PLACEMENT_3D('',#16282,#12818,#12819);
#10875=AXIS2_PLACEMENT_3D('',#16283,#12820,#12821);
#10876=AXIS2_PLACEMENT_3D('',#16288,#12823,#12824);
#10877=AXIS2_PLACEMENT_3D('',#16291,#12826,#12827);
#10878=AXIS2_PLACEMENT_3D('',#16292,#12828,#12829);
#10879=AXIS2_PLACEMENT_3D('',#16297,#12831,#12832);
#10880=AXIS2_PLACEMENT_3D('',#16300,#12834,#12835);
#10881=AXIS2_PLACEMENT_3D('',#16301,#12836,#12837);
#10882=AXIS2_PLACEMENT_3D('',#16306,#12839,#12840);
#10883=AXIS2_PLACEMENT_3D('',#16309,#12842,#12843);
#10884=AXIS2_PLACEMENT_3D('',#16310,#12844,#12845);
#10885=AXIS2_PLACEMENT_3D('',#16315,#12847,#12848);
#10886=AXIS2_PLACEMENT_3D('',#16318,#12850,#12851);
#10887=AXIS2_PLACEMENT_3D('',#16319,#12852,#12853);
#10888=AXIS2_PLACEMENT_3D('',#16324,#12855,#12856);
#10889=AXIS2_PLACEMENT_3D('',#16327,#12858,#12859);
#10890=AXIS2_PLACEMENT_3D('',#16328,#12860,#12861);
#10891=AXIS2_PLACEMENT_3D('',#16333,#12863,#12864);
#10892=AXIS2_PLACEMENT_3D('',#16336,#12866,#12867);
#10893=AXIS2_PLACEMENT_3D('',#16337,#12868,#12869);
#10894=AXIS2_PLACEMENT_3D('',#16342,#12871,#12872);
#10895=AXIS2_PLACEMENT_3D('',#16345,#12874,#12875);
#10896=AXIS2_PLACEMENT_3D('',#16346,#12876,#12877);
#10897=AXIS2_PLACEMENT_3D('',#16351,#12879,#12880);
#10898=AXIS2_PLACEMENT_3D('',#16354,#12882,#12883);
#10899=AXIS2_PLACEMENT_3D('',#16355,#12884,#12885);
#10900=AXIS2_PLACEMENT_3D('',#16360,#12887,#12888);
#10901=AXIS2_PLACEMENT_3D('',#16363,#12890,#12891);
#10902=AXIS2_PLACEMENT_3D('',#16364,#12892,#12893);
#10903=AXIS2_PLACEMENT_3D('',#16369,#12895,#12896);
#10904=AXIS2_PLACEMENT_3D('',#16372,#12898,#12899);
#10905=AXIS2_PLACEMENT_3D('',#16373,#12900,#12901);
#10906=AXIS2_PLACEMENT_3D('',#16378,#12903,#12904);
#10907=AXIS2_PLACEMENT_3D('',#16381,#12906,#12907);
#10908=AXIS2_PLACEMENT_3D('',#16382,#12908,#12909);
#10909=AXIS2_PLACEMENT_3D('',#16387,#12911,#12912);
#10910=AXIS2_PLACEMENT_3D('',#16390,#12914,#12915);
#10911=AXIS2_PLACEMENT_3D('',#16391,#12916,#12917);
#10912=AXIS2_PLACEMENT_3D('',#16396,#12919,#12920);
#10913=AXIS2_PLACEMENT_3D('',#16399,#12922,#12923);
#10914=AXIS2_PLACEMENT_3D('',#16400,#12924,#12925);
#10915=AXIS2_PLACEMENT_3D('',#16405,#12927,#12928);
#10916=AXIS2_PLACEMENT_3D('',#16408,#12930,#12931);
#10917=AXIS2_PLACEMENT_3D('',#16409,#12932,#12933);
#10918=AXIS2_PLACEMENT_3D('',#16414,#12935,#12936);
#10919=AXIS2_PLACEMENT_3D('',#16417,#12938,#12939);
#10920=AXIS2_PLACEMENT_3D('',#16418,#12940,#12941);
#10921=AXIS2_PLACEMENT_3D('',#16423,#12943,#12944);
#10922=AXIS2_PLACEMENT_3D('',#16426,#12946,#12947);
#10923=AXIS2_PLACEMENT_3D('',#16427,#12948,#12949);
#10924=AXIS2_PLACEMENT_3D('',#16428,#12950,#12951);
#10925=AXIS2_PLACEMENT_3D('',#16429,#12952,#12953);
#10926=AXIS2_PLACEMENT_3D('',#16432,#12956,#12957);
#10927=AXIS2_PLACEMENT_3D('',#16435,#12960,#12961);
#10928=AXIS2_PLACEMENT_3D('',#16436,#12962,#12963);
#10929=AXIS2_PLACEMENT_3D('',#16437,#12964,#12965);
#10930=AXIS2_PLACEMENT_3D('',#16438,#12966,#12967);
#10931=AXIS2_PLACEMENT_3D('',#16439,#12968,#12969);
#10932=AXIS2_PLACEMENT_3D('',#16440,#12970,#12971);
#10933=AXIS2_PLACEMENT_3D('',#16441,#12972,#12973);
#10934=AXIS2_PLACEMENT_3D('',#16442,#12974,#12975);
#10935=AXIS2_PLACEMENT_3D('',#16443,#12976,#12977);
#10936=AXIS2_PLACEMENT_3D('',#16444,#12978,#12979);
#10937=AXIS2_PLACEMENT_3D('',#16445,#12980,#12981);
#10938=AXIS2_PLACEMENT_3D('',#16446,#12982,#12983);
#10939=AXIS2_PLACEMENT_3D('',#16447,#12984,#12985);
#10940=AXIS2_PLACEMENT_3D('',#16448,#12986,#12987);
#10941=AXIS2_PLACEMENT_3D('',#16449,#12988,#12989);
#10942=AXIS2_PLACEMENT_3D('',#16450,#12990,#12991);
#10943=AXIS2_PLACEMENT_3D('',#16451,#12992,#12993);
#10944=AXIS2_PLACEMENT_3D('',#16452,#12994,#12995);
#10945=AXIS2_PLACEMENT_3D('',#16453,#12996,#12997);
#10946=AXIS2_PLACEMENT_3D('',#16454,#12998,#12999);
#10947=AXIS2_PLACEMENT_3D('',#16455,#13000,#13001);
#10948=AXIS2_PLACEMENT_3D('',#16456,#13002,#13003);
#10949=AXIS2_PLACEMENT_3D('',#16459,#13006,#13007);
#10950=AXIS2_PLACEMENT_3D('',#16462,#13010,#13011);
#10951=AXIS2_PLACEMENT_3D('',#16465,#13014,#13015);
#10952=AXIS2_PLACEMENT_3D('',#16468,#13018,#13019);
#10953=AXIS2_PLACEMENT_3D('',#16471,#13022,#13023);
#10954=AXIS2_PLACEMENT_3D('',#16474,#13026,#13027);
#10955=AXIS2_PLACEMENT_3D('',#16475,#13028,#13029);
#10956=AXIS2_PLACEMENT_3D('',#16476,#13030,#13031);
#10957=AXIS2_PLACEMENT_3D('',#16477,#13032,#13033);
#10958=AXIS2_PLACEMENT_3D('',#16478,#13034,#13035);
#10959=AXIS2_PLACEMENT_3D('',#16479,#13036,#13037);
#10960=AXIS2_PLACEMENT_3D('',#16480,#13038,#13039);
#10961=AXIS2_PLACEMENT_3D('',#16483,#13042,#13043);
#10962=AXIS2_PLACEMENT_3D('',#16486,#13046,#13047);
#10963=AXIS2_PLACEMENT_3D('',#16489,#13050,#13051);
#10964=AXIS2_PLACEMENT_3D('',#16492,#13054,#13055);
#10965=AXIS2_PLACEMENT_3D('',#16495,#13058,#13059);
#10966=AXIS2_PLACEMENT_3D('',#16498,#13062,#13063);
#10967=AXIS2_PLACEMENT_3D('',#16501,#13066,#13067);
#10968=AXIS2_PLACEMENT_3D('',#16504,#13070,#13071);
#10969=AXIS2_PLACEMENT_3D('',#16507,#13074,#13075);
#10970=AXIS2_PLACEMENT_3D('',#16510,#13078,#13079);
#10971=AXIS2_PLACEMENT_3D('',#16513,#13082,#13083);
#10972=AXIS2_PLACEMENT_3D('',#16516,#13086,#13087);
#10973=AXIS2_PLACEMENT_3D('',#16519,#13090,#13091);
#10974=AXIS2_PLACEMENT_3D('',#16522,#13094,#13095);
#10975=AXIS2_PLACEMENT_3D('',#16525,#13098,#13099);
#10976=AXIS2_PLACEMENT_3D('',#16528,#13102,#13103);
#10977=AXIS2_PLACEMENT_3D('',#16531,#13106,#13107);
#10978=AXIS2_PLACEMENT_3D('',#16534,#13110,#13111);
#10979=AXIS2_PLACEMENT_3D('',#16537,#13114,#13115);
#10980=AXIS2_PLACEMENT_3D('',#16540,#13118,#13119);
#10981=AXIS2_PLACEMENT_3D('',#16543,#13122,#13123);
#10982=AXIS2_PLACEMENT_3D('',#16546,#13126,#13127);
#10983=AXIS2_PLACEMENT_3D('',#16547,#13128,#13129);
#10984=AXIS2_PLACEMENT_3D('',#16552,#13131,#13132);
#10985=AXIS2_PLACEMENT_3D('',#16556,#13134,#13135);
#10986=AXIS2_PLACEMENT_3D('',#16560,#13137,#13138);
#10987=AXIS2_PLACEMENT_3D('',#16564,#13140,#13141);
#10988=AXIS2_PLACEMENT_3D('',#16568,#13143,#13144);
#10989=AXIS2_PLACEMENT_3D('',#16574,#13147,#13148);
#10990=AXIS2_PLACEMENT_3D('',#16578,#13150,#13151);
#10991=AXIS2_PLACEMENT_3D('',#16582,#13153,#13154);
#10992=AXIS2_PLACEMENT_3D('',#16586,#13156,#13157);
#10993=AXIS2_PLACEMENT_3D('',#16590,#13159,#13160);
#10994=AXIS2_PLACEMENT_3D('',#16594,#13162,#13163);
#10995=AXIS2_PLACEMENT_3D('',#16598,#13165,#13166);
#10996=AXIS2_PLACEMENT_3D('',#16602,#13168,#13169);
#10997=AXIS2_PLACEMENT_3D('',#16603,#13170,#13171);
#10998=AXIS2_PLACEMENT_3D('',#16608,#13173,#13174);
#10999=AXIS2_PLACEMENT_3D('',#16612,#13176,#13177);
#11000=AXIS2_PLACEMENT_3D('',#16616,#13179,#13180);
#11001=AXIS2_PLACEMENT_3D('',#16620,#13182,#13183);
#11002=AXIS2_PLACEMENT_3D('',#16622,#13184,#13185);
#11003=AXIS2_PLACEMENT_3D('',#16624,#13186,#13187);
#11004=AXIS2_PLACEMENT_3D('',#16628,#13189,#13190);
#11005=AXIS2_PLACEMENT_3D('',#16630,#13191,#13192);
#11006=AXIS2_PLACEMENT_3D('',#16632,#13193,#13194);
#11007=AXIS2_PLACEMENT_3D('',#16635,#13196,#13197);
#11008=AXIS2_PLACEMENT_3D('',#16638,#13198,#13199);
#11009=AXIS2_PLACEMENT_3D('',#16640,#13200,#13201);
#11010=AXIS2_PLACEMENT_3D('',#16644,#13203,#13204);
#11011=AXIS2_PLACEMENT_3D('',#16646,#13205,#13206);
#11012=AXIS2_PLACEMENT_3D('',#16648,#13207,#13208);
#11013=AXIS2_PLACEMENT_3D('',#16652,#13210,#13211);
#11014=AXIS2_PLACEMENT_3D('',#16656,#13213,#13214);
#11015=AXIS2_PLACEMENT_3D('',#16659,#13216,#13217);
#11016=AXIS2_PLACEMENT_3D('',#16664,#13219,#13220);
#11017=AXIS2_PLACEMENT_3D('',#16666,#13221,#13222);
#11018=AXIS2_PLACEMENT_3D('',#16668,#13223,#13224);
#11019=AXIS2_PLACEMENT_3D('',#16670,#13225,#13226);
#11020=AXIS2_PLACEMENT_3D('',#16672,#13227,#13228);
#11021=AXIS2_PLACEMENT_3D('',#16676,#13230,#13231);
#11022=AXIS2_PLACEMENT_3D('',#16679,#13233,#13234);
#11023=AXIS2_PLACEMENT_3D('',#16681,#13235,#13236);
#11024=AXIS2_PLACEMENT_3D('',#16683,#13237,#13238);
#11025=AXIS2_PLACEMENT_3D('',#16685,#13239,#13240);
#11026=AXIS2_PLACEMENT_3D('',#16695,#13245,#13246);
#11027=AXIS2_PLACEMENT_3D('',#16697,#13247,#13248);
#11028=AXIS2_PLACEMENT_3D('',#16699,#13249,#13250);
#11029=AXIS2_PLACEMENT_3D('',#16702,#13251,#13252);
#11030=AXIS2_PLACEMENT_3D('',#16704,#13253,#13254);
#11031=AXIS2_PLACEMENT_3D('',#16708,#13256,#13257);
#11032=AXIS2_PLACEMENT_3D('',#16710,#13258,#13259);
#11033=AXIS2_PLACEMENT_3D('',#16712,#13260,#13261);
#11034=AXIS2_PLACEMENT_3D('',#16716,#13263,#13264);
#11035=AXIS2_PLACEMENT_3D('',#16718,#13265,#13266);
#11036=AXIS2_PLACEMENT_3D('',#16720,#13267,#13268);
#11037=AXIS2_PLACEMENT_3D('',#16722,#13269,#13270);
#11038=AXIS2_PLACEMENT_3D('',#16724,#13271,#13272);
#11039=AXIS2_PLACEMENT_3D('',#16727,#13274,#13275);
#11040=AXIS2_PLACEMENT_3D('',#16731,#13277,#13278);
#11041=AXIS2_PLACEMENT_3D('',#16735,#13280,#13281);
#11042=AXIS2_PLACEMENT_3D('',#16739,#13283,#13284);
#11043=AXIS2_PLACEMENT_3D('',#16743,#13286,#13287);
#11044=AXIS2_PLACEMENT_3D('',#16747,#13289,#13290);
#11045=AXIS2_PLACEMENT_3D('',#16751,#13292,#13293);
#11046=AXIS2_PLACEMENT_3D('',#16755,#13295,#13296);
#11047=AXIS2_PLACEMENT_3D('',#16759,#13298,#13299);
#11048=AXIS2_PLACEMENT_3D('',#16760,#13300,#13301);
#11049=AXIS2_PLACEMENT_3D('',#16765,#13303,#13304);
#11050=AXIS2_PLACEMENT_3D('',#16769,#13306,#13307);
#11051=AXIS2_PLACEMENT_3D('',#16773,#13309,#13310);
#11052=AXIS2_PLACEMENT_3D('',#16777,#13312,#13313);
#11053=AXIS2_PLACEMENT_3D('',#16781,#13315,#13316);
#11054=AXIS2_PLACEMENT_3D('',#16783,#13317,#13318);
#11055=AXIS2_PLACEMENT_3D('',#16785,#13319,#13320);
#11056=AXIS2_PLACEMENT_3D('',#16789,#13322,#13323);
#11057=AXIS2_PLACEMENT_3D('',#16791,#13324,#13325);
#11058=AXIS2_PLACEMENT_3D('',#16792,#13326,#13327);
#11059=AXIS2_PLACEMENT_3D('',#16797,#13329,#13330);
#11060=AXIS2_PLACEMENT_3D('',#16801,#13332,#13333);
#11061=AXIS2_PLACEMENT_3D('',#16805,#13335,#13336);
#11062=AXIS2_PLACEMENT_3D('',#16807,#13337,#13338);
#11063=AXIS2_PLACEMENT_3D('',#16809,#13339,#13340);
#11064=AXIS2_PLACEMENT_3D('',#16813,#13342,#13343);
#11065=AXIS2_PLACEMENT_3D('',#16815,#13344,#13345);
#11066=AXIS2_PLACEMENT_3D('',#16816,#13346,#13347);
#11067=AXIS2_PLACEMENT_3D('',#16821,#13349,#13350);
#11068=AXIS2_PLACEMENT_3D('',#16825,#13352,#13353);
#11069=AXIS2_PLACEMENT_3D('',#16829,#13355,#13356);
#11070=AXIS2_PLACEMENT_3D('',#16831,#13357,#13358);
#11071=AXIS2_PLACEMENT_3D('',#16833,#13359,#13360);
#11072=AXIS2_PLACEMENT_3D('',#16835,#13361,#13362);
#11073=AXIS2_PLACEMENT_3D('',#16836,#13363,#13364);
#11074=AXIS2_PLACEMENT_3D('',#16838,#13365,#13366);
#11075=AXIS2_PLACEMENT_3D('',#16840,#13367,#13368);
#11076=AXIS2_PLACEMENT_3D('',#16842,#13369,#13370);
#11077=AXIS2_PLACEMENT_3D('',#16852,#13375,#13376);
#11078=AXIS2_PLACEMENT_3D('',#16854,#13377,#13378);
#11079=AXIS2_PLACEMENT_3D('',#16856,#13379,#13380);
#11080=AXIS2_PLACEMENT_3D('',#16861,#13382,#13383);
#11081=AXIS2_PLACEMENT_3D('',#16863,#13384,#13385);
#11082=AXIS2_PLACEMENT_3D('',#16865,#13386,#13387);
#11083=AXIS2_PLACEMENT_3D('',#16867,#13388,#13389);
#11084=AXIS2_PLACEMENT_3D('',#16869,#13390,#13391);
#11085=AXIS2_PLACEMENT_3D('',#16873,#13393,#13394);
#11086=AXIS2_PLACEMENT_3D('',#16875,#13395,#13396);
#11087=AXIS2_PLACEMENT_3D('',#16877,#13397,#13398);
#11088=AXIS2_PLACEMENT_3D('',#16881,#13400,#13401);
#11089=AXIS2_PLACEMENT_3D('',#16883,#13402,#13403);
#11090=AXIS2_PLACEMENT_3D('',#16887,#13405,#13406);
#11091=AXIS2_PLACEMENT_3D('',#16891,#13408,#13409);
#11092=AXIS2_PLACEMENT_3D('',#16895,#13411,#13412);
#11093=AXIS2_PLACEMENT_3D('',#16899,#13414,#13415);
#11094=AXIS2_PLACEMENT_3D('',#16903,#13417,#13418);
#11095=AXIS2_PLACEMENT_3D('',#16907,#13420,#13421);
#11096=AXIS2_PLACEMENT_3D('',#16908,#13422,#13423);
#11097=AXIS2_PLACEMENT_3D('',#16909,#13424,#13425);
#11098=AXIS2_PLACEMENT_3D('',#16911,#13426,#13427);
#11099=AXIS2_PLACEMENT_3D('',#16913,#13428,#13429);
#11100=AXIS2_PLACEMENT_3D('',#16914,#13430,#13431);
#11101=AXIS2_PLACEMENT_3D('',#16916,#13432,#13433);
#11102=AXIS2_PLACEMENT_3D('',#16918,#13434,#13435);
#11103=AXIS2_PLACEMENT_3D('',#16919,#13436,#13437);
#11104=AXIS2_PLACEMENT_3D('',#16921,#13438,#13439);
#11105=AXIS2_PLACEMENT_3D('',#16923,#13440,#13441);
#11106=AXIS2_PLACEMENT_3D('',#16924,#13442,#13443);
#11107=AXIS2_PLACEMENT_3D('',#16926,#13444,#13445);
#11108=AXIS2_PLACEMENT_3D('',#16928,#13446,#13447);
#11109=AXIS2_PLACEMENT_3D('',#16929,#13448,#13449);
#11110=AXIS2_PLACEMENT_3D('',#16931,#13450,#13451);
#11111=AXIS2_PLACEMENT_3D('',#16932,#13452,#13453);
#11112=AXIS2_PLACEMENT_3D('',#16934,#13454,#13455);
#11113=AXIS2_PLACEMENT_3D('',#16935,#13456,#13457);
#11114=AXIS2_PLACEMENT_3D('',#16939,#13459,#13460);
#11115=AXIS2_PLACEMENT_3D('',#16940,#13461,#13462);
#11116=AXIS2_PLACEMENT_3D('',#16941,#13463,#13464);
#11117=AXIS2_PLACEMENT_3D('',#16942,#13465,#13466);
#11118=AXIS2_PLACEMENT_3D('',#16943,#13467,#13468);
#11119=AXIS2_PLACEMENT_3D('',#16944,#13469,#13470);
#11120=AXIS2_PLACEMENT_3D('',#16946,#13471,#13472);
#11121=AXIS2_PLACEMENT_3D('',#16947,#13473,#13474);
#11122=AXIS2_PLACEMENT_3D('',#16950,#13476,#13477);
#11123=AXIS2_PLACEMENT_3D('',#16951,#13478,#13479);
#11124=AXIS2_PLACEMENT_3D('',#16952,#13480,#13481);
#11125=AXIS2_PLACEMENT_3D('',#16953,#13482,#13483);
#11126=AXIS2_PLACEMENT_3D('',#16954,#13484,#13485);
#11127=AXIS2_PLACEMENT_3D('',#16955,#13486,#13487);
#11128=AXIS2_PLACEMENT_3D('',#16956,#13488,#13489);
#11129=AXIS2_PLACEMENT_3D('',#16957,#13490,#13491);
#11130=AXIS2_PLACEMENT_3D('',#16958,#13492,#13493);
#11131=AXIS2_PLACEMENT_3D('',#16959,#13494,#13495);
#11132=AXIS2_PLACEMENT_3D('',#16960,#13496,#13497);
#11133=AXIS2_PLACEMENT_3D('',#16961,#13498,#13499);
#11134=AXIS2_PLACEMENT_3D('',#16963,#13500,#13501);
#11135=AXIS2_PLACEMENT_3D('',#16973,#13506,#13507);
#11136=AXIS2_PLACEMENT_3D('',#16974,#13508,#13509);
#11137=AXIS2_PLACEMENT_3D('',#16975,#13510,#13511);
#11138=AXIS2_PLACEMENT_3D('',#16976,#13512,#13513);
#11139=AXIS2_PLACEMENT_3D('',#16977,#13514,#13515);
#11140=AXIS2_PLACEMENT_3D('',#16978,#13516,#13517);
#11141=AXIS2_PLACEMENT_3D('',#16979,#13518,#13519);
#11142=AXIS2_PLACEMENT_3D('',#16980,#13520,#13521);
#11143=AXIS2_PLACEMENT_3D('',#16981,#13522,#13523);
#11144=AXIS2_PLACEMENT_3D('',#16982,#13524,#13525);
#11145=AXIS2_PLACEMENT_3D('',#16985,#13527,#13528);
#11146=AXIS2_PLACEMENT_3D('',#16986,#13529,#13530);
#11147=AXIS2_PLACEMENT_3D('',#16987,#13531,#13532);
#11148=AXIS2_PLACEMENT_3D('',#16989,#13533,#13534);
#11149=AXIS2_PLACEMENT_3D('',#16994,#13537,#13538);
#11150=AXIS2_PLACEMENT_3D('',#16997,#13540,#13541);
#11151=AXIS2_PLACEMENT_3D('',#16998,#13542,#13543);
#11152=AXIS2_PLACEMENT_3D('',#16999,#13544,#13545);
#11153=AXIS2_PLACEMENT_3D('',#17003,#13547,#13548);
#11154=AXIS2_PLACEMENT_3D('',#17004,#13549,#13550);
#11155=AXIS2_PLACEMENT_3D('',#17008,#13552,#13553);
#11156=AXIS2_PLACEMENT_3D('',#17012,#13555,#13556);
#11157=AXIS2_PLACEMENT_3D('',#17013,#13557,#13558);
#11158=AXIS2_PLACEMENT_3D('',#17017,#13560,#13561);
#11159=AXIS2_PLACEMENT_3D('',#17018,#13562,#13563);
#11160=AXIS2_PLACEMENT_3D('',#17022,#13565,#13566);
#11161=AXIS2_PLACEMENT_3D('',#17026,#13568,#13569);
#11162=AXIS2_PLACEMENT_3D('',#17030,#13571,#13572);
#11163=AXIS2_PLACEMENT_3D('',#17034,#13574,#13575);
#11164=AXIS2_PLACEMENT_3D('',#17038,#13577,#13578);
#11165=AXIS2_PLACEMENT_3D('',#17042,#13580,#13581);
#11166=AXIS2_PLACEMENT_3D('',#17043,#13582,#13583);
#11167=AXIS2_PLACEMENT_3D('',#17046,#13584,#13585);
#11168=AXIS2_PLACEMENT_3D('',#17048,#13586,#13587);
#11169=AXIS2_PLACEMENT_3D('',#17052,#13589,#13590);
#11170=AXIS2_PLACEMENT_3D('',#17056,#13592,#13593);
#11171=AXIS2_PLACEMENT_3D('',#17060,#13595,#13596);
#11172=AXIS2_PLACEMENT_3D('',#17064,#13598,#13599);
#11173=AXIS2_PLACEMENT_3D('',#17068,#13601,#13602);
#11174=AXIS2_PLACEMENT_3D('',#17070,#13603,#13604);
#11175=AXIS2_PLACEMENT_3D('',#17071,#13605,#13606);
#11176=AXIS2_PLACEMENT_3D('',#17076,#13608,#13609);
#11177=AXIS2_PLACEMENT_3D('',#17078,#13610,#13611);
#11178=AXIS2_PLACEMENT_3D('',#17080,#13612,#13613);
#11179=AXIS2_PLACEMENT_3D('',#17082,#13614,#13615);
#11180=AXIS2_PLACEMENT_3D('',#17084,#13616,#13617);
#11181=AXIS2_PLACEMENT_3D('',#17088,#13619,#13620);
#11182=AXIS2_PLACEMENT_3D('',#17092,#13622,#13623);
#11183=AXIS2_PLACEMENT_3D('',#17096,#13625,#13626);
#11184=AXIS2_PLACEMENT_3D('',#17102,#13629,#13630);
#11185=AXIS2_PLACEMENT_3D('',#17106,#13632,#13633);
#11186=AXIS2_PLACEMENT_3D('',#17110,#13635,#13636);
#11187=AXIS2_PLACEMENT_3D('',#17114,#13638,#13639);
#11188=AXIS2_PLACEMENT_3D('',#17118,#13642,#13643);
#11189=AXIS2_PLACEMENT_3D('',#17119,#13644,#13645);
#11190=AXIS2_PLACEMENT_3D('',#17120,#13646,#13647);
#11191=AXIS2_PLACEMENT_3D('',#17121,#13648,#13649);
#11192=AXIS2_PLACEMENT_3D('',#17122,#13650,#13651);
#11193=AXIS2_PLACEMENT_3D('',#17123,#13652,#13653);
#11194=AXIS2_PLACEMENT_3D('',#17124,#13654,#13655);
#11195=AXIS2_PLACEMENT_3D('',#17125,#13656,#13657);
#11196=AXIS2_PLACEMENT_3D('',#17126,#13658,#13659);
#11197=AXIS2_PLACEMENT_3D('',#17127,#13660,#13661);
#11198=AXIS2_PLACEMENT_3D('',#17128,#13662,#13663);
#11199=AXIS2_PLACEMENT_3D('',#17129,#13664,#13665);
#11200=AXIS2_PLACEMENT_3D('',#17130,#13666,#13667);
#11201=AXIS2_PLACEMENT_3D('',#17131,#13668,#13669);
#11202=AXIS2_PLACEMENT_3D('',#17132,#13670,#13671);
#11203=AXIS2_PLACEMENT_3D('',#17133,#13672,#13673);
#11204=AXIS2_PLACEMENT_3D('',#17134,#13674,#13675);
#11205=AXIS2_PLACEMENT_3D('',#17135,#13676,#13677);
#11206=AXIS2_PLACEMENT_3D('',#17136,#13678,#13679);
#11207=AXIS2_PLACEMENT_3D('',#17137,#13680,#13681);
#11208=AXIS2_PLACEMENT_3D('',#17138,#13682,#13683);
#11209=AXIS2_PLACEMENT_3D('',#17139,#13684,#13685);
#11210=AXIS2_PLACEMENT_3D('',#17140,#13686,#13687);
#11211=AXIS2_PLACEMENT_3D('',#17141,#13688,#13689);
#11212=AXIS2_PLACEMENT_3D('',#17142,#13690,#13691);
#11213=AXIS2_PLACEMENT_3D('',#17143,#13692,#13693);
#11214=AXIS2_PLACEMENT_3D('',#17144,#13694,#13695);
#11215=AXIS2_PLACEMENT_3D('',#17145,#13696,#13697);
#11216=AXIS2_PLACEMENT_3D('',#17146,#13698,#13699);
#11217=AXIS2_PLACEMENT_3D('',#17147,#13700,#13701);
#11218=AXIS2_PLACEMENT_3D('',#17148,#13702,#13703);
#11219=AXIS2_PLACEMENT_3D('',#17151,#13706,#13707);
#11220=AXIS2_PLACEMENT_3D('',#17154,#13710,#13711);
#11221=AXIS2_PLACEMENT_3D('',#17157,#13714,#13715);
#11222=AXIS2_PLACEMENT_3D('',#17160,#13718,#13719);
#11223=AXIS2_PLACEMENT_3D('',#17163,#13722,#13723);
#11224=AXIS2_PLACEMENT_3D('',#17166,#13726,#13727);
#11225=AXIS2_PLACEMENT_3D('',#17169,#13730,#13731);
#11226=AXIS2_PLACEMENT_3D('',#17172,#13734,#13735);
#11227=AXIS2_PLACEMENT_3D('',#17175,#13738,#13739);
#11228=AXIS2_PLACEMENT_3D('',#17178,#13742,#13743);
#11229=AXIS2_PLACEMENT_3D('',#17181,#13746,#13747);
#11230=AXIS2_PLACEMENT_3D('',#17184,#13750,#13751);
#11231=AXIS2_PLACEMENT_3D('',#17185,#13752,#13753);
#11232=AXIS2_PLACEMENT_3D('',#17186,#13754,#13755);
#11233=AXIS2_PLACEMENT_3D('',#17187,#13756,#13757);
#11234=AXIS2_PLACEMENT_3D('',#17188,#13758,#13759);
#11235=AXIS2_PLACEMENT_3D('',#17189,#13760,#13761);
#11236=AXIS2_PLACEMENT_3D('',#17190,#13762,#13763);
#11237=AXIS2_PLACEMENT_3D('',#17191,#13764,#13765);
#11238=AXIS2_PLACEMENT_3D('',#17192,#13766,#13767);
#11239=AXIS2_PLACEMENT_3D('',#17193,#13768,#13769);
#11240=AXIS2_PLACEMENT_3D('',#17194,#13770,#13771);
#11241=AXIS2_PLACEMENT_3D('',#17195,#13772,#13773);
#11242=AXIS2_PLACEMENT_3D('',#17196,#13774,#13775);
#11243=AXIS2_PLACEMENT_3D('',#17197,#13776,#13777);
#11244=AXIS2_PLACEMENT_3D('',#17198,#13778,#13779);
#11245=AXIS2_PLACEMENT_3D('',#17199,#13780,#13781);
#11246=AXIS2_PLACEMENT_3D('',#17200,#13782,#13783);
#11247=AXIS2_PLACEMENT_3D('',#17203,#13786,#13787);
#11248=AXIS2_PLACEMENT_3D('',#17206,#13790,#13791);
#11249=AXIS2_PLACEMENT_3D('',#17209,#13794,#13795);
#11250=AXIS2_PLACEMENT_3D('',#17212,#13798,#13799);
#11251=AXIS2_PLACEMENT_3D('',#17215,#13802,#13803);
#11252=AXIS2_PLACEMENT_3D('',#17216,#13804,#13805);
#11253=AXIS2_PLACEMENT_3D('',#17217,#13806,#13807);
#11254=AXIS2_PLACEMENT_3D('',#17218,#13808,#13809);
#11255=AXIS2_PLACEMENT_3D('',#17219,#13810,#13811);
#11256=AXIS2_PLACEMENT_3D('',#17220,#13812,#13813);
#11257=AXIS2_PLACEMENT_3D('',#17223,#13816,#13817);
#11258=AXIS2_PLACEMENT_3D('',#17226,#13820,#13821);
#11259=AXIS2_PLACEMENT_3D('',#17229,#13824,#13825);
#11260=AXIS2_PLACEMENT_3D('',#17232,#13828,#13829);
#11261=AXIS2_PLACEMENT_3D('',#17235,#13832,#13833);
#11262=AXIS2_PLACEMENT_3D('',#17238,#13836,#13837);
#11263=AXIS2_PLACEMENT_3D('',#17239,#13838,#13839);
#11264=AXIS2_PLACEMENT_3D('',#17240,#13840,#13841);
#11265=AXIS2_PLACEMENT_3D('',#17241,#13842,#13843);
#11266=AXIS2_PLACEMENT_3D('',#17242,#13844,#13845);
#11267=AXIS2_PLACEMENT_3D('',#17243,#13846,#13847);
#11268=AXIS2_PLACEMENT_3D('',#17244,#13848,#13849);
#11269=AXIS2_PLACEMENT_3D('',#17247,#13852,#13853);
#11270=AXIS2_PLACEMENT_3D('',#17250,#13856,#13857);
#11271=AXIS2_PLACEMENT_3D('',#17253,#13860,#13861);
#11272=AXIS2_PLACEMENT_3D('',#17256,#13864,#13865);
#11273=AXIS2_PLACEMENT_3D('',#17259,#13868,#13869);
#11274=AXIS2_PLACEMENT_3D('',#17262,#13872,#13873);
#11275=AXIS2_PLACEMENT_3D('',#17265,#13876,#13877);
#11276=AXIS2_PLACEMENT_3D('',#17268,#13880,#13881);
#11277=AXIS2_PLACEMENT_3D('',#17269,#13882,#13883);
#11278=AXIS2_PLACEMENT_3D('',#17270,#13884,#13885);
#11279=AXIS2_PLACEMENT_3D('',#17271,#13886,#13887);
#11280=AXIS2_PLACEMENT_3D('',#17272,#13888,#13889);
#11281=AXIS2_PLACEMENT_3D('',#17273,#13890,#13891);
#11282=AXIS2_PLACEMENT_3D('',#17274,#13892,#13893);
#11283=AXIS2_PLACEMENT_3D('',#17275,#13894,#13895);
#11284=AXIS2_PLACEMENT_3D('',#17276,#13896,#13897);
#11285=AXIS2_PLACEMENT_3D('',#17279,#13900,#13901);
#11286=AXIS2_PLACEMENT_3D('',#17282,#13904,#13905);
#11287=AXIS2_PLACEMENT_3D('',#17285,#13908,#13909);
#11288=AXIS2_PLACEMENT_3D('',#17288,#13912,#13913);
#11289=AXIS2_PLACEMENT_3D('',#17291,#13916,#13917);
#11290=AXIS2_PLACEMENT_3D('',#17294,#13920,#13921);
#11291=AXIS2_PLACEMENT_3D('',#17297,#13924,#13925);
#11292=AXIS2_PLACEMENT_3D('',#17300,#13928,#13929);
#11293=AXIS2_PLACEMENT_3D('',#17301,#13930,#13931);
#11294=AXIS2_PLACEMENT_3D('',#17302,#13932,#13933);
#11295=AXIS2_PLACEMENT_3D('',#17303,#13934,#13935);
#11296=AXIS2_PLACEMENT_3D('',#17304,#13936,#13937);
#11297=AXIS2_PLACEMENT_3D('',#17305,#13938,#13939);
#11298=AXIS2_PLACEMENT_3D('',#17306,#13940,#13941);
#11299=AXIS2_PLACEMENT_3D('',#17307,#13942,#13943);
#11300=AXIS2_PLACEMENT_3D('',#17308,#13944,#13945);
#11301=AXIS2_PLACEMENT_3D('',#17311,#13948,#13949);
#11302=AXIS2_PLACEMENT_3D('',#17314,#13952,#13953);
#11303=AXIS2_PLACEMENT_3D('',#17317,#13956,#13957);
#11304=AXIS2_PLACEMENT_3D('',#17320,#13960,#13961);
#11305=AXIS2_PLACEMENT_3D('',#17323,#13964,#13965);
#11306=AXIS2_PLACEMENT_3D('',#17326,#13968,#13969);
#11307=AXIS2_PLACEMENT_3D('',#17329,#13972,#13973);
#11308=AXIS2_PLACEMENT_3D('',#17330,#13974,#13975);
#11309=AXIS2_PLACEMENT_3D('',#17331,#13976,#13977);
#11310=AXIS2_PLACEMENT_3D('',#17332,#13978,#13979);
#11311=AXIS2_PLACEMENT_3D('',#17333,#13980,#13981);
#11312=AXIS2_PLACEMENT_3D('',#17334,#13982,#13983);
#11313=AXIS2_PLACEMENT_3D('',#17335,#13984,#13985);
#11314=AXIS2_PLACEMENT_3D('',#17336,#13986,#13987);
#11315=AXIS2_PLACEMENT_3D('',#17339,#13990,#13991);
#11316=AXIS2_PLACEMENT_3D('',#17342,#13994,#13995);
#11317=AXIS2_PLACEMENT_3D('',#17345,#13998,#13999);
#11318=AXIS2_PLACEMENT_3D('',#17348,#14002,#14003);
#11319=AXIS2_PLACEMENT_3D('',#17351,#14006,#14007);
#11320=AXIS2_PLACEMENT_3D('',#17354,#14010,#14011);
#11321=AXIS2_PLACEMENT_3D('',#17355,#14012,#14013);
#11322=AXIS2_PLACEMENT_3D('',#17356,#14014,#14015);
#11323=AXIS2_PLACEMENT_3D('',#17357,#14016,#14017);
#11324=AXIS2_PLACEMENT_3D('',#17358,#14018,#14019);
#11325=AXIS2_PLACEMENT_3D('',#17359,#14020,#14021);
#11326=AXIS2_PLACEMENT_3D('',#17360,#14022,#14023);
#11327=AXIS2_PLACEMENT_3D('',#17361,#14024,#14025);
#11328=AXIS2_PLACEMENT_3D('',#17363,#14026,#14027);
#11329=AXIS2_PLACEMENT_3D('',#17364,#14028,#14029);
#11330=AXIS2_PLACEMENT_3D('',#17366,#14030,#14031);
#11331=AXIS2_PLACEMENT_3D('',#17367,#14032,#14033);
#11332=AXIS2_PLACEMENT_3D('',#17369,#14034,#14035);
#11333=AXIS2_PLACEMENT_3D('',#17370,#14036,#14037);
#11334=AXIS2_PLACEMENT_3D('',#17372,#14038,#14039);
#11335=AXIS2_PLACEMENT_3D('',#17373,#14040,#14041);
#11336=AXIS2_PLACEMENT_3D('',#17375,#14042,#14043);
#11337=AXIS2_PLACEMENT_3D('',#17376,#14044,#14045);
#11338=AXIS2_PLACEMENT_3D('',#17378,#14046,#14047);
#11339=AXIS2_PLACEMENT_3D('',#17379,#14048,#14049);
#11340=AXIS2_PLACEMENT_3D('',#17381,#14050,#14051);
#11341=AXIS2_PLACEMENT_3D('',#17382,#14052,#14053);
#11342=AXIS2_PLACEMENT_3D('',#17384,#14054,#14055);
#11343=AXIS2_PLACEMENT_3D('',#17385,#14056,#14057);
#11344=AXIS2_PLACEMENT_3D('',#17387,#14058,#14059);
#11345=AXIS2_PLACEMENT_3D('',#17388,#14060,#14061);
#11346=AXIS2_PLACEMENT_3D('',#17390,#14062,#14063);
#11347=AXIS2_PLACEMENT_3D('',#17391,#14064,#14065);
#11348=AXIS2_PLACEMENT_3D('',#17392,#14066,#14067);
#11349=AXIS2_PLACEMENT_3D('',#17393,#14068,#14069);
#11350=AXIS2_PLACEMENT_3D('',#17394,#14070,#14071);
#11351=AXIS2_PLACEMENT_3D('',#17395,#14072,#14073);
#11352=AXIS2_PLACEMENT_3D('',#17396,#14074,#14075);
#11353=AXIS2_PLACEMENT_3D('',#17397,#14076,#14077);
#11354=AXIS2_PLACEMENT_3D('',#17398,#14078,#14079);
#11355=AXIS2_PLACEMENT_3D('',#17399,#14080,#14081);
#11356=AXIS2_PLACEMENT_3D('',#17400,#14082,#14083);
#11357=AXIS2_PLACEMENT_3D('',#17401,#14084,#14085);
#11358=AXIS2_PLACEMENT_3D('',#17402,#14086,#14087);
#11359=AXIS2_PLACEMENT_3D('',#17403,#14088,#14089);
#11360=AXIS2_PLACEMENT_3D('',#17404,#14090,#14091);
#11361=AXIS2_PLACEMENT_3D('',#17405,#14092,#14093);
#11362=AXIS2_PLACEMENT_3D('',#17406,#14094,#14095);
#11363=AXIS2_PLACEMENT_3D('',#17407,#14096,#14097);
#11364=AXIS2_PLACEMENT_3D('',#17408,#14098,#14099);
#11365=AXIS2_PLACEMENT_3D('',#17409,#14100,#14101);
#11366=AXIS2_PLACEMENT_3D('',#17410,#14102,#14103);
#11367=AXIS2_PLACEMENT_3D('',#17413,#14106,#14107);
#11368=AXIS2_PLACEMENT_3D('',#17416,#14110,#14111);
#11369=AXIS2_PLACEMENT_3D('',#17419,#14114,#14115);
#11370=AXIS2_PLACEMENT_3D('',#17422,#14118,#14119);
#11371=AXIS2_PLACEMENT_3D('',#17425,#14122,#14123);
#11372=AXIS2_PLACEMENT_3D('',#17428,#14126,#14127);
#11373=AXIS2_PLACEMENT_3D('',#17429,#14128,#14129);
#11374=AXIS2_PLACEMENT_3D('',#17430,#14130,#14131);
#11375=AXIS2_PLACEMENT_3D('',#17431,#14132,#14133);
#11376=AXIS2_PLACEMENT_3D('',#17432,#14134,#14135);
#11377=AXIS2_PLACEMENT_3D('',#17433,#14136,#14137);
#11378=AXIS2_PLACEMENT_3D('',#17434,#14138,#14139);
#11379=AXIS2_PLACEMENT_3D('',#17437,#14142,#14143);
#11380=AXIS2_PLACEMENT_3D('',#17440,#14146,#14147);
#11381=AXIS2_PLACEMENT_3D('',#17443,#14150,#14151);
#11382=AXIS2_PLACEMENT_3D('',#17444,#14152,#14153);
#11383=AXIS2_PLACEMENT_3D('',#17445,#14154,#14155);
#11384=AXIS2_PLACEMENT_3D('',#17446,#14156,#14157);
#11385=AXIS2_PLACEMENT_3D('',#17449,#14160,#14161);
#11386=AXIS2_PLACEMENT_3D('',#17452,#14164,#14165);
#11387=AXIS2_PLACEMENT_3D('',#17455,#14168,#14169);
#11388=AXIS2_PLACEMENT_3D('',#17456,#14170,#14171);
#11389=AXIS2_PLACEMENT_3D('',#17457,#14172,#14173);
#11390=AXIS2_PLACEMENT_3D('',#17458,#14174,#14175);
#11391=AXIS2_PLACEMENT_3D('',#17461,#14178,#14179);
#11392=AXIS2_PLACEMENT_3D('',#17464,#14182,#14183);
#11393=AXIS2_PLACEMENT_3D('',#17467,#14186,#14187);
#11394=AXIS2_PLACEMENT_3D('',#17470,#14190,#14191);
#11395=AXIS2_PLACEMENT_3D('',#17473,#14194,#14195);
#11396=AXIS2_PLACEMENT_3D('',#17474,#14196,#14197);
#11397=AXIS2_PLACEMENT_3D('',#17475,#14198,#14199);
#11398=AXIS2_PLACEMENT_3D('',#17476,#14200,#14201);
#11399=AXIS2_PLACEMENT_3D('',#17477,#14202,#14203);
#11400=AXIS2_PLACEMENT_3D('',#17478,#14204,#14205);
#11401=AXIS2_PLACEMENT_3D('',#17481,#14208,#14209);
#11402=AXIS2_PLACEMENT_3D('',#17484,#14212,#14213);
#11403=AXIS2_PLACEMENT_3D('',#17487,#14216,#14217);
#11404=AXIS2_PLACEMENT_3D('',#17488,#14218,#14219);
#11405=AXIS2_PLACEMENT_3D('',#17489,#14220,#14221);
#11406=AXIS2_PLACEMENT_3D('',#17490,#14222,#14223);
#11407=AXIS2_PLACEMENT_3D('',#17493,#14226,#14227);
#11408=AXIS2_PLACEMENT_3D('',#17496,#14230,#14231);
#11409=AXIS2_PLACEMENT_3D('',#17499,#14234,#14235);
#11410=AXIS2_PLACEMENT_3D('',#17500,#14236,#14237);
#11411=AXIS2_PLACEMENT_3D('',#17501,#14238,#14239);
#11412=AXIS2_PLACEMENT_3D('',#17502,#14240,#14241);
#11413=AXIS2_PLACEMENT_3D('',#17505,#14244,#14245);
#11414=AXIS2_PLACEMENT_3D('',#17508,#14248,#14249);
#11415=AXIS2_PLACEMENT_3D('',#17511,#14252,#14253);
#11416=AXIS2_PLACEMENT_3D('',#17512,#14254,#14255);
#11417=AXIS2_PLACEMENT_3D('',#17513,#14256,#14257);
#11418=AXIS2_PLACEMENT_3D('',#17514,#14258,#14259);
#11419=AXIS2_PLACEMENT_3D('',#17517,#14262,#14263);
#11420=AXIS2_PLACEMENT_3D('',#17520,#14266,#14267);
#11421=AXIS2_PLACEMENT_3D('',#17523,#14270,#14271);
#11422=AXIS2_PLACEMENT_3D('',#17524,#14272,#14273);
#11423=AXIS2_PLACEMENT_3D('',#17525,#14274,#14275);
#11424=AXIS2_PLACEMENT_3D('',#17526,#14276,#14277);
#11425=AXIS2_PLACEMENT_3D('',#17529,#14280,#14281);
#11426=AXIS2_PLACEMENT_3D('',#17532,#14284,#14285);
#11427=AXIS2_PLACEMENT_3D('',#17535,#14288,#14289);
#11428=AXIS2_PLACEMENT_3D('',#17538,#14292,#14293);
#11429=AXIS2_PLACEMENT_3D('',#17541,#14296,#14297);
#11430=AXIS2_PLACEMENT_3D('',#17542,#14298,#14299);
#11431=AXIS2_PLACEMENT_3D('',#17543,#14300,#14301);
#11432=AXIS2_PLACEMENT_3D('',#17544,#14302,#14303);
#11433=AXIS2_PLACEMENT_3D('',#17545,#14304,#14305);
#11434=AXIS2_PLACEMENT_3D('',#17546,#14306,#14307);
#11435=AXIS2_PLACEMENT_3D('',#17549,#14310,#14311);
#11436=AXIS2_PLACEMENT_3D('',#17552,#14314,#14315);
#11437=AXIS2_PLACEMENT_3D('',#17555,#14318,#14319);
#11438=AXIS2_PLACEMENT_3D('',#17558,#14322,#14323);
#11439=AXIS2_PLACEMENT_3D('',#17561,#14326,#14327);
#11440=AXIS2_PLACEMENT_3D('',#17562,#14328,#14329);
#11441=AXIS2_PLACEMENT_3D('',#17563,#14330,#14331);
#11442=AXIS2_PLACEMENT_3D('',#17564,#14332,#14333);
#11443=AXIS2_PLACEMENT_3D('',#17565,#14334,#14335);
#11444=AXIS2_PLACEMENT_3D('',#17566,#14336,#14337);
#11445=AXIS2_PLACEMENT_3D('',#17569,#14340,#14341);
#11446=AXIS2_PLACEMENT_3D('',#17572,#14344,#14345);
#11447=AXIS2_PLACEMENT_3D('',#17575,#14348,#14349);
#11448=AXIS2_PLACEMENT_3D('',#17578,#14352,#14353);
#11449=AXIS2_PLACEMENT_3D('',#17579,#14354,#14355);
#11450=AXIS2_PLACEMENT_3D('',#17580,#14356,#14357);
#11451=AXIS2_PLACEMENT_3D('',#17581,#14358,#14359);
#11452=AXIS2_PLACEMENT_3D('',#17582,#14360,#14361);
#11453=AXIS2_PLACEMENT_3D('',#17585,#14364,#14365);
#11454=AXIS2_PLACEMENT_3D('',#17588,#14368,#14369);
#11455=AXIS2_PLACEMENT_3D('',#17591,#14372,#14373);
#11456=AXIS2_PLACEMENT_3D('',#17594,#14376,#14377);
#11457=AXIS2_PLACEMENT_3D('',#17597,#14380,#14381);
#11458=AXIS2_PLACEMENT_3D('',#17600,#14384,#14385);
#11459=AXIS2_PLACEMENT_3D('',#17601,#14386,#14387);
#11460=AXIS2_PLACEMENT_3D('',#17602,#14388,#14389);
#11461=AXIS2_PLACEMENT_3D('',#17603,#14390,#14391);
#11462=AXIS2_PLACEMENT_3D('',#17604,#14392,#14393);
#11463=AXIS2_PLACEMENT_3D('',#17605,#14394,#14395);
#11464=AXIS2_PLACEMENT_3D('',#17606,#14396,#14397);
#11465=AXIS2_PLACEMENT_3D('',#17609,#14400,#14401);
#11466=AXIS2_PLACEMENT_3D('',#17612,#14404,#14405);
#11467=AXIS2_PLACEMENT_3D('',#17615,#14408,#14409);
#11468=AXIS2_PLACEMENT_3D('',#17618,#14412,#14413);
#11469=AXIS2_PLACEMENT_3D('',#17621,#14416,#14417);
#11470=AXIS2_PLACEMENT_3D('',#17622,#14418,#14419);
#11471=AXIS2_PLACEMENT_3D('',#17623,#14420,#14421);
#11472=AXIS2_PLACEMENT_3D('',#17624,#14422,#14423);
#11473=AXIS2_PLACEMENT_3D('',#17625,#14424,#14425);
#11474=AXIS2_PLACEMENT_3D('',#17626,#14426,#14427);
#11475=AXIS2_PLACEMENT_3D('',#17629,#14430,#14431);
#11476=AXIS2_PLACEMENT_3D('',#17632,#14434,#14435);
#11477=AXIS2_PLACEMENT_3D('',#17635,#14438,#14439);
#11478=AXIS2_PLACEMENT_3D('',#17636,#14440,#14441);
#11479=AXIS2_PLACEMENT_3D('',#17637,#14442,#14443);
#11480=AXIS2_PLACEMENT_3D('',#17638,#14444,#14445);
#11481=AXIS2_PLACEMENT_3D('',#17641,#14448,#14449);
#11482=AXIS2_PLACEMENT_3D('',#17644,#14452,#14453);
#11483=AXIS2_PLACEMENT_3D('',#17647,#14456,#14457);
#11484=AXIS2_PLACEMENT_3D('',#17648,#14458,#14459);
#11485=AXIS2_PLACEMENT_3D('',#17649,#14460,#14461);
#11486=AXIS2_PLACEMENT_3D('',#17650,#14462,#14463);
#11487=AXIS2_PLACEMENT_3D('',#17653,#14466,#14467);
#11488=AXIS2_PLACEMENT_3D('',#17656,#14470,#14471);
#11489=AXIS2_PLACEMENT_3D('',#17659,#14474,#14475);
#11490=AXIS2_PLACEMENT_3D('',#17662,#14478,#14479);
#11491=AXIS2_PLACEMENT_3D('',#17663,#14480,#14481);
#11492=AXIS2_PLACEMENT_3D('',#17664,#14482,#14483);
#11493=AXIS2_PLACEMENT_3D('',#17665,#14484,#14485);
#11494=AXIS2_PLACEMENT_3D('',#17666,#14486,#14487);
#11495=AXIS2_PLACEMENT_3D('',#17669,#14490,#14491);
#11496=AXIS2_PLACEMENT_3D('',#17672,#14494,#14495);
#11497=AXIS2_PLACEMENT_3D('',#17675,#14498,#14499);
#11498=AXIS2_PLACEMENT_3D('',#17678,#14502,#14503);
#11499=AXIS2_PLACEMENT_3D('',#17679,#14504,#14505);
#11500=AXIS2_PLACEMENT_3D('',#17680,#14506,#14507);
#11501=AXIS2_PLACEMENT_3D('',#17681,#14508,#14509);
#11502=AXIS2_PLACEMENT_3D('',#17682,#14510,#14511);
#11503=AXIS2_PLACEMENT_3D('',#17685,#14514,#14515);
#11504=AXIS2_PLACEMENT_3D('',#17688,#14518,#14519);
#11505=AXIS2_PLACEMENT_3D('',#17691,#14522,#14523);
#11506=AXIS2_PLACEMENT_3D('',#17694,#14526,#14527);
#11507=AXIS2_PLACEMENT_3D('',#17697,#14530,#14531);
#11508=AXIS2_PLACEMENT_3D('',#17700,#14534,#14535);
#11509=AXIS2_PLACEMENT_3D('',#17701,#14536,#14537);
#11510=AXIS2_PLACEMENT_3D('',#17702,#14538,#14539);
#11511=AXIS2_PLACEMENT_3D('',#17703,#14540,#14541);
#11512=AXIS2_PLACEMENT_3D('',#17704,#14542,#14543);
#11513=AXIS2_PLACEMENT_3D('',#17705,#14544,#14545);
#11514=AXIS2_PLACEMENT_3D('',#17706,#14546,#14547);
#11515=AXIS2_PLACEMENT_3D('',#17709,#14550,#14551);
#11516=AXIS2_PLACEMENT_3D('',#17712,#14554,#14555);
#11517=AXIS2_PLACEMENT_3D('',#17715,#14558,#14559);
#11518=AXIS2_PLACEMENT_3D('',#17718,#14562,#14563);
#11519=AXIS2_PLACEMENT_3D('',#17721,#14566,#14567);
#11520=AXIS2_PLACEMENT_3D('',#17724,#14570,#14571);
#11521=AXIS2_PLACEMENT_3D('',#17727,#14574,#14575);
#11522=AXIS2_PLACEMENT_3D('',#17728,#14576,#14577);
#11523=AXIS2_PLACEMENT_3D('',#17729,#14578,#14579);
#11524=AXIS2_PLACEMENT_3D('',#17730,#14580,#14581);
#11525=AXIS2_PLACEMENT_3D('',#17731,#14582,#14583);
#11526=AXIS2_PLACEMENT_3D('',#17732,#14584,#14585);
#11527=AXIS2_PLACEMENT_3D('',#17733,#14586,#14587);
#11528=AXIS2_PLACEMENT_3D('',#17734,#14588,#14589);
#11529=AXIS2_PLACEMENT_3D('',#17737,#14592,#14593);
#11530=AXIS2_PLACEMENT_3D('',#17740,#14596,#14597);
#11531=AXIS2_PLACEMENT_3D('',#17743,#14600,#14601);
#11532=AXIS2_PLACEMENT_3D('',#17746,#14604,#14605);
#11533=AXIS2_PLACEMENT_3D('',#17749,#14608,#14609);
#11534=AXIS2_PLACEMENT_3D('',#17752,#14612,#14613);
#11535=AXIS2_PLACEMENT_3D('',#17755,#14616,#14617);
#11536=AXIS2_PLACEMENT_3D('',#17756,#14618,#14619);
#11537=AXIS2_PLACEMENT_3D('',#17757,#14620,#14621);
#11538=AXIS2_PLACEMENT_3D('',#17758,#14622,#14623);
#11539=AXIS2_PLACEMENT_3D('',#17759,#14624,#14625);
#11540=AXIS2_PLACEMENT_3D('',#17760,#14626,#14627);
#11541=AXIS2_PLACEMENT_3D('',#17761,#14628,#14629);
#11542=AXIS2_PLACEMENT_3D('',#17762,#14630,#14631);
#11543=AXIS2_PLACEMENT_3D('',#17765,#14634,#14635);
#11544=AXIS2_PLACEMENT_3D('',#17768,#14638,#14639);
#11545=AXIS2_PLACEMENT_3D('',#17771,#14642,#14643);
#11546=AXIS2_PLACEMENT_3D('',#17774,#14646,#14647);
#11547=AXIS2_PLACEMENT_3D('',#17777,#14650,#14651);
#11548=AXIS2_PLACEMENT_3D('',#17780,#14654,#14655);
#11549=AXIS2_PLACEMENT_3D('',#17781,#14656,#14657);
#11550=AXIS2_PLACEMENT_3D('',#17782,#14658,#14659);
#11551=AXIS2_PLACEMENT_3D('',#17783,#14660,#14661);
#11552=AXIS2_PLACEMENT_3D('',#17784,#14662,#14663);
#11553=AXIS2_PLACEMENT_3D('',#17785,#14664,#14665);
#11554=AXIS2_PLACEMENT_3D('',#17786,#14666,#14667);
#11555=AXIS2_PLACEMENT_3D('',#17789,#14670,#14671);
#11556=AXIS2_PLACEMENT_3D('',#17792,#14674,#14675);
#11557=AXIS2_PLACEMENT_3D('',#17795,#14678,#14679);
#11558=AXIS2_PLACEMENT_3D('',#17798,#14682,#14683);
#11559=AXIS2_PLACEMENT_3D('',#17799,#14684,#14685);
#11560=AXIS2_PLACEMENT_3D('',#17800,#14686,#14687);
#11561=AXIS2_PLACEMENT_3D('',#17801,#14688,#14689);
#11562=AXIS2_PLACEMENT_3D('',#17802,#14690,#14691);
#11563=AXIS2_PLACEMENT_3D('',#17805,#14694,#14695);
#11564=AXIS2_PLACEMENT_3D('',#17808,#14698,#14699);
#11565=AXIS2_PLACEMENT_3D('',#17811,#14702,#14703);
#11566=AXIS2_PLACEMENT_3D('',#17814,#14706,#14707);
#11567=AXIS2_PLACEMENT_3D('',#17815,#14708,#14709);
#11568=AXIS2_PLACEMENT_3D('',#17816,#14710,#14711);
#11569=AXIS2_PLACEMENT_3D('',#17817,#14712,#14713);
#11570=AXIS2_PLACEMENT_3D('',#17818,#14714,#14715);
#11571=AXIS2_PLACEMENT_3D('',#17821,#14718,#14719);
#11572=AXIS2_PLACEMENT_3D('',#17824,#14722,#14723);
#11573=AXIS2_PLACEMENT_3D('',#17825,#14724,#14725);
#11574=AXIS2_PLACEMENT_3D('',#17826,#14726,#14727);
#11575=AXIS2_PLACEMENT_3D('',#17827,#14728,#14729);
#11576=AXIS2_PLACEMENT_3D('',#17830,#14732,#14733);
#11577=AXIS2_PLACEMENT_3D('',#17833,#14736,#14737);
#11578=AXIS2_PLACEMENT_3D('',#17836,#14740,#14741);
#11579=AXIS2_PLACEMENT_3D('',#17839,#14744,#14745);
#11580=AXIS2_PLACEMENT_3D('',#17842,#14748,#14749);
#11581=AXIS2_PLACEMENT_3D('',#17845,#14752,#14753);
#11582=AXIS2_PLACEMENT_3D('',#17848,#14756,#14757);
#11583=AXIS2_PLACEMENT_3D('',#17849,#14758,#14759);
#11584=AXIS2_PLACEMENT_3D('',#17850,#14760,#14761);
#11585=AXIS2_PLACEMENT_3D('',#17851,#14762,#14763);
#11586=AXIS2_PLACEMENT_3D('',#17852,#14764,#14765);
#11587=AXIS2_PLACEMENT_3D('',#17853,#14766,#14767);
#11588=AXIS2_PLACEMENT_3D('',#17854,#14768,#14769);
#11589=AXIS2_PLACEMENT_3D('',#17855,#14770,#14771);
#11590=AXIS2_PLACEMENT_3D('',#17858,#14774,#14775);
#11591=AXIS2_PLACEMENT_3D('',#17861,#14778,#14779);
#11592=AXIS2_PLACEMENT_3D('',#17864,#14782,#14783);
#11593=AXIS2_PLACEMENT_3D('',#17867,#14786,#14787);
#11594=AXIS2_PLACEMENT_3D('',#17870,#14790,#14791);
#11595=AXIS2_PLACEMENT_3D('',#17873,#14794,#14795);
#11596=AXIS2_PLACEMENT_3D('',#17876,#14798,#14799);
#11597=AXIS2_PLACEMENT_3D('',#17877,#14800,#14801);
#11598=AXIS2_PLACEMENT_3D('',#17878,#14802,#14803);
#11599=AXIS2_PLACEMENT_3D('',#17879,#14804,#14805);
#11600=AXIS2_PLACEMENT_3D('',#17880,#14806,#14807);
#11601=AXIS2_PLACEMENT_3D('',#17881,#14808,#14809);
#11602=AXIS2_PLACEMENT_3D('',#17882,#14810,#14811);
#11603=AXIS2_PLACEMENT_3D('',#17883,#14812,#14813);
#11604=AXIS2_PLACEMENT_3D('',#17886,#14816,#14817);
#11605=AXIS2_PLACEMENT_3D('',#17889,#14820,#14821);
#11606=AXIS2_PLACEMENT_3D('',#17890,#14822,#14823);
#11607=AXIS2_PLACEMENT_3D('',#17891,#14824,#14825);
#11608=AXIS2_PLACEMENT_3D('',#17892,#14826,#14827);
#11609=AXIS2_PLACEMENT_3D('',#17895,#14830,#14831);
#11610=AXIS2_PLACEMENT_3D('',#17898,#14834,#14835);
#11611=AXIS2_PLACEMENT_3D('',#17901,#14838,#14839);
#11612=AXIS2_PLACEMENT_3D('',#17904,#14842,#14843);
#11613=AXIS2_PLACEMENT_3D('',#17905,#14844,#14845);
#11614=AXIS2_PLACEMENT_3D('',#17906,#14846,#14847);
#11615=AXIS2_PLACEMENT_3D('',#17907,#14848,#14849);
#11616=AXIS2_PLACEMENT_3D('',#17908,#14850,#14851);
#11617=AXIS2_PLACEMENT_3D('',#17911,#14854,#14855);
#11618=AXIS2_PLACEMENT_3D('',#17914,#14858,#14859);
#11619=AXIS2_PLACEMENT_3D('',#17915,#14860,#14861);
#11620=AXIS2_PLACEMENT_3D('',#17916,#14862,#14863);
#11621=AXIS2_PLACEMENT_3D('',#17917,#14864,#14865);
#11622=DIRECTION('',(0.,0.,1.));
#11623=DIRECTION('',(1.,0.,0.));
#11624=DIRECTION('',(-1.,4.27782171012287E-32,0.));
#11625=DIRECTION('',(-4.27782171012288E-32,-1.,0.));
#11626=DIRECTION('',(-7.74348286601051E-48,-1.81014623580188E-16,1.));
#11627=DIRECTION('',(-4.27782171012288E-32,-1.,-1.81014623580188E-16));
#11628=DIRECTION('',(-7.74348286601051E-48,-1.81014623580188E-16,1.));
#11629=DIRECTION('',(-4.27782171012288E-32,-1.,-1.81014623580188E-16));
#11630=DIRECTION('',(-1.,1.43261518547519E-31,-5.55111512312578E-16));
#11631=DIRECTION('',(-5.55111512312578E-16,0.,1.));
#11632=DIRECTION('',(-5.55111512312578E-16,-1.81014623580188E-16,1.));
#11633=DIRECTION('',(-4.27782171012287E-32,-1.,-1.81014623580188E-16));
#11634=DIRECTION('',(-5.55111512312578E-16,-1.81014623580188E-16,1.));
#11635=DIRECTION('',(-4.27782171012288E-32,-1.,-1.81014623580188E-16));
#11636=DIRECTION('',(-1.,1.43261518547519E-31,-5.55111512312578E-16));
#11637=DIRECTION('',(-5.55111512312578E-16,0.,1.));
#11638=DIRECTION('',(-5.55111512312578E-16,-1.81014623580188E-16,1.));
#11639=DIRECTION('',(-4.27782171012287E-32,-1.,-1.81014623580188E-16));
#11640=DIRECTION('',(-5.55111512312578E-16,-1.81014623580188E-16,1.));
#11641=DIRECTION('',(-4.27782171012288E-32,-1.,-1.81014623580188E-16));
#11642=DIRECTION('',(-1.,4.27782171012287E-32,0.));
#11643=DIRECTION('',(-4.27782171012288E-32,-1.,0.));
#11644=DIRECTION('',(-7.74348286601051E-48,-1.81014623580188E-16,1.));
#11645=DIRECTION('',(-4.27782171012288E-32,-1.,-1.81014623580188E-16));
#11646=DIRECTION('',(-7.74348286601051E-48,-1.81014623580188E-16,1.));
#11647=DIRECTION('',(-4.27782171012288E-32,-1.,-1.81014623580188E-16));
#11648=DIRECTION('',(-4.27782171012287E-32,-1.,-1.81014623580188E-16));
#11649=DIRECTION('',(0.,1.81014623580188E-16,-1.));
#11650=DIRECTION('',(-4.27782171012287E-32,-1.,-1.81014623580188E-16));
#11651=DIRECTION('',(0.,1.81014623580188E-16,-1.));
#11652=DIRECTION('',(1.,-8.04957354103398E-32,2.08367244386762E-16));
#11653=DIRECTION('',(-4.27782171012287E-32,-1.,-1.81014623580188E-16));
#11654=DIRECTION('',(0.,1.81014623580188E-16,-1.));
#11655=DIRECTION('',(4.27782171012287E-32,1.,1.81014623580188E-16));
#11656=DIRECTION('',(0.,-1.81014623580188E-16,1.));
#11657=DIRECTION('',(0.866025403784439,9.05073117900943E-17,-0.5));
#11658=DIRECTION('',(4.27782171012287E-32,1.,1.81014623580188E-16));
#11659=DIRECTION('',(0.,-1.81014623580188E-16,1.));
#11660=DIRECTION('',(0.866025403784439,-9.05073117900944E-17,0.5));
#11661=DIRECTION('',(4.27782171012287E-32,1.,1.81014623580188E-16));
#11662=DIRECTION('',(0.,-1.81014623580188E-16,1.));
#11663=DIRECTION('',(-4.27782171012287E-32,-1.,-1.81014623580188E-16));
#11664=DIRECTION('',(0.,1.81014623580188E-16,-1.));
#11665=DIRECTION('',(1.,-1.55930772028562E-31,6.25101733160289E-16));
#11666=DIRECTION('',(-4.27782171012287E-32,-1.,-1.81014623580188E-16));
#11667=DIRECTION('',(0.,1.81014623580188E-16,-1.));
#11668=DIRECTION('',(4.27782171012287E-32,1.,1.81014623580188E-16));
#11669=DIRECTION('',(0.,-1.81014623580188E-16,1.));
#11670=DIRECTION('',(0.866025403784439,9.05073117900942E-17,-0.5));
#11671=DIRECTION('',(4.27782171012287E-32,1.,1.81014623580188E-16));
#11672=DIRECTION('',(0.,-1.81014623580188E-16,1.));
#11673=DIRECTION('',(0.866025403784439,-9.05073117900944E-17,0.5));
#11674=DIRECTION('',(4.27782171012287E-32,1.,1.81014623580188E-16));
#11675=DIRECTION('',(0.,-1.81014623580188E-16,1.));
#11676=DIRECTION('',(-1.,2.09340211346439E-32,1.20676415720126E-16));
#11677=DIRECTION('',(-8.67361737988403E-17,-1.81014623580188E-16,1.));
#11678=DIRECTION('',(-1.,2.09340211346439E-32,1.20676415720126E-16));
#11679=DIRECTION('',(-8.67361737988403E-17,-1.81014623580188E-16,1.));
#11680=DIRECTION('',(-9.10174831941055E-34,-1.,1.81014623580188E-16));
#11681=DIRECTION('',(0.,-1.81014623580188E-16,-1.));
#11682=DIRECTION('',(-9.10174831941055E-34,-1.,1.81014623580188E-16));
#11683=DIRECTION('',(0.,-1.81014623580188E-16,-1.));
#11684=DIRECTION('',(4.27782171012287E-32,1.,1.81014623580188E-16));
#11685=DIRECTION('',(0.,-1.81014623580188E-16,1.));
#11686=DIRECTION('',(0.866025403784439,9.05073117900943E-17,-0.5));
#11687=DIRECTION('',(4.27782171012287E-32,1.,1.81014623580188E-16));
#11688=DIRECTION('',(0.,-1.81014623580188E-16,1.));
#11689=DIRECTION('',(-8.67361737988403E-17,-1.81014623580188E-16,1.));
#11690=DIRECTION('',(4.27782171012287E-32,1.,1.81014623580188E-16));
#11691=DIRECTION('',(0.,-1.81014623580188E-16,1.));
#11692=DIRECTION('',(0.866025403784439,-9.05073117900944E-17,0.5));
#11693=DIRECTION('',(4.27782171012287E-32,1.,1.81014623580188E-16));
#11694=DIRECTION('',(0.,-1.81014623580188E-16,1.));
#11695=DIRECTION('',(-7.74348286601051E-48,-1.81014623580188E-16,1.));
#11696=DIRECTION('',(4.27782171012287E-32,1.,1.81014623580188E-16));
#11697=DIRECTION('',(0.,-1.81014623580188E-16,1.));
#11698=DIRECTION('',(-5.55111512312578E-16,-1.81014623580188E-16,1.));
#11699=DIRECTION('',(4.27782171012287E-32,1.,1.81014623580188E-16));
#11700=DIRECTION('',(0.,-1.81014623580188E-16,1.));
#11701=DIRECTION('',(0.866025403784439,9.05073117900942E-17,-0.5));
#11702=DIRECTION('',(4.27782171012287E-32,1.,1.81014623580188E-16));
#11703=DIRECTION('',(0.,-1.81014623580188E-16,1.));
#11704=DIRECTION('',(0.866025403784439,-9.05073117900944E-17,0.5));
#11705=DIRECTION('',(4.27782171012287E-32,1.,1.81014623580188E-16));
#11706=DIRECTION('',(0.,-1.81014623580188E-16,1.));
#11707=DIRECTION('',(4.27782171012287E-32,1.,1.81014623580188E-16));
#11708=DIRECTION('',(0.,-1.81014623580188E-16,1.));
#11709=DIRECTION('',(4.27782171012287E-32,1.,1.81014623580188E-16));
#11710=DIRECTION('',(0.,-1.81014623580188E-16,1.));
#11711=DIRECTION('',(4.27782171012287E-32,1.,1.81014623580188E-16));
#11712=DIRECTION('',(0.,-1.81014623580188E-16,1.));
#11713=DIRECTION('',(4.27782171012287E-32,1.,1.81014623580188E-16));
#11714=DIRECTION('',(0.,-1.81014623580188E-16,1.));
#11715=DIRECTION('',(0.866025403784439,9.05073117900942E-17,-0.5));
#11716=DIRECTION('',(4.27782171012287E-32,1.,1.81014623580188E-16));
#11717=DIRECTION('',(0.,-1.81014623580188E-16,1.));
#11718=DIRECTION('',(0.866025403784439,-9.05073117900944E-17,0.5));
#11719=DIRECTION('',(0.866025403784439,9.05073117900942E-17,-0.5));
#11720=DIRECTION('',(4.27782171012287E-32,1.,1.81014623580188E-16));
#11721=DIRECTION('',(0.,-1.81014623580188E-16,1.));
#11722=DIRECTION('',(0.866025403784439,-9.05073117900944E-17,0.5));
#11723=DIRECTION('',(4.27782171012287E-32,1.,1.81014623580188E-16));
#11724=DIRECTION('',(0.,-1.81014623580188E-16,1.));
#11725=DIRECTION('',(-5.55111512312578E-16,-1.81014623580188E-16,1.));
#11726=DIRECTION('',(4.27782171012287E-32,1.,1.81014623580188E-16));
#11727=DIRECTION('',(0.,-1.81014623580188E-16,1.));
#11728=DIRECTION('',(0.866025403784439,9.05073117900942E-17,-0.5));
#11729=DIRECTION('',(4.27782171012287E-32,1.,1.81014623580188E-16));
#11730=DIRECTION('',(0.,-1.81014623580188E-16,1.));
#11731=DIRECTION('',(0.866025403784439,-9.05073117900944E-17,0.5));
#11732=DIRECTION('',(4.27782171012287E-32,1.,1.81014623580188E-16));
#11733=DIRECTION('',(0.,-1.81014623580188E-16,1.));
#11734=DIRECTION('',(4.27782171012287E-32,1.,1.81014623580188E-16));
#11735=DIRECTION('',(0.,-1.81014623580188E-16,1.));
#11736=DIRECTION('',(4.27782171012287E-32,1.,1.81014623580188E-16));
#11737=DIRECTION('',(0.,-1.81014623580188E-16,1.));
#11738=DIRECTION('',(4.27782171012287E-32,1.,1.81014623580188E-16));
#11739=DIRECTION('',(0.,-1.81014623580188E-16,1.));
#11740=DIRECTION('',(4.27782171012287E-32,1.,1.81014623580188E-16));
#11741=DIRECTION('',(0.,-1.81014623580188E-16,1.));
#11742=DIRECTION('',(4.27782171012287E-32,1.,1.81014623580188E-16));
#11743=DIRECTION('',(0.,-1.81014623580188E-16,1.));
#11744=DIRECTION('',(-8.67361737988403E-17,-1.81014623580188E-16,1.));
#11745=DIRECTION('',(4.27782171012287E-32,1.,1.81014623580188E-16));
#11746=DIRECTION('',(0.,-1.81014623580188E-16,1.));
#11747=DIRECTION('',(0.866025403784439,-9.05073117900944E-17,0.5));
#11748=DIRECTION('',(4.27782171012287E-32,1.,1.81014623580188E-16));
#11749=DIRECTION('',(0.,-1.81014623580188E-16,1.));
#11750=DIRECTION('',(-7.74348286601051E-48,-1.81014623580188E-16,1.));
#11751=DIRECTION('',(4.27782171012287E-32,1.,1.81014623580188E-16));
#11752=DIRECTION('',(0.,-1.81014623580188E-16,1.));
#11753=DIRECTION('',(0.866025403784439,9.05073117900943E-17,-0.5));
#11754=DIRECTION('',(-9.10174831941054E-34,1.,1.81014623580188E-16));
#11755=DIRECTION('',(0.,-1.81014623580188E-16,1.));
#11756=DIRECTION('',(-0.866025403784439,-9.05073117900944E-17,0.5));
#11757=DIRECTION('',(9.10174831941054E-34,-1.,-1.81014623580188E-16));
#11758=DIRECTION('',(0.,1.81014623580188E-16,-1.));
#11759=DIRECTION('',(5.55111512312578E-16,-1.81014623580188E-16,1.));
#11760=DIRECTION('',(9.10174831941054E-34,-1.,-1.81014623580188E-16));
#11761=DIRECTION('',(0.,1.81014623580188E-16,-1.));
#11762=DIRECTION('',(-0.866025403784439,9.05073117900943E-17,-0.5));
#11763=DIRECTION('',(9.10174831941054E-34,-1.,-1.81014623580188E-16));
#11764=DIRECTION('',(0.,1.81014623580188E-16,-1.));
#11765=DIRECTION('',(-0.866025403784439,-9.05073117900944E-17,0.5));
#11766=DIRECTION('',(9.10174831941054E-34,-1.,-1.81014623580188E-16));
#11767=DIRECTION('',(0.,1.81014623580188E-16,-1.));
#11768=DIRECTION('',(1.64754954595971E-49,-1.81014623580188E-16,1.));
#11769=DIRECTION('',(9.10174831941054E-34,-1.,-1.81014623580188E-16));
#11770=DIRECTION('',(0.,1.81014623580188E-16,-1.));
#11771=DIRECTION('',(-0.866025403784439,9.05073117900943E-17,-0.5));
#11772=DIRECTION('',(9.10174831941054E-34,-1.,-1.81014623580188E-16));
#11773=DIRECTION('',(0.,1.81014623580188E-16,-1.));
#11774=DIRECTION('',(-0.866025403784439,-9.05073117900944E-17,0.5));
#11775=DIRECTION('',(9.10174831941054E-34,-1.,-1.81014623580188E-16));
#11776=DIRECTION('',(0.,1.81014623580188E-16,-1.));
#11777=DIRECTION('',(1.64754954595971E-49,-1.81014623580188E-16,1.));
#11778=DIRECTION('',(9.10174831941054E-34,-1.,-1.81014623580188E-16));
#11779=DIRECTION('',(0.,1.81014623580188E-16,-1.));
#11780=DIRECTION('',(-0.866025403784439,9.05073117900943E-17,-0.5));
#11781=DIRECTION('',(9.10174831941054E-34,-1.,-1.81014623580188E-16));
#11782=DIRECTION('',(0.,1.81014623580188E-16,-1.));
#11783=DIRECTION('',(-0.866025403784439,-9.05073117900944E-17,0.5));
#11784=DIRECTION('',(9.10174831941054E-34,-1.,-1.81014623580188E-16));
#11785=DIRECTION('',(0.,1.81014623580188E-16,-1.));
#11786=DIRECTION('',(5.55111512312578E-16,-1.81014623580188E-16,1.));
#11787=DIRECTION('',(9.10174831941054E-34,-1.,-1.81014623580188E-16));
#11788=DIRECTION('',(0.,1.81014623580188E-16,-1.));
#11789=DIRECTION('',(-0.866025403784439,9.05073117900943E-17,-0.5));
#11790=DIRECTION('',(9.10174831941054E-34,-1.,-1.81014623580188E-16));
#11791=DIRECTION('',(0.,1.81014623580188E-16,-1.));
#11792=DIRECTION('',(-1.,2.09340211346439E-32,-1.20676415720126E-16));
#11793=DIRECTION('',(-8.67361737988403E-17,-1.81014623580188E-16,1.));
#11794=DIRECTION('',(-1.,2.09340211346439E-32,-1.20676415720126E-16));
#11795=DIRECTION('',(-8.67361737988403E-17,-1.81014623580188E-16,1.));
#11796=DIRECTION('',(9.10174831941055E-34,-1.,-1.81014623580188E-16));
#11797=DIRECTION('',(0.,1.81014623580188E-16,-1.));
#11798=DIRECTION('',(9.10174831941055E-34,-1.,-1.81014623580188E-16));
#11799=DIRECTION('',(0.,1.81014623580188E-16,-1.));
#11800=DIRECTION('',(9.10174831941054E-34,-1.,-1.81014623580188E-16));
#11801=DIRECTION('',(0.,1.81014623580188E-16,-1.));
#11802=DIRECTION('',(-0.866025403784439,9.05073117900943E-17,-0.5));
#11803=DIRECTION('',(9.10174831941054E-34,-1.,-1.81014623580188E-16));
#11804=DIRECTION('',(0.,1.81014623580188E-16,-1.));
#11805=DIRECTION('',(-8.67361737988403E-17,-1.81014623580188E-16,1.));
#11806=DIRECTION('',(9.10174831941054E-34,-1.,-1.81014623580188E-16));
#11807=DIRECTION('',(0.,1.81014623580188E-16,-1.));
#11808=DIRECTION('',(-0.866025403784439,-9.05073117900944E-17,0.5));
#11809=DIRECTION('',(9.10174831941054E-34,-1.,-1.81014623580188E-16));
#11810=DIRECTION('',(0.,1.81014623580188E-16,-1.));
#11811=DIRECTION('',(1.64754954595971E-49,-1.81014623580188E-16,1.));
#11812=DIRECTION('',(9.10174831941054E-34,-1.,-1.81014623580188E-16));
#11813=DIRECTION('',(0.,1.81014623580188E-16,-1.));
#11814=DIRECTION('',(5.55111512312578E-16,-1.81014623580188E-16,1.));
#11815=DIRECTION('',(9.10174831941054E-34,-1.,-1.81014623580188E-16));
#11816=DIRECTION('',(0.,1.81014623580188E-16,-1.));
#11817=DIRECTION('',(-0.866025403784439,9.05073117900943E-17,-0.5));
#11818=DIRECTION('',(9.10174831941054E-34,-1.,-1.81014623580188E-16));
#11819=DIRECTION('',(0.,1.81014623580188E-16,-1.));
#11820=DIRECTION('',(-0.866025403784439,-9.05073117900943E-17,0.5));
#11821=DIRECTION('',(9.10174831941054E-34,-1.,-1.81014623580188E-16));
#11822=DIRECTION('',(0.,1.81014623580188E-16,-1.));
#11823=DIRECTION('',(9.10174831941054E-34,-1.,-1.81014623580188E-16));
#11824=DIRECTION('',(0.,1.81014623580188E-16,-1.));
#11825=DIRECTION('',(9.10174831941054E-34,-1.,-1.81014623580188E-16));
#11826=DIRECTION('',(0.,1.81014623580188E-16,-1.));
#11827=DIRECTION('',(9.10174831941054E-34,-1.,-1.81014623580188E-16));
#11828=DIRECTION('',(0.,1.81014623580188E-16,-1.));
#11829=DIRECTION('',(9.10174831941054E-34,-1.,-1.81014623580188E-16));
#11830=DIRECTION('',(0.,1.81014623580188E-16,-1.));
#11831=DIRECTION('',(-0.866025403784439,9.05073117900943E-17,-0.5));
#11832=DIRECTION('',(9.10174831941054E-34,-1.,-1.81014623580188E-16));
#11833=DIRECTION('',(0.,1.81014623580188E-16,-1.));
#11834=DIRECTION('',(-0.866025403784439,-9.05073117900944E-17,0.5));
#11835=DIRECTION('',(-0.866025403784439,9.05073117900943E-17,-0.5));
#11836=DIRECTION('',(9.10174831941054E-34,-1.,-1.81014623580188E-16));
#11837=DIRECTION('',(0.,1.81014623580188E-16,-1.));
#11838=DIRECTION('',(-0.866025403784439,-9.05073117900944E-17,0.5));
#11839=DIRECTION('',(9.10174831941054E-34,-1.,-1.81014623580188E-16));
#11840=DIRECTION('',(0.,1.81014623580188E-16,-1.));
#11841=DIRECTION('',(5.55111512312578E-16,-1.81014623580188E-16,1.));
#11842=DIRECTION('',(9.10174831941054E-34,-1.,-1.81014623580188E-16));
#11843=DIRECTION('',(0.,1.81014623580188E-16,-1.));
#11844=DIRECTION('',(-0.866025403784439,9.05073117900943E-17,-0.5));
#11845=DIRECTION('',(9.10174831941054E-34,-1.,-1.81014623580188E-16));
#11846=DIRECTION('',(0.,1.81014623580188E-16,-1.));
#11847=DIRECTION('',(-0.866025403784439,-9.05073117900944E-17,0.5));
#11848=DIRECTION('',(9.10174831941054E-34,-1.,-1.81014623580188E-16));
#11849=DIRECTION('',(0.,1.81014623580188E-16,-1.));
#11850=DIRECTION('',(9.10174831941054E-34,-1.,-1.81014623580188E-16));
#11851=DIRECTION('',(0.,1.81014623580188E-16,-1.));
#11852=DIRECTION('',(9.10174831941054E-34,-1.,-1.81014623580188E-16));
#11853=DIRECTION('',(0.,1.81014623580188E-16,-1.));
#11854=DIRECTION('',(9.10174831941054E-34,-1.,-1.81014623580188E-16));
#11855=DIRECTION('',(0.,1.81014623580188E-16,-1.));
#11856=DIRECTION('',(9.10174831941054E-34,-1.,-1.81014623580188E-16));
#11857=DIRECTION('',(0.,1.81014623580188E-16,-1.));
#11858=DIRECTION('',(9.10174831941054E-34,-1.,-1.81014623580188E-16));
#11859=DIRECTION('',(0.,1.81014623580188E-16,-1.));
#11860=DIRECTION('',(-8.67361737988403E-17,-1.81014623580188E-16,1.));
#11861=DIRECTION('',(9.10174831941054E-34,-1.,-1.81014623580188E-16));
#11862=DIRECTION('',(0.,1.81014623580188E-16,-1.));
#11863=DIRECTION('',(-0.866025403784439,-9.05073117900944E-17,0.5));
#11864=DIRECTION('',(9.10174831941054E-34,-1.,-1.81014623580188E-16));
#11865=DIRECTION('',(0.,1.81014623580188E-16,-1.));
#11866=DIRECTION('',(1.64754954595971E-49,-1.81014623580188E-16,1.));
#11867=DIRECTION('',(9.10174831941054E-34,-1.,-1.81014623580188E-16));
#11868=DIRECTION('',(0.,1.81014623580188E-16,-1.));
#11869=DIRECTION('',(-0.866025403784439,9.05073117900943E-17,-0.5));
#11870=DIRECTION('',(9.10174831941054E-34,-1.,-1.81014623580188E-16));
#11871=DIRECTION('',(0.,1.81014623580188E-16,-1.));
#11872=DIRECTION('',(-0.866025403784439,-9.05073117900944E-17,0.5));
#11873=DIRECTION('',(9.10174831941054E-34,-1.,-1.81014623580188E-16));
#11874=DIRECTION('',(0.,1.81014623580188E-16,-1.));
#11875=DIRECTION('',(-8.67361737988403E-17,-1.81014623580188E-16,1.));
#11876=DIRECTION('',(9.10174831941054E-34,-1.,-1.81014623580188E-16));
#11877=DIRECTION('',(0.,1.81014623580188E-16,-1.));
#11878=DIRECTION('',(-0.866025403784439,9.05073117900943E-17,-0.5));
#11879=DIRECTION('',(9.10174831941054E-34,-1.,-1.81014623580188E-16));
#11880=DIRECTION('',(0.,1.81014623580188E-16,-1.));
#11881=DIRECTION('',(1.64754954595971E-49,-1.81014623580188E-16,1.));
#11882=DIRECTION('',(9.10174831941054E-34,-1.,-1.81014623580188E-16));
#11883=DIRECTION('',(0.,1.81014623580188E-16,-1.));
#11884=DIRECTION('',(5.55111512312578E-16,-1.81014623580188E-16,1.));
#11885=DIRECTION('',(9.10174831941054E-34,-1.,-1.81014623580188E-16));
#11886=DIRECTION('',(0.,1.81014623580188E-16,-1.));
#11887=DIRECTION('',(-0.866025403784439,-9.05073117900944E-17,0.5));
#11888=DIRECTION('',(9.10174831941054E-34,-1.,-1.81014623580188E-16));
#11889=DIRECTION('',(0.,1.81014623580188E-16,-1.));
#11890=DIRECTION('',(-0.866025403784439,9.05073117900943E-17,-0.5));
#11891=DIRECTION('',(9.10174831941054E-34,-1.,-1.81014623580188E-16));
#11892=DIRECTION('',(0.,1.81014623580188E-16,-1.));
#11893=DIRECTION('',(1.64754954595971E-49,-1.81014623580188E-16,1.));
#11894=DIRECTION('',(9.10174831941054E-34,-1.,-1.81014623580188E-16));
#11895=DIRECTION('',(0.,1.81014623580188E-16,-1.));
#11896=DIRECTION('',(-0.866025403784439,-9.05073117900944E-17,0.5));
#11897=DIRECTION('',(9.10174831941054E-34,-1.,-1.81014623580188E-16));
#11898=DIRECTION('',(0.,1.81014623580188E-16,-1.));
#11899=DIRECTION('',(-0.866025403784439,9.05073117900943E-17,-0.5));
#11900=DIRECTION('',(9.10174831941054E-34,-1.,-1.81014623580188E-16));
#11901=DIRECTION('',(0.,1.81014623580188E-16,-1.));
#11902=DIRECTION('',(-1.,2.09340211346439E-32,-1.20676415720126E-16));
#11903=DIRECTION('',(-8.67361737988403E-17,-1.81014623580188E-16,1.));
#11904=DIRECTION('',(-1.,2.09340211346439E-32,-1.20676415720126E-16));
#11905=DIRECTION('',(-8.67361737988403E-17,-1.81014623580188E-16,1.));
#11906=DIRECTION('',(9.10174831941054E-34,-1.,-1.81014623580188E-16));
#11907=DIRECTION('',(0.,1.81014623580188E-16,-1.));
#11908=DIRECTION('',(9.10174831941054E-34,-1.,-1.81014623580188E-16));
#11909=DIRECTION('',(0.,1.81014623580188E-16,-1.));
#11910=DIRECTION('',(-8.67361737988403E-17,-1.81014623580188E-16,1.));
#11911=DIRECTION('',(9.10174831941054E-34,-1.,-1.81014623580188E-16));
#11912=DIRECTION('',(0.,1.81014623580188E-16,-1.));
#11913=DIRECTION('',(-0.866025403784439,9.05073117900943E-17,-0.5));
#11914=DIRECTION('',(9.10174831941054E-34,-1.,-1.81014623580188E-16));
#11915=DIRECTION('',(0.,1.81014623580188E-16,-1.));
#11916=DIRECTION('',(1.64754954595971E-49,-1.81014623580188E-16,1.));
#11917=DIRECTION('',(9.10174831941054E-34,-1.,-1.81014623580188E-16));
#11918=DIRECTION('',(0.,1.81014623580188E-16,-1.));
#11919=DIRECTION('',(-0.866025403784439,-9.05073117900944E-17,0.5));
#11920=DIRECTION('',(9.10174831941054E-34,-1.,-1.81014623580188E-16));
#11921=DIRECTION('',(0.,1.81014623580188E-16,-1.));
#11922=DIRECTION('',(1.64754954595971E-49,-1.81014623580188E-16,1.));
#11923=DIRECTION('',(9.10174831941054E-34,-1.,-1.81014623580188E-16));
#11924=DIRECTION('',(0.,1.81014623580188E-16,-1.));
#11925=DIRECTION('',(-0.866025403784439,-9.05073117900944E-17,0.5));
#11926=DIRECTION('',(9.10174831941054E-34,-1.,-1.81014623580188E-16));
#11927=DIRECTION('',(0.,1.81014623580188E-16,-1.));
#11928=DIRECTION('',(-0.866025403784439,9.05073117900943E-17,-0.5));
#11929=DIRECTION('',(9.10174831941054E-34,-1.,-1.81014623580188E-16));
#11930=DIRECTION('',(0.,1.81014623580188E-16,-1.));
#11931=DIRECTION('',(5.55111512312578E-16,-1.81014623580188E-16,1.));
#11932=DIRECTION('',(9.10174831941054E-34,-1.,-1.81014623580188E-16));
#11933=DIRECTION('',(0.,1.81014623580188E-16,-1.));
#11934=DIRECTION('',(-0.866025403784439,-9.05073117900944E-17,0.5));
#11935=DIRECTION('',(9.10174831941054E-34,-1.,-1.81014623580188E-16));
#11936=DIRECTION('',(0.,1.81014623580188E-16,-1.));
#11937=DIRECTION('',(-0.866025403784439,9.05073117900943E-17,-0.5));
#11938=DIRECTION('',(9.10174831941054E-34,-1.,-1.81014623580188E-16));
#11939=DIRECTION('',(0.,1.81014623580188E-16,-1.));
#11940=DIRECTION('',(9.10174831941054E-34,-1.,-1.81014623580188E-16));
#11941=DIRECTION('',(0.,1.81014623580188E-16,-1.));
#11942=DIRECTION('',(-0.866025403784439,9.05073117900943E-17,-0.5));
#11943=DIRECTION('',(9.10174831941054E-34,-1.,-1.81014623580188E-16));
#11944=DIRECTION('',(0.,1.81014623580188E-16,-1.));
#11945=DIRECTION('',(9.10174831941054E-34,-1.,-1.81014623580188E-16));
#11946=DIRECTION('',(0.,1.81014623580188E-16,-1.));
#11947=DIRECTION('',(9.10174831941054E-34,-1.,-1.81014623580188E-16));
#11948=DIRECTION('',(0.,1.81014623580188E-16,-1.));
#11949=DIRECTION('',(9.10174831941054E-34,-1.,-1.81014623580188E-16));
#11950=DIRECTION('',(0.,1.81014623580188E-16,-1.));
#11951=DIRECTION('',(9.10174831941054E-34,-1.,-1.81014623580188E-16));
#11952=DIRECTION('',(0.,1.81014623580188E-16,-1.));
#11953=DIRECTION('',(-0.866025403784439,-9.05073117900943E-17,0.5));
#11954=DIRECTION('',(9.10174831941054E-34,-1.,-1.81014623580188E-16));
#11955=DIRECTION('',(0.,1.81014623580188E-16,-1.));
#11956=DIRECTION('',(-0.866025403784439,9.05073117900943E-17,-0.5));
#11957=DIRECTION('',(9.10174831941054E-34,-1.,-1.81014623580188E-16));
#11958=DIRECTION('',(0.,1.81014623580188E-16,-1.));
#11959=DIRECTION('',(5.55111512312578E-16,-1.81014623580188E-16,1.));
#11960=DIRECTION('',(9.10174831941054E-34,-1.,-1.81014623580188E-16));
#11961=DIRECTION('',(0.,1.81014623580188E-16,-1.));
#11962=DIRECTION('',(-0.866025403784439,-9.05073117900944E-17,0.5));
#11963=DIRECTION('',(9.10174831941054E-34,-1.,-1.81014623580188E-16));
#11964=DIRECTION('',(0.,1.81014623580188E-16,-1.));
#11965=DIRECTION('',(9.10174831941054E-34,-1.,-1.81014623580188E-16));
#11966=DIRECTION('',(0.,1.81014623580188E-16,-1.));
#11967=DIRECTION('',(-0.866025403784439,-9.05073117900944E-17,0.5));
#11968=DIRECTION('',(9.10174831941054E-34,-1.,-1.81014623580188E-16));
#11969=DIRECTION('',(0.,1.81014623580188E-16,-1.));
#11970=DIRECTION('',(-0.866025403784439,9.05073117900943E-17,-0.5));
#11971=DIRECTION('',(9.10174831941054E-34,-1.,-1.81014623580188E-16));
#11972=DIRECTION('',(0.,1.81014623580188E-16,-1.));
#11973=DIRECTION('',(5.55111512312578E-16,-1.81014623580188E-16,1.));
#11974=DIRECTION('',(9.10174831941054E-34,-1.,-1.81014623580188E-16));
#11975=DIRECTION('',(0.,1.81014623580188E-16,-1.));
#11976=DIRECTION('',(-0.866025403784439,-9.05073117900944E-17,0.5));
#11977=DIRECTION('',(9.10174831941054E-34,-1.,-1.81014623580188E-16));
#11978=DIRECTION('',(0.,1.81014623580188E-16,-1.));
#11979=DIRECTION('',(-0.866025403784439,9.05073117900943E-17,-0.5));
#11980=DIRECTION('',(9.10174831941054E-34,-1.,-1.81014623580188E-16));
#11981=DIRECTION('',(0.,1.81014623580188E-16,-1.));
#11982=DIRECTION('',(9.10174831941054E-34,-1.,-1.81014623580188E-16));
#11983=DIRECTION('',(0.,1.81014623580188E-16,-1.));
#11984=DIRECTION('',(9.10174831941054E-34,-1.,-1.81014623580188E-16));
#11985=DIRECTION('',(0.,1.81014623580188E-16,-1.));
#11986=DIRECTION('',(0.,0.,1.));
#11987=DIRECTION('',(1.,0.,0.));
#11988=DIRECTION('',(0.,0.,1.));
#11989=DIRECTION('',(1.,0.,0.));
#11990=DIRECTION('',(-0.866025403784439,-0.5,0.));
#11991=DIRECTION('',(0.,0.,1.));
#11992=DIRECTION('',(1.,0.,0.));
#11993=DIRECTION('',(-1.81014623580188E-16,1.,0.));
#11994=DIRECTION('',(0.,0.,1.));
#11995=DIRECTION('',(1.,0.,0.));
#11996=DIRECTION('',(-0.866025403784439,0.5,0.));
#11997=DIRECTION('',(0.,0.,1.));
#11998=DIRECTION('',(1.,0.,0.));
#11999=DIRECTION('',(7.93016446160827E-16,1.,0.));
#12000=DIRECTION('',(0.,0.,1.));
#12001=DIRECTION('',(1.,0.,0.));
#12002=DIRECTION('',(0.,0.,1.));
#12003=DIRECTION('',(1.,0.,0.));
#12004=DIRECTION('',(-1.81014623580188E-16,1.,0.));
#12005=DIRECTION('',(0.,0.,1.));
#12006=DIRECTION('',(1.,0.,0.));
#12007=DIRECTION('',(0.,0.,1.));
#12008=DIRECTION('',(1.,0.,0.));
#12009=DIRECTION('',(0.,0.,1.));
#12010=DIRECTION('',(1.,0.,0.));
#12011=DIRECTION('',(0.,0.,1.));
#12012=DIRECTION('',(1.,0.,0.));
#12013=DIRECTION('',(0.,0.,1.));
#12014=DIRECTION('',(1.,0.,0.));
#12015=DIRECTION('',(0.,0.,1.));
#12016=DIRECTION('',(1.,0.,0.));
#12017=DIRECTION('',(0.,0.,1.));
#12018=DIRECTION('',(1.,0.,0.));
#12019=DIRECTION('',(0.,0.,1.));
#12020=DIRECTION('',(1.,0.,0.));
#12021=DIRECTION('',(-1.81014623580188E-16,1.,0.));
#12022=DIRECTION('',(0.,0.,1.));
#12023=DIRECTION('',(1.,0.,0.));
#12024=DIRECTION('',(0.,0.,1.));
#12025=DIRECTION('',(1.,0.,0.));
#12026=DIRECTION('',(0.,0.,1.));
#12027=DIRECTION('',(1.,0.,0.));
#12028=DIRECTION('',(0.,0.,1.));
#12029=DIRECTION('',(1.,0.,0.));
#12030=DIRECTION('',(-0.866025403784439,0.5,0.));
#12031=DIRECTION('',(0.,0.,1.));
#12032=DIRECTION('',(1.,0.,0.));
#12033=DIRECTION('',(-1.81014623580188E-16,1.,0.));
#12034=DIRECTION('',(0.,0.,1.));
#12035=DIRECTION('',(1.,0.,0.));
#12036=DIRECTION('',(0.,0.,1.));
#12037=DIRECTION('',(1.,0.,0.));
#12038=DIRECTION('',(0.,0.,1.));
#12039=DIRECTION('',(1.,0.,0.));
#12040=DIRECTION('',(0.,0.,1.));
#12041=DIRECTION('',(1.,0.,0.));
#12042=DIRECTION('',(-1.81014623580188E-16,1.,0.));
#12043=DIRECTION('',(0.,0.,1.));
#12044=DIRECTION('',(1.,0.,0.));
#12045=DIRECTION('',(-0.866025403784439,0.5,0.));
#12046=DIRECTION('',(0.,0.,1.));
#12047=DIRECTION('',(1.,0.,0.));
#12048=DIRECTION('',(0.,1.,0.));
#12049=DIRECTION('',(0.,0.,1.));
#12050=DIRECTION('',(1.,0.,0.));
#12051=DIRECTION('',(-0.866025403784439,-0.5,0.));
#12052=DIRECTION('',(0.,0.,1.));
#12053=DIRECTION('',(1.,0.,0.));
#12054=DIRECTION('',(0.,0.,1.));
#12055=DIRECTION('',(1.,0.,0.));
#12056=DIRECTION('',(0.,0.,1.));
#12057=DIRECTION('',(1.,0.,0.));
#12058=DIRECTION('',(0.,0.,1.));
#12059=DIRECTION('',(1.,0.,0.));
#12060=DIRECTION('',(0.,-1.,0.));
#12061=DIRECTION('',(0.,0.,1.));
#12062=DIRECTION('',(1.,0.,0.));
#12063=DIRECTION('',(-0.866025403784439,0.5,0.));
#12064=DIRECTION('',(0.,0.,1.));
#12065=DIRECTION('',(1.,0.,0.));
#12066=DIRECTION('',(0.,1.,0.));
#12067=DIRECTION('',(0.,0.,1.));
#12068=DIRECTION('',(1.,0.,0.));
#12069=DIRECTION('',(0.,0.,1.));
#12070=DIRECTION('',(1.,0.,0.));
#12071=DIRECTION('',(0.,0.,1.));
#12072=DIRECTION('',(1.,0.,0.));
#12073=DIRECTION('',(7.93016446160827E-16,1.,0.));
#12074=DIRECTION('',(0.,0.,1.));
#12075=DIRECTION('',(1.,0.,0.));
#12076=DIRECTION('',(-0.866025403784439,-0.5,0.));
#12077=DIRECTION('',(0.,0.,1.));
#12078=DIRECTION('',(1.,0.,0.));
#12079=DIRECTION('',(0.,-1.,0.));
#12080=DIRECTION('',(0.,0.,1.));
#12081=DIRECTION('',(1.,0.,0.));
#12082=DIRECTION('',(0.,0.,1.));
#12083=DIRECTION('',(1.,0.,0.));
#12084=DIRECTION('',(0.,0.,1.));
#12085=DIRECTION('',(1.,0.,0.));
#12086=DIRECTION('',(-1.81014623580188E-16,1.,0.));
#12087=DIRECTION('',(0.,0.,1.));
#12088=DIRECTION('',(1.,0.,0.));
#12089=DIRECTION('',(0.,0.,1.));
#12090=DIRECTION('',(1.,0.,0.));
#12091=DIRECTION('',(0.,0.,1.));
#12092=DIRECTION('',(1.,0.,0.));
#12093=DIRECTION('',(-0.866025403784439,-0.5,0.));
#12094=DIRECTION('',(0.,0.,1.));
#12095=DIRECTION('',(1.,0.,0.));
#12096=DIRECTION('',(-1.81014623580188E-16,1.,0.));
#12097=DIRECTION('',(0.,0.,1.));
#12098=DIRECTION('',(1.,0.,0.));
#12099=DIRECTION('',(0.,0.,1.));
#12100=DIRECTION('',(1.,0.,0.));
#12101=DIRECTION('',(0.,0.,1.));
#12102=DIRECTION('',(1.,0.,0.));
#12103=DIRECTION('',(0.,0.,1.));
#12104=DIRECTION('',(1.,0.,0.));
#12105=DIRECTION('',(0.,0.,1.));
#12106=DIRECTION('',(1.,0.,0.));
#12107=DIRECTION('',(0.,0.,1.));
#12108=DIRECTION('',(1.,0.,0.));
#12109=DIRECTION('',(-1.81014623580188E-16,1.,0.));
#12110=DIRECTION('',(0.,0.,1.));
#12111=DIRECTION('',(1.,0.,0.));
#12112=DIRECTION('',(0.,0.,1.));
#12113=DIRECTION('',(1.,0.,0.));
#12114=DIRECTION('',(0.,0.,1.));
#12115=DIRECTION('',(1.,0.,0.));
#12116=DIRECTION('',(0.,0.,1.));
#12117=DIRECTION('',(1.,0.,0.));
#12118=DIRECTION('',(0.,0.,1.));
#12119=DIRECTION('',(1.,0.,0.));
#12120=DIRECTION('',(0.,0.,1.));
#12121=DIRECTION('',(1.,0.,0.));
#12122=DIRECTION('',(0.,0.,1.));
#12123=DIRECTION('',(1.,0.,0.));
#12124=DIRECTION('',(0.,0.,1.));
#12125=DIRECTION('',(1.,0.,0.));
#12126=DIRECTION('',(-1.81014623580188E-16,1.,0.));
#12127=DIRECTION('',(0.,0.,1.));
#12128=DIRECTION('',(1.,0.,0.));
#12129=DIRECTION('',(-0.866025403784439,-0.5,0.));
#12130=DIRECTION('',(0.,0.,1.));
#12131=DIRECTION('',(1.,0.,0.));
#12132=DIRECTION('',(0.,0.,1.));
#12133=DIRECTION('',(1.,0.,0.));
#12134=DIRECTION('',(0.,0.,1.));
#12135=DIRECTION('',(1.,0.,0.));
#12136=DIRECTION('',(-1.81014623580188E-16,1.,0.));
#12137=DIRECTION('',(0.,0.,1.));
#12138=DIRECTION('',(1.,0.,0.));
#12139=DIRECTION('',(0.,0.,1.));
#12140=DIRECTION('',(1.,0.,0.));
#12141=DIRECTION('',(0.,0.,1.));
#12142=DIRECTION('',(1.,0.,0.));
#12143=DIRECTION('',(0.,0.,1.));
#12144=DIRECTION('',(1.,0.,0.));
#12145=DIRECTION('',(0.,0.,1.));
#12146=DIRECTION('',(1.,0.,0.));
#12147=DIRECTION('',(0.,0.,1.));
#12148=DIRECTION('',(1.,0.,0.));
#12149=DIRECTION('',(-1.81014623580188E-16,1.,0.));
#12150=DIRECTION('',(0.,0.,1.));
#12151=DIRECTION('',(1.,0.,0.));
#12152=DIRECTION('',(-0.866025403784439,0.5,0.));
#12153=DIRECTION('',(0.,0.,1.));
#12154=DIRECTION('',(1.,0.,0.));
#12155=DIRECTION('',(0.,0.,1.));
#12156=DIRECTION('',(1.,0.,0.));
#12157=DIRECTION('',(0.,0.,1.));
#12158=DIRECTION('',(1.,0.,0.));
#12159=DIRECTION('',(0.,0.,1.));
#12160=DIRECTION('',(1.,0.,0.));
#12161=DIRECTION('',(0.,0.,1.));
#12162=DIRECTION('',(1.,0.,0.));
#12163=DIRECTION('',(0.,0.,1.));
#12164=DIRECTION('',(1.,0.,0.));
#12165=DIRECTION('',(0.,0.,1.));
#12166=DIRECTION('',(1.,0.,0.));
#12167=DIRECTION('',(0.,0.,1.));
#12168=DIRECTION('',(1.,0.,0.));
#12169=DIRECTION('',(0.,0.,1.));
#12170=DIRECTION('',(1.,0.,0.));
#12171=DIRECTION('',(0.,0.,1.));
#12172=DIRECTION('',(1.,0.,0.));
#12173=DIRECTION('',(0.,0.,1.));
#12174=DIRECTION('',(1.,0.,0.));
#12175=DIRECTION('',(-1.,-1.20676415720126E-16,0.));
#12176=DIRECTION('',(-1.81014623580188E-16,1.,0.));
#12177=DIRECTION('',(-1.,-1.20676415720126E-16,0.));
#12178=DIRECTION('',(-1.81014623580188E-16,1.,0.));
#12179=DIRECTION('',(0.,-1.,0.));
#12180=DIRECTION('',(0.,0.,1.));
#12181=DIRECTION('',(1.,0.,0.));
#12182=DIRECTION('',(-1.,0.,0.));
#12183=DIRECTION('',(0.,0.,1.));
#12184=DIRECTION('',(1.,0.,0.));
#12185=DIRECTION('',(0.,-1.,0.));
#12186=DIRECTION('',(0.,0.,1.));
#12187=DIRECTION('',(1.,0.,0.));
#12188=DIRECTION('',(-1.,0.,0.));
#12189=DIRECTION('',(0.,0.,1.));
#12190=DIRECTION('',(1.,0.,0.));
#12191=DIRECTION('',(0.,-1.,0.));
#12192=DIRECTION('',(0.,0.,1.));
#12193=DIRECTION('',(1.,0.,0.));
#12194=DIRECTION('',(1.,0.,0.));
#12195=DIRECTION('',(0.,0.,1.));
#12196=DIRECTION('',(1.,0.,0.));
#12197=DIRECTION('',(0.,-1.,0.));
#12198=DIRECTION('',(0.,0.,1.));
#12199=DIRECTION('',(1.,0.,0.));
#12200=DIRECTION('',(-1.,0.,0.));
#12201=DIRECTION('',(0.,0.,1.));
#12202=DIRECTION('',(1.,0.,0.));
#12203=DIRECTION('',(0.,-1.,0.));
#12204=DIRECTION('',(0.,0.,1.));
#12205=DIRECTION('',(1.,0.,0.));
#12206=DIRECTION('',(-1.,0.,0.));
#12207=DIRECTION('',(0.,0.,1.));
#12208=DIRECTION('',(1.,0.,0.));
#12209=DIRECTION('',(0.,-1.,0.));
#12210=DIRECTION('',(0.,0.,1.));
#12211=DIRECTION('',(1.,0.,0.));
#12212=DIRECTION('',(1.,0.,0.));
#12213=DIRECTION('',(0.,0.,1.));
#12214=DIRECTION('',(1.,0.,0.));
#12215=DIRECTION('',(0.,0.,1.));
#12216=DIRECTION('',(1.,0.,0.));
#12217=DIRECTION('',(0.,0.,1.));
#12218=DIRECTION('',(1.,0.,0.));
#12219=DIRECTION('',(0.,0.,1.));
#12220=DIRECTION('',(1.,0.,0.));
#12221=DIRECTION('',(0.,0.,1.));
#12222=DIRECTION('',(1.,0.,0.));
#12223=DIRECTION('',(0.,0.,1.));
#12224=DIRECTION('',(1.,0.,0.));
#12225=DIRECTION('',(0.,0.,1.));
#12226=DIRECTION('',(1.,0.,0.));
#12227=DIRECTION('',(0.,0.,1.));
#12228=DIRECTION('',(1.,0.,0.));
#12229=DIRECTION('',(0.,0.,1.));
#12230=DIRECTION('',(1.,0.,0.));
#12231=DIRECTION('',(0.,0.,1.));
#12232=DIRECTION('',(1.,0.,0.));
#12233=DIRECTION('',(0.,0.,1.));
#12234=DIRECTION('',(1.,0.,0.));
#12235=DIRECTION('',(0.,0.,1.));
#12236=DIRECTION('',(1.,0.,0.));
#12237=DIRECTION('',(0.,0.,1.));
#12238=DIRECTION('',(1.,0.,0.));
#12239=DIRECTION('',(-1.81014623580188E-16,1.,0.));
#12240=DIRECTION('',(0.,0.,1.));
#12241=DIRECTION('',(1.,0.,0.));
#12242=DIRECTION('',(-0.866025403784439,-0.5,0.));
#12243=DIRECTION('',(0.,0.,1.));
#12244=DIRECTION('',(1.,0.,0.));
#12245=DIRECTION('',(-0.866025403784439,0.5,0.));
#12246=DIRECTION('',(0.,0.,1.));
#12247=DIRECTION('',(1.,0.,0.));
#12248=DIRECTION('',(0.,-1.,0.));
#12249=DIRECTION('',(0.,0.,1.));
#12250=DIRECTION('',(1.,0.,0.));
#12251=DIRECTION('',(0.,0.,1.));
#12252=DIRECTION('',(1.,0.,0.));
#12253=DIRECTION('',(0.,0.,1.));
#12254=DIRECTION('',(1.,0.,0.));
#12255=DIRECTION('',(-1.,-1.20676415720126E-16,0.));
#12256=DIRECTION('',(0.,0.,1.));
#12257=DIRECTION('',(1.,0.,0.));
#12258=DIRECTION('',(-1.81014623580188E-16,1.,0.));
#12259=DIRECTION('',(0.,0.,1.));
#12260=DIRECTION('',(1.,0.,0.));
#12261=DIRECTION('',(0.,0.,1.));
#12262=DIRECTION('',(1.,0.,0.));
#12263=DIRECTION('',(0.,0.,1.));
#12264=DIRECTION('',(1.,0.,0.));
#12265=DIRECTION('',(0.,0.,1.));
#12266=DIRECTION('',(1.,0.,0.));
#12267=DIRECTION('',(0.,0.,1.));
#12268=DIRECTION('',(1.,0.,0.));
#12269=DIRECTION('',(-1.,-1.20676415720126E-16,0.));
#12270=DIRECTION('',(0.,0.,1.));
#12271=DIRECTION('',(1.,0.,0.));
#12272=DIRECTION('',(0.,0.,1.));
#12273=DIRECTION('',(1.,0.,0.));
#12274=DIRECTION('',(0.,0.,1.));
#12275=DIRECTION('',(1.,0.,0.));
#12276=DIRECTION('',(0.,-1.,0.));
#12277=DIRECTION('',(0.,0.,1.));
#12278=DIRECTION('',(1.,0.,0.));
#12279=DIRECTION('',(-0.866025403784439,-0.5,0.));
#12280=DIRECTION('',(0.,0.,1.));
#12281=DIRECTION('',(1.,0.,0.));
#12282=DIRECTION('',(-0.866025403784439,0.5,0.));
#12283=DIRECTION('',(0.,0.,1.));
#12284=DIRECTION('',(1.,0.,0.));
#12285=DIRECTION('',(-1.81014623580188E-16,1.,0.));
#12286=DIRECTION('',(0.,0.,1.));
#12287=DIRECTION('',(1.,0.,0.));
#12288=DIRECTION('',(0.,0.,1.));
#12289=DIRECTION('',(1.,0.,0.));
#12290=DIRECTION('',(0.,0.,1.));
#12291=DIRECTION('',(1.,0.,0.));
#12292=DIRECTION('',(1.81014623580188E-16,-1.,0.));
#12293=DIRECTION('',(0.,0.,1.));
#12294=DIRECTION('',(1.,0.,0.));
#12295=DIRECTION('',(0.,0.,1.));
#12296=DIRECTION('',(1.,0.,0.));
#12297=DIRECTION('',(0.,0.,1.));
#12298=DIRECTION('',(1.,0.,0.));
#12299=DIRECTION('',(0.,0.,1.));
#12300=DIRECTION('',(1.,0.,0.));
#12301=DIRECTION('',(0.,0.,1.));
#12302=DIRECTION('',(1.,0.,0.));
#12303=DIRECTION('',(0.,0.,1.));
#12304=DIRECTION('',(1.,0.,0.));
#12305=DIRECTION('',(0.,0.,1.));
#12306=DIRECTION('',(1.,0.,0.));
#12307=DIRECTION('',(0.,0.,1.));
#12308=DIRECTION('',(1.,0.,0.));
#12309=DIRECTION('',(1.81014623580188E-16,-1.,0.));
#12310=DIRECTION('',(0.,0.,1.));
#12311=DIRECTION('',(1.,0.,0.));
#12312=DIRECTION('',(0.866025403784439,-0.5,0.));
#12313=DIRECTION('',(0.,0.,1.));
#12314=DIRECTION('',(1.,0.,0.));
#12315=DIRECTION('',(0.,0.,1.));
#12316=DIRECTION('',(1.,0.,0.));
#12317=DIRECTION('',(0.,0.,1.));
#12318=DIRECTION('',(1.,0.,0.));
#12319=DIRECTION('',(1.81014623580188E-16,-1.,0.));
#12320=DIRECTION('',(0.,0.,1.));
#12321=DIRECTION('',(1.,0.,0.));
#12322=DIRECTION('',(0.866025403784439,-0.5,0.));
#12323=DIRECTION('',(0.,0.,1.));
#12324=DIRECTION('',(1.,0.,0.));
#12325=DIRECTION('',(0.866025403784439,0.5,0.));
#12326=DIRECTION('',(0.,0.,1.));
#12327=DIRECTION('',(1.,0.,0.));
#12328=DIRECTION('',(0.,1.,0.));
#12329=DIRECTION('',(0.,0.,1.));
#12330=DIRECTION('',(1.,0.,0.));
#12331=DIRECTION('',(0.,0.,1.));
#12332=DIRECTION('',(1.,0.,0.));
#12333=DIRECTION('',(0.,0.,1.));
#12334=DIRECTION('',(1.,0.,0.));
#12335=DIRECTION('',(1.,1.20676415720126E-16,0.));
#12336=DIRECTION('',(1.81014623580188E-16,-1.,0.));
#12337=DIRECTION('',(0.,0.,1.));
#12338=DIRECTION('',(1.,0.,0.));
#12339=DIRECTION('',(0.,0.,1.));
#12340=DIRECTION('',(1.,0.,0.));
#12341=DIRECTION('',(0.,0.,1.));
#12342=DIRECTION('',(1.,0.,0.));
#12343=DIRECTION('',(0.,0.,1.));
#12344=DIRECTION('',(1.,0.,0.));
#12345=DIRECTION('',(0.,0.,1.));
#12346=DIRECTION('',(1.,0.,0.));
#12347=DIRECTION('',(0.,0.,1.));
#12348=DIRECTION('',(1.,0.,0.));
#12349=DIRECTION('',(0.,0.,1.));
#12350=DIRECTION('',(1.,0.,0.));
#12351=DIRECTION('',(0.,0.,1.));
#12352=DIRECTION('',(1.,0.,0.));
#12353=DIRECTION('',(0.,0.,1.));
#12354=DIRECTION('',(1.,0.,0.));
#12355=DIRECTION('',(0.,0.,1.));
#12356=DIRECTION('',(1.,0.,0.));
#12357=DIRECTION('',(0.866025403784439,0.5,0.));
#12358=DIRECTION('',(0.,0.,1.));
#12359=DIRECTION('',(1.,0.,0.));
#12360=DIRECTION('',(1.81014623580188E-16,-1.,0.));
#12361=DIRECTION('',(0.,0.,1.));
#12362=DIRECTION('',(1.,0.,0.));
#12363=DIRECTION('',(0.,0.,1.));
#12364=DIRECTION('',(1.,0.,0.));
#12365=DIRECTION('',(0.,0.,1.));
#12366=DIRECTION('',(1.,0.,0.));
#12367=DIRECTION('',(0.,0.,1.));
#12368=DIRECTION('',(1.,0.,0.));
#12369=DIRECTION('',(1.81014623580188E-16,-1.,0.));
#12370=DIRECTION('',(0.,0.,1.));
#12371=DIRECTION('',(1.,0.,0.));
#12372=DIRECTION('',(0.,0.,1.));
#12373=DIRECTION('',(1.,0.,0.));
#12374=DIRECTION('',(0.,0.,1.));
#12375=DIRECTION('',(1.,0.,0.));
#12376=DIRECTION('',(0.,0.,1.));
#12377=DIRECTION('',(1.,0.,0.));
#12378=DIRECTION('',(0.,0.,1.));
#12379=DIRECTION('',(1.,0.,0.));
#12380=DIRECTION('',(0.,0.,1.));
#12381=DIRECTION('',(1.,0.,0.));
#12382=DIRECTION('',(0.,0.,1.));
#12383=DIRECTION('',(1.,0.,0.));
#12384=DIRECTION('',(0.,0.,1.));
#12385=DIRECTION('',(1.,0.,0.));
#12386=DIRECTION('',(0.,0.,1.));
#12387=DIRECTION('',(1.,0.,0.));
#12388=DIRECTION('',(0.,0.,1.));
#12389=DIRECTION('',(1.,0.,0.));
#12390=DIRECTION('',(0.,0.,1.));
#12391=DIRECTION('',(1.,0.,0.));
#12392=DIRECTION('',(0.,0.,1.));
#12393=DIRECTION('',(1.,0.,0.));
#12394=DIRECTION('',(0.,0.,1.));
#12395=DIRECTION('',(1.,0.,0.));
#12396=DIRECTION('',(-1.,-1.20676415720126E-16,0.));
#12397=DIRECTION('',(-1.81014623580188E-16,1.,0.));
#12398=DIRECTION('',(-1.,-1.20676415720126E-16,0.));
#12399=DIRECTION('',(-1.81014623580188E-16,1.,0.));
#12400=DIRECTION('',(1.,0.,0.));
#12401=DIRECTION('',(0.,0.,1.));
#12402=DIRECTION('',(1.,0.,0.));
#12403=DIRECTION('',(0.,1.,0.));
#12404=DIRECTION('',(0.,0.,1.));
#12405=DIRECTION('',(1.,0.,0.));
#12406=DIRECTION('',(-1.,0.,0.));
#12407=DIRECTION('',(0.,0.,1.));
#12408=DIRECTION('',(1.,0.,0.));
#12409=DIRECTION('',(0.,1.,0.));
#12410=DIRECTION('',(0.,0.,1.));
#12411=DIRECTION('',(1.,0.,0.));
#12412=DIRECTION('',(1.,0.,0.));
#12413=DIRECTION('',(0.,0.,1.));
#12414=DIRECTION('',(1.,0.,0.));
#12415=DIRECTION('',(0.,1.,0.));
#12416=DIRECTION('',(0.,0.,1.));
#12417=DIRECTION('',(1.,0.,0.));
#12418=DIRECTION('',(1.,0.,0.));
#12419=DIRECTION('',(0.,0.,1.));
#12420=DIRECTION('',(1.,0.,0.));
#12421=DIRECTION('',(0.,1.,0.));
#12422=DIRECTION('',(0.,0.,1.));
#12423=DIRECTION('',(1.,0.,0.));
#12424=DIRECTION('',(-1.,0.,0.));
#12425=DIRECTION('',(0.,0.,1.));
#12426=DIRECTION('',(1.,0.,0.));
#12427=DIRECTION('',(0.,1.,0.));
#12428=DIRECTION('',(0.,0.,1.));
#12429=DIRECTION('',(1.,0.,0.));
#12430=DIRECTION('',(1.,0.,0.));
#12431=DIRECTION('',(0.,0.,1.));
#12432=DIRECTION('',(1.,0.,0.));
#12433=DIRECTION('',(0.,1.,0.));
#12434=DIRECTION('',(0.,0.,1.));
#12435=DIRECTION('',(1.,0.,0.));
#12436=DIRECTION('',(0.,0.,1.));
#12437=DIRECTION('',(1.,0.,0.));
#12438=DIRECTION('',(0.,0.,1.));
#12439=DIRECTION('',(1.,0.,0.));
#12440=DIRECTION('',(0.,0.,1.));
#12441=DIRECTION('',(1.,0.,0.));
#12442=DIRECTION('',(0.,0.,1.));
#12443=DIRECTION('',(1.,0.,0.));
#12444=DIRECTION('',(0.,0.,1.));
#12445=DIRECTION('',(1.,0.,0.));
#12446=DIRECTION('',(0.,0.,1.));
#12447=DIRECTION('',(1.,0.,0.));
#12448=DIRECTION('',(0.,0.,1.));
#12449=DIRECTION('',(1.,0.,0.));
#12450=DIRECTION('',(0.,0.,1.));
#12451=DIRECTION('',(1.,0.,0.));
#12452=DIRECTION('',(0.,0.,1.));
#12453=DIRECTION('',(1.,0.,0.));
#12454=DIRECTION('',(0.,0.,1.));
#12455=DIRECTION('',(1.,0.,0.));
#12456=DIRECTION('',(0.,0.,1.));
#12457=DIRECTION('',(1.,0.,0.));
#12458=DIRECTION('',(1.,1.20676415720126E-16,0.));
#12459=DIRECTION('',(0.,0.,1.));
#12460=DIRECTION('',(1.,0.,0.));
#12461=DIRECTION('',(0.,0.,1.));
#12462=DIRECTION('',(1.,0.,0.));
#12463=DIRECTION('',(0.,0.,1.));
#12464=DIRECTION('',(1.,0.,0.));
#12465=DIRECTION('',(0.,1.,0.));
#12466=DIRECTION('',(0.,0.,1.));
#12467=DIRECTION('',(1.,0.,0.));
#12468=DIRECTION('',(0.866025403784439,-0.5,0.));
#12469=DIRECTION('',(0.,0.,1.));
#12470=DIRECTION('',(1.,0.,0.));
#12471=DIRECTION('',(0.866025403784439,0.5,0.));
#12472=DIRECTION('',(0.,0.,1.));
#12473=DIRECTION('',(1.,0.,0.));
#12474=DIRECTION('',(1.81014623580188E-16,-1.,0.));
#12475=DIRECTION('',(1.81014623580188E-16,-1.,0.));
#12476=DIRECTION('',(0.,0.,1.));
#12477=DIRECTION('',(1.,0.,0.));
#12478=DIRECTION('',(0.,0.,1.));
#12479=DIRECTION('',(1.,0.,0.));
#12480=DIRECTION('',(0.,0.,1.));
#12481=DIRECTION('',(1.,0.,0.));
#12482=DIRECTION('',(0.866025403784439,-0.5,0.));
#12483=DIRECTION('',(0.,0.,1.));
#12484=DIRECTION('',(1.,0.,0.));
#12485=DIRECTION('',(0.,0.,1.));
#12486=DIRECTION('',(1.,0.,0.));
#12487=DIRECTION('',(0.,0.,1.));
#12488=DIRECTION('',(1.,0.,0.));
#12489=DIRECTION('',(1.81014623580188E-16,-1.,0.));
#12490=DIRECTION('',(0.,0.,1.));
#12491=DIRECTION('',(1.,0.,0.));
#12492=DIRECTION('',(0.,0.,1.));
#12493=DIRECTION('',(1.,0.,0.));
#12494=DIRECTION('',(0.,0.,1.));
#12495=DIRECTION('',(1.,0.,0.));
#12496=DIRECTION('',(0.,0.,1.));
#12497=DIRECTION('',(1.,0.,0.));
#12498=DIRECTION('',(0.,0.,1.));
#12499=DIRECTION('',(1.,0.,0.));
#12500=DIRECTION('',(1.81014623580188E-16,-1.,0.));
#12501=DIRECTION('',(0.,0.,1.));
#12502=DIRECTION('',(1.,0.,0.));
#12503=DIRECTION('',(0.866025403784439,0.5,0.));
#12504=DIRECTION('',(0.,0.,1.));
#12505=DIRECTION('',(1.,0.,0.));
#12506=DIRECTION('',(0.,0.,1.));
#12507=DIRECTION('',(1.,0.,0.));
#12508=DIRECTION('',(0.,0.,1.));
#12509=DIRECTION('',(1.,0.,0.));
#12510=DIRECTION('',(1.81014623580188E-16,-1.,0.));
#12511=DIRECTION('',(0.,0.,1.));
#12512=DIRECTION('',(1.,0.,0.));
#12513=DIRECTION('',(0.,0.,1.));
#12514=DIRECTION('',(1.,0.,0.));
#12515=DIRECTION('',(0.,0.,1.));
#12516=DIRECTION('',(1.,0.,0.));
#12517=DIRECTION('',(0.,0.,1.));
#12518=DIRECTION('',(1.,0.,0.));
#12519=DIRECTION('',(0.,0.,1.));
#12520=DIRECTION('',(1.,0.,0.));
#12521=DIRECTION('',(0.,0.,1.));
#12522=DIRECTION('',(1.,0.,0.));
#12523=DIRECTION('',(0.,0.,1.));
#12524=DIRECTION('',(1.,0.,0.));
#12525=DIRECTION('',(0.,0.,1.));
#12526=DIRECTION('',(1.,0.,0.));
#12527=DIRECTION('',(0.,1.,0.));
#12528=DIRECTION('',(0.,0.,1.));
#12529=DIRECTION('',(1.,0.,0.));
#12530=DIRECTION('',(0.866025403784439,0.5,0.));
#12531=DIRECTION('',(0.,0.,1.));
#12532=DIRECTION('',(1.,0.,0.));
#12533=DIRECTION('',(-7.93016446160827E-16,-1.,0.));
#12534=DIRECTION('',(0.,0.,1.));
#12535=DIRECTION('',(1.,0.,0.));
#12536=DIRECTION('',(0.,0.,1.));
#12537=DIRECTION('',(1.,0.,0.));
#12538=DIRECTION('',(0.,0.,1.));
#12539=DIRECTION('',(1.,0.,0.));
#12540=DIRECTION('',(0.,-1.,0.));
#12541=DIRECTION('',(0.,0.,1.));
#12542=DIRECTION('',(1.,0.,0.));
#12543=DIRECTION('',(0.866025403784439,-0.5,0.));
#12544=DIRECTION('',(0.,0.,1.));
#12545=DIRECTION('',(1.,0.,0.));
#12546=DIRECTION('',(0.,1.,0.));
#12547=DIRECTION('',(0.,0.,1.));
#12548=DIRECTION('',(1.,0.,0.));
#12549=DIRECTION('',(0.,0.,1.));
#12550=DIRECTION('',(1.,0.,0.));
#12551=DIRECTION('',(0.,0.,1.));
#12552=DIRECTION('',(1.,0.,0.));
#12553=DIRECTION('',(0.866025403784439,-0.5,0.));
#12554=DIRECTION('',(0.,0.,1.));
#12555=DIRECTION('',(1.,0.,0.));
#12556=DIRECTION('',(1.81014623580188E-16,-1.,0.));
#12557=DIRECTION('',(0.,0.,1.));
#12558=DIRECTION('',(1.,0.,0.));
#12559=DIRECTION('',(0.866025403784439,0.5,0.));
#12560=DIRECTION('',(0.,0.,1.));
#12561=DIRECTION('',(1.,0.,0.));
#12562=DIRECTION('',(0.,-1.,0.));
#12563=DIRECTION('',(1.81014623580188E-16,-1.,0.));
#12564=DIRECTION('',(0.,0.,1.));
#12565=DIRECTION('',(1.,0.,0.));
#12566=DIRECTION('',(0.,0.,1.));
#12567=DIRECTION('',(1.,0.,0.));
#12568=DIRECTION('',(0.,0.,1.));
#12569=DIRECTION('',(1.,0.,0.));
#12570=DIRECTION('',(0.,0.,1.));
#12571=DIRECTION('',(1.,0.,0.));
#12572=DIRECTION('',(0.,0.,1.));
#12573=DIRECTION('',(1.,0.,0.));
#12574=DIRECTION('',(0.,0.,1.));
#12575=DIRECTION('',(1.,0.,0.));
#12576=DIRECTION('',(1.81014623580188E-16,-1.,0.));
#12577=DIRECTION('',(0.,0.,1.));
#12578=DIRECTION('',(1.,0.,0.));
#12579=DIRECTION('',(0.866025403784439,0.5,0.));
#12580=DIRECTION('',(0.,0.,1.));
#12581=DIRECTION('',(1.,0.,0.));
#12582=DIRECTION('',(-7.93016446160827E-16,-1.,0.));
#12583=DIRECTION('',(0.,0.,1.));
#12584=DIRECTION('',(1.,0.,0.));
#12585=DIRECTION('',(0.866025403784439,-0.5,0.));
#12586=DIRECTION('',(0.,0.,1.));
#12587=DIRECTION('',(1.,0.,0.));
#12588=DIRECTION('',(0.,0.,1.));
#12589=DIRECTION('',(1.,0.,0.));
#12590=DIRECTION('',(0.,0.,1.));
#12591=DIRECTION('',(1.,0.,0.));
#12592=DIRECTION('',(0.,0.,1.));
#12593=DIRECTION('',(1.,0.,0.));
#12594=DIRECTION('',(0.,0.,1.));
#12595=DIRECTION('',(1.,0.,0.));
#12596=DIRECTION('',(0.,0.,1.));
#12597=DIRECTION('',(1.,0.,0.));
#12598=DIRECTION('',(0.,0.,1.));
#12599=DIRECTION('',(1.,0.,0.));
#12600=DIRECTION('',(0.,0.,1.));
#12601=DIRECTION('',(1.,0.,0.));
#12602=DIRECTION('',(0.,0.,1.));
#12603=DIRECTION('',(1.,0.,0.));
#12604=DIRECTION('',(0.,0.,1.));
#12605=DIRECTION('',(1.,0.,0.));
#12606=DIRECTION('',(0.,0.,1.));
#12607=DIRECTION('',(1.,0.,0.));
#12608=DIRECTION('',(0.,0.,1.));
#12609=DIRECTION('',(1.,0.,0.));
#12610=DIRECTION('',(0.,0.,1.));
#12611=DIRECTION('',(1.,0.,0.));
#12612=DIRECTION('',(0.,0.,1.));
#12613=DIRECTION('',(1.,0.,0.));
#12614=DIRECTION('',(0.,0.,1.));
#12615=DIRECTION('',(1.,0.,0.));
#12616=DIRECTION('',(0.,0.,1.));
#12617=DIRECTION('',(1.,0.,0.));
#12618=DIRECTION('',(0.,0.,1.));
#12619=DIRECTION('',(1.,0.,0.));
#12620=DIRECTION('',(0.,0.,1.));
#12621=DIRECTION('',(1.,0.,0.));
#12622=DIRECTION('',(0.,0.,1.));
#12623=DIRECTION('',(1.,0.,0.));
#12624=DIRECTION('',(0.,0.,1.));
#12625=DIRECTION('',(1.,0.,0.));
#12626=DIRECTION('',(-1.,3.14010317019658E-32,8.67361737988403E-17));
#12627=DIRECTION('',(-8.67361737988403E-17,0.,-1.));
#12628=DIRECTION('',(-1.,3.14010317019657E-32,8.67361737988403E-17));
#12629=DIRECTION('',(8.67361737988403E-17,0.,1.));
#12630=DIRECTION('',(-1.,3.6977854932235E-32,8.67361737988403E-17));
#12631=DIRECTION('',(-1.,3.14010317019657E-32,8.67361737988403E-17));
#12632=DIRECTION('',(8.67361737988403E-17,0.,1.));
#12633=DIRECTION('',(-1.,3.14010317019657E-32,8.67361737988403E-17));
#12634=DIRECTION('',(1.,-3.85174232016927E-32,-8.67361737988403E-17));
#12635=DIRECTION('',(8.67361737988403E-17,0.,1.));
#12636=DIRECTION('',(-1.,3.14010317019657E-32,8.67361737988403E-17));
#12637=DIRECTION('',(8.67361737988403E-17,0.,1.));
#12638=DIRECTION('',(-1.,3.14010317019657E-32,8.67361737988403E-17));
#12639=DIRECTION('',(-1.,3.14010317019657E-32,8.67361737988403E-17));
#12640=DIRECTION('',(8.67361737988403E-17,0.,1.));
#12641=DIRECTION('',(-1.,3.16405613074397E-32,8.67361737988403E-17));
#12642=DIRECTION('',(1.,-3.14010317019657E-32,-8.67361737988403E-17));
#12643=DIRECTION('',(8.67361737988403E-17,0.,1.));
#12644=DIRECTION('',(-1.,3.14010317019657E-32,8.67361737988403E-17));
#12645=DIRECTION('',(8.67361737988403E-17,0.,1.));
#12646=DIRECTION('',(1.,-3.14010317019657E-32,-8.67361737988403E-17));
#12647=DIRECTION('',(-1.,3.14010317019657E-32,8.67361737988403E-17));
#12648=DIRECTION('',(8.67361737988403E-17,0.,1.));
#12649=DIRECTION('',(1.,-3.08148791101957E-32,-8.67361737988403E-17));
#12650=DIRECTION('',(1.,-3.14010317019657E-32,-8.67361737988403E-17));
#12651=DIRECTION('',(8.67361737988403E-17,0.,1.));
#12652=DIRECTION('',(-1.,3.14010317019657E-32,8.67361737988403E-17));
#12653=DIRECTION('',(8.67361737988403E-17,0.,1.));
#12654=DIRECTION('',(-1.,3.08148791101958E-32,8.67361737988403E-17));
#12655=DIRECTION('',(-1.,3.14010317019657E-32,8.67361737988403E-17));
#12656=DIRECTION('',(8.67361737988403E-17,0.,1.));
#12657=DIRECTION('',(1.,-3.14010317019657E-32,-8.67361737988403E-17));
#12658=DIRECTION('',(1.,-3.14010317019657E-32,-8.67361737988403E-17));
#12659=DIRECTION('',(8.67361737988403E-17,0.,1.));
#12660=DIRECTION('',(-1.,3.14010317019657E-32,8.67361737988403E-17));
#12661=DIRECTION('',(8.67361737988403E-17,0.,1.));
#12662=DIRECTION('',(1.,-3.14010317019657E-32,-8.67361737988403E-17));
#12663=DIRECTION('',(-1.,3.14010317019657E-32,8.67361737988403E-17));
#12664=DIRECTION('',(8.67361737988403E-17,0.,1.));
#12665=DIRECTION('',(1.,-3.14010317019657E-32,-8.67361737988403E-17));
#12666=DIRECTION('',(-1.,3.14010317019658E-32,8.67361737988403E-17));
#12667=DIRECTION('',(-8.67361737988403E-17,0.,-1.));
#12668=DIRECTION('',(-1.,3.14010317019657E-32,8.67361737988403E-17));
#12669=DIRECTION('',(8.67361737988403E-17,0.,1.));
#12670=DIRECTION('',(-1.,3.08148791101958E-32,8.67361737988403E-17));
#12671=DIRECTION('',(-1.,3.14010317019657E-32,8.67361737988403E-17));
#12672=DIRECTION('',(8.67361737988403E-17,0.,1.));
#12673=DIRECTION('',(-1.,3.14010317019657E-32,8.67361737988403E-17));
#12674=DIRECTION('',(1.,-3.85174232016927E-32,-8.67361737988403E-17));
#12675=DIRECTION('',(8.67361737988403E-17,0.,1.));
#12676=DIRECTION('',(-1.,3.14010317019657E-32,8.67361737988403E-17));
#12677=DIRECTION('',(8.67361737988403E-17,0.,1.));
#12678=DIRECTION('',(-1.,3.14010317019657E-32,8.67361737988403E-17));
#12679=DIRECTION('',(-1.,3.14010317019657E-32,8.67361737988403E-17));
#12680=DIRECTION('',(8.67361737988403E-17,0.,1.));
#12681=DIRECTION('',(-1.,3.61521727349909E-32,8.67361737988403E-17));
#12682=DIRECTION('',(1.,-3.14010317019657E-32,-8.67361737988403E-17));
#12683=DIRECTION('',(8.67361737988403E-17,0.,1.));
#12684=DIRECTION('',(-1.,3.14010317019657E-32,8.67361737988403E-17));
#12685=DIRECTION('',(8.67361737988403E-17,0.,1.));
#12686=DIRECTION('',(-1.,3.08148791101958E-32,8.67361737988403E-17));
#12687=DIRECTION('',(-1.,3.14010317019657E-32,8.67361737988403E-17));
#12688=DIRECTION('',(8.67361737988403E-17,0.,1.));
#12689=DIRECTION('',(1.,-3.14010317019657E-32,-8.67361737988403E-17));
#12690=DIRECTION('',(1.,-3.14010317019657E-32,-8.67361737988403E-17));
#12691=DIRECTION('',(8.67361737988403E-17,0.,1.));
#12692=DIRECTION('',(-1.,3.14010317019657E-32,8.67361737988403E-17));
#12693=DIRECTION('',(8.67361737988403E-17,0.,1.));
#12694=DIRECTION('',(-1.,2.99891969129518E-32,8.67361737988403E-17));
#12695=DIRECTION('',(-1.,3.14010317019657E-32,8.67361737988403E-17));
#12696=DIRECTION('',(8.67361737988403E-17,0.,1.));
#12697=DIRECTION('',(1.,-3.14010317019657E-32,-8.67361737988403E-17));
#12698=DIRECTION('',(1.,-3.14010317019657E-32,-8.67361737988403E-17));
#12699=DIRECTION('',(8.67361737988403E-17,0.,1.));
#12700=DIRECTION('',(-1.,3.14010317019657E-32,8.67361737988403E-17));
#12701=DIRECTION('',(8.67361737988403E-17,0.,1.));
#12702=DIRECTION('',(1.,-3.14010317019657E-32,-8.67361737988403E-17));
#12703=DIRECTION('',(-1.,3.14010317019657E-32,8.67361737988403E-17));
#12704=DIRECTION('',(8.67361737988403E-17,0.,1.));
#12705=DIRECTION('',(-1.,3.14010317019657E-32,8.67361737988403E-17));
#12706=DIRECTION('',(1.,-3.14010317019657E-32,-8.67361737988403E-17));
#12707=DIRECTION('',(8.67361737988403E-17,0.,1.));
#12708=DIRECTION('',(-1.,3.14010317019657E-32,8.67361737988403E-17));
#12709=DIRECTION('',(8.67361737988403E-17,0.,1.));
#12710=DIRECTION('',(1.,-3.14010317019657E-32,-8.67361737988403E-17));
#12711=DIRECTION('',(-1.,3.14010317019657E-32,8.67361737988403E-17));
#12712=DIRECTION('',(8.67361737988403E-17,0.,1.));
#12713=DIRECTION('',(1.,-3.14010317019657E-32,-8.67361737988403E-17));
#12714=DIRECTION('',(1.,-3.85174232016927E-32,-8.67361737988403E-17));
#12715=DIRECTION('',(8.67361737988403E-17,0.,1.));
#12716=DIRECTION('',(-1.,3.14010317019657E-32,8.67361737988403E-17));
#12717=DIRECTION('',(8.67361737988403E-17,0.,1.));
#12718=DIRECTION('',(-1.,3.14010317019657E-32,8.67361737988403E-17));
#12719=DIRECTION('',(-1.,3.14010317019657E-32,8.67361737988403E-17));
#12720=DIRECTION('',(8.67361737988403E-17,0.,1.));
#12721=DIRECTION('',(-1.,3.61521727349909E-32,8.67361737988403E-17));
#12722=DIRECTION('',(-1.,3.14010317019658E-32,8.67361737988403E-17));
#12723=DIRECTION('',(-8.67361737988403E-17,0.,-1.));
#12724=DIRECTION('',(-1.,3.14010317019657E-32,8.67361737988403E-17));
#12725=DIRECTION('',(8.67361737988403E-17,0.,1.));
#12726=DIRECTION('',(-1.,3.08148791101957E-32,8.67361737988403E-17));
#12727=DIRECTION('',(-1.,3.14010317019657E-32,8.67361737988403E-17));
#12728=DIRECTION('',(8.67361737988403E-17,0.,1.));
#12729=DIRECTION('',(-1.,3.14010317019657E-32,8.67361737988403E-17));
#12730=DIRECTION('',(1.,-1.84889274661175E-32,-8.67361737988403E-17));
#12731=DIRECTION('',(8.67361737988403E-17,0.,1.));
#12732=DIRECTION('',(-1.,3.14010317019657E-32,8.67361737988403E-17));
#12733=DIRECTION('',(8.67361737988403E-17,0.,1.));
#12734=DIRECTION('',(1.,-1.84889274661175E-32,-8.67361737988403E-17));
#12735=DIRECTION('',(-1.,3.14010317019657E-32,8.67361737988403E-17));
#12736=DIRECTION('',(8.67361737988403E-17,0.,1.));
#12737=DIRECTION('',(1.,-1.76632452688735E-32,-8.67361737988403E-17));
#12738=DIRECTION('',(1.,-3.14010317019657E-32,-8.67361737988403E-17));
#12739=DIRECTION('',(8.67361737988403E-17,0.,1.));
#12740=DIRECTION('',(-1.,3.14010317019657E-32,8.67361737988403E-17));
#12741=DIRECTION('',(8.67361737988403E-17,0.,1.));
#12742=DIRECTION('',(-1.,3.14010317019657E-32,8.67361737988403E-17));
#12743=DIRECTION('',(-1.,3.14010317019657E-32,8.67361737988403E-17));
#12744=DIRECTION('',(8.67361737988403E-17,0.,1.));
#12745=DIRECTION('',(1.,-3.14010317019657E-32,-8.67361737988403E-17));
#12746=DIRECTION('',(1.,-3.14010317019657E-32,-8.67361737988403E-17));
#12747=DIRECTION('',(8.67361737988403E-17,0.,1.));
#12748=DIRECTION('',(-1.,3.14010317019657E-32,8.67361737988403E-17));
#12749=DIRECTION('',(8.67361737988403E-17,0.,1.));
#12750=DIRECTION('',(1.,-3.14010317019657E-32,-8.67361737988403E-17));
#12751=DIRECTION('',(-1.,3.14010317019657E-32,8.67361737988403E-17));
#12752=DIRECTION('',(8.67361737988403E-17,0.,1.));
#12753=DIRECTION('',(1.,-3.14010317019657E-32,-8.67361737988403E-17));
#12754=DIRECTION('',(-1.,2.46519032881566E-32,8.67361737988403E-17));
#12755=DIRECTION('',(-8.67361737988403E-17,0.,-1.));
#12756=DIRECTION('',(-1.,3.14010317019657E-32,8.67361737988403E-17));
#12757=DIRECTION('',(8.67361737988403E-17,0.,1.));
#12758=DIRECTION('',(-1.,2.46519032881566E-32,8.67361737988403E-17));
#12759=DIRECTION('',(-1.,3.14010317019657E-32,8.67361737988403E-17));
#12760=DIRECTION('',(8.67361737988403E-17,0.,1.));
#12761=DIRECTION('',(-1.,2.99891969129518E-32,8.67361737988403E-17));
#12762=DIRECTION('',(1.,-3.14010317019657E-32,-8.67361737988403E-17));
#12763=DIRECTION('',(8.67361737988403E-17,0.,1.));
#12764=DIRECTION('',(-1.,3.14010317019657E-32,8.67361737988403E-17));
#12765=DIRECTION('',(8.67361737988403E-17,0.,1.));
#12766=DIRECTION('',(1.,-3.14010317019657E-32,-8.67361737988403E-17));
#12767=DIRECTION('',(-1.,3.14010317019657E-32,8.67361737988403E-17));
#12768=DIRECTION('',(8.67361737988403E-17,0.,1.));
#12769=DIRECTION('',(1.,-3.14010317019657E-32,-8.67361737988403E-17));
#12770=DIRECTION('',(1.,-3.14010317019657E-32,-8.67361737988403E-17));
#12771=DIRECTION('',(8.67361737988403E-17,0.,1.));
#12772=DIRECTION('',(-1.,3.14010317019657E-32,8.67361737988403E-17));
#12773=DIRECTION('',(8.67361737988403E-17,0.,1.));
#12774=DIRECTION('',(1.,-3.14010317019657E-32,-8.67361737988403E-17));
#12775=DIRECTION('',(-1.,3.14010317019657E-32,8.67361737988403E-17));
#12776=DIRECTION('',(8.67361737988403E-17,0.,1.));
#12777=DIRECTION('',(1.,-3.14010317019657E-32,-8.67361737988403E-17));
#12778=DIRECTION('',(1.,-3.14010317019657E-32,-8.67361737988403E-17));
#12779=DIRECTION('',(8.67361737988403E-17,0.,1.));
#12780=DIRECTION('',(-1.,3.14010317019657E-32,8.67361737988403E-17));
#12781=DIRECTION('',(8.67361737988403E-17,0.,1.));
#12782=DIRECTION('',(1.,-3.14010317019657E-32,-8.67361737988403E-17));
#12783=DIRECTION('',(-1.,3.14010317019657E-32,8.67361737988403E-17));
#12784=DIRECTION('',(8.67361737988403E-17,0.,1.));
#12785=DIRECTION('',(1.,-2.99891969129518E-32,-8.67361737988403E-17));
#12786=DIRECTION('',(1.,-3.14010317019657E-32,-8.67361737988403E-17));
#12787=DIRECTION('',(8.67361737988403E-17,0.,1.));
#12788=DIRECTION('',(-1.,3.14010317019657E-32,8.67361737988403E-17));
#12789=DIRECTION('',(8.67361737988403E-17,0.,1.));
#12790=DIRECTION('',(1.,-3.14010317019657E-32,-8.67361737988403E-17));
#12791=DIRECTION('',(-1.,3.14010317019657E-32,8.67361737988403E-17));
#12792=DIRECTION('',(8.67361737988403E-17,0.,1.));
#12793=DIRECTION('',(1.,-2.99891969129518E-32,-8.67361737988403E-17));
#12794=DIRECTION('',(1.,-3.14010317019657E-32,-8.67361737988403E-17));
#12795=DIRECTION('',(8.67361737988403E-17,0.,1.));
#12796=DIRECTION('',(-1.,3.14010317019657E-32,8.67361737988403E-17));
#12797=DIRECTION('',(8.67361737988403E-17,0.,1.));
#12798=DIRECTION('',(1.,-3.14010317019657E-32,-8.67361737988403E-17));
#12799=DIRECTION('',(-1.,3.14010317019657E-32,8.67361737988403E-17));
#12800=DIRECTION('',(8.67361737988403E-17,0.,1.));
#12801=DIRECTION('',(1.,-3.14010317019657E-32,-8.67361737988403E-17));
#12802=DIRECTION('',(1.,-3.14010317019657E-32,-8.67361737988403E-17));
#12803=DIRECTION('',(8.67361737988403E-17,0.,1.));
#12804=DIRECTION('',(-1.,3.14010317019657E-32,8.67361737988403E-17));
#12805=DIRECTION('',(8.67361737988403E-17,0.,1.));
#12806=DIRECTION('',(-1.,3.14010317019657E-32,8.67361737988403E-17));
#12807=DIRECTION('',(-1.,3.14010317019657E-32,8.67361737988403E-17));
#12808=DIRECTION('',(8.67361737988403E-17,0.,1.));
#12809=DIRECTION('',(1.,-3.14010317019657E-32,-8.67361737988403E-17));
#12810=DIRECTION('',(1.,-3.14010317019657E-32,-8.67361737988403E-17));
#12811=DIRECTION('',(8.67361737988403E-17,0.,1.));
#12812=DIRECTION('',(-1.,3.14010317019657E-32,8.67361737988403E-17));
#12813=DIRECTION('',(8.67361737988403E-17,0.,1.));
#12814=DIRECTION('',(1.,-3.14010317019657E-32,-8.67361737988403E-17));
#12815=DIRECTION('',(-1.,3.14010317019657E-32,8.67361737988403E-17));
#12816=DIRECTION('',(8.67361737988403E-17,0.,1.));
#12817=DIRECTION('',(1.,-3.08148791101957E-32,-8.67361737988403E-17));
#12818=DIRECTION('',(1.,-3.14010317019657E-32,-8.67361737988403E-17));
#12819=DIRECTION('',(8.67361737988403E-17,0.,1.));
#12820=DIRECTION('',(-1.,3.14010317019657E-32,8.67361737988403E-17));
#12821=DIRECTION('',(8.67361737988403E-17,0.,1.));
#12822=DIRECTION('',(-1.,3.08148791101957E-32,8.67361737988403E-17));
#12823=DIRECTION('',(-1.,3.14010317019657E-32,8.67361737988403E-17));
#12824=DIRECTION('',(8.67361737988403E-17,0.,1.));
#12825=DIRECTION('',(1.,-3.14010317019657E-32,-8.67361737988403E-17));
#12826=DIRECTION('',(1.,-3.14010317019657E-32,-8.67361737988403E-17));
#12827=DIRECTION('',(8.67361737988403E-17,0.,1.));
#12828=DIRECTION('',(-1.,3.14010317019657E-32,8.67361737988403E-17));
#12829=DIRECTION('',(8.67361737988403E-17,0.,1.));
#12830=DIRECTION('',(1.,-3.14010317019657E-32,-8.67361737988403E-17));
#12831=DIRECTION('',(-1.,3.14010317019657E-32,8.67361737988403E-17));
#12832=DIRECTION('',(8.67361737988403E-17,0.,1.));
#12833=DIRECTION('',(1.,-3.14010317019657E-32,-8.67361737988403E-17));
#12834=DIRECTION('',(-1.,3.14010317019658E-32,8.67361737988403E-17));
#12835=DIRECTION('',(-8.67361737988403E-17,0.,-1.));
#12836=DIRECTION('',(-1.,3.14010317019657E-32,8.67361737988403E-17));
#12837=DIRECTION('',(8.67361737988403E-17,0.,1.));
#12838=DIRECTION('',(-1.,3.08148791101957E-32,8.67361737988403E-17));
#12839=DIRECTION('',(-1.,3.14010317019657E-32,8.67361737988403E-17));
#12840=DIRECTION('',(8.67361737988403E-17,0.,1.));
#12841=DIRECTION('',(-1.,3.14010317019657E-32,8.67361737988403E-17));
#12842=DIRECTION('',(1.,-3.85174232016927E-32,-8.67361737988403E-17));
#12843=DIRECTION('',(8.67361737988403E-17,0.,1.));
#12844=DIRECTION('',(-1.,3.14010317019657E-32,8.67361737988403E-17));
#12845=DIRECTION('',(8.67361737988403E-17,0.,1.));
#12846=DIRECTION('',(-1.,3.14010317019657E-32,8.67361737988403E-17));
#12847=DIRECTION('',(-1.,3.14010317019657E-32,8.67361737988403E-17));
#12848=DIRECTION('',(8.67361737988403E-17,0.,1.));
#12849=DIRECTION('',(-1.,3.61521727349909E-32,8.67361737988403E-17));
#12850=DIRECTION('',(1.,-3.14010317019658E-32,-8.67361737988403E-17));
#12851=DIRECTION('',(8.67361737988403E-17,0.,1.));
#12852=DIRECTION('',(-1.,3.14010317019657E-32,8.67361737988403E-17));
#12853=DIRECTION('',(8.67361737988403E-17,0.,1.));
#12854=DIRECTION('',(-1.,3.14010317019658E-32,8.67361737988403E-17));
#12855=DIRECTION('',(-1.,3.14010317019657E-32,8.67361737988403E-17));
#12856=DIRECTION('',(8.67361737988403E-17,0.,1.));
#12857=DIRECTION('',(-1.,3.61521727349909E-32,8.67361737988403E-17));
#12858=DIRECTION('',(-1.,3.14010317019658E-32,8.67361737988403E-17));
#12859=DIRECTION('',(-8.67361737988403E-17,0.,-1.));
#12860=DIRECTION('',(-1.,3.14010317019657E-32,8.67361737988403E-17));
#12861=DIRECTION('',(8.67361737988403E-17,0.,1.));
#12862=DIRECTION('',(-1.,3.6977854932235E-32,8.67361737988403E-17));
#12863=DIRECTION('',(-1.,3.14010317019657E-32,8.67361737988403E-17));
#12864=DIRECTION('',(8.67361737988403E-17,0.,1.));
#12865=DIRECTION('',(-1.,3.14010317019657E-32,8.67361737988403E-17));
#12866=DIRECTION('',(-1.,2.46519032881566E-32,8.67361737988403E-17));
#12867=DIRECTION('',(-8.67361737988403E-17,0.,-1.));
#12868=DIRECTION('',(-1.,3.14010317019657E-32,8.67361737988403E-17));
#12869=DIRECTION('',(8.67361737988403E-17,0.,1.));
#12870=DIRECTION('',(-1.,2.46519032881566E-32,8.67361737988403E-17));
#12871=DIRECTION('',(-1.,3.14010317019657E-32,8.67361737988403E-17));
#12872=DIRECTION('',(8.67361737988403E-17,0.,1.));
#12873=DIRECTION('',(-1.,2.99891969129518E-32,8.67361737988403E-17));
#12874=DIRECTION('',(1.,-1.84889274661175E-32,-8.67361737988403E-17));
#12875=DIRECTION('',(8.67361737988403E-17,0.,1.));
#12876=DIRECTION('',(-1.,3.14010317019657E-32,8.67361737988403E-17));
#12877=DIRECTION('',(8.67361737988403E-17,0.,1.));
#12878=DIRECTION('',(1.,-1.84889274661175E-32,-8.67361737988403E-17));
#12879=DIRECTION('',(-1.,3.14010317019657E-32,8.67361737988403E-17));
#12880=DIRECTION('',(8.67361737988403E-17,0.,1.));
#12881=DIRECTION('',(1.,-1.76632452688735E-32,-8.67361737988403E-17));
#12882=DIRECTION('',(1.,-2.46519032881566E-32,-8.67361737988403E-17));
#12883=DIRECTION('',(8.67361737988403E-17,0.,1.));
#12884=DIRECTION('',(-1.,3.14010317019657E-32,8.67361737988403E-17));
#12885=DIRECTION('',(8.67361737988403E-17,0.,1.));
#12886=DIRECTION('',(1.,-2.46519032881566E-32,-8.67361737988403E-17));
#12887=DIRECTION('',(-1.,3.14010317019657E-32,8.67361737988403E-17));
#12888=DIRECTION('',(8.67361737988403E-17,0.,1.));
#12889=DIRECTION('',(1.,-1.15002694468343E-32,-8.67361737988403E-17));
#12890=DIRECTION('',(-1.,2.46519032881566E-32,8.67361737988403E-17));
#12891=DIRECTION('',(-8.67361737988403E-17,0.,-1.));
#12892=DIRECTION('',(-1.,3.14010317019657E-32,8.67361737988403E-17));
#12893=DIRECTION('',(8.67361737988403E-17,0.,1.));
#12894=DIRECTION('',(-1.,2.46519032881566E-32,8.67361737988403E-17));
#12895=DIRECTION('',(-1.,3.14010317019657E-32,8.67361737988403E-17));
#12896=DIRECTION('',(8.67361737988403E-17,0.,1.));
#12897=DIRECTION('',(-1.,2.99891969129518E-32,8.67361737988403E-17));
#12898=DIRECTION('',(1.,-3.14010317019658E-32,-8.67361737988403E-17));
#12899=DIRECTION('',(8.67361737988403E-17,0.,1.));
#12900=DIRECTION('',(-1.,3.14010317019657E-32,8.67361737988403E-17));
#12901=DIRECTION('',(8.67361737988403E-17,0.,1.));
#12902=DIRECTION('',(-1.,3.14010317019658E-32,8.67361737988403E-17));
#12903=DIRECTION('',(-1.,3.14010317019657E-32,8.67361737988403E-17));
#12904=DIRECTION('',(8.67361737988403E-17,0.,1.));
#12905=DIRECTION('',(-1.,3.24662435046837E-32,8.67361737988403E-17));
#12906=DIRECTION('',(-1.,3.14010317019658E-32,8.67361737988403E-17));
#12907=DIRECTION('',(-8.67361737988403E-17,0.,-1.));
#12908=DIRECTION('',(-1.,3.14010317019657E-32,8.67361737988403E-17));
#12909=DIRECTION('',(8.67361737988403E-17,0.,1.));
#12910=DIRECTION('',(-1.,3.08148791101957E-32,8.67361737988403E-17));
#12911=DIRECTION('',(-1.,3.14010317019657E-32,8.67361737988403E-17));
#12912=DIRECTION('',(8.67361737988403E-17,0.,1.));
#12913=DIRECTION('',(-1.,3.14010317019657E-32,8.67361737988403E-17));
#12914=DIRECTION('',(1.,-2.46519032881567E-32,-8.67361737988403E-17));
#12915=DIRECTION('',(8.67361737988403E-17,0.,1.));
#12916=DIRECTION('',(-1.,3.14010317019657E-32,8.67361737988403E-17));
#12917=DIRECTION('',(8.67361737988403E-17,0.,1.));
#12918=DIRECTION('',(1.,-2.46519032881567E-32,-8.67361737988403E-17));
#12919=DIRECTION('',(-1.,3.14010317019657E-32,8.67361737988403E-17));
#12920=DIRECTION('',(8.67361737988403E-17,0.,1.));
#12921=DIRECTION('',(1.,-7.81434021652708E-33,-8.67361737988403E-17));
#12922=DIRECTION('',(-1.,2.46519032881566E-32,8.67361737988403E-17));
#12923=DIRECTION('',(-8.67361737988403E-17,0.,-1.));
#12924=DIRECTION('',(-1.,3.14010317019657E-32,8.67361737988403E-17));
#12925=DIRECTION('',(8.67361737988403E-17,0.,1.));
#12926=DIRECTION('',(-1.,2.46519032881566E-32,8.67361737988403E-17));
#12927=DIRECTION('',(-1.,3.14010317019657E-32,8.67361737988403E-17));
#12928=DIRECTION('',(8.67361737988403E-17,0.,1.));
#12929=DIRECTION('',(-1.,2.99891969129518E-32,8.67361737988403E-17));
#12930=DIRECTION('',(-1.,3.14010317019657E-32,8.67361737988403E-17));
#12931=DIRECTION('',(-8.67361737988403E-17,0.,-1.));
#12932=DIRECTION('',(-1.,3.14010317019657E-32,8.67361737988403E-17));
#12933=DIRECTION('',(8.67361737988403E-17,0.,1.));
#12934=DIRECTION('',(-1.,3.14010317019657E-32,8.67361737988403E-17));
#12935=DIRECTION('',(-1.,3.14010317019657E-32,8.67361737988403E-17));
#12936=DIRECTION('',(8.67361737988403E-17,0.,1.));
#12937=DIRECTION('',(-1.,3.14010317019657E-32,8.67361737988403E-17));
#12938=DIRECTION('',(1.,-3.14010317019657E-32,-8.67361737988403E-17));
#12939=DIRECTION('',(8.67361737988403E-17,0.,1.));
#12940=DIRECTION('',(-1.,3.14010317019657E-32,8.67361737988403E-17));
#12941=DIRECTION('',(8.67361737988403E-17,0.,1.));
#12942=DIRECTION('',(-1.,3.14010317019657E-32,8.67361737988403E-17));
#12943=DIRECTION('',(-1.,3.14010317019657E-32,8.67361737988403E-17));
#12944=DIRECTION('',(8.67361737988403E-17,0.,1.));
#12945=DIRECTION('',(-1.,3.14010317019657E-32,8.67361737988403E-17));
#12946=DIRECTION('',(1.,-3.14010317019657E-32,-8.67361737988403E-17));
#12947=DIRECTION('',(8.67361737988403E-17,0.,1.));
#12948=DIRECTION('',(-1.,3.14010317019657E-32,8.67361737988403E-17));
#12949=DIRECTION('',(8.67361737988403E-17,0.,1.));
#12950=DIRECTION('',(-1.,3.14010317019657E-32,8.67361737988403E-17));
#12951=DIRECTION('',(8.67361737988403E-17,0.,1.));
#12952=DIRECTION('',(8.67361737988403E-17,1.81014623580188E-16,1.));
#12953=DIRECTION('',(0.,-1.,1.81014623580188E-16));
#12954=DIRECTION('',(-1.57005158509829E-32,-1.,1.81014623580188E-16));
#12955=DIRECTION('',(1.57005158509829E-32,1.,-1.81014623580188E-16));
#12956=DIRECTION('',(8.67361737988403E-17,1.81014623580188E-16,1.));
#12957=DIRECTION('',(0.,-1.,1.81014623580188E-16));
#12958=DIRECTION('',(1.57005158509829E-32,1.,-1.81014623580188E-16));
#12959=DIRECTION('',(-1.57005158509829E-32,-1.,1.81014623580188E-16));
#12960=DIRECTION('',(1.,-3.14010317019657E-32,-8.67361737988403E-17));
#12961=DIRECTION('',(8.67361737988403E-17,0.,1.));
#12962=DIRECTION('',(-1.,3.14010317019657E-32,8.67361737988403E-17));
#12963=DIRECTION('',(8.67361737988403E-17,0.,1.));
#12964=DIRECTION('',(-1.,3.14010317019657E-32,8.67361737988403E-17));
#12965=DIRECTION('',(8.67361737988403E-17,0.,1.));
#12966=DIRECTION('',(1.,-3.14010317019657E-32,-8.67361737988403E-17));
#12967=DIRECTION('',(8.67361737988403E-17,0.,1.));
#12968=DIRECTION('',(-1.,3.14010317019657E-32,8.67361737988403E-17));
#12969=DIRECTION('',(8.67361737988403E-17,0.,1.));
#12970=DIRECTION('',(-1.,3.14010317019657E-32,8.67361737988403E-17));
#12971=DIRECTION('',(8.67361737988403E-17,0.,1.));
#12972=DIRECTION('',(1.,-3.14010317019657E-32,-8.67361737988403E-17));
#12973=DIRECTION('',(8.67361737988403E-17,0.,1.));
#12974=DIRECTION('',(-1.,3.14010317019657E-32,8.67361737988403E-17));
#12975=DIRECTION('',(8.67361737988403E-17,0.,1.));
#12976=DIRECTION('',(-1.,3.14010317019657E-32,8.67361737988403E-17));
#12977=DIRECTION('',(8.67361737988403E-17,0.,1.));
#12978=DIRECTION('',(1.,-3.14010317019657E-32,-8.67361737988403E-17));
#12979=DIRECTION('',(8.67361737988403E-17,0.,1.));
#12980=DIRECTION('',(-1.,3.14010317019657E-32,8.67361737988403E-17));
#12981=DIRECTION('',(8.67361737988403E-17,0.,1.));
#12982=DIRECTION('',(-1.,3.14010317019657E-32,8.67361737988403E-17));
#12983=DIRECTION('',(8.67361737988403E-17,0.,1.));
#12984=DIRECTION('',(1.,-3.14010317019657E-32,-8.67361737988403E-17));
#12985=DIRECTION('',(8.67361737988403E-17,0.,1.));
#12986=DIRECTION('',(-1.,3.14010317019657E-32,8.67361737988403E-17));
#12987=DIRECTION('',(8.67361737988403E-17,0.,1.));
#12988=DIRECTION('',(-1.,3.14010317019657E-32,8.67361737988403E-17));
#12989=DIRECTION('',(8.67361737988403E-17,0.,1.));
#12990=DIRECTION('',(1.,-3.14010317019657E-32,-8.67361737988403E-17));
#12991=DIRECTION('',(8.67361737988403E-17,0.,1.));
#12992=DIRECTION('',(-1.,3.14010317019657E-32,8.67361737988403E-17));
#12993=DIRECTION('',(8.67361737988403E-17,0.,1.));
#12994=DIRECTION('',(-1.,3.14010317019657E-32,8.67361737988403E-17));
#12995=DIRECTION('',(8.67361737988403E-17,0.,1.));
#12996=DIRECTION('',(1.,-3.14010317019657E-32,-8.67361737988403E-17));
#12997=DIRECTION('',(8.67361737988403E-17,0.,1.));
#12998=DIRECTION('',(-1.,3.14010317019657E-32,8.67361737988403E-17));
#12999=DIRECTION('',(8.67361737988403E-17,0.,1.));
#13000=DIRECTION('',(-1.,3.14010317019657E-32,8.67361737988403E-17));
#13001=DIRECTION('',(8.67361737988403E-17,0.,1.));
#13002=DIRECTION('',(8.67361737988403E-17,1.81014623580188E-16,1.));
#13003=DIRECTION('',(0.,-1.,1.81014623580188E-16));
#13004=DIRECTION('',(-1.57005158509829E-32,-1.,1.81014623580188E-16));
#13005=DIRECTION('',(1.57005158509829E-32,1.,-1.81014623580188E-16));
#13006=DIRECTION('',(8.67361737988403E-17,1.81014623580188E-16,1.));
#13007=DIRECTION('',(0.,-1.,1.81014623580188E-16));
#13008=DIRECTION('',(1.57005158509829E-32,1.,-1.81014623580188E-16));
#13009=DIRECTION('',(-1.57005158509829E-32,-1.,1.81014623580188E-16));
#13010=DIRECTION('',(8.67361737988403E-17,1.81014623580188E-16,1.));
#13011=DIRECTION('',(0.,-1.,1.81014623580188E-16));
#13012=DIRECTION('',(1.57005158509829E-32,1.,-1.81014623580188E-16));
#13013=DIRECTION('',(-1.57005158509829E-32,-1.,1.81014623580188E-16));
#13014=DIRECTION('',(-4.71015475529487E-32,-1.,-1.81014623580188E-16));
#13015=DIRECTION('',(0.,1.81014623580188E-16,-1.));
#13016=DIRECTION('',(8.67361737988403E-17,-1.81014623580188E-16,1.));
#13017=DIRECTION('',(-8.67361737988403E-17,1.81014623580188E-16,-1.));
#13018=DIRECTION('',(8.67361737988403E-17,1.81014623580188E-16,1.));
#13019=DIRECTION('',(0.,-1.,1.81014623580188E-16));
#13020=DIRECTION('',(-1.57005158509829E-32,-1.,1.81014623580188E-16));
#13021=DIRECTION('',(1.57005158509829E-32,1.,-1.81014623580188E-16));
#13022=DIRECTION('',(-4.71015475529487E-32,-1.,-1.81014623580188E-16));
#13023=DIRECTION('',(0.,1.81014623580188E-16,-1.));
#13024=DIRECTION('',(8.67361737988403E-17,-1.81014623580188E-16,1.));
#13025=DIRECTION('',(-8.67361737988403E-17,1.81014623580188E-16,-1.));
#13026=DIRECTION('',(1.,-3.14010317019657E-32,-8.67361737988403E-17));
#13027=DIRECTION('',(8.67361737988403E-17,0.,1.));
#13028=DIRECTION('',(-1.,3.14010317019657E-32,8.67361737988403E-17));
#13029=DIRECTION('',(8.67361737988403E-17,0.,1.));
#13030=DIRECTION('',(-1.,3.14010317019657E-32,8.67361737988403E-17));
#13031=DIRECTION('',(8.67361737988403E-17,0.,1.));
#13032=DIRECTION('',(1.,-3.14010317019657E-32,-8.67361737988403E-17));
#13033=DIRECTION('',(8.67361737988403E-17,0.,1.));
#13034=DIRECTION('',(-1.,3.14010317019657E-32,8.67361737988403E-17));
#13035=DIRECTION('',(8.67361737988403E-17,0.,1.));
#13036=DIRECTION('',(-1.,3.14010317019657E-32,8.67361737988403E-17));
#13037=DIRECTION('',(8.67361737988403E-17,0.,1.));
#13038=DIRECTION('',(7.51157299368579E-17,0.5,0.866025403784439));
#13039=DIRECTION('',(0.,-0.866025403784439,0.5));
#13040=DIRECTION('',(-4.33680868994201E-17,0.866025403784439,-0.5));
#13041=DIRECTION('',(4.33680868994201E-17,-0.866025403784439,0.5));
#13042=DIRECTION('',(-1.11648112718101E-31,-1.,-9.25185853854297E-16));
#13043=DIRECTION('',(0.,9.25185853854297E-16,-1.));
#13044=DIRECTION('',(8.67361737988403E-17,-9.25185853854297E-16,1.));
#13045=DIRECTION('',(-8.67361737988403E-17,9.25185853854297E-16,-1.));
#13046=DIRECTION('',(7.51157299368579E-17,-0.5,0.866025403784438));
#13047=DIRECTION('',(0.,-0.866025403784439,-0.5));
#13048=DIRECTION('',(-4.33680868994202E-17,-0.866025403784439,-0.5));
#13049=DIRECTION('',(4.33680868994202E-17,0.866025403784439,0.5));
#13050=DIRECTION('',(7.51157299368579E-17,0.5,0.866025403784439));
#13051=DIRECTION('',(0.,-0.866025403784439,0.5));
#13052=DIRECTION('',(-4.33680868994201E-17,0.866025403784439,-0.5));
#13053=DIRECTION('',(4.33680868994201E-17,-0.866025403784439,0.5));
#13054=DIRECTION('',(7.51157299368579E-17,-0.5,0.866025403784438));
#13055=DIRECTION('',(0.,-0.866025403784439,-0.5));
#13056=DIRECTION('',(-4.33680868994202E-17,-0.866025403784439,-0.5));
#13057=DIRECTION('',(4.33680868994202E-17,0.866025403784439,0.5));
#13058=DIRECTION('',(-1.11648112718101E-31,-1.,-9.25185853854297E-16));
#13059=DIRECTION('',(0.,9.25185853854297E-16,-1.));
#13060=DIRECTION('',(-8.67361737988403E-17,9.25185853854297E-16,-1.));
#13061=DIRECTION('',(8.67361737988403E-17,-9.25185853854297E-16,1.));
#13062=DIRECTION('',(-9.15863424640669E-32,-1.,-6.93889390390723E-16));
#13063=DIRECTION('',(0.,6.93889390390723E-16,-1.));
#13064=DIRECTION('',(-8.67361737988403E-17,6.93889390390723E-16,-1.));
#13065=DIRECTION('',(8.67361737988403E-17,-6.93889390390723E-16,1.));
#13066=DIRECTION('',(7.51157299368579E-17,0.5,0.866025403784439));
#13067=DIRECTION('',(0.,-0.866025403784439,0.5));
#13068=DIRECTION('',(-4.33680868994201E-17,0.866025403784439,-0.5));
#13069=DIRECTION('',(4.33680868994201E-17,-0.866025403784439,0.5));
#13070=DIRECTION('',(7.51157299368579E-17,0.5,0.866025403784439));
#13071=DIRECTION('',(0.,-0.866025403784439,0.5));
#13072=DIRECTION('',(-4.33680868994201E-17,0.866025403784439,-0.5));
#13073=DIRECTION('',(4.33680868994201E-17,-0.866025403784439,0.5));
#13074=DIRECTION('',(7.51157299368579E-17,-0.5,0.866025403784438));
#13075=DIRECTION('',(0.,-0.866025403784439,-0.5));
#13076=DIRECTION('',(-4.33680868994202E-17,-0.866025403784439,-0.5));
#13077=DIRECTION('',(4.33680868994202E-17,0.866025403784439,0.5));
#13078=DIRECTION('',(-9.15863424640669E-32,-1.,-6.93889390390723E-16));
#13079=DIRECTION('',(0.,6.93889390390723E-16,-1.));
#13080=DIRECTION('',(8.67361737988403E-17,-6.93889390390723E-16,1.));
#13081=DIRECTION('',(-8.67361737988403E-17,6.93889390390723E-16,-1.));
#13082=DIRECTION('',(-9.15863424640669E-32,-1.,-6.93889390390723E-16));
#13083=DIRECTION('',(0.,6.93889390390723E-16,-1.));
#13084=DIRECTION('',(8.67361737988403E-17,-6.93889390390723E-16,1.));
#13085=DIRECTION('',(-8.67361737988403E-17,6.93889390390723E-16,-1.));
#13086=DIRECTION('',(7.51157299368579E-17,-0.5,0.866025403784438));
#13087=DIRECTION('',(0.,-0.866025403784439,-0.5));
#13088=DIRECTION('',(-4.33680868994202E-17,-0.866025403784439,-0.5));
#13089=DIRECTION('',(4.33680868994202E-17,0.866025403784439,0.5));
#13090=DIRECTION('',(7.51157299368579E-17,0.5,0.866025403784439));
#13091=DIRECTION('',(0.,-0.866025403784439,0.5));
#13092=DIRECTION('',(-4.33680868994201E-17,0.866025403784439,-0.5));
#13093=DIRECTION('',(4.33680868994201E-17,-0.866025403784439,0.5));
#13094=DIRECTION('',(7.51157299368579E-17,0.5,0.866025403784438));
#13095=DIRECTION('',(0.,-0.866025403784439,0.5));
#13096=DIRECTION('',(-4.33680868994201E-17,0.866025403784439,-0.5));
#13097=DIRECTION('',(4.33680868994201E-17,-0.866025403784439,0.5));
#13098=DIRECTION('',(7.51157299368579E-17,-0.5,0.866025403784438));
#13099=DIRECTION('',(0.,-0.866025403784439,-0.5));
#13100=DIRECTION('',(-4.33680868994202E-17,-0.866025403784439,-0.5));
#13101=DIRECTION('',(4.33680868994202E-17,0.866025403784439,0.5));
#13102=DIRECTION('',(-9.15863424640669E-32,-1.,-6.93889390390723E-16));
#13103=DIRECTION('',(0.,6.93889390390723E-16,-1.));
#13104=DIRECTION('',(-8.67361737988403E-17,6.93889390390723E-16,-1.));
#13105=DIRECTION('',(8.67361737988403E-17,-6.93889390390723E-16,1.));
#13106=DIRECTION('',(-1.11648112718101E-31,-1.,-9.25185853854297E-16));
#13107=DIRECTION('',(0.,9.25185853854297E-16,-1.));
#13108=DIRECTION('',(8.67361737988403E-17,-9.25185853854297E-16,1.));
#13109=DIRECTION('',(-8.67361737988403E-17,9.25185853854297E-16,-1.));
#13110=DIRECTION('',(7.51157299368579E-17,-0.5,0.866025403784438));
#13111=DIRECTION('',(0.,-0.866025403784439,-0.5));
#13112=DIRECTION('',(-4.33680868994202E-17,-0.866025403784439,-0.5));
#13113=DIRECTION('',(4.33680868994202E-17,0.866025403784439,0.5));
#13114=DIRECTION('',(7.51157299368579E-17,0.5,0.866025403784439));
#13115=DIRECTION('',(0.,-0.866025403784439,0.5));
#13116=DIRECTION('',(-4.33680868994201E-17,0.866025403784439,-0.5));
#13117=DIRECTION('',(4.33680868994201E-17,-0.866025403784439,0.5));
#13118=DIRECTION('',(7.51157299368579E-17,-0.5,0.866025403784438));
#13119=DIRECTION('',(0.,-0.866025403784439,-0.5));
#13120=DIRECTION('',(-4.33680868994202E-17,-0.866025403784439,-0.5));
#13121=DIRECTION('',(4.33680868994202E-17,0.866025403784439,0.5));
#13122=DIRECTION('',(-1.11648112718101E-31,-1.,-9.25185853854297E-16));
#13123=DIRECTION('',(0.,9.25185853854297E-16,-1.));
#13124=DIRECTION('',(-8.67361737988403E-17,9.25185853854297E-16,-1.));
#13125=DIRECTION('',(8.67361737988403E-17,-9.25185853854297E-16,1.));
#13126=DIRECTION('',(1.,3.14010317019657E-32,8.67361737988403E-17));
#13127=DIRECTION('',(8.67361737988403E-17,0.,-1.));
#13128=DIRECTION('',(-1.,-3.14010317019657E-32,-8.67361737988403E-17));
#13129=DIRECTION('',(-8.67361737988403E-17,0.,1.));
#13130=DIRECTION('',(-4.33680868994202E-17,0.866025403784439,0.5));
#13131=DIRECTION('',(-1.,-3.14010317019657E-32,-8.67361737988403E-17));
#13132=DIRECTION('',(-8.67361737988403E-17,0.,1.));
#13133=DIRECTION('',(-8.67361737988403E-17,-9.25185853854297E-16,1.));
#13134=DIRECTION('',(-1.,-3.14010317019657E-32,-8.67361737988403E-17));
#13135=DIRECTION('',(-8.67361737988403E-17,0.,1.));
#13136=DIRECTION('',(4.33680868994201E-17,0.866025403784439,-0.5));
#13137=DIRECTION('',(-1.,-3.14010317019657E-32,-8.67361737988403E-17));
#13138=DIRECTION('',(-8.67361737988403E-17,0.,1.));
#13139=DIRECTION('',(-1.57005158509829E-32,1.,-1.81014623580188E-16));
#13140=DIRECTION('',(-1.,-3.14010317019657E-32,-8.67361737988403E-17));
#13141=DIRECTION('',(-8.67361737988403E-17,0.,1.));
#13142=DIRECTION('',(-8.67361737988403E-17,-1.81014623580188E-16,1.));
#13143=DIRECTION('',(-1.,-3.14010317019657E-32,-8.67361737988403E-17));
#13144=DIRECTION('',(-8.67361737988403E-17,0.,1.));
#13145=DIRECTION('',(-1.57005158509829E-32,1.,-1.81014623580188E-16));
#13146=DIRECTION('',(-1.57005158509829E-32,1.,-1.81014623580188E-16));
#13147=DIRECTION('',(-1.,-3.14010317019657E-32,-8.67361737988403E-17));
#13148=DIRECTION('',(-8.67361737988403E-17,0.,1.));
#13149=DIRECTION('',(-4.33680868994202E-17,0.866025403784439,0.5));
#13150=DIRECTION('',(-1.,-3.14010317019657E-32,-8.67361737988403E-17));
#13151=DIRECTION('',(-8.67361737988403E-17,0.,1.));
#13152=DIRECTION('',(-8.67361737988403E-17,-9.25185853854297E-16,1.));
#13153=DIRECTION('',(-1.,-3.14010317019657E-32,-8.67361737988403E-17));
#13154=DIRECTION('',(-8.67361737988403E-17,0.,1.));
#13155=DIRECTION('',(4.33680868994201E-17,0.866025403784439,-0.5));
#13156=DIRECTION('',(-1.,-3.14010317019657E-32,-8.67361737988403E-17));
#13157=DIRECTION('',(-8.67361737988403E-17,0.,1.));
#13158=DIRECTION('',(-1.57005158509829E-32,1.,-1.81014623580188E-16));
#13159=DIRECTION('',(-1.,-3.14010317019657E-32,-8.67361737988403E-17));
#13160=DIRECTION('',(-8.67361737988403E-17,0.,1.));
#13161=DIRECTION('',(-4.33680868994202E-17,0.866025403784439,0.5));
#13162=DIRECTION('',(-1.,-3.14010317019657E-32,-8.67361737988403E-17));
#13163=DIRECTION('',(-8.67361737988403E-17,0.,1.));
#13164=DIRECTION('',(-8.67361737988403E-17,-6.93889390390723E-16,1.));
#13165=DIRECTION('',(-1.,-3.14010317019657E-32,-8.67361737988403E-17));
#13166=DIRECTION('',(-8.67361737988403E-17,0.,1.));
#13167=DIRECTION('',(4.33680868994201E-17,0.866025403784439,-0.5));
#13168=DIRECTION('',(-1.,-3.14010317019657E-32,-8.67361737988403E-17));
#13169=DIRECTION('',(-8.67361737988403E-17,0.,1.));
#13170=DIRECTION('',(-1.,-3.14010317019657E-32,-8.67361737988403E-17));
#13171=DIRECTION('',(-8.67361737988403E-17,0.,1.));
#13172=DIRECTION('',(-4.33680868994202E-17,0.866025403784439,0.5));
#13173=DIRECTION('',(-1.,-3.14010317019657E-32,-8.67361737988403E-17));
#13174=DIRECTION('',(-8.67361737988403E-17,0.,1.));
#13175=DIRECTION('',(-8.67361737988403E-17,-9.25185853854297E-16,1.));
#13176=DIRECTION('',(-1.,-3.14010317019657E-32,-8.67361737988403E-17));
#13177=DIRECTION('',(-8.67361737988403E-17,0.,1.));
#13178=DIRECTION('',(4.33680868994201E-17,0.866025403784439,-0.5));
#13179=DIRECTION('',(-1.,-3.14010317019657E-32,-8.67361737988403E-17));
#13180=DIRECTION('',(-8.67361737988403E-17,0.,1.));
#13181=DIRECTION('',(-1.57005158509829E-32,1.,-1.81014623580188E-16));
#13182=DIRECTION('',(-1.,-3.14010317019657E-32,-8.67361737988403E-17));
#13183=DIRECTION('',(-8.67361737988403E-17,0.,1.));
#13184=DIRECTION('',(-1.,-3.14010317019657E-32,-8.67361737988403E-17));
#13185=DIRECTION('',(-8.67361737988403E-17,0.,1.));
#13186=DIRECTION('',(-1.,-3.14010317019657E-32,-8.67361737988403E-17));
#13187=DIRECTION('',(-8.67361737988403E-17,0.,1.));
#13188=DIRECTION('',(-8.67361737988403E-17,-6.93889390390723E-16,1.));
#13189=DIRECTION('',(-1.,-3.14010317019657E-32,-8.67361737988403E-17));
#13190=DIRECTION('',(-8.67361737988403E-17,0.,1.));
#13191=DIRECTION('',(-1.,-3.14010317019657E-32,-8.67361737988403E-17));
#13192=DIRECTION('',(-8.67361737988403E-17,0.,1.));
#13193=DIRECTION('',(-1.,-3.14010317019657E-32,-8.67361737988403E-17));
#13194=DIRECTION('',(-8.67361737988403E-17,0.,1.));
#13195=DIRECTION('',(-1.57005158509829E-32,1.,-1.81014623580188E-16));
#13196=DIRECTION('',(-1.,-3.14010317019657E-32,-8.67361737988403E-17));
#13197=DIRECTION('',(-8.67361737988403E-17,0.,1.));
#13198=DIRECTION('',(-1.,-3.14010317019657E-32,-8.67361737988403E-17));
#13199=DIRECTION('',(-8.67361737988403E-17,0.,1.));
#13200=DIRECTION('',(-1.,-3.14010317019657E-32,-8.67361737988403E-17));
#13201=DIRECTION('',(-8.67361737988403E-17,0.,1.));
#13202=DIRECTION('',(-8.67361737988403E-17,-1.81014623580188E-16,1.));
#13203=DIRECTION('',(-1.,-3.14010317019657E-32,-8.67361737988403E-17));
#13204=DIRECTION('',(-8.67361737988403E-17,0.,1.));
#13205=DIRECTION('',(-1.,-3.14010317019657E-32,-8.67361737988403E-17));
#13206=DIRECTION('',(-8.67361737988403E-17,0.,1.));
#13207=DIRECTION('',(-1.,-3.14010317019657E-32,-8.67361737988403E-17));
#13208=DIRECTION('',(-8.67361737988403E-17,0.,1.));
#13209=DIRECTION('',(-4.33680868994202E-17,0.866025403784439,0.5));
#13210=DIRECTION('',(-1.,-3.14010317019657E-32,-8.67361737988403E-17));
#13211=DIRECTION('',(-8.67361737988403E-17,0.,1.));
#13212=DIRECTION('',(-8.67361737988403E-17,-9.25185853854297E-16,1.));
#13213=DIRECTION('',(-1.,-3.14010317019657E-32,-8.67361737988403E-17));
#13214=DIRECTION('',(-8.67361737988403E-17,0.,1.));
#13215=DIRECTION('',(4.33680868994201E-17,0.866025403784439,-0.5));
#13216=DIRECTION('',(-1.,-3.14010317019657E-32,-8.67361737988403E-17));
#13217=DIRECTION('',(-8.67361737988403E-17,0.,1.));
#13218=DIRECTION('',(4.33680868994201E-17,0.866025403784439,-0.5));
#13219=DIRECTION('',(-1.,-3.14010317019657E-32,-8.67361737988403E-17));
#13220=DIRECTION('',(-8.67361737988403E-17,0.,1.));
#13221=DIRECTION('',(-1.,-3.14010317019657E-32,-8.67361737988403E-17));
#13222=DIRECTION('',(-8.67361737988403E-17,0.,1.));
#13223=DIRECTION('',(-1.,-3.14010317019657E-32,-8.67361737988403E-17));
#13224=DIRECTION('',(-8.67361737988403E-17,0.,1.));
#13225=DIRECTION('',(-1.,-3.14010317019657E-32,-8.67361737988403E-17));
#13226=DIRECTION('',(-8.67361737988403E-17,0.,1.));
#13227=DIRECTION('',(-1.,-3.14010317019657E-32,-8.67361737988403E-17));
#13228=DIRECTION('',(-8.67361737988403E-17,0.,1.));
#13229=DIRECTION('',(-4.33680868994202E-17,0.866025403784439,0.5));
#13230=DIRECTION('',(-1.,-3.14010317019657E-32,-8.67361737988403E-17));
#13231=DIRECTION('',(-8.67361737988403E-17,0.,1.));
#13232=DIRECTION('',(-8.67361737988403E-17,-6.93889390390723E-16,1.));
#13233=DIRECTION('',(-1.,-3.14010317019657E-32,-8.67361737988403E-17));
#13234=DIRECTION('',(-8.67361737988403E-17,0.,1.));
#13235=DIRECTION('',(-1.,-3.14010317019657E-32,-8.67361737988403E-17));
#13236=DIRECTION('',(-8.67361737988403E-17,0.,1.));
#13237=DIRECTION('',(1.,3.14010317019657E-32,8.67361737988403E-17));
#13238=DIRECTION('',(8.67361737988403E-17,0.,-1.));
#13239=DIRECTION('',(1.,3.14010317019657E-32,8.67361737988403E-17));
#13240=DIRECTION('',(8.67361737988403E-17,0.,-1.));
#13241=DIRECTION('',(-1.57005158509829E-32,1.,-1.81014623580188E-16));
#13242=DIRECTION('',(-8.67361737988403E-17,-1.81014623580188E-16,1.));
#13243=DIRECTION('',(-1.57005158509829E-32,1.,-1.81014623580188E-16));
#13244=DIRECTION('',(-8.67361737988403E-17,-1.81014623580188E-16,1.));
#13245=DIRECTION('',(1.,3.14010317019657E-32,8.67361737988403E-17));
#13246=DIRECTION('',(-8.67361737988403E-17,0.,1.));
#13247=DIRECTION('',(1.,3.14010317019657E-32,8.67361737988403E-17));
#13248=DIRECTION('',(-8.67361737988403E-17,0.,1.));
#13249=DIRECTION('',(-1.,-3.14010317019657E-32,-8.67361737988403E-17));
#13250=DIRECTION('',(-8.67361737988403E-17,0.,1.));
#13251=DIRECTION('',(-1.,-3.14010317019657E-32,-8.67361737988403E-17));
#13252=DIRECTION('',(-8.67361737988403E-17,0.,1.));
#13253=DIRECTION('',(-1.,-3.14010317019657E-32,-8.67361737988403E-17));
#13254=DIRECTION('',(-8.67361737988403E-17,0.,1.));
#13255=DIRECTION('',(-8.67361737988403E-17,-6.93889390390723E-16,1.));
#13256=DIRECTION('',(-1.,-3.14010317019657E-32,-8.67361737988403E-17));
#13257=DIRECTION('',(-8.67361737988403E-17,0.,1.));
#13258=DIRECTION('',(-1.,-3.14010317019657E-32,-8.67361737988403E-17));
#13259=DIRECTION('',(-8.67361737988403E-17,0.,1.));
#13260=DIRECTION('',(-1.,-3.14010317019657E-32,-8.67361737988403E-17));
#13261=DIRECTION('',(-8.67361737988403E-17,0.,1.));
#13262=DIRECTION('',(4.33680868994201E-17,0.866025403784439,-0.5));
#13263=DIRECTION('',(-1.,-3.14010317019657E-32,-8.67361737988403E-17));
#13264=DIRECTION('',(-8.67361737988403E-17,0.,1.));
#13265=DIRECTION('',(-1.,-3.14010317019657E-32,-8.67361737988403E-17));
#13266=DIRECTION('',(-8.67361737988403E-17,0.,1.));
#13267=DIRECTION('',(-1.,-3.14010317019657E-32,-8.67361737988403E-17));
#13268=DIRECTION('',(-8.67361737988403E-17,0.,1.));
#13269=DIRECTION('',(-1.,-3.14010317019657E-32,-8.67361737988403E-17));
#13270=DIRECTION('',(-8.67361737988403E-17,0.,1.));
#13271=DIRECTION('',(-1.,-3.14010317019657E-32,-8.67361737988403E-17));
#13272=DIRECTION('',(-8.67361737988403E-17,0.,1.));
#13273=DIRECTION('',(-4.33680868994202E-17,0.866025403784439,0.5));
#13274=DIRECTION('',(-1.,-3.14010317019657E-32,-8.67361737988403E-17));
#13275=DIRECTION('',(-8.67361737988403E-17,0.,1.));
#13276=DIRECTION('',(1.57005158509829E-32,-1.,1.81014623580188E-16));
#13277=DIRECTION('',(-1.,-3.14010317019657E-32,-8.67361737988403E-17));
#13278=DIRECTION('',(-8.67361737988403E-17,0.,1.));
#13279=DIRECTION('',(-4.33680868994201E-17,-0.866025403784439,0.5));
#13280=DIRECTION('',(-1.,-3.14010317019657E-32,-8.67361737988403E-17));
#13281=DIRECTION('',(-8.67361737988403E-17,0.,1.));
#13282=DIRECTION('',(8.67361737988403E-17,6.93889390390723E-16,-1.));
#13283=DIRECTION('',(-1.,-3.14010317019657E-32,-8.67361737988403E-17));
#13284=DIRECTION('',(-8.67361737988403E-17,0.,1.));
#13285=DIRECTION('',(4.33680868994202E-17,-0.866025403784439,-0.5));
#13286=DIRECTION('',(-1.,-3.14010317019657E-32,-8.67361737988403E-17));
#13287=DIRECTION('',(-8.67361737988403E-17,0.,1.));
#13288=DIRECTION('',(1.57005158509829E-32,-1.,1.81014623580188E-16));
#13289=DIRECTION('',(-1.,-3.14010317019657E-32,-8.67361737988403E-17));
#13290=DIRECTION('',(-8.67361737988403E-17,0.,1.));
#13291=DIRECTION('',(-4.33680868994201E-17,-0.866025403784439,0.5));
#13292=DIRECTION('',(-1.,-3.14010317019657E-32,-8.67361737988403E-17));
#13293=DIRECTION('',(-8.67361737988403E-17,0.,1.));
#13294=DIRECTION('',(8.67361737988403E-17,9.25185853854297E-16,-1.));
#13295=DIRECTION('',(-1.,-3.14010317019657E-32,-8.67361737988403E-17));
#13296=DIRECTION('',(-8.67361737988403E-17,0.,1.));
#13297=DIRECTION('',(4.33680868994202E-17,-0.866025403784439,-0.5));
#13298=DIRECTION('',(-1.,-3.14010317019657E-32,-8.67361737988403E-17));
#13299=DIRECTION('',(-8.67361737988403E-17,0.,1.));
#13300=DIRECTION('',(-1.,-3.14010317019657E-32,-8.67361737988403E-17));
#13301=DIRECTION('',(-8.67361737988403E-17,0.,1.));
#13302=DIRECTION('',(1.57005158509829E-32,-1.,1.81014623580188E-16));
#13303=DIRECTION('',(-1.,-3.14010317019657E-32,-8.67361737988403E-17));
#13304=DIRECTION('',(-8.67361737988403E-17,0.,1.));
#13305=DIRECTION('',(-4.33680868994201E-17,-0.866025403784439,0.5));
#13306=DIRECTION('',(-1.,-3.14010317019657E-32,-8.67361737988403E-17));
#13307=DIRECTION('',(-8.67361737988403E-17,0.,1.));
#13308=DIRECTION('',(8.67361737988403E-17,9.25185853854297E-16,-1.));
#13309=DIRECTION('',(-1.,-3.14010317019657E-32,-8.67361737988403E-17));
#13310=DIRECTION('',(-8.67361737988403E-17,0.,1.));
#13311=DIRECTION('',(4.33680868994202E-17,-0.866025403784439,-0.5));
#13312=DIRECTION('',(-1.,-3.14010317019657E-32,-8.67361737988403E-17));
#13313=DIRECTION('',(-8.67361737988403E-17,0.,1.));
#13314=DIRECTION('',(1.57005158509829E-32,-1.,1.81014623580188E-16));
#13315=DIRECTION('',(-1.,-3.14010317019657E-32,-8.67361737988403E-17));
#13316=DIRECTION('',(-8.67361737988403E-17,0.,1.));
#13317=DIRECTION('',(-1.,-3.14010317019657E-32,-8.67361737988403E-17));
#13318=DIRECTION('',(-8.67361737988403E-17,0.,1.));
#13319=DIRECTION('',(-1.,-3.14010317019657E-32,-8.67361737988403E-17));
#13320=DIRECTION('',(-8.67361737988403E-17,0.,1.));
#13321=DIRECTION('',(8.67361737988403E-17,6.93889390390723E-16,-1.));
#13322=DIRECTION('',(-1.,-3.14010317019657E-32,-8.67361737988403E-17));
#13323=DIRECTION('',(-8.67361737988403E-17,0.,1.));
#13324=DIRECTION('',(-1.,-3.14010317019657E-32,-8.67361737988403E-17));
#13325=DIRECTION('',(-8.67361737988403E-17,0.,1.));
#13326=DIRECTION('',(-1.,-3.14010317019657E-32,-8.67361737988403E-17));
#13327=DIRECTION('',(-8.67361737988403E-17,0.,1.));
#13328=DIRECTION('',(-4.33680868994201E-17,-0.866025403784439,0.5));
#13329=DIRECTION('',(-1.,-3.14010317019657E-32,-8.67361737988403E-17));
#13330=DIRECTION('',(-8.67361737988403E-17,0.,1.));
#13331=DIRECTION('',(8.67361737988403E-17,9.25185853854297E-16,-1.));
#13332=DIRECTION('',(-1.,-3.14010317019657E-32,-8.67361737988403E-17));
#13333=DIRECTION('',(-8.67361737988403E-17,0.,1.));
#13334=DIRECTION('',(4.33680868994202E-17,-0.866025403784439,-0.5));
#13335=DIRECTION('',(-1.,-3.14010317019657E-32,-8.67361737988403E-17));
#13336=DIRECTION('',(-8.67361737988403E-17,0.,1.));
#13337=DIRECTION('',(-1.,-3.14010317019657E-32,-8.67361737988403E-17));
#13338=DIRECTION('',(-8.67361737988403E-17,0.,1.));
#13339=DIRECTION('',(-1.,-3.14010317019657E-32,-8.67361737988403E-17));
#13340=DIRECTION('',(-8.67361737988403E-17,0.,1.));
#13341=DIRECTION('',(8.67361737988403E-17,1.81014623580188E-16,-1.));
#13342=DIRECTION('',(-1.,-3.14010317019657E-32,-8.67361737988403E-17));
#13343=DIRECTION('',(-8.67361737988403E-17,0.,1.));
#13344=DIRECTION('',(-1.,-3.14010317019657E-32,-8.67361737988403E-17));
#13345=DIRECTION('',(-8.67361737988403E-17,0.,1.));
#13346=DIRECTION('',(-1.,-3.14010317019657E-32,-8.67361737988403E-17));
#13347=DIRECTION('',(-8.67361737988403E-17,0.,1.));
#13348=DIRECTION('',(-4.33680868994201E-17,-0.866025403784439,0.5));
#13349=DIRECTION('',(-1.,-3.14010317019657E-32,-8.67361737988403E-17));
#13350=DIRECTION('',(-8.67361737988403E-17,0.,1.));
#13351=DIRECTION('',(8.67361737988403E-17,6.93889390390723E-16,-1.));
#13352=DIRECTION('',(-1.,-3.14010317019657E-32,-8.67361737988403E-17));
#13353=DIRECTION('',(-8.67361737988403E-17,0.,1.));
#13354=DIRECTION('',(4.33680868994202E-17,-0.866025403784439,-0.5));
#13355=DIRECTION('',(-1.,-3.14010317019657E-32,-8.67361737988403E-17));
#13356=DIRECTION('',(-8.67361737988403E-17,0.,1.));
#13357=DIRECTION('',(-1.,-3.14010317019657E-32,-8.67361737988403E-17));
#13358=DIRECTION('',(-8.67361737988403E-17,0.,1.));
#13359=DIRECTION('',(-1.,-3.14010317019657E-32,-8.67361737988403E-17));
#13360=DIRECTION('',(-8.67361737988403E-17,0.,1.));
#13361=DIRECTION('',(-1.,-3.14010317019657E-32,-8.67361737988403E-17));
#13362=DIRECTION('',(-8.67361737988403E-17,0.,1.));
#13363=DIRECTION('',(-1.,-3.14010317019657E-32,-8.67361737988403E-17));
#13364=DIRECTION('',(-8.67361737988403E-17,0.,1.));
#13365=DIRECTION('',(-1.,-3.14010317019657E-32,-8.67361737988403E-17));
#13366=DIRECTION('',(-8.67361737988403E-17,0.,1.));
#13367=DIRECTION('',(-1.,-3.14010317019657E-32,-8.67361737988403E-17));
#13368=DIRECTION('',(-8.67361737988403E-17,0.,1.));
#13369=DIRECTION('',(-1.,-3.14010317019657E-32,-8.67361737988403E-17));
#13370=DIRECTION('',(-8.67361737988403E-17,0.,1.));
#13371=DIRECTION('',(-1.57005158509829E-32,1.,-1.81014623580188E-16));
#13372=DIRECTION('',(-8.67361737988403E-17,-1.81014623580188E-16,1.));
#13373=DIRECTION('',(-1.57005158509829E-32,1.,-1.81014623580188E-16));
#13374=DIRECTION('',(-8.67361737988403E-17,-1.81014623580188E-16,1.));
#13375=DIRECTION('',(-1.,-3.14010317019657E-32,-8.67361737988403E-17));
#13376=DIRECTION('',(-8.67361737988403E-17,0.,1.));
#13377=DIRECTION('',(-1.,-3.14010317019657E-32,-8.67361737988403E-17));
#13378=DIRECTION('',(-8.67361737988403E-17,0.,1.));
#13379=DIRECTION('',(-1.,-3.14010317019657E-32,-8.67361737988403E-17));
#13380=DIRECTION('',(-8.67361737988403E-17,0.,1.));
#13381=DIRECTION('',(4.33680868994202E-17,-0.866025403784439,-0.5));
#13382=DIRECTION('',(-1.,-3.14010317019657E-32,-8.67361737988403E-17));
#13383=DIRECTION('',(-8.67361737988403E-17,0.,1.));
#13384=DIRECTION('',(-1.,-3.14010317019657E-32,-8.67361737988403E-17));
#13385=DIRECTION('',(-8.67361737988403E-17,0.,1.));
#13386=DIRECTION('',(-1.,-3.14010317019657E-32,-8.67361737988403E-17));
#13387=DIRECTION('',(-8.67361737988403E-17,0.,1.));
#13388=DIRECTION('',(-1.,-3.14010317019657E-32,-8.67361737988403E-17));
#13389=DIRECTION('',(-8.67361737988403E-17,0.,1.));
#13390=DIRECTION('',(-1.,-3.14010317019657E-32,-8.67361737988403E-17));
#13391=DIRECTION('',(-8.67361737988403E-17,0.,1.));
#13392=DIRECTION('',(-4.33680868994201E-17,-0.866025403784439,0.5));
#13393=DIRECTION('',(-1.,-3.14010317019657E-32,-8.67361737988403E-17));
#13394=DIRECTION('',(-8.67361737988403E-17,0.,1.));
#13395=DIRECTION('',(-1.,-3.14010317019657E-32,-8.67361737988403E-17));
#13396=DIRECTION('',(-8.67361737988403E-17,0.,1.));
#13397=DIRECTION('',(-1.,-3.14010317019657E-32,-8.67361737988403E-17));
#13398=DIRECTION('',(-8.67361737988403E-17,0.,1.));
#13399=DIRECTION('',(8.67361737988403E-17,6.93889390390723E-16,-1.));
#13400=DIRECTION('',(-1.,-3.14010317019657E-32,-8.67361737988403E-17));
#13401=DIRECTION('',(-8.67361737988403E-17,0.,1.));
#13402=DIRECTION('',(-1.,-3.14010317019657E-32,-8.67361737988403E-17));
#13403=DIRECTION('',(-8.67361737988403E-17,0.,1.));
#13404=DIRECTION('',(1.57005158509829E-32,-1.,1.81014623580188E-16));
#13405=DIRECTION('',(-1.,-3.14010317019657E-32,-8.67361737988403E-17));
#13406=DIRECTION('',(-8.67361737988403E-17,0.,1.));
#13407=DIRECTION('',(-4.33680868994201E-17,-0.866025403784439,0.5));
#13408=DIRECTION('',(-1.,-3.14010317019657E-32,-8.67361737988403E-17));
#13409=DIRECTION('',(-8.67361737988403E-17,0.,1.));
#13410=DIRECTION('',(8.67361737988403E-17,9.25185853854297E-16,-1.));
#13411=DIRECTION('',(-1.,-3.14010317019657E-32,-8.67361737988403E-17));
#13412=DIRECTION('',(-8.67361737988403E-17,0.,1.));
#13413=DIRECTION('',(4.33680868994202E-17,-0.866025403784439,-0.5));
#13414=DIRECTION('',(-1.,-3.14010317019657E-32,-8.67361737988403E-17));
#13415=DIRECTION('',(-8.67361737988403E-17,0.,1.));
#13416=DIRECTION('',(1.57005158509829E-32,-1.,1.81014623580188E-16));
#13417=DIRECTION('',(-1.,-3.14010317019657E-32,-8.67361737988403E-17));
#13418=DIRECTION('',(-8.67361737988403E-17,0.,1.));
#13419=DIRECTION('',(8.67361737988403E-17,1.81014623580188E-16,-1.));
#13420=DIRECTION('',(-1.,-3.14010317019657E-32,-8.67361737988403E-17));
#13421=DIRECTION('',(-8.67361737988403E-17,0.,1.));
#13422=DIRECTION('',(1.,-3.14010317019657E-32,-8.67361737988403E-17));
#13423=DIRECTION('',(8.67361737988403E-17,0.,1.));
#13424=DIRECTION('',(-1.,3.14010317019657E-32,8.67361737988403E-17));
#13425=DIRECTION('',(8.67361737988403E-17,0.,1.));
#13426=DIRECTION('',(-1.,3.14010317019657E-32,8.67361737988403E-17));
#13427=DIRECTION('',(8.67361737988403E-17,0.,1.));
#13428=DIRECTION('',(1.,-3.14010317019657E-32,-8.67361737988403E-17));
#13429=DIRECTION('',(8.67361737988403E-17,0.,1.));
#13430=DIRECTION('',(-1.,3.14010317019657E-32,8.67361737988403E-17));
#13431=DIRECTION('',(8.67361737988403E-17,0.,1.));
#13432=DIRECTION('',(1.,-3.14010317019657E-32,-8.67361737988403E-17));
#13433=DIRECTION('',(8.67361737988403E-17,0.,1.));
#13434=DIRECTION('',(1.,-3.14010317019657E-32,-8.67361737988403E-17));
#13435=DIRECTION('',(8.67361737988403E-17,0.,1.));
#13436=DIRECTION('',(-1.,3.14010317019657E-32,8.67361737988403E-17));
#13437=DIRECTION('',(8.67361737988403E-17,0.,1.));
#13438=DIRECTION('',(1.,-3.14010317019657E-32,-8.67361737988403E-17));
#13439=DIRECTION('',(8.67361737988403E-17,0.,1.));
#13440=DIRECTION('',(1.,-3.14010317019657E-32,-8.67361737988403E-17));
#13441=DIRECTION('',(8.67361737988403E-17,0.,1.));
#13442=DIRECTION('',(-1.,3.14010317019657E-32,8.67361737988403E-17));
#13443=DIRECTION('',(8.67361737988403E-17,0.,1.));
#13444=DIRECTION('',(-1.,3.14010317019657E-32,8.67361737988403E-17));
#13445=DIRECTION('',(8.67361737988403E-17,0.,1.));
#13446=DIRECTION('',(9.10174831941055E-34,1.,-1.81014623580188E-16));
#13447=DIRECTION('',(0.,-1.81014623580188E-16,-1.));
#13448=DIRECTION('',(-9.10174831941054E-34,-1.,1.81014623580188E-16));
#13449=DIRECTION('',(0.,-1.81014623580188E-16,-1.));
#13450=DIRECTION('',(9.10174831941055E-34,1.,-1.81014623580188E-16));
#13451=DIRECTION('',(0.,-1.81014623580188E-16,-1.));
#13452=DIRECTION('',(-9.10174831941054E-34,-1.,1.81014623580188E-16));
#13453=DIRECTION('',(0.,-1.81014623580188E-16,-1.));
#13454=DIRECTION('',(0.,1.,0.));
#13455=DIRECTION('',(0.,0.,1.));
#13456=DIRECTION('',(0.,1.,0.));
#13457=DIRECTION('',(5.55111512312578E-15,0.,1.));
#13458=DIRECTION('',(-1.57005158509829E-32,1.,1.81014623580188E-16));
#13459=DIRECTION('',(0.,1.,0.));
#13460=DIRECTION('',(1.11022302462516E-14,0.,1.));
#13461=DIRECTION('',(0.,-1.,0.));
#13462=DIRECTION('',(0.,0.,-1.));
#13463=DIRECTION('',(0.,-1.,0.));
#13464=DIRECTION('',(0.,0.,1.));
#13465=DIRECTION('',(0.,-1.,0.));
#13466=DIRECTION('',(-8.32667268468867E-15,0.,1.));
#13467=DIRECTION('',(-1.,0.,0.));
#13468=DIRECTION('',(0.,0.,1.));
#13469=DIRECTION('',(0.,1.7347234759768E-16,1.));
#13470=DIRECTION('',(-8.32667268468867E-15,1.,-1.7347234759768E-16));
#13471=DIRECTION('',(-1.,0.,0.));
#13472=DIRECTION('',(0.,0.,1.));
#13473=DIRECTION('',(-1.,0.,0.));
#13474=DIRECTION('',(0.,0.,1.));
#13475=DIRECTION('',(-1.,2.09340211346439E-32,1.20676415720126E-16));
#13476=DIRECTION('',(-1.,0.,0.));
#13477=DIRECTION('',(0.,2.7755575615629E-15,1.));
#13478=DIRECTION('',(-1.,0.,0.));
#13479=DIRECTION('',(0.,0.,-1.));
#13480=DIRECTION('',(0.,-1.7347234759768E-16,-1.));
#13481=DIRECTION('',(5.55111512312578E-15,1.,-1.7347234759768E-16));
#13482=DIRECTION('',(1.,0.,0.));
#13483=DIRECTION('',(0.,0.,1.));
#13484=DIRECTION('',(0.,-1.7347234759768E-16,1.));
#13485=DIRECTION('',(1.11022302462516E-14,-1.,-1.7347234759768E-16));
#13486=DIRECTION('',(1.,0.,0.));
#13487=DIRECTION('',(0.,0.,1.));
#13488=DIRECTION('',(1.,0.,0.));
#13489=DIRECTION('',(0.,0.,-1.));
#13490=DIRECTION('',(1.,0.,0.));
#13491=DIRECTION('',(0.,-5.55111512312579E-15,1.));
#13492=DIRECTION('',(1.,0.,0.));
#13493=DIRECTION('',(0.,0.,-1.));
#13494=DIRECTION('',(0.,1.7347234759768E-16,-1.));
#13495=DIRECTION('',(0.,-1.,-1.7347234759768E-16));
#13496=DIRECTION('',(-1.,0.,-8.67361737988403E-17));
#13497=DIRECTION('',(-8.67361737988403E-17,0.,1.));
#13498=DIRECTION('',(1.,0.,8.67361737988403E-17));
#13499=DIRECTION('',(8.67361737988403E-17,0.,-1.));
#13500=DIRECTION('',(1.,0.,8.67361737988403E-17));
#13501=DIRECTION('',(8.67361737988403E-17,0.,-1.));
#13502=DIRECTION('',(-1.57005158509829E-32,1.,1.81014623580188E-16));
#13503=DIRECTION('',(-8.67361737988403E-17,-1.81014623580188E-16,1.));
#13504=DIRECTION('',(-1.57005158509829E-32,1.,1.81014623580188E-16));
#13505=DIRECTION('',(-8.67361737988403E-17,-1.81014623580188E-16,1.));
#13506=DIRECTION('',(-8.67361737988403E-17,-1.81014623580188E-16,1.));
#13507=DIRECTION('',(0.,-1.,-1.81014623580188E-16));
#13508=DIRECTION('',(0.,-1.7347234759768E-16,1.));
#13509=DIRECTION('',(3.70074341541719E-15,-1.,-1.7347234759768E-16));
#13510=DIRECTION('',(0.,-1.7347234759768E-16,1.));
#13511=DIRECTION('',(3.70074341541719E-15,-1.,-1.7347234759768E-16));
#13512=DIRECTION('',(-8.67361737988403E-17,-1.81014623580188E-16,1.));
#13513=DIRECTION('',(0.,-1.,-1.81014623580188E-16));
#13514=DIRECTION('',(0.,1.7347234759768E-16,-1.));
#13515=DIRECTION('',(0.,-1.,-1.7347234759768E-16));
#13516=DIRECTION('',(0.,1.7347234759768E-16,-1.));
#13517=DIRECTION('',(0.,-1.,-1.7347234759768E-16));
#13518=DIRECTION('',(-8.67361737988403E-17,-1.81014623580188E-16,1.));
#13519=DIRECTION('',(0.,-1.,-1.81014623580188E-16));
#13520=DIRECTION('',(0.,1.7347234759768E-16,1.));
#13521=DIRECTION('',(-2.77555756156289E-15,1.,-1.7347234759768E-16));
#13522=DIRECTION('',(0.,1.7347234759768E-16,1.));
#13523=DIRECTION('',(-2.77555756156289E-15,1.,-1.7347234759768E-16));
#13524=DIRECTION('',(-8.67361737988403E-17,-1.81014623580188E-16,1.));
#13525=DIRECTION('',(0.,-1.,-1.81014623580188E-16));
#13526=DIRECTION('',(-8.67361737988403E-17,-1.81014623580188E-16,1.));
#13527=DIRECTION('',(0.,-1.7347234759768E-16,1.));
#13528=DIRECTION('',(1.11022302462516E-14,-1.,-1.7347234759768E-16));
#13529=DIRECTION('',(1.,0.,8.67361737988403E-17));
#13530=DIRECTION('',(8.67361737988403E-17,0.,-1.));
#13531=DIRECTION('',(1.,0.,8.67361737988403E-17));
#13532=DIRECTION('',(8.67361737988403E-17,0.,-1.));
#13533=DIRECTION('',(1.,0.,8.67361737988403E-17));
#13534=DIRECTION('',(8.67361737988403E-17,0.,-1.));
#13535=DIRECTION('',(-8.67361737988403E-17,-1.81014623580188E-16,1.));
#13536=DIRECTION('',(-1.57005158509829E-32,1.,1.81014623580188E-16));
#13537=DIRECTION('',(-8.67361737988403E-17,-1.81014623580188E-16,1.));
#13538=DIRECTION('',(0.,-1.,-1.81014623580188E-16));
#13539=DIRECTION('',(-8.67361737988403E-17,-1.81014623580188E-16,1.));
#13540=DIRECTION('',(0.,-1.7347234759768E-16,-1.));
#13541=DIRECTION('',(5.55111512312578E-15,1.,-1.7347234759768E-16));
#13542=DIRECTION('',(4.27782171012287E-32,1.,1.81014623580188E-16));
#13543=DIRECTION('',(0.,-1.81014623580188E-16,1.));
#13544=DIRECTION('',(4.27782171012287E-32,1.,1.81014623580188E-16));
#13545=DIRECTION('',(0.,-1.81014623580188E-16,1.));
#13546=DIRECTION('',(-1.,8.04957354103398E-32,-2.08367244386762E-16));
#13547=DIRECTION('',(4.27782171012287E-32,1.,1.81014623580188E-16));
#13548=DIRECTION('',(0.,-1.81014623580188E-16,1.));
#13549=DIRECTION('',(4.27782171012287E-32,1.,1.81014623580188E-16));
#13550=DIRECTION('',(0.,-1.81014623580188E-16,1.));
#13551=DIRECTION('',(0.866025403784439,-9.05073117900944E-17,0.5));
#13552=DIRECTION('',(4.27782171012287E-32,1.,1.81014623580188E-16));
#13553=DIRECTION('',(0.,-1.81014623580188E-16,1.));
#13554=DIRECTION('',(0.866025403784439,9.05073117900943E-17,-0.5));
#13555=DIRECTION('',(4.27782171012287E-32,1.,1.81014623580188E-16));
#13556=DIRECTION('',(0.,-1.81014623580188E-16,1.));
#13557=DIRECTION('',(4.27782171012287E-32,1.,1.81014623580188E-16));
#13558=DIRECTION('',(0.,-1.81014623580188E-16,1.));
#13559=DIRECTION('',(-1.,1.55930772028562E-31,-6.25101733160289E-16));
#13560=DIRECTION('',(4.27782171012287E-32,1.,1.81014623580188E-16));
#13561=DIRECTION('',(0.,-1.81014623580188E-16,1.));
#13562=DIRECTION('',(4.27782171012287E-32,1.,1.81014623580188E-16));
#13563=DIRECTION('',(0.,-1.81014623580188E-16,1.));
#13564=DIRECTION('',(0.866025403784439,-9.05073117900944E-17,0.5));
#13565=DIRECTION('',(4.27782171012287E-32,1.,1.81014623580188E-16));
#13566=DIRECTION('',(0.,-1.81014623580188E-16,1.));
#13567=DIRECTION('',(0.866025403784439,9.05073117900942E-17,-0.5));
#13568=DIRECTION('',(4.27782171012287E-32,1.,1.81014623580188E-16));
#13569=DIRECTION('',(0.,-1.81014623580188E-16,1.));
#13570=DIRECTION('',(0.866025403784439,-9.05073117900944E-17,0.5));
#13571=DIRECTION('',(4.27782171012287E-32,1.,1.81014623580188E-16));
#13572=DIRECTION('',(0.,-1.81014623580188E-16,1.));
#13573=DIRECTION('',(-8.67361737988403E-17,-1.81014623580188E-16,1.));
#13574=DIRECTION('',(4.27782171012287E-32,1.,1.81014623580188E-16));
#13575=DIRECTION('',(0.,-1.81014623580188E-16,1.));
#13576=DIRECTION('',(0.866025403784439,9.05073117900943E-17,-0.5));
#13577=DIRECTION('',(4.27782171012287E-32,1.,1.81014623580188E-16));
#13578=DIRECTION('',(0.,-1.81014623580188E-16,1.));
#13579=DIRECTION('',(-7.74348286601051E-48,-1.81014623580188E-16,1.));
#13580=DIRECTION('',(4.27782171012287E-32,1.,1.81014623580188E-16));
#13581=DIRECTION('',(0.,-1.81014623580188E-16,1.));
#13582=DIRECTION('',(4.27782171012287E-32,1.,1.81014623580188E-16));
#13583=DIRECTION('',(0.,-1.81014623580188E-16,1.));
#13584=DIRECTION('',(4.27782171012287E-32,1.,1.81014623580188E-16));
#13585=DIRECTION('',(0.,-1.81014623580188E-16,1.));
#13586=DIRECTION('',(4.27782171012287E-32,1.,1.81014623580188E-16));
#13587=DIRECTION('',(0.,-1.81014623580188E-16,1.));
#13588=DIRECTION('',(0.866025403784439,-9.05073117900944E-17,0.5));
#13589=DIRECTION('',(4.27782171012287E-32,1.,1.81014623580188E-16));
#13590=DIRECTION('',(0.,-1.81014623580188E-16,1.));
#13591=DIRECTION('',(0.866025403784439,9.05073117900942E-17,-0.5));
#13592=DIRECTION('',(4.27782171012287E-32,1.,1.81014623580188E-16));
#13593=DIRECTION('',(0.,-1.81014623580188E-16,1.));
#13594=DIRECTION('',(-5.55111512312578E-16,-1.81014623580188E-16,1.));
#13595=DIRECTION('',(4.27782171012287E-32,1.,1.81014623580188E-16));
#13596=DIRECTION('',(0.,-1.81014623580188E-16,1.));
#13597=DIRECTION('',(0.866025403784439,-9.05073117900944E-17,0.5));
#13598=DIRECTION('',(4.27782171012287E-32,1.,1.81014623580188E-16));
#13599=DIRECTION('',(0.,-1.81014623580188E-16,1.));
#13600=DIRECTION('',(0.866025403784439,9.05073117900942E-17,-0.5));
#13601=DIRECTION('',(4.27782171012287E-32,1.,1.81014623580188E-16));
#13602=DIRECTION('',(0.,-1.81014623580188E-16,1.));
#13603=DIRECTION('',(4.27782171012287E-32,1.,1.81014623580188E-16));
#13604=DIRECTION('',(0.,-1.81014623580188E-16,1.));
#13605=DIRECTION('',(4.27782171012287E-32,1.,1.81014623580188E-16));
#13606=DIRECTION('',(0.,-1.81014623580188E-16,1.));
#13607=DIRECTION('',(0.866025403784439,9.05073117900942E-17,-0.5));
#13608=DIRECTION('',(4.27782171012287E-32,1.,1.81014623580188E-16));
#13609=DIRECTION('',(0.,-1.81014623580188E-16,1.));
#13610=DIRECTION('',(4.27782171012287E-32,1.,1.81014623580188E-16));
#13611=DIRECTION('',(0.,-1.81014623580188E-16,1.));
#13612=DIRECTION('',(4.27782171012287E-32,1.,1.81014623580188E-16));
#13613=DIRECTION('',(0.,-1.81014623580188E-16,1.));
#13614=DIRECTION('',(4.27782171012287E-32,1.,1.81014623580188E-16));
#13615=DIRECTION('',(0.,-1.81014623580188E-16,1.));
#13616=DIRECTION('',(4.27782171012287E-32,1.,1.81014623580188E-16));
#13617=DIRECTION('',(0.,-1.81014623580188E-16,1.));
#13618=DIRECTION('',(0.866025403784439,-9.05073117900944E-17,0.5));
#13619=DIRECTION('',(4.27782171012287E-32,1.,1.81014623580188E-16));
#13620=DIRECTION('',(0.,-1.81014623580188E-16,1.));
#13621=DIRECTION('',(0.866025403784439,9.05073117900942E-17,-0.5));
#13622=DIRECTION('',(4.27782171012287E-32,1.,1.81014623580188E-16));
#13623=DIRECTION('',(0.,-1.81014623580188E-16,1.));
#13624=DIRECTION('',(-5.55111512312578E-16,-1.81014623580188E-16,1.));
#13625=DIRECTION('',(4.27782171012287E-32,1.,1.81014623580188E-16));
#13626=DIRECTION('',(0.,-1.81014623580188E-16,1.));
#13627=DIRECTION('',(0.866025403784439,-9.05073117900944E-17,0.5));
#13628=DIRECTION('',(-8.67361737988403E-17,-1.81014623580188E-16,1.));
#13629=DIRECTION('',(4.27782171012287E-32,1.,1.81014623580188E-16));
#13630=DIRECTION('',(0.,-1.81014623580188E-16,1.));
#13631=DIRECTION('',(0.866025403784439,9.05073117900943E-17,-0.5));
#13632=DIRECTION('',(4.27782171012287E-32,1.,1.81014623580188E-16));
#13633=DIRECTION('',(0.,-1.81014623580188E-16,1.));
#13634=DIRECTION('',(-7.74348286601051E-48,-1.81014623580188E-16,1.));
#13635=DIRECTION('',(4.27782171012287E-32,1.,1.81014623580188E-16));
#13636=DIRECTION('',(0.,-1.81014623580188E-16,1.));
#13637=DIRECTION('',(0.866025403784439,-9.05073117900944E-17,0.5));
#13638=DIRECTION('',(4.27782171012287E-32,1.,1.81014623580188E-16));
#13639=DIRECTION('',(0.,-1.81014623580188E-16,1.));
#13640=DIRECTION('',(-8.67361737988403E-17,-1.81014623580188E-16,1.));
#13641=DIRECTION('',(-1.,2.09340211346439E-32,1.20676415720126E-16));
#13642=DIRECTION('',(-8.67361737988403E-17,-1.81014623580188E-16,1.));
#13643=DIRECTION('',(0.,-1.,-1.81014623580188E-16));
#13644=DIRECTION('',(0.,1.7347234759768E-16,1.));
#13645=DIRECTION('',(-8.32667268468867E-15,1.,-1.7347234759768E-16));
#13646=DIRECTION('',(-8.67361737988403E-17,-1.81014623580188E-16,1.));
#13647=DIRECTION('',(0.,-1.,-1.81014623580188E-16));
#13648=DIRECTION('',(0.,1.7347234759768E-16,-1.));
#13649=DIRECTION('',(0.,-1.,-1.7347234759768E-16));
#13650=DIRECTION('',(-8.67361737988403E-17,-1.81014623580188E-16,1.));
#13651=DIRECTION('',(0.,-1.,-1.81014623580188E-16));
#13652=DIRECTION('',(0.,-1.7347234759768E-16,-1.));
#13653=DIRECTION('',(1.8503717077086E-15,1.,-1.7347234759768E-16));
#13654=DIRECTION('',(0.,-1.7347234759768E-16,-1.));
#13655=DIRECTION('',(1.8503717077086E-15,1.,-1.7347234759768E-16));
#13656=DIRECTION('',(-8.67361737988403E-17,-1.81014623580188E-16,1.));
#13657=DIRECTION('',(1.57005158509829E-32,-1.,-1.81014623580188E-16));
#13658=DIRECTION('',(-1.,0.,0.));
#13659=DIRECTION('',(0.,0.,1.));
#13660=DIRECTION('',(0.,1.,0.));
#13661=DIRECTION('',(1.8503717077086E-15,0.,1.));
#13662=DIRECTION('',(-1.,0.,0.));
#13663=DIRECTION('',(0.,9.25185853854297E-16,1.));
#13664=DIRECTION('',(-1.,0.,0.));
#13665=DIRECTION('',(0.,0.,1.));
#13666=DIRECTION('',(-1.,0.,0.));
#13667=DIRECTION('',(0.,0.,1.));
#13668=DIRECTION('',(-1.,0.,0.));
#13669=DIRECTION('',(0.,0.,-1.));
#13670=DIRECTION('',(0.,-1.,0.));
#13671=DIRECTION('',(-2.77555756156289E-15,0.,1.));
#13672=DIRECTION('',(0.,-1.,0.));
#13673=DIRECTION('',(0.,0.,-1.));
#13674=DIRECTION('',(0.,-1.,0.));
#13675=DIRECTION('',(0.,0.,1.));
#13676=DIRECTION('',(1.,0.,0.));
#13677=DIRECTION('',(0.,0.,1.));
#13678=DIRECTION('',(1.,0.,0.));
#13679=DIRECTION('',(0.,-1.8503717077086E-15,1.));
#13680=DIRECTION('',(1.,0.,0.));
#13681=DIRECTION('',(0.,0.,-1.));
#13682=DIRECTION('',(1.,0.,0.));
#13683=DIRECTION('',(0.,0.,1.));
#13684=DIRECTION('',(1.,0.,0.));
#13685=DIRECTION('',(0.,0.,-1.));
#13686=DIRECTION('',(0.,1.,0.));
#13687=DIRECTION('',(3.70074341541719E-15,0.,1.));
#13688=DIRECTION('',(0.,1.,0.));
#13689=DIRECTION('',(0.,0.,1.));
#13690=DIRECTION('',(1.,0.,8.67361737988403E-17));
#13691=DIRECTION('',(8.67361737988403E-17,0.,-1.));
#13692=DIRECTION('',(1.,0.,8.67361737988403E-17));
#13693=DIRECTION('',(8.67361737988403E-17,0.,-1.));
#13694=DIRECTION('',(1.,0.,8.67361737988403E-17));
#13695=DIRECTION('',(8.67361737988403E-17,0.,-1.));
#13696=DIRECTION('',(1.,0.,8.67361737988403E-17));
#13697=DIRECTION('',(8.67361737988403E-17,0.,-1.));
#13698=DIRECTION('',(9.10174831941055E-34,-1.,-1.81014623580188E-16));
#13699=DIRECTION('',(0.,1.81014623580188E-16,-1.));
#13700=DIRECTION('',(9.10174831941055E-34,-1.,-1.81014623580188E-16));
#13701=DIRECTION('',(0.,1.81014623580188E-16,-1.));
#13702=DIRECTION('',(-1.,0.,0.));
#13703=DIRECTION('',(0.,0.,1.));
#13704=DIRECTION('',(0.,0.,1.));
#13705=DIRECTION('',(0.,0.,1.));
#13706=DIRECTION('',(0.,1.,0.));
#13707=DIRECTION('',(0.,0.,1.));
#13708=DIRECTION('',(0.,0.,1.));
#13709=DIRECTION('',(0.,0.,1.));
#13710=DIRECTION('',(0.,1.,0.));
#13711=DIRECTION('',(0.,0.,1.));
#13712=DIRECTION('',(0.,0.,1.));
#13713=DIRECTION('',(0.,0.,1.));
#13714=DIRECTION('',(-1.,0.,0.));
#13715=DIRECTION('',(0.,0.,1.));
#13716=DIRECTION('',(0.,0.,1.));
#13717=DIRECTION('',(0.,0.,1.));
#13718=DIRECTION('',(0.,-1.,0.));
#13719=DIRECTION('',(0.,0.,-1.));
#13720=DIRECTION('',(0.,0.,1.));
#13721=DIRECTION('',(0.,0.,1.));
#13722=DIRECTION('',(-1.,0.,0.));
#13723=DIRECTION('',(0.,0.,1.));
#13724=DIRECTION('',(0.,0.,1.));
#13725=DIRECTION('',(0.,0.,1.));
#13726=DIRECTION('',(0.,1.,0.));
#13727=DIRECTION('',(0.,0.,1.));
#13728=DIRECTION('',(0.,0.,1.));
#13729=DIRECTION('',(0.,0.,1.));
#13730=DIRECTION('',(-1.,0.,0.));
#13731=DIRECTION('',(0.,0.,1.));
#13732=DIRECTION('',(0.,0.,1.));
#13733=DIRECTION('',(0.,0.,1.));
#13734=DIRECTION('',(0.,1.,0.));
#13735=DIRECTION('',(0.,0.,1.));
#13736=DIRECTION('',(0.,0.,1.));
#13737=DIRECTION('',(0.,0.,1.));
#13738=DIRECTION('',(-1.,0.,0.));
#13739=DIRECTION('',(0.,0.,1.));
#13740=DIRECTION('',(0.,0.,1.));
#13741=DIRECTION('',(0.,0.,1.));
#13742=DIRECTION('',(0.,-1.,0.));
#13743=DIRECTION('',(0.,0.,-1.));
#13744=DIRECTION('',(0.,0.,1.));
#13745=DIRECTION('',(0.,0.,1.));
#13746=DIRECTION('',(-1.,0.,0.));
#13747=DIRECTION('',(0.,0.,1.));
#13748=DIRECTION('',(0.,0.,1.));
#13749=DIRECTION('',(0.,0.,1.));
#13750=DIRECTION('',(0.,0.,-1.));
#13751=DIRECTION('',(-1.,0.,0.));
#13752=DIRECTION('',(0.,0.,1.));
#13753=DIRECTION('',(1.,0.,0.));
#13754=DIRECTION('',(0.,0.,-1.));
#13755=DIRECTION('',(-1.,0.,0.));
#13756=DIRECTION('',(0.,0.,1.));
#13757=DIRECTION('',(1.,0.,0.));
#13758=DIRECTION('',(0.,0.,1.));
#13759=DIRECTION('',(1.,0.,0.));
#13760=DIRECTION('',(0.,0.,1.));
#13761=DIRECTION('',(1.,0.,0.));
#13762=DIRECTION('',(0.,0.,-1.));
#13763=DIRECTION('',(-1.,0.,0.));
#13764=DIRECTION('',(0.,0.,-1.));
#13765=DIRECTION('',(-1.,0.,0.));
#13766=DIRECTION('',(0.,0.,1.));
#13767=DIRECTION('',(1.,0.,0.));
#13768=DIRECTION('',(0.,0.,-1.));
#13769=DIRECTION('',(-1.,0.,0.));
#13770=DIRECTION('',(0.,0.,1.));
#13771=DIRECTION('',(1.,0.,0.));
#13772=DIRECTION('',(0.,0.,-1.));
#13773=DIRECTION('',(-1.,0.,0.));
#13774=DIRECTION('',(-1.,-3.14010317019657E-32,-8.67361737988403E-17));
#13775=DIRECTION('',(-8.67361737988403E-17,0.,1.));
#13776=DIRECTION('',(-1.,-3.14010317019657E-32,-8.67361737988403E-17));
#13777=DIRECTION('',(-8.67361737988403E-17,0.,1.));
#13778=DIRECTION('',(-1.,-3.14010317019657E-32,-8.67361737988403E-17));
#13779=DIRECTION('',(-8.67361737988403E-17,0.,1.));
#13780=DIRECTION('',(-1.,-3.14010317019657E-32,-8.67361737988403E-17));
#13781=DIRECTION('',(-8.67361737988403E-17,0.,1.));
#13782=DIRECTION('',(-7.51157299368579E-17,0.5,0.866025403784439));
#13783=DIRECTION('',(0.,-0.866025403784439,0.5));
#13784=DIRECTION('',(1.,3.16405613074397E-32,8.67361737988403E-17));
#13785=DIRECTION('',(1.,3.08148791101958E-32,8.67361737988403E-17));
#13786=DIRECTION('',(-7.51157299368579E-17,-0.5,0.866025403784438));
#13787=DIRECTION('',(0.,-0.866025403784439,-0.5));
#13788=DIRECTION('',(1.,3.6977854932235E-32,8.67361737988403E-17));
#13789=DIRECTION('',(-1.,-3.08148791101957E-32,-8.67361737988403E-17));
#13790=DIRECTION('',(9.15863424640669E-32,-1.,-6.93889390390723E-16));
#13791=DIRECTION('',(0.,6.93889390390723E-16,-1.));
#13792=DIRECTION('',(1.,3.14010317019657E-32,8.67361737988403E-17));
#13793=DIRECTION('',(1.,3.14010317019657E-32,8.67361737988403E-17));
#13794=DIRECTION('',(-1.,-3.14010317019657E-32,-8.67361737988403E-17));
#13795=DIRECTION('',(-8.67361737988403E-17,0.,1.));
#13796=DIRECTION('',(-1.,-3.14010317019657E-32,-8.67361737988403E-17));
#13797=DIRECTION('',(-1.,-3.14010317019657E-32,-8.67361737988403E-17));
#13798=DIRECTION('',(-1.,-3.14010317019657E-32,-8.67361737988403E-17));
#13799=DIRECTION('',(-8.67361737988403E-17,0.,1.));
#13800=DIRECTION('',(-1.,-3.14010317019657E-32,-8.67361737988403E-17));
#13801=DIRECTION('',(-1.,-3.14010317019657E-32,-8.67361737988403E-17));
#13802=DIRECTION('',(-1.,-3.14010317019657E-32,-8.67361737988403E-17));
#13803=DIRECTION('',(-8.67361737988403E-17,0.,1.));
#13804=DIRECTION('',(-1.,-3.14010317019657E-32,-8.67361737988403E-17));
#13805=DIRECTION('',(-8.67361737988403E-17,0.,1.));
#13806=DIRECTION('',(-1.,-3.14010317019657E-32,-8.67361737988403E-17));
#13807=DIRECTION('',(-8.67361737988403E-17,0.,1.));
#13808=DIRECTION('',(-1.,-3.85174232016927E-32,-8.67361737988403E-17));
#13809=DIRECTION('',(-8.67361737988403E-17,0.,1.));
#13810=DIRECTION('',(1.,3.14010317019658E-32,8.67361737988403E-17));
#13811=DIRECTION('',(8.67361737988403E-17,0.,-1.));
#13812=DIRECTION('',(-7.51157299368579E-17,0.5,0.866025403784439));
#13813=DIRECTION('',(0.,-0.866025403784439,0.5));
#13814=DIRECTION('',(1.,3.61521727349909E-32,8.67361737988403E-17));
#13815=DIRECTION('',(1.,2.99891969129518E-32,8.67361737988403E-17));
#13816=DIRECTION('',(1.11648112718101E-31,-1.,-9.25185853854297E-16));
#13817=DIRECTION('',(0.,9.25185853854297E-16,-1.));
#13818=DIRECTION('',(1.,3.14010317019657E-32,8.67361737988403E-17));
#13819=DIRECTION('',(1.,3.14010317019657E-32,8.67361737988403E-17));
#13820=DIRECTION('',(-7.51157299368579E-17,-0.5,0.866025403784438));
#13821=DIRECTION('',(0.,-0.866025403784439,-0.5));
#13822=DIRECTION('',(1.,3.08148791101958E-32,8.67361737988403E-17));
#13823=DIRECTION('',(1.,3.08148791101958E-32,8.67361737988403E-17));
#13824=DIRECTION('',(-1.,-3.14010317019657E-32,-8.67361737988403E-17));
#13825=DIRECTION('',(-8.67361737988403E-17,0.,1.));
#13826=DIRECTION('',(-1.,-3.14010317019657E-32,-8.67361737988403E-17));
#13827=DIRECTION('',(-1.,-3.14010317019657E-32,-8.67361737988403E-17));
#13828=DIRECTION('',(-1.,-3.14010317019657E-32,-8.67361737988403E-17));
#13829=DIRECTION('',(-8.67361737988403E-17,0.,1.));
#13830=DIRECTION('',(-1.,-3.14010317019657E-32,-8.67361737988403E-17));
#13831=DIRECTION('',(-1.,-3.14010317019657E-32,-8.67361737988403E-17));
#13832=DIRECTION('',(4.71015475529487E-32,-1.,-1.81014623580188E-16));
#13833=DIRECTION('',(0.,1.81014623580188E-16,-1.));
#13834=DIRECTION('',(1.,3.14010317019657E-32,8.67361737988403E-17));
#13835=DIRECTION('',(-1.,-3.14010317019657E-32,-8.67361737988403E-17));
#13836=DIRECTION('',(-1.,-3.14010317019657E-32,-8.67361737988403E-17));
#13837=DIRECTION('',(-8.67361737988403E-17,0.,1.));
#13838=DIRECTION('',(-1.,-3.14010317019657E-32,-8.67361737988403E-17));
#13839=DIRECTION('',(-8.67361737988403E-17,0.,1.));
#13840=DIRECTION('',(-1.,-3.14010317019657E-32,-8.67361737988403E-17));
#13841=DIRECTION('',(-8.67361737988403E-17,0.,1.));
#13842=DIRECTION('',(-1.,-3.14010317019657E-32,-8.67361737988403E-17));
#13843=DIRECTION('',(-8.67361737988403E-17,0.,1.));
#13844=DIRECTION('',(-1.,-3.85174232016927E-32,-8.67361737988403E-17));
#13845=DIRECTION('',(-8.67361737988403E-17,0.,1.));
#13846=DIRECTION('',(1.,3.14010317019658E-32,8.67361737988403E-17));
#13847=DIRECTION('',(8.67361737988403E-17,0.,-1.));
#13848=DIRECTION('',(-7.51157299368579E-17,0.5,0.866025403784439));
#13849=DIRECTION('',(0.,-0.866025403784439,0.5));
#13850=DIRECTION('',(1.,3.61521727349909E-32,8.67361737988403E-17));
#13851=DIRECTION('',(-1.,-1.76632452688735E-32,-8.67361737988403E-17));
#13852=DIRECTION('',(9.15863424640669E-32,-1.,-6.93889390390723E-16));
#13853=DIRECTION('',(0.,6.93889390390723E-16,-1.));
#13854=DIRECTION('',(1.,3.14010317019657E-32,8.67361737988403E-17));
#13855=DIRECTION('',(-1.,-3.14010317019657E-32,-8.67361737988403E-17));
#13856=DIRECTION('',(1.11648112718101E-31,-1.,-9.25185853854297E-16));
#13857=DIRECTION('',(0.,9.25185853854297E-16,-1.));
#13858=DIRECTION('',(1.,3.14010317019657E-32,8.67361737988403E-17));
#13859=DIRECTION('',(1.,3.14010317019657E-32,8.67361737988403E-17));
#13860=DIRECTION('',(-7.51157299368579E-17,-0.5,0.866025403784438));
#13861=DIRECTION('',(0.,-0.866025403784439,-0.5));
#13862=DIRECTION('',(1.,3.08148791101957E-32,8.67361737988403E-17));
#13863=DIRECTION('',(1.,2.99891969129518E-32,8.67361737988403E-17));
#13864=DIRECTION('',(-1.,-3.14010317019657E-32,-8.67361737988403E-17));
#13865=DIRECTION('',(-8.67361737988403E-17,0.,1.));
#13866=DIRECTION('',(-1.,-3.14010317019657E-32,-8.67361737988403E-17));
#13867=DIRECTION('',(-1.,-3.14010317019657E-32,-8.67361737988403E-17));
#13868=DIRECTION('',(-8.67361737988403E-17,1.81014623580188E-16,1.));
#13869=DIRECTION('',(0.,-1.,1.81014623580188E-16));
#13870=DIRECTION('',(1.,2.46519032881566E-32,8.67361737988403E-17));
#13871=DIRECTION('',(-1.,-3.14010317019657E-32,-8.67361737988403E-17));
#13872=DIRECTION('',(-8.67361737988403E-17,1.81014623580188E-16,1.));
#13873=DIRECTION('',(0.,-1.,1.81014623580188E-16));
#13874=DIRECTION('',(-1.,-1.84889274661175E-32,-8.67361737988403E-17));
#13875=DIRECTION('',(-1.,-3.14010317019657E-32,-8.67361737988403E-17));
#13876=DIRECTION('',(-1.,-3.14010317019657E-32,-8.67361737988403E-17));
#13877=DIRECTION('',(-8.67361737988403E-17,0.,1.));
#13878=DIRECTION('',(-1.,-3.14010317019657E-32,-8.67361737988403E-17));
#13879=DIRECTION('',(-1.,-3.14010317019657E-32,-8.67361737988403E-17));
#13880=DIRECTION('',(-1.,-3.14010317019657E-32,-8.67361737988403E-17));
#13881=DIRECTION('',(-8.67361737988403E-17,0.,1.));
#13882=DIRECTION('',(-1.,-3.14010317019657E-32,-8.67361737988403E-17));
#13883=DIRECTION('',(-8.67361737988403E-17,0.,1.));
#13884=DIRECTION('',(1.,2.46519032881566E-32,8.67361737988403E-17));
#13885=DIRECTION('',(8.67361737988403E-17,0.,-1.));
#13886=DIRECTION('',(-1.,-3.14010317019657E-32,-8.67361737988403E-17));
#13887=DIRECTION('',(-8.67361737988403E-17,0.,1.));
#13888=DIRECTION('',(-1.,-3.14010317019657E-32,-8.67361737988403E-17));
#13889=DIRECTION('',(-8.67361737988403E-17,0.,1.));
#13890=DIRECTION('',(-1.,-1.84889274661175E-32,-8.67361737988403E-17));
#13891=DIRECTION('',(-8.67361737988403E-17,0.,1.));
#13892=DIRECTION('',(1.,3.14010317019658E-32,8.67361737988403E-17));
#13893=DIRECTION('',(8.67361737988403E-17,0.,-1.));
#13894=DIRECTION('',(-1.,-3.85174232016927E-32,-8.67361737988403E-17));
#13895=DIRECTION('',(-8.67361737988403E-17,0.,1.));
#13896=DIRECTION('',(-7.51157299368579E-17,0.5,0.866025403784439));
#13897=DIRECTION('',(0.,-0.866025403784439,0.5));
#13898=DIRECTION('',(1.,3.61521727349909E-32,8.67361737988403E-17));
#13899=DIRECTION('',(-1.,-1.76632452688735E-32,-8.67361737988403E-17));
#13900=DIRECTION('',(-7.51157299368579E-17,-0.5,0.866025403784438));
#13901=DIRECTION('',(0.,-0.866025403784439,-0.5));
#13902=DIRECTION('',(1.,3.08148791101957E-32,8.67361737988403E-17));
#13903=DIRECTION('',(1.,2.99891969129518E-32,8.67361737988403E-17));
#13904=DIRECTION('',(9.15863424640669E-32,-1.,-6.93889390390723E-16));
#13905=DIRECTION('',(0.,6.93889390390723E-16,-1.));
#13906=DIRECTION('',(1.,3.14010317019657E-32,8.67361737988403E-17));
#13907=DIRECTION('',(1.,3.14010317019657E-32,8.67361737988403E-17));
#13908=DIRECTION('',(-7.51157299368579E-17,-0.5,0.866025403784438));
#13909=DIRECTION('',(0.,-0.866025403784439,-0.5));
#13910=DIRECTION('',(1.,3.6977854932235E-32,8.67361737988403E-17));
#13911=DIRECTION('',(1.,2.99891969129518E-32,8.67361737988403E-17));
#13912=DIRECTION('',(-7.51157299368579E-17,0.5,0.866025403784438));
#13913=DIRECTION('',(0.,-0.866025403784439,0.5));
#13914=DIRECTION('',(1.,3.61521727349909E-32,8.67361737988403E-17));
#13915=DIRECTION('',(-1.,-1.15002694468343E-32,-8.67361737988403E-17));
#13916=DIRECTION('',(1.11648112718101E-31,-1.,-9.25185853854297E-16));
#13917=DIRECTION('',(0.,9.25185853854297E-16,-1.));
#13918=DIRECTION('',(1.,3.14010317019657E-32,8.67361737988403E-17));
#13919=DIRECTION('',(1.,3.14010317019658E-32,8.67361737988403E-17));
#13920=DIRECTION('',(-8.67361737988403E-17,1.81014623580188E-16,1.));
#13921=DIRECTION('',(0.,-1.,1.81014623580188E-16));
#13922=DIRECTION('',(1.,2.46519032881566E-32,8.67361737988403E-17));
#13923=DIRECTION('',(-1.,-1.84889274661175E-32,-8.67361737988403E-17));
#13924=DIRECTION('',(-8.67361737988403E-17,1.81014623580188E-16,1.));
#13925=DIRECTION('',(0.,-1.,1.81014623580188E-16));
#13926=DIRECTION('',(-1.,-2.46519032881566E-32,-8.67361737988403E-17));
#13927=DIRECTION('',(1.,2.46519032881566E-32,8.67361737988403E-17));
#13928=DIRECTION('',(1.,2.46519032881566E-32,8.67361737988403E-17));
#13929=DIRECTION('',(8.67361737988403E-17,0.,-1.));
#13930=DIRECTION('',(-1.,-2.46519032881566E-32,-8.67361737988403E-17));
#13931=DIRECTION('',(-8.67361737988403E-17,0.,1.));
#13932=DIRECTION('',(-1.,-1.84889274661175E-32,-8.67361737988403E-17));
#13933=DIRECTION('',(-8.67361737988403E-17,0.,1.));
#13934=DIRECTION('',(1.,2.46519032881566E-32,8.67361737988403E-17));
#13935=DIRECTION('',(8.67361737988403E-17,0.,-1.));
#13936=DIRECTION('',(1.,3.14010317019658E-32,8.67361737988403E-17));
#13937=DIRECTION('',(8.67361737988403E-17,0.,-1.));
#13938=DIRECTION('',(-1.,-3.14010317019658E-32,-8.67361737988403E-17));
#13939=DIRECTION('',(-8.67361737988403E-17,0.,1.));
#13940=DIRECTION('',(-1.,-3.85174232016927E-32,-8.67361737988403E-17));
#13941=DIRECTION('',(-8.67361737988403E-17,0.,1.));
#13942=DIRECTION('',(1.,3.14010317019658E-32,8.67361737988403E-17));
#13943=DIRECTION('',(8.67361737988403E-17,0.,-1.));
#13944=DIRECTION('',(-7.51157299368579E-17,0.5,0.866025403784439));
#13945=DIRECTION('',(0.,-0.866025403784439,0.5));
#13946=DIRECTION('',(-1.,-2.99891969129518E-32,-8.67361737988403E-17));
#13947=DIRECTION('',(-1.,-2.99891969129518E-32,-8.67361737988403E-17));
#13948=DIRECTION('',(9.15863424640669E-32,-1.,-6.93889390390723E-16));
#13949=DIRECTION('',(0.,6.93889390390723E-16,-1.));
#13950=DIRECTION('',(-1.,-3.14010317019657E-32,-8.67361737988403E-17));
#13951=DIRECTION('',(1.,3.14010317019657E-32,8.67361737988403E-17));
#13952=DIRECTION('',(-7.51157299368579E-17,-0.5,0.866025403784438));
#13953=DIRECTION('',(0.,-0.866025403784439,-0.5));
#13954=DIRECTION('',(-1.,-3.08148791101957E-32,-8.67361737988403E-17));
#13955=DIRECTION('',(1.,3.08148791101957E-32,8.67361737988403E-17));
#13956=DIRECTION('',(-1.,-3.14010317019657E-32,-8.67361737988403E-17));
#13957=DIRECTION('',(-8.67361737988403E-17,0.,1.));
#13958=DIRECTION('',(-1.,-3.14010317019657E-32,-8.67361737988403E-17));
#13959=DIRECTION('',(-1.,-3.14010317019657E-32,-8.67361737988403E-17));
#13960=DIRECTION('',(-1.,-3.14010317019657E-32,-8.67361737988403E-17));
#13961=DIRECTION('',(-8.67361737988403E-17,0.,1.));
#13962=DIRECTION('',(-1.,-3.14010317019657E-32,-8.67361737988403E-17));
#13963=DIRECTION('',(-1.,-3.14010317019657E-32,-8.67361737988403E-17));
#13964=DIRECTION('',(-1.,-3.14010317019657E-32,-8.67361737988403E-17));
#13965=DIRECTION('',(-8.67361737988403E-17,0.,1.));
#13966=DIRECTION('',(-1.,-3.14010317019657E-32,-8.67361737988403E-17));
#13967=DIRECTION('',(-1.,-3.14010317019657E-32,-8.67361737988403E-17));
#13968=DIRECTION('',(-1.,-3.14010317019657E-32,-8.67361737988403E-17));
#13969=DIRECTION('',(-8.67361737988403E-17,0.,1.));
#13970=DIRECTION('',(-1.,-3.14010317019657E-32,-8.67361737988403E-17));
#13971=DIRECTION('',(-1.,-3.14010317019657E-32,-8.67361737988403E-17));
#13972=DIRECTION('',(-1.,-3.14010317019657E-32,-8.67361737988403E-17));
#13973=DIRECTION('',(-8.67361737988403E-17,0.,1.));
#13974=DIRECTION('',(-1.,-3.14010317019657E-32,-8.67361737988403E-17));
#13975=DIRECTION('',(-8.67361737988403E-17,0.,1.));
#13976=DIRECTION('',(-1.,-3.14010317019657E-32,-8.67361737988403E-17));
#13977=DIRECTION('',(-8.67361737988403E-17,0.,1.));
#13978=DIRECTION('',(-1.,-3.14010317019657E-32,-8.67361737988403E-17));
#13979=DIRECTION('',(-8.67361737988403E-17,0.,1.));
#13980=DIRECTION('',(-1.,-3.14010317019657E-32,-8.67361737988403E-17));
#13981=DIRECTION('',(-8.67361737988403E-17,0.,1.));
#13982=DIRECTION('',(-1.,-3.14010317019657E-32,-8.67361737988403E-17));
#13983=DIRECTION('',(-8.67361737988403E-17,0.,1.));
#13984=DIRECTION('',(-1.,-3.14010317019657E-32,-8.67361737988403E-17));
#13985=DIRECTION('',(-8.67361737988403E-17,0.,1.));
#13986=DIRECTION('',(-7.51157299368579E-17,0.5,0.866025403784439));
#13987=DIRECTION('',(0.,-0.866025403784439,0.5));
#13988=DIRECTION('',(1.,3.24662435046837E-32,8.67361737988403E-17));
#13989=DIRECTION('',(-1.,-7.81434021652708E-33,-8.67361737988403E-17));
#13990=DIRECTION('',(1.11648112718101E-31,-1.,-9.25185853854297E-16));
#13991=DIRECTION('',(0.,9.25185853854297E-16,-1.));
#13992=DIRECTION('',(1.,3.14010317019658E-32,8.67361737988403E-17));
#13993=DIRECTION('',(1.,3.14010317019657E-32,8.67361737988403E-17));
#13994=DIRECTION('',(-7.51157299368579E-17,-0.5,0.866025403784438));
#13995=DIRECTION('',(0.,-0.866025403784439,-0.5));
#13996=DIRECTION('',(1.,3.08148791101957E-32,8.67361737988403E-17));
#13997=DIRECTION('',(1.,2.99891969129518E-32,8.67361737988403E-17));
#13998=DIRECTION('',(-8.67361737988403E-17,1.81014623580188E-16,1.));
#13999=DIRECTION('',(0.,-1.,1.81014623580188E-16));
#14000=DIRECTION('',(-1.,-2.46519032881567E-32,-8.67361737988403E-17));
#14001=DIRECTION('',(1.,3.14010317019657E-32,8.67361737988403E-17));
#14002=DIRECTION('',(-8.67361737988403E-17,1.81014623580188E-16,1.));
#14003=DIRECTION('',(0.,-1.,1.81014623580188E-16));
#14004=DIRECTION('',(1.,2.46519032881566E-32,8.67361737988403E-17));
#14005=DIRECTION('',(1.,3.14010317019657E-32,8.67361737988403E-17));
#14006=DIRECTION('',(4.71015475529487E-32,-1.,-1.81014623580188E-16));
#14007=DIRECTION('',(0.,1.81014623580188E-16,-1.));
#14008=DIRECTION('',(1.,3.14010317019657E-32,8.67361737988403E-17));
#14009=DIRECTION('',(1.,3.14010317019657E-32,8.67361737988403E-17));
#14010=DIRECTION('',(-1.,-3.14010317019657E-32,-8.67361737988403E-17));
#14011=DIRECTION('',(-8.67361737988403E-17,0.,1.));
#14012=DIRECTION('',(1.,3.14010317019657E-32,8.67361737988403E-17));
#14013=DIRECTION('',(8.67361737988403E-17,0.,-1.));
#14014=DIRECTION('',(1.,2.46519032881566E-32,8.67361737988403E-17));
#14015=DIRECTION('',(8.67361737988403E-17,0.,-1.));
#14016=DIRECTION('',(-1.,-2.46519032881567E-32,-8.67361737988403E-17));
#14017=DIRECTION('',(-8.67361737988403E-17,0.,1.));
#14018=DIRECTION('',(1.,3.14010317019658E-32,8.67361737988403E-17));
#14019=DIRECTION('',(8.67361737988403E-17,0.,-1.));
#14020=DIRECTION('',(-1.,-3.14010317019658E-32,-8.67361737988403E-17));
#14021=DIRECTION('',(-8.67361737988403E-17,0.,1.));
#14022=DIRECTION('',(0.,0.,1.));
#14023=DIRECTION('',(1.,0.,0.));
#14024=DIRECTION('',(0.,0.,1.));
#14025=DIRECTION('',(1.,0.,0.));
#14026=DIRECTION('',(0.,0.,1.));
#14027=DIRECTION('',(1.,0.,0.));
#14028=DIRECTION('',(0.,0.,1.));
#14029=DIRECTION('',(1.,0.,0.));
#14030=DIRECTION('',(0.,0.,1.));
#14031=DIRECTION('',(1.,0.,0.));
#14032=DIRECTION('',(0.,0.,1.));
#14033=DIRECTION('',(1.,0.,0.));
#14034=DIRECTION('',(0.,0.,1.));
#14035=DIRECTION('',(1.,0.,0.));
#14036=DIRECTION('',(0.,0.,1.));
#14037=DIRECTION('',(1.,0.,0.));
#14038=DIRECTION('',(0.,0.,1.));
#14039=DIRECTION('',(1.,0.,0.));
#14040=DIRECTION('',(0.,0.,1.));
#14041=DIRECTION('',(1.,0.,0.));
#14042=DIRECTION('',(0.,0.,1.));
#14043=DIRECTION('',(1.,0.,0.));
#14044=DIRECTION('',(0.,0.,1.));
#14045=DIRECTION('',(1.,0.,0.));
#14046=DIRECTION('',(0.,0.,1.));
#14047=DIRECTION('',(1.,0.,0.));
#14048=DIRECTION('',(0.,0.,1.));
#14049=DIRECTION('',(1.,0.,0.));
#14050=DIRECTION('',(0.,0.,1.));
#14051=DIRECTION('',(1.,0.,0.));
#14052=DIRECTION('',(0.,0.,1.));
#14053=DIRECTION('',(1.,0.,0.));
#14054=DIRECTION('',(0.,0.,1.));
#14055=DIRECTION('',(1.,0.,0.));
#14056=DIRECTION('',(0.,0.,1.));
#14057=DIRECTION('',(1.,0.,0.));
#14058=DIRECTION('',(0.,0.,1.));
#14059=DIRECTION('',(1.,0.,0.));
#14060=DIRECTION('',(0.,0.,1.));
#14061=DIRECTION('',(1.,0.,0.));
#14062=DIRECTION('',(0.,0.,1.));
#14063=DIRECTION('',(-1.,0.,0.));
#14064=DIRECTION('',(0.,0.,1.));
#14065=DIRECTION('',(-1.,0.,0.));
#14066=DIRECTION('',(0.,0.,1.));
#14067=DIRECTION('',(-1.,0.,0.));
#14068=DIRECTION('',(0.,0.,1.));
#14069=DIRECTION('',(-1.,0.,0.));
#14070=DIRECTION('',(0.,0.,1.));
#14071=DIRECTION('',(-1.,0.,0.));
#14072=DIRECTION('',(0.,0.,1.));
#14073=DIRECTION('',(-1.,0.,0.));
#14074=DIRECTION('',(0.,0.,1.));
#14075=DIRECTION('',(-1.,0.,0.));
#14076=DIRECTION('',(0.,0.,1.));
#14077=DIRECTION('',(-1.,0.,0.));
#14078=DIRECTION('',(0.,0.,1.));
#14079=DIRECTION('',(-1.,0.,0.));
#14080=DIRECTION('',(0.,0.,1.));
#14081=DIRECTION('',(-1.,0.,0.));
#14082=DIRECTION('',(0.,0.,1.));
#14083=DIRECTION('',(-1.,0.,0.));
#14084=DIRECTION('',(0.,0.,1.));
#14085=DIRECTION('',(-1.,0.,0.));
#14086=DIRECTION('',(0.,0.,1.));
#14087=DIRECTION('',(-1.,0.,0.));
#14088=DIRECTION('',(0.,0.,1.));
#14089=DIRECTION('',(-1.,0.,0.));
#14090=DIRECTION('',(0.,0.,1.));
#14091=DIRECTION('',(-1.,0.,0.));
#14092=DIRECTION('',(0.,0.,1.));
#14093=DIRECTION('',(-1.,0.,0.));
#14094=DIRECTION('',(0.,0.,1.));
#14095=DIRECTION('',(-1.,0.,0.));
#14096=DIRECTION('',(0.,0.,1.));
#14097=DIRECTION('',(-1.,0.,0.));
#14098=DIRECTION('',(0.,0.,1.));
#14099=DIRECTION('',(-1.,0.,0.));
#14100=DIRECTION('',(0.,0.,1.));
#14101=DIRECTION('',(-1.,0.,0.));
#14102=DIRECTION('',(1.,1.81014623580188E-16,0.));
#14103=DIRECTION('',(-1.81014623580188E-16,1.,0.));
#14104=DIRECTION('',(0.,0.,1.));
#14105=DIRECTION('',(0.,0.,-1.));
#14106=DIRECTION('',(-1.20676415720126E-16,1.,0.));
#14107=DIRECTION('',(-1.,-1.20676415720126E-16,0.));
#14108=DIRECTION('',(0.,0.,-1.));
#14109=DIRECTION('',(0.,0.,-1.));
#14110=DIRECTION('',(-1.,0.,0.));
#14111=DIRECTION('',(0.,0.,1.));
#14112=DIRECTION('',(0.,0.,-1.));
#14113=DIRECTION('',(0.,0.,-1.));
#14114=DIRECTION('',(0.,0.,1.));
#14115=DIRECTION('',(1.,0.,0.));
#14116=DIRECTION('',(0.,0.,1.));
#14117=DIRECTION('',(0.,0.,1.));
#14118=DIRECTION('',(0.5,0.866025403784438,0.));
#14119=DIRECTION('',(-0.866025403784439,0.5,0.));
#14120=DIRECTION('',(0.,0.,-1.));
#14121=DIRECTION('',(0.,0.,-1.));
#14122=DIRECTION('',(-0.5,0.866025403784439,0.));
#14123=DIRECTION('',(-0.866025403784439,-0.5,0.));
#14124=DIRECTION('',(0.,0.,-1.));
#14125=DIRECTION('',(0.,0.,1.));
#14126=DIRECTION('',(0.,0.,1.));
#14127=DIRECTION('',(1.,0.,0.));
#14128=DIRECTION('',(0.,0.,1.));
#14129=DIRECTION('',(1.,0.,0.));
#14130=DIRECTION('',(0.,0.,-1.));
#14131=DIRECTION('',(-1.,0.,0.));
#14132=DIRECTION('',(0.,0.,1.));
#14133=DIRECTION('',(1.,0.,0.));
#14134=DIRECTION('',(0.,0.,-1.));
#14135=DIRECTION('',(-1.,0.,0.));
#14136=DIRECTION('',(0.,0.,-1.));
#14137=DIRECTION('',(-1.,0.,0.));
#14138=DIRECTION('',(0.,0.,1.));
#14139=DIRECTION('',(1.,0.,0.));
#14140=DIRECTION('',(0.,0.,1.));
#14141=DIRECTION('',(0.,0.,1.));
#14142=DIRECTION('',(1.,1.81014623580188E-16,0.));
#14143=DIRECTION('',(-1.81014623580188E-16,1.,0.));
#14144=DIRECTION('',(0.,0.,1.));
#14145=DIRECTION('',(0.,0.,1.));
#14146=DIRECTION('',(0.5,0.866025403784438,0.));
#14147=DIRECTION('',(-0.866025403784439,0.5,0.));
#14148=DIRECTION('',(0.,0.,-1.));
#14149=DIRECTION('',(0.,0.,1.));
#14150=DIRECTION('',(0.,0.,1.));
#14151=DIRECTION('',(1.,0.,0.));
#14152=DIRECTION('',(0.,0.,-1.));
#14153=DIRECTION('',(-1.,0.,0.));
#14154=DIRECTION('',(0.,0.,1.));
#14155=DIRECTION('',(1.,0.,0.));
#14156=DIRECTION('',(0.,0.,1.));
#14157=DIRECTION('',(1.,0.,0.));
#14158=DIRECTION('',(0.,0.,1.));
#14159=DIRECTION('',(0.,0.,1.));
#14160=DIRECTION('',(1.,1.81014623580188E-16,0.));
#14161=DIRECTION('',(-1.81014623580188E-16,1.,0.));
#14162=DIRECTION('',(0.,0.,1.));
#14163=DIRECTION('',(0.,0.,-1.));
#14164=DIRECTION('',(0.,0.,1.));
#14165=DIRECTION('',(1.,0.,0.));
#14166=DIRECTION('',(0.,0.,1.));
#14167=DIRECTION('',(0.,0.,1.));
#14168=DIRECTION('',(0.,0.,1.));
#14169=DIRECTION('',(1.,0.,0.));
#14170=DIRECTION('',(0.,0.,1.));
#14171=DIRECTION('',(1.,0.,0.));
#14172=DIRECTION('',(0.,0.,-1.));
#14173=DIRECTION('',(-1.,0.,0.));
#14174=DIRECTION('',(0.,0.,1.));
#14175=DIRECTION('',(1.,0.,0.));
#14176=DIRECTION('',(0.,0.,1.));
#14177=DIRECTION('',(0.,0.,1.));
#14178=DIRECTION('',(1.,1.81014623580188E-16,0.));
#14179=DIRECTION('',(-1.81014623580188E-16,1.,0.));
#14180=DIRECTION('',(0.,0.,1.));
#14181=DIRECTION('',(0.,0.,-1.));
#14182=DIRECTION('',(0.,0.,1.));
#14183=DIRECTION('',(1.,0.,0.));
#14184=DIRECTION('',(0.,0.,1.));
#14185=DIRECTION('',(0.,0.,1.));
#14186=DIRECTION('',(0.,0.,1.));
#14187=DIRECTION('',(1.,0.,0.));
#14188=DIRECTION('',(0.,0.,1.));
#14189=DIRECTION('',(0.,0.,1.));
#14190=DIRECTION('',(-0.5,0.866025403784439,0.));
#14191=DIRECTION('',(-0.866025403784439,-0.5,0.));
#14192=DIRECTION('',(0.,0.,-1.));
#14193=DIRECTION('',(0.,0.,1.));
#14194=DIRECTION('',(0.,0.,1.));
#14195=DIRECTION('',(1.,0.,0.));
#14196=DIRECTION('',(0.,0.,1.));
#14197=DIRECTION('',(1.,0.,0.));
#14198=DIRECTION('',(0.,0.,-1.));
#14199=DIRECTION('',(-1.,0.,0.));
#14200=DIRECTION('',(0.,0.,-1.));
#14201=DIRECTION('',(-1.,0.,0.));
#14202=DIRECTION('',(0.,0.,1.));
#14203=DIRECTION('',(1.,0.,0.));
#14204=DIRECTION('',(0.,0.,1.));
#14205=DIRECTION('',(1.,0.,0.));
#14206=DIRECTION('',(0.,0.,1.));
#14207=DIRECTION('',(0.,0.,1.));
#14208=DIRECTION('',(0.,0.,1.));
#14209=DIRECTION('',(1.,0.,0.));
#14210=DIRECTION('',(0.,0.,1.));
#14211=DIRECTION('',(0.,0.,1.));
#14212=DIRECTION('',(1.,1.81014623580188E-16,0.));
#14213=DIRECTION('',(-1.81014623580188E-16,1.,0.));
#14214=DIRECTION('',(0.,0.,1.));
#14215=DIRECTION('',(0.,0.,-1.));
#14216=DIRECTION('',(0.,0.,1.));
#14217=DIRECTION('',(1.,0.,0.));
#14218=DIRECTION('',(0.,0.,1.));
#14219=DIRECTION('',(1.,0.,0.));
#14220=DIRECTION('',(0.,0.,-1.));
#14221=DIRECTION('',(-1.,0.,0.));
#14222=DIRECTION('',(0.,0.,1.));
#14223=DIRECTION('',(1.,0.,0.));
#14224=DIRECTION('',(0.,0.,1.));
#14225=DIRECTION('',(0.,0.,1.));
#14226=DIRECTION('',(0.,0.,1.));
#14227=DIRECTION('',(1.,0.,0.));
#14228=DIRECTION('',(0.,0.,1.));
#14229=DIRECTION('',(0.,0.,1.));
#14230=DIRECTION('',(1.,1.81014623580188E-16,0.));
#14231=DIRECTION('',(-1.81014623580188E-16,1.,0.));
#14232=DIRECTION('',(0.,0.,1.));
#14233=DIRECTION('',(0.,0.,-1.));
#14234=DIRECTION('',(0.,0.,1.));
#14235=DIRECTION('',(1.,0.,0.));
#14236=DIRECTION('',(0.,0.,1.));
#14237=DIRECTION('',(1.,0.,0.));
#14238=DIRECTION('',(0.,0.,-1.));
#14239=DIRECTION('',(-1.,0.,0.));
#14240=DIRECTION('',(-0.5,0.866025403784439,0.));
#14241=DIRECTION('',(-0.866025403784439,-0.5,0.));
#14242=DIRECTION('',(0.,0.,1.));
#14243=DIRECTION('',(0.,0.,1.));
#14244=DIRECTION('',(1.,1.81014623580188E-16,0.));
#14245=DIRECTION('',(-1.81014623580188E-16,1.,0.));
#14246=DIRECTION('',(0.,0.,1.));
#14247=DIRECTION('',(0.,0.,1.));
#14248=DIRECTION('',(0.,0.,1.));
#14249=DIRECTION('',(1.,0.,0.));
#14250=DIRECTION('',(0.,0.,1.));
#14251=DIRECTION('',(0.,0.,1.));
#14252=DIRECTION('',(0.,0.,1.));
#14253=DIRECTION('',(1.,0.,0.));
#14254=DIRECTION('',(0.,0.,1.));
#14255=DIRECTION('',(1.,0.,0.));
#14256=DIRECTION('',(0.,0.,1.));
#14257=DIRECTION('',(1.,0.,0.));
#14258=DIRECTION('',(1.,1.81014623580188E-16,0.));
#14259=DIRECTION('',(-1.81014623580188E-16,1.,0.));
#14260=DIRECTION('',(0.,0.,-1.));
#14261=DIRECTION('',(0.,0.,1.));
#14262=DIRECTION('',(0.,0.,1.));
#14263=DIRECTION('',(1.,0.,0.));
#14264=DIRECTION('',(0.,0.,1.));
#14265=DIRECTION('',(0.,0.,1.));
#14266=DIRECTION('',(0.,0.,1.));
#14267=DIRECTION('',(1.,0.,0.));
#14268=DIRECTION('',(0.,0.,1.));
#14269=DIRECTION('',(0.,0.,1.));
#14270=DIRECTION('',(0.,0.,1.));
#14271=DIRECTION('',(1.,0.,0.));
#14272=DIRECTION('',(0.,0.,1.));
#14273=DIRECTION('',(1.,0.,0.));
#14274=DIRECTION('',(0.,0.,-1.));
#14275=DIRECTION('',(-1.,0.,0.));
#14276=DIRECTION('',(-1.,0.,0.));
#14277=DIRECTION('',(0.,0.,1.));
#14278=DIRECTION('',(0.,0.,-1.));
#14279=DIRECTION('',(0.,0.,1.));
#14280=DIRECTION('',(0.,0.,1.));
#14281=DIRECTION('',(1.,0.,0.));
#14282=DIRECTION('',(0.,0.,1.));
#14283=DIRECTION('',(0.,0.,1.));
#14284=DIRECTION('',(0.,0.,1.));
#14285=DIRECTION('',(1.,0.,0.));
#14286=DIRECTION('',(0.,0.,1.));
#14287=DIRECTION('',(0.,0.,1.));
#14288=DIRECTION('',(-0.5,0.866025403784439,0.));
#14289=DIRECTION('',(-0.866025403784439,-0.5,0.));
#14290=DIRECTION('',(0.,0.,-1.));
#14291=DIRECTION('',(0.,0.,-1.));
#14292=DIRECTION('',(1.,-7.93016446160827E-16,0.));
#14293=DIRECTION('',(7.93016446160827E-16,1.,0.));
#14294=DIRECTION('',(0.,0.,-1.));
#14295=DIRECTION('',(0.,0.,1.));
#14296=DIRECTION('',(0.,0.,1.));
#14297=DIRECTION('',(1.,0.,0.));
#14298=DIRECTION('',(0.,0.,1.));
#14299=DIRECTION('',(1.,0.,0.));
#14300=DIRECTION('',(0.,0.,1.));
#14301=DIRECTION('',(1.,0.,0.));
#14302=DIRECTION('',(0.,0.,1.));
#14303=DIRECTION('',(1.,0.,0.));
#14304=DIRECTION('',(0.,0.,1.));
#14305=DIRECTION('',(1.,0.,0.));
#14306=DIRECTION('',(0.5,0.866025403784438,0.));
#14307=DIRECTION('',(-0.866025403784439,0.5,0.));
#14308=DIRECTION('',(0.,0.,-1.));
#14309=DIRECTION('',(0.,0.,-1.));
#14310=DIRECTION('',(1.,0.,0.));
#14311=DIRECTION('',(0.,0.,-1.));
#14312=DIRECTION('',(0.,0.,-1.));
#14313=DIRECTION('',(0.,0.,-1.));
#14314=DIRECTION('',(-1.,0.,0.));
#14315=DIRECTION('',(0.,0.,1.));
#14316=DIRECTION('',(0.,0.,-1.));
#14317=DIRECTION('',(0.,0.,1.));
#14318=DIRECTION('',(0.,0.,1.));
#14319=DIRECTION('',(1.,0.,0.));
#14320=DIRECTION('',(0.,0.,1.));
#14321=DIRECTION('',(0.,0.,1.));
#14322=DIRECTION('',(0.,0.,1.));
#14323=DIRECTION('',(1.,0.,0.));
#14324=DIRECTION('',(0.,0.,1.));
#14325=DIRECTION('',(0.,0.,1.));
#14326=DIRECTION('',(0.,0.,1.));
#14327=DIRECTION('',(1.,0.,0.));
#14328=DIRECTION('',(0.,0.,-1.));
#14329=DIRECTION('',(-1.,0.,0.));
#14330=DIRECTION('',(0.,0.,1.));
#14331=DIRECTION('',(1.,0.,0.));
#14332=DIRECTION('',(0.,0.,-1.));
#14333=DIRECTION('',(-1.,0.,0.));
#14334=DIRECTION('',(0.,0.,-1.));
#14335=DIRECTION('',(-1.,0.,0.));
#14336=DIRECTION('',(1.,1.81014623580188E-16,0.));
#14337=DIRECTION('',(-1.81014623580188E-16,1.,0.));
#14338=DIRECTION('',(0.,0.,1.));
#14339=DIRECTION('',(0.,0.,1.));
#14340=DIRECTION('',(-0.5,0.866025403784439,0.));
#14341=DIRECTION('',(-0.866025403784439,-0.5,0.));
#14342=DIRECTION('',(0.,0.,-1.));
#14343=DIRECTION('',(0.,0.,1.));
#14344=DIRECTION('',(0.5,0.866025403784438,0.));
#14345=DIRECTION('',(-0.866025403784439,0.5,0.));
#14346=DIRECTION('',(0.,0.,-1.));
#14347=DIRECTION('',(0.,0.,1.));
#14348=DIRECTION('',(1.,0.,0.));
#14349=DIRECTION('',(0.,0.,-1.));
#14350=DIRECTION('',(0.,0.,-1.));
#14351=DIRECTION('',(0.,0.,-1.));
#14352=DIRECTION('',(0.,0.,-1.));
#14353=DIRECTION('',(-1.,0.,0.));
#14354=DIRECTION('',(0.,0.,1.));
#14355=DIRECTION('',(1.,0.,0.));
#14356=DIRECTION('',(0.,0.,-1.));
#14357=DIRECTION('',(-1.,0.,0.));
#14358=DIRECTION('',(0.,0.,1.));
#14359=DIRECTION('',(1.,0.,0.));
#14360=DIRECTION('',(0.5,0.866025403784438,0.));
#14361=DIRECTION('',(-0.866025403784439,0.5,0.));
#14362=DIRECTION('',(0.,0.,-1.));
#14363=DIRECTION('',(0.,0.,1.));
#14364=DIRECTION('',(-0.5,0.866025403784439,0.));
#14365=DIRECTION('',(-0.866025403784439,-0.5,0.));
#14366=DIRECTION('',(0.,0.,-1.));
#14367=DIRECTION('',(0.,0.,-1.));
#14368=DIRECTION('',(-1.20676415720126E-16,1.,0.));
#14369=DIRECTION('',(-1.,-1.20676415720126E-16,0.));
#14370=DIRECTION('',(0.,0.,-1.));
#14371=DIRECTION('',(0.,0.,1.));
#14372=DIRECTION('',(0.,0.,1.));
#14373=DIRECTION('',(1.,0.,0.));
#14374=DIRECTION('',(0.,0.,1.));
#14375=DIRECTION('',(0.,0.,1.));
#14376=DIRECTION('',(1.,1.81014623580188E-16,0.));
#14377=DIRECTION('',(-1.81014623580188E-16,1.,0.));
#14378=DIRECTION('',(0.,0.,1.));
#14379=DIRECTION('',(0.,0.,-1.));
#14380=DIRECTION('',(-1.,0.,0.));
#14381=DIRECTION('',(0.,0.,1.));
#14382=DIRECTION('',(0.,0.,-1.));
#14383=DIRECTION('',(0.,0.,-1.));
#14384=DIRECTION('',(0.,0.,1.));
#14385=DIRECTION('',(1.,0.,0.));
#14386=DIRECTION('',(0.,0.,1.));
#14387=DIRECTION('',(1.,0.,0.));
#14388=DIRECTION('',(0.,0.,1.));
#14389=DIRECTION('',(1.,0.,0.));
#14390=DIRECTION('',(0.,0.,1.));
#14391=DIRECTION('',(1.,0.,0.));
#14392=DIRECTION('',(0.,0.,-1.));
#14393=DIRECTION('',(-1.,0.,0.));
#14394=DIRECTION('',(0.,0.,-1.));
#14395=DIRECTION('',(-1.,0.,0.));
#14396=DIRECTION('',(1.,1.81014623580188E-16,0.));
#14397=DIRECTION('',(-1.81014623580188E-16,1.,0.));
#14398=DIRECTION('',(0.,0.,1.));
#14399=DIRECTION('',(0.,0.,-1.));
#14400=DIRECTION('',(0.,0.,1.));
#14401=DIRECTION('',(1.,0.,0.));
#14402=DIRECTION('',(0.,0.,1.));
#14403=DIRECTION('',(0.,0.,1.));
#14404=DIRECTION('',(0.,0.,1.));
#14405=DIRECTION('',(1.,0.,0.));
#14406=DIRECTION('',(0.,0.,1.));
#14407=DIRECTION('',(0.,0.,1.));
#14408=DIRECTION('',(0.,0.,1.));
#14409=DIRECTION('',(1.,0.,0.));
#14410=DIRECTION('',(0.,0.,1.));
#14411=DIRECTION('',(0.,0.,1.));
#14412=DIRECTION('',(0.5,0.866025403784438,0.));
#14413=DIRECTION('',(-0.866025403784439,0.5,0.));
#14414=DIRECTION('',(0.,0.,1.));
#14415=DIRECTION('',(0.,0.,1.));
#14416=DIRECTION('',(0.,0.,1.));
#14417=DIRECTION('',(1.,0.,0.));
#14418=DIRECTION('',(0.,0.,-1.));
#14419=DIRECTION('',(-1.,0.,0.));
#14420=DIRECTION('',(0.,0.,1.));
#14421=DIRECTION('',(1.,0.,0.));
#14422=DIRECTION('',(0.,0.,1.));
#14423=DIRECTION('',(1.,0.,0.));
#14424=DIRECTION('',(0.,0.,1.));
#14425=DIRECTION('',(1.,0.,0.));
#14426=DIRECTION('',(0.,0.,1.));
#14427=DIRECTION('',(1.,0.,0.));
#14428=DIRECTION('',(0.,0.,1.));
#14429=DIRECTION('',(0.,0.,1.));
#14430=DIRECTION('',(0.,0.,1.));
#14431=DIRECTION('',(1.,0.,0.));
#14432=DIRECTION('',(0.,0.,1.));
#14433=DIRECTION('',(0.,0.,1.));
#14434=DIRECTION('',(1.,1.81014623580188E-16,0.));
#14435=DIRECTION('',(-1.81014623580188E-16,1.,0.));
#14436=DIRECTION('',(0.,0.,1.));
#14437=DIRECTION('',(0.,0.,-1.));
#14438=DIRECTION('',(0.,0.,1.));
#14439=DIRECTION('',(1.,0.,0.));
#14440=DIRECTION('',(0.,0.,-1.));
#14441=DIRECTION('',(-1.,0.,0.));
#14442=DIRECTION('',(0.,0.,1.));
#14443=DIRECTION('',(1.,0.,0.));
#14444=DIRECTION('',(0.,0.,1.));
#14445=DIRECTION('',(1.,0.,0.));
#14446=DIRECTION('',(0.,0.,1.));
#14447=DIRECTION('',(0.,0.,1.));
#14448=DIRECTION('',(0.,0.,1.));
#14449=DIRECTION('',(1.,0.,0.));
#14450=DIRECTION('',(0.,0.,1.));
#14451=DIRECTION('',(0.,0.,1.));
#14452=DIRECTION('',(1.,1.81014623580188E-16,0.));
#14453=DIRECTION('',(-1.81014623580188E-16,1.,0.));
#14454=DIRECTION('',(0.,0.,1.));
#14455=DIRECTION('',(0.,0.,-1.));
#14456=DIRECTION('',(0.,0.,1.));
#14457=DIRECTION('',(1.,0.,0.));
#14458=DIRECTION('',(0.,0.,-1.));
#14459=DIRECTION('',(-1.,0.,0.));
#14460=DIRECTION('',(0.,0.,1.));
#14461=DIRECTION('',(1.,0.,0.));
#14462=DIRECTION('',(1.,1.81014623580188E-16,0.));
#14463=DIRECTION('',(-1.81014623580188E-16,1.,0.));
#14464=DIRECTION('',(0.,0.,1.));
#14465=DIRECTION('',(0.,0.,1.));
#14466=DIRECTION('',(-0.5,0.866025403784439,0.));
#14467=DIRECTION('',(-0.866025403784439,-0.5,0.));
#14468=DIRECTION('',(0.,0.,-1.));
#14469=DIRECTION('',(0.,0.,1.));
#14470=DIRECTION('',(1.,-7.93016446160827E-16,0.));
#14471=DIRECTION('',(7.93016446160827E-16,1.,0.));
#14472=DIRECTION('',(0.,0.,-1.));
#14473=DIRECTION('',(0.,0.,-1.));
#14474=DIRECTION('',(0.5,0.866025403784438,0.));
#14475=DIRECTION('',(-0.866025403784439,0.5,0.));
#14476=DIRECTION('',(0.,0.,-1.));
#14477=DIRECTION('',(0.,0.,1.));
#14478=DIRECTION('',(0.,0.,1.));
#14479=DIRECTION('',(1.,0.,0.));
#14480=DIRECTION('',(0.,0.,-1.));
#14481=DIRECTION('',(-1.,0.,0.));
#14482=DIRECTION('',(0.,0.,1.));
#14483=DIRECTION('',(1.,0.,0.));
#14484=DIRECTION('',(0.,0.,-1.));
#14485=DIRECTION('',(-1.,0.,0.));
#14486=DIRECTION('',(0.5,-1.56763262476921E-16,0.866025403784438));
#14487=DIRECTION('',(0.866025403784439,0.,-0.5));
#14488=DIRECTION('',(-1.39773160385662E-32,1.,1.81014623580188E-16));
#14489=DIRECTION('',(1.65136439448793E-33,-1.,-1.81014623580188E-16));
#14490=DIRECTION('',(1.,9.10174831941053E-34,-2.37389193643995E-65));
#14491=DIRECTION('',(-9.10174831941054E-34,1.,0.));
#14492=DIRECTION('',(-9.10174831941054E-34,1.,1.81014623580188E-16));
#14493=DIRECTION('',(-9.10174831941054E-34,1.,1.81014623580188E-16));
#14494=DIRECTION('',(-0.5,-1.56763262476921E-16,0.866025403784439));
#14495=DIRECTION('',(0.866025403784439,0.,0.5));
#14496=DIRECTION('',(0.,-1.,-1.81014623580188E-16));
#14497=DIRECTION('',(1.39773160385662E-32,1.,1.81014623580188E-16));
#14498=DIRECTION('',(1.,-1.47903410190418E-32,8.67361737988403E-17));
#14499=DIRECTION('',(8.67361737988403E-17,0.,-1.));
#14500=DIRECTION('',(9.1017483194105E-34,-1.,-1.81014623580188E-16));
#14501=DIRECTION('',(9.10174831941053E-34,-1.,-1.81014623580188E-16));
#14502=DIRECTION('',(9.10174831941056E-34,-1.,-1.81014623580188E-16));
#14503=DIRECTION('',(0.,1.81014623580188E-16,-1.));
#14504=DIRECTION('',(-9.1017483194105E-34,1.,1.81014623580188E-16));
#14505=DIRECTION('',(0.,-1.81014623580188E-16,1.));
#14506=DIRECTION('',(9.10174831941054E-34,-1.,-1.81014623580188E-16));
#14507=DIRECTION('',(0.,1.81014623580188E-16,-1.));
#14508=DIRECTION('',(-9.10174831941054E-34,1.,1.81014623580188E-16));
#14509=DIRECTION('',(0.,-1.81014623580188E-16,1.));
#14510=DIRECTION('',(1.,9.10174831941053E-34,-2.37389193643995E-65));
#14511=DIRECTION('',(-9.10174831941054E-34,1.,0.));
#14512=DIRECTION('',(-9.10174831941054E-34,1.,1.81014623580188E-16));
#14513=DIRECTION('',(-9.10174831941054E-34,1.,1.81014623580188E-16));
#14514=DIRECTION('',(-0.5,-1.56763262476921E-16,0.866025403784439));
#14515=DIRECTION('',(0.866025403784439,0.,0.5));
#14516=DIRECTION('',(-1.06745872495904E-32,1.,1.81014623580188E-16));
#14517=DIRECTION('',(-1.06745872495904E-32,1.,1.81014623580188E-16));
#14518=DIRECTION('',(0.5,-1.56763262476921E-16,0.866025403784438));
#14519=DIRECTION('',(0.866025403784439,0.,-0.5));
#14520=DIRECTION('',(-1.65136439448793E-33,1.,1.81014623580188E-16));
#14521=DIRECTION('',(-1.39773160385662E-32,1.,1.81014623580188E-16));
#14522=DIRECTION('',(1.,1.01393476278232E-31,-5.55111512312578E-16));
#14523=DIRECTION('',(-5.55111512312578E-16,0.,-1.));
#14524=DIRECTION('',(-9.10174831941034E-34,1.,1.81014623580188E-16));
#14525=DIRECTION('',(-9.10174831941056E-34,1.,1.81014623580188E-16));
#14526=DIRECTION('',(-0.5,-1.56763262476921E-16,0.866025403784439));
#14527=DIRECTION('',(0.866025403784439,0.,0.5));
#14528=DIRECTION('',(-1.06745872495904E-32,1.,1.81014623580188E-16));
#14529=DIRECTION('',(1.65136439448792E-33,1.,1.81014623580188E-16));
#14530=DIRECTION('',(0.5,-1.56763262476921E-16,0.866025403784438));
#14531=DIRECTION('',(0.866025403784439,0.,-0.5));
#14532=DIRECTION('',(-1.39773160385662E-32,1.,1.81014623580188E-16));
#14533=DIRECTION('',(-1.39773160385662E-32,1.,1.81014623580188E-16));
#14534=DIRECTION('',(-9.10174831941054E-34,1.,1.81014623580188E-16));
#14535=DIRECTION('',(0.,-1.81014623580188E-16,1.));
#14536=DIRECTION('',(1.26412507123897E-47,1.,1.81014623580188E-16));
#14537=DIRECTION('',(0.,-1.81014623580188E-16,1.));
#14538=DIRECTION('',(9.10174831941053E-34,-1.,-1.81014623580188E-16));
#14539=DIRECTION('',(0.,1.81014623580188E-16,-1.));
#14540=DIRECTION('',(9.10174831941054E-34,-1.,-1.81014623580188E-16));
#14541=DIRECTION('',(0.,1.81014623580188E-16,-1.));
#14542=DIRECTION('',(1.26412507123897E-47,1.,1.81014623580188E-16));
#14543=DIRECTION('',(0.,-1.81014623580188E-16,1.));
#14544=DIRECTION('',(-9.10174831941091E-34,1.,1.81014623580188E-16));
#14545=DIRECTION('',(0.,-1.81014623580188E-16,1.));
#14546=DIRECTION('',(0.5,-1.56763262476921E-16,0.866025403784439));
#14547=DIRECTION('',(0.866025403784439,0.,-0.5));
#14548=DIRECTION('',(-1.06745872495904E-32,-1.,-1.81014623580188E-16));
#14549=DIRECTION('',(5.99783938259036E-32,1.,1.81014623580188E-16));
#14550=DIRECTION('',(-0.5,-1.56763262476921E-16,0.866025403784439));
#14551=DIRECTION('',(0.866025403784439,0.,0.5));
#14552=DIRECTION('',(-2.46519032881566E-32,1.,1.81014623580188E-16));
#14553=DIRECTION('',(-1.23259516440783E-32,1.,1.81014623580188E-16));
#14554=DIRECTION('',(1.,1.01393476278232E-31,-5.55111512312578E-16));
#14555=DIRECTION('',(-5.55111512312578E-16,0.,-1.));
#14556=DIRECTION('',(-9.10174831941078E-34,1.,1.81014623580188E-16));
#14557=DIRECTION('',(-9.10174831941056E-34,1.,1.81014623580188E-16));
#14558=DIRECTION('',(-0.5,-1.56763262476921E-16,0.866025403784439));
#14559=DIRECTION('',(0.866025403784439,0.,0.5));
#14560=DIRECTION('',(3.69778549322349E-32,1.,1.81014623580188E-16));
#14561=DIRECTION('',(-1.65136439448792E-33,1.,1.81014623580188E-16));
#14562=DIRECTION('',(0.5,-1.56763262476921E-16,0.866025403784438));
#14563=DIRECTION('',(0.866025403784439,0.,-0.5));
#14564=DIRECTION('',(-1.65136439448793E-33,1.,1.81014623580188E-16));
#14565=DIRECTION('',(-2.63032676826445E-32,1.,1.81014623580188E-16));
#14566=DIRECTION('',(9.10174831941054E-34,-1.,-1.81014623580188E-16));
#14567=DIRECTION('',(0.,1.81014623580188E-16,-1.));
#14568=DIRECTION('',(9.10174831941054E-34,-1.,-1.81014623580188E-16));
#14569=DIRECTION('',(9.10174831941054E-34,-1.,-1.81014623580188E-16));
#14570=DIRECTION('',(9.10174831941054E-34,-1.,-1.81014623580188E-16));
#14571=DIRECTION('',(0.,1.81014623580188E-16,-1.));
#14572=DIRECTION('',(9.10174831941054E-34,-1.,-1.81014623580188E-16));
#14573=DIRECTION('',(9.10174831941054E-34,-1.,-1.81014623580188E-16));
#14574=DIRECTION('',(9.10174831941054E-34,-1.,-1.81014623580188E-16));
#14575=DIRECTION('',(0.,1.81014623580188E-16,-1.));
#14576=DIRECTION('',(9.10174831941054E-34,-1.,-1.81014623580188E-16));
#14577=DIRECTION('',(0.,1.81014623580188E-16,-1.));
#14578=DIRECTION('',(9.10174831941054E-34,-1.,-1.81014623580188E-16));
#14579=DIRECTION('',(0.,1.81014623580188E-16,-1.));
#14580=DIRECTION('',(-9.10174831941091E-34,1.,1.81014623580188E-16));
#14581=DIRECTION('',(0.,-1.81014623580188E-16,1.));
#14582=DIRECTION('',(-2.84655659989077E-32,1.,1.81014623580188E-16));
#14583=DIRECTION('',(0.,-1.81014623580188E-16,1.));
#14584=DIRECTION('',(9.10174831941091E-34,-1.,-1.81014623580188E-16));
#14585=DIRECTION('',(0.,1.81014623580188E-16,-1.));
#14586=DIRECTION('',(4.26983489983615E-32,1.,1.81014623580188E-16));
#14587=DIRECTION('',(0.,-1.81014623580188E-16,1.));
#14588=DIRECTION('',(-0.5,-1.56763262476921E-16,0.866025403784439));
#14589=DIRECTION('',(0.866025403784439,0.,0.5));
#14590=DIRECTION('',(-2.46519032881566E-32,1.,1.81014623580188E-16));
#14591=DIRECTION('',(1.23259516440783E-32,-1.,-1.81014623580188E-16));
#14592=DIRECTION('',(0.5,-1.56763262476921E-16,0.866025403784438));
#14593=DIRECTION('',(0.866025403784439,0.,-0.5));
#14594=DIRECTION('',(-1.39773160385662E-32,1.,1.81014623580188E-16));
#14595=DIRECTION('',(-1.39773160385662E-32,1.,1.81014623580188E-16));
#14596=DIRECTION('',(0.5,-1.56763262476921E-16,0.866025403784438));
#14597=DIRECTION('',(0.866025403784439,0.,-0.5));
#14598=DIRECTION('',(-1.65136439448793E-33,1.,1.81014623580188E-16));
#14599=DIRECTION('',(-2.63032676826445E-32,1.,1.81014623580188E-16));
#14600=DIRECTION('',(1.,1.01393476278232E-31,-5.55111512312578E-16));
#14601=DIRECTION('',(-5.55111512312578E-16,0.,-1.));
#14602=DIRECTION('',(-9.10174831941012E-34,1.,1.81014623580188E-16));
#14603=DIRECTION('',(-9.10174831941056E-34,1.,1.81014623580188E-16));
#14604=DIRECTION('',(-0.5,-1.56763262476921E-16,0.866025403784439));
#14605=DIRECTION('',(0.866025403784439,0.,0.5));
#14606=DIRECTION('',(0.,1.,1.81014623580188E-16));
#14607=DIRECTION('',(1.23259516440783E-32,1.,1.81014623580188E-16));
#14608=DIRECTION('',(9.10174831941054E-34,-1.,-1.81014623580188E-16));
#14609=DIRECTION('',(0.,1.81014623580188E-16,-1.));
#14610=DIRECTION('',(9.10174831941054E-34,-1.,-1.81014623580188E-16));
#14611=DIRECTION('',(9.10174831941054E-34,-1.,-1.81014623580188E-16));
#14612=DIRECTION('',(9.10174831941054E-34,-1.,-1.81014623580188E-16));
#14613=DIRECTION('',(0.,1.81014623580188E-16,-1.));
#14614=DIRECTION('',(9.10174831941054E-34,-1.,-1.81014623580188E-16));
#14615=DIRECTION('',(9.10174831941054E-34,-1.,-1.81014623580188E-16));
#14616=DIRECTION('',(9.10174831941054E-34,-1.,-1.81014623580188E-16));
#14617=DIRECTION('',(0.,1.81014623580188E-16,-1.));
#14618=DIRECTION('',(9.10174831941054E-34,-1.,-1.81014623580188E-16));
#14619=DIRECTION('',(0.,1.81014623580188E-16,-1.));
#14620=DIRECTION('',(9.10174831941054E-34,-1.,-1.81014623580188E-16));
#14621=DIRECTION('',(0.,1.81014623580188E-16,-1.));
#14622=DIRECTION('',(-1.42327829994538E-32,1.,1.81014623580188E-16));
#14623=DIRECTION('',(0.,-1.81014623580188E-16,1.));
#14624=DIRECTION('',(1.51429578313949E-32,-1.,-1.81014623580188E-16));
#14625=DIRECTION('',(0.,1.81014623580188E-16,-1.));
#14626=DIRECTION('',(-2.84655659989077E-32,1.,1.81014623580188E-16));
#14627=DIRECTION('',(0.,-1.81014623580188E-16,1.));
#14628=DIRECTION('',(-9.10174831941091E-34,1.,1.81014623580188E-16));
#14629=DIRECTION('',(0.,-1.81014623580188E-16,1.));
#14630=DIRECTION('',(1.,1.01393476278232E-31,-5.55111512312578E-16));
#14631=DIRECTION('',(-5.55111512312578E-16,0.,-1.));
#14632=DIRECTION('',(-9.10174831941012E-34,1.,1.81014623580188E-16));
#14633=DIRECTION('',(-9.10174831941056E-34,1.,1.81014623580188E-16));
#14634=DIRECTION('',(-0.5,-1.56763262476921E-16,0.866025403784439));
#14635=DIRECTION('',(0.866025403784439,0.,0.5));
#14636=DIRECTION('',(-2.46519032881566E-32,1.,1.81014623580188E-16));
#14637=DIRECTION('',(0.,1.,1.81014623580188E-16));
#14638=DIRECTION('',(0.5,-1.56763262476921E-16,0.866025403784438));
#14639=DIRECTION('',(0.866025403784439,0.,-0.5));
#14640=DIRECTION('',(-1.39773160385662E-32,1.,1.81014623580188E-16));
#14641=DIRECTION('',(-2.63032676826445E-32,1.,1.81014623580188E-16));
#14642=DIRECTION('',(1.,9.10174831941053E-34,-2.37389193643995E-65));
#14643=DIRECTION('',(-9.10174831941054E-34,1.,0.));
#14644=DIRECTION('',(-9.10174831941054E-34,1.,1.81014623580188E-16));
#14645=DIRECTION('',(-9.10174831941054E-34,1.,1.81014623580188E-16));
#14646=DIRECTION('',(-0.5,-1.56763262476921E-16,0.866025403784439));
#14647=DIRECTION('',(0.866025403784439,0.,0.5));
#14648=DIRECTION('',(0.,1.,1.81014623580188E-16));
#14649=DIRECTION('',(1.39773160385662E-32,1.,1.81014623580188E-16));
#14650=DIRECTION('',(0.5,-1.56763262476921E-16,0.866025403784438));
#14651=DIRECTION('',(0.866025403784439,0.,-0.5));
#14652=DIRECTION('',(-1.65136439448793E-33,1.,1.81014623580188E-16));
#14653=DIRECTION('',(-1.39773160385662E-32,1.,1.81014623580188E-16));
#14654=DIRECTION('',(-9.10174831941091E-34,1.,1.81014623580188E-16));
#14655=DIRECTION('',(0.,-1.81014623580188E-16,1.));
#14656=DIRECTION('',(1.58015633904871E-47,1.,1.81014623580188E-16));
#14657=DIRECTION('',(0.,-1.81014623580188E-16,1.));
#14658=DIRECTION('',(9.10174831941054E-34,-1.,-1.81014623580188E-16));
#14659=DIRECTION('',(0.,1.81014623580188E-16,-1.));
#14660=DIRECTION('',(1.51429578313949E-32,-1.,-1.81014623580188E-16));
#14661=DIRECTION('',(0.,1.81014623580188E-16,-1.));
#14662=DIRECTION('',(-2.84655659989077E-32,1.,1.81014623580188E-16));
#14663=DIRECTION('',(0.,-1.81014623580188E-16,1.));
#14664=DIRECTION('',(-9.10174831941054E-34,1.,1.81014623580188E-16));
#14665=DIRECTION('',(0.,-1.81014623580188E-16,1.));
#14666=DIRECTION('',(1.,-1.47903410190418E-32,8.67361737988403E-17));
#14667=DIRECTION('',(8.67361737988403E-17,0.,-1.));
#14668=DIRECTION('',(9.1017483194105E-34,-1.,-1.81014623580188E-16));
#14669=DIRECTION('',(9.10174831941055E-34,-1.,-1.81014623580188E-16));
#14670=DIRECTION('',(-0.5,-1.56763262476921E-16,0.866025403784439));
#14671=DIRECTION('',(0.866025403784439,0.,0.5));
#14672=DIRECTION('',(-1.65136439448792E-33,-1.,-1.81014623580188E-16));
#14673=DIRECTION('',(-1.06745872495904E-32,1.,1.81014623580188E-16));
#14674=DIRECTION('',(0.5,-1.56763262476921E-16,0.866025403784438));
#14675=DIRECTION('',(0.866025403784439,0.,-0.5));
#14676=DIRECTION('',(-1.39773160385662E-32,1.,1.81014623580188E-16));
#14677=DIRECTION('',(1.65136439448793E-33,-1.,-1.81014623580188E-16));
#14678=DIRECTION('',(1.,9.10174831941053E-34,-2.37389193643995E-65));
#14679=DIRECTION('',(-9.10174831941054E-34,1.,0.));
#14680=DIRECTION('',(-9.10174831941054E-34,1.,1.81014623580188E-16));
#14681=DIRECTION('',(-9.10174831941054E-34,1.,1.81014623580188E-16));
#14682=DIRECTION('',(-9.1017483194105E-34,1.,1.81014623580188E-16));
#14683=DIRECTION('',(0.,-1.81014623580188E-16,1.));
#14684=DIRECTION('',(9.10174831941053E-34,-1.,-1.81014623580188E-16));
#14685=DIRECTION('',(0.,1.81014623580188E-16,-1.));
#14686=DIRECTION('',(-9.10174831941054E-34,1.,1.81014623580188E-16));
#14687=DIRECTION('',(0.,-1.81014623580188E-16,1.));
#14688=DIRECTION('',(9.10174831941054E-34,-1.,-1.81014623580188E-16));
#14689=DIRECTION('',(0.,1.81014623580188E-16,-1.));
#14690=DIRECTION('',(-0.5,-1.56763262476921E-16,0.866025403784438));
#14691=DIRECTION('',(0.866025403784439,0.,0.5));
#14692=DIRECTION('',(-6.16297582203916E-32,-1.,-1.81014623580188E-16));
#14693=DIRECTION('',(3.86292193267228E-32,1.,1.81014623580188E-16));
#14694=DIRECTION('',(-1.,4.27782171012287E-32,0.));
#14695=DIRECTION('',(-4.27782171012288E-32,-1.,0.));
#14696=DIRECTION('',(-4.27782171012288E-32,-1.,-1.81014623580188E-16));
#14697=DIRECTION('',(-4.27782171012288E-32,-1.,-1.81014623580188E-16));
#14698=DIRECTION('',(0.5,-1.56763262476921E-16,0.866025403784439));
#14699=DIRECTION('',(0.866025403784439,0.,-0.5));
#14700=DIRECTION('',(5.09551709708012E-32,1.,1.81014623580188E-16));
#14701=DIRECTION('',(-2.63032676826445E-32,-1.,-1.81014623580188E-16));
#14702=DIRECTION('',(-1.,5.84787329522117E-32,-8.67361737988403E-17));
#14703=DIRECTION('',(-8.67361737988403E-17,0.,1.));
#14704=DIRECTION('',(4.27782171012288E-32,1.,1.81014623580188E-16));
#14705=DIRECTION('',(4.27782171012288E-32,1.,1.81014623580188E-16));
#14706=DIRECTION('',(4.27782171012287E-32,1.,1.81014623580188E-16));
#14707=DIRECTION('',(0.,-1.81014623580188E-16,1.));
#14708=DIRECTION('',(-4.27782171012288E-32,-1.,-1.81014623580188E-16));
#14709=DIRECTION('',(0.,1.81014623580188E-16,-1.));
#14710=DIRECTION('',(4.27782171012288E-32,1.,1.81014623580188E-16));
#14711=DIRECTION('',(0.,-1.81014623580188E-16,1.));
#14712=DIRECTION('',(-4.27782171012288E-32,-1.,-1.81014623580188E-16));
#14713=DIRECTION('',(0.,1.81014623580188E-16,-1.));
#14714=DIRECTION('',(0.5,-1.56763262476921E-16,0.866025403784439));
#14715=DIRECTION('',(0.866025403784439,0.,-0.5));
#14716=DIRECTION('',(-1.39773160385662E-32,-1.,-1.81014623580188E-16));
#14717=DIRECTION('',(-4.93038065763132E-32,-1.,-1.81014623580188E-16));
#14718=DIRECTION('',(-0.5,-1.56763262476921E-16,0.866025403784438));
#14719=DIRECTION('',(0.866025403784439,0.,0.5));
#14720=DIRECTION('',(-5.99783938259036E-32,-1.,-1.81014623580188E-16));
#14721=DIRECTION('',(-3.69778549322349E-32,-1.,-1.81014623580188E-16));
#14722=DIRECTION('',(-4.27782171012287E-32,-1.,-1.81014623580188E-16));
#14723=DIRECTION('',(0.,1.81014623580188E-16,-1.));
#14724=DIRECTION('',(-2.84655659989077E-32,-1.,-1.81014623580188E-16));
#14725=DIRECTION('',(0.,1.81014623580188E-16,-1.));
#14726=DIRECTION('',(4.27782171012288E-32,1.,1.81014623580188E-16));
#14727=DIRECTION('',(0.,-1.81014623580188E-16,1.));
#14728=DIRECTION('',(-1.,1.43261518547519E-31,-5.55111512312578E-16));
#14729=DIRECTION('',(-5.55111512312578E-16,0.,1.));
#14730=DIRECTION('',(-4.27782171012288E-32,-1.,-1.81014623580188E-16));
#14731=DIRECTION('',(-4.27782171012288E-32,-1.,-1.81014623580188E-16));
#14732=DIRECTION('',(0.5,-1.56763262476921E-16,0.866025403784439));
#14733=DIRECTION('',(0.866025403784439,0.,-0.5));
#14734=DIRECTION('',(-2.46519032881566E-32,-1.,-1.81014623580188E-16));
#14735=DIRECTION('',(-4.93038065763132E-32,-1.,-1.81014623580188E-16));
#14736=DIRECTION('',(-0.5,-1.56763262476921E-16,0.866025403784439));
#14737=DIRECTION('',(0.866025403784439,0.,0.5));
#14738=DIRECTION('',(-5.99783938259036E-32,-1.,-1.81014623580188E-16));
#14739=DIRECTION('',(-5.99783938259036E-32,-1.,-1.81014623580188E-16));
#14740=DIRECTION('',(0.5,-1.56763262476921E-16,0.866025403784439));
#14741=DIRECTION('',(0.866025403784439,0.,-0.5));
#14742=DIRECTION('',(-8.46302971140603E-32,-1.,-1.81014623580188E-16));
#14743=DIRECTION('',(5.99783938259036E-32,1.,1.81014623580188E-16));
#14744=DIRECTION('',(-0.5,-1.56763262476921E-16,0.866025403784438));
#14745=DIRECTION('',(0.866025403784439,0.,0.5));
#14746=DIRECTION('',(-4.93038065763133E-32,-1.,-1.81014623580188E-16));
#14747=DIRECTION('',(-8.79330259030361E-32,-1.,-1.81014623580188E-16));
#14748=DIRECTION('',(4.27782171012287E-32,1.,1.81014623580188E-16));
#14749=DIRECTION('',(0.,-1.81014623580188E-16,1.));
#14750=DIRECTION('',(4.27782171012287E-32,1.,1.81014623580188E-16));
#14751=DIRECTION('',(4.27782171012287E-32,1.,1.81014623580188E-16));
#14752=DIRECTION('',(4.27782171012287E-32,1.,1.81014623580188E-16));
#14753=DIRECTION('',(0.,-1.81014623580188E-16,1.));
#14754=DIRECTION('',(4.27782171012287E-32,1.,1.81014623580188E-16));
#14755=DIRECTION('',(4.27782171012287E-32,1.,1.81014623580188E-16));
#14756=DIRECTION('',(4.27782171012287E-32,1.,1.81014623580188E-16));
#14757=DIRECTION('',(0.,-1.81014623580188E-16,1.));
#14758=DIRECTION('',(4.27782171012287E-32,1.,1.81014623580188E-16));
#14759=DIRECTION('',(0.,-1.81014623580188E-16,1.));
#14760=DIRECTION('',(4.27782171012287E-32,1.,1.81014623580188E-16));
#14761=DIRECTION('',(0.,-1.81014623580188E-16,1.));
#14762=DIRECTION('',(-4.27782171012288E-32,-1.,-1.81014623580188E-16));
#14763=DIRECTION('',(0.,1.81014623580188E-16,-1.));
#14764=DIRECTION('',(-8.53966979967231E-32,-1.,-1.81014623580188E-16));
#14765=DIRECTION('',(0.,1.81014623580188E-16,-1.));
#14766=DIRECTION('',(4.27782171012288E-32,1.,1.81014623580188E-16));
#14767=DIRECTION('',(0.,-1.81014623580188E-16,1.));
#14768=DIRECTION('',(-4.26983489983615E-32,-1.,-1.81014623580188E-16));
#14769=DIRECTION('',(0.,1.81014623580188E-16,-1.));
#14770=DIRECTION('',(0.5,-1.56763262476921E-16,0.866025403784439));
#14771=DIRECTION('',(0.866025403784439,0.,-0.5));
#14772=DIRECTION('',(-8.46302971140603E-32,-1.,-1.81014623580188E-16));
#14773=DIRECTION('',(-5.99783938259036E-32,-1.,-1.81014623580188E-16));
#14774=DIRECTION('',(-0.5,-1.56763262476921E-16,0.866025403784439));
#14775=DIRECTION('',(0.866025403784439,0.,0.5));
#14776=DIRECTION('',(-5.99783938259036E-32,-1.,-1.81014623580188E-16));
#14777=DIRECTION('',(-6.16297582203915E-32,-1.,-1.81014623580188E-16));
#14778=DIRECTION('',(-1.,1.43261518547519E-31,-5.55111512312578E-16));
#14779=DIRECTION('',(-5.55111512312578E-16,0.,1.));
#14780=DIRECTION('',(-4.27782171012288E-32,-1.,-1.81014623580188E-16));
#14781=DIRECTION('',(-4.27782171012287E-32,-1.,-1.81014623580188E-16));
#14782=DIRECTION('',(0.5,-1.56763262476921E-16,0.866025403784439));
#14783=DIRECTION('',(0.866025403784439,0.,-0.5));
#14784=DIRECTION('',(-2.46519032881566E-32,-1.,-1.81014623580188E-16));
#14785=DIRECTION('',(-4.93038065763132E-32,-1.,-1.81014623580188E-16));
#14786=DIRECTION('',(-0.5,-1.56763262476921E-16,0.866025403784438));
#14787=DIRECTION('',(0.866025403784439,0.,0.5));
#14788=DIRECTION('',(6.16297582203916E-32,1.,1.81014623580188E-16));
#14789=DIRECTION('',(-6.16297582203916E-32,-1.,-1.81014623580188E-16));
#14790=DIRECTION('',(4.27782171012287E-32,1.,1.81014623580188E-16));
#14791=DIRECTION('',(0.,-1.81014623580188E-16,1.));
#14792=DIRECTION('',(4.27782171012287E-32,1.,1.81014623580188E-16));
#14793=DIRECTION('',(4.27782171012287E-32,1.,1.81014623580188E-16));
#14794=DIRECTION('',(4.27782171012287E-32,1.,1.81014623580188E-16));
#14795=DIRECTION('',(0.,-1.81014623580188E-16,1.));
#14796=DIRECTION('',(4.27782171012287E-32,1.,1.81014623580188E-16));
#14797=DIRECTION('',(4.27782171012287E-32,1.,1.81014623580188E-16));
#14798=DIRECTION('',(4.27782171012287E-32,1.,1.81014623580188E-16));
#14799=DIRECTION('',(0.,-1.81014623580188E-16,1.));
#14800=DIRECTION('',(4.27782171012287E-32,1.,1.81014623580188E-16));
#14801=DIRECTION('',(0.,-1.81014623580188E-16,1.));
#14802=DIRECTION('',(4.27782171012287E-32,1.,1.81014623580188E-16));
#14803=DIRECTION('',(0.,-1.81014623580188E-16,1.));
#14804=DIRECTION('',(-4.26983489983615E-32,-1.,-1.81014623580188E-16));
#14805=DIRECTION('',(0.,1.81014623580188E-16,-1.));
#14806=DIRECTION('',(4.27782171012288E-32,1.,1.81014623580188E-16));
#14807=DIRECTION('',(0.,-1.81014623580188E-16,1.));
#14808=DIRECTION('',(-7.11639149972692E-32,-1.,-1.81014623580188E-16));
#14809=DIRECTION('',(0.,1.81014623580188E-16,-1.));
#14810=DIRECTION('',(-4.27782171012288E-32,-1.,-1.81014623580188E-16));
#14811=DIRECTION('',(0.,1.81014623580188E-16,-1.));
#14812=DIRECTION('',(0.5,-1.56763262476921E-16,0.866025403784439));
#14813=DIRECTION('',(0.866025403784439,0.,-0.5));
#14814=DIRECTION('',(-6.32811226148795E-32,-1.,-1.81014623580188E-16));
#14815=DIRECTION('',(-2.63032676826445E-32,-1.,-1.81014623580188E-16));
#14816=DIRECTION('',(-0.5,-1.56763262476921E-16,0.866025403784438));
#14817=DIRECTION('',(0.866025403784439,0.,0.5));
#14818=DIRECTION('',(-4.93038065763133E-32,-1.,-1.81014623580188E-16));
#14819=DIRECTION('',(-7.39557098644699E-32,-1.,-1.81014623580188E-16));
#14820=DIRECTION('',(-4.27782171012288E-32,-1.,-1.81014623580188E-16));
#14821=DIRECTION('',(0.,1.81014623580188E-16,-1.));
#14822=DIRECTION('',(-5.69311319978154E-32,-1.,-1.81014623580188E-16));
#14823=DIRECTION('',(0.,1.81014623580188E-16,-1.));
#14824=DIRECTION('',(4.27782171012288E-32,1.,1.81014623580188E-16));
#14825=DIRECTION('',(0.,-1.81014623580188E-16,1.));
#14826=DIRECTION('',(-1.,5.84787329522117E-32,-8.67361737988403E-17));
#14827=DIRECTION('',(-8.67361737988403E-17,0.,1.));
#14828=DIRECTION('',(4.27782171012288E-32,1.,1.81014623580188E-16));
#14829=DIRECTION('',(4.27782171012288E-32,1.,1.81014623580188E-16));
#14830=DIRECTION('',(0.5,-1.56763262476921E-16,0.866025403784439));
#14831=DIRECTION('',(0.866025403784439,0.,-0.5));
#14832=DIRECTION('',(3.5326490537747E-32,1.,1.81014623580188E-16));
#14833=DIRECTION('',(-5.99783938259036E-32,-1.,-1.81014623580188E-16));
#14834=DIRECTION('',(-0.5,-1.56763262476921E-16,0.866025403784438));
#14835=DIRECTION('',(0.866025403784439,0.,0.5));
#14836=DIRECTION('',(-5.99783938259036E-32,-1.,-1.81014623580188E-16));
#14837=DIRECTION('',(7.39557098644699E-32,1.,1.81014623580188E-16));
#14838=DIRECTION('',(-1.,4.27782171012287E-32,0.));
#14839=DIRECTION('',(-4.27782171012288E-32,-1.,0.));
#14840=DIRECTION('',(-4.27782171012288E-32,-1.,-1.81014623580188E-16));
#14841=DIRECTION('',(-4.27782171012288E-32,-1.,-1.81014623580188E-16));
#14842=DIRECTION('',(-4.27782171012288E-32,-1.,-1.81014623580188E-16));
#14843=DIRECTION('',(0.,1.81014623580188E-16,-1.));
#14844=DIRECTION('',(4.27782171012288E-32,1.,1.81014623580188E-16));
#14845=DIRECTION('',(0.,-1.81014623580188E-16,1.));
#14846=DIRECTION('',(-4.27782171012287E-32,-1.,-1.81014623580188E-16));
#14847=DIRECTION('',(0.,1.81014623580188E-16,-1.));
#14848=DIRECTION('',(4.27782171012288E-32,1.,1.81014623580188E-16));
#14849=DIRECTION('',(0.,-1.81014623580188E-16,1.));
#14850=DIRECTION('',(-2.08367244386762E-16,-1.81014623580188E-16,1.));
#14851=DIRECTION('',(1.,0.,2.08367244386762E-16));
#14852=DIRECTION('',(-4.27782171012288E-32,-1.,-1.81014623580188E-16));
#14853=DIRECTION('',(-4.27782171012288E-32,-1.,-1.81014623580188E-16));
#14854=DIRECTION('',(-6.25101733160289E-16,-1.81014623580188E-16,1.));
#14855=DIRECTION('',(1.,0.,6.25101733160289E-16));
#14856=DIRECTION('',(-4.27782171012288E-32,-1.,-1.81014623580188E-16));
#14857=DIRECTION('',(-4.27782171012288E-32,-1.,-1.81014623580188E-16));
#14858=DIRECTION('',(-4.27782171012288E-32,-1.,-1.81014623580188E-16));
#14859=DIRECTION('',(0.,1.81014623580188E-16,-1.));
#14860=DIRECTION('',(4.27782171012288E-32,1.,1.81014623580188E-16));
#14861=DIRECTION('',(0.,-1.81014623580188E-16,1.));
#14862=DIRECTION('',(-4.27782171012288E-32,-1.,-1.81014623580188E-16));
#14863=DIRECTION('',(0.,1.81014623580188E-16,-1.));
#14864=DIRECTION('',(4.27782171012288E-32,1.,1.81014623580188E-16));
#14865=DIRECTION('',(0.,-1.81014623580188E-16,1.));
#14866=CARTESIAN_POINT('',(0.,0.,0.));
#14867=CARTESIAN_POINT('',(-0.0816025403784439,0.112,-0.035));
#14868=CARTESIAN_POINT('',(-0.0816025403784439,0.12,-0.065));
#14869=CARTESIAN_POINT('',(-0.0816025403784439,0.12,-0.033));
#14870=CARTESIAN_POINT('',(-0.0816025403784439,0.12,-0.0265414518843274));
#14871=CARTESIAN_POINT('',(-0.0816025403784439,0.112,-0.033));
#14872=CARTESIAN_POINT('',(-0.0816025403784439,0.13,-0.033));
#14873=CARTESIAN_POINT('',(-0.0816025403784439,0.13,-0.0725));
#14874=CARTESIAN_POINT('',(-0.0816025403784439,0.13,-0.0265414518843274));
#14875=CARTESIAN_POINT('',(-0.0816025403784439,0.112,-0.0265414518843274));
#14876=CARTESIAN_POINT('',(-0.0483012701892219,0.112,-0.035));
#14877=CARTESIAN_POINT('',(-0.0483012701892219,0.13,-0.0725));
#14878=CARTESIAN_POINT('',(-0.048301270189222,0.13,-0.033));
#14879=CARTESIAN_POINT('',(-0.048301270189222,0.13,-0.0265414518843274));
#14880=CARTESIAN_POINT('',(-0.0483012701892219,0.12,-0.033));
#14881=CARTESIAN_POINT('',(-0.048301270189222,0.12,-0.033));
#14882=CARTESIAN_POINT('',(-0.0483012701892219,0.12,-0.065));
#14883=CARTESIAN_POINT('',(-0.048301270189222,0.12,-0.0265414518843274));
#14884=CARTESIAN_POINT('',(-0.048301270189222,0.112,-0.0265414518843274));
#14885=CARTESIAN_POINT('',(0.0483012701892219,0.112,-0.035));
#14886=CARTESIAN_POINT('',(0.0483012701892219,0.12,-0.065));
#14887=CARTESIAN_POINT('',(0.0483012701892219,0.12,-0.033));
#14888=CARTESIAN_POINT('',(0.0483012701892219,0.12,-0.0265414518843274));
#14889=CARTESIAN_POINT('',(0.0483012701892219,0.112,-0.033));
#14890=CARTESIAN_POINT('',(0.0483012701892219,0.13,-0.033));
#14891=CARTESIAN_POINT('',(0.048301270189222,0.13,-0.0725));
#14892=CARTESIAN_POINT('',(0.0483012701892219,0.13,-0.0265414518843274));
#14893=CARTESIAN_POINT('',(0.0483012701892219,0.112,-0.0265414518843274));
#14894=CARTESIAN_POINT('',(0.0816025403784439,0.112,-0.035));
#14895=CARTESIAN_POINT('',(0.0816025403784439,0.13,-0.0725));
#14896=CARTESIAN_POINT('',(0.0816025403784439,0.13,-0.033));
#14897=CARTESIAN_POINT('',(0.0816025403784439,0.13,-0.0265414518843274));
#14898=CARTESIAN_POINT('',(0.0816025403784439,0.12,-0.033));
#14899=CARTESIAN_POINT('',(0.0816025403784439,0.12,-0.033));
#14900=CARTESIAN_POINT('',(0.0816025403784439,0.12,-0.065));
#14901=CARTESIAN_POINT('',(0.0816025403784439,0.12,-0.0265414518843274));
#14902=CARTESIAN_POINT('',(0.0816025403784439,0.112,-0.0265414518843274));
#14903=CARTESIAN_POINT('',(5.20417042793042E-18,0.13,-0.065));
#14904=CARTESIAN_POINT('',(0.0503012701892219,0.13,-0.033));
#14905=CARTESIAN_POINT('',(0.0503012701892219,0.13,-0.035));
#14906=CARTESIAN_POINT('',(0.0649519052838329,0.13,-0.035));
#14907=CARTESIAN_POINT('',(0.0796025403784439,0.13,-0.035));
#14908=CARTESIAN_POINT('',(0.0796025403784439,0.13,-0.033));
#14909=CARTESIAN_POINT('',(0.0796025403784439,0.13,-0.0265414518843274));
#14910=CARTESIAN_POINT('',(0.0806025403784439,0.13,-0.0248094010767585));
#14911=CARTESIAN_POINT('',(0.0651582346706593,0.13,-0.0158926270189222));
#14912=CARTESIAN_POINT('',(0.0659519052838329,0.13,-0.0163508529610859));
#14913=CARTESIAN_POINT('',(0.0649519052838329,0.13,-0.0180829037686548));
#14914=CARTESIAN_POINT('',(0.0639519052838329,0.13,-0.0163508529610859));
#14915=CARTESIAN_POINT('',(0.0160316469341319,0.13,-0.0440176270189222));
#14916=CARTESIAN_POINT('',(0.0493012701892219,0.13,-0.0248094010767585));
#14917=CARTESIAN_POINT('',(0.0503012701892219,0.13,-0.0265414518843274));
#14918=CARTESIAN_POINT('',(-0.0796025403784439,0.13,-0.033));
#14919=CARTESIAN_POINT('',(-0.0796025403784439,0.13,-0.035));
#14920=CARTESIAN_POINT('',(-0.0649519052838329,0.13,-0.035));
#14921=CARTESIAN_POINT('',(-0.050301270189222,0.13,-0.035));
#14922=CARTESIAN_POINT('',(-0.050301270189222,0.13,-0.033));
#14923=CARTESIAN_POINT('',(-0.050301270189222,0.13,-0.0265414518843274));
#14924=CARTESIAN_POINT('',(-0.0493012701892219,0.13,-0.0248094010767585));
#14925=CARTESIAN_POINT('',(0.0326822820287428,0.13,-0.0721426270189222));
#14926=CARTESIAN_POINT('',(-0.0639519052838329,0.13,-0.0163508529610859));
#14927=CARTESIAN_POINT('',(-0.0649519052838329,0.13,-0.0180829037686548));
#14928=CARTESIAN_POINT('',(-0.0659519052838329,0.13,-0.0163508529610859));
#14929=CARTESIAN_POINT('',(-0.0164443057077846,0.13,0.0122323729810778));
#14930=CARTESIAN_POINT('',(-0.0806025403784439,0.13,-0.0248094010767585));
#14931=CARTESIAN_POINT('',(-0.0796025403784439,0.13,-0.0265414518843274));
#14932=CARTESIAN_POINT('',(0.,0.13,-0.005));
#14933=CARTESIAN_POINT('',(-0.115,0.13,-0.005));
#14934=CARTESIAN_POINT('',(0.115,0.13,-0.005));
#14935=CARTESIAN_POINT('',(0.115,0.13,-0.065));
#14936=CARTESIAN_POINT('',(0.115,0.13,-0.065));
#14937=CARTESIAN_POINT('',(5.20417042793042E-18,0.13,-0.065));
#14938=CARTESIAN_POINT('',(-0.115,0.13,-0.065));
#14939=CARTESIAN_POINT('',(-0.115,0.13,-0.065));
#14940=CARTESIAN_POINT('',(6.50732644167709E-51,0.13,-0.025503));
#14941=CARTESIAN_POINT('',(6.50732644167709E-51,0.13,-0.028093));
#14942=CARTESIAN_POINT('',(3.53613559049335E-51,0.13,-0.043537));
#14943=CARTESIAN_POINT('',(3.53613559049335E-51,0.13,-0.046127));
#14944=CARTESIAN_POINT('',(-0.0936025403784439,0.13,-0.0265414518843274));
#14945=CARTESIAN_POINT('',(-0.0926025403784439,0.13,-0.0248094010767585));
#14946=CARTESIAN_POINT('',(-0.0916025403784439,0.13,-0.0265414518843274));
#14947=CARTESIAN_POINT('',(0.0218569644814373,0.13,-0.0908926270189222));
#14948=CARTESIAN_POINT('',(-0.102,0.13,-0.0193837752345545));
#14949=CARTESIAN_POINT('',(-0.103,0.13,-0.0211158260421233));
#14950=CARTESIAN_POINT('',(-0.105,0.13,-0.0211158260421233));
#14951=CARTESIAN_POINT('',(-0.105,0.13,-0.0725));
#14952=CARTESIAN_POINT('',(-0.105,0.13,-0.0488841739578767));
#14953=CARTESIAN_POINT('',(-0.103,0.13,-0.0488841739578767));
#14954=CARTESIAN_POINT('',(-0.102,0.13,-0.0506162247654456));
#14955=CARTESIAN_POINT('',(-0.0106189881604792,0.13,0.00214262701892219));
#14956=CARTESIAN_POINT('',(-0.0926025403784439,0.13,-0.0451905989232415));
#14957=CARTESIAN_POINT('',(-0.0936025403784439,0.13,-0.0434585481156727));
#14958=CARTESIAN_POINT('',(-0.0916025403784439,0.13,-0.0434585481156727));
#14959=CARTESIAN_POINT('',(-0.0916025403784439,0.13,-0.0725));
#14960=CARTESIAN_POINT('',(-0.0363012701892219,0.13,-0.0265414518843274));
#14961=CARTESIAN_POINT('',(-0.0383012701892219,0.13,-0.0265414518843274));
#14962=CARTESIAN_POINT('',(-0.0373012701892219,0.13,-0.0248094010767585));
#14963=CARTESIAN_POINT('',(-0.0383012701892219,0.13,-0.0725));
#14964=CARTESIAN_POINT('',(-0.0383012701892219,0.13,-0.0434585481156727));
#14965=CARTESIAN_POINT('',(-0.0363012701892219,0.13,-0.0434585481156727));
#14966=CARTESIAN_POINT('',(-0.0373012701892219,0.13,-0.0451905989232415));
#14967=CARTESIAN_POINT('',(0.0268569644814373,0.13,-0.0822323729810778));
#14968=CARTESIAN_POINT('',(-0.022650635094611,0.13,-0.0536491470389141));
#14969=CARTESIAN_POINT('',(-0.021650635094611,0.13,-0.0519170962313453));
#14970=CARTESIAN_POINT('',(-0.020650635094611,0.13,-0.0536491470389141));
#14971=CARTESIAN_POINT('',(0.0110316469341318,0.13,-0.0353573729810778));
#14972=CARTESIAN_POINT('',(-0.0130356407945536,0.13,-0.0492526280298985));
#14973=CARTESIAN_POINT('',(-0.0140356407945536,0.13,-0.0475205772223297));
#14974=CARTESIAN_POINT('',(-0.0121116324608245,0.13,-0.0469745076921954));
#14975=CARTESIAN_POINT('',(-1.88162635590491E-48,0.13,-0.043537));
#14976=CARTESIAN_POINT('',(-0.00989772446723115,0.13,-0.035756052090473));
#14977=CARTESIAN_POINT('',(-0.0114700397122242,0.13,-0.03452));
#14978=CARTESIAN_POINT('',(-0.00989772446723116,0.13,-0.0332839479095271));
#14979=CARTESIAN_POINT('',(-1.88162635590491E-48,0.13,-0.025503));
#14980=CARTESIAN_POINT('',(-0.0122939179655312,0.13,-0.0227886527383571));
#14981=CARTESIAN_POINT('',(-0.0142468834882526,0.13,-0.0223574617515989));
#14982=CARTESIAN_POINT('',(-0.0132468834882526,0.13,-0.02062541094403));
#14983=CARTESIAN_POINT('',(0.0435075995760483,0.13,-0.0533926270189222));
#14984=CARTESIAN_POINT('',(-0.020650635094611,0.13,-0.0163508529610859));
#14985=CARTESIAN_POINT('',(-0.021650635094611,0.13,-0.0180829037686548));
#14986=CARTESIAN_POINT('',(-0.022650635094611,0.13,-0.0163508529610859));
#14987=CARTESIAN_POINT('',(-0.00561898816047916,0.13,-0.00651762701892221));
#14988=CARTESIAN_POINT('',(0.0376822820287428,0.13,-0.0634823729810778));
#14989=CARTESIAN_POINT('',(0.0130356407945536,0.13,-0.0492526280298986));
#14990=CARTESIAN_POINT('',(0.020650635094611,0.13,-0.0536491470389141));
#14991=CARTESIAN_POINT('',(0.021650635094611,0.13,-0.0519170962313453));
#14992=CARTESIAN_POINT('',(0.0226506350946109,0.13,-0.0536491470389141));
#14993=CARTESIAN_POINT('',(0.0218569644814373,0.13,-0.0541073729810778));
#14994=CARTESIAN_POINT('',(0.0373012701892219,0.13,-0.0451905989232415));
#14995=CARTESIAN_POINT('',(0.0363012701892219,0.13,-0.0434585481156727));
#14996=CARTESIAN_POINT('',(0.0383012701892219,0.13,-0.0434585481156727));
#14997=CARTESIAN_POINT('',(0.0383012701892219,0.13,-0.0725));
#14998=CARTESIAN_POINT('',(0.0383012701892219,0.13,-0.0265414518843274));
#14999=CARTESIAN_POINT('',(0.0363012701892219,0.13,-0.0265414518843274));
#15000=CARTESIAN_POINT('',(0.0373012701892219,0.13,-0.0248094010767585));
#15001=CARTESIAN_POINT('',(0.0543329171233538,0.13,-0.0346426270189222));
#15002=CARTESIAN_POINT('',(0.0226506350946109,0.13,-0.0163508529610859));
#15003=CARTESIAN_POINT('',(0.021650635094611,0.13,-0.0180829037686548));
#15004=CARTESIAN_POINT('',(0.020650635094611,0.13,-0.0163508529610859));
#15005=CARTESIAN_POINT('',(0.00520632938682634,0.13,-0.0252676270189222));
#15006=CARTESIAN_POINT('',(0.0132468834882526,0.13,-0.02062541094403));
#15007=CARTESIAN_POINT('',(0.0142468834882526,0.13,-0.0223574617515989));
#15008=CARTESIAN_POINT('',(0.0122939179655312,0.13,-0.0227886527383571));
#15009=CARTESIAN_POINT('',(-1.88162635590491E-48,0.13,-0.025503));
#15010=CARTESIAN_POINT('',(0.00989772446723116,0.13,-0.0332839479095271));
#15011=CARTESIAN_POINT('',(0.0114700397122242,0.13,-0.03452));
#15012=CARTESIAN_POINT('',(0.00989772446723115,0.13,-0.035756052090473));
#15013=CARTESIAN_POINT('',(-1.88162635590491E-48,0.13,-0.043537));
#15014=CARTESIAN_POINT('',(0.0121116324608245,0.13,-0.0469745076921954));
#15015=CARTESIAN_POINT('',(0.0140356407945536,0.13,-0.0475205772223297));
#15016=CARTESIAN_POINT('',(0.103,0.13,-0.0488841739578767));
#15017=CARTESIAN_POINT('',(0.105,0.13,-0.0488841739578767));
#15018=CARTESIAN_POINT('',(0.102,0.13,-0.0506162247654456));
#15019=CARTESIAN_POINT('',(0.105,0.13,-0.0725));
#15020=CARTESIAN_POINT('',(0.105,0.13,-0.0211158260421234));
#15021=CARTESIAN_POINT('',(0.103,0.13,-0.0211158260421234));
#15022=CARTESIAN_POINT('',(0.102,0.13,-0.0193837752345545));
#15023=CARTESIAN_POINT('',(0.0268569644814373,0.13,-0.0627676270189223));
#15024=CARTESIAN_POINT('',(0.0926025403784439,0.13,-0.0248094010767585));
#15025=CARTESIAN_POINT('',(0.0936025403784439,0.13,-0.0265414518843274));
#15026=CARTESIAN_POINT('',(0.0916025403784439,0.13,-0.0265414518843274));
#15027=CARTESIAN_POINT('',(0.0916025403784439,0.13,-0.0725));
#15028=CARTESIAN_POINT('',(0.0916025403784439,0.13,-0.0434585481156727));
#15029=CARTESIAN_POINT('',(0.0936025403784439,0.13,-0.0434585481156727));
#15030=CARTESIAN_POINT('',(0.0926025403784439,0.13,-0.0451905989232415));
#15031=CARTESIAN_POINT('',(0.0593329171233538,0.13,-0.0259823729810778));
#15032=CARTESIAN_POINT('',(3.29597460435593E-17,-0.13,-0.065));
#15033=CARTESIAN_POINT('',(-0.0160316469341318,-0.13,-0.0440176270189222));
#15034=CARTESIAN_POINT('',(-0.0493012701892219,-0.13,-0.0248094010767585));
#15035=CARTESIAN_POINT('',(-0.0639519052838329,-0.13,-0.0163508529610859));
#15036=CARTESIAN_POINT('',(-0.0503012701892219,-0.13,-0.0265414518843274));
#15037=CARTESIAN_POINT('',(-0.0483012701892219,-0.13,-0.0265414518843274));
#15038=CARTESIAN_POINT('',(-0.0483012701892219,-0.13,-0.0725));
#15039=CARTESIAN_POINT('',(-0.0483012701892219,-0.13,-0.0434585481156727));
#15040=CARTESIAN_POINT('',(-0.0503012701892219,-0.13,-0.0434585481156727));
#15041=CARTESIAN_POINT('',(-0.0493012701892219,-0.13,-0.0451905989232415));
#15042=CARTESIAN_POINT('',(-0.0485075995760483,-0.13,-0.0447323729810779));
#15043=CARTESIAN_POINT('',(-0.0639519052838329,-0.13,-0.0536491470389141));
#15044=CARTESIAN_POINT('',(-0.0649519052838329,-0.13,-0.0519170962313453));
#15045=CARTESIAN_POINT('',(-0.0659519052838329,-0.13,-0.0536491470389141));
#15046=CARTESIAN_POINT('',(-0.0326822820287428,-0.13,-0.0728573729810779));
#15047=CARTESIAN_POINT('',(-0.0806025403784439,-0.13,-0.0451905989232415));
#15048=CARTESIAN_POINT('',(-0.0796025403784439,-0.13,-0.0434585481156727));
#15049=CARTESIAN_POINT('',(-0.0816025403784439,-0.13,-0.0434585481156727));
#15050=CARTESIAN_POINT('',(-0.0816025403784439,-0.13,-0.0725));
#15051=CARTESIAN_POINT('',(-0.0816025403784439,-0.13,-0.0265414518843274));
#15052=CARTESIAN_POINT('',(-0.0796025403784439,-0.13,-0.0265414518843274));
#15053=CARTESIAN_POINT('',(-0.0806025403784439,-0.13,-0.0248094010767585));
#15054=CARTESIAN_POINT('',(-0.0651582346706593,-0.13,-0.0158926270189222));
#15055=CARTESIAN_POINT('',(-0.0659519052838329,-0.13,-0.0163508529610859));
#15056=CARTESIAN_POINT('',(-0.0649519052838329,-0.13,-0.0180829037686548));
#15057=CARTESIAN_POINT('',(0.0164443057077847,-0.13,0.0122323729810778));
#15058=CARTESIAN_POINT('',(0.0806025403784439,-0.13,-0.0248094010767585));
#15059=CARTESIAN_POINT('',(0.0659519052838329,-0.13,-0.0163508529610859));
#15060=CARTESIAN_POINT('',(0.0796025403784439,-0.13,-0.0265414518843274));
#15061=CARTESIAN_POINT('',(0.0816025403784439,-0.13,-0.0265414518843274));
#15062=CARTESIAN_POINT('',(0.0816025403784439,-0.13,-0.0725));
#15063=CARTESIAN_POINT('',(0.0816025403784439,-0.13,-0.0434585481156727));
#15064=CARTESIAN_POINT('',(0.0796025403784439,-0.13,-0.0434585481156727));
#15065=CARTESIAN_POINT('',(0.0806025403784439,-0.13,-0.0451905989232415));
#15066=CARTESIAN_POINT('',(-0.0160316469341318,-0.13,-0.100982372981078));
#15067=CARTESIAN_POINT('',(0.065951905283833,-0.13,-0.0536491470389141));
#15068=CARTESIAN_POINT('',(0.0649519052838329,-0.13,-0.0519170962313453));
#15069=CARTESIAN_POINT('',(0.0639519052838329,-0.13,-0.0536491470389141));
#15070=CARTESIAN_POINT('',(-0.000206329386826299,-0.13,-0.0166073729810778));
#15071=CARTESIAN_POINT('',(0.049301270189222,-0.13,-0.0451905989232415));
#15072=CARTESIAN_POINT('',(0.050301270189222,-0.13,-0.0434585481156727));
#15073=CARTESIAN_POINT('',(0.048301270189222,-0.13,-0.0434585481156727));
#15074=CARTESIAN_POINT('',(0.048301270189222,-0.13,-0.0725));
#15075=CARTESIAN_POINT('',(0.048301270189222,-0.13,-0.0265414518843274));
#15076=CARTESIAN_POINT('',(0.050301270189222,-0.13,-0.0265414518843274));
#15077=CARTESIAN_POINT('',(0.049301270189222,-0.13,-0.0248094010767585));
#15078=CARTESIAN_POINT('',(-0.0326822820287428,-0.13,-0.0721426270189222));
#15079=CARTESIAN_POINT('',(0.0639519052838329,-0.13,-0.0163508529610859));
#15080=CARTESIAN_POINT('',(0.0649519052838329,-0.13,-0.0180829037686548));
#15081=CARTESIAN_POINT('',(2.77555756156289E-17,-0.13,-0.005));
#15082=CARTESIAN_POINT('',(0.115,-0.13,-0.005));
#15083=CARTESIAN_POINT('',(-0.115,-0.13,-0.005));
#15084=CARTESIAN_POINT('',(-0.115,-0.13,-0.065));
#15085=CARTESIAN_POINT('',(-0.115,-0.13,-0.065));
#15086=CARTESIAN_POINT('',(3.29597460435593E-17,-0.13,-0.065));
#15087=CARTESIAN_POINT('',(0.115,-0.13,-0.065));
#15088=CARTESIAN_POINT('',(0.115,-0.13,-0.065));
#15089=CARTESIAN_POINT('',(3.53613559049335E-51,-0.13,-0.043537));
#15090=CARTESIAN_POINT('',(3.53613559049335E-51,-0.13,-0.046127));
#15091=CARTESIAN_POINT('',(6.50732644167709E-51,-0.13,-0.025503));
#15092=CARTESIAN_POINT('',(6.50732644167709E-51,-0.13,-0.028093));
#15093=CARTESIAN_POINT('',(0.0936025403784439,-0.13,-0.0265414518843274));
#15094=CARTESIAN_POINT('',(0.0926025403784439,-0.13,-0.0248094010767585));
#15095=CARTESIAN_POINT('',(0.0916025403784439,-0.13,-0.0265414518843274));
#15096=CARTESIAN_POINT('',(-0.0218569644814373,-0.13,-0.0908926270189222));
#15097=CARTESIAN_POINT('',(0.102,-0.13,-0.0193837752345545));
#15098=CARTESIAN_POINT('',(0.103,-0.13,-0.0211158260421234));
#15099=CARTESIAN_POINT('',(0.105,-0.13,-0.0211158260421234));
#15100=CARTESIAN_POINT('',(0.105,-0.13,-0.0725));
#15101=CARTESIAN_POINT('',(0.105,-0.13,-0.0488841739578767));
#15102=CARTESIAN_POINT('',(0.103,-0.13,-0.0488841739578767));
#15103=CARTESIAN_POINT('',(0.102,-0.13,-0.0506162247654456));
#15104=CARTESIAN_POINT('',(0.0106189881604792,-0.13,0.00214262701892219));
#15105=CARTESIAN_POINT('',(0.0926025403784439,-0.13,-0.0451905989232415));
#15106=CARTESIAN_POINT('',(0.0936025403784439,-0.13,-0.0434585481156727));
#15107=CARTESIAN_POINT('',(0.0916025403784439,-0.13,-0.0434585481156727));
#15108=CARTESIAN_POINT('',(0.0916025403784439,-0.13,-0.0725));
#15109=CARTESIAN_POINT('',(0.036301270189222,-0.13,-0.0265414518843274));
#15110=CARTESIAN_POINT('',(0.0383012701892219,-0.13,-0.0265414518843274));
#15111=CARTESIAN_POINT('',(0.037301270189222,-0.13,-0.0248094010767585));
#15112=CARTESIAN_POINT('',(0.0383012701892219,-0.13,-0.0725));
#15113=CARTESIAN_POINT('',(0.0383012701892219,-0.13,-0.0434585481156727));
#15114=CARTESIAN_POINT('',(0.0363012701892219,-0.13,-0.0434585481156727));
#15115=CARTESIAN_POINT('',(0.0373012701892219,-0.13,-0.0451905989232415));
#15116=CARTESIAN_POINT('',(-0.0268569644814373,-0.13,-0.0822323729810778));
#15117=CARTESIAN_POINT('',(0.022650635094611,-0.13,-0.0536491470389141));
#15118=CARTESIAN_POINT('',(0.021650635094611,-0.13,-0.0519170962313453));
#15119=CARTESIAN_POINT('',(0.020650635094611,-0.13,-0.0536491470389141));
#15120=CARTESIAN_POINT('',(-0.0110316469341318,-0.13,-0.0353573729810779));
#15121=CARTESIAN_POINT('',(0.0130356407945536,-0.13,-0.0492526280298985));
#15122=CARTESIAN_POINT('',(0.0140356407945536,-0.13,-0.0475205772223297));
#15123=CARTESIAN_POINT('',(0.0121116324608245,-0.13,-0.0469745076921954));
#15124=CARTESIAN_POINT('',(-5.07825294917517E-50,-0.13,-0.043537));
#15125=CARTESIAN_POINT('',(0.00989772446723115,-0.13,-0.035756052090473));
#15126=CARTESIAN_POINT('',(0.0114700397122242,-0.13,-0.03452));
#15127=CARTESIAN_POINT('',(0.00989772446723116,-0.13,-0.0332839479095271));
#15128=CARTESIAN_POINT('',(-4.81097647816595E-50,-0.13,-0.025503));
#15129=CARTESIAN_POINT('',(0.0122939179655312,-0.13,-0.0227886527383571));
#15130=CARTESIAN_POINT('',(0.0142468834882526,-0.13,-0.0223574617515989));
#15131=CARTESIAN_POINT('',(0.0132468834882526,-0.13,-0.0206254109440301));
#15132=CARTESIAN_POINT('',(-0.0435075995760483,-0.13,-0.0533926270189222));
#15133=CARTESIAN_POINT('',(0.020650635094611,-0.13,-0.0163508529610859));
#15134=CARTESIAN_POINT('',(0.021650635094611,-0.13,-0.0180829037686548));
#15135=CARTESIAN_POINT('',(0.022650635094611,-0.13,-0.0163508529610859));
#15136=CARTESIAN_POINT('',(0.00561898816047918,-0.13,-0.00651762701892222));
#15137=CARTESIAN_POINT('',(-0.0376822820287428,-0.13,-0.0634823729810778));
#15138=CARTESIAN_POINT('',(-0.0130356407945536,-0.13,-0.0492526280298986));
#15139=CARTESIAN_POINT('',(-0.020650635094611,-0.13,-0.0536491470389142));
#15140=CARTESIAN_POINT('',(-0.021650635094611,-0.13,-0.0519170962313453));
#15141=CARTESIAN_POINT('',(-0.0226506350946109,-0.13,-0.0536491470389141));
#15142=CARTESIAN_POINT('',(-0.0218569644814373,-0.13,-0.0541073729810778));
#15143=CARTESIAN_POINT('',(-0.0373012701892219,-0.13,-0.0451905989232415));
#15144=CARTESIAN_POINT('',(-0.0363012701892219,-0.13,-0.0434585481156727));
#15145=CARTESIAN_POINT('',(-0.0383012701892219,-0.13,-0.0434585481156727));
#15146=CARTESIAN_POINT('',(-0.0383012701892219,-0.13,-0.0725));
#15147=CARTESIAN_POINT('',(-0.0383012701892219,-0.13,-0.0265414518843274));
#15148=CARTESIAN_POINT('',(-0.0363012701892219,-0.13,-0.0265414518843274));
#15149=CARTESIAN_POINT('',(-0.0373012701892219,-0.13,-0.0248094010767585));
#15150=CARTESIAN_POINT('',(-0.0543329171233538,-0.13,-0.0346426270189222));
#15151=CARTESIAN_POINT('',(-0.0226506350946109,-0.13,-0.0163508529610859));
#15152=CARTESIAN_POINT('',(-0.021650635094611,-0.13,-0.0180829037686548));
#15153=CARTESIAN_POINT('',(-0.020650635094611,-0.13,-0.0163508529610859));
#15154=CARTESIAN_POINT('',(-0.00520632938682631,-0.13,-0.0252676270189223));
#15155=CARTESIAN_POINT('',(-0.0132468834882526,-0.13,-0.02062541094403));
#15156=CARTESIAN_POINT('',(-0.0142468834882526,-0.13,-0.0223574617515989));
#15157=CARTESIAN_POINT('',(-0.0122939179655312,-0.13,-0.0227886527383571));
#15158=CARTESIAN_POINT('',(-4.81097647816595E-50,-0.13,-0.025503));
#15159=CARTESIAN_POINT('',(-0.00989772446723116,-0.13,-0.0332839479095271));
#15160=CARTESIAN_POINT('',(-0.0114700397122242,-0.13,-0.03452));
#15161=CARTESIAN_POINT('',(-0.00989772446723115,-0.13,-0.035756052090473));
#15162=CARTESIAN_POINT('',(-5.07825294917517E-50,-0.13,-0.043537));
#15163=CARTESIAN_POINT('',(-0.0121116324608245,-0.13,-0.0469745076921954));
#15164=CARTESIAN_POINT('',(-0.0140356407945536,-0.13,-0.0475205772223297));
#15165=CARTESIAN_POINT('',(-0.103,-0.13,-0.0488841739578767));
#15166=CARTESIAN_POINT('',(-0.105,-0.13,-0.0488841739578767));
#15167=CARTESIAN_POINT('',(-0.102,-0.13,-0.0506162247654456));
#15168=CARTESIAN_POINT('',(-0.105,-0.13,-0.0725));
#15169=CARTESIAN_POINT('',(-0.105,-0.13,-0.0211158260421234));
#15170=CARTESIAN_POINT('',(-0.103,-0.13,-0.0211158260421234));
#15171=CARTESIAN_POINT('',(-0.102,-0.13,-0.0193837752345545));
#15172=CARTESIAN_POINT('',(-0.0268569644814373,-0.13,-0.0627676270189223));
#15173=CARTESIAN_POINT('',(-0.0926025403784439,-0.13,-0.0248094010767585));
#15174=CARTESIAN_POINT('',(-0.0936025403784439,-0.13,-0.0265414518843274));
#15175=CARTESIAN_POINT('',(-0.0916025403784439,-0.13,-0.0265414518843274));
#15176=CARTESIAN_POINT('',(-0.0916025403784439,-0.13,-0.0725));
#15177=CARTESIAN_POINT('',(-0.0916025403784439,-0.13,-0.0434585481156727));
#15178=CARTESIAN_POINT('',(-0.0936025403784439,-0.13,-0.0434585481156727));
#15179=CARTESIAN_POINT('',(-0.0926025403784439,-0.13,-0.0451905989232415));
#15180=CARTESIAN_POINT('',(-0.0593329171233538,-0.13,-0.0259823729810778));
#15181=CARTESIAN_POINT('',(3.29597460435593E-17,-0.12,-0.065));
#15182=CARTESIAN_POINT('',(-0.00574759526419165,-0.12,-0.0749551270189223));
#15183=CARTESIAN_POINT('',(-0.0926025403784439,-0.12,-0.0248094010767585));
#15184=CARTESIAN_POINT('',(-0.102,-0.12,-0.0193837752345545));
#15185=CARTESIAN_POINT('',(-0.103,-0.12,-0.0211158260421234));
#15186=CARTESIAN_POINT('',(-0.105,-0.12,-0.0211158260421234));
#15187=CARTESIAN_POINT('',(-0.105,-0.12,-0.065));
#15188=CARTESIAN_POINT('',(-0.105,-0.12,-0.0488841739578767));
#15189=CARTESIAN_POINT('',(-0.103,-0.12,-0.0488841739578767));
#15190=CARTESIAN_POINT('',(-0.102,-0.12,-0.0506162247654456));
#15191=CARTESIAN_POINT('',(-0.0317283573777248,-0.12,-0.0100448729810778));
#15192=CARTESIAN_POINT('',(-0.0926025403784439,-0.12,-0.0451905989232415));
#15193=CARTESIAN_POINT('',(-0.0936025403784439,-0.12,-0.0434585481156727));
#15194=CARTESIAN_POINT('',(-0.0916025403784439,-0.12,-0.0434585481156727));
#15195=CARTESIAN_POINT('',(-0.0916025403784439,-0.12,-0.065));
#15196=CARTESIAN_POINT('',(-0.0916025403784439,-0.12,-0.0265414518843274));
#15197=CARTESIAN_POINT('',(-0.0936025403784439,-0.12,-0.0265414518843274));
#15198=CARTESIAN_POINT('',(-0.0483012701892219,-0.12,-0.065));
#15199=CARTESIAN_POINT('',(-0.0483012701892219,-0.12,-0.0434585481156727));
#15200=CARTESIAN_POINT('',(-0.0483012701892219,-0.12,-0.0265414518843274));
#15201=CARTESIAN_POINT('',(-0.0503012701892219,-0.12,-0.0265414518843274));
#15202=CARTESIAN_POINT('',(-0.0493012701892219,-0.12,-0.0248094010767585));
#15203=CARTESIAN_POINT('',(0.00507772228311386,-0.12,-0.0562051270189223));
#15204=CARTESIAN_POINT('',(-0.0639519052838329,-0.12,-0.0163508529610859));
#15205=CARTESIAN_POINT('',(-0.0649519052838329,-0.12,-0.0180829037686548));
#15206=CARTESIAN_POINT('',(-0.0659519052838329,-0.12,-0.0163508529610859));
#15207=CARTESIAN_POINT('',(-0.0375536749250303,-0.12,4.48729810778037E-5));
#15208=CARTESIAN_POINT('',(-0.0806025403784439,-0.12,-0.0248094010767585));
#15209=CARTESIAN_POINT('',(-0.0796025403784439,-0.12,-0.0265414518843274));
#15210=CARTESIAN_POINT('',(-0.0816025403784439,-0.12,-0.0265414518843274));
#15211=CARTESIAN_POINT('',(-0.0816025403784439,-0.12,-0.065));
#15212=CARTESIAN_POINT('',(-0.0816025403784439,-0.12,-0.0434585481156727));
#15213=CARTESIAN_POINT('',(-0.0796025403784439,-0.12,-0.0434585481156727));
#15214=CARTESIAN_POINT('',(-0.0806025403784439,-0.12,-0.0451905989232415));
#15215=CARTESIAN_POINT('',(-0.0115729128114971,-0.12,-0.0850448729810779));
#15216=CARTESIAN_POINT('',(-0.0659519052838329,-0.12,-0.0536491470389141));
#15217=CARTESIAN_POINT('',(-0.0649519052838329,-0.12,-0.0519170962313453));
#15218=CARTESIAN_POINT('',(-0.0639519052838329,-0.12,-0.0536491470389141));
#15219=CARTESIAN_POINT('',(-0.0209030398304193,-0.12,-0.0287948729810778));
#15220=CARTESIAN_POINT('',(-0.0493012701892219,-0.12,-0.0451905989232415));
#15221=CARTESIAN_POINT('',(-0.0503012701892219,-0.12,-0.0434585481156727));
#15222=CARTESIAN_POINT('',(2.77555756156289E-17,-0.12,-0.005));
#15223=CARTESIAN_POINT('',(-0.115,-0.12,-0.005));
#15224=CARTESIAN_POINT('',(0.115,-0.12,-0.005));
#15225=CARTESIAN_POINT('',(0.115,-0.12,-0.065));
#15226=CARTESIAN_POINT('',(0.115,-0.12,-0.065));
#15227=CARTESIAN_POINT('',(3.29597460435593E-17,-0.12,-0.065));
#15228=CARTESIAN_POINT('',(-0.115,-0.12,-0.065));
#15229=CARTESIAN_POINT('',(-0.115,-0.12,-0.065));
#15230=CARTESIAN_POINT('',(-9.10174831941058E-36,-0.12,-0.043537));
#15231=CARTESIAN_POINT('',(-9.10174831941058E-36,-0.12,-0.046127));
#15232=CARTESIAN_POINT('',(-9.10174831941057E-36,-0.12,-0.025503));
#15233=CARTESIAN_POINT('',(-9.10174831941057E-36,-0.12,-0.028093));
#15234=CARTESIAN_POINT('',(0.105,-0.12,-0.065));
#15235=CARTESIAN_POINT('',(0.105,-0.12,-0.0488841739578767));
#15236=CARTESIAN_POINT('',(0.105,-0.12,-0.0211158260421234));
#15237=CARTESIAN_POINT('',(0.103,-0.12,-0.0211158260421234));
#15238=CARTESIAN_POINT('',(0.102,-0.12,-0.0193837752345545));
#15239=CARTESIAN_POINT('',(0.0057475952641917,-0.12,-0.0749551270189222));
#15240=CARTESIAN_POINT('',(0.0926025403784439,-0.12,-0.0248094010767585));
#15241=CARTESIAN_POINT('',(0.0936025403784439,-0.12,-0.0265414518843274));
#15242=CARTESIAN_POINT('',(0.0916025403784439,-0.12,-0.0265414518843274));
#15243=CARTESIAN_POINT('',(0.0916025403784439,-0.12,-0.065));
#15244=CARTESIAN_POINT('',(0.0916025403784439,-0.12,-0.0434585481156727));
#15245=CARTESIAN_POINT('',(0.0936025403784439,-0.12,-0.0434585481156727));
#15246=CARTESIAN_POINT('',(0.0926025403784439,-0.12,-0.0451905989232415));
#15247=CARTESIAN_POINT('',(0.0317283573777249,-0.12,-0.0100448729810778));
#15248=CARTESIAN_POINT('',(0.102,-0.12,-0.0506162247654456));
#15249=CARTESIAN_POINT('',(0.103,-0.12,-0.0488841739578767));
#15250=CARTESIAN_POINT('',(0.0816025403784439,-0.12,-0.065));
#15251=CARTESIAN_POINT('',(0.0816025403784439,-0.12,-0.0434585481156727));
#15252=CARTESIAN_POINT('',(0.0816025403784439,-0.12,-0.0265414518843274));
#15253=CARTESIAN_POINT('',(0.0796025403784439,-0.12,-0.0265414518843274));
#15254=CARTESIAN_POINT('',(0.0806025403784439,-0.12,-0.0248094010767585));
#15255=CARTESIAN_POINT('',(0.0375536749250304,-0.12,4.48729810778037E-5));
#15256=CARTESIAN_POINT('',(0.0659519052838329,-0.12,-0.0163508529610859));
#15257=CARTESIAN_POINT('',(0.0649519052838329,-0.12,-0.0180829037686548));
#15258=CARTESIAN_POINT('',(0.0639519052838329,-0.12,-0.0163508529610859));
#15259=CARTESIAN_POINT('',(-0.0050777222831138,-0.12,-0.0562051270189222));
#15260=CARTESIAN_POINT('',(0.049301270189222,-0.12,-0.0248094010767585));
#15261=CARTESIAN_POINT('',(0.050301270189222,-0.12,-0.0265414518843274));
#15262=CARTESIAN_POINT('',(0.048301270189222,-0.12,-0.0265414518843274));
#15263=CARTESIAN_POINT('',(0.048301270189222,-0.12,-0.065));
#15264=CARTESIAN_POINT('',(0.048301270189222,-0.12,-0.0434585481156727));
#15265=CARTESIAN_POINT('',(0.050301270189222,-0.12,-0.0434585481156727));
#15266=CARTESIAN_POINT('',(0.049301270189222,-0.12,-0.0451905989232415));
#15267=CARTESIAN_POINT('',(0.0209030398304194,-0.12,-0.0287948729810778));
#15268=CARTESIAN_POINT('',(0.0639519052838329,-0.12,-0.0536491470389141));
#15269=CARTESIAN_POINT('',(0.0649519052838329,-0.12,-0.0519170962313453));
#15270=CARTESIAN_POINT('',(0.0659519052838329,-0.12,-0.0536491470389141));
#15271=CARTESIAN_POINT('',(0.0115729128114972,-0.12,-0.0850448729810778));
#15272=CARTESIAN_POINT('',(0.0806025403784439,-0.12,-0.0451905989232415));
#15273=CARTESIAN_POINT('',(0.0796025403784439,-0.12,-0.0434585481156727));
#15274=CARTESIAN_POINT('',(0.021650635094611,-0.12,-0.0180829037686548));
#15275=CARTESIAN_POINT('',(0.022650635094611,-0.12,-0.0163508529610859));
#15276=CARTESIAN_POINT('',(0.020650635094611,-0.12,-0.0163508529610859));
#15277=CARTESIAN_POINT('',(-0.0159030398304193,-0.12,-0.0374551270189222));
#15278=CARTESIAN_POINT('',(0.0132468834882526,-0.12,-0.02062541094403));
#15279=CARTESIAN_POINT('',(0.0142468834882526,-0.12,-0.0223574617515989));
#15280=CARTESIAN_POINT('',(0.0122939179655312,-0.12,-0.0227886527383571));
#15281=CARTESIAN_POINT('',(-9.10174831941057E-36,-0.12,-0.025503));
#15282=CARTESIAN_POINT('',(0.00989772446723116,-0.12,-0.0332839479095271));
#15283=CARTESIAN_POINT('',(0.0114700397122242,-0.12,-0.03452));
#15284=CARTESIAN_POINT('',(0.00989772446723115,-0.12,-0.035756052090473));
#15285=CARTESIAN_POINT('',(-9.10174831941057E-36,-0.12,-0.043537));
#15286=CARTESIAN_POINT('',(0.0121116324608245,-0.12,-0.0469745076921954));
#15287=CARTESIAN_POINT('',(0.0140356407945536,-0.12,-0.0475205772223296));
#15288=CARTESIAN_POINT('',(0.0130356407945536,-0.12,-0.0492526280298985));
#15289=CARTESIAN_POINT('',(0.0100777222831139,-0.12,-0.0475448729810778));
#15290=CARTESIAN_POINT('',(0.020650635094611,-0.12,-0.0536491470389141));
#15291=CARTESIAN_POINT('',(0.021650635094611,-0.12,-0.0519170962313453));
#15292=CARTESIAN_POINT('',(0.022650635094611,-0.12,-0.0536491470389141));
#15293=CARTESIAN_POINT('',(0.000747595264191677,-0.12,-0.0662948729810778));
#15294=CARTESIAN_POINT('',(0.0373012701892219,-0.12,-0.0451905989232415));
#15295=CARTESIAN_POINT('',(0.0363012701892219,-0.12,-0.0434585481156727));
#15296=CARTESIAN_POINT('',(0.0383012701892219,-0.12,-0.0434585481156727));
#15297=CARTESIAN_POINT('',(0.0383012701892219,-0.12,-0.065));
#15298=CARTESIAN_POINT('',(0.038301270189222,-0.12,-0.0265414518843274));
#15299=CARTESIAN_POINT('',(0.036301270189222,-0.12,-0.0265414518843274));
#15300=CARTESIAN_POINT('',(0.037301270189222,-0.12,-0.0248094010767585));
#15301=CARTESIAN_POINT('',(0.0267283573777249,-0.12,-0.0187051270189222));
#15302=CARTESIAN_POINT('',(-9.10174831941057E-36,-0.12,-0.025503));
#15303=CARTESIAN_POINT('',(-0.0122939179655312,-0.12,-0.0227886527383571));
#15304=CARTESIAN_POINT('',(-0.00989772446723116,-0.12,-0.0332839479095271));
#15305=CARTESIAN_POINT('',(-0.0142468834882526,-0.12,-0.0223574617515989));
#15306=CARTESIAN_POINT('',(-0.0132468834882526,-0.12,-0.02062541094403));
#15307=CARTESIAN_POINT('',(0.0159030398304193,-0.12,-0.0374551270189223));
#15308=CARTESIAN_POINT('',(-0.020650635094611,-0.12,-0.0163508529610859));
#15309=CARTESIAN_POINT('',(-0.021650635094611,-0.12,-0.0180829037686548));
#15310=CARTESIAN_POINT('',(-0.0226506350946109,-0.12,-0.0163508529610859));
#15311=CARTESIAN_POINT('',(-0.0267283573777248,-0.12,-0.0187051270189222));
#15312=CARTESIAN_POINT('',(-0.0373012701892219,-0.12,-0.0248094010767585));
#15313=CARTESIAN_POINT('',(-0.0363012701892219,-0.12,-0.0265414518843274));
#15314=CARTESIAN_POINT('',(-0.0383012701892219,-0.12,-0.0265414518843274));
#15315=CARTESIAN_POINT('',(-0.0383012701892219,-0.12,-0.065));
#15316=CARTESIAN_POINT('',(-0.0383012701892219,-0.12,-0.0434585481156727));
#15317=CARTESIAN_POINT('',(-0.0363012701892219,-0.12,-0.0434585481156727));
#15318=CARTESIAN_POINT('',(-0.0373012701892219,-0.12,-0.0451905989232415));
#15319=CARTESIAN_POINT('',(-0.000747595264191626,-0.12,-0.0662948729810779));
#15320=CARTESIAN_POINT('',(-0.0226506350946109,-0.12,-0.0536491470389141));
#15321=CARTESIAN_POINT('',(-0.021650635094611,-0.12,-0.0519170962313453));
#15322=CARTESIAN_POINT('',(-0.020650635094611,-0.12,-0.0536491470389141));
#15323=CARTESIAN_POINT('',(-0.0100777222831138,-0.12,-0.0475448729810778));
#15324=CARTESIAN_POINT('',(-0.0130356407945536,-0.12,-0.0492526280298986));
#15325=CARTESIAN_POINT('',(-0.0140356407945536,-0.12,-0.0475205772223297));
#15326=CARTESIAN_POINT('',(-0.0121116324608245,-0.12,-0.0469745076921954));
#15327=CARTESIAN_POINT('',(-9.10174831941057E-36,-0.12,-0.043537));
#15328=CARTESIAN_POINT('',(-0.00989772446723116,-0.12,-0.035756052090473));
#15329=CARTESIAN_POINT('',(-0.0114700397122242,-0.12,-0.03452));
#15330=CARTESIAN_POINT('',(0.,0.,0.01));
#15331=CARTESIAN_POINT('',(0.0979326673973661,-0.0390414518843274,0.01));
#15332=CARTESIAN_POINT('',(0.0969326673973661,-0.0373094010767585,0.01));
#15333=CARTESIAN_POINT('',(0.0959326673973661,-0.0390414518843274,0.01));
#15334=CARTESIAN_POINT('',(-0.0164443057077845,-0.102767627018922,0.01));
#15335=CARTESIAN_POINT('',(0.102,-0.0343837752345545,0.01));
#15336=CARTESIAN_POINT('',(0.103,-0.0361158260421234,0.01));
#15337=CARTESIAN_POINT('',(0.105,-0.0361158260421234,0.01));
#15338=CARTESIAN_POINT('',(0.105,-0.0525,0.01));
#15339=CARTESIAN_POINT('',(0.105,-0.0688841739578767,0.01));
#15340=CARTESIAN_POINT('',(0.103,-0.0688841739578767,0.01));
#15341=CARTESIAN_POINT('',(0.102,-0.0706162247654456,0.01));
#15342=CARTESIAN_POINT('',(-0.0164443057077845,-0.00223237298107778,0.01));
#15343=CARTESIAN_POINT('',(0.0969326673973661,-0.0676905989232415,0.01));
#15344=CARTESIAN_POINT('',(0.0979326673973661,-0.0659585481156727,0.01));
#15345=CARTESIAN_POINT('',(0.0959326673973661,-0.0659585481156727,0.01));
#15346=CARTESIAN_POINT('',(0.0959326673973661,-0.0525,0.01));
#15347=CARTESIAN_POINT('',(-0.0901,0.0828,0.01));
#15348=CARTESIAN_POINT('',(-0.101181177299965,0.0878677149334534,0.01));
#15349=CARTESIAN_POINT('',(-0.0997901901345122,0.0901874515333099,0.01));
#15350=CARTESIAN_POINT('',(-0.103,0.0886995105729205,0.01));
#15351=CARTESIAN_POINT('',(-0.105,0.0886995105729205,0.01));
#15352=CARTESIAN_POINT('',(-0.105,-0.0525,0.01));
#15353=CARTESIAN_POINT('',(-0.105,0.0941004894270796,0.01));
#15354=CARTESIAN_POINT('',(-0.103,0.0941004894270796,0.01));
#15355=CARTESIAN_POINT('',(-0.101181177299965,0.0949322850665467,0.01));
#15356=CARTESIAN_POINT('',(-0.0901,0.1,0.01));
#15357=CARTESIAN_POINT('',(-0.0997901901345122,0.0926125484666902,0.01));
#15358=CARTESIAN_POINT('',(-0.101380701440957,0.0914,0.01));
#15359=CARTESIAN_POINT('',(0.103,0.0886995105729206,0.01));
#15360=CARTESIAN_POINT('',(0.101181177299965,0.0878677149334535,0.01));
#15361=CARTESIAN_POINT('',(0.105,0.0886995105729206,0.01));
#15362=CARTESIAN_POINT('',(0.0901,0.0828,0.01));
#15363=CARTESIAN_POINT('',(0.0997901901345122,0.0901874515333099,0.01));
#15364=CARTESIAN_POINT('',(0.101380701440957,0.0914,0.01));
#15365=CARTESIAN_POINT('',(0.0997901901345122,0.0926125484666902,0.01));
#15366=CARTESIAN_POINT('',(0.0901,0.1,0.01));
#15367=CARTESIAN_POINT('',(0.101181177299965,0.0949322850665467,0.01));
#15368=CARTESIAN_POINT('',(0.103,0.0941004894270796,0.01));
#15369=CARTESIAN_POINT('',(0.105,0.0941004894270796,0.01));
#15370=CARTESIAN_POINT('',(0.105,-0.0525,0.01));
#15371=CARTESIAN_POINT('',(-0.0831,-0.01064129,0.01));
#15372=CARTESIAN_POINT('',(-0.0938733588211671,-0.0179169164136073,0.01));
#15373=CARTESIAN_POINT('',(-0.0960865098247695,-0.0112333732468195,0.01));
#15374=CARTESIAN_POINT('',(-0.0955307986398082,-0.0190362435541623,0.01));
#15375=CARTESIAN_POINT('',(-0.0936371365122357,-0.0196797058658771,0.01));
#15376=CARTESIAN_POINT('',(-0.0821,-0.0236,0.01));
#15377=CARTESIAN_POINT('',(-0.0942834261210859,-0.023795839097329,0.01));
#15378=CARTESIAN_POINT('',(-0.0962831677905296,-0.0238279833890531,0.01));
#15379=CARTESIAN_POINT('',(-0.0972831677905296,-0.025560034196622,0.01));
#15380=CARTESIAN_POINT('',(-0.04675519484024,-0.0547323729810779,0.01));
#15381=CARTESIAN_POINT('',(-0.104,-0.0216820693123827,0.01));
#15382=CARTESIAN_POINT('',(-0.103,-0.0199500185048138,0.01));
#15383=CARTESIAN_POINT('',(-0.105,-0.0199500185048138,0.01));
#15384=CARTESIAN_POINT('',(-0.105,-0.0525,0.01));
#15385=CARTESIAN_POINT('',(-0.105,-0.00549951057292041,0.01));
#15386=CARTESIAN_POINT('',(-0.103,-0.00549951057292041,0.01));
#15387=CARTESIAN_POINT('',(-0.101181177299965,-0.0046677149334533,0.01));
#15388=CARTESIAN_POINT('',(-0.0901,0.000400000000000056,0.01));
#15389=CARTESIAN_POINT('',(-0.0969586770056248,-0.00967138395318698,0.01));
#15390=CARTESIAN_POINT('',(-0.0980844344131956,-0.0113244629770995,0.01));
#15391=CARTESIAN_POINT('',(-0.103,-0.0688841739578767,0.01));
#15392=CARTESIAN_POINT('',(-0.105,-0.0688841739578767,0.01));
#15393=CARTESIAN_POINT('',(-0.102,-0.0706162247654456,0.01));
#15394=CARTESIAN_POINT('',(-0.105,-0.0525,0.01));
#15395=CARTESIAN_POINT('',(-0.105,-0.0361158260421234,0.01));
#15396=CARTESIAN_POINT('',(-0.103,-0.0361158260421234,0.01));
#15397=CARTESIAN_POINT('',(-0.102,-0.0343837752345545,0.01));
#15398=CARTESIAN_POINT('',(-0.05175519484024,-0.0633926270189223,0.01));
#15399=CARTESIAN_POINT('',(-0.0969326673973661,-0.0373094010767585,0.01));
#15400=CARTESIAN_POINT('',(-0.0979326673973661,-0.0390414518843274,0.01));
#15401=CARTESIAN_POINT('',(-0.0959326673973661,-0.0390414518843274,0.01));
#15402=CARTESIAN_POINT('',(-0.0959326673973661,-0.0525,0.01));
#15403=CARTESIAN_POINT('',(-0.0959326673973661,-0.0659585481156727,0.01));
#15404=CARTESIAN_POINT('',(-0.0979326673973661,-0.0659585481156727,0.01));
#15405=CARTESIAN_POINT('',(-0.0969326673973661,-0.0676905989232415,0.01));
#15406=CARTESIAN_POINT('',(-0.0517551948402399,-0.0416073729810779,0.01));
#15407=CARTESIAN_POINT('',(-0.0752,-0.04564129,0.01));
#15408=CARTESIAN_POINT('',(-0.081754330545447,-0.0568680772118884,0.01));
#15409=CARTESIAN_POINT('',(-0.0827683117443839,-0.0562110893046141,0.01));
#15410=CARTESIAN_POINT('',(-0.0827626890909003,-0.0585952752444866,0.01));
#15411=CARTESIAN_POINT('',(-0.0807658347953909,-0.0584831462004984,0.01));
#15412=CARTESIAN_POINT('',(-0.0686,-0.0578,0.01));
#15413=CARTESIAN_POINT('',(-0.0754720479379626,-0.0678622652587945,0.01));
#15414=CARTESIAN_POINT('',(-0.0766,-0.0695138475745589,0.01));
#15415=CARTESIAN_POINT('',(-0.0746,-0.0695138475745589,0.01));
#15416=CARTESIAN_POINT('',(-0.0746,-0.0525,0.01));
#15417=CARTESIAN_POINT('',(-0.0746,-0.0701920656114199,0.01));
#15418=CARTESIAN_POINT('',(-0.0766,-0.0701920656114199,0.01));
#15419=CARTESIAN_POINT('',(-0.0776,-0.0719241164189888,0.01));
#15420=CARTESIAN_POINT('',(-0.0619106394064676,-0.0809823729810778,0.01));
#15421=CARTESIAN_POINT('',(-0.0849326673973661,-0.0676905989232415,0.01));
#15422=CARTESIAN_POINT('',(-0.0839326673973661,-0.0659585481156727,0.01));
#15423=CARTESIAN_POINT('',(-0.0859326673973661,-0.0659585481156727,0.01));
#15424=CARTESIAN_POINT('',(-0.0859326673973661,-0.0525,0.01));
#15425=CARTESIAN_POINT('',(-0.0859326673973661,-0.0578372122745547,0.01));
#15426=CARTESIAN_POINT('',(-0.0839326673973661,-0.0578372122745547,0.01));
#15427=CARTESIAN_POINT('',(0.0752,-0.04564129,0.01));
#15428=CARTESIAN_POINT('',(0.0827683117443839,-0.0562110893046141,0.01));
#15429=CARTESIAN_POINT('',(0.081754330545447,-0.0568680772118884,0.01));
#15430=CARTESIAN_POINT('',(0.0839326673973661,-0.0578372122745547,0.01));
#15431=CARTESIAN_POINT('',(0.0859326673973661,-0.0578372122745547,0.01));
#15432=CARTESIAN_POINT('',(0.0859326673973661,-0.0525,0.01));
#15433=CARTESIAN_POINT('',(0.0859326673973661,-0.0659585481156727,0.01));
#15434=CARTESIAN_POINT('',(0.0839326673973661,-0.0659585481156727,0.01));
#15435=CARTESIAN_POINT('',(0.0849326673973661,-0.0676905989232415,0.01));
#15436=CARTESIAN_POINT('',(-0.00628886114155693,-0.120357372981078,0.01));
#15437=CARTESIAN_POINT('',(0.0776,-0.0719241164189888,0.01));
#15438=CARTESIAN_POINT('',(0.0766,-0.07019206561142,0.01));
#15439=CARTESIAN_POINT('',(0.0746,-0.07019206561142,0.01));
#15440=CARTESIAN_POINT('',(0.0746,-0.0525,0.01));
#15441=CARTESIAN_POINT('',(0.0746,-0.0695138475745589,0.01));
#15442=CARTESIAN_POINT('',(0.0766,-0.0695138475745589,0.01));
#15443=CARTESIAN_POINT('',(0.0754720479379626,-0.0678622652587945,0.01));
#15444=CARTESIAN_POINT('',(0.0686,-0.0578,0.01));
#15445=CARTESIAN_POINT('',(0.0807658347953909,-0.0584831462004984,0.01));
#15446=CARTESIAN_POINT('',(0.0827626890909003,-0.0585952752444866,0.01));
#15447=CARTESIAN_POINT('',(0.105,-0.0525,0.01));
#15448=CARTESIAN_POINT('',(0.105,0.0646995105729205,0.01));
#15449=CARTESIAN_POINT('',(0.105,0.0688841739578767,0.01));
#15450=CARTESIAN_POINT('',(0.103,0.0646995105729205,0.01));
#15451=CARTESIAN_POINT('',(0.101181177299965,0.0638677149334534,0.01));
#15452=CARTESIAN_POINT('',(0.0901,0.0588,0.01));
#15453=CARTESIAN_POINT('',(0.0995343124917508,0.0665115480163191,0.01));
#15454=CARTESIAN_POINT('',(0.101082825005785,0.0677772924588828,0.01));
#15455=CARTESIAN_POINT('',(0.100082825005785,0.0695093432664516,0.01));
#15456=CARTESIAN_POINT('',(-0.0619106394064676,-0.0240176270189222,0.01));
#15457=CARTESIAN_POINT('',(0.102,0.0706162247654456,0.01));
#15458=CARTESIAN_POINT('',(0.103,0.0688841739578767,0.01));
#15459=CARTESIAN_POINT('',(0.105,-0.0525,0.01));
#15460=CARTESIAN_POINT('',(0.105,0.0474995105729206,0.01));
#15461=CARTESIAN_POINT('',(0.105,0.0529004894270795,0.01));
#15462=CARTESIAN_POINT('',(0.103,0.0474995105729206,0.01));
#15463=CARTESIAN_POINT('',(0.101181177299965,0.0466677149334534,0.01));
#15464=CARTESIAN_POINT('',(0.0901,0.0416,0.01));
#15465=CARTESIAN_POINT('',(0.0997901901345123,0.0489874515333099,0.01));
#15466=CARTESIAN_POINT('',(0.101380701440957,0.0502,0.01));
#15467=CARTESIAN_POINT('',(0.0997901901345123,0.0514125484666902,0.01));
#15468=CARTESIAN_POINT('',(0.0901,0.0588,0.01));
#15469=CARTESIAN_POINT('',(0.101181177299965,0.0537322850665466,0.01));
#15470=CARTESIAN_POINT('',(0.103,0.0529004894270795,0.01));
#15471=CARTESIAN_POINT('',(-0.103,0.00629951057292052,0.01));
#15472=CARTESIAN_POINT('',(-0.105,0.00629951057292052,0.01));
#15473=CARTESIAN_POINT('',(-0.101181177299965,0.00546771493345341,0.01));
#15474=CARTESIAN_POINT('',(-0.105,-0.0525,0.01));
#15475=CARTESIAN_POINT('',(-0.105,0.0117004894270796,0.01));
#15476=CARTESIAN_POINT('',(-0.103,0.0117004894270796,0.01));
#15477=CARTESIAN_POINT('',(-0.101181177299965,0.0125322850665467,0.01));
#15478=CARTESIAN_POINT('',(-0.0901,0.0176,0.01));
#15479=CARTESIAN_POINT('',(-0.0997901901345122,0.0102125484666902,0.01));
#15480=CARTESIAN_POINT('',(-0.101380701440957,0.009,0.01));
#15481=CARTESIAN_POINT('',(-0.0997901901345122,0.00778745153330989,0.01));
#15482=CARTESIAN_POINT('',(-0.0901,0.000400000000000056,0.01));
#15483=CARTESIAN_POINT('',(0.0831,-0.01064129,0.01));
#15484=CARTESIAN_POINT('',(0.0960865098247695,-0.0112333732468195,0.01));
#15485=CARTESIAN_POINT('',(0.0938733588211671,-0.0179169164136073,0.01));
#15486=CARTESIAN_POINT('',(0.0980844344131956,-0.0113244629770995,0.01));
#15487=CARTESIAN_POINT('',(0.0969586770056248,-0.00967138395318697,0.01));
#15488=CARTESIAN_POINT('',(0.0901,0.000400000000000056,0.01));
#15489=CARTESIAN_POINT('',(0.101181177299965,-0.0046677149334533,0.01));
#15490=CARTESIAN_POINT('',(0.103,-0.00549951057292041,0.01));
#15491=CARTESIAN_POINT('',(0.105,-0.00549951057292041,0.01));
#15492=CARTESIAN_POINT('',(0.105,-0.0525,0.01));
#15493=CARTESIAN_POINT('',(0.105,-0.0199500185048138,0.01));
#15494=CARTESIAN_POINT('',(0.103,-0.0199500185048138,0.01));
#15495=CARTESIAN_POINT('',(0.104,-0.0216820693123827,0.01));
#15496=CARTESIAN_POINT('',(-0.0214443057077846,-0.0941073729810779,0.01));
#15497=CARTESIAN_POINT('',(0.0972831677905296,-0.025560034196622,0.01));
#15498=CARTESIAN_POINT('',(0.0962831677905296,-0.0238279833890531,0.01));
#15499=CARTESIAN_POINT('',(0.0942834261210859,-0.023795839097329,0.01));
#15500=CARTESIAN_POINT('',(0.0821,-0.0236,0.01));
#15501=CARTESIAN_POINT('',(0.0936371365122357,-0.0196797058658771,0.01));
#15502=CARTESIAN_POINT('',(0.0955307986398082,-0.0190362435541623,0.01));
#15503=CARTESIAN_POINT('',(0.105,-0.0525,0.01));
#15504=CARTESIAN_POINT('',(0.105,0.00629951057292053,0.01));
#15505=CARTESIAN_POINT('',(0.105,0.0117004894270796,0.01));
#15506=CARTESIAN_POINT('',(0.103,0.00629951057292052,0.01));
#15507=CARTESIAN_POINT('',(0.101181177299965,0.00546771493345342,0.01));
#15508=CARTESIAN_POINT('',(0.0901,0.000400000000000056,0.01));
#15509=CARTESIAN_POINT('',(0.0997901901345122,0.00778745153330989,0.01));
#15510=CARTESIAN_POINT('',(0.101380701440957,0.009,0.01));
#15511=CARTESIAN_POINT('',(0.0997901901345122,0.0102125484666902,0.01));
#15512=CARTESIAN_POINT('',(0.0901,0.0176,0.01));
#15513=CARTESIAN_POINT('',(0.101181177299965,0.0125322850665467,0.01));
#15514=CARTESIAN_POINT('',(0.103,0.0117004894270796,0.01));
#15515=CARTESIAN_POINT('',(-0.103,0.0646995105729205,0.01));
#15516=CARTESIAN_POINT('',(-0.105,0.0646995105729205,0.01));
#15517=CARTESIAN_POINT('',(-0.101181177299965,0.0638677149334534,0.01));
#15518=CARTESIAN_POINT('',(-0.105,-0.0525,0.01));
#15519=CARTESIAN_POINT('',(-0.105,0.0688841739578767,0.01));
#15520=CARTESIAN_POINT('',(-0.103,0.0688841739578767,0.01));
#15521=CARTESIAN_POINT('',(-0.102,0.0706162247654456,0.01));
#15522=CARTESIAN_POINT('',(-0.0062888611415569,0.0153573729810778,0.01));
#15523=CARTESIAN_POINT('',(-0.100082825005785,0.0695093432664517,0.01));
#15524=CARTESIAN_POINT('',(-0.101082825005785,0.0677772924588828,0.01));
#15525=CARTESIAN_POINT('',(-0.0995343124917508,0.0665115480163191,0.01));
#15526=CARTESIAN_POINT('',(-0.0901,0.0588,0.01));
#15527=CARTESIAN_POINT('',(0.0901,0.0416,0.01));
#15528=CARTESIAN_POINT('',(0.092285,0.0416,0.01));
#15529=CARTESIAN_POINT('',(-0.0901,0.0416,0.01));
#15530=CARTESIAN_POINT('',(-0.087915,0.0416,0.01));
#15531=CARTESIAN_POINT('',(0.0901,0.0588,0.01));
#15532=CARTESIAN_POINT('',(0.092285,0.0588,0.01));
#15533=CARTESIAN_POINT('',(0.0686,-0.0578,0.01));
#15534=CARTESIAN_POINT('',(0.070785,-0.0578,0.01));
#15535=CARTESIAN_POINT('',(0.0821,-0.0338,0.01));
#15536=CARTESIAN_POINT('',(0.084285,-0.0338,0.01));
#15537=CARTESIAN_POINT('',(-0.0821,-0.0338,0.01));
#15538=CARTESIAN_POINT('',(-0.079915,-0.0338,0.01));
#15539=CARTESIAN_POINT('',(-0.0901,0.0828,0.01));
#15540=CARTESIAN_POINT('',(-0.087915,0.0828,0.01));
#15541=CARTESIAN_POINT('',(-0.0901,0.1,0.01));
#15542=CARTESIAN_POINT('',(-0.087915,0.1,0.01));
#15543=CARTESIAN_POINT('',(0.0686,-0.0982,0.01));
#15544=CARTESIAN_POINT('',(0.070785,-0.0982,0.01));
#15545=CARTESIAN_POINT('',(2.77555756156289E-17,-0.115,0.01));
#15546=CARTESIAN_POINT('',(0.115,-0.115,0.01));
#15547=CARTESIAN_POINT('',(-0.115,-0.115,0.01));
#15548=CARTESIAN_POINT('',(0.115,1.38777878078145E-17,0.01));
#15549=CARTESIAN_POINT('',(0.115,0.115,0.01));
#15550=CARTESIAN_POINT('',(0.,0.115,0.01));
#15551=CARTESIAN_POINT('',(-0.115,0.115,0.01));
#15552=CARTESIAN_POINT('',(-0.115,-1.38777878078145E-17,0.01));
#15553=CARTESIAN_POINT('',(-0.0646,-0.079320645,0.01));
#15554=CARTESIAN_POINT('',(-0.0646,-0.05164129,0.01));
#15555=CARTESIAN_POINT('',(-0.0646,-0.107,0.01));
#15556=CARTESIAN_POINT('',(-0.0676,-0.05164129,0.01));
#15557=CARTESIAN_POINT('',(-0.0676,-0.04864129,0.01));
#15558=CARTESIAN_POINT('',(-0.0714,-0.04864129,0.01));
#15559=CARTESIAN_POINT('',(-0.0752,-0.04864129,0.01));
#15560=CARTESIAN_POINT('',(-0.0752,-0.04564129,0.01));
#15561=CARTESIAN_POINT('',(-0.0782,-0.04564129,0.01));
#15562=CARTESIAN_POINT('',(-0.0782,-0.03114129,0.01));
#15563=CARTESIAN_POINT('',(-0.0782,-0.01664129,0.01));
#15564=CARTESIAN_POINT('',(-0.0812,-0.01664129,0.01));
#15565=CARTESIAN_POINT('',(-0.0812,-0.01364129,0.01));
#15566=CARTESIAN_POINT('',(-0.08215,-0.01364129,0.01));
#15567=CARTESIAN_POINT('',(-0.0831,-0.01364129,0.01));
#15568=CARTESIAN_POINT('',(-0.0831,-0.01064129,0.01));
#15569=CARTESIAN_POINT('',(-0.0861,-0.01064129,0.01));
#15570=CARTESIAN_POINT('',(-0.0861,0.048179355,0.01));
#15571=CARTESIAN_POINT('',(-0.0861,0.107,0.01));
#15572=CARTESIAN_POINT('',(-0.0831,0.107,0.01));
#15573=CARTESIAN_POINT('',(-0.0831,0.11,0.01));
#15574=CARTESIAN_POINT('',(0.,0.11,0.01));
#15575=CARTESIAN_POINT('',(0.0831,0.11,0.01));
#15576=CARTESIAN_POINT('',(0.0831,0.107,0.01));
#15577=CARTESIAN_POINT('',(0.0861,0.107,0.01));
#15578=CARTESIAN_POINT('',(0.0861,0.048179355,0.01));
#15579=CARTESIAN_POINT('',(0.0861,-0.01064129,0.01));
#15580=CARTESIAN_POINT('',(0.0831,-0.01064129,0.01));
#15581=CARTESIAN_POINT('',(0.0831,-0.01364129,0.01));
#15582=CARTESIAN_POINT('',(0.08215,-0.01364129,0.01));
#15583=CARTESIAN_POINT('',(0.0812,-0.01364129,0.01));
#15584=CARTESIAN_POINT('',(0.0812,-0.01664129,0.01));
#15585=CARTESIAN_POINT('',(0.0782,-0.01664129,0.01));
#15586=CARTESIAN_POINT('',(0.0782,-0.03114129,0.01));
#15587=CARTESIAN_POINT('',(0.0782,-0.04564129,0.01));
#15588=CARTESIAN_POINT('',(0.0752,-0.04564129,0.01));
#15589=CARTESIAN_POINT('',(0.0752,-0.04864129,0.01));
#15590=CARTESIAN_POINT('',(0.0714,-0.04864129,0.01));
#15591=CARTESIAN_POINT('',(0.0676,-0.04864129,0.01));
#15592=CARTESIAN_POINT('',(0.0676,-0.05164129,0.01));
#15593=CARTESIAN_POINT('',(0.0646,-0.05164129,0.01));
#15594=CARTESIAN_POINT('',(0.0646,-0.079320645,0.01));
#15595=CARTESIAN_POINT('',(0.0646,-0.107,0.01));
#15596=CARTESIAN_POINT('',(0.0616,-0.107,0.01));
#15597=CARTESIAN_POINT('',(0.0616,-0.11,0.01));
#15598=CARTESIAN_POINT('',(-1.38777878078145E-17,-0.11,0.01));
#15599=CARTESIAN_POINT('',(-0.0616,-0.11,0.01));
#15600=CARTESIAN_POINT('',(-0.0616,-0.107,0.01));
#15601=CARTESIAN_POINT('',(-0.0901,0.0588,0.01));
#15602=CARTESIAN_POINT('',(-0.087915,0.0588,0.01));
#15603=CARTESIAN_POINT('',(0.0821,-0.0236,0.01));
#15604=CARTESIAN_POINT('',(0.084285,-0.0236,0.01));
#15605=CARTESIAN_POINT('',(-0.0821,-0.0236,0.01));
#15606=CARTESIAN_POINT('',(-0.079915,-0.0236,0.01));
#15607=CARTESIAN_POINT('',(-0.0901,0.000400000000000056,0.01));
#15608=CARTESIAN_POINT('',(-0.087915,0.000400000000000056,0.01));
#15609=CARTESIAN_POINT('',(-0.0686,-0.0578,0.01));
#15610=CARTESIAN_POINT('',(-0.066415,-0.0578,0.01));
#15611=CARTESIAN_POINT('',(-0.0686,-0.0982,0.01));
#15612=CARTESIAN_POINT('',(-0.066415,-0.0982,0.01));
#15613=CARTESIAN_POINT('',(0.0901,0.0828,0.01));
#15614=CARTESIAN_POINT('',(0.092285,0.0828,0.01));
#15615=CARTESIAN_POINT('',(0.0901,0.1,0.01));
#15616=CARTESIAN_POINT('',(0.092285,0.1,0.01));
#15617=CARTESIAN_POINT('',(-0.0901,0.0176,0.01));
#15618=CARTESIAN_POINT('',(-0.087915,0.0176,0.01));
#15619=CARTESIAN_POINT('',(0.0901,0.000400000000000056,0.01));
#15620=CARTESIAN_POINT('',(0.092285,0.000400000000000056,0.01));
#15621=CARTESIAN_POINT('',(0.0901,0.0176,0.01));
#15622=CARTESIAN_POINT('',(0.092285,0.0176,0.01));
#15623=CARTESIAN_POINT('',(-0.103,-0.103,0.01));
#15624=CARTESIAN_POINT('',(-0.105,-0.103,0.01));
#15625=CARTESIAN_POINT('',(-0.103,-0.105,0.01));
#15626=CARTESIAN_POINT('',(-0.105,-0.0525,0.01));
#15627=CARTESIAN_POINT('',(-0.105,-0.0850499814951863,0.01));
#15628=CARTESIAN_POINT('',(-0.103,-0.0850499814951863,0.01));
#15629=CARTESIAN_POINT('',(-0.104,-0.0833179306876174,0.01));
#15630=CARTESIAN_POINT('',(-0.0467551948402399,-0.0502676270189222,0.01));
#15631=CARTESIAN_POINT('',(-0.0919326673973661,-0.0763508529610859,0.01));
#15632=CARTESIAN_POINT('',(-0.0909326673973661,-0.0780829037686548,0.01));
#15633=CARTESIAN_POINT('',(-0.0899326673973661,-0.0763508529610859,0.01));
#15634=CARTESIAN_POINT('',(-0.0669106394064677,-0.0896426270189222,0.01));
#15635=CARTESIAN_POINT('',(-0.0756,-0.0846258223411606,0.01));
#15636=CARTESIAN_POINT('',(-0.0766,-0.0863578731487295,0.01));
#15637=CARTESIAN_POINT('',(-0.0746,-0.0863578731487295,0.01));
#15638=CARTESIAN_POINT('',(-0.0746,-0.0525,0.01));
#15639=CARTESIAN_POINT('',(-0.0746,-0.086486152425441,0.01));
#15640=CARTESIAN_POINT('',(-0.0766,-0.086486152425441,0.01));
#15641=CARTESIAN_POINT('',(-0.0754720479379626,-0.0881377347412054,0.01));
#15642=CARTESIAN_POINT('',(-0.0686,-0.0982,0.01));
#15643=CARTESIAN_POINT('',(-0.0800661767634117,-0.102323228762778,0.01));
#15644=CARTESIAN_POINT('',(-0.0819481918251125,-0.103,0.01));
#15645=CARTESIAN_POINT('',(-0.0819481918251125,-0.105,0.01));
#15646=CARTESIAN_POINT('',(-0.045466333698683,-0.105,0.01));
#15647=CARTESIAN_POINT('',(-0.103,0.0474995105729205,0.01));
#15648=CARTESIAN_POINT('',(-0.105,0.0474995105729205,0.01));
#15649=CARTESIAN_POINT('',(-0.101181177299965,0.0466677149334534,0.01));
#15650=CARTESIAN_POINT('',(-0.105,-0.0525,0.01));
#15651=CARTESIAN_POINT('',(-0.105,0.0529004894270795,0.01));
#15652=CARTESIAN_POINT('',(-0.103,0.0529004894270795,0.01));
#15653=CARTESIAN_POINT('',(-0.101181177299965,0.0537322850665467,0.01));
#15654=CARTESIAN_POINT('',(-0.0901,0.0588,0.01));
#15655=CARTESIAN_POINT('',(-0.0997901901345123,0.0514125484666902,0.01));
#15656=CARTESIAN_POINT('',(-0.101380701440957,0.0502,0.01));
#15657=CARTESIAN_POINT('',(-0.0997901901345123,0.0489874515333099,0.01));
#15658=CARTESIAN_POINT('',(-0.0901,0.0416,0.01));
#15659=CARTESIAN_POINT('',(0.103,-0.103,0.01));
#15660=CARTESIAN_POINT('',(0.103,-0.105,0.01));
#15661=CARTESIAN_POINT('',(0.105,-0.103,0.01));
#15662=CARTESIAN_POINT('',(-0.045466333698683,-0.105,0.01));
#15663=CARTESIAN_POINT('',(0.0819481918251125,-0.105,0.01));
#15664=CARTESIAN_POINT('',(0.0819481918251125,-0.103,0.01));
#15665=CARTESIAN_POINT('',(0.0800661767634117,-0.102323228762778,0.01));
#15666=CARTESIAN_POINT('',(0.0686,-0.0982,0.01));
#15667=CARTESIAN_POINT('',(0.0754720479379626,-0.0881377347412054,0.01));
#15668=CARTESIAN_POINT('',(0.0766,-0.086486152425441,0.01));
#15669=CARTESIAN_POINT('',(0.0746,-0.086486152425441,0.01));
#15670=CARTESIAN_POINT('',(0.0746,-0.0525,0.01));
#15671=CARTESIAN_POINT('',(0.0746,-0.0863578731487295,0.01));
#15672=CARTESIAN_POINT('',(0.0766,-0.0863578731487295,0.01));
#15673=CARTESIAN_POINT('',(0.0756,-0.0846258223411606,0.01));
#15674=CARTESIAN_POINT('',(-0.00128886114155691,-0.129017627018922,0.01));
#15675=CARTESIAN_POINT('',(0.0899326673973661,-0.0763508529610859,0.01));
#15676=CARTESIAN_POINT('',(0.0909326673973661,-0.0780829037686548,0.01));
#15677=CARTESIAN_POINT('',(0.0919326673973661,-0.0763508529610859,0.01));
#15678=CARTESIAN_POINT('',(-0.0214443057077846,-0.0108926270189222,0.01));
#15679=CARTESIAN_POINT('',(0.104,-0.0833179306876174,0.01));
#15680=CARTESIAN_POINT('',(0.103,-0.0850499814951863,0.01));
#15681=CARTESIAN_POINT('',(0.105,-0.0850499814951863,0.01));
#15682=CARTESIAN_POINT('',(0.105,-0.0525,0.01));
#15683=CARTESIAN_POINT('',(0.,0.,0.));
#15684=CARTESIAN_POINT('',(0.0901,0.0828,0.));
#15685=CARTESIAN_POINT('',(0.0997901901345122,0.0901874515333099,0.));
#15686=CARTESIAN_POINT('',(0.101181177299965,0.0878677149334535,0.));
#15687=CARTESIAN_POINT('',(0.103,0.0886995105729206,0.));
#15688=CARTESIAN_POINT('',(0.105,0.0886995105729206,0.));
#15689=CARTESIAN_POINT('',(0.105,1.20676415720126E-17,0.));
#15690=CARTESIAN_POINT('',(0.105,0.0941004894270796,0.));
#15691=CARTESIAN_POINT('',(0.103,0.0941004894270796,0.));
#15692=CARTESIAN_POINT('',(0.101181177299965,0.0949322850665467,0.));
#15693=CARTESIAN_POINT('',(0.0901,0.1,0.));
#15694=CARTESIAN_POINT('',(0.0997901901345122,0.0926125484666902,0.));
#15695=CARTESIAN_POINT('',(0.101380701440957,0.0914,0.));
#15696=CARTESIAN_POINT('',(-0.0955307986398082,-0.0190362435541623,0.));
#15697=CARTESIAN_POINT('',(-0.0938733588211671,-0.0179169164136073,0.));
#15698=CARTESIAN_POINT('',(-0.0936371365122357,-0.0196797058658771,0.));
#15699=CARTESIAN_POINT('',(-0.0831,-0.01064129,0.));
#15700=CARTESIAN_POINT('',(-0.0960865098247695,-0.0112333732468195,0.));
#15701=CARTESIAN_POINT('',(-0.0980844344131956,-0.0113244629770995,0.));
#15702=CARTESIAN_POINT('',(-0.0969586770056248,-0.00967138395318698,0.));
#15703=CARTESIAN_POINT('',(-0.0901,0.000400000000000056,0.));
#15704=CARTESIAN_POINT('',(-0.101181177299965,-0.0046677149334533,0.));
#15705=CARTESIAN_POINT('',(-0.103,-0.00549951057292041,0.));
#15706=CARTESIAN_POINT('',(-0.105,-0.00549951057292041,0.));
#15707=CARTESIAN_POINT('',(-0.105,-1.20676415720126E-17,0.));
#15708=CARTESIAN_POINT('',(-0.105,-0.0199500185048138,0.));
#15709=CARTESIAN_POINT('',(-0.103,-0.0199500185048138,0.));
#15710=CARTESIAN_POINT('',(-0.104,-0.0216820693123827,0.));
#15711=CARTESIAN_POINT('',(-0.103588111963594,-0.0219198729810779,0.));
#15712=CARTESIAN_POINT('',(-0.0972831677905296,-0.025560034196622,0.));
#15713=CARTESIAN_POINT('',(-0.0962831677905296,-0.0238279833890531,0.));
#15714=CARTESIAN_POINT('',(-0.0942834261210859,-0.023795839097329,0.));
#15715=CARTESIAN_POINT('',(-0.0821,-0.0236,0.));
#15716=CARTESIAN_POINT('',(0.103,-0.103,0.));
#15717=CARTESIAN_POINT('',(0.105,-0.103,0.));
#15718=CARTESIAN_POINT('',(0.103,-0.105,0.));
#15719=CARTESIAN_POINT('',(0.105,1.20676415720126E-17,0.));
#15720=CARTESIAN_POINT('',(0.105,-0.0850499814951863,0.));
#15721=CARTESIAN_POINT('',(0.103,-0.0850499814951863,0.));
#15722=CARTESIAN_POINT('',(0.104,-0.0833179306876174,0.));
#15723=CARTESIAN_POINT('',(0.103588111963594,-0.0830801270189222,0.));
#15724=CARTESIAN_POINT('',(0.0919326673973661,-0.0763508529610859,0.));
#15725=CARTESIAN_POINT('',(0.0909326673973661,-0.0780829037686548,0.));
#15726=CARTESIAN_POINT('',(0.0899326673973661,-0.0763508529610859,0.));
#15727=CARTESIAN_POINT('',(0.0782772228311384,-0.0830801270189222,0.));
#15728=CARTESIAN_POINT('',(0.0756,-0.0846258223411606,0.));
#15729=CARTESIAN_POINT('',(0.0766,-0.0863578731487295,0.));
#15730=CARTESIAN_POINT('',(0.0746,-0.0863578731487295,0.));
#15731=CARTESIAN_POINT('',(0.0746,-0.079320645,0.));
#15732=CARTESIAN_POINT('',(0.0746,-0.086486152425441,0.));
#15733=CARTESIAN_POINT('',(0.0766,-0.086486152425441,0.));
#15734=CARTESIAN_POINT('',(0.0754720479379626,-0.0881377347412054,0.));
#15735=CARTESIAN_POINT('',(0.0686,-0.0982,0.));
#15736=CARTESIAN_POINT('',(0.0800661767634117,-0.102323228762778,0.));
#15737=CARTESIAN_POINT('',(0.0819481918251125,-0.103,0.));
#15738=CARTESIAN_POINT('',(0.0819481918251125,-0.105,0.));
#15739=CARTESIAN_POINT('',(2.65488114584276E-17,-0.105,0.));
#15740=CARTESIAN_POINT('',(-0.105,-1.20676415720126E-17,0.));
#15741=CARTESIAN_POINT('',(-0.105,0.0117004894270796,0.));
#15742=CARTESIAN_POINT('',(-0.105,0.00629951057292052,0.));
#15743=CARTESIAN_POINT('',(-0.103,0.00629951057292052,0.));
#15744=CARTESIAN_POINT('',(-0.101181177299965,0.00546771493345341,0.));
#15745=CARTESIAN_POINT('',(-0.0901,0.000400000000000056,0.));
#15746=CARTESIAN_POINT('',(-0.0997901901345122,0.00778745153330989,0.));
#15747=CARTESIAN_POINT('',(-0.101380701440957,0.009,0.));
#15748=CARTESIAN_POINT('',(-0.0997901901345122,0.0102125484666902,0.));
#15749=CARTESIAN_POINT('',(-0.0901,0.0176,0.));
#15750=CARTESIAN_POINT('',(-0.101181177299965,0.0125322850665467,0.));
#15751=CARTESIAN_POINT('',(-0.103,0.0117004894270796,0.));
#15752=CARTESIAN_POINT('',(0.0980844344131956,-0.0113244629770995,0.));
#15753=CARTESIAN_POINT('',(0.0960865098247695,-0.0112333732468195,0.));
#15754=CARTESIAN_POINT('',(0.0969586770056248,-0.00967138395318697,0.));
#15755=CARTESIAN_POINT('',(0.0831,-0.01064129,0.));
#15756=CARTESIAN_POINT('',(0.0938733588211671,-0.0179169164136073,0.));
#15757=CARTESIAN_POINT('',(0.0955307986398082,-0.0190362435541623,0.));
#15758=CARTESIAN_POINT('',(0.0936371365122357,-0.0196797058658771,0.));
#15759=CARTESIAN_POINT('',(0.0821,-0.0236,0.));
#15760=CARTESIAN_POINT('',(0.0942834261210859,-0.023795839097329,0.));
#15761=CARTESIAN_POINT('',(0.0962831677905296,-0.0238279833890531,0.));
#15762=CARTESIAN_POINT('',(0.0972831677905296,-0.025560034196622,0.));
#15763=CARTESIAN_POINT('',(0.103588111963594,-0.0219198729810779,0.));
#15764=CARTESIAN_POINT('',(0.104,-0.0216820693123827,0.));
#15765=CARTESIAN_POINT('',(0.103,-0.0199500185048138,0.));
#15766=CARTESIAN_POINT('',(0.105,-0.0199500185048138,0.));
#15767=CARTESIAN_POINT('',(0.105,1.20676415720126E-17,0.));
#15768=CARTESIAN_POINT('',(0.105,-0.00549951057292041,0.));
#15769=CARTESIAN_POINT('',(0.103,-0.00549951057292041,0.));
#15770=CARTESIAN_POINT('',(0.101181177299965,-0.0046677149334533,0.));
#15771=CARTESIAN_POINT('',(0.0901,0.000400000000000056,0.));
#15772=CARTESIAN_POINT('',(0.0901,0.000400000000000056,0.));
#15773=CARTESIAN_POINT('',(0.0997901901345122,0.00778745153330989,0.));
#15774=CARTESIAN_POINT('',(0.101181177299965,0.00546771493345342,0.));
#15775=CARTESIAN_POINT('',(0.103,0.00629951057292052,0.));
#15776=CARTESIAN_POINT('',(0.105,0.00629951057292052,0.));
#15777=CARTESIAN_POINT('',(0.105,1.20676415720126E-17,0.));
#15778=CARTESIAN_POINT('',(0.105,0.0117004894270796,0.));
#15779=CARTESIAN_POINT('',(0.103,0.0117004894270796,0.));
#15780=CARTESIAN_POINT('',(0.101181177299965,0.0125322850665467,0.));
#15781=CARTESIAN_POINT('',(0.0901,0.0176,0.));
#15782=CARTESIAN_POINT('',(0.0997901901345122,0.0102125484666902,0.));
#15783=CARTESIAN_POINT('',(0.101380701440957,0.009,0.));
#15784=CARTESIAN_POINT('',(0.0901,0.0176,0.));
#15785=CARTESIAN_POINT('',(0.0918859375,0.0176,0.));
#15786=CARTESIAN_POINT('',(-0.0901,0.0416,0.));
#15787=CARTESIAN_POINT('',(-0.0883140625,0.0416,0.));
#15788=CARTESIAN_POINT('',(0.0901,0.0588,0.));
#15789=CARTESIAN_POINT('',(0.0918859375,0.0588,0.));
#15790=CARTESIAN_POINT('',(-0.0686,-0.0982,0.));
#15791=CARTESIAN_POINT('',(-0.0668140625,-0.0982,0.));
#15792=CARTESIAN_POINT('',(0.0686,-0.0578,0.));
#15793=CARTESIAN_POINT('',(0.0703859375,-0.0578,0.));
#15794=CARTESIAN_POINT('',(-0.0901,0.000400000000000056,0.));
#15795=CARTESIAN_POINT('',(-0.0883140625,0.000400000000000056,0.));
#15796=CARTESIAN_POINT('',(-0.0821,-0.0338,0.));
#15797=CARTESIAN_POINT('',(-0.0803140625,-0.0338,0.));
#15798=CARTESIAN_POINT('',(0.0821,-0.0236,0.));
#15799=CARTESIAN_POINT('',(0.0838859375,-0.0236,0.));
#15800=CARTESIAN_POINT('',(-0.0901,0.0828,0.));
#15801=CARTESIAN_POINT('',(-0.0883140625,0.0828,0.));
#15802=CARTESIAN_POINT('',(0.0901,0.1,0.));
#15803=CARTESIAN_POINT('',(0.0918859375,0.1,0.));
#15804=CARTESIAN_POINT('',(2.77555756156289E-17,-0.115,0.));
#15805=CARTESIAN_POINT('',(0.115,-0.115,0.));
#15806=CARTESIAN_POINT('',(-0.115,-0.115,0.));
#15807=CARTESIAN_POINT('',(-0.115,-1.38777878078145E-17,0.));
#15808=CARTESIAN_POINT('',(-0.115,0.115,0.));
#15809=CARTESIAN_POINT('',(0.,0.115,0.));
#15810=CARTESIAN_POINT('',(0.115,0.115,0.));
#15811=CARTESIAN_POINT('',(0.115,1.38777878078145E-17,0.));
#15812=CARTESIAN_POINT('',(-0.0714,-0.04864129,0.));
#15813=CARTESIAN_POINT('',(-0.0752,-0.04864129,0.));
#15814=CARTESIAN_POINT('',(-0.0676,-0.04864129,0.));
#15815=CARTESIAN_POINT('',(-0.0676,-0.05164129,0.));
#15816=CARTESIAN_POINT('',(-0.0646,-0.05164129,0.));
#15817=CARTESIAN_POINT('',(-0.0646,-0.079320645,0.));
#15818=CARTESIAN_POINT('',(-0.0646,-0.107,0.));
#15819=CARTESIAN_POINT('',(-0.0616,-0.107,0.));
#15820=CARTESIAN_POINT('',(-0.0616,-0.11,0.));
#15821=CARTESIAN_POINT('',(-1.38777878078145E-17,-0.11,0.));
#15822=CARTESIAN_POINT('',(0.0616,-0.11,0.));
#15823=CARTESIAN_POINT('',(0.0616,-0.107,0.));
#15824=CARTESIAN_POINT('',(0.0646,-0.107,0.));
#15825=CARTESIAN_POINT('',(0.0646,-0.079320645,0.));
#15826=CARTESIAN_POINT('',(0.0646,-0.05164129,0.));
#15827=CARTESIAN_POINT('',(0.0676,-0.05164129,0.));
#15828=CARTESIAN_POINT('',(0.0676,-0.04864129,0.));
#15829=CARTESIAN_POINT('',(0.0714,-0.04864129,0.));
#15830=CARTESIAN_POINT('',(0.0752,-0.04864129,0.));
#15831=CARTESIAN_POINT('',(0.0752,-0.04564129,0.));
#15832=CARTESIAN_POINT('',(0.0782,-0.04564129,0.));
#15833=CARTESIAN_POINT('',(0.0782,-0.03114129,0.));
#15834=CARTESIAN_POINT('',(0.0782,-0.01664129,0.));
#15835=CARTESIAN_POINT('',(0.0812,-0.01664129,0.));
#15836=CARTESIAN_POINT('',(0.0812,-0.01364129,0.));
#15837=CARTESIAN_POINT('',(0.08215,-0.01364129,0.));
#15838=CARTESIAN_POINT('',(0.0831,-0.01364129,0.));
#15839=CARTESIAN_POINT('',(0.0831,-0.01064129,0.));
#15840=CARTESIAN_POINT('',(0.0861,-0.01064129,0.));
#15841=CARTESIAN_POINT('',(0.0861,0.048179355,0.));
#15842=CARTESIAN_POINT('',(0.0861,0.107,0.));
#15843=CARTESIAN_POINT('',(0.0831,0.107,0.));
#15844=CARTESIAN_POINT('',(0.0831,0.11,0.));
#15845=CARTESIAN_POINT('',(0.,0.11,0.));
#15846=CARTESIAN_POINT('',(-0.0831,0.11,0.));
#15847=CARTESIAN_POINT('',(-0.0831,0.107,0.));
#15848=CARTESIAN_POINT('',(-0.0861,0.107,0.));
#15849=CARTESIAN_POINT('',(-0.0861,0.048179355,0.));
#15850=CARTESIAN_POINT('',(-0.0861,-0.01064129,0.));
#15851=CARTESIAN_POINT('',(-0.0831,-0.01064129,0.));
#15852=CARTESIAN_POINT('',(-0.0831,-0.01364129,0.));
#15853=CARTESIAN_POINT('',(-0.08215,-0.01364129,0.));
#15854=CARTESIAN_POINT('',(-0.0812,-0.01364129,0.));
#15855=CARTESIAN_POINT('',(-0.0812,-0.01664129,0.));
#15856=CARTESIAN_POINT('',(-0.0782,-0.01664129,0.));
#15857=CARTESIAN_POINT('',(-0.0782,-0.03114129,0.));
#15858=CARTESIAN_POINT('',(-0.0782,-0.04564129,0.));
#15859=CARTESIAN_POINT('',(-0.0752,-0.04564129,0.));
#15860=CARTESIAN_POINT('',(0.0686,-0.0982,0.));
#15861=CARTESIAN_POINT('',(0.0703859375,-0.0982,0.));
#15862=CARTESIAN_POINT('',(-0.0901,0.1,0.));
#15863=CARTESIAN_POINT('',(-0.0883140625,0.1,0.));
#15864=CARTESIAN_POINT('',(-0.0821,-0.0236,0.));
#15865=CARTESIAN_POINT('',(-0.0803140625,-0.0236,0.));
#15866=CARTESIAN_POINT('',(0.0821,-0.0338,0.));
#15867=CARTESIAN_POINT('',(0.0838859375,-0.0338,0.));
#15868=CARTESIAN_POINT('',(-0.0686,-0.0578,0.));
#15869=CARTESIAN_POINT('',(-0.0668140625,-0.0578,0.));
#15870=CARTESIAN_POINT('',(0.0901,0.0828,0.));
#15871=CARTESIAN_POINT('',(0.0918859375,0.0828,0.));
#15872=CARTESIAN_POINT('',(-0.0901,0.0588,0.));
#15873=CARTESIAN_POINT('',(-0.0883140625,0.0588,0.));
#15874=CARTESIAN_POINT('',(0.0901,0.000400000000000056,0.));
#15875=CARTESIAN_POINT('',(0.0918859375,0.000400000000000056,0.));
#15876=CARTESIAN_POINT('',(-0.0901,0.0176,0.));
#15877=CARTESIAN_POINT('',(-0.0883140625,0.0176,0.));
#15878=CARTESIAN_POINT('',(0.0901,0.0416,0.));
#15879=CARTESIAN_POINT('',(0.0918859375,0.0416,0.));
#15880=CARTESIAN_POINT('',(-0.103,-0.103,0.));
#15881=CARTESIAN_POINT('',(-0.103,-0.105,0.));
#15882=CARTESIAN_POINT('',(-0.105,-0.103,0.));
#15883=CARTESIAN_POINT('',(2.65488114584276E-17,-0.105,0.));
#15884=CARTESIAN_POINT('',(-0.0819481918251125,-0.105,0.));
#15885=CARTESIAN_POINT('',(-0.0819481918251125,-0.103,0.));
#15886=CARTESIAN_POINT('',(-0.0800661767634117,-0.102323228762778,0.));
#15887=CARTESIAN_POINT('',(-0.0686,-0.0982,0.));
#15888=CARTESIAN_POINT('',(-0.0754720479379626,-0.0881377347412054,0.));
#15889=CARTESIAN_POINT('',(-0.0766,-0.086486152425441,0.));
#15890=CARTESIAN_POINT('',(-0.0746,-0.086486152425441,0.));
#15891=CARTESIAN_POINT('',(-0.0746,-0.079320645,0.));
#15892=CARTESIAN_POINT('',(-0.0746,-0.0863578731487295,0.));
#15893=CARTESIAN_POINT('',(-0.0766,-0.0863578731487295,0.));
#15894=CARTESIAN_POINT('',(-0.0756,-0.0846258223411606,0.));
#15895=CARTESIAN_POINT('',(-0.0782772228311384,-0.0830801270189222,0.));
#15896=CARTESIAN_POINT('',(-0.0899326673973661,-0.0763508529610859,0.));
#15897=CARTESIAN_POINT('',(-0.0909326673973661,-0.0780829037686548,0.));
#15898=CARTESIAN_POINT('',(-0.0919326673973661,-0.0763508529610859,0.));
#15899=CARTESIAN_POINT('',(-0.103588111963594,-0.0830801270189222,0.));
#15900=CARTESIAN_POINT('',(-0.104,-0.0833179306876174,0.));
#15901=CARTESIAN_POINT('',(-0.103,-0.0850499814951863,0.));
#15902=CARTESIAN_POINT('',(-0.105,-0.0850499814951863,0.));
#15903=CARTESIAN_POINT('',(-0.105,-1.20676415720126E-17,0.));
#15904=CARTESIAN_POINT('',(-0.105,-1.20676415720126E-17,0.));
#15905=CARTESIAN_POINT('',(-0.105,0.0688841739578767,0.));
#15906=CARTESIAN_POINT('',(-0.105,0.0646995105729205,0.));
#15907=CARTESIAN_POINT('',(-0.103,0.0646995105729205,0.));
#15908=CARTESIAN_POINT('',(-0.101181177299965,0.0638677149334534,0.));
#15909=CARTESIAN_POINT('',(-0.0901,0.0588,0.));
#15910=CARTESIAN_POINT('',(-0.0995343124917508,0.0665115480163191,0.));
#15911=CARTESIAN_POINT('',(-0.101082825005785,0.0677772924588828,0.));
#15912=CARTESIAN_POINT('',(-0.100082825005785,0.0695093432664517,0.));
#15913=CARTESIAN_POINT('',(-0.108588111963594,0.0744198729810778,0.));
#15914=CARTESIAN_POINT('',(-0.102,0.0706162247654456,0.));
#15915=CARTESIAN_POINT('',(-0.103,0.0688841739578767,0.));
#15916=CARTESIAN_POINT('',(0.0901,0.0416,0.));
#15917=CARTESIAN_POINT('',(0.0997901901345123,0.0489874515333099,0.));
#15918=CARTESIAN_POINT('',(0.101181177299965,0.0466677149334534,0.));
#15919=CARTESIAN_POINT('',(0.103,0.0474995105729206,0.));
#15920=CARTESIAN_POINT('',(0.105,0.0474995105729206,0.));
#15921=CARTESIAN_POINT('',(0.105,1.20676415720126E-17,0.));
#15922=CARTESIAN_POINT('',(0.105,0.0529004894270795,0.));
#15923=CARTESIAN_POINT('',(0.103,0.0529004894270795,0.));
#15924=CARTESIAN_POINT('',(0.101181177299965,0.0537322850665466,0.));
#15925=CARTESIAN_POINT('',(0.0901,0.0588,0.));
#15926=CARTESIAN_POINT('',(0.0997901901345123,0.0514125484666902,0.));
#15927=CARTESIAN_POINT('',(0.101380701440957,0.0502,0.));
#15928=CARTESIAN_POINT('',(0.0901,0.0588,0.));
#15929=CARTESIAN_POINT('',(0.101181177299965,0.0638677149334534,0.));
#15930=CARTESIAN_POINT('',(0.0995343124917508,0.0665115480163191,0.));
#15931=CARTESIAN_POINT('',(0.103,0.0646995105729205,0.));
#15932=CARTESIAN_POINT('',(0.105,0.0646995105729205,0.));
#15933=CARTESIAN_POINT('',(0.105,1.20676415720126E-17,0.));
#15934=CARTESIAN_POINT('',(0.105,0.0688841739578767,0.));
#15935=CARTESIAN_POINT('',(0.103,0.0688841739578767,0.));
#15936=CARTESIAN_POINT('',(0.102,0.0706162247654455,0.));
#15937=CARTESIAN_POINT('',(0.108588111963594,0.0744198729810778,0.));
#15938=CARTESIAN_POINT('',(0.100082825005785,0.0695093432664516,0.));
#15939=CARTESIAN_POINT('',(0.101082825005785,0.0677772924588828,0.));
#15940=CARTESIAN_POINT('',(-0.0901,0.0588,0.));
#15941=CARTESIAN_POINT('',(-0.0997901901345123,0.0514125484666902,0.));
#15942=CARTESIAN_POINT('',(-0.101181177299965,0.0537322850665467,0.));
#15943=CARTESIAN_POINT('',(-0.103,0.0529004894270795,0.));
#15944=CARTESIAN_POINT('',(-0.105,0.0529004894270795,0.));
#15945=CARTESIAN_POINT('',(-0.105,-1.20676415720126E-17,0.));
#15946=CARTESIAN_POINT('',(-0.105,0.0474995105729205,0.));
#15947=CARTESIAN_POINT('',(-0.103,0.0474995105729205,0.));
#15948=CARTESIAN_POINT('',(-0.101181177299965,0.0466677149334534,0.));
#15949=CARTESIAN_POINT('',(-0.0901,0.0416,0.));
#15950=CARTESIAN_POINT('',(-0.0997901901345123,0.0489874515333099,0.));
#15951=CARTESIAN_POINT('',(-0.101380701440957,0.0502,0.));
#15952=CARTESIAN_POINT('',(0.0839326673973661,-0.0578372122745547,0.));
#15953=CARTESIAN_POINT('',(0.0827683117443839,-0.0562110893046141,0.));
#15954=CARTESIAN_POINT('',(0.0859326673973661,-0.0578372122745547,0.));
#15955=CARTESIAN_POINT('',(0.0752,-0.04564129,0.));
#15956=CARTESIAN_POINT('',(0.081754330545447,-0.0568680772118884,0.));
#15957=CARTESIAN_POINT('',(0.0827626890909003,-0.0585952752444866,0.));
#15958=CARTESIAN_POINT('',(0.0807658347953909,-0.0584831462004984,0.));
#15959=CARTESIAN_POINT('',(0.0686,-0.0578,0.));
#15960=CARTESIAN_POINT('',(0.0754720479379626,-0.0678622652587945,0.));
#15961=CARTESIAN_POINT('',(0.0766,-0.0695138475745589,0.));
#15962=CARTESIAN_POINT('',(0.0746,-0.0695138475745589,0.));
#15963=CARTESIAN_POINT('',(0.0746,-0.079320645,0.));
#15964=CARTESIAN_POINT('',(0.0746,-0.07019206561142,0.));
#15965=CARTESIAN_POINT('',(0.0766,-0.07019206561142,0.));
#15966=CARTESIAN_POINT('',(0.0776,-0.0719241164189888,0.));
#15967=CARTESIAN_POINT('',(0.0732772228311384,-0.0744198729810778,0.));
#15968=CARTESIAN_POINT('',(0.0849326673973661,-0.0676905989232415,0.));
#15969=CARTESIAN_POINT('',(0.0839326673973661,-0.0659585481156727,0.));
#15970=CARTESIAN_POINT('',(0.0859326673973661,-0.0659585481156727,0.));
#15971=CARTESIAN_POINT('',(0.0859326673973661,-0.0525,0.));
#15972=CARTESIAN_POINT('',(-0.0827626890909003,-0.0585952752444866,0.));
#15973=CARTESIAN_POINT('',(-0.081754330545447,-0.0568680772118884,0.));
#15974=CARTESIAN_POINT('',(-0.0807658347953909,-0.0584831462004984,0.));
#15975=CARTESIAN_POINT('',(-0.0752,-0.04564129,0.));
#15976=CARTESIAN_POINT('',(-0.0827683117443839,-0.0562110893046141,0.));
#15977=CARTESIAN_POINT('',(-0.0839326673973661,-0.0578372122745547,0.));
#15978=CARTESIAN_POINT('',(-0.0859326673973661,-0.0578372122745547,0.));
#15979=CARTESIAN_POINT('',(-0.0859326673973661,-0.0525,0.));
#15980=CARTESIAN_POINT('',(-0.0859326673973661,-0.0659585481156727,0.));
#15981=CARTESIAN_POINT('',(-0.0839326673973661,-0.0659585481156727,0.));
#15982=CARTESIAN_POINT('',(-0.0849326673973661,-0.0676905989232415,0.));
#15983=CARTESIAN_POINT('',(-0.0732772228311384,-0.0744198729810778,0.));
#15984=CARTESIAN_POINT('',(-0.0776,-0.0719241164189888,0.));
#15985=CARTESIAN_POINT('',(-0.0766,-0.0701920656114199,0.));
#15986=CARTESIAN_POINT('',(-0.0746,-0.0701920656114199,0.));
#15987=CARTESIAN_POINT('',(-0.0746,-0.079320645,0.));
#15988=CARTESIAN_POINT('',(-0.0746,-0.0695138475745589,0.));
#15989=CARTESIAN_POINT('',(-0.0766,-0.0695138475745589,0.));
#15990=CARTESIAN_POINT('',(-0.0754720479379626,-0.0678622652587945,0.));
#15991=CARTESIAN_POINT('',(-0.0686,-0.0578,0.));
#15992=CARTESIAN_POINT('',(-0.0979326673973661,-0.0390414518843274,0.));
#15993=CARTESIAN_POINT('',(-0.0969326673973661,-0.0373094010767585,0.));
#15994=CARTESIAN_POINT('',(-0.0959326673973661,-0.0390414518843274,0.));
#15995=CARTESIAN_POINT('',(-0.108588111963594,-0.0305801270189222,0.));
#15996=CARTESIAN_POINT('',(-0.102,-0.0343837752345545,0.));
#15997=CARTESIAN_POINT('',(-0.103,-0.0361158260421234,0.));
#15998=CARTESIAN_POINT('',(-0.105,-0.0361158260421234,0.));
#15999=CARTESIAN_POINT('',(-0.105,-1.20676415720126E-17,0.));
#16000=CARTESIAN_POINT('',(-0.105,-0.0688841739578767,0.));
#16001=CARTESIAN_POINT('',(-0.103,-0.0688841739578767,0.));
#16002=CARTESIAN_POINT('',(-0.102,-0.0706162247654456,0.));
#16003=CARTESIAN_POINT('',(-0.108588111963594,-0.0744198729810778,0.));
#16004=CARTESIAN_POINT('',(-0.0969326673973661,-0.0676905989232415,0.));
#16005=CARTESIAN_POINT('',(-0.0979326673973661,-0.0659585481156727,0.));
#16006=CARTESIAN_POINT('',(-0.0959326673973661,-0.0659585481156727,0.));
#16007=CARTESIAN_POINT('',(-0.0959326673973661,-0.0525,0.));
#16008=CARTESIAN_POINT('',(-0.105,-1.20676415720126E-17,0.));
#16009=CARTESIAN_POINT('',(-0.105,0.0941004894270796,0.));
#16010=CARTESIAN_POINT('',(-0.105,0.0886995105729205,0.));
#16011=CARTESIAN_POINT('',(-0.103,0.0886995105729205,0.));
#16012=CARTESIAN_POINT('',(-0.101181177299965,0.0878677149334534,0.));
#16013=CARTESIAN_POINT('',(-0.0901,0.0828,0.));
#16014=CARTESIAN_POINT('',(-0.0997901901345122,0.0901874515333099,0.));
#16015=CARTESIAN_POINT('',(-0.101380701440957,0.0914,0.));
#16016=CARTESIAN_POINT('',(-0.0997901901345122,0.0926125484666902,0.));
#16017=CARTESIAN_POINT('',(-0.0901,0.1,0.));
#16018=CARTESIAN_POINT('',(-0.101181177299965,0.0949322850665467,0.));
#16019=CARTESIAN_POINT('',(-0.103,0.0941004894270796,0.));
#16020=CARTESIAN_POINT('',(0.103,-0.0688841739578767,0.));
#16021=CARTESIAN_POINT('',(0.105,-0.0688841739578767,0.));
#16022=CARTESIAN_POINT('',(0.102,-0.0706162247654456,0.));
#16023=CARTESIAN_POINT('',(0.105,1.20676415720126E-17,0.));
#16024=CARTESIAN_POINT('',(0.105,-0.0361158260421234,0.));
#16025=CARTESIAN_POINT('',(0.103,-0.0361158260421234,0.));
#16026=CARTESIAN_POINT('',(0.102,-0.0343837752345545,0.));
#16027=CARTESIAN_POINT('',(0.108588111963594,-0.0305801270189222,0.));
#16028=CARTESIAN_POINT('',(0.0969326673973661,-0.0373094010767585,0.));
#16029=CARTESIAN_POINT('',(0.0979326673973661,-0.0390414518843274,0.));
#16030=CARTESIAN_POINT('',(0.0959326673973661,-0.0390414518843274,0.));
#16031=CARTESIAN_POINT('',(0.0959326673973661,-0.0525,0.));
#16032=CARTESIAN_POINT('',(0.0959326673973661,-0.0659585481156727,0.));
#16033=CARTESIAN_POINT('',(0.0979326673973661,-0.0659585481156727,0.));
#16034=CARTESIAN_POINT('',(0.0969326673973661,-0.0676905989232415,0.));
#16035=CARTESIAN_POINT('',(0.108588111963594,-0.0744198729810778,0.));
#16036=CARTESIAN_POINT('',(0.0901,0.1,-0.065002));
#16037=CARTESIAN_POINT('',(0.0901,0.1,0.00716052277016101));
#16038=CARTESIAN_POINT('',(0.0918859375,0.1,0.00716052277016101));
#16039=CARTESIAN_POINT('',(-0.0901,0.0828,-0.065002));
#16040=CARTESIAN_POINT('',(-0.0901,0.0828,0.00716052277016101));
#16041=CARTESIAN_POINT('',(-0.0883140625,0.0828,0.00716052277016101));
#16042=CARTESIAN_POINT('',(0.0821,-0.0236,-0.065002));
#16043=CARTESIAN_POINT('',(0.0821,-0.0236,0.00716052277016101));
#16044=CARTESIAN_POINT('',(0.0838859375,-0.0236,0.00716052277016101));
#16045=CARTESIAN_POINT('',(-0.0821,-0.0338,-0.065002));
#16046=CARTESIAN_POINT('',(-0.0821,-0.0338,0.00716052277016101));
#16047=CARTESIAN_POINT('',(-0.0803140625,-0.0338,0.00716052277016101));
#16048=CARTESIAN_POINT('',(-0.0901,0.000400000000000056,-0.065002));
#16049=CARTESIAN_POINT('',(-0.0901,0.000400000000000056,0.00716052277016101));
#16050=CARTESIAN_POINT('',(-0.0883140625,0.000400000000000056,0.00716052277016101));
#16051=CARTESIAN_POINT('',(0.0686,-0.0578,-0.065002));
#16052=CARTESIAN_POINT('',(0.0686,-0.0578,0.00716052277016101));
#16053=CARTESIAN_POINT('',(0.0703859375,-0.0578,0.00716052277016101));
#16054=CARTESIAN_POINT('',(-0.0686,-0.0982,-0.065002));
#16055=CARTESIAN_POINT('',(-0.0686,-0.0982,0.00716052277016101));
#16056=CARTESIAN_POINT('',(-0.0668140625,-0.0982,0.00716052277016101));
#16057=CARTESIAN_POINT('',(0.0901,0.0588,-0.065002));
#16058=CARTESIAN_POINT('',(0.0901,0.0588,0.00716052277016101));
#16059=CARTESIAN_POINT('',(0.0918859375,0.0588,0.00716052277016101));
#16060=CARTESIAN_POINT('',(-0.0901,0.0416,-0.065002));
#16061=CARTESIAN_POINT('',(-0.0901,0.0416,0.00716052277016101));
#16062=CARTESIAN_POINT('',(-0.0883140625,0.0416,0.00716052277016101));
#16063=CARTESIAN_POINT('',(0.0901,0.0176,-0.065002));
#16064=CARTESIAN_POINT('',(0.0901,0.0176,0.00716052277016101));
#16065=CARTESIAN_POINT('',(0.0918859375,0.0176,0.00716052277016101));
#16066=CARTESIAN_POINT('',(0.119998,0.0189807621135332,-0.0459585481156726));
#16067=CARTESIAN_POINT('',(0.12,0.0189807621135332,-0.0459585481156726));
#16068=CARTESIAN_POINT('',(0.12,0.0199807621135332,-0.0476905989232415));
#16069=CARTESIAN_POINT('',(0.12,0.0209807621135332,-0.0459585481156726));
#16070=CARTESIAN_POINT('',(0.119998,0.0199807621135332,-0.0476905989232415));
#16071=CARTESIAN_POINT('',(0.13,0.0199807621135332,-0.0476905989232415));
#16072=CARTESIAN_POINT('',(0.13,0.0189807621135332,-0.0459585481156726));
#16073=CARTESIAN_POINT('',(0.13,0.0209807621135332,-0.0459585481156726));
#16074=CARTESIAN_POINT('',(0.119998,0.0209807621135332,-0.0459585481156726));
#16075=CARTESIAN_POINT('',(0.119998,0.0189807621135331,-0.0240414518843274));
#16076=CARTESIAN_POINT('',(0.12,0.0189807621135331,-0.0240414518843274));
#16077=CARTESIAN_POINT('',(0.12,0.0209807621135331,-0.0240414518843274));
#16078=CARTESIAN_POINT('',(0.12,0.0199807621135332,-0.0223094010767585));
#16079=CARTESIAN_POINT('',(0.119998,0.0209807621135331,-0.0240414518843274));
#16080=CARTESIAN_POINT('',(0.13,0.0209807621135331,-0.0240414518843274));
#16081=CARTESIAN_POINT('',(0.13,0.0189807621135331,-0.0240414518843274));
#16082=CARTESIAN_POINT('',(0.13,0.0199807621135332,-0.0223094010767585));
#16083=CARTESIAN_POINT('',(0.119998,0.0199807621135332,-0.0223094010767585));
#16084=CARTESIAN_POINT('',(0.119998,0.0140972765633179,-0.0487780298126731));
#16085=CARTESIAN_POINT('',(0.12,0.0140972765633179,-0.0487780298126731));
#16086=CARTESIAN_POINT('',(0.12,0.0122226387224512,-0.0480810843588602));
#16087=CARTESIAN_POINT('',(0.12,0.0150972765633179,-0.050510080620242));
#16088=CARTESIAN_POINT('',(0.13,0.0122226387224512,-0.0480810843588602));
#16089=CARTESIAN_POINT('',(0.13,0.0122226387224512,-0.0480810843588602));
#16090=CARTESIAN_POINT('',(0.13,0.0140972765633179,-0.0487780298126731));
#16091=CARTESIAN_POINT('',(0.13,0.0150972765633179,-0.050510080620242));
#16092=CARTESIAN_POINT('',(0.119998,0.0150972765633179,-0.050510080620242));
#16093=CARTESIAN_POINT('',(0.119998,0.0144819393910828,-0.0214440553744843));
#16094=CARTESIAN_POINT('',(0.12,0.0144819393910828,-0.0214440553744843));
#16095=CARTESIAN_POINT('',(0.12,0.0154819393910829,-0.0197120045669155));
#16096=CARTESIAN_POINT('',(0.12,0.0125561495784389,-0.0219838086491539));
#16097=CARTESIAN_POINT('',(0.119998,0.0154819393910829,-0.0197120045669155));
#16098=CARTESIAN_POINT('',(0.13,0.0154819393910829,-0.0197120045669154));
#16099=CARTESIAN_POINT('',(0.13,0.0144819393910828,-0.0214440553744843));
#16100=CARTESIAN_POINT('',(0.13,0.0125561495784389,-0.0219838086491539));
#16101=CARTESIAN_POINT('',(0.12,0.0125561495784389,-0.0219838086491539));
#16102=CARTESIAN_POINT('',(0.119998,0.0120372468197674,-0.03452));
#16103=CARTESIAN_POINT('',(0.13,0.0120372468197674,-0.03452));
#16104=CARTESIAN_POINT('',(0.13,0.0104365491043728,-0.0357190691489362));
#16105=CARTESIAN_POINT('',(0.13,0.0104365491043728,-0.0333209308510638));
#16106=CARTESIAN_POINT('',(0.12,0.0104365491043728,-0.0357190691489362));
#16107=CARTESIAN_POINT('',(0.12,0.0104365491043728,-0.0357190691489362));
#16108=CARTESIAN_POINT('',(0.12,0.0120372468197674,-0.03452));
#16109=CARTESIAN_POINT('',(0.12,0.0104365491043728,-0.0333209308510638));
#16110=CARTESIAN_POINT('',(0.13,0.0104365491043728,-0.0333209308510638));
#16111=CARTESIAN_POINT('',(0.119998,-0.0849422863405995,-0.0459585481156727));
#16112=CARTESIAN_POINT('',(0.12,-0.0849422863405995,-0.0459585481156727));
#16113=CARTESIAN_POINT('',(0.12,-0.0839422863405995,-0.0476905989232415));
#16114=CARTESIAN_POINT('',(0.12,-0.0829422863405995,-0.0459585481156727));
#16115=CARTESIAN_POINT('',(0.119998,-0.0839422863405995,-0.0476905989232415));
#16116=CARTESIAN_POINT('',(0.13,-0.0839422863405995,-0.0476905989232415));
#16117=CARTESIAN_POINT('',(0.13,-0.0849422863405995,-0.0459585481156727));
#16118=CARTESIAN_POINT('',(0.13,-0.0829422863405995,-0.0459585481156727));
#16119=CARTESIAN_POINT('',(0.119998,-0.0829422863405995,-0.0459585481156727));
#16120=CARTESIAN_POINT('',(0.119998,-0.0849422863405995,-0.0240414518843274));
#16121=CARTESIAN_POINT('',(0.12,-0.0849422863405995,-0.0240414518843274));
#16122=CARTESIAN_POINT('',(0.12,-0.0829422863405995,-0.0240414518843274));
#16123=CARTESIAN_POINT('',(0.12,-0.0839422863405995,-0.0223094010767585));
#16124=CARTESIAN_POINT('',(0.119998,-0.0829422863405995,-0.0240414518843274));
#16125=CARTESIAN_POINT('',(0.13,-0.0829422863405995,-0.0240414518843274));
#16126=CARTESIAN_POINT('',(0.13,-0.0849422863405995,-0.0240414518843274));
#16127=CARTESIAN_POINT('',(0.13,-0.0839422863405995,-0.0223094010767585));
#16128=CARTESIAN_POINT('',(0.119998,-0.0839422863405995,-0.0223094010767585));
#16129=CARTESIAN_POINT('',(0.119998,-0.0921723148384898,-0.0501328070151783));
#16130=CARTESIAN_POINT('',(0.13,-0.0921723148384898,-0.0501328070151783));
#16131=CARTESIAN_POINT('',(0.13,-0.0911723148384898,-0.0518648578227472));
#16132=CARTESIAN_POINT('',(0.13,-0.0941024399437085,-0.0506568462104722));
#16133=CARTESIAN_POINT('',(0.119998,-0.0911723148384898,-0.0518648578227472));
#16134=CARTESIAN_POINT('',(0.12,-0.0911723148384898,-0.0518648578227472));
#16135=CARTESIAN_POINT('',(0.12,-0.0921723148384898,-0.0501328070151783));
#16136=CARTESIAN_POINT('',(0.12,-0.0941024399437085,-0.0506568462104722));
#16137=CARTESIAN_POINT('',(0.13,-0.0941024399437085,-0.0506568462104722));
#16138=CARTESIAN_POINT('',(0.119998,-0.0921723148384898,-0.0198671929848218));
#16139=CARTESIAN_POINT('',(0.12,-0.0921723148384898,-0.0198671929848218));
#16140=CARTESIAN_POINT('',(0.12,-0.0911723148384898,-0.0181351421772529));
#16141=CARTESIAN_POINT('',(0.12,-0.0941024399437085,-0.0193431537895279));
#16142=CARTESIAN_POINT('',(0.119998,-0.0911723148384898,-0.0181351421772529));
#16143=CARTESIAN_POINT('',(0.13,-0.0911723148384898,-0.0181351421772529));
#16144=CARTESIAN_POINT('',(0.13,-0.0921723148384898,-0.0198671929848218));
#16145=CARTESIAN_POINT('',(0.13,-0.0941024399437085,-0.0193431537895279));
#16146=CARTESIAN_POINT('',(0.12,-0.0941024399437085,-0.0193431537895279));
#16147=CARTESIAN_POINT('',(0.119998,-0.103,-0.0304600827013494));
#16148=CARTESIAN_POINT('',(0.12,-0.103,-0.0304600827013494));
#16149=CARTESIAN_POINT('',(0.12,-0.103481605351171,-0.0285189345138779));
#16150=CARTESIAN_POINT('',(0.12,-0.105,-0.0304600827013494));
#16151=CARTESIAN_POINT('',(0.13,-0.103481605351171,-0.0285189345138779));
#16152=CARTESIAN_POINT('',(0.13,-0.103481605351171,-0.0285189345138779));
#16153=CARTESIAN_POINT('',(0.13,-0.103,-0.0304600827013494));
#16154=CARTESIAN_POINT('',(0.13,-0.105,-0.0304600827013494));
#16155=CARTESIAN_POINT('',(0.119998,-0.105,-0.0304600827013494));
#16156=CARTESIAN_POINT('',(0.119998,-0.103,-0.0395399172986505));
#16157=CARTESIAN_POINT('',(0.13,-0.103,-0.0395399172986505));
#16158=CARTESIAN_POINT('',(0.13,-0.103481605351171,-0.041481065486122));
#16159=CARTESIAN_POINT('',(0.13,-0.105,-0.0395399172986505));
#16160=CARTESIAN_POINT('',(0.12,-0.103481605351171,-0.041481065486122));
#16161=CARTESIAN_POINT('',(0.12,-0.103481605351171,-0.041481065486122));
#16162=CARTESIAN_POINT('',(0.12,-0.103,-0.0395399172986505));
#16163=CARTESIAN_POINT('',(0.12,-0.105,-0.0395399172986505));
#16164=CARTESIAN_POINT('',(0.119998,-0.105,-0.0395399172986505));
#16165=CARTESIAN_POINT('',(0.119998,-0.0709422863405995,-0.0459585481156727));
#16166=CARTESIAN_POINT('',(0.12,-0.0709422863405995,-0.0459585481156727));
#16167=CARTESIAN_POINT('',(0.12,-0.0729422863405995,-0.0459585481156727));
#16168=CARTESIAN_POINT('',(0.12,-0.0719422863405995,-0.0476905989232415));
#16169=CARTESIAN_POINT('',(0.119998,-0.0729422863405995,-0.0459585481156727));
#16170=CARTESIAN_POINT('',(0.13,-0.0729422863405995,-0.0459585481156727));
#16171=CARTESIAN_POINT('',(0.13,-0.0709422863405995,-0.0459585481156727));
#16172=CARTESIAN_POINT('',(0.13,-0.0719422863405995,-0.0476905989232415));
#16173=CARTESIAN_POINT('',(0.119998,-0.0719422863405995,-0.0476905989232415));
#16174=CARTESIAN_POINT('',(0.119998,-0.0709422863405995,-0.0240414518843274));
#16175=CARTESIAN_POINT('',(0.12,-0.0709422863405995,-0.0240414518843274));
#16176=CARTESIAN_POINT('',(0.12,-0.0719422863405995,-0.0223094010767586));
#16177=CARTESIAN_POINT('',(0.12,-0.0729422863405995,-0.0240414518843274));
#16178=CARTESIAN_POINT('',(0.119998,-0.0719422863405995,-0.0223094010767586));
#16179=CARTESIAN_POINT('',(0.13,-0.0719422863405995,-0.0223094010767586));
#16180=CARTESIAN_POINT('',(0.13,-0.0709422863405995,-0.0240414518843274));
#16181=CARTESIAN_POINT('',(0.13,-0.0729422863405995,-0.0240414518843274));
#16182=CARTESIAN_POINT('',(0.119998,-0.0729422863405995,-0.0240414518843274));
#16183=CARTESIAN_POINT('',(0.119998,-0.0587461339178929,-0.053));
#16184=CARTESIAN_POINT('',(0.13,-0.0587461339178929,-0.053));
#16185=CARTESIAN_POINT('',(0.13,-0.0587461339178929,-0.055));
#16186=CARTESIAN_POINT('',(0.13,-0.0597461339178929,-0.0547320508075689));
#16187=CARTESIAN_POINT('',(0.119998,-0.0587461339178929,-0.055));
#16188=CARTESIAN_POINT('',(0.12,-0.0587461339178929,-0.055));
#16189=CARTESIAN_POINT('',(0.12,-0.0587461339178929,-0.053));
#16190=CARTESIAN_POINT('',(0.12,-0.0597461339178929,-0.0547320508075689));
#16191=CARTESIAN_POINT('',(0.119998,-0.0597461339178929,-0.0547320508075689));
#16192=CARTESIAN_POINT('',(0.119998,-0.0329807621135331,-0.030675561684138));
#16193=CARTESIAN_POINT('',(0.12,-0.0329807621135331,-0.030675561684138));
#16194=CARTESIAN_POINT('',(0.12,-0.0309807621135332,-0.030675561684138));
#16195=CARTESIAN_POINT('',(0.12,-0.0326355096568732,-0.0287055868768954));
#16196=CARTESIAN_POINT('',(0.119998,-0.0309807621135332,-0.030675561684138));
#16197=CARTESIAN_POINT('',(0.13,-0.0309807621135332,-0.030675561684138));
#16198=CARTESIAN_POINT('',(0.13,-0.0329807621135331,-0.030675561684138));
#16199=CARTESIAN_POINT('',(0.13,-0.0326355096568732,-0.0287055868768954));
#16200=CARTESIAN_POINT('',(0.12,-0.0326355096568732,-0.0287055868768954));
#16201=CARTESIAN_POINT('',(0.119998,-0.0329807621135331,-0.039324438315862));
#16202=CARTESIAN_POINT('',(0.12,-0.0329807621135331,-0.039324438315862));
#16203=CARTESIAN_POINT('',(0.12,-0.0326355096568732,-0.0412944131231046));
#16204=CARTESIAN_POINT('',(0.12,-0.0309807621135332,-0.039324438315862));
#16205=CARTESIAN_POINT('',(0.13,-0.0326355096568732,-0.0412944131231046));
#16206=CARTESIAN_POINT('',(0.13,-0.0326355096568732,-0.0412944131231046));
#16207=CARTESIAN_POINT('',(0.13,-0.0329807621135331,-0.039324438315862));
#16208=CARTESIAN_POINT('',(0.13,-0.0309807621135332,-0.039324438315862));
#16209=CARTESIAN_POINT('',(0.119998,-0.0309807621135332,-0.039324438315862));
#16210=CARTESIAN_POINT('',(0.119998,-0.0587461339178929,-0.017));
#16211=CARTESIAN_POINT('',(0.12,-0.0587461339178929,-0.017));
#16212=CARTESIAN_POINT('',(0.12,-0.0587461339178929,-0.015));
#16213=CARTESIAN_POINT('',(0.12,-0.0597461339178929,-0.0152679491924312));
#16214=CARTESIAN_POINT('',(0.119998,-0.0587461339178929,-0.015));
#16215=CARTESIAN_POINT('',(0.13,-0.0587461339178929,-0.015));
#16216=CARTESIAN_POINT('',(0.13,-0.0587461339178929,-0.017));
#16217=CARTESIAN_POINT('',(0.13,-0.0597461339178929,-0.0152679491924312));
#16218=CARTESIAN_POINT('',(0.119998,-0.0597461339178929,-0.0152679491924312));
#16219=CARTESIAN_POINT('',(0.119998,-0.0453130815058458,-0.053));
#16220=CARTESIAN_POINT('',(0.13,-0.0453130815058458,-0.053));
#16221=CARTESIAN_POINT('',(0.13,-0.0433180204348297,-0.0531404682274248));
#16222=CARTESIAN_POINT('',(0.13,-0.0453130815058458,-0.055));
#16223=CARTESIAN_POINT('',(0.12,-0.0433180204348297,-0.0531404682274248));
#16224=CARTESIAN_POINT('',(0.12,-0.0433180204348297,-0.0531404682274248));
#16225=CARTESIAN_POINT('',(0.12,-0.0453130815058458,-0.053));
#16226=CARTESIAN_POINT('',(0.12,-0.0453130815058458,-0.055));
#16227=CARTESIAN_POINT('',(0.119998,-0.0453130815058458,-0.055));
#16228=CARTESIAN_POINT('',(0.119998,-0.0453130815058458,-0.017));
#16229=CARTESIAN_POINT('',(0.13,-0.0453130815058458,-0.017));
#16230=CARTESIAN_POINT('',(0.13,-0.0453130815058458,-0.015));
#16231=CARTESIAN_POINT('',(0.13,-0.0433180204348297,-0.0168595317725752));
#16232=CARTESIAN_POINT('',(0.119998,-0.0453130815058458,-0.015));
#16233=CARTESIAN_POINT('',(0.12,-0.0453130815058458,-0.015));
#16234=CARTESIAN_POINT('',(0.12,-0.0453130815058458,-0.017));
#16235=CARTESIAN_POINT('',(0.12,-0.0433180204348297,-0.0168595317725752));
#16236=CARTESIAN_POINT('',(0.13,-0.0433180204348297,-0.0168595317725752));
#16237=CARTESIAN_POINT('',(0.119998,-0.0172345153191375,-0.0469667441724885));
#16238=CARTESIAN_POINT('',(0.12,-0.0172345153191375,-0.0469667441724885));
#16239=CARTESIAN_POINT('',(0.12,-0.0189957841727646,-0.0479143369253328));
#16240=CARTESIAN_POINT('',(0.12,-0.0182345153191375,-0.0486987949800574));
#16241=CARTESIAN_POINT('',(0.13,-0.0189957841727646,-0.0479143369253328));
#16242=CARTESIAN_POINT('',(0.13,-0.0189957841727646,-0.0479143369253328));
#16243=CARTESIAN_POINT('',(0.13,-0.0172345153191375,-0.0469667441724885));
#16244=CARTESIAN_POINT('',(0.13,-0.0182345153191375,-0.0486987949800574));
#16245=CARTESIAN_POINT('',(0.119998,-0.0182345153191375,-0.0486987949800574));
#16246=CARTESIAN_POINT('',(0.119998,-0.0140972765633179,-0.0487780298126731));
#16247=CARTESIAN_POINT('',(0.13,-0.0140972765633179,-0.0487780298126731));
#16248=CARTESIAN_POINT('',(0.13,-0.0122226387224512,-0.0480810843588602));
#16249=CARTESIAN_POINT('',(0.13,-0.0150972765633179,-0.050510080620242));
#16250=CARTESIAN_POINT('',(0.12,-0.0122226387224512,-0.0480810843588602));
#16251=CARTESIAN_POINT('',(0.12,-0.0122226387224512,-0.0480810843588602));
#16252=CARTESIAN_POINT('',(0.12,-0.0140972765633179,-0.0487780298126731));
#16253=CARTESIAN_POINT('',(0.12,-0.0150972765633179,-0.050510080620242));
#16254=CARTESIAN_POINT('',(0.119998,-0.0150972765633179,-0.050510080620242));
#16255=CARTESIAN_POINT('',(0.119998,-0.0189807621135331,-0.0255990158095156));
#16256=CARTESIAN_POINT('',(0.12,-0.0189807621135331,-0.0255990158095156));
#16257=CARTESIAN_POINT('',(0.12,-0.0205084193558699,-0.0243081775741288));
#16258=CARTESIAN_POINT('',(0.12,-0.0209807621135331,-0.0255990158095156));
#16259=CARTESIAN_POINT('',(0.13,-0.0205084193558699,-0.0243081775741288));
#16260=CARTESIAN_POINT('',(0.13,-0.0205084193558699,-0.0243081775741288));
#16261=CARTESIAN_POINT('',(0.13,-0.0189807621135331,-0.0255990158095156));
#16262=CARTESIAN_POINT('',(0.13,-0.0209807621135331,-0.0255990158095156));
#16263=CARTESIAN_POINT('',(0.119998,-0.0209807621135331,-0.0255990158095156));
#16264=CARTESIAN_POINT('',(0.119998,-0.0189807621135331,-0.0444009841904845));
#16265=CARTESIAN_POINT('',(0.12,-0.0189807621135331,-0.0444009841904845));
#16266=CARTESIAN_POINT('',(0.12,-0.0209807621135331,-0.0444009841904845));
#16267=CARTESIAN_POINT('',(0.12,-0.0205084193558699,-0.0456918224258712));
#16268=CARTESIAN_POINT('',(0.119998,-0.0209807621135331,-0.0444009841904845));
#16269=CARTESIAN_POINT('',(0.13,-0.0209807621135331,-0.0444009841904845));
#16270=CARTESIAN_POINT('',(0.13,-0.0189807621135331,-0.0444009841904845));
#16271=CARTESIAN_POINT('',(0.13,-0.0205084193558699,-0.0456918224258712));
#16272=CARTESIAN_POINT('',(0.12,-0.0205084193558699,-0.0456918224258712));
#16273=CARTESIAN_POINT('',(0.119998,-0.0172345153191375,-0.0230332558275116));
#16274=CARTESIAN_POINT('',(0.13,-0.0172345153191375,-0.0230332558275116));
#16275=CARTESIAN_POINT('',(0.13,-0.0189957841727646,-0.0220856630746672));
#16276=CARTESIAN_POINT('',(0.13,-0.0182345153191375,-0.0213012050199427));
#16277=CARTESIAN_POINT('',(0.12,-0.0189957841727646,-0.0220856630746672));
#16278=CARTESIAN_POINT('',(0.12,-0.0189957841727646,-0.0220856630746672));
#16279=CARTESIAN_POINT('',(0.12,-0.0172345153191375,-0.0230332558275116));
#16280=CARTESIAN_POINT('',(0.12,-0.0182345153191375,-0.0213012050199427));
#16281=CARTESIAN_POINT('',(0.119998,-0.0182345153191375,-0.0213012050199427));
#16282=CARTESIAN_POINT('',(0.119998,-0.0144819393910829,-0.0214440553744843));
#16283=CARTESIAN_POINT('',(0.13,-0.0144819393910829,-0.0214440553744843));
#16284=CARTESIAN_POINT('',(0.13,-0.0154819393910829,-0.0197120045669155));
#16285=CARTESIAN_POINT('',(0.13,-0.0125561495784389,-0.021983808649154));
#16286=CARTESIAN_POINT('',(0.119998,-0.0154819393910829,-0.0197120045669155));
#16287=CARTESIAN_POINT('',(0.12,-0.0154819393910829,-0.0197120045669155));
#16288=CARTESIAN_POINT('',(0.12,-0.0144819393910829,-0.0214440553744843));
#16289=CARTESIAN_POINT('',(0.12,-0.0125561495784389,-0.021983808649154));
#16290=CARTESIAN_POINT('',(0.13,-0.0125561495784389,-0.021983808649154));
#16291=CARTESIAN_POINT('',(0.119998,-0.0120372468197674,-0.03452));
#16292=CARTESIAN_POINT('',(0.13,-0.0120372468197674,-0.03452));
#16293=CARTESIAN_POINT('',(0.13,-0.0104365491043728,-0.0333209308510638));
#16294=CARTESIAN_POINT('',(0.13,-0.0104365491043728,-0.0357190691489362));
#16295=CARTESIAN_POINT('',(0.12,-0.0104365491043728,-0.0333209308510638));
#16296=CARTESIAN_POINT('',(0.12,-0.0104365491043728,-0.0333209308510638));
#16297=CARTESIAN_POINT('',(0.12,-0.0120372468197674,-0.03452));
#16298=CARTESIAN_POINT('',(0.12,-0.0104365491043728,-0.0357190691489362));
#16299=CARTESIAN_POINT('',(0.13,-0.0104365491043728,-0.0357190691489362));
#16300=CARTESIAN_POINT('',(0.119998,0.0709422863405995,-0.0459585481156727));
#16301=CARTESIAN_POINT('',(0.12,0.0709422863405995,-0.0459585481156727));
#16302=CARTESIAN_POINT('',(0.12,0.0719422863405995,-0.0476905989232415));
#16303=CARTESIAN_POINT('',(0.12,0.0729422863405995,-0.0459585481156727));
#16304=CARTESIAN_POINT('',(0.119998,0.0719422863405995,-0.0476905989232415));
#16305=CARTESIAN_POINT('',(0.13,0.0719422863405995,-0.0476905989232415));
#16306=CARTESIAN_POINT('',(0.13,0.0709422863405995,-0.0459585481156727));
#16307=CARTESIAN_POINT('',(0.13,0.0729422863405995,-0.0459585481156727));
#16308=CARTESIAN_POINT('',(0.119998,0.0729422863405995,-0.0459585481156727));
#16309=CARTESIAN_POINT('',(0.119998,0.0329807621135332,-0.0459585481156727));
#16310=CARTESIAN_POINT('',(0.12,0.0329807621135332,-0.0459585481156727));
#16311=CARTESIAN_POINT('',(0.12,0.0309807621135332,-0.0459585481156727));
#16312=CARTESIAN_POINT('',(0.12,0.0319807621135332,-0.0476905989232415));
#16313=CARTESIAN_POINT('',(0.119998,0.0309807621135332,-0.0459585481156727));
#16314=CARTESIAN_POINT('',(0.13,0.0309807621135332,-0.0459585481156727));
#16315=CARTESIAN_POINT('',(0.13,0.0329807621135332,-0.0459585481156727));
#16316=CARTESIAN_POINT('',(0.13,0.0319807621135332,-0.0476905989232415));
#16317=CARTESIAN_POINT('',(0.119998,0.0319807621135332,-0.0476905989232415));
#16318=CARTESIAN_POINT('',(0.119998,0.0709422863405995,-0.0240414518843274));
#16319=CARTESIAN_POINT('',(0.12,0.0709422863405995,-0.0240414518843274));
#16320=CARTESIAN_POINT('',(0.12,0.0729422863405995,-0.0240414518843274));
#16321=CARTESIAN_POINT('',(0.12,0.0719422863405995,-0.0223094010767585));
#16322=CARTESIAN_POINT('',(0.119998,0.0729422863405995,-0.0240414518843274));
#16323=CARTESIAN_POINT('',(0.13,0.0729422863405995,-0.0240414518843274));
#16324=CARTESIAN_POINT('',(0.13,0.0709422863405995,-0.0240414518843274));
#16325=CARTESIAN_POINT('',(0.13,0.0719422863405995,-0.0223094010767585));
#16326=CARTESIAN_POINT('',(0.119998,0.0719422863405995,-0.0223094010767585));
#16327=CARTESIAN_POINT('',(0.119998,0.0329807621135331,-0.0240414518843274));
#16328=CARTESIAN_POINT('',(0.12,0.0329807621135331,-0.0240414518843274));
#16329=CARTESIAN_POINT('',(0.12,0.0319807621135331,-0.0223094010767586));
#16330=CARTESIAN_POINT('',(0.12,0.0309807621135332,-0.0240414518843274));
#16331=CARTESIAN_POINT('',(0.119998,0.0319807621135331,-0.0223094010767586));
#16332=CARTESIAN_POINT('',(0.13,0.0319807621135331,-0.0223094010767586));
#16333=CARTESIAN_POINT('',(0.13,0.0329807621135331,-0.0240414518843274));
#16334=CARTESIAN_POINT('',(0.13,0.0309807621135332,-0.0240414518843274));
#16335=CARTESIAN_POINT('',(0.119998,0.0309807621135332,-0.0240414518843274));
#16336=CARTESIAN_POINT('',(0.119998,0.0587461339178929,-0.053));
#16337=CARTESIAN_POINT('',(0.12,0.0587461339178929,-0.053));
#16338=CARTESIAN_POINT('',(0.12,0.0587461339178929,-0.055));
#16339=CARTESIAN_POINT('',(0.12,0.0597461339178929,-0.0547320508075689));
#16340=CARTESIAN_POINT('',(0.119998,0.0587461339178929,-0.055));
#16341=CARTESIAN_POINT('',(0.13,0.0587461339178929,-0.055));
#16342=CARTESIAN_POINT('',(0.13,0.0587461339178929,-0.053));
#16343=CARTESIAN_POINT('',(0.13,0.0597461339178929,-0.0547320508075689));
#16344=CARTESIAN_POINT('',(0.119998,0.0597461339178929,-0.0547320508075689));
#16345=CARTESIAN_POINT('',(0.119998,0.0451769145362398,-0.053));
#16346=CARTESIAN_POINT('',(0.13,0.0451769145362398,-0.053));
#16347=CARTESIAN_POINT('',(0.13,0.0451769145362398,-0.055));
#16348=CARTESIAN_POINT('',(0.13,0.0441769145362398,-0.0547320508075689));
#16349=CARTESIAN_POINT('',(0.119998,0.0451769145362398,-0.055));
#16350=CARTESIAN_POINT('',(0.12,0.0451769145362398,-0.055));
#16351=CARTESIAN_POINT('',(0.12,0.0451769145362398,-0.053));
#16352=CARTESIAN_POINT('',(0.12,0.0441769145362398,-0.0547320508075689));
#16353=CARTESIAN_POINT('',(0.119998,0.0441769145362398,-0.0547320508075689));
#16354=CARTESIAN_POINT('',(0.119998,0.0587461339178929,-0.017));
#16355=CARTESIAN_POINT('',(0.13,0.0587461339178929,-0.017));
#16356=CARTESIAN_POINT('',(0.13,0.0587461339178929,-0.015));
#16357=CARTESIAN_POINT('',(0.13,0.0597461339178929,-0.0152679491924312));
#16358=CARTESIAN_POINT('',(0.119998,0.0587461339178929,-0.015));
#16359=CARTESIAN_POINT('',(0.12,0.0587461339178929,-0.015));
#16360=CARTESIAN_POINT('',(0.12,0.0587461339178929,-0.017));
#16361=CARTESIAN_POINT('',(0.12,0.0597461339178929,-0.0152679491924312));
#16362=CARTESIAN_POINT('',(0.119998,0.0597461339178929,-0.0152679491924312));
#16363=CARTESIAN_POINT('',(0.119998,0.0451769145362398,-0.017));
#16364=CARTESIAN_POINT('',(0.12,0.0451769145362398,-0.017));
#16365=CARTESIAN_POINT('',(0.12,0.0451769145362398,-0.015));
#16366=CARTESIAN_POINT('',(0.12,0.0441769145362397,-0.0152679491924312));
#16367=CARTESIAN_POINT('',(0.119998,0.0451769145362398,-0.015));
#16368=CARTESIAN_POINT('',(0.13,0.0451769145362398,-0.015));
#16369=CARTESIAN_POINT('',(0.13,0.0451769145362398,-0.017));
#16370=CARTESIAN_POINT('',(0.13,0.0441769145362398,-0.0152679491924312));
#16371=CARTESIAN_POINT('',(0.119998,0.0441769145362397,-0.0152679491924312));
#16372=CARTESIAN_POINT('',(0.119998,0.0849422863405995,-0.0459585481156727));
#16373=CARTESIAN_POINT('',(0.12,0.0849422863405995,-0.0459585481156727));
#16374=CARTESIAN_POINT('',(0.12,0.0829422863405995,-0.0459585481156727));
#16375=CARTESIAN_POINT('',(0.12,0.0839422863405995,-0.0476905989232415));
#16376=CARTESIAN_POINT('',(0.119998,0.0829422863405995,-0.0459585481156727));
#16377=CARTESIAN_POINT('',(0.13,0.0829422863405995,-0.0459585481156727));
#16378=CARTESIAN_POINT('',(0.13,0.0849422863405995,-0.0459585481156727));
#16379=CARTESIAN_POINT('',(0.13,0.0839422863405995,-0.0476905989232415));
#16380=CARTESIAN_POINT('',(0.119998,0.0839422863405995,-0.0476905989232415));
#16381=CARTESIAN_POINT('',(0.119998,0.0849422863405995,-0.0240414518843274));
#16382=CARTESIAN_POINT('',(0.12,0.0849422863405995,-0.0240414518843274));
#16383=CARTESIAN_POINT('',(0.12,0.0839422863405995,-0.0223094010767586));
#16384=CARTESIAN_POINT('',(0.12,0.0829422863405995,-0.0240414518843274));
#16385=CARTESIAN_POINT('',(0.119998,0.0839422863405995,-0.0223094010767586));
#16386=CARTESIAN_POINT('',(0.13,0.0839422863405995,-0.0223094010767586));
#16387=CARTESIAN_POINT('',(0.13,0.0849422863405995,-0.0240414518843274));
#16388=CARTESIAN_POINT('',(0.13,0.0829422863405995,-0.0240414518843274));
#16389=CARTESIAN_POINT('',(0.119998,0.0829422863405995,-0.0240414518843274));
#16390=CARTESIAN_POINT('',(0.119998,0.0971384387633062,-0.053));
#16391=CARTESIAN_POINT('',(0.13,0.0971384387633062,-0.053));
#16392=CARTESIAN_POINT('',(0.13,0.0971384387633062,-0.055));
#16393=CARTESIAN_POINT('',(0.13,0.0961384387633062,-0.0547320508075689));
#16394=CARTESIAN_POINT('',(0.119998,0.0971384387633062,-0.055));
#16395=CARTESIAN_POINT('',(0.12,0.0971384387633062,-0.055));
#16396=CARTESIAN_POINT('',(0.12,0.0971384387633062,-0.053));
#16397=CARTESIAN_POINT('',(0.12,0.0961384387633062,-0.0547320508075689));
#16398=CARTESIAN_POINT('',(0.119998,0.0961384387633062,-0.0547320508075689));
#16399=CARTESIAN_POINT('',(0.119998,0.0971384387633061,-0.017));
#16400=CARTESIAN_POINT('',(0.12,0.0971384387633061,-0.017));
#16401=CARTESIAN_POINT('',(0.12,0.0971384387633061,-0.015));
#16402=CARTESIAN_POINT('',(0.12,0.0961384387633061,-0.0152679491924312));
#16403=CARTESIAN_POINT('',(0.119998,0.0971384387633061,-0.015));
#16404=CARTESIAN_POINT('',(0.13,0.0971384387633061,-0.015));
#16405=CARTESIAN_POINT('',(0.13,0.0971384387633061,-0.017));
#16406=CARTESIAN_POINT('',(0.13,0.0961384387633061,-0.0152679491924312));
#16407=CARTESIAN_POINT('',(0.119998,0.0961384387633061,-0.0152679491924312));
#16408=CARTESIAN_POINT('',(0.119998,0.103,-0.053));
#16409=CARTESIAN_POINT('',(0.12,0.103,-0.053));
#16410=CARTESIAN_POINT('',(0.12,0.103,-0.055));
#16411=CARTESIAN_POINT('',(0.12,0.105,-0.053));
#16412=CARTESIAN_POINT('',(0.119998,0.103,-0.055));
#16413=CARTESIAN_POINT('',(0.13,0.103,-0.055));
#16414=CARTESIAN_POINT('',(0.13,0.103,-0.053));
#16415=CARTESIAN_POINT('',(0.13,0.105,-0.053));
#16416=CARTESIAN_POINT('',(0.119998,0.105,-0.053));
#16417=CARTESIAN_POINT('',(0.119998,0.103,-0.017));
#16418=CARTESIAN_POINT('',(0.12,0.103,-0.017));
#16419=CARTESIAN_POINT('',(0.12,0.105,-0.017));
#16420=CARTESIAN_POINT('',(0.12,0.103,-0.015));
#16421=CARTESIAN_POINT('',(0.119998,0.105,-0.017));
#16422=CARTESIAN_POINT('',(0.13,0.105,-0.017));
#16423=CARTESIAN_POINT('',(0.13,0.103,-0.017));
#16424=CARTESIAN_POINT('',(0.13,0.103,-0.015));
#16425=CARTESIAN_POINT('',(0.119998,0.103,-0.015));
#16426=CARTESIAN_POINT('',(0.119998,-0.0304,-0.05405));
#16427=CARTESIAN_POINT('',(0.12,-0.0304,-0.05405));
#16428=CARTESIAN_POINT('',(0.13,-0.0304,-0.05405));
#16429=CARTESIAN_POINT('',(0.119998,-1.56879340436164E-17,-0.015));
#16430=CARTESIAN_POINT('',(0.12,-1.56879340436164E-17,-0.015));
#16431=CARTESIAN_POINT('',(0.13,0.0129903810567666,-0.015));
#16432=CARTESIAN_POINT('',(0.119998,-1.20676415720126E-18,-0.055));
#16433=CARTESIAN_POINT('',(0.13,0.0129903810567666,-0.055));
#16434=CARTESIAN_POINT('',(0.12,-1.20676415720126E-18,-0.055));
#16435=CARTESIAN_POINT('',(0.119998,-0.0304,-0.01595));
#16436=CARTESIAN_POINT('',(0.13,-0.0304,-0.01595));
#16437=CARTESIAN_POINT('',(0.12,-0.0304,-0.01595));
#16438=CARTESIAN_POINT('',(0.119998,-0.0304,-0.05405));
#16439=CARTESIAN_POINT('',(0.12,-0.0304,-0.05405));
#16440=CARTESIAN_POINT('',(0.13,-0.0304,-0.05405));
#16441=CARTESIAN_POINT('',(0.119998,3.14073119083061E-34,-0.043537));
#16442=CARTESIAN_POINT('',(0.13,2.56585412168851E-49,-0.043537));
#16443=CARTESIAN_POINT('',(0.12,3.14010317019658E-34,-0.043537));
#16444=CARTESIAN_POINT('',(0.119998,3.14073119083061E-34,-0.025503));
#16445=CARTESIAN_POINT('',(0.12,3.14010317019658E-34,-0.025503));
#16446=CARTESIAN_POINT('',(0.13,2.13821176807376E-49,-0.025503));
#16447=CARTESIAN_POINT('',(0.119998,-0.0304,-0.01595));
#16448=CARTESIAN_POINT('',(0.12,-0.0304,-0.01595));
#16449=CARTESIAN_POINT('',(0.13,-0.0304,-0.01595));
#16450=CARTESIAN_POINT('',(0.119998,3.14073119083061E-34,-0.025503));
#16451=CARTESIAN_POINT('',(0.13,2.13821176807376E-49,-0.025503));
#16452=CARTESIAN_POINT('',(0.12,3.14010317019658E-34,-0.025503));
#16453=CARTESIAN_POINT('',(0.119998,3.14073119083061E-34,-0.043537));
#16454=CARTESIAN_POINT('',(0.12,3.14010317019658E-34,-0.043537));
#16455=CARTESIAN_POINT('',(0.13,2.56585412168851E-49,-0.043537));
#16456=CARTESIAN_POINT('',(0.119998,-1.20676415720126E-18,-0.055));
#16457=CARTESIAN_POINT('',(0.12,-1.20676415720126E-18,-0.055));
#16458=CARTESIAN_POINT('',(0.13,0.0129903810567666,-0.055));
#16459=CARTESIAN_POINT('',(0.119998,-1.56879340436164E-17,-0.015));
#16460=CARTESIAN_POINT('',(0.13,0.0129903810567666,-0.015));
#16461=CARTESIAN_POINT('',(0.12,-1.56879340436164E-17,-0.015));
#16462=CARTESIAN_POINT('',(0.119998,-1.20676415720126E-18,-0.055));
#16463=CARTESIAN_POINT('',(0.13,0.0129903810567666,-0.055));
#16464=CARTESIAN_POINT('',(0.12,-1.20676415720126E-18,-0.055));
#16465=CARTESIAN_POINT('',(0.119998,0.105,-0.065));
#16466=CARTESIAN_POINT('',(0.13,0.105,-0.0575));
#16467=CARTESIAN_POINT('',(0.12,0.105,-0.065));
#16468=CARTESIAN_POINT('',(0.119998,-1.56879340436164E-17,-0.015));
#16469=CARTESIAN_POINT('',(0.12,-1.56879340436164E-17,-0.015));
#16470=CARTESIAN_POINT('',(0.13,0.0129903810567666,-0.015));
#16471=CARTESIAN_POINT('',(0.119998,-0.105,-0.065));
#16472=CARTESIAN_POINT('',(0.13,-0.105,-0.0575));
#16473=CARTESIAN_POINT('',(0.12,-0.105,-0.065));
#16474=CARTESIAN_POINT('',(0.119998,-0.1066,-0.01595));
#16475=CARTESIAN_POINT('',(0.13,-0.1066,-0.01595));
#16476=CARTESIAN_POINT('',(0.12,-0.1066,-0.01595));
#16477=CARTESIAN_POINT('',(0.119998,-0.1066,-0.05405));
#16478=CARTESIAN_POINT('',(0.12,-0.1066,-0.05405));
#16479=CARTESIAN_POINT('',(0.13,-0.1066,-0.05405));
#16480=CARTESIAN_POINT('',(0.119998,-0.0934326673973661,-0.0168301270189222));
#16481=CARTESIAN_POINT('',(0.13,0.00399519052838331,-0.0730801270189222));
#16482=CARTESIAN_POINT('',(0.12,-0.0934326673973661,-0.0168301270189222));
#16483=CARTESIAN_POINT('',(0.119998,-0.0829422863405995,-0.035));
#16484=CARTESIAN_POINT('',(0.13,-0.0829422863405995,-0.0575));
#16485=CARTESIAN_POINT('',(0.12,-0.0829422863405995,-0.035));
#16486=CARTESIAN_POINT('',(0.119998,-0.0934326673973661,-0.0531698729810779));
#16487=CARTESIAN_POINT('',(0.12,-0.0934326673973661,-0.0531698729810779));
#16488=CARTESIAN_POINT('',(0.13,-0.0154903810567666,-0.00816987298107782));
#16489=CARTESIAN_POINT('',(0.119998,-0.0624519052838329,-0.0531698729810778));
#16490=CARTESIAN_POINT('',(0.13,-0.00399519052838327,-0.0869198729810779));
#16491=CARTESIAN_POINT('',(0.12,-0.0624519052838329,-0.0531698729810778));
#16492=CARTESIAN_POINT('',(0.119998,-0.0624519052838329,-0.0168301270189222));
#16493=CARTESIAN_POINT('',(0.12,-0.0624519052838329,-0.0168301270189222));
#16494=CARTESIAN_POINT('',(0.13,-0.0234807621135333,0.00566987298107777));
#16495=CARTESIAN_POINT('',(0.119998,-0.0729422863405995,-0.035));
#16496=CARTESIAN_POINT('',(0.12,-0.0729422863405995,-0.035));
#16497=CARTESIAN_POINT('',(0.13,-0.0729422863405995,-0.0575));
#16498=CARTESIAN_POINT('',(0.119998,-0.0309807621135332,-0.035));
#16499=CARTESIAN_POINT('',(0.12,-0.0309807621135332,-0.035));
#16500=CARTESIAN_POINT('',(0.13,-0.0309807621135332,-0.0575));
#16501=CARTESIAN_POINT('',(0.119998,-0.0104903810567666,-0.0531698729810778));
#16502=CARTESIAN_POINT('',(0.13,0.00899519052838331,-0.0644198729810779));
#16503=CARTESIAN_POINT('',(0.12,-0.0104903810567666,-0.0531698729810778));
#16504=CARTESIAN_POINT('',(0.119998,0.0104903810567666,-0.0168301270189222));
#16505=CARTESIAN_POINT('',(0.13,0.0299759526419165,-0.0280801270189222));
#16506=CARTESIAN_POINT('',(0.12,0.0104903810567666,-0.0168301270189222));
#16507=CARTESIAN_POINT('',(0.119998,-0.0104903810567666,-0.0168301270189222));
#16508=CARTESIAN_POINT('',(0.12,-0.0104903810567666,-0.0168301270189222));
#16509=CARTESIAN_POINT('',(0.13,-0.0104903810567666,-0.0168301270189222));
#16510=CARTESIAN_POINT('',(0.119998,-0.0209807621135331,-0.035));
#16511=CARTESIAN_POINT('',(0.13,-0.0209807621135331,-0.0575));
#16512=CARTESIAN_POINT('',(0.12,-0.0209807621135331,-0.035));
#16513=CARTESIAN_POINT('',(0.119998,0.0209807621135331,-0.035));
#16514=CARTESIAN_POINT('',(0.13,0.0209807621135332,-0.0575));
#16515=CARTESIAN_POINT('',(0.12,0.0209807621135331,-0.035));
#16516=CARTESIAN_POINT('',(0.119998,0.0104903810567666,-0.0531698729810779));
#16517=CARTESIAN_POINT('',(0.12,0.0104903810567666,-0.0531698729810779));
#16518=CARTESIAN_POINT('',(0.13,0.0104903810567666,-0.0531698729810779));
#16519=CARTESIAN_POINT('',(0.119998,0.0414711431702998,-0.0531698729810778));
#16520=CARTESIAN_POINT('',(0.13,0.0219855715851499,-0.0419198729810779));
#16521=CARTESIAN_POINT('',(0.12,0.0414711431702998,-0.0531698729810778));
#16522=CARTESIAN_POINT('',(0.119998,0.0624519052838329,-0.0168301270189222));
#16523=CARTESIAN_POINT('',(0.13,0.0429663336986831,-0.00558012701892222));
#16524=CARTESIAN_POINT('',(0.12,0.0624519052838329,-0.0168301270189222));
#16525=CARTESIAN_POINT('',(0.119998,0.0414711431702998,-0.0168301270189222));
#16526=CARTESIAN_POINT('',(0.12,0.0414711431702998,-0.0168301270189222));
#16527=CARTESIAN_POINT('',(0.13,0.0025,-0.0393301270189223));
#16528=CARTESIAN_POINT('',(0.119998,0.0309807621135332,-0.035));
#16529=CARTESIAN_POINT('',(0.12,0.0309807621135332,-0.035));
#16530=CARTESIAN_POINT('',(0.13,0.0309807621135332,-0.0575));
#16531=CARTESIAN_POINT('',(0.119998,0.0729422863405995,-0.035));
#16532=CARTESIAN_POINT('',(0.13,0.0729422863405995,-0.0575));
#16533=CARTESIAN_POINT('',(0.12,0.0729422863405995,-0.035));
#16534=CARTESIAN_POINT('',(0.119998,0.0624519052838329,-0.0531698729810779));
#16535=CARTESIAN_POINT('',(0.12,0.0624519052838329,-0.0531698729810779));
#16536=CARTESIAN_POINT('',(0.13,0.0234807621135332,-0.0756698729810779));
#16537=CARTESIAN_POINT('',(0.119998,0.0934326673973661,-0.0531698729810778));
#16538=CARTESIAN_POINT('',(0.13,0.0349759526419164,-0.0194198729810778));
#16539=CARTESIAN_POINT('',(0.12,0.0934326673973661,-0.0531698729810778));
#16540=CARTESIAN_POINT('',(0.119998,0.0934326673973661,-0.0168301270189222));
#16541=CARTESIAN_POINT('',(0.12,0.0934326673973661,-0.0168301270189222));
#16542=CARTESIAN_POINT('',(0.13,0.0154903810567666,-0.0618301270189223));
#16543=CARTESIAN_POINT('',(0.119998,0.0829422863405995,-0.035));
#16544=CARTESIAN_POINT('',(0.12,0.0829422863405995,-0.035));
#16545=CARTESIAN_POINT('',(0.13,0.0829422863405995,-0.0575));
#16546=CARTESIAN_POINT('',(-0.13,-3.01691039300314E-18,-0.065));
#16547=CARTESIAN_POINT('',(-0.13,0.0971384387633061,-0.017));
#16548=CARTESIAN_POINT('',(-0.13,0.0961384387633061,-0.0152679491924312));
#16549=CARTESIAN_POINT('',(-0.13,0.0971384387633061,-0.015));
#16550=CARTESIAN_POINT('',(-0.13,0.0154903810567666,-0.0618301270189223));
#16551=CARTESIAN_POINT('',(-0.13,0.0839422863405995,-0.0223094010767586));
#16552=CARTESIAN_POINT('',(-0.13,0.0849422863405995,-0.0240414518843274));
#16553=CARTESIAN_POINT('',(-0.13,0.0829422863405995,-0.0240414518843274));
#16554=CARTESIAN_POINT('',(-0.13,0.0829422863405995,-0.0575));
#16555=CARTESIAN_POINT('',(-0.13,0.0829422863405995,-0.0459585481156727));
#16556=CARTESIAN_POINT('',(-0.13,0.0849422863405995,-0.0459585481156727));
#16557=CARTESIAN_POINT('',(-0.13,0.0839422863405995,-0.0476905989232415));
#16558=CARTESIAN_POINT('',(-0.13,0.0349759526419164,-0.0194198729810778));
#16559=CARTESIAN_POINT('',(-0.13,0.0961384387633062,-0.0547320508075689));
#16560=CARTESIAN_POINT('',(-0.13,0.0971384387633062,-0.053));
#16561=CARTESIAN_POINT('',(-0.13,0.0971384387633062,-0.055));
#16562=CARTESIAN_POINT('',(-0.13,0.0129903810567666,-0.055));
#16563=CARTESIAN_POINT('',(-0.13,0.103,-0.055));
#16564=CARTESIAN_POINT('',(-0.13,0.103,-0.053));
#16565=CARTESIAN_POINT('',(-0.13,0.105,-0.053));
#16566=CARTESIAN_POINT('',(-0.13,0.105,-0.0575));
#16567=CARTESIAN_POINT('',(-0.13,0.105,-0.017));
#16568=CARTESIAN_POINT('',(-0.13,0.103,-0.017));
#16569=CARTESIAN_POINT('',(-0.13,0.103,-0.015));
#16570=CARTESIAN_POINT('',(-0.13,0.0129903810567666,-0.015));
#16571=CARTESIAN_POINT('',(-0.13,0.0129903810567666,-0.055));
#16572=CARTESIAN_POINT('',(-0.13,0.0451769145362398,-0.055));
#16573=CARTESIAN_POINT('',(-0.13,0.0587461339178929,-0.055));
#16574=CARTESIAN_POINT('',(-0.13,0.0587461339178929,-0.053));
#16575=CARTESIAN_POINT('',(-0.13,0.0597461339178929,-0.0547320508075689));
#16576=CARTESIAN_POINT('',(-0.13,0.0234807621135332,-0.0756698729810779));
#16577=CARTESIAN_POINT('',(-0.13,0.0719422863405995,-0.0476905989232415));
#16578=CARTESIAN_POINT('',(-0.13,0.0709422863405995,-0.0459585481156727));
#16579=CARTESIAN_POINT('',(-0.13,0.0729422863405995,-0.0459585481156727));
#16580=CARTESIAN_POINT('',(-0.13,0.0729422863405995,-0.0575));
#16581=CARTESIAN_POINT('',(-0.13,0.0729422863405995,-0.0240414518843274));
#16582=CARTESIAN_POINT('',(-0.13,0.0709422863405995,-0.0240414518843274));
#16583=CARTESIAN_POINT('',(-0.13,0.0719422863405995,-0.0223094010767585));
#16584=CARTESIAN_POINT('',(-0.13,0.0429663336986831,-0.00558012701892222));
#16585=CARTESIAN_POINT('',(-0.13,0.0597461339178929,-0.0152679491924312));
#16586=CARTESIAN_POINT('',(-0.13,0.0587461339178929,-0.017));
#16587=CARTESIAN_POINT('',(-0.13,0.0587461339178929,-0.015));
#16588=CARTESIAN_POINT('',(-0.13,0.0129903810567666,-0.015));
#16589=CARTESIAN_POINT('',(-0.13,0.0451769145362398,-0.015));
#16590=CARTESIAN_POINT('',(-0.13,0.0451769145362398,-0.017));
#16591=CARTESIAN_POINT('',(-0.13,0.0441769145362398,-0.0152679491924312));
#16592=CARTESIAN_POINT('',(-0.13,0.0025,-0.0393301270189223));
#16593=CARTESIAN_POINT('',(-0.13,0.0319807621135331,-0.0223094010767586));
#16594=CARTESIAN_POINT('',(-0.13,0.0329807621135331,-0.0240414518843274));
#16595=CARTESIAN_POINT('',(-0.13,0.0309807621135332,-0.0240414518843274));
#16596=CARTESIAN_POINT('',(-0.13,0.0309807621135332,-0.0575));
#16597=CARTESIAN_POINT('',(-0.13,0.0309807621135332,-0.0459585481156727));
#16598=CARTESIAN_POINT('',(-0.13,0.0329807621135332,-0.0459585481156727));
#16599=CARTESIAN_POINT('',(-0.13,0.0319807621135332,-0.0476905989232415));
#16600=CARTESIAN_POINT('',(-0.13,0.0219855715851499,-0.0419198729810779));
#16601=CARTESIAN_POINT('',(-0.13,0.0441769145362398,-0.0547320508075689));
#16602=CARTESIAN_POINT('',(-0.13,0.0451769145362398,-0.053));
#16603=CARTESIAN_POINT('',(-0.13,-0.0587461339178929,-0.017));
#16604=CARTESIAN_POINT('',(-0.13,-0.0597461339178929,-0.0152679491924312));
#16605=CARTESIAN_POINT('',(-0.13,-0.0587461339178929,-0.015));
#16606=CARTESIAN_POINT('',(-0.13,-0.0234807621135333,0.00566987298107777));
#16607=CARTESIAN_POINT('',(-0.13,-0.0719422863405995,-0.0223094010767586));
#16608=CARTESIAN_POINT('',(-0.13,-0.0709422863405995,-0.0240414518843274));
#16609=CARTESIAN_POINT('',(-0.13,-0.0729422863405995,-0.0240414518843274));
#16610=CARTESIAN_POINT('',(-0.13,-0.0729422863405995,-0.0575));
#16611=CARTESIAN_POINT('',(-0.13,-0.0729422863405995,-0.0459585481156727));
#16612=CARTESIAN_POINT('',(-0.13,-0.0709422863405995,-0.0459585481156727));
#16613=CARTESIAN_POINT('',(-0.13,-0.0719422863405995,-0.0476905989232415));
#16614=CARTESIAN_POINT('',(-0.13,-0.00399519052838327,-0.0869198729810779));
#16615=CARTESIAN_POINT('',(-0.13,-0.0597461339178929,-0.0547320508075689));
#16616=CARTESIAN_POINT('',(-0.13,-0.0587461339178929,-0.053));
#16617=CARTESIAN_POINT('',(-0.13,-0.0587461339178929,-0.055));
#16618=CARTESIAN_POINT('',(-0.13,0.0129903810567666,-0.055));
#16619=CARTESIAN_POINT('',(-0.13,-0.0453130815058458,-0.055));
#16620=CARTESIAN_POINT('',(-0.13,-0.0453130815058458,-0.053));
#16621=CARTESIAN_POINT('',(-0.13,-0.0433180204348297,-0.0531404682274248));
#16622=CARTESIAN_POINT('',(-0.13,-0.0304,-0.05405));
#16623=CARTESIAN_POINT('',(-0.13,-0.0326355096568732,-0.0412944131231046));
#16624=CARTESIAN_POINT('',(-0.13,-0.0329807621135331,-0.039324438315862));
#16625=CARTESIAN_POINT('',(-0.13,-0.0309807621135332,-0.039324438315862));
#16626=CARTESIAN_POINT('',(-0.13,-0.0309807621135332,-0.0575));
#16627=CARTESIAN_POINT('',(-0.13,-0.0309807621135332,-0.030675561684138));
#16628=CARTESIAN_POINT('',(-0.13,-0.0329807621135331,-0.030675561684138));
#16629=CARTESIAN_POINT('',(-0.13,-0.0326355096568732,-0.0287055868768954));
#16630=CARTESIAN_POINT('',(-0.13,-0.0304,-0.01595));
#16631=CARTESIAN_POINT('',(-0.13,-0.0433180204348297,-0.0168595317725752));
#16632=CARTESIAN_POINT('',(-0.13,-0.0453130815058458,-0.017));
#16633=CARTESIAN_POINT('',(-0.13,-0.0453130815058458,-0.015));
#16634=CARTESIAN_POINT('',(-0.13,0.0129903810567666,-0.015));
#16635=CARTESIAN_POINT('',(-0.13,-0.0921723148384898,-0.0198671929848218));
#16636=CARTESIAN_POINT('',(-0.13,-0.0941024399437085,-0.0193431537895279));
#16637=CARTESIAN_POINT('',(-0.13,-0.0911723148384898,-0.0181351421772529));
#16638=CARTESIAN_POINT('',(-0.13,-0.1066,-0.01595));
#16639=CARTESIAN_POINT('',(-0.13,-0.103481605351171,-0.0285189345138779));
#16640=CARTESIAN_POINT('',(-0.13,-0.103,-0.0304600827013494));
#16641=CARTESIAN_POINT('',(-0.13,-0.105,-0.0304600827013494));
#16642=CARTESIAN_POINT('',(-0.13,-0.105,-0.0575));
#16643=CARTESIAN_POINT('',(-0.13,-0.105,-0.0395399172986505));
#16644=CARTESIAN_POINT('',(-0.13,-0.103,-0.0395399172986505));
#16645=CARTESIAN_POINT('',(-0.13,-0.103481605351171,-0.041481065486122));
#16646=CARTESIAN_POINT('',(-0.13,-0.1066,-0.05405));
#16647=CARTESIAN_POINT('',(-0.13,-0.0941024399437085,-0.0506568462104722));
#16648=CARTESIAN_POINT('',(-0.13,-0.0921723148384898,-0.0501328070151783));
#16649=CARTESIAN_POINT('',(-0.13,-0.0911723148384898,-0.0518648578227472));
#16650=CARTESIAN_POINT('',(-0.13,-0.0154903810567666,-0.00816987298107782));
#16651=CARTESIAN_POINT('',(-0.13,-0.0839422863405995,-0.0476905989232415));
#16652=CARTESIAN_POINT('',(-0.13,-0.0849422863405995,-0.0459585481156727));
#16653=CARTESIAN_POINT('',(-0.13,-0.0829422863405995,-0.0459585481156727));
#16654=CARTESIAN_POINT('',(-0.13,-0.0829422863405995,-0.0575));
#16655=CARTESIAN_POINT('',(-0.13,-0.0829422863405995,-0.0240414518843274));
#16656=CARTESIAN_POINT('',(-0.13,-0.0849422863405995,-0.0240414518843274));
#16657=CARTESIAN_POINT('',(-0.13,-0.0839422863405995,-0.0223094010767585));
#16658=CARTESIAN_POINT('',(-0.13,0.00399519052838331,-0.0730801270189222));
#16659=CARTESIAN_POINT('',(-0.13,0.0189807621135331,-0.0240414518843274));
#16660=CARTESIAN_POINT('',(-0.13,0.0199807621135332,-0.0223094010767585));
#16661=CARTESIAN_POINT('',(-0.13,0.0209807621135331,-0.0240414518843274));
#16662=CARTESIAN_POINT('',(-0.13,0.0299759526419165,-0.0280801270189222));
#16663=CARTESIAN_POINT('',(-0.13,0.0154819393910829,-0.0197120045669154));
#16664=CARTESIAN_POINT('',(-0.13,0.0144819393910828,-0.0214440553744843));
#16665=CARTESIAN_POINT('',(-0.13,0.0125561495784389,-0.0219838086491539));
#16666=CARTESIAN_POINT('',(-0.13,2.13821176807376E-49,-0.025503));
#16667=CARTESIAN_POINT('',(-0.13,0.0104365491043728,-0.0333209308510638));
#16668=CARTESIAN_POINT('',(-0.13,0.0120372468197674,-0.03452));
#16669=CARTESIAN_POINT('',(-0.13,0.0104365491043728,-0.0357190691489362));
#16670=CARTESIAN_POINT('',(-0.13,2.56585412168851E-49,-0.043537));
#16671=CARTESIAN_POINT('',(-0.13,0.0122226387224512,-0.0480810843588602));
#16672=CARTESIAN_POINT('',(-0.13,0.0140972765633179,-0.0487780298126731));
#16673=CARTESIAN_POINT('',(-0.13,0.0150972765633179,-0.050510080620242));
#16674=CARTESIAN_POINT('',(-0.13,0.0104903810567666,-0.0531698729810779));
#16675=CARTESIAN_POINT('',(-0.13,0.0199807621135332,-0.0476905989232415));
#16676=CARTESIAN_POINT('',(-0.13,0.0189807621135332,-0.0459585481156726));
#16677=CARTESIAN_POINT('',(-0.13,0.0209807621135332,-0.0459585481156726));
#16678=CARTESIAN_POINT('',(-0.13,0.0209807621135332,-0.0575));
#16679=CARTESIAN_POINT('',(-0.13,-0.0304,-0.05405));
#16680=CARTESIAN_POINT('',(-0.13,-0.0304,-0.0511));
#16681=CARTESIAN_POINT('',(-0.13,-0.1066,-0.01595));
#16682=CARTESIAN_POINT('',(-0.13,-0.1066,-0.013));
#16683=CARTESIAN_POINT('',(-0.13,0.,-0.043537));
#16684=CARTESIAN_POINT('',(-0.13,0.,-0.046577));
#16685=CARTESIAN_POINT('',(-0.13,0.,-0.025503));
#16686=CARTESIAN_POINT('',(-0.13,0.,-0.028543));
#16687=CARTESIAN_POINT('',(-0.13,-1.38777878078145E-17,-0.005));
#16688=CARTESIAN_POINT('',(-0.13,-0.115,-0.005));
#16689=CARTESIAN_POINT('',(-0.13,0.115,-0.005));
#16690=CARTESIAN_POINT('',(-0.13,0.115,-0.065));
#16691=CARTESIAN_POINT('',(-0.13,0.115,-0.065));
#16692=CARTESIAN_POINT('',(-0.13,-3.01691039300314E-18,-0.065));
#16693=CARTESIAN_POINT('',(-0.13,-0.115,-0.065));
#16694=CARTESIAN_POINT('',(-0.13,-0.115,-0.065));
#16695=CARTESIAN_POINT('',(-0.13,-0.0304,-0.01595));
#16696=CARTESIAN_POINT('',(-0.13,-0.0304,-0.013));
#16697=CARTESIAN_POINT('',(-0.13,-0.1066,-0.05405));
#16698=CARTESIAN_POINT('',(-0.13,-0.1066,-0.0511));
#16699=CARTESIAN_POINT('',(-0.13,-0.0172345153191375,-0.0230332558275116));
#16700=CARTESIAN_POINT('',(-0.13,-0.0189957841727646,-0.0220856630746672));
#16701=CARTESIAN_POINT('',(-0.13,-0.0182345153191375,-0.0213012050199427));
#16702=CARTESIAN_POINT('',(-0.13,-0.0304,-0.01595));
#16703=CARTESIAN_POINT('',(-0.13,-0.0205084193558699,-0.0243081775741288));
#16704=CARTESIAN_POINT('',(-0.13,-0.0189807621135331,-0.0255990158095156));
#16705=CARTESIAN_POINT('',(-0.13,-0.0209807621135331,-0.0255990158095156));
#16706=CARTESIAN_POINT('',(-0.13,-0.0209807621135331,-0.0575));
#16707=CARTESIAN_POINT('',(-0.13,-0.0209807621135331,-0.0444009841904845));
#16708=CARTESIAN_POINT('',(-0.13,-0.0189807621135331,-0.0444009841904845));
#16709=CARTESIAN_POINT('',(-0.13,-0.0205084193558699,-0.0456918224258712));
#16710=CARTESIAN_POINT('',(-0.13,-0.0304,-0.05405));
#16711=CARTESIAN_POINT('',(-0.13,-0.0189957841727646,-0.0479143369253328));
#16712=CARTESIAN_POINT('',(-0.13,-0.0172345153191375,-0.0469667441724885));
#16713=CARTESIAN_POINT('',(-0.13,-0.0182345153191375,-0.0486987949800574));
#16714=CARTESIAN_POINT('',(-0.13,0.00899519052838331,-0.0644198729810779));
#16715=CARTESIAN_POINT('',(-0.13,-0.0150972765633179,-0.050510080620242));
#16716=CARTESIAN_POINT('',(-0.13,-0.0140972765633179,-0.0487780298126731));
#16717=CARTESIAN_POINT('',(-0.13,-0.0122226387224512,-0.0480810843588602));
#16718=CARTESIAN_POINT('',(-0.13,2.56585412168851E-49,-0.043537));
#16719=CARTESIAN_POINT('',(-0.13,-0.0104365491043728,-0.0357190691489362));
#16720=CARTESIAN_POINT('',(-0.13,-0.0120372468197674,-0.03452));
#16721=CARTESIAN_POINT('',(-0.13,-0.0104365491043728,-0.0333209308510638));
#16722=CARTESIAN_POINT('',(-0.13,2.13821176807376E-49,-0.025503));
#16723=CARTESIAN_POINT('',(-0.13,-0.0125561495784389,-0.021983808649154));
#16724=CARTESIAN_POINT('',(-0.13,-0.0144819393910829,-0.0214440553744843));
#16725=CARTESIAN_POINT('',(-0.13,-0.0154819393910829,-0.0197120045669155));
#16726=CARTESIAN_POINT('',(-0.13,-0.0104903810567666,-0.0168301270189222));
#16727=CARTESIAN_POINT('',(-0.12,-3.01691039300314E-18,-0.065));
#16728=CARTESIAN_POINT('',(-0.12,-1.20676415720126E-18,-0.055));
#16729=CARTESIAN_POINT('',(-0.12,0.0587461339178929,-0.055));
#16730=CARTESIAN_POINT('',(-0.12,0.0451769145362398,-0.055));
#16731=CARTESIAN_POINT('',(-0.12,0.0451769145362398,-0.053));
#16732=CARTESIAN_POINT('',(-0.12,0.0441769145362398,-0.0547320508075689));
#16733=CARTESIAN_POINT('',(-0.12,0.0414711431702998,-0.0531698729810778));
#16734=CARTESIAN_POINT('',(-0.12,0.0319807621135332,-0.0476905989232415));
#16735=CARTESIAN_POINT('',(-0.12,0.0329807621135332,-0.0459585481156727));
#16736=CARTESIAN_POINT('',(-0.12,0.0309807621135332,-0.0459585481156727));
#16737=CARTESIAN_POINT('',(-0.12,0.0309807621135332,-0.035));
#16738=CARTESIAN_POINT('',(-0.12,0.0309807621135332,-0.0240414518843274));
#16739=CARTESIAN_POINT('',(-0.12,0.0329807621135331,-0.0240414518843274));
#16740=CARTESIAN_POINT('',(-0.12,0.0319807621135331,-0.0223094010767586));
#16741=CARTESIAN_POINT('',(-0.12,0.0414711431702998,-0.0168301270189222));
#16742=CARTESIAN_POINT('',(-0.12,0.0441769145362397,-0.0152679491924312));
#16743=CARTESIAN_POINT('',(-0.12,0.0451769145362398,-0.017));
#16744=CARTESIAN_POINT('',(-0.12,0.0451769145362398,-0.015));
#16745=CARTESIAN_POINT('',(-0.12,-1.56879340436164E-17,-0.015));
#16746=CARTESIAN_POINT('',(-0.12,0.0587461339178929,-0.015));
#16747=CARTESIAN_POINT('',(-0.12,0.0587461339178929,-0.017));
#16748=CARTESIAN_POINT('',(-0.12,0.0597461339178929,-0.0152679491924312));
#16749=CARTESIAN_POINT('',(-0.12,0.0624519052838329,-0.0168301270189222));
#16750=CARTESIAN_POINT('',(-0.12,0.0719422863405995,-0.0223094010767585));
#16751=CARTESIAN_POINT('',(-0.12,0.0709422863405995,-0.0240414518843274));
#16752=CARTESIAN_POINT('',(-0.12,0.0729422863405995,-0.0240414518843274));
#16753=CARTESIAN_POINT('',(-0.12,0.0729422863405995,-0.035));
#16754=CARTESIAN_POINT('',(-0.12,0.0729422863405995,-0.0459585481156727));
#16755=CARTESIAN_POINT('',(-0.12,0.0709422863405995,-0.0459585481156727));
#16756=CARTESIAN_POINT('',(-0.12,0.0719422863405995,-0.0476905989232415));
#16757=CARTESIAN_POINT('',(-0.12,0.0624519052838329,-0.0531698729810779));
#16758=CARTESIAN_POINT('',(-0.12,0.0597461339178929,-0.0547320508075689));
#16759=CARTESIAN_POINT('',(-0.12,0.0587461339178929,-0.053));
#16760=CARTESIAN_POINT('',(-0.12,-0.0453130815058458,-0.053));
#16761=CARTESIAN_POINT('',(-0.12,-0.0453130815058458,-0.055));
#16762=CARTESIAN_POINT('',(-0.12,-0.0433180204348297,-0.0531404682274248));
#16763=CARTESIAN_POINT('',(-0.12,-1.20676415720126E-18,-0.055));
#16764=CARTESIAN_POINT('',(-0.12,-0.0587461339178929,-0.055));
#16765=CARTESIAN_POINT('',(-0.12,-0.0587461339178929,-0.053));
#16766=CARTESIAN_POINT('',(-0.12,-0.0597461339178929,-0.0547320508075689));
#16767=CARTESIAN_POINT('',(-0.12,-0.0624519052838329,-0.0531698729810778));
#16768=CARTESIAN_POINT('',(-0.12,-0.0719422863405995,-0.0476905989232415));
#16769=CARTESIAN_POINT('',(-0.12,-0.0709422863405995,-0.0459585481156727));
#16770=CARTESIAN_POINT('',(-0.12,-0.0729422863405995,-0.0459585481156727));
#16771=CARTESIAN_POINT('',(-0.12,-0.0729422863405995,-0.035));
#16772=CARTESIAN_POINT('',(-0.12,-0.0729422863405995,-0.0240414518843274));
#16773=CARTESIAN_POINT('',(-0.12,-0.0709422863405995,-0.0240414518843274));
#16774=CARTESIAN_POINT('',(-0.12,-0.0719422863405995,-0.0223094010767586));
#16775=CARTESIAN_POINT('',(-0.12,-0.0624519052838329,-0.0168301270189222));
#16776=CARTESIAN_POINT('',(-0.12,-0.0597461339178929,-0.0152679491924312));
#16777=CARTESIAN_POINT('',(-0.12,-0.0587461339178929,-0.017));
#16778=CARTESIAN_POINT('',(-0.12,-0.0587461339178929,-0.015));
#16779=CARTESIAN_POINT('',(-0.12,-1.56879340436164E-17,-0.015));
#16780=CARTESIAN_POINT('',(-0.12,-0.0453130815058458,-0.015));
#16781=CARTESIAN_POINT('',(-0.12,-0.0453130815058458,-0.017));
#16782=CARTESIAN_POINT('',(-0.12,-0.0433180204348297,-0.0168595317725752));
#16783=CARTESIAN_POINT('',(-0.12,-0.0304,-0.01595));
#16784=CARTESIAN_POINT('',(-0.12,-0.0326355096568732,-0.0287055868768954));
#16785=CARTESIAN_POINT('',(-0.12,-0.0329807621135331,-0.030675561684138));
#16786=CARTESIAN_POINT('',(-0.12,-0.0309807621135332,-0.030675561684138));
#16787=CARTESIAN_POINT('',(-0.12,-0.0309807621135332,-0.035));
#16788=CARTESIAN_POINT('',(-0.12,-0.0309807621135332,-0.039324438315862));
#16789=CARTESIAN_POINT('',(-0.12,-0.0329807621135331,-0.039324438315862));
#16790=CARTESIAN_POINT('',(-0.12,-0.0326355096568732,-0.0412944131231046));
#16791=CARTESIAN_POINT('',(-0.12,-0.0304,-0.05405));
#16792=CARTESIAN_POINT('',(-0.12,-0.0921723148384898,-0.0198671929848218));
#16793=CARTESIAN_POINT('',(-0.12,-0.0911723148384898,-0.0181351421772529));
#16794=CARTESIAN_POINT('',(-0.12,-0.0941024399437085,-0.0193431537895279));
#16795=CARTESIAN_POINT('',(-0.12,-0.0934326673973661,-0.0168301270189222));
#16796=CARTESIAN_POINT('',(-0.12,-0.0839422863405995,-0.0223094010767585));
#16797=CARTESIAN_POINT('',(-0.12,-0.0849422863405995,-0.0240414518843274));
#16798=CARTESIAN_POINT('',(-0.12,-0.0829422863405995,-0.0240414518843274));
#16799=CARTESIAN_POINT('',(-0.12,-0.0829422863405995,-0.035));
#16800=CARTESIAN_POINT('',(-0.12,-0.0829422863405995,-0.0459585481156727));
#16801=CARTESIAN_POINT('',(-0.12,-0.0849422863405995,-0.0459585481156727));
#16802=CARTESIAN_POINT('',(-0.12,-0.0839422863405995,-0.0476905989232415));
#16803=CARTESIAN_POINT('',(-0.12,-0.0934326673973661,-0.0531698729810779));
#16804=CARTESIAN_POINT('',(-0.12,-0.0911723148384898,-0.0518648578227472));
#16805=CARTESIAN_POINT('',(-0.12,-0.0921723148384898,-0.0501328070151783));
#16806=CARTESIAN_POINT('',(-0.12,-0.0941024399437085,-0.0506568462104722));
#16807=CARTESIAN_POINT('',(-0.12,-0.1066,-0.05405));
#16808=CARTESIAN_POINT('',(-0.12,-0.103481605351171,-0.041481065486122));
#16809=CARTESIAN_POINT('',(-0.12,-0.103,-0.0395399172986505));
#16810=CARTESIAN_POINT('',(-0.12,-0.105,-0.0395399172986505));
#16811=CARTESIAN_POINT('',(-0.12,-0.105,-0.065));
#16812=CARTESIAN_POINT('',(-0.12,-0.105,-0.0304600827013494));
#16813=CARTESIAN_POINT('',(-0.12,-0.103,-0.0304600827013494));
#16814=CARTESIAN_POINT('',(-0.12,-0.103481605351171,-0.0285189345138779));
#16815=CARTESIAN_POINT('',(-0.12,-0.1066,-0.01595));
#16816=CARTESIAN_POINT('',(-0.12,0.0144819393910828,-0.0214440553744843));
#16817=CARTESIAN_POINT('',(-0.12,0.0154819393910829,-0.0197120045669155));
#16818=CARTESIAN_POINT('',(-0.12,0.0125561495784389,-0.0219838086491539));
#16819=CARTESIAN_POINT('',(-0.12,0.0104903810567666,-0.0168301270189222));
#16820=CARTESIAN_POINT('',(-0.12,0.0199807621135332,-0.0223094010767585));
#16821=CARTESIAN_POINT('',(-0.12,0.0189807621135331,-0.0240414518843274));
#16822=CARTESIAN_POINT('',(-0.12,0.0209807621135331,-0.0240414518843274));
#16823=CARTESIAN_POINT('',(-0.12,0.0209807621135331,-0.035));
#16824=CARTESIAN_POINT('',(-0.12,0.0209807621135332,-0.0459585481156726));
#16825=CARTESIAN_POINT('',(-0.12,0.0189807621135332,-0.0459585481156726));
#16826=CARTESIAN_POINT('',(-0.12,0.0199807621135332,-0.0476905989232415));
#16827=CARTESIAN_POINT('',(-0.12,0.0104903810567666,-0.0531698729810779));
#16828=CARTESIAN_POINT('',(-0.12,0.0150972765633179,-0.050510080620242));
#16829=CARTESIAN_POINT('',(-0.12,0.0140972765633179,-0.0487780298126731));
#16830=CARTESIAN_POINT('',(-0.12,0.0122226387224512,-0.0480810843588602));
#16831=CARTESIAN_POINT('',(-0.12,3.14010317019658E-34,-0.043537));
#16832=CARTESIAN_POINT('',(-0.12,0.0104365491043728,-0.0357190691489362));
#16833=CARTESIAN_POINT('',(-0.12,0.0120372468197674,-0.03452));
#16834=CARTESIAN_POINT('',(-0.12,0.0104365491043728,-0.0333209308510638));
#16835=CARTESIAN_POINT('',(-0.12,3.14010317019658E-34,-0.025503));
#16836=CARTESIAN_POINT('',(-0.12,-0.0304,-0.05405));
#16837=CARTESIAN_POINT('',(-0.12,-0.0304,-0.0511));
#16838=CARTESIAN_POINT('',(-0.12,-0.1066,-0.01595));
#16839=CARTESIAN_POINT('',(-0.12,-0.1066,-0.013));
#16840=CARTESIAN_POINT('',(-0.12,0.,-0.043537));
#16841=CARTESIAN_POINT('',(-0.12,0.,-0.040497));
#16842=CARTESIAN_POINT('',(-0.12,0.,-0.025503));
#16843=CARTESIAN_POINT('',(-0.12,0.,-0.022463));
#16844=CARTESIAN_POINT('',(-0.12,-1.38777878078145E-17,-0.005));
#16845=CARTESIAN_POINT('',(-0.12,0.115,-0.005));
#16846=CARTESIAN_POINT('',(-0.12,-0.115,-0.005));
#16847=CARTESIAN_POINT('',(-0.12,-0.115,-0.065));
#16848=CARTESIAN_POINT('',(-0.12,-0.115,-0.065));
#16849=CARTESIAN_POINT('',(-0.12,-3.01691039300314E-18,-0.065));
#16850=CARTESIAN_POINT('',(-0.12,0.115,-0.065));
#16851=CARTESIAN_POINT('',(-0.12,0.115,-0.065));
#16852=CARTESIAN_POINT('',(-0.12,-0.0304,-0.01595));
#16853=CARTESIAN_POINT('',(-0.12,-0.0304,-0.013));
#16854=CARTESIAN_POINT('',(-0.12,-0.1066,-0.05405));
#16855=CARTESIAN_POINT('',(-0.12,-0.1066,-0.0511));
#16856=CARTESIAN_POINT('',(-0.12,-0.0172345153191375,-0.0230332558275116));
#16857=CARTESIAN_POINT('',(-0.12,-0.0182345153191375,-0.0213012050199427));
#16858=CARTESIAN_POINT('',(-0.12,-0.0189957841727646,-0.0220856630746672));
#16859=CARTESIAN_POINT('',(-0.12,-0.0104903810567666,-0.0168301270189222));
#16860=CARTESIAN_POINT('',(-0.12,-0.0154819393910829,-0.0197120045669155));
#16861=CARTESIAN_POINT('',(-0.12,-0.0144819393910829,-0.0214440553744843));
#16862=CARTESIAN_POINT('',(-0.12,-0.0125561495784389,-0.021983808649154));
#16863=CARTESIAN_POINT('',(-0.12,3.14010317019658E-34,-0.025503));
#16864=CARTESIAN_POINT('',(-0.12,-0.0104365491043728,-0.0333209308510638));
#16865=CARTESIAN_POINT('',(-0.12,-0.0120372468197674,-0.03452));
#16866=CARTESIAN_POINT('',(-0.12,-0.0104365491043728,-0.0357190691489362));
#16867=CARTESIAN_POINT('',(-0.12,3.14010317019658E-34,-0.043537));
#16868=CARTESIAN_POINT('',(-0.12,-0.0122226387224512,-0.0480810843588602));
#16869=CARTESIAN_POINT('',(-0.12,-0.0140972765633179,-0.0487780298126731));
#16870=CARTESIAN_POINT('',(-0.12,-0.0150972765633179,-0.050510080620242));
#16871=CARTESIAN_POINT('',(-0.12,-0.0104903810567666,-0.0531698729810778));
#16872=CARTESIAN_POINT('',(-0.12,-0.0182345153191375,-0.0486987949800574));
#16873=CARTESIAN_POINT('',(-0.12,-0.0172345153191375,-0.0469667441724885));
#16874=CARTESIAN_POINT('',(-0.12,-0.0189957841727646,-0.0479143369253328));
#16875=CARTESIAN_POINT('',(-0.12,-0.0304,-0.05405));
#16876=CARTESIAN_POINT('',(-0.12,-0.0205084193558699,-0.0456918224258712));
#16877=CARTESIAN_POINT('',(-0.12,-0.0189807621135331,-0.0444009841904845));
#16878=CARTESIAN_POINT('',(-0.12,-0.0209807621135331,-0.0444009841904845));
#16879=CARTESIAN_POINT('',(-0.12,-0.0209807621135331,-0.035));
#16880=CARTESIAN_POINT('',(-0.12,-0.0209807621135331,-0.0255990158095156));
#16881=CARTESIAN_POINT('',(-0.12,-0.0189807621135331,-0.0255990158095156));
#16882=CARTESIAN_POINT('',(-0.12,-0.0205084193558699,-0.0243081775741288));
#16883=CARTESIAN_POINT('',(-0.12,-0.0304,-0.01595));
#16884=CARTESIAN_POINT('',(-0.12,-1.20676415720126E-18,-0.055));
#16885=CARTESIAN_POINT('',(-0.12,0.103,-0.055));
#16886=CARTESIAN_POINT('',(-0.12,0.0971384387633062,-0.055));
#16887=CARTESIAN_POINT('',(-0.12,0.0971384387633062,-0.053));
#16888=CARTESIAN_POINT('',(-0.12,0.0961384387633062,-0.0547320508075689));
#16889=CARTESIAN_POINT('',(-0.12,0.0934326673973661,-0.0531698729810778));
#16890=CARTESIAN_POINT('',(-0.12,0.0839422863405995,-0.0476905989232415));
#16891=CARTESIAN_POINT('',(-0.12,0.0849422863405995,-0.0459585481156727));
#16892=CARTESIAN_POINT('',(-0.12,0.0829422863405995,-0.0459585481156727));
#16893=CARTESIAN_POINT('',(-0.12,0.0829422863405995,-0.035));
#16894=CARTESIAN_POINT('',(-0.12,0.0829422863405995,-0.0240414518843274));
#16895=CARTESIAN_POINT('',(-0.12,0.0849422863405995,-0.0240414518843274));
#16896=CARTESIAN_POINT('',(-0.12,0.0839422863405995,-0.0223094010767586));
#16897=CARTESIAN_POINT('',(-0.12,0.0934326673973661,-0.0168301270189222));
#16898=CARTESIAN_POINT('',(-0.12,0.0961384387633061,-0.0152679491924312));
#16899=CARTESIAN_POINT('',(-0.12,0.0971384387633061,-0.017));
#16900=CARTESIAN_POINT('',(-0.12,0.0971384387633061,-0.015));
#16901=CARTESIAN_POINT('',(-0.12,-1.56879340436164E-17,-0.015));
#16902=CARTESIAN_POINT('',(-0.12,0.103,-0.015));
#16903=CARTESIAN_POINT('',(-0.12,0.103,-0.017));
#16904=CARTESIAN_POINT('',(-0.12,0.105,-0.017));
#16905=CARTESIAN_POINT('',(-0.12,0.105,-0.065));
#16906=CARTESIAN_POINT('',(-0.12,0.105,-0.053));
#16907=CARTESIAN_POINT('',(-0.12,0.103,-0.053));
#16908=CARTESIAN_POINT('',(0.119998,-0.0304,-0.05405));
#16909=CARTESIAN_POINT('',(0.12,-0.0304,-0.05405));
#16910=CARTESIAN_POINT('',(0.12,-0.0304,-0.0511));
#16911=CARTESIAN_POINT('',(0.13,-0.0304,-0.05405));
#16912=CARTESIAN_POINT('',(0.13,-0.0304,-0.0511));
#16913=CARTESIAN_POINT('',(0.119998,-0.0304,-0.01595));
#16914=CARTESIAN_POINT('',(0.12,-0.0304,-0.01595));
#16915=CARTESIAN_POINT('',(0.12,-0.0304,-0.013));
#16916=CARTESIAN_POINT('',(0.13,-0.0304,-0.01595));
#16917=CARTESIAN_POINT('',(0.13,-0.0304,-0.013));
#16918=CARTESIAN_POINT('',(0.119998,-0.1066,-0.05405));
#16919=CARTESIAN_POINT('',(0.12,-0.1066,-0.05405));
#16920=CARTESIAN_POINT('',(0.12,-0.1066,-0.0511));
#16921=CARTESIAN_POINT('',(0.13,-0.1066,-0.05405));
#16922=CARTESIAN_POINT('',(0.13,-0.1066,-0.0511));
#16923=CARTESIAN_POINT('',(0.119998,-0.1066,-0.01595));
#16924=CARTESIAN_POINT('',(0.12,-0.1066,-0.01595));
#16925=CARTESIAN_POINT('',(0.12,-0.1066,-0.013));
#16926=CARTESIAN_POINT('',(0.13,-0.1066,-0.01595));
#16927=CARTESIAN_POINT('',(0.13,-0.1066,-0.013));
#16928=CARTESIAN_POINT('',(-9.10356866907445E-36,0.119998,-0.043537));
#16929=CARTESIAN_POINT('',(-9.10174831941058E-36,0.12,-0.043537));
#16930=CARTESIAN_POINT('',(-9.10174831941058E-36,0.12,-0.046127));
#16931=CARTESIAN_POINT('',(-9.10356866907445E-36,0.119998,-0.025503));
#16932=CARTESIAN_POINT('',(-9.10174831941057E-36,0.12,-0.025503));
#16933=CARTESIAN_POINT('',(-9.10174831941057E-36,0.12,-0.028093));
#16934=CARTESIAN_POINT('',(0.115,0.,-0.005));
#16935=CARTESIAN_POINT('',(0.115,0.115,-0.005));
#16936=CARTESIAN_POINT('',(0.12,0.115,-0.005));
#16937=CARTESIAN_POINT('',(0.12,1.38777878078145E-17,-0.005));
#16938=CARTESIAN_POINT('',(0.12,-0.115,-0.005));
#16939=CARTESIAN_POINT('',(0.115,-0.115,-0.005));
#16940=CARTESIAN_POINT('',(-0.115,0.,-0.005));
#16941=CARTESIAN_POINT('',(-0.115,-0.115,-0.005));
#16942=CARTESIAN_POINT('',(-0.115,0.115,-0.005));
#16943=CARTESIAN_POINT('',(-0.115,0.115,-0.005));
#16944=CARTESIAN_POINT('',(-0.115,0.115,-0.005));
#16945=CARTESIAN_POINT('',(-0.115,0.12,-0.005));
#16946=CARTESIAN_POINT('',(-0.115,0.115,-0.005));
#16947=CARTESIAN_POINT('',(0.,0.115,-0.005));
#16948=CARTESIAN_POINT('',(0.,0.12,-0.005));
#16949=CARTESIAN_POINT('',(0.115,0.12,-0.005));
#16950=CARTESIAN_POINT('',(0.115,0.115,-0.005));
#16951=CARTESIAN_POINT('',(0.115,0.115,-0.005));
#16952=CARTESIAN_POINT('',(0.115,0.115,-0.005));
#16953=CARTESIAN_POINT('',(0.115,-0.115,-0.005));
#16954=CARTESIAN_POINT('',(0.115,-0.115,-0.005));
#16955=CARTESIAN_POINT('',(0.115,-0.115,-0.005));
#16956=CARTESIAN_POINT('',(0.,-0.115,-0.005));
#16957=CARTESIAN_POINT('',(-0.115,-0.115,-0.005));
#16958=CARTESIAN_POINT('',(-0.115,-0.115,-0.005));
#16959=CARTESIAN_POINT('',(-0.115,-0.115,-0.005));
#16960=CARTESIAN_POINT('',(0.13,2.47386652226257E-17,-0.065));
#16961=CARTESIAN_POINT('',(0.13,0.,-0.043537));
#16962=CARTESIAN_POINT('',(0.13,0.,-0.046577));
#16963=CARTESIAN_POINT('',(0.13,0.,-0.025503));
#16964=CARTESIAN_POINT('',(0.13,0.,-0.028543));
#16965=CARTESIAN_POINT('',(0.13,1.38777878078145E-17,-0.005));
#16966=CARTESIAN_POINT('',(0.13,0.115,-0.005));
#16967=CARTESIAN_POINT('',(0.13,-0.115,-0.005));
#16968=CARTESIAN_POINT('',(0.13,-0.115,-0.065));
#16969=CARTESIAN_POINT('',(0.13,-0.115,-0.065));
#16970=CARTESIAN_POINT('',(0.13,2.47386652226257E-17,-0.065));
#16971=CARTESIAN_POINT('',(0.13,0.115,-0.065));
#16972=CARTESIAN_POINT('',(0.13,0.115,-0.065));
#16973=CARTESIAN_POINT('',(0.115,-0.115,-0.065));
#16974=CARTESIAN_POINT('',(0.115,-0.115,-0.005));
#16975=CARTESIAN_POINT('',(0.115,-0.115,-0.065));
#16976=CARTESIAN_POINT('',(-0.115,-0.115,-0.065));
#16977=CARTESIAN_POINT('',(-0.115,-0.115,-0.005));
#16978=CARTESIAN_POINT('',(-0.115,-0.115,-0.065));
#16979=CARTESIAN_POINT('',(-0.115,0.115,-0.065));
#16980=CARTESIAN_POINT('',(-0.115,0.115,-0.005));
#16981=CARTESIAN_POINT('',(-0.115,0.115,-0.065));
#16982=CARTESIAN_POINT('',(0.115,-0.115,-0.065));
#16983=CARTESIAN_POINT('',(0.12,-0.115,-0.065));
#16984=CARTESIAN_POINT('',(0.12,-0.115,-0.065));
#16985=CARTESIAN_POINT('',(0.115,-0.115,-0.065));
#16986=CARTESIAN_POINT('',(0.12,2.47386652226257E-17,-0.065));
#16987=CARTESIAN_POINT('',(0.12,0.,-0.043537));
#16988=CARTESIAN_POINT('',(0.12,0.,-0.046577));
#16989=CARTESIAN_POINT('',(0.12,0.,-0.025503));
#16990=CARTESIAN_POINT('',(0.12,0.,-0.028543));
#16991=CARTESIAN_POINT('',(0.12,0.115,-0.065));
#16992=CARTESIAN_POINT('',(0.12,0.115,-0.065));
#16993=CARTESIAN_POINT('',(0.12,2.47386652226257E-17,-0.065));
#16994=CARTESIAN_POINT('',(0.115,0.115,-0.065));
#16995=CARTESIAN_POINT('',(0.115,0.12,-0.065));
#16996=CARTESIAN_POINT('',(0.115,0.12,-0.065));
#16997=CARTESIAN_POINT('',(0.115,0.115,-0.065));
#16998=CARTESIAN_POINT('',(5.20417042793042E-18,0.12,-0.065));
#16999=CARTESIAN_POINT('',(0.0796025403784439,0.12,-0.033));
#17000=CARTESIAN_POINT('',(0.0796025403784439,0.12,-0.035));
#17001=CARTESIAN_POINT('',(0.0649519052838329,0.12,-0.035));
#17002=CARTESIAN_POINT('',(0.0503012701892219,0.12,-0.035));
#17003=CARTESIAN_POINT('',(0.0503012701892219,0.12,-0.033));
#17004=CARTESIAN_POINT('',(0.0503012701892219,0.12,-0.0265414518843274));
#17005=CARTESIAN_POINT('',(0.0493012701892219,0.12,-0.0248094010767585));
#17006=CARTESIAN_POINT('',(-0.00507772228311382,0.12,-0.0562051270189222));
#17007=CARTESIAN_POINT('',(0.0639519052838329,0.12,-0.0163508529610859));
#17008=CARTESIAN_POINT('',(0.0649519052838329,0.12,-0.0180829037686548));
#17009=CARTESIAN_POINT('',(0.0659519052838329,0.12,-0.0163508529610859));
#17010=CARTESIAN_POINT('',(0.0375536749250303,0.12,4.48729810777898E-5));
#17011=CARTESIAN_POINT('',(0.0806025403784439,0.12,-0.0248094010767585));
#17012=CARTESIAN_POINT('',(0.0796025403784439,0.12,-0.0265414518843274));
#17013=CARTESIAN_POINT('',(-0.050301270189222,0.12,-0.033));
#17014=CARTESIAN_POINT('',(-0.050301270189222,0.12,-0.035));
#17015=CARTESIAN_POINT('',(-0.0649519052838329,0.12,-0.035));
#17016=CARTESIAN_POINT('',(-0.0796025403784439,0.12,-0.035));
#17017=CARTESIAN_POINT('',(-0.0796025403784439,0.12,-0.033));
#17018=CARTESIAN_POINT('',(-0.0796025403784439,0.12,-0.0265414518843274));
#17019=CARTESIAN_POINT('',(-0.0806025403784439,0.12,-0.0248094010767585));
#17020=CARTESIAN_POINT('',(-0.0375536749250304,0.12,4.48729810777898E-5));
#17021=CARTESIAN_POINT('',(-0.0659519052838329,0.12,-0.0163508529610859));
#17022=CARTESIAN_POINT('',(-0.0649519052838329,0.12,-0.0180829037686548));
#17023=CARTESIAN_POINT('',(-0.0639519052838329,0.12,-0.0163508529610859));
#17024=CARTESIAN_POINT('',(0.00507772228311384,0.12,-0.0562051270189222));
#17025=CARTESIAN_POINT('',(-0.049301270189222,0.12,-0.0248094010767585));
#17026=CARTESIAN_POINT('',(-0.050301270189222,0.12,-0.0265414518843274));
#17027=CARTESIAN_POINT('',(0.00574759526419171,0.12,-0.0749551270189223));
#17028=CARTESIAN_POINT('',(0.0926025403784439,0.12,-0.0248094010767585));
#17029=CARTESIAN_POINT('',(0.102,0.12,-0.0193837752345545));
#17030=CARTESIAN_POINT('',(0.103,0.12,-0.0211158260421234));
#17031=CARTESIAN_POINT('',(0.105,0.12,-0.0211158260421234));
#17032=CARTESIAN_POINT('',(0.105,0.12,-0.065));
#17033=CARTESIAN_POINT('',(0.105,0.12,-0.0488841739578767));
#17034=CARTESIAN_POINT('',(0.103,0.12,-0.0488841739578767));
#17035=CARTESIAN_POINT('',(0.102,0.12,-0.0506162247654456));
#17036=CARTESIAN_POINT('',(0.0317283573777248,0.12,-0.0100448729810778));
#17037=CARTESIAN_POINT('',(0.0926025403784439,0.12,-0.0451905989232415));
#17038=CARTESIAN_POINT('',(0.0936025403784439,0.12,-0.0434585481156727));
#17039=CARTESIAN_POINT('',(0.0916025403784439,0.12,-0.0434585481156727));
#17040=CARTESIAN_POINT('',(0.0916025403784439,0.12,-0.065));
#17041=CARTESIAN_POINT('',(0.0916025403784439,0.12,-0.0265414518843274));
#17042=CARTESIAN_POINT('',(0.0936025403784439,0.12,-0.0265414518843274));
#17043=CARTESIAN_POINT('',(0.0114700397122242,0.12,-0.03452));
#17044=CARTESIAN_POINT('',(0.00989772446723115,0.12,-0.035756052090473));
#17045=CARTESIAN_POINT('',(0.00989772446723116,0.12,-0.0332839479095271));
#17046=CARTESIAN_POINT('',(-4.27782171012288E-34,0.12,-0.025503));
#17047=CARTESIAN_POINT('',(0.0122939179655312,0.12,-0.0227886527383571));
#17048=CARTESIAN_POINT('',(0.0142468834882526,0.12,-0.0223574617515989));
#17049=CARTESIAN_POINT('',(0.0132468834882526,0.12,-0.02062541094403));
#17050=CARTESIAN_POINT('',(-0.0159030398304193,0.12,-0.0374551270189222));
#17051=CARTESIAN_POINT('',(0.020650635094611,0.12,-0.0163508529610859));
#17052=CARTESIAN_POINT('',(0.021650635094611,0.12,-0.0180829037686548));
#17053=CARTESIAN_POINT('',(0.0226506350946109,0.12,-0.0163508529610859));
#17054=CARTESIAN_POINT('',(0.0267283573777248,0.12,-0.0187051270189222));
#17055=CARTESIAN_POINT('',(0.0373012701892219,0.12,-0.0248094010767585));
#17056=CARTESIAN_POINT('',(0.0363012701892219,0.12,-0.0265414518843274));
#17057=CARTESIAN_POINT('',(0.0383012701892219,0.12,-0.0265414518843274));
#17058=CARTESIAN_POINT('',(0.0383012701892219,0.12,-0.065));
#17059=CARTESIAN_POINT('',(0.0383012701892219,0.12,-0.0434585481156727));
#17060=CARTESIAN_POINT('',(0.0363012701892219,0.12,-0.0434585481156727));
#17061=CARTESIAN_POINT('',(0.0373012701892219,0.12,-0.0451905989232415));
#17062=CARTESIAN_POINT('',(0.00074759526419166,0.12,-0.0662948729810778));
#17063=CARTESIAN_POINT('',(0.0226506350946109,0.12,-0.0536491470389141));
#17064=CARTESIAN_POINT('',(0.021650635094611,0.12,-0.0519170962313453));
#17065=CARTESIAN_POINT('',(0.020650635094611,0.12,-0.0536491470389141));
#17066=CARTESIAN_POINT('',(0.0100777222831138,0.12,-0.0475448729810778));
#17067=CARTESIAN_POINT('',(0.0130356407945536,0.12,-0.0492526280298986));
#17068=CARTESIAN_POINT('',(0.0140356407945536,0.12,-0.0475205772223297));
#17069=CARTESIAN_POINT('',(0.0121116324608245,0.12,-0.0469745076921954));
#17070=CARTESIAN_POINT('',(-4.27782171012288E-34,0.12,-0.043537));
#17071=CARTESIAN_POINT('',(-0.021650635094611,0.12,-0.0180829037686548));
#17072=CARTESIAN_POINT('',(-0.022650635094611,0.12,-0.0163508529610859));
#17073=CARTESIAN_POINT('',(-0.020650635094611,0.12,-0.0163508529610859));
#17074=CARTESIAN_POINT('',(0.0159030398304193,0.12,-0.0374551270189222));
#17075=CARTESIAN_POINT('',(-0.0132468834882526,0.12,-0.02062541094403));
#17076=CARTESIAN_POINT('',(-0.0142468834882526,0.12,-0.0223574617515989));
#17077=CARTESIAN_POINT('',(-0.0122939179655312,0.12,-0.0227886527383571));
#17078=CARTESIAN_POINT('',(-4.27782171012288E-34,0.12,-0.025503));
#17079=CARTESIAN_POINT('',(-0.00989772446723116,0.12,-0.0332839479095271));
#17080=CARTESIAN_POINT('',(-0.0114700397122242,0.12,-0.03452));
#17081=CARTESIAN_POINT('',(-0.00989772446723115,0.12,-0.035756052090473));
#17082=CARTESIAN_POINT('',(-4.27782171012288E-34,0.12,-0.043537));
#17083=CARTESIAN_POINT('',(-0.0121116324608245,0.12,-0.0469745076921954));
#17084=CARTESIAN_POINT('',(-0.0140356407945536,0.12,-0.0475205772223297));
#17085=CARTESIAN_POINT('',(-0.0130356407945536,0.12,-0.0492526280298985));
#17086=CARTESIAN_POINT('',(-0.0100777222831138,0.12,-0.0475448729810778));
#17087=CARTESIAN_POINT('',(-0.020650635094611,0.12,-0.0536491470389141));
#17088=CARTESIAN_POINT('',(-0.021650635094611,0.12,-0.0519170962313453));
#17089=CARTESIAN_POINT('',(-0.022650635094611,0.12,-0.0536491470389141));
#17090=CARTESIAN_POINT('',(-0.000747595264191649,0.12,-0.0662948729810778));
#17091=CARTESIAN_POINT('',(-0.0373012701892219,0.12,-0.0451905989232415));
#17092=CARTESIAN_POINT('',(-0.0363012701892219,0.12,-0.0434585481156727));
#17093=CARTESIAN_POINT('',(-0.0383012701892219,0.12,-0.0434585481156727));
#17094=CARTESIAN_POINT('',(-0.0383012701892219,0.12,-0.065));
#17095=CARTESIAN_POINT('',(-0.0383012701892219,0.12,-0.0265414518843274));
#17096=CARTESIAN_POINT('',(-0.0363012701892219,0.12,-0.0265414518843274));
#17097=CARTESIAN_POINT('',(-0.0373012701892219,0.12,-0.0248094010767585));
#17098=CARTESIAN_POINT('',(-0.0267283573777248,0.12,-0.0187051270189222));
#17099=CARTESIAN_POINT('',(-0.105,0.12,-0.065));
#17100=CARTESIAN_POINT('',(-0.105,0.12,-0.0488841739578767));
#17101=CARTESIAN_POINT('',(-0.105,0.12,-0.0211158260421233));
#17102=CARTESIAN_POINT('',(-0.103,0.12,-0.0211158260421233));
#17103=CARTESIAN_POINT('',(-0.102,0.12,-0.0193837752345545));
#17104=CARTESIAN_POINT('',(-0.00574759526419167,0.12,-0.0749551270189222));
#17105=CARTESIAN_POINT('',(-0.0926025403784439,0.12,-0.0248094010767585));
#17106=CARTESIAN_POINT('',(-0.0936025403784439,0.12,-0.0265414518843274));
#17107=CARTESIAN_POINT('',(-0.0916025403784439,0.12,-0.0265414518843274));
#17108=CARTESIAN_POINT('',(-0.0916025403784439,0.12,-0.065));
#17109=CARTESIAN_POINT('',(-0.0916025403784439,0.12,-0.0434585481156727));
#17110=CARTESIAN_POINT('',(-0.0936025403784439,0.12,-0.0434585481156727));
#17111=CARTESIAN_POINT('',(-0.0926025403784439,0.12,-0.0451905989232415));
#17112=CARTESIAN_POINT('',(-0.0317283573777249,0.12,-0.0100448729810778));
#17113=CARTESIAN_POINT('',(-0.102,0.12,-0.0506162247654456));
#17114=CARTESIAN_POINT('',(-0.103,0.12,-0.0488841739578767));
#17115=CARTESIAN_POINT('',(-0.115,0.12,-0.065));
#17116=CARTESIAN_POINT('',(-0.115,0.12,-0.065));
#17117=CARTESIAN_POINT('',(5.20417042793042E-18,0.12,-0.065));
#17118=CARTESIAN_POINT('',(-0.115,0.115,-0.065));
#17119=CARTESIAN_POINT('',(-0.115,0.115,-0.065));
#17120=CARTESIAN_POINT('',(-0.115,-0.115,-0.065));
#17121=CARTESIAN_POINT('',(-0.115,-0.115,-0.065));
#17122=CARTESIAN_POINT('',(0.115,0.115,-0.065));
#17123=CARTESIAN_POINT('',(0.115,0.115,-0.005));
#17124=CARTESIAN_POINT('',(0.115,0.115,-0.065));
#17125=CARTESIAN_POINT('',(0.13,2.47386652226257E-17,-0.065));
#17126=CARTESIAN_POINT('',(0.115,0.115,-0.005));
#17127=CARTESIAN_POINT('',(0.115,0.115,-0.005));
#17128=CARTESIAN_POINT('',(0.115,0.115,-0.005));
#17129=CARTESIAN_POINT('',(0.,0.115,-0.005));
#17130=CARTESIAN_POINT('',(-0.115,0.115,-0.005));
#17131=CARTESIAN_POINT('',(-0.115,0.115,-0.005));
#17132=CARTESIAN_POINT('',(-0.115,0.115,-0.005));
#17133=CARTESIAN_POINT('',(-0.115,0.,-0.005));
#17134=CARTESIAN_POINT('',(-0.115,-0.115,-0.005));
#17135=CARTESIAN_POINT('',(-0.115,-0.115,-0.005));
#17136=CARTESIAN_POINT('',(-0.115,-0.115,-0.005));
#17137=CARTESIAN_POINT('',(0.,-0.115,-0.005));
#17138=CARTESIAN_POINT('',(0.115,-0.115,-0.005));
#17139=CARTESIAN_POINT('',(0.115,-0.115,-0.005));
#17140=CARTESIAN_POINT('',(0.115,-0.115,-0.005));
#17141=CARTESIAN_POINT('',(0.115,0.,-0.005));
#17142=CARTESIAN_POINT('',(-0.130002,0.,-0.025503));
#17143=CARTESIAN_POINT('',(-0.130002,0.,-0.043537));
#17144=CARTESIAN_POINT('',(-0.130002,0.,-0.025503));
#17145=CARTESIAN_POINT('',(-0.130002,0.,-0.043537));
#17146=CARTESIAN_POINT('',(-9.10356866907445E-36,-0.119998,-0.043537));
#17147=CARTESIAN_POINT('',(-9.10356866907445E-36,-0.119998,-0.025503));
#17148=CARTESIAN_POINT('',(0.0782,-0.03114129,-2.00000000000027E-6));
#17149=CARTESIAN_POINT('',(0.0782,-0.04564129,0.01));
#17150=CARTESIAN_POINT('',(0.0782,-0.01664129,-2.00000000000027E-6));
#17151=CARTESIAN_POINT('',(0.0714,-0.04864129,-2.00000000000027E-6));
#17152=CARTESIAN_POINT('',(0.0676,-0.04864129,-2.00000000000027E-6));
#17153=CARTESIAN_POINT('',(0.0752,-0.04864129,0.));
#17154=CARTESIAN_POINT('',(0.08215,-0.01364129,-2.00000000000027E-6));
#17155=CARTESIAN_POINT('',(0.0812,-0.01364129,-2.00000000000027E-6));
#17156=CARTESIAN_POINT('',(0.0831,-0.01364129,0.));
#17157=CARTESIAN_POINT('',(0.0646,-0.079320645,-2.00000000000027E-6));
#17158=CARTESIAN_POINT('',(0.0646,-0.05164129,-2.00000000000027E-6));
#17159=CARTESIAN_POINT('',(0.0646,-0.107,-2.00000000000027E-6));
#17160=CARTESIAN_POINT('',(-1.38777878078145E-17,-0.11,-2.00000000000027E-6));
#17161=CARTESIAN_POINT('',(-0.0616,-0.11,0.01));
#17162=CARTESIAN_POINT('',(0.0616,-0.11,-2.00000000000027E-6));
#17163=CARTESIAN_POINT('',(-0.0646,-0.079320645,-2.00000000000027E-6));
#17164=CARTESIAN_POINT('',(-0.0646,-0.05164129,0.01));
#17165=CARTESIAN_POINT('',(-0.0646,-0.107,0.));
#17166=CARTESIAN_POINT('',(-0.0714,-0.04864129,-2.00000000000027E-6));
#17167=CARTESIAN_POINT('',(-0.0676,-0.04864129,0.));
#17168=CARTESIAN_POINT('',(-0.0752,-0.04864129,-2.00000000000027E-6));
#17169=CARTESIAN_POINT('',(-0.0782,-0.03114129,-2.00000000000027E-6));
#17170=CARTESIAN_POINT('',(-0.0782,-0.04564129,-2.00000000000027E-6));
#17171=CARTESIAN_POINT('',(-0.0782,-0.01664129,0.01));
#17172=CARTESIAN_POINT('',(-0.08215,-0.01364129,-2.00000000000027E-6));
#17173=CARTESIAN_POINT('',(-0.0831,-0.01364129,-2.00000000000027E-6));
#17174=CARTESIAN_POINT('',(-0.0812,-0.01364129,0.));
#17175=CARTESIAN_POINT('',(-0.0861,0.048179355,-2.00000000000027E-6));
#17176=CARTESIAN_POINT('',(-0.0861,0.107,-2.00000000000027E-6));
#17177=CARTESIAN_POINT('',(-0.0861,-0.01064129,-2.00000000000027E-6));
#17178=CARTESIAN_POINT('',(0.,0.11,-2.00000000000027E-6));
#17179=CARTESIAN_POINT('',(0.0831,0.11,0.01));
#17180=CARTESIAN_POINT('',(-0.0831,0.11,-2.00000000000027E-6));
#17181=CARTESIAN_POINT('',(0.0861,0.048179355,-2.00000000000027E-6));
#17182=CARTESIAN_POINT('',(0.0861,0.107,0.));
#17183=CARTESIAN_POINT('',(0.0861,-0.01064129,0.01));
#17184=CARTESIAN_POINT('',(-0.0676,-0.05164129,-2.00000000000027E-6));
#17185=CARTESIAN_POINT('',(0.0676,-0.05164129,-2.00000000000027E-6));
#17186=CARTESIAN_POINT('',(0.0831,0.107,-2.00000000000027E-6));
#17187=CARTESIAN_POINT('',(-0.0831,0.107,-2.00000000000027E-6));
#17188=CARTESIAN_POINT('',(-0.0831,-0.01064129,-2.00000000000027E-6));
#17189=CARTESIAN_POINT('',(-0.0752,-0.04564129,-2.00000000000027E-6));
#17190=CARTESIAN_POINT('',(-0.0812,-0.01664129,-2.00000000000027E-6));
#17191=CARTESIAN_POINT('',(-0.0616,-0.107,-2.00000000000027E-6));
#17192=CARTESIAN_POINT('',(0.0616,-0.107,-2.00000000000027E-6));
#17193=CARTESIAN_POINT('',(0.0752,-0.04564129,-2.00000000000027E-6));
#17194=CARTESIAN_POINT('',(0.0812,-0.01664129,-2.00000000000027E-6));
#17195=CARTESIAN_POINT('',(0.0831,-0.01064129,-2.00000000000027E-6));
#17196=CARTESIAN_POINT('',(-0.119998,-0.1066,-0.01595));
#17197=CARTESIAN_POINT('',(-0.119998,-0.0304,-0.05405));
#17198=CARTESIAN_POINT('',(-0.119998,-0.0304,-0.01595));
#17199=CARTESIAN_POINT('',(-0.119998,-0.1066,-0.05405));
#17200=CARTESIAN_POINT('',(-0.119998,0.0104903810567666,-0.0168301270189222));
#17201=CARTESIAN_POINT('',(-0.119998,0.0199807621135332,-0.0223094010767585));
#17202=CARTESIAN_POINT('',(-0.119998,0.0154819393910829,-0.0197120045669155));
#17203=CARTESIAN_POINT('',(-0.119998,0.0104903810567666,-0.0531698729810779));
#17204=CARTESIAN_POINT('',(-0.119998,0.0199807621135332,-0.0476905989232415));
#17205=CARTESIAN_POINT('',(-0.119998,0.0150972765633179,-0.050510080620242));
#17206=CARTESIAN_POINT('',(-0.119998,0.0209807621135331,-0.035));
#17207=CARTESIAN_POINT('',(-0.119998,0.0209807621135332,-0.0459585481156726));
#17208=CARTESIAN_POINT('',(-0.119998,0.0209807621135331,-0.0240414518843274));
#17209=CARTESIAN_POINT('',(-0.119998,3.14073119083061E-34,-0.043537));
#17210=CARTESIAN_POINT('',(-0.13,0.0122226387224512,-0.0480810843588602));
#17211=CARTESIAN_POINT('',(-0.12,0.0104365491043728,-0.0357190691489362));
#17212=CARTESIAN_POINT('',(-0.119998,3.14073119083061E-34,-0.025503));
#17213=CARTESIAN_POINT('',(-0.12,0.0125561495784389,-0.0219838086491539));
#17214=CARTESIAN_POINT('',(-0.13,0.0104365491043728,-0.0333209308510638));
#17215=CARTESIAN_POINT('',(-0.119998,0.0120372468197674,-0.03452));
#17216=CARTESIAN_POINT('',(-0.119998,0.0144819393910828,-0.0214440553744843));
#17217=CARTESIAN_POINT('',(-0.119998,0.0140972765633179,-0.0487780298126731));
#17218=CARTESIAN_POINT('',(-0.119998,0.0189807621135331,-0.0240414518843274));
#17219=CARTESIAN_POINT('',(-0.119998,0.0189807621135332,-0.0459585481156726));
#17220=CARTESIAN_POINT('',(-0.119998,-0.0934326673973661,-0.0168301270189222));
#17221=CARTESIAN_POINT('',(-0.119998,-0.0839422863405995,-0.0223094010767585));
#17222=CARTESIAN_POINT('',(-0.119998,-0.0911723148384898,-0.0181351421772529));
#17223=CARTESIAN_POINT('',(-0.119998,-0.0829422863405995,-0.035));
#17224=CARTESIAN_POINT('',(-0.119998,-0.0829422863405995,-0.0459585481156727));
#17225=CARTESIAN_POINT('',(-0.119998,-0.0829422863405995,-0.0240414518843274));
#17226=CARTESIAN_POINT('',(-0.119998,-0.0934326673973661,-0.0531698729810779));
#17227=CARTESIAN_POINT('',(-0.119998,-0.0839422863405995,-0.0476905989232415));
#17228=CARTESIAN_POINT('',(-0.119998,-0.0911723148384898,-0.0518648578227472));
#17229=CARTESIAN_POINT('',(-0.119998,-0.1066,-0.05405));
#17230=CARTESIAN_POINT('',(-0.13,-0.0941024399437085,-0.0506568462104722));
#17231=CARTESIAN_POINT('',(-0.12,-0.103481605351171,-0.041481065486122));
#17232=CARTESIAN_POINT('',(-0.119998,-0.1066,-0.01595));
#17233=CARTESIAN_POINT('',(-0.12,-0.0941024399437085,-0.0193431537895279));
#17234=CARTESIAN_POINT('',(-0.13,-0.103481605351171,-0.0285189345138779));
#17235=CARTESIAN_POINT('',(-0.119998,-0.105,-0.065));
#17236=CARTESIAN_POINT('',(-0.119998,-0.105,-0.0304600827013494));
#17237=CARTESIAN_POINT('',(-0.119998,-0.105,-0.0395399172986505));
#17238=CARTESIAN_POINT('',(-0.119998,-0.103,-0.0395399172986505));
#17239=CARTESIAN_POINT('',(-0.119998,-0.103,-0.0304600827013494));
#17240=CARTESIAN_POINT('',(-0.119998,-0.0921723148384898,-0.0198671929848218));
#17241=CARTESIAN_POINT('',(-0.119998,-0.0921723148384898,-0.0501328070151783));
#17242=CARTESIAN_POINT('',(-0.119998,-0.0849422863405995,-0.0240414518843274));
#17243=CARTESIAN_POINT('',(-0.119998,-0.0849422863405995,-0.0459585481156727));
#17244=CARTESIAN_POINT('',(-0.119998,-0.0624519052838329,-0.0531698729810778));
#17245=CARTESIAN_POINT('',(-0.119998,-0.0719422863405995,-0.0476905989232415));
#17246=CARTESIAN_POINT('',(-0.119998,-0.0597461339178929,-0.0547320508075689));
#17247=CARTESIAN_POINT('',(-0.119998,-0.0309807621135332,-0.035));
#17248=CARTESIAN_POINT('',(-0.119998,-0.0309807621135332,-0.030675561684138));
#17249=CARTESIAN_POINT('',(-0.119998,-0.0309807621135332,-0.039324438315862));
#17250=CARTESIAN_POINT('',(-0.119998,-0.0729422863405995,-0.035));
#17251=CARTESIAN_POINT('',(-0.119998,-0.0729422863405995,-0.0459585481156727));
#17252=CARTESIAN_POINT('',(-0.119998,-0.0729422863405995,-0.0240414518843274));
#17253=CARTESIAN_POINT('',(-0.119998,-0.0624519052838329,-0.0168301270189222));
#17254=CARTESIAN_POINT('',(-0.119998,-0.0719422863405995,-0.0223094010767586));
#17255=CARTESIAN_POINT('',(-0.119998,-0.0597461339178929,-0.0152679491924312));
#17256=CARTESIAN_POINT('',(-0.119998,-0.0304,-0.01595));
#17257=CARTESIAN_POINT('',(-0.12,-0.0326355096568732,-0.0287055868768954));
#17258=CARTESIAN_POINT('',(-0.13,-0.0433180204348297,-0.0168595317725752));
#17259=CARTESIAN_POINT('',(-0.119998,-1.56879340436164E-17,-0.015));
#17260=CARTESIAN_POINT('',(-0.119998,-0.0587461339178929,-0.015));
#17261=CARTESIAN_POINT('',(-0.119998,-0.0453130815058458,-0.015));
#17262=CARTESIAN_POINT('',(-0.119998,-1.20676415720126E-18,-0.055));
#17263=CARTESIAN_POINT('',(-0.119998,-0.0587461339178929,-0.055));
#17264=CARTESIAN_POINT('',(-0.119998,-0.0453130815058458,-0.055));
#17265=CARTESIAN_POINT('',(-0.119998,-0.0304,-0.05405));
#17266=CARTESIAN_POINT('',(-0.13,-0.0326355096568732,-0.0412944131231046));
#17267=CARTESIAN_POINT('',(-0.12,-0.0433180204348297,-0.0531404682274248));
#17268=CARTESIAN_POINT('',(-0.119998,-0.0453130815058458,-0.017));
#17269=CARTESIAN_POINT('',(-0.119998,-0.0453130815058458,-0.053));
#17270=CARTESIAN_POINT('',(-0.119998,-0.0587461339178929,-0.017));
#17271=CARTESIAN_POINT('',(-0.119998,-0.0329807621135331,-0.039324438315862));
#17272=CARTESIAN_POINT('',(-0.119998,-0.0329807621135331,-0.030675561684138));
#17273=CARTESIAN_POINT('',(-0.119998,-0.0587461339178929,-0.053));
#17274=CARTESIAN_POINT('',(-0.119998,-0.0709422863405995,-0.0240414518843274));
#17275=CARTESIAN_POINT('',(-0.119998,-0.0709422863405995,-0.0459585481156727));
#17276=CARTESIAN_POINT('',(-0.119998,0.0414711431702998,-0.0531698729810778));
#17277=CARTESIAN_POINT('',(-0.119998,0.0319807621135332,-0.0476905989232415));
#17278=CARTESIAN_POINT('',(-0.119998,0.0441769145362398,-0.0547320508075689));
#17279=CARTESIAN_POINT('',(-0.119998,0.0624519052838329,-0.0531698729810779));
#17280=CARTESIAN_POINT('',(-0.119998,0.0719422863405995,-0.0476905989232415));
#17281=CARTESIAN_POINT('',(-0.119998,0.0597461339178929,-0.0547320508075689));
#17282=CARTESIAN_POINT('',(-0.119998,0.0309807621135332,-0.035));
#17283=CARTESIAN_POINT('',(-0.119998,0.0309807621135332,-0.0459585481156727));
#17284=CARTESIAN_POINT('',(-0.119998,0.0309807621135332,-0.0240414518843274));
#17285=CARTESIAN_POINT('',(-0.119998,0.0414711431702998,-0.0168301270189222));
#17286=CARTESIAN_POINT('',(-0.119998,0.0319807621135331,-0.0223094010767586));
#17287=CARTESIAN_POINT('',(-0.119998,0.0441769145362397,-0.0152679491924312));
#17288=CARTESIAN_POINT('',(-0.119998,0.0624519052838329,-0.0168301270189222));
#17289=CARTESIAN_POINT('',(-0.119998,0.0719422863405995,-0.0223094010767585));
#17290=CARTESIAN_POINT('',(-0.119998,0.0597461339178929,-0.0152679491924312));
#17291=CARTESIAN_POINT('',(-0.119998,0.0729422863405995,-0.035));
#17292=CARTESIAN_POINT('',(-0.119998,0.0729422863405995,-0.0459585481156727));
#17293=CARTESIAN_POINT('',(-0.119998,0.0729422863405995,-0.0240414518843274));
#17294=CARTESIAN_POINT('',(-0.119998,-1.20676415720126E-18,-0.055));
#17295=CARTESIAN_POINT('',(-0.119998,0.0587461339178929,-0.055));
#17296=CARTESIAN_POINT('',(-0.119998,0.0451769145362398,-0.055));
#17297=CARTESIAN_POINT('',(-0.119998,-1.56879340436164E-17,-0.015));
#17298=CARTESIAN_POINT('',(-0.119998,0.0587461339178929,-0.015));
#17299=CARTESIAN_POINT('',(-0.119998,0.0451769145362398,-0.015));
#17300=CARTESIAN_POINT('',(-0.119998,0.0451769145362398,-0.017));
#17301=CARTESIAN_POINT('',(-0.119998,0.0587461339178929,-0.017));
#17302=CARTESIAN_POINT('',(-0.119998,0.0451769145362398,-0.053));
#17303=CARTESIAN_POINT('',(-0.119998,0.0587461339178929,-0.053));
#17304=CARTESIAN_POINT('',(-0.119998,0.0329807621135331,-0.0240414518843274));
#17305=CARTESIAN_POINT('',(-0.119998,0.0709422863405995,-0.0240414518843274));
#17306=CARTESIAN_POINT('',(-0.119998,0.0329807621135332,-0.0459585481156727));
#17307=CARTESIAN_POINT('',(-0.119998,0.0709422863405995,-0.0459585481156727));
#17308=CARTESIAN_POINT('',(-0.119998,-0.0104903810567666,-0.0531698729810778));
#17309=CARTESIAN_POINT('',(-0.119998,-0.0182345153191375,-0.0486987949800574));
#17310=CARTESIAN_POINT('',(-0.119998,-0.0150972765633179,-0.050510080620242));
#17311=CARTESIAN_POINT('',(-0.119998,-0.0209807621135331,-0.035));
#17312=CARTESIAN_POINT('',(-0.119998,-0.0209807621135331,-0.0255990158095156));
#17313=CARTESIAN_POINT('',(-0.119998,-0.0209807621135331,-0.0444009841904845));
#17314=CARTESIAN_POINT('',(-0.119998,-0.0104903810567666,-0.0168301270189222));
#17315=CARTESIAN_POINT('',(-0.119998,-0.0182345153191375,-0.0213012050199427));
#17316=CARTESIAN_POINT('',(-0.119998,-0.0154819393910829,-0.0197120045669155));
#17317=CARTESIAN_POINT('',(-0.119998,-0.0304,-0.01595));
#17318=CARTESIAN_POINT('',(-0.13,-0.0205084193558699,-0.0243081775741288));
#17319=CARTESIAN_POINT('',(-0.12,-0.0189957841727646,-0.0220856630746672));
#17320=CARTESIAN_POINT('',(-0.119998,3.14073119083061E-34,-0.025503));
#17321=CARTESIAN_POINT('',(-0.13,-0.0125561495784389,-0.021983808649154));
#17322=CARTESIAN_POINT('',(-0.12,-0.0104365491043728,-0.0333209308510638));
#17323=CARTESIAN_POINT('',(-0.119998,3.14073119083061E-34,-0.043537));
#17324=CARTESIAN_POINT('',(-0.12,-0.0122226387224512,-0.0480810843588602));
#17325=CARTESIAN_POINT('',(-0.13,-0.0104365491043728,-0.0357190691489362));
#17326=CARTESIAN_POINT('',(-0.119998,-0.0304,-0.05405));
#17327=CARTESIAN_POINT('',(-0.13,-0.0189957841727646,-0.0479143369253328));
#17328=CARTESIAN_POINT('',(-0.12,-0.0205084193558699,-0.0456918224258712));
#17329=CARTESIAN_POINT('',(-0.119998,-0.0120372468197674,-0.03452));
#17330=CARTESIAN_POINT('',(-0.119998,-0.0144819393910829,-0.0214440553744843));
#17331=CARTESIAN_POINT('',(-0.119998,-0.0172345153191375,-0.0230332558275116));
#17332=CARTESIAN_POINT('',(-0.119998,-0.0189807621135331,-0.0444009841904845));
#17333=CARTESIAN_POINT('',(-0.119998,-0.0189807621135331,-0.0255990158095156));
#17334=CARTESIAN_POINT('',(-0.119998,-0.0140972765633179,-0.0487780298126731));
#17335=CARTESIAN_POINT('',(-0.119998,-0.0172345153191375,-0.0469667441724885));
#17336=CARTESIAN_POINT('',(-0.119998,0.0934326673973661,-0.0531698729810778));
#17337=CARTESIAN_POINT('',(-0.119998,0.0839422863405995,-0.0476905989232415));
#17338=CARTESIAN_POINT('',(-0.119998,0.0961384387633062,-0.0547320508075689));
#17339=CARTESIAN_POINT('',(-0.119998,0.0829422863405995,-0.035));
#17340=CARTESIAN_POINT('',(-0.119998,0.0829422863405995,-0.0459585481156727));
#17341=CARTESIAN_POINT('',(-0.119998,0.0829422863405995,-0.0240414518843274));
#17342=CARTESIAN_POINT('',(-0.119998,0.0934326673973661,-0.0168301270189222));
#17343=CARTESIAN_POINT('',(-0.119998,0.0839422863405995,-0.0223094010767586));
#17344=CARTESIAN_POINT('',(-0.119998,0.0961384387633061,-0.0152679491924312));
#17345=CARTESIAN_POINT('',(-0.119998,-1.20676415720126E-18,-0.055));
#17346=CARTESIAN_POINT('',(-0.119998,0.0971384387633062,-0.055));
#17347=CARTESIAN_POINT('',(-0.119998,0.103,-0.055));
#17348=CARTESIAN_POINT('',(-0.119998,-1.56879340436164E-17,-0.015));
#17349=CARTESIAN_POINT('',(-0.119998,0.0971384387633061,-0.015));
#17350=CARTESIAN_POINT('',(-0.119998,0.103,-0.015));
#17351=CARTESIAN_POINT('',(-0.119998,0.105,-0.065));
#17352=CARTESIAN_POINT('',(-0.119998,0.105,-0.053));
#17353=CARTESIAN_POINT('',(-0.119998,0.105,-0.017));
#17354=CARTESIAN_POINT('',(-0.119998,0.103,-0.017));
#17355=CARTESIAN_POINT('',(-0.119998,0.103,-0.053));
#17356=CARTESIAN_POINT('',(-0.119998,0.0971384387633061,-0.017));
#17357=CARTESIAN_POINT('',(-0.119998,0.0971384387633062,-0.053));
#17358=CARTESIAN_POINT('',(-0.119998,0.0849422863405995,-0.0240414518843274));
#17359=CARTESIAN_POINT('',(-0.119998,0.0849422863405995,-0.0459585481156727));
#17360=CARTESIAN_POINT('',(0.0686,-0.0982,-0.065002));
#17361=CARTESIAN_POINT('',(0.0686,-0.0982,0.00716052277016101));
#17362=CARTESIAN_POINT('',(0.0703859375,-0.0982,0.00716052277016101));
#17363=CARTESIAN_POINT('',(-0.0901,0.1,-0.065002));
#17364=CARTESIAN_POINT('',(-0.0901,0.1,0.00716052277016101));
#17365=CARTESIAN_POINT('',(-0.0883140625,0.1,0.00716052277016101));
#17366=CARTESIAN_POINT('',(-0.0821,-0.0236,-0.065002));
#17367=CARTESIAN_POINT('',(-0.0821,-0.0236,0.00716052277016101));
#17368=CARTESIAN_POINT('',(-0.0803140625,-0.0236,0.00716052277016101));
#17369=CARTESIAN_POINT('',(0.0821,-0.0338,-0.065002));
#17370=CARTESIAN_POINT('',(0.0821,-0.0338,0.00716052277016101));
#17371=CARTESIAN_POINT('',(0.0838859375,-0.0338,0.00716052277016101));
#17372=CARTESIAN_POINT('',(-0.0686,-0.0578,-0.065002));
#17373=CARTESIAN_POINT('',(-0.0686,-0.0578,0.00716052277016101));
#17374=CARTESIAN_POINT('',(-0.0668140625,-0.0578,0.00716052277016101));
#17375=CARTESIAN_POINT('',(0.0901,0.0828,-0.065002));
#17376=CARTESIAN_POINT('',(0.0901,0.0828,0.00716052277016101));
#17377=CARTESIAN_POINT('',(0.0918859375,0.0828,0.00716052277016101));
#17378=CARTESIAN_POINT('',(-0.0901,0.0588,-0.065002));
#17379=CARTESIAN_POINT('',(-0.0901,0.0588,0.00716052277016101));
#17380=CARTESIAN_POINT('',(-0.0883140625,0.0588,0.00716052277016101));
#17381=CARTESIAN_POINT('',(0.0901,0.000400000000000056,-0.065002));
#17382=CARTESIAN_POINT('',(0.0901,0.000400000000000056,0.00716052277016101));
#17383=CARTESIAN_POINT('',(0.0918859375,0.000400000000000056,0.00716052277016101));
#17384=CARTESIAN_POINT('',(-0.0901,0.0176,-0.065002));
#17385=CARTESIAN_POINT('',(-0.0901,0.0176,0.00716052277016101));
#17386=CARTESIAN_POINT('',(-0.0883140625,0.0176,0.00716052277016101));
#17387=CARTESIAN_POINT('',(0.0901,0.0416,-0.065002));
#17388=CARTESIAN_POINT('',(0.0901,0.0416,0.00716052277016101));
#17389=CARTESIAN_POINT('',(0.0918859375,0.0416,0.00716052277016101));
#17390=CARTESIAN_POINT('',(0.0901,0.0416,0.01));
#17391=CARTESIAN_POINT('',(-0.0901,0.0176,0.01));
#17392=CARTESIAN_POINT('',(0.0901,0.0176,0.01));
#17393=CARTESIAN_POINT('',(0.0901,0.000400000000000056,0.01));
#17394=CARTESIAN_POINT('',(-0.0901,0.0416,0.01));
#17395=CARTESIAN_POINT('',(-0.0901,0.0588,0.01));
#17396=CARTESIAN_POINT('',(0.0901,0.0588,0.01));
#17397=CARTESIAN_POINT('',(0.0901,0.0828,0.01));
#17398=CARTESIAN_POINT('',(-0.0686,-0.0982,0.01));
#17399=CARTESIAN_POINT('',(-0.0686,-0.0578,0.01));
#17400=CARTESIAN_POINT('',(0.0686,-0.0578,0.01));
#17401=CARTESIAN_POINT('',(0.0821,-0.0338,0.01));
#17402=CARTESIAN_POINT('',(-0.0901,0.000400000000000056,0.01));
#17403=CARTESIAN_POINT('',(-0.0821,-0.0236,0.01));
#17404=CARTESIAN_POINT('',(-0.0821,-0.0338,0.01));
#17405=CARTESIAN_POINT('',(0.0821,-0.0236,0.01));
#17406=CARTESIAN_POINT('',(-0.0901,0.1,0.01));
#17407=CARTESIAN_POINT('',(-0.0901,0.0828,0.01));
#17408=CARTESIAN_POINT('',(0.0901,0.1,0.01));
#17409=CARTESIAN_POINT('',(0.0686,-0.0982,0.01));
#17410=CARTESIAN_POINT('',(-0.105,-1.20676415720126E-17,-2.000000000002E-6));
#17411=CARTESIAN_POINT('',(-0.105,-0.0850499814951863,-1.99999999999853E-6));
#17412=CARTESIAN_POINT('',(-0.105,-0.103,-2.000000000002E-6));
#17413=CARTESIAN_POINT('',(2.65488114584276E-17,-0.105,-2.000000000002E-6));
#17414=CARTESIAN_POINT('',(-0.103,-0.105,-2.000000000002E-6));
#17415=CARTESIAN_POINT('',(-0.0819481918251125,-0.105,-2.000000000002E-6));
#17416=CARTESIAN_POINT('',(-0.0746,-0.079320645,-2.000000000002E-6));
#17417=CARTESIAN_POINT('',(-0.0746,-0.0863578731487295,-1.99999999999853E-6));
#17418=CARTESIAN_POINT('',(-0.0746,-0.086486152425441,-2.000000000002E-6));
#17419=CARTESIAN_POINT('',(-0.0686,-0.0982,-2.000000000002E-6));
#17420=CARTESIAN_POINT('',(-0.0800661767634117,-0.102323228762778,0.01));
#17421=CARTESIAN_POINT('',(-0.0754720479379626,-0.0881377347412054,0.));
#17422=CARTESIAN_POINT('',(-0.0782772228311384,-0.0830801270189222,-1.99999999999853E-6));
#17423=CARTESIAN_POINT('',(-0.0899326673973661,-0.0763508529610859,-1.99999999999853E-6));
#17424=CARTESIAN_POINT('',(-0.0756,-0.0846258223411606,-1.99999999999853E-6));
#17425=CARTESIAN_POINT('',(-0.103588111963594,-0.0830801270189222,-1.99999999999853E-6));
#17426=CARTESIAN_POINT('',(-0.0919326673973661,-0.0763508529610859,-1.99999999999853E-6));
#17427=CARTESIAN_POINT('',(-0.104,-0.0833179306876174,-1.99999999999853E-6));
#17428=CARTESIAN_POINT('',(-0.0766,-0.086486152425441,-2.000000000002E-6));
#17429=CARTESIAN_POINT('',(-0.0819481918251125,-0.103,-2.000000000002E-6));
#17430=CARTESIAN_POINT('',(-0.103,-0.103,-2.000000000002E-6));
#17431=CARTESIAN_POINT('',(-0.0766,-0.0863578731487295,-1.99999999999853E-6));
#17432=CARTESIAN_POINT('',(-0.103,-0.0850499814951863,-1.99999999999853E-6));
#17433=CARTESIAN_POINT('',(-0.0909326673973661,-0.0780829037686548,-1.99999999999853E-6));
#17434=CARTESIAN_POINT('',(-0.0901,0.0588,-2.000000000002E-6));
#17435=CARTESIAN_POINT('',(-0.0995343124917508,0.0665115480163191,0.));
#17436=CARTESIAN_POINT('',(-0.101181177299965,0.0638677149334534,0.01));
#17437=CARTESIAN_POINT('',(-0.105,-1.20676415720126E-17,-2.000000000002E-6));
#17438=CARTESIAN_POINT('',(-0.105,0.0688841739578767,-1.99999999999853E-6));
#17439=CARTESIAN_POINT('',(-0.105,0.0646995105729205,-2.000000000002E-6));
#17440=CARTESIAN_POINT('',(-0.108588111963594,0.0744198729810778,-1.99999999999853E-6));
#17441=CARTESIAN_POINT('',(-0.100082825005785,0.0695093432664517,-2.000000000002E-6));
#17442=CARTESIAN_POINT('',(-0.102,0.0706162247654456,-1.99999999999853E-6));
#17443=CARTESIAN_POINT('',(-0.103,0.0646995105729205,-2.000000000002E-6));
#17444=CARTESIAN_POINT('',(-0.103,0.0688841739578767,-1.99999999999853E-6));
#17445=CARTESIAN_POINT('',(-0.101082825005785,0.0677772924588828,-2.000000000002E-6));
#17446=CARTESIAN_POINT('',(0.0901,0.000400000000000056,-2.000000000002E-6));
#17447=CARTESIAN_POINT('',(0.0997901901345122,0.00778745153330989,0.01));
#17448=CARTESIAN_POINT('',(0.101181177299965,0.00546771493345342,0.));
#17449=CARTESIAN_POINT('',(0.105,1.20676415720126E-17,-2.000000000002E-6));
#17450=CARTESIAN_POINT('',(0.105,0.0117004894270796,-2.000000000002E-6));
#17451=CARTESIAN_POINT('',(0.105,0.00629951057292052,-2.000000000002E-6));
#17452=CARTESIAN_POINT('',(0.0901,0.0176,-2.000000000002E-6));
#17453=CARTESIAN_POINT('',(0.0997901901345122,0.0102125484666902,0.));
#17454=CARTESIAN_POINT('',(0.101181177299965,0.0125322850665467,0.01));
#17455=CARTESIAN_POINT('',(0.103,0.00629951057292052,-2.000000000002E-6));
#17456=CARTESIAN_POINT('',(0.103,0.0117004894270796,-2.000000000002E-6));
#17457=CARTESIAN_POINT('',(0.101380701440957,0.009,-2.000000000002E-6));
#17458=CARTESIAN_POINT('',(0.0821,-0.0236,-2.000000000002E-6));
#17459=CARTESIAN_POINT('',(0.0942834261210859,-0.023795839097329,0.));
#17460=CARTESIAN_POINT('',(0.0936371365122357,-0.0196797058658771,0.01));
#17461=CARTESIAN_POINT('',(0.105,1.20676415720126E-17,-2.000000000002E-6));
#17462=CARTESIAN_POINT('',(0.105,-0.0199500185048138,-1.99999999999853E-6));
#17463=CARTESIAN_POINT('',(0.105,-0.00549951057292041,-2.000000000002E-6));
#17464=CARTESIAN_POINT('',(0.0901,0.000400000000000056,-2.000000000002E-6));
#17465=CARTESIAN_POINT('',(0.0969586770056248,-0.00967138395318697,0.));
#17466=CARTESIAN_POINT('',(0.101181177299965,-0.0046677149334533,0.01));
#17467=CARTESIAN_POINT('',(0.0831,-0.01064129,-2.000000000002E-6));
#17468=CARTESIAN_POINT('',(0.0960865098247695,-0.0112333732468195,0.01));
#17469=CARTESIAN_POINT('',(0.0938733588211671,-0.0179169164136073,0.));
#17470=CARTESIAN_POINT('',(0.103588111963594,-0.0219198729810779,-1.99999999999853E-6));
#17471=CARTESIAN_POINT('',(0.0972831677905296,-0.025560034196622,-2.000000000002E-6));
#17472=CARTESIAN_POINT('',(0.104,-0.0216820693123827,-1.99999999999853E-6));
#17473=CARTESIAN_POINT('',(0.103,-0.00549951057292041,-2.000000000002E-6));
#17474=CARTESIAN_POINT('',(0.0955307986398082,-0.0190362435541623,-2.000000000002E-6));
#17475=CARTESIAN_POINT('',(0.0980844344131956,-0.0113244629770995,-2.000000000002E-6));
#17476=CARTESIAN_POINT('',(0.103,-0.0199500185048138,-1.99999999999853E-6));
#17477=CARTESIAN_POINT('',(0.0962831677905296,-0.0238279833890531,-2.000000000002E-6));
#17478=CARTESIAN_POINT('',(-0.0901,0.0176,-2.000000000002E-6));
#17479=CARTESIAN_POINT('',(-0.0997901901345122,0.0102125484666902,0.01));
#17480=CARTESIAN_POINT('',(-0.101181177299965,0.0125322850665467,0.));
#17481=CARTESIAN_POINT('',(-0.0901,0.000400000000000056,-2.000000000002E-6));
#17482=CARTESIAN_POINT('',(-0.0997901901345122,0.00778745153330989,0.));
#17483=CARTESIAN_POINT('',(-0.101181177299965,0.00546771493345341,0.01));
#17484=CARTESIAN_POINT('',(-0.105,-1.20676415720126E-17,-2.000000000002E-6));
#17485=CARTESIAN_POINT('',(-0.105,0.0117004894270796,-2.000000000002E-6));
#17486=CARTESIAN_POINT('',(-0.105,0.00629951057292052,-2.000000000002E-6));
#17487=CARTESIAN_POINT('',(-0.103,0.00629951057292052,-2.000000000002E-6));
#17488=CARTESIAN_POINT('',(-0.103,0.0117004894270796,-2.000000000002E-6));
#17489=CARTESIAN_POINT('',(-0.101380701440957,0.009,-2.000000000002E-6));
#17490=CARTESIAN_POINT('',(0.0901,0.0416,-2.000000000002E-6));
#17491=CARTESIAN_POINT('',(0.0997901901345123,0.0489874515333099,0.01));
#17492=CARTESIAN_POINT('',(0.101181177299965,0.0466677149334534,0.));
#17493=CARTESIAN_POINT('',(0.0901,0.0588,-2.000000000002E-6));
#17494=CARTESIAN_POINT('',(0.0997901901345123,0.0514125484666902,0.));
#17495=CARTESIAN_POINT('',(0.101181177299965,0.0537322850665466,0.01));
#17496=CARTESIAN_POINT('',(0.105,1.20676415720126E-17,-2.000000000002E-6));
#17497=CARTESIAN_POINT('',(0.105,0.0529004894270795,-2.000000000002E-6));
#17498=CARTESIAN_POINT('',(0.105,0.0474995105729206,-2.000000000002E-6));
#17499=CARTESIAN_POINT('',(0.103,0.0474995105729206,-2.000000000002E-6));
#17500=CARTESIAN_POINT('',(0.103,0.0529004894270795,-2.000000000002E-6));
#17501=CARTESIAN_POINT('',(0.101380701440957,0.0502,-2.000000000002E-6));
#17502=CARTESIAN_POINT('',(0.108588111963594,0.0744198729810778,-1.99999999999853E-6));
#17503=CARTESIAN_POINT('',(0.100082825005785,0.0695093432664516,-1.99999999999853E-6));
#17504=CARTESIAN_POINT('',(0.102,0.0706162247654455,-1.99999999999853E-6));
#17505=CARTESIAN_POINT('',(0.105,1.20676415720126E-17,-2.000000000002E-6));
#17506=CARTESIAN_POINT('',(0.105,0.0688841739578767,-2.000000000002E-6));
#17507=CARTESIAN_POINT('',(0.105,0.0646995105729205,-2.000000000002E-6));
#17508=CARTESIAN_POINT('',(0.0901,0.0588,-2.000000000002E-6));
#17509=CARTESIAN_POINT('',(0.0995343124917508,0.0665115480163191,0.01));
#17510=CARTESIAN_POINT('',(0.101181177299965,0.0638677149334534,0.));
#17511=CARTESIAN_POINT('',(0.103,0.0646995105729205,-2.000000000002E-6));
#17512=CARTESIAN_POINT('',(0.103,0.0688841739578767,-2.000000000002E-6));
#17513=CARTESIAN_POINT('',(0.101082825005785,0.0677772924588828,-2.000000000002E-6));
#17514=CARTESIAN_POINT('',(-0.105,-1.20676415720126E-17,-2.000000000002E-6));
#17515=CARTESIAN_POINT('',(-0.105,0.0474995105729205,-2.000000000002E-6));
#17516=CARTESIAN_POINT('',(-0.105,0.0529004894270795,-2.000000000002E-6));
#17517=CARTESIAN_POINT('',(-0.0901,0.0416,-2.000000000002E-6));
#17518=CARTESIAN_POINT('',(-0.0997901901345123,0.0489874515333099,0.));
#17519=CARTESIAN_POINT('',(-0.101181177299965,0.0466677149334534,0.01));
#17520=CARTESIAN_POINT('',(-0.0901,0.0588,-2.000000000002E-6));
#17521=CARTESIAN_POINT('',(-0.0997901901345123,0.0514125484666902,0.01));
#17522=CARTESIAN_POINT('',(-0.101181177299965,0.0537322850665467,0.));
#17523=CARTESIAN_POINT('',(-0.103,0.0529004894270795,-2.000000000002E-6));
#17524=CARTESIAN_POINT('',(-0.103,0.0474995105729205,-2.000000000002E-6));
#17525=CARTESIAN_POINT('',(-0.101380701440957,0.0502,-2.000000000002E-6));
#17526=CARTESIAN_POINT('',(0.0746,-0.079320645,-2.000000000002E-6));
#17527=CARTESIAN_POINT('',(0.0746,-0.07019206561142,-1.99999999999853E-6));
#17528=CARTESIAN_POINT('',(0.0746,-0.0695138475745589,-2.000000000002E-6));
#17529=CARTESIAN_POINT('',(0.0686,-0.0578,-2.000000000002E-6));
#17530=CARTESIAN_POINT('',(0.0807658347953909,-0.0584831462004984,0.01));
#17531=CARTESIAN_POINT('',(0.0754720479379626,-0.0678622652587945,0.));
#17532=CARTESIAN_POINT('',(0.0752,-0.04564129,-2.000000000002E-6));
#17533=CARTESIAN_POINT('',(0.0827683117443839,-0.0562110893046141,0.01));
#17534=CARTESIAN_POINT('',(0.081754330545447,-0.0568680772118884,0.));
#17535=CARTESIAN_POINT('',(0.0732772228311384,-0.0744198729810778,-1.99999999999853E-6));
#17536=CARTESIAN_POINT('',(0.0849326673973661,-0.0676905989232415,-1.99999999999853E-6));
#17537=CARTESIAN_POINT('',(0.0776,-0.0719241164189888,-1.99999999999853E-6));
#17538=CARTESIAN_POINT('',(0.0859326673973661,-0.0525,-1.99999999999853E-6));
#17539=CARTESIAN_POINT('',(0.0859326673973661,-0.0659585481156727,-1.99999999999853E-6));
#17540=CARTESIAN_POINT('',(0.0859326673973661,-0.0578372122745547,-1.99999999999853E-6));
#17541=CARTESIAN_POINT('',(0.0766,-0.0695138475745589,-2.000000000002E-6));
#17542=CARTESIAN_POINT('',(0.0827626890909003,-0.0585952752444866,-2.000000000002E-6));
#17543=CARTESIAN_POINT('',(0.0839326673973661,-0.0578372122745547,-2.000000000002E-6));
#17544=CARTESIAN_POINT('',(0.0766,-0.07019206561142,-1.99999999999853E-6));
#17545=CARTESIAN_POINT('',(0.0839326673973661,-0.0659585481156727,-1.99999999999853E-6));
#17546=CARTESIAN_POINT('',(-0.0732772228311384,-0.0744198729810778,-1.99999999999853E-6));
#17547=CARTESIAN_POINT('',(-0.0849326673973661,-0.0676905989232415,-1.99999999999853E-6));
#17548=CARTESIAN_POINT('',(-0.0776,-0.0719241164189888,-1.99999999999853E-6));
#17549=CARTESIAN_POINT('',(-0.0859326673973661,-0.0525,-1.99999999999853E-6));
#17550=CARTESIAN_POINT('',(-0.0859326673973661,-0.0659585481156727,-1.99999999999853E-6));
#17551=CARTESIAN_POINT('',(-0.0859326673973661,-0.0578372122745547,-2.000000000002E-6));
#17552=CARTESIAN_POINT('',(-0.0746,-0.079320645,-2.000000000002E-6));
#17553=CARTESIAN_POINT('',(-0.0746,-0.0701920656114199,-2.000000000002E-6));
#17554=CARTESIAN_POINT('',(-0.0746,-0.0695138475745589,-2.000000000002E-6));
#17555=CARTESIAN_POINT('',(-0.0752,-0.04564129,-2.000000000002E-6));
#17556=CARTESIAN_POINT('',(-0.0827683117443839,-0.0562110893046141,0.));
#17557=CARTESIAN_POINT('',(-0.081754330545447,-0.0568680772118884,0.01));
#17558=CARTESIAN_POINT('',(-0.0686,-0.0578,-2.000000000002E-6));
#17559=CARTESIAN_POINT('',(-0.0807658347953909,-0.0584831462004984,0.));
#17560=CARTESIAN_POINT('',(-0.0754720479379626,-0.0678622652587945,0.01));
#17561=CARTESIAN_POINT('',(-0.0766,-0.0695138475745589,-2.000000000002E-6));
#17562=CARTESIAN_POINT('',(-0.0827626890909003,-0.0585952752444866,-2.000000000002E-6));
#17563=CARTESIAN_POINT('',(-0.0839326673973661,-0.0578372122745547,-2.000000000002E-6));
#17564=CARTESIAN_POINT('',(-0.0766,-0.0701920656114199,-2.000000000002E-6));
#17565=CARTESIAN_POINT('',(-0.0839326673973661,-0.0659585481156727,-1.99999999999853E-6));
#17566=CARTESIAN_POINT('',(-0.105,-1.20676415720126E-17,-2.000000000002E-6));
#17567=CARTESIAN_POINT('',(-0.105,-0.0688841739578767,-2.000000000002E-6));
#17568=CARTESIAN_POINT('',(-0.105,-0.0361158260421234,-1.99999999999853E-6));
#17569=CARTESIAN_POINT('',(-0.108588111963594,-0.0744198729810778,-1.99999999999853E-6));
#17570=CARTESIAN_POINT('',(-0.0969326673973661,-0.0676905989232415,-1.99999999999853E-6));
#17571=CARTESIAN_POINT('',(-0.102,-0.0706162247654456,-1.99999999999853E-6));
#17572=CARTESIAN_POINT('',(-0.108588111963594,-0.0305801270189222,-1.99999999999853E-6));
#17573=CARTESIAN_POINT('',(-0.0969326673973661,-0.0373094010767585,-1.99999999999853E-6));
#17574=CARTESIAN_POINT('',(-0.102,-0.0343837752345545,-1.99999999999853E-6));
#17575=CARTESIAN_POINT('',(-0.0959326673973661,-0.0525,-1.99999999999853E-6));
#17576=CARTESIAN_POINT('',(-0.0959326673973661,-0.0659585481156727,-1.99999999999853E-6));
#17577=CARTESIAN_POINT('',(-0.0959326673973661,-0.0390414518843274,-1.99999999999853E-6));
#17578=CARTESIAN_POINT('',(-0.103,-0.0361158260421234,-1.99999999999853E-6));
#17579=CARTESIAN_POINT('',(-0.103,-0.0688841739578767,-2.000000000002E-6));
#17580=CARTESIAN_POINT('',(-0.0979326673973661,-0.0390414518843274,-1.99999999999853E-6));
#17581=CARTESIAN_POINT('',(-0.0979326673973661,-0.0659585481156727,-1.99999999999853E-6));
#17582=CARTESIAN_POINT('',(0.103588111963594,-0.0830801270189222,-1.99999999999853E-6));
#17583=CARTESIAN_POINT('',(0.0919326673973661,-0.0763508529610859,-1.99999999999853E-6));
#17584=CARTESIAN_POINT('',(0.104,-0.0833179306876174,-1.99999999999853E-6));
#17585=CARTESIAN_POINT('',(0.0782772228311384,-0.0830801270189222,-1.99999999999853E-6));
#17586=CARTESIAN_POINT('',(0.0899326673973661,-0.0763508529610859,-1.99999999999853E-6));
#17587=CARTESIAN_POINT('',(0.0756,-0.0846258223411606,-1.99999999999853E-6));
#17588=CARTESIAN_POINT('',(2.65488114584276E-17,-0.105,-2.000000000002E-6));
#17589=CARTESIAN_POINT('',(0.103,-0.105,-2.000000000002E-6));
#17590=CARTESIAN_POINT('',(0.0819481918251125,-0.105,-2.000000000002E-6));
#17591=CARTESIAN_POINT('',(0.0686,-0.0982,-2.000000000002E-6));
#17592=CARTESIAN_POINT('',(0.0800661767634117,-0.102323228762778,0.));
#17593=CARTESIAN_POINT('',(0.0754720479379626,-0.0881377347412054,0.01));
#17594=CARTESIAN_POINT('',(0.105,1.20676415720126E-17,-2.000000000002E-6));
#17595=CARTESIAN_POINT('',(0.105,-0.0850499814951863,-2.000000000002E-6));
#17596=CARTESIAN_POINT('',(0.105,-0.103,-2.000000000002E-6));
#17597=CARTESIAN_POINT('',(0.0746,-0.079320645,-2.000000000002E-6));
#17598=CARTESIAN_POINT('',(0.0746,-0.0863578731487295,-2.000000000002E-6));
#17599=CARTESIAN_POINT('',(0.0746,-0.086486152425441,-2.000000000002E-6));
#17600=CARTESIAN_POINT('',(0.0766,-0.086486152425441,-2.000000000002E-6));
#17601=CARTESIAN_POINT('',(0.0819481918251125,-0.103,-2.000000000002E-6));
#17602=CARTESIAN_POINT('',(0.103,-0.103,-2.000000000002E-6));
#17603=CARTESIAN_POINT('',(0.103,-0.0850499814951863,-2.000000000002E-6));
#17604=CARTESIAN_POINT('',(0.0766,-0.0863578731487295,-2.000000000002E-6));
#17605=CARTESIAN_POINT('',(0.0909326673973661,-0.0780829037686548,-1.99999999999853E-6));
#17606=CARTESIAN_POINT('',(-0.105,-1.20676415720126E-17,-2.000000000002E-6));
#17607=CARTESIAN_POINT('',(-0.105,-0.0199500185048138,-2.000000000002E-6));
#17608=CARTESIAN_POINT('',(-0.105,-0.00549951057292041,-2.000000000002E-6));
#17609=CARTESIAN_POINT('',(-0.0821,-0.0236,-2.000000000002E-6));
#17610=CARTESIAN_POINT('',(-0.0942834261210859,-0.023795839097329,0.01));
#17611=CARTESIAN_POINT('',(-0.0936371365122357,-0.0196797058658771,0.));
#17612=CARTESIAN_POINT('',(-0.0831,-0.01064129,-2.000000000002E-6));
#17613=CARTESIAN_POINT('',(-0.0960865098247695,-0.0112333732468195,0.));
#17614=CARTESIAN_POINT('',(-0.0938733588211671,-0.0179169164136073,0.01));
#17615=CARTESIAN_POINT('',(-0.0901,0.000400000000000056,-2.000000000002E-6));
#17616=CARTESIAN_POINT('',(-0.0969586770056248,-0.00967138395318698,0.01));
#17617=CARTESIAN_POINT('',(-0.101181177299965,-0.0046677149334533,0.));
#17618=CARTESIAN_POINT('',(-0.103588111963594,-0.0219198729810779,-1.99999999999853E-6));
#17619=CARTESIAN_POINT('',(-0.0972831677905296,-0.025560034196622,-1.99999999999853E-6));
#17620=CARTESIAN_POINT('',(-0.104,-0.0216820693123827,-1.99999999999853E-6));
#17621=CARTESIAN_POINT('',(-0.103,-0.00549951057292041,-2.000000000002E-6));
#17622=CARTESIAN_POINT('',(-0.0955307986398082,-0.0190362435541623,-2.000000000002E-6));
#17623=CARTESIAN_POINT('',(-0.0980844344131956,-0.0113244629770995,-2.000000000002E-6));
#17624=CARTESIAN_POINT('',(-0.103,-0.0199500185048138,-2.000000000002E-6));
#17625=CARTESIAN_POINT('',(-0.0962831677905296,-0.0238279833890531,-2.000000000002E-6));
#17626=CARTESIAN_POINT('',(0.0901,0.0828,-2.000000000002E-6));
#17627=CARTESIAN_POINT('',(0.0997901901345122,0.0901874515333099,0.01));
#17628=CARTESIAN_POINT('',(0.101181177299965,0.0878677149334535,0.));
#17629=CARTESIAN_POINT('',(0.0901,0.1,-2.000000000002E-6));
#17630=CARTESIAN_POINT('',(0.101181177299965,0.0949322850665467,0.01));
#17631=CARTESIAN_POINT('',(0.0997901901345122,0.0926125484666902,0.));
#17632=CARTESIAN_POINT('',(0.105,1.20676415720126E-17,-2.000000000002E-6));
#17633=CARTESIAN_POINT('',(0.105,0.0941004894270796,-2.000000000002E-6));
#17634=CARTESIAN_POINT('',(0.105,0.0886995105729206,-2.000000000002E-6));
#17635=CARTESIAN_POINT('',(0.103,0.0886995105729206,-2.000000000002E-6));
#17636=CARTESIAN_POINT('',(0.101380701440957,0.0914,-2.000000000002E-6));
#17637=CARTESIAN_POINT('',(0.103,0.0941004894270796,-2.000000000002E-6));
#17638=CARTESIAN_POINT('',(-0.0901,0.1,-2.000000000002E-6));
#17639=CARTESIAN_POINT('',(-0.101181177299965,0.0949322850665467,0.));
#17640=CARTESIAN_POINT('',(-0.0997901901345122,0.0926125484666902,0.01));
#17641=CARTESIAN_POINT('',(-0.0901,0.0828,-2.000000000002E-6));
#17642=CARTESIAN_POINT('',(-0.0997901901345122,0.0901874515333099,0.));
#17643=CARTESIAN_POINT('',(-0.101181177299965,0.0878677149334534,0.01));
#17644=CARTESIAN_POINT('',(-0.105,-1.20676415720126E-17,-2.000000000002E-6));
#17645=CARTESIAN_POINT('',(-0.105,0.0941004894270796,-2.000000000002E-6));
#17646=CARTESIAN_POINT('',(-0.105,0.0886995105729205,-2.000000000002E-6));
#17647=CARTESIAN_POINT('',(-0.103,0.0886995105729205,-2.000000000002E-6));
#17648=CARTESIAN_POINT('',(-0.101380701440957,0.0914,-2.000000000002E-6));
#17649=CARTESIAN_POINT('',(-0.103,0.0941004894270796,-2.000000000002E-6));
#17650=CARTESIAN_POINT('',(0.105,1.20676415720126E-17,-2.000000000002E-6));
#17651=CARTESIAN_POINT('',(0.105,-0.0688841739578767,-1.99999999999853E-6));
#17652=CARTESIAN_POINT('',(0.105,-0.0361158260421234,-2.000000000002E-6));
#17653=CARTESIAN_POINT('',(0.108588111963594,-0.0305801270189222,-1.99999999999853E-6));
#17654=CARTESIAN_POINT('',(0.0969326673973661,-0.0373094010767585,-1.99999999999853E-6));
#17655=CARTESIAN_POINT('',(0.102,-0.0343837752345545,-1.99999999999853E-6));
#17656=CARTESIAN_POINT('',(0.0959326673973661,-0.0525,-1.99999999999853E-6));
#17657=CARTESIAN_POINT('',(0.0959326673973661,-0.0659585481156727,-1.99999999999853E-6));
#17658=CARTESIAN_POINT('',(0.0959326673973661,-0.0390414518843274,-1.99999999999853E-6));
#17659=CARTESIAN_POINT('',(0.108588111963594,-0.0744198729810778,-1.99999999999853E-6));
#17660=CARTESIAN_POINT('',(0.0969326673973661,-0.0676905989232415,-1.99999999999853E-6));
#17661=CARTESIAN_POINT('',(0.102,-0.0706162247654456,-1.99999999999853E-6));
#17662=CARTESIAN_POINT('',(0.103,-0.0361158260421234,-2.000000000002E-6));
#17663=CARTESIAN_POINT('',(0.103,-0.0688841739578767,-1.99999999999853E-6));
#17664=CARTESIAN_POINT('',(0.0979326673973661,-0.0390414518843274,-1.99999999999853E-6));
#17665=CARTESIAN_POINT('',(0.0979326673973661,-0.0659585481156727,-1.99999999999853E-6));
#17666=CARTESIAN_POINT('',(0.0999278579257494,-0.112,-0.0494198729810778));
#17667=CARTESIAN_POINT('',(0.0926025403784439,-0.112,-0.0451905989232415));
#17668=CARTESIAN_POINT('',(0.102,-0.112,-0.0506162247654456));
#17669=CARTESIAN_POINT('',(0.0916025403784439,-0.112,-0.035));
#17670=CARTESIAN_POINT('',(0.0916025403784439,-0.112,-0.0265414518843274));
#17671=CARTESIAN_POINT('',(0.0916025403784439,-0.112,-0.0434585481156727));
#17672=CARTESIAN_POINT('',(0.0999278579257494,-0.112,-0.0205801270189222));
#17673=CARTESIAN_POINT('',(0.102,-0.112,-0.0193837752345545));
#17674=CARTESIAN_POINT('',(0.0926025403784439,-0.112,-0.0248094010767585));
#17675=CARTESIAN_POINT('',(0.105,-0.107,-0.065));
#17676=CARTESIAN_POINT('',(0.105,-0.112,-0.0488841739578767));
#17677=CARTESIAN_POINT('',(0.105,-0.107,-0.0211158260421234));
#17678=CARTESIAN_POINT('',(0.103,-0.107,-0.0211158260421234));
#17679=CARTESIAN_POINT('',(0.103,-0.112,-0.0488841739578767));
#17680=CARTESIAN_POINT('',(0.0936025403784439,-0.112,-0.0265414518843274));
#17681=CARTESIAN_POINT('',(0.0936025403784439,-0.112,-0.0434585481156727));
#17682=CARTESIAN_POINT('',(0.0816025403784439,-0.112,-0.035));
#17683=CARTESIAN_POINT('',(0.0816025403784439,-0.112,-0.0434585481156727));
#17684=CARTESIAN_POINT('',(0.0816025403784439,-0.112,-0.0265414518843274));
#17685=CARTESIAN_POINT('',(0.0732772228311384,-0.112,-0.0494198729810778));
#17686=CARTESIAN_POINT('',(0.0659519052838329,-0.112,-0.0536491470389141));
#17687=CARTESIAN_POINT('',(0.0806025403784439,-0.112,-0.0451905989232415));
#17688=CARTESIAN_POINT('',(0.0566265877365275,-0.112,-0.0494198729810778));
#17689=CARTESIAN_POINT('',(0.049301270189222,-0.112,-0.0451905989232415));
#17690=CARTESIAN_POINT('',(0.0639519052838329,-0.112,-0.0536491470389141));
#17691=CARTESIAN_POINT('',(0.048301270189222,-0.112,-0.035));
#17692=CARTESIAN_POINT('',(0.048301270189222,-0.112,-0.0265414518843274));
#17693=CARTESIAN_POINT('',(0.048301270189222,-0.112,-0.0434585481156727));
#17694=CARTESIAN_POINT('',(0.0566265877365275,-0.112,-0.0205801270189222));
#17695=CARTESIAN_POINT('',(0.0639519052838329,-0.112,-0.0163508529610859));
#17696=CARTESIAN_POINT('',(0.049301270189222,-0.112,-0.0248094010767585));
#17697=CARTESIAN_POINT('',(0.0732772228311384,-0.112,-0.0205801270189222));
#17698=CARTESIAN_POINT('',(0.0806025403784439,-0.112,-0.0248094010767585));
#17699=CARTESIAN_POINT('',(0.0659519052838329,-0.112,-0.0163508529610859));
#17700=CARTESIAN_POINT('',(0.0796025403784439,-0.112,-0.0265414518843274));
#17701=CARTESIAN_POINT('',(0.0649519052838329,-0.112,-0.0180829037686548));
#17702=CARTESIAN_POINT('',(0.050301270189222,-0.112,-0.0265414518843274));
#17703=CARTESIAN_POINT('',(0.0796025403784439,-0.112,-0.0434585481156727));
#17704=CARTESIAN_POINT('',(0.0649519052838329,-0.112,-0.0519170962313453));
#17705=CARTESIAN_POINT('',(0.050301270189222,-0.112,-0.0434585481156727));
#17706=CARTESIAN_POINT('',(0.0133253175473055,-0.112,-0.0494198729810778));
#17707=CARTESIAN_POINT('',(0.0130356407945536,-0.112,-0.0492526280298985));
#17708=CARTESIAN_POINT('',(0.020650635094611,-0.112,-0.0536491470389141));
#17709=CARTESIAN_POINT('',(0.0133253175473055,-0.112,-0.0205801270189222));
#17710=CARTESIAN_POINT('',(0.020650635094611,-0.112,-0.0163508529610859));
#17711=CARTESIAN_POINT('',(0.0132468834882526,-0.107,-0.02062541094403));
#17712=CARTESIAN_POINT('',(0.0383012701892219,-0.112,-0.035));
#17713=CARTESIAN_POINT('',(0.0383012701892219,-0.112,-0.0434585481156727));
#17714=CARTESIAN_POINT('',(0.038301270189222,-0.112,-0.0265414518843274));
#17715=CARTESIAN_POINT('',(0.0299759526419165,-0.112,-0.0494198729810778));
#17716=CARTESIAN_POINT('',(0.022650635094611,-0.112,-0.0536491470389141));
#17717=CARTESIAN_POINT('',(0.0373012701892219,-0.112,-0.0451905989232415));
#17718=CARTESIAN_POINT('',(0.0299759526419165,-0.112,-0.0205801270189222));
#17719=CARTESIAN_POINT('',(0.037301270189222,-0.112,-0.0248094010767585));
#17720=CARTESIAN_POINT('',(0.022650635094611,-0.112,-0.0163508529610859));
#17721=CARTESIAN_POINT('',(-2.09340211346442E-35,-0.107,-0.043537));
#17722=CARTESIAN_POINT('',(0.00989772446723115,-0.13,-0.035756052090473));
#17723=CARTESIAN_POINT('',(0.0121116324608245,-0.119,-0.0469745076921954));
#17724=CARTESIAN_POINT('',(-2.09340211346442E-35,-0.107,-0.025503));
#17725=CARTESIAN_POINT('',(0.0122939179655312,-0.13,-0.0227886527383571));
#17726=CARTESIAN_POINT('',(0.00989772446723116,-0.119,-0.0332839479095271));
#17727=CARTESIAN_POINT('',(0.0114700397122242,-0.107,-0.03452));
#17728=CARTESIAN_POINT('',(0.0142468834882526,-0.107,-0.0223574617515989));
#17729=CARTESIAN_POINT('',(0.0140356407945536,-0.107,-0.0475205772223296));
#17730=CARTESIAN_POINT('',(0.036301270189222,-0.112,-0.0265414518843274));
#17731=CARTESIAN_POINT('',(0.021650635094611,-0.112,-0.0180829037686548));
#17732=CARTESIAN_POINT('',(0.0363012701892219,-0.112,-0.0434585481156727));
#17733=CARTESIAN_POINT('',(0.021650635094611,-0.112,-0.0519170962313453));
#17734=CARTESIAN_POINT('',(-0.0133253175473054,-0.112,-0.0494198729810778));
#17735=CARTESIAN_POINT('',(-0.020650635094611,-0.112,-0.0536491470389141));
#17736=CARTESIAN_POINT('',(-0.0130356407945536,-0.112,-0.0492526280298986));
#17737=CARTESIAN_POINT('',(-0.0133253175473054,-0.112,-0.0205801270189222));
#17738=CARTESIAN_POINT('',(-0.0132468834882526,-0.107,-0.02062541094403));
#17739=CARTESIAN_POINT('',(-0.020650635094611,-0.112,-0.0163508529610859));
#17740=CARTESIAN_POINT('',(-0.0299759526419164,-0.112,-0.0494198729810778));
#17741=CARTESIAN_POINT('',(-0.0373012701892219,-0.112,-0.0451905989232415));
#17742=CARTESIAN_POINT('',(-0.0226506350946109,-0.112,-0.0536491470389141));
#17743=CARTESIAN_POINT('',(-0.0383012701892219,-0.112,-0.035));
#17744=CARTESIAN_POINT('',(-0.0383012701892219,-0.112,-0.0265414518843274));
#17745=CARTESIAN_POINT('',(-0.0383012701892219,-0.112,-0.0434585481156727));
#17746=CARTESIAN_POINT('',(-0.0299759526419165,-0.112,-0.0205801270189222));
#17747=CARTESIAN_POINT('',(-0.0226506350946109,-0.112,-0.0163508529610859));
#17748=CARTESIAN_POINT('',(-0.0373012701892219,-0.112,-0.0248094010767585));
#17749=CARTESIAN_POINT('',(-2.09340211346442E-35,-0.107,-0.043537));
#17750=CARTESIAN_POINT('',(-0.0121116324608245,-0.13,-0.0469745076921954));
#17751=CARTESIAN_POINT('',(-0.00989772446723116,-0.119,-0.035756052090473));
#17752=CARTESIAN_POINT('',(-2.09340211346442E-35,-0.107,-0.025503));
#17753=CARTESIAN_POINT('',(-0.00989772446723116,-0.13,-0.0332839479095271));
#17754=CARTESIAN_POINT('',(-0.0122939179655312,-0.119,-0.0227886527383571));
#17755=CARTESIAN_POINT('',(-0.0114700397122242,-0.107,-0.03452));
#17756=CARTESIAN_POINT('',(-0.0142468834882526,-0.107,-0.0223574617515989));
#17757=CARTESIAN_POINT('',(-0.0140356407945536,-0.107,-0.0475205772223297));
#17758=CARTESIAN_POINT('',(-0.021650635094611,-0.112,-0.0180829037686548));
#17759=CARTESIAN_POINT('',(-0.0363012701892219,-0.112,-0.0265414518843274));
#17760=CARTESIAN_POINT('',(-0.021650635094611,-0.112,-0.0519170962313453));
#17761=CARTESIAN_POINT('',(-0.0363012701892219,-0.112,-0.0434585481156727));
#17762=CARTESIAN_POINT('',(-0.0483012701892219,-0.112,-0.035));
#17763=CARTESIAN_POINT('',(-0.0483012701892219,-0.112,-0.0434585481156727));
#17764=CARTESIAN_POINT('',(-0.0483012701892219,-0.112,-0.0265414518843274));
#17765=CARTESIAN_POINT('',(-0.0566265877365274,-0.112,-0.0494198729810778));
#17766=CARTESIAN_POINT('',(-0.0639519052838329,-0.112,-0.0536491470389141));
#17767=CARTESIAN_POINT('',(-0.0493012701892219,-0.112,-0.0451905989232415));
#17768=CARTESIAN_POINT('',(-0.0732772228311384,-0.112,-0.0494198729810778));
#17769=CARTESIAN_POINT('',(-0.0806025403784439,-0.112,-0.0451905989232415));
#17770=CARTESIAN_POINT('',(-0.0659519052838329,-0.112,-0.0536491470389141));
#17771=CARTESIAN_POINT('',(-0.0816025403784439,-0.112,-0.035));
#17772=CARTESIAN_POINT('',(-0.0816025403784439,-0.112,-0.0265414518843274));
#17773=CARTESIAN_POINT('',(-0.0816025403784439,-0.112,-0.0434585481156727));
#17774=CARTESIAN_POINT('',(-0.0732772228311384,-0.112,-0.0205801270189222));
#17775=CARTESIAN_POINT('',(-0.0659519052838329,-0.112,-0.0163508529610859));
#17776=CARTESIAN_POINT('',(-0.0806025403784439,-0.112,-0.0248094010767585));
#17777=CARTESIAN_POINT('',(-0.0566265877365274,-0.112,-0.0205801270189222));
#17778=CARTESIAN_POINT('',(-0.0493012701892219,-0.112,-0.0248094010767585));
#17779=CARTESIAN_POINT('',(-0.0639519052838329,-0.112,-0.0163508529610859));
#17780=CARTESIAN_POINT('',(-0.0503012701892219,-0.112,-0.0265414518843274));
#17781=CARTESIAN_POINT('',(-0.0649519052838329,-0.112,-0.0180829037686548));
#17782=CARTESIAN_POINT('',(-0.0796025403784439,-0.112,-0.0265414518843274));
#17783=CARTESIAN_POINT('',(-0.0503012701892219,-0.112,-0.0434585481156727));
#17784=CARTESIAN_POINT('',(-0.0649519052838329,-0.112,-0.0519170962313453));
#17785=CARTESIAN_POINT('',(-0.0796025403784439,-0.112,-0.0434585481156727));
#17786=CARTESIAN_POINT('',(-0.105,-0.107,-0.065));
#17787=CARTESIAN_POINT('',(-0.105,-0.112,-0.0211158260421234));
#17788=CARTESIAN_POINT('',(-0.105,-0.107,-0.0488841739578767));
#17789=CARTESIAN_POINT('',(-0.0999278579257493,-0.112,-0.0494198729810778));
#17790=CARTESIAN_POINT('',(-0.102,-0.112,-0.0506162247654456));
#17791=CARTESIAN_POINT('',(-0.0926025403784439,-0.112,-0.0451905989232415));
#17792=CARTESIAN_POINT('',(-0.0999278579257493,-0.112,-0.0205801270189222));
#17793=CARTESIAN_POINT('',(-0.0926025403784439,-0.112,-0.0248094010767585));
#17794=CARTESIAN_POINT('',(-0.102,-0.112,-0.0193837752345545));
#17795=CARTESIAN_POINT('',(-0.0916025403784439,-0.112,-0.035));
#17796=CARTESIAN_POINT('',(-0.0916025403784439,-0.112,-0.0434585481156727));
#17797=CARTESIAN_POINT('',(-0.0916025403784439,-0.112,-0.0265414518843274));
#17798=CARTESIAN_POINT('',(-0.103,-0.112,-0.0211158260421234));
#17799=CARTESIAN_POINT('',(-0.103,-0.107,-0.0488841739578767));
#17800=CARTESIAN_POINT('',(-0.0936025403784439,-0.112,-0.0265414518843274));
#17801=CARTESIAN_POINT('',(-0.0936025403784439,-0.112,-0.0434585481156727));
#17802=CARTESIAN_POINT('',(-0.0999278579257494,0.112,-0.0494198729810778));
#17803=CARTESIAN_POINT('',(-0.0926025403784439,0.112,-0.0451905989232415));
#17804=CARTESIAN_POINT('',(-0.102,0.112,-0.0506162247654456));
#17805=CARTESIAN_POINT('',(-0.0916025403784439,0.112,-0.035));
#17806=CARTESIAN_POINT('',(-0.0916025403784439,0.112,-0.0265414518843274));
#17807=CARTESIAN_POINT('',(-0.0916025403784439,0.112,-0.0434585481156727));
#17808=CARTESIAN_POINT('',(-0.0999278579257494,0.112,-0.0205801270189222));
#17809=CARTESIAN_POINT('',(-0.102,0.112,-0.0193837752345545));
#17810=CARTESIAN_POINT('',(-0.0926025403784439,0.112,-0.0248094010767585));
#17811=CARTESIAN_POINT('',(-0.105,0.107,-0.065));
#17812=CARTESIAN_POINT('',(-0.105,0.112,-0.0488841739578767));
#17813=CARTESIAN_POINT('',(-0.105,0.107,-0.0211158260421233));
#17814=CARTESIAN_POINT('',(-0.103,0.107,-0.0211158260421233));
#17815=CARTESIAN_POINT('',(-0.103,0.112,-0.0488841739578767));
#17816=CARTESIAN_POINT('',(-0.0936025403784439,0.112,-0.0265414518843274));
#17817=CARTESIAN_POINT('',(-0.0936025403784439,0.112,-0.0434585481156727));
#17818=CARTESIAN_POINT('',(-0.0566265877365274,0.112,-0.0205801270189222));
#17819=CARTESIAN_POINT('',(-0.0639519052838329,0.112,-0.0163508529610859));
#17820=CARTESIAN_POINT('',(-0.049301270189222,0.112,-0.0248094010767585));
#17821=CARTESIAN_POINT('',(-0.0732772228311384,0.112,-0.0205801270189222));
#17822=CARTESIAN_POINT('',(-0.0806025403784439,0.112,-0.0248094010767585));
#17823=CARTESIAN_POINT('',(-0.0659519052838329,0.112,-0.0163508529610859));
#17824=CARTESIAN_POINT('',(-0.0796025403784439,0.112,-0.0265414518843274));
#17825=CARTESIAN_POINT('',(-0.0649519052838329,0.112,-0.0180829037686548));
#17826=CARTESIAN_POINT('',(-0.050301270189222,0.112,-0.0265414518843274));
#17827=CARTESIAN_POINT('',(-0.0383012701892219,0.112,-0.035));
#17828=CARTESIAN_POINT('',(-0.0383012701892219,0.112,-0.0434585481156727));
#17829=CARTESIAN_POINT('',(-0.0383012701892219,0.112,-0.0265414518843274));
#17830=CARTESIAN_POINT('',(-0.0299759526419165,0.112,-0.0494198729810778));
#17831=CARTESIAN_POINT('',(-0.022650635094611,0.112,-0.0536491470389141));
#17832=CARTESIAN_POINT('',(-0.0373012701892219,0.112,-0.0451905989232415));
#17833=CARTESIAN_POINT('',(-0.0133253175473055,0.112,-0.0494198729810778));
#17834=CARTESIAN_POINT('',(-0.0130356407945536,0.107,-0.0492526280298985));
#17835=CARTESIAN_POINT('',(-0.020650635094611,0.112,-0.0536491470389141));
#17836=CARTESIAN_POINT('',(-0.0133253175473055,0.112,-0.0205801270189222));
#17837=CARTESIAN_POINT('',(-0.020650635094611,0.112,-0.0163508529610859));
#17838=CARTESIAN_POINT('',(-0.0132468834882526,0.112,-0.02062541094403));
#17839=CARTESIAN_POINT('',(-0.0299759526419165,0.112,-0.0205801270189222));
#17840=CARTESIAN_POINT('',(-0.0373012701892219,0.112,-0.0248094010767585));
#17841=CARTESIAN_POINT('',(-0.022650635094611,0.112,-0.0163508529610859));
#17842=CARTESIAN_POINT('',(-9.83898993328262E-34,0.107,-0.043537));
#17843=CARTESIAN_POINT('',(-0.00989772446723115,0.13,-0.035756052090473));
#17844=CARTESIAN_POINT('',(-0.0121116324608245,0.119,-0.0469745076921954));
#17845=CARTESIAN_POINT('',(-9.83898993328262E-34,0.107,-0.025503));
#17846=CARTESIAN_POINT('',(-0.0122939179655312,0.13,-0.0227886527383571));
#17847=CARTESIAN_POINT('',(-0.00989772446723116,0.119,-0.0332839479095271));
#17848=CARTESIAN_POINT('',(-0.0114700397122242,0.107,-0.03452));
#17849=CARTESIAN_POINT('',(-0.0142468834882526,0.107,-0.0223574617515989));
#17850=CARTESIAN_POINT('',(-0.0140356407945536,0.107,-0.0475205772223297));
#17851=CARTESIAN_POINT('',(-0.0363012701892219,0.112,-0.0265414518843274));
#17852=CARTESIAN_POINT('',(-0.021650635094611,0.112,-0.0180829037686548));
#17853=CARTESIAN_POINT('',(-0.0363012701892219,0.112,-0.0434585481156727));
#17854=CARTESIAN_POINT('',(-0.021650635094611,0.112,-0.0519170962313453));
#17855=CARTESIAN_POINT('',(0.0133253175473055,0.112,-0.0494198729810778));
#17856=CARTESIAN_POINT('',(0.020650635094611,0.112,-0.0536491470389141));
#17857=CARTESIAN_POINT('',(0.0130356407945536,0.107,-0.0492526280298986));
#17858=CARTESIAN_POINT('',(0.0299759526419165,0.112,-0.0494198729810778));
#17859=CARTESIAN_POINT('',(0.0373012701892219,0.112,-0.0451905989232415));
#17860=CARTESIAN_POINT('',(0.0226506350946109,0.112,-0.0536491470389141));
#17861=CARTESIAN_POINT('',(0.0383012701892219,0.112,-0.035));
#17862=CARTESIAN_POINT('',(0.0383012701892219,0.112,-0.0265414518843274));
#17863=CARTESIAN_POINT('',(0.0383012701892219,0.112,-0.0434585481156727));
#17864=CARTESIAN_POINT('',(0.0299759526419165,0.112,-0.0205801270189222));
#17865=CARTESIAN_POINT('',(0.0226506350946109,0.112,-0.0163508529610859));
#17866=CARTESIAN_POINT('',(0.0373012701892219,0.112,-0.0248094010767585));
#17867=CARTESIAN_POINT('',(0.0133253175473055,0.112,-0.0205801270189222));
#17868=CARTESIAN_POINT('',(0.0132468834882526,0.112,-0.02062541094403));
#17869=CARTESIAN_POINT('',(0.020650635094611,0.112,-0.0163508529610859));
#17870=CARTESIAN_POINT('',(-9.83898993328262E-34,0.107,-0.043537));
#17871=CARTESIAN_POINT('',(0.0121116324608245,0.13,-0.0469745076921954));
#17872=CARTESIAN_POINT('',(0.00989772446723115,0.119,-0.035756052090473));
#17873=CARTESIAN_POINT('',(-9.83898993328262E-34,0.107,-0.025503));
#17874=CARTESIAN_POINT('',(0.00989772446723116,0.13,-0.0332839479095271));
#17875=CARTESIAN_POINT('',(0.0122939179655312,0.119,-0.0227886527383571));
#17876=CARTESIAN_POINT('',(0.0114700397122242,0.107,-0.03452));
#17877=CARTESIAN_POINT('',(0.0142468834882526,0.107,-0.0223574617515989));
#17878=CARTESIAN_POINT('',(0.0140356407945536,0.107,-0.0475205772223297));
#17879=CARTESIAN_POINT('',(0.021650635094611,0.112,-0.0180829037686548));
#17880=CARTESIAN_POINT('',(0.0363012701892219,0.112,-0.0265414518843274));
#17881=CARTESIAN_POINT('',(0.021650635094611,0.112,-0.0519170962313453));
#17882=CARTESIAN_POINT('',(0.0363012701892219,0.112,-0.0434585481156727));
#17883=CARTESIAN_POINT('',(0.0732772228311384,0.112,-0.0205801270189222));
#17884=CARTESIAN_POINT('',(0.0659519052838329,0.112,-0.0163508529610859));
#17885=CARTESIAN_POINT('',(0.0806025403784439,0.112,-0.0248094010767585));
#17886=CARTESIAN_POINT('',(0.0566265877365274,0.112,-0.0205801270189222));
#17887=CARTESIAN_POINT('',(0.0493012701892219,0.112,-0.0248094010767585));
#17888=CARTESIAN_POINT('',(0.0639519052838329,0.112,-0.0163508529610859));
#17889=CARTESIAN_POINT('',(0.0503012701892219,0.112,-0.0265414518843274));
#17890=CARTESIAN_POINT('',(0.0649519052838329,0.112,-0.0180829037686548));
#17891=CARTESIAN_POINT('',(0.0796025403784439,0.112,-0.0265414518843274));
#17892=CARTESIAN_POINT('',(0.105,0.107,-0.065));
#17893=CARTESIAN_POINT('',(0.105,0.112,-0.0211158260421234));
#17894=CARTESIAN_POINT('',(0.105,0.107,-0.0488841739578767));
#17895=CARTESIAN_POINT('',(0.0999278579257493,0.112,-0.0494198729810778));
#17896=CARTESIAN_POINT('',(0.102,0.112,-0.0506162247654456));
#17897=CARTESIAN_POINT('',(0.0926025403784439,0.112,-0.0451905989232415));
#17898=CARTESIAN_POINT('',(0.0999278579257494,0.112,-0.0205801270189222));
#17899=CARTESIAN_POINT('',(0.0926025403784439,0.112,-0.0248094010767585));
#17900=CARTESIAN_POINT('',(0.102,0.112,-0.0193837752345545));
#17901=CARTESIAN_POINT('',(0.0916025403784439,0.112,-0.035));
#17902=CARTESIAN_POINT('',(0.0916025403784439,0.112,-0.0434585481156727));
#17903=CARTESIAN_POINT('',(0.0916025403784439,0.112,-0.0265414518843274));
#17904=CARTESIAN_POINT('',(0.103,0.112,-0.0211158260421234));
#17905=CARTESIAN_POINT('',(0.103,0.107,-0.0488841739578767));
#17906=CARTESIAN_POINT('',(0.0936025403784439,0.112,-0.0265414518843274));
#17907=CARTESIAN_POINT('',(0.0936025403784439,0.112,-0.0434585481156727));
#17908=CARTESIAN_POINT('',(0.0649519052838329,0.130002,-0.035));
#17909=CARTESIAN_POINT('',(0.0503012701892219,0.130002,-0.035));
#17910=CARTESIAN_POINT('',(0.0796025403784439,0.13,-0.035));
#17911=CARTESIAN_POINT('',(-0.0649519052838329,0.130002,-0.035));
#17912=CARTESIAN_POINT('',(-0.0796025403784439,0.130002,-0.035));
#17913=CARTESIAN_POINT('',(-0.050301270189222,0.13,-0.035));
#17914=CARTESIAN_POINT('',(-0.0796025403784439,0.130002,-0.033));
#17915=CARTESIAN_POINT('',(-0.050301270189222,0.112,-0.033));
#17916=CARTESIAN_POINT('',(0.0503012701892219,0.130002,-0.033));
#17917=CARTESIAN_POINT('',(0.0796025403784439,0.112,-0.033));
#17918=MECHANICAL_DESIGN_GEOMETRIC_PRESENTATION_REPRESENTATION('',(#10399),
#17919);
#17919=(
GEOMETRIC_REPRESENTATION_CONTEXT(3)
GLOBAL_UNCERTAINTY_ASSIGNED_CONTEXT((#17920))
GLOBAL_UNIT_ASSIGNED_CONTEXT((#17923,#17922,#17921))
REPRESENTATION_CONTEXT('Back Panel','TOP_LEVEL_ASSEMBLY_PART')
);
#17920=UNCERTAINTY_MEASURE_WITH_UNIT(LENGTH_MEASURE(1.E-8),#17923,
'DISTANCE_ACCURACY_VALUE','Maximum Tolerance applied to model');
#17921=(
NAMED_UNIT(*)
SI_UNIT($,.STERADIAN.)
SOLID_ANGLE_UNIT()
);
#17922=(
NAMED_UNIT(*)
PLANE_ANGLE_UNIT()
SI_UNIT($,.RADIAN.)
);
#17923=(
LENGTH_UNIT()
NAMED_UNIT(*)
SI_UNIT($,.METRE.)
);
#17924=PRODUCT_DEFINITION_SHAPE('','',#17925);
#17925=PRODUCT_DEFINITION('','',#17927,#17926);
#17926=PRODUCT_DEFINITION_CONTEXT('',#17933,'design');
#17927=PRODUCT_DEFINITION_FORMATION_WITH_SPECIFIED_SOURCE('','',#17929,
 .NOT_KNOWN.);
#17928=PRODUCT_RELATED_PRODUCT_CATEGORY('','',(#17929));
#17929=PRODUCT('Back Panel','Back Panel','Back Panel',(#17931));
#17930=PRODUCT_CATEGORY('','');
#17931=PRODUCT_CONTEXT('',#17933,'mechanical');
#17932=APPLICATION_PROTOCOL_DEFINITION('international standard',
'ap242_managed_model_based_3d_engineering',2020,#17933);
#17933=APPLICATION_CONTEXT('managed model based 3d engineering');
ENDSEC;
END-ISO-10303-21;
