ISO-10303-21;
HEADER;
/* Generated by software containing ST-Developer
 * from STEP Tools, Inc. (www.steptools.com) 
 */
/* OPTION: using custom renumber hook */

FILE_DESCRIPTION(
/* description */ ('STEP AP242 Edition 2',
'CAx-IF Rec.Pracs.---Representation and Presentation of Product Manufa
cturing Information (PMI)---4.0---2014-10-13',
'CAx-IF Rec.Pracs.---3D Tessellated Geometry---0.4---2014-09-14','2;1',
'CAx-IF Rec.Pracs.---User Defined Attributes---1.5---2016-08-15'),
/* implementation_level */ '2;1');

FILE_NAME(
/* name */ 'Vertical Backpack Assembly - Battery Holder (4)',
/* time_stamp */ '2026-06-01T00:36:10Z',
/* author */ (''),
/* organization */ (''),
/* preprocessor_version */ 'ST-DEVELOPER v20',
/* originating_system */ 'ONSHAPE BY PTC INC, 1.215',
/* authorisation */ '  ');

FILE_SCHEMA (('AP242_MANAGED_MODEL_BASED_3D_ENGINEERING_MIM_LF { 1 0 10303 442 3 1 4 }'));
ENDSEC;

DATA;
#10=SHAPE_REPRESENTATION_RELATIONSHIP('','',#3218,#11);
#11=ADVANCED_BREP_SHAPE_REPRESENTATION('',(#3216),#5628);
#12=SPHERICAL_SURFACE('',#3429,0.001);
#13=SPHERICAL_SURFACE('',#3444,0.001);
#14=SPHERICAL_SURFACE('',#3447,0.001);
#15=SPHERICAL_SURFACE('',#3462,0.001);
#16=SPHERICAL_SURFACE('',#3465,0.001);
#17=SPHERICAL_SURFACE('',#3480,0.001);
#18=SPHERICAL_SURFACE('',#3483,0.001);
#19=SPHERICAL_SURFACE('',#3498,0.001);
#20=SPHERICAL_SURFACE('',#3504,0.001);
#21=SPHERICAL_SURFACE('',#3510,0.001);
#22=SPHERICAL_SURFACE('',#3521,0.001);
#23=SPHERICAL_SURFACE('',#3524,0.001);
#24=SPHERICAL_SURFACE('',#3551,0.001);
#25=SPHERICAL_SURFACE('',#3553,0.001);
#26=SPHERICAL_SURFACE('',#3568,0.001);
#27=SPHERICAL_SURFACE('',#3570,0.001);
#28=TOROIDAL_SURFACE('',#3397,0.006,0.005);
#29=TOROIDAL_SURFACE('',#3401,0.006,0.005);
#30=TOROIDAL_SURFACE('',#3404,0.006,0.005);
#31=TOROIDAL_SURFACE('',#3408,0.006,0.005);
#32=TOROIDAL_SURFACE('',#3411,0.006,0.005);
#33=TOROIDAL_SURFACE('',#3415,0.006,0.005);
#34=TOROIDAL_SURFACE('',#3418,0.006,0.005);
#35=TOROIDAL_SURFACE('',#3422,0.006,0.005);
#36=TOROIDAL_SURFACE('',#3433,0.002,0.001);
#37=TOROIDAL_SURFACE('',#3450,0.002,0.001);
#38=TOROIDAL_SURFACE('',#3452,0.002,0.001);
#39=TOROIDAL_SURFACE('',#3464,0.002,0.001);
#40=TOROIDAL_SURFACE('',#3469,0.002,0.001);
#41=TOROIDAL_SURFACE('',#3486,0.002,0.001);
#42=TOROIDAL_SURFACE('',#3488,0.002,0.001);
#43=TOROIDAL_SURFACE('',#3500,0.002,0.001);
#44=TOROIDAL_SURFACE('',#3515,0.002,0.001);
#45=TOROIDAL_SURFACE('',#3517,0.002,0.001);
#46=TOROIDAL_SURFACE('',#3532,0.002,0.001);
#47=TOROIDAL_SURFACE('',#3534,0.002,0.001);
#48=TOROIDAL_SURFACE('',#3540,0.002,0.001);
#49=TOROIDAL_SURFACE('',#3546,0.002,0.001);
#50=TOROIDAL_SURFACE('',#3557,0.002,0.001);
#51=TOROIDAL_SURFACE('',#3560,0.002,0.001);
#52=TOROIDAL_SURFACE('',#3585,0.004,0.001);
#53=TOROIDAL_SURFACE('',#3600,0.004,0.001);
#54=CYLINDRICAL_SURFACE('',#3357,0.005);
#55=CYLINDRICAL_SURFACE('',#3358,0.005);
#56=CYLINDRICAL_SURFACE('',#3360,0.005);
#57=CYLINDRICAL_SURFACE('',#3362,0.005);
#58=CYLINDRICAL_SURFACE('',#3363,0.005);
#59=CYLINDRICAL_SURFACE('',#3365,0.005);
#60=CYLINDRICAL_SURFACE('',#3366,0.005);
#61=CYLINDRICAL_SURFACE('',#3367,0.005);
#62=CYLINDRICAL_SURFACE('',#3368,0.005);
#63=CYLINDRICAL_SURFACE('',#3369,0.005);
#64=CYLINDRICAL_SURFACE('',#3370,0.005);
#65=CYLINDRICAL_SURFACE('',#3371,0.005);
#66=CYLINDRICAL_SURFACE('',#3372,0.005);
#67=CYLINDRICAL_SURFACE('',#3373,0.005);
#68=CYLINDRICAL_SURFACE('',#3374,0.005);
#69=CYLINDRICAL_SURFACE('',#3375,0.005);
#70=CYLINDRICAL_SURFACE('',#3376,0.005);
#71=CYLINDRICAL_SURFACE('',#3377,0.001);
#72=CYLINDRICAL_SURFACE('',#3380,0.001);
#73=CYLINDRICAL_SURFACE('',#3383,0.001);
#74=CYLINDRICAL_SURFACE('',#3386,0.001);
#75=CYLINDRICAL_SURFACE('',#3389,0.00145);
#76=CYLINDRICAL_SURFACE('',#3390,0.00145);
#77=CYLINDRICAL_SURFACE('',#3391,0.00145);
#78=CYLINDRICAL_SURFACE('',#3392,0.00145);
#79=CYLINDRICAL_SURFACE('',#3393,0.005);
#80=CYLINDRICAL_SURFACE('',#3394,0.005);
#81=CYLINDRICAL_SURFACE('',#3395,0.005);
#82=CYLINDRICAL_SURFACE('',#3396,0.005);
#83=CYLINDRICAL_SURFACE('',#3399,0.005);
#84=CYLINDRICAL_SURFACE('',#3403,0.005);
#85=CYLINDRICAL_SURFACE('',#3406,0.005);
#86=CYLINDRICAL_SURFACE('',#3410,0.005);
#87=CYLINDRICAL_SURFACE('',#3413,0.005);
#88=CYLINDRICAL_SURFACE('',#3417,0.005);
#89=CYLINDRICAL_SURFACE('',#3420,0.005);
#90=CYLINDRICAL_SURFACE('',#3424,0.005);
#91=CYLINDRICAL_SURFACE('',#3436,0.001);
#92=CYLINDRICAL_SURFACE('',#3438,0.001);
#93=CYLINDRICAL_SURFACE('',#3440,0.001);
#94=CYLINDRICAL_SURFACE('',#3442,0.001);
#95=CYLINDRICAL_SURFACE('',#3454,0.001);
#96=CYLINDRICAL_SURFACE('',#3456,0.001);
#97=CYLINDRICAL_SURFACE('',#3458,0.001);
#98=CYLINDRICAL_SURFACE('',#3460,0.001);
#99=CYLINDRICAL_SURFACE('',#3472,0.001);
#100=CYLINDRICAL_SURFACE('',#3474,0.001);
#101=CYLINDRICAL_SURFACE('',#3476,0.001);
#102=CYLINDRICAL_SURFACE('',#3478,0.001);
#103=CYLINDRICAL_SURFACE('',#3490,0.001);
#104=CYLINDRICAL_SURFACE('',#3492,0.001);
#105=CYLINDRICAL_SURFACE('',#3494,0.001);
#106=CYLINDRICAL_SURFACE('',#3496,0.001);
#107=CYLINDRICAL_SURFACE('',#3501,0.001);
#108=CYLINDRICAL_SURFACE('',#3507,0.001);
#109=CYLINDRICAL_SURFACE('',#3513,0.001);
#110=CYLINDRICAL_SURFACE('',#3519,0.001);
#111=CYLINDRICAL_SURFACE('',#3527,0.001);
#112=CYLINDRICAL_SURFACE('',#3529,0.001);
#113=CYLINDRICAL_SURFACE('',#3531,0.001);
#114=CYLINDRICAL_SURFACE('',#3536,0.001);
#115=CYLINDRICAL_SURFACE('',#3537,0.001);
#116=CYLINDRICAL_SURFACE('',#3543,0.001);
#117=CYLINDRICAL_SURFACE('',#3549,0.001);
#118=CYLINDRICAL_SURFACE('',#3555,0.001);
#119=CYLINDRICAL_SURFACE('',#3563,0.001);
#120=CYLINDRICAL_SURFACE('',#3565,0.001);
#121=CYLINDRICAL_SURFACE('',#3567,0.001);
#122=CYLINDRICAL_SURFACE('',#3572,0.001);
#123=CYLINDRICAL_SURFACE('',#3575,0.00799999999999978);
#124=CYLINDRICAL_SURFACE('',#3582,0.001);
#125=CYLINDRICAL_SURFACE('',#3583,0.001);
#126=CYLINDRICAL_SURFACE('',#3587,0.001);
#127=CYLINDRICAL_SURFACE('',#3590,0.00799999999999978);
#128=CYLINDRICAL_SURFACE('',#3597,0.001);
#129=CYLINDRICAL_SURFACE('',#3598,0.001);
#130=CYLINDRICAL_SURFACE('',#3602,0.001);
#131=CYLINDRICAL_SURFACE('',#3609,0.002);
#132=CYLINDRICAL_SURFACE('',#3610,0.002);
#133=CYLINDRICAL_SURFACE('',#3611,0.002);
#134=CYLINDRICAL_SURFACE('',#3612,0.002);
#135=CYLINDRICAL_SURFACE('',#3613,0.002);
#136=CYLINDRICAL_SURFACE('',#3614,0.002);
#137=CYLINDRICAL_SURFACE('',#3615,0.002);
#138=CYLINDRICAL_SURFACE('',#3616,0.002);
#139=ELLIPSE('',#3354,0.00106778154098872,0.001);
#140=B_SPLINE_CURVE_WITH_KNOTS('',3,(#5038,#5039,#5040,#5041,#5042,#5043),
 .UNSPECIFIED.,.F.,.F.,(4,1,1,4),(0.,0.00411659677733426,0.00617489516600139,
0.00823319355466852),.UNSPECIFIED.);
#141=B_SPLINE_CURVE_WITH_KNOTS('',3,(#5047,#5048,#5049,#5050,#5051,#5052),
 .UNSPECIFIED.,.F.,.F.,(4,1,1,4),(0.,0.00411659677733426,0.00617489516600138,
0.00823319355466851),.UNSPECIFIED.);
#142=B_SPLINE_CURVE_WITH_KNOTS('',3,(#5053,#5054,#5055,#5056,#5057,#5058),
 .UNSPECIFIED.,.F.,.F.,(4,1,1,4),(0.,0.00411659677733426,0.00617489516600139,
0.00823319355466852),.UNSPECIFIED.);
#143=B_SPLINE_CURVE_WITH_KNOTS('',3,(#5062,#5063,#5064,#5065,#5066,#5067),
 .UNSPECIFIED.,.F.,.F.,(4,1,1,4),(0.,0.00411659677733426,0.00617489516600139,
0.00823319355466851),.UNSPECIFIED.);
#144=CIRCLE('',#3221,0.002);
#145=CIRCLE('',#3222,0.002);
#146=CIRCLE('',#3223,0.002);
#147=CIRCLE('',#3224,0.002);
#148=CIRCLE('',#3226,0.002);
#149=CIRCLE('',#3227,0.002);
#150=CIRCLE('',#3228,0.002);
#151=CIRCLE('',#3229,0.002);
#152=CIRCLE('',#3231,0.002);
#153=CIRCLE('',#3232,0.002);
#154=CIRCLE('',#3233,0.002);
#155=CIRCLE('',#3234,0.005);
#156=CIRCLE('',#3235,0.005);
#157=CIRCLE('',#3236,0.002);
#158=CIRCLE('',#3238,0.002);
#159=CIRCLE('',#3239,0.002);
#160=CIRCLE('',#3240,0.002);
#161=CIRCLE('',#3241,0.005);
#162=CIRCLE('',#3242,0.005);
#163=CIRCLE('',#3243,0.002);
#164=CIRCLE('',#3245,0.005);
#165=CIRCLE('',#3246,0.005);
#166=CIRCLE('',#3247,0.00799999999999978);
#167=CIRCLE('',#3248,0.00799999999999978);
#168=CIRCLE('',#3249,0.005);
#169=CIRCLE('',#3251,0.00799999999999978);
#170=CIRCLE('',#3253,0.00799999999999978);
#171=CIRCLE('',#3255,0.002);
#172=CIRCLE('',#3256,0.002);
#173=CIRCLE('',#3257,0.002);
#174=CIRCLE('',#3258,0.002);
#175=CIRCLE('',#3259,0.002);
#176=CIRCLE('',#3260,0.002);
#177=CIRCLE('',#3261,0.002);
#178=CIRCLE('',#3262,0.002);
#179=CIRCLE('',#3263,0.005);
#180=CIRCLE('',#3264,0.005);
#181=CIRCLE('',#3265,0.005);
#182=CIRCLE('',#3266,0.005);
#183=CIRCLE('',#3267,0.005);
#184=CIRCLE('',#3268,0.005);
#185=CIRCLE('',#3269,0.005);
#186=CIRCLE('',#3270,0.002);
#187=CIRCLE('',#3271,0.002);
#188=CIRCLE('',#3272,0.002);
#189=CIRCLE('',#3273,0.002);
#190=CIRCLE('',#3274,0.002);
#191=CIRCLE('',#3275,0.002);
#192=CIRCLE('',#3276,0.002);
#193=CIRCLE('',#3277,0.002);
#194=CIRCLE('',#3279,0.006);
#195=CIRCLE('',#3280,0.006);
#196=CIRCLE('',#3281,0.006);
#197=CIRCLE('',#3282,0.006);
#198=CIRCLE('',#3283,0.005);
#199=CIRCLE('',#3284,0.005);
#200=CIRCLE('',#3285,0.005);
#201=CIRCLE('',#3286,0.005);
#202=CIRCLE('',#3287,0.005);
#203=CIRCLE('',#3288,0.005);
#204=CIRCLE('',#3290,0.006);
#205=CIRCLE('',#3291,0.006);
#206=CIRCLE('',#3292,0.006);
#207=CIRCLE('',#3293,0.006);
#208=CIRCLE('',#3294,0.005);
#209=CIRCLE('',#3295,0.005);
#210=CIRCLE('',#3296,0.005);
#211=CIRCLE('',#3297,0.005);
#212=CIRCLE('',#3298,0.005);
#213=CIRCLE('',#3299,0.005);
#214=CIRCLE('',#3300,0.005);
#215=CIRCLE('',#3302,0.005);
#216=CIRCLE('',#3303,0.005);
#217=CIRCLE('',#3304,0.005);
#218=CIRCLE('',#3305,0.005);
#219=CIRCLE('',#3308,0.00145);
#220=CIRCLE('',#3309,0.00145);
#221=CIRCLE('',#3310,0.00145);
#222=CIRCLE('',#3311,0.00145);
#223=CIRCLE('',#3312,0.001);
#224=CIRCLE('',#3313,0.001);
#225=CIRCLE('',#3314,0.001);
#226=CIRCLE('',#3315,0.001);
#227=CIRCLE('',#3316,0.001);
#228=CIRCLE('',#3317,0.001);
#229=CIRCLE('',#3318,0.005);
#230=CIRCLE('',#3319,0.005);
#231=CIRCLE('',#3320,0.005);
#232=CIRCLE('',#3321,0.005);
#233=CIRCLE('',#3326,0.00145);
#234=CIRCLE('',#3327,0.00145);
#235=CIRCLE('',#3328,0.005);
#236=CIRCLE('',#3329,0.005);
#237=CIRCLE('',#3330,0.005);
#238=CIRCLE('',#3331,0.005);
#239=CIRCLE('',#3334,0.00145);
#240=CIRCLE('',#3335,0.00145);
#241=CIRCLE('',#3336,0.005);
#242=CIRCLE('',#3337,0.005);
#243=CIRCLE('',#3338,0.005);
#244=CIRCLE('',#3339,0.005);
#245=CIRCLE('',#3352,0.001);
#246=CIRCLE('',#3359,0.005);
#247=CIRCLE('',#3361,0.005);
#248=CIRCLE('',#3364,0.005);
#249=CIRCLE('',#3378,0.001);
#250=CIRCLE('',#3379,0.001);
#251=CIRCLE('',#3381,0.001);
#252=CIRCLE('',#3382,0.001);
#253=CIRCLE('',#3384,0.001);
#254=CIRCLE('',#3385,0.001);
#255=CIRCLE('',#3387,0.001);
#256=CIRCLE('',#3388,0.001);
#257=CIRCLE('',#3398,0.005);
#258=CIRCLE('',#3400,0.005);
#259=CIRCLE('',#3402,0.005);
#260=CIRCLE('',#3405,0.005);
#261=CIRCLE('',#3407,0.005);
#262=CIRCLE('',#3409,0.005);
#263=CIRCLE('',#3412,0.005);
#264=CIRCLE('',#3414,0.005);
#265=CIRCLE('',#3416,0.005);
#266=CIRCLE('',#3419,0.005);
#267=CIRCLE('',#3421,0.005);
#268=CIRCLE('',#3423,0.005);
#269=CIRCLE('',#3430,0.001);
#270=CIRCLE('',#3431,0.001);
#271=CIRCLE('',#3432,0.001);
#272=CIRCLE('',#3434,0.001);
#273=CIRCLE('',#3435,0.001);
#274=CIRCLE('',#3437,0.001);
#275=CIRCLE('',#3439,0.001);
#276=CIRCLE('',#3441,0.001);
#277=CIRCLE('',#3443,0.001);
#278=CIRCLE('',#3445,0.001);
#279=CIRCLE('',#3446,0.001);
#280=CIRCLE('',#3448,0.001);
#281=CIRCLE('',#3449,0.001);
#282=CIRCLE('',#3451,0.001);
#283=CIRCLE('',#3453,0.001);
#284=CIRCLE('',#3455,0.001);
#285=CIRCLE('',#3457,0.001);
#286=CIRCLE('',#3459,0.001);
#287=CIRCLE('',#3461,0.001);
#288=CIRCLE('',#3463,0.001);
#289=CIRCLE('',#3466,0.001);
#290=CIRCLE('',#3467,0.001);
#291=CIRCLE('',#3468,0.001);
#292=CIRCLE('',#3470,0.001);
#293=CIRCLE('',#3471,0.001);
#294=CIRCLE('',#3473,0.001);
#295=CIRCLE('',#3475,0.001);
#296=CIRCLE('',#3477,0.001);
#297=CIRCLE('',#3479,0.001);
#298=CIRCLE('',#3481,0.001);
#299=CIRCLE('',#3482,0.001);
#300=CIRCLE('',#3484,0.001);
#301=CIRCLE('',#3485,0.001);
#302=CIRCLE('',#3487,0.001);
#303=CIRCLE('',#3489,0.001);
#304=CIRCLE('',#3491,0.001);
#305=CIRCLE('',#3493,0.001);
#306=CIRCLE('',#3495,0.001);
#307=CIRCLE('',#3497,0.001);
#308=CIRCLE('',#3499,0.001);
#309=CIRCLE('',#3502,0.001);
#310=CIRCLE('',#3503,0.001);
#311=CIRCLE('',#3505,0.001);
#312=CIRCLE('',#3506,0.001);
#313=CIRCLE('',#3508,0.001);
#314=CIRCLE('',#3509,0.001);
#315=CIRCLE('',#3511,0.001);
#316=CIRCLE('',#3512,0.001);
#317=CIRCLE('',#3514,0.001);
#318=CIRCLE('',#3516,0.001);
#319=CIRCLE('',#3518,0.001);
#320=CIRCLE('',#3520,0.001);
#321=CIRCLE('',#3522,0.001);
#322=CIRCLE('',#3523,0.001);
#323=CIRCLE('',#3525,0.001);
#324=CIRCLE('',#3526,0.001);
#325=CIRCLE('',#3528,0.001);
#326=CIRCLE('',#3530,0.001);
#327=CIRCLE('',#3533,0.001);
#328=CIRCLE('',#3535,0.001);
#329=CIRCLE('',#3538,0.001);
#330=CIRCLE('',#3539,0.001);
#331=CIRCLE('',#3541,0.001);
#332=CIRCLE('',#3542,0.001);
#333=CIRCLE('',#3544,0.001);
#334=CIRCLE('',#3545,0.001);
#335=CIRCLE('',#3547,0.001);
#336=CIRCLE('',#3548,0.001);
#337=CIRCLE('',#3550,0.001);
#338=CIRCLE('',#3552,0.001);
#339=CIRCLE('',#3554,0.001);
#340=CIRCLE('',#3556,0.001);
#341=CIRCLE('',#3558,0.001);
#342=CIRCLE('',#3559,0.001);
#343=CIRCLE('',#3561,0.001);
#344=CIRCLE('',#3562,0.001);
#345=CIRCLE('',#3564,0.001);
#346=CIRCLE('',#3566,0.001);
#347=CIRCLE('',#3569,0.001);
#348=CIRCLE('',#3571,0.001);
#349=CIRCLE('',#3576,0.00799999999999978);
#350=CIRCLE('',#3579,0.004);
#351=CIRCLE('',#3581,0.003);
#352=CIRCLE('',#3584,0.001);
#353=CIRCLE('',#3586,0.001);
#354=CIRCLE('',#3591,0.00799999999999978);
#355=CIRCLE('',#3594,0.004);
#356=CIRCLE('',#3596,0.003);
#357=CIRCLE('',#3599,0.001);
#358=CIRCLE('',#3601,0.001);
#359=ORIENTED_EDGE('',*,*,#1297,.T.);
#360=ORIENTED_EDGE('',*,*,#1298,.T.);
#361=ORIENTED_EDGE('',*,*,#1299,.F.);
#362=ORIENTED_EDGE('',*,*,#1300,.T.);
#363=ORIENTED_EDGE('',*,*,#1301,.T.);
#364=ORIENTED_EDGE('',*,*,#1302,.T.);
#365=ORIENTED_EDGE('',*,*,#1303,.T.);
#366=ORIENTED_EDGE('',*,*,#1304,.T.);
#367=ORIENTED_EDGE('',*,*,#1305,.T.);
#368=ORIENTED_EDGE('',*,*,#1306,.T.);
#369=ORIENTED_EDGE('',*,*,#1307,.T.);
#370=ORIENTED_EDGE('',*,*,#1308,.T.);
#371=ORIENTED_EDGE('',*,*,#1309,.T.);
#372=ORIENTED_EDGE('',*,*,#1310,.T.);
#373=ORIENTED_EDGE('',*,*,#1311,.F.);
#374=ORIENTED_EDGE('',*,*,#1312,.T.);
#375=ORIENTED_EDGE('',*,*,#1313,.T.);
#376=ORIENTED_EDGE('',*,*,#1314,.T.);
#377=ORIENTED_EDGE('',*,*,#1315,.T.);
#378=ORIENTED_EDGE('',*,*,#1316,.T.);
#379=ORIENTED_EDGE('',*,*,#1317,.T.);
#380=ORIENTED_EDGE('',*,*,#1318,.T.);
#381=ORIENTED_EDGE('',*,*,#1319,.T.);
#382=ORIENTED_EDGE('',*,*,#1320,.T.);
#383=ORIENTED_EDGE('',*,*,#1321,.F.);
#384=ORIENTED_EDGE('',*,*,#1322,.T.);
#385=ORIENTED_EDGE('',*,*,#1323,.F.);
#386=ORIENTED_EDGE('',*,*,#1324,.T.);
#387=ORIENTED_EDGE('',*,*,#1325,.F.);
#388=ORIENTED_EDGE('',*,*,#1326,.T.);
#389=ORIENTED_EDGE('',*,*,#1327,.F.);
#390=ORIENTED_EDGE('',*,*,#1328,.T.);
#391=ORIENTED_EDGE('',*,*,#1329,.F.);
#392=ORIENTED_EDGE('',*,*,#1330,.F.);
#393=ORIENTED_EDGE('',*,*,#1331,.T.);
#394=ORIENTED_EDGE('',*,*,#1332,.T.);
#395=ORIENTED_EDGE('',*,*,#1333,.F.);
#396=ORIENTED_EDGE('',*,*,#1334,.T.);
#397=ORIENTED_EDGE('',*,*,#1335,.T.);
#398=ORIENTED_EDGE('',*,*,#1336,.T.);
#399=ORIENTED_EDGE('',*,*,#1337,.T.);
#400=ORIENTED_EDGE('',*,*,#1338,.T.);
#401=ORIENTED_EDGE('',*,*,#1339,.T.);
#402=ORIENTED_EDGE('',*,*,#1340,.T.);
#403=ORIENTED_EDGE('',*,*,#1341,.F.);
#404=ORIENTED_EDGE('',*,*,#1342,.T.);
#405=ORIENTED_EDGE('',*,*,#1343,.F.);
#406=ORIENTED_EDGE('',*,*,#1344,.T.);
#407=ORIENTED_EDGE('',*,*,#1345,.T.);
#408=ORIENTED_EDGE('',*,*,#1346,.T.);
#409=ORIENTED_EDGE('',*,*,#1347,.F.);
#410=ORIENTED_EDGE('',*,*,#1348,.T.);
#411=ORIENTED_EDGE('',*,*,#1349,.T.);
#412=ORIENTED_EDGE('',*,*,#1350,.T.);
#413=ORIENTED_EDGE('',*,*,#1351,.T.);
#414=ORIENTED_EDGE('',*,*,#1352,.T.);
#415=ORIENTED_EDGE('',*,*,#1353,.F.);
#416=ORIENTED_EDGE('',*,*,#1354,.T.);
#417=ORIENTED_EDGE('',*,*,#1355,.F.);
#418=ORIENTED_EDGE('',*,*,#1356,.T.);
#419=ORIENTED_EDGE('',*,*,#1357,.T.);
#420=ORIENTED_EDGE('',*,*,#1358,.F.);
#421=ORIENTED_EDGE('',*,*,#1359,.F.);
#422=ORIENTED_EDGE('',*,*,#1360,.F.);
#423=ORIENTED_EDGE('',*,*,#1361,.F.);
#424=ORIENTED_EDGE('',*,*,#1362,.T.);
#425=ORIENTED_EDGE('',*,*,#1363,.T.);
#426=ORIENTED_EDGE('',*,*,#1364,.T.);
#427=ORIENTED_EDGE('',*,*,#1365,.F.);
#428=ORIENTED_EDGE('',*,*,#1366,.T.);
#429=ORIENTED_EDGE('',*,*,#1367,.F.);
#430=ORIENTED_EDGE('',*,*,#1368,.T.);
#431=ORIENTED_EDGE('',*,*,#1369,.T.);
#432=ORIENTED_EDGE('',*,*,#1370,.T.);
#433=ORIENTED_EDGE('',*,*,#1371,.T.);
#434=ORIENTED_EDGE('',*,*,#1372,.T.);
#435=ORIENTED_EDGE('',*,*,#1373,.T.);
#436=ORIENTED_EDGE('',*,*,#1374,.F.);
#437=ORIENTED_EDGE('',*,*,#1375,.F.);
#438=ORIENTED_EDGE('',*,*,#1376,.T.);
#439=ORIENTED_EDGE('',*,*,#1377,.F.);
#440=ORIENTED_EDGE('',*,*,#1378,.T.);
#441=ORIENTED_EDGE('',*,*,#1379,.F.);
#442=ORIENTED_EDGE('',*,*,#1380,.T.);
#443=ORIENTED_EDGE('',*,*,#1381,.F.);
#444=ORIENTED_EDGE('',*,*,#1382,.T.);
#445=ORIENTED_EDGE('',*,*,#1383,.F.);
#446=ORIENTED_EDGE('',*,*,#1384,.T.);
#447=ORIENTED_EDGE('',*,*,#1385,.F.);
#448=ORIENTED_EDGE('',*,*,#1386,.T.);
#449=ORIENTED_EDGE('',*,*,#1387,.F.);
#450=ORIENTED_EDGE('',*,*,#1388,.T.);
#451=ORIENTED_EDGE('',*,*,#1389,.F.);
#452=ORIENTED_EDGE('',*,*,#1390,.T.);
#453=ORIENTED_EDGE('',*,*,#1391,.F.);
#454=ORIENTED_EDGE('',*,*,#1392,.T.);
#455=ORIENTED_EDGE('',*,*,#1393,.F.);
#456=ORIENTED_EDGE('',*,*,#1394,.T.);
#457=ORIENTED_EDGE('',*,*,#1395,.F.);
#458=ORIENTED_EDGE('',*,*,#1396,.T.);
#459=ORIENTED_EDGE('',*,*,#1397,.T.);
#460=ORIENTED_EDGE('',*,*,#1398,.T.);
#461=ORIENTED_EDGE('',*,*,#1399,.F.);
#462=ORIENTED_EDGE('',*,*,#1400,.T.);
#463=ORIENTED_EDGE('',*,*,#1401,.F.);
#464=ORIENTED_EDGE('',*,*,#1402,.T.);
#465=ORIENTED_EDGE('',*,*,#1403,.F.);
#466=ORIENTED_EDGE('',*,*,#1404,.T.);
#467=ORIENTED_EDGE('',*,*,#1405,.T.);
#468=ORIENTED_EDGE('',*,*,#1406,.T.);
#469=ORIENTED_EDGE('',*,*,#1407,.T.);
#470=ORIENTED_EDGE('',*,*,#1408,.T.);
#471=ORIENTED_EDGE('',*,*,#1409,.F.);
#472=ORIENTED_EDGE('',*,*,#1410,.T.);
#473=ORIENTED_EDGE('',*,*,#1411,.F.);
#474=ORIENTED_EDGE('',*,*,#1412,.T.);
#475=ORIENTED_EDGE('',*,*,#1413,.T.);
#476=ORIENTED_EDGE('',*,*,#1414,.T.);
#477=ORIENTED_EDGE('',*,*,#1415,.T.);
#478=ORIENTED_EDGE('',*,*,#1416,.T.);
#479=ORIENTED_EDGE('',*,*,#1417,.F.);
#480=ORIENTED_EDGE('',*,*,#1418,.T.);
#481=ORIENTED_EDGE('',*,*,#1419,.F.);
#482=ORIENTED_EDGE('',*,*,#1420,.T.);
#483=ORIENTED_EDGE('',*,*,#1421,.F.);
#484=ORIENTED_EDGE('',*,*,#1422,.T.);
#485=ORIENTED_EDGE('',*,*,#1423,.F.);
#486=ORIENTED_EDGE('',*,*,#1424,.T.);
#487=ORIENTED_EDGE('',*,*,#1425,.F.);
#488=ORIENTED_EDGE('',*,*,#1426,.T.);
#489=ORIENTED_EDGE('',*,*,#1427,.F.);
#490=ORIENTED_EDGE('',*,*,#1428,.T.);
#491=ORIENTED_EDGE('',*,*,#1429,.F.);
#492=ORIENTED_EDGE('',*,*,#1430,.T.);
#493=ORIENTED_EDGE('',*,*,#1431,.F.);
#494=ORIENTED_EDGE('',*,*,#1432,.T.);
#495=ORIENTED_EDGE('',*,*,#1329,.T.);
#496=ORIENTED_EDGE('',*,*,#1433,.T.);
#497=ORIENTED_EDGE('',*,*,#1434,.T.);
#498=ORIENTED_EDGE('',*,*,#1435,.T.);
#499=ORIENTED_EDGE('',*,*,#1436,.T.);
#500=ORIENTED_EDGE('',*,*,#1437,.T.);
#501=ORIENTED_EDGE('',*,*,#1438,.T.);
#502=ORIENTED_EDGE('',*,*,#1439,.T.);
#503=ORIENTED_EDGE('',*,*,#1440,.T.);
#504=ORIENTED_EDGE('',*,*,#1441,.T.);
#505=ORIENTED_EDGE('',*,*,#1345,.F.);
#506=ORIENTED_EDGE('',*,*,#1442,.F.);
#507=ORIENTED_EDGE('',*,*,#1443,.F.);
#508=ORIENTED_EDGE('',*,*,#1444,.T.);
#509=ORIENTED_EDGE('',*,*,#1445,.T.);
#510=ORIENTED_EDGE('',*,*,#1446,.T.);
#511=ORIENTED_EDGE('',*,*,#1447,.T.);
#512=ORIENTED_EDGE('',*,*,#1448,.T.);
#513=ORIENTED_EDGE('',*,*,#1449,.F.);
#514=ORIENTED_EDGE('',*,*,#1450,.T.);
#515=ORIENTED_EDGE('',*,*,#1451,.F.);
#516=ORIENTED_EDGE('',*,*,#1452,.T.);
#517=ORIENTED_EDGE('',*,*,#1453,.T.);
#518=ORIENTED_EDGE('',*,*,#1454,.T.);
#519=ORIENTED_EDGE('',*,*,#1455,.T.);
#520=ORIENTED_EDGE('',*,*,#1456,.T.);
#521=ORIENTED_EDGE('',*,*,#1457,.T.);
#522=ORIENTED_EDGE('',*,*,#1331,.F.);
#523=ORIENTED_EDGE('',*,*,#1458,.T.);
#524=ORIENTED_EDGE('',*,*,#1343,.T.);
#525=ORIENTED_EDGE('',*,*,#1459,.T.);
#526=ORIENTED_EDGE('',*,*,#1460,.T.);
#527=ORIENTED_EDGE('',*,*,#1461,.T.);
#528=ORIENTED_EDGE('',*,*,#1462,.T.);
#529=ORIENTED_EDGE('',*,*,#1463,.F.);
#530=ORIENTED_EDGE('',*,*,#1464,.T.);
#531=ORIENTED_EDGE('',*,*,#1465,.T.);
#532=ORIENTED_EDGE('',*,*,#1466,.F.);
#533=ORIENTED_EDGE('',*,*,#1467,.T.);
#534=ORIENTED_EDGE('',*,*,#1468,.F.);
#535=ORIENTED_EDGE('',*,*,#1469,.T.);
#536=ORIENTED_EDGE('',*,*,#1470,.T.);
#537=ORIENTED_EDGE('',*,*,#1471,.T.);
#538=ORIENTED_EDGE('',*,*,#1472,.T.);
#539=ORIENTED_EDGE('',*,*,#1473,.T.);
#540=ORIENTED_EDGE('',*,*,#1474,.F.);
#541=ORIENTED_EDGE('',*,*,#1475,.T.);
#542=ORIENTED_EDGE('',*,*,#1476,.T.);
#543=ORIENTED_EDGE('',*,*,#1477,.T.);
#544=ORIENTED_EDGE('',*,*,#1478,.F.);
#545=ORIENTED_EDGE('',*,*,#1479,.T.);
#546=ORIENTED_EDGE('',*,*,#1311,.T.);
#547=ORIENTED_EDGE('',*,*,#1480,.T.);
#548=ORIENTED_EDGE('',*,*,#1375,.T.);
#549=ORIENTED_EDGE('',*,*,#1358,.T.);
#550=ORIENTED_EDGE('',*,*,#1365,.T.);
#551=ORIENTED_EDGE('',*,*,#1481,.T.);
#552=ORIENTED_EDGE('',*,*,#1297,.F.);
#553=ORIENTED_EDGE('',*,*,#1482,.T.);
#554=ORIENTED_EDGE('',*,*,#1415,.F.);
#555=ORIENTED_EDGE('',*,*,#1483,.T.);
#556=ORIENTED_EDGE('',*,*,#1437,.F.);
#557=ORIENTED_EDGE('',*,*,#1484,.T.);
#558=ORIENTED_EDGE('',*,*,#1485,.T.);
#559=ORIENTED_EDGE('',*,*,#1486,.T.);
#560=ORIENTED_EDGE('',*,*,#1463,.T.);
#561=ORIENTED_EDGE('',*,*,#1487,.T.);
#562=ORIENTED_EDGE('',*,*,#1488,.T.);
#563=ORIENTED_EDGE('',*,*,#1489,.T.);
#564=ORIENTED_EDGE('',*,*,#1490,.T.);
#565=ORIENTED_EDGE('',*,*,#1341,.T.);
#566=ORIENTED_EDGE('',*,*,#1491,.T.);
#567=ORIENTED_EDGE('',*,*,#1301,.F.);
#568=ORIENTED_EDGE('',*,*,#1492,.T.);
#569=ORIENTED_EDGE('',*,*,#1347,.T.);
#570=ORIENTED_EDGE('',*,*,#1493,.T.);
#571=ORIENTED_EDGE('',*,*,#1494,.T.);
#572=ORIENTED_EDGE('',*,*,#1495,.F.);
#573=ORIENTED_EDGE('',*,*,#1496,.F.);
#574=ORIENTED_EDGE('',*,*,#1497,.F.);
#575=ORIENTED_EDGE('',*,*,#1498,.F.);
#576=ORIENTED_EDGE('',*,*,#1499,.T.);
#577=ORIENTED_EDGE('',*,*,#1500,.T.);
#578=ORIENTED_EDGE('',*,*,#1501,.T.);
#579=ORIENTED_EDGE('',*,*,#1502,.T.);
#580=ORIENTED_EDGE('',*,*,#1503,.T.);
#581=ORIENTED_EDGE('',*,*,#1504,.T.);
#582=ORIENTED_EDGE('',*,*,#1505,.T.);
#583=ORIENTED_EDGE('',*,*,#1349,.F.);
#584=ORIENTED_EDGE('',*,*,#1506,.T.);
#585=ORIENTED_EDGE('',*,*,#1507,.F.);
#586=ORIENTED_EDGE('',*,*,#1508,.F.);
#587=ORIENTED_EDGE('',*,*,#1509,.T.);
#588=ORIENTED_EDGE('',*,*,#1510,.F.);
#589=ORIENTED_EDGE('',*,*,#1511,.T.);
#590=ORIENTED_EDGE('',*,*,#1512,.F.);
#591=ORIENTED_EDGE('',*,*,#1513,.T.);
#592=ORIENTED_EDGE('',*,*,#1372,.F.);
#593=ORIENTED_EDGE('',*,*,#1514,.T.);
#594=ORIENTED_EDGE('',*,*,#1515,.F.);
#595=ORIENTED_EDGE('',*,*,#1516,.T.);
#596=ORIENTED_EDGE('',*,*,#1411,.T.);
#597=ORIENTED_EDGE('',*,*,#1517,.T.);
#598=ORIENTED_EDGE('',*,*,#1518,.T.);
#599=ORIENTED_EDGE('',*,*,#1519,.T.);
#600=ORIENTED_EDGE('',*,*,#1368,.F.);
#601=ORIENTED_EDGE('',*,*,#1520,.F.);
#602=ORIENTED_EDGE('',*,*,#1330,.T.);
#603=ORIENTED_EDGE('',*,*,#1442,.T.);
#604=ORIENTED_EDGE('',*,*,#1344,.F.);
#605=ORIENTED_EDGE('',*,*,#1458,.F.);
#606=ORIENTED_EDGE('',*,*,#1319,.F.);
#607=ORIENTED_EDGE('',*,*,#1521,.T.);
#608=ORIENTED_EDGE('',*,*,#1333,.T.);
#609=ORIENTED_EDGE('',*,*,#1522,.T.);
#610=ORIENTED_EDGE('',*,*,#1523,.T.);
#611=ORIENTED_EDGE('',*,*,#1524,.T.);
#612=ORIENTED_EDGE('',*,*,#1327,.T.);
#613=ORIENTED_EDGE('',*,*,#1525,.T.);
#614=ORIENTED_EDGE('',*,*,#1526,.T.);
#615=ORIENTED_EDGE('',*,*,#1527,.T.);
#616=ORIENTED_EDGE('',*,*,#1528,.T.);
#617=ORIENTED_EDGE('',*,*,#1529,.T.);
#618=ORIENTED_EDGE('',*,*,#1530,.T.);
#619=ORIENTED_EDGE('',*,*,#1531,.T.);
#620=ORIENTED_EDGE('',*,*,#1532,.T.);
#621=ORIENTED_EDGE('',*,*,#1533,.T.);
#622=ORIENTED_EDGE('',*,*,#1534,.T.);
#623=ORIENTED_EDGE('',*,*,#1535,.T.);
#624=ORIENTED_EDGE('',*,*,#1413,.F.);
#625=ORIENTED_EDGE('',*,*,#1536,.T.);
#626=ORIENTED_EDGE('',*,*,#1537,.T.);
#627=ORIENTED_EDGE('',*,*,#1538,.T.);
#628=ORIENTED_EDGE('',*,*,#1377,.T.);
#629=ORIENTED_EDGE('',*,*,#1539,.T.);
#630=ORIENTED_EDGE('',*,*,#1309,.F.);
#631=ORIENTED_EDGE('',*,*,#1540,.T.);
#632=ORIENTED_EDGE('',*,*,#1537,.F.);
#633=ORIENTED_EDGE('',*,*,#1541,.T.);
#634=ORIENTED_EDGE('',*,*,#1515,.T.);
#635=ORIENTED_EDGE('',*,*,#1542,.T.);
#636=ORIENTED_EDGE('',*,*,#1543,.T.);
#637=ORIENTED_EDGE('',*,*,#1544,.T.);
#638=ORIENTED_EDGE('',*,*,#1370,.F.);
#639=ORIENTED_EDGE('',*,*,#1545,.T.);
#640=ORIENTED_EDGE('',*,*,#1546,.F.);
#641=ORIENTED_EDGE('',*,*,#1547,.T.);
#642=ORIENTED_EDGE('',*,*,#1409,.T.);
#643=ORIENTED_EDGE('',*,*,#1548,.T.);
#644=ORIENTED_EDGE('',*,*,#1299,.T.);
#645=ORIENTED_EDGE('',*,*,#1549,.T.);
#646=ORIENTED_EDGE('',*,*,#1546,.T.);
#647=ORIENTED_EDGE('',*,*,#1550,.T.);
#648=ORIENTED_EDGE('',*,*,#1518,.F.);
#649=ORIENTED_EDGE('',*,*,#1551,.T.);
#650=ORIENTED_EDGE('',*,*,#1405,.F.);
#651=ORIENTED_EDGE('',*,*,#1552,.T.);
#652=ORIENTED_EDGE('',*,*,#1472,.F.);
#653=ORIENTED_EDGE('',*,*,#1553,.T.);
#654=ORIENTED_EDGE('',*,*,#1407,.F.);
#655=ORIENTED_EDGE('',*,*,#1554,.T.);
#656=ORIENTED_EDGE('',*,*,#1470,.F.);
#657=ORIENTED_EDGE('',*,*,#1555,.T.);
#658=ORIENTED_EDGE('',*,*,#1468,.T.);
#659=ORIENTED_EDGE('',*,*,#1556,.T.);
#660=ORIENTED_EDGE('',*,*,#1401,.T.);
#661=ORIENTED_EDGE('',*,*,#1557,.T.);
#662=ORIENTED_EDGE('',*,*,#1466,.T.);
#663=ORIENTED_EDGE('',*,*,#1558,.T.);
#664=ORIENTED_EDGE('',*,*,#1403,.T.);
#665=ORIENTED_EDGE('',*,*,#1559,.T.);
#666=ORIENTED_EDGE('',*,*,#1399,.T.);
#667=ORIENTED_EDGE('',*,*,#1560,.T.);
#668=ORIENTED_EDGE('',*,*,#1474,.T.);
#669=ORIENTED_EDGE('',*,*,#1561,.T.);
#670=ORIENTED_EDGE('',*,*,#1478,.T.);
#671=ORIENTED_EDGE('',*,*,#1562,.T.);
#672=ORIENTED_EDGE('',*,*,#1395,.T.);
#673=ORIENTED_EDGE('',*,*,#1563,.T.);
#674=ORIENTED_EDGE('',*,*,#1476,.F.);
#675=ORIENTED_EDGE('',*,*,#1564,.T.);
#676=ORIENTED_EDGE('',*,*,#1397,.F.);
#677=ORIENTED_EDGE('',*,*,#1565,.T.);
#678=ORIENTED_EDGE('',*,*,#1447,.F.);
#679=ORIENTED_EDGE('',*,*,#1566,.T.);
#680=ORIENTED_EDGE('',*,*,#1353,.T.);
#681=ORIENTED_EDGE('',*,*,#1567,.T.);
#682=ORIENTED_EDGE('',*,*,#1568,.T.);
#683=ORIENTED_EDGE('',*,*,#1355,.T.);
#684=ORIENTED_EDGE('',*,*,#1569,.T.);
#685=ORIENTED_EDGE('',*,*,#1445,.F.);
#686=ORIENTED_EDGE('',*,*,#1570,.T.);
#687=ORIENTED_EDGE('',*,*,#1443,.T.);
#688=ORIENTED_EDGE('',*,*,#1571,.T.);
#689=ORIENTED_EDGE('',*,*,#1572,.F.);
#690=ORIENTED_EDGE('',*,*,#1573,.T.);
#691=ORIENTED_EDGE('',*,*,#1574,.F.);
#692=ORIENTED_EDGE('',*,*,#1575,.T.);
#693=ORIENTED_EDGE('',*,*,#1449,.T.);
#694=ORIENTED_EDGE('',*,*,#1576,.T.);
#695=ORIENTED_EDGE('',*,*,#1351,.F.);
#696=ORIENTED_EDGE('',*,*,#1577,.T.);
#697=ORIENTED_EDGE('',*,*,#1578,.F.);
#698=ORIENTED_EDGE('',*,*,#1363,.F.);
#699=ORIENTED_EDGE('',*,*,#1579,.T.);
#700=ORIENTED_EDGE('',*,*,#1451,.T.);
#701=ORIENTED_EDGE('',*,*,#1580,.F.);
#702=ORIENTED_EDGE('',*,*,#1581,.F.);
#703=ORIENTED_EDGE('',*,*,#1582,.F.);
#704=ORIENTED_EDGE('',*,*,#1583,.T.);
#705=ORIENTED_EDGE('',*,*,#1455,.F.);
#706=ORIENTED_EDGE('',*,*,#1584,.T.);
#707=ORIENTED_EDGE('',*,*,#1585,.T.);
#708=ORIENTED_EDGE('',*,*,#1580,.T.);
#709=ORIENTED_EDGE('',*,*,#1453,.F.);
#710=ORIENTED_EDGE('',*,*,#1586,.T.);
#711=ORIENTED_EDGE('',*,*,#1361,.T.);
#712=ORIENTED_EDGE('',*,*,#1587,.T.);
#713=ORIENTED_EDGE('',*,*,#1588,.T.);
#714=ORIENTED_EDGE('',*,*,#1362,.F.);
#715=ORIENTED_EDGE('',*,*,#1586,.F.);
#716=ORIENTED_EDGE('',*,*,#1452,.F.);
#717=ORIENTED_EDGE('',*,*,#1579,.F.);
#718=ORIENTED_EDGE('',*,*,#1589,.F.);
#719=ORIENTED_EDGE('',*,*,#1584,.F.);
#720=ORIENTED_EDGE('',*,*,#1454,.F.);
#721=ORIENTED_EDGE('',*,*,#1588,.F.);
#722=ORIENTED_EDGE('',*,*,#1590,.F.);
#723=ORIENTED_EDGE('',*,*,#1571,.F.);
#724=ORIENTED_EDGE('',*,*,#1450,.F.);
#725=ORIENTED_EDGE('',*,*,#1575,.F.);
#726=ORIENTED_EDGE('',*,*,#1354,.F.);
#727=ORIENTED_EDGE('',*,*,#1566,.F.);
#728=ORIENTED_EDGE('',*,*,#1446,.F.);
#729=ORIENTED_EDGE('',*,*,#1569,.F.);
#730=ORIENTED_EDGE('',*,*,#1591,.F.);
#731=ORIENTED_EDGE('',*,*,#1570,.F.);
#732=ORIENTED_EDGE('',*,*,#1444,.F.);
#733=ORIENTED_EDGE('',*,*,#1573,.F.);
#734=ORIENTED_EDGE('',*,*,#1352,.F.);
#735=ORIENTED_EDGE('',*,*,#1576,.F.);
#736=ORIENTED_EDGE('',*,*,#1448,.F.);
#737=ORIENTED_EDGE('',*,*,#1567,.F.);
#738=ORIENTED_EDGE('',*,*,#1473,.F.);
#739=ORIENTED_EDGE('',*,*,#1552,.F.);
#740=ORIENTED_EDGE('',*,*,#1404,.F.);
#741=ORIENTED_EDGE('',*,*,#1558,.F.);
#742=ORIENTED_EDGE('',*,*,#1471,.F.);
#743=ORIENTED_EDGE('',*,*,#1554,.F.);
#744=ORIENTED_EDGE('',*,*,#1406,.F.);
#745=ORIENTED_EDGE('',*,*,#1553,.F.);
#746=ORIENTED_EDGE('',*,*,#1467,.F.);
#747=ORIENTED_EDGE('',*,*,#1559,.F.);
#748=ORIENTED_EDGE('',*,*,#1402,.F.);
#749=ORIENTED_EDGE('',*,*,#1556,.F.);
#750=ORIENTED_EDGE('',*,*,#1469,.F.);
#751=ORIENTED_EDGE('',*,*,#1557,.F.);
#752=ORIENTED_EDGE('',*,*,#1408,.F.);
#753=ORIENTED_EDGE('',*,*,#1555,.F.);
#754=ORIENTED_EDGE('',*,*,#1475,.F.);
#755=ORIENTED_EDGE('',*,*,#1560,.F.);
#756=ORIENTED_EDGE('',*,*,#1398,.F.);
#757=ORIENTED_EDGE('',*,*,#1564,.F.);
#758=ORIENTED_EDGE('',*,*,#1477,.F.);
#759=ORIENTED_EDGE('',*,*,#1565,.F.);
#760=ORIENTED_EDGE('',*,*,#1396,.F.);
#761=ORIENTED_EDGE('',*,*,#1562,.F.);
#762=ORIENTED_EDGE('',*,*,#1479,.F.);
#763=ORIENTED_EDGE('',*,*,#1563,.F.);
#764=ORIENTED_EDGE('',*,*,#1400,.F.);
#765=ORIENTED_EDGE('',*,*,#1561,.F.);
#766=ORIENTED_EDGE('',*,*,#1539,.F.);
#767=ORIENTED_EDGE('',*,*,#1376,.F.);
#768=ORIENTED_EDGE('',*,*,#1480,.F.);
#769=ORIENTED_EDGE('',*,*,#1310,.F.);
#770=ORIENTED_EDGE('',*,*,#1540,.F.);
#771=ORIENTED_EDGE('',*,*,#1312,.F.);
#772=ORIENTED_EDGE('',*,*,#1483,.F.);
#773=ORIENTED_EDGE('',*,*,#1414,.F.);
#774=ORIENTED_EDGE('',*,*,#1549,.F.);
#775=ORIENTED_EDGE('',*,*,#1298,.F.);
#776=ORIENTED_EDGE('',*,*,#1481,.F.);
#777=ORIENTED_EDGE('',*,*,#1371,.F.);
#778=ORIENTED_EDGE('',*,*,#1548,.F.);
#779=ORIENTED_EDGE('',*,*,#1416,.F.);
#780=ORIENTED_EDGE('',*,*,#1482,.F.);
#781=ORIENTED_EDGE('',*,*,#1300,.F.);
#782=ORIENTED_EDGE('',*,*,#1532,.F.);
#783=ORIENTED_EDGE('',*,*,#1592,.T.);
#784=ORIENTED_EDGE('',*,*,#1485,.F.);
#785=ORIENTED_EDGE('',*,*,#1593,.T.);
#786=ORIENTED_EDGE('',*,*,#1523,.F.);
#787=ORIENTED_EDGE('',*,*,#1594,.T.);
#788=ORIENTED_EDGE('',*,*,#1530,.F.);
#789=ORIENTED_EDGE('',*,*,#1595,.T.);
#790=ORIENTED_EDGE('',*,*,#1488,.F.);
#791=ORIENTED_EDGE('',*,*,#1596,.T.);
#792=ORIENTED_EDGE('',*,*,#1526,.F.);
#793=ORIENTED_EDGE('',*,*,#1597,.T.);
#794=ORIENTED_EDGE('',*,*,#1528,.F.);
#795=ORIENTED_EDGE('',*,*,#1598,.T.);
#796=ORIENTED_EDGE('',*,*,#1494,.F.);
#797=ORIENTED_EDGE('',*,*,#1599,.T.);
#798=ORIENTED_EDGE('',*,*,#1498,.T.);
#799=ORIENTED_EDGE('',*,*,#1544,.F.);
#800=ORIENTED_EDGE('',*,*,#1497,.T.);
#801=ORIENTED_EDGE('',*,*,#1543,.F.);
#802=ORIENTED_EDGE('',*,*,#1496,.T.);
#803=ORIENTED_EDGE('',*,*,#1535,.F.);
#804=ORIENTED_EDGE('',*,*,#1495,.T.);
#805=ORIENTED_EDGE('',*,*,#1534,.F.);
#806=ORIENTED_EDGE('',*,*,#1519,.F.);
#807=ORIENTED_EDGE('',*,*,#1550,.F.);
#808=ORIENTED_EDGE('',*,*,#1545,.F.);
#809=ORIENTED_EDGE('',*,*,#1369,.F.);
#810=ORIENTED_EDGE('',*,*,#1517,.F.);
#811=ORIENTED_EDGE('',*,*,#1410,.F.);
#812=ORIENTED_EDGE('',*,*,#1547,.F.);
#813=ORIENTED_EDGE('',*,*,#1551,.F.);
#814=ORIENTED_EDGE('',*,*,#1516,.F.);
#815=ORIENTED_EDGE('',*,*,#1541,.F.);
#816=ORIENTED_EDGE('',*,*,#1536,.F.);
#817=ORIENTED_EDGE('',*,*,#1412,.F.);
#818=ORIENTED_EDGE('',*,*,#1514,.F.);
#819=ORIENTED_EDGE('',*,*,#1378,.F.);
#820=ORIENTED_EDGE('',*,*,#1538,.F.);
#821=ORIENTED_EDGE('',*,*,#1542,.F.);
#822=ORIENTED_EDGE('',*,*,#1486,.F.);
#823=ORIENTED_EDGE('',*,*,#1592,.F.);
#824=ORIENTED_EDGE('',*,*,#1600,.F.);
#825=ORIENTED_EDGE('',*,*,#1464,.F.);
#826=ORIENTED_EDGE('',*,*,#1600,.T.);
#827=ORIENTED_EDGE('',*,*,#1531,.F.);
#828=ORIENTED_EDGE('',*,*,#1601,.F.);
#829=ORIENTED_EDGE('',*,*,#1465,.F.);
#830=ORIENTED_EDGE('',*,*,#1601,.T.);
#831=ORIENTED_EDGE('',*,*,#1594,.F.);
#832=ORIENTED_EDGE('',*,*,#1602,.F.);
#833=ORIENTED_EDGE('',*,*,#1456,.F.);
#834=ORIENTED_EDGE('',*,*,#1332,.F.);
#835=ORIENTED_EDGE('',*,*,#1457,.F.);
#836=ORIENTED_EDGE('',*,*,#1602,.T.);
#837=ORIENTED_EDGE('',*,*,#1522,.F.);
#838=ORIENTED_EDGE('',*,*,#1487,.F.);
#839=ORIENTED_EDGE('',*,*,#1462,.F.);
#840=ORIENTED_EDGE('',*,*,#1603,.F.);
#841=ORIENTED_EDGE('',*,*,#1596,.F.);
#842=ORIENTED_EDGE('',*,*,#1603,.T.);
#843=ORIENTED_EDGE('',*,*,#1461,.F.);
#844=ORIENTED_EDGE('',*,*,#1604,.F.);
#845=ORIENTED_EDGE('',*,*,#1527,.F.);
#846=ORIENTED_EDGE('',*,*,#1604,.T.);
#847=ORIENTED_EDGE('',*,*,#1460,.F.);
#848=ORIENTED_EDGE('',*,*,#1605,.F.);
#849=ORIENTED_EDGE('',*,*,#1598,.F.);
#850=ORIENTED_EDGE('',*,*,#1605,.T.);
#851=ORIENTED_EDGE('',*,*,#1459,.F.);
#852=ORIENTED_EDGE('',*,*,#1342,.F.);
#853=ORIENTED_EDGE('',*,*,#1490,.F.);
#854=ORIENTED_EDGE('',*,*,#1484,.F.);
#855=ORIENTED_EDGE('',*,*,#1436,.F.);
#856=ORIENTED_EDGE('',*,*,#1606,.F.);
#857=ORIENTED_EDGE('',*,*,#1593,.F.);
#858=ORIENTED_EDGE('',*,*,#1606,.T.);
#859=ORIENTED_EDGE('',*,*,#1435,.F.);
#860=ORIENTED_EDGE('',*,*,#1607,.F.);
#861=ORIENTED_EDGE('',*,*,#1533,.F.);
#862=ORIENTED_EDGE('',*,*,#1607,.T.);
#863=ORIENTED_EDGE('',*,*,#1434,.F.);
#864=ORIENTED_EDGE('',*,*,#1608,.F.);
#865=ORIENTED_EDGE('',*,*,#1595,.F.);
#866=ORIENTED_EDGE('',*,*,#1328,.F.);
#867=ORIENTED_EDGE('',*,*,#1524,.F.);
#868=ORIENTED_EDGE('',*,*,#1608,.T.);
#869=ORIENTED_EDGE('',*,*,#1433,.F.);
#870=ORIENTED_EDGE('',*,*,#1489,.F.);
#871=ORIENTED_EDGE('',*,*,#1597,.F.);
#872=ORIENTED_EDGE('',*,*,#1609,.F.);
#873=ORIENTED_EDGE('',*,*,#1438,.F.);
#874=ORIENTED_EDGE('',*,*,#1609,.T.);
#875=ORIENTED_EDGE('',*,*,#1529,.F.);
#876=ORIENTED_EDGE('',*,*,#1610,.F.);
#877=ORIENTED_EDGE('',*,*,#1439,.F.);
#878=ORIENTED_EDGE('',*,*,#1610,.T.);
#879=ORIENTED_EDGE('',*,*,#1599,.F.);
#880=ORIENTED_EDGE('',*,*,#1611,.F.);
#881=ORIENTED_EDGE('',*,*,#1440,.F.);
#882=ORIENTED_EDGE('',*,*,#1611,.T.);
#883=ORIENTED_EDGE('',*,*,#1493,.F.);
#884=ORIENTED_EDGE('',*,*,#1346,.F.);
#885=ORIENTED_EDGE('',*,*,#1441,.F.);
#886=ORIENTED_EDGE('',*,*,#1612,.T.);
#887=ORIENTED_EDGE('',*,*,#1613,.T.);
#888=ORIENTED_EDGE('',*,*,#1614,.T.);
#889=ORIENTED_EDGE('',*,*,#1615,.T.);
#890=ORIENTED_EDGE('',*,*,#1616,.T.);
#891=ORIENTED_EDGE('',*,*,#1617,.T.);
#892=ORIENTED_EDGE('',*,*,#1618,.T.);
#893=ORIENTED_EDGE('',*,*,#1619,.T.);
#894=ORIENTED_EDGE('',*,*,#1620,.T.);
#895=ORIENTED_EDGE('',*,*,#1621,.T.);
#896=ORIENTED_EDGE('',*,*,#1622,.T.);
#897=ORIENTED_EDGE('',*,*,#1623,.T.);
#898=ORIENTED_EDGE('',*,*,#1624,.T.);
#899=ORIENTED_EDGE('',*,*,#1625,.T.);
#900=ORIENTED_EDGE('',*,*,#1626,.T.);
#901=ORIENTED_EDGE('',*,*,#1627,.T.);
#902=ORIENTED_EDGE('',*,*,#1628,.F.);
#903=ORIENTED_EDGE('',*,*,#1629,.F.);
#904=ORIENTED_EDGE('',*,*,#1630,.F.);
#905=ORIENTED_EDGE('',*,*,#1631,.F.);
#906=ORIENTED_EDGE('',*,*,#1629,.T.);
#907=ORIENTED_EDGE('',*,*,#1632,.F.);
#908=ORIENTED_EDGE('',*,*,#1387,.T.);
#909=ORIENTED_EDGE('',*,*,#1613,.F.);
#910=ORIENTED_EDGE('',*,*,#1630,.T.);
#911=ORIENTED_EDGE('',*,*,#1633,.F.);
#912=ORIENTED_EDGE('',*,*,#1634,.F.);
#913=ORIENTED_EDGE('',*,*,#1635,.F.);
#914=ORIENTED_EDGE('',*,*,#1636,.F.);
#915=ORIENTED_EDGE('',*,*,#1628,.T.);
#916=ORIENTED_EDGE('',*,*,#1612,.F.);
#917=ORIENTED_EDGE('',*,*,#1632,.T.);
#918=ORIENTED_EDGE('',*,*,#1636,.T.);
#919=ORIENTED_EDGE('',*,*,#1637,.F.);
#920=ORIENTED_EDGE('',*,*,#1388,.F.);
#921=ORIENTED_EDGE('',*,*,#1638,.F.);
#922=ORIENTED_EDGE('',*,*,#1633,.T.);
#923=ORIENTED_EDGE('',*,*,#1631,.T.);
#924=ORIENTED_EDGE('',*,*,#1394,.F.);
#925=ORIENTED_EDGE('',*,*,#1634,.T.);
#926=ORIENTED_EDGE('',*,*,#1639,.F.);
#927=ORIENTED_EDGE('',*,*,#1640,.F.);
#928=ORIENTED_EDGE('',*,*,#1641,.T.);
#929=ORIENTED_EDGE('',*,*,#1635,.T.);
#930=ORIENTED_EDGE('',*,*,#1642,.F.);
#931=ORIENTED_EDGE('',*,*,#1637,.T.);
#932=ORIENTED_EDGE('',*,*,#1641,.F.);
#933=ORIENTED_EDGE('',*,*,#1643,.F.);
#934=ORIENTED_EDGE('',*,*,#1389,.T.);
#935=ORIENTED_EDGE('',*,*,#1638,.T.);
#936=ORIENTED_EDGE('',*,*,#1393,.T.);
#937=ORIENTED_EDGE('',*,*,#1644,.F.);
#938=ORIENTED_EDGE('',*,*,#1639,.T.);
#939=ORIENTED_EDGE('',*,*,#1614,.F.);
#940=ORIENTED_EDGE('',*,*,#1640,.T.);
#941=ORIENTED_EDGE('',*,*,#1645,.F.);
#942=ORIENTED_EDGE('',*,*,#1646,.F.);
#943=ORIENTED_EDGE('',*,*,#1647,.F.);
#944=ORIENTED_EDGE('',*,*,#1642,.T.);
#945=ORIENTED_EDGE('',*,*,#1615,.F.);
#946=ORIENTED_EDGE('',*,*,#1648,.F.);
#947=ORIENTED_EDGE('',*,*,#1643,.T.);
#948=ORIENTED_EDGE('',*,*,#1647,.T.);
#949=ORIENTED_EDGE('',*,*,#1649,.F.);
#950=ORIENTED_EDGE('',*,*,#1390,.F.);
#951=ORIENTED_EDGE('',*,*,#1644,.T.);
#952=ORIENTED_EDGE('',*,*,#1392,.F.);
#953=ORIENTED_EDGE('',*,*,#1650,.F.);
#954=ORIENTED_EDGE('',*,*,#1645,.T.);
#955=ORIENTED_EDGE('',*,*,#1648,.T.);
#956=ORIENTED_EDGE('',*,*,#1646,.T.);
#957=ORIENTED_EDGE('',*,*,#1651,.F.);
#958=ORIENTED_EDGE('',*,*,#1391,.T.);
#959=ORIENTED_EDGE('',*,*,#1649,.T.);
#960=ORIENTED_EDGE('',*,*,#1651,.T.);
#961=ORIENTED_EDGE('',*,*,#1650,.T.);
#962=ORIENTED_EDGE('',*,*,#1652,.F.);
#963=ORIENTED_EDGE('',*,*,#1653,.F.);
#964=ORIENTED_EDGE('',*,*,#1654,.F.);
#965=ORIENTED_EDGE('',*,*,#1655,.F.);
#966=ORIENTED_EDGE('',*,*,#1653,.T.);
#967=ORIENTED_EDGE('',*,*,#1656,.F.);
#968=ORIENTED_EDGE('',*,*,#1419,.T.);
#969=ORIENTED_EDGE('',*,*,#1624,.F.);
#970=ORIENTED_EDGE('',*,*,#1654,.T.);
#971=ORIENTED_EDGE('',*,*,#1657,.F.);
#972=ORIENTED_EDGE('',*,*,#1658,.F.);
#973=ORIENTED_EDGE('',*,*,#1659,.F.);
#974=ORIENTED_EDGE('',*,*,#1660,.F.);
#975=ORIENTED_EDGE('',*,*,#1652,.T.);
#976=ORIENTED_EDGE('',*,*,#1627,.F.);
#977=ORIENTED_EDGE('',*,*,#1656,.T.);
#978=ORIENTED_EDGE('',*,*,#1660,.T.);
#979=ORIENTED_EDGE('',*,*,#1661,.F.);
#980=ORIENTED_EDGE('',*,*,#1420,.F.);
#981=ORIENTED_EDGE('',*,*,#1662,.F.);
#982=ORIENTED_EDGE('',*,*,#1657,.T.);
#983=ORIENTED_EDGE('',*,*,#1655,.T.);
#984=ORIENTED_EDGE('',*,*,#1418,.F.);
#985=ORIENTED_EDGE('',*,*,#1658,.T.);
#986=ORIENTED_EDGE('',*,*,#1663,.F.);
#987=ORIENTED_EDGE('',*,*,#1664,.F.);
#988=ORIENTED_EDGE('',*,*,#1665,.T.);
#989=ORIENTED_EDGE('',*,*,#1659,.T.);
#990=ORIENTED_EDGE('',*,*,#1666,.F.);
#991=ORIENTED_EDGE('',*,*,#1661,.T.);
#992=ORIENTED_EDGE('',*,*,#1665,.F.);
#993=ORIENTED_EDGE('',*,*,#1667,.F.);
#994=ORIENTED_EDGE('',*,*,#1421,.T.);
#995=ORIENTED_EDGE('',*,*,#1662,.T.);
#996=ORIENTED_EDGE('',*,*,#1417,.T.);
#997=ORIENTED_EDGE('',*,*,#1668,.F.);
#998=ORIENTED_EDGE('',*,*,#1663,.T.);
#999=ORIENTED_EDGE('',*,*,#1625,.F.);
#1000=ORIENTED_EDGE('',*,*,#1664,.T.);
#1001=ORIENTED_EDGE('',*,*,#1669,.F.);
#1002=ORIENTED_EDGE('',*,*,#1670,.F.);
#1003=ORIENTED_EDGE('',*,*,#1671,.F.);
#1004=ORIENTED_EDGE('',*,*,#1666,.T.);
#1005=ORIENTED_EDGE('',*,*,#1626,.F.);
#1006=ORIENTED_EDGE('',*,*,#1672,.F.);
#1007=ORIENTED_EDGE('',*,*,#1667,.T.);
#1008=ORIENTED_EDGE('',*,*,#1671,.T.);
#1009=ORIENTED_EDGE('',*,*,#1673,.F.);
#1010=ORIENTED_EDGE('',*,*,#1422,.F.);
#1011=ORIENTED_EDGE('',*,*,#1668,.T.);
#1012=ORIENTED_EDGE('',*,*,#1424,.F.);
#1013=ORIENTED_EDGE('',*,*,#1674,.F.);
#1014=ORIENTED_EDGE('',*,*,#1669,.T.);
#1015=ORIENTED_EDGE('',*,*,#1672,.T.);
#1016=ORIENTED_EDGE('',*,*,#1670,.T.);
#1017=ORIENTED_EDGE('',*,*,#1675,.F.);
#1018=ORIENTED_EDGE('',*,*,#1423,.T.);
#1019=ORIENTED_EDGE('',*,*,#1673,.T.);
#1020=ORIENTED_EDGE('',*,*,#1675,.T.);
#1021=ORIENTED_EDGE('',*,*,#1674,.T.);
#1022=ORIENTED_EDGE('',*,*,#1676,.F.);
#1023=ORIENTED_EDGE('',*,*,#1677,.F.);
#1024=ORIENTED_EDGE('',*,*,#1678,.F.);
#1025=ORIENTED_EDGE('',*,*,#1616,.F.);
#1026=ORIENTED_EDGE('',*,*,#1679,.F.);
#1027=ORIENTED_EDGE('',*,*,#1676,.T.);
#1028=ORIENTED_EDGE('',*,*,#1680,.F.);
#1029=ORIENTED_EDGE('',*,*,#1681,.F.);
#1030=ORIENTED_EDGE('',*,*,#1677,.T.);
#1031=ORIENTED_EDGE('',*,*,#1682,.F.);
#1032=ORIENTED_EDGE('',*,*,#1384,.F.);
#1033=ORIENTED_EDGE('',*,*,#1678,.T.);
#1034=ORIENTED_EDGE('',*,*,#1683,.F.);
#1035=ORIENTED_EDGE('',*,*,#1684,.F.);
#1036=ORIENTED_EDGE('',*,*,#1680,.T.);
#1037=ORIENTED_EDGE('',*,*,#1619,.F.);
#1038=ORIENTED_EDGE('',*,*,#1685,.F.);
#1039=ORIENTED_EDGE('',*,*,#1686,.F.);
#1040=ORIENTED_EDGE('',*,*,#1682,.T.);
#1041=ORIENTED_EDGE('',*,*,#1679,.T.);
#1042=ORIENTED_EDGE('',*,*,#1687,.F.);
#1043=ORIENTED_EDGE('',*,*,#1385,.T.);
#1044=ORIENTED_EDGE('',*,*,#1681,.T.);
#1045=ORIENTED_EDGE('',*,*,#1383,.T.);
#1046=ORIENTED_EDGE('',*,*,#1688,.F.);
#1047=ORIENTED_EDGE('',*,*,#1683,.T.);
#1048=ORIENTED_EDGE('',*,*,#1689,.F.);
#1049=ORIENTED_EDGE('',*,*,#1617,.F.);
#1050=ORIENTED_EDGE('',*,*,#1684,.T.);
#1051=ORIENTED_EDGE('',*,*,#1690,.F.);
#1052=ORIENTED_EDGE('',*,*,#1691,.F.);
#1053=ORIENTED_EDGE('',*,*,#1689,.T.);
#1054=ORIENTED_EDGE('',*,*,#1692,.F.);
#1055=ORIENTED_EDGE('',*,*,#1693,.F.);
#1056=ORIENTED_EDGE('',*,*,#1685,.T.);
#1057=ORIENTED_EDGE('',*,*,#1694,.F.);
#1058=ORIENTED_EDGE('',*,*,#1687,.T.);
#1059=ORIENTED_EDGE('',*,*,#1686,.T.);
#1060=ORIENTED_EDGE('',*,*,#1695,.F.);
#1061=ORIENTED_EDGE('',*,*,#1386,.F.);
#1062=ORIENTED_EDGE('',*,*,#1688,.T.);
#1063=ORIENTED_EDGE('',*,*,#1382,.F.);
#1064=ORIENTED_EDGE('',*,*,#1696,.F.);
#1065=ORIENTED_EDGE('',*,*,#1690,.T.);
#1066=ORIENTED_EDGE('',*,*,#1618,.F.);
#1067=ORIENTED_EDGE('',*,*,#1691,.T.);
#1068=ORIENTED_EDGE('',*,*,#1697,.F.);
#1069=ORIENTED_EDGE('',*,*,#1694,.T.);
#1070=ORIENTED_EDGE('',*,*,#1695,.T.);
#1071=ORIENTED_EDGE('',*,*,#1693,.T.);
#1072=ORIENTED_EDGE('',*,*,#1698,.F.);
#1073=ORIENTED_EDGE('',*,*,#1379,.T.);
#1074=ORIENTED_EDGE('',*,*,#1696,.T.);
#1075=ORIENTED_EDGE('',*,*,#1381,.T.);
#1076=ORIENTED_EDGE('',*,*,#1699,.F.);
#1077=ORIENTED_EDGE('',*,*,#1692,.T.);
#1078=ORIENTED_EDGE('',*,*,#1698,.T.);
#1079=ORIENTED_EDGE('',*,*,#1697,.T.);
#1080=ORIENTED_EDGE('',*,*,#1699,.T.);
#1081=ORIENTED_EDGE('',*,*,#1380,.F.);
#1082=ORIENTED_EDGE('',*,*,#1700,.F.);
#1083=ORIENTED_EDGE('',*,*,#1432,.F.);
#1084=ORIENTED_EDGE('',*,*,#1701,.F.);
#1085=ORIENTED_EDGE('',*,*,#1702,.F.);
#1086=ORIENTED_EDGE('',*,*,#1703,.F.);
#1087=ORIENTED_EDGE('',*,*,#1701,.T.);
#1088=ORIENTED_EDGE('',*,*,#1431,.T.);
#1089=ORIENTED_EDGE('',*,*,#1704,.F.);
#1090=ORIENTED_EDGE('',*,*,#1705,.F.);
#1091=ORIENTED_EDGE('',*,*,#1702,.T.);
#1092=ORIENTED_EDGE('',*,*,#1706,.F.);
#1093=ORIENTED_EDGE('',*,*,#1623,.F.);
#1094=ORIENTED_EDGE('',*,*,#1700,.T.);
#1095=ORIENTED_EDGE('',*,*,#1707,.F.);
#1096=ORIENTED_EDGE('',*,*,#1708,.F.);
#1097=ORIENTED_EDGE('',*,*,#1425,.T.);
#1098=ORIENTED_EDGE('',*,*,#1704,.T.);
#1099=ORIENTED_EDGE('',*,*,#1430,.F.);
#1100=ORIENTED_EDGE('',*,*,#1709,.F.);
#1101=ORIENTED_EDGE('',*,*,#1710,.F.);
#1102=ORIENTED_EDGE('',*,*,#1706,.T.);
#1103=ORIENTED_EDGE('',*,*,#1703,.T.);
#1104=ORIENTED_EDGE('',*,*,#1711,.F.);
#1105=ORIENTED_EDGE('',*,*,#1707,.T.);
#1106=ORIENTED_EDGE('',*,*,#1705,.T.);
#1107=ORIENTED_EDGE('',*,*,#1712,.F.);
#1108=ORIENTED_EDGE('',*,*,#1713,.F.);
#1109=ORIENTED_EDGE('',*,*,#1426,.F.);
#1110=ORIENTED_EDGE('',*,*,#1708,.T.);
#1111=ORIENTED_EDGE('',*,*,#1714,.F.);
#1112=ORIENTED_EDGE('',*,*,#1427,.T.);
#1113=ORIENTED_EDGE('',*,*,#1713,.T.);
#1114=ORIENTED_EDGE('',*,*,#1715,.F.);
#1115=ORIENTED_EDGE('',*,*,#1716,.F.);
#1116=ORIENTED_EDGE('',*,*,#1717,.F.);
#1117=ORIENTED_EDGE('',*,*,#1709,.T.);
#1118=ORIENTED_EDGE('',*,*,#1429,.T.);
#1119=ORIENTED_EDGE('',*,*,#1718,.F.);
#1120=ORIENTED_EDGE('',*,*,#1711,.T.);
#1121=ORIENTED_EDGE('',*,*,#1710,.T.);
#1122=ORIENTED_EDGE('',*,*,#1719,.F.);
#1123=ORIENTED_EDGE('',*,*,#1620,.F.);
#1124=ORIENTED_EDGE('',*,*,#1712,.T.);
#1125=ORIENTED_EDGE('',*,*,#1622,.F.);
#1126=ORIENTED_EDGE('',*,*,#1720,.F.);
#1127=ORIENTED_EDGE('',*,*,#1714,.T.);
#1128=ORIENTED_EDGE('',*,*,#1428,.F.);
#1129=ORIENTED_EDGE('',*,*,#1716,.T.);
#1130=ORIENTED_EDGE('',*,*,#1721,.F.);
#1131=ORIENTED_EDGE('',*,*,#1718,.T.);
#1132=ORIENTED_EDGE('',*,*,#1719,.T.);
#1133=ORIENTED_EDGE('',*,*,#1717,.T.);
#1134=ORIENTED_EDGE('',*,*,#1722,.F.);
#1135=ORIENTED_EDGE('',*,*,#1715,.T.);
#1136=ORIENTED_EDGE('',*,*,#1720,.T.);
#1137=ORIENTED_EDGE('',*,*,#1723,.F.);
#1138=ORIENTED_EDGE('',*,*,#1722,.T.);
#1139=ORIENTED_EDGE('',*,*,#1721,.T.);
#1140=ORIENTED_EDGE('',*,*,#1723,.T.);
#1141=ORIENTED_EDGE('',*,*,#1621,.F.);
#1142=ORIENTED_EDGE('',*,*,#1724,.F.);
#1143=ORIENTED_EDGE('',*,*,#1581,.T.);
#1144=ORIENTED_EDGE('',*,*,#1585,.F.);
#1145=ORIENTED_EDGE('',*,*,#1589,.T.);
#1146=ORIENTED_EDGE('',*,*,#1587,.F.);
#1147=ORIENTED_EDGE('',*,*,#1507,.T.);
#1148=ORIENTED_EDGE('',*,*,#1725,.T.);
#1149=ORIENTED_EDGE('',*,*,#1582,.T.);
#1150=ORIENTED_EDGE('',*,*,#1724,.T.);
#1151=ORIENTED_EDGE('',*,*,#1360,.T.);
#1152=ORIENTED_EDGE('',*,*,#1726,.F.);
#1153=ORIENTED_EDGE('',*,*,#1727,.F.);
#1154=ORIENTED_EDGE('',*,*,#1359,.T.);
#1155=ORIENTED_EDGE('',*,*,#1374,.T.);
#1156=ORIENTED_EDGE('',*,*,#1728,.F.);
#1157=ORIENTED_EDGE('',*,*,#1729,.F.);
#1158=ORIENTED_EDGE('',*,*,#1726,.T.);
#1159=ORIENTED_EDGE('',*,*,#1373,.F.);
#1160=ORIENTED_EDGE('',*,*,#1513,.F.);
#1161=ORIENTED_EDGE('',*,*,#1730,.T.);
#1162=ORIENTED_EDGE('',*,*,#1728,.T.);
#1163=ORIENTED_EDGE('',*,*,#1512,.T.);
#1164=ORIENTED_EDGE('',*,*,#1731,.T.);
#1165=ORIENTED_EDGE('',*,*,#1732,.T.);
#1166=ORIENTED_EDGE('',*,*,#1733,.T.);
#1167=ORIENTED_EDGE('',*,*,#1508,.T.);
#1168=ORIENTED_EDGE('',*,*,#1727,.T.);
#1169=ORIENTED_EDGE('',*,*,#1729,.T.);
#1170=ORIENTED_EDGE('',*,*,#1730,.F.);
#1171=ORIENTED_EDGE('',*,*,#1734,.F.);
#1172=ORIENTED_EDGE('',*,*,#1735,.T.);
#1173=ORIENTED_EDGE('',*,*,#1736,.F.);
#1174=ORIENTED_EDGE('',*,*,#1510,.T.);
#1175=ORIENTED_EDGE('',*,*,#1506,.F.);
#1176=ORIENTED_EDGE('',*,*,#1364,.F.);
#1177=ORIENTED_EDGE('',*,*,#1583,.F.);
#1178=ORIENTED_EDGE('',*,*,#1725,.F.);
#1179=ORIENTED_EDGE('',*,*,#1509,.F.);
#1180=ORIENTED_EDGE('',*,*,#1733,.F.);
#1181=ORIENTED_EDGE('',*,*,#1737,.F.);
#1182=ORIENTED_EDGE('',*,*,#1734,.T.);
#1183=ORIENTED_EDGE('',*,*,#1737,.T.);
#1184=ORIENTED_EDGE('',*,*,#1732,.F.);
#1185=ORIENTED_EDGE('',*,*,#1738,.F.);
#1186=ORIENTED_EDGE('',*,*,#1735,.F.);
#1187=ORIENTED_EDGE('',*,*,#1738,.T.);
#1188=ORIENTED_EDGE('',*,*,#1731,.F.);
#1189=ORIENTED_EDGE('',*,*,#1511,.F.);
#1190=ORIENTED_EDGE('',*,*,#1736,.T.);
#1191=ORIENTED_EDGE('',*,*,#1568,.F.);
#1192=ORIENTED_EDGE('',*,*,#1591,.T.);
#1193=ORIENTED_EDGE('',*,*,#1572,.T.);
#1194=ORIENTED_EDGE('',*,*,#1590,.T.);
#1195=ORIENTED_EDGE('',*,*,#1574,.T.);
#1196=ORIENTED_EDGE('',*,*,#1739,.T.);
#1197=ORIENTED_EDGE('',*,*,#1367,.T.);
#1198=ORIENTED_EDGE('',*,*,#1740,.F.);
#1199=ORIENTED_EDGE('',*,*,#1741,.F.);
#1200=ORIENTED_EDGE('',*,*,#1520,.T.);
#1201=ORIENTED_EDGE('',*,*,#1357,.F.);
#1202=ORIENTED_EDGE('',*,*,#1742,.F.);
#1203=ORIENTED_EDGE('',*,*,#1743,.T.);
#1204=ORIENTED_EDGE('',*,*,#1740,.T.);
#1205=ORIENTED_EDGE('',*,*,#1366,.F.);
#1206=ORIENTED_EDGE('',*,*,#1739,.F.);
#1207=ORIENTED_EDGE('',*,*,#1578,.T.);
#1208=ORIENTED_EDGE('',*,*,#1744,.T.);
#1209=ORIENTED_EDGE('',*,*,#1504,.F.);
#1210=ORIENTED_EDGE('',*,*,#1745,.T.);
#1211=ORIENTED_EDGE('',*,*,#1742,.T.);
#1212=ORIENTED_EDGE('',*,*,#1356,.F.);
#1213=ORIENTED_EDGE('',*,*,#1746,.T.);
#1214=ORIENTED_EDGE('',*,*,#1747,.T.);
#1215=ORIENTED_EDGE('',*,*,#1499,.F.);
#1216=ORIENTED_EDGE('',*,*,#1741,.T.);
#1217=ORIENTED_EDGE('',*,*,#1743,.F.);
#1218=ORIENTED_EDGE('',*,*,#1745,.F.);
#1219=ORIENTED_EDGE('',*,*,#1503,.F.);
#1220=ORIENTED_EDGE('',*,*,#1748,.T.);
#1221=ORIENTED_EDGE('',*,*,#1749,.F.);
#1222=ORIENTED_EDGE('',*,*,#1750,.T.);
#1223=ORIENTED_EDGE('',*,*,#1501,.F.);
#1224=ORIENTED_EDGE('',*,*,#1751,.T.);
#1225=ORIENTED_EDGE('',*,*,#1505,.F.);
#1226=ORIENTED_EDGE('',*,*,#1744,.F.);
#1227=ORIENTED_EDGE('',*,*,#1577,.F.);
#1228=ORIENTED_EDGE('',*,*,#1350,.F.);
#1229=ORIENTED_EDGE('',*,*,#1502,.F.);
#1230=ORIENTED_EDGE('',*,*,#1750,.F.);
#1231=ORIENTED_EDGE('',*,*,#1752,.F.);
#1232=ORIENTED_EDGE('',*,*,#1748,.F.);
#1233=ORIENTED_EDGE('',*,*,#1752,.T.);
#1234=ORIENTED_EDGE('',*,*,#1749,.T.);
#1235=ORIENTED_EDGE('',*,*,#1753,.F.);
#1236=ORIENTED_EDGE('',*,*,#1746,.F.);
#1237=ORIENTED_EDGE('',*,*,#1753,.T.);
#1238=ORIENTED_EDGE('',*,*,#1751,.F.);
#1239=ORIENTED_EDGE('',*,*,#1500,.F.);
#1240=ORIENTED_EDGE('',*,*,#1747,.F.);
#1241=ORIENTED_EDGE('',*,*,#1335,.F.);
#1242=ORIENTED_EDGE('',*,*,#1754,.T.);
#1243=ORIENTED_EDGE('',*,*,#1307,.F.);
#1244=ORIENTED_EDGE('',*,*,#1755,.T.);
#1245=ORIENTED_EDGE('',*,*,#1337,.F.);
#1246=ORIENTED_EDGE('',*,*,#1756,.T.);
#1247=ORIENTED_EDGE('',*,*,#1305,.F.);
#1248=ORIENTED_EDGE('',*,*,#1757,.T.);
#1249=ORIENTED_EDGE('',*,*,#1303,.F.);
#1250=ORIENTED_EDGE('',*,*,#1758,.T.);
#1251=ORIENTED_EDGE('',*,*,#1339,.F.);
#1252=ORIENTED_EDGE('',*,*,#1759,.T.);
#1253=ORIENTED_EDGE('',*,*,#1315,.F.);
#1254=ORIENTED_EDGE('',*,*,#1760,.T.);
#1255=ORIENTED_EDGE('',*,*,#1323,.T.);
#1256=ORIENTED_EDGE('',*,*,#1761,.T.);
#1257=ORIENTED_EDGE('',*,*,#1317,.F.);
#1258=ORIENTED_EDGE('',*,*,#1762,.T.);
#1259=ORIENTED_EDGE('',*,*,#1321,.T.);
#1260=ORIENTED_EDGE('',*,*,#1763,.T.);
#1261=ORIENTED_EDGE('',*,*,#1325,.T.);
#1262=ORIENTED_EDGE('',*,*,#1764,.T.);
#1263=ORIENTED_EDGE('',*,*,#1313,.F.);
#1264=ORIENTED_EDGE('',*,*,#1765,.T.);
#1265=ORIENTED_EDGE('',*,*,#1302,.F.);
#1266=ORIENTED_EDGE('',*,*,#1491,.F.);
#1267=ORIENTED_EDGE('',*,*,#1340,.F.);
#1268=ORIENTED_EDGE('',*,*,#1758,.F.);
#1269=ORIENTED_EDGE('',*,*,#1308,.F.);
#1270=ORIENTED_EDGE('',*,*,#1754,.F.);
#1271=ORIENTED_EDGE('',*,*,#1348,.F.);
#1272=ORIENTED_EDGE('',*,*,#1492,.F.);
#1273=ORIENTED_EDGE('',*,*,#1306,.F.);
#1274=ORIENTED_EDGE('',*,*,#1756,.F.);
#1275=ORIENTED_EDGE('',*,*,#1336,.F.);
#1276=ORIENTED_EDGE('',*,*,#1755,.F.);
#1277=ORIENTED_EDGE('',*,*,#1304,.F.);
#1278=ORIENTED_EDGE('',*,*,#1759,.F.);
#1279=ORIENTED_EDGE('',*,*,#1338,.F.);
#1280=ORIENTED_EDGE('',*,*,#1757,.F.);
#1281=ORIENTED_EDGE('',*,*,#1324,.F.);
#1282=ORIENTED_EDGE('',*,*,#1760,.F.);
#1283=ORIENTED_EDGE('',*,*,#1314,.F.);
#1284=ORIENTED_EDGE('',*,*,#1764,.F.);
#1285=ORIENTED_EDGE('',*,*,#1322,.F.);
#1286=ORIENTED_EDGE('',*,*,#1762,.F.);
#1287=ORIENTED_EDGE('',*,*,#1316,.F.);
#1288=ORIENTED_EDGE('',*,*,#1761,.F.);
#1289=ORIENTED_EDGE('',*,*,#1334,.F.);
#1290=ORIENTED_EDGE('',*,*,#1521,.F.);
#1291=ORIENTED_EDGE('',*,*,#1318,.F.);
#1292=ORIENTED_EDGE('',*,*,#1763,.F.);
#1293=ORIENTED_EDGE('',*,*,#1326,.F.);
#1294=ORIENTED_EDGE('',*,*,#1765,.F.);
#1295=ORIENTED_EDGE('',*,*,#1320,.F.);
#1296=ORIENTED_EDGE('',*,*,#1525,.F.);
#1297=EDGE_CURVE('',#1766,#1767,#2060,.T.);
#1298=EDGE_CURVE('',#1767,#1768,#2061,.F.);
#1299=EDGE_CURVE('',#1769,#1768,#2062,.T.);
#1300=EDGE_CURVE('',#1769,#1766,#2063,.T.);
#1301=EDGE_CURVE('',#1770,#1771,#2064,.T.);
#1302=EDGE_CURVE('',#1771,#1772,#144,.T.);
#1303=EDGE_CURVE('',#1772,#1773,#2065,.T.);
#1304=EDGE_CURVE('',#1773,#1774,#145,.T.);
#1305=EDGE_CURVE('',#1774,#1775,#2066,.T.);
#1306=EDGE_CURVE('',#1775,#1776,#146,.T.);
#1307=EDGE_CURVE('',#1776,#1777,#2067,.T.);
#1308=EDGE_CURVE('',#1777,#1770,#147,.T.);
#1309=EDGE_CURVE('',#1778,#1779,#2068,.T.);
#1310=EDGE_CURVE('',#1779,#1780,#2069,.T.);
#1311=EDGE_CURVE('',#1781,#1780,#2070,.T.);
#1312=EDGE_CURVE('',#1781,#1778,#2071,.F.);
#1313=EDGE_CURVE('',#1782,#1783,#2072,.T.);
#1314=EDGE_CURVE('',#1783,#1784,#148,.F.);
#1315=EDGE_CURVE('',#1784,#1785,#2073,.T.);
#1316=EDGE_CURVE('',#1785,#1786,#149,.F.);
#1317=EDGE_CURVE('',#1786,#1787,#2074,.T.);
#1318=EDGE_CURVE('',#1787,#1788,#150,.F.);
#1319=EDGE_CURVE('',#1788,#1789,#2075,.T.);
#1320=EDGE_CURVE('',#1789,#1782,#151,.F.);
#1321=EDGE_CURVE('',#1790,#1791,#2076,.T.);
#1322=EDGE_CURVE('',#1790,#1792,#152,.T.);
#1323=EDGE_CURVE('',#1793,#1792,#2077,.T.);
#1324=EDGE_CURVE('',#1793,#1794,#153,.T.);
#1325=EDGE_CURVE('',#1795,#1794,#2078,.T.);
#1326=EDGE_CURVE('',#1795,#1796,#154,.T.);
#1327=EDGE_CURVE('',#1797,#1796,#2079,.T.);
#1328=EDGE_CURVE('',#1797,#1798,#155,.F.);
#1329=EDGE_CURVE('',#1799,#1798,#2080,.T.);
#1330=EDGE_CURVE('',#1800,#1799,#2081,.T.);
#1331=EDGE_CURVE('',#1800,#1801,#2082,.T.);
#1332=EDGE_CURVE('',#1801,#1802,#156,.F.);
#1333=EDGE_CURVE('',#1803,#1802,#2083,.T.);
#1334=EDGE_CURVE('',#1803,#1791,#157,.T.);
#1335=EDGE_CURVE('',#1804,#1805,#2084,.T.);
#1336=EDGE_CURVE('',#1805,#1806,#158,.F.);
#1337=EDGE_CURVE('',#1806,#1807,#2085,.T.);
#1338=EDGE_CURVE('',#1807,#1808,#159,.F.);
#1339=EDGE_CURVE('',#1808,#1809,#2086,.T.);
#1340=EDGE_CURVE('',#1809,#1810,#160,.F.);
#1341=EDGE_CURVE('',#1811,#1810,#2087,.T.);
#1342=EDGE_CURVE('',#1811,#1812,#161,.T.);
#1343=EDGE_CURVE('',#1813,#1812,#2088,.T.);
#1344=EDGE_CURVE('',#1813,#1814,#2089,.T.);
#1345=EDGE_CURVE('',#1814,#1815,#2090,.T.);
#1346=EDGE_CURVE('',#1815,#1816,#162,.T.);
#1347=EDGE_CURVE('',#1817,#1816,#2091,.T.);
#1348=EDGE_CURVE('',#1817,#1804,#163,.F.);
#1349=EDGE_CURVE('',#1818,#1819,#2092,.T.);
#1350=EDGE_CURVE('',#1819,#1820,#2093,.T.);
#1351=EDGE_CURVE('',#1820,#1821,#2094,.T.);
#1352=EDGE_CURVE('',#1821,#1822,#164,.F.);
#1353=EDGE_CURVE('',#1823,#1822,#2095,.T.);
#1354=EDGE_CURVE('',#1823,#1824,#165,.F.);
#1355=EDGE_CURVE('',#1825,#1824,#2096,.T.);
#1356=EDGE_CURVE('',#1825,#1826,#2097,.T.);
#1357=EDGE_CURVE('',#1826,#1827,#166,.T.);
#1358=EDGE_CURVE('',#1828,#1827,#2098,.T.);
#1359=EDGE_CURVE('',#1829,#1828,#167,.T.);
#1360=EDGE_CURVE('',#1830,#1829,#2099,.T.);
#1361=EDGE_CURVE('',#1831,#1830,#2100,.T.);
#1362=EDGE_CURVE('',#1831,#1832,#168,.F.);
#1363=EDGE_CURVE('',#1832,#1833,#2101,.T.);
#1364=EDGE_CURVE('',#1833,#1818,#2102,.F.);
#1365=EDGE_CURVE('',#1827,#1834,#2103,.T.);
#1366=EDGE_CURVE('',#1827,#1835,#169,.T.);
#1367=EDGE_CURVE('',#1836,#1835,#2104,.T.);
#1368=EDGE_CURVE('',#1836,#1837,#2105,.T.);
#1369=EDGE_CURVE('',#1837,#1838,#2106,.T.);
#1370=EDGE_CURVE('',#1838,#1839,#2107,.T.);
#1371=EDGE_CURVE('',#1839,#1834,#2108,.T.);
#1372=EDGE_CURVE('',#1840,#1841,#2109,.T.);
#1373=EDGE_CURVE('',#1841,#1842,#2110,.T.);
#1374=EDGE_CURVE('',#1828,#1842,#170,.T.);
#1375=EDGE_CURVE('',#1843,#1828,#2111,.T.);
#1376=EDGE_CURVE('',#1843,#1844,#2112,.F.);
#1377=EDGE_CURVE('',#1845,#1844,#2113,.T.);
#1378=EDGE_CURVE('',#1845,#1840,#2114,.F.);
#1379=EDGE_CURVE('',#1846,#1847,#171,.F.);
#1380=EDGE_CURVE('',#1846,#1848,#2115,.T.);
#1381=EDGE_CURVE('',#1849,#1848,#172,.F.);
#1382=EDGE_CURVE('',#1849,#1850,#2116,.T.);
#1383=EDGE_CURVE('',#1851,#1850,#173,.F.);
#1384=EDGE_CURVE('',#1851,#1852,#2117,.F.);
#1385=EDGE_CURVE('',#1853,#1852,#174,.F.);
#1386=EDGE_CURVE('',#1853,#1847,#2118,.F.);
#1387=EDGE_CURVE('',#1854,#1855,#175,.F.);
#1388=EDGE_CURVE('',#1854,#1856,#2119,.F.);
#1389=EDGE_CURVE('',#1857,#1856,#176,.F.);
#1390=EDGE_CURVE('',#1857,#1858,#2120,.T.);
#1391=EDGE_CURVE('',#1859,#1858,#177,.F.);
#1392=EDGE_CURVE('',#1859,#1860,#2121,.T.);
#1393=EDGE_CURVE('',#1861,#1860,#178,.F.);
#1394=EDGE_CURVE('',#1861,#1855,#2122,.F.);
#1395=EDGE_CURVE('',#1862,#1863,#2123,.T.);
#1396=EDGE_CURVE('',#1862,#1864,#179,.T.);
#1397=EDGE_CURVE('',#1864,#1865,#2124,.T.);
#1398=EDGE_CURVE('',#1865,#1866,#180,.T.);
#1399=EDGE_CURVE('',#1867,#1866,#2125,.T.);
#1400=EDGE_CURVE('',#1867,#1863,#181,.T.);
#1401=EDGE_CURVE('',#1868,#1869,#2126,.T.);
#1402=EDGE_CURVE('',#1868,#1870,#182,.T.);
#1403=EDGE_CURVE('',#1871,#1870,#2127,.T.);
#1404=EDGE_CURVE('',#1871,#1872,#183,.T.);
#1405=EDGE_CURVE('',#1872,#1873,#2128,.T.);
#1406=EDGE_CURVE('',#1873,#1874,#184,.T.);
#1407=EDGE_CURVE('',#1874,#1875,#2129,.T.);
#1408=EDGE_CURVE('',#1875,#1869,#185,.T.);
#1409=EDGE_CURVE('',#1876,#1877,#2130,.T.);
#1410=EDGE_CURVE('',#1876,#1878,#2131,.F.);
#1411=EDGE_CURVE('',#1879,#1878,#2132,.T.);
#1412=EDGE_CURVE('',#1879,#1880,#2133,.T.);
#1413=EDGE_CURVE('',#1880,#1881,#2134,.T.);
#1414=EDGE_CURVE('',#1881,#1882,#2135,.T.);
#1415=EDGE_CURVE('',#1882,#1883,#2136,.T.);
#1416=EDGE_CURVE('',#1883,#1877,#2137,.F.);
#1417=EDGE_CURVE('',#1884,#1885,#186,.F.);
#1418=EDGE_CURVE('',#1884,#1886,#2138,.F.);
#1419=EDGE_CURVE('',#1887,#1886,#187,.F.);
#1420=EDGE_CURVE('',#1887,#1888,#2139,.T.);
#1421=EDGE_CURVE('',#1889,#1888,#188,.F.);
#1422=EDGE_CURVE('',#1889,#1890,#2140,.T.);
#1423=EDGE_CURVE('',#1891,#1890,#189,.F.);
#1424=EDGE_CURVE('',#1891,#1885,#2141,.F.);
#1425=EDGE_CURVE('',#1892,#1893,#190,.F.);
#1426=EDGE_CURVE('',#1892,#1894,#2142,.T.);
#1427=EDGE_CURVE('',#1895,#1894,#191,.F.);
#1428=EDGE_CURVE('',#1895,#1896,#2143,.F.);
#1429=EDGE_CURVE('',#1897,#1896,#192,.F.);
#1430=EDGE_CURVE('',#1897,#1898,#2144,.F.);
#1431=EDGE_CURVE('',#1899,#1898,#193,.F.);
#1432=EDGE_CURVE('',#1899,#1893,#2145,.T.);
#1433=EDGE_CURVE('',#1798,#1900,#2146,.T.);
#1434=EDGE_CURVE('',#1900,#1901,#194,.T.);
#1435=EDGE_CURVE('',#1901,#1902,#2147,.T.);
#1436=EDGE_CURVE('',#1902,#1903,#195,.T.);
#1437=EDGE_CURVE('',#1903,#1904,#2148,.T.);
#1438=EDGE_CURVE('',#1904,#1905,#196,.T.);
#1439=EDGE_CURVE('',#1905,#1906,#2149,.F.);
#1440=EDGE_CURVE('',#1906,#1907,#197,.T.);
#1441=EDGE_CURVE('',#1907,#1815,#2150,.T.);
#1442=EDGE_CURVE('',#1799,#1814,#2151,.T.);
#1443=EDGE_CURVE('',#1908,#1909,#2152,.T.);
#1444=EDGE_CURVE('',#1908,#1910,#198,.T.);
#1445=EDGE_CURVE('',#1910,#1911,#2153,.T.);
#1446=EDGE_CURVE('',#1911,#1912,#199,.T.);
#1447=EDGE_CURVE('',#1912,#1913,#2154,.T.);
#1448=EDGE_CURVE('',#1913,#1914,#200,.T.);
#1449=EDGE_CURVE('',#1915,#1914,#2155,.T.);
#1450=EDGE_CURVE('',#1915,#1909,#201,.T.);
#1451=EDGE_CURVE('',#1916,#1917,#2156,.T.);
#1452=EDGE_CURVE('',#1916,#1918,#202,.T.);
#1453=EDGE_CURVE('',#1918,#1919,#2157,.T.);
#1454=EDGE_CURVE('',#1919,#1920,#203,.T.);
#1455=EDGE_CURVE('',#1920,#1917,#2158,.T.);
#1456=EDGE_CURVE('',#1921,#1922,#204,.F.);
#1457=EDGE_CURVE('',#1922,#1801,#2159,.F.);
#1458=EDGE_CURVE('',#1800,#1813,#2160,.T.);
#1459=EDGE_CURVE('',#1812,#1923,#2161,.F.);
#1460=EDGE_CURVE('',#1923,#1924,#205,.F.);
#1461=EDGE_CURVE('',#1924,#1925,#2162,.T.);
#1462=EDGE_CURVE('',#1925,#1926,#206,.F.);
#1463=EDGE_CURVE('',#1927,#1926,#2163,.T.);
#1464=EDGE_CURVE('',#1927,#1928,#207,.F.);
#1465=EDGE_CURVE('',#1928,#1921,#2164,.F.);
#1466=EDGE_CURVE('',#1929,#1930,#2165,.T.);
#1467=EDGE_CURVE('',#1929,#1931,#208,.F.);
#1468=EDGE_CURVE('',#1932,#1931,#2166,.T.);
#1469=EDGE_CURVE('',#1932,#1933,#209,.F.);
#1470=EDGE_CURVE('',#1933,#1934,#2167,.T.);
#1471=EDGE_CURVE('',#1934,#1935,#210,.F.);
#1472=EDGE_CURVE('',#1935,#1936,#2168,.T.);
#1473=EDGE_CURVE('',#1936,#1930,#211,.F.);
#1474=EDGE_CURVE('',#1937,#1938,#2169,.T.);
#1475=EDGE_CURVE('',#1937,#1939,#212,.F.);
#1476=EDGE_CURVE('',#1939,#1940,#2170,.T.);
#1477=EDGE_CURVE('',#1940,#1941,#213,.F.);
#1478=EDGE_CURVE('',#1942,#1941,#2171,.T.);
#1479=EDGE_CURVE('',#1942,#1938,#214,.F.);
#1480=EDGE_CURVE('',#1780,#1843,#215,.F.);
#1481=EDGE_CURVE('',#1834,#1767,#216,.F.);
#1482=EDGE_CURVE('',#1766,#1883,#217,.F.);
#1483=EDGE_CURVE('',#1882,#1781,#218,.F.);
#1484=EDGE_CURVE('',#1903,#1943,#140,.T.);
#1485=EDGE_CURVE('',#1943,#1944,#2172,.F.);
#1486=EDGE_CURVE('',#1944,#1927,#141,.F.);
#1487=EDGE_CURVE('',#1926,#1945,#142,.T.);
#1488=EDGE_CURVE('',#1945,#1946,#2173,.T.);
#1489=EDGE_CURVE('',#1946,#1904,#143,.F.);
#1490=EDGE_CURVE('',#1947,#1811,#2174,.T.);
#1491=EDGE_CURVE('',#1810,#1771,#2175,.F.);
#1492=EDGE_CURVE('',#1770,#1817,#2176,.T.);
#1493=EDGE_CURVE('',#1816,#1948,#2177,.F.);
#1494=EDGE_CURVE('',#1948,#1947,#2178,.T.);
#1495=EDGE_CURVE('',#1949,#1949,#219,.T.);
#1496=EDGE_CURVE('',#1950,#1950,#220,.T.);
#1497=EDGE_CURVE('',#1951,#1951,#221,.T.);
#1498=EDGE_CURVE('',#1952,#1952,#222,.T.);
#1499=EDGE_CURVE('',#1953,#1954,#2179,.T.);
#1500=EDGE_CURVE('',#1954,#1955,#223,.T.);
#1501=EDGE_CURVE('',#1955,#1956,#2180,.T.);
#1502=EDGE_CURVE('',#1956,#1957,#224,.T.);
#1503=EDGE_CURVE('',#1957,#1958,#2181,.T.);
#1504=EDGE_CURVE('',#1958,#1959,#2182,.T.);
#1505=EDGE_CURVE('',#1959,#1819,#225,.F.);
#1506=EDGE_CURVE('',#1818,#1960,#226,.F.);
#1507=EDGE_CURVE('',#1961,#1960,#2183,.T.);
#1508=EDGE_CURVE('',#1962,#1961,#2184,.T.);
#1509=EDGE_CURVE('',#1962,#1963,#227,.T.);
#1510=EDGE_CURVE('',#1964,#1963,#2185,.T.);
#1511=EDGE_CURVE('',#1964,#1965,#228,.T.);
#1512=EDGE_CURVE('',#1966,#1965,#2186,.T.);
#1513=EDGE_CURVE('',#1966,#1841,#2187,.T.);
#1514=EDGE_CURVE('',#1840,#1967,#229,.T.);
#1515=EDGE_CURVE('',#1968,#1967,#2188,.T.);
#1516=EDGE_CURVE('',#1968,#1879,#230,.T.);
#1517=EDGE_CURVE('',#1878,#1969,#231,.T.);
#1518=EDGE_CURVE('',#1969,#1970,#2189,.T.);
#1519=EDGE_CURVE('',#1970,#1837,#232,.T.);
#1520=EDGE_CURVE('',#1953,#1836,#2190,.T.);
#1521=EDGE_CURVE('',#1788,#1803,#2191,.F.);
#1522=EDGE_CURVE('',#1802,#1971,#2192,.T.);
#1523=EDGE_CURVE('',#1971,#1972,#2193,.F.);
#1524=EDGE_CURVE('',#1972,#1797,#2194,.F.);
#1525=EDGE_CURVE('',#1796,#1789,#2195,.T.);
#1526=EDGE_CURVE('',#1973,#1974,#2196,.F.);
#1527=EDGE_CURVE('',#1974,#1975,#2197,.F.);
#1528=EDGE_CURVE('',#1975,#1976,#2198,.F.);
#1529=EDGE_CURVE('',#1976,#1973,#2199,.T.);
#1530=EDGE_CURVE('',#1977,#1978,#2200,.T.);
#1531=EDGE_CURVE('',#1978,#1979,#2201,.T.);
#1532=EDGE_CURVE('',#1979,#1980,#2202,.T.);
#1533=EDGE_CURVE('',#1980,#1977,#2203,.F.);
#1534=EDGE_CURVE('',#1981,#1981,#233,.T.);
#1535=EDGE_CURVE('',#1982,#1982,#234,.T.);
#1536=EDGE_CURVE('',#1880,#1983,#235,.F.);
#1537=EDGE_CURVE('',#1983,#1984,#2204,.T.);
#1538=EDGE_CURVE('',#1984,#1845,#236,.F.);
#1539=EDGE_CURVE('',#1844,#1779,#237,.T.);
#1540=EDGE_CURVE('',#1778,#1881,#238,.T.);
#1541=EDGE_CURVE('',#1983,#1968,#2205,.F.);
#1542=EDGE_CURVE('',#1967,#1984,#2206,.T.);
#1543=EDGE_CURVE('',#1985,#1985,#239,.T.);
#1544=EDGE_CURVE('',#1986,#1986,#240,.T.);
#1545=EDGE_CURVE('',#1838,#1987,#241,.F.);
#1546=EDGE_CURVE('',#1988,#1987,#2207,.T.);
#1547=EDGE_CURVE('',#1988,#1876,#242,.F.);
#1548=EDGE_CURVE('',#1877,#1769,#243,.T.);
#1549=EDGE_CURVE('',#1768,#1839,#244,.T.);
#1550=EDGE_CURVE('',#1987,#1970,#2208,.F.);
#1551=EDGE_CURVE('',#1969,#1988,#2209,.T.);
#1552=EDGE_CURVE('',#1872,#1936,#2210,.F.);
#1553=EDGE_CURVE('',#1935,#1873,#2211,.T.);
#1554=EDGE_CURVE('',#1874,#1934,#2212,.F.);
#1555=EDGE_CURVE('',#1933,#1875,#2213,.T.);
#1556=EDGE_CURVE('',#1931,#1868,#2214,.T.);
#1557=EDGE_CURVE('',#1869,#1932,#2215,.F.);
#1558=EDGE_CURVE('',#1930,#1871,#2216,.T.);
#1559=EDGE_CURVE('',#1870,#1929,#2217,.F.);
#1560=EDGE_CURVE('',#1866,#1937,#2218,.F.);
#1561=EDGE_CURVE('',#1938,#1867,#2219,.T.);
#1562=EDGE_CURVE('',#1941,#1862,#2220,.T.);
#1563=EDGE_CURVE('',#1863,#1942,#2221,.F.);
#1564=EDGE_CURVE('',#1939,#1865,#2222,.T.);
#1565=EDGE_CURVE('',#1864,#1940,#2223,.F.);
#1566=EDGE_CURVE('',#1912,#1823,#2224,.F.);
#1567=EDGE_CURVE('',#1822,#1913,#2225,.T.);
#1568=EDGE_CURVE('',#1989,#1825,#2226,.T.);
#1569=EDGE_CURVE('',#1824,#1911,#2227,.T.);
#1570=EDGE_CURVE('',#1910,#1989,#2228,.F.);
#1571=EDGE_CURVE('',#1909,#1990,#2229,.F.);
#1572=EDGE_CURVE('',#1991,#1990,#2230,.T.);
#1573=EDGE_CURVE('',#1991,#1908,#2231,.T.);
#1574=EDGE_CURVE('',#1992,#1993,#2232,.T.);
#1575=EDGE_CURVE('',#1992,#1915,#2233,.T.);
#1576=EDGE_CURVE('',#1914,#1821,#2234,.F.);
#1577=EDGE_CURVE('',#1820,#1994,#245,.F.);
#1578=EDGE_CURVE('',#1993,#1994,#2235,.T.);
#1579=EDGE_CURVE('',#1832,#1916,#2236,.T.);
#1580=EDGE_CURVE('',#1995,#1917,#2237,.T.);
#1581=EDGE_CURVE('',#1996,#1995,#2238,.T.);
#1582=EDGE_CURVE('',#1997,#1996,#2239,.T.);
#1583=EDGE_CURVE('',#1997,#1833,#139,.F.);
#1584=EDGE_CURVE('',#1920,#1998,#2240,.F.);
#1585=EDGE_CURVE('',#1998,#1995,#2241,.T.);
#1586=EDGE_CURVE('',#1918,#1831,#2242,.F.);
#1587=EDGE_CURVE('',#1830,#1999,#2243,.T.);
#1588=EDGE_CURVE('',#1999,#1919,#2244,.T.);
#1589=EDGE_CURVE('',#1998,#1999,#246,.F.);
#1590=EDGE_CURVE('',#1990,#1992,#247,.F.);
#1591=EDGE_CURVE('',#1989,#1991,#248,.F.);
#1592=EDGE_CURVE('',#1979,#1944,#249,.T.);
#1593=EDGE_CURVE('',#1943,#1980,#250,.F.);
#1594=EDGE_CURVE('',#1971,#1978,#251,.T.);
#1595=EDGE_CURVE('',#1977,#1972,#252,.F.);
#1596=EDGE_CURVE('',#1945,#1974,#253,.T.);
#1597=EDGE_CURVE('',#1973,#1946,#254,.F.);
#1598=EDGE_CURVE('',#1975,#1947,#255,.T.);
#1599=EDGE_CURVE('',#1948,#1976,#256,.F.);
#1600=EDGE_CURVE('',#1928,#1979,#257,.T.);
#1601=EDGE_CURVE('',#1921,#1978,#258,.T.);
#1602=EDGE_CURVE('',#1922,#1971,#259,.T.);
#1603=EDGE_CURVE('',#1974,#1925,#260,.T.);
#1604=EDGE_CURVE('',#1975,#1924,#261,.T.);
#1605=EDGE_CURVE('',#1947,#1923,#262,.T.);
#1606=EDGE_CURVE('',#1980,#1902,#263,.T.);
#1607=EDGE_CURVE('',#1977,#1901,#264,.T.);
#1608=EDGE_CURVE('',#1972,#1900,#265,.T.);
#1609=EDGE_CURVE('',#1905,#1973,#266,.T.);
#1610=EDGE_CURVE('',#1906,#1976,#267,.T.);
#1611=EDGE_CURVE('',#1907,#1948,#268,.T.);
#1612=EDGE_CURVE('',#2000,#2001,#2245,.T.);
#1613=EDGE_CURVE('',#2001,#2002,#2246,.T.);
#1614=EDGE_CURVE('',#2002,#2003,#2247,.F.);
#1615=EDGE_CURVE('',#2003,#2000,#2248,.F.);
#1616=EDGE_CURVE('',#2004,#2005,#2249,.T.);
#1617=EDGE_CURVE('',#2005,#2006,#2250,.F.);
#1618=EDGE_CURVE('',#2006,#2007,#2251,.F.);
#1619=EDGE_CURVE('',#2007,#2004,#2252,.T.);
#1620=EDGE_CURVE('',#2008,#2009,#2253,.T.);
#1621=EDGE_CURVE('',#2009,#2010,#2254,.T.);
#1622=EDGE_CURVE('',#2010,#2011,#2255,.F.);
#1623=EDGE_CURVE('',#2011,#2008,#2256,.F.);
#1624=EDGE_CURVE('',#2012,#2013,#2257,.T.);
#1625=EDGE_CURVE('',#2013,#2014,#2258,.T.);
#1626=EDGE_CURVE('',#2014,#2015,#2259,.F.);
#1627=EDGE_CURVE('',#2015,#2012,#2260,.F.);
#1628=EDGE_CURVE('',#2016,#2001,#269,.F.);
#1629=EDGE_CURVE('',#2017,#2016,#270,.T.);
#1630=EDGE_CURVE('',#2001,#2017,#271,.F.);
#1631=EDGE_CURVE('',#2017,#1855,#272,.F.);
#1632=EDGE_CURVE('',#1854,#2016,#273,.F.);
#1633=EDGE_CURVE('',#2018,#2017,#2261,.F.);
#1634=EDGE_CURVE('',#2002,#2018,#274,.T.);
#1635=EDGE_CURVE('',#2019,#2000,#275,.T.);
#1636=EDGE_CURVE('',#2016,#2019,#2262,.F.);
#1637=EDGE_CURVE('',#1856,#2019,#276,.T.);
#1638=EDGE_CURVE('',#2018,#1861,#277,.T.);
#1639=EDGE_CURVE('',#2020,#2018,#278,.T.);
#1640=EDGE_CURVE('',#2002,#2020,#279,.F.);
#1641=EDGE_CURVE('',#2021,#2019,#280,.T.);
#1642=EDGE_CURVE('',#2021,#2000,#281,.F.);
#1643=EDGE_CURVE('',#1857,#2021,#282,.F.);
#1644=EDGE_CURVE('',#2020,#1860,#283,.F.);
#1645=EDGE_CURVE('',#2022,#2020,#2263,.T.);
#1646=EDGE_CURVE('',#2003,#2022,#284,.T.);
#1647=EDGE_CURVE('',#2021,#2023,#2264,.T.);
#1648=EDGE_CURVE('',#2023,#2003,#285,.T.);
#1649=EDGE_CURVE('',#1858,#2023,#286,.T.);
#1650=EDGE_CURVE('',#2022,#1859,#287,.T.);
#1651=EDGE_CURVE('',#2023,#2022,#288,.F.);
#1652=EDGE_CURVE('',#2024,#2012,#289,.F.);
#1653=EDGE_CURVE('',#2025,#2024,#290,.T.);
#1654=EDGE_CURVE('',#2012,#2025,#291,.F.);
#1655=EDGE_CURVE('',#2025,#1886,#292,.F.);
#1656=EDGE_CURVE('',#1887,#2024,#293,.F.);
#1657=EDGE_CURVE('',#2026,#2025,#2265,.F.);
#1658=EDGE_CURVE('',#2013,#2026,#294,.T.);
#1659=EDGE_CURVE('',#2027,#2015,#295,.T.);
#1660=EDGE_CURVE('',#2024,#2027,#2266,.T.);
#1661=EDGE_CURVE('',#1888,#2027,#296,.T.);
#1662=EDGE_CURVE('',#2026,#1884,#297,.T.);
#1663=EDGE_CURVE('',#2028,#2026,#298,.T.);
#1664=EDGE_CURVE('',#2013,#2028,#299,.F.);
#1665=EDGE_CURVE('',#2029,#2027,#300,.T.);
#1666=EDGE_CURVE('',#2029,#2015,#301,.F.);
#1667=EDGE_CURVE('',#1889,#2029,#302,.F.);
#1668=EDGE_CURVE('',#2028,#1885,#303,.F.);
#1669=EDGE_CURVE('',#2030,#2028,#2267,.F.);
#1670=EDGE_CURVE('',#2014,#2030,#304,.T.);
#1671=EDGE_CURVE('',#2029,#2031,#2268,.T.);
#1672=EDGE_CURVE('',#2031,#2014,#305,.T.);
#1673=EDGE_CURVE('',#1890,#2031,#306,.T.);
#1674=EDGE_CURVE('',#2030,#1891,#307,.T.);
#1675=EDGE_CURVE('',#2031,#2030,#308,.F.);
#1676=EDGE_CURVE('',#2032,#2004,#309,.T.);
#1677=EDGE_CURVE('',#2033,#2032,#2269,.F.);
#1678=EDGE_CURVE('',#2005,#2033,#310,.T.);
#1679=EDGE_CURVE('',#2032,#2034,#311,.F.);
#1680=EDGE_CURVE('',#2034,#2004,#312,.F.);
#1681=EDGE_CURVE('',#2033,#1851,#313,.T.);
#1682=EDGE_CURVE('',#1852,#2032,#314,.T.);
#1683=EDGE_CURVE('',#2035,#2033,#315,.T.);
#1684=EDGE_CURVE('',#2005,#2035,#316,.F.);
#1685=EDGE_CURVE('',#2036,#2007,#317,.T.);
#1686=EDGE_CURVE('',#2034,#2036,#2270,.F.);
#1687=EDGE_CURVE('',#1853,#2034,#318,.F.);
#1688=EDGE_CURVE('',#2035,#1850,#319,.F.);
#1689=EDGE_CURVE('',#2006,#2037,#320,.T.);
#1690=EDGE_CURVE('',#2037,#2035,#2271,.T.);
#1691=EDGE_CURVE('',#2006,#2038,#321,.F.);
#1692=EDGE_CURVE('',#2038,#2037,#322,.F.);
#1693=EDGE_CURVE('',#2036,#2039,#323,.F.);
#1694=EDGE_CURVE('',#2039,#2007,#324,.F.);
#1695=EDGE_CURVE('',#1847,#2036,#325,.T.);
#1696=EDGE_CURVE('',#2037,#1849,#326,.T.);
#1697=EDGE_CURVE('',#2039,#2038,#2272,.T.);
#1698=EDGE_CURVE('',#1846,#2039,#327,.F.);
#1699=EDGE_CURVE('',#2038,#1848,#328,.F.);
#1700=EDGE_CURVE('',#1893,#2040,#329,.T.);
#1701=EDGE_CURVE('',#2041,#1899,#330,.T.);
#1702=EDGE_CURVE('',#2040,#2041,#2273,.F.);
#1703=EDGE_CURVE('',#2041,#2042,#331,.F.);
#1704=EDGE_CURVE('',#2042,#1898,#332,.F.);
#1705=EDGE_CURVE('',#2040,#2011,#333,.T.);
#1706=EDGE_CURVE('',#2008,#2041,#334,.T.);
#1707=EDGE_CURVE('',#2043,#2040,#335,.T.);
#1708=EDGE_CURVE('',#1892,#2043,#336,.F.);
#1709=EDGE_CURVE('',#2044,#1897,#337,.T.);
#1710=EDGE_CURVE('',#2042,#2044,#2274,.T.);
#1711=EDGE_CURVE('',#2008,#2042,#338,.F.);
#1712=EDGE_CURVE('',#2043,#2011,#339,.F.);
#1713=EDGE_CURVE('',#1894,#2045,#340,.T.);
#1714=EDGE_CURVE('',#2045,#2043,#2275,.F.);
#1715=EDGE_CURVE('',#2046,#2045,#341,.F.);
#1716=EDGE_CURVE('',#1895,#2046,#342,.F.);
#1717=EDGE_CURVE('',#2044,#2047,#343,.F.);
#1718=EDGE_CURVE('',#2047,#1896,#344,.F.);
#1719=EDGE_CURVE('',#2009,#2044,#345,.T.);
#1720=EDGE_CURVE('',#2045,#2010,#346,.T.);
#1721=EDGE_CURVE('',#2047,#2046,#2276,.T.);
#1722=EDGE_CURVE('',#2009,#2047,#347,.F.);
#1723=EDGE_CURVE('',#2046,#2010,#348,.F.);
#1724=EDGE_CURVE('',#1996,#1830,#2277,.T.);
#1725=EDGE_CURVE('',#1960,#1997,#2278,.T.);
#1726=EDGE_CURVE('',#2048,#1829,#2279,.T.);
#1727=EDGE_CURVE('',#1961,#2048,#2280,.T.);
#1728=EDGE_CURVE('',#2049,#1842,#2281,.T.);
#1729=EDGE_CURVE('',#2048,#2049,#349,.T.);
#1730=EDGE_CURVE('',#1966,#2049,#2282,.T.);
#1731=EDGE_CURVE('',#1965,#2050,#2283,.F.);
#1732=EDGE_CURVE('',#2050,#2051,#350,.F.);
#1733=EDGE_CURVE('',#2051,#1962,#2284,.F.);
#1734=EDGE_CURVE('',#2052,#1963,#2285,.T.);
#1735=EDGE_CURVE('',#2052,#2053,#351,.T.);
#1736=EDGE_CURVE('',#1964,#2053,#2286,.T.);
#1737=EDGE_CURVE('',#2052,#2051,#352,.T.);
#1738=EDGE_CURVE('',#2053,#2050,#353,.T.);
#1739=EDGE_CURVE('',#1993,#1825,#2287,.T.);
#1740=EDGE_CURVE('',#2054,#1835,#2288,.T.);
#1741=EDGE_CURVE('',#1953,#2054,#2289,.T.);
#1742=EDGE_CURVE('',#2055,#1826,#2290,.T.);
#1743=EDGE_CURVE('',#2055,#2054,#354,.T.);
#1744=EDGE_CURVE('',#1994,#1959,#2291,.F.);
#1745=EDGE_CURVE('',#1958,#2055,#2292,.T.);
#1746=EDGE_CURVE('',#2056,#2057,#355,.F.);
#1747=EDGE_CURVE('',#2057,#1954,#2293,.T.);
#1748=EDGE_CURVE('',#1957,#2056,#2294,.T.);
#1749=EDGE_CURVE('',#2058,#2059,#356,.T.);
#1750=EDGE_CURVE('',#2058,#1956,#2295,.T.);
#1751=EDGE_CURVE('',#1955,#2059,#2296,.T.);
#1752=EDGE_CURVE('',#2056,#2058,#357,.T.);
#1753=EDGE_CURVE('',#2057,#2059,#358,.T.);
#1754=EDGE_CURVE('',#1804,#1777,#2297,.F.);
#1755=EDGE_CURVE('',#1776,#1805,#2298,.T.);
#1756=EDGE_CURVE('',#1806,#1775,#2299,.F.);
#1757=EDGE_CURVE('',#1774,#1807,#2300,.T.);
#1758=EDGE_CURVE('',#1772,#1809,#2301,.T.);
#1759=EDGE_CURVE('',#1808,#1773,#2302,.F.);
#1760=EDGE_CURVE('',#1784,#1793,#2303,.F.);
#1761=EDGE_CURVE('',#1792,#1785,#2304,.T.);
#1762=EDGE_CURVE('',#1786,#1790,#2305,.F.);
#1763=EDGE_CURVE('',#1791,#1787,#2306,.T.);
#1764=EDGE_CURVE('',#1794,#1783,#2307,.T.);
#1765=EDGE_CURVE('',#1782,#1795,#2308,.F.);
#1766=VERTEX_POINT('',#4665);
#1767=VERTEX_POINT('',#4666);
#1768=VERTEX_POINT('',#4668);
#1769=VERTEX_POINT('',#4670);
#1770=VERTEX_POINT('',#4673);
#1771=VERTEX_POINT('',#4674);
#1772=VERTEX_POINT('',#4676);
#1773=VERTEX_POINT('',#4678);
#1774=VERTEX_POINT('',#4680);
#1775=VERTEX_POINT('',#4682);
#1776=VERTEX_POINT('',#4684);
#1777=VERTEX_POINT('',#4686);
#1778=VERTEX_POINT('',#4690);
#1779=VERTEX_POINT('',#4691);
#1780=VERTEX_POINT('',#4693);
#1781=VERTEX_POINT('',#4695);
#1782=VERTEX_POINT('',#4698);
#1783=VERTEX_POINT('',#4699);
#1784=VERTEX_POINT('',#4701);
#1785=VERTEX_POINT('',#4703);
#1786=VERTEX_POINT('',#4705);
#1787=VERTEX_POINT('',#4707);
#1788=VERTEX_POINT('',#4709);
#1789=VERTEX_POINT('',#4711);
#1790=VERTEX_POINT('',#4715);
#1791=VERTEX_POINT('',#4716);
#1792=VERTEX_POINT('',#4718);
#1793=VERTEX_POINT('',#4720);
#1794=VERTEX_POINT('',#4722);
#1795=VERTEX_POINT('',#4724);
#1796=VERTEX_POINT('',#4726);
#1797=VERTEX_POINT('',#4728);
#1798=VERTEX_POINT('',#4730);
#1799=VERTEX_POINT('',#4732);
#1800=VERTEX_POINT('',#4734);
#1801=VERTEX_POINT('',#4736);
#1802=VERTEX_POINT('',#4738);
#1803=VERTEX_POINT('',#4740);
#1804=VERTEX_POINT('',#4744);
#1805=VERTEX_POINT('',#4745);
#1806=VERTEX_POINT('',#4747);
#1807=VERTEX_POINT('',#4749);
#1808=VERTEX_POINT('',#4751);
#1809=VERTEX_POINT('',#4753);
#1810=VERTEX_POINT('',#4755);
#1811=VERTEX_POINT('',#4757);
#1812=VERTEX_POINT('',#4759);
#1813=VERTEX_POINT('',#4761);
#1814=VERTEX_POINT('',#4763);
#1815=VERTEX_POINT('',#4765);
#1816=VERTEX_POINT('',#4767);
#1817=VERTEX_POINT('',#4769);
#1818=VERTEX_POINT('',#4773);
#1819=VERTEX_POINT('',#4774);
#1820=VERTEX_POINT('',#4776);
#1821=VERTEX_POINT('',#4778);
#1822=VERTEX_POINT('',#4780);
#1823=VERTEX_POINT('',#4782);
#1824=VERTEX_POINT('',#4784);
#1825=VERTEX_POINT('',#4786);
#1826=VERTEX_POINT('',#4788);
#1827=VERTEX_POINT('',#4790);
#1828=VERTEX_POINT('',#4792);
#1829=VERTEX_POINT('',#4794);
#1830=VERTEX_POINT('',#4796);
#1831=VERTEX_POINT('',#4798);
#1832=VERTEX_POINT('',#4800);
#1833=VERTEX_POINT('',#4802);
#1834=VERTEX_POINT('',#4806);
#1835=VERTEX_POINT('',#4808);
#1836=VERTEX_POINT('',#4810);
#1837=VERTEX_POINT('',#4812);
#1838=VERTEX_POINT('',#4814);
#1839=VERTEX_POINT('',#4816);
#1840=VERTEX_POINT('',#4820);
#1841=VERTEX_POINT('',#4821);
#1842=VERTEX_POINT('',#4823);
#1843=VERTEX_POINT('',#4826);
#1844=VERTEX_POINT('',#4828);
#1845=VERTEX_POINT('',#4830);
#1846=VERTEX_POINT('',#4834);
#1847=VERTEX_POINT('',#4835);
#1848=VERTEX_POINT('',#4837);
#1849=VERTEX_POINT('',#4839);
#1850=VERTEX_POINT('',#4841);
#1851=VERTEX_POINT('',#4843);
#1852=VERTEX_POINT('',#4845);
#1853=VERTEX_POINT('',#4847);
#1854=VERTEX_POINT('',#4850);
#1855=VERTEX_POINT('',#4851);
#1856=VERTEX_POINT('',#4853);
#1857=VERTEX_POINT('',#4855);
#1858=VERTEX_POINT('',#4857);
#1859=VERTEX_POINT('',#4859);
#1860=VERTEX_POINT('',#4861);
#1861=VERTEX_POINT('',#4863);
#1862=VERTEX_POINT('',#4866);
#1863=VERTEX_POINT('',#4867);
#1864=VERTEX_POINT('',#4869);
#1865=VERTEX_POINT('',#4871);
#1866=VERTEX_POINT('',#4873);
#1867=VERTEX_POINT('',#4875);
#1868=VERTEX_POINT('',#4878);
#1869=VERTEX_POINT('',#4879);
#1870=VERTEX_POINT('',#4881);
#1871=VERTEX_POINT('',#4883);
#1872=VERTEX_POINT('',#4885);
#1873=VERTEX_POINT('',#4887);
#1874=VERTEX_POINT('',#4889);
#1875=VERTEX_POINT('',#4891);
#1876=VERTEX_POINT('',#4894);
#1877=VERTEX_POINT('',#4895);
#1878=VERTEX_POINT('',#4897);
#1879=VERTEX_POINT('',#4899);
#1880=VERTEX_POINT('',#4901);
#1881=VERTEX_POINT('',#4903);
#1882=VERTEX_POINT('',#4905);
#1883=VERTEX_POINT('',#4907);
#1884=VERTEX_POINT('',#4910);
#1885=VERTEX_POINT('',#4911);
#1886=VERTEX_POINT('',#4913);
#1887=VERTEX_POINT('',#4915);
#1888=VERTEX_POINT('',#4917);
#1889=VERTEX_POINT('',#4919);
#1890=VERTEX_POINT('',#4921);
#1891=VERTEX_POINT('',#4923);
#1892=VERTEX_POINT('',#4926);
#1893=VERTEX_POINT('',#4927);
#1894=VERTEX_POINT('',#4929);
#1895=VERTEX_POINT('',#4931);
#1896=VERTEX_POINT('',#4933);
#1897=VERTEX_POINT('',#4935);
#1898=VERTEX_POINT('',#4937);
#1899=VERTEX_POINT('',#4939);
#1900=VERTEX_POINT('',#4943);
#1901=VERTEX_POINT('',#4945);
#1902=VERTEX_POINT('',#4947);
#1903=VERTEX_POINT('',#4949);
#1904=VERTEX_POINT('',#4951);
#1905=VERTEX_POINT('',#4953);
#1906=VERTEX_POINT('',#4955);
#1907=VERTEX_POINT('',#4957);
#1908=VERTEX_POINT('',#4961);
#1909=VERTEX_POINT('',#4962);
#1910=VERTEX_POINT('',#4964);
#1911=VERTEX_POINT('',#4966);
#1912=VERTEX_POINT('',#4968);
#1913=VERTEX_POINT('',#4970);
#1914=VERTEX_POINT('',#4972);
#1915=VERTEX_POINT('',#4974);
#1916=VERTEX_POINT('',#4977);
#1917=VERTEX_POINT('',#4978);
#1918=VERTEX_POINT('',#4980);
#1919=VERTEX_POINT('',#4982);
#1920=VERTEX_POINT('',#4984);
#1921=VERTEX_POINT('',#4988);
#1922=VERTEX_POINT('',#4989);
#1923=VERTEX_POINT('',#4993);
#1924=VERTEX_POINT('',#4995);
#1925=VERTEX_POINT('',#4997);
#1926=VERTEX_POINT('',#4999);
#1927=VERTEX_POINT('',#5001);
#1928=VERTEX_POINT('',#5003);
#1929=VERTEX_POINT('',#5006);
#1930=VERTEX_POINT('',#5007);
#1931=VERTEX_POINT('',#5009);
#1932=VERTEX_POINT('',#5011);
#1933=VERTEX_POINT('',#5013);
#1934=VERTEX_POINT('',#5015);
#1935=VERTEX_POINT('',#5017);
#1936=VERTEX_POINT('',#5019);
#1937=VERTEX_POINT('',#5022);
#1938=VERTEX_POINT('',#5023);
#1939=VERTEX_POINT('',#5025);
#1940=VERTEX_POINT('',#5027);
#1941=VERTEX_POINT('',#5029);
#1942=VERTEX_POINT('',#5031);
#1943=VERTEX_POINT('',#5044);
#1944=VERTEX_POINT('',#5046);
#1945=VERTEX_POINT('',#5059);
#1946=VERTEX_POINT('',#5061);
#1947=VERTEX_POINT('',#5070);
#1948=VERTEX_POINT('',#5074);
#1949=VERTEX_POINT('',#5078);
#1950=VERTEX_POINT('',#5080);
#1951=VERTEX_POINT('',#5082);
#1952=VERTEX_POINT('',#5084);
#1953=VERTEX_POINT('',#5086);
#1954=VERTEX_POINT('',#5087);
#1955=VERTEX_POINT('',#5089);
#1956=VERTEX_POINT('',#5091);
#1957=VERTEX_POINT('',#5093);
#1958=VERTEX_POINT('',#5095);
#1959=VERTEX_POINT('',#5097);
#1960=VERTEX_POINT('',#5100);
#1961=VERTEX_POINT('',#5102);
#1962=VERTEX_POINT('',#5104);
#1963=VERTEX_POINT('',#5106);
#1964=VERTEX_POINT('',#5108);
#1965=VERTEX_POINT('',#5110);
#1966=VERTEX_POINT('',#5112);
#1967=VERTEX_POINT('',#5115);
#1968=VERTEX_POINT('',#5117);
#1969=VERTEX_POINT('',#5120);
#1970=VERTEX_POINT('',#5122);
#1971=VERTEX_POINT('',#5128);
#1972=VERTEX_POINT('',#5130);
#1973=VERTEX_POINT('',#5135);
#1974=VERTEX_POINT('',#5136);
#1975=VERTEX_POINT('',#5138);
#1976=VERTEX_POINT('',#5140);
#1977=VERTEX_POINT('',#5144);
#1978=VERTEX_POINT('',#5145);
#1979=VERTEX_POINT('',#5147);
#1980=VERTEX_POINT('',#5149);
#1981=VERTEX_POINT('',#5153);
#1982=VERTEX_POINT('',#5155);
#1983=VERTEX_POINT('',#5157);
#1984=VERTEX_POINT('',#5159);
#1985=VERTEX_POINT('',#5168);
#1986=VERTEX_POINT('',#5170);
#1987=VERTEX_POINT('',#5172);
#1988=VERTEX_POINT('',#5174);
#1989=VERTEX_POINT('',#5207);
#1990=VERTEX_POINT('',#5212);
#1991=VERTEX_POINT('',#5214);
#1992=VERTEX_POINT('',#5218);
#1993=VERTEX_POINT('',#5219);
#1994=VERTEX_POINT('',#5223);
#1995=VERTEX_POINT('',#5228);
#1996=VERTEX_POINT('',#5230);
#1997=VERTEX_POINT('',#5232);
#1998=VERTEX_POINT('',#5236);
#1999=VERTEX_POINT('',#5241);
#2000=VERTEX_POINT('',#5313);
#2001=VERTEX_POINT('',#5314);
#2002=VERTEX_POINT('',#5316);
#2003=VERTEX_POINT('',#5318);
#2004=VERTEX_POINT('',#5322);
#2005=VERTEX_POINT('',#5323);
#2006=VERTEX_POINT('',#5325);
#2007=VERTEX_POINT('',#5327);
#2008=VERTEX_POINT('',#5331);
#2009=VERTEX_POINT('',#5332);
#2010=VERTEX_POINT('',#5334);
#2011=VERTEX_POINT('',#5336);
#2012=VERTEX_POINT('',#5340);
#2013=VERTEX_POINT('',#5341);
#2014=VERTEX_POINT('',#5343);
#2015=VERTEX_POINT('',#5345);
#2016=VERTEX_POINT('',#5349);
#2017=VERTEX_POINT('',#5351);
#2018=VERTEX_POINT('',#5358);
#2019=VERTEX_POINT('',#5362);
#2020=VERTEX_POINT('',#5370);
#2021=VERTEX_POINT('',#5374);
#2022=VERTEX_POINT('',#5382);
#2023=VERTEX_POINT('',#5386);
#2024=VERTEX_POINT('',#5397);
#2025=VERTEX_POINT('',#5399);
#2026=VERTEX_POINT('',#5406);
#2027=VERTEX_POINT('',#5410);
#2028=VERTEX_POINT('',#5418);
#2029=VERTEX_POINT('',#5422);
#2030=VERTEX_POINT('',#5430);
#2031=VERTEX_POINT('',#5434);
#2032=VERTEX_POINT('',#5445);
#2033=VERTEX_POINT('',#5447);
#2034=VERTEX_POINT('',#5451);
#2035=VERTEX_POINT('',#5458);
#2036=VERTEX_POINT('',#5462);
#2037=VERTEX_POINT('',#5470);
#2038=VERTEX_POINT('',#5474);
#2039=VERTEX_POINT('',#5478);
#2040=VERTEX_POINT('',#5493);
#2041=VERTEX_POINT('',#5495);
#2042=VERTEX_POINT('',#5499);
#2043=VERTEX_POINT('',#5506);
#2044=VERTEX_POINT('',#5510);
#2045=VERTEX_POINT('',#5518);
#2046=VERTEX_POINT('',#5522);
#2047=VERTEX_POINT('',#5526);
#2048=VERTEX_POINT('',#5544);
#2049=VERTEX_POINT('',#5548);
#2050=VERTEX_POINT('',#5554);
#2051=VERTEX_POINT('',#5556);
#2052=VERTEX_POINT('',#5560);
#2053=VERTEX_POINT('',#5562);
#2054=VERTEX_POINT('',#5574);
#2055=VERTEX_POINT('',#5578);
#2056=VERTEX_POINT('',#5585);
#2057=VERTEX_POINT('',#5586);
#2058=VERTEX_POINT('',#5591);
#2059=VERTEX_POINT('',#5592);
#2060=LINE('',#4664,#2309);
#2061=LINE('',#4667,#2310);
#2062=LINE('',#4669,#2311);
#2063=LINE('',#4671,#2312);
#2064=LINE('',#4672,#2313);
#2065=LINE('',#4677,#2314);
#2066=LINE('',#4681,#2315);
#2067=LINE('',#4685,#2316);
#2068=LINE('',#4689,#2317);
#2069=LINE('',#4692,#2318);
#2070=LINE('',#4694,#2319);
#2071=LINE('',#4696,#2320);
#2072=LINE('',#4697,#2321);
#2073=LINE('',#4702,#2322);
#2074=LINE('',#4706,#2323);
#2075=LINE('',#4710,#2324);
#2076=LINE('',#4714,#2325);
#2077=LINE('',#4719,#2326);
#2078=LINE('',#4723,#2327);
#2079=LINE('',#4727,#2328);
#2080=LINE('',#4731,#2329);
#2081=LINE('',#4733,#2330);
#2082=LINE('',#4735,#2331);
#2083=LINE('',#4739,#2332);
#2084=LINE('',#4743,#2333);
#2085=LINE('',#4748,#2334);
#2086=LINE('',#4752,#2335);
#2087=LINE('',#4756,#2336);
#2088=LINE('',#4760,#2337);
#2089=LINE('',#4762,#2338);
#2090=LINE('',#4764,#2339);
#2091=LINE('',#4768,#2340);
#2092=LINE('',#4772,#2341);
#2093=LINE('',#4775,#2342);
#2094=LINE('',#4777,#2343);
#2095=LINE('',#4781,#2344);
#2096=LINE('',#4785,#2345);
#2097=LINE('',#4787,#2346);
#2098=LINE('',#4791,#2347);
#2099=LINE('',#4795,#2348);
#2100=LINE('',#4797,#2349);
#2101=LINE('',#4801,#2350);
#2102=LINE('',#4803,#2351);
#2103=LINE('',#4805,#2352);
#2104=LINE('',#4809,#2353);
#2105=LINE('',#4811,#2354);
#2106=LINE('',#4813,#2355);
#2107=LINE('',#4815,#2356);
#2108=LINE('',#4817,#2357);
#2109=LINE('',#4819,#2358);
#2110=LINE('',#4822,#2359);
#2111=LINE('',#4825,#2360);
#2112=LINE('',#4827,#2361);
#2113=LINE('',#4829,#2362);
#2114=LINE('',#4831,#2363);
#2115=LINE('',#4836,#2364);
#2116=LINE('',#4840,#2365);
#2117=LINE('',#4844,#2366);
#2118=LINE('',#4848,#2367);
#2119=LINE('',#4852,#2368);
#2120=LINE('',#4856,#2369);
#2121=LINE('',#4860,#2370);
#2122=LINE('',#4864,#2371);
#2123=LINE('',#4865,#2372);
#2124=LINE('',#4870,#2373);
#2125=LINE('',#4874,#2374);
#2126=LINE('',#4877,#2375);
#2127=LINE('',#4882,#2376);
#2128=LINE('',#4886,#2377);
#2129=LINE('',#4890,#2378);
#2130=LINE('',#4893,#2379);
#2131=LINE('',#4896,#2380);
#2132=LINE('',#4898,#2381);
#2133=LINE('',#4900,#2382);
#2134=LINE('',#4902,#2383);
#2135=LINE('',#4904,#2384);
#2136=LINE('',#4906,#2385);
#2137=LINE('',#4908,#2386);
#2138=LINE('',#4912,#2387);
#2139=LINE('',#4916,#2388);
#2140=LINE('',#4920,#2389);
#2141=LINE('',#4924,#2390);
#2142=LINE('',#4928,#2391);
#2143=LINE('',#4932,#2392);
#2144=LINE('',#4936,#2393);
#2145=LINE('',#4940,#2394);
#2146=LINE('',#4942,#2395);
#2147=LINE('',#4946,#2396);
#2148=LINE('',#4950,#2397);
#2149=LINE('',#4954,#2398);
#2150=LINE('',#4958,#2399);
#2151=LINE('',#4959,#2400);
#2152=LINE('',#4960,#2401);
#2153=LINE('',#4965,#2402);
#2154=LINE('',#4969,#2403);
#2155=LINE('',#4973,#2404);
#2156=LINE('',#4976,#2405);
#2157=LINE('',#4981,#2406);
#2158=LINE('',#4985,#2407);
#2159=LINE('',#4990,#2408);
#2160=LINE('',#4991,#2409);
#2161=LINE('',#4992,#2410);
#2162=LINE('',#4996,#2411);
#2163=LINE('',#5000,#2412);
#2164=LINE('',#5004,#2413);
#2165=LINE('',#5005,#2414);
#2166=LINE('',#5010,#2415);
#2167=LINE('',#5014,#2416);
#2168=LINE('',#5018,#2417);
#2169=LINE('',#5021,#2418);
#2170=LINE('',#5026,#2419);
#2171=LINE('',#5030,#2420);
#2172=LINE('',#5045,#2421);
#2173=LINE('',#5060,#2422);
#2174=LINE('',#5069,#2423);
#2175=LINE('',#5071,#2424);
#2176=LINE('',#5072,#2425);
#2177=LINE('',#5073,#2426);
#2178=LINE('',#5075,#2427);
#2179=LINE('',#5085,#2428);
#2180=LINE('',#5090,#2429);
#2181=LINE('',#5094,#2430);
#2182=LINE('',#5096,#2431);
#2183=LINE('',#5101,#2432);
#2184=LINE('',#5103,#2433);
#2185=LINE('',#5107,#2434);
#2186=LINE('',#5111,#2435);
#2187=LINE('',#5113,#2436);
#2188=LINE('',#5116,#2437);
#2189=LINE('',#5121,#2438);
#2190=LINE('',#5124,#2439);
#2191=LINE('',#5126,#2440);
#2192=LINE('',#5127,#2441);
#2193=LINE('',#5129,#2442);
#2194=LINE('',#5131,#2443);
#2195=LINE('',#5132,#2444);
#2196=LINE('',#5134,#2445);
#2197=LINE('',#5137,#2446);
#2198=LINE('',#5139,#2447);
#2199=LINE('',#5141,#2448);
#2200=LINE('',#5143,#2449);
#2201=LINE('',#5146,#2450);
#2202=LINE('',#5148,#2451);
#2203=LINE('',#5150,#2452);
#2204=LINE('',#5158,#2453);
#2205=LINE('',#5164,#2454);
#2206=LINE('',#5165,#2455);
#2207=LINE('',#5173,#2456);
#2208=LINE('',#5179,#2457);
#2209=LINE('',#5180,#2458);
#2210=LINE('',#5182,#2459);
#2211=LINE('',#5183,#2460);
#2212=LINE('',#5185,#2461);
#2213=LINE('',#5186,#2462);
#2214=LINE('',#5188,#2463);
#2215=LINE('',#5189,#2464);
#2216=LINE('',#5191,#2465);
#2217=LINE('',#5192,#2466);
#2218=LINE('',#5194,#2467);
#2219=LINE('',#5195,#2468);
#2220=LINE('',#5197,#2469);
#2221=LINE('',#5198,#2470);
#2222=LINE('',#5200,#2471);
#2223=LINE('',#5201,#2472);
#2224=LINE('',#5203,#2473);
#2225=LINE('',#5204,#2474);
#2226=LINE('',#5206,#2475);
#2227=LINE('',#5208,#2476);
#2228=LINE('',#5209,#2477);
#2229=LINE('',#5211,#2478);
#2230=LINE('',#5213,#2479);
#2231=LINE('',#5215,#2480);
#2232=LINE('',#5217,#2481);
#2233=LINE('',#5220,#2482);
#2234=LINE('',#5221,#2483);
#2235=LINE('',#5224,#2484);
#2236=LINE('',#5226,#2485);
#2237=LINE('',#5227,#2486);
#2238=LINE('',#5229,#2487);
#2239=LINE('',#5231,#2488);
#2240=LINE('',#5235,#2489);
#2241=LINE('',#5237,#2490);
#2242=LINE('',#5239,#2491);
#2243=LINE('',#5240,#2492);
#2244=LINE('',#5242,#2493);
#2245=LINE('',#5312,#2494);
#2246=LINE('',#5315,#2495);
#2247=LINE('',#5317,#2496);
#2248=LINE('',#5319,#2497);
#2249=LINE('',#5321,#2498);
#2250=LINE('',#5324,#2499);
#2251=LINE('',#5326,#2500);
#2252=LINE('',#5328,#2501);
#2253=LINE('',#5330,#2502);
#2254=LINE('',#5333,#2503);
#2255=LINE('',#5335,#2504);
#2256=LINE('',#5337,#2505);
#2257=LINE('',#5339,#2506);
#2258=LINE('',#5342,#2507);
#2259=LINE('',#5344,#2508);
#2260=LINE('',#5346,#2509);
#2261=LINE('',#5357,#2510);
#2262=LINE('',#5363,#2511);
#2263=LINE('',#5381,#2512);
#2264=LINE('',#5385,#2513);
#2265=LINE('',#5405,#2514);
#2266=LINE('',#5411,#2515);
#2267=LINE('',#5429,#2516);
#2268=LINE('',#5433,#2517);
#2269=LINE('',#5446,#2518);
#2270=LINE('',#5463,#2519);
#2271=LINE('',#5471,#2520);
#2272=LINE('',#5485,#2521);
#2273=LINE('',#5496,#2522);
#2274=LINE('',#5511,#2523);
#2275=LINE('',#5519,#2524);
#2276=LINE('',#5533,#2525);
#2277=LINE('',#5540,#2526);
#2278=LINE('',#5542,#2527);
#2279=LINE('',#5543,#2528);
#2280=LINE('',#5545,#2529);
#2281=LINE('',#5547,#2530);
#2282=LINE('',#5551,#2531);
#2283=LINE('',#5553,#2532);
#2284=LINE('',#5557,#2533);
#2285=LINE('',#5559,#2534);
#2286=LINE('',#5563,#2535);
#2287=LINE('',#5571,#2536);
#2288=LINE('',#5573,#2537);
#2289=LINE('',#5575,#2538);
#2290=LINE('',#5577,#2539);
#2291=LINE('',#5581,#2540);
#2292=LINE('',#5582,#2541);
#2293=LINE('',#5587,#2542);
#2294=LINE('',#5588,#2543);
#2295=LINE('',#5593,#2544);
#2296=LINE('',#5594,#2545);
#2297=LINE('',#5602,#2546);
#2298=LINE('',#5603,#2547);
#2299=LINE('',#5605,#2548);
#2300=LINE('',#5606,#2549);
#2301=LINE('',#5608,#2550);
#2302=LINE('',#5609,#2551);
#2303=LINE('',#5611,#2552);
#2304=LINE('',#5612,#2553);
#2305=LINE('',#5614,#2554);
#2306=LINE('',#5615,#2555);
#2307=LINE('',#5617,#2556);
#2308=LINE('',#5618,#2557);
#2309=VECTOR('',#3621,1.);
#2310=VECTOR('',#3622,1.);
#2311=VECTOR('',#3623,1.);
#2312=VECTOR('',#3624,1.);
#2313=VECTOR('',#3625,1.);
#2314=VECTOR('',#3628,1.);
#2315=VECTOR('',#3631,1.);
#2316=VECTOR('',#3634,1.);
#2317=VECTOR('',#3639,1.);
#2318=VECTOR('',#3640,1.);
#2319=VECTOR('',#3641,1.);
#2320=VECTOR('',#3642,1.);
#2321=VECTOR('',#3643,1.);
#2322=VECTOR('',#3646,1.);
#2323=VECTOR('',#3649,1.);
#2324=VECTOR('',#3652,1.);
#2325=VECTOR('',#3657,1.);
#2326=VECTOR('',#3660,1.);
#2327=VECTOR('',#3663,1.);
#2328=VECTOR('',#3666,1.);
#2329=VECTOR('',#3669,1.);
#2330=VECTOR('',#3670,1.);
#2331=VECTOR('',#3671,1.);
#2332=VECTOR('',#3674,1.);
#2333=VECTOR('',#3679,1.);
#2334=VECTOR('',#3682,1.);
#2335=VECTOR('',#3685,1.);
#2336=VECTOR('',#3688,1.);
#2337=VECTOR('',#3691,1.);
#2338=VECTOR('',#3692,1.);
#2339=VECTOR('',#3693,1.);
#2340=VECTOR('',#3696,1.);
#2341=VECTOR('',#3701,1.);
#2342=VECTOR('',#3702,1.);
#2343=VECTOR('',#3703,1.);
#2344=VECTOR('',#3706,1.);
#2345=VECTOR('',#3709,1.);
#2346=VECTOR('',#3710,1.);
#2347=VECTOR('',#3713,1.);
#2348=VECTOR('',#3716,1.);
#2349=VECTOR('',#3717,1.);
#2350=VECTOR('',#3720,1.);
#2351=VECTOR('',#3721,1.);
#2352=VECTOR('',#3724,1.);
#2353=VECTOR('',#3727,1.);
#2354=VECTOR('',#3728,1.);
#2355=VECTOR('',#3729,1.);
#2356=VECTOR('',#3730,1.);
#2357=VECTOR('',#3731,1.);
#2358=VECTOR('',#3734,1.);
#2359=VECTOR('',#3735,1.);
#2360=VECTOR('',#3738,1.);
#2361=VECTOR('',#3739,1.);
#2362=VECTOR('',#3740,1.);
#2363=VECTOR('',#3741,1.);
#2364=VECTOR('',#3746,1.);
#2365=VECTOR('',#3749,1.);
#2366=VECTOR('',#3752,1.);
#2367=VECTOR('',#3755,1.);
#2368=VECTOR('',#3758,1.);
#2369=VECTOR('',#3761,1.);
#2370=VECTOR('',#3764,1.);
#2371=VECTOR('',#3767,1.);
#2372=VECTOR('',#3768,1.);
#2373=VECTOR('',#3771,1.);
#2374=VECTOR('',#3774,1.);
#2375=VECTOR('',#3777,1.);
#2376=VECTOR('',#3780,1.);
#2377=VECTOR('',#3783,1.);
#2378=VECTOR('',#3786,1.);
#2379=VECTOR('',#3789,1.);
#2380=VECTOR('',#3790,1.);
#2381=VECTOR('',#3791,1.);
#2382=VECTOR('',#3792,1.);
#2383=VECTOR('',#3793,1.);
#2384=VECTOR('',#3794,1.);
#2385=VECTOR('',#3795,1.);
#2386=VECTOR('',#3796,1.);
#2387=VECTOR('',#3799,1.);
#2388=VECTOR('',#3802,1.);
#2389=VECTOR('',#3805,1.);
#2390=VECTOR('',#3808,1.);
#2391=VECTOR('',#3811,1.);
#2392=VECTOR('',#3814,1.);
#2393=VECTOR('',#3817,1.);
#2394=VECTOR('',#3820,1.);
#2395=VECTOR('',#3823,1.);
#2396=VECTOR('',#3826,1.);
#2397=VECTOR('',#3829,1.);
#2398=VECTOR('',#3832,1.);
#2399=VECTOR('',#3835,1.);
#2400=VECTOR('',#3836,1.);
#2401=VECTOR('',#3837,1.);
#2402=VECTOR('',#3840,1.);
#2403=VECTOR('',#3843,1.);
#2404=VECTOR('',#3846,1.);
#2405=VECTOR('',#3849,1.);
#2406=VECTOR('',#3852,1.);
#2407=VECTOR('',#3855,1.);
#2408=VECTOR('',#3860,1.);
#2409=VECTOR('',#3861,1.);
#2410=VECTOR('',#3862,1.);
#2411=VECTOR('',#3865,1.);
#2412=VECTOR('',#3868,1.);
#2413=VECTOR('',#3871,1.);
#2414=VECTOR('',#3872,1.);
#2415=VECTOR('',#3875,1.);
#2416=VECTOR('',#3878,1.);
#2417=VECTOR('',#3881,1.);
#2418=VECTOR('',#3884,1.);
#2419=VECTOR('',#3887,1.);
#2420=VECTOR('',#3890,1.);
#2421=VECTOR('',#3903,1.);
#2422=VECTOR('',#3904,1.);
#2423=VECTOR('',#3907,1.);
#2424=VECTOR('',#3908,1.);
#2425=VECTOR('',#3909,1.);
#2426=VECTOR('',#3910,1.);
#2427=VECTOR('',#3911,1.);
#2428=VECTOR('',#3922,1.);
#2429=VECTOR('',#3925,1.);
#2430=VECTOR('',#3928,1.);
#2431=VECTOR('',#3929,1.);
#2432=VECTOR('',#3934,1.);
#2433=VECTOR('',#3935,1.);
#2434=VECTOR('',#3938,1.);
#2435=VECTOR('',#3941,1.);
#2436=VECTOR('',#3942,1.);
#2437=VECTOR('',#3945,1.);
#2438=VECTOR('',#3950,1.);
#2439=VECTOR('',#3953,1.);
#2440=VECTOR('',#3956,1.);
#2441=VECTOR('',#3957,1.);
#2442=VECTOR('',#3958,1.);
#2443=VECTOR('',#3959,1.);
#2444=VECTOR('',#3960,1.);
#2445=VECTOR('',#3963,1.);
#2446=VECTOR('',#3964,1.);
#2447=VECTOR('',#3965,1.);
#2448=VECTOR('',#3966,1.);
#2449=VECTOR('',#3969,1.);
#2450=VECTOR('',#3970,1.);
#2451=VECTOR('',#3971,1.);
#2452=VECTOR('',#3972,1.);
#2453=VECTOR('',#3981,1.);
#2454=VECTOR('',#3990,1.);
#2455=VECTOR('',#3991,1.);
#2456=VECTOR('',#4000,1.);
#2457=VECTOR('',#4009,1.);
#2458=VECTOR('',#4010,1.);
#2459=VECTOR('',#4013,1.);
#2460=VECTOR('',#4014,1.);
#2461=VECTOR('',#4017,1.);
#2462=VECTOR('',#4018,1.);
#2463=VECTOR('',#4021,1.);
#2464=VECTOR('',#4022,1.);
#2465=VECTOR('',#4025,1.);
#2466=VECTOR('',#4026,1.);
#2467=VECTOR('',#4029,1.);
#2468=VECTOR('',#4030,1.);
#2469=VECTOR('',#4033,1.);
#2470=VECTOR('',#4034,1.);
#2471=VECTOR('',#4037,1.);
#2472=VECTOR('',#4038,1.);
#2473=VECTOR('',#4041,1.);
#2474=VECTOR('',#4042,1.);
#2475=VECTOR('',#4045,1.);
#2476=VECTOR('',#4046,1.);
#2477=VECTOR('',#4047,1.);
#2478=VECTOR('',#4050,1.);
#2479=VECTOR('',#4051,1.);
#2480=VECTOR('',#4052,1.);
#2481=VECTOR('',#4055,1.);
#2482=VECTOR('',#4056,1.);
#2483=VECTOR('',#4057,1.);
#2484=VECTOR('',#4060,1.);
#2485=VECTOR('',#4063,1.);
#2486=VECTOR('',#4064,1.);
#2487=VECTOR('',#4065,1.);
#2488=VECTOR('',#4066,1.);
#2489=VECTOR('',#4071,1.);
#2490=VECTOR('',#4072,1.);
#2491=VECTOR('',#4075,1.);
#2492=VECTOR('',#4076,1.);
#2493=VECTOR('',#4077,1.);
#2494=VECTOR('',#4216,1.);
#2495=VECTOR('',#4217,1.);
#2496=VECTOR('',#4218,1.);
#2497=VECTOR('',#4219,1.);
#2498=VECTOR('',#4222,1.);
#2499=VECTOR('',#4223,1.);
#2500=VECTOR('',#4224,1.);
#2501=VECTOR('',#4225,1.);
#2502=VECTOR('',#4228,1.);
#2503=VECTOR('',#4229,1.);
#2504=VECTOR('',#4230,1.);
#2505=VECTOR('',#4231,1.);
#2506=VECTOR('',#4234,1.);
#2507=VECTOR('',#4235,1.);
#2508=VECTOR('',#4236,1.);
#2509=VECTOR('',#4237,1.);
#2510=VECTOR('',#4254,1.);
#2511=VECTOR('',#4261,1.);
#2512=VECTOR('',#4292,1.);
#2513=VECTOR('',#4297,1.);
#2514=VECTOR('',#4330,1.);
#2515=VECTOR('',#4337,1.);
#2516=VECTOR('',#4368,1.);
#2517=VECTOR('',#4373,1.);
#2518=VECTOR('',#4394,1.);
#2519=VECTOR('',#4419,1.);
#2520=VECTOR('',#4432,1.);
#2521=VECTOR('',#4455,1.);
#2522=VECTOR('',#4472,1.);
#2523=VECTOR('',#4495,1.);
#2524=VECTOR('',#4508,1.);
#2525=VECTOR('',#4531,1.);
#2526=VECTOR('',#4544,1.);
#2527=VECTOR('',#4547,1.);
#2528=VECTOR('',#4548,1.);
#2529=VECTOR('',#4549,1.);
#2530=VECTOR('',#4552,1.);
#2531=VECTOR('',#4557,1.);
#2532=VECTOR('',#4560,1.);
#2533=VECTOR('',#4563,1.);
#2534=VECTOR('',#4566,1.);
#2535=VECTOR('',#4569,1.);
#2536=VECTOR('',#4584,1.);
#2537=VECTOR('',#4587,1.);
#2538=VECTOR('',#4588,1.);
#2539=VECTOR('',#4591,1.);
#2540=VECTOR('',#4596,1.);
#2541=VECTOR('',#4597,1.);
#2542=VECTOR('',#4602,1.);
#2543=VECTOR('',#4603,1.);
#2544=VECTOR('',#4608,1.);
#2545=VECTOR('',#4609,1.);
#2546=VECTOR('',#4624,1.);
#2547=VECTOR('',#4625,1.);
#2548=VECTOR('',#4628,1.);
#2549=VECTOR('',#4629,1.);
#2550=VECTOR('',#4632,1.);
#2551=VECTOR('',#4633,1.);
#2552=VECTOR('',#4636,1.);
#2553=VECTOR('',#4637,1.);
#2554=VECTOR('',#4640,1.);
#2555=VECTOR('',#4641,1.);
#2556=VECTOR('',#4644,1.);
#2557=VECTOR('',#4645,1.);
#2558=EDGE_LOOP('',(#359,#360,#361,#362));
#2559=EDGE_LOOP('',(#363,#364,#365,#366,#367,#368,#369,#370));
#2560=EDGE_LOOP('',(#371,#372,#373,#374));
#2561=EDGE_LOOP('',(#375,#376,#377,#378,#379,#380,#381,#382));
#2562=EDGE_LOOP('',(#383,#384,#385,#386,#387,#388,#389,#390,#391,#392,#393,
#394,#395,#396));
#2563=EDGE_LOOP('',(#397,#398,#399,#400,#401,#402,#403,#404,#405,#406,#407,
#408,#409,#410));
#2564=EDGE_LOOP('',(#411,#412,#413,#414,#415,#416,#417,#418,#419,#420,#421,
#422,#423,#424,#425,#426));
#2565=EDGE_LOOP('',(#427,#428,#429,#430,#431,#432,#433));
#2566=EDGE_LOOP('',(#434,#435,#436,#437,#438,#439,#440));
#2567=EDGE_LOOP('',(#441,#442,#443,#444,#445,#446,#447,#448));
#2568=EDGE_LOOP('',(#449,#450,#451,#452,#453,#454,#455,#456));
#2569=EDGE_LOOP('',(#457,#458,#459,#460,#461,#462));
#2570=EDGE_LOOP('',(#463,#464,#465,#466,#467,#468,#469,#470));
#2571=EDGE_LOOP('',(#471,#472,#473,#474,#475,#476,#477,#478));
#2572=EDGE_LOOP('',(#479,#480,#481,#482,#483,#484,#485,#486));
#2573=EDGE_LOOP('',(#487,#488,#489,#490,#491,#492,#493,#494));
#2574=EDGE_LOOP('',(#495,#496,#497,#498,#499,#500,#501,#502,#503,#504,#505,
#506));
#2575=EDGE_LOOP('',(#507,#508,#509,#510,#511,#512,#513,#514));
#2576=EDGE_LOOP('',(#515,#516,#517,#518,#519));
#2577=EDGE_LOOP('',(#520,#521,#522,#523,#524,#525,#526,#527,#528,#529,#530,
#531));
#2578=EDGE_LOOP('',(#532,#533,#534,#535,#536,#537,#538,#539));
#2579=EDGE_LOOP('',(#540,#541,#542,#543,#544,#545));
#2580=EDGE_LOOP('',(#546,#547,#548,#549,#550,#551,#552,#553,#554,#555));
#2581=EDGE_LOOP('',(#556,#557,#558,#559,#560,#561,#562,#563));
#2582=EDGE_LOOP('',(#564,#565,#566,#567,#568,#569,#570,#571));
#2583=EDGE_LOOP('',(#572));
#2584=EDGE_LOOP('',(#573));
#2585=EDGE_LOOP('',(#574));
#2586=EDGE_LOOP('',(#575));
#2587=EDGE_LOOP('',(#576,#577,#578,#579,#580,#581,#582,#583,#584,#585,#586,
#587,#588,#589,#590,#591,#592,#593,#594,#595,#596,#597,#598,#599,#600,#601));
#2588=EDGE_LOOP('',(#602,#603,#604,#605));
#2589=EDGE_LOOP('',(#606,#607,#608,#609,#610,#611,#612,#613));
#2590=EDGE_LOOP('',(#614,#615,#616,#617));
#2591=EDGE_LOOP('',(#618,#619,#620,#621));
#2592=EDGE_LOOP('',(#622));
#2593=EDGE_LOOP('',(#623));
#2594=EDGE_LOOP('',(#624,#625,#626,#627,#628,#629,#630,#631));
#2595=EDGE_LOOP('',(#632,#633,#634,#635));
#2596=EDGE_LOOP('',(#636));
#2597=EDGE_LOOP('',(#637));
#2598=EDGE_LOOP('',(#638,#639,#640,#641,#642,#643,#644,#645));
#2599=EDGE_LOOP('',(#646,#647,#648,#649));
#2600=EDGE_LOOP('',(#650,#651,#652,#653));
#2601=EDGE_LOOP('',(#654,#655,#656,#657));
#2602=EDGE_LOOP('',(#658,#659,#660,#661));
#2603=EDGE_LOOP('',(#662,#663,#664,#665));
#2604=EDGE_LOOP('',(#666,#667,#668,#669));
#2605=EDGE_LOOP('',(#670,#671,#672,#673));
#2606=EDGE_LOOP('',(#674,#675,#676,#677));
#2607=EDGE_LOOP('',(#678,#679,#680,#681));
#2608=EDGE_LOOP('',(#682,#683,#684,#685,#686));
#2609=EDGE_LOOP('',(#687,#688,#689,#690));
#2610=EDGE_LOOP('',(#691,#692,#693,#694,#695,#696,#697));
#2611=EDGE_LOOP('',(#698,#699,#700,#701,#702,#703,#704));
#2612=EDGE_LOOP('',(#705,#706,#707,#708));
#2613=EDGE_LOOP('',(#709,#710,#711,#712,#713));
#2614=EDGE_LOOP('',(#714,#715,#716,#717));
#2615=EDGE_LOOP('',(#718,#719,#720,#721));
#2616=EDGE_LOOP('',(#722,#723,#724,#725));
#2617=EDGE_LOOP('',(#726,#727,#728,#729));
#2618=EDGE_LOOP('',(#730,#731,#732,#733));
#2619=EDGE_LOOP('',(#734,#735,#736,#737));
#2620=EDGE_LOOP('',(#738,#739,#740,#741));
#2621=EDGE_LOOP('',(#742,#743,#744,#745));
#2622=EDGE_LOOP('',(#746,#747,#748,#749));
#2623=EDGE_LOOP('',(#750,#751,#752,#753));
#2624=EDGE_LOOP('',(#754,#755,#756,#757));
#2625=EDGE_LOOP('',(#758,#759,#760,#761));
#2626=EDGE_LOOP('',(#762,#763,#764,#765));
#2627=EDGE_LOOP('',(#766,#767,#768,#769));
#2628=EDGE_LOOP('',(#770,#771,#772,#773));
#2629=EDGE_LOOP('',(#774,#775,#776,#777));
#2630=EDGE_LOOP('',(#778,#779,#780,#781));
#2631=EDGE_LOOP('',(#782,#783,#784,#785));
#2632=EDGE_LOOP('',(#786,#787,#788,#789));
#2633=EDGE_LOOP('',(#790,#791,#792,#793));
#2634=EDGE_LOOP('',(#794,#795,#796,#797));
#2635=EDGE_LOOP('',(#798));
#2636=EDGE_LOOP('',(#799));
#2637=EDGE_LOOP('',(#800));
#2638=EDGE_LOOP('',(#801));
#2639=EDGE_LOOP('',(#802));
#2640=EDGE_LOOP('',(#803));
#2641=EDGE_LOOP('',(#804));
#2642=EDGE_LOOP('',(#805));
#2643=EDGE_LOOP('',(#806,#807,#808,#809));
#2644=EDGE_LOOP('',(#810,#811,#812,#813));
#2645=EDGE_LOOP('',(#814,#815,#816,#817));
#2646=EDGE_LOOP('',(#818,#819,#820,#821));
#2647=EDGE_LOOP('',(#822,#823,#824,#825));
#2648=EDGE_LOOP('',(#826,#827,#828,#829));
#2649=EDGE_LOOP('',(#830,#831,#832,#833));
#2650=EDGE_LOOP('',(#834,#835,#836,#837));
#2651=EDGE_LOOP('',(#838,#839,#840,#841));
#2652=EDGE_LOOP('',(#842,#843,#844,#845));
#2653=EDGE_LOOP('',(#846,#847,#848,#849));
#2654=EDGE_LOOP('',(#850,#851,#852,#853));
#2655=EDGE_LOOP('',(#854,#855,#856,#857));
#2656=EDGE_LOOP('',(#858,#859,#860,#861));
#2657=EDGE_LOOP('',(#862,#863,#864,#865));
#2658=EDGE_LOOP('',(#866,#867,#868,#869));
#2659=EDGE_LOOP('',(#870,#871,#872,#873));
#2660=EDGE_LOOP('',(#874,#875,#876,#877));
#2661=EDGE_LOOP('',(#878,#879,#880,#881));
#2662=EDGE_LOOP('',(#882,#883,#884,#885));
#2663=EDGE_LOOP('',(#886,#887,#888,#889));
#2664=EDGE_LOOP('',(#890,#891,#892,#893));
#2665=EDGE_LOOP('',(#894,#895,#896,#897));
#2666=EDGE_LOOP('',(#898,#899,#900,#901));
#2667=EDGE_LOOP('',(#902,#903,#904));
#2668=EDGE_LOOP('',(#905,#906,#907,#908));
#2669=EDGE_LOOP('',(#909,#910,#911,#912));
#2670=EDGE_LOOP('',(#913,#914,#915,#916));
#2671=EDGE_LOOP('',(#917,#918,#919,#920));
#2672=EDGE_LOOP('',(#921,#922,#923,#924));
#2673=EDGE_LOOP('',(#925,#926,#927));
#2674=EDGE_LOOP('',(#928,#929,#930));
#2675=EDGE_LOOP('',(#931,#932,#933,#934));
#2676=EDGE_LOOP('',(#935,#936,#937,#938));
#2677=EDGE_LOOP('',(#939,#940,#941,#942));
#2678=EDGE_LOOP('',(#943,#944,#945,#946));
#2679=EDGE_LOOP('',(#947,#948,#949,#950));
#2680=EDGE_LOOP('',(#951,#952,#953,#954));
#2681=EDGE_LOOP('',(#955,#956,#957));
#2682=EDGE_LOOP('',(#958,#959,#960,#961));
#2683=EDGE_LOOP('',(#962,#963,#964));
#2684=EDGE_LOOP('',(#965,#966,#967,#968));
#2685=EDGE_LOOP('',(#969,#970,#971,#972));
#2686=EDGE_LOOP('',(#973,#974,#975,#976));
#2687=EDGE_LOOP('',(#977,#978,#979,#980));
#2688=EDGE_LOOP('',(#981,#982,#983,#984));
#2689=EDGE_LOOP('',(#985,#986,#987));
#2690=EDGE_LOOP('',(#988,#989,#990));
#2691=EDGE_LOOP('',(#991,#992,#993,#994));
#2692=EDGE_LOOP('',(#995,#996,#997,#998));
#2693=EDGE_LOOP('',(#999,#1000,#1001,#1002));
#2694=EDGE_LOOP('',(#1003,#1004,#1005,#1006));
#2695=EDGE_LOOP('',(#1007,#1008,#1009,#1010));
#2696=EDGE_LOOP('',(#1011,#1012,#1013,#1014));
#2697=EDGE_LOOP('',(#1015,#1016,#1017));
#2698=EDGE_LOOP('',(#1018,#1019,#1020,#1021));
#2699=EDGE_LOOP('',(#1022,#1023,#1024,#1025));
#2700=EDGE_LOOP('',(#1026,#1027,#1028));
#2701=EDGE_LOOP('',(#1029,#1030,#1031,#1032));
#2702=EDGE_LOOP('',(#1033,#1034,#1035));
#2703=EDGE_LOOP('',(#1036,#1037,#1038,#1039));
#2704=EDGE_LOOP('',(#1040,#1041,#1042,#1043));
#2705=EDGE_LOOP('',(#1044,#1045,#1046,#1047));
#2706=EDGE_LOOP('',(#1048,#1049,#1050,#1051));
#2707=EDGE_LOOP('',(#1052,#1053,#1054));
#2708=EDGE_LOOP('',(#1055,#1056,#1057));
#2709=EDGE_LOOP('',(#1058,#1059,#1060,#1061));
#2710=EDGE_LOOP('',(#1062,#1063,#1064,#1065));
#2711=EDGE_LOOP('',(#1066,#1067,#1068,#1069));
#2712=EDGE_LOOP('',(#1070,#1071,#1072,#1073));
#2713=EDGE_LOOP('',(#1074,#1075,#1076,#1077));
#2714=EDGE_LOOP('',(#1078,#1079,#1080,#1081));
#2715=EDGE_LOOP('',(#1082,#1083,#1084,#1085));
#2716=EDGE_LOOP('',(#1086,#1087,#1088,#1089));
#2717=EDGE_LOOP('',(#1090,#1091,#1092,#1093));
#2718=EDGE_LOOP('',(#1094,#1095,#1096,#1097));
#2719=EDGE_LOOP('',(#1098,#1099,#1100,#1101));
#2720=EDGE_LOOP('',(#1102,#1103,#1104));
#2721=EDGE_LOOP('',(#1105,#1106,#1107));
#2722=EDGE_LOOP('',(#1108,#1109,#1110,#1111));
#2723=EDGE_LOOP('',(#1112,#1113,#1114,#1115));
#2724=EDGE_LOOP('',(#1116,#1117,#1118,#1119));
#2725=EDGE_LOOP('',(#1120,#1121,#1122,#1123));
#2726=EDGE_LOOP('',(#1124,#1125,#1126,#1127));
#2727=EDGE_LOOP('',(#1128,#1129,#1130,#1131));
#2728=EDGE_LOOP('',(#1132,#1133,#1134));
#2729=EDGE_LOOP('',(#1135,#1136,#1137));
#2730=EDGE_LOOP('',(#1138,#1139,#1140,#1141));
#2731=EDGE_LOOP('',(#1142,#1143,#1144,#1145,#1146));
#2732=EDGE_LOOP('',(#1147,#1148,#1149,#1150,#1151,#1152,#1153));
#2733=EDGE_LOOP('',(#1154,#1155,#1156,#1157,#1158));
#2734=EDGE_LOOP('',(#1159,#1160,#1161,#1162));
#2735=EDGE_LOOP('',(#1163,#1164,#1165,#1166,#1167,#1168,#1169,#1170));
#2736=EDGE_LOOP('',(#1171,#1172,#1173,#1174));
#2737=EDGE_LOOP('',(#1175,#1176,#1177,#1178));
#2738=EDGE_LOOP('',(#1179,#1180,#1181,#1182));
#2739=EDGE_LOOP('',(#1183,#1184,#1185,#1186));
#2740=EDGE_LOOP('',(#1187,#1188,#1189,#1190));
#2741=EDGE_LOOP('',(#1191,#1192,#1193,#1194,#1195,#1196));
#2742=EDGE_LOOP('',(#1197,#1198,#1199,#1200));
#2743=EDGE_LOOP('',(#1201,#1202,#1203,#1204,#1205));
#2744=EDGE_LOOP('',(#1206,#1207,#1208,#1209,#1210,#1211,#1212));
#2745=EDGE_LOOP('',(#1213,#1214,#1215,#1216,#1217,#1218,#1219,#1220));
#2746=EDGE_LOOP('',(#1221,#1222,#1223,#1224));
#2747=EDGE_LOOP('',(#1225,#1226,#1227,#1228));
#2748=EDGE_LOOP('',(#1229,#1230,#1231,#1232));
#2749=EDGE_LOOP('',(#1233,#1234,#1235,#1236));
#2750=EDGE_LOOP('',(#1237,#1238,#1239,#1240));
#2751=EDGE_LOOP('',(#1241,#1242,#1243,#1244));
#2752=EDGE_LOOP('',(#1245,#1246,#1247,#1248));
#2753=EDGE_LOOP('',(#1249,#1250,#1251,#1252));
#2754=EDGE_LOOP('',(#1253,#1254,#1255,#1256));
#2755=EDGE_LOOP('',(#1257,#1258,#1259,#1260));
#2756=EDGE_LOOP('',(#1261,#1262,#1263,#1264));
#2757=EDGE_LOOP('',(#1265,#1266,#1267,#1268));
#2758=EDGE_LOOP('',(#1269,#1270,#1271,#1272));
#2759=EDGE_LOOP('',(#1273,#1274,#1275,#1276));
#2760=EDGE_LOOP('',(#1277,#1278,#1279,#1280));
#2761=EDGE_LOOP('',(#1281,#1282,#1283,#1284));
#2762=EDGE_LOOP('',(#1285,#1286,#1287,#1288));
#2763=EDGE_LOOP('',(#1289,#1290,#1291,#1292));
#2764=EDGE_LOOP('',(#1293,#1294,#1295,#1296));
#2765=FACE_BOUND('',#2558,.T.);
#2766=FACE_BOUND('',#2559,.T.);
#2767=FACE_BOUND('',#2560,.T.);
#2768=FACE_BOUND('',#2561,.T.);
#2769=FACE_BOUND('',#2562,.T.);
#2770=FACE_BOUND('',#2563,.T.);
#2771=FACE_BOUND('',#2564,.T.);
#2772=FACE_BOUND('',#2565,.T.);
#2773=FACE_BOUND('',#2566,.T.);
#2774=FACE_BOUND('',#2567,.T.);
#2775=FACE_BOUND('',#2568,.T.);
#2776=FACE_BOUND('',#2569,.T.);
#2777=FACE_BOUND('',#2570,.T.);
#2778=FACE_BOUND('',#2571,.T.);
#2779=FACE_BOUND('',#2572,.T.);
#2780=FACE_BOUND('',#2573,.T.);
#2781=FACE_BOUND('',#2574,.T.);
#2782=FACE_BOUND('',#2575,.T.);
#2783=FACE_BOUND('',#2576,.T.);
#2784=FACE_BOUND('',#2577,.T.);
#2785=FACE_BOUND('',#2578,.T.);
#2786=FACE_BOUND('',#2579,.T.);
#2787=FACE_BOUND('',#2580,.T.);
#2788=FACE_BOUND('',#2581,.T.);
#2789=FACE_BOUND('',#2582,.T.);
#2790=FACE_BOUND('',#2583,.T.);
#2791=FACE_BOUND('',#2584,.T.);
#2792=FACE_BOUND('',#2585,.T.);
#2793=FACE_BOUND('',#2586,.T.);
#2794=FACE_BOUND('',#2587,.T.);
#2795=FACE_BOUND('',#2588,.T.);
#2796=FACE_BOUND('',#2589,.T.);
#2797=FACE_BOUND('',#2590,.T.);
#2798=FACE_BOUND('',#2591,.T.);
#2799=FACE_BOUND('',#2592,.T.);
#2800=FACE_BOUND('',#2593,.T.);
#2801=FACE_BOUND('',#2594,.T.);
#2802=FACE_BOUND('',#2595,.T.);
#2803=FACE_BOUND('',#2596,.T.);
#2804=FACE_BOUND('',#2597,.T.);
#2805=FACE_BOUND('',#2598,.T.);
#2806=FACE_BOUND('',#2599,.T.);
#2807=FACE_BOUND('',#2600,.T.);
#2808=FACE_BOUND('',#2601,.T.);
#2809=FACE_BOUND('',#2602,.T.);
#2810=FACE_BOUND('',#2603,.T.);
#2811=FACE_BOUND('',#2604,.T.);
#2812=FACE_BOUND('',#2605,.T.);
#2813=FACE_BOUND('',#2606,.T.);
#2814=FACE_BOUND('',#2607,.T.);
#2815=FACE_BOUND('',#2608,.T.);
#2816=FACE_BOUND('',#2609,.T.);
#2817=FACE_BOUND('',#2610,.T.);
#2818=FACE_BOUND('',#2611,.T.);
#2819=FACE_BOUND('',#2612,.T.);
#2820=FACE_BOUND('',#2613,.T.);
#2821=FACE_BOUND('',#2614,.T.);
#2822=FACE_BOUND('',#2615,.T.);
#2823=FACE_BOUND('',#2616,.T.);
#2824=FACE_BOUND('',#2617,.T.);
#2825=FACE_BOUND('',#2618,.T.);
#2826=FACE_BOUND('',#2619,.T.);
#2827=FACE_BOUND('',#2620,.T.);
#2828=FACE_BOUND('',#2621,.T.);
#2829=FACE_BOUND('',#2622,.T.);
#2830=FACE_BOUND('',#2623,.T.);
#2831=FACE_BOUND('',#2624,.T.);
#2832=FACE_BOUND('',#2625,.T.);
#2833=FACE_BOUND('',#2626,.T.);
#2834=FACE_BOUND('',#2627,.T.);
#2835=FACE_BOUND('',#2628,.T.);
#2836=FACE_BOUND('',#2629,.T.);
#2837=FACE_BOUND('',#2630,.T.);
#2838=FACE_BOUND('',#2631,.T.);
#2839=FACE_BOUND('',#2632,.T.);
#2840=FACE_BOUND('',#2633,.T.);
#2841=FACE_BOUND('',#2634,.T.);
#2842=FACE_BOUND('',#2635,.T.);
#2843=FACE_BOUND('',#2636,.T.);
#2844=FACE_BOUND('',#2637,.T.);
#2845=FACE_BOUND('',#2638,.T.);
#2846=FACE_BOUND('',#2639,.T.);
#2847=FACE_BOUND('',#2640,.T.);
#2848=FACE_BOUND('',#2641,.T.);
#2849=FACE_BOUND('',#2642,.T.);
#2850=FACE_BOUND('',#2643,.T.);
#2851=FACE_BOUND('',#2644,.T.);
#2852=FACE_BOUND('',#2645,.T.);
#2853=FACE_BOUND('',#2646,.T.);
#2854=FACE_BOUND('',#2647,.T.);
#2855=FACE_BOUND('',#2648,.T.);
#2856=FACE_BOUND('',#2649,.T.);
#2857=FACE_BOUND('',#2650,.T.);
#2858=FACE_BOUND('',#2651,.T.);
#2859=FACE_BOUND('',#2652,.T.);
#2860=FACE_BOUND('',#2653,.T.);
#2861=FACE_BOUND('',#2654,.T.);
#2862=FACE_BOUND('',#2655,.T.);
#2863=FACE_BOUND('',#2656,.T.);
#2864=FACE_BOUND('',#2657,.T.);
#2865=FACE_BOUND('',#2658,.T.);
#2866=FACE_BOUND('',#2659,.T.);
#2867=FACE_BOUND('',#2660,.T.);
#2868=FACE_BOUND('',#2661,.T.);
#2869=FACE_BOUND('',#2662,.T.);
#2870=FACE_BOUND('',#2663,.T.);
#2871=FACE_BOUND('',#2664,.T.);
#2872=FACE_BOUND('',#2665,.T.);
#2873=FACE_BOUND('',#2666,.T.);
#2874=FACE_BOUND('',#2667,.T.);
#2875=FACE_BOUND('',#2668,.T.);
#2876=FACE_BOUND('',#2669,.T.);
#2877=FACE_BOUND('',#2670,.T.);
#2878=FACE_BOUND('',#2671,.T.);
#2879=FACE_BOUND('',#2672,.T.);
#2880=FACE_BOUND('',#2673,.T.);
#2881=FACE_BOUND('',#2674,.T.);
#2882=FACE_BOUND('',#2675,.T.);
#2883=FACE_BOUND('',#2676,.T.);
#2884=FACE_BOUND('',#2677,.T.);
#2885=FACE_BOUND('',#2678,.T.);
#2886=FACE_BOUND('',#2679,.T.);
#2887=FACE_BOUND('',#2680,.T.);
#2888=FACE_BOUND('',#2681,.T.);
#2889=FACE_BOUND('',#2682,.T.);
#2890=FACE_BOUND('',#2683,.T.);
#2891=FACE_BOUND('',#2684,.T.);
#2892=FACE_BOUND('',#2685,.T.);
#2893=FACE_BOUND('',#2686,.T.);
#2894=FACE_BOUND('',#2687,.T.);
#2895=FACE_BOUND('',#2688,.T.);
#2896=FACE_BOUND('',#2689,.T.);
#2897=FACE_BOUND('',#2690,.T.);
#2898=FACE_BOUND('',#2691,.T.);
#2899=FACE_BOUND('',#2692,.T.);
#2900=FACE_BOUND('',#2693,.T.);
#2901=FACE_BOUND('',#2694,.T.);
#2902=FACE_BOUND('',#2695,.T.);
#2903=FACE_BOUND('',#2696,.T.);
#2904=FACE_BOUND('',#2697,.T.);
#2905=FACE_BOUND('',#2698,.T.);
#2906=FACE_BOUND('',#2699,.T.);
#2907=FACE_BOUND('',#2700,.T.);
#2908=FACE_BOUND('',#2701,.T.);
#2909=FACE_BOUND('',#2702,.T.);
#2910=FACE_BOUND('',#2703,.T.);
#2911=FACE_BOUND('',#2704,.T.);
#2912=FACE_BOUND('',#2705,.T.);
#2913=FACE_BOUND('',#2706,.T.);
#2914=FACE_BOUND('',#2707,.T.);
#2915=FACE_BOUND('',#2708,.T.);
#2916=FACE_BOUND('',#2709,.T.);
#2917=FACE_BOUND('',#2710,.T.);
#2918=FACE_BOUND('',#2711,.T.);
#2919=FACE_BOUND('',#2712,.T.);
#2920=FACE_BOUND('',#2713,.T.);
#2921=FACE_BOUND('',#2714,.T.);
#2922=FACE_BOUND('',#2715,.T.);
#2923=FACE_BOUND('',#2716,.T.);
#2924=FACE_BOUND('',#2717,.T.);
#2925=FACE_BOUND('',#2718,.T.);
#2926=FACE_BOUND('',#2719,.T.);
#2927=FACE_BOUND('',#2720,.T.);
#2928=FACE_BOUND('',#2721,.T.);
#2929=FACE_BOUND('',#2722,.T.);
#2930=FACE_BOUND('',#2723,.T.);
#2931=FACE_BOUND('',#2724,.T.);
#2932=FACE_BOUND('',#2725,.T.);
#2933=FACE_BOUND('',#2726,.T.);
#2934=FACE_BOUND('',#2727,.T.);
#2935=FACE_BOUND('',#2728,.T.);
#2936=FACE_BOUND('',#2729,.T.);
#2937=FACE_BOUND('',#2730,.T.);
#2938=FACE_BOUND('',#2731,.T.);
#2939=FACE_BOUND('',#2732,.T.);
#2940=FACE_BOUND('',#2733,.T.);
#2941=FACE_BOUND('',#2734,.T.);
#2942=FACE_BOUND('',#2735,.T.);
#2943=FACE_BOUND('',#2736,.T.);
#2944=FACE_BOUND('',#2737,.T.);
#2945=FACE_BOUND('',#2738,.T.);
#2946=FACE_BOUND('',#2739,.T.);
#2947=FACE_BOUND('',#2740,.T.);
#2948=FACE_BOUND('',#2741,.T.);
#2949=FACE_BOUND('',#2742,.T.);
#2950=FACE_BOUND('',#2743,.T.);
#2951=FACE_BOUND('',#2744,.T.);
#2952=FACE_BOUND('',#2745,.T.);
#2953=FACE_BOUND('',#2746,.T.);
#2954=FACE_BOUND('',#2747,.T.);
#2955=FACE_BOUND('',#2748,.T.);
#2956=FACE_BOUND('',#2749,.T.);
#2957=FACE_BOUND('',#2750,.T.);
#2958=FACE_BOUND('',#2751,.T.);
#2959=FACE_BOUND('',#2752,.T.);
#2960=FACE_BOUND('',#2753,.T.);
#2961=FACE_BOUND('',#2754,.T.);
#2962=FACE_BOUND('',#2755,.T.);
#2963=FACE_BOUND('',#2756,.T.);
#2964=FACE_BOUND('',#2757,.T.);
#2965=FACE_BOUND('',#2758,.T.);
#2966=FACE_BOUND('',#2759,.T.);
#2967=FACE_BOUND('',#2760,.T.);
#2968=FACE_BOUND('',#2761,.T.);
#2969=FACE_BOUND('',#2762,.T.);
#2970=FACE_BOUND('',#2763,.T.);
#2971=FACE_BOUND('',#2764,.T.);
#2972=PLANE('',#3220);
#2973=PLANE('',#3225);
#2974=PLANE('',#3230);
#2975=PLANE('',#3237);
#2976=PLANE('',#3244);
#2977=PLANE('',#3250);
#2978=PLANE('',#3252);
#2979=PLANE('',#3254);
#2980=PLANE('',#3278);
#2981=PLANE('',#3289);
#2982=PLANE('',#3301);
#2983=PLANE('',#3306);
#2984=PLANE('',#3307);
#2985=PLANE('',#3322);
#2986=PLANE('',#3323);
#2987=PLANE('',#3324);
#2988=PLANE('',#3325);
#2989=PLANE('',#3332);
#2990=PLANE('',#3333);
#2991=PLANE('',#3340);
#2992=PLANE('',#3341);
#2993=PLANE('',#3342);
#2994=PLANE('',#3343);
#2995=PLANE('',#3344);
#2996=PLANE('',#3345);
#2997=PLANE('',#3346);
#2998=PLANE('',#3347);
#2999=PLANE('',#3348);
#3000=PLANE('',#3349);
#3001=PLANE('',#3350);
#3002=PLANE('',#3351);
#3003=PLANE('',#3353);
#3004=PLANE('',#3355);
#3005=PLANE('',#3356);
#3006=PLANE('',#3425);
#3007=PLANE('',#3426);
#3008=PLANE('',#3427);
#3009=PLANE('',#3428);
#3010=PLANE('',#3573);
#3011=PLANE('',#3574);
#3012=PLANE('',#3577);
#3013=PLANE('',#3578);
#3014=PLANE('',#3580);
#3015=PLANE('',#3588);
#3016=PLANE('',#3589);
#3017=PLANE('',#3592);
#3018=PLANE('',#3593);
#3019=PLANE('',#3595);
#3020=PLANE('',#3603);
#3021=PLANE('',#3604);
#3022=PLANE('',#3605);
#3023=PLANE('',#3606);
#3024=PLANE('',#3607);
#3025=PLANE('',#3608);
#3026=ADVANCED_FACE('',(#2765,#2766),#2972,.F.);
#3027=ADVANCED_FACE('',(#2767,#2768),#2973,.T.);
#3028=ADVANCED_FACE('',(#2769),#2974,.F.);
#3029=ADVANCED_FACE('',(#2770),#2975,.T.);
#3030=ADVANCED_FACE('',(#2771),#2976,.T.);
#3031=ADVANCED_FACE('',(#2772),#2977,.T.);
#3032=ADVANCED_FACE('',(#2773),#2978,.T.);
#3033=ADVANCED_FACE('',(#2774,#2775,#2776,#2777,#2778,#2779,#2780),#2979,
 .F.);
#3034=ADVANCED_FACE('',(#2781,#2782,#2783),#2980,.F.);
#3035=ADVANCED_FACE('',(#2784,#2785,#2786),#2981,.T.);
#3036=ADVANCED_FACE('',(#2787,#2788),#2982,.F.);
#3037=ADVANCED_FACE('',(#2789),#2983,.T.);
#3038=ADVANCED_FACE('',(#2790,#2791,#2792,#2793,#2794,#2795),#2984,.T.);
#3039=ADVANCED_FACE('',(#2796),#2985,.T.);
#3040=ADVANCED_FACE('',(#2797),#2986,.T.);
#3041=ADVANCED_FACE('',(#2798),#2987,.F.);
#3042=ADVANCED_FACE('',(#2799,#2800,#2801),#2988,.F.);
#3043=ADVANCED_FACE('',(#2802),#2989,.T.);
#3044=ADVANCED_FACE('',(#2803,#2804,#2805),#2990,.F.);
#3045=ADVANCED_FACE('',(#2806),#2991,.T.);
#3046=ADVANCED_FACE('',(#2807),#2992,.T.);
#3047=ADVANCED_FACE('',(#2808),#2993,.T.);
#3048=ADVANCED_FACE('',(#2809),#2994,.F.);
#3049=ADVANCED_FACE('',(#2810),#2995,.F.);
#3050=ADVANCED_FACE('',(#2811),#2996,.F.);
#3051=ADVANCED_FACE('',(#2812),#2997,.F.);
#3052=ADVANCED_FACE('',(#2813),#2998,.T.);
#3053=ADVANCED_FACE('',(#2814),#2999,.F.);
#3054=ADVANCED_FACE('',(#2815),#3000,.F.);
#3055=ADVANCED_FACE('',(#2816),#3001,.T.);
#3056=ADVANCED_FACE('',(#2817),#3002,.T.);
#3057=ADVANCED_FACE('',(#2818),#3003,.T.);
#3058=ADVANCED_FACE('',(#2819),#3004,.F.);
#3059=ADVANCED_FACE('',(#2820),#3005,.F.);
#3060=ADVANCED_FACE('',(#2821),#54,.F.);
#3061=ADVANCED_FACE('',(#2822),#55,.F.);
#3062=ADVANCED_FACE('',(#2823),#56,.F.);
#3063=ADVANCED_FACE('',(#2824),#57,.F.);
#3064=ADVANCED_FACE('',(#2825),#58,.F.);
#3065=ADVANCED_FACE('',(#2826),#59,.F.);
#3066=ADVANCED_FACE('',(#2827),#60,.F.);
#3067=ADVANCED_FACE('',(#2828),#61,.F.);
#3068=ADVANCED_FACE('',(#2829),#62,.F.);
#3069=ADVANCED_FACE('',(#2830),#63,.F.);
#3070=ADVANCED_FACE('',(#2831),#64,.F.);
#3071=ADVANCED_FACE('',(#2832),#65,.F.);
#3072=ADVANCED_FACE('',(#2833),#66,.F.);
#3073=ADVANCED_FACE('',(#2834),#67,.T.);
#3074=ADVANCED_FACE('',(#2835),#68,.T.);
#3075=ADVANCED_FACE('',(#2836),#69,.T.);
#3076=ADVANCED_FACE('',(#2837),#70,.T.);
#3077=ADVANCED_FACE('',(#2838),#71,.T.);
#3078=ADVANCED_FACE('',(#2839),#72,.T.);
#3079=ADVANCED_FACE('',(#2840),#73,.T.);
#3080=ADVANCED_FACE('',(#2841),#74,.T.);
#3081=ADVANCED_FACE('',(#2842,#2843),#75,.F.);
#3082=ADVANCED_FACE('',(#2844,#2845),#76,.F.);
#3083=ADVANCED_FACE('',(#2846,#2847),#77,.F.);
#3084=ADVANCED_FACE('',(#2848,#2849),#78,.F.);
#3085=ADVANCED_FACE('',(#2850),#79,.T.);
#3086=ADVANCED_FACE('',(#2851),#80,.T.);
#3087=ADVANCED_FACE('',(#2852),#81,.T.);
#3088=ADVANCED_FACE('',(#2853),#82,.T.);
#3089=ADVANCED_FACE('',(#2854),#28,.F.);
#3090=ADVANCED_FACE('',(#2855),#83,.F.);
#3091=ADVANCED_FACE('',(#2856),#29,.F.);
#3092=ADVANCED_FACE('',(#2857),#84,.F.);
#3093=ADVANCED_FACE('',(#2858),#30,.F.);
#3094=ADVANCED_FACE('',(#2859),#85,.F.);
#3095=ADVANCED_FACE('',(#2860),#31,.F.);
#3096=ADVANCED_FACE('',(#2861),#86,.F.);
#3097=ADVANCED_FACE('',(#2862),#32,.F.);
#3098=ADVANCED_FACE('',(#2863),#87,.F.);
#3099=ADVANCED_FACE('',(#2864),#33,.F.);
#3100=ADVANCED_FACE('',(#2865),#88,.F.);
#3101=ADVANCED_FACE('',(#2866),#34,.F.);
#3102=ADVANCED_FACE('',(#2867),#89,.F.);
#3103=ADVANCED_FACE('',(#2868),#35,.F.);
#3104=ADVANCED_FACE('',(#2869),#90,.F.);
#3105=ADVANCED_FACE('',(#2870),#3006,.T.);
#3106=ADVANCED_FACE('',(#2871),#3007,.T.);
#3107=ADVANCED_FACE('',(#2872),#3008,.T.);
#3108=ADVANCED_FACE('',(#2873),#3009,.T.);
#3109=ADVANCED_FACE('',(#2874),#12,.T.);
#3110=ADVANCED_FACE('',(#2875),#36,.F.);
#3111=ADVANCED_FACE('',(#2876),#91,.T.);
#3112=ADVANCED_FACE('',(#2877),#92,.T.);
#3113=ADVANCED_FACE('',(#2878),#93,.F.);
#3114=ADVANCED_FACE('',(#2879),#94,.F.);
#3115=ADVANCED_FACE('',(#2880),#13,.T.);
#3116=ADVANCED_FACE('',(#2881),#14,.T.);
#3117=ADVANCED_FACE('',(#2882),#37,.F.);
#3118=ADVANCED_FACE('',(#2883),#38,.F.);
#3119=ADVANCED_FACE('',(#2884),#95,.T.);
#3120=ADVANCED_FACE('',(#2885),#96,.T.);
#3121=ADVANCED_FACE('',(#2886),#97,.F.);
#3122=ADVANCED_FACE('',(#2887),#98,.F.);
#3123=ADVANCED_FACE('',(#2888),#15,.T.);
#3124=ADVANCED_FACE('',(#2889),#39,.F.);
#3125=ADVANCED_FACE('',(#2890),#16,.T.);
#3126=ADVANCED_FACE('',(#2891),#40,.F.);
#3127=ADVANCED_FACE('',(#2892),#99,.T.);
#3128=ADVANCED_FACE('',(#2893),#100,.T.);
#3129=ADVANCED_FACE('',(#2894),#101,.F.);
#3130=ADVANCED_FACE('',(#2895),#102,.F.);
#3131=ADVANCED_FACE('',(#2896),#17,.T.);
#3132=ADVANCED_FACE('',(#2897),#18,.T.);
#3133=ADVANCED_FACE('',(#2898),#41,.F.);
#3134=ADVANCED_FACE('',(#2899),#42,.F.);
#3135=ADVANCED_FACE('',(#2900),#103,.T.);
#3136=ADVANCED_FACE('',(#2901),#104,.T.);
#3137=ADVANCED_FACE('',(#2902),#105,.F.);
#3138=ADVANCED_FACE('',(#2903),#106,.F.);
#3139=ADVANCED_FACE('',(#2904),#19,.T.);
#3140=ADVANCED_FACE('',(#2905),#43,.F.);
#3141=ADVANCED_FACE('',(#2906),#107,.T.);
#3142=ADVANCED_FACE('',(#2907),#20,.T.);
#3143=ADVANCED_FACE('',(#2908),#108,.F.);
#3144=ADVANCED_FACE('',(#2909),#21,.T.);
#3145=ADVANCED_FACE('',(#2910),#109,.T.);
#3146=ADVANCED_FACE('',(#2911),#44,.F.);
#3147=ADVANCED_FACE('',(#2912),#45,.F.);
#3148=ADVANCED_FACE('',(#2913),#110,.T.);
#3149=ADVANCED_FACE('',(#2914),#22,.T.);
#3150=ADVANCED_FACE('',(#2915),#23,.T.);
#3151=ADVANCED_FACE('',(#2916),#111,.F.);
#3152=ADVANCED_FACE('',(#2917),#112,.F.);
#3153=ADVANCED_FACE('',(#2918),#113,.T.);
#3154=ADVANCED_FACE('',(#2919),#46,.F.);
#3155=ADVANCED_FACE('',(#2920),#47,.F.);
#3156=ADVANCED_FACE('',(#2921),#114,.F.);
#3157=ADVANCED_FACE('',(#2922),#115,.F.);
#3158=ADVANCED_FACE('',(#2923),#48,.F.);
#3159=ADVANCED_FACE('',(#2924),#116,.T.);
#3160=ADVANCED_FACE('',(#2925),#49,.F.);
#3161=ADVANCED_FACE('',(#2926),#117,.F.);
#3162=ADVANCED_FACE('',(#2927),#24,.T.);
#3163=ADVANCED_FACE('',(#2928),#25,.T.);
#3164=ADVANCED_FACE('',(#2929),#118,.F.);
#3165=ADVANCED_FACE('',(#2930),#50,.F.);
#3166=ADVANCED_FACE('',(#2931),#51,.F.);
#3167=ADVANCED_FACE('',(#2932),#119,.T.);
#3168=ADVANCED_FACE('',(#2933),#120,.T.);
#3169=ADVANCED_FACE('',(#2934),#121,.F.);
#3170=ADVANCED_FACE('',(#2935),#26,.T.);
#3171=ADVANCED_FACE('',(#2936),#27,.T.);
#3172=ADVANCED_FACE('',(#2937),#122,.T.);
#3173=ADVANCED_FACE('',(#2938),#3010,.F.);
#3174=ADVANCED_FACE('',(#2939),#3011,.F.);
#3175=ADVANCED_FACE('',(#2940),#123,.T.);
#3176=ADVANCED_FACE('',(#2941),#3012,.T.);
#3177=ADVANCED_FACE('',(#2942),#3013,.T.);
#3178=ADVANCED_FACE('',(#2943),#3014,.T.);
#3179=ADVANCED_FACE('',(#2944),#124,.F.);
#3180=ADVANCED_FACE('',(#2945),#125,.T.);
#3181=ADVANCED_FACE('',(#2946),#52,.T.);
#3182=ADVANCED_FACE('',(#2947),#126,.T.);
#3183=ADVANCED_FACE('',(#2948),#3015,.F.);
#3184=ADVANCED_FACE('',(#2949),#3016,.F.);
#3185=ADVANCED_FACE('',(#2950),#127,.T.);
#3186=ADVANCED_FACE('',(#2951),#3017,.T.);
#3187=ADVANCED_FACE('',(#2952),#3018,.T.);
#3188=ADVANCED_FACE('',(#2953),#3019,.T.);
#3189=ADVANCED_FACE('',(#2954),#128,.F.);
#3190=ADVANCED_FACE('',(#2955),#129,.T.);
#3191=ADVANCED_FACE('',(#2956),#53,.T.);
#3192=ADVANCED_FACE('',(#2957),#130,.T.);
#3193=ADVANCED_FACE('',(#2958),#3020,.T.);
#3194=ADVANCED_FACE('',(#2959),#3021,.T.);
#3195=ADVANCED_FACE('',(#2960),#3022,.T.);
#3196=ADVANCED_FACE('',(#2961),#3023,.T.);
#3197=ADVANCED_FACE('',(#2962),#3024,.T.);
#3198=ADVANCED_FACE('',(#2963),#3025,.T.);
#3199=ADVANCED_FACE('',(#2964),#131,.F.);
#3200=ADVANCED_FACE('',(#2965),#132,.F.);
#3201=ADVANCED_FACE('',(#2966),#133,.F.);
#3202=ADVANCED_FACE('',(#2967),#134,.F.);
#3203=ADVANCED_FACE('',(#2968),#135,.F.);
#3204=ADVANCED_FACE('',(#2969),#136,.F.);
#3205=ADVANCED_FACE('',(#2970),#137,.F.);
#3206=ADVANCED_FACE('',(#2971),#138,.F.);
#3207=CLOSED_SHELL('',(#3026,#3027,#3028,#3029,#3030,#3031,#3032,#3033,
#3034,#3035,#3036,#3037,#3038,#3039,#3040,#3041,#3042,#3043,#3044,#3045,
#3046,#3047,#3048,#3049,#3050,#3051,#3052,#3053,#3054,#3055,#3056,#3057,
#3058,#3059,#3060,#3061,#3062,#3063,#3064,#3065,#3066,#3067,#3068,#3069,
#3070,#3071,#3072,#3073,#3074,#3075,#3076,#3077,#3078,#3079,#3080,#3081,
#3082,#3083,#3084,#3085,#3086,#3087,#3088,#3089,#3090,#3091,#3092,#3093,
#3094,#3095,#3096,#3097,#3098,#3099,#3100,#3101,#3102,#3103,#3104,#3105,
#3106,#3107,#3108,#3109,#3110,#3111,#3112,#3113,#3114,#3115,#3116,#3117,
#3118,#3119,#3120,#3121,#3122,#3123,#3124,#3125,#3126,#3127,#3128,#3129,
#3130,#3131,#3132,#3133,#3134,#3135,#3136,#3137,#3138,#3139,#3140,#3141,
#3142,#3143,#3144,#3145,#3146,#3147,#3148,#3149,#3150,#3151,#3152,#3153,
#3154,#3155,#3156,#3157,#3158,#3159,#3160,#3161,#3162,#3163,#3164,#3165,
#3166,#3167,#3168,#3169,#3170,#3171,#3172,#3173,#3174,#3175,#3176,#3177,
#3178,#3179,#3180,#3181,#3182,#3183,#3184,#3185,#3186,#3187,#3188,#3189,
#3190,#3191,#3192,#3193,#3194,#3195,#3196,#3197,#3198,#3199,#3200,#3201,
#3202,#3203,#3204,#3205,#3206));
#3208=STYLED_ITEM('',(#3209),#3216);
#3209=PRESENTATION_STYLE_ASSIGNMENT((#3210));
#3210=SURFACE_STYLE_USAGE(.BOTH.,#3211);
#3211=SURFACE_SIDE_STYLE('',(#3212));
#3212=SURFACE_STYLE_FILL_AREA(#3213);
#3213=FILL_AREA_STYLE('',(#3214));
#3214=FILL_AREA_STYLE_COLOUR('',#3215);
#3215=DRAUGHTING_PRE_DEFINED_COLOUR('white');
#3216=MANIFOLD_SOLID_BREP('Battery Holder',#3207);
#3217=SHAPE_DEFINITION_REPRESENTATION(#5633,#3218);
#3218=SHAPE_REPRESENTATION('Battery Holder',(#3219),#5628);
#3219=AXIS2_PLACEMENT_3D('',#4662,#3617,#3618);
#3220=AXIS2_PLACEMENT_3D('',#4663,#3619,#3620);
#3221=AXIS2_PLACEMENT_3D('',#4675,#3626,#3627);
#3222=AXIS2_PLACEMENT_3D('',#4679,#3629,#3630);
#3223=AXIS2_PLACEMENT_3D('',#4683,#3632,#3633);
#3224=AXIS2_PLACEMENT_3D('',#4687,#3635,#3636);
#3225=AXIS2_PLACEMENT_3D('',#4688,#3637,#3638);
#3226=AXIS2_PLACEMENT_3D('',#4700,#3644,#3645);
#3227=AXIS2_PLACEMENT_3D('',#4704,#3647,#3648);
#3228=AXIS2_PLACEMENT_3D('',#4708,#3650,#3651);
#3229=AXIS2_PLACEMENT_3D('',#4712,#3653,#3654);
#3230=AXIS2_PLACEMENT_3D('',#4713,#3655,#3656);
#3231=AXIS2_PLACEMENT_3D('',#4717,#3658,#3659);
#3232=AXIS2_PLACEMENT_3D('',#4721,#3661,#3662);
#3233=AXIS2_PLACEMENT_3D('',#4725,#3664,#3665);
#3234=AXIS2_PLACEMENT_3D('',#4729,#3667,#3668);
#3235=AXIS2_PLACEMENT_3D('',#4737,#3672,#3673);
#3236=AXIS2_PLACEMENT_3D('',#4741,#3675,#3676);
#3237=AXIS2_PLACEMENT_3D('',#4742,#3677,#3678);
#3238=AXIS2_PLACEMENT_3D('',#4746,#3680,#3681);
#3239=AXIS2_PLACEMENT_3D('',#4750,#3683,#3684);
#3240=AXIS2_PLACEMENT_3D('',#4754,#3686,#3687);
#3241=AXIS2_PLACEMENT_3D('',#4758,#3689,#3690);
#3242=AXIS2_PLACEMENT_3D('',#4766,#3694,#3695);
#3243=AXIS2_PLACEMENT_3D('',#4770,#3697,#3698);
#3244=AXIS2_PLACEMENT_3D('',#4771,#3699,#3700);
#3245=AXIS2_PLACEMENT_3D('',#4779,#3704,#3705);
#3246=AXIS2_PLACEMENT_3D('',#4783,#3707,#3708);
#3247=AXIS2_PLACEMENT_3D('',#4789,#3711,#3712);
#3248=AXIS2_PLACEMENT_3D('',#4793,#3714,#3715);
#3249=AXIS2_PLACEMENT_3D('',#4799,#3718,#3719);
#3250=AXIS2_PLACEMENT_3D('',#4804,#3722,#3723);
#3251=AXIS2_PLACEMENT_3D('',#4807,#3725,#3726);
#3252=AXIS2_PLACEMENT_3D('',#4818,#3732,#3733);
#3253=AXIS2_PLACEMENT_3D('',#4824,#3736,#3737);
#3254=AXIS2_PLACEMENT_3D('',#4832,#3742,#3743);
#3255=AXIS2_PLACEMENT_3D('',#4833,#3744,#3745);
#3256=AXIS2_PLACEMENT_3D('',#4838,#3747,#3748);
#3257=AXIS2_PLACEMENT_3D('',#4842,#3750,#3751);
#3258=AXIS2_PLACEMENT_3D('',#4846,#3753,#3754);
#3259=AXIS2_PLACEMENT_3D('',#4849,#3756,#3757);
#3260=AXIS2_PLACEMENT_3D('',#4854,#3759,#3760);
#3261=AXIS2_PLACEMENT_3D('',#4858,#3762,#3763);
#3262=AXIS2_PLACEMENT_3D('',#4862,#3765,#3766);
#3263=AXIS2_PLACEMENT_3D('',#4868,#3769,#3770);
#3264=AXIS2_PLACEMENT_3D('',#4872,#3772,#3773);
#3265=AXIS2_PLACEMENT_3D('',#4876,#3775,#3776);
#3266=AXIS2_PLACEMENT_3D('',#4880,#3778,#3779);
#3267=AXIS2_PLACEMENT_3D('',#4884,#3781,#3782);
#3268=AXIS2_PLACEMENT_3D('',#4888,#3784,#3785);
#3269=AXIS2_PLACEMENT_3D('',#4892,#3787,#3788);
#3270=AXIS2_PLACEMENT_3D('',#4909,#3797,#3798);
#3271=AXIS2_PLACEMENT_3D('',#4914,#3800,#3801);
#3272=AXIS2_PLACEMENT_3D('',#4918,#3803,#3804);
#3273=AXIS2_PLACEMENT_3D('',#4922,#3806,#3807);
#3274=AXIS2_PLACEMENT_3D('',#4925,#3809,#3810);
#3275=AXIS2_PLACEMENT_3D('',#4930,#3812,#3813);
#3276=AXIS2_PLACEMENT_3D('',#4934,#3815,#3816);
#3277=AXIS2_PLACEMENT_3D('',#4938,#3818,#3819);
#3278=AXIS2_PLACEMENT_3D('',#4941,#3821,#3822);
#3279=AXIS2_PLACEMENT_3D('',#4944,#3824,#3825);
#3280=AXIS2_PLACEMENT_3D('',#4948,#3827,#3828);
#3281=AXIS2_PLACEMENT_3D('',#4952,#3830,#3831);
#3282=AXIS2_PLACEMENT_3D('',#4956,#3833,#3834);
#3283=AXIS2_PLACEMENT_3D('',#4963,#3838,#3839);
#3284=AXIS2_PLACEMENT_3D('',#4967,#3841,#3842);
#3285=AXIS2_PLACEMENT_3D('',#4971,#3844,#3845);
#3286=AXIS2_PLACEMENT_3D('',#4975,#3847,#3848);
#3287=AXIS2_PLACEMENT_3D('',#4979,#3850,#3851);
#3288=AXIS2_PLACEMENT_3D('',#4983,#3853,#3854);
#3289=AXIS2_PLACEMENT_3D('',#4986,#3856,#3857);
#3290=AXIS2_PLACEMENT_3D('',#4987,#3858,#3859);
#3291=AXIS2_PLACEMENT_3D('',#4994,#3863,#3864);
#3292=AXIS2_PLACEMENT_3D('',#4998,#3866,#3867);
#3293=AXIS2_PLACEMENT_3D('',#5002,#3869,#3870);
#3294=AXIS2_PLACEMENT_3D('',#5008,#3873,#3874);
#3295=AXIS2_PLACEMENT_3D('',#5012,#3876,#3877);
#3296=AXIS2_PLACEMENT_3D('',#5016,#3879,#3880);
#3297=AXIS2_PLACEMENT_3D('',#5020,#3882,#3883);
#3298=AXIS2_PLACEMENT_3D('',#5024,#3885,#3886);
#3299=AXIS2_PLACEMENT_3D('',#5028,#3888,#3889);
#3300=AXIS2_PLACEMENT_3D('',#5032,#3891,#3892);
#3301=AXIS2_PLACEMENT_3D('',#5033,#3893,#3894);
#3302=AXIS2_PLACEMENT_3D('',#5034,#3895,#3896);
#3303=AXIS2_PLACEMENT_3D('',#5035,#3897,#3898);
#3304=AXIS2_PLACEMENT_3D('',#5036,#3899,#3900);
#3305=AXIS2_PLACEMENT_3D('',#5037,#3901,#3902);
#3306=AXIS2_PLACEMENT_3D('',#5068,#3905,#3906);
#3307=AXIS2_PLACEMENT_3D('',#5076,#3912,#3913);
#3308=AXIS2_PLACEMENT_3D('',#5077,#3914,#3915);
#3309=AXIS2_PLACEMENT_3D('',#5079,#3916,#3917);
#3310=AXIS2_PLACEMENT_3D('',#5081,#3918,#3919);
#3311=AXIS2_PLACEMENT_3D('',#5083,#3920,#3921);
#3312=AXIS2_PLACEMENT_3D('',#5088,#3923,#3924);
#3313=AXIS2_PLACEMENT_3D('',#5092,#3926,#3927);
#3314=AXIS2_PLACEMENT_3D('',#5098,#3930,#3931);
#3315=AXIS2_PLACEMENT_3D('',#5099,#3932,#3933);
#3316=AXIS2_PLACEMENT_3D('',#5105,#3936,#3937);
#3317=AXIS2_PLACEMENT_3D('',#5109,#3939,#3940);
#3318=AXIS2_PLACEMENT_3D('',#5114,#3943,#3944);
#3319=AXIS2_PLACEMENT_3D('',#5118,#3946,#3947);
#3320=AXIS2_PLACEMENT_3D('',#5119,#3948,#3949);
#3321=AXIS2_PLACEMENT_3D('',#5123,#3951,#3952);
#3322=AXIS2_PLACEMENT_3D('',#5125,#3954,#3955);
#3323=AXIS2_PLACEMENT_3D('',#5133,#3961,#3962);
#3324=AXIS2_PLACEMENT_3D('',#5142,#3967,#3968);
#3325=AXIS2_PLACEMENT_3D('',#5151,#3973,#3974);
#3326=AXIS2_PLACEMENT_3D('',#5152,#3975,#3976);
#3327=AXIS2_PLACEMENT_3D('',#5154,#3977,#3978);
#3328=AXIS2_PLACEMENT_3D('',#5156,#3979,#3980);
#3329=AXIS2_PLACEMENT_3D('',#5160,#3982,#3983);
#3330=AXIS2_PLACEMENT_3D('',#5161,#3984,#3985);
#3331=AXIS2_PLACEMENT_3D('',#5162,#3986,#3987);
#3332=AXIS2_PLACEMENT_3D('',#5163,#3988,#3989);
#3333=AXIS2_PLACEMENT_3D('',#5166,#3992,#3993);
#3334=AXIS2_PLACEMENT_3D('',#5167,#3994,#3995);
#3335=AXIS2_PLACEMENT_3D('',#5169,#3996,#3997);
#3336=AXIS2_PLACEMENT_3D('',#5171,#3998,#3999);
#3337=AXIS2_PLACEMENT_3D('',#5175,#4001,#4002);
#3338=AXIS2_PLACEMENT_3D('',#5176,#4003,#4004);
#3339=AXIS2_PLACEMENT_3D('',#5177,#4005,#4006);
#3340=AXIS2_PLACEMENT_3D('',#5178,#4007,#4008);
#3341=AXIS2_PLACEMENT_3D('',#5181,#4011,#4012);
#3342=AXIS2_PLACEMENT_3D('',#5184,#4015,#4016);
#3343=AXIS2_PLACEMENT_3D('',#5187,#4019,#4020);
#3344=AXIS2_PLACEMENT_3D('',#5190,#4023,#4024);
#3345=AXIS2_PLACEMENT_3D('',#5193,#4027,#4028);
#3346=AXIS2_PLACEMENT_3D('',#5196,#4031,#4032);
#3347=AXIS2_PLACEMENT_3D('',#5199,#4035,#4036);
#3348=AXIS2_PLACEMENT_3D('',#5202,#4039,#4040);
#3349=AXIS2_PLACEMENT_3D('',#5205,#4043,#4044);
#3350=AXIS2_PLACEMENT_3D('',#5210,#4048,#4049);
#3351=AXIS2_PLACEMENT_3D('',#5216,#4053,#4054);
#3352=AXIS2_PLACEMENT_3D('',#5222,#4058,#4059);
#3353=AXIS2_PLACEMENT_3D('',#5225,#4061,#4062);
#3354=AXIS2_PLACEMENT_3D('',#5233,#4067,#4068);
#3355=AXIS2_PLACEMENT_3D('',#5234,#4069,#4070);
#3356=AXIS2_PLACEMENT_3D('',#5238,#4073,#4074);
#3357=AXIS2_PLACEMENT_3D('',#5243,#4078,#4079);
#3358=AXIS2_PLACEMENT_3D('',#5244,#4080,#4081);
#3359=AXIS2_PLACEMENT_3D('',#5245,#4082,#4083);
#3360=AXIS2_PLACEMENT_3D('',#5246,#4084,#4085);
#3361=AXIS2_PLACEMENT_3D('',#5247,#4086,#4087);
#3362=AXIS2_PLACEMENT_3D('',#5248,#4088,#4089);
#3363=AXIS2_PLACEMENT_3D('',#5249,#4090,#4091);
#3364=AXIS2_PLACEMENT_3D('',#5250,#4092,#4093);
#3365=AXIS2_PLACEMENT_3D('',#5251,#4094,#4095);
#3366=AXIS2_PLACEMENT_3D('',#5252,#4096,#4097);
#3367=AXIS2_PLACEMENT_3D('',#5253,#4098,#4099);
#3368=AXIS2_PLACEMENT_3D('',#5254,#4100,#4101);
#3369=AXIS2_PLACEMENT_3D('',#5255,#4102,#4103);
#3370=AXIS2_PLACEMENT_3D('',#5256,#4104,#4105);
#3371=AXIS2_PLACEMENT_3D('',#5257,#4106,#4107);
#3372=AXIS2_PLACEMENT_3D('',#5258,#4108,#4109);
#3373=AXIS2_PLACEMENT_3D('',#5259,#4110,#4111);
#3374=AXIS2_PLACEMENT_3D('',#5260,#4112,#4113);
#3375=AXIS2_PLACEMENT_3D('',#5261,#4114,#4115);
#3376=AXIS2_PLACEMENT_3D('',#5262,#4116,#4117);
#3377=AXIS2_PLACEMENT_3D('',#5263,#4118,#4119);
#3378=AXIS2_PLACEMENT_3D('',#5264,#4120,#4121);
#3379=AXIS2_PLACEMENT_3D('',#5265,#4122,#4123);
#3380=AXIS2_PLACEMENT_3D('',#5266,#4124,#4125);
#3381=AXIS2_PLACEMENT_3D('',#5267,#4126,#4127);
#3382=AXIS2_PLACEMENT_3D('',#5268,#4128,#4129);
#3383=AXIS2_PLACEMENT_3D('',#5269,#4130,#4131);
#3384=AXIS2_PLACEMENT_3D('',#5270,#4132,#4133);
#3385=AXIS2_PLACEMENT_3D('',#5271,#4134,#4135);
#3386=AXIS2_PLACEMENT_3D('',#5272,#4136,#4137);
#3387=AXIS2_PLACEMENT_3D('',#5273,#4138,#4139);
#3388=AXIS2_PLACEMENT_3D('',#5274,#4140,#4141);
#3389=AXIS2_PLACEMENT_3D('',#5275,#4142,#4143);
#3390=AXIS2_PLACEMENT_3D('',#5276,#4144,#4145);
#3391=AXIS2_PLACEMENT_3D('',#5277,#4146,#4147);
#3392=AXIS2_PLACEMENT_3D('',#5278,#4148,#4149);
#3393=AXIS2_PLACEMENT_3D('',#5279,#4150,#4151);
#3394=AXIS2_PLACEMENT_3D('',#5280,#4152,#4153);
#3395=AXIS2_PLACEMENT_3D('',#5281,#4154,#4155);
#3396=AXIS2_PLACEMENT_3D('',#5282,#4156,#4157);
#3397=AXIS2_PLACEMENT_3D('',#5283,#4158,#4159);
#3398=AXIS2_PLACEMENT_3D('',#5284,#4160,#4161);
#3399=AXIS2_PLACEMENT_3D('',#5285,#4162,#4163);
#3400=AXIS2_PLACEMENT_3D('',#5286,#4164,#4165);
#3401=AXIS2_PLACEMENT_3D('',#5287,#4166,#4167);
#3402=AXIS2_PLACEMENT_3D('',#5288,#4168,#4169);
#3403=AXIS2_PLACEMENT_3D('',#5289,#4170,#4171);
#3404=AXIS2_PLACEMENT_3D('',#5290,#4172,#4173);
#3405=AXIS2_PLACEMENT_3D('',#5291,#4174,#4175);
#3406=AXIS2_PLACEMENT_3D('',#5292,#4176,#4177);
#3407=AXIS2_PLACEMENT_3D('',#5293,#4178,#4179);
#3408=AXIS2_PLACEMENT_3D('',#5294,#4180,#4181);
#3409=AXIS2_PLACEMENT_3D('',#5295,#4182,#4183);
#3410=AXIS2_PLACEMENT_3D('',#5296,#4184,#4185);
#3411=AXIS2_PLACEMENT_3D('',#5297,#4186,#4187);
#3412=AXIS2_PLACEMENT_3D('',#5298,#4188,#4189);
#3413=AXIS2_PLACEMENT_3D('',#5299,#4190,#4191);
#3414=AXIS2_PLACEMENT_3D('',#5300,#4192,#4193);
#3415=AXIS2_PLACEMENT_3D('',#5301,#4194,#4195);
#3416=AXIS2_PLACEMENT_3D('',#5302,#4196,#4197);
#3417=AXIS2_PLACEMENT_3D('',#5303,#4198,#4199);
#3418=AXIS2_PLACEMENT_3D('',#5304,#4200,#4201);
#3419=AXIS2_PLACEMENT_3D('',#5305,#4202,#4203);
#3420=AXIS2_PLACEMENT_3D('',#5306,#4204,#4205);
#3421=AXIS2_PLACEMENT_3D('',#5307,#4206,#4207);
#3422=AXIS2_PLACEMENT_3D('',#5308,#4208,#4209);
#3423=AXIS2_PLACEMENT_3D('',#5309,#4210,#4211);
#3424=AXIS2_PLACEMENT_3D('',#5310,#4212,#4213);
#3425=AXIS2_PLACEMENT_3D('',#5311,#4214,#4215);
#3426=AXIS2_PLACEMENT_3D('',#5320,#4220,#4221);
#3427=AXIS2_PLACEMENT_3D('',#5329,#4226,#4227);
#3428=AXIS2_PLACEMENT_3D('',#5338,#4232,#4233);
#3429=AXIS2_PLACEMENT_3D('',#5347,#4238,#4239);
#3430=AXIS2_PLACEMENT_3D('',#5348,#4240,#4241);
#3431=AXIS2_PLACEMENT_3D('',#5350,#4242,#4243);
#3432=AXIS2_PLACEMENT_3D('',#5352,#4244,#4245);
#3433=AXIS2_PLACEMENT_3D('',#5353,#4246,#4247);
#3434=AXIS2_PLACEMENT_3D('',#5354,#4248,#4249);
#3435=AXIS2_PLACEMENT_3D('',#5355,#4250,#4251);
#3436=AXIS2_PLACEMENT_3D('',#5356,#4252,#4253);
#3437=AXIS2_PLACEMENT_3D('',#5359,#4255,#4256);
#3438=AXIS2_PLACEMENT_3D('',#5360,#4257,#4258);
#3439=AXIS2_PLACEMENT_3D('',#5361,#4259,#4260);
#3440=AXIS2_PLACEMENT_3D('',#5364,#4262,#4263);
#3441=AXIS2_PLACEMENT_3D('',#5365,#4264,#4265);
#3442=AXIS2_PLACEMENT_3D('',#5366,#4266,#4267);
#3443=AXIS2_PLACEMENT_3D('',#5367,#4268,#4269);
#3444=AXIS2_PLACEMENT_3D('',#5368,#4270,#4271);
#3445=AXIS2_PLACEMENT_3D('',#5369,#4272,#4273);
#3446=AXIS2_PLACEMENT_3D('',#5371,#4274,#4275);
#3447=AXIS2_PLACEMENT_3D('',#5372,#4276,#4277);
#3448=AXIS2_PLACEMENT_3D('',#5373,#4278,#4279);
#3449=AXIS2_PLACEMENT_3D('',#5375,#4280,#4281);
#3450=AXIS2_PLACEMENT_3D('',#5376,#4282,#4283);
#3451=AXIS2_PLACEMENT_3D('',#5377,#4284,#4285);
#3452=AXIS2_PLACEMENT_3D('',#5378,#4286,#4287);
#3453=AXIS2_PLACEMENT_3D('',#5379,#4288,#4289);
#3454=AXIS2_PLACEMENT_3D('',#5380,#4290,#4291);
#3455=AXIS2_PLACEMENT_3D('',#5383,#4293,#4294);
#3456=AXIS2_PLACEMENT_3D('',#5384,#4295,#4296);
#3457=AXIS2_PLACEMENT_3D('',#5387,#4298,#4299);
#3458=AXIS2_PLACEMENT_3D('',#5388,#4300,#4301);
#3459=AXIS2_PLACEMENT_3D('',#5389,#4302,#4303);
#3460=AXIS2_PLACEMENT_3D('',#5390,#4304,#4305);
#3461=AXIS2_PLACEMENT_3D('',#5391,#4306,#4307);
#3462=AXIS2_PLACEMENT_3D('',#5392,#4308,#4309);
#3463=AXIS2_PLACEMENT_3D('',#5393,#4310,#4311);
#3464=AXIS2_PLACEMENT_3D('',#5394,#4312,#4313);
#3465=AXIS2_PLACEMENT_3D('',#5395,#4314,#4315);
#3466=AXIS2_PLACEMENT_3D('',#5396,#4316,#4317);
#3467=AXIS2_PLACEMENT_3D('',#5398,#4318,#4319);
#3468=AXIS2_PLACEMENT_3D('',#5400,#4320,#4321);
#3469=AXIS2_PLACEMENT_3D('',#5401,#4322,#4323);
#3470=AXIS2_PLACEMENT_3D('',#5402,#4324,#4325);
#3471=AXIS2_PLACEMENT_3D('',#5403,#4326,#4327);
#3472=AXIS2_PLACEMENT_3D('',#5404,#4328,#4329);
#3473=AXIS2_PLACEMENT_3D('',#5407,#4331,#4332);
#3474=AXIS2_PLACEMENT_3D('',#5408,#4333,#4334);
#3475=AXIS2_PLACEMENT_3D('',#5409,#4335,#4336);
#3476=AXIS2_PLACEMENT_3D('',#5412,#4338,#4339);
#3477=AXIS2_PLACEMENT_3D('',#5413,#4340,#4341);
#3478=AXIS2_PLACEMENT_3D('',#5414,#4342,#4343);
#3479=AXIS2_PLACEMENT_3D('',#5415,#4344,#4345);
#3480=AXIS2_PLACEMENT_3D('',#5416,#4346,#4347);
#3481=AXIS2_PLACEMENT_3D('',#5417,#4348,#4349);
#3482=AXIS2_PLACEMENT_3D('',#5419,#4350,#4351);
#3483=AXIS2_PLACEMENT_3D('',#5420,#4352,#4353);
#3484=AXIS2_PLACEMENT_3D('',#5421,#4354,#4355);
#3485=AXIS2_PLACEMENT_3D('',#5423,#4356,#4357);
#3486=AXIS2_PLACEMENT_3D('',#5424,#4358,#4359);
#3487=AXIS2_PLACEMENT_3D('',#5425,#4360,#4361);
#3488=AXIS2_PLACEMENT_3D('',#5426,#4362,#4363);
#3489=AXIS2_PLACEMENT_3D('',#5427,#4364,#4365);
#3490=AXIS2_PLACEMENT_3D('',#5428,#4366,#4367);
#3491=AXIS2_PLACEMENT_3D('',#5431,#4369,#4370);
#3492=AXIS2_PLACEMENT_3D('',#5432,#4371,#4372);
#3493=AXIS2_PLACEMENT_3D('',#5435,#4374,#4375);
#3494=AXIS2_PLACEMENT_3D('',#5436,#4376,#4377);
#3495=AXIS2_PLACEMENT_3D('',#5437,#4378,#4379);
#3496=AXIS2_PLACEMENT_3D('',#5438,#4380,#4381);
#3497=AXIS2_PLACEMENT_3D('',#5439,#4382,#4383);
#3498=AXIS2_PLACEMENT_3D('',#5440,#4384,#4385);
#3499=AXIS2_PLACEMENT_3D('',#5441,#4386,#4387);
#3500=AXIS2_PLACEMENT_3D('',#5442,#4388,#4389);
#3501=AXIS2_PLACEMENT_3D('',#5443,#4390,#4391);
#3502=AXIS2_PLACEMENT_3D('',#5444,#4392,#4393);
#3503=AXIS2_PLACEMENT_3D('',#5448,#4395,#4396);
#3504=AXIS2_PLACEMENT_3D('',#5449,#4397,#4398);
#3505=AXIS2_PLACEMENT_3D('',#5450,#4399,#4400);
#3506=AXIS2_PLACEMENT_3D('',#5452,#4401,#4402);
#3507=AXIS2_PLACEMENT_3D('',#5453,#4403,#4404);
#3508=AXIS2_PLACEMENT_3D('',#5454,#4405,#4406);
#3509=AXIS2_PLACEMENT_3D('',#5455,#4407,#4408);
#3510=AXIS2_PLACEMENT_3D('',#5456,#4409,#4410);
#3511=AXIS2_PLACEMENT_3D('',#5457,#4411,#4412);
#3512=AXIS2_PLACEMENT_3D('',#5459,#4413,#4414);
#3513=AXIS2_PLACEMENT_3D('',#5460,#4415,#4416);
#3514=AXIS2_PLACEMENT_3D('',#5461,#4417,#4418);
#3515=AXIS2_PLACEMENT_3D('',#5464,#4420,#4421);
#3516=AXIS2_PLACEMENT_3D('',#5465,#4422,#4423);
#3517=AXIS2_PLACEMENT_3D('',#5466,#4424,#4425);
#3518=AXIS2_PLACEMENT_3D('',#5467,#4426,#4427);
#3519=AXIS2_PLACEMENT_3D('',#5468,#4428,#4429);
#3520=AXIS2_PLACEMENT_3D('',#5469,#4430,#4431);
#3521=AXIS2_PLACEMENT_3D('',#5472,#4433,#4434);
#3522=AXIS2_PLACEMENT_3D('',#5473,#4435,#4436);
#3523=AXIS2_PLACEMENT_3D('',#5475,#4437,#4438);
#3524=AXIS2_PLACEMENT_3D('',#5476,#4439,#4440);
#3525=AXIS2_PLACEMENT_3D('',#5477,#4441,#4442);
#3526=AXIS2_PLACEMENT_3D('',#5479,#4443,#4444);
#3527=AXIS2_PLACEMENT_3D('',#5480,#4445,#4446);
#3528=AXIS2_PLACEMENT_3D('',#5481,#4447,#4448);
#3529=AXIS2_PLACEMENT_3D('',#5482,#4449,#4450);
#3530=AXIS2_PLACEMENT_3D('',#5483,#4451,#4452);
#3531=AXIS2_PLACEMENT_3D('',#5484,#4453,#4454);
#3532=AXIS2_PLACEMENT_3D('',#5486,#4456,#4457);
#3533=AXIS2_PLACEMENT_3D('',#5487,#4458,#4459);
#3534=AXIS2_PLACEMENT_3D('',#5488,#4460,#4461);
#3535=AXIS2_PLACEMENT_3D('',#5489,#4462,#4463);
#3536=AXIS2_PLACEMENT_3D('',#5490,#4464,#4465);
#3537=AXIS2_PLACEMENT_3D('',#5491,#4466,#4467);
#3538=AXIS2_PLACEMENT_3D('',#5492,#4468,#4469);
#3539=AXIS2_PLACEMENT_3D('',#5494,#4470,#4471);
#3540=AXIS2_PLACEMENT_3D('',#5497,#4473,#4474);
#3541=AXIS2_PLACEMENT_3D('',#5498,#4475,#4476);
#3542=AXIS2_PLACEMENT_3D('',#5500,#4477,#4478);
#3543=AXIS2_PLACEMENT_3D('',#5501,#4479,#4480);
#3544=AXIS2_PLACEMENT_3D('',#5502,#4481,#4482);
#3545=AXIS2_PLACEMENT_3D('',#5503,#4483,#4484);
#3546=AXIS2_PLACEMENT_3D('',#5504,#4485,#4486);
#3547=AXIS2_PLACEMENT_3D('',#5505,#4487,#4488);
#3548=AXIS2_PLACEMENT_3D('',#5507,#4489,#4490);
#3549=AXIS2_PLACEMENT_3D('',#5508,#4491,#4492);
#3550=AXIS2_PLACEMENT_3D('',#5509,#4493,#4494);
#3551=AXIS2_PLACEMENT_3D('',#5512,#4496,#4497);
#3552=AXIS2_PLACEMENT_3D('',#5513,#4498,#4499);
#3553=AXIS2_PLACEMENT_3D('',#5514,#4500,#4501);
#3554=AXIS2_PLACEMENT_3D('',#5515,#4502,#4503);
#3555=AXIS2_PLACEMENT_3D('',#5516,#4504,#4505);
#3556=AXIS2_PLACEMENT_3D('',#5517,#4506,#4507);
#3557=AXIS2_PLACEMENT_3D('',#5520,#4509,#4510);
#3558=AXIS2_PLACEMENT_3D('',#5521,#4511,#4512);
#3559=AXIS2_PLACEMENT_3D('',#5523,#4513,#4514);
#3560=AXIS2_PLACEMENT_3D('',#5524,#4515,#4516);
#3561=AXIS2_PLACEMENT_3D('',#5525,#4517,#4518);
#3562=AXIS2_PLACEMENT_3D('',#5527,#4519,#4520);
#3563=AXIS2_PLACEMENT_3D('',#5528,#4521,#4522);
#3564=AXIS2_PLACEMENT_3D('',#5529,#4523,#4524);
#3565=AXIS2_PLACEMENT_3D('',#5530,#4525,#4526);
#3566=AXIS2_PLACEMENT_3D('',#5531,#4527,#4528);
#3567=AXIS2_PLACEMENT_3D('',#5532,#4529,#4530);
#3568=AXIS2_PLACEMENT_3D('',#5534,#4532,#4533);
#3569=AXIS2_PLACEMENT_3D('',#5535,#4534,#4535);
#3570=AXIS2_PLACEMENT_3D('',#5536,#4536,#4537);
#3571=AXIS2_PLACEMENT_3D('',#5537,#4538,#4539);
#3572=AXIS2_PLACEMENT_3D('',#5538,#4540,#4541);
#3573=AXIS2_PLACEMENT_3D('',#5539,#4542,#4543);
#3574=AXIS2_PLACEMENT_3D('',#5541,#4545,#4546);
#3575=AXIS2_PLACEMENT_3D('',#5546,#4550,#4551);
#3576=AXIS2_PLACEMENT_3D('',#5549,#4553,#4554);
#3577=AXIS2_PLACEMENT_3D('',#5550,#4555,#4556);
#3578=AXIS2_PLACEMENT_3D('',#5552,#4558,#4559);
#3579=AXIS2_PLACEMENT_3D('',#5555,#4561,#4562);
#3580=AXIS2_PLACEMENT_3D('',#5558,#4564,#4565);
#3581=AXIS2_PLACEMENT_3D('',#5561,#4567,#4568);
#3582=AXIS2_PLACEMENT_3D('',#5564,#4570,#4571);
#3583=AXIS2_PLACEMENT_3D('',#5565,#4572,#4573);
#3584=AXIS2_PLACEMENT_3D('',#5566,#4574,#4575);
#3585=AXIS2_PLACEMENT_3D('',#5567,#4576,#4577);
#3586=AXIS2_PLACEMENT_3D('',#5568,#4578,#4579);
#3587=AXIS2_PLACEMENT_3D('',#5569,#4580,#4581);
#3588=AXIS2_PLACEMENT_3D('',#5570,#4582,#4583);
#3589=AXIS2_PLACEMENT_3D('',#5572,#4585,#4586);
#3590=AXIS2_PLACEMENT_3D('',#5576,#4589,#4590);
#3591=AXIS2_PLACEMENT_3D('',#5579,#4592,#4593);
#3592=AXIS2_PLACEMENT_3D('',#5580,#4594,#4595);
#3593=AXIS2_PLACEMENT_3D('',#5583,#4598,#4599);
#3594=AXIS2_PLACEMENT_3D('',#5584,#4600,#4601);
#3595=AXIS2_PLACEMENT_3D('',#5589,#4604,#4605);
#3596=AXIS2_PLACEMENT_3D('',#5590,#4606,#4607);
#3597=AXIS2_PLACEMENT_3D('',#5595,#4610,#4611);
#3598=AXIS2_PLACEMENT_3D('',#5596,#4612,#4613);
#3599=AXIS2_PLACEMENT_3D('',#5597,#4614,#4615);
#3600=AXIS2_PLACEMENT_3D('',#5598,#4616,#4617);
#3601=AXIS2_PLACEMENT_3D('',#5599,#4618,#4619);
#3602=AXIS2_PLACEMENT_3D('',#5600,#4620,#4621);
#3603=AXIS2_PLACEMENT_3D('',#5601,#4622,#4623);
#3604=AXIS2_PLACEMENT_3D('',#5604,#4626,#4627);
#3605=AXIS2_PLACEMENT_3D('',#5607,#4630,#4631);
#3606=AXIS2_PLACEMENT_3D('',#5610,#4634,#4635);
#3607=AXIS2_PLACEMENT_3D('',#5613,#4638,#4639);
#3608=AXIS2_PLACEMENT_3D('',#5616,#4642,#4643);
#3609=AXIS2_PLACEMENT_3D('',#5619,#4646,#4647);
#3610=AXIS2_PLACEMENT_3D('',#5620,#4648,#4649);
#3611=AXIS2_PLACEMENT_3D('',#5621,#4650,#4651);
#3612=AXIS2_PLACEMENT_3D('',#5622,#4652,#4653);
#3613=AXIS2_PLACEMENT_3D('',#5623,#4654,#4655);
#3614=AXIS2_PLACEMENT_3D('',#5624,#4656,#4657);
#3615=AXIS2_PLACEMENT_3D('',#5625,#4658,#4659);
#3616=AXIS2_PLACEMENT_3D('',#5626,#4660,#4661);
#3617=DIRECTION('',(0.,0.,1.));
#3618=DIRECTION('',(1.,0.,0.));
#3619=DIRECTION('',(0.,-1.,0.));
#3620=DIRECTION('',(0.,0.,-1.));
#3621=DIRECTION('',(-1.,0.,0.));
#3622=DIRECTION('',(0.,0.,-1.));
#3623=DIRECTION('',(-1.,0.,0.));
#3624=DIRECTION('',(0.,0.,-1.));
#3625=DIRECTION('',(1.,0.,0.));
#3626=DIRECTION('',(0.,-1.,0.));
#3627=DIRECTION('',(0.,0.,-1.));
#3628=DIRECTION('',(-1.06752213906265E-16,0.,1.));
#3629=DIRECTION('',(0.,-1.,0.));
#3630=DIRECTION('',(0.,0.,-1.));
#3631=DIRECTION('',(-1.,0.,0.));
#3632=DIRECTION('',(0.,-1.,0.));
#3633=DIRECTION('',(0.,0.,-1.));
#3634=DIRECTION('',(1.06752213906265E-16,0.,-1.));
#3635=DIRECTION('',(0.,-1.,0.));
#3636=DIRECTION('',(0.,0.,-1.));
#3637=DIRECTION('',(3.73058812038023E-16,-1.,0.));
#3638=DIRECTION('',(1.,3.73058812038023E-16,0.));
#3639=DIRECTION('',(-1.,0.,0.));
#3640=DIRECTION('',(0.,0.,-1.));
#3641=DIRECTION('',(-1.,-3.73058812038023E-16,0.));
#3642=DIRECTION('',(0.,0.,-1.));
#3643=DIRECTION('',(-1.06752213906265E-16,-3.98248541023001E-32,1.));
#3644=DIRECTION('',(3.73058812038023E-16,-1.,0.));
#3645=DIRECTION('',(1.,3.73058812038023E-16,0.));
#3646=DIRECTION('',(1.,3.73058812038023E-16,0.));
#3647=DIRECTION('',(3.73058812038023E-16,-1.,0.));
#3648=DIRECTION('',(1.,3.73058812038023E-16,0.));
#3649=DIRECTION('',(1.06752213906265E-16,3.98248541023001E-32,-1.));
#3650=DIRECTION('',(3.73058812038023E-16,-1.,0.));
#3651=DIRECTION('',(1.,3.73058812038023E-16,0.));
#3652=DIRECTION('',(-1.,-3.73058812038023E-16,0.));
#3653=DIRECTION('',(3.73058812038023E-16,-1.,0.));
#3654=DIRECTION('',(1.,3.73058812038023E-16,0.));
#3655=DIRECTION('',(5.10212787052002E-16,-1.,0.));
#3656=DIRECTION('',(1.,5.10212787052002E-16,0.));
#3657=DIRECTION('',(1.06752213906265E-16,5.4466344581087E-32,-1.));
#3658=DIRECTION('',(5.10212787052002E-16,-1.,0.));
#3659=DIRECTION('',(1.,5.10212787052002E-16,0.));
#3660=DIRECTION('',(1.,5.10212787052002E-16,0.));
#3661=DIRECTION('',(5.10212787052002E-16,-1.,0.));
#3662=DIRECTION('',(1.,5.10212787052002E-16,0.));
#3663=DIRECTION('',(-1.06752213906265E-16,-5.4466344581087E-32,1.));
#3664=DIRECTION('',(5.10212787052002E-16,-1.,0.));
#3665=DIRECTION('',(1.,5.10212787052002E-16,0.));
#3666=DIRECTION('',(1.,5.10212787052002E-16,0.));
#3667=DIRECTION('',(5.10212787052002E-16,-1.,0.));
#3668=DIRECTION('',(1.,5.10212787052002E-16,0.));
#3669=DIRECTION('',(0.,0.,-1.));
#3670=DIRECTION('',(-1.,-5.10212787052002E-16,0.));
#3671=DIRECTION('',(0.,0.,-1.));
#3672=DIRECTION('',(5.10212787052002E-16,-1.,0.));
#3673=DIRECTION('',(1.,5.10212787052002E-16,0.));
#3674=DIRECTION('',(1.,5.10212787052002E-16,0.));
#3675=DIRECTION('',(5.10212787052002E-16,-1.,0.));
#3676=DIRECTION('',(1.,5.10212787052002E-16,0.));
#3677=DIRECTION('',(0.,-1.,0.));
#3678=DIRECTION('',(0.,0.,-1.));
#3679=DIRECTION('',(-1.06752213906265E-16,0.,1.));
#3680=DIRECTION('',(0.,-1.,0.));
#3681=DIRECTION('',(0.,0.,-1.));
#3682=DIRECTION('',(1.,0.,0.));
#3683=DIRECTION('',(0.,-1.,0.));
#3684=DIRECTION('',(0.,0.,-1.));
#3685=DIRECTION('',(1.06752213906265E-16,0.,-1.));
#3686=DIRECTION('',(0.,-1.,0.));
#3687=DIRECTION('',(0.,0.,-1.));
#3688=DIRECTION('',(-1.,0.,0.));
#3689=DIRECTION('',(0.,-1.,0.));
#3690=DIRECTION('',(0.,0.,-1.));
#3691=DIRECTION('',(0.,0.,-1.));
#3692=DIRECTION('',(-1.,0.,0.));
#3693=DIRECTION('',(0.,0.,-1.));
#3694=DIRECTION('',(0.,-1.,0.));
#3695=DIRECTION('',(0.,0.,-1.));
#3696=DIRECTION('',(-1.,0.,0.));
#3697=DIRECTION('',(0.,-1.,0.));
#3698=DIRECTION('',(0.,0.,-1.));
#3699=DIRECTION('',(-1.,6.1153589047361E-17,0.));
#3700=DIRECTION('',(-6.1153589047361E-17,-1.,0.));
#3701=DIRECTION('',(6.1153589047361E-17,1.,0.));
#3702=DIRECTION('',(0.,0.,-1.));
#3703=DIRECTION('',(-6.1153589047361E-17,-1.,-2.13176464021727E-16));
#3704=DIRECTION('',(-1.,6.1153589047361E-17,0.));
#3705=DIRECTION('',(-6.1153589047361E-17,-1.,0.));
#3706=DIRECTION('',(-5.72716297293689E-17,-0.936521153075976,0.350611080602487));
#3707=DIRECTION('',(-1.,6.1153589047361E-17,0.));
#3708=DIRECTION('',(-6.1153589047361E-17,-1.,0.));
#3709=DIRECTION('',(-6.1153589047361E-17,-1.,0.));
#3710=DIRECTION('',(0.,0.,-1.));
#3711=DIRECTION('',(1.,6.1153589047361E-17,0.));
#3712=DIRECTION('',(-6.1153589047361E-17,1.,0.));
#3713=DIRECTION('',(6.1153589047361E-17,1.,0.));
#3714=DIRECTION('',(-1.,6.1153589047361E-17,0.));
#3715=DIRECTION('',(-6.1153589047361E-17,-1.,0.));
#3716=DIRECTION('',(0.,0.,-1.));
#3717=DIRECTION('',(-6.1153589047361E-17,-1.,0.));
#3718=DIRECTION('',(-1.,6.1153589047361E-17,0.));
#3719=DIRECTION('',(-6.1153589047361E-17,-1.,0.));
#3720=DIRECTION('',(-5.72716297293689E-17,-0.936521153075976,0.350611080602487));
#3721=DIRECTION('',(0.,0.,-1.));
#3722=DIRECTION('',(-1.,6.1153589047361E-17,0.));
#3723=DIRECTION('',(-6.1153589047361E-17,-1.,0.));
#3724=DIRECTION('',(6.1153589047361E-17,1.,0.));
#3725=DIRECTION('',(1.,6.1153589047361E-17,0.));
#3726=DIRECTION('',(-6.1153589047361E-17,1.,0.));
#3727=DIRECTION('',(0.,0.,-1.));
#3728=DIRECTION('',(6.1153589047361E-17,1.,0.));
#3729=DIRECTION('',(0.,0.,-1.));
#3730=DIRECTION('',(0.,-1.,0.));
#3731=DIRECTION('',(0.,0.,-1.));
#3732=DIRECTION('',(-1.,6.1153589047361E-17,0.));
#3733=DIRECTION('',(-6.1153589047361E-17,-1.,0.));
#3734=DIRECTION('',(6.1153589047361E-17,1.,0.));
#3735=DIRECTION('',(0.,0.,-1.));
#3736=DIRECTION('',(-1.,6.1153589047361E-17,0.));
#3737=DIRECTION('',(-6.1153589047361E-17,-1.,0.));
#3738=DIRECTION('',(6.1153589047361E-17,1.,0.));
#3739=DIRECTION('',(0.,0.,-1.));
#3740=DIRECTION('',(0.,1.,0.));
#3741=DIRECTION('',(0.,0.,-1.));
#3742=DIRECTION('',(-1.,6.1153589047361E-17,0.));
#3743=DIRECTION('',(-6.1153589047361E-17,-1.,0.));
#3744=DIRECTION('',(-1.,6.1153589047361E-17,0.));
#3745=DIRECTION('',(-6.1153589047361E-17,-1.,0.));
#3746=DIRECTION('',(-6.1153589047361E-17,-1.,0.));
#3747=DIRECTION('',(-1.,6.1153589047361E-17,0.));
#3748=DIRECTION('',(-6.1153589047361E-17,-1.,0.));
#3749=DIRECTION('',(0.,0.,1.));
#3750=DIRECTION('',(-1.,6.1153589047361E-17,0.));
#3751=DIRECTION('',(-6.1153589047361E-17,-1.,0.));
#3752=DIRECTION('',(-6.1153589047361E-17,-1.,0.));
#3753=DIRECTION('',(-1.,6.1153589047361E-17,0.));
#3754=DIRECTION('',(-6.1153589047361E-17,-1.,0.));
#3755=DIRECTION('',(0.,0.,1.));
#3756=DIRECTION('',(-1.,6.1153589047361E-17,0.));
#3757=DIRECTION('',(-6.1153589047361E-17,-1.,0.));
#3758=DIRECTION('',(0.,0.,1.));
#3759=DIRECTION('',(-1.,6.1153589047361E-17,0.));
#3760=DIRECTION('',(-6.1153589047361E-17,-1.,0.));
#3761=DIRECTION('',(-6.1153589047361E-17,-1.,0.));
#3762=DIRECTION('',(-1.,6.1153589047361E-17,0.));
#3763=DIRECTION('',(-6.1153589047361E-17,-1.,0.));
#3764=DIRECTION('',(0.,0.,1.));
#3765=DIRECTION('',(-1.,6.1153589047361E-17,0.));
#3766=DIRECTION('',(-6.1153589047361E-17,-1.,0.));
#3767=DIRECTION('',(-6.1153589047361E-17,-1.,0.));
#3768=DIRECTION('',(0.,0.,-1.));
#3769=DIRECTION('',(-1.,6.1153589047361E-17,0.));
#3770=DIRECTION('',(-6.1153589047361E-17,-1.,0.));
#3771=DIRECTION('',(5.72716297293689E-17,0.936521153075976,-0.350611080602487));
#3772=DIRECTION('',(-1.,6.1153589047361E-17,0.));
#3773=DIRECTION('',(-6.1153589047361E-17,-1.,0.));
#3774=DIRECTION('',(6.1153589047361E-17,1.,0.));
#3775=DIRECTION('',(-1.,6.1153589047361E-17,0.));
#3776=DIRECTION('',(-6.1153589047361E-17,-1.,0.));
#3777=DIRECTION('',(6.1153589047361E-17,1.,0.));
#3778=DIRECTION('',(-1.,6.1153589047361E-17,0.));
#3779=DIRECTION('',(-6.1153589047361E-17,-1.,0.));
#3780=DIRECTION('',(5.72716297293689E-17,0.936521153075976,-0.350611080602487));
#3781=DIRECTION('',(-1.,6.1153589047361E-17,0.));
#3782=DIRECTION('',(-6.1153589047361E-17,-1.,0.));
#3783=DIRECTION('',(6.1153589047361E-17,1.,2.13176464021727E-16));
#3784=DIRECTION('',(-1.,6.1153589047361E-17,0.));
#3785=DIRECTION('',(-6.1153589047361E-17,-1.,0.));
#3786=DIRECTION('',(0.,0.,-1.));
#3787=DIRECTION('',(-1.,6.1153589047361E-17,0.));
#3788=DIRECTION('',(-6.1153589047361E-17,-1.,0.));
#3789=DIRECTION('',(0.,-1.,0.));
#3790=DIRECTION('',(0.,0.,-1.));
#3791=DIRECTION('',(6.1153589047361E-17,1.,0.));
#3792=DIRECTION('',(0.,0.,-1.));
#3793=DIRECTION('',(0.,1.,0.));
#3794=DIRECTION('',(0.,0.,-1.));
#3795=DIRECTION('',(6.1153589047361E-17,1.,0.));
#3796=DIRECTION('',(0.,0.,-1.));
#3797=DIRECTION('',(-1.,6.1153589047361E-17,0.));
#3798=DIRECTION('',(-6.1153589047361E-17,-1.,0.));
#3799=DIRECTION('',(0.,0.,1.));
#3800=DIRECTION('',(-1.,6.1153589047361E-17,0.));
#3801=DIRECTION('',(-6.1153589047361E-17,-1.,0.));
#3802=DIRECTION('',(-6.1153589047361E-17,-1.,0.));
#3803=DIRECTION('',(-1.,6.1153589047361E-17,0.));
#3804=DIRECTION('',(-6.1153589047361E-17,-1.,0.));
#3805=DIRECTION('',(0.,0.,1.));
#3806=DIRECTION('',(-1.,6.1153589047361E-17,0.));
#3807=DIRECTION('',(-6.1153589047361E-17,-1.,0.));
#3808=DIRECTION('',(-6.1153589047361E-17,-1.,0.));
#3809=DIRECTION('',(-1.,6.1153589047361E-17,0.));
#3810=DIRECTION('',(-6.1153589047361E-17,-1.,0.));
#3811=DIRECTION('',(0.,0.,1.));
#3812=DIRECTION('',(-1.,6.1153589047361E-17,0.));
#3813=DIRECTION('',(-6.1153589047361E-17,-1.,0.));
#3814=DIRECTION('',(-6.1153589047361E-17,-1.,0.));
#3815=DIRECTION('',(-1.,6.1153589047361E-17,0.));
#3816=DIRECTION('',(-6.1153589047361E-17,-1.,0.));
#3817=DIRECTION('',(0.,0.,1.));
#3818=DIRECTION('',(-1.,6.1153589047361E-17,0.));
#3819=DIRECTION('',(-6.1153589047361E-17,-1.,0.));
#3820=DIRECTION('',(-6.1153589047361E-17,-1.,0.));
#3821=DIRECTION('',(-1.,6.49709167032512E-17,0.));
#3822=DIRECTION('',(-6.49709167032512E-17,-1.,0.));
#3823=DIRECTION('',(6.49709167032512E-17,1.,0.));
#3824=DIRECTION('',(-1.,6.49709167032512E-17,0.));
#3825=DIRECTION('',(-6.49709167032512E-17,-1.,0.));
#3826=DIRECTION('',(0.,0.,-1.));
#3827=DIRECTION('',(-1.,6.49709167032512E-17,0.));
#3828=DIRECTION('',(-6.49709167032512E-17,-1.,0.));
#3829=DIRECTION('',(6.49709167032512E-17,1.,0.));
#3830=DIRECTION('',(-1.,6.49709167032512E-17,0.));
#3831=DIRECTION('',(-6.49709167032512E-17,-1.,0.));
#3832=DIRECTION('',(0.,0.,-1.));
#3833=DIRECTION('',(-1.,6.49709167032512E-17,0.));
#3834=DIRECTION('',(-6.49709167032512E-17,-1.,0.));
#3835=DIRECTION('',(6.49709167032512E-17,1.,0.));
#3836=DIRECTION('',(6.49709167032512E-17,1.,0.));
#3837=DIRECTION('',(0.,0.,1.));
#3838=DIRECTION('',(-1.,6.49709167032512E-17,0.));
#3839=DIRECTION('',(-6.49709167032512E-17,-1.,0.));
#3840=DIRECTION('',(-6.49709167032512E-17,-1.,0.));
#3841=DIRECTION('',(-1.,6.49709167032512E-17,0.));
#3842=DIRECTION('',(-6.49709167032512E-17,-1.,0.));
#3843=DIRECTION('',(-6.0846637827332E-17,-0.936521153075976,0.350611080602487));
#3844=DIRECTION('',(-1.,6.49709167032512E-17,0.));
#3845=DIRECTION('',(-6.49709167032512E-17,-1.,0.));
#3846=DIRECTION('',(-6.49709167032512E-17,-1.,-2.13176464021727E-16));
#3847=DIRECTION('',(-1.,6.49709167032512E-17,0.));
#3848=DIRECTION('',(-6.49709167032512E-17,-1.,0.));
#3849=DIRECTION('',(-6.08466378273321E-17,-0.936521153075976,0.350611080602487));
#3850=DIRECTION('',(-1.,6.49709167032512E-17,0.));
#3851=DIRECTION('',(-6.49709167032512E-17,-1.,0.));
#3852=DIRECTION('',(-6.49709167032512E-17,-1.,0.));
#3853=DIRECTION('',(-1.,6.49709167032512E-17,0.));
#3854=DIRECTION('',(-6.49709167032512E-17,-1.,0.));
#3855=DIRECTION('',(0.,0.,1.));
#3856=DIRECTION('',(-1.,6.49709167032512E-17,0.));
#3857=DIRECTION('',(-6.49709167032512E-17,-1.,0.));
#3858=DIRECTION('',(-1.,6.49709167032512E-17,0.));
#3859=DIRECTION('',(-6.49709167032512E-17,-1.,0.));
#3860=DIRECTION('',(6.49709167032512E-17,1.,0.));
#3861=DIRECTION('',(6.49709167032512E-17,1.,0.));
#3862=DIRECTION('',(6.49709167032512E-17,1.,0.));
#3863=DIRECTION('',(-1.,6.49709167032512E-17,0.));
#3864=DIRECTION('',(-6.49709167032512E-17,-1.,0.));
#3865=DIRECTION('',(0.,0.,-1.));
#3866=DIRECTION('',(-1.,6.49709167032512E-17,0.));
#3867=DIRECTION('',(-6.49709167032512E-17,-1.,0.));
#3868=DIRECTION('',(6.49709167032512E-17,1.,0.));
#3869=DIRECTION('',(-1.,6.49709167032512E-17,0.));
#3870=DIRECTION('',(-6.49709167032512E-17,-1.,0.));
#3871=DIRECTION('',(0.,0.,-1.));
#3872=DIRECTION('',(-6.0846637827332E-17,-0.936521153075976,0.350611080602487));
#3873=DIRECTION('',(-1.,6.49709167032512E-17,0.));
#3874=DIRECTION('',(-6.49709167032512E-17,-1.,0.));
#3875=DIRECTION('',(-6.49709167032512E-17,-1.,0.));
#3876=DIRECTION('',(-1.,6.49709167032512E-17,0.));
#3877=DIRECTION('',(-6.49709167032512E-17,-1.,0.));
#3878=DIRECTION('',(0.,0.,1.));
#3879=DIRECTION('',(-1.,6.49709167032512E-17,0.));
#3880=DIRECTION('',(-6.49709167032512E-17,-1.,0.));
#3881=DIRECTION('',(-6.49709167032512E-17,-1.,-2.13176464021727E-16));
#3882=DIRECTION('',(-1.,6.49709167032512E-17,0.));
#3883=DIRECTION('',(-6.49709167032512E-17,-1.,0.));
#3884=DIRECTION('',(-6.49709167032512E-17,-1.,0.));
#3885=DIRECTION('',(-1.,6.49709167032512E-17,0.));
#3886=DIRECTION('',(-6.49709167032512E-17,-1.,0.));
#3887=DIRECTION('',(-6.08466378273321E-17,-0.936521153075976,0.350611080602487));
#3888=DIRECTION('',(-1.,6.49709167032512E-17,0.));
#3889=DIRECTION('',(-6.49709167032512E-17,-1.,0.));
#3890=DIRECTION('',(0.,0.,1.));
#3891=DIRECTION('',(-1.,6.49709167032512E-17,0.));
#3892=DIRECTION('',(-6.49709167032512E-17,-1.,0.));
#3893=DIRECTION('',(0.,0.,1.));
#3894=DIRECTION('',(1.,0.,0.));
#3895=DIRECTION('',(0.,0.,1.));
#3896=DIRECTION('',(1.,0.,0.));
#3897=DIRECTION('',(0.,0.,1.));
#3898=DIRECTION('',(1.,0.,0.));
#3899=DIRECTION('',(0.,0.,1.));
#3900=DIRECTION('',(1.,0.,0.));
#3901=DIRECTION('',(0.,0.,1.));
#3902=DIRECTION('',(1.,0.,0.));
#3903=DIRECTION('',(-1.,0.,0.));
#3904=DIRECTION('',(-1.,0.,0.));
#3905=DIRECTION('',(0.,0.,1.));
#3906=DIRECTION('',(1.,0.,0.));
#3907=DIRECTION('',(6.49709167032512E-17,1.,0.));
#3908=DIRECTION('',(3.73058812038023E-16,-1.,0.));
#3909=DIRECTION('',(3.73058812038023E-16,-1.,0.));
#3910=DIRECTION('',(6.49709167032512E-17,1.,0.));
#3911=DIRECTION('',(1.,0.,0.));
#3912=DIRECTION('',(0.,0.,1.));
#3913=DIRECTION('',(1.,0.,0.));
#3914=DIRECTION('',(0.,0.,1.));
#3915=DIRECTION('',(1.,0.,0.));
#3916=DIRECTION('',(0.,0.,1.));
#3917=DIRECTION('',(1.,0.,0.));
#3918=DIRECTION('',(0.,0.,1.));
#3919=DIRECTION('',(1.,0.,0.));
#3920=DIRECTION('',(0.,0.,1.));
#3921=DIRECTION('',(1.,0.,0.));
#3922=DIRECTION('',(6.1153589047361E-17,-1.,0.));
#3923=DIRECTION('',(0.,0.,1.));
#3924=DIRECTION('',(1.,0.,0.));
#3925=DIRECTION('',(6.1153589047361E-17,-1.,0.));
#3926=DIRECTION('',(0.,0.,1.));
#3927=DIRECTION('',(1.,0.,0.));
#3928=DIRECTION('',(6.1153589047361E-17,-1.,0.));
#3929=DIRECTION('',(1.,6.1153589047361E-17,0.));
#3930=DIRECTION('',(0.,0.,1.));
#3931=DIRECTION('',(1.,0.,0.));
#3932=DIRECTION('',(0.,0.,1.));
#3933=DIRECTION('',(1.,0.,0.));
#3934=DIRECTION('',(1.,-6.1153589047361E-17,0.));
#3935=DIRECTION('',(6.1153589047361E-17,1.,0.));
#3936=DIRECTION('',(0.,0.,1.));
#3937=DIRECTION('',(1.,0.,0.));
#3938=DIRECTION('',(6.1153589047361E-17,1.,0.));
#3939=DIRECTION('',(0.,0.,1.));
#3940=DIRECTION('',(1.,0.,0.));
#3941=DIRECTION('',(6.1153589047361E-17,1.,0.));
#3942=DIRECTION('',(1.,-6.1153589047361E-17,0.));
#3943=DIRECTION('',(0.,0.,1.));
#3944=DIRECTION('',(1.,0.,0.));
#3945=DIRECTION('',(-1.,0.,0.));
#3946=DIRECTION('',(0.,0.,1.));
#3947=DIRECTION('',(1.,0.,0.));
#3948=DIRECTION('',(0.,0.,1.));
#3949=DIRECTION('',(1.,0.,0.));
#3950=DIRECTION('',(-1.,0.,0.));
#3951=DIRECTION('',(0.,0.,1.));
#3952=DIRECTION('',(1.,0.,0.));
#3953=DIRECTION('',(1.,6.1153589047361E-17,0.));
#3954=DIRECTION('',(0.,0.,1.));
#3955=DIRECTION('',(1.,0.,0.));
#3956=DIRECTION('',(3.73058812038023E-16,-1.,0.));
#3957=DIRECTION('',(6.49709167032512E-17,1.,0.));
#3958=DIRECTION('',(1.,0.,0.));
#3959=DIRECTION('',(6.49709167032512E-17,1.,0.));
#3960=DIRECTION('',(3.73058812038023E-16,-1.,0.));
#3961=DIRECTION('',(0.,-1.,0.));
#3962=DIRECTION('',(0.,0.,-1.));
#3963=DIRECTION('',(-1.,0.,0.));
#3964=DIRECTION('',(0.,0.,-1.));
#3965=DIRECTION('',(1.,0.,0.));
#3966=DIRECTION('',(0.,0.,-1.));
#3967=DIRECTION('',(0.,-1.,0.));
#3968=DIRECTION('',(0.,0.,-1.));
#3969=DIRECTION('',(1.,0.,0.));
#3970=DIRECTION('',(0.,0.,-1.));
#3971=DIRECTION('',(-1.,0.,0.));
#3972=DIRECTION('',(0.,0.,-1.));
#3973=DIRECTION('',(0.,0.,1.));
#3974=DIRECTION('',(1.,0.,0.));
#3975=DIRECTION('',(0.,0.,1.));
#3976=DIRECTION('',(1.,0.,0.));
#3977=DIRECTION('',(0.,0.,1.));
#3978=DIRECTION('',(1.,0.,0.));
#3979=DIRECTION('',(0.,0.,1.));
#3980=DIRECTION('',(1.,0.,0.));
#3981=DIRECTION('',(-1.,0.,0.));
#3982=DIRECTION('',(0.,0.,1.));
#3983=DIRECTION('',(1.,0.,0.));
#3984=DIRECTION('',(0.,0.,1.));
#3985=DIRECTION('',(1.,0.,0.));
#3986=DIRECTION('',(0.,0.,1.));
#3987=DIRECTION('',(1.,0.,0.));
#3988=DIRECTION('',(0.,-1.,0.));
#3989=DIRECTION('',(-1.,0.,0.));
#3990=DIRECTION('',(0.,0.,-1.));
#3991=DIRECTION('',(0.,0.,-1.));
#3992=DIRECTION('',(0.,0.,1.));
#3993=DIRECTION('',(1.,0.,0.));
#3994=DIRECTION('',(0.,0.,1.));
#3995=DIRECTION('',(1.,0.,0.));
#3996=DIRECTION('',(0.,0.,1.));
#3997=DIRECTION('',(1.,0.,0.));
#3998=DIRECTION('',(0.,0.,1.));
#3999=DIRECTION('',(1.,0.,0.));
#4000=DIRECTION('',(-1.,0.,0.));
#4001=DIRECTION('',(0.,0.,1.));
#4002=DIRECTION('',(1.,0.,0.));
#4003=DIRECTION('',(0.,0.,1.));
#4004=DIRECTION('',(1.,0.,0.));
#4005=DIRECTION('',(0.,0.,1.));
#4006=DIRECTION('',(1.,0.,0.));
#4007=DIRECTION('',(0.,1.,0.));
#4008=DIRECTION('',(-1.,0.,0.));
#4009=DIRECTION('',(0.,0.,-1.));
#4010=DIRECTION('',(0.,0.,-1.));
#4011=DIRECTION('',(1.30365058753543E-32,2.13176464021727E-16,-1.));
#4012=DIRECTION('',(0.,1.,2.13176464021727E-16));
#4013=DIRECTION('',(1.,-6.1153589047361E-17,0.));
#4014=DIRECTION('',(1.,-6.1153589047361E-17,-2.73691106313441E-48));
#4015=DIRECTION('',(-6.1153589047361E-17,-1.,0.));
#4016=DIRECTION('',(1.,-6.1153589047361E-17,0.));
#4017=DIRECTION('',(1.,-6.1153589047361E-17,-6.07716335728627E-64));
#4018=DIRECTION('',(1.,-6.1153589047361E-17,0.));
#4019=DIRECTION('',(0.,0.,-1.));
#4020=DIRECTION('',(-1.,0.,0.));
#4021=DIRECTION('',(1.,-6.1153589047361E-17,0.));
#4022=DIRECTION('',(1.,-6.1153589047361E-17,0.));
#4023=DIRECTION('',(-2.14411259386156E-17,-0.350611080602487,-0.936521153075976));
#4024=DIRECTION('',(0.,0.936521153075976,-0.350611080602487));
#4025=DIRECTION('',(1.,-6.1153589047361E-17,-2.86335913133831E-33));
#4026=DIRECTION('',(1.,-6.1153589047361E-17,3.32236180395593E-34));
#4027=DIRECTION('',(0.,0.,-1.));
#4028=DIRECTION('',(-1.,0.,0.));
#4029=DIRECTION('',(1.,-6.1153589047361E-17,0.));
#4030=DIRECTION('',(1.,-6.1153589047361E-17,0.));
#4031=DIRECTION('',(-6.1153589047361E-17,-1.,0.));
#4032=DIRECTION('',(1.,-6.1153589047361E-17,0.));
#4033=DIRECTION('',(1.,-6.1153589047361E-17,1.00534183301565E-32));
#4034=DIRECTION('',(1.,-6.1153589047361E-17,0.));
#4035=DIRECTION('',(-2.14411259386156E-17,-0.350611080602487,-0.936521153075976));
#4036=DIRECTION('',(0.,0.936521153075976,-0.350611080602487));
#4037=DIRECTION('',(1.,-6.1153589047361E-17,-1.07286685689674E-33));
#4038=DIRECTION('',(1.,-6.1153589047361E-17,4.98608758617548E-33));
#4039=DIRECTION('',(-2.14411259386156E-17,-0.350611080602487,-0.936521153075976));
#4040=DIRECTION('',(0.,0.936521153075976,-0.350611080602487));
#4041=DIRECTION('',(1.,-6.1153589047361E-17,3.32236180395593E-34));
#4042=DIRECTION('',(1.,-6.1153589047361E-17,-2.86335913133831E-33));
#4043=DIRECTION('',(0.,0.,-1.));
#4044=DIRECTION('',(-1.,0.,0.));
#4045=DIRECTION('',(-6.1153589047361E-17,-1.,0.));
#4046=DIRECTION('',(1.,-6.1153589047361E-17,0.));
#4047=DIRECTION('',(1.,-6.1153589047361E-17,0.));
#4048=DIRECTION('',(-6.1153589047361E-17,-1.,0.));
#4049=DIRECTION('',(1.,-6.1153589047361E-17,0.));
#4050=DIRECTION('',(1.,-6.1153589047361E-17,-6.07716335728627E-64));
#4051=DIRECTION('',(0.,0.,1.));
#4052=DIRECTION('',(1.,-6.1153589047361E-17,0.));
#4053=DIRECTION('',(1.30365058753543E-32,2.13176464021727E-16,-1.));
#4054=DIRECTION('',(0.,1.,2.13176464021727E-16));
#4055=DIRECTION('',(-6.1153589047361E-17,-1.,-2.13176464021727E-16));
#4056=DIRECTION('',(1.,-6.1153589047361E-17,-2.73691106313441E-48));
#4057=DIRECTION('',(1.,-6.1153589047361E-17,0.));
#4058=DIRECTION('',(1.30365058753543E-32,2.13176464021727E-16,-1.));
#4059=DIRECTION('',(0.,1.,2.13176464021727E-16));
#4060=DIRECTION('',(-1.,-6.1153589047361E-17,-2.60730117507085E-32));
#4061=DIRECTION('',(-2.14411259386156E-17,-0.350611080602487,-0.936521153075976));
#4062=DIRECTION('',(0.,0.936521153075976,-0.350611080602487));
#4063=DIRECTION('',(1.,-6.1153589047361E-17,-1.07286685689674E-33));
#4064=DIRECTION('',(1.,-6.1153589047361E-17,0.));
#4065=DIRECTION('',(-5.72716297293689E-17,-0.936521153075976,0.350611080602487));
#4066=DIRECTION('',(1.,-6.1153589047361E-17,4.04477298548862E-34));
#4067=DIRECTION('',(-2.14411259386156E-17,-0.350611080602487,-0.936521153075976));
#4068=DIRECTION('',(5.72716297293689E-17,0.936521153075976,-0.350611080602487));
#4069=DIRECTION('',(-6.1153589047361E-17,-1.,0.));
#4070=DIRECTION('',(1.,-6.1153589047361E-17,0.));
#4071=DIRECTION('',(1.,-6.1153589047361E-17,0.));
#4072=DIRECTION('',(0.,0.,1.));
#4073=DIRECTION('',(0.,0.,-1.));
#4074=DIRECTION('',(-1.,0.,0.));
#4075=DIRECTION('',(1.,-6.1153589047361E-17,0.));
#4076=DIRECTION('',(-6.1153589047361E-17,-1.,0.));
#4077=DIRECTION('',(1.,-6.1153589047361E-17,0.));
#4078=DIRECTION('',(1.,-6.1153589047361E-17,0.));
#4079=DIRECTION('',(6.1153589047361E-17,1.,0.));
#4080=DIRECTION('',(-1.,6.1153589047361E-17,0.));
#4081=DIRECTION('',(-6.1153589047361E-17,-1.,0.));
#4082=DIRECTION('',(-1.,6.1153589047361E-17,0.));
#4083=DIRECTION('',(-6.1153589047361E-17,-1.,0.));
#4084=DIRECTION('',(-1.,6.1153589047361E-17,6.07716335728627E-64));
#4085=DIRECTION('',(-6.1153589047361E-17,-1.,0.));
#4086=DIRECTION('',(-1.,6.1153589047361E-17,0.));
#4087=DIRECTION('',(-6.1153589047361E-17,-1.,0.));
#4088=DIRECTION('',(-1.,6.1153589047361E-17,-4.11549829893948E-33));
#4089=DIRECTION('',(-6.1153589047361E-17,-1.,0.));
#4090=DIRECTION('',(1.,-6.1153589047361E-17,0.));
#4091=DIRECTION('',(6.1153589047361E-17,1.,0.));
#4092=DIRECTION('',(-1.,6.1153589047361E-17,0.));
#4093=DIRECTION('',(-6.1153589047361E-17,-1.,0.));
#4094=DIRECTION('',(1.,-6.1153589047361E-17,-9.75764605910102E-49));
#4095=DIRECTION('',(6.1153589047361E-17,1.,0.));
#4096=DIRECTION('',(1.,-6.1153589047361E-17,-9.75764605910102E-49));
#4097=DIRECTION('',(6.1153589047361E-17,1.,0.));
#4098=DIRECTION('',(-1.,6.1153589047361E-17,6.07716335728627E-64));
#4099=DIRECTION('',(-6.1153589047361E-17,-1.,0.));
#4100=DIRECTION('',(-1.,6.1153589047361E-17,-4.11549829893948E-33));
#4101=DIRECTION('',(-6.1153589047361E-17,-1.,0.));
#4102=DIRECTION('',(1.,-6.1153589047361E-17,0.));
#4103=DIRECTION('',(6.1153589047361E-17,1.,0.));
#4104=DIRECTION('',(1.,-6.1153589047361E-17,0.));
#4105=DIRECTION('',(6.1153589047361E-17,1.,0.));
#4106=DIRECTION('',(1.,-6.1153589047361E-17,1.00534183301565E-32));
#4107=DIRECTION('',(6.1153589047361E-17,1.,0.));
#4108=DIRECTION('',(-1.,6.1153589047361E-17,0.));
#4109=DIRECTION('',(-6.1153589047361E-17,-1.,0.));
#4110=DIRECTION('',(0.,0.,-1.));
#4111=DIRECTION('',(-1.,0.,0.));
#4112=DIRECTION('',(0.,0.,1.));
#4113=DIRECTION('',(1.,0.,0.));
#4114=DIRECTION('',(0.,0.,1.));
#4115=DIRECTION('',(1.,0.,0.));
#4116=DIRECTION('',(0.,0.,-1.));
#4117=DIRECTION('',(-1.,0.,0.));
#4118=DIRECTION('',(-1.,0.,0.));
#4119=DIRECTION('',(0.,0.,1.));
#4120=DIRECTION('',(-1.,6.49709167032512E-17,0.));
#4121=DIRECTION('',(-6.49709167032512E-17,-1.,0.));
#4122=DIRECTION('',(-1.,6.49709167032512E-17,0.));
#4123=DIRECTION('',(-6.49709167032512E-17,-1.,0.));
#4124=DIRECTION('',(-1.,0.,0.));
#4125=DIRECTION('',(0.,0.,1.));
#4126=DIRECTION('',(-1.,6.49709167032512E-17,0.));
#4127=DIRECTION('',(-6.49709167032512E-17,-1.,0.));
#4128=DIRECTION('',(-1.,6.49709167032512E-17,0.));
#4129=DIRECTION('',(-6.49709167032512E-17,-1.,0.));
#4130=DIRECTION('',(1.,0.,0.));
#4131=DIRECTION('',(0.,0.,-1.));
#4132=DIRECTION('',(-1.,6.49709167032512E-17,0.));
#4133=DIRECTION('',(-6.49709167032512E-17,-1.,0.));
#4134=DIRECTION('',(-1.,6.49709167032512E-17,0.));
#4135=DIRECTION('',(-6.49709167032512E-17,-1.,0.));
#4136=DIRECTION('',(1.,0.,0.));
#4137=DIRECTION('',(0.,0.,-1.));
#4138=DIRECTION('',(-1.,6.49709167032512E-17,0.));
#4139=DIRECTION('',(-6.49709167032512E-17,-1.,0.));
#4140=DIRECTION('',(-1.,6.49709167032512E-17,0.));
#4141=DIRECTION('',(-6.49709167032512E-17,-1.,0.));
#4142=DIRECTION('',(0.,0.,1.));
#4143=DIRECTION('',(1.,0.,0.));
#4144=DIRECTION('',(0.,0.,1.));
#4145=DIRECTION('',(1.,0.,0.));
#4146=DIRECTION('',(0.,0.,1.));
#4147=DIRECTION('',(1.,0.,0.));
#4148=DIRECTION('',(0.,0.,1.));
#4149=DIRECTION('',(1.,0.,0.));
#4150=DIRECTION('',(0.,0.,-1.));
#4151=DIRECTION('',(-1.,0.,0.));
#4152=DIRECTION('',(0.,0.,1.));
#4153=DIRECTION('',(1.,0.,0.));
#4154=DIRECTION('',(0.,0.,1.));
#4155=DIRECTION('',(1.,0.,0.));
#4156=DIRECTION('',(0.,0.,-1.));
#4157=DIRECTION('',(-1.,0.,0.));
#4158=DIRECTION('',(-1.,6.49709167032512E-17,0.));
#4159=DIRECTION('',(-6.49709167032512E-17,-1.,0.));
#4160=DIRECTION('',(0.,0.,-1.));
#4161=DIRECTION('',(-1.,0.,0.));
#4162=DIRECTION('',(0.,0.,-1.));
#4163=DIRECTION('',(-1.,0.,0.));
#4164=DIRECTION('',(0.,0.,-1.));
#4165=DIRECTION('',(-1.,0.,0.));
#4166=DIRECTION('',(-1.,6.49709167032512E-17,0.));
#4167=DIRECTION('',(-6.49709167032512E-17,-1.,0.));
#4168=DIRECTION('',(0.,1.,0.));
#4169=DIRECTION('',(0.,0.,1.));
#4170=DIRECTION('',(-6.49709167032512E-17,-1.,0.));
#4171=DIRECTION('',(1.,-6.49709167032512E-17,0.));
#4172=DIRECTION('',(-1.,6.49709167032512E-17,0.));
#4173=DIRECTION('',(-6.49709167032512E-17,-1.,0.));
#4174=DIRECTION('',(0.,0.,-1.));
#4175=DIRECTION('',(-1.,0.,0.));
#4176=DIRECTION('',(0.,0.,1.));
#4177=DIRECTION('',(1.,0.,0.));
#4178=DIRECTION('',(0.,0.,-1.));
#4179=DIRECTION('',(-1.,0.,0.));
#4180=DIRECTION('',(-1.,6.49709167032512E-17,0.));
#4181=DIRECTION('',(-6.49709167032512E-17,-1.,0.));
#4182=DIRECTION('',(0.,-1.,0.));
#4183=DIRECTION('',(0.,0.,-1.));
#4184=DIRECTION('',(-6.49709167032512E-17,-1.,0.));
#4185=DIRECTION('',(1.,-6.49709167032512E-17,0.));
#4186=DIRECTION('',(-1.,6.49709167032512E-17,0.));
#4187=DIRECTION('',(-6.49709167032512E-17,-1.,0.));
#4188=DIRECTION('',(0.,0.,-1.));
#4189=DIRECTION('',(-1.,0.,0.));
#4190=DIRECTION('',(0.,0.,1.));
#4191=DIRECTION('',(1.,0.,0.));
#4192=DIRECTION('',(0.,0.,-1.));
#4193=DIRECTION('',(-1.,0.,0.));
#4194=DIRECTION('',(-1.,6.49709167032512E-17,0.));
#4195=DIRECTION('',(-6.49709167032512E-17,-1.,0.));
#4196=DIRECTION('',(0.,1.,0.));
#4197=DIRECTION('',(0.,0.,1.));
#4198=DIRECTION('',(6.49709167032512E-17,1.,0.));
#4199=DIRECTION('',(-1.,6.49709167032512E-17,0.));
#4200=DIRECTION('',(-1.,6.49709167032512E-17,0.));
#4201=DIRECTION('',(-6.49709167032512E-17,-1.,0.));
#4202=DIRECTION('',(0.,0.,-1.));
#4203=DIRECTION('',(-1.,0.,0.));
#4204=DIRECTION('',(0.,0.,-1.));
#4205=DIRECTION('',(-1.,0.,0.));
#4206=DIRECTION('',(0.,0.,-1.));
#4207=DIRECTION('',(-1.,0.,0.));
#4208=DIRECTION('',(-1.,6.49709167032512E-17,0.));
#4209=DIRECTION('',(-6.49709167032512E-17,-1.,0.));
#4210=DIRECTION('',(0.,-1.,0.));
#4211=DIRECTION('',(0.,0.,-1.));
#4212=DIRECTION('',(6.49709167032512E-17,1.,0.));
#4213=DIRECTION('',(-1.,6.49709167032512E-17,0.));
#4214=DIRECTION('',(1.,-6.1153589047361E-17,0.));
#4215=DIRECTION('',(6.1153589047361E-17,1.,0.));
#4216=DIRECTION('',(0.,0.,1.));
#4217=DIRECTION('',(-6.1153589047361E-17,-1.,0.));
#4218=DIRECTION('',(0.,0.,1.));
#4219=DIRECTION('',(-6.1153589047361E-17,-1.,0.));
#4220=DIRECTION('',(1.,-6.1153589047361E-17,0.));
#4221=DIRECTION('',(6.1153589047361E-17,1.,0.));
#4222=DIRECTION('',(-6.1153589047361E-17,-1.,0.));
#4223=DIRECTION('',(0.,0.,1.));
#4224=DIRECTION('',(-6.1153589047361E-17,-1.,0.));
#4225=DIRECTION('',(0.,0.,1.));
#4226=DIRECTION('',(1.,-6.1153589047361E-17,0.));
#4227=DIRECTION('',(6.1153589047361E-17,1.,0.));
#4228=DIRECTION('',(0.,0.,1.));
#4229=DIRECTION('',(-6.1153589047361E-17,-1.,0.));
#4230=DIRECTION('',(0.,0.,1.));
#4231=DIRECTION('',(-6.1153589047361E-17,-1.,0.));
#4232=DIRECTION('',(1.,-6.1153589047361E-17,0.));
#4233=DIRECTION('',(6.1153589047361E-17,1.,0.));
#4234=DIRECTION('',(0.,0.,1.));
#4235=DIRECTION('',(-6.1153589047361E-17,-1.,0.));
#4236=DIRECTION('',(0.,0.,1.));
#4237=DIRECTION('',(-6.1153589047361E-17,-1.,0.));
#4238=DIRECTION('',(0.,0.,1.));
#4239=DIRECTION('',(1.,0.,0.));
#4240=DIRECTION('',(0.,0.,1.));
#4241=DIRECTION('',(1.,0.,0.));
#4242=DIRECTION('',(-1.,6.1153589047361E-17,0.));
#4243=DIRECTION('',(-6.1153589047361E-17,-1.,0.));
#4244=DIRECTION('',(0.,1.,0.));
#4245=DIRECTION('',(0.,0.,1.));
#4246=DIRECTION('',(-1.,6.1153589047361E-17,0.));
#4247=DIRECTION('',(-6.1153589047361E-17,-1.,0.));
#4248=DIRECTION('',(0.,-1.,0.));
#4249=DIRECTION('',(0.,0.,-1.));
#4250=DIRECTION('',(0.,0.,-1.));
#4251=DIRECTION('',(-1.,0.,0.));
#4252=DIRECTION('',(6.1153589047361E-17,1.,0.));
#4253=DIRECTION('',(-1.,6.1153589047361E-17,0.));
#4254=DIRECTION('',(-6.1153589047361E-17,-1.,0.));
#4255=DIRECTION('',(0.,-1.,0.));
#4256=DIRECTION('',(0.,0.,-1.));
#4257=DIRECTION('',(0.,0.,-1.));
#4258=DIRECTION('',(-1.,0.,0.));
#4259=DIRECTION('',(0.,0.,-1.));
#4260=DIRECTION('',(-1.,0.,0.));
#4261=DIRECTION('',(0.,0.,1.));
#4262=DIRECTION('',(0.,0.,-1.));
#4263=DIRECTION('',(-1.,0.,0.));
#4264=DIRECTION('',(0.,0.,1.));
#4265=DIRECTION('',(1.,0.,0.));
#4266=DIRECTION('',(6.1153589047361E-17,1.,0.));
#4267=DIRECTION('',(-1.,6.1153589047361E-17,0.));
#4268=DIRECTION('',(0.,1.,0.));
#4269=DIRECTION('',(0.,0.,1.));
#4270=DIRECTION('',(0.,0.,1.));
#4271=DIRECTION('',(1.,0.,0.));
#4272=DIRECTION('',(-1.,6.1153589047361E-17,0.));
#4273=DIRECTION('',(-6.1153589047361E-17,-1.,0.));
#4274=DIRECTION('',(0.,0.,1.));
#4275=DIRECTION('',(1.,0.,0.));
#4276=DIRECTION('',(0.,1.,0.));
#4277=DIRECTION('',(0.,0.,1.));
#4278=DIRECTION('',(1.,0.,0.));
#4279=DIRECTION('',(0.,0.,-1.));
#4280=DIRECTION('',(0.,1.,0.));
#4281=DIRECTION('',(0.,0.,1.));
#4282=DIRECTION('',(-1.,6.1153589047361E-17,0.));
#4283=DIRECTION('',(-6.1153589047361E-17,-1.,0.));
#4284=DIRECTION('',(0.,-1.,0.));
#4285=DIRECTION('',(0.,0.,-1.));
#4286=DIRECTION('',(-1.,6.1153589047361E-17,0.));
#4287=DIRECTION('',(-6.1153589047361E-17,-1.,0.));
#4288=DIRECTION('',(0.,0.,-1.));
#4289=DIRECTION('',(-1.,0.,0.));
#4290=DIRECTION('',(0.,0.,1.));
#4291=DIRECTION('',(1.,0.,0.));
#4292=DIRECTION('',(0.,0.,1.));
#4293=DIRECTION('',(0.,0.,-1.));
#4294=DIRECTION('',(-1.,0.,0.));
#4295=DIRECTION('',(-6.1153589047361E-17,-1.,0.));
#4296=DIRECTION('',(1.,-6.1153589047361E-17,0.));
#4297=DIRECTION('',(-6.1153589047361E-17,-1.,0.));
#4298=DIRECTION('',(0.,-1.,0.));
#4299=DIRECTION('',(0.,0.,-1.));
#4300=DIRECTION('',(-6.1153589047361E-17,-1.,0.));
#4301=DIRECTION('',(1.,-6.1153589047361E-17,0.));
#4302=DIRECTION('',(0.,1.,0.));
#4303=DIRECTION('',(0.,0.,1.));
#4304=DIRECTION('',(0.,0.,1.));
#4305=DIRECTION('',(1.,0.,0.));
#4306=DIRECTION('',(0.,0.,1.));
#4307=DIRECTION('',(1.,0.,0.));
#4308=DIRECTION('',(1.,0.,0.));
#4309=DIRECTION('',(0.,0.,-1.));
#4310=DIRECTION('',(1.,0.,0.));
#4311=DIRECTION('',(0.,0.,-1.));
#4312=DIRECTION('',(-1.,6.1153589047361E-17,0.));
#4313=DIRECTION('',(-6.1153589047361E-17,-1.,0.));
#4314=DIRECTION('',(0.,1.,0.));
#4315=DIRECTION('',(0.,0.,1.));
#4316=DIRECTION('',(0.,1.,0.));
#4317=DIRECTION('',(0.,0.,1.));
#4318=DIRECTION('',(-1.,6.1153589047361E-17,0.));
#4319=DIRECTION('',(-6.1153589047361E-17,-1.,0.));
#4320=DIRECTION('',(0.,0.,-1.));
#4321=DIRECTION('',(-1.,0.,0.));
#4322=DIRECTION('',(-1.,6.1153589047361E-17,0.));
#4323=DIRECTION('',(-6.1153589047361E-17,-1.,0.));
#4324=DIRECTION('',(0.,0.,1.));
#4325=DIRECTION('',(1.,0.,0.));
#4326=DIRECTION('',(0.,-1.,0.));
#4327=DIRECTION('',(0.,0.,-1.));
#4328=DIRECTION('',(0.,0.,-1.));
#4329=DIRECTION('',(-1.,0.,0.));
#4330=DIRECTION('',(0.,0.,1.));
#4331=DIRECTION('',(0.,0.,1.));
#4332=DIRECTION('',(1.,0.,0.));
#4333=DIRECTION('',(-6.1153589047361E-17,-1.,0.));
#4334=DIRECTION('',(1.,-6.1153589047361E-17,0.));
#4335=DIRECTION('',(0.,-1.,0.));
#4336=DIRECTION('',(0.,0.,-1.));
#4337=DIRECTION('',(-6.1153589047361E-17,-1.,0.));
#4338=DIRECTION('',(-6.1153589047361E-17,-1.,0.));
#4339=DIRECTION('',(1.,-6.1153589047361E-17,0.));
#4340=DIRECTION('',(0.,1.,0.));
#4341=DIRECTION('',(0.,0.,1.));
#4342=DIRECTION('',(0.,0.,-1.));
#4343=DIRECTION('',(-1.,0.,0.));
#4344=DIRECTION('',(0.,0.,-1.));
#4345=DIRECTION('',(-1.,0.,0.));
#4346=DIRECTION('',(0.,1.,0.));
#4347=DIRECTION('',(0.,0.,1.));
#4348=DIRECTION('',(-1.,6.1153589047361E-17,0.));
#4349=DIRECTION('',(-6.1153589047361E-17,-1.,0.));
#4350=DIRECTION('',(0.,1.,0.));
#4351=DIRECTION('',(0.,0.,1.));
#4352=DIRECTION('',(0.,0.,-1.));
#4353=DIRECTION('',(-1.,0.,0.));
#4354=DIRECTION('',(1.,0.,0.));
#4355=DIRECTION('',(0.,0.,-1.));
#4356=DIRECTION('',(0.,0.,-1.));
#4357=DIRECTION('',(-1.,0.,0.));
#4358=DIRECTION('',(-1.,6.1153589047361E-17,0.));
#4359=DIRECTION('',(-6.1153589047361E-17,-1.,0.));
#4360=DIRECTION('',(0.,0.,1.));
#4361=DIRECTION('',(1.,0.,0.));
#4362=DIRECTION('',(-1.,6.1153589047361E-17,0.));
#4363=DIRECTION('',(-6.1153589047361E-17,-1.,0.));
#4364=DIRECTION('',(0.,-1.,0.));
#4365=DIRECTION('',(0.,0.,-1.));
#4366=DIRECTION('',(6.1153589047361E-17,1.,0.));
#4367=DIRECTION('',(-1.,6.1153589047361E-17,0.));
#4368=DIRECTION('',(-6.1153589047361E-17,-1.,0.));
#4369=DIRECTION('',(0.,-1.,0.));
#4370=DIRECTION('',(0.,0.,-1.));
#4371=DIRECTION('',(0.,0.,1.));
#4372=DIRECTION('',(1.,0.,0.));
#4373=DIRECTION('',(0.,0.,1.));
#4374=DIRECTION('',(0.,0.,1.));
#4375=DIRECTION('',(1.,0.,0.));
#4376=DIRECTION('',(0.,0.,1.));
#4377=DIRECTION('',(1.,0.,0.));
#4378=DIRECTION('',(0.,0.,-1.));
#4379=DIRECTION('',(-1.,0.,0.));
#4380=DIRECTION('',(6.1153589047361E-17,1.,0.));
#4381=DIRECTION('',(-1.,6.1153589047361E-17,0.));
#4382=DIRECTION('',(0.,1.,0.));
#4383=DIRECTION('',(0.,0.,1.));
#4384=DIRECTION('',(1.,0.,0.));
#4385=DIRECTION('',(0.,0.,-1.));
#4386=DIRECTION('',(1.,0.,0.));
#4387=DIRECTION('',(0.,0.,-1.));
#4388=DIRECTION('',(-1.,6.1153589047361E-17,0.));
#4389=DIRECTION('',(-6.1153589047361E-17,-1.,0.));
#4390=DIRECTION('',(6.1153589047361E-17,1.,0.));
#4391=DIRECTION('',(-1.,6.1153589047361E-17,0.));
#4392=DIRECTION('',(0.,1.,0.));
#4393=DIRECTION('',(0.,0.,1.));
#4394=DIRECTION('',(-6.1153589047361E-17,-1.,0.));
#4395=DIRECTION('',(0.,-1.,0.));
#4396=DIRECTION('',(0.,0.,-1.));
#4397=DIRECTION('',(0.,0.,1.));
#4398=DIRECTION('',(1.,0.,0.));
#4399=DIRECTION('',(1.,0.,0.));
#4400=DIRECTION('',(0.,0.,-1.));
#4401=DIRECTION('',(0.,0.,1.));
#4402=DIRECTION('',(1.,0.,0.));
#4403=DIRECTION('',(6.1153589047361E-17,1.,0.));
#4404=DIRECTION('',(-1.,6.1153589047361E-17,0.));
#4405=DIRECTION('',(0.,1.,0.));
#4406=DIRECTION('',(0.,0.,1.));
#4407=DIRECTION('',(0.,-1.,0.));
#4408=DIRECTION('',(0.,0.,-1.));
#4409=DIRECTION('',(0.,0.,1.));
#4410=DIRECTION('',(1.,0.,0.));
#4411=DIRECTION('',(-1.,6.1153589047361E-17,0.));
#4412=DIRECTION('',(-6.1153589047361E-17,-1.,0.));
#4413=DIRECTION('',(0.,0.,1.));
#4414=DIRECTION('',(1.,0.,0.));
#4415=DIRECTION('',(0.,0.,-1.));
#4416=DIRECTION('',(-1.,0.,0.));
#4417=DIRECTION('',(0.,0.,-1.));
#4418=DIRECTION('',(-1.,0.,0.));
#4419=DIRECTION('',(0.,0.,1.));
#4420=DIRECTION('',(-1.,6.1153589047361E-17,0.));
#4421=DIRECTION('',(-6.1153589047361E-17,-1.,0.));
#4422=DIRECTION('',(0.,0.,-1.));
#4423=DIRECTION('',(-1.,0.,0.));
#4424=DIRECTION('',(-1.,6.1153589047361E-17,0.));
#4425=DIRECTION('',(-6.1153589047361E-17,-1.,0.));
#4426=DIRECTION('',(0.,0.,-1.));
#4427=DIRECTION('',(-1.,0.,0.));
#4428=DIRECTION('',(0.,0.,1.));
#4429=DIRECTION('',(1.,0.,0.));
#4430=DIRECTION('',(0.,0.,-1.));
#4431=DIRECTION('',(-1.,0.,0.));
#4432=DIRECTION('',(0.,0.,1.));
#4433=DIRECTION('',(0.,-1.,0.));
#4434=DIRECTION('',(0.,0.,-1.));
#4435=DIRECTION('',(0.,-1.,0.));
#4436=DIRECTION('',(0.,0.,-1.));
#4437=DIRECTION('',(1.,0.,0.));
#4438=DIRECTION('',(0.,0.,-1.));
#4439=DIRECTION('',(0.,1.,0.));
#4440=DIRECTION('',(0.,0.,1.));
#4441=DIRECTION('',(1.,0.,0.));
#4442=DIRECTION('',(0.,0.,-1.));
#4443=DIRECTION('',(0.,1.,0.));
#4444=DIRECTION('',(0.,0.,1.));
#4445=DIRECTION('',(0.,0.,-1.));
#4446=DIRECTION('',(-1.,0.,0.));
#4447=DIRECTION('',(0.,0.,1.));
#4448=DIRECTION('',(1.,0.,0.));
#4449=DIRECTION('',(0.,0.,1.));
#4450=DIRECTION('',(1.,0.,0.));
#4451=DIRECTION('',(0.,0.,1.));
#4452=DIRECTION('',(1.,0.,0.));
#4453=DIRECTION('',(-6.1153589047361E-17,-1.,0.));
#4454=DIRECTION('',(1.,-6.1153589047361E-17,0.));
#4455=DIRECTION('',(-6.1153589047361E-17,-1.,0.));
#4456=DIRECTION('',(-1.,6.1153589047361E-17,0.));
#4457=DIRECTION('',(-6.1153589047361E-17,-1.,0.));
#4458=DIRECTION('',(0.,-1.,0.));
#4459=DIRECTION('',(0.,0.,-1.));
#4460=DIRECTION('',(-1.,6.1153589047361E-17,0.));
#4461=DIRECTION('',(-6.1153589047361E-17,-1.,0.));
#4462=DIRECTION('',(0.,1.,0.));
#4463=DIRECTION('',(0.,0.,1.));
#4464=DIRECTION('',(-6.1153589047361E-17,-1.,0.));
#4465=DIRECTION('',(1.,-6.1153589047361E-17,0.));
#4466=DIRECTION('',(-6.1153589047361E-17,-1.,0.));
#4467=DIRECTION('',(1.,-6.1153589047361E-17,0.));
#4468=DIRECTION('',(0.,1.,0.));
#4469=DIRECTION('',(0.,0.,1.));
#4470=DIRECTION('',(0.,-1.,0.));
#4471=DIRECTION('',(0.,0.,-1.));
#4472=DIRECTION('',(-6.1153589047361E-17,-1.,0.));
#4473=DIRECTION('',(-1.,6.1153589047361E-17,0.));
#4474=DIRECTION('',(-6.1153589047361E-17,-1.,0.));
#4475=DIRECTION('',(-1.,6.1153589047361E-17,0.));
#4476=DIRECTION('',(-6.1153589047361E-17,-1.,0.));
#4477=DIRECTION('',(0.,0.,1.));
#4478=DIRECTION('',(1.,0.,0.));
#4479=DIRECTION('',(-6.1153589047361E-17,-1.,0.));
#4480=DIRECTION('',(1.,-6.1153589047361E-17,0.));
#4481=DIRECTION('',(0.,-1.,0.));
#4482=DIRECTION('',(0.,0.,-1.));
#4483=DIRECTION('',(0.,1.,0.));
#4484=DIRECTION('',(0.,0.,1.));
#4485=DIRECTION('',(-1.,6.1153589047361E-17,0.));
#4486=DIRECTION('',(-6.1153589047361E-17,-1.,0.));
#4487=DIRECTION('',(1.,0.,0.));
#4488=DIRECTION('',(0.,0.,-1.));
#4489=DIRECTION('',(0.,0.,1.));
#4490=DIRECTION('',(1.,0.,0.));
#4491=DIRECTION('',(0.,0.,-1.));
#4492=DIRECTION('',(-1.,0.,0.));
#4493=DIRECTION('',(0.,0.,-1.));
#4494=DIRECTION('',(-1.,0.,0.));
#4495=DIRECTION('',(0.,0.,1.));
#4496=DIRECTION('',(0.,0.,-1.));
#4497=DIRECTION('',(-1.,0.,0.));
#4498=DIRECTION('',(0.,0.,-1.));
#4499=DIRECTION('',(-1.,0.,0.));
#4500=DIRECTION('',(0.,0.,-1.));
#4501=DIRECTION('',(-1.,0.,0.));
#4502=DIRECTION('',(0.,0.,-1.));
#4503=DIRECTION('',(-1.,0.,0.));
#4504=DIRECTION('',(0.,0.,1.));
#4505=DIRECTION('',(1.,0.,0.));
#4506=DIRECTION('',(0.,0.,-1.));
#4507=DIRECTION('',(-1.,0.,0.));
#4508=DIRECTION('',(0.,0.,1.));
#4509=DIRECTION('',(-1.,6.1153589047361E-17,0.));
#4510=DIRECTION('',(-6.1153589047361E-17,-1.,0.));
#4511=DIRECTION('',(-1.,6.1153589047361E-17,0.));
#4512=DIRECTION('',(-6.1153589047361E-17,-1.,0.));
#4513=DIRECTION('',(0.,1.,0.));
#4514=DIRECTION('',(0.,0.,1.));
#4515=DIRECTION('',(-1.,6.1153589047361E-17,0.));
#4516=DIRECTION('',(-6.1153589047361E-17,-1.,0.));
#4517=DIRECTION('',(-1.,6.1153589047361E-17,0.));
#4518=DIRECTION('',(-6.1153589047361E-17,-1.,0.));
#4519=DIRECTION('',(0.,-1.,0.));
#4520=DIRECTION('',(0.,0.,-1.));
#4521=DIRECTION('',(0.,0.,-1.));
#4522=DIRECTION('',(-1.,0.,0.));
#4523=DIRECTION('',(0.,0.,1.));
#4524=DIRECTION('',(1.,0.,0.));
#4525=DIRECTION('',(0.,0.,1.));
#4526=DIRECTION('',(1.,0.,0.));
#4527=DIRECTION('',(0.,0.,1.));
#4528=DIRECTION('',(1.,0.,0.));
#4529=DIRECTION('',(6.1153589047361E-17,1.,0.));
#4530=DIRECTION('',(-1.,6.1153589047361E-17,0.));
#4531=DIRECTION('',(-6.1153589047361E-17,-1.,0.));
#4532=DIRECTION('',(0.,1.,0.));
#4533=DIRECTION('',(0.,0.,1.));
#4534=DIRECTION('',(0.,1.,0.));
#4535=DIRECTION('',(0.,0.,1.));
#4536=DIRECTION('',(0.,-1.,0.));
#4537=DIRECTION('',(0.,0.,-1.));
#4538=DIRECTION('',(0.,-1.,0.));
#4539=DIRECTION('',(0.,0.,-1.));
#4540=DIRECTION('',(6.1153589047361E-17,1.,0.));
#4541=DIRECTION('',(-1.,6.1153589047361E-17,0.));
#4542=DIRECTION('',(-1.,6.1153589047361E-17,0.));
#4543=DIRECTION('',(-6.1153589047361E-17,-1.,0.));
#4544=DIRECTION('',(0.,0.,-1.));
#4545=DIRECTION('',(-6.1153589047361E-17,-1.,0.));
#4546=DIRECTION('',(1.,-6.1153589047361E-17,0.));
#4547=DIRECTION('',(0.,0.,-1.));
#4548=DIRECTION('',(1.,-6.1153589047361E-17,0.));
#4549=DIRECTION('',(0.,0.,-1.));
#4550=DIRECTION('',(1.,-6.1153589047361E-17,0.));
#4551=DIRECTION('',(6.1153589047361E-17,1.,0.));
#4552=DIRECTION('',(1.,-6.1153589047361E-17,0.));
#4553=DIRECTION('',(-1.,6.1153589047361E-17,0.));
#4554=DIRECTION('',(-6.1153589047361E-17,-1.,0.));
#4555=DIRECTION('',(-6.1153589047361E-17,-1.,0.));
#4556=DIRECTION('',(1.,-6.1153589047361E-17,0.));
#4557=DIRECTION('',(0.,0.,-1.));
#4558=DIRECTION('',(-1.,6.1153589047361E-17,0.));
#4559=DIRECTION('',(-6.1153589047361E-17,-1.,0.));
#4560=DIRECTION('',(0.,0.,1.));
#4561=DIRECTION('',(-1.,6.1153589047361E-17,0.));
#4562=DIRECTION('',(-6.1153589047361E-17,-1.,0.));
#4563=DIRECTION('',(0.,0.,-1.));
#4564=DIRECTION('',(-1.,6.1153589047361E-17,0.));
#4565=DIRECTION('',(-6.1153589047361E-17,-1.,0.));
#4566=DIRECTION('',(0.,0.,1.));
#4567=DIRECTION('',(-1.,6.1153589047361E-17,0.));
#4568=DIRECTION('',(-6.1153589047361E-17,-1.,0.));
#4569=DIRECTION('',(0.,0.,-1.));
#4570=DIRECTION('',(0.,0.,-1.));
#4571=DIRECTION('',(-1.,0.,0.));
#4572=DIRECTION('',(0.,0.,-1.));
#4573=DIRECTION('',(-1.,0.,0.));
#4574=DIRECTION('',(0.,0.,-1.));
#4575=DIRECTION('',(-1.,0.,0.));
#4576=DIRECTION('',(-1.,6.1153589047361E-17,0.));
#4577=DIRECTION('',(-6.1153589047361E-17,-1.,0.));
#4578=DIRECTION('',(1.73472347597681E-15,-1.73472347597681E-15,1.));
#4579=DIRECTION('',(1.,0.,-1.73472347597681E-15));
#4580=DIRECTION('',(0.,0.,1.));
#4581=DIRECTION('',(1.,0.,0.));
#4582=DIRECTION('',(-1.,-6.1153589047361E-17,0.));
#4583=DIRECTION('',(-6.1153589047361E-17,1.,0.));
#4584=DIRECTION('',(0.,0.,-1.));
#4585=DIRECTION('',(6.1153589047361E-17,-1.,0.));
#4586=DIRECTION('',(1.,6.1153589047361E-17,0.));
#4587=DIRECTION('',(1.,6.1153589047361E-17,0.));
#4588=DIRECTION('',(0.,0.,-1.));
#4589=DIRECTION('',(1.,6.1153589047361E-17,0.));
#4590=DIRECTION('',(-6.1153589047361E-17,1.,0.));
#4591=DIRECTION('',(1.,6.1153589047361E-17,0.));
#4592=DIRECTION('',(1.,6.1153589047361E-17,0.));
#4593=DIRECTION('',(-6.1153589047361E-17,1.,0.));
#4594=DIRECTION('',(6.1153589047361E-17,-1.,0.));
#4595=DIRECTION('',(1.,6.1153589047361E-17,0.));
#4596=DIRECTION('',(0.,0.,-1.));
#4597=DIRECTION('',(0.,0.,-1.));
#4598=DIRECTION('',(-1.,-6.1153589047361E-17,0.));
#4599=DIRECTION('',(-6.1153589047361E-17,1.,0.));
#4600=DIRECTION('',(-1.,-6.1153589047361E-17,0.));
#4601=DIRECTION('',(6.1153589047361E-17,-1.,0.));
#4602=DIRECTION('',(0.,0.,1.));
#4603=DIRECTION('',(0.,0.,-1.));
#4604=DIRECTION('',(-1.,-6.1153589047361E-17,0.));
#4605=DIRECTION('',(-6.1153589047361E-17,1.,0.));
#4606=DIRECTION('',(1.,6.1153589047361E-17,0.));
#4607=DIRECTION('',(-6.1153589047361E-17,1.,0.));
#4608=DIRECTION('',(0.,0.,1.));
#4609=DIRECTION('',(0.,0.,-1.));
#4610=DIRECTION('',(0.,0.,1.));
#4611=DIRECTION('',(1.,0.,0.));
#4612=DIRECTION('',(0.,0.,1.));
#4613=DIRECTION('',(1.,0.,0.));
#4614=DIRECTION('',(0.,0.,-1.));
#4615=DIRECTION('',(-1.,0.,0.));
#4616=DIRECTION('',(-1.,-6.1153589047361E-17,0.));
#4617=DIRECTION('',(6.1153589047361E-17,-1.,0.));
#4618=DIRECTION('',(0.,0.,1.));
#4619=DIRECTION('',(1.,0.,0.));
#4620=DIRECTION('',(0.,0.,-1.));
#4621=DIRECTION('',(-1.,0.,0.));
#4622=DIRECTION('',(1.,3.73058812038023E-16,1.06752213906265E-16));
#4623=DIRECTION('',(-3.73058812038023E-16,1.,0.));
#4624=DIRECTION('',(3.73058812038023E-16,-1.,0.));
#4625=DIRECTION('',(3.73058812038023E-16,-1.,0.));
#4626=DIRECTION('',(0.,0.,-1.));
#4627=DIRECTION('',(-1.,0.,0.));
#4628=DIRECTION('',(3.73058812038023E-16,-1.,0.));
#4629=DIRECTION('',(3.73058812038023E-16,-1.,0.));
#4630=DIRECTION('',(-1.,-3.73058812038023E-16,-1.06752213906265E-16));
#4631=DIRECTION('',(3.73058812038023E-16,-1.,0.));
#4632=DIRECTION('',(3.73058812038023E-16,-1.,0.));
#4633=DIRECTION('',(3.73058812038023E-16,-1.,0.));
#4634=DIRECTION('',(0.,0.,-1.));
#4635=DIRECTION('',(-1.,0.,0.));
#4636=DIRECTION('',(3.73058812038023E-16,-1.,0.));
#4637=DIRECTION('',(3.73058812038023E-16,-1.,0.));
#4638=DIRECTION('',(-1.,-3.73058812038023E-16,-1.06752213906265E-16));
#4639=DIRECTION('',(3.73058812038023E-16,-1.,0.));
#4640=DIRECTION('',(3.73058812038023E-16,-1.,0.));
#4641=DIRECTION('',(3.73058812038023E-16,-1.,0.));
#4642=DIRECTION('',(1.,3.73058812038023E-16,1.06752213906265E-16));
#4643=DIRECTION('',(-3.73058812038023E-16,1.,0.));
#4644=DIRECTION('',(3.73058812038023E-16,-1.,0.));
#4645=DIRECTION('',(3.73058812038023E-16,-1.,0.));
#4646=DIRECTION('',(-3.73058812038023E-16,1.,0.));
#4647=DIRECTION('',(-1.,-3.73058812038023E-16,0.));
#4648=DIRECTION('',(-3.73058812038023E-16,1.,0.));
#4649=DIRECTION('',(-1.,-3.73058812038023E-16,0.));
#4650=DIRECTION('',(-3.73058812038023E-16,1.,0.));
#4651=DIRECTION('',(-1.,-3.73058812038023E-16,0.));
#4652=DIRECTION('',(-3.73058812038023E-16,1.,0.));
#4653=DIRECTION('',(-1.,-3.73058812038023E-16,0.));
#4654=DIRECTION('',(-3.73058812038023E-16,1.,0.));
#4655=DIRECTION('',(-1.,-3.73058812038023E-16,0.));
#4656=DIRECTION('',(-3.73058812038023E-16,1.,0.));
#4657=DIRECTION('',(-1.,-3.73058812038023E-16,0.));
#4658=DIRECTION('',(-3.73058812038023E-16,1.,0.));
#4659=DIRECTION('',(-1.,-3.73058812038023E-16,0.));
#4660=DIRECTION('',(-3.73058812038023E-16,1.,0.));
#4661=DIRECTION('',(-1.,-3.73058812038023E-16,0.));
#4662=CARTESIAN_POINT('',(0.,0.,0.));
#4663=CARTESIAN_POINT('',(3.46944695195361E-18,0.0851,0.005));
#4664=CARTESIAN_POINT('',(3.46944695195361E-18,0.0851,0.));
#4665=CARTESIAN_POINT('',(0.0136,0.0851,0.));
#4666=CARTESIAN_POINT('',(-0.0136,0.0851,0.));
#4667=CARTESIAN_POINT('',(-0.0136,0.0851,0.075));
#4668=CARTESIAN_POINT('',(-0.0136,0.0851,0.075));
#4669=CARTESIAN_POINT('',(3.46944695195361E-18,0.0851,0.075));
#4670=CARTESIAN_POINT('',(0.0136,0.0851,0.075));
#4671=CARTESIAN_POINT('',(0.0136,0.0851,0.005));
#4672=CARTESIAN_POINT('',(-6.69648028784492E-17,0.0851,0.005));
#4673=CARTESIAN_POINT('',(-0.0066,0.0851,0.005));
#4674=CARTESIAN_POINT('',(0.0066,0.0851,0.005));
#4675=CARTESIAN_POINT('',(0.0066,0.0851,0.007));
#4676=CARTESIAN_POINT('',(0.0086,0.0851,0.007));
#4677=CARTESIAN_POINT('',(0.0086,0.0851,0.0375));
#4678=CARTESIAN_POINT('',(0.0086,0.0851,0.068));
#4679=CARTESIAN_POINT('',(0.0066,0.0851,0.068));
#4680=CARTESIAN_POINT('',(0.0066,0.0851,0.07));
#4681=CARTESIAN_POINT('',(-7.56384202583333E-17,0.0851,0.07));
#4682=CARTESIAN_POINT('',(-0.00660000000000008,0.0851,0.07));
#4683=CARTESIAN_POINT('',(-0.00660000000000008,0.0851,0.068));
#4684=CARTESIAN_POINT('',(-0.0086,0.0851,0.068));
#4685=CARTESIAN_POINT('',(-0.0086,0.0851,0.0375));
#4686=CARTESIAN_POINT('',(-0.0086,0.0851,0.007));
#4687=CARTESIAN_POINT('',(-0.0066,0.0851,0.007));
#4688=CARTESIAN_POINT('',(-3.46944695195361E-18,-0.0851,0.005));
#4689=CARTESIAN_POINT('',(3.46944695195361E-18,-0.0851,0.075));
#4690=CARTESIAN_POINT('',(0.0136,-0.0851,0.075));
#4691=CARTESIAN_POINT('',(-0.0136,-0.0851,0.075));
#4692=CARTESIAN_POINT('',(-0.0136,-0.0851,0.005));
#4693=CARTESIAN_POINT('',(-0.0136,-0.0851,0.));
#4694=CARTESIAN_POINT('',(-3.46944695195361E-18,-0.0851,0.));
#4695=CARTESIAN_POINT('',(0.0136,-0.0851,0.));
#4696=CARTESIAN_POINT('',(0.0136,-0.0851,0.075));
#4697=CARTESIAN_POINT('',(-0.0086,-0.0851,0.0375));
#4698=CARTESIAN_POINT('',(-0.0086,-0.0851,0.007));
#4699=CARTESIAN_POINT('',(-0.0086,-0.0851,0.068));
#4700=CARTESIAN_POINT('',(-0.0066,-0.0851,0.068));
#4701=CARTESIAN_POINT('',(-0.0066,-0.0851,0.07));
#4702=CARTESIAN_POINT('',(-1.21430643318376E-17,-0.0851,0.07));
#4703=CARTESIAN_POINT('',(0.0066,-0.0851,0.07));
#4704=CARTESIAN_POINT('',(0.0066,-0.0851,0.068));
#4705=CARTESIAN_POINT('',(0.0086,-0.0851,0.068));
#4706=CARTESIAN_POINT('',(0.0086,-0.0851,0.0375));
#4707=CARTESIAN_POINT('',(0.0086,-0.0851,0.007));
#4708=CARTESIAN_POINT('',(0.0066,-0.0851,0.007));
#4709=CARTESIAN_POINT('',(0.0066,-0.0851,0.005));
#4710=CARTESIAN_POINT('',(-3.46944695195361E-18,-0.0851,0.005));
#4711=CARTESIAN_POINT('',(-0.0066,-0.0851,0.005));
#4712=CARTESIAN_POINT('',(-0.0066,-0.0851,0.007));
#4713=CARTESIAN_POINT('',(-3.46944695195361E-18,-0.0801,0.085));
#4714=CARTESIAN_POINT('',(0.0086,-0.0801,0.085));
#4715=CARTESIAN_POINT('',(0.0086,-0.0801,0.068));
#4716=CARTESIAN_POINT('',(0.0086,-0.0801,0.007));
#4717=CARTESIAN_POINT('',(0.0066,-0.0801,0.068));
#4718=CARTESIAN_POINT('',(0.0066,-0.0801,0.07));
#4719=CARTESIAN_POINT('',(-3.46944695195361E-18,-0.0801,0.07));
#4720=CARTESIAN_POINT('',(-0.0066,-0.0801,0.07));
#4721=CARTESIAN_POINT('',(-0.0066,-0.0801,0.068));
#4722=CARTESIAN_POINT('',(-0.0086,-0.0801,0.068));
#4723=CARTESIAN_POINT('',(-0.0086,-0.0801,0.085));
#4724=CARTESIAN_POINT('',(-0.0086,-0.0801,0.007));
#4725=CARTESIAN_POINT('',(-0.0066,-0.0801,0.007));
#4726=CARTESIAN_POINT('',(-0.0066,-0.0801,0.005));
#4727=CARTESIAN_POINT('',(4.08680442428654E-17,-0.0801,0.005));
#4728=CARTESIAN_POINT('',(-0.0086,-0.0801,0.005));
#4729=CARTESIAN_POINT('',(-0.0086,-0.0801,0.01));
#4730=CARTESIAN_POINT('',(-0.0136,-0.0801,0.01));
#4731=CARTESIAN_POINT('',(-0.0136,-0.0801,0.085));
#4732=CARTESIAN_POINT('',(-0.0136,-0.0801,0.085));
#4733=CARTESIAN_POINT('',(-3.46944695195361E-18,-0.0801,0.085));
#4734=CARTESIAN_POINT('',(0.0136,-0.0801,0.085));
#4735=CARTESIAN_POINT('',(0.0136,-0.0801,0.085));
#4736=CARTESIAN_POINT('',(0.0136,-0.0801,0.01));
#4737=CARTESIAN_POINT('',(0.0086,-0.0801,0.01));
#4738=CARTESIAN_POINT('',(0.0086,-0.0801,0.005));
#4739=CARTESIAN_POINT('',(4.08680442428654E-17,-0.0801,0.005));
#4740=CARTESIAN_POINT('',(0.0066,-0.0801,0.005));
#4741=CARTESIAN_POINT('',(0.0066,-0.0801,0.007));
#4742=CARTESIAN_POINT('',(5.20417042793042E-18,0.0801,0.085));
#4743=CARTESIAN_POINT('',(-0.0086,0.0801,0.085));
#4744=CARTESIAN_POINT('',(-0.0086,0.0801,0.007));
#4745=CARTESIAN_POINT('',(-0.0086,0.0801,0.068));
#4746=CARTESIAN_POINT('',(-0.00660000000000008,0.0801,0.068));
#4747=CARTESIAN_POINT('',(-0.00660000000000008,0.0801,0.07));
#4748=CARTESIAN_POINT('',(5.20417042793042E-18,0.0801,0.07));
#4749=CARTESIAN_POINT('',(0.0066,0.0801,0.07));
#4750=CARTESIAN_POINT('',(0.0066,0.0801,0.068));
#4751=CARTESIAN_POINT('',(0.0086,0.0801,0.068));
#4752=CARTESIAN_POINT('',(0.0086,0.0801,0.085));
#4753=CARTESIAN_POINT('',(0.0086,0.0801,0.007));
#4754=CARTESIAN_POINT('',(0.0066,0.0801,0.007));
#4755=CARTESIAN_POINT('',(0.0066,0.0801,0.005));
#4756=CARTESIAN_POINT('',(5.20417042793042E-18,0.0801,0.005));
#4757=CARTESIAN_POINT('',(0.0086,0.0801,0.005));
#4758=CARTESIAN_POINT('',(0.0086,0.0801,0.01));
#4759=CARTESIAN_POINT('',(0.0136,0.0801,0.01));
#4760=CARTESIAN_POINT('',(0.0136,0.0801,0.085));
#4761=CARTESIAN_POINT('',(0.0136,0.0801,0.085));
#4762=CARTESIAN_POINT('',(5.20417042793042E-18,0.0801,0.085));
#4763=CARTESIAN_POINT('',(-0.0136,0.0801,0.085));
#4764=CARTESIAN_POINT('',(-0.0136,0.0801,0.085));
#4765=CARTESIAN_POINT('',(-0.0136,0.0801,0.01));
#4766=CARTESIAN_POINT('',(-0.0086,0.0801,0.01));
#4767=CARTESIAN_POINT('',(-0.0086,0.0801,0.005));
#4768=CARTESIAN_POINT('',(5.20417042793042E-18,0.0801,0.005));
#4769=CARTESIAN_POINT('',(-0.0066,0.0801,0.005));
#4770=CARTESIAN_POINT('',(-0.0066,0.0801,0.007));
#4771=CARTESIAN_POINT('',(-0.0186,0.,0.005));
#4772=CARTESIAN_POINT('',(-0.0186,0.,0.085));
#4773=CARTESIAN_POINT('',(-0.0186,-0.0556,0.085));
#4774=CARTESIAN_POINT('',(-0.0186,0.0556,0.085));
#4775=CARTESIAN_POINT('',(-0.0186,0.0556,0.065));
#4776=CARTESIAN_POINT('',(-0.0186,0.0556,0.065));
#4777=CARTESIAN_POINT('',(-0.0186,-1.27905878413036E-17,0.065));
#4778=CARTESIAN_POINT('',(-0.0186,-0.0374836287525728,0.065));
#4779=CARTESIAN_POINT('',(-0.0186,-0.0374836287525728,0.06));
#4780=CARTESIAN_POINT('',(-0.0186,-0.0392366841555853,0.0553173942346201));
#4781=CARTESIAN_POINT('',(-0.0186,0.0116986603565584,0.0362484216635181));
#4782=CARTESIAN_POINT('',(-0.0186,0.0542522047333036,0.0203173942346201));
#4783=CARTESIAN_POINT('',(-0.0186,0.0560052601363161,0.025));
#4784=CARTESIAN_POINT('',(-0.0186,0.0560052601363161,0.02));
#4785=CARTESIAN_POINT('',(-0.0186,0.,0.02));
#4786=CARTESIAN_POINT('',(-0.0186,0.0566,0.02));
#4787=CARTESIAN_POINT('',(-0.0186,0.0566,0.0395));
#4788=CARTESIAN_POINT('',(-0.0186,0.0566,0.008));
#4789=CARTESIAN_POINT('',(-0.0186,0.0646,0.008));
#4790=CARTESIAN_POINT('',(-0.0186,0.0646,0.));
#4791=CARTESIAN_POINT('',(-0.0186,0.,0.));
#4792=CARTESIAN_POINT('',(-0.0186,-0.0646,0.));
#4793=CARTESIAN_POINT('',(-0.0186,-0.0646,0.008));
#4794=CARTESIAN_POINT('',(-0.0186,-0.0566,0.008));
#4795=CARTESIAN_POINT('',(-0.0186,-0.0566,0.0395));
#4796=CARTESIAN_POINT('',(-0.0186,-0.0566,0.02));
#4797=CARTESIAN_POINT('',(-0.0186,0.,0.02));
#4798=CARTESIAN_POINT('',(-0.0186,-0.0295596340149135,0.02));
#4799=CARTESIAN_POINT('',(-0.0186,-0.0295596340149135,0.025));
#4800=CARTESIAN_POINT('',(-0.0186,-0.027806578611901,0.0296826057653799));
#4801=CARTESIAN_POINT('',(-0.0186,0.00468643874450861,0.0175179986019986));
#4802=CARTESIAN_POINT('',(-0.0186,-0.0556,0.0400877968008578));
#4803=CARTESIAN_POINT('',(-0.0186,-0.0556,0.005));
#4804=CARTESIAN_POINT('',(-0.0186,0.,0.005));
#4805=CARTESIAN_POINT('',(-0.0186,0.,0.));
#4806=CARTESIAN_POINT('',(-0.0186,0.0801,0.));
#4807=CARTESIAN_POINT('',(-0.0186,0.0646,0.008));
#4808=CARTESIAN_POINT('',(-0.0186,0.0726,0.008));
#4809=CARTESIAN_POINT('',(-0.0186,0.0726,0.0395));
#4810=CARTESIAN_POINT('',(-0.0186,0.0726,0.085));
#4811=CARTESIAN_POINT('',(-0.0186,0.,0.085));
#4812=CARTESIAN_POINT('',(-0.0186,0.0901,0.085));
#4813=CARTESIAN_POINT('',(-0.0186,0.0901,0.005));
#4814=CARTESIAN_POINT('',(-0.0186,0.0901,0.075));
#4815=CARTESIAN_POINT('',(-0.0186,0.0951,0.075));
#4816=CARTESIAN_POINT('',(-0.0186,0.0801,0.075));
#4817=CARTESIAN_POINT('',(-0.0186,0.0801,0.));
#4818=CARTESIAN_POINT('',(-0.0186,0.,0.005));
#4819=CARTESIAN_POINT('',(-0.0186,0.,0.085));
#4820=CARTESIAN_POINT('',(-0.0186,-0.0901,0.085));
#4821=CARTESIAN_POINT('',(-0.0186,-0.0726,0.085));
#4822=CARTESIAN_POINT('',(-0.0186,-0.0726,0.0395));
#4823=CARTESIAN_POINT('',(-0.0186,-0.0726,0.008));
#4824=CARTESIAN_POINT('',(-0.0186,-0.0646,0.008));
#4825=CARTESIAN_POINT('',(-0.0186,0.,0.));
#4826=CARTESIAN_POINT('',(-0.0186,-0.0801,0.));
#4827=CARTESIAN_POINT('',(-0.0186,-0.0801,0.005));
#4828=CARTESIAN_POINT('',(-0.0186,-0.0801,0.075));
#4829=CARTESIAN_POINT('',(-0.0186,-0.0951,0.075));
#4830=CARTESIAN_POINT('',(-0.0186,-0.0901,0.075));
#4831=CARTESIAN_POINT('',(-0.0186,-0.0901,0.005));
#4832=CARTESIAN_POINT('',(0.0186,1.38777878078145E-17,0.005));
#4833=CARTESIAN_POINT('',(0.0186,0.0736,0.018));
#4834=CARTESIAN_POINT('',(0.0186,0.0736,0.016));
#4835=CARTESIAN_POINT('',(0.0186,0.0756,0.018));
#4836=CARTESIAN_POINT('',(0.0186,1.38777878078145E-17,0.016));
#4837=CARTESIAN_POINT('',(0.0186,0.0716,0.016));
#4838=CARTESIAN_POINT('',(0.0186,0.0716,0.018));
#4839=CARTESIAN_POINT('',(0.0186,0.0696,0.018));
#4840=CARTESIAN_POINT('',(0.0186,0.0696,0.005));
#4841=CARTESIAN_POINT('',(0.0186,0.0696,0.024));
#4842=CARTESIAN_POINT('',(0.0186,0.0716,0.024));
#4843=CARTESIAN_POINT('',(0.0186,0.0716,0.026));
#4844=CARTESIAN_POINT('',(0.0186,0.0746,0.026));
#4845=CARTESIAN_POINT('',(0.0186,0.0736,0.026));
#4846=CARTESIAN_POINT('',(0.0186,0.0736,0.024));
#4847=CARTESIAN_POINT('',(0.0186,0.0756,0.024));
#4848=CARTESIAN_POINT('',(0.0186,0.0756,0.017));
#4849=CARTESIAN_POINT('',(0.0186,-0.0716,0.074));
#4850=CARTESIAN_POINT('',(0.0186,-0.0696,0.074));
#4851=CARTESIAN_POINT('',(0.0186,-0.0716,0.076));
#4852=CARTESIAN_POINT('',(0.0186,-0.0696,0.067));
#4853=CARTESIAN_POINT('',(0.0186,-0.0696,0.068));
#4854=CARTESIAN_POINT('',(0.0186,-0.0716,0.068));
#4855=CARTESIAN_POINT('',(0.0186,-0.0716,0.066));
#4856=CARTESIAN_POINT('',(0.0186,1.38777878078145E-17,0.066));
#4857=CARTESIAN_POINT('',(0.0186,-0.0736,0.066));
#4858=CARTESIAN_POINT('',(0.0186,-0.0736,0.068));
#4859=CARTESIAN_POINT('',(0.0186,-0.0756,0.068));
#4860=CARTESIAN_POINT('',(0.0186,-0.0756,0.005));
#4861=CARTESIAN_POINT('',(0.0186,-0.0756,0.074));
#4862=CARTESIAN_POINT('',(0.0186,-0.0736,0.074));
#4863=CARTESIAN_POINT('',(0.0186,-0.0736,0.076));
#4864=CARTESIAN_POINT('',(0.0186,-0.0706,0.076));
#4865=CARTESIAN_POINT('',(0.0186,-0.0651,0.0318221845901128));
#4866=CARTESIAN_POINT('',(0.0186,-0.0651,0.0364335812756148));
#4867=CARTESIAN_POINT('',(0.0186,-0.0651,0.025));
#4868=CARTESIAN_POINT('',(0.0186,-0.0601,0.0364335812756148));
#4869=CARTESIAN_POINT('',(0.0186,-0.0583469445969876,0.0411161870409947));
#4870=CARTESIAN_POINT('',(0.0186,-0.0335216313837432,0.0318221845901128));
#4871=CARTESIAN_POINT('',(0.0186,-0.027806578611901,0.0296826057653799));
#4872=CARTESIAN_POINT('',(0.0186,-0.0295596340149135,0.025));
#4873=CARTESIAN_POINT('',(0.0186,-0.0295596340149135,0.02));
#4874=CARTESIAN_POINT('',(0.0186,-0.0335216313837432,0.02));
#4875=CARTESIAN_POINT('',(0.0186,-0.0601,0.02));
#4876=CARTESIAN_POINT('',(0.0186,-0.0601,0.025));
#4877=CARTESIAN_POINT('',(0.0186,0.0601,0.02));
#4878=CARTESIAN_POINT('',(0.0186,0.0560052601363161,0.02));
#4879=CARTESIAN_POINT('',(0.0186,0.0601,0.02));
#4880=CARTESIAN_POINT('',(0.0186,0.0560052601363161,0.025));
#4881=CARTESIAN_POINT('',(0.0186,0.0542522047333036,0.0203173942346201));
#4882=CARTESIAN_POINT('',(0.0186,-0.005,0.0425));
#4883=CARTESIAN_POINT('',(0.0186,-0.0392366841555853,0.0553173942346201));
#4884=CARTESIAN_POINT('',(0.0186,-0.0374836287525728,0.06));
#4885=CARTESIAN_POINT('',(0.0186,-0.0374836287525728,0.065));
#4886=CARTESIAN_POINT('',(0.0186,1.38777878078145E-17,0.065));
#4887=CARTESIAN_POINT('',(0.0186,0.0601,0.065));
#4888=CARTESIAN_POINT('',(0.0186,0.0601,0.06));
#4889=CARTESIAN_POINT('',(0.0186,0.0651,0.06));
#4890=CARTESIAN_POINT('',(0.0186,0.0651,0.0425));
#4891=CARTESIAN_POINT('',(0.0186,0.0651,0.025));
#4892=CARTESIAN_POINT('',(0.0186,0.0601,0.025));
#4893=CARTESIAN_POINT('',(0.0186,0.0951,0.075));
#4894=CARTESIAN_POINT('',(0.0186,0.0901,0.075));
#4895=CARTESIAN_POINT('',(0.0186,0.0801,0.075));
#4896=CARTESIAN_POINT('',(0.0186,0.0901,0.085));
#4897=CARTESIAN_POINT('',(0.0186,0.0901,0.085));
#4898=CARTESIAN_POINT('',(0.0186,1.38777878078145E-17,0.085));
#4899=CARTESIAN_POINT('',(0.0186,-0.0901,0.085));
#4900=CARTESIAN_POINT('',(0.0186,-0.0901,0.075));
#4901=CARTESIAN_POINT('',(0.0186,-0.0901,0.075));
#4902=CARTESIAN_POINT('',(0.0186,-0.0951,0.075));
#4903=CARTESIAN_POINT('',(0.0186,-0.0801,0.075));
#4904=CARTESIAN_POINT('',(0.0186,-0.0801,0.));
#4905=CARTESIAN_POINT('',(0.0186,-0.0801,0.));
#4906=CARTESIAN_POINT('',(0.0186,1.38777878078145E-17,0.));
#4907=CARTESIAN_POINT('',(0.0186,0.0801,0.));
#4908=CARTESIAN_POINT('',(0.0186,0.0801,0.005));
#4909=CARTESIAN_POINT('',(0.0186,-0.0716,0.024));
#4910=CARTESIAN_POINT('',(0.0186,-0.0696,0.024));
#4911=CARTESIAN_POINT('',(0.0186,-0.0716,0.026));
#4912=CARTESIAN_POINT('',(0.0186,-0.0696,0.017));
#4913=CARTESIAN_POINT('',(0.0186,-0.0696,0.018));
#4914=CARTESIAN_POINT('',(0.0186,-0.0716,0.018));
#4915=CARTESIAN_POINT('',(0.0186,-0.0716,0.016));
#4916=CARTESIAN_POINT('',(0.0186,1.38777878078145E-17,0.016));
#4917=CARTESIAN_POINT('',(0.0186,-0.0736,0.016));
#4918=CARTESIAN_POINT('',(0.0186,-0.0736,0.018));
#4919=CARTESIAN_POINT('',(0.0186,-0.0756,0.018));
#4920=CARTESIAN_POINT('',(0.0186,-0.0756,0.005));
#4921=CARTESIAN_POINT('',(0.0186,-0.0756,0.024));
#4922=CARTESIAN_POINT('',(0.0186,-0.0736,0.024));
#4923=CARTESIAN_POINT('',(0.0186,-0.0736,0.026));
#4924=CARTESIAN_POINT('',(0.0186,-0.0706,0.026));
#4925=CARTESIAN_POINT('',(0.0186,0.0716,0.068));
#4926=CARTESIAN_POINT('',(0.0186,0.0696,0.068));
#4927=CARTESIAN_POINT('',(0.0186,0.0716,0.066));
#4928=CARTESIAN_POINT('',(0.0186,0.0696,0.005));
#4929=CARTESIAN_POINT('',(0.0186,0.0696,0.074));
#4930=CARTESIAN_POINT('',(0.0186,0.0716,0.074));
#4931=CARTESIAN_POINT('',(0.0186,0.0716,0.076));
#4932=CARTESIAN_POINT('',(0.0186,0.0746,0.076));
#4933=CARTESIAN_POINT('',(0.0186,0.0736,0.076));
#4934=CARTESIAN_POINT('',(0.0186,0.0736,0.074));
#4935=CARTESIAN_POINT('',(0.0186,0.0756,0.074));
#4936=CARTESIAN_POINT('',(0.0186,0.0756,0.067));
#4937=CARTESIAN_POINT('',(0.0186,0.0756,0.068));
#4938=CARTESIAN_POINT('',(0.0186,0.0736,0.068));
#4939=CARTESIAN_POINT('',(0.0186,0.0736,0.066));
#4940=CARTESIAN_POINT('',(0.0186,1.38777878078145E-17,0.066));
#4941=CARTESIAN_POINT('',(-0.0136,0.,0.085));
#4942=CARTESIAN_POINT('',(-0.0136,0.,0.01));
#4943=CARTESIAN_POINT('',(-0.0136,-0.0761,0.01));
#4944=CARTESIAN_POINT('',(-0.0136,-0.0761,0.004));
#4945=CARTESIAN_POINT('',(-0.0136,-0.0701,0.004));
#4946=CARTESIAN_POINT('',(-0.0136,-0.0701,0.001));
#4947=CARTESIAN_POINT('',(-0.0136,-0.0701,0.001));
#4948=CARTESIAN_POINT('',(-0.0136,-0.0761,0.001));
#4949=CARTESIAN_POINT('',(-0.0136,-0.0701839202169004,0.));
#4950=CARTESIAN_POINT('',(-0.0136,0.,0.));
#4951=CARTESIAN_POINT('',(-0.0136,0.0701839202169004,0.));
#4952=CARTESIAN_POINT('',(-0.0136,0.0761,0.001));
#4953=CARTESIAN_POINT('',(-0.0136,0.0701,0.001));
#4954=CARTESIAN_POINT('',(-0.0136,0.0701,0.085));
#4955=CARTESIAN_POINT('',(-0.0136,0.0701,0.004));
#4956=CARTESIAN_POINT('',(-0.0136,0.0761,0.004));
#4957=CARTESIAN_POINT('',(-0.0136,0.0761,0.01));
#4958=CARTESIAN_POINT('',(-0.0136,0.,0.01));
#4959=CARTESIAN_POINT('',(-0.0136,0.,0.085));
#4960=CARTESIAN_POINT('',(-0.0136,0.0651,0.085));
#4961=CARTESIAN_POINT('',(-0.0136,0.0651,0.025));
#4962=CARTESIAN_POINT('',(-0.0136,0.0651,0.06));
#4963=CARTESIAN_POINT('',(-0.0136,0.0601,0.025));
#4964=CARTESIAN_POINT('',(-0.0136,0.0601,0.02));
#4965=CARTESIAN_POINT('',(-0.0136,0.,0.02));
#4966=CARTESIAN_POINT('',(-0.0136,0.0560052601363161,0.02));
#4967=CARTESIAN_POINT('',(-0.0136,0.0560052601363161,0.025));
#4968=CARTESIAN_POINT('',(-0.0136,0.0542522047333037,0.0203173942346201));
#4969=CARTESIAN_POINT('',(-0.0136,-0.0145697151224061,0.0460826720508176));
#4970=CARTESIAN_POINT('',(-0.0136,-0.0392366841555853,0.0553173942346201));
#4971=CARTESIAN_POINT('',(-0.0136,-0.0374836287525728,0.06));
#4972=CARTESIAN_POINT('',(-0.0136,-0.0374836287525728,0.065));
#4973=CARTESIAN_POINT('',(-0.0136,4.26352928043455E-18,0.065));
#4974=CARTESIAN_POINT('',(-0.0136,0.0601,0.065));
#4975=CARTESIAN_POINT('',(-0.0136,0.0601,0.06));
#4976=CARTESIAN_POINT('',(-0.0136,-0.0215819367344558,0.0273522489892981));
#4977=CARTESIAN_POINT('',(-0.0136,-0.027806578611901,0.0296826057653799));
#4978=CARTESIAN_POINT('',(-0.0136,-0.0651,0.0436443691802256));
#4979=CARTESIAN_POINT('',(-0.0136,-0.0295596340149135,0.025));
#4980=CARTESIAN_POINT('',(-0.0136,-0.0295596340149135,0.02));
#4981=CARTESIAN_POINT('',(-0.0136,0.,0.02));
#4982=CARTESIAN_POINT('',(-0.0136,-0.0601,0.02));
#4983=CARTESIAN_POINT('',(-0.0136,-0.0601,0.025));
#4984=CARTESIAN_POINT('',(-0.0136,-0.0651,0.025));
#4985=CARTESIAN_POINT('',(-0.0136,-0.0651,0.085));
#4986=CARTESIAN_POINT('',(0.0136,6.93889390390723E-18,0.085));
#4987=CARTESIAN_POINT('',(0.0136,-0.0761,0.004));
#4988=CARTESIAN_POINT('',(0.0136,-0.0701,0.004));
#4989=CARTESIAN_POINT('',(0.0136,-0.0761,0.01));
#4990=CARTESIAN_POINT('',(0.0136,-0.0801,0.01));
#4991=CARTESIAN_POINT('',(0.0136,6.93889390390723E-18,0.085));
#4992=CARTESIAN_POINT('',(0.0136,0.0761,0.01));
#4993=CARTESIAN_POINT('',(0.0136,0.0761,0.01));
#4994=CARTESIAN_POINT('',(0.0136,0.0761,0.004));
#4995=CARTESIAN_POINT('',(0.0136,0.0701,0.004));
#4996=CARTESIAN_POINT('',(0.0136,0.0701,0.001));
#4997=CARTESIAN_POINT('',(0.0136,0.0701,0.001));
#4998=CARTESIAN_POINT('',(0.0136,0.0761,0.001));
#4999=CARTESIAN_POINT('',(0.0136,0.0701839202169004,0.));
#5000=CARTESIAN_POINT('',(0.0136,6.93889390390723E-18,0.));
#5001=CARTESIAN_POINT('',(0.0136,-0.0701839202169004,0.));
#5002=CARTESIAN_POINT('',(0.0136,-0.0761,0.001));
#5003=CARTESIAN_POINT('',(0.0136,-0.0701,0.001));
#5004=CARTESIAN_POINT('',(0.0136,-0.0701,0.085));
#5005=CARTESIAN_POINT('',(0.0136,-0.0145697151224061,0.0460826720508176));
#5006=CARTESIAN_POINT('',(0.0136,0.0542522047333036,0.0203173942346201));
#5007=CARTESIAN_POINT('',(0.0136,-0.0392366841555853,0.0553173942346201));
#5008=CARTESIAN_POINT('',(0.0136,0.0560052601363161,0.025));
#5009=CARTESIAN_POINT('',(0.0136,0.0560052601363161,0.02));
#5010=CARTESIAN_POINT('',(0.0136,6.93889390390723E-18,0.02));
#5011=CARTESIAN_POINT('',(0.0136,0.0601,0.02));
#5012=CARTESIAN_POINT('',(0.0136,0.0601,0.025));
#5013=CARTESIAN_POINT('',(0.0136,0.0651,0.025));
#5014=CARTESIAN_POINT('',(0.0136,0.0651,0.085));
#5015=CARTESIAN_POINT('',(0.0136,0.0651,0.06));
#5016=CARTESIAN_POINT('',(0.0136,0.0601,0.06));
#5017=CARTESIAN_POINT('',(0.0136,0.0601,0.065));
#5018=CARTESIAN_POINT('',(0.0136,1.12024231843418E-17,0.065));
#5019=CARTESIAN_POINT('',(0.0136,-0.0374836287525728,0.065));
#5020=CARTESIAN_POINT('',(0.0136,-0.0374836287525728,0.06));
#5021=CARTESIAN_POINT('',(0.0136,6.93889390390723E-18,0.02));
#5022=CARTESIAN_POINT('',(0.0136,-0.0295596340149135,0.02));
#5023=CARTESIAN_POINT('',(0.0136,-0.0601,0.02));
#5024=CARTESIAN_POINT('',(0.0136,-0.0295596340149135,0.025));
#5025=CARTESIAN_POINT('',(0.0136,-0.027806578611901,0.0296826057653799));
#5026=CARTESIAN_POINT('',(0.0136,-0.0215819367344558,0.0273522489892981));
#5027=CARTESIAN_POINT('',(0.0136,-0.0583469445969876,0.0411161870409947));
#5028=CARTESIAN_POINT('',(0.0136,-0.0601,0.0364335812756148));
#5029=CARTESIAN_POINT('',(0.0136,-0.0651,0.0364335812756148));
#5030=CARTESIAN_POINT('',(0.0136,-0.0651,0.085));
#5031=CARTESIAN_POINT('',(0.0136,-0.0651,0.025));
#5032=CARTESIAN_POINT('',(0.0136,-0.0601,0.025));
#5033=CARTESIAN_POINT('',(0.,0.,0.));
#5034=CARTESIAN_POINT('',(-0.0136,-0.0801,0.));
#5035=CARTESIAN_POINT('',(-0.0136,0.0801,0.));
#5036=CARTESIAN_POINT('',(0.0136,0.0801,0.));
#5037=CARTESIAN_POINT('',(0.0136,-0.0801,0.));
#5038=CARTESIAN_POINT('',(-0.0136,-0.0701839202169004,0.));
#5039=CARTESIAN_POINT('',(-0.0136,-0.07157101565744,0.));
#5040=CARTESIAN_POINT('',(-0.0127184447665334,-0.0735796505467327,1.18276600634782E-19));
#5041=CARTESIAN_POINT('',(-0.0104945785312276,-0.0752483402883698,-1.97127667724637E-19));
#5042=CARTESIAN_POINT('',(-0.00922631971835661,-0.0758198998690212,4.33680868994202E-19));
#5043=CARTESIAN_POINT('',(-0.0086,-0.0761,4.33680868994202E-19));
#5044=CARTESIAN_POINT('',(-0.0086,-0.0761,0.));
#5045=CARTESIAN_POINT('',(0.,-0.0761,0.));
#5046=CARTESIAN_POINT('',(0.0086,-0.0761,0.));
#5047=CARTESIAN_POINT('',(0.0136,-0.0701839202169004,-2.02384405530628E-18));
#5048=CARTESIAN_POINT('',(0.0136,-0.07157101565744,-2.02384405530628E-18));
#5049=CARTESIAN_POINT('',(0.012718444766534,-0.073579650546734,5.78241158658937E-19));
#5050=CARTESIAN_POINT('',(0.0104945785312266,-0.0752483402883676,-2.89120579329468E-19));
#5051=CARTESIAN_POINT('',(0.00922631971835877,-0.0758198998690261,4.33680868994202E-19));
#5052=CARTESIAN_POINT('',(0.0086,-0.0761,4.33680868994202E-19));
#5053=CARTESIAN_POINT('',(0.0136,0.0701839202169004,2.45752492430047E-18));
#5054=CARTESIAN_POINT('',(0.0136,0.07157101565744,2.45752492430047E-18));
#5055=CARTESIAN_POINT('',(0.0127184447665323,0.0735796505467303,-5.5852839188647E-19));
#5056=CARTESIAN_POINT('',(0.0104945785312294,0.0752483402883739,1.11705678377294E-19));
#5057=CARTESIAN_POINT('',(0.00922631971835262,0.0758198998690123,0.));
#5058=CARTESIAN_POINT('',(0.0086,0.0761,0.));
#5059=CARTESIAN_POINT('',(0.0086,0.0761,0.));
#5060=CARTESIAN_POINT('',(-0.0136,0.0761,0.));
#5061=CARTESIAN_POINT('',(-0.0086,0.0761,0.));
#5062=CARTESIAN_POINT('',(-0.0136,0.0701839202169004,0.));
#5063=CARTESIAN_POINT('',(-0.0136,0.07157101565744,0.));
#5064=CARTESIAN_POINT('',(-0.0127184447665329,0.0735796505467316,0.));
#5065=CARTESIAN_POINT('',(-0.0104945785312284,0.0752483402883717,0.));
#5066=CARTESIAN_POINT('',(-0.00922631971835477,0.0758198998690171,0.));
#5067=CARTESIAN_POINT('',(-0.0086,0.0761,0.));
#5068=CARTESIAN_POINT('',(0.,0.,0.005));
#5069=CARTESIAN_POINT('',(0.0086,0.0801,0.005));
#5070=CARTESIAN_POINT('',(0.0086,0.0761,0.005));
#5071=CARTESIAN_POINT('',(0.0066,0.0851,0.005));
#5072=CARTESIAN_POINT('',(-0.0066,0.0801,0.005));
#5073=CARTESIAN_POINT('',(-0.0086,5.5874988364796E-19,0.005));
#5074=CARTESIAN_POINT('',(-0.0086,0.0761,0.005));
#5075=CARTESIAN_POINT('',(0.,0.0761,0.005));
#5076=CARTESIAN_POINT('',(0.,0.,0.085));
#5077=CARTESIAN_POINT('',(-0.0086,-0.0901,0.085));
#5078=CARTESIAN_POINT('',(-0.00715,-0.0901,0.085));
#5079=CARTESIAN_POINT('',(0.0086,-0.0901,0.085));
#5080=CARTESIAN_POINT('',(0.01005,-0.0901,0.085));
#5081=CARTESIAN_POINT('',(0.0086,0.0901,0.085));
#5082=CARTESIAN_POINT('',(0.01005,0.0901,0.085));
#5083=CARTESIAN_POINT('',(-0.0086,0.0901,0.085));
#5084=CARTESIAN_POINT('',(-0.00715,0.0901,0.085));
#5085=CARTESIAN_POINT('',(-0.0216,-1.83460767142083E-19,0.085));
#5086=CARTESIAN_POINT('',(-0.0216,0.0726,0.085));
#5087=CARTESIAN_POINT('',(-0.0216,0.0686,0.085));
#5088=CARTESIAN_POINT('',(-0.0206,0.0686,0.085));
#5089=CARTESIAN_POINT('',(-0.0206,0.0676,0.085));
#5090=CARTESIAN_POINT('',(-0.0206,-1.22307178094722E-19,0.085));
#5091=CARTESIAN_POINT('',(-0.0206,0.0616,0.085));
#5092=CARTESIAN_POINT('',(-0.0206,0.0606,0.085));
#5093=CARTESIAN_POINT('',(-0.0216,0.0606,0.085));
#5094=CARTESIAN_POINT('',(-0.0216,-1.83460767142083E-19,0.085));
#5095=CARTESIAN_POINT('',(-0.0216,0.0566,0.085));
#5096=CARTESIAN_POINT('',(-0.0216,0.0566,0.085));
#5097=CARTESIAN_POINT('',(-0.0196,0.0566,0.085));
#5098=CARTESIAN_POINT('',(-0.0196,0.0556,0.085));
#5099=CARTESIAN_POINT('',(-0.0196,-0.0556,0.085));
#5100=CARTESIAN_POINT('',(-0.0196,-0.0566,0.085));
#5101=CARTESIAN_POINT('',(-0.0216,-0.0566,0.085));
#5102=CARTESIAN_POINT('',(-0.0216,-0.0566,0.085));
#5103=CARTESIAN_POINT('',(-0.0216,1.83460767142083E-19,0.085));
#5104=CARTESIAN_POINT('',(-0.0216,-0.0606,0.085));
#5105=CARTESIAN_POINT('',(-0.0206,-0.0606,0.085));
#5106=CARTESIAN_POINT('',(-0.0206,-0.0616,0.085));
#5107=CARTESIAN_POINT('',(-0.0206,1.22307178094722E-19,0.085));
#5108=CARTESIAN_POINT('',(-0.0206,-0.0676,0.085));
#5109=CARTESIAN_POINT('',(-0.0206,-0.0686,0.085));
#5110=CARTESIAN_POINT('',(-0.0216,-0.0686,0.085));
#5111=CARTESIAN_POINT('',(-0.0216,1.83460767142083E-19,0.085));
#5112=CARTESIAN_POINT('',(-0.0216,-0.0726,0.085));
#5113=CARTESIAN_POINT('',(-0.0216,-0.0726,0.085));
#5114=CARTESIAN_POINT('',(-0.0136,-0.0901,0.085));
#5115=CARTESIAN_POINT('',(-0.0136,-0.0951,0.085));
#5116=CARTESIAN_POINT('',(3.46944695195361E-18,-0.0951,0.085));
#5117=CARTESIAN_POINT('',(0.0136,-0.0951,0.085));
#5118=CARTESIAN_POINT('',(0.0136,-0.0901,0.085));
#5119=CARTESIAN_POINT('',(0.0136,0.0901,0.085));
#5120=CARTESIAN_POINT('',(0.0136,0.0951,0.085));
#5121=CARTESIAN_POINT('',(3.46944695195361E-18,0.0951,0.085));
#5122=CARTESIAN_POINT('',(-0.0136,0.0951,0.085));
#5123=CARTESIAN_POINT('',(-0.0136,0.0901,0.085));
#5124=CARTESIAN_POINT('',(-0.0216,0.0726,0.085));
#5125=CARTESIAN_POINT('',(0.,0.,0.005));
#5126=CARTESIAN_POINT('',(0.0066,-0.0801,0.005));
#5127=CARTESIAN_POINT('',(0.0086,-0.0761,0.005));
#5128=CARTESIAN_POINT('',(0.0086,-0.0761,0.005));
#5129=CARTESIAN_POINT('',(-0.0136,-0.0761,0.005));
#5130=CARTESIAN_POINT('',(-0.0086,-0.0761,0.005));
#5131=CARTESIAN_POINT('',(-0.0086,5.5874988364796E-19,0.005));
#5132=CARTESIAN_POINT('',(-0.0066,-0.0851,0.005));
#5133=CARTESIAN_POINT('',(-8.67361737988404E-18,0.0751,0.025));
#5134=CARTESIAN_POINT('',(0.0136,0.0751,0.001));
#5135=CARTESIAN_POINT('',(-0.0086,0.0751,0.001));
#5136=CARTESIAN_POINT('',(0.0086,0.0751,0.001));
#5137=CARTESIAN_POINT('',(0.0086,0.0751,0.004));
#5138=CARTESIAN_POINT('',(0.0086,0.0751,0.004));
#5139=CARTESIAN_POINT('',(-8.67361737988404E-18,0.0751,0.004));
#5140=CARTESIAN_POINT('',(-0.0086,0.0751,0.004));
#5141=CARTESIAN_POINT('',(-0.0086,0.0751,0.025));
#5142=CARTESIAN_POINT('',(1.04083408558608E-17,-0.0751,0.025));
#5143=CARTESIAN_POINT('',(0.0136,-0.0751,0.004));
#5144=CARTESIAN_POINT('',(-0.0086,-0.0751,0.004));
#5145=CARTESIAN_POINT('',(0.0086,-0.0751,0.004));
#5146=CARTESIAN_POINT('',(0.0086,-0.0751,0.025));
#5147=CARTESIAN_POINT('',(0.0086,-0.0751,0.001));
#5148=CARTESIAN_POINT('',(1.04083408558608E-17,-0.0751,0.001));
#5149=CARTESIAN_POINT('',(-0.0086,-0.0751,0.001));
#5150=CARTESIAN_POINT('',(-0.0086,-0.0751,0.004));
#5151=CARTESIAN_POINT('',(3.46944695195361E-18,-0.0951,0.075));
#5152=CARTESIAN_POINT('',(-0.0086,-0.0901,0.075));
#5153=CARTESIAN_POINT('',(-0.00715,-0.0901,0.075));
#5154=CARTESIAN_POINT('',(0.0086,-0.0901,0.075));
#5155=CARTESIAN_POINT('',(0.01005,-0.0901,0.075));
#5156=CARTESIAN_POINT('',(0.0136,-0.0901,0.075));
#5157=CARTESIAN_POINT('',(0.0136,-0.0951,0.075));
#5158=CARTESIAN_POINT('',(3.46944695195361E-18,-0.0951,0.075));
#5159=CARTESIAN_POINT('',(-0.0136,-0.0951,0.075));
#5160=CARTESIAN_POINT('',(-0.0136,-0.0901,0.075));
#5161=CARTESIAN_POINT('',(-0.0136,-0.0801,0.075));
#5162=CARTESIAN_POINT('',(0.0136,-0.0801,0.075));
#5163=CARTESIAN_POINT('',(0.,-0.0951,0.0425));
#5164=CARTESIAN_POINT('',(0.0136,-0.0951,0.085));
#5165=CARTESIAN_POINT('',(-0.0136,-0.0951,0.0425));
#5166=CARTESIAN_POINT('',(3.46944695195361E-18,0.0951,0.075));
#5167=CARTESIAN_POINT('',(0.0086,0.0901,0.075));
#5168=CARTESIAN_POINT('',(0.01005,0.0901,0.075));
#5169=CARTESIAN_POINT('',(-0.0086,0.0901,0.075));
#5170=CARTESIAN_POINT('',(-0.00715,0.0901,0.075));
#5171=CARTESIAN_POINT('',(-0.0136,0.0901,0.075));
#5172=CARTESIAN_POINT('',(-0.0136,0.0951,0.075));
#5173=CARTESIAN_POINT('',(3.46944695195361E-18,0.0951,0.075));
#5174=CARTESIAN_POINT('',(0.0136,0.0951,0.075));
#5175=CARTESIAN_POINT('',(0.0136,0.0901,0.075));
#5176=CARTESIAN_POINT('',(0.0136,0.0801,0.075));
#5177=CARTESIAN_POINT('',(-0.0136,0.0801,0.075));
#5178=CARTESIAN_POINT('',(0.,0.0951,0.0425));
#5179=CARTESIAN_POINT('',(-0.0136,0.0951,0.0425));
#5180=CARTESIAN_POINT('',(0.0136,0.0951,0.075));
#5181=CARTESIAN_POINT('',(-0.0784,1.98096859454085E-17,0.065));
#5182=CARTESIAN_POINT('',(-0.0784,-0.0374836287525728,0.065));
#5183=CARTESIAN_POINT('',(0.0186,0.0601,0.065));
#5184=CARTESIAN_POINT('',(-0.0784,0.0651,0.0425));
#5185=CARTESIAN_POINT('',(0.0136,0.0651,0.06));
#5186=CARTESIAN_POINT('',(-0.0784,0.0651,0.025));
#5187=CARTESIAN_POINT('',(-0.0784,0.0601,0.02));
#5188=CARTESIAN_POINT('',(0.0186,0.0560052601363161,0.02));
#5189=CARTESIAN_POINT('',(-0.0784,0.0601,0.02));
#5190=CARTESIAN_POINT('',(-0.0784,-0.005,0.0425));
#5191=CARTESIAN_POINT('',(-0.0784,-0.0392366841555853,0.0553173942346201));
#5192=CARTESIAN_POINT('',(0.0136,0.0542522047333036,0.0203173942346201));
#5193=CARTESIAN_POINT('',(-0.0784,-0.0335216313837432,0.02));
#5194=CARTESIAN_POINT('',(-0.0784,-0.0295596340149135,0.02));
#5195=CARTESIAN_POINT('',(0.0186,-0.0601,0.02));
#5196=CARTESIAN_POINT('',(-0.0784,-0.0651,0.0318221845901128));
#5197=CARTESIAN_POINT('',(-0.0784,-0.0651,0.0364335812756148));
#5198=CARTESIAN_POINT('',(0.0136,-0.0651,0.025));
#5199=CARTESIAN_POINT('',(-0.0784,-0.0335216313837432,0.0318221845901128));
#5200=CARTESIAN_POINT('',(-0.0784,-0.027806578611901,0.0296826057653799));
#5201=CARTESIAN_POINT('',(-0.0784,-0.0583469445969875,0.0411161870409947));
#5202=CARTESIAN_POINT('',(-0.0784,-0.005,0.0425));
#5203=CARTESIAN_POINT('',(-0.0186,0.0542522047333036,0.0203173942346201));
#5204=CARTESIAN_POINT('',(-0.0784,-0.0392366841555853,0.0553173942346201));
#5205=CARTESIAN_POINT('',(-0.0784,0.0601,0.02));
#5206=CARTESIAN_POINT('',(-0.0186,0.,0.02));
#5207=CARTESIAN_POINT('',(-0.0186,0.0601,0.02));
#5208=CARTESIAN_POINT('',(-0.0136,0.0560052601363161,0.02));
#5209=CARTESIAN_POINT('',(-0.0784,0.0601,0.02));
#5210=CARTESIAN_POINT('',(-0.0784,0.0651,0.0425));
#5211=CARTESIAN_POINT('',(-0.0186,0.0651,0.06));
#5212=CARTESIAN_POINT('',(-0.0186,0.0651,0.06));
#5213=CARTESIAN_POINT('',(-0.0186,0.0651,0.005));
#5214=CARTESIAN_POINT('',(-0.0186,0.0651,0.025));
#5215=CARTESIAN_POINT('',(-0.0784,0.0651,0.025));
#5216=CARTESIAN_POINT('',(-0.0784,1.98096859454085E-17,0.065));
#5217=CARTESIAN_POINT('',(-0.0186,-1.27905878413036E-17,0.065));
#5218=CARTESIAN_POINT('',(-0.0186,0.0601,0.065));
#5219=CARTESIAN_POINT('',(-0.0186,0.0566,0.065));
#5220=CARTESIAN_POINT('',(-0.0136,0.0601,0.065));
#5221=CARTESIAN_POINT('',(-0.0784,-0.0374836287525728,0.065));
#5222=CARTESIAN_POINT('',(-0.0196,0.0556,0.065));
#5223=CARTESIAN_POINT('',(-0.0196,0.0566,0.065));
#5224=CARTESIAN_POINT('',(-0.0784,0.0566,0.065));
#5225=CARTESIAN_POINT('',(-0.0784,-0.0335216313837432,0.0318221845901128));
#5226=CARTESIAN_POINT('',(-0.0784,-0.027806578611901,0.0296826057653799));
#5227=CARTESIAN_POINT('',(-0.0784,-0.0651,0.0436443691802256));
#5228=CARTESIAN_POINT('',(-0.0186,-0.0651,0.0436443691802256));
#5229=CARTESIAN_POINT('',(-0.0186,0.00468643874450861,0.0175179986019986));
#5230=CARTESIAN_POINT('',(-0.0186,-0.0566,0.0404621728407913));
#5231=CARTESIAN_POINT('',(-0.0216,-0.0566,0.0404621728407913));
#5232=CARTESIAN_POINT('',(-0.0196,-0.0566,0.0404621728407913));
#5233=CARTESIAN_POINT('',(-0.0196,-0.0556,0.0400877968008578));
#5234=CARTESIAN_POINT('',(-0.0784,-0.0651,0.0318221845901128));
#5235=CARTESIAN_POINT('',(-0.0186,-0.0651,0.025));
#5236=CARTESIAN_POINT('',(-0.0186,-0.0651,0.025));
#5237=CARTESIAN_POINT('',(-0.0186,-0.0651,0.005));
#5238=CARTESIAN_POINT('',(-0.0784,-0.0335216313837432,0.02));
#5239=CARTESIAN_POINT('',(-0.0784,-0.0295596340149135,0.02));
#5240=CARTESIAN_POINT('',(-0.0186,0.,0.02));
#5241=CARTESIAN_POINT('',(-0.0186,-0.0601,0.02));
#5242=CARTESIAN_POINT('',(-0.0136,-0.0601,0.02));
#5243=CARTESIAN_POINT('',(-0.0784,-0.0295596340149135,0.025));
#5244=CARTESIAN_POINT('',(-0.0784,-0.0601,0.025));
#5245=CARTESIAN_POINT('',(-0.0186,-0.0601,0.025));
#5246=CARTESIAN_POINT('',(-0.0784,0.0601,0.06));
#5247=CARTESIAN_POINT('',(-0.0186,0.0601,0.06));
#5248=CARTESIAN_POINT('',(-0.0784,0.0560052601363161,0.025));
#5249=CARTESIAN_POINT('',(-0.0784,0.0601,0.025));
#5250=CARTESIAN_POINT('',(-0.0186,0.0601,0.025));
#5251=CARTESIAN_POINT('',(-0.0784,-0.0374836287525728,0.06));
#5252=CARTESIAN_POINT('',(-0.0784,-0.0374836287525728,0.06));
#5253=CARTESIAN_POINT('',(-0.0784,0.0601,0.06));
#5254=CARTESIAN_POINT('',(-0.0784,0.0560052601363161,0.025));
#5255=CARTESIAN_POINT('',(-0.0784,0.0601,0.025));
#5256=CARTESIAN_POINT('',(-0.0784,-0.0295596340149135,0.025));
#5257=CARTESIAN_POINT('',(-0.0784,-0.0601,0.0364335812756148));
#5258=CARTESIAN_POINT('',(-0.0784,-0.0601,0.025));
#5259=CARTESIAN_POINT('',(-0.0136,-0.0801,0.005));
#5260=CARTESIAN_POINT('',(0.0136,-0.0801,0.005));
#5261=CARTESIAN_POINT('',(-0.0136,0.0801,0.005));
#5262=CARTESIAN_POINT('',(0.0136,0.0801,0.005));
#5263=CARTESIAN_POINT('',(1.04083408558608E-17,-0.0761,0.001));
#5264=CARTESIAN_POINT('',(0.0086,-0.0761,0.001));
#5265=CARTESIAN_POINT('',(-0.0086,-0.0761,0.001));
#5266=CARTESIAN_POINT('',(1.04083408558608E-17,-0.0761,0.004));
#5267=CARTESIAN_POINT('',(0.0086,-0.0761,0.004));
#5268=CARTESIAN_POINT('',(-0.0086,-0.0761,0.004));
#5269=CARTESIAN_POINT('',(0.,0.0761,0.001));
#5270=CARTESIAN_POINT('',(0.0086,0.0761,0.001));
#5271=CARTESIAN_POINT('',(-0.0086,0.0761,0.001));
#5272=CARTESIAN_POINT('',(0.,0.0761,0.004));
#5273=CARTESIAN_POINT('',(0.0086,0.0761,0.004));
#5274=CARTESIAN_POINT('',(-0.0086,0.0761,0.004));
#5275=CARTESIAN_POINT('',(-0.0086,0.0901,0.06));
#5276=CARTESIAN_POINT('',(0.0086,0.0901,0.06));
#5277=CARTESIAN_POINT('',(0.0086,-0.0901,0.06));
#5278=CARTESIAN_POINT('',(-0.0086,-0.0901,0.06));
#5279=CARTESIAN_POINT('',(-0.0136,0.0901,0.005));
#5280=CARTESIAN_POINT('',(0.0136,0.0901,0.0425));
#5281=CARTESIAN_POINT('',(0.0136,-0.0901,0.005));
#5282=CARTESIAN_POINT('',(-0.0136,-0.0901,0.0425));
#5283=CARTESIAN_POINT('',(0.0086,-0.0761,0.001));
#5284=CARTESIAN_POINT('',(0.0086,-0.0701,0.001));
#5285=CARTESIAN_POINT('',(0.0086,-0.0701,0.025));
#5286=CARTESIAN_POINT('',(0.0086,-0.0701,0.004));
#5287=CARTESIAN_POINT('',(0.0086,-0.0761,0.004));
#5288=CARTESIAN_POINT('',(0.0086,-0.0761,0.01));
#5289=CARTESIAN_POINT('',(0.0086,-5.5874988364796E-19,0.01));
#5290=CARTESIAN_POINT('',(0.0086,0.0761,0.001));
#5291=CARTESIAN_POINT('',(0.0086,0.0701,0.001));
#5292=CARTESIAN_POINT('',(0.0086,0.0701,0.085));
#5293=CARTESIAN_POINT('',(0.0086,0.0701,0.004));
#5294=CARTESIAN_POINT('',(0.0086,0.0761,0.004));
#5295=CARTESIAN_POINT('',(0.0086,0.0761,0.01));
#5296=CARTESIAN_POINT('',(0.0086,-5.5874988364796E-19,0.01));
#5297=CARTESIAN_POINT('',(-0.0086,-0.0761,0.001));
#5298=CARTESIAN_POINT('',(-0.0086,-0.0701,0.001));
#5299=CARTESIAN_POINT('',(-0.0086,-0.0701,0.085));
#5300=CARTESIAN_POINT('',(-0.0086,-0.0701,0.004));
#5301=CARTESIAN_POINT('',(-0.0086,-0.0761,0.004));
#5302=CARTESIAN_POINT('',(-0.0086,-0.0761,0.01));
#5303=CARTESIAN_POINT('',(-0.0086,-3.24854583516256E-19,0.01));
#5304=CARTESIAN_POINT('',(-0.0086,0.0761,0.001));
#5305=CARTESIAN_POINT('',(-0.0086,0.0701,0.001));
#5306=CARTESIAN_POINT('',(-0.0086,0.0701,0.025));
#5307=CARTESIAN_POINT('',(-0.0086,0.0701,0.004));
#5308=CARTESIAN_POINT('',(-0.0086,0.0761,0.004));
#5309=CARTESIAN_POINT('',(-0.0086,0.0761,0.01));
#5310=CARTESIAN_POINT('',(-0.0086,-3.24854583516256E-19,0.01));
#5311=CARTESIAN_POINT('',(0.0206,-1.25976393437564E-18,0.0425));
#5312=CARTESIAN_POINT('',(0.0206,-0.0716,0.075));
#5313=CARTESIAN_POINT('',(0.0206,-0.0716,0.068));
#5314=CARTESIAN_POINT('',(0.0206,-0.0716,0.074));
#5315=CARTESIAN_POINT('',(0.0206,-0.0746,0.074));
#5316=CARTESIAN_POINT('',(0.0206,-0.0736,0.074));
#5317=CARTESIAN_POINT('',(0.0206,-0.0736,0.0425));
#5318=CARTESIAN_POINT('',(0.0206,-0.0736,0.068));
#5319=CARTESIAN_POINT('',(0.0206,-1.25976393437564E-18,0.068));
#5320=CARTESIAN_POINT('',(0.0206,-1.25976393437564E-18,0.0425));
#5321=CARTESIAN_POINT('',(0.0206,0.0706,0.024));
#5322=CARTESIAN_POINT('',(0.0206,0.0736,0.024));
#5323=CARTESIAN_POINT('',(0.0206,0.0716,0.024));
#5324=CARTESIAN_POINT('',(0.0206,0.0716,0.0425));
#5325=CARTESIAN_POINT('',(0.0206,0.0716,0.018));
#5326=CARTESIAN_POINT('',(0.0206,-1.25976393437564E-18,0.018));
#5327=CARTESIAN_POINT('',(0.0206,0.0736,0.018));
#5328=CARTESIAN_POINT('',(0.0206,0.0736,0.025));
#5329=CARTESIAN_POINT('',(0.0206,-1.25976393437564E-18,0.0425));
#5330=CARTESIAN_POINT('',(0.0206,0.0736,0.075));
#5331=CARTESIAN_POINT('',(0.0206,0.0736,0.068));
#5332=CARTESIAN_POINT('',(0.0206,0.0736,0.074));
#5333=CARTESIAN_POINT('',(0.0206,0.0706,0.074));
#5334=CARTESIAN_POINT('',(0.0206,0.0716,0.074));
#5335=CARTESIAN_POINT('',(0.0206,0.0716,0.0425));
#5336=CARTESIAN_POINT('',(0.0206,0.0716,0.068));
#5337=CARTESIAN_POINT('',(0.0206,-1.25976393437564E-18,0.068));
#5338=CARTESIAN_POINT('',(0.0206,-1.25976393437564E-18,0.0425));
#5339=CARTESIAN_POINT('',(0.0206,-0.0716,0.025));
#5340=CARTESIAN_POINT('',(0.0206,-0.0716,0.018));
#5341=CARTESIAN_POINT('',(0.0206,-0.0716,0.024));
#5342=CARTESIAN_POINT('',(0.0206,-0.0746,0.024));
#5343=CARTESIAN_POINT('',(0.0206,-0.0736,0.024));
#5344=CARTESIAN_POINT('',(0.0206,-0.0736,0.0425));
#5345=CARTESIAN_POINT('',(0.0206,-0.0736,0.018));
#5346=CARTESIAN_POINT('',(0.0206,-1.25976393437564E-18,0.018));
#5347=CARTESIAN_POINT('',(0.0196,-0.0716,0.074));
#5348=CARTESIAN_POINT('',(0.0196,-0.0716,0.074));
#5349=CARTESIAN_POINT('',(0.0196,-0.0706,0.074));
#5350=CARTESIAN_POINT('',(0.0196,-0.0716,0.074));
#5351=CARTESIAN_POINT('',(0.0196,-0.0716,0.075));
#5352=CARTESIAN_POINT('',(0.0196,-0.0716,0.074));
#5353=CARTESIAN_POINT('',(0.0196,-0.0716,0.074));
#5354=CARTESIAN_POINT('',(0.0196,-0.0716,0.076));
#5355=CARTESIAN_POINT('',(0.0196,-0.0696,0.074));
#5356=CARTESIAN_POINT('',(0.0196,-1.19861034532828E-18,0.074));
#5357=CARTESIAN_POINT('',(0.0196,-0.0706,0.075));
#5358=CARTESIAN_POINT('',(0.0196,-0.0736,0.075));
#5359=CARTESIAN_POINT('',(0.0196,-0.0736,0.074));
#5360=CARTESIAN_POINT('',(0.0196,-0.0716,0.0425));
#5361=CARTESIAN_POINT('',(0.0196,-0.0716,0.068));
#5362=CARTESIAN_POINT('',(0.0196,-0.0706,0.068));
#5363=CARTESIAN_POINT('',(0.0196,-0.0706,0.067));
#5364=CARTESIAN_POINT('',(0.0196,-0.0696,0.071));
#5365=CARTESIAN_POINT('',(0.0196,-0.0696,0.068));
#5366=CARTESIAN_POINT('',(0.0196,-0.0726,0.076));
#5367=CARTESIAN_POINT('',(0.0196,-0.0736,0.076));
#5368=CARTESIAN_POINT('',(0.0196,-0.0736,0.074));
#5369=CARTESIAN_POINT('',(0.0196,-0.0736,0.074));
#5370=CARTESIAN_POINT('',(0.0196,-0.0746,0.074));
#5371=CARTESIAN_POINT('',(0.0196,-0.0736,0.074));
#5372=CARTESIAN_POINT('',(0.0196,-0.0716,0.068));
#5373=CARTESIAN_POINT('',(0.0196,-0.0716,0.068));
#5374=CARTESIAN_POINT('',(0.0196,-0.0716,0.067));
#5375=CARTESIAN_POINT('',(0.0196,-0.0716,0.068));
#5376=CARTESIAN_POINT('',(0.0196,-0.0716,0.068));
#5377=CARTESIAN_POINT('',(0.0196,-0.0716,0.066));
#5378=CARTESIAN_POINT('',(0.0196,-0.0736,0.074));
#5379=CARTESIAN_POINT('',(0.0196,-0.0756,0.074));
#5380=CARTESIAN_POINT('',(0.0196,-0.0736,0.071));
#5381=CARTESIAN_POINT('',(0.0196,-0.0746,0.071));
#5382=CARTESIAN_POINT('',(0.0196,-0.0746,0.068));
#5383=CARTESIAN_POINT('',(0.0196,-0.0736,0.068));
#5384=CARTESIAN_POINT('',(0.0196,-0.0726,0.068));
#5385=CARTESIAN_POINT('',(0.0196,-0.0726,0.067));
#5386=CARTESIAN_POINT('',(0.0196,-0.0736,0.067));
#5387=CARTESIAN_POINT('',(0.0196,-0.0736,0.068));
#5388=CARTESIAN_POINT('',(0.0196,1.38166342187671E-17,0.066));
#5389=CARTESIAN_POINT('',(0.0196,-0.0736,0.066));
#5390=CARTESIAN_POINT('',(0.0196,-0.0756,0.005));
#5391=CARTESIAN_POINT('',(0.0196,-0.0756,0.068));
#5392=CARTESIAN_POINT('',(0.0196,-0.0736,0.068));
#5393=CARTESIAN_POINT('',(0.0196,-0.0736,0.068));
#5394=CARTESIAN_POINT('',(0.0196,-0.0736,0.068));
#5395=CARTESIAN_POINT('',(0.0196,-0.0716,0.018));
#5396=CARTESIAN_POINT('',(0.0196,-0.0716,0.018));
#5397=CARTESIAN_POINT('',(0.0196,-0.0716,0.017));
#5398=CARTESIAN_POINT('',(0.0196,-0.0716,0.018));
#5399=CARTESIAN_POINT('',(0.0196,-0.0706,0.018));
#5400=CARTESIAN_POINT('',(0.0196,-0.0716,0.018));
#5401=CARTESIAN_POINT('',(0.0196,-0.0716,0.018));
#5402=CARTESIAN_POINT('',(0.0196,-0.0696,0.018));
#5403=CARTESIAN_POINT('',(0.0196,-0.0716,0.016));
#5404=CARTESIAN_POINT('',(0.0196,-0.0716,0.0425));
#5405=CARTESIAN_POINT('',(0.0196,-0.0706,0.017));
#5406=CARTESIAN_POINT('',(0.0196,-0.0706,0.024));
#5407=CARTESIAN_POINT('',(0.0196,-0.0716,0.024));
#5408=CARTESIAN_POINT('',(0.0196,-0.0726,0.018));
#5409=CARTESIAN_POINT('',(0.0196,-0.0736,0.018));
#5410=CARTESIAN_POINT('',(0.0196,-0.0736,0.017));
#5411=CARTESIAN_POINT('',(0.0196,-0.0726,0.017));
#5412=CARTESIAN_POINT('',(0.0196,1.38166342187671E-17,0.016));
#5413=CARTESIAN_POINT('',(0.0196,-0.0736,0.016));
#5414=CARTESIAN_POINT('',(0.0196,-0.0696,0.021));
#5415=CARTESIAN_POINT('',(0.0196,-0.0696,0.024));
#5416=CARTESIAN_POINT('',(0.0196,-0.0716,0.024));
#5417=CARTESIAN_POINT('',(0.0196,-0.0716,0.024));
#5418=CARTESIAN_POINT('',(0.0196,-0.0716,0.025));
#5419=CARTESIAN_POINT('',(0.0196,-0.0716,0.024));
#5420=CARTESIAN_POINT('',(0.0196,-0.0736,0.018));
#5421=CARTESIAN_POINT('',(0.0196,-0.0736,0.018));
#5422=CARTESIAN_POINT('',(0.0196,-0.0746,0.018));
#5423=CARTESIAN_POINT('',(0.0196,-0.0736,0.018));
#5424=CARTESIAN_POINT('',(0.0196,-0.0736,0.018));
#5425=CARTESIAN_POINT('',(0.0196,-0.0756,0.018));
#5426=CARTESIAN_POINT('',(0.0196,-0.0716,0.024));
#5427=CARTESIAN_POINT('',(0.0196,-0.0716,0.026));
#5428=CARTESIAN_POINT('',(0.0196,-1.19861034532828E-18,0.024));
#5429=CARTESIAN_POINT('',(0.0196,-0.0706,0.025));
#5430=CARTESIAN_POINT('',(0.0196,-0.0736,0.025));
#5431=CARTESIAN_POINT('',(0.0196,-0.0736,0.024));
#5432=CARTESIAN_POINT('',(0.0196,-0.0736,0.021));
#5433=CARTESIAN_POINT('',(0.0196,-0.0746,0.021));
#5434=CARTESIAN_POINT('',(0.0196,-0.0746,0.024));
#5435=CARTESIAN_POINT('',(0.0196,-0.0736,0.024));
#5436=CARTESIAN_POINT('',(0.0196,-0.0756,0.005));
#5437=CARTESIAN_POINT('',(0.0196,-0.0756,0.024));
#5438=CARTESIAN_POINT('',(0.0196,-0.0726,0.026));
#5439=CARTESIAN_POINT('',(0.0196,-0.0736,0.026));
#5440=CARTESIAN_POINT('',(0.0196,-0.0736,0.024));
#5441=CARTESIAN_POINT('',(0.0196,-0.0736,0.024));
#5442=CARTESIAN_POINT('',(0.0196,-0.0736,0.024));
#5443=CARTESIAN_POINT('',(0.0196,-1.19861034532828E-18,0.024));
#5444=CARTESIAN_POINT('',(0.0196,0.0736,0.024));
#5445=CARTESIAN_POINT('',(0.0196,0.0736,0.025));
#5446=CARTESIAN_POINT('',(0.0196,0.0746,0.025));
#5447=CARTESIAN_POINT('',(0.0196,0.0716,0.025));
#5448=CARTESIAN_POINT('',(0.0196,0.0716,0.024));
#5449=CARTESIAN_POINT('',(0.0196,0.0736,0.024));
#5450=CARTESIAN_POINT('',(0.0196,0.0736,0.024));
#5451=CARTESIAN_POINT('',(0.0196,0.0746,0.024));
#5452=CARTESIAN_POINT('',(0.0196,0.0736,0.024));
#5453=CARTESIAN_POINT('',(0.0196,0.0726,0.026));
#5454=CARTESIAN_POINT('',(0.0196,0.0716,0.026));
#5455=CARTESIAN_POINT('',(0.0196,0.0736,0.026));
#5456=CARTESIAN_POINT('',(0.0196,0.0716,0.024));
#5457=CARTESIAN_POINT('',(0.0196,0.0716,0.024));
#5458=CARTESIAN_POINT('',(0.0196,0.0706,0.024));
#5459=CARTESIAN_POINT('',(0.0196,0.0716,0.024));
#5460=CARTESIAN_POINT('',(0.0196,0.0736,0.0425));
#5461=CARTESIAN_POINT('',(0.0196,0.0736,0.018));
#5462=CARTESIAN_POINT('',(0.0196,0.0746,0.018));
#5463=CARTESIAN_POINT('',(0.0196,0.0746,0.017));
#5464=CARTESIAN_POINT('',(0.0196,0.0736,0.024));
#5465=CARTESIAN_POINT('',(0.0196,0.0756,0.024));
#5466=CARTESIAN_POINT('',(0.0196,0.0716,0.024));
#5467=CARTESIAN_POINT('',(0.0196,0.0696,0.024));
#5468=CARTESIAN_POINT('',(0.0196,0.0716,0.021));
#5469=CARTESIAN_POINT('',(0.0196,0.0716,0.018));
#5470=CARTESIAN_POINT('',(0.0196,0.0706,0.018));
#5471=CARTESIAN_POINT('',(0.0196,0.0706,0.021));
#5472=CARTESIAN_POINT('',(0.0196,0.0716,0.018));
#5473=CARTESIAN_POINT('',(0.0196,0.0716,0.018));
#5474=CARTESIAN_POINT('',(0.0196,0.0716,0.017));
#5475=CARTESIAN_POINT('',(0.0196,0.0716,0.018));
#5476=CARTESIAN_POINT('',(0.0196,0.0736,0.018));
#5477=CARTESIAN_POINT('',(0.0196,0.0736,0.018));
#5478=CARTESIAN_POINT('',(0.0196,0.0736,0.017));
#5479=CARTESIAN_POINT('',(0.0196,0.0736,0.018));
#5480=CARTESIAN_POINT('',(0.0196,0.0756,0.021));
#5481=CARTESIAN_POINT('',(0.0196,0.0756,0.018));
#5482=CARTESIAN_POINT('',(0.0196,0.0696,0.005));
#5483=CARTESIAN_POINT('',(0.0196,0.0696,0.018));
#5484=CARTESIAN_POINT('',(0.0196,0.0726,0.018));
#5485=CARTESIAN_POINT('',(0.0196,0.0726,0.017));
#5486=CARTESIAN_POINT('',(0.0196,0.0736,0.018));
#5487=CARTESIAN_POINT('',(0.0196,0.0736,0.016));
#5488=CARTESIAN_POINT('',(0.0196,0.0716,0.018));
#5489=CARTESIAN_POINT('',(0.0196,0.0716,0.016));
#5490=CARTESIAN_POINT('',(0.0196,1.38166342187671E-17,0.016));
#5491=CARTESIAN_POINT('',(0.0196,1.38166342187671E-17,0.066));
#5492=CARTESIAN_POINT('',(0.0196,0.0716,0.066));
#5493=CARTESIAN_POINT('',(0.0196,0.0716,0.067));
#5494=CARTESIAN_POINT('',(0.0196,0.0736,0.066));
#5495=CARTESIAN_POINT('',(0.0196,0.0736,0.067));
#5496=CARTESIAN_POINT('',(0.0196,0.0726,0.067));
#5497=CARTESIAN_POINT('',(0.0196,0.0736,0.068));
#5498=CARTESIAN_POINT('',(0.0196,0.0736,0.068));
#5499=CARTESIAN_POINT('',(0.0196,0.0746,0.068));
#5500=CARTESIAN_POINT('',(0.0196,0.0756,0.068));
#5501=CARTESIAN_POINT('',(0.0196,0.0726,0.068));
#5502=CARTESIAN_POINT('',(0.0196,0.0716,0.068));
#5503=CARTESIAN_POINT('',(0.0196,0.0736,0.068));
#5504=CARTESIAN_POINT('',(0.0196,0.0716,0.068));
#5505=CARTESIAN_POINT('',(0.0196,0.0716,0.068));
#5506=CARTESIAN_POINT('',(0.0196,0.0706,0.068));
#5507=CARTESIAN_POINT('',(0.0196,0.0696,0.068));
#5508=CARTESIAN_POINT('',(0.0196,0.0756,0.071));
#5509=CARTESIAN_POINT('',(0.0196,0.0756,0.074));
#5510=CARTESIAN_POINT('',(0.0196,0.0746,0.074));
#5511=CARTESIAN_POINT('',(0.0196,0.0746,0.075));
#5512=CARTESIAN_POINT('',(0.0196,0.0736,0.068));
#5513=CARTESIAN_POINT('',(0.0196,0.0736,0.068));
#5514=CARTESIAN_POINT('',(0.0196,0.0716,0.068));
#5515=CARTESIAN_POINT('',(0.0196,0.0716,0.068));
#5516=CARTESIAN_POINT('',(0.0196,0.0696,0.005));
#5517=CARTESIAN_POINT('',(0.0196,0.0696,0.074));
#5518=CARTESIAN_POINT('',(0.0196,0.0706,0.074));
#5519=CARTESIAN_POINT('',(0.0196,0.0706,0.071));
#5520=CARTESIAN_POINT('',(0.0196,0.0716,0.074));
#5521=CARTESIAN_POINT('',(0.0196,0.0716,0.074));
#5522=CARTESIAN_POINT('',(0.0196,0.0716,0.075));
#5523=CARTESIAN_POINT('',(0.0196,0.0716,0.076));
#5524=CARTESIAN_POINT('',(0.0196,0.0736,0.074));
#5525=CARTESIAN_POINT('',(0.0196,0.0736,0.074));
#5526=CARTESIAN_POINT('',(0.0196,0.0736,0.075));
#5527=CARTESIAN_POINT('',(0.0196,0.0736,0.076));
#5528=CARTESIAN_POINT('',(0.0196,0.0736,0.0425));
#5529=CARTESIAN_POINT('',(0.0196,0.0736,0.074));
#5530=CARTESIAN_POINT('',(0.0196,0.0716,0.071));
#5531=CARTESIAN_POINT('',(0.0196,0.0716,0.074));
#5532=CARTESIAN_POINT('',(0.0196,0.0726,0.076));
#5533=CARTESIAN_POINT('',(0.0196,0.0706,0.075));
#5534=CARTESIAN_POINT('',(0.0196,0.0736,0.074));
#5535=CARTESIAN_POINT('',(0.0196,0.0736,0.074));
#5536=CARTESIAN_POINT('',(0.0196,0.0716,0.074));
#5537=CARTESIAN_POINT('',(0.0196,0.0716,0.074));
#5538=CARTESIAN_POINT('',(0.0196,-1.19861034532828E-18,0.074));
#5539=CARTESIAN_POINT('',(-0.0186,1.13745675628091E-18,0.0425));
#5540=CARTESIAN_POINT('',(-0.0186,-0.0566,0.0395));
#5541=CARTESIAN_POINT('',(-0.0216,-0.0566,0.0395));
#5542=CARTESIAN_POINT('',(-0.0196,-0.0566,0.0395));
#5543=CARTESIAN_POINT('',(-0.0216,-0.0566,0.008));
#5544=CARTESIAN_POINT('',(-0.0216,-0.0566,0.008));
#5545=CARTESIAN_POINT('',(-0.0216,-0.0566,0.0395));
#5546=CARTESIAN_POINT('',(-0.0216,-0.0646,0.008));
#5547=CARTESIAN_POINT('',(-0.0216,-0.0726,0.008));
#5548=CARTESIAN_POINT('',(-0.0216,-0.0726,0.008));
#5549=CARTESIAN_POINT('',(-0.0216,-0.0646,0.008));
#5550=CARTESIAN_POINT('',(-0.0216,-0.0726,0.0395));
#5551=CARTESIAN_POINT('',(-0.0216,-0.0726,0.0395));
#5552=CARTESIAN_POINT('',(-0.0216,1.320917523423E-18,0.0425));
#5553=CARTESIAN_POINT('',(-0.0216,-0.0686,0.0425));
#5554=CARTESIAN_POINT('',(-0.0216,-0.0686,0.008));
#5555=CARTESIAN_POINT('',(-0.0216,-0.0646,0.008));
#5556=CARTESIAN_POINT('',(-0.0216,-0.0606,0.008));
#5557=CARTESIAN_POINT('',(-0.0216,-0.0606,0.0425));
#5558=CARTESIAN_POINT('',(-0.0206,1.25976393437564E-18,0.0425));
#5559=CARTESIAN_POINT('',(-0.0206,-0.0616,0.078));
#5560=CARTESIAN_POINT('',(-0.0206,-0.0616,0.008));
#5561=CARTESIAN_POINT('',(-0.0206,-0.0646,0.008));
#5562=CARTESIAN_POINT('',(-0.0206,-0.0676,0.008));
#5563=CARTESIAN_POINT('',(-0.0206,-0.0676,0.0395));
#5564=CARTESIAN_POINT('',(-0.0196,-0.0556,0.0395));
#5565=CARTESIAN_POINT('',(-0.0206,-0.0606,0.0395));
#5566=CARTESIAN_POINT('',(-0.0206,-0.0606,0.008));
#5567=CARTESIAN_POINT('',(-0.0206,-0.0646,0.008));
#5568=CARTESIAN_POINT('',(-0.0206,-0.0686,0.008));
#5569=CARTESIAN_POINT('',(-0.0206,-0.0686,0.078));
#5570=CARTESIAN_POINT('',(-0.0186,-1.13745675628091E-18,0.0425));
#5571=CARTESIAN_POINT('',(-0.0186,0.0566,0.0395));
#5572=CARTESIAN_POINT('',(-0.0216,0.0726,0.0395));
#5573=CARTESIAN_POINT('',(-0.0216,0.0726,0.008));
#5574=CARTESIAN_POINT('',(-0.0216,0.0726,0.008));
#5575=CARTESIAN_POINT('',(-0.0216,0.0726,0.0395));
#5576=CARTESIAN_POINT('',(-0.0216,0.0646,0.008));
#5577=CARTESIAN_POINT('',(-0.0216,0.0566,0.008));
#5578=CARTESIAN_POINT('',(-0.0216,0.0566,0.008));
#5579=CARTESIAN_POINT('',(-0.0216,0.0646,0.008));
#5580=CARTESIAN_POINT('',(-0.0216,0.0566,0.0395));
#5581=CARTESIAN_POINT('',(-0.0196,0.0566,0.085));
#5582=CARTESIAN_POINT('',(-0.0216,0.0566,0.0395));
#5583=CARTESIAN_POINT('',(-0.0216,-1.320917523423E-18,0.0425));
#5584=CARTESIAN_POINT('',(-0.0216,0.0646,0.008));
#5585=CARTESIAN_POINT('',(-0.0216,0.0606,0.008));
#5586=CARTESIAN_POINT('',(-0.0216,0.0686,0.008));
#5587=CARTESIAN_POINT('',(-0.0216,0.0686,0.085));
#5588=CARTESIAN_POINT('',(-0.0216,0.0606,0.008));
#5589=CARTESIAN_POINT('',(-0.0206,-1.25976393437564E-18,0.0425));
#5590=CARTESIAN_POINT('',(-0.0206,0.0646,0.008));
#5591=CARTESIAN_POINT('',(-0.0206,0.0616,0.008));
#5592=CARTESIAN_POINT('',(-0.0206,0.0676,0.008));
#5593=CARTESIAN_POINT('',(-0.0206,0.0616,0.078));
#5594=CARTESIAN_POINT('',(-0.0206,0.0676,0.0395));
#5595=CARTESIAN_POINT('',(-0.0196,0.0556,0.005));
#5596=CARTESIAN_POINT('',(-0.0206,0.0606,0.0425));
#5597=CARTESIAN_POINT('',(-0.0206,0.0606,0.008));
#5598=CARTESIAN_POINT('',(-0.0206,0.0646,0.008));
#5599=CARTESIAN_POINT('',(-0.0206,0.0686,0.008));
#5600=CARTESIAN_POINT('',(-0.0206,0.0686,0.0425));
#5601=CARTESIAN_POINT('',(-0.0086,0.085102,0.0375));
#5602=CARTESIAN_POINT('',(-0.0086,0.0851,0.007));
#5603=CARTESIAN_POINT('',(-0.0086,0.0801,0.068));
#5604=CARTESIAN_POINT('',(-7.56384202583333E-17,0.085102,0.07));
#5605=CARTESIAN_POINT('',(-0.00660000000000008,0.0851,0.07));
#5606=CARTESIAN_POINT('',(0.0066,0.0801,0.07));
#5607=CARTESIAN_POINT('',(0.0086,0.085102,0.0375));
#5608=CARTESIAN_POINT('',(0.0086,0.0801,0.007));
#5609=CARTESIAN_POINT('',(0.0086,0.0851,0.068));
#5610=CARTESIAN_POINT('',(-7.56384202583333E-17,0.085102,0.07));
#5611=CARTESIAN_POINT('',(-0.0066,-0.0801,0.07));
#5612=CARTESIAN_POINT('',(0.0066,-0.0851,0.07));
#5613=CARTESIAN_POINT('',(0.0086,0.085102,0.0375));
#5614=CARTESIAN_POINT('',(0.0086,-0.0801,0.068));
#5615=CARTESIAN_POINT('',(0.0086,-0.0851,0.007));
#5616=CARTESIAN_POINT('',(-0.0086,0.085102,0.0375));
#5617=CARTESIAN_POINT('',(-0.0086,-0.0851,0.068));
#5618=CARTESIAN_POINT('',(-0.0086,-0.0801,0.007));
#5619=CARTESIAN_POINT('',(0.0066,0.085102,0.007));
#5620=CARTESIAN_POINT('',(-0.0066,-2.46218815945096E-18,0.007));
#5621=CARTESIAN_POINT('',(-0.00660000000000008,0.085102,0.068));
#5622=CARTESIAN_POINT('',(0.0066,0.085102,0.068));
#5623=CARTESIAN_POINT('',(-0.00660000000000008,0.085102,0.068));
#5624=CARTESIAN_POINT('',(0.0066,0.085102,0.068));
#5625=CARTESIAN_POINT('',(0.0066,0.085102,0.007));
#5626=CARTESIAN_POINT('',(-0.0066,-2.46218815945096E-18,0.007));
#5627=MECHANICAL_DESIGN_GEOMETRIC_PRESENTATION_REPRESENTATION('',(#3208),
#5628);
#5628=(
GEOMETRIC_REPRESENTATION_CONTEXT(3)
GLOBAL_UNCERTAINTY_ASSIGNED_CONTEXT((#5629))
GLOBAL_UNIT_ASSIGNED_CONTEXT((#5632,#5631,#5630))
REPRESENTATION_CONTEXT('Battery Holder','TOP_LEVEL_ASSEMBLY_PART')
);
#5629=UNCERTAINTY_MEASURE_WITH_UNIT(LENGTH_MEASURE(2.E-5),#5632,
'DISTANCE_ACCURACY_VALUE','Maximum Tolerance applied to model');
#5630=(
NAMED_UNIT(*)
SI_UNIT($,.STERADIAN.)
SOLID_ANGLE_UNIT()
);
#5631=(
NAMED_UNIT(*)
PLANE_ANGLE_UNIT()
SI_UNIT($,.RADIAN.)
);
#5632=(
LENGTH_UNIT()
NAMED_UNIT(*)
SI_UNIT($,.METRE.)
);
#5633=PRODUCT_DEFINITION_SHAPE('','',#5634);
#5634=PRODUCT_DEFINITION('','',#5636,#5635);
#5635=PRODUCT_DEFINITION_CONTEXT('',#5642,'design');
#5636=PRODUCT_DEFINITION_FORMATION_WITH_SPECIFIED_SOURCE('','',#5638,
 .NOT_KNOWN.);
#5637=PRODUCT_RELATED_PRODUCT_CATEGORY('','',(#5638));
#5638=PRODUCT('Battery Holder','Battery Holder','Battery Holder',(#5640));
#5639=PRODUCT_CATEGORY('','');
#5640=PRODUCT_CONTEXT('',#5642,'mechanical');
#5641=APPLICATION_PROTOCOL_DEFINITION('international standard',
'ap242_managed_model_based_3d_engineering',2020,#5642);
#5642=APPLICATION_CONTEXT('managed model based 3d engineering');
ENDSEC;
END-ISO-10303-21;
