ISO-10303-21;
HEADER;
/* Generated by software containing ST-Developer
 * from STEP Tools, Inc. (www.steptools.com) 
 */
/* OPTION: using custom renumber hook */

FILE_DESCRIPTION(
/* description */ ('STEP AP242 Edition 2',
'CAx-IF Rec.Pracs.---Representation and Presentation of Product Manufa
cturing Information (PMI)---4.0---2014-10-13',
'CAx-IF Rec.Pracs.---3D Tessellated Geometry---0.4---2014-09-14','2;1',
'CAx-IF Rec.Pracs.---User Defined Attributes---1.5---2016-08-15'),
/* implementation_level */ '2;1');

FILE_NAME(
/* name */ 'Vertical Backpack Assembly - Battery Holder (3)',
/* time_stamp */ '2026-06-01T00:36:09Z',
/* author */ (''),
/* organization */ (''),
/* preprocessor_version */ 'ST-DEVELOPER v20',
/* originating_system */ 'ONSHAPE BY PTC INC, 1.215',
/* authorisation */ '  ');

FILE_SCHEMA (('AP242_MANAGED_MODEL_BASED_3D_ENGINEERING_MIM_LF { 1 0 10303 442 3 1 4 }'));
ENDSEC;

DATA;
#10=SHAPE_REPRESENTATION_RELATIONSHIP('','',#2973,#11);
#11=ADVANCED_BREP_SHAPE_REPRESENTATION('',(#2971),#5147);
#12=SPHERICAL_SURFACE('',#3189,0.001);
#13=SPHERICAL_SURFACE('',#3209,0.001);
#14=SPHERICAL_SURFACE('',#3211,0.001);
#15=SPHERICAL_SURFACE('',#3225,0.001);
#16=SPHERICAL_SURFACE('',#3233,0.001);
#17=SPHERICAL_SURFACE('',#3236,0.001);
#18=SPHERICAL_SURFACE('',#3253,0.001);
#19=SPHERICAL_SURFACE('',#3259,0.001);
#20=TOROIDAL_SURFACE('',#3148,0.006,0.005);
#21=TOROIDAL_SURFACE('',#3152,0.006,0.005);
#22=TOROIDAL_SURFACE('',#3155,0.006,0.005);
#23=TOROIDAL_SURFACE('',#3159,0.006,0.005);
#24=TOROIDAL_SURFACE('',#3162,0.006,0.005);
#25=TOROIDAL_SURFACE('',#3166,0.006,0.005);
#26=TOROIDAL_SURFACE('',#3169,0.006,0.005);
#27=TOROIDAL_SURFACE('',#3173,0.006,0.005);
#28=TOROIDAL_SURFACE('',#3192,0.002,0.001);
#29=TOROIDAL_SURFACE('',#3213,0.002,0.001);
#30=TOROIDAL_SURFACE('',#3215,0.002,0.001);
#31=TOROIDAL_SURFACE('',#3227,0.002,0.001);
#32=TOROIDAL_SURFACE('',#3255,0.002,0.001);
#33=TOROIDAL_SURFACE('',#3257,0.002,0.001);
#34=TOROIDAL_SURFACE('',#3269,0.002,0.001);
#35=TOROIDAL_SURFACE('',#3271,0.002,0.001);
#36=TOROIDAL_SURFACE('',#3286,0.004,0.001);
#37=TOROIDAL_SURFACE('',#3301,0.004,0.001);
#38=CYLINDRICAL_SURFACE('',#3108,0.005);
#39=CYLINDRICAL_SURFACE('',#3109,0.005);
#40=CYLINDRICAL_SURFACE('',#3111,0.005);
#41=CYLINDRICAL_SURFACE('',#3113,0.005);
#42=CYLINDRICAL_SURFACE('',#3114,0.005);
#43=CYLINDRICAL_SURFACE('',#3116,0.005);
#44=CYLINDRICAL_SURFACE('',#3117,0.005);
#45=CYLINDRICAL_SURFACE('',#3118,0.005);
#46=CYLINDRICAL_SURFACE('',#3119,0.005);
#47=CYLINDRICAL_SURFACE('',#3120,0.005);
#48=CYLINDRICAL_SURFACE('',#3121,0.005);
#49=CYLINDRICAL_SURFACE('',#3122,0.005);
#50=CYLINDRICAL_SURFACE('',#3123,0.005);
#51=CYLINDRICAL_SURFACE('',#3124,0.005);
#52=CYLINDRICAL_SURFACE('',#3125,0.005);
#53=CYLINDRICAL_SURFACE('',#3126,0.005);
#54=CYLINDRICAL_SURFACE('',#3127,0.005);
#55=CYLINDRICAL_SURFACE('',#3128,0.001);
#56=CYLINDRICAL_SURFACE('',#3131,0.001);
#57=CYLINDRICAL_SURFACE('',#3134,0.001);
#58=CYLINDRICAL_SURFACE('',#3137,0.001);
#59=CYLINDRICAL_SURFACE('',#3140,0.00145);
#60=CYLINDRICAL_SURFACE('',#3141,0.00145);
#61=CYLINDRICAL_SURFACE('',#3142,0.00145);
#62=CYLINDRICAL_SURFACE('',#3143,0.00145);
#63=CYLINDRICAL_SURFACE('',#3144,0.005);
#64=CYLINDRICAL_SURFACE('',#3145,0.005);
#65=CYLINDRICAL_SURFACE('',#3146,0.005);
#66=CYLINDRICAL_SURFACE('',#3147,0.005);
#67=CYLINDRICAL_SURFACE('',#3150,0.005);
#68=CYLINDRICAL_SURFACE('',#3154,0.005);
#69=CYLINDRICAL_SURFACE('',#3157,0.005);
#70=CYLINDRICAL_SURFACE('',#3161,0.005);
#71=CYLINDRICAL_SURFACE('',#3164,0.005);
#72=CYLINDRICAL_SURFACE('',#3168,0.005);
#73=CYLINDRICAL_SURFACE('',#3171,0.005);
#74=CYLINDRICAL_SURFACE('',#3175,0.005);
#75=CYLINDRICAL_SURFACE('',#3186,0.001);
#76=CYLINDRICAL_SURFACE('',#3195,0.001);
#77=CYLINDRICAL_SURFACE('',#3197,0.001);
#78=CYLINDRICAL_SURFACE('',#3199,0.001);
#79=CYLINDRICAL_SURFACE('',#3202,0.001);
#80=CYLINDRICAL_SURFACE('',#3204,0.001);
#81=CYLINDRICAL_SURFACE('',#3206,0.001);
#82=CYLINDRICAL_SURFACE('',#3217,0.001);
#83=CYLINDRICAL_SURFACE('',#3219,0.001);
#84=CYLINDRICAL_SURFACE('',#3221,0.001);
#85=CYLINDRICAL_SURFACE('',#3223,0.001);
#86=CYLINDRICAL_SURFACE('',#3229,0.001);
#87=CYLINDRICAL_SURFACE('',#3230,0.001);
#88=CYLINDRICAL_SURFACE('',#3239,0.001);
#89=CYLINDRICAL_SURFACE('',#3241,0.001);
#90=CYLINDRICAL_SURFACE('',#3243,0.001);
#91=CYLINDRICAL_SURFACE('',#3246,0.001);
#92=CYLINDRICAL_SURFACE('',#3248,0.001);
#93=CYLINDRICAL_SURFACE('',#3250,0.001);
#94=CYLINDRICAL_SURFACE('',#3261,0.001);
#95=CYLINDRICAL_SURFACE('',#3263,0.001);
#96=CYLINDRICAL_SURFACE('',#3265,0.001);
#97=CYLINDRICAL_SURFACE('',#3267,0.001);
#98=CYLINDRICAL_SURFACE('',#3273,0.001);
#99=CYLINDRICAL_SURFACE('',#3276,0.00799999999999979);
#100=CYLINDRICAL_SURFACE('',#3283,0.001);
#101=CYLINDRICAL_SURFACE('',#3284,0.001);
#102=CYLINDRICAL_SURFACE('',#3288,0.001);
#103=CYLINDRICAL_SURFACE('',#3292,0.00799999999999979);
#104=CYLINDRICAL_SURFACE('',#3298,0.001);
#105=CYLINDRICAL_SURFACE('',#3299,0.001);
#106=CYLINDRICAL_SURFACE('',#3303,0.001);
#107=CYLINDRICAL_SURFACE('',#3310,0.002);
#108=CYLINDRICAL_SURFACE('',#3311,0.002);
#109=CYLINDRICAL_SURFACE('',#3312,0.002);
#110=CYLINDRICAL_SURFACE('',#3313,0.002);
#111=CYLINDRICAL_SURFACE('',#3314,0.002);
#112=CYLINDRICAL_SURFACE('',#3315,0.002);
#113=CYLINDRICAL_SURFACE('',#3316,0.002);
#114=CYLINDRICAL_SURFACE('',#3317,0.002);
#115=ELLIPSE('',#3105,0.00106778154098872,0.001);
#116=B_SPLINE_CURVE_WITH_KNOTS('',3,(#4606,#4607,#4608,#4609,#4610,#4611),
 .UNSPECIFIED.,.F.,.F.,(4,1,1,4),(0.,0.00411659677733426,0.00617489516600139,
0.00823319355466852),.UNSPECIFIED.);
#117=B_SPLINE_CURVE_WITH_KNOTS('',3,(#4615,#4616,#4617,#4618,#4619,#4620),
 .UNSPECIFIED.,.F.,.F.,(4,1,1,4),(0.,0.00411659677733426,0.00617489516600138,
0.00823319355466851),.UNSPECIFIED.);
#118=B_SPLINE_CURVE_WITH_KNOTS('',3,(#4621,#4622,#4623,#4624,#4625,#4626),
 .UNSPECIFIED.,.F.,.F.,(4,1,1,4),(0.,0.00411659677733426,0.00617489516600139,
0.00823319355466852),.UNSPECIFIED.);
#119=B_SPLINE_CURVE_WITH_KNOTS('',3,(#4630,#4631,#4632,#4633,#4634,#4635),
 .UNSPECIFIED.,.F.,.F.,(4,1,1,4),(0.,0.00411659677733426,0.00617489516600139,
0.00823319355466851),.UNSPECIFIED.);
#120=B_SPLINE_CURVE_WITH_KNOTS('',3,(#4807,#4808,#4809,#4810,#4811,#4812),
 .UNSPECIFIED.,.F.,.F.,(4,1,1,4),(0.,0.00106272578007209,0.00159408867010813,
0.00212545156014418),.UNSPECIFIED.);
#121=CIRCLE('',#2976,0.002);
#122=CIRCLE('',#2977,0.002);
#123=CIRCLE('',#2978,0.002);
#124=CIRCLE('',#2979,0.002);
#125=CIRCLE('',#2981,0.002);
#126=CIRCLE('',#2982,0.002);
#127=CIRCLE('',#2983,0.002);
#128=CIRCLE('',#2984,0.002);
#129=CIRCLE('',#2986,0.002);
#130=CIRCLE('',#2987,0.002);
#131=CIRCLE('',#2988,0.002);
#132=CIRCLE('',#2989,0.005);
#133=CIRCLE('',#2990,0.005);
#134=CIRCLE('',#2991,0.002);
#135=CIRCLE('',#2993,0.002);
#136=CIRCLE('',#2994,0.002);
#137=CIRCLE('',#2995,0.002);
#138=CIRCLE('',#2996,0.005);
#139=CIRCLE('',#2997,0.005);
#140=CIRCLE('',#2998,0.002);
#141=CIRCLE('',#3000,0.00799999999999979);
#142=CIRCLE('',#3003,0.005);
#143=CIRCLE('',#3004,0.005);
#144=CIRCLE('',#3005,0.005);
#145=CIRCLE('',#3006,0.005);
#146=CIRCLE('',#3007,0.00799999999999979);
#147=CIRCLE('',#3008,0.00799999999999979);
#148=CIRCLE('',#3009,0.005);
#149=CIRCLE('',#3010,0.005);
#150=CIRCLE('',#3013,0.002);
#151=CIRCLE('',#3014,0.002);
#152=CIRCLE('',#3015,0.002);
#153=CIRCLE('',#3016,0.002);
#154=CIRCLE('',#3017,0.005);
#155=CIRCLE('',#3018,0.005);
#156=CIRCLE('',#3019,0.005);
#157=CIRCLE('',#3020,0.005);
#158=CIRCLE('',#3021,0.005);
#159=CIRCLE('',#3022,0.005);
#160=CIRCLE('',#3023,0.005);
#161=CIRCLE('',#3024,0.002);
#162=CIRCLE('',#3025,0.002);
#163=CIRCLE('',#3026,0.002);
#164=CIRCLE('',#3027,0.002);
#165=CIRCLE('',#3029,0.00799999999999979);
#166=CIRCLE('',#3031,0.006);
#167=CIRCLE('',#3032,0.006);
#168=CIRCLE('',#3033,0.006);
#169=CIRCLE('',#3034,0.006);
#170=CIRCLE('',#3035,0.005);
#171=CIRCLE('',#3036,0.005);
#172=CIRCLE('',#3037,0.005);
#173=CIRCLE('',#3038,0.005);
#174=CIRCLE('',#3039,0.005);
#175=CIRCLE('',#3040,0.005);
#176=CIRCLE('',#3042,0.006);
#177=CIRCLE('',#3043,0.006);
#178=CIRCLE('',#3044,0.006);
#179=CIRCLE('',#3045,0.006);
#180=CIRCLE('',#3046,0.005);
#181=CIRCLE('',#3047,0.005);
#182=CIRCLE('',#3048,0.005);
#183=CIRCLE('',#3049,0.005);
#184=CIRCLE('',#3050,0.005);
#185=CIRCLE('',#3051,0.005);
#186=CIRCLE('',#3052,0.005);
#187=CIRCLE('',#3054,0.005);
#188=CIRCLE('',#3055,0.005);
#189=CIRCLE('',#3056,0.005);
#190=CIRCLE('',#3057,0.005);
#191=CIRCLE('',#3060,0.00145);
#192=CIRCLE('',#3061,0.00145);
#193=CIRCLE('',#3062,0.00145);
#194=CIRCLE('',#3063,0.00145);
#195=CIRCLE('',#3064,0.001);
#196=CIRCLE('',#3065,0.001);
#197=CIRCLE('',#3066,0.001);
#198=CIRCLE('',#3067,0.001);
#199=CIRCLE('',#3068,0.001);
#200=CIRCLE('',#3069,0.001);
#201=CIRCLE('',#3070,0.005);
#202=CIRCLE('',#3071,0.005);
#203=CIRCLE('',#3072,0.005);
#204=CIRCLE('',#3073,0.005);
#205=CIRCLE('',#3078,0.00145);
#206=CIRCLE('',#3079,0.00145);
#207=CIRCLE('',#3080,0.005);
#208=CIRCLE('',#3081,0.005);
#209=CIRCLE('',#3082,0.005);
#210=CIRCLE('',#3083,0.005);
#211=CIRCLE('',#3086,0.00145);
#212=CIRCLE('',#3087,0.00145);
#213=CIRCLE('',#3088,0.005);
#214=CIRCLE('',#3089,0.005);
#215=CIRCLE('',#3090,0.005);
#216=CIRCLE('',#3091,0.005);
#217=CIRCLE('',#3110,0.005);
#218=CIRCLE('',#3112,0.005);
#219=CIRCLE('',#3115,0.005);
#220=CIRCLE('',#3129,0.001);
#221=CIRCLE('',#3130,0.001);
#222=CIRCLE('',#3132,0.001);
#223=CIRCLE('',#3133,0.001);
#224=CIRCLE('',#3135,0.001);
#225=CIRCLE('',#3136,0.001);
#226=CIRCLE('',#3138,0.001);
#227=CIRCLE('',#3139,0.001);
#228=CIRCLE('',#3149,0.005);
#229=CIRCLE('',#3151,0.005);
#230=CIRCLE('',#3153,0.005);
#231=CIRCLE('',#3156,0.005);
#232=CIRCLE('',#3158,0.005);
#233=CIRCLE('',#3160,0.005);
#234=CIRCLE('',#3163,0.005);
#235=CIRCLE('',#3165,0.005);
#236=CIRCLE('',#3167,0.005);
#237=CIRCLE('',#3170,0.005);
#238=CIRCLE('',#3172,0.005);
#239=CIRCLE('',#3174,0.005);
#240=CIRCLE('',#3187,0.001);
#241=CIRCLE('',#3188,0.001);
#242=CIRCLE('',#3190,0.001);
#243=CIRCLE('',#3191,0.001);
#244=CIRCLE('',#3193,0.001);
#245=CIRCLE('',#3194,0.001);
#246=CIRCLE('',#3196,0.001);
#247=CIRCLE('',#3198,0.001);
#248=CIRCLE('',#3200,0.001);
#249=CIRCLE('',#3201,0.001);
#250=CIRCLE('',#3203,0.001);
#251=CIRCLE('',#3205,0.001);
#252=CIRCLE('',#3207,0.001);
#253=CIRCLE('',#3208,0.001);
#254=CIRCLE('',#3210,0.001);
#255=CIRCLE('',#3212,0.001);
#256=CIRCLE('',#3214,0.001);
#257=CIRCLE('',#3216,0.001);
#258=CIRCLE('',#3218,0.001);
#259=CIRCLE('',#3220,0.001);
#260=CIRCLE('',#3222,0.001);
#261=CIRCLE('',#3224,0.001);
#262=CIRCLE('',#3226,0.001);
#263=CIRCLE('',#3228,0.001);
#264=CIRCLE('',#3231,0.001);
#265=CIRCLE('',#3232,0.001);
#266=CIRCLE('',#3234,0.001);
#267=CIRCLE('',#3235,0.001);
#268=CIRCLE('',#3237,0.001);
#269=CIRCLE('',#3238,0.001);
#270=CIRCLE('',#3240,0.001);
#271=CIRCLE('',#3242,0.001);
#272=CIRCLE('',#3244,0.001);
#273=CIRCLE('',#3245,0.001);
#274=CIRCLE('',#3247,0.001);
#275=CIRCLE('',#3249,0.001);
#276=CIRCLE('',#3251,0.001);
#277=CIRCLE('',#3252,0.001);
#278=CIRCLE('',#3254,0.001);
#279=CIRCLE('',#3256,0.001);
#280=CIRCLE('',#3258,0.001);
#281=CIRCLE('',#3260,0.001);
#282=CIRCLE('',#3262,0.001);
#283=CIRCLE('',#3264,0.001);
#284=CIRCLE('',#3266,0.001);
#285=CIRCLE('',#3268,0.001);
#286=CIRCLE('',#3270,0.001);
#287=CIRCLE('',#3272,0.001);
#288=CIRCLE('',#3277,0.00799999999999979);
#289=CIRCLE('',#3280,0.004);
#290=CIRCLE('',#3282,0.003);
#291=CIRCLE('',#3285,0.001);
#292=CIRCLE('',#3287,0.001);
#293=CIRCLE('',#3293,0.00799999999999979);
#294=CIRCLE('',#3295,0.004);
#295=CIRCLE('',#3297,0.003);
#296=CIRCLE('',#3300,0.001);
#297=CIRCLE('',#3302,0.001);
#298=ORIENTED_EDGE('',*,*,#1160,.T.);
#299=ORIENTED_EDGE('',*,*,#1161,.T.);
#300=ORIENTED_EDGE('',*,*,#1162,.F.);
#301=ORIENTED_EDGE('',*,*,#1163,.T.);
#302=ORIENTED_EDGE('',*,*,#1164,.T.);
#303=ORIENTED_EDGE('',*,*,#1165,.T.);
#304=ORIENTED_EDGE('',*,*,#1166,.T.);
#305=ORIENTED_EDGE('',*,*,#1167,.T.);
#306=ORIENTED_EDGE('',*,*,#1168,.T.);
#307=ORIENTED_EDGE('',*,*,#1169,.T.);
#308=ORIENTED_EDGE('',*,*,#1170,.T.);
#309=ORIENTED_EDGE('',*,*,#1171,.T.);
#310=ORIENTED_EDGE('',*,*,#1172,.T.);
#311=ORIENTED_EDGE('',*,*,#1173,.T.);
#312=ORIENTED_EDGE('',*,*,#1174,.F.);
#313=ORIENTED_EDGE('',*,*,#1175,.T.);
#314=ORIENTED_EDGE('',*,*,#1176,.T.);
#315=ORIENTED_EDGE('',*,*,#1177,.T.);
#316=ORIENTED_EDGE('',*,*,#1178,.T.);
#317=ORIENTED_EDGE('',*,*,#1179,.T.);
#318=ORIENTED_EDGE('',*,*,#1180,.T.);
#319=ORIENTED_EDGE('',*,*,#1181,.T.);
#320=ORIENTED_EDGE('',*,*,#1182,.T.);
#321=ORIENTED_EDGE('',*,*,#1183,.T.);
#322=ORIENTED_EDGE('',*,*,#1184,.F.);
#323=ORIENTED_EDGE('',*,*,#1185,.T.);
#324=ORIENTED_EDGE('',*,*,#1186,.F.);
#325=ORIENTED_EDGE('',*,*,#1187,.T.);
#326=ORIENTED_EDGE('',*,*,#1188,.F.);
#327=ORIENTED_EDGE('',*,*,#1189,.T.);
#328=ORIENTED_EDGE('',*,*,#1190,.F.);
#329=ORIENTED_EDGE('',*,*,#1191,.T.);
#330=ORIENTED_EDGE('',*,*,#1192,.F.);
#331=ORIENTED_EDGE('',*,*,#1193,.F.);
#332=ORIENTED_EDGE('',*,*,#1194,.T.);
#333=ORIENTED_EDGE('',*,*,#1195,.T.);
#334=ORIENTED_EDGE('',*,*,#1196,.F.);
#335=ORIENTED_EDGE('',*,*,#1197,.T.);
#336=ORIENTED_EDGE('',*,*,#1198,.T.);
#337=ORIENTED_EDGE('',*,*,#1199,.T.);
#338=ORIENTED_EDGE('',*,*,#1200,.T.);
#339=ORIENTED_EDGE('',*,*,#1201,.T.);
#340=ORIENTED_EDGE('',*,*,#1202,.T.);
#341=ORIENTED_EDGE('',*,*,#1203,.T.);
#342=ORIENTED_EDGE('',*,*,#1204,.F.);
#343=ORIENTED_EDGE('',*,*,#1205,.T.);
#344=ORIENTED_EDGE('',*,*,#1206,.F.);
#345=ORIENTED_EDGE('',*,*,#1207,.T.);
#346=ORIENTED_EDGE('',*,*,#1208,.T.);
#347=ORIENTED_EDGE('',*,*,#1209,.T.);
#348=ORIENTED_EDGE('',*,*,#1210,.F.);
#349=ORIENTED_EDGE('',*,*,#1211,.T.);
#350=ORIENTED_EDGE('',*,*,#1212,.F.);
#351=ORIENTED_EDGE('',*,*,#1213,.T.);
#352=ORIENTED_EDGE('',*,*,#1214,.T.);
#353=ORIENTED_EDGE('',*,*,#1215,.T.);
#354=ORIENTED_EDGE('',*,*,#1216,.T.);
#355=ORIENTED_EDGE('',*,*,#1217,.T.);
#356=ORIENTED_EDGE('',*,*,#1218,.T.);
#357=ORIENTED_EDGE('',*,*,#1219,.T.);
#358=ORIENTED_EDGE('',*,*,#1220,.T.);
#359=ORIENTED_EDGE('',*,*,#1221,.T.);
#360=ORIENTED_EDGE('',*,*,#1222,.T.);
#361=ORIENTED_EDGE('',*,*,#1223,.T.);
#362=ORIENTED_EDGE('',*,*,#1224,.F.);
#363=ORIENTED_EDGE('',*,*,#1225,.T.);
#364=ORIENTED_EDGE('',*,*,#1226,.F.);
#365=ORIENTED_EDGE('',*,*,#1227,.T.);
#366=ORIENTED_EDGE('',*,*,#1228,.F.);
#367=ORIENTED_EDGE('',*,*,#1229,.T.);
#368=ORIENTED_EDGE('',*,*,#1230,.F.);
#369=ORIENTED_EDGE('',*,*,#1231,.F.);
#370=ORIENTED_EDGE('',*,*,#1232,.T.);
#371=ORIENTED_EDGE('',*,*,#1233,.T.);
#372=ORIENTED_EDGE('',*,*,#1234,.F.);
#373=ORIENTED_EDGE('',*,*,#1235,.T.);
#374=ORIENTED_EDGE('',*,*,#1236,.T.);
#375=ORIENTED_EDGE('',*,*,#1237,.T.);
#376=ORIENTED_EDGE('',*,*,#1238,.F.);
#377=ORIENTED_EDGE('',*,*,#1239,.F.);
#378=ORIENTED_EDGE('',*,*,#1240,.T.);
#379=ORIENTED_EDGE('',*,*,#1241,.T.);
#380=ORIENTED_EDGE('',*,*,#1242,.F.);
#381=ORIENTED_EDGE('',*,*,#1243,.T.);
#382=ORIENTED_EDGE('',*,*,#1244,.F.);
#383=ORIENTED_EDGE('',*,*,#1245,.T.);
#384=ORIENTED_EDGE('',*,*,#1246,.F.);
#385=ORIENTED_EDGE('',*,*,#1247,.T.);
#386=ORIENTED_EDGE('',*,*,#1248,.F.);
#387=ORIENTED_EDGE('',*,*,#1249,.T.);
#388=ORIENTED_EDGE('',*,*,#1250,.F.);
#389=ORIENTED_EDGE('',*,*,#1251,.T.);
#390=ORIENTED_EDGE('',*,*,#1252,.T.);
#391=ORIENTED_EDGE('',*,*,#1253,.T.);
#392=ORIENTED_EDGE('',*,*,#1254,.F.);
#393=ORIENTED_EDGE('',*,*,#1255,.T.);
#394=ORIENTED_EDGE('',*,*,#1256,.F.);
#395=ORIENTED_EDGE('',*,*,#1257,.T.);
#396=ORIENTED_EDGE('',*,*,#1258,.F.);
#397=ORIENTED_EDGE('',*,*,#1259,.T.);
#398=ORIENTED_EDGE('',*,*,#1260,.T.);
#399=ORIENTED_EDGE('',*,*,#1261,.T.);
#400=ORIENTED_EDGE('',*,*,#1262,.T.);
#401=ORIENTED_EDGE('',*,*,#1263,.T.);
#402=ORIENTED_EDGE('',*,*,#1264,.F.);
#403=ORIENTED_EDGE('',*,*,#1265,.T.);
#404=ORIENTED_EDGE('',*,*,#1266,.F.);
#405=ORIENTED_EDGE('',*,*,#1267,.T.);
#406=ORIENTED_EDGE('',*,*,#1268,.T.);
#407=ORIENTED_EDGE('',*,*,#1269,.T.);
#408=ORIENTED_EDGE('',*,*,#1270,.T.);
#409=ORIENTED_EDGE('',*,*,#1271,.T.);
#410=ORIENTED_EDGE('',*,*,#1272,.F.);
#411=ORIENTED_EDGE('',*,*,#1273,.T.);
#412=ORIENTED_EDGE('',*,*,#1274,.F.);
#413=ORIENTED_EDGE('',*,*,#1275,.T.);
#414=ORIENTED_EDGE('',*,*,#1276,.F.);
#415=ORIENTED_EDGE('',*,*,#1277,.T.);
#416=ORIENTED_EDGE('',*,*,#1278,.F.);
#417=ORIENTED_EDGE('',*,*,#1279,.T.);
#418=ORIENTED_EDGE('',*,*,#1280,.F.);
#419=ORIENTED_EDGE('',*,*,#1281,.F.);
#420=ORIENTED_EDGE('',*,*,#1282,.T.);
#421=ORIENTED_EDGE('',*,*,#1192,.T.);
#422=ORIENTED_EDGE('',*,*,#1283,.T.);
#423=ORIENTED_EDGE('',*,*,#1284,.T.);
#424=ORIENTED_EDGE('',*,*,#1285,.T.);
#425=ORIENTED_EDGE('',*,*,#1286,.T.);
#426=ORIENTED_EDGE('',*,*,#1287,.T.);
#427=ORIENTED_EDGE('',*,*,#1288,.T.);
#428=ORIENTED_EDGE('',*,*,#1289,.T.);
#429=ORIENTED_EDGE('',*,*,#1290,.T.);
#430=ORIENTED_EDGE('',*,*,#1291,.T.);
#431=ORIENTED_EDGE('',*,*,#1208,.F.);
#432=ORIENTED_EDGE('',*,*,#1292,.F.);
#433=ORIENTED_EDGE('',*,*,#1293,.F.);
#434=ORIENTED_EDGE('',*,*,#1294,.T.);
#435=ORIENTED_EDGE('',*,*,#1295,.T.);
#436=ORIENTED_EDGE('',*,*,#1296,.T.);
#437=ORIENTED_EDGE('',*,*,#1297,.T.);
#438=ORIENTED_EDGE('',*,*,#1298,.T.);
#439=ORIENTED_EDGE('',*,*,#1299,.F.);
#440=ORIENTED_EDGE('',*,*,#1300,.T.);
#441=ORIENTED_EDGE('',*,*,#1301,.F.);
#442=ORIENTED_EDGE('',*,*,#1302,.T.);
#443=ORIENTED_EDGE('',*,*,#1303,.T.);
#444=ORIENTED_EDGE('',*,*,#1304,.T.);
#445=ORIENTED_EDGE('',*,*,#1305,.T.);
#446=ORIENTED_EDGE('',*,*,#1306,.T.);
#447=ORIENTED_EDGE('',*,*,#1307,.T.);
#448=ORIENTED_EDGE('',*,*,#1194,.F.);
#449=ORIENTED_EDGE('',*,*,#1308,.T.);
#450=ORIENTED_EDGE('',*,*,#1206,.T.);
#451=ORIENTED_EDGE('',*,*,#1309,.T.);
#452=ORIENTED_EDGE('',*,*,#1310,.T.);
#453=ORIENTED_EDGE('',*,*,#1311,.T.);
#454=ORIENTED_EDGE('',*,*,#1312,.T.);
#455=ORIENTED_EDGE('',*,*,#1313,.F.);
#456=ORIENTED_EDGE('',*,*,#1314,.T.);
#457=ORIENTED_EDGE('',*,*,#1315,.T.);
#458=ORIENTED_EDGE('',*,*,#1316,.F.);
#459=ORIENTED_EDGE('',*,*,#1317,.T.);
#460=ORIENTED_EDGE('',*,*,#1318,.F.);
#461=ORIENTED_EDGE('',*,*,#1319,.T.);
#462=ORIENTED_EDGE('',*,*,#1320,.T.);
#463=ORIENTED_EDGE('',*,*,#1321,.T.);
#464=ORIENTED_EDGE('',*,*,#1322,.T.);
#465=ORIENTED_EDGE('',*,*,#1323,.T.);
#466=ORIENTED_EDGE('',*,*,#1324,.F.);
#467=ORIENTED_EDGE('',*,*,#1325,.T.);
#468=ORIENTED_EDGE('',*,*,#1326,.T.);
#469=ORIENTED_EDGE('',*,*,#1327,.T.);
#470=ORIENTED_EDGE('',*,*,#1328,.F.);
#471=ORIENTED_EDGE('',*,*,#1329,.T.);
#472=ORIENTED_EDGE('',*,*,#1174,.T.);
#473=ORIENTED_EDGE('',*,*,#1330,.T.);
#474=ORIENTED_EDGE('',*,*,#1281,.T.);
#475=ORIENTED_EDGE('',*,*,#1230,.T.);
#476=ORIENTED_EDGE('',*,*,#1212,.T.);
#477=ORIENTED_EDGE('',*,*,#1331,.T.);
#478=ORIENTED_EDGE('',*,*,#1160,.F.);
#479=ORIENTED_EDGE('',*,*,#1332,.T.);
#480=ORIENTED_EDGE('',*,*,#1270,.F.);
#481=ORIENTED_EDGE('',*,*,#1333,.T.);
#482=ORIENTED_EDGE('',*,*,#1287,.F.);
#483=ORIENTED_EDGE('',*,*,#1334,.T.);
#484=ORIENTED_EDGE('',*,*,#1335,.T.);
#485=ORIENTED_EDGE('',*,*,#1336,.T.);
#486=ORIENTED_EDGE('',*,*,#1313,.T.);
#487=ORIENTED_EDGE('',*,*,#1337,.T.);
#488=ORIENTED_EDGE('',*,*,#1338,.T.);
#489=ORIENTED_EDGE('',*,*,#1339,.T.);
#490=ORIENTED_EDGE('',*,*,#1340,.T.);
#491=ORIENTED_EDGE('',*,*,#1204,.T.);
#492=ORIENTED_EDGE('',*,*,#1341,.T.);
#493=ORIENTED_EDGE('',*,*,#1164,.F.);
#494=ORIENTED_EDGE('',*,*,#1342,.T.);
#495=ORIENTED_EDGE('',*,*,#1210,.T.);
#496=ORIENTED_EDGE('',*,*,#1343,.T.);
#497=ORIENTED_EDGE('',*,*,#1344,.T.);
#498=ORIENTED_EDGE('',*,*,#1345,.F.);
#499=ORIENTED_EDGE('',*,*,#1346,.F.);
#500=ORIENTED_EDGE('',*,*,#1347,.F.);
#501=ORIENTED_EDGE('',*,*,#1348,.F.);
#502=ORIENTED_EDGE('',*,*,#1349,.T.);
#503=ORIENTED_EDGE('',*,*,#1350,.T.);
#504=ORIENTED_EDGE('',*,*,#1351,.T.);
#505=ORIENTED_EDGE('',*,*,#1352,.T.);
#506=ORIENTED_EDGE('',*,*,#1353,.T.);
#507=ORIENTED_EDGE('',*,*,#1354,.T.);
#508=ORIENTED_EDGE('',*,*,#1355,.T.);
#509=ORIENTED_EDGE('',*,*,#1219,.F.);
#510=ORIENTED_EDGE('',*,*,#1356,.T.);
#511=ORIENTED_EDGE('',*,*,#1357,.F.);
#512=ORIENTED_EDGE('',*,*,#1358,.F.);
#513=ORIENTED_EDGE('',*,*,#1359,.T.);
#514=ORIENTED_EDGE('',*,*,#1360,.F.);
#515=ORIENTED_EDGE('',*,*,#1361,.T.);
#516=ORIENTED_EDGE('',*,*,#1362,.F.);
#517=ORIENTED_EDGE('',*,*,#1363,.T.);
#518=ORIENTED_EDGE('',*,*,#1241,.F.);
#519=ORIENTED_EDGE('',*,*,#1364,.T.);
#520=ORIENTED_EDGE('',*,*,#1365,.F.);
#521=ORIENTED_EDGE('',*,*,#1366,.T.);
#522=ORIENTED_EDGE('',*,*,#1266,.T.);
#523=ORIENTED_EDGE('',*,*,#1367,.T.);
#524=ORIENTED_EDGE('',*,*,#1368,.T.);
#525=ORIENTED_EDGE('',*,*,#1369,.T.);
#526=ORIENTED_EDGE('',*,*,#1217,.F.);
#527=ORIENTED_EDGE('',*,*,#1370,.F.);
#528=ORIENTED_EDGE('',*,*,#1193,.T.);
#529=ORIENTED_EDGE('',*,*,#1292,.T.);
#530=ORIENTED_EDGE('',*,*,#1207,.F.);
#531=ORIENTED_EDGE('',*,*,#1308,.F.);
#532=ORIENTED_EDGE('',*,*,#1182,.F.);
#533=ORIENTED_EDGE('',*,*,#1371,.T.);
#534=ORIENTED_EDGE('',*,*,#1196,.T.);
#535=ORIENTED_EDGE('',*,*,#1372,.T.);
#536=ORIENTED_EDGE('',*,*,#1373,.T.);
#537=ORIENTED_EDGE('',*,*,#1374,.T.);
#538=ORIENTED_EDGE('',*,*,#1190,.T.);
#539=ORIENTED_EDGE('',*,*,#1375,.T.);
#540=ORIENTED_EDGE('',*,*,#1376,.T.);
#541=ORIENTED_EDGE('',*,*,#1377,.T.);
#542=ORIENTED_EDGE('',*,*,#1378,.T.);
#543=ORIENTED_EDGE('',*,*,#1379,.T.);
#544=ORIENTED_EDGE('',*,*,#1380,.T.);
#545=ORIENTED_EDGE('',*,*,#1381,.T.);
#546=ORIENTED_EDGE('',*,*,#1382,.T.);
#547=ORIENTED_EDGE('',*,*,#1383,.T.);
#548=ORIENTED_EDGE('',*,*,#1384,.T.);
#549=ORIENTED_EDGE('',*,*,#1385,.T.);
#550=ORIENTED_EDGE('',*,*,#1268,.F.);
#551=ORIENTED_EDGE('',*,*,#1386,.T.);
#552=ORIENTED_EDGE('',*,*,#1387,.T.);
#553=ORIENTED_EDGE('',*,*,#1388,.T.);
#554=ORIENTED_EDGE('',*,*,#1239,.T.);
#555=ORIENTED_EDGE('',*,*,#1389,.T.);
#556=ORIENTED_EDGE('',*,*,#1172,.F.);
#557=ORIENTED_EDGE('',*,*,#1390,.T.);
#558=ORIENTED_EDGE('',*,*,#1387,.F.);
#559=ORIENTED_EDGE('',*,*,#1391,.T.);
#560=ORIENTED_EDGE('',*,*,#1365,.T.);
#561=ORIENTED_EDGE('',*,*,#1392,.T.);
#562=ORIENTED_EDGE('',*,*,#1393,.T.);
#563=ORIENTED_EDGE('',*,*,#1394,.T.);
#564=ORIENTED_EDGE('',*,*,#1215,.F.);
#565=ORIENTED_EDGE('',*,*,#1395,.T.);
#566=ORIENTED_EDGE('',*,*,#1396,.F.);
#567=ORIENTED_EDGE('',*,*,#1397,.T.);
#568=ORIENTED_EDGE('',*,*,#1264,.T.);
#569=ORIENTED_EDGE('',*,*,#1398,.T.);
#570=ORIENTED_EDGE('',*,*,#1162,.T.);
#571=ORIENTED_EDGE('',*,*,#1399,.T.);
#572=ORIENTED_EDGE('',*,*,#1396,.T.);
#573=ORIENTED_EDGE('',*,*,#1400,.T.);
#574=ORIENTED_EDGE('',*,*,#1368,.F.);
#575=ORIENTED_EDGE('',*,*,#1401,.T.);
#576=ORIENTED_EDGE('',*,*,#1260,.F.);
#577=ORIENTED_EDGE('',*,*,#1402,.T.);
#578=ORIENTED_EDGE('',*,*,#1322,.F.);
#579=ORIENTED_EDGE('',*,*,#1403,.T.);
#580=ORIENTED_EDGE('',*,*,#1262,.F.);
#581=ORIENTED_EDGE('',*,*,#1404,.T.);
#582=ORIENTED_EDGE('',*,*,#1320,.F.);
#583=ORIENTED_EDGE('',*,*,#1405,.T.);
#584=ORIENTED_EDGE('',*,*,#1318,.T.);
#585=ORIENTED_EDGE('',*,*,#1406,.T.);
#586=ORIENTED_EDGE('',*,*,#1256,.T.);
#587=ORIENTED_EDGE('',*,*,#1407,.T.);
#588=ORIENTED_EDGE('',*,*,#1316,.T.);
#589=ORIENTED_EDGE('',*,*,#1408,.T.);
#590=ORIENTED_EDGE('',*,*,#1258,.T.);
#591=ORIENTED_EDGE('',*,*,#1409,.T.);
#592=ORIENTED_EDGE('',*,*,#1254,.T.);
#593=ORIENTED_EDGE('',*,*,#1410,.T.);
#594=ORIENTED_EDGE('',*,*,#1324,.T.);
#595=ORIENTED_EDGE('',*,*,#1411,.T.);
#596=ORIENTED_EDGE('',*,*,#1328,.T.);
#597=ORIENTED_EDGE('',*,*,#1412,.T.);
#598=ORIENTED_EDGE('',*,*,#1250,.T.);
#599=ORIENTED_EDGE('',*,*,#1413,.T.);
#600=ORIENTED_EDGE('',*,*,#1326,.F.);
#601=ORIENTED_EDGE('',*,*,#1414,.T.);
#602=ORIENTED_EDGE('',*,*,#1252,.F.);
#603=ORIENTED_EDGE('',*,*,#1415,.T.);
#604=ORIENTED_EDGE('',*,*,#1297,.F.);
#605=ORIENTED_EDGE('',*,*,#1416,.T.);
#606=ORIENTED_EDGE('',*,*,#1224,.T.);
#607=ORIENTED_EDGE('',*,*,#1417,.T.);
#608=ORIENTED_EDGE('',*,*,#1226,.T.);
#609=ORIENTED_EDGE('',*,*,#1418,.T.);
#610=ORIENTED_EDGE('',*,*,#1295,.F.);
#611=ORIENTED_EDGE('',*,*,#1419,.T.);
#612=ORIENTED_EDGE('',*,*,#1293,.T.);
#613=ORIENTED_EDGE('',*,*,#1420,.T.);
#614=ORIENTED_EDGE('',*,*,#1421,.F.);
#615=ORIENTED_EDGE('',*,*,#1422,.T.);
#616=ORIENTED_EDGE('',*,*,#1222,.F.);
#617=ORIENTED_EDGE('',*,*,#1423,.T.);
#618=ORIENTED_EDGE('',*,*,#1299,.T.);
#619=ORIENTED_EDGE('',*,*,#1424,.T.);
#620=ORIENTED_EDGE('',*,*,#1236,.F.);
#621=ORIENTED_EDGE('',*,*,#1425,.T.);
#622=ORIENTED_EDGE('',*,*,#1301,.T.);
#623=ORIENTED_EDGE('',*,*,#1426,.F.);
#624=ORIENTED_EDGE('',*,*,#1427,.F.);
#625=ORIENTED_EDGE('',*,*,#1428,.F.);
#626=ORIENTED_EDGE('',*,*,#1429,.T.);
#627=ORIENTED_EDGE('',*,*,#1305,.F.);
#628=ORIENTED_EDGE('',*,*,#1430,.T.);
#629=ORIENTED_EDGE('',*,*,#1431,.T.);
#630=ORIENTED_EDGE('',*,*,#1426,.T.);
#631=ORIENTED_EDGE('',*,*,#1303,.F.);
#632=ORIENTED_EDGE('',*,*,#1432,.T.);
#633=ORIENTED_EDGE('',*,*,#1234,.T.);
#634=ORIENTED_EDGE('',*,*,#1433,.T.);
#635=ORIENTED_EDGE('',*,*,#1235,.F.);
#636=ORIENTED_EDGE('',*,*,#1432,.F.);
#637=ORIENTED_EDGE('',*,*,#1302,.F.);
#638=ORIENTED_EDGE('',*,*,#1425,.F.);
#639=ORIENTED_EDGE('',*,*,#1434,.F.);
#640=ORIENTED_EDGE('',*,*,#1430,.F.);
#641=ORIENTED_EDGE('',*,*,#1304,.F.);
#642=ORIENTED_EDGE('',*,*,#1433,.F.);
#643=ORIENTED_EDGE('',*,*,#1233,.F.);
#644=ORIENTED_EDGE('',*,*,#1435,.F.);
#645=ORIENTED_EDGE('',*,*,#1420,.F.);
#646=ORIENTED_EDGE('',*,*,#1300,.F.);
#647=ORIENTED_EDGE('',*,*,#1423,.F.);
#648=ORIENTED_EDGE('',*,*,#1221,.F.);
#649=ORIENTED_EDGE('',*,*,#1436,.T.);
#650=ORIENTED_EDGE('',*,*,#1437,.F.);
#651=ORIENTED_EDGE('',*,*,#1225,.F.);
#652=ORIENTED_EDGE('',*,*,#1416,.F.);
#653=ORIENTED_EDGE('',*,*,#1296,.F.);
#654=ORIENTED_EDGE('',*,*,#1418,.F.);
#655=ORIENTED_EDGE('',*,*,#1227,.F.);
#656=ORIENTED_EDGE('',*,*,#1419,.F.);
#657=ORIENTED_EDGE('',*,*,#1294,.F.);
#658=ORIENTED_EDGE('',*,*,#1422,.F.);
#659=ORIENTED_EDGE('',*,*,#1438,.F.);
#660=ORIENTED_EDGE('',*,*,#1223,.F.);
#661=ORIENTED_EDGE('',*,*,#1424,.F.);
#662=ORIENTED_EDGE('',*,*,#1298,.F.);
#663=ORIENTED_EDGE('',*,*,#1417,.F.);
#664=ORIENTED_EDGE('',*,*,#1323,.F.);
#665=ORIENTED_EDGE('',*,*,#1402,.F.);
#666=ORIENTED_EDGE('',*,*,#1259,.F.);
#667=ORIENTED_EDGE('',*,*,#1408,.F.);
#668=ORIENTED_EDGE('',*,*,#1321,.F.);
#669=ORIENTED_EDGE('',*,*,#1404,.F.);
#670=ORIENTED_EDGE('',*,*,#1261,.F.);
#671=ORIENTED_EDGE('',*,*,#1403,.F.);
#672=ORIENTED_EDGE('',*,*,#1317,.F.);
#673=ORIENTED_EDGE('',*,*,#1409,.F.);
#674=ORIENTED_EDGE('',*,*,#1257,.F.);
#675=ORIENTED_EDGE('',*,*,#1406,.F.);
#676=ORIENTED_EDGE('',*,*,#1319,.F.);
#677=ORIENTED_EDGE('',*,*,#1407,.F.);
#678=ORIENTED_EDGE('',*,*,#1263,.F.);
#679=ORIENTED_EDGE('',*,*,#1405,.F.);
#680=ORIENTED_EDGE('',*,*,#1325,.F.);
#681=ORIENTED_EDGE('',*,*,#1410,.F.);
#682=ORIENTED_EDGE('',*,*,#1253,.F.);
#683=ORIENTED_EDGE('',*,*,#1414,.F.);
#684=ORIENTED_EDGE('',*,*,#1327,.F.);
#685=ORIENTED_EDGE('',*,*,#1415,.F.);
#686=ORIENTED_EDGE('',*,*,#1251,.F.);
#687=ORIENTED_EDGE('',*,*,#1412,.F.);
#688=ORIENTED_EDGE('',*,*,#1329,.F.);
#689=ORIENTED_EDGE('',*,*,#1413,.F.);
#690=ORIENTED_EDGE('',*,*,#1255,.F.);
#691=ORIENTED_EDGE('',*,*,#1411,.F.);
#692=ORIENTED_EDGE('',*,*,#1389,.F.);
#693=ORIENTED_EDGE('',*,*,#1439,.F.);
#694=ORIENTED_EDGE('',*,*,#1282,.F.);
#695=ORIENTED_EDGE('',*,*,#1330,.F.);
#696=ORIENTED_EDGE('',*,*,#1173,.F.);
#697=ORIENTED_EDGE('',*,*,#1390,.F.);
#698=ORIENTED_EDGE('',*,*,#1175,.F.);
#699=ORIENTED_EDGE('',*,*,#1333,.F.);
#700=ORIENTED_EDGE('',*,*,#1269,.F.);
#701=ORIENTED_EDGE('',*,*,#1399,.F.);
#702=ORIENTED_EDGE('',*,*,#1161,.F.);
#703=ORIENTED_EDGE('',*,*,#1331,.F.);
#704=ORIENTED_EDGE('',*,*,#1214,.F.);
#705=ORIENTED_EDGE('',*,*,#1440,.F.);
#706=ORIENTED_EDGE('',*,*,#1398,.F.);
#707=ORIENTED_EDGE('',*,*,#1271,.F.);
#708=ORIENTED_EDGE('',*,*,#1332,.F.);
#709=ORIENTED_EDGE('',*,*,#1163,.F.);
#710=ORIENTED_EDGE('',*,*,#1382,.F.);
#711=ORIENTED_EDGE('',*,*,#1441,.T.);
#712=ORIENTED_EDGE('',*,*,#1335,.F.);
#713=ORIENTED_EDGE('',*,*,#1442,.T.);
#714=ORIENTED_EDGE('',*,*,#1373,.F.);
#715=ORIENTED_EDGE('',*,*,#1443,.T.);
#716=ORIENTED_EDGE('',*,*,#1380,.F.);
#717=ORIENTED_EDGE('',*,*,#1444,.T.);
#718=ORIENTED_EDGE('',*,*,#1338,.F.);
#719=ORIENTED_EDGE('',*,*,#1445,.T.);
#720=ORIENTED_EDGE('',*,*,#1376,.F.);
#721=ORIENTED_EDGE('',*,*,#1446,.T.);
#722=ORIENTED_EDGE('',*,*,#1378,.F.);
#723=ORIENTED_EDGE('',*,*,#1447,.T.);
#724=ORIENTED_EDGE('',*,*,#1344,.F.);
#725=ORIENTED_EDGE('',*,*,#1448,.T.);
#726=ORIENTED_EDGE('',*,*,#1348,.T.);
#727=ORIENTED_EDGE('',*,*,#1394,.F.);
#728=ORIENTED_EDGE('',*,*,#1347,.T.);
#729=ORIENTED_EDGE('',*,*,#1393,.F.);
#730=ORIENTED_EDGE('',*,*,#1346,.T.);
#731=ORIENTED_EDGE('',*,*,#1385,.F.);
#732=ORIENTED_EDGE('',*,*,#1345,.T.);
#733=ORIENTED_EDGE('',*,*,#1384,.F.);
#734=ORIENTED_EDGE('',*,*,#1369,.F.);
#735=ORIENTED_EDGE('',*,*,#1400,.F.);
#736=ORIENTED_EDGE('',*,*,#1395,.F.);
#737=ORIENTED_EDGE('',*,*,#1218,.F.);
#738=ORIENTED_EDGE('',*,*,#1367,.F.);
#739=ORIENTED_EDGE('',*,*,#1265,.F.);
#740=ORIENTED_EDGE('',*,*,#1397,.F.);
#741=ORIENTED_EDGE('',*,*,#1401,.F.);
#742=ORIENTED_EDGE('',*,*,#1366,.F.);
#743=ORIENTED_EDGE('',*,*,#1391,.F.);
#744=ORIENTED_EDGE('',*,*,#1386,.F.);
#745=ORIENTED_EDGE('',*,*,#1267,.F.);
#746=ORIENTED_EDGE('',*,*,#1364,.F.);
#747=ORIENTED_EDGE('',*,*,#1240,.F.);
#748=ORIENTED_EDGE('',*,*,#1388,.F.);
#749=ORIENTED_EDGE('',*,*,#1392,.F.);
#750=ORIENTED_EDGE('',*,*,#1336,.F.);
#751=ORIENTED_EDGE('',*,*,#1441,.F.);
#752=ORIENTED_EDGE('',*,*,#1449,.F.);
#753=ORIENTED_EDGE('',*,*,#1314,.F.);
#754=ORIENTED_EDGE('',*,*,#1449,.T.);
#755=ORIENTED_EDGE('',*,*,#1381,.F.);
#756=ORIENTED_EDGE('',*,*,#1450,.F.);
#757=ORIENTED_EDGE('',*,*,#1315,.F.);
#758=ORIENTED_EDGE('',*,*,#1450,.T.);
#759=ORIENTED_EDGE('',*,*,#1443,.F.);
#760=ORIENTED_EDGE('',*,*,#1451,.F.);
#761=ORIENTED_EDGE('',*,*,#1306,.F.);
#762=ORIENTED_EDGE('',*,*,#1195,.F.);
#763=ORIENTED_EDGE('',*,*,#1307,.F.);
#764=ORIENTED_EDGE('',*,*,#1451,.T.);
#765=ORIENTED_EDGE('',*,*,#1372,.F.);
#766=ORIENTED_EDGE('',*,*,#1337,.F.);
#767=ORIENTED_EDGE('',*,*,#1312,.F.);
#768=ORIENTED_EDGE('',*,*,#1452,.F.);
#769=ORIENTED_EDGE('',*,*,#1445,.F.);
#770=ORIENTED_EDGE('',*,*,#1452,.T.);
#771=ORIENTED_EDGE('',*,*,#1311,.F.);
#772=ORIENTED_EDGE('',*,*,#1453,.F.);
#773=ORIENTED_EDGE('',*,*,#1377,.F.);
#774=ORIENTED_EDGE('',*,*,#1453,.T.);
#775=ORIENTED_EDGE('',*,*,#1310,.F.);
#776=ORIENTED_EDGE('',*,*,#1454,.F.);
#777=ORIENTED_EDGE('',*,*,#1447,.F.);
#778=ORIENTED_EDGE('',*,*,#1454,.T.);
#779=ORIENTED_EDGE('',*,*,#1309,.F.);
#780=ORIENTED_EDGE('',*,*,#1205,.F.);
#781=ORIENTED_EDGE('',*,*,#1340,.F.);
#782=ORIENTED_EDGE('',*,*,#1334,.F.);
#783=ORIENTED_EDGE('',*,*,#1286,.F.);
#784=ORIENTED_EDGE('',*,*,#1455,.F.);
#785=ORIENTED_EDGE('',*,*,#1442,.F.);
#786=ORIENTED_EDGE('',*,*,#1455,.T.);
#787=ORIENTED_EDGE('',*,*,#1285,.F.);
#788=ORIENTED_EDGE('',*,*,#1456,.F.);
#789=ORIENTED_EDGE('',*,*,#1383,.F.);
#790=ORIENTED_EDGE('',*,*,#1456,.T.);
#791=ORIENTED_EDGE('',*,*,#1284,.F.);
#792=ORIENTED_EDGE('',*,*,#1457,.F.);
#793=ORIENTED_EDGE('',*,*,#1444,.F.);
#794=ORIENTED_EDGE('',*,*,#1191,.F.);
#795=ORIENTED_EDGE('',*,*,#1374,.F.);
#796=ORIENTED_EDGE('',*,*,#1457,.T.);
#797=ORIENTED_EDGE('',*,*,#1283,.F.);
#798=ORIENTED_EDGE('',*,*,#1339,.F.);
#799=ORIENTED_EDGE('',*,*,#1446,.F.);
#800=ORIENTED_EDGE('',*,*,#1458,.F.);
#801=ORIENTED_EDGE('',*,*,#1288,.F.);
#802=ORIENTED_EDGE('',*,*,#1458,.T.);
#803=ORIENTED_EDGE('',*,*,#1379,.F.);
#804=ORIENTED_EDGE('',*,*,#1459,.F.);
#805=ORIENTED_EDGE('',*,*,#1289,.F.);
#806=ORIENTED_EDGE('',*,*,#1459,.T.);
#807=ORIENTED_EDGE('',*,*,#1448,.F.);
#808=ORIENTED_EDGE('',*,*,#1460,.F.);
#809=ORIENTED_EDGE('',*,*,#1290,.F.);
#810=ORIENTED_EDGE('',*,*,#1460,.T.);
#811=ORIENTED_EDGE('',*,*,#1343,.F.);
#812=ORIENTED_EDGE('',*,*,#1209,.F.);
#813=ORIENTED_EDGE('',*,*,#1291,.F.);
#814=ORIENTED_EDGE('',*,*,#1461,.T.);
#815=ORIENTED_EDGE('',*,*,#1462,.T.);
#816=ORIENTED_EDGE('',*,*,#1463,.T.);
#817=ORIENTED_EDGE('',*,*,#1464,.T.);
#818=ORIENTED_EDGE('',*,*,#1465,.T.);
#819=ORIENTED_EDGE('',*,*,#1466,.T.);
#820=ORIENTED_EDGE('',*,*,#1467,.T.);
#821=ORIENTED_EDGE('',*,*,#1468,.T.);
#822=ORIENTED_EDGE('',*,*,#1469,.T.);
#823=ORIENTED_EDGE('',*,*,#1470,.T.);
#824=ORIENTED_EDGE('',*,*,#1471,.T.);
#825=ORIENTED_EDGE('',*,*,#1472,.T.);
#826=ORIENTED_EDGE('',*,*,#1473,.T.);
#827=ORIENTED_EDGE('',*,*,#1474,.T.);
#828=ORIENTED_EDGE('',*,*,#1475,.T.);
#829=ORIENTED_EDGE('',*,*,#1476,.T.);
#830=ORIENTED_EDGE('',*,*,#1477,.T.);
#831=ORIENTED_EDGE('',*,*,#1478,.T.);
#832=ORIENTED_EDGE('',*,*,#1479,.T.);
#833=ORIENTED_EDGE('',*,*,#1480,.T.);
#834=ORIENTED_EDGE('',*,*,#1481,.T.);
#835=ORIENTED_EDGE('',*,*,#1482,.T.);
#836=ORIENTED_EDGE('',*,*,#1483,.T.);
#837=ORIENTED_EDGE('',*,*,#1484,.T.);
#838=ORIENTED_EDGE('',*,*,#1485,.T.);
#839=ORIENTED_EDGE('',*,*,#1486,.T.);
#840=ORIENTED_EDGE('',*,*,#1487,.T.);
#841=ORIENTED_EDGE('',*,*,#1488,.T.);
#842=ORIENTED_EDGE('',*,*,#1489,.T.);
#843=ORIENTED_EDGE('',*,*,#1490,.T.);
#844=ORIENTED_EDGE('',*,*,#1491,.T.);
#845=ORIENTED_EDGE('',*,*,#1492,.T.);
#846=ORIENTED_EDGE('',*,*,#1493,.T.);
#847=ORIENTED_EDGE('',*,*,#1494,.T.);
#848=ORIENTED_EDGE('',*,*,#1495,.T.);
#849=ORIENTED_EDGE('',*,*,#1496,.T.);
#850=ORIENTED_EDGE('',*,*,#1497,.T.);
#851=ORIENTED_EDGE('',*,*,#1498,.T.);
#852=ORIENTED_EDGE('',*,*,#1499,.T.);
#853=ORIENTED_EDGE('',*,*,#1500,.T.);
#854=ORIENTED_EDGE('',*,*,#1501,.F.);
#855=ORIENTED_EDGE('',*,*,#1481,.F.);
#856=ORIENTED_EDGE('',*,*,#1502,.F.);
#857=ORIENTED_EDGE('',*,*,#1485,.F.);
#858=ORIENTED_EDGE('',*,*,#1503,.F.);
#859=ORIENTED_EDGE('',*,*,#1501,.T.);
#860=ORIENTED_EDGE('',*,*,#1504,.F.);
#861=ORIENTED_EDGE('',*,*,#1505,.F.);
#862=ORIENTED_EDGE('',*,*,#1502,.T.);
#863=ORIENTED_EDGE('',*,*,#1506,.F.);
#864=ORIENTED_EDGE('',*,*,#1274,.T.);
#865=ORIENTED_EDGE('',*,*,#1504,.T.);
#866=ORIENTED_EDGE('',*,*,#1488,.F.);
#867=ORIENTED_EDGE('',*,*,#1507,.F.);
#868=ORIENTED_EDGE('',*,*,#1497,.F.);
#869=ORIENTED_EDGE('',*,*,#1503,.T.);
#870=ORIENTED_EDGE('',*,*,#1500,.F.);
#871=ORIENTED_EDGE('',*,*,#1508,.F.);
#872=ORIENTED_EDGE('',*,*,#1482,.F.);
#873=ORIENTED_EDGE('',*,*,#1509,.F.);
#874=ORIENTED_EDGE('',*,*,#1483,.F.);
#875=ORIENTED_EDGE('',*,*,#1510,.F.);
#876=ORIENTED_EDGE('',*,*,#1493,.F.);
#877=ORIENTED_EDGE('',*,*,#1506,.T.);
#878=ORIENTED_EDGE('',*,*,#1484,.F.);
#879=ORIENTED_EDGE('',*,*,#1511,.F.);
#880=ORIENTED_EDGE('',*,*,#1275,.F.);
#881=ORIENTED_EDGE('',*,*,#1505,.T.);
#882=ORIENTED_EDGE('',*,*,#1273,.F.);
#883=ORIENTED_EDGE('',*,*,#1512,.F.);
#884=ORIENTED_EDGE('',*,*,#1486,.F.);
#885=ORIENTED_EDGE('',*,*,#1513,.F.);
#886=ORIENTED_EDGE('',*,*,#1487,.F.);
#887=ORIENTED_EDGE('',*,*,#1514,.F.);
#888=ORIENTED_EDGE('',*,*,#1489,.F.);
#889=ORIENTED_EDGE('',*,*,#1507,.T.);
#890=ORIENTED_EDGE('',*,*,#1513,.T.);
#891=ORIENTED_EDGE('',*,*,#1515,.F.);
#892=ORIENTED_EDGE('',*,*,#1510,.T.);
#893=ORIENTED_EDGE('',*,*,#1508,.T.);
#894=ORIENTED_EDGE('',*,*,#1516,.F.);
#895=ORIENTED_EDGE('',*,*,#1511,.T.);
#896=ORIENTED_EDGE('',*,*,#1509,.T.);
#897=ORIENTED_EDGE('',*,*,#1517,.F.);
#898=ORIENTED_EDGE('',*,*,#1276,.T.);
#899=ORIENTED_EDGE('',*,*,#1512,.T.);
#900=ORIENTED_EDGE('',*,*,#1272,.T.);
#901=ORIENTED_EDGE('',*,*,#1518,.F.);
#902=ORIENTED_EDGE('',*,*,#1514,.T.);
#903=ORIENTED_EDGE('',*,*,#1515,.T.);
#904=ORIENTED_EDGE('',*,*,#1492,.F.);
#905=ORIENTED_EDGE('',*,*,#1519,.F.);
#906=ORIENTED_EDGE('',*,*,#1498,.F.);
#907=ORIENTED_EDGE('',*,*,#1516,.T.);
#908=ORIENTED_EDGE('',*,*,#1499,.F.);
#909=ORIENTED_EDGE('',*,*,#1520,.F.);
#910=ORIENTED_EDGE('',*,*,#1494,.F.);
#911=ORIENTED_EDGE('',*,*,#1517,.T.);
#912=ORIENTED_EDGE('',*,*,#1496,.F.);
#913=ORIENTED_EDGE('',*,*,#1521,.F.);
#914=ORIENTED_EDGE('',*,*,#1277,.F.);
#915=ORIENTED_EDGE('',*,*,#1518,.T.);
#916=ORIENTED_EDGE('',*,*,#1279,.F.);
#917=ORIENTED_EDGE('',*,*,#1522,.F.);
#918=ORIENTED_EDGE('',*,*,#1490,.F.);
#919=ORIENTED_EDGE('',*,*,#1520,.T.);
#920=ORIENTED_EDGE('',*,*,#1519,.T.);
#921=ORIENTED_EDGE('',*,*,#1523,.F.);
#922=ORIENTED_EDGE('',*,*,#1278,.T.);
#923=ORIENTED_EDGE('',*,*,#1521,.T.);
#924=ORIENTED_EDGE('',*,*,#1524,.F.);
#925=ORIENTED_EDGE('',*,*,#1522,.T.);
#926=ORIENTED_EDGE('',*,*,#1523,.T.);
#927=ORIENTED_EDGE('',*,*,#1491,.F.);
#928=ORIENTED_EDGE('',*,*,#1524,.T.);
#929=ORIENTED_EDGE('',*,*,#1495,.F.);
#930=ORIENTED_EDGE('',*,*,#1525,.F.);
#931=ORIENTED_EDGE('',*,*,#1471,.F.);
#932=ORIENTED_EDGE('',*,*,#1526,.F.);
#933=ORIENTED_EDGE('',*,*,#1477,.F.);
#934=ORIENTED_EDGE('',*,*,#1527,.F.);
#935=ORIENTED_EDGE('',*,*,#1525,.T.);
#936=ORIENTED_EDGE('',*,*,#1528,.F.);
#937=ORIENTED_EDGE('',*,*,#1529,.F.);
#938=ORIENTED_EDGE('',*,*,#1526,.T.);
#939=ORIENTED_EDGE('',*,*,#1530,.F.);
#940=ORIENTED_EDGE('',*,*,#1528,.T.);
#941=ORIENTED_EDGE('',*,*,#1480,.F.);
#942=ORIENTED_EDGE('',*,*,#1531,.F.);
#943=ORIENTED_EDGE('',*,*,#1466,.F.);
#944=ORIENTED_EDGE('',*,*,#1527,.T.);
#945=ORIENTED_EDGE('',*,*,#1465,.F.);
#946=ORIENTED_EDGE('',*,*,#1532,.F.);
#947=ORIENTED_EDGE('',*,*,#1472,.F.);
#948=ORIENTED_EDGE('',*,*,#1533,.F.);
#949=ORIENTED_EDGE('',*,*,#1469,.F.);
#950=ORIENTED_EDGE('',*,*,#1534,.F.);
#951=ORIENTED_EDGE('',*,*,#1247,.F.);
#952=ORIENTED_EDGE('',*,*,#1530,.T.);
#953=ORIENTED_EDGE('',*,*,#1470,.F.);
#954=ORIENTED_EDGE('',*,*,#1535,.F.);
#955=ORIENTED_EDGE('',*,*,#1476,.F.);
#956=ORIENTED_EDGE('',*,*,#1529,.T.);
#957=ORIENTED_EDGE('',*,*,#1475,.F.);
#958=ORIENTED_EDGE('',*,*,#1536,.F.);
#959=ORIENTED_EDGE('',*,*,#1478,.F.);
#960=ORIENTED_EDGE('',*,*,#1537,.F.);
#961=ORIENTED_EDGE('',*,*,#1479,.F.);
#962=ORIENTED_EDGE('',*,*,#1538,.F.);
#963=ORIENTED_EDGE('',*,*,#1464,.F.);
#964=ORIENTED_EDGE('',*,*,#1531,.T.);
#965=ORIENTED_EDGE('',*,*,#1537,.T.);
#966=ORIENTED_EDGE('',*,*,#1539,.F.);
#967=ORIENTED_EDGE('',*,*,#1534,.T.);
#968=ORIENTED_EDGE('',*,*,#1532,.T.);
#969=ORIENTED_EDGE('',*,*,#1540,.F.);
#970=ORIENTED_EDGE('',*,*,#1248,.T.);
#971=ORIENTED_EDGE('',*,*,#1533,.T.);
#972=ORIENTED_EDGE('',*,*,#1246,.T.);
#973=ORIENTED_EDGE('',*,*,#1541,.F.);
#974=ORIENTED_EDGE('',*,*,#1535,.T.);
#975=ORIENTED_EDGE('',*,*,#1538,.T.);
#976=ORIENTED_EDGE('',*,*,#1536,.T.);
#977=ORIENTED_EDGE('',*,*,#1542,.F.);
#978=ORIENTED_EDGE('',*,*,#1539,.T.);
#979=ORIENTED_EDGE('',*,*,#1463,.F.);
#980=ORIENTED_EDGE('',*,*,#1543,.F.);
#981=ORIENTED_EDGE('',*,*,#1467,.F.);
#982=ORIENTED_EDGE('',*,*,#1540,.T.);
#983=ORIENTED_EDGE('',*,*,#1468,.F.);
#984=ORIENTED_EDGE('',*,*,#1544,.F.);
#985=ORIENTED_EDGE('',*,*,#1249,.F.);
#986=ORIENTED_EDGE('',*,*,#1541,.T.);
#987=ORIENTED_EDGE('',*,*,#1245,.F.);
#988=ORIENTED_EDGE('',*,*,#1545,.F.);
#989=ORIENTED_EDGE('',*,*,#1473,.F.);
#990=ORIENTED_EDGE('',*,*,#1542,.T.);
#991=ORIENTED_EDGE('',*,*,#1474,.F.);
#992=ORIENTED_EDGE('',*,*,#1546,.F.);
#993=ORIENTED_EDGE('',*,*,#1461,.F.);
#994=ORIENTED_EDGE('',*,*,#1544,.T.);
#995=ORIENTED_EDGE('',*,*,#1543,.T.);
#996=ORIENTED_EDGE('',*,*,#1547,.F.);
#997=ORIENTED_EDGE('',*,*,#1242,.T.);
#998=ORIENTED_EDGE('',*,*,#1545,.T.);
#999=ORIENTED_EDGE('',*,*,#1244,.T.);
#1000=ORIENTED_EDGE('',*,*,#1548,.F.);
#1001=ORIENTED_EDGE('',*,*,#1546,.T.);
#1002=ORIENTED_EDGE('',*,*,#1547,.T.);
#1003=ORIENTED_EDGE('',*,*,#1462,.F.);
#1004=ORIENTED_EDGE('',*,*,#1548,.T.);
#1005=ORIENTED_EDGE('',*,*,#1243,.F.);
#1006=ORIENTED_EDGE('',*,*,#1549,.T.);
#1007=ORIENTED_EDGE('',*,*,#1427,.T.);
#1008=ORIENTED_EDGE('',*,*,#1431,.F.);
#1009=ORIENTED_EDGE('',*,*,#1434,.T.);
#1010=ORIENTED_EDGE('',*,*,#1357,.T.);
#1011=ORIENTED_EDGE('',*,*,#1550,.T.);
#1012=ORIENTED_EDGE('',*,*,#1428,.T.);
#1013=ORIENTED_EDGE('',*,*,#1549,.F.);
#1014=ORIENTED_EDGE('',*,*,#1232,.F.);
#1015=ORIENTED_EDGE('',*,*,#1551,.F.);
#1016=ORIENTED_EDGE('',*,*,#1552,.T.);
#1017=ORIENTED_EDGE('',*,*,#1231,.T.);
#1018=ORIENTED_EDGE('',*,*,#1280,.T.);
#1019=ORIENTED_EDGE('',*,*,#1553,.F.);
#1020=ORIENTED_EDGE('',*,*,#1554,.F.);
#1021=ORIENTED_EDGE('',*,*,#1551,.T.);
#1022=ORIENTED_EDGE('',*,*,#1439,.T.);
#1023=ORIENTED_EDGE('',*,*,#1238,.T.);
#1024=ORIENTED_EDGE('',*,*,#1363,.F.);
#1025=ORIENTED_EDGE('',*,*,#1555,.F.);
#1026=ORIENTED_EDGE('',*,*,#1553,.T.);
#1027=ORIENTED_EDGE('',*,*,#1362,.T.);
#1028=ORIENTED_EDGE('',*,*,#1556,.T.);
#1029=ORIENTED_EDGE('',*,*,#1557,.T.);
#1030=ORIENTED_EDGE('',*,*,#1558,.T.);
#1031=ORIENTED_EDGE('',*,*,#1358,.T.);
#1032=ORIENTED_EDGE('',*,*,#1552,.F.);
#1033=ORIENTED_EDGE('',*,*,#1554,.T.);
#1034=ORIENTED_EDGE('',*,*,#1555,.T.);
#1035=ORIENTED_EDGE('',*,*,#1559,.F.);
#1036=ORIENTED_EDGE('',*,*,#1560,.T.);
#1037=ORIENTED_EDGE('',*,*,#1561,.F.);
#1038=ORIENTED_EDGE('',*,*,#1360,.T.);
#1039=ORIENTED_EDGE('',*,*,#1429,.F.);
#1040=ORIENTED_EDGE('',*,*,#1550,.F.);
#1041=ORIENTED_EDGE('',*,*,#1356,.F.);
#1042=ORIENTED_EDGE('',*,*,#1237,.F.);
#1043=ORIENTED_EDGE('',*,*,#1359,.F.);
#1044=ORIENTED_EDGE('',*,*,#1558,.F.);
#1045=ORIENTED_EDGE('',*,*,#1562,.F.);
#1046=ORIENTED_EDGE('',*,*,#1559,.T.);
#1047=ORIENTED_EDGE('',*,*,#1562,.T.);
#1048=ORIENTED_EDGE('',*,*,#1557,.F.);
#1049=ORIENTED_EDGE('',*,*,#1563,.F.);
#1050=ORIENTED_EDGE('',*,*,#1560,.F.);
#1051=ORIENTED_EDGE('',*,*,#1563,.T.);
#1052=ORIENTED_EDGE('',*,*,#1556,.F.);
#1053=ORIENTED_EDGE('',*,*,#1361,.F.);
#1054=ORIENTED_EDGE('',*,*,#1561,.T.);
#1055=ORIENTED_EDGE('',*,*,#1564,.F.);
#1056=ORIENTED_EDGE('',*,*,#1438,.T.);
#1057=ORIENTED_EDGE('',*,*,#1421,.T.);
#1058=ORIENTED_EDGE('',*,*,#1435,.T.);
#1059=ORIENTED_EDGE('',*,*,#1437,.T.);
#1060=ORIENTED_EDGE('',*,*,#1565,.T.);
#1061=ORIENTED_EDGE('',*,*,#1354,.F.);
#1062=ORIENTED_EDGE('',*,*,#1566,.F.);
#1063=ORIENTED_EDGE('',*,*,#1567,.T.);
#1064=ORIENTED_EDGE('',*,*,#1228,.T.);
#1065=ORIENTED_EDGE('',*,*,#1564,.T.);
#1066=ORIENTED_EDGE('',*,*,#1440,.T.);
#1067=ORIENTED_EDGE('',*,*,#1568,.F.);
#1068=ORIENTED_EDGE('',*,*,#1569,.T.);
#1069=ORIENTED_EDGE('',*,*,#1370,.T.);
#1070=ORIENTED_EDGE('',*,*,#1216,.F.);
#1071=ORIENTED_EDGE('',*,*,#1229,.F.);
#1072=ORIENTED_EDGE('',*,*,#1567,.F.);
#1073=ORIENTED_EDGE('',*,*,#1570,.T.);
#1074=ORIENTED_EDGE('',*,*,#1568,.T.);
#1075=ORIENTED_EDGE('',*,*,#1213,.F.);
#1076=ORIENTED_EDGE('',*,*,#1571,.T.);
#1077=ORIENTED_EDGE('',*,*,#1572,.T.);
#1078=ORIENTED_EDGE('',*,*,#1349,.F.);
#1079=ORIENTED_EDGE('',*,*,#1569,.F.);
#1080=ORIENTED_EDGE('',*,*,#1570,.F.);
#1081=ORIENTED_EDGE('',*,*,#1566,.T.);
#1082=ORIENTED_EDGE('',*,*,#1353,.F.);
#1083=ORIENTED_EDGE('',*,*,#1573,.T.);
#1084=ORIENTED_EDGE('',*,*,#1574,.T.);
#1085=ORIENTED_EDGE('',*,*,#1351,.F.);
#1086=ORIENTED_EDGE('',*,*,#1575,.T.);
#1087=ORIENTED_EDGE('',*,*,#1576,.F.);
#1088=ORIENTED_EDGE('',*,*,#1436,.F.);
#1089=ORIENTED_EDGE('',*,*,#1220,.F.);
#1090=ORIENTED_EDGE('',*,*,#1355,.F.);
#1091=ORIENTED_EDGE('',*,*,#1565,.F.);
#1092=ORIENTED_EDGE('',*,*,#1352,.F.);
#1093=ORIENTED_EDGE('',*,*,#1574,.F.);
#1094=ORIENTED_EDGE('',*,*,#1577,.F.);
#1095=ORIENTED_EDGE('',*,*,#1573,.F.);
#1096=ORIENTED_EDGE('',*,*,#1577,.T.);
#1097=ORIENTED_EDGE('',*,*,#1576,.T.);
#1098=ORIENTED_EDGE('',*,*,#1578,.F.);
#1099=ORIENTED_EDGE('',*,*,#1571,.F.);
#1100=ORIENTED_EDGE('',*,*,#1578,.T.);
#1101=ORIENTED_EDGE('',*,*,#1575,.F.);
#1102=ORIENTED_EDGE('',*,*,#1350,.F.);
#1103=ORIENTED_EDGE('',*,*,#1572,.F.);
#1104=ORIENTED_EDGE('',*,*,#1198,.F.);
#1105=ORIENTED_EDGE('',*,*,#1579,.T.);
#1106=ORIENTED_EDGE('',*,*,#1170,.F.);
#1107=ORIENTED_EDGE('',*,*,#1580,.T.);
#1108=ORIENTED_EDGE('',*,*,#1200,.F.);
#1109=ORIENTED_EDGE('',*,*,#1581,.T.);
#1110=ORIENTED_EDGE('',*,*,#1168,.F.);
#1111=ORIENTED_EDGE('',*,*,#1582,.T.);
#1112=ORIENTED_EDGE('',*,*,#1166,.F.);
#1113=ORIENTED_EDGE('',*,*,#1583,.T.);
#1114=ORIENTED_EDGE('',*,*,#1202,.F.);
#1115=ORIENTED_EDGE('',*,*,#1584,.T.);
#1116=ORIENTED_EDGE('',*,*,#1178,.F.);
#1117=ORIENTED_EDGE('',*,*,#1585,.T.);
#1118=ORIENTED_EDGE('',*,*,#1186,.T.);
#1119=ORIENTED_EDGE('',*,*,#1586,.T.);
#1120=ORIENTED_EDGE('',*,*,#1180,.F.);
#1121=ORIENTED_EDGE('',*,*,#1587,.T.);
#1122=ORIENTED_EDGE('',*,*,#1184,.T.);
#1123=ORIENTED_EDGE('',*,*,#1588,.T.);
#1124=ORIENTED_EDGE('',*,*,#1188,.T.);
#1125=ORIENTED_EDGE('',*,*,#1589,.T.);
#1126=ORIENTED_EDGE('',*,*,#1176,.F.);
#1127=ORIENTED_EDGE('',*,*,#1590,.T.);
#1128=ORIENTED_EDGE('',*,*,#1165,.F.);
#1129=ORIENTED_EDGE('',*,*,#1341,.F.);
#1130=ORIENTED_EDGE('',*,*,#1203,.F.);
#1131=ORIENTED_EDGE('',*,*,#1583,.F.);
#1132=ORIENTED_EDGE('',*,*,#1171,.F.);
#1133=ORIENTED_EDGE('',*,*,#1579,.F.);
#1134=ORIENTED_EDGE('',*,*,#1211,.F.);
#1135=ORIENTED_EDGE('',*,*,#1342,.F.);
#1136=ORIENTED_EDGE('',*,*,#1169,.F.);
#1137=ORIENTED_EDGE('',*,*,#1581,.F.);
#1138=ORIENTED_EDGE('',*,*,#1199,.F.);
#1139=ORIENTED_EDGE('',*,*,#1580,.F.);
#1140=ORIENTED_EDGE('',*,*,#1167,.F.);
#1141=ORIENTED_EDGE('',*,*,#1584,.F.);
#1142=ORIENTED_EDGE('',*,*,#1201,.F.);
#1143=ORIENTED_EDGE('',*,*,#1582,.F.);
#1144=ORIENTED_EDGE('',*,*,#1187,.F.);
#1145=ORIENTED_EDGE('',*,*,#1585,.F.);
#1146=ORIENTED_EDGE('',*,*,#1177,.F.);
#1147=ORIENTED_EDGE('',*,*,#1589,.F.);
#1148=ORIENTED_EDGE('',*,*,#1185,.F.);
#1149=ORIENTED_EDGE('',*,*,#1587,.F.);
#1150=ORIENTED_EDGE('',*,*,#1179,.F.);
#1151=ORIENTED_EDGE('',*,*,#1586,.F.);
#1152=ORIENTED_EDGE('',*,*,#1197,.F.);
#1153=ORIENTED_EDGE('',*,*,#1371,.F.);
#1154=ORIENTED_EDGE('',*,*,#1181,.F.);
#1155=ORIENTED_EDGE('',*,*,#1588,.F.);
#1156=ORIENTED_EDGE('',*,*,#1189,.F.);
#1157=ORIENTED_EDGE('',*,*,#1590,.F.);
#1158=ORIENTED_EDGE('',*,*,#1183,.F.);
#1159=ORIENTED_EDGE('',*,*,#1375,.F.);
#1160=EDGE_CURVE('',#1591,#1592,#1861,.T.);
#1161=EDGE_CURVE('',#1592,#1593,#1862,.F.);
#1162=EDGE_CURVE('',#1594,#1593,#1863,.T.);
#1163=EDGE_CURVE('',#1594,#1591,#1864,.T.);
#1164=EDGE_CURVE('',#1595,#1596,#1865,.T.);
#1165=EDGE_CURVE('',#1596,#1597,#121,.T.);
#1166=EDGE_CURVE('',#1597,#1598,#1866,.T.);
#1167=EDGE_CURVE('',#1598,#1599,#122,.T.);
#1168=EDGE_CURVE('',#1599,#1600,#1867,.T.);
#1169=EDGE_CURVE('',#1600,#1601,#123,.T.);
#1170=EDGE_CURVE('',#1601,#1602,#1868,.T.);
#1171=EDGE_CURVE('',#1602,#1595,#124,.T.);
#1172=EDGE_CURVE('',#1603,#1604,#1869,.T.);
#1173=EDGE_CURVE('',#1604,#1605,#1870,.T.);
#1174=EDGE_CURVE('',#1606,#1605,#1871,.T.);
#1175=EDGE_CURVE('',#1606,#1603,#1872,.F.);
#1176=EDGE_CURVE('',#1607,#1608,#1873,.T.);
#1177=EDGE_CURVE('',#1608,#1609,#125,.F.);
#1178=EDGE_CURVE('',#1609,#1610,#1874,.T.);
#1179=EDGE_CURVE('',#1610,#1611,#126,.F.);
#1180=EDGE_CURVE('',#1611,#1612,#1875,.T.);
#1181=EDGE_CURVE('',#1612,#1613,#127,.F.);
#1182=EDGE_CURVE('',#1613,#1614,#1876,.T.);
#1183=EDGE_CURVE('',#1614,#1607,#128,.F.);
#1184=EDGE_CURVE('',#1615,#1616,#1877,.T.);
#1185=EDGE_CURVE('',#1615,#1617,#129,.T.);
#1186=EDGE_CURVE('',#1618,#1617,#1878,.T.);
#1187=EDGE_CURVE('',#1618,#1619,#130,.T.);
#1188=EDGE_CURVE('',#1620,#1619,#1879,.T.);
#1189=EDGE_CURVE('',#1620,#1621,#131,.T.);
#1190=EDGE_CURVE('',#1622,#1621,#1880,.T.);
#1191=EDGE_CURVE('',#1622,#1623,#132,.F.);
#1192=EDGE_CURVE('',#1624,#1623,#1881,.T.);
#1193=EDGE_CURVE('',#1625,#1624,#1882,.T.);
#1194=EDGE_CURVE('',#1625,#1626,#1883,.T.);
#1195=EDGE_CURVE('',#1626,#1627,#133,.F.);
#1196=EDGE_CURVE('',#1628,#1627,#1884,.T.);
#1197=EDGE_CURVE('',#1628,#1616,#134,.T.);
#1198=EDGE_CURVE('',#1629,#1630,#1885,.T.);
#1199=EDGE_CURVE('',#1630,#1631,#135,.F.);
#1200=EDGE_CURVE('',#1631,#1632,#1886,.T.);
#1201=EDGE_CURVE('',#1632,#1633,#136,.F.);
#1202=EDGE_CURVE('',#1633,#1634,#1887,.T.);
#1203=EDGE_CURVE('',#1634,#1635,#137,.F.);
#1204=EDGE_CURVE('',#1636,#1635,#1888,.T.);
#1205=EDGE_CURVE('',#1636,#1637,#138,.T.);
#1206=EDGE_CURVE('',#1638,#1637,#1889,.T.);
#1207=EDGE_CURVE('',#1638,#1639,#1890,.T.);
#1208=EDGE_CURVE('',#1639,#1640,#1891,.T.);
#1209=EDGE_CURVE('',#1640,#1641,#139,.T.);
#1210=EDGE_CURVE('',#1642,#1641,#1892,.T.);
#1211=EDGE_CURVE('',#1642,#1629,#140,.F.);
#1212=EDGE_CURVE('',#1643,#1644,#1893,.T.);
#1213=EDGE_CURVE('',#1643,#1645,#141,.T.);
#1214=EDGE_CURVE('',#1645,#1644,#1894,.T.);
#1215=EDGE_CURVE('',#1646,#1647,#1895,.T.);
#1216=EDGE_CURVE('',#1647,#1648,#1896,.F.);
#1217=EDGE_CURVE('',#1648,#1649,#1897,.T.);
#1218=EDGE_CURVE('',#1649,#1646,#1898,.T.);
#1219=EDGE_CURVE('',#1650,#1651,#1899,.T.);
#1220=EDGE_CURVE('',#1651,#1652,#1900,.F.);
#1221=EDGE_CURVE('',#1652,#1653,#142,.F.);
#1222=EDGE_CURVE('',#1653,#1654,#1901,.T.);
#1223=EDGE_CURVE('',#1654,#1655,#143,.F.);
#1224=EDGE_CURVE('',#1656,#1655,#1902,.T.);
#1225=EDGE_CURVE('',#1656,#1657,#144,.F.);
#1226=EDGE_CURVE('',#1658,#1657,#1903,.T.);
#1227=EDGE_CURVE('',#1658,#1659,#145,.F.);
#1228=EDGE_CURVE('',#1660,#1659,#1904,.T.);
#1229=EDGE_CURVE('',#1660,#1643,#146,.T.);
#1230=EDGE_CURVE('',#1661,#1643,#1905,.T.);
#1231=EDGE_CURVE('',#1662,#1661,#147,.T.);
#1232=EDGE_CURVE('',#1662,#1663,#1906,.T.);
#1233=EDGE_CURVE('',#1663,#1664,#148,.F.);
#1234=EDGE_CURVE('',#1665,#1664,#1907,.T.);
#1235=EDGE_CURVE('',#1665,#1666,#149,.F.);
#1236=EDGE_CURVE('',#1666,#1667,#1908,.T.);
#1237=EDGE_CURVE('',#1667,#1650,#1909,.T.);
#1238=EDGE_CURVE('',#1668,#1669,#1910,.F.);
#1239=EDGE_CURVE('',#1670,#1668,#1911,.T.);
#1240=EDGE_CURVE('',#1670,#1671,#1912,.F.);
#1241=EDGE_CURVE('',#1671,#1669,#1913,.T.);
#1242=EDGE_CURVE('',#1672,#1673,#150,.F.);
#1243=EDGE_CURVE('',#1672,#1674,#1914,.T.);
#1244=EDGE_CURVE('',#1675,#1674,#151,.F.);
#1245=EDGE_CURVE('',#1675,#1676,#1915,.T.);
#1246=EDGE_CURVE('',#1677,#1676,#152,.F.);
#1247=EDGE_CURVE('',#1677,#1678,#1916,.F.);
#1248=EDGE_CURVE('',#1679,#1678,#153,.F.);
#1249=EDGE_CURVE('',#1679,#1673,#1917,.F.);
#1250=EDGE_CURVE('',#1680,#1681,#1918,.T.);
#1251=EDGE_CURVE('',#1680,#1682,#154,.T.);
#1252=EDGE_CURVE('',#1682,#1683,#1919,.T.);
#1253=EDGE_CURVE('',#1683,#1684,#155,.T.);
#1254=EDGE_CURVE('',#1685,#1684,#1920,.T.);
#1255=EDGE_CURVE('',#1685,#1681,#156,.T.);
#1256=EDGE_CURVE('',#1686,#1687,#1921,.T.);
#1257=EDGE_CURVE('',#1686,#1688,#157,.T.);
#1258=EDGE_CURVE('',#1689,#1688,#1922,.T.);
#1259=EDGE_CURVE('',#1689,#1690,#158,.T.);
#1260=EDGE_CURVE('',#1690,#1691,#1923,.T.);
#1261=EDGE_CURVE('',#1691,#1692,#159,.T.);
#1262=EDGE_CURVE('',#1692,#1693,#1924,.T.);
#1263=EDGE_CURVE('',#1693,#1687,#160,.T.);
#1264=EDGE_CURVE('',#1694,#1695,#1925,.T.);
#1265=EDGE_CURVE('',#1694,#1696,#1926,.F.);
#1266=EDGE_CURVE('',#1697,#1696,#1927,.T.);
#1267=EDGE_CURVE('',#1697,#1698,#1928,.T.);
#1268=EDGE_CURVE('',#1698,#1699,#1929,.T.);
#1269=EDGE_CURVE('',#1699,#1700,#1930,.T.);
#1270=EDGE_CURVE('',#1700,#1701,#1931,.T.);
#1271=EDGE_CURVE('',#1701,#1695,#1932,.F.);
#1272=EDGE_CURVE('',#1702,#1703,#161,.F.);
#1273=EDGE_CURVE('',#1702,#1704,#1933,.F.);
#1274=EDGE_CURVE('',#1705,#1704,#162,.F.);
#1275=EDGE_CURVE('',#1705,#1706,#1934,.T.);
#1276=EDGE_CURVE('',#1707,#1706,#163,.F.);
#1277=EDGE_CURVE('',#1707,#1708,#1935,.T.);
#1278=EDGE_CURVE('',#1709,#1708,#164,.F.);
#1279=EDGE_CURVE('',#1709,#1703,#1936,.F.);
#1280=EDGE_CURVE('',#1661,#1710,#165,.T.);
#1281=EDGE_CURVE('',#1711,#1661,#1937,.T.);
#1282=EDGE_CURVE('',#1711,#1710,#1938,.F.);
#1283=EDGE_CURVE('',#1623,#1712,#1939,.T.);
#1284=EDGE_CURVE('',#1712,#1713,#166,.T.);
#1285=EDGE_CURVE('',#1713,#1714,#1940,.T.);
#1286=EDGE_CURVE('',#1714,#1715,#167,.T.);
#1287=EDGE_CURVE('',#1715,#1716,#1941,.T.);
#1288=EDGE_CURVE('',#1716,#1717,#168,.T.);
#1289=EDGE_CURVE('',#1717,#1718,#1942,.F.);
#1290=EDGE_CURVE('',#1718,#1719,#169,.T.);
#1291=EDGE_CURVE('',#1719,#1640,#1943,.T.);
#1292=EDGE_CURVE('',#1624,#1639,#1944,.T.);
#1293=EDGE_CURVE('',#1720,#1721,#1945,.T.);
#1294=EDGE_CURVE('',#1720,#1722,#170,.T.);
#1295=EDGE_CURVE('',#1722,#1723,#1946,.T.);
#1296=EDGE_CURVE('',#1723,#1724,#171,.T.);
#1297=EDGE_CURVE('',#1724,#1725,#1947,.T.);
#1298=EDGE_CURVE('',#1725,#1726,#172,.T.);
#1299=EDGE_CURVE('',#1727,#1726,#1948,.T.);
#1300=EDGE_CURVE('',#1727,#1721,#173,.T.);
#1301=EDGE_CURVE('',#1728,#1729,#1949,.T.);
#1302=EDGE_CURVE('',#1728,#1730,#174,.T.);
#1303=EDGE_CURVE('',#1730,#1731,#1950,.T.);
#1304=EDGE_CURVE('',#1731,#1732,#175,.T.);
#1305=EDGE_CURVE('',#1732,#1729,#1951,.T.);
#1306=EDGE_CURVE('',#1733,#1734,#176,.F.);
#1307=EDGE_CURVE('',#1734,#1626,#1952,.F.);
#1308=EDGE_CURVE('',#1625,#1638,#1953,.T.);
#1309=EDGE_CURVE('',#1637,#1735,#1954,.F.);
#1310=EDGE_CURVE('',#1735,#1736,#177,.F.);
#1311=EDGE_CURVE('',#1736,#1737,#1955,.T.);
#1312=EDGE_CURVE('',#1737,#1738,#178,.F.);
#1313=EDGE_CURVE('',#1739,#1738,#1956,.T.);
#1314=EDGE_CURVE('',#1739,#1740,#179,.F.);
#1315=EDGE_CURVE('',#1740,#1733,#1957,.F.);
#1316=EDGE_CURVE('',#1741,#1742,#1958,.T.);
#1317=EDGE_CURVE('',#1741,#1743,#180,.F.);
#1318=EDGE_CURVE('',#1744,#1743,#1959,.T.);
#1319=EDGE_CURVE('',#1744,#1745,#181,.F.);
#1320=EDGE_CURVE('',#1745,#1746,#1960,.T.);
#1321=EDGE_CURVE('',#1746,#1747,#182,.F.);
#1322=EDGE_CURVE('',#1747,#1748,#1961,.T.);
#1323=EDGE_CURVE('',#1748,#1742,#183,.F.);
#1324=EDGE_CURVE('',#1749,#1750,#1962,.T.);
#1325=EDGE_CURVE('',#1749,#1751,#184,.F.);
#1326=EDGE_CURVE('',#1751,#1752,#1963,.T.);
#1327=EDGE_CURVE('',#1752,#1753,#185,.F.);
#1328=EDGE_CURVE('',#1754,#1753,#1964,.T.);
#1329=EDGE_CURVE('',#1754,#1750,#186,.F.);
#1330=EDGE_CURVE('',#1605,#1711,#187,.F.);
#1331=EDGE_CURVE('',#1644,#1592,#188,.F.);
#1332=EDGE_CURVE('',#1591,#1701,#189,.F.);
#1333=EDGE_CURVE('',#1700,#1606,#190,.F.);
#1334=EDGE_CURVE('',#1715,#1755,#116,.T.);
#1335=EDGE_CURVE('',#1755,#1756,#1965,.F.);
#1336=EDGE_CURVE('',#1756,#1739,#117,.F.);
#1337=EDGE_CURVE('',#1738,#1757,#118,.T.);
#1338=EDGE_CURVE('',#1757,#1758,#1966,.T.);
#1339=EDGE_CURVE('',#1758,#1716,#119,.F.);
#1340=EDGE_CURVE('',#1759,#1636,#1967,.T.);
#1341=EDGE_CURVE('',#1635,#1596,#1968,.F.);
#1342=EDGE_CURVE('',#1595,#1642,#1969,.T.);
#1343=EDGE_CURVE('',#1641,#1760,#1970,.F.);
#1344=EDGE_CURVE('',#1760,#1759,#1971,.T.);
#1345=EDGE_CURVE('',#1761,#1761,#191,.T.);
#1346=EDGE_CURVE('',#1762,#1762,#192,.T.);
#1347=EDGE_CURVE('',#1763,#1763,#193,.T.);
#1348=EDGE_CURVE('',#1764,#1764,#194,.T.);
#1349=EDGE_CURVE('',#1765,#1766,#1972,.T.);
#1350=EDGE_CURVE('',#1766,#1767,#195,.T.);
#1351=EDGE_CURVE('',#1767,#1768,#1973,.T.);
#1352=EDGE_CURVE('',#1768,#1769,#196,.T.);
#1353=EDGE_CURVE('',#1769,#1770,#1974,.T.);
#1354=EDGE_CURVE('',#1770,#1771,#1975,.T.);
#1355=EDGE_CURVE('',#1771,#1651,#197,.F.);
#1356=EDGE_CURVE('',#1650,#1772,#198,.F.);
#1357=EDGE_CURVE('',#1773,#1772,#1976,.T.);
#1358=EDGE_CURVE('',#1774,#1773,#1977,.T.);
#1359=EDGE_CURVE('',#1774,#1775,#199,.T.);
#1360=EDGE_CURVE('',#1776,#1775,#1978,.T.);
#1361=EDGE_CURVE('',#1776,#1777,#200,.T.);
#1362=EDGE_CURVE('',#1778,#1777,#1979,.T.);
#1363=EDGE_CURVE('',#1778,#1669,#1980,.T.);
#1364=EDGE_CURVE('',#1671,#1779,#201,.T.);
#1365=EDGE_CURVE('',#1780,#1779,#1981,.T.);
#1366=EDGE_CURVE('',#1780,#1697,#202,.T.);
#1367=EDGE_CURVE('',#1696,#1781,#203,.T.);
#1368=EDGE_CURVE('',#1781,#1782,#1982,.T.);
#1369=EDGE_CURVE('',#1782,#1649,#204,.T.);
#1370=EDGE_CURVE('',#1765,#1648,#1983,.T.);
#1371=EDGE_CURVE('',#1613,#1628,#1984,.F.);
#1372=EDGE_CURVE('',#1627,#1783,#1985,.T.);
#1373=EDGE_CURVE('',#1783,#1784,#1986,.F.);
#1374=EDGE_CURVE('',#1784,#1622,#1987,.F.);
#1375=EDGE_CURVE('',#1621,#1614,#1988,.T.);
#1376=EDGE_CURVE('',#1785,#1786,#1989,.F.);
#1377=EDGE_CURVE('',#1786,#1787,#1990,.F.);
#1378=EDGE_CURVE('',#1787,#1788,#1991,.F.);
#1379=EDGE_CURVE('',#1788,#1785,#1992,.T.);
#1380=EDGE_CURVE('',#1789,#1790,#1993,.T.);
#1381=EDGE_CURVE('',#1790,#1791,#1994,.T.);
#1382=EDGE_CURVE('',#1791,#1792,#1995,.T.);
#1383=EDGE_CURVE('',#1792,#1789,#1996,.F.);
#1384=EDGE_CURVE('',#1793,#1793,#205,.T.);
#1385=EDGE_CURVE('',#1794,#1794,#206,.T.);
#1386=EDGE_CURVE('',#1698,#1795,#207,.F.);
#1387=EDGE_CURVE('',#1795,#1796,#1997,.T.);
#1388=EDGE_CURVE('',#1796,#1670,#208,.F.);
#1389=EDGE_CURVE('',#1668,#1604,#209,.T.);
#1390=EDGE_CURVE('',#1603,#1699,#210,.T.);
#1391=EDGE_CURVE('',#1795,#1780,#1998,.F.);
#1392=EDGE_CURVE('',#1779,#1796,#1999,.T.);
#1393=EDGE_CURVE('',#1797,#1797,#211,.T.);
#1394=EDGE_CURVE('',#1798,#1798,#212,.T.);
#1395=EDGE_CURVE('',#1646,#1799,#213,.F.);
#1396=EDGE_CURVE('',#1800,#1799,#2000,.T.);
#1397=EDGE_CURVE('',#1800,#1694,#214,.F.);
#1398=EDGE_CURVE('',#1695,#1594,#215,.T.);
#1399=EDGE_CURVE('',#1593,#1647,#216,.T.);
#1400=EDGE_CURVE('',#1799,#1782,#2001,.F.);
#1401=EDGE_CURVE('',#1781,#1800,#2002,.T.);
#1402=EDGE_CURVE('',#1690,#1748,#2003,.F.);
#1403=EDGE_CURVE('',#1747,#1691,#2004,.T.);
#1404=EDGE_CURVE('',#1692,#1746,#2005,.F.);
#1405=EDGE_CURVE('',#1745,#1693,#2006,.T.);
#1406=EDGE_CURVE('',#1743,#1686,#2007,.T.);
#1407=EDGE_CURVE('',#1687,#1744,#2008,.F.);
#1408=EDGE_CURVE('',#1742,#1689,#2009,.T.);
#1409=EDGE_CURVE('',#1688,#1741,#2010,.F.);
#1410=EDGE_CURVE('',#1684,#1749,#2011,.F.);
#1411=EDGE_CURVE('',#1750,#1685,#2012,.T.);
#1412=EDGE_CURVE('',#1753,#1680,#2013,.T.);
#1413=EDGE_CURVE('',#1681,#1754,#2014,.F.);
#1414=EDGE_CURVE('',#1751,#1683,#2015,.T.);
#1415=EDGE_CURVE('',#1682,#1752,#2016,.F.);
#1416=EDGE_CURVE('',#1724,#1656,#2017,.F.);
#1417=EDGE_CURVE('',#1655,#1725,#2018,.T.);
#1418=EDGE_CURVE('',#1657,#1723,#2019,.T.);
#1419=EDGE_CURVE('',#1722,#1658,#2020,.F.);
#1420=EDGE_CURVE('',#1721,#1801,#2021,.F.);
#1421=EDGE_CURVE('',#1802,#1801,#2022,.T.);
#1422=EDGE_CURVE('',#1802,#1720,#2023,.T.);
#1423=EDGE_CURVE('',#1653,#1727,#2024,.T.);
#1424=EDGE_CURVE('',#1726,#1654,#2025,.F.);
#1425=EDGE_CURVE('',#1666,#1728,#2026,.T.);
#1426=EDGE_CURVE('',#1803,#1729,#2027,.T.);
#1427=EDGE_CURVE('',#1804,#1803,#2028,.T.);
#1428=EDGE_CURVE('',#1805,#1804,#2029,.T.);
#1429=EDGE_CURVE('',#1805,#1667,#115,.F.);
#1430=EDGE_CURVE('',#1732,#1806,#2030,.F.);
#1431=EDGE_CURVE('',#1806,#1803,#2031,.T.);
#1432=EDGE_CURVE('',#1730,#1665,#2032,.F.);
#1433=EDGE_CURVE('',#1664,#1731,#2033,.T.);
#1434=EDGE_CURVE('',#1806,#1663,#217,.F.);
#1435=EDGE_CURVE('',#1801,#1807,#218,.F.);
#1436=EDGE_CURVE('',#1652,#1808,#120,.T.);
#1437=EDGE_CURVE('',#1807,#1808,#2034,.T.);
#1438=EDGE_CURVE('',#1659,#1802,#219,.F.);
#1439=EDGE_CURVE('',#1710,#1668,#2035,.F.);
#1440=EDGE_CURVE('',#1647,#1645,#2036,.T.);
#1441=EDGE_CURVE('',#1791,#1756,#220,.T.);
#1442=EDGE_CURVE('',#1755,#1792,#221,.F.);
#1443=EDGE_CURVE('',#1783,#1790,#222,.T.);
#1444=EDGE_CURVE('',#1789,#1784,#223,.F.);
#1445=EDGE_CURVE('',#1757,#1786,#224,.T.);
#1446=EDGE_CURVE('',#1785,#1758,#225,.F.);
#1447=EDGE_CURVE('',#1787,#1759,#226,.T.);
#1448=EDGE_CURVE('',#1760,#1788,#227,.F.);
#1449=EDGE_CURVE('',#1740,#1791,#228,.T.);
#1450=EDGE_CURVE('',#1733,#1790,#229,.T.);
#1451=EDGE_CURVE('',#1734,#1783,#230,.T.);
#1452=EDGE_CURVE('',#1786,#1737,#231,.T.);
#1453=EDGE_CURVE('',#1787,#1736,#232,.T.);
#1454=EDGE_CURVE('',#1759,#1735,#233,.T.);
#1455=EDGE_CURVE('',#1792,#1714,#234,.T.);
#1456=EDGE_CURVE('',#1789,#1713,#235,.T.);
#1457=EDGE_CURVE('',#1784,#1712,#236,.T.);
#1458=EDGE_CURVE('',#1717,#1785,#237,.T.);
#1459=EDGE_CURVE('',#1718,#1788,#238,.T.);
#1460=EDGE_CURVE('',#1719,#1760,#239,.T.);
#1461=EDGE_CURVE('',#1809,#1810,#2037,.T.);
#1462=EDGE_CURVE('',#1810,#1811,#2038,.F.);
#1463=EDGE_CURVE('',#1811,#1812,#2039,.F.);
#1464=EDGE_CURVE('',#1812,#1809,#2040,.T.);
#1465=EDGE_CURVE('',#1813,#1814,#2041,.F.);
#1466=EDGE_CURVE('',#1814,#1815,#2042,.F.);
#1467=EDGE_CURVE('',#1815,#1816,#2043,.T.);
#1468=EDGE_CURVE('',#1816,#1813,#2044,.T.);
#1469=EDGE_CURVE('',#1817,#1818,#2045,.T.);
#1470=EDGE_CURVE('',#1818,#1819,#2046,.F.);
#1471=EDGE_CURVE('',#1819,#1820,#2047,.F.);
#1472=EDGE_CURVE('',#1820,#1817,#2048,.T.);
#1473=EDGE_CURVE('',#1821,#1822,#2049,.F.);
#1474=EDGE_CURVE('',#1822,#1823,#2050,.F.);
#1475=EDGE_CURVE('',#1823,#1824,#2051,.T.);
#1476=EDGE_CURVE('',#1824,#1821,#2052,.T.);
#1477=EDGE_CURVE('',#1825,#1826,#2053,.T.);
#1478=EDGE_CURVE('',#1826,#1827,#2054,.F.);
#1479=EDGE_CURVE('',#1827,#1828,#2055,.F.);
#1480=EDGE_CURVE('',#1828,#1825,#2056,.T.);
#1481=EDGE_CURVE('',#1829,#1830,#2057,.F.);
#1482=EDGE_CURVE('',#1830,#1831,#2058,.T.);
#1483=EDGE_CURVE('',#1831,#1832,#2059,.T.);
#1484=EDGE_CURVE('',#1832,#1829,#2060,.F.);
#1485=EDGE_CURVE('',#1833,#1834,#2061,.T.);
#1486=EDGE_CURVE('',#1834,#1835,#2062,.T.);
#1487=EDGE_CURVE('',#1835,#1836,#2063,.F.);
#1488=EDGE_CURVE('',#1836,#1833,#2064,.F.);
#1489=EDGE_CURVE('',#1837,#1838,#2065,.T.);
#1490=EDGE_CURVE('',#1838,#1839,#2066,.T.);
#1491=EDGE_CURVE('',#1839,#1840,#2067,.F.);
#1492=EDGE_CURVE('',#1840,#1837,#2068,.F.);
#1493=EDGE_CURVE('',#1841,#1842,#2069,.F.);
#1494=EDGE_CURVE('',#1842,#1843,#2070,.T.);
#1495=EDGE_CURVE('',#1843,#1844,#2071,.T.);
#1496=EDGE_CURVE('',#1844,#1841,#2072,.F.);
#1497=EDGE_CURVE('',#1845,#1846,#2073,.T.);
#1498=EDGE_CURVE('',#1846,#1847,#2074,.T.);
#1499=EDGE_CURVE('',#1847,#1848,#2075,.F.);
#1500=EDGE_CURVE('',#1848,#1845,#2076,.F.);
#1501=EDGE_CURVE('',#1830,#1833,#240,.T.);
#1502=EDGE_CURVE('',#1834,#1829,#241,.T.);
#1503=EDGE_CURVE('',#1830,#1845,#242,.F.);
#1504=EDGE_CURVE('',#1845,#1833,#243,.F.);
#1505=EDGE_CURVE('',#1834,#1704,#244,.F.);
#1506=EDGE_CURVE('',#1705,#1829,#245,.F.);
#1507=EDGE_CURVE('',#1846,#1836,#246,.T.);
#1508=EDGE_CURVE('',#1831,#1848,#247,.T.);
#1509=EDGE_CURVE('',#1832,#1841,#248,.T.);
#1510=EDGE_CURVE('',#1842,#1831,#249,.T.);
#1511=EDGE_CURVE('',#1706,#1832,#250,.T.);
#1512=EDGE_CURVE('',#1835,#1702,#251,.T.);
#1513=EDGE_CURVE('',#1836,#1837,#252,.T.);
#1514=EDGE_CURVE('',#1838,#1835,#253,.T.);
#1515=EDGE_CURVE('',#1846,#1837,#254,.F.);
#1516=EDGE_CURVE('',#1842,#1848,#255,.F.);
#1517=EDGE_CURVE('',#1707,#1841,#256,.F.);
#1518=EDGE_CURVE('',#1838,#1703,#257,.F.);
#1519=EDGE_CURVE('',#1847,#1840,#258,.T.);
#1520=EDGE_CURVE('',#1843,#1847,#259,.T.);
#1521=EDGE_CURVE('',#1708,#1844,#260,.T.);
#1522=EDGE_CURVE('',#1839,#1709,#261,.T.);
#1523=EDGE_CURVE('',#1843,#1840,#262,.F.);
#1524=EDGE_CURVE('',#1839,#1844,#263,.F.);
#1525=EDGE_CURVE('',#1820,#1825,#264,.T.);
#1526=EDGE_CURVE('',#1826,#1819,#265,.T.);
#1527=EDGE_CURVE('',#1820,#1814,#266,.F.);
#1528=EDGE_CURVE('',#1814,#1825,#267,.F.);
#1529=EDGE_CURVE('',#1826,#1824,#268,.F.);
#1530=EDGE_CURVE('',#1824,#1819,#269,.F.);
#1531=EDGE_CURVE('',#1815,#1828,#270,.T.);
#1532=EDGE_CURVE('',#1817,#1813,#271,.T.);
#1533=EDGE_CURVE('',#1818,#1677,#272,.T.);
#1534=EDGE_CURVE('',#1678,#1817,#273,.T.);
#1535=EDGE_CURVE('',#1821,#1818,#274,.T.);
#1536=EDGE_CURVE('',#1827,#1823,#275,.T.);
#1537=EDGE_CURVE('',#1828,#1812,#276,.T.);
#1538=EDGE_CURVE('',#1809,#1827,#277,.T.);
#1539=EDGE_CURVE('',#1815,#1812,#278,.F.);
#1540=EDGE_CURVE('',#1679,#1813,#279,.F.);
#1541=EDGE_CURVE('',#1821,#1676,#280,.F.);
#1542=EDGE_CURVE('',#1809,#1823,#281,.F.);
#1543=EDGE_CURVE('',#1816,#1811,#282,.T.);
#1544=EDGE_CURVE('',#1673,#1816,#283,.T.);
#1545=EDGE_CURVE('',#1822,#1675,#284,.T.);
#1546=EDGE_CURVE('',#1810,#1822,#285,.T.);
#1547=EDGE_CURVE('',#1672,#1811,#286,.F.);
#1548=EDGE_CURVE('',#1810,#1674,#287,.F.);
#1549=EDGE_CURVE('',#1663,#1804,#2077,.T.);
#1550=EDGE_CURVE('',#1772,#1805,#2078,.F.);
#1551=EDGE_CURVE('',#1849,#1662,#2079,.T.);
#1552=EDGE_CURVE('',#1849,#1773,#2080,.T.);
#1553=EDGE_CURVE('',#1850,#1710,#2081,.T.);
#1554=EDGE_CURVE('',#1849,#1850,#288,.T.);
#1555=EDGE_CURVE('',#1850,#1778,#2082,.F.);
#1556=EDGE_CURVE('',#1777,#1851,#2083,.F.);
#1557=EDGE_CURVE('',#1851,#1852,#289,.F.);
#1558=EDGE_CURVE('',#1852,#1774,#2084,.F.);
#1559=EDGE_CURVE('',#1853,#1775,#2085,.T.);
#1560=EDGE_CURVE('',#1853,#1854,#290,.T.);
#1561=EDGE_CURVE('',#1776,#1854,#2086,.T.);
#1562=EDGE_CURVE('',#1853,#1852,#291,.T.);
#1563=EDGE_CURVE('',#1854,#1851,#292,.T.);
#1564=EDGE_CURVE('',#1659,#1807,#2087,.T.);
#1565=EDGE_CURVE('',#1808,#1771,#2088,.T.);
#1566=EDGE_CURVE('',#1855,#1770,#2089,.T.);
#1567=EDGE_CURVE('',#1855,#1660,#2090,.T.);
#1568=EDGE_CURVE('',#1856,#1645,#2091,.T.);
#1569=EDGE_CURVE('',#1856,#1765,#2092,.F.);
#1570=EDGE_CURVE('',#1855,#1856,#293,.T.);
#1571=EDGE_CURVE('',#1857,#1858,#294,.F.);
#1572=EDGE_CURVE('',#1858,#1766,#2093,.T.);
#1573=EDGE_CURVE('',#1769,#1857,#2094,.T.);
#1574=EDGE_CURVE('',#1859,#1768,#2095,.T.);
#1575=EDGE_CURVE('',#1767,#1860,#2096,.T.);
#1576=EDGE_CURVE('',#1859,#1860,#295,.T.);
#1577=EDGE_CURVE('',#1857,#1859,#296,.T.);
#1578=EDGE_CURVE('',#1858,#1860,#297,.T.);
#1579=EDGE_CURVE('',#1629,#1602,#2097,.F.);
#1580=EDGE_CURVE('',#1601,#1630,#2098,.T.);
#1581=EDGE_CURVE('',#1631,#1600,#2099,.F.);
#1582=EDGE_CURVE('',#1599,#1632,#2100,.T.);
#1583=EDGE_CURVE('',#1597,#1634,#2101,.T.);
#1584=EDGE_CURVE('',#1633,#1598,#2102,.F.);
#1585=EDGE_CURVE('',#1609,#1618,#2103,.F.);
#1586=EDGE_CURVE('',#1617,#1610,#2104,.T.);
#1587=EDGE_CURVE('',#1611,#1615,#2105,.F.);
#1588=EDGE_CURVE('',#1616,#1612,#2106,.T.);
#1589=EDGE_CURVE('',#1619,#1608,#2107,.T.);
#1590=EDGE_CURVE('',#1607,#1620,#2108,.F.);
#1591=VERTEX_POINT('',#4257);
#1592=VERTEX_POINT('',#4258);
#1593=VERTEX_POINT('',#4260);
#1594=VERTEX_POINT('',#4262);
#1595=VERTEX_POINT('',#4265);
#1596=VERTEX_POINT('',#4266);
#1597=VERTEX_POINT('',#4268);
#1598=VERTEX_POINT('',#4270);
#1599=VERTEX_POINT('',#4272);
#1600=VERTEX_POINT('',#4274);
#1601=VERTEX_POINT('',#4276);
#1602=VERTEX_POINT('',#4278);
#1603=VERTEX_POINT('',#4282);
#1604=VERTEX_POINT('',#4283);
#1605=VERTEX_POINT('',#4285);
#1606=VERTEX_POINT('',#4287);
#1607=VERTEX_POINT('',#4290);
#1608=VERTEX_POINT('',#4291);
#1609=VERTEX_POINT('',#4293);
#1610=VERTEX_POINT('',#4295);
#1611=VERTEX_POINT('',#4297);
#1612=VERTEX_POINT('',#4299);
#1613=VERTEX_POINT('',#4301);
#1614=VERTEX_POINT('',#4303);
#1615=VERTEX_POINT('',#4307);
#1616=VERTEX_POINT('',#4308);
#1617=VERTEX_POINT('',#4310);
#1618=VERTEX_POINT('',#4312);
#1619=VERTEX_POINT('',#4314);
#1620=VERTEX_POINT('',#4316);
#1621=VERTEX_POINT('',#4318);
#1622=VERTEX_POINT('',#4320);
#1623=VERTEX_POINT('',#4322);
#1624=VERTEX_POINT('',#4324);
#1625=VERTEX_POINT('',#4326);
#1626=VERTEX_POINT('',#4328);
#1627=VERTEX_POINT('',#4330);
#1628=VERTEX_POINT('',#4332);
#1629=VERTEX_POINT('',#4336);
#1630=VERTEX_POINT('',#4337);
#1631=VERTEX_POINT('',#4339);
#1632=VERTEX_POINT('',#4341);
#1633=VERTEX_POINT('',#4343);
#1634=VERTEX_POINT('',#4345);
#1635=VERTEX_POINT('',#4347);
#1636=VERTEX_POINT('',#4349);
#1637=VERTEX_POINT('',#4351);
#1638=VERTEX_POINT('',#4353);
#1639=VERTEX_POINT('',#4355);
#1640=VERTEX_POINT('',#4357);
#1641=VERTEX_POINT('',#4359);
#1642=VERTEX_POINT('',#4361);
#1643=VERTEX_POINT('',#4365);
#1644=VERTEX_POINT('',#4366);
#1645=VERTEX_POINT('',#4368);
#1646=VERTEX_POINT('',#4372);
#1647=VERTEX_POINT('',#4373);
#1648=VERTEX_POINT('',#4375);
#1649=VERTEX_POINT('',#4377);
#1650=VERTEX_POINT('',#4381);
#1651=VERTEX_POINT('',#4382);
#1652=VERTEX_POINT('',#4384);
#1653=VERTEX_POINT('',#4386);
#1654=VERTEX_POINT('',#4388);
#1655=VERTEX_POINT('',#4390);
#1656=VERTEX_POINT('',#4392);
#1657=VERTEX_POINT('',#4394);
#1658=VERTEX_POINT('',#4396);
#1659=VERTEX_POINT('',#4398);
#1660=VERTEX_POINT('',#4400);
#1661=VERTEX_POINT('',#4403);
#1662=VERTEX_POINT('',#4405);
#1663=VERTEX_POINT('',#4407);
#1664=VERTEX_POINT('',#4409);
#1665=VERTEX_POINT('',#4411);
#1666=VERTEX_POINT('',#4413);
#1667=VERTEX_POINT('',#4415);
#1668=VERTEX_POINT('',#4419);
#1669=VERTEX_POINT('',#4420);
#1670=VERTEX_POINT('',#4422);
#1671=VERTEX_POINT('',#4424);
#1672=VERTEX_POINT('',#4428);
#1673=VERTEX_POINT('',#4429);
#1674=VERTEX_POINT('',#4431);
#1675=VERTEX_POINT('',#4433);
#1676=VERTEX_POINT('',#4435);
#1677=VERTEX_POINT('',#4437);
#1678=VERTEX_POINT('',#4439);
#1679=VERTEX_POINT('',#4441);
#1680=VERTEX_POINT('',#4444);
#1681=VERTEX_POINT('',#4445);
#1682=VERTEX_POINT('',#4447);
#1683=VERTEX_POINT('',#4449);
#1684=VERTEX_POINT('',#4451);
#1685=VERTEX_POINT('',#4453);
#1686=VERTEX_POINT('',#4456);
#1687=VERTEX_POINT('',#4457);
#1688=VERTEX_POINT('',#4459);
#1689=VERTEX_POINT('',#4461);
#1690=VERTEX_POINT('',#4463);
#1691=VERTEX_POINT('',#4465);
#1692=VERTEX_POINT('',#4467);
#1693=VERTEX_POINT('',#4469);
#1694=VERTEX_POINT('',#4472);
#1695=VERTEX_POINT('',#4473);
#1696=VERTEX_POINT('',#4475);
#1697=VERTEX_POINT('',#4477);
#1698=VERTEX_POINT('',#4479);
#1699=VERTEX_POINT('',#4481);
#1700=VERTEX_POINT('',#4483);
#1701=VERTEX_POINT('',#4485);
#1702=VERTEX_POINT('',#4488);
#1703=VERTEX_POINT('',#4489);
#1704=VERTEX_POINT('',#4491);
#1705=VERTEX_POINT('',#4493);
#1706=VERTEX_POINT('',#4495);
#1707=VERTEX_POINT('',#4497);
#1708=VERTEX_POINT('',#4499);
#1709=VERTEX_POINT('',#4501);
#1710=VERTEX_POINT('',#4505);
#1711=VERTEX_POINT('',#4507);
#1712=VERTEX_POINT('',#4511);
#1713=VERTEX_POINT('',#4513);
#1714=VERTEX_POINT('',#4515);
#1715=VERTEX_POINT('',#4517);
#1716=VERTEX_POINT('',#4519);
#1717=VERTEX_POINT('',#4521);
#1718=VERTEX_POINT('',#4523);
#1719=VERTEX_POINT('',#4525);
#1720=VERTEX_POINT('',#4529);
#1721=VERTEX_POINT('',#4530);
#1722=VERTEX_POINT('',#4532);
#1723=VERTEX_POINT('',#4534);
#1724=VERTEX_POINT('',#4536);
#1725=VERTEX_POINT('',#4538);
#1726=VERTEX_POINT('',#4540);
#1727=VERTEX_POINT('',#4542);
#1728=VERTEX_POINT('',#4545);
#1729=VERTEX_POINT('',#4546);
#1730=VERTEX_POINT('',#4548);
#1731=VERTEX_POINT('',#4550);
#1732=VERTEX_POINT('',#4552);
#1733=VERTEX_POINT('',#4556);
#1734=VERTEX_POINT('',#4557);
#1735=VERTEX_POINT('',#4561);
#1736=VERTEX_POINT('',#4563);
#1737=VERTEX_POINT('',#4565);
#1738=VERTEX_POINT('',#4567);
#1739=VERTEX_POINT('',#4569);
#1740=VERTEX_POINT('',#4571);
#1741=VERTEX_POINT('',#4574);
#1742=VERTEX_POINT('',#4575);
#1743=VERTEX_POINT('',#4577);
#1744=VERTEX_POINT('',#4579);
#1745=VERTEX_POINT('',#4581);
#1746=VERTEX_POINT('',#4583);
#1747=VERTEX_POINT('',#4585);
#1748=VERTEX_POINT('',#4587);
#1749=VERTEX_POINT('',#4590);
#1750=VERTEX_POINT('',#4591);
#1751=VERTEX_POINT('',#4593);
#1752=VERTEX_POINT('',#4595);
#1753=VERTEX_POINT('',#4597);
#1754=VERTEX_POINT('',#4599);
#1755=VERTEX_POINT('',#4612);
#1756=VERTEX_POINT('',#4614);
#1757=VERTEX_POINT('',#4627);
#1758=VERTEX_POINT('',#4629);
#1759=VERTEX_POINT('',#4638);
#1760=VERTEX_POINT('',#4642);
#1761=VERTEX_POINT('',#4646);
#1762=VERTEX_POINT('',#4648);
#1763=VERTEX_POINT('',#4650);
#1764=VERTEX_POINT('',#4652);
#1765=VERTEX_POINT('',#4654);
#1766=VERTEX_POINT('',#4655);
#1767=VERTEX_POINT('',#4657);
#1768=VERTEX_POINT('',#4659);
#1769=VERTEX_POINT('',#4661);
#1770=VERTEX_POINT('',#4663);
#1771=VERTEX_POINT('',#4665);
#1772=VERTEX_POINT('',#4668);
#1773=VERTEX_POINT('',#4670);
#1774=VERTEX_POINT('',#4672);
#1775=VERTEX_POINT('',#4674);
#1776=VERTEX_POINT('',#4676);
#1777=VERTEX_POINT('',#4678);
#1778=VERTEX_POINT('',#4680);
#1779=VERTEX_POINT('',#4683);
#1780=VERTEX_POINT('',#4685);
#1781=VERTEX_POINT('',#4688);
#1782=VERTEX_POINT('',#4690);
#1783=VERTEX_POINT('',#4696);
#1784=VERTEX_POINT('',#4698);
#1785=VERTEX_POINT('',#4703);
#1786=VERTEX_POINT('',#4704);
#1787=VERTEX_POINT('',#4706);
#1788=VERTEX_POINT('',#4708);
#1789=VERTEX_POINT('',#4712);
#1790=VERTEX_POINT('',#4713);
#1791=VERTEX_POINT('',#4715);
#1792=VERTEX_POINT('',#4717);
#1793=VERTEX_POINT('',#4721);
#1794=VERTEX_POINT('',#4723);
#1795=VERTEX_POINT('',#4725);
#1796=VERTEX_POINT('',#4727);
#1797=VERTEX_POINT('',#4736);
#1798=VERTEX_POINT('',#4738);
#1799=VERTEX_POINT('',#4740);
#1800=VERTEX_POINT('',#4742);
#1801=VERTEX_POINT('',#4778);
#1802=VERTEX_POINT('',#4780);
#1803=VERTEX_POINT('',#4788);
#1804=VERTEX_POINT('',#4790);
#1805=VERTEX_POINT('',#4792);
#1806=VERTEX_POINT('',#4796);
#1807=VERTEX_POINT('',#4806);
#1808=VERTEX_POINT('',#4813);
#1809=VERTEX_POINT('',#4882);
#1810=VERTEX_POINT('',#4883);
#1811=VERTEX_POINT('',#4885);
#1812=VERTEX_POINT('',#4887);
#1813=VERTEX_POINT('',#4891);
#1814=VERTEX_POINT('',#4892);
#1815=VERTEX_POINT('',#4894);
#1816=VERTEX_POINT('',#4896);
#1817=VERTEX_POINT('',#4900);
#1818=VERTEX_POINT('',#4901);
#1819=VERTEX_POINT('',#4903);
#1820=VERTEX_POINT('',#4905);
#1821=VERTEX_POINT('',#4909);
#1822=VERTEX_POINT('',#4910);
#1823=VERTEX_POINT('',#4912);
#1824=VERTEX_POINT('',#4914);
#1825=VERTEX_POINT('',#4918);
#1826=VERTEX_POINT('',#4919);
#1827=VERTEX_POINT('',#4921);
#1828=VERTEX_POINT('',#4923);
#1829=VERTEX_POINT('',#4927);
#1830=VERTEX_POINT('',#4928);
#1831=VERTEX_POINT('',#4930);
#1832=VERTEX_POINT('',#4932);
#1833=VERTEX_POINT('',#4936);
#1834=VERTEX_POINT('',#4937);
#1835=VERTEX_POINT('',#4939);
#1836=VERTEX_POINT('',#4941);
#1837=VERTEX_POINT('',#4945);
#1838=VERTEX_POINT('',#4946);
#1839=VERTEX_POINT('',#4948);
#1840=VERTEX_POINT('',#4950);
#1841=VERTEX_POINT('',#4954);
#1842=VERTEX_POINT('',#4955);
#1843=VERTEX_POINT('',#4957);
#1844=VERTEX_POINT('',#4959);
#1845=VERTEX_POINT('',#4963);
#1846=VERTEX_POINT('',#4964);
#1847=VERTEX_POINT('',#4966);
#1848=VERTEX_POINT('',#4968);
#1849=VERTEX_POINT('',#5063);
#1850=VERTEX_POINT('',#5067);
#1851=VERTEX_POINT('',#5073);
#1852=VERTEX_POINT('',#5075);
#1853=VERTEX_POINT('',#5079);
#1854=VERTEX_POINT('',#5081);
#1855=VERTEX_POINT('',#5094);
#1856=VERTEX_POINT('',#5098);
#1857=VERTEX_POINT('',#5104);
#1858=VERTEX_POINT('',#5105);
#1859=VERTEX_POINT('',#5110);
#1860=VERTEX_POINT('',#5112);
#1861=LINE('',#4256,#2109);
#1862=LINE('',#4259,#2110);
#1863=LINE('',#4261,#2111);
#1864=LINE('',#4263,#2112);
#1865=LINE('',#4264,#2113);
#1866=LINE('',#4269,#2114);
#1867=LINE('',#4273,#2115);
#1868=LINE('',#4277,#2116);
#1869=LINE('',#4281,#2117);
#1870=LINE('',#4284,#2118);
#1871=LINE('',#4286,#2119);
#1872=LINE('',#4288,#2120);
#1873=LINE('',#4289,#2121);
#1874=LINE('',#4294,#2122);
#1875=LINE('',#4298,#2123);
#1876=LINE('',#4302,#2124);
#1877=LINE('',#4306,#2125);
#1878=LINE('',#4311,#2126);
#1879=LINE('',#4315,#2127);
#1880=LINE('',#4319,#2128);
#1881=LINE('',#4323,#2129);
#1882=LINE('',#4325,#2130);
#1883=LINE('',#4327,#2131);
#1884=LINE('',#4331,#2132);
#1885=LINE('',#4335,#2133);
#1886=LINE('',#4340,#2134);
#1887=LINE('',#4344,#2135);
#1888=LINE('',#4348,#2136);
#1889=LINE('',#4352,#2137);
#1890=LINE('',#4354,#2138);
#1891=LINE('',#4356,#2139);
#1892=LINE('',#4360,#2140);
#1893=LINE('',#4364,#2141);
#1894=LINE('',#4369,#2142);
#1895=LINE('',#4371,#2143);
#1896=LINE('',#4374,#2144);
#1897=LINE('',#4376,#2145);
#1898=LINE('',#4378,#2146);
#1899=LINE('',#4380,#2147);
#1900=LINE('',#4383,#2148);
#1901=LINE('',#4387,#2149);
#1902=LINE('',#4391,#2150);
#1903=LINE('',#4395,#2151);
#1904=LINE('',#4399,#2152);
#1905=LINE('',#4402,#2153);
#1906=LINE('',#4406,#2154);
#1907=LINE('',#4410,#2155);
#1908=LINE('',#4414,#2156);
#1909=LINE('',#4416,#2157);
#1910=LINE('',#4418,#2158);
#1911=LINE('',#4421,#2159);
#1912=LINE('',#4423,#2160);
#1913=LINE('',#4425,#2161);
#1914=LINE('',#4430,#2162);
#1915=LINE('',#4434,#2163);
#1916=LINE('',#4438,#2164);
#1917=LINE('',#4442,#2165);
#1918=LINE('',#4443,#2166);
#1919=LINE('',#4448,#2167);
#1920=LINE('',#4452,#2168);
#1921=LINE('',#4455,#2169);
#1922=LINE('',#4460,#2170);
#1923=LINE('',#4464,#2171);
#1924=LINE('',#4468,#2172);
#1925=LINE('',#4471,#2173);
#1926=LINE('',#4474,#2174);
#1927=LINE('',#4476,#2175);
#1928=LINE('',#4478,#2176);
#1929=LINE('',#4480,#2177);
#1930=LINE('',#4482,#2178);
#1931=LINE('',#4484,#2179);
#1932=LINE('',#4486,#2180);
#1933=LINE('',#4490,#2181);
#1934=LINE('',#4494,#2182);
#1935=LINE('',#4498,#2183);
#1936=LINE('',#4502,#2184);
#1937=LINE('',#4506,#2185);
#1938=LINE('',#4508,#2186);
#1939=LINE('',#4510,#2187);
#1940=LINE('',#4514,#2188);
#1941=LINE('',#4518,#2189);
#1942=LINE('',#4522,#2190);
#1943=LINE('',#4526,#2191);
#1944=LINE('',#4527,#2192);
#1945=LINE('',#4528,#2193);
#1946=LINE('',#4533,#2194);
#1947=LINE('',#4537,#2195);
#1948=LINE('',#4541,#2196);
#1949=LINE('',#4544,#2197);
#1950=LINE('',#4549,#2198);
#1951=LINE('',#4553,#2199);
#1952=LINE('',#4558,#2200);
#1953=LINE('',#4559,#2201);
#1954=LINE('',#4560,#2202);
#1955=LINE('',#4564,#2203);
#1956=LINE('',#4568,#2204);
#1957=LINE('',#4572,#2205);
#1958=LINE('',#4573,#2206);
#1959=LINE('',#4578,#2207);
#1960=LINE('',#4582,#2208);
#1961=LINE('',#4586,#2209);
#1962=LINE('',#4589,#2210);
#1963=LINE('',#4594,#2211);
#1964=LINE('',#4598,#2212);
#1965=LINE('',#4613,#2213);
#1966=LINE('',#4628,#2214);
#1967=LINE('',#4637,#2215);
#1968=LINE('',#4639,#2216);
#1969=LINE('',#4640,#2217);
#1970=LINE('',#4641,#2218);
#1971=LINE('',#4643,#2219);
#1972=LINE('',#4653,#2220);
#1973=LINE('',#4658,#2221);
#1974=LINE('',#4662,#2222);
#1975=LINE('',#4664,#2223);
#1976=LINE('',#4669,#2224);
#1977=LINE('',#4671,#2225);
#1978=LINE('',#4675,#2226);
#1979=LINE('',#4679,#2227);
#1980=LINE('',#4681,#2228);
#1981=LINE('',#4684,#2229);
#1982=LINE('',#4689,#2230);
#1983=LINE('',#4692,#2231);
#1984=LINE('',#4694,#2232);
#1985=LINE('',#4695,#2233);
#1986=LINE('',#4697,#2234);
#1987=LINE('',#4699,#2235);
#1988=LINE('',#4700,#2236);
#1989=LINE('',#4702,#2237);
#1990=LINE('',#4705,#2238);
#1991=LINE('',#4707,#2239);
#1992=LINE('',#4709,#2240);
#1993=LINE('',#4711,#2241);
#1994=LINE('',#4714,#2242);
#1995=LINE('',#4716,#2243);
#1996=LINE('',#4718,#2244);
#1997=LINE('',#4726,#2245);
#1998=LINE('',#4732,#2246);
#1999=LINE('',#4733,#2247);
#2000=LINE('',#4741,#2248);
#2001=LINE('',#4747,#2249);
#2002=LINE('',#4748,#2250);
#2003=LINE('',#4750,#2251);
#2004=LINE('',#4751,#2252);
#2005=LINE('',#4753,#2253);
#2006=LINE('',#4754,#2254);
#2007=LINE('',#4756,#2255);
#2008=LINE('',#4757,#2256);
#2009=LINE('',#4759,#2257);
#2010=LINE('',#4760,#2258);
#2011=LINE('',#4762,#2259);
#2012=LINE('',#4763,#2260);
#2013=LINE('',#4765,#2261);
#2014=LINE('',#4766,#2262);
#2015=LINE('',#4768,#2263);
#2016=LINE('',#4769,#2264);
#2017=LINE('',#4771,#2265);
#2018=LINE('',#4772,#2266);
#2019=LINE('',#4774,#2267);
#2020=LINE('',#4775,#2268);
#2021=LINE('',#4777,#2269);
#2022=LINE('',#4779,#2270);
#2023=LINE('',#4781,#2271);
#2024=LINE('',#4783,#2272);
#2025=LINE('',#4784,#2273);
#2026=LINE('',#4786,#2274);
#2027=LINE('',#4787,#2275);
#2028=LINE('',#4789,#2276);
#2029=LINE('',#4791,#2277);
#2030=LINE('',#4795,#2278);
#2031=LINE('',#4797,#2279);
#2032=LINE('',#4799,#2280);
#2033=LINE('',#4800,#2281);
#2034=LINE('',#4814,#2282);
#2035=LINE('',#4827,#2283);
#2036=LINE('',#4830,#2284);
#2037=LINE('',#4881,#2285);
#2038=LINE('',#4884,#2286);
#2039=LINE('',#4886,#2287);
#2040=LINE('',#4888,#2288);
#2041=LINE('',#4890,#2289);
#2042=LINE('',#4893,#2290);
#2043=LINE('',#4895,#2291);
#2044=LINE('',#4897,#2292);
#2045=LINE('',#4899,#2293);
#2046=LINE('',#4902,#2294);
#2047=LINE('',#4904,#2295);
#2048=LINE('',#4906,#2296);
#2049=LINE('',#4908,#2297);
#2050=LINE('',#4911,#2298);
#2051=LINE('',#4913,#2299);
#2052=LINE('',#4915,#2300);
#2053=LINE('',#4917,#2301);
#2054=LINE('',#4920,#2302);
#2055=LINE('',#4922,#2303);
#2056=LINE('',#4924,#2304);
#2057=LINE('',#4926,#2305);
#2058=LINE('',#4929,#2306);
#2059=LINE('',#4931,#2307);
#2060=LINE('',#4933,#2308);
#2061=LINE('',#4935,#2309);
#2062=LINE('',#4938,#2310);
#2063=LINE('',#4940,#2311);
#2064=LINE('',#4942,#2312);
#2065=LINE('',#4944,#2313);
#2066=LINE('',#4947,#2314);
#2067=LINE('',#4949,#2315);
#2068=LINE('',#4951,#2316);
#2069=LINE('',#4953,#2317);
#2070=LINE('',#4956,#2318);
#2071=LINE('',#4958,#2319);
#2072=LINE('',#4960,#2320);
#2073=LINE('',#4962,#2321);
#2074=LINE('',#4965,#2322);
#2075=LINE('',#4967,#2323);
#2076=LINE('',#4969,#2324);
#2077=LINE('',#5059,#2325);
#2078=LINE('',#5061,#2326);
#2079=LINE('',#5062,#2327);
#2080=LINE('',#5064,#2328);
#2081=LINE('',#5066,#2329);
#2082=LINE('',#5070,#2330);
#2083=LINE('',#5072,#2331);
#2084=LINE('',#5076,#2332);
#2085=LINE('',#5078,#2333);
#2086=LINE('',#5082,#2334);
#2087=LINE('',#5090,#2335);
#2088=LINE('',#5092,#2336);
#2089=LINE('',#5093,#2337);
#2090=LINE('',#5095,#2338);
#2091=LINE('',#5097,#2339);
#2092=LINE('',#5099,#2340);
#2093=LINE('',#5106,#2341);
#2094=LINE('',#5107,#2342);
#2095=LINE('',#5109,#2343);
#2096=LINE('',#5111,#2344);
#2097=LINE('',#5121,#2345);
#2098=LINE('',#5122,#2346);
#2099=LINE('',#5124,#2347);
#2100=LINE('',#5125,#2348);
#2101=LINE('',#5127,#2349);
#2102=LINE('',#5128,#2350);
#2103=LINE('',#5130,#2351);
#2104=LINE('',#5131,#2352);
#2105=LINE('',#5133,#2353);
#2106=LINE('',#5134,#2354);
#2107=LINE('',#5136,#2355);
#2108=LINE('',#5137,#2356);
#2109=VECTOR('',#3322,1.);
#2110=VECTOR('',#3323,1.);
#2111=VECTOR('',#3324,1.);
#2112=VECTOR('',#3325,1.);
#2113=VECTOR('',#3326,1.);
#2114=VECTOR('',#3329,1.);
#2115=VECTOR('',#3332,1.);
#2116=VECTOR('',#3335,1.);
#2117=VECTOR('',#3340,1.);
#2118=VECTOR('',#3341,1.);
#2119=VECTOR('',#3342,1.);
#2120=VECTOR('',#3343,1.);
#2121=VECTOR('',#3344,1.);
#2122=VECTOR('',#3347,1.);
#2123=VECTOR('',#3350,1.);
#2124=VECTOR('',#3353,1.);
#2125=VECTOR('',#3358,1.);
#2126=VECTOR('',#3361,1.);
#2127=VECTOR('',#3364,1.);
#2128=VECTOR('',#3367,1.);
#2129=VECTOR('',#3370,1.);
#2130=VECTOR('',#3371,1.);
#2131=VECTOR('',#3372,1.);
#2132=VECTOR('',#3375,1.);
#2133=VECTOR('',#3380,1.);
#2134=VECTOR('',#3383,1.);
#2135=VECTOR('',#3386,1.);
#2136=VECTOR('',#3389,1.);
#2137=VECTOR('',#3392,1.);
#2138=VECTOR('',#3393,1.);
#2139=VECTOR('',#3394,1.);
#2140=VECTOR('',#3397,1.);
#2141=VECTOR('',#3402,1.);
#2142=VECTOR('',#3405,1.);
#2143=VECTOR('',#3408,1.);
#2144=VECTOR('',#3409,1.);
#2145=VECTOR('',#3410,1.);
#2146=VECTOR('',#3411,1.);
#2147=VECTOR('',#3414,1.);
#2148=VECTOR('',#3415,1.);
#2149=VECTOR('',#3418,1.);
#2150=VECTOR('',#3421,1.);
#2151=VECTOR('',#3424,1.);
#2152=VECTOR('',#3427,1.);
#2153=VECTOR('',#3430,1.);
#2154=VECTOR('',#3433,1.);
#2155=VECTOR('',#3436,1.);
#2156=VECTOR('',#3439,1.);
#2157=VECTOR('',#3440,1.);
#2158=VECTOR('',#3443,1.);
#2159=VECTOR('',#3444,1.);
#2160=VECTOR('',#3445,1.);
#2161=VECTOR('',#3446,1.);
#2162=VECTOR('',#3451,1.);
#2163=VECTOR('',#3454,1.);
#2164=VECTOR('',#3457,1.);
#2165=VECTOR('',#3460,1.);
#2166=VECTOR('',#3461,1.);
#2167=VECTOR('',#3464,1.);
#2168=VECTOR('',#3467,1.);
#2169=VECTOR('',#3470,1.);
#2170=VECTOR('',#3473,1.);
#2171=VECTOR('',#3476,1.);
#2172=VECTOR('',#3479,1.);
#2173=VECTOR('',#3482,1.);
#2174=VECTOR('',#3483,1.);
#2175=VECTOR('',#3484,1.);
#2176=VECTOR('',#3485,1.);
#2177=VECTOR('',#3486,1.);
#2178=VECTOR('',#3487,1.);
#2179=VECTOR('',#3488,1.);
#2180=VECTOR('',#3489,1.);
#2181=VECTOR('',#3492,1.);
#2182=VECTOR('',#3495,1.);
#2183=VECTOR('',#3498,1.);
#2184=VECTOR('',#3501,1.);
#2185=VECTOR('',#3506,1.);
#2186=VECTOR('',#3507,1.);
#2187=VECTOR('',#3510,1.);
#2188=VECTOR('',#3513,1.);
#2189=VECTOR('',#3516,1.);
#2190=VECTOR('',#3519,1.);
#2191=VECTOR('',#3522,1.);
#2192=VECTOR('',#3523,1.);
#2193=VECTOR('',#3524,1.);
#2194=VECTOR('',#3527,1.);
#2195=VECTOR('',#3530,1.);
#2196=VECTOR('',#3533,1.);
#2197=VECTOR('',#3536,1.);
#2198=VECTOR('',#3539,1.);
#2199=VECTOR('',#3542,1.);
#2200=VECTOR('',#3547,1.);
#2201=VECTOR('',#3548,1.);
#2202=VECTOR('',#3549,1.);
#2203=VECTOR('',#3552,1.);
#2204=VECTOR('',#3555,1.);
#2205=VECTOR('',#3558,1.);
#2206=VECTOR('',#3559,1.);
#2207=VECTOR('',#3562,1.);
#2208=VECTOR('',#3565,1.);
#2209=VECTOR('',#3568,1.);
#2210=VECTOR('',#3571,1.);
#2211=VECTOR('',#3574,1.);
#2212=VECTOR('',#3577,1.);
#2213=VECTOR('',#3590,1.);
#2214=VECTOR('',#3591,1.);
#2215=VECTOR('',#3594,1.);
#2216=VECTOR('',#3595,1.);
#2217=VECTOR('',#3596,1.);
#2218=VECTOR('',#3597,1.);
#2219=VECTOR('',#3598,1.);
#2220=VECTOR('',#3609,1.);
#2221=VECTOR('',#3612,1.);
#2222=VECTOR('',#3615,1.);
#2223=VECTOR('',#3616,1.);
#2224=VECTOR('',#3621,1.);
#2225=VECTOR('',#3622,1.);
#2226=VECTOR('',#3625,1.);
#2227=VECTOR('',#3628,1.);
#2228=VECTOR('',#3629,1.);
#2229=VECTOR('',#3632,1.);
#2230=VECTOR('',#3637,1.);
#2231=VECTOR('',#3640,1.);
#2232=VECTOR('',#3643,1.);
#2233=VECTOR('',#3644,1.);
#2234=VECTOR('',#3645,1.);
#2235=VECTOR('',#3646,1.);
#2236=VECTOR('',#3647,1.);
#2237=VECTOR('',#3650,1.);
#2238=VECTOR('',#3651,1.);
#2239=VECTOR('',#3652,1.);
#2240=VECTOR('',#3653,1.);
#2241=VECTOR('',#3656,1.);
#2242=VECTOR('',#3657,1.);
#2243=VECTOR('',#3658,1.);
#2244=VECTOR('',#3659,1.);
#2245=VECTOR('',#3668,1.);
#2246=VECTOR('',#3677,1.);
#2247=VECTOR('',#3678,1.);
#2248=VECTOR('',#3687,1.);
#2249=VECTOR('',#3696,1.);
#2250=VECTOR('',#3697,1.);
#2251=VECTOR('',#3700,1.);
#2252=VECTOR('',#3701,1.);
#2253=VECTOR('',#3704,1.);
#2254=VECTOR('',#3705,1.);
#2255=VECTOR('',#3708,1.);
#2256=VECTOR('',#3709,1.);
#2257=VECTOR('',#3712,1.);
#2258=VECTOR('',#3713,1.);
#2259=VECTOR('',#3716,1.);
#2260=VECTOR('',#3717,1.);
#2261=VECTOR('',#3720,1.);
#2262=VECTOR('',#3721,1.);
#2263=VECTOR('',#3724,1.);
#2264=VECTOR('',#3725,1.);
#2265=VECTOR('',#3728,1.);
#2266=VECTOR('',#3729,1.);
#2267=VECTOR('',#3732,1.);
#2268=VECTOR('',#3733,1.);
#2269=VECTOR('',#3736,1.);
#2270=VECTOR('',#3737,1.);
#2271=VECTOR('',#3738,1.);
#2272=VECTOR('',#3741,1.);
#2273=VECTOR('',#3742,1.);
#2274=VECTOR('',#3745,1.);
#2275=VECTOR('',#3746,1.);
#2276=VECTOR('',#3747,1.);
#2277=VECTOR('',#3748,1.);
#2278=VECTOR('',#3753,1.);
#2279=VECTOR('',#3754,1.);
#2280=VECTOR('',#3757,1.);
#2281=VECTOR('',#3758,1.);
#2282=VECTOR('',#3769,1.);
#2283=VECTOR('',#3794,1.);
#2284=VECTOR('',#3799,1.);
#2285=VECTOR('',#3900,1.);
#2286=VECTOR('',#3901,1.);
#2287=VECTOR('',#3902,1.);
#2288=VECTOR('',#3903,1.);
#2289=VECTOR('',#3906,1.);
#2290=VECTOR('',#3907,1.);
#2291=VECTOR('',#3908,1.);
#2292=VECTOR('',#3909,1.);
#2293=VECTOR('',#3912,1.);
#2294=VECTOR('',#3913,1.);
#2295=VECTOR('',#3914,1.);
#2296=VECTOR('',#3915,1.);
#2297=VECTOR('',#3918,1.);
#2298=VECTOR('',#3919,1.);
#2299=VECTOR('',#3920,1.);
#2300=VECTOR('',#3921,1.);
#2301=VECTOR('',#3924,1.);
#2302=VECTOR('',#3925,1.);
#2303=VECTOR('',#3926,1.);
#2304=VECTOR('',#3927,1.);
#2305=VECTOR('',#3930,1.);
#2306=VECTOR('',#3931,1.);
#2307=VECTOR('',#3932,1.);
#2308=VECTOR('',#3933,1.);
#2309=VECTOR('',#3936,1.);
#2310=VECTOR('',#3937,1.);
#2311=VECTOR('',#3938,1.);
#2312=VECTOR('',#3939,1.);
#2313=VECTOR('',#3942,1.);
#2314=VECTOR('',#3943,1.);
#2315=VECTOR('',#3944,1.);
#2316=VECTOR('',#3945,1.);
#2317=VECTOR('',#3948,1.);
#2318=VECTOR('',#3949,1.);
#2319=VECTOR('',#3950,1.);
#2320=VECTOR('',#3951,1.);
#2321=VECTOR('',#3954,1.);
#2322=VECTOR('',#3955,1.);
#2323=VECTOR('',#3956,1.);
#2324=VECTOR('',#3957,1.);
#2325=VECTOR('',#4136,1.);
#2326=VECTOR('',#4139,1.);
#2327=VECTOR('',#4140,1.);
#2328=VECTOR('',#4141,1.);
#2329=VECTOR('',#4144,1.);
#2330=VECTOR('',#4149,1.);
#2331=VECTOR('',#4152,1.);
#2332=VECTOR('',#4155,1.);
#2333=VECTOR('',#4158,1.);
#2334=VECTOR('',#4161,1.);
#2335=VECTOR('',#4176,1.);
#2336=VECTOR('',#4179,1.);
#2337=VECTOR('',#4180,1.);
#2338=VECTOR('',#4181,1.);
#2339=VECTOR('',#4184,1.);
#2340=VECTOR('',#4185,1.);
#2341=VECTOR('',#4194,1.);
#2342=VECTOR('',#4195,1.);
#2343=VECTOR('',#4198,1.);
#2344=VECTOR('',#4199,1.);
#2345=VECTOR('',#4216,1.);
#2346=VECTOR('',#4217,1.);
#2347=VECTOR('',#4220,1.);
#2348=VECTOR('',#4221,1.);
#2349=VECTOR('',#4224,1.);
#2350=VECTOR('',#4225,1.);
#2351=VECTOR('',#4228,1.);
#2352=VECTOR('',#4229,1.);
#2353=VECTOR('',#4232,1.);
#2354=VECTOR('',#4233,1.);
#2355=VECTOR('',#4236,1.);
#2356=VECTOR('',#4237,1.);
#2357=EDGE_LOOP('',(#298,#299,#300,#301));
#2358=EDGE_LOOP('',(#302,#303,#304,#305,#306,#307,#308,#309));
#2359=EDGE_LOOP('',(#310,#311,#312,#313));
#2360=EDGE_LOOP('',(#314,#315,#316,#317,#318,#319,#320,#321));
#2361=EDGE_LOOP('',(#322,#323,#324,#325,#326,#327,#328,#329,#330,#331,#332,
#333,#334,#335));
#2362=EDGE_LOOP('',(#336,#337,#338,#339,#340,#341,#342,#343,#344,#345,#346,
#347,#348,#349));
#2363=EDGE_LOOP('',(#350,#351,#352));
#2364=EDGE_LOOP('',(#353,#354,#355,#356));
#2365=EDGE_LOOP('',(#357,#358,#359,#360,#361,#362,#363,#364,#365,#366,#367,
#368,#369,#370,#371,#372,#373,#374,#375));
#2366=EDGE_LOOP('',(#376,#377,#378,#379));
#2367=EDGE_LOOP('',(#380,#381,#382,#383,#384,#385,#386,#387));
#2368=EDGE_LOOP('',(#388,#389,#390,#391,#392,#393));
#2369=EDGE_LOOP('',(#394,#395,#396,#397,#398,#399,#400,#401));
#2370=EDGE_LOOP('',(#402,#403,#404,#405,#406,#407,#408,#409));
#2371=EDGE_LOOP('',(#410,#411,#412,#413,#414,#415,#416,#417));
#2372=EDGE_LOOP('',(#418,#419,#420));
#2373=EDGE_LOOP('',(#421,#422,#423,#424,#425,#426,#427,#428,#429,#430,#431,
#432));
#2374=EDGE_LOOP('',(#433,#434,#435,#436,#437,#438,#439,#440));
#2375=EDGE_LOOP('',(#441,#442,#443,#444,#445));
#2376=EDGE_LOOP('',(#446,#447,#448,#449,#450,#451,#452,#453,#454,#455,#456,
#457));
#2377=EDGE_LOOP('',(#458,#459,#460,#461,#462,#463,#464,#465));
#2378=EDGE_LOOP('',(#466,#467,#468,#469,#470,#471));
#2379=EDGE_LOOP('',(#472,#473,#474,#475,#476,#477,#478,#479,#480,#481));
#2380=EDGE_LOOP('',(#482,#483,#484,#485,#486,#487,#488,#489));
#2381=EDGE_LOOP('',(#490,#491,#492,#493,#494,#495,#496,#497));
#2382=EDGE_LOOP('',(#498));
#2383=EDGE_LOOP('',(#499));
#2384=EDGE_LOOP('',(#500));
#2385=EDGE_LOOP('',(#501));
#2386=EDGE_LOOP('',(#502,#503,#504,#505,#506,#507,#508,#509,#510,#511,#512,
#513,#514,#515,#516,#517,#518,#519,#520,#521,#522,#523,#524,#525,#526,#527));
#2387=EDGE_LOOP('',(#528,#529,#530,#531));
#2388=EDGE_LOOP('',(#532,#533,#534,#535,#536,#537,#538,#539));
#2389=EDGE_LOOP('',(#540,#541,#542,#543));
#2390=EDGE_LOOP('',(#544,#545,#546,#547));
#2391=EDGE_LOOP('',(#548));
#2392=EDGE_LOOP('',(#549));
#2393=EDGE_LOOP('',(#550,#551,#552,#553,#554,#555,#556,#557));
#2394=EDGE_LOOP('',(#558,#559,#560,#561));
#2395=EDGE_LOOP('',(#562));
#2396=EDGE_LOOP('',(#563));
#2397=EDGE_LOOP('',(#564,#565,#566,#567,#568,#569,#570,#571));
#2398=EDGE_LOOP('',(#572,#573,#574,#575));
#2399=EDGE_LOOP('',(#576,#577,#578,#579));
#2400=EDGE_LOOP('',(#580,#581,#582,#583));
#2401=EDGE_LOOP('',(#584,#585,#586,#587));
#2402=EDGE_LOOP('',(#588,#589,#590,#591));
#2403=EDGE_LOOP('',(#592,#593,#594,#595));
#2404=EDGE_LOOP('',(#596,#597,#598,#599));
#2405=EDGE_LOOP('',(#600,#601,#602,#603));
#2406=EDGE_LOOP('',(#604,#605,#606,#607));
#2407=EDGE_LOOP('',(#608,#609,#610,#611));
#2408=EDGE_LOOP('',(#612,#613,#614,#615));
#2409=EDGE_LOOP('',(#616,#617,#618,#619));
#2410=EDGE_LOOP('',(#620,#621,#622,#623,#624,#625,#626));
#2411=EDGE_LOOP('',(#627,#628,#629,#630));
#2412=EDGE_LOOP('',(#631,#632,#633,#634));
#2413=EDGE_LOOP('',(#635,#636,#637,#638));
#2414=EDGE_LOOP('',(#639,#640,#641,#642,#643));
#2415=EDGE_LOOP('',(#644,#645,#646,#647,#648,#649,#650));
#2416=EDGE_LOOP('',(#651,#652,#653,#654));
#2417=EDGE_LOOP('',(#655,#656,#657,#658,#659));
#2418=EDGE_LOOP('',(#660,#661,#662,#663));
#2419=EDGE_LOOP('',(#664,#665,#666,#667));
#2420=EDGE_LOOP('',(#668,#669,#670,#671));
#2421=EDGE_LOOP('',(#672,#673,#674,#675));
#2422=EDGE_LOOP('',(#676,#677,#678,#679));
#2423=EDGE_LOOP('',(#680,#681,#682,#683));
#2424=EDGE_LOOP('',(#684,#685,#686,#687));
#2425=EDGE_LOOP('',(#688,#689,#690,#691));
#2426=EDGE_LOOP('',(#692,#693,#694,#695,#696));
#2427=EDGE_LOOP('',(#697,#698,#699,#700));
#2428=EDGE_LOOP('',(#701,#702,#703,#704,#705));
#2429=EDGE_LOOP('',(#706,#707,#708,#709));
#2430=EDGE_LOOP('',(#710,#711,#712,#713));
#2431=EDGE_LOOP('',(#714,#715,#716,#717));
#2432=EDGE_LOOP('',(#718,#719,#720,#721));
#2433=EDGE_LOOP('',(#722,#723,#724,#725));
#2434=EDGE_LOOP('',(#726));
#2435=EDGE_LOOP('',(#727));
#2436=EDGE_LOOP('',(#728));
#2437=EDGE_LOOP('',(#729));
#2438=EDGE_LOOP('',(#730));
#2439=EDGE_LOOP('',(#731));
#2440=EDGE_LOOP('',(#732));
#2441=EDGE_LOOP('',(#733));
#2442=EDGE_LOOP('',(#734,#735,#736,#737));
#2443=EDGE_LOOP('',(#738,#739,#740,#741));
#2444=EDGE_LOOP('',(#742,#743,#744,#745));
#2445=EDGE_LOOP('',(#746,#747,#748,#749));
#2446=EDGE_LOOP('',(#750,#751,#752,#753));
#2447=EDGE_LOOP('',(#754,#755,#756,#757));
#2448=EDGE_LOOP('',(#758,#759,#760,#761));
#2449=EDGE_LOOP('',(#762,#763,#764,#765));
#2450=EDGE_LOOP('',(#766,#767,#768,#769));
#2451=EDGE_LOOP('',(#770,#771,#772,#773));
#2452=EDGE_LOOP('',(#774,#775,#776,#777));
#2453=EDGE_LOOP('',(#778,#779,#780,#781));
#2454=EDGE_LOOP('',(#782,#783,#784,#785));
#2455=EDGE_LOOP('',(#786,#787,#788,#789));
#2456=EDGE_LOOP('',(#790,#791,#792,#793));
#2457=EDGE_LOOP('',(#794,#795,#796,#797));
#2458=EDGE_LOOP('',(#798,#799,#800,#801));
#2459=EDGE_LOOP('',(#802,#803,#804,#805));
#2460=EDGE_LOOP('',(#806,#807,#808,#809));
#2461=EDGE_LOOP('',(#810,#811,#812,#813));
#2462=EDGE_LOOP('',(#814,#815,#816,#817));
#2463=EDGE_LOOP('',(#818,#819,#820,#821));
#2464=EDGE_LOOP('',(#822,#823,#824,#825));
#2465=EDGE_LOOP('',(#826,#827,#828,#829));
#2466=EDGE_LOOP('',(#830,#831,#832,#833));
#2467=EDGE_LOOP('',(#834,#835,#836,#837));
#2468=EDGE_LOOP('',(#838,#839,#840,#841));
#2469=EDGE_LOOP('',(#842,#843,#844,#845));
#2470=EDGE_LOOP('',(#846,#847,#848,#849));
#2471=EDGE_LOOP('',(#850,#851,#852,#853));
#2472=EDGE_LOOP('',(#854,#855,#856,#857));
#2473=EDGE_LOOP('',(#858,#859,#860));
#2474=EDGE_LOOP('',(#861,#862,#863,#864));
#2475=EDGE_LOOP('',(#865,#866,#867,#868));
#2476=EDGE_LOOP('',(#869,#870,#871,#872));
#2477=EDGE_LOOP('',(#873,#874,#875,#876));
#2478=EDGE_LOOP('',(#877,#878,#879,#880));
#2479=EDGE_LOOP('',(#881,#882,#883,#884));
#2480=EDGE_LOOP('',(#885,#886,#887,#888));
#2481=EDGE_LOOP('',(#889,#890,#891));
#2482=EDGE_LOOP('',(#892,#893,#894));
#2483=EDGE_LOOP('',(#895,#896,#897,#898));
#2484=EDGE_LOOP('',(#899,#900,#901,#902));
#2485=EDGE_LOOP('',(#903,#904,#905,#906));
#2486=EDGE_LOOP('',(#907,#908,#909,#910));
#2487=EDGE_LOOP('',(#911,#912,#913,#914));
#2488=EDGE_LOOP('',(#915,#916,#917,#918));
#2489=EDGE_LOOP('',(#919,#920,#921));
#2490=EDGE_LOOP('',(#922,#923,#924,#925));
#2491=EDGE_LOOP('',(#926,#927,#928,#929));
#2492=EDGE_LOOP('',(#930,#931,#932,#933));
#2493=EDGE_LOOP('',(#934,#935,#936));
#2494=EDGE_LOOP('',(#937,#938,#939));
#2495=EDGE_LOOP('',(#940,#941,#942,#943));
#2496=EDGE_LOOP('',(#944,#945,#946,#947));
#2497=EDGE_LOOP('',(#948,#949,#950,#951));
#2498=EDGE_LOOP('',(#952,#953,#954,#955));
#2499=EDGE_LOOP('',(#956,#957,#958,#959));
#2500=EDGE_LOOP('',(#960,#961,#962,#963));
#2501=EDGE_LOOP('',(#964,#965,#966));
#2502=EDGE_LOOP('',(#967,#968,#969,#970));
#2503=EDGE_LOOP('',(#971,#972,#973,#974));
#2504=EDGE_LOOP('',(#975,#976,#977));
#2505=EDGE_LOOP('',(#978,#979,#980,#981));
#2506=EDGE_LOOP('',(#982,#983,#984,#985));
#2507=EDGE_LOOP('',(#986,#987,#988,#989));
#2508=EDGE_LOOP('',(#990,#991,#992,#993));
#2509=EDGE_LOOP('',(#994,#995,#996,#997));
#2510=EDGE_LOOP('',(#998,#999,#1000,#1001));
#2511=EDGE_LOOP('',(#1002,#1003,#1004,#1005));
#2512=EDGE_LOOP('',(#1006,#1007,#1008,#1009));
#2513=EDGE_LOOP('',(#1010,#1011,#1012,#1013,#1014,#1015,#1016));
#2514=EDGE_LOOP('',(#1017,#1018,#1019,#1020,#1021));
#2515=EDGE_LOOP('',(#1022,#1023,#1024,#1025,#1026));
#2516=EDGE_LOOP('',(#1027,#1028,#1029,#1030,#1031,#1032,#1033,#1034));
#2517=EDGE_LOOP('',(#1035,#1036,#1037,#1038));
#2518=EDGE_LOOP('',(#1039,#1040,#1041,#1042));
#2519=EDGE_LOOP('',(#1043,#1044,#1045,#1046));
#2520=EDGE_LOOP('',(#1047,#1048,#1049,#1050));
#2521=EDGE_LOOP('',(#1051,#1052,#1053,#1054));
#2522=EDGE_LOOP('',(#1055,#1056,#1057,#1058));
#2523=EDGE_LOOP('',(#1059,#1060,#1061,#1062,#1063,#1064,#1065));
#2524=EDGE_LOOP('',(#1066,#1067,#1068,#1069,#1070));
#2525=EDGE_LOOP('',(#1071,#1072,#1073,#1074,#1075));
#2526=EDGE_LOOP('',(#1076,#1077,#1078,#1079,#1080,#1081,#1082,#1083));
#2527=EDGE_LOOP('',(#1084,#1085,#1086,#1087));
#2528=EDGE_LOOP('',(#1088,#1089,#1090,#1091));
#2529=EDGE_LOOP('',(#1092,#1093,#1094,#1095));
#2530=EDGE_LOOP('',(#1096,#1097,#1098,#1099));
#2531=EDGE_LOOP('',(#1100,#1101,#1102,#1103));
#2532=EDGE_LOOP('',(#1104,#1105,#1106,#1107));
#2533=EDGE_LOOP('',(#1108,#1109,#1110,#1111));
#2534=EDGE_LOOP('',(#1112,#1113,#1114,#1115));
#2535=EDGE_LOOP('',(#1116,#1117,#1118,#1119));
#2536=EDGE_LOOP('',(#1120,#1121,#1122,#1123));
#2537=EDGE_LOOP('',(#1124,#1125,#1126,#1127));
#2538=EDGE_LOOP('',(#1128,#1129,#1130,#1131));
#2539=EDGE_LOOP('',(#1132,#1133,#1134,#1135));
#2540=EDGE_LOOP('',(#1136,#1137,#1138,#1139));
#2541=EDGE_LOOP('',(#1140,#1141,#1142,#1143));
#2542=EDGE_LOOP('',(#1144,#1145,#1146,#1147));
#2543=EDGE_LOOP('',(#1148,#1149,#1150,#1151));
#2544=EDGE_LOOP('',(#1152,#1153,#1154,#1155));
#2545=EDGE_LOOP('',(#1156,#1157,#1158,#1159));
#2546=FACE_BOUND('',#2357,.T.);
#2547=FACE_BOUND('',#2358,.T.);
#2548=FACE_BOUND('',#2359,.T.);
#2549=FACE_BOUND('',#2360,.T.);
#2550=FACE_BOUND('',#2361,.T.);
#2551=FACE_BOUND('',#2362,.T.);
#2552=FACE_BOUND('',#2363,.T.);
#2553=FACE_BOUND('',#2364,.T.);
#2554=FACE_BOUND('',#2365,.T.);
#2555=FACE_BOUND('',#2366,.T.);
#2556=FACE_BOUND('',#2367,.T.);
#2557=FACE_BOUND('',#2368,.T.);
#2558=FACE_BOUND('',#2369,.T.);
#2559=FACE_BOUND('',#2370,.T.);
#2560=FACE_BOUND('',#2371,.T.);
#2561=FACE_BOUND('',#2372,.T.);
#2562=FACE_BOUND('',#2373,.T.);
#2563=FACE_BOUND('',#2374,.T.);
#2564=FACE_BOUND('',#2375,.T.);
#2565=FACE_BOUND('',#2376,.T.);
#2566=FACE_BOUND('',#2377,.T.);
#2567=FACE_BOUND('',#2378,.T.);
#2568=FACE_BOUND('',#2379,.T.);
#2569=FACE_BOUND('',#2380,.T.);
#2570=FACE_BOUND('',#2381,.T.);
#2571=FACE_BOUND('',#2382,.T.);
#2572=FACE_BOUND('',#2383,.T.);
#2573=FACE_BOUND('',#2384,.T.);
#2574=FACE_BOUND('',#2385,.T.);
#2575=FACE_BOUND('',#2386,.T.);
#2576=FACE_BOUND('',#2387,.T.);
#2577=FACE_BOUND('',#2388,.T.);
#2578=FACE_BOUND('',#2389,.T.);
#2579=FACE_BOUND('',#2390,.T.);
#2580=FACE_BOUND('',#2391,.T.);
#2581=FACE_BOUND('',#2392,.T.);
#2582=FACE_BOUND('',#2393,.T.);
#2583=FACE_BOUND('',#2394,.T.);
#2584=FACE_BOUND('',#2395,.T.);
#2585=FACE_BOUND('',#2396,.T.);
#2586=FACE_BOUND('',#2397,.T.);
#2587=FACE_BOUND('',#2398,.T.);
#2588=FACE_BOUND('',#2399,.T.);
#2589=FACE_BOUND('',#2400,.T.);
#2590=FACE_BOUND('',#2401,.T.);
#2591=FACE_BOUND('',#2402,.T.);
#2592=FACE_BOUND('',#2403,.T.);
#2593=FACE_BOUND('',#2404,.T.);
#2594=FACE_BOUND('',#2405,.T.);
#2595=FACE_BOUND('',#2406,.T.);
#2596=FACE_BOUND('',#2407,.T.);
#2597=FACE_BOUND('',#2408,.T.);
#2598=FACE_BOUND('',#2409,.T.);
#2599=FACE_BOUND('',#2410,.T.);
#2600=FACE_BOUND('',#2411,.T.);
#2601=FACE_BOUND('',#2412,.T.);
#2602=FACE_BOUND('',#2413,.T.);
#2603=FACE_BOUND('',#2414,.T.);
#2604=FACE_BOUND('',#2415,.T.);
#2605=FACE_BOUND('',#2416,.T.);
#2606=FACE_BOUND('',#2417,.T.);
#2607=FACE_BOUND('',#2418,.T.);
#2608=FACE_BOUND('',#2419,.T.);
#2609=FACE_BOUND('',#2420,.T.);
#2610=FACE_BOUND('',#2421,.T.);
#2611=FACE_BOUND('',#2422,.T.);
#2612=FACE_BOUND('',#2423,.T.);
#2613=FACE_BOUND('',#2424,.T.);
#2614=FACE_BOUND('',#2425,.T.);
#2615=FACE_BOUND('',#2426,.T.);
#2616=FACE_BOUND('',#2427,.T.);
#2617=FACE_BOUND('',#2428,.T.);
#2618=FACE_BOUND('',#2429,.T.);
#2619=FACE_BOUND('',#2430,.T.);
#2620=FACE_BOUND('',#2431,.T.);
#2621=FACE_BOUND('',#2432,.T.);
#2622=FACE_BOUND('',#2433,.T.);
#2623=FACE_BOUND('',#2434,.T.);
#2624=FACE_BOUND('',#2435,.T.);
#2625=FACE_BOUND('',#2436,.T.);
#2626=FACE_BOUND('',#2437,.T.);
#2627=FACE_BOUND('',#2438,.T.);
#2628=FACE_BOUND('',#2439,.T.);
#2629=FACE_BOUND('',#2440,.T.);
#2630=FACE_BOUND('',#2441,.T.);
#2631=FACE_BOUND('',#2442,.T.);
#2632=FACE_BOUND('',#2443,.T.);
#2633=FACE_BOUND('',#2444,.T.);
#2634=FACE_BOUND('',#2445,.T.);
#2635=FACE_BOUND('',#2446,.T.);
#2636=FACE_BOUND('',#2447,.T.);
#2637=FACE_BOUND('',#2448,.T.);
#2638=FACE_BOUND('',#2449,.T.);
#2639=FACE_BOUND('',#2450,.T.);
#2640=FACE_BOUND('',#2451,.T.);
#2641=FACE_BOUND('',#2452,.T.);
#2642=FACE_BOUND('',#2453,.T.);
#2643=FACE_BOUND('',#2454,.T.);
#2644=FACE_BOUND('',#2455,.T.);
#2645=FACE_BOUND('',#2456,.T.);
#2646=FACE_BOUND('',#2457,.T.);
#2647=FACE_BOUND('',#2458,.T.);
#2648=FACE_BOUND('',#2459,.T.);
#2649=FACE_BOUND('',#2460,.T.);
#2650=FACE_BOUND('',#2461,.T.);
#2651=FACE_BOUND('',#2462,.T.);
#2652=FACE_BOUND('',#2463,.T.);
#2653=FACE_BOUND('',#2464,.T.);
#2654=FACE_BOUND('',#2465,.T.);
#2655=FACE_BOUND('',#2466,.T.);
#2656=FACE_BOUND('',#2467,.T.);
#2657=FACE_BOUND('',#2468,.T.);
#2658=FACE_BOUND('',#2469,.T.);
#2659=FACE_BOUND('',#2470,.T.);
#2660=FACE_BOUND('',#2471,.T.);
#2661=FACE_BOUND('',#2472,.T.);
#2662=FACE_BOUND('',#2473,.T.);
#2663=FACE_BOUND('',#2474,.T.);
#2664=FACE_BOUND('',#2475,.T.);
#2665=FACE_BOUND('',#2476,.T.);
#2666=FACE_BOUND('',#2477,.T.);
#2667=FACE_BOUND('',#2478,.T.);
#2668=FACE_BOUND('',#2479,.T.);
#2669=FACE_BOUND('',#2480,.T.);
#2670=FACE_BOUND('',#2481,.T.);
#2671=FACE_BOUND('',#2482,.T.);
#2672=FACE_BOUND('',#2483,.T.);
#2673=FACE_BOUND('',#2484,.T.);
#2674=FACE_BOUND('',#2485,.T.);
#2675=FACE_BOUND('',#2486,.T.);
#2676=FACE_BOUND('',#2487,.T.);
#2677=FACE_BOUND('',#2488,.T.);
#2678=FACE_BOUND('',#2489,.T.);
#2679=FACE_BOUND('',#2490,.T.);
#2680=FACE_BOUND('',#2491,.T.);
#2681=FACE_BOUND('',#2492,.T.);
#2682=FACE_BOUND('',#2493,.T.);
#2683=FACE_BOUND('',#2494,.T.);
#2684=FACE_BOUND('',#2495,.T.);
#2685=FACE_BOUND('',#2496,.T.);
#2686=FACE_BOUND('',#2497,.T.);
#2687=FACE_BOUND('',#2498,.T.);
#2688=FACE_BOUND('',#2499,.T.);
#2689=FACE_BOUND('',#2500,.T.);
#2690=FACE_BOUND('',#2501,.T.);
#2691=FACE_BOUND('',#2502,.T.);
#2692=FACE_BOUND('',#2503,.T.);
#2693=FACE_BOUND('',#2504,.T.);
#2694=FACE_BOUND('',#2505,.T.);
#2695=FACE_BOUND('',#2506,.T.);
#2696=FACE_BOUND('',#2507,.T.);
#2697=FACE_BOUND('',#2508,.T.);
#2698=FACE_BOUND('',#2509,.T.);
#2699=FACE_BOUND('',#2510,.T.);
#2700=FACE_BOUND('',#2511,.T.);
#2701=FACE_BOUND('',#2512,.T.);
#2702=FACE_BOUND('',#2513,.T.);
#2703=FACE_BOUND('',#2514,.T.);
#2704=FACE_BOUND('',#2515,.T.);
#2705=FACE_BOUND('',#2516,.T.);
#2706=FACE_BOUND('',#2517,.T.);
#2707=FACE_BOUND('',#2518,.T.);
#2708=FACE_BOUND('',#2519,.T.);
#2709=FACE_BOUND('',#2520,.T.);
#2710=FACE_BOUND('',#2521,.T.);
#2711=FACE_BOUND('',#2522,.T.);
#2712=FACE_BOUND('',#2523,.T.);
#2713=FACE_BOUND('',#2524,.T.);
#2714=FACE_BOUND('',#2525,.T.);
#2715=FACE_BOUND('',#2526,.T.);
#2716=FACE_BOUND('',#2527,.T.);
#2717=FACE_BOUND('',#2528,.T.);
#2718=FACE_BOUND('',#2529,.T.);
#2719=FACE_BOUND('',#2530,.T.);
#2720=FACE_BOUND('',#2531,.T.);
#2721=FACE_BOUND('',#2532,.T.);
#2722=FACE_BOUND('',#2533,.T.);
#2723=FACE_BOUND('',#2534,.T.);
#2724=FACE_BOUND('',#2535,.T.);
#2725=FACE_BOUND('',#2536,.T.);
#2726=FACE_BOUND('',#2537,.T.);
#2727=FACE_BOUND('',#2538,.T.);
#2728=FACE_BOUND('',#2539,.T.);
#2729=FACE_BOUND('',#2540,.T.);
#2730=FACE_BOUND('',#2541,.T.);
#2731=FACE_BOUND('',#2542,.T.);
#2732=FACE_BOUND('',#2543,.T.);
#2733=FACE_BOUND('',#2544,.T.);
#2734=FACE_BOUND('',#2545,.T.);
#2735=PLANE('',#2975);
#2736=PLANE('',#2980);
#2737=PLANE('',#2985);
#2738=PLANE('',#2992);
#2739=PLANE('',#2999);
#2740=PLANE('',#3001);
#2741=PLANE('',#3002);
#2742=PLANE('',#3011);
#2743=PLANE('',#3012);
#2744=PLANE('',#3028);
#2745=PLANE('',#3030);
#2746=PLANE('',#3041);
#2747=PLANE('',#3053);
#2748=PLANE('',#3058);
#2749=PLANE('',#3059);
#2750=PLANE('',#3074);
#2751=PLANE('',#3075);
#2752=PLANE('',#3076);
#2753=PLANE('',#3077);
#2754=PLANE('',#3084);
#2755=PLANE('',#3085);
#2756=PLANE('',#3092);
#2757=PLANE('',#3093);
#2758=PLANE('',#3094);
#2759=PLANE('',#3095);
#2760=PLANE('',#3096);
#2761=PLANE('',#3097);
#2762=PLANE('',#3098);
#2763=PLANE('',#3099);
#2764=PLANE('',#3100);
#2765=PLANE('',#3101);
#2766=PLANE('',#3102);
#2767=PLANE('',#3103);
#2768=PLANE('',#3104);
#2769=PLANE('',#3106);
#2770=PLANE('',#3107);
#2771=PLANE('',#3176);
#2772=PLANE('',#3177);
#2773=PLANE('',#3178);
#2774=PLANE('',#3179);
#2775=PLANE('',#3180);
#2776=PLANE('',#3181);
#2777=PLANE('',#3182);
#2778=PLANE('',#3183);
#2779=PLANE('',#3184);
#2780=PLANE('',#3185);
#2781=PLANE('',#3274);
#2782=PLANE('',#3275);
#2783=PLANE('',#3278);
#2784=PLANE('',#3279);
#2785=PLANE('',#3281);
#2786=PLANE('',#3289);
#2787=PLANE('',#3290);
#2788=PLANE('',#3291);
#2789=PLANE('',#3294);
#2790=PLANE('',#3296);
#2791=PLANE('',#3304);
#2792=PLANE('',#3305);
#2793=PLANE('',#3306);
#2794=PLANE('',#3307);
#2795=PLANE('',#3308);
#2796=PLANE('',#3309);
#2797=ADVANCED_FACE('',(#2546,#2547),#2735,.F.);
#2798=ADVANCED_FACE('',(#2548,#2549),#2736,.T.);
#2799=ADVANCED_FACE('',(#2550),#2737,.F.);
#2800=ADVANCED_FACE('',(#2551),#2738,.T.);
#2801=ADVANCED_FACE('',(#2552),#2739,.T.);
#2802=ADVANCED_FACE('',(#2553),#2740,.T.);
#2803=ADVANCED_FACE('',(#2554),#2741,.T.);
#2804=ADVANCED_FACE('',(#2555),#2742,.T.);
#2805=ADVANCED_FACE('',(#2556,#2557,#2558,#2559,#2560),#2743,.F.);
#2806=ADVANCED_FACE('',(#2561),#2744,.T.);
#2807=ADVANCED_FACE('',(#2562,#2563,#2564),#2745,.F.);
#2808=ADVANCED_FACE('',(#2565,#2566,#2567),#2746,.T.);
#2809=ADVANCED_FACE('',(#2568,#2569),#2747,.F.);
#2810=ADVANCED_FACE('',(#2570),#2748,.T.);
#2811=ADVANCED_FACE('',(#2571,#2572,#2573,#2574,#2575,#2576),#2749,.T.);
#2812=ADVANCED_FACE('',(#2577),#2750,.T.);
#2813=ADVANCED_FACE('',(#2578),#2751,.T.);
#2814=ADVANCED_FACE('',(#2579),#2752,.F.);
#2815=ADVANCED_FACE('',(#2580,#2581,#2582),#2753,.F.);
#2816=ADVANCED_FACE('',(#2583),#2754,.T.);
#2817=ADVANCED_FACE('',(#2584,#2585,#2586),#2755,.F.);
#2818=ADVANCED_FACE('',(#2587),#2756,.T.);
#2819=ADVANCED_FACE('',(#2588),#2757,.T.);
#2820=ADVANCED_FACE('',(#2589),#2758,.T.);
#2821=ADVANCED_FACE('',(#2590),#2759,.F.);
#2822=ADVANCED_FACE('',(#2591),#2760,.F.);
#2823=ADVANCED_FACE('',(#2592),#2761,.F.);
#2824=ADVANCED_FACE('',(#2593),#2762,.F.);
#2825=ADVANCED_FACE('',(#2594),#2763,.T.);
#2826=ADVANCED_FACE('',(#2595),#2764,.F.);
#2827=ADVANCED_FACE('',(#2596),#2765,.F.);
#2828=ADVANCED_FACE('',(#2597),#2766,.T.);
#2829=ADVANCED_FACE('',(#2598),#2767,.T.);
#2830=ADVANCED_FACE('',(#2599),#2768,.T.);
#2831=ADVANCED_FACE('',(#2600),#2769,.F.);
#2832=ADVANCED_FACE('',(#2601),#2770,.F.);
#2833=ADVANCED_FACE('',(#2602),#38,.F.);
#2834=ADVANCED_FACE('',(#2603),#39,.F.);
#2835=ADVANCED_FACE('',(#2604),#40,.F.);
#2836=ADVANCED_FACE('',(#2605),#41,.F.);
#2837=ADVANCED_FACE('',(#2606),#42,.F.);
#2838=ADVANCED_FACE('',(#2607),#43,.F.);
#2839=ADVANCED_FACE('',(#2608),#44,.F.);
#2840=ADVANCED_FACE('',(#2609),#45,.F.);
#2841=ADVANCED_FACE('',(#2610),#46,.F.);
#2842=ADVANCED_FACE('',(#2611),#47,.F.);
#2843=ADVANCED_FACE('',(#2612),#48,.F.);
#2844=ADVANCED_FACE('',(#2613),#49,.F.);
#2845=ADVANCED_FACE('',(#2614),#50,.F.);
#2846=ADVANCED_FACE('',(#2615),#51,.T.);
#2847=ADVANCED_FACE('',(#2616),#52,.T.);
#2848=ADVANCED_FACE('',(#2617),#53,.T.);
#2849=ADVANCED_FACE('',(#2618),#54,.T.);
#2850=ADVANCED_FACE('',(#2619),#55,.T.);
#2851=ADVANCED_FACE('',(#2620),#56,.T.);
#2852=ADVANCED_FACE('',(#2621),#57,.T.);
#2853=ADVANCED_FACE('',(#2622),#58,.T.);
#2854=ADVANCED_FACE('',(#2623,#2624),#59,.F.);
#2855=ADVANCED_FACE('',(#2625,#2626),#60,.F.);
#2856=ADVANCED_FACE('',(#2627,#2628),#61,.F.);
#2857=ADVANCED_FACE('',(#2629,#2630),#62,.F.);
#2858=ADVANCED_FACE('',(#2631),#63,.T.);
#2859=ADVANCED_FACE('',(#2632),#64,.T.);
#2860=ADVANCED_FACE('',(#2633),#65,.T.);
#2861=ADVANCED_FACE('',(#2634),#66,.T.);
#2862=ADVANCED_FACE('',(#2635),#20,.F.);
#2863=ADVANCED_FACE('',(#2636),#67,.F.);
#2864=ADVANCED_FACE('',(#2637),#21,.F.);
#2865=ADVANCED_FACE('',(#2638),#68,.F.);
#2866=ADVANCED_FACE('',(#2639),#22,.F.);
#2867=ADVANCED_FACE('',(#2640),#69,.F.);
#2868=ADVANCED_FACE('',(#2641),#23,.F.);
#2869=ADVANCED_FACE('',(#2642),#70,.F.);
#2870=ADVANCED_FACE('',(#2643),#24,.F.);
#2871=ADVANCED_FACE('',(#2644),#71,.F.);
#2872=ADVANCED_FACE('',(#2645),#25,.F.);
#2873=ADVANCED_FACE('',(#2646),#72,.F.);
#2874=ADVANCED_FACE('',(#2647),#26,.F.);
#2875=ADVANCED_FACE('',(#2648),#73,.F.);
#2876=ADVANCED_FACE('',(#2649),#27,.F.);
#2877=ADVANCED_FACE('',(#2650),#74,.F.);
#2878=ADVANCED_FACE('',(#2651),#2771,.T.);
#2879=ADVANCED_FACE('',(#2652),#2772,.F.);
#2880=ADVANCED_FACE('',(#2653),#2773,.F.);
#2881=ADVANCED_FACE('',(#2654),#2774,.T.);
#2882=ADVANCED_FACE('',(#2655),#2775,.T.);
#2883=ADVANCED_FACE('',(#2656),#2776,.T.);
#2884=ADVANCED_FACE('',(#2657),#2777,.F.);
#2885=ADVANCED_FACE('',(#2658),#2778,.F.);
#2886=ADVANCED_FACE('',(#2659),#2779,.T.);
#2887=ADVANCED_FACE('',(#2660),#2780,.T.);
#2888=ADVANCED_FACE('',(#2661),#75,.T.);
#2889=ADVANCED_FACE('',(#2662),#12,.T.);
#2890=ADVANCED_FACE('',(#2663),#28,.F.);
#2891=ADVANCED_FACE('',(#2664),#76,.T.);
#2892=ADVANCED_FACE('',(#2665),#77,.T.);
#2893=ADVANCED_FACE('',(#2666),#78,.T.);
#2894=ADVANCED_FACE('',(#2667),#79,.F.);
#2895=ADVANCED_FACE('',(#2668),#80,.F.);
#2896=ADVANCED_FACE('',(#2669),#81,.T.);
#2897=ADVANCED_FACE('',(#2670),#13,.T.);
#2898=ADVANCED_FACE('',(#2671),#14,.T.);
#2899=ADVANCED_FACE('',(#2672),#29,.F.);
#2900=ADVANCED_FACE('',(#2673),#30,.F.);
#2901=ADVANCED_FACE('',(#2674),#82,.T.);
#2902=ADVANCED_FACE('',(#2675),#83,.T.);
#2903=ADVANCED_FACE('',(#2676),#84,.F.);
#2904=ADVANCED_FACE('',(#2677),#85,.F.);
#2905=ADVANCED_FACE('',(#2678),#15,.T.);
#2906=ADVANCED_FACE('',(#2679),#31,.F.);
#2907=ADVANCED_FACE('',(#2680),#86,.T.);
#2908=ADVANCED_FACE('',(#2681),#87,.T.);
#2909=ADVANCED_FACE('',(#2682),#16,.T.);
#2910=ADVANCED_FACE('',(#2683),#17,.T.);
#2911=ADVANCED_FACE('',(#2684),#88,.T.);
#2912=ADVANCED_FACE('',(#2685),#89,.T.);
#2913=ADVANCED_FACE('',(#2686),#90,.F.);
#2914=ADVANCED_FACE('',(#2687),#91,.T.);
#2915=ADVANCED_FACE('',(#2688),#92,.T.);
#2916=ADVANCED_FACE('',(#2689),#93,.T.);
#2917=ADVANCED_FACE('',(#2690),#18,.T.);
#2918=ADVANCED_FACE('',(#2691),#32,.F.);
#2919=ADVANCED_FACE('',(#2692),#33,.F.);
#2920=ADVANCED_FACE('',(#2693),#19,.T.);
#2921=ADVANCED_FACE('',(#2694),#94,.T.);
#2922=ADVANCED_FACE('',(#2695),#95,.F.);
#2923=ADVANCED_FACE('',(#2696),#96,.F.);
#2924=ADVANCED_FACE('',(#2697),#97,.T.);
#2925=ADVANCED_FACE('',(#2698),#34,.F.);
#2926=ADVANCED_FACE('',(#2699),#35,.F.);
#2927=ADVANCED_FACE('',(#2700),#98,.F.);
#2928=ADVANCED_FACE('',(#2701),#2781,.F.);
#2929=ADVANCED_FACE('',(#2702),#2782,.T.);
#2930=ADVANCED_FACE('',(#2703),#99,.T.);
#2931=ADVANCED_FACE('',(#2704),#2783,.F.);
#2932=ADVANCED_FACE('',(#2705),#2784,.T.);
#2933=ADVANCED_FACE('',(#2706),#2785,.T.);
#2934=ADVANCED_FACE('',(#2707),#100,.F.);
#2935=ADVANCED_FACE('',(#2708),#101,.T.);
#2936=ADVANCED_FACE('',(#2709),#36,.T.);
#2937=ADVANCED_FACE('',(#2710),#102,.T.);
#2938=ADVANCED_FACE('',(#2711),#2786,.F.);
#2939=ADVANCED_FACE('',(#2712),#2787,.F.);
#2940=ADVANCED_FACE('',(#2713),#2788,.T.);
#2941=ADVANCED_FACE('',(#2714),#103,.T.);
#2942=ADVANCED_FACE('',(#2715),#2789,.T.);
#2943=ADVANCED_FACE('',(#2716),#2790,.T.);
#2944=ADVANCED_FACE('',(#2717),#104,.F.);
#2945=ADVANCED_FACE('',(#2718),#105,.T.);
#2946=ADVANCED_FACE('',(#2719),#37,.T.);
#2947=ADVANCED_FACE('',(#2720),#106,.T.);
#2948=ADVANCED_FACE('',(#2721),#2791,.T.);
#2949=ADVANCED_FACE('',(#2722),#2792,.T.);
#2950=ADVANCED_FACE('',(#2723),#2793,.T.);
#2951=ADVANCED_FACE('',(#2724),#2794,.T.);
#2952=ADVANCED_FACE('',(#2725),#2795,.T.);
#2953=ADVANCED_FACE('',(#2726),#2796,.T.);
#2954=ADVANCED_FACE('',(#2727),#107,.F.);
#2955=ADVANCED_FACE('',(#2728),#108,.F.);
#2956=ADVANCED_FACE('',(#2729),#109,.F.);
#2957=ADVANCED_FACE('',(#2730),#110,.F.);
#2958=ADVANCED_FACE('',(#2731),#111,.F.);
#2959=ADVANCED_FACE('',(#2732),#112,.F.);
#2960=ADVANCED_FACE('',(#2733),#113,.F.);
#2961=ADVANCED_FACE('',(#2734),#114,.F.);
#2962=CLOSED_SHELL('',(#2797,#2798,#2799,#2800,#2801,#2802,#2803,#2804,
#2805,#2806,#2807,#2808,#2809,#2810,#2811,#2812,#2813,#2814,#2815,#2816,
#2817,#2818,#2819,#2820,#2821,#2822,#2823,#2824,#2825,#2826,#2827,#2828,
#2829,#2830,#2831,#2832,#2833,#2834,#2835,#2836,#2837,#2838,#2839,#2840,
#2841,#2842,#2843,#2844,#2845,#2846,#2847,#2848,#2849,#2850,#2851,#2852,
#2853,#2854,#2855,#2856,#2857,#2858,#2859,#2860,#2861,#2862,#2863,#2864,
#2865,#2866,#2867,#2868,#2869,#2870,#2871,#2872,#2873,#2874,#2875,#2876,
#2877,#2878,#2879,#2880,#2881,#2882,#2883,#2884,#2885,#2886,#2887,#2888,
#2889,#2890,#2891,#2892,#2893,#2894,#2895,#2896,#2897,#2898,#2899,#2900,
#2901,#2902,#2903,#2904,#2905,#2906,#2907,#2908,#2909,#2910,#2911,#2912,
#2913,#2914,#2915,#2916,#2917,#2918,#2919,#2920,#2921,#2922,#2923,#2924,
#2925,#2926,#2927,#2928,#2929,#2930,#2931,#2932,#2933,#2934,#2935,#2936,
#2937,#2938,#2939,#2940,#2941,#2942,#2943,#2944,#2945,#2946,#2947,#2948,
#2949,#2950,#2951,#2952,#2953,#2954,#2955,#2956,#2957,#2958,#2959,#2960,
#2961));
#2963=STYLED_ITEM('',(#2964),#2971);
#2964=PRESENTATION_STYLE_ASSIGNMENT((#2965));
#2965=SURFACE_STYLE_USAGE(.BOTH.,#2966);
#2966=SURFACE_SIDE_STYLE('',(#2967));
#2967=SURFACE_STYLE_FILL_AREA(#2968);
#2968=FILL_AREA_STYLE('',(#2969));
#2969=FILL_AREA_STYLE_COLOUR('',#2970);
#2970=DRAUGHTING_PRE_DEFINED_COLOUR('white');
#2971=MANIFOLD_SOLID_BREP('Battery Holder',#2962);
#2972=SHAPE_DEFINITION_REPRESENTATION(#5152,#2973);
#2973=SHAPE_REPRESENTATION('Battery Holder',(#2974),#5147);
#2974=AXIS2_PLACEMENT_3D('',#4254,#3318,#3319);
#2975=AXIS2_PLACEMENT_3D('',#4255,#3320,#3321);
#2976=AXIS2_PLACEMENT_3D('',#4267,#3327,#3328);
#2977=AXIS2_PLACEMENT_3D('',#4271,#3330,#3331);
#2978=AXIS2_PLACEMENT_3D('',#4275,#3333,#3334);
#2979=AXIS2_PLACEMENT_3D('',#4279,#3336,#3337);
#2980=AXIS2_PLACEMENT_3D('',#4280,#3338,#3339);
#2981=AXIS2_PLACEMENT_3D('',#4292,#3345,#3346);
#2982=AXIS2_PLACEMENT_3D('',#4296,#3348,#3349);
#2983=AXIS2_PLACEMENT_3D('',#4300,#3351,#3352);
#2984=AXIS2_PLACEMENT_3D('',#4304,#3354,#3355);
#2985=AXIS2_PLACEMENT_3D('',#4305,#3356,#3357);
#2986=AXIS2_PLACEMENT_3D('',#4309,#3359,#3360);
#2987=AXIS2_PLACEMENT_3D('',#4313,#3362,#3363);
#2988=AXIS2_PLACEMENT_3D('',#4317,#3365,#3366);
#2989=AXIS2_PLACEMENT_3D('',#4321,#3368,#3369);
#2990=AXIS2_PLACEMENT_3D('',#4329,#3373,#3374);
#2991=AXIS2_PLACEMENT_3D('',#4333,#3376,#3377);
#2992=AXIS2_PLACEMENT_3D('',#4334,#3378,#3379);
#2993=AXIS2_PLACEMENT_3D('',#4338,#3381,#3382);
#2994=AXIS2_PLACEMENT_3D('',#4342,#3384,#3385);
#2995=AXIS2_PLACEMENT_3D('',#4346,#3387,#3388);
#2996=AXIS2_PLACEMENT_3D('',#4350,#3390,#3391);
#2997=AXIS2_PLACEMENT_3D('',#4358,#3395,#3396);
#2998=AXIS2_PLACEMENT_3D('',#4362,#3398,#3399);
#2999=AXIS2_PLACEMENT_3D('',#4363,#3400,#3401);
#3000=AXIS2_PLACEMENT_3D('',#4367,#3403,#3404);
#3001=AXIS2_PLACEMENT_3D('',#4370,#3406,#3407);
#3002=AXIS2_PLACEMENT_3D('',#4379,#3412,#3413);
#3003=AXIS2_PLACEMENT_3D('',#4385,#3416,#3417);
#3004=AXIS2_PLACEMENT_3D('',#4389,#3419,#3420);
#3005=AXIS2_PLACEMENT_3D('',#4393,#3422,#3423);
#3006=AXIS2_PLACEMENT_3D('',#4397,#3425,#3426);
#3007=AXIS2_PLACEMENT_3D('',#4401,#3428,#3429);
#3008=AXIS2_PLACEMENT_3D('',#4404,#3431,#3432);
#3009=AXIS2_PLACEMENT_3D('',#4408,#3434,#3435);
#3010=AXIS2_PLACEMENT_3D('',#4412,#3437,#3438);
#3011=AXIS2_PLACEMENT_3D('',#4417,#3441,#3442);
#3012=AXIS2_PLACEMENT_3D('',#4426,#3447,#3448);
#3013=AXIS2_PLACEMENT_3D('',#4427,#3449,#3450);
#3014=AXIS2_PLACEMENT_3D('',#4432,#3452,#3453);
#3015=AXIS2_PLACEMENT_3D('',#4436,#3455,#3456);
#3016=AXIS2_PLACEMENT_3D('',#4440,#3458,#3459);
#3017=AXIS2_PLACEMENT_3D('',#4446,#3462,#3463);
#3018=AXIS2_PLACEMENT_3D('',#4450,#3465,#3466);
#3019=AXIS2_PLACEMENT_3D('',#4454,#3468,#3469);
#3020=AXIS2_PLACEMENT_3D('',#4458,#3471,#3472);
#3021=AXIS2_PLACEMENT_3D('',#4462,#3474,#3475);
#3022=AXIS2_PLACEMENT_3D('',#4466,#3477,#3478);
#3023=AXIS2_PLACEMENT_3D('',#4470,#3480,#3481);
#3024=AXIS2_PLACEMENT_3D('',#4487,#3490,#3491);
#3025=AXIS2_PLACEMENT_3D('',#4492,#3493,#3494);
#3026=AXIS2_PLACEMENT_3D('',#4496,#3496,#3497);
#3027=AXIS2_PLACEMENT_3D('',#4500,#3499,#3500);
#3028=AXIS2_PLACEMENT_3D('',#4503,#3502,#3503);
#3029=AXIS2_PLACEMENT_3D('',#4504,#3504,#3505);
#3030=AXIS2_PLACEMENT_3D('',#4509,#3508,#3509);
#3031=AXIS2_PLACEMENT_3D('',#4512,#3511,#3512);
#3032=AXIS2_PLACEMENT_3D('',#4516,#3514,#3515);
#3033=AXIS2_PLACEMENT_3D('',#4520,#3517,#3518);
#3034=AXIS2_PLACEMENT_3D('',#4524,#3520,#3521);
#3035=AXIS2_PLACEMENT_3D('',#4531,#3525,#3526);
#3036=AXIS2_PLACEMENT_3D('',#4535,#3528,#3529);
#3037=AXIS2_PLACEMENT_3D('',#4539,#3531,#3532);
#3038=AXIS2_PLACEMENT_3D('',#4543,#3534,#3535);
#3039=AXIS2_PLACEMENT_3D('',#4547,#3537,#3538);
#3040=AXIS2_PLACEMENT_3D('',#4551,#3540,#3541);
#3041=AXIS2_PLACEMENT_3D('',#4554,#3543,#3544);
#3042=AXIS2_PLACEMENT_3D('',#4555,#3545,#3546);
#3043=AXIS2_PLACEMENT_3D('',#4562,#3550,#3551);
#3044=AXIS2_PLACEMENT_3D('',#4566,#3553,#3554);
#3045=AXIS2_PLACEMENT_3D('',#4570,#3556,#3557);
#3046=AXIS2_PLACEMENT_3D('',#4576,#3560,#3561);
#3047=AXIS2_PLACEMENT_3D('',#4580,#3563,#3564);
#3048=AXIS2_PLACEMENT_3D('',#4584,#3566,#3567);
#3049=AXIS2_PLACEMENT_3D('',#4588,#3569,#3570);
#3050=AXIS2_PLACEMENT_3D('',#4592,#3572,#3573);
#3051=AXIS2_PLACEMENT_3D('',#4596,#3575,#3576);
#3052=AXIS2_PLACEMENT_3D('',#4600,#3578,#3579);
#3053=AXIS2_PLACEMENT_3D('',#4601,#3580,#3581);
#3054=AXIS2_PLACEMENT_3D('',#4602,#3582,#3583);
#3055=AXIS2_PLACEMENT_3D('',#4603,#3584,#3585);
#3056=AXIS2_PLACEMENT_3D('',#4604,#3586,#3587);
#3057=AXIS2_PLACEMENT_3D('',#4605,#3588,#3589);
#3058=AXIS2_PLACEMENT_3D('',#4636,#3592,#3593);
#3059=AXIS2_PLACEMENT_3D('',#4644,#3599,#3600);
#3060=AXIS2_PLACEMENT_3D('',#4645,#3601,#3602);
#3061=AXIS2_PLACEMENT_3D('',#4647,#3603,#3604);
#3062=AXIS2_PLACEMENT_3D('',#4649,#3605,#3606);
#3063=AXIS2_PLACEMENT_3D('',#4651,#3607,#3608);
#3064=AXIS2_PLACEMENT_3D('',#4656,#3610,#3611);
#3065=AXIS2_PLACEMENT_3D('',#4660,#3613,#3614);
#3066=AXIS2_PLACEMENT_3D('',#4666,#3617,#3618);
#3067=AXIS2_PLACEMENT_3D('',#4667,#3619,#3620);
#3068=AXIS2_PLACEMENT_3D('',#4673,#3623,#3624);
#3069=AXIS2_PLACEMENT_3D('',#4677,#3626,#3627);
#3070=AXIS2_PLACEMENT_3D('',#4682,#3630,#3631);
#3071=AXIS2_PLACEMENT_3D('',#4686,#3633,#3634);
#3072=AXIS2_PLACEMENT_3D('',#4687,#3635,#3636);
#3073=AXIS2_PLACEMENT_3D('',#4691,#3638,#3639);
#3074=AXIS2_PLACEMENT_3D('',#4693,#3641,#3642);
#3075=AXIS2_PLACEMENT_3D('',#4701,#3648,#3649);
#3076=AXIS2_PLACEMENT_3D('',#4710,#3654,#3655);
#3077=AXIS2_PLACEMENT_3D('',#4719,#3660,#3661);
#3078=AXIS2_PLACEMENT_3D('',#4720,#3662,#3663);
#3079=AXIS2_PLACEMENT_3D('',#4722,#3664,#3665);
#3080=AXIS2_PLACEMENT_3D('',#4724,#3666,#3667);
#3081=AXIS2_PLACEMENT_3D('',#4728,#3669,#3670);
#3082=AXIS2_PLACEMENT_3D('',#4729,#3671,#3672);
#3083=AXIS2_PLACEMENT_3D('',#4730,#3673,#3674);
#3084=AXIS2_PLACEMENT_3D('',#4731,#3675,#3676);
#3085=AXIS2_PLACEMENT_3D('',#4734,#3679,#3680);
#3086=AXIS2_PLACEMENT_3D('',#4735,#3681,#3682);
#3087=AXIS2_PLACEMENT_3D('',#4737,#3683,#3684);
#3088=AXIS2_PLACEMENT_3D('',#4739,#3685,#3686);
#3089=AXIS2_PLACEMENT_3D('',#4743,#3688,#3689);
#3090=AXIS2_PLACEMENT_3D('',#4744,#3690,#3691);
#3091=AXIS2_PLACEMENT_3D('',#4745,#3692,#3693);
#3092=AXIS2_PLACEMENT_3D('',#4746,#3694,#3695);
#3093=AXIS2_PLACEMENT_3D('',#4749,#3698,#3699);
#3094=AXIS2_PLACEMENT_3D('',#4752,#3702,#3703);
#3095=AXIS2_PLACEMENT_3D('',#4755,#3706,#3707);
#3096=AXIS2_PLACEMENT_3D('',#4758,#3710,#3711);
#3097=AXIS2_PLACEMENT_3D('',#4761,#3714,#3715);
#3098=AXIS2_PLACEMENT_3D('',#4764,#3718,#3719);
#3099=AXIS2_PLACEMENT_3D('',#4767,#3722,#3723);
#3100=AXIS2_PLACEMENT_3D('',#4770,#3726,#3727);
#3101=AXIS2_PLACEMENT_3D('',#4773,#3730,#3731);
#3102=AXIS2_PLACEMENT_3D('',#4776,#3734,#3735);
#3103=AXIS2_PLACEMENT_3D('',#4782,#3739,#3740);
#3104=AXIS2_PLACEMENT_3D('',#4785,#3743,#3744);
#3105=AXIS2_PLACEMENT_3D('',#4793,#3749,#3750);
#3106=AXIS2_PLACEMENT_3D('',#4794,#3751,#3752);
#3107=AXIS2_PLACEMENT_3D('',#4798,#3755,#3756);
#3108=AXIS2_PLACEMENT_3D('',#4801,#3759,#3760);
#3109=AXIS2_PLACEMENT_3D('',#4802,#3761,#3762);
#3110=AXIS2_PLACEMENT_3D('',#4803,#3763,#3764);
#3111=AXIS2_PLACEMENT_3D('',#4804,#3765,#3766);
#3112=AXIS2_PLACEMENT_3D('',#4805,#3767,#3768);
#3113=AXIS2_PLACEMENT_3D('',#4815,#3770,#3771);
#3114=AXIS2_PLACEMENT_3D('',#4816,#3772,#3773);
#3115=AXIS2_PLACEMENT_3D('',#4817,#3774,#3775);
#3116=AXIS2_PLACEMENT_3D('',#4818,#3776,#3777);
#3117=AXIS2_PLACEMENT_3D('',#4819,#3778,#3779);
#3118=AXIS2_PLACEMENT_3D('',#4820,#3780,#3781);
#3119=AXIS2_PLACEMENT_3D('',#4821,#3782,#3783);
#3120=AXIS2_PLACEMENT_3D('',#4822,#3784,#3785);
#3121=AXIS2_PLACEMENT_3D('',#4823,#3786,#3787);
#3122=AXIS2_PLACEMENT_3D('',#4824,#3788,#3789);
#3123=AXIS2_PLACEMENT_3D('',#4825,#3790,#3791);
#3124=AXIS2_PLACEMENT_3D('',#4826,#3792,#3793);
#3125=AXIS2_PLACEMENT_3D('',#4828,#3795,#3796);
#3126=AXIS2_PLACEMENT_3D('',#4829,#3797,#3798);
#3127=AXIS2_PLACEMENT_3D('',#4831,#3800,#3801);
#3128=AXIS2_PLACEMENT_3D('',#4832,#3802,#3803);
#3129=AXIS2_PLACEMENT_3D('',#4833,#3804,#3805);
#3130=AXIS2_PLACEMENT_3D('',#4834,#3806,#3807);
#3131=AXIS2_PLACEMENT_3D('',#4835,#3808,#3809);
#3132=AXIS2_PLACEMENT_3D('',#4836,#3810,#3811);
#3133=AXIS2_PLACEMENT_3D('',#4837,#3812,#3813);
#3134=AXIS2_PLACEMENT_3D('',#4838,#3814,#3815);
#3135=AXIS2_PLACEMENT_3D('',#4839,#3816,#3817);
#3136=AXIS2_PLACEMENT_3D('',#4840,#3818,#3819);
#3137=AXIS2_PLACEMENT_3D('',#4841,#3820,#3821);
#3138=AXIS2_PLACEMENT_3D('',#4842,#3822,#3823);
#3139=AXIS2_PLACEMENT_3D('',#4843,#3824,#3825);
#3140=AXIS2_PLACEMENT_3D('',#4844,#3826,#3827);
#3141=AXIS2_PLACEMENT_3D('',#4845,#3828,#3829);
#3142=AXIS2_PLACEMENT_3D('',#4846,#3830,#3831);
#3143=AXIS2_PLACEMENT_3D('',#4847,#3832,#3833);
#3144=AXIS2_PLACEMENT_3D('',#4848,#3834,#3835);
#3145=AXIS2_PLACEMENT_3D('',#4849,#3836,#3837);
#3146=AXIS2_PLACEMENT_3D('',#4850,#3838,#3839);
#3147=AXIS2_PLACEMENT_3D('',#4851,#3840,#3841);
#3148=AXIS2_PLACEMENT_3D('',#4852,#3842,#3843);
#3149=AXIS2_PLACEMENT_3D('',#4853,#3844,#3845);
#3150=AXIS2_PLACEMENT_3D('',#4854,#3846,#3847);
#3151=AXIS2_PLACEMENT_3D('',#4855,#3848,#3849);
#3152=AXIS2_PLACEMENT_3D('',#4856,#3850,#3851);
#3153=AXIS2_PLACEMENT_3D('',#4857,#3852,#3853);
#3154=AXIS2_PLACEMENT_3D('',#4858,#3854,#3855);
#3155=AXIS2_PLACEMENT_3D('',#4859,#3856,#3857);
#3156=AXIS2_PLACEMENT_3D('',#4860,#3858,#3859);
#3157=AXIS2_PLACEMENT_3D('',#4861,#3860,#3861);
#3158=AXIS2_PLACEMENT_3D('',#4862,#3862,#3863);
#3159=AXIS2_PLACEMENT_3D('',#4863,#3864,#3865);
#3160=AXIS2_PLACEMENT_3D('',#4864,#3866,#3867);
#3161=AXIS2_PLACEMENT_3D('',#4865,#3868,#3869);
#3162=AXIS2_PLACEMENT_3D('',#4866,#3870,#3871);
#3163=AXIS2_PLACEMENT_3D('',#4867,#3872,#3873);
#3164=AXIS2_PLACEMENT_3D('',#4868,#3874,#3875);
#3165=AXIS2_PLACEMENT_3D('',#4869,#3876,#3877);
#3166=AXIS2_PLACEMENT_3D('',#4870,#3878,#3879);
#3167=AXIS2_PLACEMENT_3D('',#4871,#3880,#3881);
#3168=AXIS2_PLACEMENT_3D('',#4872,#3882,#3883);
#3169=AXIS2_PLACEMENT_3D('',#4873,#3884,#3885);
#3170=AXIS2_PLACEMENT_3D('',#4874,#3886,#3887);
#3171=AXIS2_PLACEMENT_3D('',#4875,#3888,#3889);
#3172=AXIS2_PLACEMENT_3D('',#4876,#3890,#3891);
#3173=AXIS2_PLACEMENT_3D('',#4877,#3892,#3893);
#3174=AXIS2_PLACEMENT_3D('',#4878,#3894,#3895);
#3175=AXIS2_PLACEMENT_3D('',#4879,#3896,#3897);
#3176=AXIS2_PLACEMENT_3D('',#4880,#3898,#3899);
#3177=AXIS2_PLACEMENT_3D('',#4889,#3904,#3905);
#3178=AXIS2_PLACEMENT_3D('',#4898,#3910,#3911);
#3179=AXIS2_PLACEMENT_3D('',#4907,#3916,#3917);
#3180=AXIS2_PLACEMENT_3D('',#4916,#3922,#3923);
#3181=AXIS2_PLACEMENT_3D('',#4925,#3928,#3929);
#3182=AXIS2_PLACEMENT_3D('',#4934,#3934,#3935);
#3183=AXIS2_PLACEMENT_3D('',#4943,#3940,#3941);
#3184=AXIS2_PLACEMENT_3D('',#4952,#3946,#3947);
#3185=AXIS2_PLACEMENT_3D('',#4961,#3952,#3953);
#3186=AXIS2_PLACEMENT_3D('',#4970,#3958,#3959);
#3187=AXIS2_PLACEMENT_3D('',#4971,#3960,#3961);
#3188=AXIS2_PLACEMENT_3D('',#4972,#3962,#3963);
#3189=AXIS2_PLACEMENT_3D('',#4973,#3964,#3965);
#3190=AXIS2_PLACEMENT_3D('',#4974,#3966,#3967);
#3191=AXIS2_PLACEMENT_3D('',#4975,#3968,#3969);
#3192=AXIS2_PLACEMENT_3D('',#4976,#3970,#3971);
#3193=AXIS2_PLACEMENT_3D('',#4977,#3972,#3973);
#3194=AXIS2_PLACEMENT_3D('',#4978,#3974,#3975);
#3195=AXIS2_PLACEMENT_3D('',#4979,#3976,#3977);
#3196=AXIS2_PLACEMENT_3D('',#4980,#3978,#3979);
#3197=AXIS2_PLACEMENT_3D('',#4981,#3980,#3981);
#3198=AXIS2_PLACEMENT_3D('',#4982,#3982,#3983);
#3199=AXIS2_PLACEMENT_3D('',#4983,#3984,#3985);
#3200=AXIS2_PLACEMENT_3D('',#4984,#3986,#3987);
#3201=AXIS2_PLACEMENT_3D('',#4985,#3988,#3989);
#3202=AXIS2_PLACEMENT_3D('',#4986,#3990,#3991);
#3203=AXIS2_PLACEMENT_3D('',#4987,#3992,#3993);
#3204=AXIS2_PLACEMENT_3D('',#4988,#3994,#3995);
#3205=AXIS2_PLACEMENT_3D('',#4989,#3996,#3997);
#3206=AXIS2_PLACEMENT_3D('',#4990,#3998,#3999);
#3207=AXIS2_PLACEMENT_3D('',#4991,#4000,#4001);
#3208=AXIS2_PLACEMENT_3D('',#4992,#4002,#4003);
#3209=AXIS2_PLACEMENT_3D('',#4993,#4004,#4005);
#3210=AXIS2_PLACEMENT_3D('',#4994,#4006,#4007);
#3211=AXIS2_PLACEMENT_3D('',#4995,#4008,#4009);
#3212=AXIS2_PLACEMENT_3D('',#4996,#4010,#4011);
#3213=AXIS2_PLACEMENT_3D('',#4997,#4012,#4013);
#3214=AXIS2_PLACEMENT_3D('',#4998,#4014,#4015);
#3215=AXIS2_PLACEMENT_3D('',#4999,#4016,#4017);
#3216=AXIS2_PLACEMENT_3D('',#5000,#4018,#4019);
#3217=AXIS2_PLACEMENT_3D('',#5001,#4020,#4021);
#3218=AXIS2_PLACEMENT_3D('',#5002,#4022,#4023);
#3219=AXIS2_PLACEMENT_3D('',#5003,#4024,#4025);
#3220=AXIS2_PLACEMENT_3D('',#5004,#4026,#4027);
#3221=AXIS2_PLACEMENT_3D('',#5005,#4028,#4029);
#3222=AXIS2_PLACEMENT_3D('',#5006,#4030,#4031);
#3223=AXIS2_PLACEMENT_3D('',#5007,#4032,#4033);
#3224=AXIS2_PLACEMENT_3D('',#5008,#4034,#4035);
#3225=AXIS2_PLACEMENT_3D('',#5009,#4036,#4037);
#3226=AXIS2_PLACEMENT_3D('',#5010,#4038,#4039);
#3227=AXIS2_PLACEMENT_3D('',#5011,#4040,#4041);
#3228=AXIS2_PLACEMENT_3D('',#5012,#4042,#4043);
#3229=AXIS2_PLACEMENT_3D('',#5013,#4044,#4045);
#3230=AXIS2_PLACEMENT_3D('',#5014,#4046,#4047);
#3231=AXIS2_PLACEMENT_3D('',#5015,#4048,#4049);
#3232=AXIS2_PLACEMENT_3D('',#5016,#4050,#4051);
#3233=AXIS2_PLACEMENT_3D('',#5017,#4052,#4053);
#3234=AXIS2_PLACEMENT_3D('',#5018,#4054,#4055);
#3235=AXIS2_PLACEMENT_3D('',#5019,#4056,#4057);
#3236=AXIS2_PLACEMENT_3D('',#5020,#4058,#4059);
#3237=AXIS2_PLACEMENT_3D('',#5021,#4060,#4061);
#3238=AXIS2_PLACEMENT_3D('',#5022,#4062,#4063);
#3239=AXIS2_PLACEMENT_3D('',#5023,#4064,#4065);
#3240=AXIS2_PLACEMENT_3D('',#5024,#4066,#4067);
#3241=AXIS2_PLACEMENT_3D('',#5025,#4068,#4069);
#3242=AXIS2_PLACEMENT_3D('',#5026,#4070,#4071);
#3243=AXIS2_PLACEMENT_3D('',#5027,#4072,#4073);
#3244=AXIS2_PLACEMENT_3D('',#5028,#4074,#4075);
#3245=AXIS2_PLACEMENT_3D('',#5029,#4076,#4077);
#3246=AXIS2_PLACEMENT_3D('',#5030,#4078,#4079);
#3247=AXIS2_PLACEMENT_3D('',#5031,#4080,#4081);
#3248=AXIS2_PLACEMENT_3D('',#5032,#4082,#4083);
#3249=AXIS2_PLACEMENT_3D('',#5033,#4084,#4085);
#3250=AXIS2_PLACEMENT_3D('',#5034,#4086,#4087);
#3251=AXIS2_PLACEMENT_3D('',#5035,#4088,#4089);
#3252=AXIS2_PLACEMENT_3D('',#5036,#4090,#4091);
#3253=AXIS2_PLACEMENT_3D('',#5037,#4092,#4093);
#3254=AXIS2_PLACEMENT_3D('',#5038,#4094,#4095);
#3255=AXIS2_PLACEMENT_3D('',#5039,#4096,#4097);
#3256=AXIS2_PLACEMENT_3D('',#5040,#4098,#4099);
#3257=AXIS2_PLACEMENT_3D('',#5041,#4100,#4101);
#3258=AXIS2_PLACEMENT_3D('',#5042,#4102,#4103);
#3259=AXIS2_PLACEMENT_3D('',#5043,#4104,#4105);
#3260=AXIS2_PLACEMENT_3D('',#5044,#4106,#4107);
#3261=AXIS2_PLACEMENT_3D('',#5045,#4108,#4109);
#3262=AXIS2_PLACEMENT_3D('',#5046,#4110,#4111);
#3263=AXIS2_PLACEMENT_3D('',#5047,#4112,#4113);
#3264=AXIS2_PLACEMENT_3D('',#5048,#4114,#4115);
#3265=AXIS2_PLACEMENT_3D('',#5049,#4116,#4117);
#3266=AXIS2_PLACEMENT_3D('',#5050,#4118,#4119);
#3267=AXIS2_PLACEMENT_3D('',#5051,#4120,#4121);
#3268=AXIS2_PLACEMENT_3D('',#5052,#4122,#4123);
#3269=AXIS2_PLACEMENT_3D('',#5053,#4124,#4125);
#3270=AXIS2_PLACEMENT_3D('',#5054,#4126,#4127);
#3271=AXIS2_PLACEMENT_3D('',#5055,#4128,#4129);
#3272=AXIS2_PLACEMENT_3D('',#5056,#4130,#4131);
#3273=AXIS2_PLACEMENT_3D('',#5057,#4132,#4133);
#3274=AXIS2_PLACEMENT_3D('',#5058,#4134,#4135);
#3275=AXIS2_PLACEMENT_3D('',#5060,#4137,#4138);
#3276=AXIS2_PLACEMENT_3D('',#5065,#4142,#4143);
#3277=AXIS2_PLACEMENT_3D('',#5068,#4145,#4146);
#3278=AXIS2_PLACEMENT_3D('',#5069,#4147,#4148);
#3279=AXIS2_PLACEMENT_3D('',#5071,#4150,#4151);
#3280=AXIS2_PLACEMENT_3D('',#5074,#4153,#4154);
#3281=AXIS2_PLACEMENT_3D('',#5077,#4156,#4157);
#3282=AXIS2_PLACEMENT_3D('',#5080,#4159,#4160);
#3283=AXIS2_PLACEMENT_3D('',#5083,#4162,#4163);
#3284=AXIS2_PLACEMENT_3D('',#5084,#4164,#4165);
#3285=AXIS2_PLACEMENT_3D('',#5085,#4166,#4167);
#3286=AXIS2_PLACEMENT_3D('',#5086,#4168,#4169);
#3287=AXIS2_PLACEMENT_3D('',#5087,#4170,#4171);
#3288=AXIS2_PLACEMENT_3D('',#5088,#4172,#4173);
#3289=AXIS2_PLACEMENT_3D('',#5089,#4174,#4175);
#3290=AXIS2_PLACEMENT_3D('',#5091,#4177,#4178);
#3291=AXIS2_PLACEMENT_3D('',#5096,#4182,#4183);
#3292=AXIS2_PLACEMENT_3D('',#5100,#4186,#4187);
#3293=AXIS2_PLACEMENT_3D('',#5101,#4188,#4189);
#3294=AXIS2_PLACEMENT_3D('',#5102,#4190,#4191);
#3295=AXIS2_PLACEMENT_3D('',#5103,#4192,#4193);
#3296=AXIS2_PLACEMENT_3D('',#5108,#4196,#4197);
#3297=AXIS2_PLACEMENT_3D('',#5113,#4200,#4201);
#3298=AXIS2_PLACEMENT_3D('',#5114,#4202,#4203);
#3299=AXIS2_PLACEMENT_3D('',#5115,#4204,#4205);
#3300=AXIS2_PLACEMENT_3D('',#5116,#4206,#4207);
#3301=AXIS2_PLACEMENT_3D('',#5117,#4208,#4209);
#3302=AXIS2_PLACEMENT_3D('',#5118,#4210,#4211);
#3303=AXIS2_PLACEMENT_3D('',#5119,#4212,#4213);
#3304=AXIS2_PLACEMENT_3D('',#5120,#4214,#4215);
#3305=AXIS2_PLACEMENT_3D('',#5123,#4218,#4219);
#3306=AXIS2_PLACEMENT_3D('',#5126,#4222,#4223);
#3307=AXIS2_PLACEMENT_3D('',#5129,#4226,#4227);
#3308=AXIS2_PLACEMENT_3D('',#5132,#4230,#4231);
#3309=AXIS2_PLACEMENT_3D('',#5135,#4234,#4235);
#3310=AXIS2_PLACEMENT_3D('',#5138,#4238,#4239);
#3311=AXIS2_PLACEMENT_3D('',#5139,#4240,#4241);
#3312=AXIS2_PLACEMENT_3D('',#5140,#4242,#4243);
#3313=AXIS2_PLACEMENT_3D('',#5141,#4244,#4245);
#3314=AXIS2_PLACEMENT_3D('',#5142,#4246,#4247);
#3315=AXIS2_PLACEMENT_3D('',#5143,#4248,#4249);
#3316=AXIS2_PLACEMENT_3D('',#5144,#4250,#4251);
#3317=AXIS2_PLACEMENT_3D('',#5145,#4252,#4253);
#3318=DIRECTION('',(0.,0.,1.));
#3319=DIRECTION('',(1.,0.,0.));
#3320=DIRECTION('',(0.,-1.,0.));
#3321=DIRECTION('',(0.,0.,-1.));
#3322=DIRECTION('',(-1.,0.,0.));
#3323=DIRECTION('',(0.,0.,-1.));
#3324=DIRECTION('',(-1.,0.,0.));
#3325=DIRECTION('',(0.,0.,-1.));
#3326=DIRECTION('',(1.,0.,0.));
#3327=DIRECTION('',(0.,-1.,0.));
#3328=DIRECTION('',(0.,0.,-1.));
#3329=DIRECTION('',(-1.06752213906265E-16,0.,1.));
#3330=DIRECTION('',(0.,-1.,0.));
#3331=DIRECTION('',(0.,0.,-1.));
#3332=DIRECTION('',(-1.,0.,0.));
#3333=DIRECTION('',(0.,-1.,0.));
#3334=DIRECTION('',(0.,0.,-1.));
#3335=DIRECTION('',(1.06752213906265E-16,0.,-1.));
#3336=DIRECTION('',(0.,-1.,0.));
#3337=DIRECTION('',(0.,0.,-1.));
#3338=DIRECTION('',(3.73058812038023E-16,-1.,0.));
#3339=DIRECTION('',(1.,3.73058812038023E-16,0.));
#3340=DIRECTION('',(-1.,0.,0.));
#3341=DIRECTION('',(0.,0.,-1.));
#3342=DIRECTION('',(-1.,-3.73058812038023E-16,0.));
#3343=DIRECTION('',(0.,0.,-1.));
#3344=DIRECTION('',(-1.06752213906265E-16,-3.98248541023001E-32,1.));
#3345=DIRECTION('',(3.73058812038023E-16,-1.,0.));
#3346=DIRECTION('',(1.,3.73058812038023E-16,0.));
#3347=DIRECTION('',(1.,3.73058812038023E-16,0.));
#3348=DIRECTION('',(3.73058812038023E-16,-1.,0.));
#3349=DIRECTION('',(1.,3.73058812038023E-16,0.));
#3350=DIRECTION('',(1.06752213906265E-16,3.98248541023001E-32,-1.));
#3351=DIRECTION('',(3.73058812038023E-16,-1.,0.));
#3352=DIRECTION('',(1.,3.73058812038023E-16,0.));
#3353=DIRECTION('',(-1.,-3.73058812038023E-16,0.));
#3354=DIRECTION('',(3.73058812038023E-16,-1.,0.));
#3355=DIRECTION('',(1.,3.73058812038023E-16,0.));
#3356=DIRECTION('',(5.10212787052002E-16,-1.,0.));
#3357=DIRECTION('',(1.,5.10212787052002E-16,0.));
#3358=DIRECTION('',(1.06752213906265E-16,5.4466344581087E-32,-1.));
#3359=DIRECTION('',(5.10212787052002E-16,-1.,0.));
#3360=DIRECTION('',(1.,5.10212787052002E-16,0.));
#3361=DIRECTION('',(1.,5.10212787052002E-16,0.));
#3362=DIRECTION('',(5.10212787052002E-16,-1.,0.));
#3363=DIRECTION('',(1.,5.10212787052002E-16,0.));
#3364=DIRECTION('',(-1.06752213906265E-16,-5.4466344581087E-32,1.));
#3365=DIRECTION('',(5.10212787052002E-16,-1.,0.));
#3366=DIRECTION('',(1.,5.10212787052002E-16,0.));
#3367=DIRECTION('',(1.,5.10212787052002E-16,0.));
#3368=DIRECTION('',(5.10212787052002E-16,-1.,0.));
#3369=DIRECTION('',(1.,5.10212787052002E-16,0.));
#3370=DIRECTION('',(0.,0.,-1.));
#3371=DIRECTION('',(-1.,-5.10212787052002E-16,0.));
#3372=DIRECTION('',(0.,0.,-1.));
#3373=DIRECTION('',(5.10212787052002E-16,-1.,0.));
#3374=DIRECTION('',(1.,5.10212787052002E-16,0.));
#3375=DIRECTION('',(1.,5.10212787052002E-16,0.));
#3376=DIRECTION('',(5.10212787052002E-16,-1.,0.));
#3377=DIRECTION('',(1.,5.10212787052002E-16,0.));
#3378=DIRECTION('',(0.,-1.,0.));
#3379=DIRECTION('',(0.,0.,-1.));
#3380=DIRECTION('',(-1.06752213906265E-16,0.,1.));
#3381=DIRECTION('',(0.,-1.,0.));
#3382=DIRECTION('',(0.,0.,-1.));
#3383=DIRECTION('',(1.,0.,0.));
#3384=DIRECTION('',(0.,-1.,0.));
#3385=DIRECTION('',(0.,0.,-1.));
#3386=DIRECTION('',(1.06752213906265E-16,0.,-1.));
#3387=DIRECTION('',(0.,-1.,0.));
#3388=DIRECTION('',(0.,0.,-1.));
#3389=DIRECTION('',(-1.,0.,0.));
#3390=DIRECTION('',(0.,-1.,0.));
#3391=DIRECTION('',(0.,0.,-1.));
#3392=DIRECTION('',(0.,0.,-1.));
#3393=DIRECTION('',(-1.,0.,0.));
#3394=DIRECTION('',(0.,0.,-1.));
#3395=DIRECTION('',(0.,-1.,0.));
#3396=DIRECTION('',(0.,0.,-1.));
#3397=DIRECTION('',(-1.,0.,0.));
#3398=DIRECTION('',(0.,-1.,0.));
#3399=DIRECTION('',(0.,0.,-1.));
#3400=DIRECTION('',(-1.,6.1153589047361E-17,0.));
#3401=DIRECTION('',(-6.1153589047361E-17,-1.,0.));
#3402=DIRECTION('',(6.1153589047361E-17,1.,0.));
#3403=DIRECTION('',(1.,6.1153589047361E-17,0.));
#3404=DIRECTION('',(-6.1153589047361E-17,1.,0.));
#3405=DIRECTION('',(0.,0.,-1.));
#3406=DIRECTION('',(-1.,6.1153589047361E-17,0.));
#3407=DIRECTION('',(-6.1153589047361E-17,-1.,0.));
#3408=DIRECTION('',(0.,-1.,0.));
#3409=DIRECTION('',(0.,0.,-1.));
#3410=DIRECTION('',(6.1153589047361E-17,1.,0.));
#3411=DIRECTION('',(0.,0.,-1.));
#3412=DIRECTION('',(-1.,6.1153589047361E-17,0.));
#3413=DIRECTION('',(-6.1153589047361E-17,-1.,0.));
#3414=DIRECTION('',(6.1153589047361E-17,1.,0.));
#3415=DIRECTION('',(0.,0.,1.));
#3416=DIRECTION('',(-1.,6.1153589047361E-17,0.));
#3417=DIRECTION('',(-6.1153589047361E-17,-1.,0.));
#3418=DIRECTION('',(-6.1153589047361E-17,-1.,-2.13176464021727E-16));
#3419=DIRECTION('',(-1.,6.1153589047361E-17,0.));
#3420=DIRECTION('',(-6.1153589047361E-17,-1.,0.));
#3421=DIRECTION('',(-5.72716297293689E-17,-0.936521153075976,0.350611080602487));
#3422=DIRECTION('',(-1.,6.1153589047361E-17,0.));
#3423=DIRECTION('',(-6.1153589047361E-17,-1.,0.));
#3424=DIRECTION('',(-6.1153589047361E-17,-1.,0.));
#3425=DIRECTION('',(-1.,6.1153589047361E-17,0.));
#3426=DIRECTION('',(-6.1153589047361E-17,-1.,0.));
#3427=DIRECTION('',(0.,0.,1.));
#3428=DIRECTION('',(1.,6.1153589047361E-17,0.));
#3429=DIRECTION('',(-6.1153589047361E-17,1.,0.));
#3430=DIRECTION('',(6.1153589047361E-17,1.,0.));
#3431=DIRECTION('',(-1.,6.1153589047361E-17,0.));
#3432=DIRECTION('',(-6.1153589047361E-17,-1.,0.));
#3433=DIRECTION('',(0.,0.,1.));
#3434=DIRECTION('',(-1.,6.1153589047361E-17,0.));
#3435=DIRECTION('',(-6.1153589047361E-17,-1.,0.));
#3436=DIRECTION('',(-6.1153589047361E-17,-1.,0.));
#3437=DIRECTION('',(-1.,6.1153589047361E-17,0.));
#3438=DIRECTION('',(-6.1153589047361E-17,-1.,0.));
#3439=DIRECTION('',(-5.72716297293689E-17,-0.936521153075976,0.350611080602487));
#3440=DIRECTION('',(0.,0.,1.));
#3441=DIRECTION('',(-1.,6.1153589047361E-17,0.));
#3442=DIRECTION('',(-6.1153589047361E-17,-1.,0.));
#3443=DIRECTION('',(0.,0.,-1.));
#3444=DIRECTION('',(0.,1.,0.));
#3445=DIRECTION('',(0.,0.,-1.));
#3446=DIRECTION('',(6.1153589047361E-17,1.,0.));
#3447=DIRECTION('',(-1.,6.1153589047361E-17,0.));
#3448=DIRECTION('',(-6.1153589047361E-17,-1.,0.));
#3449=DIRECTION('',(-1.,6.1153589047361E-17,0.));
#3450=DIRECTION('',(-6.1153589047361E-17,-1.,0.));
#3451=DIRECTION('',(-6.1153589047361E-17,-1.,0.));
#3452=DIRECTION('',(-1.,6.1153589047361E-17,0.));
#3453=DIRECTION('',(-6.1153589047361E-17,-1.,0.));
#3454=DIRECTION('',(0.,0.,1.));
#3455=DIRECTION('',(-1.,6.1153589047361E-17,0.));
#3456=DIRECTION('',(-6.1153589047361E-17,-1.,0.));
#3457=DIRECTION('',(-6.1153589047361E-17,-1.,0.));
#3458=DIRECTION('',(-1.,6.1153589047361E-17,0.));
#3459=DIRECTION('',(-6.1153589047361E-17,-1.,0.));
#3460=DIRECTION('',(0.,0.,1.));
#3461=DIRECTION('',(0.,0.,-1.));
#3462=DIRECTION('',(-1.,6.1153589047361E-17,0.));
#3463=DIRECTION('',(-6.1153589047361E-17,-1.,0.));
#3464=DIRECTION('',(5.72716297293689E-17,0.936521153075976,-0.350611080602487));
#3465=DIRECTION('',(-1.,6.1153589047361E-17,0.));
#3466=DIRECTION('',(-6.1153589047361E-17,-1.,0.));
#3467=DIRECTION('',(6.1153589047361E-17,1.,0.));
#3468=DIRECTION('',(-1.,6.1153589047361E-17,0.));
#3469=DIRECTION('',(-6.1153589047361E-17,-1.,0.));
#3470=DIRECTION('',(6.1153589047361E-17,1.,0.));
#3471=DIRECTION('',(-1.,6.1153589047361E-17,0.));
#3472=DIRECTION('',(-6.1153589047361E-17,-1.,0.));
#3473=DIRECTION('',(5.72716297293689E-17,0.936521153075976,-0.350611080602487));
#3474=DIRECTION('',(-1.,6.1153589047361E-17,0.));
#3475=DIRECTION('',(-6.1153589047361E-17,-1.,0.));
#3476=DIRECTION('',(6.1153589047361E-17,1.,2.13176464021727E-16));
#3477=DIRECTION('',(-1.,6.1153589047361E-17,0.));
#3478=DIRECTION('',(-6.1153589047361E-17,-1.,0.));
#3479=DIRECTION('',(0.,0.,-1.));
#3480=DIRECTION('',(-1.,6.1153589047361E-17,0.));
#3481=DIRECTION('',(-6.1153589047361E-17,-1.,0.));
#3482=DIRECTION('',(0.,-1.,0.));
#3483=DIRECTION('',(0.,0.,-1.));
#3484=DIRECTION('',(6.1153589047361E-17,1.,0.));
#3485=DIRECTION('',(0.,0.,-1.));
#3486=DIRECTION('',(0.,1.,0.));
#3487=DIRECTION('',(0.,0.,-1.));
#3488=DIRECTION('',(6.1153589047361E-17,1.,0.));
#3489=DIRECTION('',(0.,0.,-1.));
#3490=DIRECTION('',(-1.,6.1153589047361E-17,0.));
#3491=DIRECTION('',(-6.1153589047361E-17,-1.,0.));
#3492=DIRECTION('',(0.,0.,1.));
#3493=DIRECTION('',(-1.,6.1153589047361E-17,0.));
#3494=DIRECTION('',(-6.1153589047361E-17,-1.,0.));
#3495=DIRECTION('',(-6.1153589047361E-17,-1.,0.));
#3496=DIRECTION('',(-1.,6.1153589047361E-17,0.));
#3497=DIRECTION('',(-6.1153589047361E-17,-1.,0.));
#3498=DIRECTION('',(0.,0.,1.));
#3499=DIRECTION('',(-1.,6.1153589047361E-17,0.));
#3500=DIRECTION('',(-6.1153589047361E-17,-1.,0.));
#3501=DIRECTION('',(-6.1153589047361E-17,-1.,0.));
#3502=DIRECTION('',(-1.,6.1153589047361E-17,0.));
#3503=DIRECTION('',(-6.1153589047361E-17,-1.,0.));
#3504=DIRECTION('',(-1.,6.1153589047361E-17,0.));
#3505=DIRECTION('',(-6.1153589047361E-17,-1.,0.));
#3506=DIRECTION('',(6.1153589047361E-17,1.,0.));
#3507=DIRECTION('',(0.,0.,-1.));
#3508=DIRECTION('',(-1.,6.49709167032512E-17,0.));
#3509=DIRECTION('',(-6.49709167032512E-17,-1.,0.));
#3510=DIRECTION('',(6.49709167032512E-17,1.,0.));
#3511=DIRECTION('',(-1.,6.49709167032512E-17,0.));
#3512=DIRECTION('',(-6.49709167032512E-17,-1.,0.));
#3513=DIRECTION('',(0.,0.,-1.));
#3514=DIRECTION('',(-1.,6.49709167032512E-17,0.));
#3515=DIRECTION('',(-6.49709167032512E-17,-1.,0.));
#3516=DIRECTION('',(6.49709167032512E-17,1.,0.));
#3517=DIRECTION('',(-1.,6.49709167032512E-17,0.));
#3518=DIRECTION('',(-6.49709167032512E-17,-1.,0.));
#3519=DIRECTION('',(0.,0.,-1.));
#3520=DIRECTION('',(-1.,6.49709167032512E-17,0.));
#3521=DIRECTION('',(-6.49709167032512E-17,-1.,0.));
#3522=DIRECTION('',(6.49709167032512E-17,1.,0.));
#3523=DIRECTION('',(6.49709167032512E-17,1.,0.));
#3524=DIRECTION('',(0.,0.,1.));
#3525=DIRECTION('',(-1.,6.49709167032512E-17,0.));
#3526=DIRECTION('',(-6.49709167032512E-17,-1.,0.));
#3527=DIRECTION('',(-6.49709167032512E-17,-1.,0.));
#3528=DIRECTION('',(-1.,6.49709167032512E-17,0.));
#3529=DIRECTION('',(-6.49709167032512E-17,-1.,0.));
#3530=DIRECTION('',(-6.0846637827332E-17,-0.936521153075976,0.350611080602487));
#3531=DIRECTION('',(-1.,6.49709167032512E-17,0.));
#3532=DIRECTION('',(-6.49709167032512E-17,-1.,0.));
#3533=DIRECTION('',(-6.49709167032512E-17,-1.,-2.13176464021727E-16));
#3534=DIRECTION('',(-1.,6.49709167032512E-17,0.));
#3535=DIRECTION('',(-6.49709167032512E-17,-1.,0.));
#3536=DIRECTION('',(-6.08466378273321E-17,-0.936521153075976,0.350611080602487));
#3537=DIRECTION('',(-1.,6.49709167032512E-17,0.));
#3538=DIRECTION('',(-6.49709167032512E-17,-1.,0.));
#3539=DIRECTION('',(-6.49709167032512E-17,-1.,0.));
#3540=DIRECTION('',(-1.,6.49709167032512E-17,0.));
#3541=DIRECTION('',(-6.49709167032512E-17,-1.,0.));
#3542=DIRECTION('',(0.,0.,1.));
#3543=DIRECTION('',(-1.,6.49709167032512E-17,0.));
#3544=DIRECTION('',(-6.49709167032512E-17,-1.,0.));
#3545=DIRECTION('',(-1.,6.49709167032512E-17,0.));
#3546=DIRECTION('',(-6.49709167032512E-17,-1.,0.));
#3547=DIRECTION('',(6.49709167032512E-17,1.,0.));
#3548=DIRECTION('',(6.49709167032512E-17,1.,0.));
#3549=DIRECTION('',(6.49709167032512E-17,1.,0.));
#3550=DIRECTION('',(-1.,6.49709167032512E-17,0.));
#3551=DIRECTION('',(-6.49709167032512E-17,-1.,0.));
#3552=DIRECTION('',(0.,0.,-1.));
#3553=DIRECTION('',(-1.,6.49709167032512E-17,0.));
#3554=DIRECTION('',(-6.49709167032512E-17,-1.,0.));
#3555=DIRECTION('',(6.49709167032512E-17,1.,0.));
#3556=DIRECTION('',(-1.,6.49709167032512E-17,0.));
#3557=DIRECTION('',(-6.49709167032512E-17,-1.,0.));
#3558=DIRECTION('',(0.,0.,-1.));
#3559=DIRECTION('',(-6.0846637827332E-17,-0.936521153075976,0.350611080602487));
#3560=DIRECTION('',(-1.,6.49709167032512E-17,0.));
#3561=DIRECTION('',(-6.49709167032512E-17,-1.,0.));
#3562=DIRECTION('',(-6.49709167032512E-17,-1.,0.));
#3563=DIRECTION('',(-1.,6.49709167032512E-17,0.));
#3564=DIRECTION('',(-6.49709167032512E-17,-1.,0.));
#3565=DIRECTION('',(0.,0.,1.));
#3566=DIRECTION('',(-1.,6.49709167032512E-17,0.));
#3567=DIRECTION('',(-6.49709167032512E-17,-1.,0.));
#3568=DIRECTION('',(-6.49709167032512E-17,-1.,-2.13176464021727E-16));
#3569=DIRECTION('',(-1.,6.49709167032512E-17,0.));
#3570=DIRECTION('',(-6.49709167032512E-17,-1.,0.));
#3571=DIRECTION('',(-6.49709167032512E-17,-1.,0.));
#3572=DIRECTION('',(-1.,6.49709167032512E-17,0.));
#3573=DIRECTION('',(-6.49709167032512E-17,-1.,0.));
#3574=DIRECTION('',(-6.08466378273321E-17,-0.936521153075976,0.350611080602487));
#3575=DIRECTION('',(-1.,6.49709167032512E-17,0.));
#3576=DIRECTION('',(-6.49709167032512E-17,-1.,0.));
#3577=DIRECTION('',(0.,0.,1.));
#3578=DIRECTION('',(-1.,6.49709167032512E-17,0.));
#3579=DIRECTION('',(-6.49709167032512E-17,-1.,0.));
#3580=DIRECTION('',(0.,0.,1.));
#3581=DIRECTION('',(1.,0.,0.));
#3582=DIRECTION('',(0.,0.,1.));
#3583=DIRECTION('',(1.,0.,0.));
#3584=DIRECTION('',(0.,0.,1.));
#3585=DIRECTION('',(1.,0.,0.));
#3586=DIRECTION('',(0.,0.,1.));
#3587=DIRECTION('',(1.,0.,0.));
#3588=DIRECTION('',(0.,0.,1.));
#3589=DIRECTION('',(1.,0.,0.));
#3590=DIRECTION('',(-1.,0.,0.));
#3591=DIRECTION('',(-1.,0.,0.));
#3592=DIRECTION('',(0.,0.,1.));
#3593=DIRECTION('',(1.,0.,0.));
#3594=DIRECTION('',(6.49709167032512E-17,1.,0.));
#3595=DIRECTION('',(3.73058812038023E-16,-1.,0.));
#3596=DIRECTION('',(3.73058812038023E-16,-1.,0.));
#3597=DIRECTION('',(6.49709167032512E-17,1.,0.));
#3598=DIRECTION('',(1.,0.,0.));
#3599=DIRECTION('',(0.,0.,1.));
#3600=DIRECTION('',(1.,0.,0.));
#3601=DIRECTION('',(0.,0.,1.));
#3602=DIRECTION('',(1.,0.,0.));
#3603=DIRECTION('',(0.,0.,1.));
#3604=DIRECTION('',(1.,0.,0.));
#3605=DIRECTION('',(0.,0.,1.));
#3606=DIRECTION('',(1.,0.,0.));
#3607=DIRECTION('',(0.,0.,1.));
#3608=DIRECTION('',(1.,0.,0.));
#3609=DIRECTION('',(6.1153589047361E-17,-1.,0.));
#3610=DIRECTION('',(0.,0.,1.));
#3611=DIRECTION('',(1.,0.,0.));
#3612=DIRECTION('',(6.1153589047361E-17,-1.,0.));
#3613=DIRECTION('',(0.,0.,1.));
#3614=DIRECTION('',(1.,0.,0.));
#3615=DIRECTION('',(6.1153589047361E-17,-1.,0.));
#3616=DIRECTION('',(1.,6.1153589047361E-17,0.));
#3617=DIRECTION('',(0.,0.,1.));
#3618=DIRECTION('',(1.,0.,0.));
#3619=DIRECTION('',(0.,0.,1.));
#3620=DIRECTION('',(1.,0.,0.));
#3621=DIRECTION('',(1.,-6.1153589047361E-17,0.));
#3622=DIRECTION('',(6.1153589047361E-17,1.,0.));
#3623=DIRECTION('',(0.,0.,1.));
#3624=DIRECTION('',(1.,0.,0.));
#3625=DIRECTION('',(6.1153589047361E-17,1.,0.));
#3626=DIRECTION('',(0.,0.,1.));
#3627=DIRECTION('',(1.,0.,0.));
#3628=DIRECTION('',(6.1153589047361E-17,1.,0.));
#3629=DIRECTION('',(1.,-6.1153589047361E-17,0.));
#3630=DIRECTION('',(0.,0.,1.));
#3631=DIRECTION('',(1.,0.,0.));
#3632=DIRECTION('',(-1.,0.,0.));
#3633=DIRECTION('',(0.,0.,1.));
#3634=DIRECTION('',(1.,0.,0.));
#3635=DIRECTION('',(0.,0.,1.));
#3636=DIRECTION('',(1.,0.,0.));
#3637=DIRECTION('',(-1.,0.,0.));
#3638=DIRECTION('',(0.,0.,1.));
#3639=DIRECTION('',(1.,0.,0.));
#3640=DIRECTION('',(1.,6.1153589047361E-17,0.));
#3641=DIRECTION('',(0.,0.,1.));
#3642=DIRECTION('',(1.,0.,0.));
#3643=DIRECTION('',(3.73058812038023E-16,-1.,0.));
#3644=DIRECTION('',(6.49709167032512E-17,1.,0.));
#3645=DIRECTION('',(1.,0.,0.));
#3646=DIRECTION('',(6.49709167032512E-17,1.,0.));
#3647=DIRECTION('',(3.73058812038023E-16,-1.,0.));
#3648=DIRECTION('',(0.,-1.,0.));
#3649=DIRECTION('',(0.,0.,-1.));
#3650=DIRECTION('',(-1.,0.,0.));
#3651=DIRECTION('',(0.,0.,-1.));
#3652=DIRECTION('',(1.,0.,0.));
#3653=DIRECTION('',(0.,0.,-1.));
#3654=DIRECTION('',(0.,-1.,0.));
#3655=DIRECTION('',(0.,0.,-1.));
#3656=DIRECTION('',(1.,0.,0.));
#3657=DIRECTION('',(0.,0.,-1.));
#3658=DIRECTION('',(-1.,0.,0.));
#3659=DIRECTION('',(0.,0.,-1.));
#3660=DIRECTION('',(0.,0.,1.));
#3661=DIRECTION('',(1.,0.,0.));
#3662=DIRECTION('',(0.,0.,1.));
#3663=DIRECTION('',(1.,0.,0.));
#3664=DIRECTION('',(0.,0.,1.));
#3665=DIRECTION('',(1.,0.,0.));
#3666=DIRECTION('',(0.,0.,1.));
#3667=DIRECTION('',(1.,0.,0.));
#3668=DIRECTION('',(-1.,0.,0.));
#3669=DIRECTION('',(0.,0.,1.));
#3670=DIRECTION('',(1.,0.,0.));
#3671=DIRECTION('',(0.,0.,1.));
#3672=DIRECTION('',(1.,0.,0.));
#3673=DIRECTION('',(0.,0.,1.));
#3674=DIRECTION('',(1.,0.,0.));
#3675=DIRECTION('',(0.,-1.,0.));
#3676=DIRECTION('',(-1.,0.,0.));
#3677=DIRECTION('',(0.,0.,-1.));
#3678=DIRECTION('',(0.,0.,-1.));
#3679=DIRECTION('',(0.,0.,1.));
#3680=DIRECTION('',(1.,0.,0.));
#3681=DIRECTION('',(0.,0.,1.));
#3682=DIRECTION('',(1.,0.,0.));
#3683=DIRECTION('',(0.,0.,1.));
#3684=DIRECTION('',(1.,0.,0.));
#3685=DIRECTION('',(0.,0.,1.));
#3686=DIRECTION('',(1.,0.,0.));
#3687=DIRECTION('',(-1.,0.,0.));
#3688=DIRECTION('',(0.,0.,1.));
#3689=DIRECTION('',(1.,0.,0.));
#3690=DIRECTION('',(0.,0.,1.));
#3691=DIRECTION('',(1.,0.,0.));
#3692=DIRECTION('',(0.,0.,1.));
#3693=DIRECTION('',(1.,0.,0.));
#3694=DIRECTION('',(0.,1.,0.));
#3695=DIRECTION('',(-1.,0.,0.));
#3696=DIRECTION('',(0.,0.,-1.));
#3697=DIRECTION('',(0.,0.,-1.));
#3698=DIRECTION('',(1.30365058753543E-32,2.13176464021727E-16,-1.));
#3699=DIRECTION('',(0.,1.,2.13176464021727E-16));
#3700=DIRECTION('',(1.,-6.1153589047361E-17,0.));
#3701=DIRECTION('',(1.,-6.1153589047361E-17,-2.73691106313441E-48));
#3702=DIRECTION('',(-6.1153589047361E-17,-1.,0.));
#3703=DIRECTION('',(1.,-6.1153589047361E-17,0.));
#3704=DIRECTION('',(1.,-6.1153589047361E-17,-6.07716335728627E-64));
#3705=DIRECTION('',(1.,-6.1153589047361E-17,0.));
#3706=DIRECTION('',(0.,0.,-1.));
#3707=DIRECTION('',(-1.,0.,0.));
#3708=DIRECTION('',(1.,-6.1153589047361E-17,0.));
#3709=DIRECTION('',(1.,-6.1153589047361E-17,0.));
#3710=DIRECTION('',(-2.14411259386156E-17,-0.350611080602487,-0.936521153075976));
#3711=DIRECTION('',(0.,0.936521153075976,-0.350611080602487));
#3712=DIRECTION('',(1.,-6.1153589047361E-17,-2.86335913133831E-33));
#3713=DIRECTION('',(1.,-6.1153589047361E-17,3.32236180395593E-34));
#3714=DIRECTION('',(0.,0.,-1.));
#3715=DIRECTION('',(-1.,0.,0.));
#3716=DIRECTION('',(1.,-6.1153589047361E-17,0.));
#3717=DIRECTION('',(1.,-6.1153589047361E-17,0.));
#3718=DIRECTION('',(-6.1153589047361E-17,-1.,0.));
#3719=DIRECTION('',(1.,-6.1153589047361E-17,0.));
#3720=DIRECTION('',(1.,-6.1153589047361E-17,1.00534183301565E-32));
#3721=DIRECTION('',(1.,-6.1153589047361E-17,0.));
#3722=DIRECTION('',(-2.14411259386156E-17,-0.350611080602487,-0.936521153075976));
#3723=DIRECTION('',(0.,0.936521153075976,-0.350611080602487));
#3724=DIRECTION('',(1.,-6.1153589047361E-17,-1.07286685689674E-33));
#3725=DIRECTION('',(1.,-6.1153589047361E-17,4.98608758617548E-33));
#3726=DIRECTION('',(-2.14411259386156E-17,-0.350611080602487,-0.936521153075976));
#3727=DIRECTION('',(0.,0.936521153075976,-0.350611080602487));
#3728=DIRECTION('',(1.,-6.1153589047361E-17,3.32236180395593E-34));
#3729=DIRECTION('',(1.,-6.1153589047361E-17,-2.86335913133831E-33));
#3730=DIRECTION('',(0.,0.,-1.));
#3731=DIRECTION('',(-1.,0.,0.));
#3732=DIRECTION('',(1.,-6.1153589047361E-17,0.));
#3733=DIRECTION('',(1.,-6.1153589047361E-17,0.));
#3734=DIRECTION('',(-6.1153589047361E-17,-1.,0.));
#3735=DIRECTION('',(1.,-6.1153589047361E-17,0.));
#3736=DIRECTION('',(1.,-6.1153589047361E-17,-6.07716335728627E-64));
#3737=DIRECTION('',(0.,0.,1.));
#3738=DIRECTION('',(1.,-6.1153589047361E-17,0.));
#3739=DIRECTION('',(1.30365058753543E-32,2.13176464021727E-16,-1.));
#3740=DIRECTION('',(0.,1.,2.13176464021727E-16));
#3741=DIRECTION('',(1.,-6.1153589047361E-17,-2.73691106313441E-48));
#3742=DIRECTION('',(1.,-6.1153589047361E-17,0.));
#3743=DIRECTION('',(-2.14411259386156E-17,-0.350611080602487,-0.936521153075976));
#3744=DIRECTION('',(0.,0.936521153075976,-0.350611080602487));
#3745=DIRECTION('',(1.,-6.1153589047361E-17,-1.07286685689674E-33));
#3746=DIRECTION('',(1.,-6.1153589047361E-17,0.));
#3747=DIRECTION('',(-5.72716297293689E-17,-0.936521153075976,0.350611080602487));
#3748=DIRECTION('',(1.,-6.1153589047361E-17,4.04477298548862E-34));
#3749=DIRECTION('',(-2.14411259386156E-17,-0.350611080602487,-0.936521153075976));
#3750=DIRECTION('',(5.72716297293689E-17,0.936521153075976,-0.350611080602487));
#3751=DIRECTION('',(-6.1153589047361E-17,-1.,0.));
#3752=DIRECTION('',(1.,-6.1153589047361E-17,0.));
#3753=DIRECTION('',(1.,-6.1153589047361E-17,0.));
#3754=DIRECTION('',(0.,0.,1.));
#3755=DIRECTION('',(0.,0.,-1.));
#3756=DIRECTION('',(-1.,0.,0.));
#3757=DIRECTION('',(1.,-6.1153589047361E-17,0.));
#3758=DIRECTION('',(1.,-6.1153589047361E-17,0.));
#3759=DIRECTION('',(1.,-6.1153589047361E-17,0.));
#3760=DIRECTION('',(6.1153589047361E-17,1.,0.));
#3761=DIRECTION('',(-1.,6.1153589047361E-17,0.));
#3762=DIRECTION('',(-6.1153589047361E-17,-1.,0.));
#3763=DIRECTION('',(-1.,6.1153589047361E-17,0.));
#3764=DIRECTION('',(-6.1153589047361E-17,-1.,0.));
#3765=DIRECTION('',(-1.,6.1153589047361E-17,6.07716335728627E-64));
#3766=DIRECTION('',(-6.1153589047361E-17,-1.,0.));
#3767=DIRECTION('',(-1.,6.1153589047361E-17,0.));
#3768=DIRECTION('',(-6.1153589047361E-17,-1.,0.));
#3769=DIRECTION('',(-1.,6.1153589047361E-17,6.07716335728627E-64));
#3770=DIRECTION('',(-1.,6.1153589047361E-17,-4.11549829893948E-33));
#3771=DIRECTION('',(-6.1153589047361E-17,-1.,0.));
#3772=DIRECTION('',(1.,-6.1153589047361E-17,0.));
#3773=DIRECTION('',(6.1153589047361E-17,1.,0.));
#3774=DIRECTION('',(-1.,6.1153589047361E-17,0.));
#3775=DIRECTION('',(-6.1153589047361E-17,-1.,0.));
#3776=DIRECTION('',(1.,-6.1153589047361E-17,-9.75764605910102E-49));
#3777=DIRECTION('',(6.1153589047361E-17,1.,0.));
#3778=DIRECTION('',(1.,-6.1153589047361E-17,-9.75764605910102E-49));
#3779=DIRECTION('',(6.1153589047361E-17,1.,0.));
#3780=DIRECTION('',(-1.,6.1153589047361E-17,6.07716335728627E-64));
#3781=DIRECTION('',(-6.1153589047361E-17,-1.,0.));
#3782=DIRECTION('',(-1.,6.1153589047361E-17,-4.11549829893948E-33));
#3783=DIRECTION('',(-6.1153589047361E-17,-1.,0.));
#3784=DIRECTION('',(1.,-6.1153589047361E-17,0.));
#3785=DIRECTION('',(6.1153589047361E-17,1.,0.));
#3786=DIRECTION('',(1.,-6.1153589047361E-17,0.));
#3787=DIRECTION('',(6.1153589047361E-17,1.,0.));
#3788=DIRECTION('',(1.,-6.1153589047361E-17,1.00534183301565E-32));
#3789=DIRECTION('',(6.1153589047361E-17,1.,0.));
#3790=DIRECTION('',(-1.,6.1153589047361E-17,0.));
#3791=DIRECTION('',(-6.1153589047361E-17,-1.,0.));
#3792=DIRECTION('',(0.,0.,-1.));
#3793=DIRECTION('',(-1.,0.,0.));
#3794=DIRECTION('',(0.,0.,-1.));
#3795=DIRECTION('',(0.,0.,1.));
#3796=DIRECTION('',(1.,0.,0.));
#3797=DIRECTION('',(0.,0.,1.));
#3798=DIRECTION('',(1.,0.,0.));
#3799=DIRECTION('',(0.,0.,-1.));
#3800=DIRECTION('',(0.,0.,-1.));
#3801=DIRECTION('',(-1.,0.,0.));
#3802=DIRECTION('',(-1.,0.,0.));
#3803=DIRECTION('',(0.,0.,1.));
#3804=DIRECTION('',(-1.,6.49709167032512E-17,0.));
#3805=DIRECTION('',(-6.49709167032512E-17,-1.,0.));
#3806=DIRECTION('',(-1.,6.49709167032512E-17,0.));
#3807=DIRECTION('',(-6.49709167032512E-17,-1.,0.));
#3808=DIRECTION('',(-1.,0.,0.));
#3809=DIRECTION('',(0.,0.,1.));
#3810=DIRECTION('',(-1.,6.49709167032512E-17,0.));
#3811=DIRECTION('',(-6.49709167032512E-17,-1.,0.));
#3812=DIRECTION('',(-1.,6.49709167032512E-17,0.));
#3813=DIRECTION('',(-6.49709167032512E-17,-1.,0.));
#3814=DIRECTION('',(1.,0.,0.));
#3815=DIRECTION('',(0.,0.,-1.));
#3816=DIRECTION('',(-1.,6.49709167032512E-17,0.));
#3817=DIRECTION('',(-6.49709167032512E-17,-1.,0.));
#3818=DIRECTION('',(-1.,6.49709167032512E-17,0.));
#3819=DIRECTION('',(-6.49709167032512E-17,-1.,0.));
#3820=DIRECTION('',(1.,0.,0.));
#3821=DIRECTION('',(0.,0.,-1.));
#3822=DIRECTION('',(-1.,6.49709167032512E-17,0.));
#3823=DIRECTION('',(-6.49709167032512E-17,-1.,0.));
#3824=DIRECTION('',(-1.,6.49709167032512E-17,0.));
#3825=DIRECTION('',(-6.49709167032512E-17,-1.,0.));
#3826=DIRECTION('',(0.,0.,1.));
#3827=DIRECTION('',(1.,0.,0.));
#3828=DIRECTION('',(0.,0.,1.));
#3829=DIRECTION('',(1.,0.,0.));
#3830=DIRECTION('',(0.,0.,1.));
#3831=DIRECTION('',(1.,0.,0.));
#3832=DIRECTION('',(0.,0.,1.));
#3833=DIRECTION('',(1.,0.,0.));
#3834=DIRECTION('',(0.,0.,-1.));
#3835=DIRECTION('',(-1.,0.,0.));
#3836=DIRECTION('',(0.,0.,1.));
#3837=DIRECTION('',(1.,0.,0.));
#3838=DIRECTION('',(0.,0.,1.));
#3839=DIRECTION('',(1.,0.,0.));
#3840=DIRECTION('',(0.,0.,-1.));
#3841=DIRECTION('',(-1.,0.,0.));
#3842=DIRECTION('',(-1.,6.49709167032512E-17,0.));
#3843=DIRECTION('',(-6.49709167032512E-17,-1.,0.));
#3844=DIRECTION('',(0.,0.,-1.));
#3845=DIRECTION('',(-1.,0.,0.));
#3846=DIRECTION('',(0.,0.,-1.));
#3847=DIRECTION('',(-1.,0.,0.));
#3848=DIRECTION('',(0.,0.,-1.));
#3849=DIRECTION('',(-1.,0.,0.));
#3850=DIRECTION('',(-1.,6.49709167032512E-17,0.));
#3851=DIRECTION('',(-6.49709167032512E-17,-1.,0.));
#3852=DIRECTION('',(0.,1.,0.));
#3853=DIRECTION('',(0.,0.,1.));
#3854=DIRECTION('',(-6.49709167032512E-17,-1.,0.));
#3855=DIRECTION('',(1.,-6.49709167032512E-17,0.));
#3856=DIRECTION('',(-1.,6.49709167032512E-17,0.));
#3857=DIRECTION('',(-6.49709167032512E-17,-1.,0.));
#3858=DIRECTION('',(0.,0.,-1.));
#3859=DIRECTION('',(-1.,0.,0.));
#3860=DIRECTION('',(0.,0.,1.));
#3861=DIRECTION('',(1.,0.,0.));
#3862=DIRECTION('',(0.,0.,-1.));
#3863=DIRECTION('',(-1.,0.,0.));
#3864=DIRECTION('',(-1.,6.49709167032512E-17,0.));
#3865=DIRECTION('',(-6.49709167032512E-17,-1.,0.));
#3866=DIRECTION('',(0.,-1.,0.));
#3867=DIRECTION('',(0.,0.,-1.));
#3868=DIRECTION('',(-6.49709167032512E-17,-1.,0.));
#3869=DIRECTION('',(1.,-6.49709167032512E-17,0.));
#3870=DIRECTION('',(-1.,6.49709167032512E-17,0.));
#3871=DIRECTION('',(-6.49709167032512E-17,-1.,0.));
#3872=DIRECTION('',(0.,0.,-1.));
#3873=DIRECTION('',(-1.,0.,0.));
#3874=DIRECTION('',(0.,0.,1.));
#3875=DIRECTION('',(1.,0.,0.));
#3876=DIRECTION('',(0.,0.,-1.));
#3877=DIRECTION('',(-1.,0.,0.));
#3878=DIRECTION('',(-1.,6.49709167032512E-17,0.));
#3879=DIRECTION('',(-6.49709167032512E-17,-1.,0.));
#3880=DIRECTION('',(0.,1.,0.));
#3881=DIRECTION('',(0.,0.,1.));
#3882=DIRECTION('',(6.49709167032512E-17,1.,0.));
#3883=DIRECTION('',(-1.,6.49709167032512E-17,0.));
#3884=DIRECTION('',(-1.,6.49709167032512E-17,0.));
#3885=DIRECTION('',(-6.49709167032512E-17,-1.,0.));
#3886=DIRECTION('',(0.,0.,-1.));
#3887=DIRECTION('',(-1.,0.,0.));
#3888=DIRECTION('',(0.,0.,-1.));
#3889=DIRECTION('',(-1.,0.,0.));
#3890=DIRECTION('',(0.,0.,-1.));
#3891=DIRECTION('',(-1.,0.,0.));
#3892=DIRECTION('',(-1.,6.49709167032512E-17,0.));
#3893=DIRECTION('',(-6.49709167032512E-17,-1.,0.));
#3894=DIRECTION('',(0.,-1.,0.));
#3895=DIRECTION('',(0.,0.,-1.));
#3896=DIRECTION('',(6.49709167032512E-17,1.,0.));
#3897=DIRECTION('',(-1.,6.49709167032512E-17,0.));
#3898=DIRECTION('',(0.,0.,-1.));
#3899=DIRECTION('',(-1.,0.,0.));
#3900=DIRECTION('',(-1.,6.1153589047361E-17,0.));
#3901=DIRECTION('',(-6.1153589047361E-17,-1.,0.));
#3902=DIRECTION('',(-1.,6.1153589047361E-17,0.));
#3903=DIRECTION('',(-6.1153589047361E-17,-1.,0.));
#3904=DIRECTION('',(-6.1153589047361E-17,-1.,0.));
#3905=DIRECTION('',(1.,-6.1153589047361E-17,0.));
#3906=DIRECTION('',(-1.,6.1153589047361E-17,0.));
#3907=DIRECTION('',(0.,0.,1.));
#3908=DIRECTION('',(-1.,6.1153589047361E-17,0.));
#3909=DIRECTION('',(0.,0.,1.));
#3910=DIRECTION('',(0.,0.,-1.));
#3911=DIRECTION('',(-1.,0.,0.));
#3912=DIRECTION('',(-6.1153589047361E-17,-1.,0.));
#3913=DIRECTION('',(-1.,6.1153589047361E-17,0.));
#3914=DIRECTION('',(-6.1153589047361E-17,-1.,0.));
#3915=DIRECTION('',(-1.,6.1153589047361E-17,0.));
#3916=DIRECTION('',(-6.1153589047361E-17,-1.,0.));
#3917=DIRECTION('',(1.,-6.1153589047361E-17,0.));
#3918=DIRECTION('',(0.,0.,1.));
#3919=DIRECTION('',(-1.,6.1153589047361E-17,0.));
#3920=DIRECTION('',(0.,0.,1.));
#3921=DIRECTION('',(-1.,6.1153589047361E-17,0.));
#3922=DIRECTION('',(1.,-6.1153589047361E-17,0.));
#3923=DIRECTION('',(6.1153589047361E-17,1.,0.));
#3924=DIRECTION('',(-6.1153589047361E-17,-1.,0.));
#3925=DIRECTION('',(0.,0.,1.));
#3926=DIRECTION('',(-6.1153589047361E-17,-1.,0.));
#3927=DIRECTION('',(0.,0.,1.));
#3928=DIRECTION('',(0.,0.,-1.));
#3929=DIRECTION('',(-1.,0.,0.));
#3930=DIRECTION('',(-1.,6.1153589047361E-17,0.));
#3931=DIRECTION('',(-6.1153589047361E-17,-1.,0.));
#3932=DIRECTION('',(-1.,6.1153589047361E-17,0.));
#3933=DIRECTION('',(-6.1153589047361E-17,-1.,0.));
#3934=DIRECTION('',(-6.1153589047361E-17,-1.,0.));
#3935=DIRECTION('',(1.,-6.1153589047361E-17,0.));
#3936=DIRECTION('',(-1.,6.1153589047361E-17,0.));
#3937=DIRECTION('',(0.,0.,1.));
#3938=DIRECTION('',(-1.,6.1153589047361E-17,0.));
#3939=DIRECTION('',(0.,0.,1.));
#3940=DIRECTION('',(0.,0.,-1.));
#3941=DIRECTION('',(-1.,0.,0.));
#3942=DIRECTION('',(-1.,6.1153589047361E-17,0.));
#3943=DIRECTION('',(-6.1153589047361E-17,-1.,0.));
#3944=DIRECTION('',(-1.,6.1153589047361E-17,0.));
#3945=DIRECTION('',(-6.1153589047361E-17,-1.,0.));
#3946=DIRECTION('',(-6.1153589047361E-17,-1.,0.));
#3947=DIRECTION('',(1.,-6.1153589047361E-17,0.));
#3948=DIRECTION('',(-1.,6.1153589047361E-17,0.));
#3949=DIRECTION('',(0.,0.,1.));
#3950=DIRECTION('',(-1.,6.1153589047361E-17,0.));
#3951=DIRECTION('',(0.,0.,1.));
#3952=DIRECTION('',(1.,-6.1153589047361E-17,0.));
#3953=DIRECTION('',(6.1153589047361E-17,1.,0.));
#3954=DIRECTION('',(0.,0.,1.));
#3955=DIRECTION('',(-6.1153589047361E-17,-1.,0.));
#3956=DIRECTION('',(0.,0.,1.));
#3957=DIRECTION('',(-6.1153589047361E-17,-1.,0.));
#3958=DIRECTION('',(1.,-6.1153589047361E-17,0.));
#3959=DIRECTION('',(6.1153589047361E-17,1.,0.));
#3960=DIRECTION('',(1.,0.,0.));
#3961=DIRECTION('',(0.,0.,-1.));
#3962=DIRECTION('',(-1.,6.1153589047361E-17,0.));
#3963=DIRECTION('',(-6.1153589047361E-17,-1.,0.));
#3964=DIRECTION('',(0.,1.,0.));
#3965=DIRECTION('',(0.,0.,1.));
#3966=DIRECTION('',(0.,1.,0.));
#3967=DIRECTION('',(0.,0.,1.));
#3968=DIRECTION('',(0.,0.,-1.));
#3969=DIRECTION('',(-1.,0.,0.));
#3970=DIRECTION('',(-1.,6.1153589047361E-17,0.));
#3971=DIRECTION('',(-6.1153589047361E-17,-1.,0.));
#3972=DIRECTION('',(0.,0.,1.));
#3973=DIRECTION('',(1.,0.,0.));
#3974=DIRECTION('',(0.,-1.,0.));
#3975=DIRECTION('',(0.,0.,-1.));
#3976=DIRECTION('',(0.,0.,-1.));
#3977=DIRECTION('',(-1.,0.,0.));
#3978=DIRECTION('',(0.,0.,1.));
#3979=DIRECTION('',(1.,0.,0.));
#3980=DIRECTION('',(-6.1153589047361E-17,-1.,0.));
#3981=DIRECTION('',(1.,-6.1153589047361E-17,0.));
#3982=DIRECTION('',(0.,-1.,0.));
#3983=DIRECTION('',(0.,0.,-1.));
#3984=DIRECTION('',(-1.,6.1153589047361E-17,0.));
#3985=DIRECTION('',(-6.1153589047361E-17,-1.,0.));
#3986=DIRECTION('',(-1.,6.1153589047361E-17,0.));
#3987=DIRECTION('',(-6.1153589047361E-17,-1.,0.));
#3988=DIRECTION('',(1.,0.,0.));
#3989=DIRECTION('',(0.,0.,-1.));
#3990=DIRECTION('',(-6.1153589047361E-17,-1.,0.));
#3991=DIRECTION('',(1.,-6.1153589047361E-17,0.));
#3992=DIRECTION('',(0.,1.,0.));
#3993=DIRECTION('',(0.,0.,1.));
#3994=DIRECTION('',(0.,0.,-1.));
#3995=DIRECTION('',(-1.,0.,0.));
#3996=DIRECTION('',(0.,0.,-1.));
#3997=DIRECTION('',(-1.,0.,0.));
#3998=DIRECTION('',(-1.,6.1153589047361E-17,0.));
#3999=DIRECTION('',(-6.1153589047361E-17,-1.,0.));
#4000=DIRECTION('',(1.,0.,0.));
#4001=DIRECTION('',(0.,0.,-1.));
#4002=DIRECTION('',(-1.,6.1153589047361E-17,0.));
#4003=DIRECTION('',(-6.1153589047361E-17,-1.,0.));
#4004=DIRECTION('',(0.,1.,0.));
#4005=DIRECTION('',(0.,0.,1.));
#4006=DIRECTION('',(0.,1.,0.));
#4007=DIRECTION('',(0.,0.,1.));
#4008=DIRECTION('',(0.,0.,-1.));
#4009=DIRECTION('',(-1.,0.,0.));
#4010=DIRECTION('',(0.,0.,-1.));
#4011=DIRECTION('',(-1.,0.,0.));
#4012=DIRECTION('',(-1.,6.1153589047361E-17,0.));
#4013=DIRECTION('',(-6.1153589047361E-17,-1.,0.));
#4014=DIRECTION('',(0.,0.,1.));
#4015=DIRECTION('',(1.,0.,0.));
#4016=DIRECTION('',(-1.,6.1153589047361E-17,0.));
#4017=DIRECTION('',(-6.1153589047361E-17,-1.,0.));
#4018=DIRECTION('',(0.,-1.,0.));
#4019=DIRECTION('',(0.,0.,-1.));
#4020=DIRECTION('',(6.1153589047361E-17,1.,0.));
#4021=DIRECTION('',(-1.,6.1153589047361E-17,0.));
#4022=DIRECTION('',(0.,-1.,0.));
#4023=DIRECTION('',(0.,0.,-1.));
#4024=DIRECTION('',(0.,0.,1.));
#4025=DIRECTION('',(1.,0.,0.));
#4026=DIRECTION('',(0.,0.,1.));
#4027=DIRECTION('',(1.,0.,0.));
#4028=DIRECTION('',(0.,0.,1.));
#4029=DIRECTION('',(1.,0.,0.));
#4030=DIRECTION('',(0.,0.,-1.));
#4031=DIRECTION('',(-1.,0.,0.));
#4032=DIRECTION('',(6.1153589047361E-17,1.,0.));
#4033=DIRECTION('',(-1.,6.1153589047361E-17,0.));
#4034=DIRECTION('',(0.,1.,0.));
#4035=DIRECTION('',(0.,0.,1.));
#4036=DIRECTION('',(1.,0.,0.));
#4037=DIRECTION('',(0.,0.,-1.));
#4038=DIRECTION('',(1.,0.,0.));
#4039=DIRECTION('',(0.,0.,-1.));
#4040=DIRECTION('',(-1.,6.1153589047361E-17,0.));
#4041=DIRECTION('',(-6.1153589047361E-17,-1.,0.));
#4042=DIRECTION('',(-1.,6.1153589047361E-17,0.));
#4043=DIRECTION('',(-6.1153589047361E-17,-1.,0.));
#4044=DIRECTION('',(1.,-6.1153589047361E-17,0.));
#4045=DIRECTION('',(6.1153589047361E-17,1.,0.));
#4046=DIRECTION('',(6.1153589047361E-17,1.,0.));
#4047=DIRECTION('',(-1.,6.1153589047361E-17,0.));
#4048=DIRECTION('',(0.,1.,0.));
#4049=DIRECTION('',(0.,0.,1.));
#4050=DIRECTION('',(0.,-1.,0.));
#4051=DIRECTION('',(0.,0.,-1.));
#4052=DIRECTION('',(1.,0.,0.));
#4053=DIRECTION('',(0.,0.,-1.));
#4054=DIRECTION('',(1.,0.,0.));
#4055=DIRECTION('',(0.,0.,-1.));
#4056=DIRECTION('',(0.,0.,1.));
#4057=DIRECTION('',(1.,0.,0.));
#4058=DIRECTION('',(0.,0.,1.));
#4059=DIRECTION('',(1.,0.,0.));
#4060=DIRECTION('',(0.,0.,1.));
#4061=DIRECTION('',(1.,0.,0.));
#4062=DIRECTION('',(1.,0.,0.));
#4063=DIRECTION('',(0.,0.,-1.));
#4064=DIRECTION('',(0.,0.,-1.));
#4065=DIRECTION('',(-1.,0.,0.));
#4066=DIRECTION('',(0.,0.,-1.));
#4067=DIRECTION('',(-1.,0.,0.));
#4068=DIRECTION('',(-1.,6.1153589047361E-17,0.));
#4069=DIRECTION('',(-6.1153589047361E-17,-1.,0.));
#4070=DIRECTION('',(-1.,6.1153589047361E-17,0.));
#4071=DIRECTION('',(-6.1153589047361E-17,-1.,0.));
#4072=DIRECTION('',(6.1153589047361E-17,1.,0.));
#4073=DIRECTION('',(-1.,6.1153589047361E-17,0.));
#4074=DIRECTION('',(0.,1.,0.));
#4075=DIRECTION('',(0.,0.,1.));
#4076=DIRECTION('',(0.,-1.,0.));
#4077=DIRECTION('',(0.,0.,-1.));
#4078=DIRECTION('',(1.,-6.1153589047361E-17,0.));
#4079=DIRECTION('',(6.1153589047361E-17,1.,0.));
#4080=DIRECTION('',(-1.,6.1153589047361E-17,0.));
#4081=DIRECTION('',(-6.1153589047361E-17,-1.,0.));
#4082=DIRECTION('',(0.,0.,1.));
#4083=DIRECTION('',(1.,0.,0.));
#4084=DIRECTION('',(0.,0.,-1.));
#4085=DIRECTION('',(-1.,0.,0.));
#4086=DIRECTION('',(-6.1153589047361E-17,-1.,0.));
#4087=DIRECTION('',(1.,-6.1153589047361E-17,0.));
#4088=DIRECTION('',(0.,1.,0.));
#4089=DIRECTION('',(0.,0.,1.));
#4090=DIRECTION('',(0.,-1.,0.));
#4091=DIRECTION('',(0.,0.,-1.));
#4092=DIRECTION('',(1.,0.,0.));
#4093=DIRECTION('',(0.,0.,-1.));
#4094=DIRECTION('',(1.,0.,0.));
#4095=DIRECTION('',(0.,0.,-1.));
#4096=DIRECTION('',(-1.,6.1153589047361E-17,0.));
#4097=DIRECTION('',(-6.1153589047361E-17,-1.,0.));
#4098=DIRECTION('',(0.,0.,-1.));
#4099=DIRECTION('',(-1.,0.,0.));
#4100=DIRECTION('',(-1.,6.1153589047361E-17,0.));
#4101=DIRECTION('',(-6.1153589047361E-17,-1.,0.));
#4102=DIRECTION('',(0.,0.,-1.));
#4103=DIRECTION('',(-1.,0.,0.));
#4104=DIRECTION('',(1.,0.,0.));
#4105=DIRECTION('',(0.,0.,-1.));
#4106=DIRECTION('',(1.,0.,0.));
#4107=DIRECTION('',(0.,0.,-1.));
#4108=DIRECTION('',(1.,-6.1153589047361E-17,0.));
#4109=DIRECTION('',(6.1153589047361E-17,1.,0.));
#4110=DIRECTION('',(-1.,6.1153589047361E-17,0.));
#4111=DIRECTION('',(-6.1153589047361E-17,-1.,0.));
#4112=DIRECTION('',(0.,0.,-1.));
#4113=DIRECTION('',(-1.,0.,0.));
#4114=DIRECTION('',(0.,0.,1.));
#4115=DIRECTION('',(1.,0.,0.));
#4116=DIRECTION('',(0.,0.,1.));
#4117=DIRECTION('',(1.,0.,0.));
#4118=DIRECTION('',(0.,0.,1.));
#4119=DIRECTION('',(1.,0.,0.));
#4120=DIRECTION('',(-1.,6.1153589047361E-17,0.));
#4121=DIRECTION('',(-6.1153589047361E-17,-1.,0.));
#4122=DIRECTION('',(-1.,6.1153589047361E-17,0.));
#4123=DIRECTION('',(-6.1153589047361E-17,-1.,0.));
#4124=DIRECTION('',(-1.,6.1153589047361E-17,0.));
#4125=DIRECTION('',(-6.1153589047361E-17,-1.,0.));
#4126=DIRECTION('',(0.,-1.,0.));
#4127=DIRECTION('',(0.,0.,-1.));
#4128=DIRECTION('',(-1.,6.1153589047361E-17,0.));
#4129=DIRECTION('',(-6.1153589047361E-17,-1.,0.));
#4130=DIRECTION('',(0.,1.,0.));
#4131=DIRECTION('',(0.,0.,1.));
#4132=DIRECTION('',(-6.1153589047361E-17,-1.,0.));
#4133=DIRECTION('',(1.,-6.1153589047361E-17,0.));
#4134=DIRECTION('',(-1.,6.1153589047361E-17,0.));
#4135=DIRECTION('',(-6.1153589047361E-17,-1.,0.));
#4136=DIRECTION('',(0.,0.,1.));
#4137=DIRECTION('',(6.1153589047361E-17,1.,0.));
#4138=DIRECTION('',(-1.,6.1153589047361E-17,0.));
#4139=DIRECTION('',(0.,0.,1.));
#4140=DIRECTION('',(1.,-6.1153589047361E-17,0.));
#4141=DIRECTION('',(0.,0.,1.));
#4142=DIRECTION('',(1.,-6.1153589047361E-17,0.));
#4143=DIRECTION('',(6.1153589047361E-17,1.,0.));
#4144=DIRECTION('',(1.,-6.1153589047361E-17,0.));
#4145=DIRECTION('',(-1.,6.1153589047361E-17,0.));
#4146=DIRECTION('',(-6.1153589047361E-17,-1.,0.));
#4147=DIRECTION('',(6.1153589047361E-17,1.,0.));
#4148=DIRECTION('',(-1.,6.1153589047361E-17,0.));
#4149=DIRECTION('',(0.,0.,-1.));
#4150=DIRECTION('',(-1.,6.1153589047361E-17,0.));
#4151=DIRECTION('',(-6.1153589047361E-17,-1.,0.));
#4152=DIRECTION('',(0.,0.,1.));
#4153=DIRECTION('',(-1.,6.1153589047361E-17,0.));
#4154=DIRECTION('',(-6.1153589047361E-17,-1.,0.));
#4155=DIRECTION('',(0.,0.,-1.));
#4156=DIRECTION('',(-1.,6.1153589047361E-17,0.));
#4157=DIRECTION('',(-6.1153589047361E-17,-1.,0.));
#4158=DIRECTION('',(0.,0.,1.));
#4159=DIRECTION('',(-1.,6.1153589047361E-17,0.));
#4160=DIRECTION('',(-6.1153589047361E-17,-1.,0.));
#4161=DIRECTION('',(0.,0.,-1.));
#4162=DIRECTION('',(0.,0.,-1.));
#4163=DIRECTION('',(-1.,0.,0.));
#4164=DIRECTION('',(0.,0.,-1.));
#4165=DIRECTION('',(-1.,0.,0.));
#4166=DIRECTION('',(0.,0.,-1.));
#4167=DIRECTION('',(-1.,0.,0.));
#4168=DIRECTION('',(-1.,6.1153589047361E-17,0.));
#4169=DIRECTION('',(-6.1153589047361E-17,-1.,0.));
#4170=DIRECTION('',(1.73472347597681E-15,-1.73472347597681E-15,1.));
#4171=DIRECTION('',(1.,0.,-1.73472347597681E-15));
#4172=DIRECTION('',(0.,0.,1.));
#4173=DIRECTION('',(1.,0.,0.));
#4174=DIRECTION('',(-1.,-6.1153589047361E-17,0.));
#4175=DIRECTION('',(-6.1153589047361E-17,1.,0.));
#4176=DIRECTION('',(0.,0.,1.));
#4177=DIRECTION('',(-6.1153589047361E-17,1.,0.));
#4178=DIRECTION('',(-1.,-6.1153589047361E-17,0.));
#4179=DIRECTION('',(0.,0.,1.));
#4180=DIRECTION('',(0.,0.,1.));
#4181=DIRECTION('',(1.,6.1153589047361E-17,0.));
#4182=DIRECTION('',(-6.1153589047361E-17,1.,0.));
#4183=DIRECTION('',(-1.,-6.1153589047361E-17,0.));
#4184=DIRECTION('',(1.,6.1153589047361E-17,0.));
#4185=DIRECTION('',(0.,0.,-1.));
#4186=DIRECTION('',(1.,6.1153589047361E-17,0.));
#4187=DIRECTION('',(-6.1153589047361E-17,1.,0.));
#4188=DIRECTION('',(1.,6.1153589047361E-17,0.));
#4189=DIRECTION('',(-6.1153589047361E-17,1.,0.));
#4190=DIRECTION('',(-1.,-6.1153589047361E-17,0.));
#4191=DIRECTION('',(-6.1153589047361E-17,1.,0.));
#4192=DIRECTION('',(-1.,-6.1153589047361E-17,0.));
#4193=DIRECTION('',(6.1153589047361E-17,-1.,0.));
#4194=DIRECTION('',(0.,0.,1.));
#4195=DIRECTION('',(0.,0.,-1.));
#4196=DIRECTION('',(-1.,-6.1153589047361E-17,0.));
#4197=DIRECTION('',(-6.1153589047361E-17,1.,0.));
#4198=DIRECTION('',(0.,0.,1.));
#4199=DIRECTION('',(0.,0.,-1.));
#4200=DIRECTION('',(1.,6.1153589047361E-17,0.));
#4201=DIRECTION('',(-6.1153589047361E-17,1.,0.));
#4202=DIRECTION('',(0.,0.,1.));
#4203=DIRECTION('',(1.,0.,0.));
#4204=DIRECTION('',(0.,0.,1.));
#4205=DIRECTION('',(1.,0.,0.));
#4206=DIRECTION('',(0.,0.,-1.));
#4207=DIRECTION('',(-1.,0.,0.));
#4208=DIRECTION('',(-1.,-6.1153589047361E-17,0.));
#4209=DIRECTION('',(6.1153589047361E-17,-1.,0.));
#4210=DIRECTION('',(0.,0.,1.));
#4211=DIRECTION('',(1.,0.,0.));
#4212=DIRECTION('',(0.,0.,-1.));
#4213=DIRECTION('',(-1.,0.,0.));
#4214=DIRECTION('',(1.,3.73058812038023E-16,1.06752213906265E-16));
#4215=DIRECTION('',(-3.73058812038023E-16,1.,0.));
#4216=DIRECTION('',(3.73058812038023E-16,-1.,0.));
#4217=DIRECTION('',(3.73058812038023E-16,-1.,0.));
#4218=DIRECTION('',(0.,0.,-1.));
#4219=DIRECTION('',(-1.,0.,0.));
#4220=DIRECTION('',(3.73058812038023E-16,-1.,0.));
#4221=DIRECTION('',(3.73058812038023E-16,-1.,0.));
#4222=DIRECTION('',(-1.,-3.73058812038023E-16,-1.06752213906265E-16));
#4223=DIRECTION('',(3.73058812038023E-16,-1.,0.));
#4224=DIRECTION('',(3.73058812038023E-16,-1.,0.));
#4225=DIRECTION('',(3.73058812038023E-16,-1.,0.));
#4226=DIRECTION('',(0.,0.,-1.));
#4227=DIRECTION('',(-1.,0.,0.));
#4228=DIRECTION('',(3.73058812038023E-16,-1.,0.));
#4229=DIRECTION('',(3.73058812038023E-16,-1.,0.));
#4230=DIRECTION('',(-1.,-3.73058812038023E-16,-1.06752213906265E-16));
#4231=DIRECTION('',(3.73058812038023E-16,-1.,0.));
#4232=DIRECTION('',(3.73058812038023E-16,-1.,0.));
#4233=DIRECTION('',(3.73058812038023E-16,-1.,0.));
#4234=DIRECTION('',(1.,3.73058812038023E-16,1.06752213906265E-16));
#4235=DIRECTION('',(-3.73058812038023E-16,1.,0.));
#4236=DIRECTION('',(3.73058812038023E-16,-1.,0.));
#4237=DIRECTION('',(3.73058812038023E-16,-1.,0.));
#4238=DIRECTION('',(-3.73058812038023E-16,1.,0.));
#4239=DIRECTION('',(-1.,-3.73058812038023E-16,0.));
#4240=DIRECTION('',(-3.73058812038023E-16,1.,0.));
#4241=DIRECTION('',(-1.,-3.73058812038023E-16,0.));
#4242=DIRECTION('',(-3.73058812038023E-16,1.,0.));
#4243=DIRECTION('',(-1.,-3.73058812038023E-16,0.));
#4244=DIRECTION('',(-3.73058812038023E-16,1.,0.));
#4245=DIRECTION('',(-1.,-3.73058812038023E-16,0.));
#4246=DIRECTION('',(-3.73058812038023E-16,1.,0.));
#4247=DIRECTION('',(-1.,-3.73058812038023E-16,0.));
#4248=DIRECTION('',(-3.73058812038023E-16,1.,0.));
#4249=DIRECTION('',(-1.,-3.73058812038023E-16,0.));
#4250=DIRECTION('',(-3.73058812038023E-16,1.,0.));
#4251=DIRECTION('',(-1.,-3.73058812038023E-16,0.));
#4252=DIRECTION('',(-3.73058812038023E-16,1.,0.));
#4253=DIRECTION('',(-1.,-3.73058812038023E-16,0.));
#4254=CARTESIAN_POINT('',(0.,0.,0.));
#4255=CARTESIAN_POINT('',(3.46944695195361E-18,0.0851,0.005));
#4256=CARTESIAN_POINT('',(3.46944695195361E-18,0.0851,0.));
#4257=CARTESIAN_POINT('',(0.0136,0.0851,0.));
#4258=CARTESIAN_POINT('',(-0.0136,0.0851,0.));
#4259=CARTESIAN_POINT('',(-0.0136,0.0851,0.075));
#4260=CARTESIAN_POINT('',(-0.0136,0.0851,0.075));
#4261=CARTESIAN_POINT('',(3.46944695195361E-18,0.0851,0.075));
#4262=CARTESIAN_POINT('',(0.0136,0.0851,0.075));
#4263=CARTESIAN_POINT('',(0.0136,0.0851,0.005));
#4264=CARTESIAN_POINT('',(-6.69648028784492E-17,0.0851,0.005));
#4265=CARTESIAN_POINT('',(-0.0066,0.0851,0.005));
#4266=CARTESIAN_POINT('',(0.0066,0.0851,0.005));
#4267=CARTESIAN_POINT('',(0.0066,0.0851,0.007));
#4268=CARTESIAN_POINT('',(0.0086,0.0851,0.007));
#4269=CARTESIAN_POINT('',(0.0086,0.0851,0.0375));
#4270=CARTESIAN_POINT('',(0.0086,0.0851,0.068));
#4271=CARTESIAN_POINT('',(0.0066,0.0851,0.068));
#4272=CARTESIAN_POINT('',(0.0066,0.0851,0.07));
#4273=CARTESIAN_POINT('',(-7.56384202583333E-17,0.0851,0.07));
#4274=CARTESIAN_POINT('',(-0.00660000000000008,0.0851,0.07));
#4275=CARTESIAN_POINT('',(-0.00660000000000008,0.0851,0.068));
#4276=CARTESIAN_POINT('',(-0.0086,0.0851,0.068));
#4277=CARTESIAN_POINT('',(-0.0086,0.0851,0.0375));
#4278=CARTESIAN_POINT('',(-0.0086,0.0851,0.007));
#4279=CARTESIAN_POINT('',(-0.0066,0.0851,0.007));
#4280=CARTESIAN_POINT('',(-3.46944695195361E-18,-0.0851,0.005));
#4281=CARTESIAN_POINT('',(3.46944695195361E-18,-0.0851,0.075));
#4282=CARTESIAN_POINT('',(0.0136,-0.0851,0.075));
#4283=CARTESIAN_POINT('',(-0.0136,-0.0851,0.075));
#4284=CARTESIAN_POINT('',(-0.0136,-0.0851,0.005));
#4285=CARTESIAN_POINT('',(-0.0136,-0.0851,0.));
#4286=CARTESIAN_POINT('',(-3.46944695195361E-18,-0.0851,0.));
#4287=CARTESIAN_POINT('',(0.0136,-0.0851,0.));
#4288=CARTESIAN_POINT('',(0.0136,-0.0851,0.075));
#4289=CARTESIAN_POINT('',(-0.0086,-0.0851,0.0375));
#4290=CARTESIAN_POINT('',(-0.0086,-0.0851,0.007));
#4291=CARTESIAN_POINT('',(-0.0086,-0.0851,0.068));
#4292=CARTESIAN_POINT('',(-0.0066,-0.0851,0.068));
#4293=CARTESIAN_POINT('',(-0.0066,-0.0851,0.07));
#4294=CARTESIAN_POINT('',(-1.21430643318376E-17,-0.0851,0.07));
#4295=CARTESIAN_POINT('',(0.0066,-0.0851,0.07));
#4296=CARTESIAN_POINT('',(0.0066,-0.0851,0.068));
#4297=CARTESIAN_POINT('',(0.0086,-0.0851,0.068));
#4298=CARTESIAN_POINT('',(0.0086,-0.0851,0.0375));
#4299=CARTESIAN_POINT('',(0.0086,-0.0851,0.007));
#4300=CARTESIAN_POINT('',(0.0066,-0.0851,0.007));
#4301=CARTESIAN_POINT('',(0.0066,-0.0851,0.005));
#4302=CARTESIAN_POINT('',(-3.46944695195361E-18,-0.0851,0.005));
#4303=CARTESIAN_POINT('',(-0.0066,-0.0851,0.005));
#4304=CARTESIAN_POINT('',(-0.0066,-0.0851,0.007));
#4305=CARTESIAN_POINT('',(-3.46944695195361E-18,-0.0801,0.085));
#4306=CARTESIAN_POINT('',(0.0086,-0.0801,0.085));
#4307=CARTESIAN_POINT('',(0.0086,-0.0801,0.068));
#4308=CARTESIAN_POINT('',(0.0086,-0.0801,0.007));
#4309=CARTESIAN_POINT('',(0.0066,-0.0801,0.068));
#4310=CARTESIAN_POINT('',(0.0066,-0.0801,0.07));
#4311=CARTESIAN_POINT('',(-3.46944695195361E-18,-0.0801,0.07));
#4312=CARTESIAN_POINT('',(-0.0066,-0.0801,0.07));
#4313=CARTESIAN_POINT('',(-0.0066,-0.0801,0.068));
#4314=CARTESIAN_POINT('',(-0.0086,-0.0801,0.068));
#4315=CARTESIAN_POINT('',(-0.0086,-0.0801,0.085));
#4316=CARTESIAN_POINT('',(-0.0086,-0.0801,0.007));
#4317=CARTESIAN_POINT('',(-0.0066,-0.0801,0.007));
#4318=CARTESIAN_POINT('',(-0.0066,-0.0801,0.005));
#4319=CARTESIAN_POINT('',(4.08680442428654E-17,-0.0801,0.005));
#4320=CARTESIAN_POINT('',(-0.0086,-0.0801,0.005));
#4321=CARTESIAN_POINT('',(-0.0086,-0.0801,0.01));
#4322=CARTESIAN_POINT('',(-0.0136,-0.0801,0.01));
#4323=CARTESIAN_POINT('',(-0.0136,-0.0801,0.085));
#4324=CARTESIAN_POINT('',(-0.0136,-0.0801,0.085));
#4325=CARTESIAN_POINT('',(-3.46944695195361E-18,-0.0801,0.085));
#4326=CARTESIAN_POINT('',(0.0136,-0.0801,0.085));
#4327=CARTESIAN_POINT('',(0.0136,-0.0801,0.085));
#4328=CARTESIAN_POINT('',(0.0136,-0.0801,0.01));
#4329=CARTESIAN_POINT('',(0.0086,-0.0801,0.01));
#4330=CARTESIAN_POINT('',(0.0086,-0.0801,0.005));
#4331=CARTESIAN_POINT('',(4.08680442428654E-17,-0.0801,0.005));
#4332=CARTESIAN_POINT('',(0.0066,-0.0801,0.005));
#4333=CARTESIAN_POINT('',(0.0066,-0.0801,0.007));
#4334=CARTESIAN_POINT('',(5.20417042793042E-18,0.0801,0.085));
#4335=CARTESIAN_POINT('',(-0.0086,0.0801,0.085));
#4336=CARTESIAN_POINT('',(-0.0086,0.0801,0.007));
#4337=CARTESIAN_POINT('',(-0.0086,0.0801,0.068));
#4338=CARTESIAN_POINT('',(-0.00660000000000008,0.0801,0.068));
#4339=CARTESIAN_POINT('',(-0.00660000000000008,0.0801,0.07));
#4340=CARTESIAN_POINT('',(5.20417042793042E-18,0.0801,0.07));
#4341=CARTESIAN_POINT('',(0.0066,0.0801,0.07));
#4342=CARTESIAN_POINT('',(0.0066,0.0801,0.068));
#4343=CARTESIAN_POINT('',(0.0086,0.0801,0.068));
#4344=CARTESIAN_POINT('',(0.0086,0.0801,0.085));
#4345=CARTESIAN_POINT('',(0.0086,0.0801,0.007));
#4346=CARTESIAN_POINT('',(0.0066,0.0801,0.007));
#4347=CARTESIAN_POINT('',(0.0066,0.0801,0.005));
#4348=CARTESIAN_POINT('',(5.20417042793042E-18,0.0801,0.005));
#4349=CARTESIAN_POINT('',(0.0086,0.0801,0.005));
#4350=CARTESIAN_POINT('',(0.0086,0.0801,0.01));
#4351=CARTESIAN_POINT('',(0.0136,0.0801,0.01));
#4352=CARTESIAN_POINT('',(0.0136,0.0801,0.085));
#4353=CARTESIAN_POINT('',(0.0136,0.0801,0.085));
#4354=CARTESIAN_POINT('',(5.20417042793042E-18,0.0801,0.085));
#4355=CARTESIAN_POINT('',(-0.0136,0.0801,0.085));
#4356=CARTESIAN_POINT('',(-0.0136,0.0801,0.085));
#4357=CARTESIAN_POINT('',(-0.0136,0.0801,0.01));
#4358=CARTESIAN_POINT('',(-0.0086,0.0801,0.01));
#4359=CARTESIAN_POINT('',(-0.0086,0.0801,0.005));
#4360=CARTESIAN_POINT('',(5.20417042793042E-18,0.0801,0.005));
#4361=CARTESIAN_POINT('',(-0.0066,0.0801,0.005));
#4362=CARTESIAN_POINT('',(-0.0066,0.0801,0.007));
#4363=CARTESIAN_POINT('',(-0.0186,0.,0.005));
#4364=CARTESIAN_POINT('',(-0.0186,0.,0.));
#4365=CARTESIAN_POINT('',(-0.0186,0.0726,0.));
#4366=CARTESIAN_POINT('',(-0.0186,0.0801,0.));
#4367=CARTESIAN_POINT('',(-0.0186,0.0726,0.008));
#4368=CARTESIAN_POINT('',(-0.0186,0.0801,0.00521611781858563));
#4369=CARTESIAN_POINT('',(-0.0186,0.0801,0.));
#4370=CARTESIAN_POINT('',(-0.0186,0.,0.005));
#4371=CARTESIAN_POINT('',(-0.0186,0.0951,0.075));
#4372=CARTESIAN_POINT('',(-0.0186,0.0901,0.075));
#4373=CARTESIAN_POINT('',(-0.0186,0.0801,0.075));
#4374=CARTESIAN_POINT('',(-0.0186,0.0801,0.005));
#4375=CARTESIAN_POINT('',(-0.0186,0.0801,0.085));
#4376=CARTESIAN_POINT('',(-0.0186,0.,0.085));
#4377=CARTESIAN_POINT('',(-0.0186,0.0901,0.085));
#4378=CARTESIAN_POINT('',(-0.0186,0.0901,0.005));
#4379=CARTESIAN_POINT('',(-0.0186,0.,0.005));
#4380=CARTESIAN_POINT('',(-0.0186,0.,0.085));
#4381=CARTESIAN_POINT('',(-0.0186,-0.0636,0.085));
#4382=CARTESIAN_POINT('',(-0.0186,0.0636,0.085));
#4383=CARTESIAN_POINT('',(-0.0186,0.0636,0.005));
#4384=CARTESIAN_POINT('',(-0.0186,0.0636,0.0635707142142715));
#4385=CARTESIAN_POINT('',(-0.0186,0.0601,0.06));
#4386=CARTESIAN_POINT('',(-0.0186,0.0601,0.065));
#4387=CARTESIAN_POINT('',(-0.0186,-1.27905878413036E-17,0.065));
#4388=CARTESIAN_POINT('',(-0.0186,-0.0374836287525728,0.065));
#4389=CARTESIAN_POINT('',(-0.0186,-0.0374836287525728,0.06));
#4390=CARTESIAN_POINT('',(-0.0186,-0.0392366841555853,0.0553173942346201));
#4391=CARTESIAN_POINT('',(-0.0186,0.0116986603565584,0.0362484216635181));
#4392=CARTESIAN_POINT('',(-0.0186,0.0542522047333036,0.0203173942346201));
#4393=CARTESIAN_POINT('',(-0.0186,0.0560052601363161,0.025));
#4394=CARTESIAN_POINT('',(-0.0186,0.0560052601363161,0.02));
#4395=CARTESIAN_POINT('',(-0.0186,0.,0.02));
#4396=CARTESIAN_POINT('',(-0.0186,0.0601,0.02));
#4397=CARTESIAN_POINT('',(-0.0186,0.0601,0.025));
#4398=CARTESIAN_POINT('',(-0.0186,0.0646,0.0228205505282296));
#4399=CARTESIAN_POINT('',(-0.0186,0.0646,0.078));
#4400=CARTESIAN_POINT('',(-0.0186,0.0646,0.008));
#4401=CARTESIAN_POINT('',(-0.0186,0.0726,0.008));
#4402=CARTESIAN_POINT('',(-0.0186,0.,0.));
#4403=CARTESIAN_POINT('',(-0.0186,-0.0726,0.));
#4404=CARTESIAN_POINT('',(-0.0186,-0.0726,0.008));
#4405=CARTESIAN_POINT('',(-0.0186,-0.0646,0.008));
#4406=CARTESIAN_POINT('',(-0.0186,-0.0646,0.078));
#4407=CARTESIAN_POINT('',(-0.0186,-0.0646,0.0228205505282297));
#4408=CARTESIAN_POINT('',(-0.0186,-0.0601,0.025));
#4409=CARTESIAN_POINT('',(-0.0186,-0.0601,0.02));
#4410=CARTESIAN_POINT('',(-0.0186,0.,0.02));
#4411=CARTESIAN_POINT('',(-0.0186,-0.0295596340149135,0.02));
#4412=CARTESIAN_POINT('',(-0.0186,-0.0295596340149135,0.025));
#4413=CARTESIAN_POINT('',(-0.0186,-0.027806578611901,0.0296826057653799));
#4414=CARTESIAN_POINT('',(-0.0186,0.00468643874450861,0.0175179986019986));
#4415=CARTESIAN_POINT('',(-0.0186,-0.0636,0.0430828051203254));
#4416=CARTESIAN_POINT('',(-0.0186,-0.0636,0.085));
#4417=CARTESIAN_POINT('',(-0.0186,0.,0.005));
#4418=CARTESIAN_POINT('',(-0.0186,-0.0801,0.005));
#4419=CARTESIAN_POINT('',(-0.0186,-0.0801,0.075));
#4420=CARTESIAN_POINT('',(-0.0186,-0.0801,0.085));
#4421=CARTESIAN_POINT('',(-0.0186,-0.0951,0.075));
#4422=CARTESIAN_POINT('',(-0.0186,-0.0901,0.075));
#4423=CARTESIAN_POINT('',(-0.0186,-0.0901,0.005));
#4424=CARTESIAN_POINT('',(-0.0186,-0.0901,0.085));
#4425=CARTESIAN_POINT('',(-0.0186,0.,0.085));
#4426=CARTESIAN_POINT('',(0.0186,1.38777878078145E-17,0.005));
#4427=CARTESIAN_POINT('',(0.0186,0.0736,0.018));
#4428=CARTESIAN_POINT('',(0.0186,0.0736,0.016));
#4429=CARTESIAN_POINT('',(0.0186,0.0756,0.018));
#4430=CARTESIAN_POINT('',(0.0186,1.38777878078145E-17,0.016));
#4431=CARTESIAN_POINT('',(0.0186,0.0716,0.016));
#4432=CARTESIAN_POINT('',(0.0186,0.0716,0.018));
#4433=CARTESIAN_POINT('',(0.0186,0.0696,0.018));
#4434=CARTESIAN_POINT('',(0.0186,0.0696,0.005));
#4435=CARTESIAN_POINT('',(0.0186,0.0696,0.024));
#4436=CARTESIAN_POINT('',(0.0186,0.0716,0.024));
#4437=CARTESIAN_POINT('',(0.0186,0.0716,0.026));
#4438=CARTESIAN_POINT('',(0.0186,0.0746,0.026));
#4439=CARTESIAN_POINT('',(0.0186,0.0736,0.026));
#4440=CARTESIAN_POINT('',(0.0186,0.0736,0.024));
#4441=CARTESIAN_POINT('',(0.0186,0.0756,0.024));
#4442=CARTESIAN_POINT('',(0.0186,0.0756,0.017));
#4443=CARTESIAN_POINT('',(0.0186,-0.0651,0.0318221845901128));
#4444=CARTESIAN_POINT('',(0.0186,-0.0651,0.0364335812756148));
#4445=CARTESIAN_POINT('',(0.0186,-0.0651,0.025));
#4446=CARTESIAN_POINT('',(0.0186,-0.0601,0.0364335812756148));
#4447=CARTESIAN_POINT('',(0.0186,-0.0583469445969876,0.0411161870409947));
#4448=CARTESIAN_POINT('',(0.0186,-0.0335216313837432,0.0318221845901128));
#4449=CARTESIAN_POINT('',(0.0186,-0.027806578611901,0.0296826057653799));
#4450=CARTESIAN_POINT('',(0.0186,-0.0295596340149135,0.025));
#4451=CARTESIAN_POINT('',(0.0186,-0.0295596340149135,0.02));
#4452=CARTESIAN_POINT('',(0.0186,-0.0335216313837432,0.02));
#4453=CARTESIAN_POINT('',(0.0186,-0.0601,0.02));
#4454=CARTESIAN_POINT('',(0.0186,-0.0601,0.025));
#4455=CARTESIAN_POINT('',(0.0186,0.0601,0.02));
#4456=CARTESIAN_POINT('',(0.0186,0.0560052601363161,0.02));
#4457=CARTESIAN_POINT('',(0.0186,0.0601,0.02));
#4458=CARTESIAN_POINT('',(0.0186,0.0560052601363161,0.025));
#4459=CARTESIAN_POINT('',(0.0186,0.0542522047333036,0.0203173942346201));
#4460=CARTESIAN_POINT('',(0.0186,-0.005,0.0425));
#4461=CARTESIAN_POINT('',(0.0186,-0.0392366841555853,0.0553173942346201));
#4462=CARTESIAN_POINT('',(0.0186,-0.0374836287525728,0.06));
#4463=CARTESIAN_POINT('',(0.0186,-0.0374836287525728,0.065));
#4464=CARTESIAN_POINT('',(0.0186,1.38777878078145E-17,0.065));
#4465=CARTESIAN_POINT('',(0.0186,0.0601,0.065));
#4466=CARTESIAN_POINT('',(0.0186,0.0601,0.06));
#4467=CARTESIAN_POINT('',(0.0186,0.0651,0.06));
#4468=CARTESIAN_POINT('',(0.0186,0.0651,0.0425));
#4469=CARTESIAN_POINT('',(0.0186,0.0651,0.025));
#4470=CARTESIAN_POINT('',(0.0186,0.0601,0.025));
#4471=CARTESIAN_POINT('',(0.0186,0.0951,0.075));
#4472=CARTESIAN_POINT('',(0.0186,0.0901,0.075));
#4473=CARTESIAN_POINT('',(0.0186,0.0801,0.075));
#4474=CARTESIAN_POINT('',(0.0186,0.0901,0.085));
#4475=CARTESIAN_POINT('',(0.0186,0.0901,0.085));
#4476=CARTESIAN_POINT('',(0.0186,1.38777878078145E-17,0.085));
#4477=CARTESIAN_POINT('',(0.0186,-0.0901,0.085));
#4478=CARTESIAN_POINT('',(0.0186,-0.0901,0.075));
#4479=CARTESIAN_POINT('',(0.0186,-0.0901,0.075));
#4480=CARTESIAN_POINT('',(0.0186,-0.0951,0.075));
#4481=CARTESIAN_POINT('',(0.0186,-0.0801,0.075));
#4482=CARTESIAN_POINT('',(0.0186,-0.0801,0.));
#4483=CARTESIAN_POINT('',(0.0186,-0.0801,0.));
#4484=CARTESIAN_POINT('',(0.0186,1.38777878078145E-17,0.));
#4485=CARTESIAN_POINT('',(0.0186,0.0801,0.));
#4486=CARTESIAN_POINT('',(0.0186,0.0801,0.005));
#4487=CARTESIAN_POINT('',(0.0186,-0.0716,0.024));
#4488=CARTESIAN_POINT('',(0.0186,-0.0696,0.024));
#4489=CARTESIAN_POINT('',(0.0186,-0.0716,0.026));
#4490=CARTESIAN_POINT('',(0.0186,-0.0696,0.017));
#4491=CARTESIAN_POINT('',(0.0186,-0.0696,0.018));
#4492=CARTESIAN_POINT('',(0.0186,-0.0716,0.018));
#4493=CARTESIAN_POINT('',(0.0186,-0.0716,0.016));
#4494=CARTESIAN_POINT('',(0.0186,1.38777878078145E-17,0.016));
#4495=CARTESIAN_POINT('',(0.0186,-0.0736,0.016));
#4496=CARTESIAN_POINT('',(0.0186,-0.0736,0.018));
#4497=CARTESIAN_POINT('',(0.0186,-0.0756,0.018));
#4498=CARTESIAN_POINT('',(0.0186,-0.0756,0.005));
#4499=CARTESIAN_POINT('',(0.0186,-0.0756,0.024));
#4500=CARTESIAN_POINT('',(0.0186,-0.0736,0.024));
#4501=CARTESIAN_POINT('',(0.0186,-0.0736,0.026));
#4502=CARTESIAN_POINT('',(0.0186,-0.0706,0.026));
#4503=CARTESIAN_POINT('',(-0.0186,0.,0.005));
#4504=CARTESIAN_POINT('',(-0.0186,-0.0726,0.008));
#4505=CARTESIAN_POINT('',(-0.0186,-0.0801,0.00521611781858563));
#4506=CARTESIAN_POINT('',(-0.0186,0.,0.));
#4507=CARTESIAN_POINT('',(-0.0186,-0.0801,0.));
#4508=CARTESIAN_POINT('',(-0.0186,-0.0801,0.005));
#4509=CARTESIAN_POINT('',(-0.0136,0.,0.085));
#4510=CARTESIAN_POINT('',(-0.0136,0.,0.01));
#4511=CARTESIAN_POINT('',(-0.0136,-0.0761,0.01));
#4512=CARTESIAN_POINT('',(-0.0136,-0.0761,0.004));
#4513=CARTESIAN_POINT('',(-0.0136,-0.0701,0.004));
#4514=CARTESIAN_POINT('',(-0.0136,-0.0701,0.001));
#4515=CARTESIAN_POINT('',(-0.0136,-0.0701,0.001));
#4516=CARTESIAN_POINT('',(-0.0136,-0.0761,0.001));
#4517=CARTESIAN_POINT('',(-0.0136,-0.0701839202169004,0.));
#4518=CARTESIAN_POINT('',(-0.0136,0.,0.));
#4519=CARTESIAN_POINT('',(-0.0136,0.0701839202169004,0.));
#4520=CARTESIAN_POINT('',(-0.0136,0.0761,0.001));
#4521=CARTESIAN_POINT('',(-0.0136,0.0701,0.001));
#4522=CARTESIAN_POINT('',(-0.0136,0.0701,0.085));
#4523=CARTESIAN_POINT('',(-0.0136,0.0701,0.004));
#4524=CARTESIAN_POINT('',(-0.0136,0.0761,0.004));
#4525=CARTESIAN_POINT('',(-0.0136,0.0761,0.01));
#4526=CARTESIAN_POINT('',(-0.0136,0.,0.01));
#4527=CARTESIAN_POINT('',(-0.0136,0.,0.085));
#4528=CARTESIAN_POINT('',(-0.0136,0.0651,0.085));
#4529=CARTESIAN_POINT('',(-0.0136,0.0651,0.025));
#4530=CARTESIAN_POINT('',(-0.0136,0.0651,0.06));
#4531=CARTESIAN_POINT('',(-0.0136,0.0601,0.025));
#4532=CARTESIAN_POINT('',(-0.0136,0.0601,0.02));
#4533=CARTESIAN_POINT('',(-0.0136,0.,0.02));
#4534=CARTESIAN_POINT('',(-0.0136,0.0560052601363161,0.02));
#4535=CARTESIAN_POINT('',(-0.0136,0.0560052601363161,0.025));
#4536=CARTESIAN_POINT('',(-0.0136,0.0542522047333037,0.0203173942346201));
#4537=CARTESIAN_POINT('',(-0.0136,-0.0145697151224061,0.0460826720508176));
#4538=CARTESIAN_POINT('',(-0.0136,-0.0392366841555853,0.0553173942346201));
#4539=CARTESIAN_POINT('',(-0.0136,-0.0374836287525728,0.06));
#4540=CARTESIAN_POINT('',(-0.0136,-0.0374836287525728,0.065));
#4541=CARTESIAN_POINT('',(-0.0136,4.26352928043455E-18,0.065));
#4542=CARTESIAN_POINT('',(-0.0136,0.0601,0.065));
#4543=CARTESIAN_POINT('',(-0.0136,0.0601,0.06));
#4544=CARTESIAN_POINT('',(-0.0136,-0.0215819367344558,0.0273522489892981));
#4545=CARTESIAN_POINT('',(-0.0136,-0.027806578611901,0.0296826057653799));
#4546=CARTESIAN_POINT('',(-0.0136,-0.0651,0.0436443691802256));
#4547=CARTESIAN_POINT('',(-0.0136,-0.0295596340149135,0.025));
#4548=CARTESIAN_POINT('',(-0.0136,-0.0295596340149135,0.02));
#4549=CARTESIAN_POINT('',(-0.0136,0.,0.02));
#4550=CARTESIAN_POINT('',(-0.0136,-0.0601,0.02));
#4551=CARTESIAN_POINT('',(-0.0136,-0.0601,0.025));
#4552=CARTESIAN_POINT('',(-0.0136,-0.0651,0.025));
#4553=CARTESIAN_POINT('',(-0.0136,-0.0651,0.085));
#4554=CARTESIAN_POINT('',(0.0136,6.93889390390723E-18,0.085));
#4555=CARTESIAN_POINT('',(0.0136,-0.0761,0.004));
#4556=CARTESIAN_POINT('',(0.0136,-0.0701,0.004));
#4557=CARTESIAN_POINT('',(0.0136,-0.0761,0.01));
#4558=CARTESIAN_POINT('',(0.0136,-0.0801,0.01));
#4559=CARTESIAN_POINT('',(0.0136,6.93889390390723E-18,0.085));
#4560=CARTESIAN_POINT('',(0.0136,0.0761,0.01));
#4561=CARTESIAN_POINT('',(0.0136,0.0761,0.01));
#4562=CARTESIAN_POINT('',(0.0136,0.0761,0.004));
#4563=CARTESIAN_POINT('',(0.0136,0.0701,0.004));
#4564=CARTESIAN_POINT('',(0.0136,0.0701,0.001));
#4565=CARTESIAN_POINT('',(0.0136,0.0701,0.001));
#4566=CARTESIAN_POINT('',(0.0136,0.0761,0.001));
#4567=CARTESIAN_POINT('',(0.0136,0.0701839202169004,0.));
#4568=CARTESIAN_POINT('',(0.0136,6.93889390390723E-18,0.));
#4569=CARTESIAN_POINT('',(0.0136,-0.0701839202169004,0.));
#4570=CARTESIAN_POINT('',(0.0136,-0.0761,0.001));
#4571=CARTESIAN_POINT('',(0.0136,-0.0701,0.001));
#4572=CARTESIAN_POINT('',(0.0136,-0.0701,0.085));
#4573=CARTESIAN_POINT('',(0.0136,-0.0145697151224061,0.0460826720508176));
#4574=CARTESIAN_POINT('',(0.0136,0.0542522047333036,0.0203173942346201));
#4575=CARTESIAN_POINT('',(0.0136,-0.0392366841555853,0.0553173942346201));
#4576=CARTESIAN_POINT('',(0.0136,0.0560052601363161,0.025));
#4577=CARTESIAN_POINT('',(0.0136,0.0560052601363161,0.02));
#4578=CARTESIAN_POINT('',(0.0136,6.93889390390723E-18,0.02));
#4579=CARTESIAN_POINT('',(0.0136,0.0601,0.02));
#4580=CARTESIAN_POINT('',(0.0136,0.0601,0.025));
#4581=CARTESIAN_POINT('',(0.0136,0.0651,0.025));
#4582=CARTESIAN_POINT('',(0.0136,0.0651,0.085));
#4583=CARTESIAN_POINT('',(0.0136,0.0651,0.06));
#4584=CARTESIAN_POINT('',(0.0136,0.0601,0.06));
#4585=CARTESIAN_POINT('',(0.0136,0.0601,0.065));
#4586=CARTESIAN_POINT('',(0.0136,1.12024231843418E-17,0.065));
#4587=CARTESIAN_POINT('',(0.0136,-0.0374836287525728,0.065));
#4588=CARTESIAN_POINT('',(0.0136,-0.0374836287525728,0.06));
#4589=CARTESIAN_POINT('',(0.0136,6.93889390390723E-18,0.02));
#4590=CARTESIAN_POINT('',(0.0136,-0.0295596340149135,0.02));
#4591=CARTESIAN_POINT('',(0.0136,-0.0601,0.02));
#4592=CARTESIAN_POINT('',(0.0136,-0.0295596340149135,0.025));
#4593=CARTESIAN_POINT('',(0.0136,-0.027806578611901,0.0296826057653799));
#4594=CARTESIAN_POINT('',(0.0136,-0.0215819367344558,0.0273522489892981));
#4595=CARTESIAN_POINT('',(0.0136,-0.0583469445969876,0.0411161870409947));
#4596=CARTESIAN_POINT('',(0.0136,-0.0601,0.0364335812756148));
#4597=CARTESIAN_POINT('',(0.0136,-0.0651,0.0364335812756148));
#4598=CARTESIAN_POINT('',(0.0136,-0.0651,0.085));
#4599=CARTESIAN_POINT('',(0.0136,-0.0651,0.025));
#4600=CARTESIAN_POINT('',(0.0136,-0.0601,0.025));
#4601=CARTESIAN_POINT('',(0.,0.,0.));
#4602=CARTESIAN_POINT('',(-0.0136,-0.0801,0.));
#4603=CARTESIAN_POINT('',(-0.0136,0.0801,0.));
#4604=CARTESIAN_POINT('',(0.0136,0.0801,0.));
#4605=CARTESIAN_POINT('',(0.0136,-0.0801,0.));
#4606=CARTESIAN_POINT('',(-0.0136,-0.0701839202169004,0.));
#4607=CARTESIAN_POINT('',(-0.0136,-0.07157101565744,0.));
#4608=CARTESIAN_POINT('',(-0.0127184447665334,-0.0735796505467327,1.18276600634782E-19));
#4609=CARTESIAN_POINT('',(-0.0104945785312276,-0.0752483402883698,-1.97127667724637E-19));
#4610=CARTESIAN_POINT('',(-0.00922631971835661,-0.0758198998690212,4.33680868994202E-19));
#4611=CARTESIAN_POINT('',(-0.0086,-0.0761,4.33680868994202E-19));
#4612=CARTESIAN_POINT('',(-0.0086,-0.0761,0.));
#4613=CARTESIAN_POINT('',(0.,-0.0761,0.));
#4614=CARTESIAN_POINT('',(0.0086,-0.0761,0.));
#4615=CARTESIAN_POINT('',(0.0136,-0.0701839202169004,-2.02384405530628E-18));
#4616=CARTESIAN_POINT('',(0.0136,-0.07157101565744,-2.02384405530628E-18));
#4617=CARTESIAN_POINT('',(0.012718444766534,-0.073579650546734,5.78241158658937E-19));
#4618=CARTESIAN_POINT('',(0.0104945785312266,-0.0752483402883676,-2.89120579329468E-19));
#4619=CARTESIAN_POINT('',(0.00922631971835877,-0.0758198998690261,4.33680868994202E-19));
#4620=CARTESIAN_POINT('',(0.0086,-0.0761,4.33680868994202E-19));
#4621=CARTESIAN_POINT('',(0.0136,0.0701839202169004,2.45752492430047E-18));
#4622=CARTESIAN_POINT('',(0.0136,0.07157101565744,2.45752492430047E-18));
#4623=CARTESIAN_POINT('',(0.0127184447665323,0.0735796505467303,-5.5852839188647E-19));
#4624=CARTESIAN_POINT('',(0.0104945785312294,0.0752483402883739,1.11705678377294E-19));
#4625=CARTESIAN_POINT('',(0.00922631971835262,0.0758198998690123,0.));
#4626=CARTESIAN_POINT('',(0.0086,0.0761,0.));
#4627=CARTESIAN_POINT('',(0.0086,0.0761,0.));
#4628=CARTESIAN_POINT('',(-0.0136,0.0761,0.));
#4629=CARTESIAN_POINT('',(-0.0086,0.0761,0.));
#4630=CARTESIAN_POINT('',(-0.0136,0.0701839202169004,0.));
#4631=CARTESIAN_POINT('',(-0.0136,0.07157101565744,0.));
#4632=CARTESIAN_POINT('',(-0.0127184447665329,0.0735796505467316,0.));
#4633=CARTESIAN_POINT('',(-0.0104945785312284,0.0752483402883717,0.));
#4634=CARTESIAN_POINT('',(-0.00922631971835477,0.0758198998690171,0.));
#4635=CARTESIAN_POINT('',(-0.0086,0.0761,0.));
#4636=CARTESIAN_POINT('',(0.,0.,0.005));
#4637=CARTESIAN_POINT('',(0.0086,0.0801,0.005));
#4638=CARTESIAN_POINT('',(0.0086,0.0761,0.005));
#4639=CARTESIAN_POINT('',(0.0066,0.0851,0.005));
#4640=CARTESIAN_POINT('',(-0.0066,0.0801,0.005));
#4641=CARTESIAN_POINT('',(-0.0086,5.5874988364796E-19,0.005));
#4642=CARTESIAN_POINT('',(-0.0086,0.0761,0.005));
#4643=CARTESIAN_POINT('',(0.,0.0761,0.005));
#4644=CARTESIAN_POINT('',(0.,0.,0.085));
#4645=CARTESIAN_POINT('',(-0.0086,-0.0901,0.085));
#4646=CARTESIAN_POINT('',(-0.00715,-0.0901,0.085));
#4647=CARTESIAN_POINT('',(0.0086,-0.0901,0.085));
#4648=CARTESIAN_POINT('',(0.01005,-0.0901,0.085));
#4649=CARTESIAN_POINT('',(0.0086,0.0901,0.085));
#4650=CARTESIAN_POINT('',(0.01005,0.0901,0.085));
#4651=CARTESIAN_POINT('',(-0.0086,0.0901,0.085));
#4652=CARTESIAN_POINT('',(-0.00715,0.0901,0.085));
#4653=CARTESIAN_POINT('',(-0.0216,-1.83460767142083E-19,0.085));
#4654=CARTESIAN_POINT('',(-0.0216,0.0801,0.085));
#4655=CARTESIAN_POINT('',(-0.0216,0.0766,0.085));
#4656=CARTESIAN_POINT('',(-0.0206,0.0766,0.085));
#4657=CARTESIAN_POINT('',(-0.0206,0.0756,0.085));
#4658=CARTESIAN_POINT('',(-0.0206,-1.22307178094722E-19,0.085));
#4659=CARTESIAN_POINT('',(-0.0206,0.0696,0.085));
#4660=CARTESIAN_POINT('',(-0.0206,0.0686,0.085));
#4661=CARTESIAN_POINT('',(-0.0216,0.0686,0.085));
#4662=CARTESIAN_POINT('',(-0.0216,-1.83460767142083E-19,0.085));
#4663=CARTESIAN_POINT('',(-0.0216,0.0646,0.085));
#4664=CARTESIAN_POINT('',(-0.0216,0.0646,0.085));
#4665=CARTESIAN_POINT('',(-0.0196,0.0646,0.085));
#4666=CARTESIAN_POINT('',(-0.0196,0.0636,0.085));
#4667=CARTESIAN_POINT('',(-0.0196,-0.0636,0.085));
#4668=CARTESIAN_POINT('',(-0.0196,-0.0646,0.085));
#4669=CARTESIAN_POINT('',(-0.0216,-0.0646,0.085));
#4670=CARTESIAN_POINT('',(-0.0216,-0.0646,0.085));
#4671=CARTESIAN_POINT('',(-0.0216,1.83460767142083E-19,0.085));
#4672=CARTESIAN_POINT('',(-0.0216,-0.0686,0.085));
#4673=CARTESIAN_POINT('',(-0.0206,-0.0686,0.085));
#4674=CARTESIAN_POINT('',(-0.0206,-0.0696,0.085));
#4675=CARTESIAN_POINT('',(-0.0206,1.22307178094722E-19,0.085));
#4676=CARTESIAN_POINT('',(-0.0206,-0.0756,0.085));
#4677=CARTESIAN_POINT('',(-0.0206,-0.0766,0.085));
#4678=CARTESIAN_POINT('',(-0.0216,-0.0766,0.085));
#4679=CARTESIAN_POINT('',(-0.0216,1.83460767142083E-19,0.085));
#4680=CARTESIAN_POINT('',(-0.0216,-0.0801,0.085));
#4681=CARTESIAN_POINT('',(-0.0216,-0.0801,0.085));
#4682=CARTESIAN_POINT('',(-0.0136,-0.0901,0.085));
#4683=CARTESIAN_POINT('',(-0.0136,-0.0951,0.085));
#4684=CARTESIAN_POINT('',(3.46944695195361E-18,-0.0951,0.085));
#4685=CARTESIAN_POINT('',(0.0136,-0.0951,0.085));
#4686=CARTESIAN_POINT('',(0.0136,-0.0901,0.085));
#4687=CARTESIAN_POINT('',(0.0136,0.0901,0.085));
#4688=CARTESIAN_POINT('',(0.0136,0.0951,0.085));
#4689=CARTESIAN_POINT('',(3.46944695195361E-18,0.0951,0.085));
#4690=CARTESIAN_POINT('',(-0.0136,0.0951,0.085));
#4691=CARTESIAN_POINT('',(-0.0136,0.0901,0.085));
#4692=CARTESIAN_POINT('',(-0.0216,0.0801,0.085));
#4693=CARTESIAN_POINT('',(0.,0.,0.005));
#4694=CARTESIAN_POINT('',(0.0066,-0.0801,0.005));
#4695=CARTESIAN_POINT('',(0.0086,-0.0761,0.005));
#4696=CARTESIAN_POINT('',(0.0086,-0.0761,0.005));
#4697=CARTESIAN_POINT('',(-0.0136,-0.0761,0.005));
#4698=CARTESIAN_POINT('',(-0.0086,-0.0761,0.005));
#4699=CARTESIAN_POINT('',(-0.0086,5.5874988364796E-19,0.005));
#4700=CARTESIAN_POINT('',(-0.0066,-0.0851,0.005));
#4701=CARTESIAN_POINT('',(-8.67361737988404E-18,0.0751,0.025));
#4702=CARTESIAN_POINT('',(0.0136,0.0751,0.001));
#4703=CARTESIAN_POINT('',(-0.0086,0.0751,0.001));
#4704=CARTESIAN_POINT('',(0.0086,0.0751,0.001));
#4705=CARTESIAN_POINT('',(0.0086,0.0751,0.004));
#4706=CARTESIAN_POINT('',(0.0086,0.0751,0.004));
#4707=CARTESIAN_POINT('',(-8.67361737988404E-18,0.0751,0.004));
#4708=CARTESIAN_POINT('',(-0.0086,0.0751,0.004));
#4709=CARTESIAN_POINT('',(-0.0086,0.0751,0.025));
#4710=CARTESIAN_POINT('',(1.04083408558608E-17,-0.0751,0.025));
#4711=CARTESIAN_POINT('',(0.0136,-0.0751,0.004));
#4712=CARTESIAN_POINT('',(-0.0086,-0.0751,0.004));
#4713=CARTESIAN_POINT('',(0.0086,-0.0751,0.004));
#4714=CARTESIAN_POINT('',(0.0086,-0.0751,0.025));
#4715=CARTESIAN_POINT('',(0.0086,-0.0751,0.001));
#4716=CARTESIAN_POINT('',(1.04083408558608E-17,-0.0751,0.001));
#4717=CARTESIAN_POINT('',(-0.0086,-0.0751,0.001));
#4718=CARTESIAN_POINT('',(-0.0086,-0.0751,0.004));
#4719=CARTESIAN_POINT('',(3.46944695195361E-18,-0.0951,0.075));
#4720=CARTESIAN_POINT('',(-0.0086,-0.0901,0.075));
#4721=CARTESIAN_POINT('',(-0.00715,-0.0901,0.075));
#4722=CARTESIAN_POINT('',(0.0086,-0.0901,0.075));
#4723=CARTESIAN_POINT('',(0.01005,-0.0901,0.075));
#4724=CARTESIAN_POINT('',(0.0136,-0.0901,0.075));
#4725=CARTESIAN_POINT('',(0.0136,-0.0951,0.075));
#4726=CARTESIAN_POINT('',(3.46944695195361E-18,-0.0951,0.075));
#4727=CARTESIAN_POINT('',(-0.0136,-0.0951,0.075));
#4728=CARTESIAN_POINT('',(-0.0136,-0.0901,0.075));
#4729=CARTESIAN_POINT('',(-0.0136,-0.0801,0.075));
#4730=CARTESIAN_POINT('',(0.0136,-0.0801,0.075));
#4731=CARTESIAN_POINT('',(0.,-0.0951,0.0425));
#4732=CARTESIAN_POINT('',(0.0136,-0.0951,0.085));
#4733=CARTESIAN_POINT('',(-0.0136,-0.0951,0.0425));
#4734=CARTESIAN_POINT('',(3.46944695195361E-18,0.0951,0.075));
#4735=CARTESIAN_POINT('',(0.0086,0.0901,0.075));
#4736=CARTESIAN_POINT('',(0.01005,0.0901,0.075));
#4737=CARTESIAN_POINT('',(-0.0086,0.0901,0.075));
#4738=CARTESIAN_POINT('',(-0.00715,0.0901,0.075));
#4739=CARTESIAN_POINT('',(-0.0136,0.0901,0.075));
#4740=CARTESIAN_POINT('',(-0.0136,0.0951,0.075));
#4741=CARTESIAN_POINT('',(3.46944695195361E-18,0.0951,0.075));
#4742=CARTESIAN_POINT('',(0.0136,0.0951,0.075));
#4743=CARTESIAN_POINT('',(0.0136,0.0901,0.075));
#4744=CARTESIAN_POINT('',(0.0136,0.0801,0.075));
#4745=CARTESIAN_POINT('',(-0.0136,0.0801,0.075));
#4746=CARTESIAN_POINT('',(0.,0.0951,0.0425));
#4747=CARTESIAN_POINT('',(-0.0136,0.0951,0.0425));
#4748=CARTESIAN_POINT('',(0.0136,0.0951,0.075));
#4749=CARTESIAN_POINT('',(-0.0784,1.98096859454085E-17,0.065));
#4750=CARTESIAN_POINT('',(-0.0784,-0.0374836287525728,0.065));
#4751=CARTESIAN_POINT('',(0.0186,0.0601,0.065));
#4752=CARTESIAN_POINT('',(-0.0784,0.0651,0.0425));
#4753=CARTESIAN_POINT('',(0.0136,0.0651,0.06));
#4754=CARTESIAN_POINT('',(-0.0784,0.0651,0.025));
#4755=CARTESIAN_POINT('',(-0.0784,0.0601,0.02));
#4756=CARTESIAN_POINT('',(0.0186,0.0560052601363161,0.02));
#4757=CARTESIAN_POINT('',(-0.0784,0.0601,0.02));
#4758=CARTESIAN_POINT('',(-0.0784,-0.005,0.0425));
#4759=CARTESIAN_POINT('',(-0.0784,-0.0392366841555853,0.0553173942346201));
#4760=CARTESIAN_POINT('',(0.0136,0.0542522047333036,0.0203173942346201));
#4761=CARTESIAN_POINT('',(-0.0784,-0.0335216313837432,0.02));
#4762=CARTESIAN_POINT('',(-0.0784,-0.0295596340149135,0.02));
#4763=CARTESIAN_POINT('',(0.0186,-0.0601,0.02));
#4764=CARTESIAN_POINT('',(-0.0784,-0.0651,0.0318221845901128));
#4765=CARTESIAN_POINT('',(-0.0784,-0.0651,0.0364335812756148));
#4766=CARTESIAN_POINT('',(0.0136,-0.0651,0.025));
#4767=CARTESIAN_POINT('',(-0.0784,-0.0335216313837432,0.0318221845901128));
#4768=CARTESIAN_POINT('',(-0.0784,-0.027806578611901,0.0296826057653799));
#4769=CARTESIAN_POINT('',(-0.0784,-0.0583469445969875,0.0411161870409947));
#4770=CARTESIAN_POINT('',(-0.0784,-0.005,0.0425));
#4771=CARTESIAN_POINT('',(-0.0186,0.0542522047333036,0.0203173942346201));
#4772=CARTESIAN_POINT('',(-0.0784,-0.0392366841555853,0.0553173942346201));
#4773=CARTESIAN_POINT('',(-0.0784,0.0601,0.02));
#4774=CARTESIAN_POINT('',(-0.0136,0.0560052601363161,0.02));
#4775=CARTESIAN_POINT('',(-0.0784,0.0601,0.02));
#4776=CARTESIAN_POINT('',(-0.0784,0.0651,0.0425));
#4777=CARTESIAN_POINT('',(-0.0186,0.0651,0.06));
#4778=CARTESIAN_POINT('',(-0.0186,0.0651,0.06));
#4779=CARTESIAN_POINT('',(-0.0186,0.0651,0.005));
#4780=CARTESIAN_POINT('',(-0.0186,0.0651,0.025));
#4781=CARTESIAN_POINT('',(-0.0784,0.0651,0.025));
#4782=CARTESIAN_POINT('',(-0.0784,1.98096859454085E-17,0.065));
#4783=CARTESIAN_POINT('',(-0.0136,0.0601,0.065));
#4784=CARTESIAN_POINT('',(-0.0784,-0.0374836287525728,0.065));
#4785=CARTESIAN_POINT('',(-0.0784,-0.0335216313837432,0.0318221845901128));
#4786=CARTESIAN_POINT('',(-0.0784,-0.027806578611901,0.0296826057653799));
#4787=CARTESIAN_POINT('',(-0.0784,-0.0651,0.0436443691802256));
#4788=CARTESIAN_POINT('',(-0.0186,-0.0651,0.0436443691802256));
#4789=CARTESIAN_POINT('',(-0.0186,0.00468643874450861,0.0175179986019986));
#4790=CARTESIAN_POINT('',(-0.0186,-0.0646,0.0434571811602589));
#4791=CARTESIAN_POINT('',(-0.0784,-0.0646,0.0434571811602589));
#4792=CARTESIAN_POINT('',(-0.0196,-0.0646,0.0434571811602589));
#4793=CARTESIAN_POINT('',(-0.0196,-0.0636,0.0430828051203254));
#4794=CARTESIAN_POINT('',(-0.0784,-0.0651,0.0318221845901128));
#4795=CARTESIAN_POINT('',(-0.0186,-0.0651,0.025));
#4796=CARTESIAN_POINT('',(-0.0186,-0.0651,0.025));
#4797=CARTESIAN_POINT('',(-0.0186,-0.0651,0.005));
#4798=CARTESIAN_POINT('',(-0.0784,-0.0335216313837432,0.02));
#4799=CARTESIAN_POINT('',(-0.0784,-0.0295596340149135,0.02));
#4800=CARTESIAN_POINT('',(-0.0136,-0.0601,0.02));
#4801=CARTESIAN_POINT('',(-0.0784,-0.0295596340149135,0.025));
#4802=CARTESIAN_POINT('',(-0.0784,-0.0601,0.025));
#4803=CARTESIAN_POINT('',(-0.0186,-0.0601,0.025));
#4804=CARTESIAN_POINT('',(-0.0784,0.0601,0.06));
#4805=CARTESIAN_POINT('',(-0.0186,0.0601,0.06));
#4806=CARTESIAN_POINT('',(-0.0186,0.0646,0.0621794494717705));
#4807=CARTESIAN_POINT('',(-0.0186,0.0636,0.0635707142142715));
#4808=CARTESIAN_POINT('',(-0.0186,0.0638567025418056,0.0633190953945046));
#4809=CARTESIAN_POINT('',(-0.0187375578122192,0.0641888335039801,0.0629089752422837));
#4810=CARTESIAN_POINT('',(-0.0191071556764062,0.0645018499776442,0.0623837395476325));
#4811=CARTESIAN_POINT('',(-0.0194182565549919,0.0646,0.0621794494717705));
#4812=CARTESIAN_POINT('',(-0.0196,0.0646,0.0621794494717705));
#4813=CARTESIAN_POINT('',(-0.0196,0.0646,0.0621794494717705));
#4814=CARTESIAN_POINT('',(-0.0186,0.0646,0.0621794494717705));
#4815=CARTESIAN_POINT('',(-0.0784,0.0560052601363161,0.025));
#4816=CARTESIAN_POINT('',(-0.0784,0.0601,0.025));
#4817=CARTESIAN_POINT('',(-0.0186,0.0601,0.025));
#4818=CARTESIAN_POINT('',(-0.0784,-0.0374836287525728,0.06));
#4819=CARTESIAN_POINT('',(-0.0784,-0.0374836287525728,0.06));
#4820=CARTESIAN_POINT('',(-0.0784,0.0601,0.06));
#4821=CARTESIAN_POINT('',(-0.0784,0.0560052601363161,0.025));
#4822=CARTESIAN_POINT('',(-0.0784,0.0601,0.025));
#4823=CARTESIAN_POINT('',(-0.0784,-0.0295596340149135,0.025));
#4824=CARTESIAN_POINT('',(-0.0784,-0.0601,0.0364335812756148));
#4825=CARTESIAN_POINT('',(-0.0784,-0.0601,0.025));
#4826=CARTESIAN_POINT('',(-0.0136,-0.0801,0.005));
#4827=CARTESIAN_POINT('',(-0.0186,-0.0801,0.005));
#4828=CARTESIAN_POINT('',(0.0136,-0.0801,0.005));
#4829=CARTESIAN_POINT('',(-0.0136,0.0801,0.005));
#4830=CARTESIAN_POINT('',(-0.0186,0.0801,0.));
#4831=CARTESIAN_POINT('',(0.0136,0.0801,0.005));
#4832=CARTESIAN_POINT('',(1.04083408558608E-17,-0.0761,0.001));
#4833=CARTESIAN_POINT('',(0.0086,-0.0761,0.001));
#4834=CARTESIAN_POINT('',(-0.0086,-0.0761,0.001));
#4835=CARTESIAN_POINT('',(1.04083408558608E-17,-0.0761,0.004));
#4836=CARTESIAN_POINT('',(0.0086,-0.0761,0.004));
#4837=CARTESIAN_POINT('',(-0.0086,-0.0761,0.004));
#4838=CARTESIAN_POINT('',(0.,0.0761,0.001));
#4839=CARTESIAN_POINT('',(0.0086,0.0761,0.001));
#4840=CARTESIAN_POINT('',(-0.0086,0.0761,0.001));
#4841=CARTESIAN_POINT('',(0.,0.0761,0.004));
#4842=CARTESIAN_POINT('',(0.0086,0.0761,0.004));
#4843=CARTESIAN_POINT('',(-0.0086,0.0761,0.004));
#4844=CARTESIAN_POINT('',(-0.0086,0.0901,0.06));
#4845=CARTESIAN_POINT('',(0.0086,0.0901,0.06));
#4846=CARTESIAN_POINT('',(0.0086,-0.0901,0.06));
#4847=CARTESIAN_POINT('',(-0.0086,-0.0901,0.06));
#4848=CARTESIAN_POINT('',(-0.0136,0.0901,0.005));
#4849=CARTESIAN_POINT('',(0.0136,0.0901,0.0425));
#4850=CARTESIAN_POINT('',(0.0136,-0.0901,0.005));
#4851=CARTESIAN_POINT('',(-0.0136,-0.0901,0.0425));
#4852=CARTESIAN_POINT('',(0.0086,-0.0761,0.001));
#4853=CARTESIAN_POINT('',(0.0086,-0.0701,0.001));
#4854=CARTESIAN_POINT('',(0.0086,-0.0701,0.025));
#4855=CARTESIAN_POINT('',(0.0086,-0.0701,0.004));
#4856=CARTESIAN_POINT('',(0.0086,-0.0761,0.004));
#4857=CARTESIAN_POINT('',(0.0086,-0.0761,0.01));
#4858=CARTESIAN_POINT('',(0.0086,-5.5874988364796E-19,0.01));
#4859=CARTESIAN_POINT('',(0.0086,0.0761,0.001));
#4860=CARTESIAN_POINT('',(0.0086,0.0701,0.001));
#4861=CARTESIAN_POINT('',(0.0086,0.0701,0.085));
#4862=CARTESIAN_POINT('',(0.0086,0.0701,0.004));
#4863=CARTESIAN_POINT('',(0.0086,0.0761,0.004));
#4864=CARTESIAN_POINT('',(0.0086,0.0761,0.01));
#4865=CARTESIAN_POINT('',(0.0086,-5.5874988364796E-19,0.01));
#4866=CARTESIAN_POINT('',(-0.0086,-0.0761,0.001));
#4867=CARTESIAN_POINT('',(-0.0086,-0.0701,0.001));
#4868=CARTESIAN_POINT('',(-0.0086,-0.0701,0.085));
#4869=CARTESIAN_POINT('',(-0.0086,-0.0701,0.004));
#4870=CARTESIAN_POINT('',(-0.0086,-0.0761,0.004));
#4871=CARTESIAN_POINT('',(-0.0086,-0.0761,0.01));
#4872=CARTESIAN_POINT('',(-0.0086,-3.24854583516256E-19,0.01));
#4873=CARTESIAN_POINT('',(-0.0086,0.0761,0.001));
#4874=CARTESIAN_POINT('',(-0.0086,0.0701,0.001));
#4875=CARTESIAN_POINT('',(-0.0086,0.0701,0.025));
#4876=CARTESIAN_POINT('',(-0.0086,0.0701,0.004));
#4877=CARTESIAN_POINT('',(-0.0086,0.0761,0.004));
#4878=CARTESIAN_POINT('',(-0.0086,0.0761,0.01));
#4879=CARTESIAN_POINT('',(-0.0086,-3.24854583516256E-19,0.01));
#4880=CARTESIAN_POINT('',(0.0286,0.0726,0.017));
#4881=CARTESIAN_POINT('',(0.0286,0.0716,0.017));
#4882=CARTESIAN_POINT('',(0.0276,0.0716,0.017));
#4883=CARTESIAN_POINT('',(0.0196,0.0716,0.017));
#4884=CARTESIAN_POINT('',(0.0196,0.0726,0.017));
#4885=CARTESIAN_POINT('',(0.0196,0.0736,0.017));
#4886=CARTESIAN_POINT('',(0.0286,0.0736,0.017));
#4887=CARTESIAN_POINT('',(0.0276,0.0736,0.017));
#4888=CARTESIAN_POINT('',(0.0276,0.0726,0.017));
#4889=CARTESIAN_POINT('',(0.0286,0.0746,0.021));
#4890=CARTESIAN_POINT('',(0.0286,0.0746,0.024));
#4891=CARTESIAN_POINT('',(0.0196,0.0746,0.024));
#4892=CARTESIAN_POINT('',(0.0276,0.0746,0.024));
#4893=CARTESIAN_POINT('',(0.0276,0.0746,0.017));
#4894=CARTESIAN_POINT('',(0.0276,0.0746,0.018));
#4895=CARTESIAN_POINT('',(0.0186,0.0746,0.018));
#4896=CARTESIAN_POINT('',(0.0196,0.0746,0.018));
#4897=CARTESIAN_POINT('',(0.0196,0.0746,0.025));
#4898=CARTESIAN_POINT('',(0.0286,0.0726,0.025));
#4899=CARTESIAN_POINT('',(0.0196,0.0706,0.025));
#4900=CARTESIAN_POINT('',(0.0196,0.0736,0.025));
#4901=CARTESIAN_POINT('',(0.0196,0.0716,0.025));
#4902=CARTESIAN_POINT('',(0.0286,0.0716,0.025));
#4903=CARTESIAN_POINT('',(0.0276,0.0716,0.025));
#4904=CARTESIAN_POINT('',(0.0276,0.0746,0.025));
#4905=CARTESIAN_POINT('',(0.0276,0.0736,0.025));
#4906=CARTESIAN_POINT('',(0.0286,0.0736,0.025));
#4907=CARTESIAN_POINT('',(0.0286,0.0706,0.021));
#4908=CARTESIAN_POINT('',(0.0196,0.0706,0.021));
#4909=CARTESIAN_POINT('',(0.0196,0.0706,0.024));
#4910=CARTESIAN_POINT('',(0.0196,0.0706,0.018));
#4911=CARTESIAN_POINT('',(0.0286,0.0706,0.018));
#4912=CARTESIAN_POINT('',(0.0276,0.0706,0.018));
#4913=CARTESIAN_POINT('',(0.0276,0.0706,0.021));
#4914=CARTESIAN_POINT('',(0.0276,0.0706,0.024));
#4915=CARTESIAN_POINT('',(0.0186,0.0706,0.024));
#4916=CARTESIAN_POINT('',(0.0286,-1.74899264675453E-18,0.0425));
#4917=CARTESIAN_POINT('',(0.0286,0.0706,0.024));
#4918=CARTESIAN_POINT('',(0.0286,0.0736,0.024));
#4919=CARTESIAN_POINT('',(0.0286,0.0716,0.024));
#4920=CARTESIAN_POINT('',(0.0286,0.0716,0.0425));
#4921=CARTESIAN_POINT('',(0.0286,0.0716,0.018));
#4922=CARTESIAN_POINT('',(0.0286,-1.74899264675453E-18,0.018));
#4923=CARTESIAN_POINT('',(0.0286,0.0736,0.018));
#4924=CARTESIAN_POINT('',(0.0286,0.0736,0.025));
#4925=CARTESIAN_POINT('',(0.0286,-0.0726,0.017));
#4926=CARTESIAN_POINT('',(0.0286,-0.0716,0.017));
#4927=CARTESIAN_POINT('',(0.0196,-0.0716,0.017));
#4928=CARTESIAN_POINT('',(0.0276,-0.0716,0.017));
#4929=CARTESIAN_POINT('',(0.0276,-0.0726,0.017));
#4930=CARTESIAN_POINT('',(0.0276,-0.0736,0.017));
#4931=CARTESIAN_POINT('',(0.0286,-0.0736,0.017));
#4932=CARTESIAN_POINT('',(0.0196,-0.0736,0.017));
#4933=CARTESIAN_POINT('',(0.0196,-0.0726,0.017));
#4934=CARTESIAN_POINT('',(0.0286,-0.0706,0.021));
#4935=CARTESIAN_POINT('',(0.0186,-0.0706,0.018));
#4936=CARTESIAN_POINT('',(0.0276,-0.0706,0.018));
#4937=CARTESIAN_POINT('',(0.0196,-0.0706,0.018));
#4938=CARTESIAN_POINT('',(0.0196,-0.0706,0.025));
#4939=CARTESIAN_POINT('',(0.0196,-0.0706,0.024));
#4940=CARTESIAN_POINT('',(0.0286,-0.0706,0.024));
#4941=CARTESIAN_POINT('',(0.0276,-0.0706,0.024));
#4942=CARTESIAN_POINT('',(0.0276,-0.0706,0.017));
#4943=CARTESIAN_POINT('',(0.0286,-0.0726,0.025));
#4944=CARTESIAN_POINT('',(0.0286,-0.0716,0.025));
#4945=CARTESIAN_POINT('',(0.0276,-0.0716,0.025));
#4946=CARTESIAN_POINT('',(0.0196,-0.0716,0.025));
#4947=CARTESIAN_POINT('',(0.0196,-0.0746,0.025));
#4948=CARTESIAN_POINT('',(0.0196,-0.0736,0.025));
#4949=CARTESIAN_POINT('',(0.0286,-0.0736,0.025));
#4950=CARTESIAN_POINT('',(0.0276,-0.0736,0.025));
#4951=CARTESIAN_POINT('',(0.0276,-0.0706,0.025));
#4952=CARTESIAN_POINT('',(0.0286,-0.0746,0.021));
#4953=CARTESIAN_POINT('',(0.0286,-0.0746,0.018));
#4954=CARTESIAN_POINT('',(0.0196,-0.0746,0.018));
#4955=CARTESIAN_POINT('',(0.0276,-0.0746,0.018));
#4956=CARTESIAN_POINT('',(0.0276,-0.0746,0.021));
#4957=CARTESIAN_POINT('',(0.0276,-0.0746,0.024));
#4958=CARTESIAN_POINT('',(0.0186,-0.0746,0.024));
#4959=CARTESIAN_POINT('',(0.0196,-0.0746,0.024));
#4960=CARTESIAN_POINT('',(0.0196,-0.0746,0.021));
#4961=CARTESIAN_POINT('',(0.0286,-1.74899264675453E-18,0.0425));
#4962=CARTESIAN_POINT('',(0.0286,-0.0716,0.025));
#4963=CARTESIAN_POINT('',(0.0286,-0.0716,0.018));
#4964=CARTESIAN_POINT('',(0.0286,-0.0716,0.024));
#4965=CARTESIAN_POINT('',(0.0286,-0.0746,0.024));
#4966=CARTESIAN_POINT('',(0.0286,-0.0736,0.024));
#4967=CARTESIAN_POINT('',(0.0286,-0.0736,0.0425));
#4968=CARTESIAN_POINT('',(0.0286,-0.0736,0.018));
#4969=CARTESIAN_POINT('',(0.0286,-1.74899264675453E-18,0.018));
#4970=CARTESIAN_POINT('',(0.0286,-0.0716,0.018));
#4971=CARTESIAN_POINT('',(0.0276,-0.0716,0.018));
#4972=CARTESIAN_POINT('',(0.0196,-0.0716,0.018));
#4973=CARTESIAN_POINT('',(0.0276,-0.0716,0.018));
#4974=CARTESIAN_POINT('',(0.0276,-0.0716,0.018));
#4975=CARTESIAN_POINT('',(0.0276,-0.0716,0.018));
#4976=CARTESIAN_POINT('',(0.0196,-0.0716,0.018));
#4977=CARTESIAN_POINT('',(0.0196,-0.0696,0.018));
#4978=CARTESIAN_POINT('',(0.0196,-0.0716,0.016));
#4979=CARTESIAN_POINT('',(0.0276,-0.0716,0.0425));
#4980=CARTESIAN_POINT('',(0.0276,-0.0716,0.024));
#4981=CARTESIAN_POINT('',(0.0276,-0.0726,0.018));
#4982=CARTESIAN_POINT('',(0.0276,-0.0736,0.018));
#4983=CARTESIAN_POINT('',(0.0286,-0.0736,0.018));
#4984=CARTESIAN_POINT('',(0.0196,-0.0736,0.018));
#4985=CARTESIAN_POINT('',(0.0276,-0.0736,0.018));
#4986=CARTESIAN_POINT('',(0.0196,1.38166342187671E-17,0.016));
#4987=CARTESIAN_POINT('',(0.0196,-0.0736,0.016));
#4988=CARTESIAN_POINT('',(0.0196,-0.0696,0.021));
#4989=CARTESIAN_POINT('',(0.0196,-0.0696,0.024));
#4990=CARTESIAN_POINT('',(0.0286,-0.0716,0.024));
#4991=CARTESIAN_POINT('',(0.0276,-0.0716,0.024));
#4992=CARTESIAN_POINT('',(0.0196,-0.0716,0.024));
#4993=CARTESIAN_POINT('',(0.0276,-0.0716,0.024));
#4994=CARTESIAN_POINT('',(0.0276,-0.0716,0.024));
#4995=CARTESIAN_POINT('',(0.0276,-0.0736,0.018));
#4996=CARTESIAN_POINT('',(0.0276,-0.0736,0.018));
#4997=CARTESIAN_POINT('',(0.0196,-0.0736,0.018));
#4998=CARTESIAN_POINT('',(0.0196,-0.0756,0.018));
#4999=CARTESIAN_POINT('',(0.0196,-0.0716,0.024));
#5000=CARTESIAN_POINT('',(0.0196,-0.0716,0.026));
#5001=CARTESIAN_POINT('',(0.0276,-1.68783905770717E-18,0.024));
#5002=CARTESIAN_POINT('',(0.0276,-0.0736,0.024));
#5003=CARTESIAN_POINT('',(0.0276,-0.0736,0.021));
#5004=CARTESIAN_POINT('',(0.0276,-0.0736,0.024));
#5005=CARTESIAN_POINT('',(0.0196,-0.0756,0.005));
#5006=CARTESIAN_POINT('',(0.0196,-0.0756,0.024));
#5007=CARTESIAN_POINT('',(0.0196,-0.0726,0.026));
#5008=CARTESIAN_POINT('',(0.0196,-0.0736,0.026));
#5009=CARTESIAN_POINT('',(0.0276,-0.0736,0.024));
#5010=CARTESIAN_POINT('',(0.0276,-0.0736,0.024));
#5011=CARTESIAN_POINT('',(0.0196,-0.0736,0.024));
#5012=CARTESIAN_POINT('',(0.0196,-0.0736,0.024));
#5013=CARTESIAN_POINT('',(0.0286,-0.0736,0.024));
#5014=CARTESIAN_POINT('',(0.0276,-1.68783905770717E-18,0.024));
#5015=CARTESIAN_POINT('',(0.0276,0.0736,0.024));
#5016=CARTESIAN_POINT('',(0.0276,0.0716,0.024));
#5017=CARTESIAN_POINT('',(0.0276,0.0736,0.024));
#5018=CARTESIAN_POINT('',(0.0276,0.0736,0.024));
#5019=CARTESIAN_POINT('',(0.0276,0.0736,0.024));
#5020=CARTESIAN_POINT('',(0.0276,0.0716,0.024));
#5021=CARTESIAN_POINT('',(0.0276,0.0716,0.024));
#5022=CARTESIAN_POINT('',(0.0276,0.0716,0.024));
#5023=CARTESIAN_POINT('',(0.0276,0.0736,0.0425));
#5024=CARTESIAN_POINT('',(0.0276,0.0736,0.018));
#5025=CARTESIAN_POINT('',(0.0286,0.0736,0.024));
#5026=CARTESIAN_POINT('',(0.0196,0.0736,0.024));
#5027=CARTESIAN_POINT('',(0.0196,0.0726,0.026));
#5028=CARTESIAN_POINT('',(0.0196,0.0716,0.026));
#5029=CARTESIAN_POINT('',(0.0196,0.0736,0.026));
#5030=CARTESIAN_POINT('',(0.0286,0.0716,0.024));
#5031=CARTESIAN_POINT('',(0.0196,0.0716,0.024));
#5032=CARTESIAN_POINT('',(0.0276,0.0716,0.021));
#5033=CARTESIAN_POINT('',(0.0276,0.0716,0.018));
#5034=CARTESIAN_POINT('',(0.0276,0.0726,0.018));
#5035=CARTESIAN_POINT('',(0.0276,0.0736,0.018));
#5036=CARTESIAN_POINT('',(0.0276,0.0716,0.018));
#5037=CARTESIAN_POINT('',(0.0276,0.0736,0.018));
#5038=CARTESIAN_POINT('',(0.0276,0.0736,0.018));
#5039=CARTESIAN_POINT('',(0.0196,0.0736,0.024));
#5040=CARTESIAN_POINT('',(0.0196,0.0756,0.024));
#5041=CARTESIAN_POINT('',(0.0196,0.0716,0.024));
#5042=CARTESIAN_POINT('',(0.0196,0.0696,0.024));
#5043=CARTESIAN_POINT('',(0.0276,0.0716,0.018));
#5044=CARTESIAN_POINT('',(0.0276,0.0716,0.018));
#5045=CARTESIAN_POINT('',(0.0286,0.0736,0.018));
#5046=CARTESIAN_POINT('',(0.0196,0.0736,0.018));
#5047=CARTESIAN_POINT('',(0.0196,0.0756,0.021));
#5048=CARTESIAN_POINT('',(0.0196,0.0756,0.018));
#5049=CARTESIAN_POINT('',(0.0196,0.0696,0.005));
#5050=CARTESIAN_POINT('',(0.0196,0.0696,0.018));
#5051=CARTESIAN_POINT('',(0.0286,0.0716,0.018));
#5052=CARTESIAN_POINT('',(0.0196,0.0716,0.018));
#5053=CARTESIAN_POINT('',(0.0196,0.0736,0.018));
#5054=CARTESIAN_POINT('',(0.0196,0.0736,0.016));
#5055=CARTESIAN_POINT('',(0.0196,0.0716,0.018));
#5056=CARTESIAN_POINT('',(0.0196,0.0716,0.016));
#5057=CARTESIAN_POINT('',(0.0196,1.38166342187671E-17,0.016));
#5058=CARTESIAN_POINT('',(-0.0186,-0.00299999999999996,0.0425));
#5059=CARTESIAN_POINT('',(-0.0186,-0.0646,0.078));
#5060=CARTESIAN_POINT('',(-0.0216,-0.0646,0.078));
#5061=CARTESIAN_POINT('',(-0.0196,-0.0646,0.0434571811602589));
#5062=CARTESIAN_POINT('',(-0.0216,-0.0646,0.008));
#5063=CARTESIAN_POINT('',(-0.0216,-0.0646,0.008));
#5064=CARTESIAN_POINT('',(-0.0216,-0.0646,0.078));
#5065=CARTESIAN_POINT('',(-0.0216,-0.0726,0.008));
#5066=CARTESIAN_POINT('',(-0.0216,-0.0801,0.00521611781858563));
#5067=CARTESIAN_POINT('',(-0.0216,-0.0801,0.00521611781858563));
#5068=CARTESIAN_POINT('',(-0.0216,-0.0726,0.008));
#5069=CARTESIAN_POINT('',(-0.0216,-0.0801,0.005));
#5070=CARTESIAN_POINT('',(-0.0216,-0.0801,0.005));
#5071=CARTESIAN_POINT('',(-0.0216,-0.00299999999999996,0.0425));
#5072=CARTESIAN_POINT('',(-0.0216,-0.0766,0.0425));
#5073=CARTESIAN_POINT('',(-0.0216,-0.0766,0.008));
#5074=CARTESIAN_POINT('',(-0.0216,-0.0726,0.008));
#5075=CARTESIAN_POINT('',(-0.0216,-0.0686,0.008));
#5076=CARTESIAN_POINT('',(-0.0216,-0.0686,0.0425));
#5077=CARTESIAN_POINT('',(-0.0206,-0.00299999999999996,0.0425));
#5078=CARTESIAN_POINT('',(-0.0206,-0.0696,0.078));
#5079=CARTESIAN_POINT('',(-0.0206,-0.0696,0.008));
#5080=CARTESIAN_POINT('',(-0.0206,-0.0726,0.008));
#5081=CARTESIAN_POINT('',(-0.0206,-0.0756,0.008));
#5082=CARTESIAN_POINT('',(-0.0206,-0.0756,0.0395));
#5083=CARTESIAN_POINT('',(-0.0196,-0.0636,0.005));
#5084=CARTESIAN_POINT('',(-0.0206,-0.0686,0.0395));
#5085=CARTESIAN_POINT('',(-0.0206,-0.0686,0.008));
#5086=CARTESIAN_POINT('',(-0.0206,-0.0726,0.008));
#5087=CARTESIAN_POINT('',(-0.0206,-0.0766,0.008));
#5088=CARTESIAN_POINT('',(-0.0206,-0.0766,0.078));
#5089=CARTESIAN_POINT('',(-0.0186,0.00299999999999996,0.0425));
#5090=CARTESIAN_POINT('',(-0.0186,0.0646,0.078));
#5091=CARTESIAN_POINT('',(-0.0216,0.0646,0.078));
#5092=CARTESIAN_POINT('',(-0.0196,0.0646,0.078));
#5093=CARTESIAN_POINT('',(-0.0216,0.0646,0.078));
#5094=CARTESIAN_POINT('',(-0.0216,0.0646,0.008));
#5095=CARTESIAN_POINT('',(-0.0216,0.0646,0.008));
#5096=CARTESIAN_POINT('',(-0.0216,0.0801,0.005));
#5097=CARTESIAN_POINT('',(-0.0216,0.0801,0.00521611781858563));
#5098=CARTESIAN_POINT('',(-0.0216,0.0801,0.00521611781858563));
#5099=CARTESIAN_POINT('',(-0.0216,0.0801,0.005));
#5100=CARTESIAN_POINT('',(-0.0216,0.0726,0.008));
#5101=CARTESIAN_POINT('',(-0.0216,0.0726,0.008));
#5102=CARTESIAN_POINT('',(-0.0216,0.00299999999999996,0.0425));
#5103=CARTESIAN_POINT('',(-0.0216,0.0726,0.008));
#5104=CARTESIAN_POINT('',(-0.0216,0.0686,0.008));
#5105=CARTESIAN_POINT('',(-0.0216,0.0766,0.008));
#5106=CARTESIAN_POINT('',(-0.0216,0.0766,0.085));
#5107=CARTESIAN_POINT('',(-0.0216,0.0686,0.008));
#5108=CARTESIAN_POINT('',(-0.0206,0.00299999999999996,0.0425));
#5109=CARTESIAN_POINT('',(-0.0206,0.0696,0.078));
#5110=CARTESIAN_POINT('',(-0.0206,0.0696,0.008));
#5111=CARTESIAN_POINT('',(-0.0206,0.0756,0.0395));
#5112=CARTESIAN_POINT('',(-0.0206,0.0756,0.008));
#5113=CARTESIAN_POINT('',(-0.0206,0.0726,0.008));
#5114=CARTESIAN_POINT('',(-0.0196,0.0636,0.078));
#5115=CARTESIAN_POINT('',(-0.0206,0.0686,0.0425));
#5116=CARTESIAN_POINT('',(-0.0206,0.0686,0.008));
#5117=CARTESIAN_POINT('',(-0.0206,0.0726,0.008));
#5118=CARTESIAN_POINT('',(-0.0206,0.0766,0.008));
#5119=CARTESIAN_POINT('',(-0.0206,0.0766,0.0425));
#5120=CARTESIAN_POINT('',(-0.0086,0.085102,0.0375));
#5121=CARTESIAN_POINT('',(-0.0086,0.0851,0.007));
#5122=CARTESIAN_POINT('',(-0.0086,0.0801,0.068));
#5123=CARTESIAN_POINT('',(-7.56384202583333E-17,0.085102,0.07));
#5124=CARTESIAN_POINT('',(-0.00660000000000008,0.0851,0.07));
#5125=CARTESIAN_POINT('',(0.0066,0.0801,0.07));
#5126=CARTESIAN_POINT('',(0.0086,0.085102,0.0375));
#5127=CARTESIAN_POINT('',(0.0086,0.0801,0.007));
#5128=CARTESIAN_POINT('',(0.0086,0.0851,0.068));
#5129=CARTESIAN_POINT('',(-7.56384202583333E-17,0.085102,0.07));
#5130=CARTESIAN_POINT('',(-0.0066,-0.0801,0.07));
#5131=CARTESIAN_POINT('',(0.0066,-0.0851,0.07));
#5132=CARTESIAN_POINT('',(0.0086,0.085102,0.0375));
#5133=CARTESIAN_POINT('',(0.0086,-0.0801,0.068));
#5134=CARTESIAN_POINT('',(0.0086,-0.0851,0.007));
#5135=CARTESIAN_POINT('',(-0.0086,0.085102,0.0375));
#5136=CARTESIAN_POINT('',(-0.0086,-0.0851,0.068));
#5137=CARTESIAN_POINT('',(-0.0086,-0.0801,0.007));
#5138=CARTESIAN_POINT('',(0.0066,0.085102,0.007));
#5139=CARTESIAN_POINT('',(-0.0066,-2.46218815945096E-18,0.007));
#5140=CARTESIAN_POINT('',(-0.00660000000000008,0.085102,0.068));
#5141=CARTESIAN_POINT('',(0.0066,0.085102,0.068));
#5142=CARTESIAN_POINT('',(-0.00660000000000008,0.085102,0.068));
#5143=CARTESIAN_POINT('',(0.0066,0.085102,0.068));
#5144=CARTESIAN_POINT('',(0.0066,0.085102,0.007));
#5145=CARTESIAN_POINT('',(-0.0066,-2.46218815945096E-18,0.007));
#5146=MECHANICAL_DESIGN_GEOMETRIC_PRESENTATION_REPRESENTATION('',(#2963),
#5147);
#5147=(
GEOMETRIC_REPRESENTATION_CONTEXT(3)
GLOBAL_UNCERTAINTY_ASSIGNED_CONTEXT((#5148))
GLOBAL_UNIT_ASSIGNED_CONTEXT((#5151,#5150,#5149))
REPRESENTATION_CONTEXT('Battery Holder','TOP_LEVEL_ASSEMBLY_PART')
);
#5148=UNCERTAINTY_MEASURE_WITH_UNIT(LENGTH_MEASURE(2.E-5),#5151,
'DISTANCE_ACCURACY_VALUE','Maximum Tolerance applied to model');
#5149=(
NAMED_UNIT(*)
SI_UNIT($,.STERADIAN.)
SOLID_ANGLE_UNIT()
);
#5150=(
NAMED_UNIT(*)
PLANE_ANGLE_UNIT()
SI_UNIT($,.RADIAN.)
);
#5151=(
LENGTH_UNIT()
NAMED_UNIT(*)
SI_UNIT($,.METRE.)
);
#5152=PRODUCT_DEFINITION_SHAPE('','',#5153);
#5153=PRODUCT_DEFINITION('','',#5155,#5154);
#5154=PRODUCT_DEFINITION_CONTEXT('',#5161,'design');
#5155=PRODUCT_DEFINITION_FORMATION_WITH_SPECIFIED_SOURCE('','',#5157,
 .NOT_KNOWN.);
#5156=PRODUCT_RELATED_PRODUCT_CATEGORY('','',(#5157));
#5157=PRODUCT('Battery Holder','Battery Holder','Battery Holder',(#5159));
#5158=PRODUCT_CATEGORY('','');
#5159=PRODUCT_CONTEXT('',#5161,'mechanical');
#5160=APPLICATION_PROTOCOL_DEFINITION('international standard',
'ap242_managed_model_based_3d_engineering',2020,#5161);
#5161=APPLICATION_CONTEXT('managed model based 3d engineering');
ENDSEC;
END-ISO-10303-21;
