ISO-10303-21;
HEADER;
/* Generated by software containing ST-Developer
 * from STEP Tools, Inc. (www.steptools.com) 
 */
/* OPTION: using custom renumber hook */

FILE_DESCRIPTION(
/* description */ ('STEP AP242 Edition 2',
'CAx-IF Rec.Pracs.---Representation and Presentation of Product Manufa
cturing Information (PMI)---4.0---2014-10-13',
'CAx-IF Rec.Pracs.---3D Tessellated Geometry---0.4---2014-09-14','2;1',
'CAx-IF Rec.Pracs.---User Defined Attributes---1.5---2016-08-15'),
/* implementation_level */ '2;1');

FILE_NAME(
/* name */ 'Vertical Backpack Assembly - Battery Holder (2)',
/* time_stamp */ '2026-06-01T00:36:09Z',
/* author */ (''),
/* organization */ (''),
/* preprocessor_version */ 'ST-DEVELOPER v20',
/* originating_system */ 'ONSHAPE BY PTC INC, 1.215',
/* authorisation */ '  ');

FILE_SCHEMA (('AP242_MANAGED_MODEL_BASED_3D_ENGINEERING_MIM_LF { 1 0 10303 442 3 1 4 }'));
ENDSEC;

DATA;
#10=SHAPE_REPRESENTATION_RELATIONSHIP('','',#3233,#11);
#11=ADVANCED_BREP_SHAPE_REPRESENTATION('',(#3231),#5663);
#12=SPHERICAL_SURFACE('',#3448,0.001);
#13=SPHERICAL_SURFACE('',#3463,0.001);
#14=SPHERICAL_SURFACE('',#3466,0.001);
#15=SPHERICAL_SURFACE('',#3481,0.001);
#16=SPHERICAL_SURFACE('',#3484,0.001);
#17=SPHERICAL_SURFACE('',#3499,0.001);
#18=SPHERICAL_SURFACE('',#3502,0.001);
#19=SPHERICAL_SURFACE('',#3517,0.001);
#20=SPHERICAL_SURFACE('',#3523,0.001);
#21=SPHERICAL_SURFACE('',#3529,0.001);
#22=SPHERICAL_SURFACE('',#3540,0.001);
#23=SPHERICAL_SURFACE('',#3543,0.001);
#24=SPHERICAL_SURFACE('',#3570,0.001);
#25=SPHERICAL_SURFACE('',#3572,0.001);
#26=SPHERICAL_SURFACE('',#3587,0.001);
#27=SPHERICAL_SURFACE('',#3589,0.001);
#28=TOROIDAL_SURFACE('',#3416,0.006,0.005);
#29=TOROIDAL_SURFACE('',#3420,0.006,0.005);
#30=TOROIDAL_SURFACE('',#3423,0.006,0.005);
#31=TOROIDAL_SURFACE('',#3427,0.006,0.005);
#32=TOROIDAL_SURFACE('',#3430,0.006,0.005);
#33=TOROIDAL_SURFACE('',#3434,0.006,0.005);
#34=TOROIDAL_SURFACE('',#3437,0.006,0.005);
#35=TOROIDAL_SURFACE('',#3441,0.006,0.005);
#36=TOROIDAL_SURFACE('',#3452,0.002,0.001);
#37=TOROIDAL_SURFACE('',#3469,0.002,0.001);
#38=TOROIDAL_SURFACE('',#3471,0.002,0.001);
#39=TOROIDAL_SURFACE('',#3483,0.002,0.001);
#40=TOROIDAL_SURFACE('',#3488,0.002,0.001);
#41=TOROIDAL_SURFACE('',#3505,0.002,0.001);
#42=TOROIDAL_SURFACE('',#3507,0.002,0.001);
#43=TOROIDAL_SURFACE('',#3519,0.002,0.001);
#44=TOROIDAL_SURFACE('',#3534,0.002,0.001);
#45=TOROIDAL_SURFACE('',#3536,0.002,0.001);
#46=TOROIDAL_SURFACE('',#3551,0.002,0.001);
#47=TOROIDAL_SURFACE('',#3553,0.002,0.001);
#48=TOROIDAL_SURFACE('',#3559,0.002,0.001);
#49=TOROIDAL_SURFACE('',#3565,0.002,0.001);
#50=TOROIDAL_SURFACE('',#3576,0.002,0.001);
#51=TOROIDAL_SURFACE('',#3579,0.002,0.001);
#52=TOROIDAL_SURFACE('',#3604,0.004,0.001);
#53=TOROIDAL_SURFACE('',#3619,0.004,0.001);
#54=CYLINDRICAL_SURFACE('',#3376,0.005);
#55=CYLINDRICAL_SURFACE('',#3377,0.005);
#56=CYLINDRICAL_SURFACE('',#3379,0.005);
#57=CYLINDRICAL_SURFACE('',#3381,0.005);
#58=CYLINDRICAL_SURFACE('',#3382,0.005);
#59=CYLINDRICAL_SURFACE('',#3384,0.005);
#60=CYLINDRICAL_SURFACE('',#3385,0.005);
#61=CYLINDRICAL_SURFACE('',#3386,0.005);
#62=CYLINDRICAL_SURFACE('',#3387,0.005);
#63=CYLINDRICAL_SURFACE('',#3388,0.005);
#64=CYLINDRICAL_SURFACE('',#3389,0.005);
#65=CYLINDRICAL_SURFACE('',#3390,0.005);
#66=CYLINDRICAL_SURFACE('',#3391,0.005);
#67=CYLINDRICAL_SURFACE('',#3392,0.005);
#68=CYLINDRICAL_SURFACE('',#3393,0.005);
#69=CYLINDRICAL_SURFACE('',#3394,0.005);
#70=CYLINDRICAL_SURFACE('',#3395,0.005);
#71=CYLINDRICAL_SURFACE('',#3396,0.001);
#72=CYLINDRICAL_SURFACE('',#3399,0.001);
#73=CYLINDRICAL_SURFACE('',#3402,0.001);
#74=CYLINDRICAL_SURFACE('',#3405,0.001);
#75=CYLINDRICAL_SURFACE('',#3408,0.00145);
#76=CYLINDRICAL_SURFACE('',#3409,0.00145);
#77=CYLINDRICAL_SURFACE('',#3410,0.00145);
#78=CYLINDRICAL_SURFACE('',#3411,0.00145);
#79=CYLINDRICAL_SURFACE('',#3412,0.005);
#80=CYLINDRICAL_SURFACE('',#3413,0.005);
#81=CYLINDRICAL_SURFACE('',#3414,0.005);
#82=CYLINDRICAL_SURFACE('',#3415,0.005);
#83=CYLINDRICAL_SURFACE('',#3418,0.005);
#84=CYLINDRICAL_SURFACE('',#3422,0.005);
#85=CYLINDRICAL_SURFACE('',#3425,0.005);
#86=CYLINDRICAL_SURFACE('',#3429,0.005);
#87=CYLINDRICAL_SURFACE('',#3432,0.005);
#88=CYLINDRICAL_SURFACE('',#3436,0.005);
#89=CYLINDRICAL_SURFACE('',#3439,0.005);
#90=CYLINDRICAL_SURFACE('',#3443,0.005);
#91=CYLINDRICAL_SURFACE('',#3455,0.001);
#92=CYLINDRICAL_SURFACE('',#3457,0.001);
#93=CYLINDRICAL_SURFACE('',#3459,0.001);
#94=CYLINDRICAL_SURFACE('',#3461,0.001);
#95=CYLINDRICAL_SURFACE('',#3473,0.001);
#96=CYLINDRICAL_SURFACE('',#3475,0.001);
#97=CYLINDRICAL_SURFACE('',#3477,0.001);
#98=CYLINDRICAL_SURFACE('',#3479,0.001);
#99=CYLINDRICAL_SURFACE('',#3491,0.001);
#100=CYLINDRICAL_SURFACE('',#3493,0.001);
#101=CYLINDRICAL_SURFACE('',#3495,0.001);
#102=CYLINDRICAL_SURFACE('',#3497,0.001);
#103=CYLINDRICAL_SURFACE('',#3509,0.001);
#104=CYLINDRICAL_SURFACE('',#3511,0.001);
#105=CYLINDRICAL_SURFACE('',#3513,0.001);
#106=CYLINDRICAL_SURFACE('',#3515,0.001);
#107=CYLINDRICAL_SURFACE('',#3520,0.001);
#108=CYLINDRICAL_SURFACE('',#3526,0.001);
#109=CYLINDRICAL_SURFACE('',#3532,0.001);
#110=CYLINDRICAL_SURFACE('',#3538,0.001);
#111=CYLINDRICAL_SURFACE('',#3546,0.001);
#112=CYLINDRICAL_SURFACE('',#3548,0.001);
#113=CYLINDRICAL_SURFACE('',#3550,0.001);
#114=CYLINDRICAL_SURFACE('',#3555,0.001);
#115=CYLINDRICAL_SURFACE('',#3556,0.001);
#116=CYLINDRICAL_SURFACE('',#3562,0.001);
#117=CYLINDRICAL_SURFACE('',#3568,0.001);
#118=CYLINDRICAL_SURFACE('',#3574,0.001);
#119=CYLINDRICAL_SURFACE('',#3582,0.001);
#120=CYLINDRICAL_SURFACE('',#3584,0.001);
#121=CYLINDRICAL_SURFACE('',#3586,0.001);
#122=CYLINDRICAL_SURFACE('',#3591,0.001);
#123=CYLINDRICAL_SURFACE('',#3594,0.00799999999999979);
#124=CYLINDRICAL_SURFACE('',#3601,0.001);
#125=CYLINDRICAL_SURFACE('',#3602,0.001);
#126=CYLINDRICAL_SURFACE('',#3606,0.001);
#127=CYLINDRICAL_SURFACE('',#3610,0.00799999999999979);
#128=CYLINDRICAL_SURFACE('',#3616,0.001);
#129=CYLINDRICAL_SURFACE('',#3617,0.001);
#130=CYLINDRICAL_SURFACE('',#3621,0.001);
#131=CYLINDRICAL_SURFACE('',#3628,0.002);
#132=CYLINDRICAL_SURFACE('',#3629,0.002);
#133=CYLINDRICAL_SURFACE('',#3630,0.002);
#134=CYLINDRICAL_SURFACE('',#3631,0.002);
#135=CYLINDRICAL_SURFACE('',#3632,0.002);
#136=CYLINDRICAL_SURFACE('',#3633,0.002);
#137=CYLINDRICAL_SURFACE('',#3634,0.002);
#138=CYLINDRICAL_SURFACE('',#3635,0.002);
#139=ELLIPSE('',#3373,0.00106778154098872,0.001);
#140=B_SPLINE_CURVE_WITH_KNOTS('',3,(#5072,#5073,#5074,#5075,#5076,#5077),
 .UNSPECIFIED.,.F.,.F.,(4,1,1,4),(0.,0.00411659677733426,0.00617489516600139,
0.00823319355466852),.UNSPECIFIED.);
#141=B_SPLINE_CURVE_WITH_KNOTS('',3,(#5081,#5082,#5083,#5084,#5085,#5086),
 .UNSPECIFIED.,.F.,.F.,(4,1,1,4),(0.,0.00411659677733426,0.00617489516600138,
0.00823319355466851),.UNSPECIFIED.);
#142=B_SPLINE_CURVE_WITH_KNOTS('',3,(#5087,#5088,#5089,#5090,#5091,#5092),
 .UNSPECIFIED.,.F.,.F.,(4,1,1,4),(0.,0.00411659677733426,0.00617489516600139,
0.00823319355466852),.UNSPECIFIED.);
#143=B_SPLINE_CURVE_WITH_KNOTS('',3,(#5096,#5097,#5098,#5099,#5100,#5101),
 .UNSPECIFIED.,.F.,.F.,(4,1,1,4),(0.,0.00411659677733426,0.00617489516600139,
0.00823319355466851),.UNSPECIFIED.);
#144=B_SPLINE_CURVE_WITH_KNOTS('',3,(#5273,#5274,#5275,#5276,#5277,#5278),
 .UNSPECIFIED.,.F.,.F.,(4,1,1,4),(0.,0.00106272578007209,0.00159408867010813,
0.00212545156014418),.UNSPECIFIED.);
#145=CIRCLE('',#3236,0.002);
#146=CIRCLE('',#3237,0.002);
#147=CIRCLE('',#3238,0.002);
#148=CIRCLE('',#3239,0.002);
#149=CIRCLE('',#3241,0.002);
#150=CIRCLE('',#3242,0.002);
#151=CIRCLE('',#3243,0.002);
#152=CIRCLE('',#3244,0.002);
#153=CIRCLE('',#3246,0.002);
#154=CIRCLE('',#3247,0.002);
#155=CIRCLE('',#3248,0.002);
#156=CIRCLE('',#3249,0.005);
#157=CIRCLE('',#3250,0.005);
#158=CIRCLE('',#3251,0.002);
#159=CIRCLE('',#3253,0.002);
#160=CIRCLE('',#3254,0.002);
#161=CIRCLE('',#3255,0.002);
#162=CIRCLE('',#3256,0.005);
#163=CIRCLE('',#3257,0.005);
#164=CIRCLE('',#3258,0.002);
#165=CIRCLE('',#3260,0.00799999999999979);
#166=CIRCLE('',#3263,0.005);
#167=CIRCLE('',#3264,0.005);
#168=CIRCLE('',#3265,0.005);
#169=CIRCLE('',#3266,0.005);
#170=CIRCLE('',#3267,0.00799999999999979);
#171=CIRCLE('',#3268,0.00799999999999979);
#172=CIRCLE('',#3269,0.005);
#173=CIRCLE('',#3270,0.005);
#174=CIRCLE('',#3273,0.002);
#175=CIRCLE('',#3274,0.002);
#176=CIRCLE('',#3275,0.002);
#177=CIRCLE('',#3276,0.002);
#178=CIRCLE('',#3277,0.002);
#179=CIRCLE('',#3278,0.002);
#180=CIRCLE('',#3279,0.002);
#181=CIRCLE('',#3280,0.002);
#182=CIRCLE('',#3281,0.005);
#183=CIRCLE('',#3282,0.005);
#184=CIRCLE('',#3283,0.005);
#185=CIRCLE('',#3284,0.005);
#186=CIRCLE('',#3285,0.005);
#187=CIRCLE('',#3286,0.005);
#188=CIRCLE('',#3287,0.005);
#189=CIRCLE('',#3288,0.002);
#190=CIRCLE('',#3289,0.002);
#191=CIRCLE('',#3290,0.002);
#192=CIRCLE('',#3291,0.002);
#193=CIRCLE('',#3292,0.002);
#194=CIRCLE('',#3293,0.002);
#195=CIRCLE('',#3294,0.002);
#196=CIRCLE('',#3295,0.002);
#197=CIRCLE('',#3297,0.00799999999999979);
#198=CIRCLE('',#3299,0.006);
#199=CIRCLE('',#3300,0.006);
#200=CIRCLE('',#3301,0.006);
#201=CIRCLE('',#3302,0.006);
#202=CIRCLE('',#3303,0.005);
#203=CIRCLE('',#3304,0.005);
#204=CIRCLE('',#3305,0.005);
#205=CIRCLE('',#3306,0.005);
#206=CIRCLE('',#3307,0.005);
#207=CIRCLE('',#3308,0.005);
#208=CIRCLE('',#3310,0.006);
#209=CIRCLE('',#3311,0.006);
#210=CIRCLE('',#3312,0.006);
#211=CIRCLE('',#3313,0.006);
#212=CIRCLE('',#3314,0.005);
#213=CIRCLE('',#3315,0.005);
#214=CIRCLE('',#3316,0.005);
#215=CIRCLE('',#3317,0.005);
#216=CIRCLE('',#3318,0.005);
#217=CIRCLE('',#3319,0.005);
#218=CIRCLE('',#3320,0.005);
#219=CIRCLE('',#3322,0.005);
#220=CIRCLE('',#3323,0.005);
#221=CIRCLE('',#3324,0.005);
#222=CIRCLE('',#3325,0.005);
#223=CIRCLE('',#3328,0.00145);
#224=CIRCLE('',#3329,0.00145);
#225=CIRCLE('',#3330,0.00145);
#226=CIRCLE('',#3331,0.00145);
#227=CIRCLE('',#3332,0.001);
#228=CIRCLE('',#3333,0.001);
#229=CIRCLE('',#3334,0.001);
#230=CIRCLE('',#3335,0.001);
#231=CIRCLE('',#3336,0.001);
#232=CIRCLE('',#3337,0.001);
#233=CIRCLE('',#3338,0.005);
#234=CIRCLE('',#3339,0.005);
#235=CIRCLE('',#3340,0.005);
#236=CIRCLE('',#3341,0.005);
#237=CIRCLE('',#3346,0.00145);
#238=CIRCLE('',#3347,0.00145);
#239=CIRCLE('',#3348,0.005);
#240=CIRCLE('',#3349,0.005);
#241=CIRCLE('',#3350,0.005);
#242=CIRCLE('',#3351,0.005);
#243=CIRCLE('',#3354,0.00145);
#244=CIRCLE('',#3355,0.00145);
#245=CIRCLE('',#3356,0.005);
#246=CIRCLE('',#3357,0.005);
#247=CIRCLE('',#3358,0.005);
#248=CIRCLE('',#3359,0.005);
#249=CIRCLE('',#3378,0.005);
#250=CIRCLE('',#3380,0.005);
#251=CIRCLE('',#3383,0.005);
#252=CIRCLE('',#3397,0.001);
#253=CIRCLE('',#3398,0.001);
#254=CIRCLE('',#3400,0.001);
#255=CIRCLE('',#3401,0.001);
#256=CIRCLE('',#3403,0.001);
#257=CIRCLE('',#3404,0.001);
#258=CIRCLE('',#3406,0.001);
#259=CIRCLE('',#3407,0.001);
#260=CIRCLE('',#3417,0.005);
#261=CIRCLE('',#3419,0.005);
#262=CIRCLE('',#3421,0.005);
#263=CIRCLE('',#3424,0.005);
#264=CIRCLE('',#3426,0.005);
#265=CIRCLE('',#3428,0.005);
#266=CIRCLE('',#3431,0.005);
#267=CIRCLE('',#3433,0.005);
#268=CIRCLE('',#3435,0.005);
#269=CIRCLE('',#3438,0.005);
#270=CIRCLE('',#3440,0.005);
#271=CIRCLE('',#3442,0.005);
#272=CIRCLE('',#3449,0.001);
#273=CIRCLE('',#3450,0.001);
#274=CIRCLE('',#3451,0.001);
#275=CIRCLE('',#3453,0.001);
#276=CIRCLE('',#3454,0.001);
#277=CIRCLE('',#3456,0.001);
#278=CIRCLE('',#3458,0.001);
#279=CIRCLE('',#3460,0.001);
#280=CIRCLE('',#3462,0.001);
#281=CIRCLE('',#3464,0.001);
#282=CIRCLE('',#3465,0.001);
#283=CIRCLE('',#3467,0.001);
#284=CIRCLE('',#3468,0.001);
#285=CIRCLE('',#3470,0.001);
#286=CIRCLE('',#3472,0.001);
#287=CIRCLE('',#3474,0.001);
#288=CIRCLE('',#3476,0.001);
#289=CIRCLE('',#3478,0.001);
#290=CIRCLE('',#3480,0.001);
#291=CIRCLE('',#3482,0.001);
#292=CIRCLE('',#3485,0.001);
#293=CIRCLE('',#3486,0.001);
#294=CIRCLE('',#3487,0.001);
#295=CIRCLE('',#3489,0.001);
#296=CIRCLE('',#3490,0.001);
#297=CIRCLE('',#3492,0.001);
#298=CIRCLE('',#3494,0.001);
#299=CIRCLE('',#3496,0.001);
#300=CIRCLE('',#3498,0.001);
#301=CIRCLE('',#3500,0.001);
#302=CIRCLE('',#3501,0.001);
#303=CIRCLE('',#3503,0.001);
#304=CIRCLE('',#3504,0.001);
#305=CIRCLE('',#3506,0.001);
#306=CIRCLE('',#3508,0.001);
#307=CIRCLE('',#3510,0.001);
#308=CIRCLE('',#3512,0.001);
#309=CIRCLE('',#3514,0.001);
#310=CIRCLE('',#3516,0.001);
#311=CIRCLE('',#3518,0.001);
#312=CIRCLE('',#3521,0.001);
#313=CIRCLE('',#3522,0.001);
#314=CIRCLE('',#3524,0.001);
#315=CIRCLE('',#3525,0.001);
#316=CIRCLE('',#3527,0.001);
#317=CIRCLE('',#3528,0.001);
#318=CIRCLE('',#3530,0.001);
#319=CIRCLE('',#3531,0.001);
#320=CIRCLE('',#3533,0.001);
#321=CIRCLE('',#3535,0.001);
#322=CIRCLE('',#3537,0.001);
#323=CIRCLE('',#3539,0.001);
#324=CIRCLE('',#3541,0.001);
#325=CIRCLE('',#3542,0.001);
#326=CIRCLE('',#3544,0.001);
#327=CIRCLE('',#3545,0.001);
#328=CIRCLE('',#3547,0.001);
#329=CIRCLE('',#3549,0.001);
#330=CIRCLE('',#3552,0.001);
#331=CIRCLE('',#3554,0.001);
#332=CIRCLE('',#3557,0.001);
#333=CIRCLE('',#3558,0.001);
#334=CIRCLE('',#3560,0.001);
#335=CIRCLE('',#3561,0.001);
#336=CIRCLE('',#3563,0.001);
#337=CIRCLE('',#3564,0.001);
#338=CIRCLE('',#3566,0.001);
#339=CIRCLE('',#3567,0.001);
#340=CIRCLE('',#3569,0.001);
#341=CIRCLE('',#3571,0.001);
#342=CIRCLE('',#3573,0.001);
#343=CIRCLE('',#3575,0.001);
#344=CIRCLE('',#3577,0.001);
#345=CIRCLE('',#3578,0.001);
#346=CIRCLE('',#3580,0.001);
#347=CIRCLE('',#3581,0.001);
#348=CIRCLE('',#3583,0.001);
#349=CIRCLE('',#3585,0.001);
#350=CIRCLE('',#3588,0.001);
#351=CIRCLE('',#3590,0.001);
#352=CIRCLE('',#3595,0.00799999999999979);
#353=CIRCLE('',#3598,0.004);
#354=CIRCLE('',#3600,0.003);
#355=CIRCLE('',#3603,0.001);
#356=CIRCLE('',#3605,0.001);
#357=CIRCLE('',#3611,0.00799999999999979);
#358=CIRCLE('',#3613,0.004);
#359=CIRCLE('',#3615,0.003);
#360=CIRCLE('',#3618,0.001);
#361=CIRCLE('',#3620,0.001);
#362=ORIENTED_EDGE('',*,*,#1304,.T.);
#363=ORIENTED_EDGE('',*,*,#1305,.T.);
#364=ORIENTED_EDGE('',*,*,#1306,.F.);
#365=ORIENTED_EDGE('',*,*,#1307,.T.);
#366=ORIENTED_EDGE('',*,*,#1308,.T.);
#367=ORIENTED_EDGE('',*,*,#1309,.T.);
#368=ORIENTED_EDGE('',*,*,#1310,.T.);
#369=ORIENTED_EDGE('',*,*,#1311,.T.);
#370=ORIENTED_EDGE('',*,*,#1312,.T.);
#371=ORIENTED_EDGE('',*,*,#1313,.T.);
#372=ORIENTED_EDGE('',*,*,#1314,.T.);
#373=ORIENTED_EDGE('',*,*,#1315,.T.);
#374=ORIENTED_EDGE('',*,*,#1316,.T.);
#375=ORIENTED_EDGE('',*,*,#1317,.T.);
#376=ORIENTED_EDGE('',*,*,#1318,.F.);
#377=ORIENTED_EDGE('',*,*,#1319,.T.);
#378=ORIENTED_EDGE('',*,*,#1320,.T.);
#379=ORIENTED_EDGE('',*,*,#1321,.T.);
#380=ORIENTED_EDGE('',*,*,#1322,.T.);
#381=ORIENTED_EDGE('',*,*,#1323,.T.);
#382=ORIENTED_EDGE('',*,*,#1324,.T.);
#383=ORIENTED_EDGE('',*,*,#1325,.T.);
#384=ORIENTED_EDGE('',*,*,#1326,.T.);
#385=ORIENTED_EDGE('',*,*,#1327,.T.);
#386=ORIENTED_EDGE('',*,*,#1328,.F.);
#387=ORIENTED_EDGE('',*,*,#1329,.T.);
#388=ORIENTED_EDGE('',*,*,#1330,.F.);
#389=ORIENTED_EDGE('',*,*,#1331,.T.);
#390=ORIENTED_EDGE('',*,*,#1332,.F.);
#391=ORIENTED_EDGE('',*,*,#1333,.T.);
#392=ORIENTED_EDGE('',*,*,#1334,.F.);
#393=ORIENTED_EDGE('',*,*,#1335,.T.);
#394=ORIENTED_EDGE('',*,*,#1336,.F.);
#395=ORIENTED_EDGE('',*,*,#1337,.F.);
#396=ORIENTED_EDGE('',*,*,#1338,.T.);
#397=ORIENTED_EDGE('',*,*,#1339,.T.);
#398=ORIENTED_EDGE('',*,*,#1340,.F.);
#399=ORIENTED_EDGE('',*,*,#1341,.T.);
#400=ORIENTED_EDGE('',*,*,#1342,.T.);
#401=ORIENTED_EDGE('',*,*,#1343,.T.);
#402=ORIENTED_EDGE('',*,*,#1344,.T.);
#403=ORIENTED_EDGE('',*,*,#1345,.T.);
#404=ORIENTED_EDGE('',*,*,#1346,.T.);
#405=ORIENTED_EDGE('',*,*,#1347,.T.);
#406=ORIENTED_EDGE('',*,*,#1348,.F.);
#407=ORIENTED_EDGE('',*,*,#1349,.T.);
#408=ORIENTED_EDGE('',*,*,#1350,.F.);
#409=ORIENTED_EDGE('',*,*,#1351,.T.);
#410=ORIENTED_EDGE('',*,*,#1352,.T.);
#411=ORIENTED_EDGE('',*,*,#1353,.T.);
#412=ORIENTED_EDGE('',*,*,#1354,.F.);
#413=ORIENTED_EDGE('',*,*,#1355,.T.);
#414=ORIENTED_EDGE('',*,*,#1356,.F.);
#415=ORIENTED_EDGE('',*,*,#1357,.T.);
#416=ORIENTED_EDGE('',*,*,#1358,.T.);
#417=ORIENTED_EDGE('',*,*,#1359,.T.);
#418=ORIENTED_EDGE('',*,*,#1360,.T.);
#419=ORIENTED_EDGE('',*,*,#1361,.T.);
#420=ORIENTED_EDGE('',*,*,#1362,.T.);
#421=ORIENTED_EDGE('',*,*,#1363,.T.);
#422=ORIENTED_EDGE('',*,*,#1364,.T.);
#423=ORIENTED_EDGE('',*,*,#1365,.T.);
#424=ORIENTED_EDGE('',*,*,#1366,.T.);
#425=ORIENTED_EDGE('',*,*,#1367,.T.);
#426=ORIENTED_EDGE('',*,*,#1368,.F.);
#427=ORIENTED_EDGE('',*,*,#1369,.T.);
#428=ORIENTED_EDGE('',*,*,#1370,.F.);
#429=ORIENTED_EDGE('',*,*,#1371,.T.);
#430=ORIENTED_EDGE('',*,*,#1372,.F.);
#431=ORIENTED_EDGE('',*,*,#1373,.T.);
#432=ORIENTED_EDGE('',*,*,#1374,.F.);
#433=ORIENTED_EDGE('',*,*,#1375,.F.);
#434=ORIENTED_EDGE('',*,*,#1376,.T.);
#435=ORIENTED_EDGE('',*,*,#1377,.T.);
#436=ORIENTED_EDGE('',*,*,#1378,.F.);
#437=ORIENTED_EDGE('',*,*,#1379,.T.);
#438=ORIENTED_EDGE('',*,*,#1380,.T.);
#439=ORIENTED_EDGE('',*,*,#1381,.T.);
#440=ORIENTED_EDGE('',*,*,#1382,.F.);
#441=ORIENTED_EDGE('',*,*,#1383,.F.);
#442=ORIENTED_EDGE('',*,*,#1384,.T.);
#443=ORIENTED_EDGE('',*,*,#1385,.T.);
#444=ORIENTED_EDGE('',*,*,#1386,.F.);
#445=ORIENTED_EDGE('',*,*,#1387,.T.);
#446=ORIENTED_EDGE('',*,*,#1388,.F.);
#447=ORIENTED_EDGE('',*,*,#1389,.T.);
#448=ORIENTED_EDGE('',*,*,#1390,.F.);
#449=ORIENTED_EDGE('',*,*,#1391,.T.);
#450=ORIENTED_EDGE('',*,*,#1392,.F.);
#451=ORIENTED_EDGE('',*,*,#1393,.T.);
#452=ORIENTED_EDGE('',*,*,#1394,.F.);
#453=ORIENTED_EDGE('',*,*,#1395,.T.);
#454=ORIENTED_EDGE('',*,*,#1396,.F.);
#455=ORIENTED_EDGE('',*,*,#1397,.T.);
#456=ORIENTED_EDGE('',*,*,#1398,.F.);
#457=ORIENTED_EDGE('',*,*,#1399,.T.);
#458=ORIENTED_EDGE('',*,*,#1400,.F.);
#459=ORIENTED_EDGE('',*,*,#1401,.T.);
#460=ORIENTED_EDGE('',*,*,#1402,.F.);
#461=ORIENTED_EDGE('',*,*,#1403,.T.);
#462=ORIENTED_EDGE('',*,*,#1404,.T.);
#463=ORIENTED_EDGE('',*,*,#1405,.T.);
#464=ORIENTED_EDGE('',*,*,#1406,.F.);
#465=ORIENTED_EDGE('',*,*,#1407,.T.);
#466=ORIENTED_EDGE('',*,*,#1408,.F.);
#467=ORIENTED_EDGE('',*,*,#1409,.T.);
#468=ORIENTED_EDGE('',*,*,#1410,.F.);
#469=ORIENTED_EDGE('',*,*,#1411,.T.);
#470=ORIENTED_EDGE('',*,*,#1412,.T.);
#471=ORIENTED_EDGE('',*,*,#1413,.T.);
#472=ORIENTED_EDGE('',*,*,#1414,.T.);
#473=ORIENTED_EDGE('',*,*,#1415,.T.);
#474=ORIENTED_EDGE('',*,*,#1416,.F.);
#475=ORIENTED_EDGE('',*,*,#1417,.T.);
#476=ORIENTED_EDGE('',*,*,#1418,.F.);
#477=ORIENTED_EDGE('',*,*,#1419,.T.);
#478=ORIENTED_EDGE('',*,*,#1420,.T.);
#479=ORIENTED_EDGE('',*,*,#1421,.T.);
#480=ORIENTED_EDGE('',*,*,#1422,.T.);
#481=ORIENTED_EDGE('',*,*,#1423,.T.);
#482=ORIENTED_EDGE('',*,*,#1424,.F.);
#483=ORIENTED_EDGE('',*,*,#1425,.T.);
#484=ORIENTED_EDGE('',*,*,#1426,.F.);
#485=ORIENTED_EDGE('',*,*,#1427,.T.);
#486=ORIENTED_EDGE('',*,*,#1428,.F.);
#487=ORIENTED_EDGE('',*,*,#1429,.T.);
#488=ORIENTED_EDGE('',*,*,#1430,.F.);
#489=ORIENTED_EDGE('',*,*,#1431,.T.);
#490=ORIENTED_EDGE('',*,*,#1432,.F.);
#491=ORIENTED_EDGE('',*,*,#1433,.T.);
#492=ORIENTED_EDGE('',*,*,#1434,.F.);
#493=ORIENTED_EDGE('',*,*,#1435,.T.);
#494=ORIENTED_EDGE('',*,*,#1436,.F.);
#495=ORIENTED_EDGE('',*,*,#1437,.T.);
#496=ORIENTED_EDGE('',*,*,#1438,.F.);
#497=ORIENTED_EDGE('',*,*,#1439,.T.);
#498=ORIENTED_EDGE('',*,*,#1440,.F.);
#499=ORIENTED_EDGE('',*,*,#1441,.F.);
#500=ORIENTED_EDGE('',*,*,#1442,.T.);
#501=ORIENTED_EDGE('',*,*,#1336,.T.);
#502=ORIENTED_EDGE('',*,*,#1443,.T.);
#503=ORIENTED_EDGE('',*,*,#1444,.T.);
#504=ORIENTED_EDGE('',*,*,#1445,.T.);
#505=ORIENTED_EDGE('',*,*,#1446,.T.);
#506=ORIENTED_EDGE('',*,*,#1447,.T.);
#507=ORIENTED_EDGE('',*,*,#1448,.T.);
#508=ORIENTED_EDGE('',*,*,#1449,.T.);
#509=ORIENTED_EDGE('',*,*,#1450,.T.);
#510=ORIENTED_EDGE('',*,*,#1451,.T.);
#511=ORIENTED_EDGE('',*,*,#1352,.F.);
#512=ORIENTED_EDGE('',*,*,#1452,.F.);
#513=ORIENTED_EDGE('',*,*,#1453,.F.);
#514=ORIENTED_EDGE('',*,*,#1454,.T.);
#515=ORIENTED_EDGE('',*,*,#1455,.T.);
#516=ORIENTED_EDGE('',*,*,#1456,.T.);
#517=ORIENTED_EDGE('',*,*,#1457,.T.);
#518=ORIENTED_EDGE('',*,*,#1458,.T.);
#519=ORIENTED_EDGE('',*,*,#1459,.F.);
#520=ORIENTED_EDGE('',*,*,#1460,.T.);
#521=ORIENTED_EDGE('',*,*,#1461,.F.);
#522=ORIENTED_EDGE('',*,*,#1462,.T.);
#523=ORIENTED_EDGE('',*,*,#1463,.T.);
#524=ORIENTED_EDGE('',*,*,#1464,.T.);
#525=ORIENTED_EDGE('',*,*,#1465,.T.);
#526=ORIENTED_EDGE('',*,*,#1466,.T.);
#527=ORIENTED_EDGE('',*,*,#1467,.T.);
#528=ORIENTED_EDGE('',*,*,#1338,.F.);
#529=ORIENTED_EDGE('',*,*,#1468,.T.);
#530=ORIENTED_EDGE('',*,*,#1350,.T.);
#531=ORIENTED_EDGE('',*,*,#1469,.T.);
#532=ORIENTED_EDGE('',*,*,#1470,.T.);
#533=ORIENTED_EDGE('',*,*,#1471,.T.);
#534=ORIENTED_EDGE('',*,*,#1472,.T.);
#535=ORIENTED_EDGE('',*,*,#1473,.F.);
#536=ORIENTED_EDGE('',*,*,#1474,.T.);
#537=ORIENTED_EDGE('',*,*,#1475,.T.);
#538=ORIENTED_EDGE('',*,*,#1476,.F.);
#539=ORIENTED_EDGE('',*,*,#1477,.T.);
#540=ORIENTED_EDGE('',*,*,#1478,.F.);
#541=ORIENTED_EDGE('',*,*,#1479,.T.);
#542=ORIENTED_EDGE('',*,*,#1480,.T.);
#543=ORIENTED_EDGE('',*,*,#1481,.T.);
#544=ORIENTED_EDGE('',*,*,#1482,.T.);
#545=ORIENTED_EDGE('',*,*,#1483,.T.);
#546=ORIENTED_EDGE('',*,*,#1484,.F.);
#547=ORIENTED_EDGE('',*,*,#1485,.T.);
#548=ORIENTED_EDGE('',*,*,#1486,.T.);
#549=ORIENTED_EDGE('',*,*,#1487,.T.);
#550=ORIENTED_EDGE('',*,*,#1488,.F.);
#551=ORIENTED_EDGE('',*,*,#1489,.T.);
#552=ORIENTED_EDGE('',*,*,#1318,.T.);
#553=ORIENTED_EDGE('',*,*,#1490,.T.);
#554=ORIENTED_EDGE('',*,*,#1441,.T.);
#555=ORIENTED_EDGE('',*,*,#1374,.T.);
#556=ORIENTED_EDGE('',*,*,#1356,.T.);
#557=ORIENTED_EDGE('',*,*,#1491,.T.);
#558=ORIENTED_EDGE('',*,*,#1304,.F.);
#559=ORIENTED_EDGE('',*,*,#1492,.T.);
#560=ORIENTED_EDGE('',*,*,#1422,.F.);
#561=ORIENTED_EDGE('',*,*,#1493,.T.);
#562=ORIENTED_EDGE('',*,*,#1447,.F.);
#563=ORIENTED_EDGE('',*,*,#1494,.T.);
#564=ORIENTED_EDGE('',*,*,#1495,.T.);
#565=ORIENTED_EDGE('',*,*,#1496,.T.);
#566=ORIENTED_EDGE('',*,*,#1473,.T.);
#567=ORIENTED_EDGE('',*,*,#1497,.T.);
#568=ORIENTED_EDGE('',*,*,#1498,.T.);
#569=ORIENTED_EDGE('',*,*,#1499,.T.);
#570=ORIENTED_EDGE('',*,*,#1500,.T.);
#571=ORIENTED_EDGE('',*,*,#1348,.T.);
#572=ORIENTED_EDGE('',*,*,#1501,.T.);
#573=ORIENTED_EDGE('',*,*,#1308,.F.);
#574=ORIENTED_EDGE('',*,*,#1502,.T.);
#575=ORIENTED_EDGE('',*,*,#1354,.T.);
#576=ORIENTED_EDGE('',*,*,#1503,.T.);
#577=ORIENTED_EDGE('',*,*,#1504,.T.);
#578=ORIENTED_EDGE('',*,*,#1505,.F.);
#579=ORIENTED_EDGE('',*,*,#1506,.F.);
#580=ORIENTED_EDGE('',*,*,#1507,.F.);
#581=ORIENTED_EDGE('',*,*,#1508,.F.);
#582=ORIENTED_EDGE('',*,*,#1509,.T.);
#583=ORIENTED_EDGE('',*,*,#1510,.T.);
#584=ORIENTED_EDGE('',*,*,#1511,.T.);
#585=ORIENTED_EDGE('',*,*,#1512,.T.);
#586=ORIENTED_EDGE('',*,*,#1513,.T.);
#587=ORIENTED_EDGE('',*,*,#1514,.T.);
#588=ORIENTED_EDGE('',*,*,#1515,.T.);
#589=ORIENTED_EDGE('',*,*,#1363,.F.);
#590=ORIENTED_EDGE('',*,*,#1516,.T.);
#591=ORIENTED_EDGE('',*,*,#1517,.F.);
#592=ORIENTED_EDGE('',*,*,#1518,.F.);
#593=ORIENTED_EDGE('',*,*,#1519,.T.);
#594=ORIENTED_EDGE('',*,*,#1520,.F.);
#595=ORIENTED_EDGE('',*,*,#1521,.T.);
#596=ORIENTED_EDGE('',*,*,#1522,.F.);
#597=ORIENTED_EDGE('',*,*,#1523,.T.);
#598=ORIENTED_EDGE('',*,*,#1385,.F.);
#599=ORIENTED_EDGE('',*,*,#1524,.T.);
#600=ORIENTED_EDGE('',*,*,#1525,.F.);
#601=ORIENTED_EDGE('',*,*,#1526,.T.);
#602=ORIENTED_EDGE('',*,*,#1418,.T.);
#603=ORIENTED_EDGE('',*,*,#1527,.T.);
#604=ORIENTED_EDGE('',*,*,#1528,.T.);
#605=ORIENTED_EDGE('',*,*,#1529,.T.);
#606=ORIENTED_EDGE('',*,*,#1361,.F.);
#607=ORIENTED_EDGE('',*,*,#1530,.F.);
#608=ORIENTED_EDGE('',*,*,#1337,.T.);
#609=ORIENTED_EDGE('',*,*,#1452,.T.);
#610=ORIENTED_EDGE('',*,*,#1351,.F.);
#611=ORIENTED_EDGE('',*,*,#1468,.F.);
#612=ORIENTED_EDGE('',*,*,#1326,.F.);
#613=ORIENTED_EDGE('',*,*,#1531,.T.);
#614=ORIENTED_EDGE('',*,*,#1340,.T.);
#615=ORIENTED_EDGE('',*,*,#1532,.T.);
#616=ORIENTED_EDGE('',*,*,#1533,.T.);
#617=ORIENTED_EDGE('',*,*,#1534,.T.);
#618=ORIENTED_EDGE('',*,*,#1334,.T.);
#619=ORIENTED_EDGE('',*,*,#1535,.T.);
#620=ORIENTED_EDGE('',*,*,#1536,.T.);
#621=ORIENTED_EDGE('',*,*,#1537,.T.);
#622=ORIENTED_EDGE('',*,*,#1538,.T.);
#623=ORIENTED_EDGE('',*,*,#1539,.T.);
#624=ORIENTED_EDGE('',*,*,#1540,.T.);
#625=ORIENTED_EDGE('',*,*,#1541,.T.);
#626=ORIENTED_EDGE('',*,*,#1542,.T.);
#627=ORIENTED_EDGE('',*,*,#1543,.T.);
#628=ORIENTED_EDGE('',*,*,#1544,.T.);
#629=ORIENTED_EDGE('',*,*,#1545,.T.);
#630=ORIENTED_EDGE('',*,*,#1420,.F.);
#631=ORIENTED_EDGE('',*,*,#1546,.T.);
#632=ORIENTED_EDGE('',*,*,#1547,.T.);
#633=ORIENTED_EDGE('',*,*,#1548,.T.);
#634=ORIENTED_EDGE('',*,*,#1383,.T.);
#635=ORIENTED_EDGE('',*,*,#1549,.T.);
#636=ORIENTED_EDGE('',*,*,#1316,.F.);
#637=ORIENTED_EDGE('',*,*,#1550,.T.);
#638=ORIENTED_EDGE('',*,*,#1547,.F.);
#639=ORIENTED_EDGE('',*,*,#1551,.T.);
#640=ORIENTED_EDGE('',*,*,#1525,.T.);
#641=ORIENTED_EDGE('',*,*,#1552,.T.);
#642=ORIENTED_EDGE('',*,*,#1553,.T.);
#643=ORIENTED_EDGE('',*,*,#1554,.T.);
#644=ORIENTED_EDGE('',*,*,#1359,.F.);
#645=ORIENTED_EDGE('',*,*,#1555,.T.);
#646=ORIENTED_EDGE('',*,*,#1556,.F.);
#647=ORIENTED_EDGE('',*,*,#1557,.T.);
#648=ORIENTED_EDGE('',*,*,#1416,.T.);
#649=ORIENTED_EDGE('',*,*,#1558,.T.);
#650=ORIENTED_EDGE('',*,*,#1306,.T.);
#651=ORIENTED_EDGE('',*,*,#1559,.T.);
#652=ORIENTED_EDGE('',*,*,#1556,.T.);
#653=ORIENTED_EDGE('',*,*,#1560,.T.);
#654=ORIENTED_EDGE('',*,*,#1528,.F.);
#655=ORIENTED_EDGE('',*,*,#1561,.T.);
#656=ORIENTED_EDGE('',*,*,#1412,.F.);
#657=ORIENTED_EDGE('',*,*,#1562,.T.);
#658=ORIENTED_EDGE('',*,*,#1482,.F.);
#659=ORIENTED_EDGE('',*,*,#1563,.T.);
#660=ORIENTED_EDGE('',*,*,#1414,.F.);
#661=ORIENTED_EDGE('',*,*,#1564,.T.);
#662=ORIENTED_EDGE('',*,*,#1480,.F.);
#663=ORIENTED_EDGE('',*,*,#1565,.T.);
#664=ORIENTED_EDGE('',*,*,#1478,.T.);
#665=ORIENTED_EDGE('',*,*,#1566,.T.);
#666=ORIENTED_EDGE('',*,*,#1408,.T.);
#667=ORIENTED_EDGE('',*,*,#1567,.T.);
#668=ORIENTED_EDGE('',*,*,#1476,.T.);
#669=ORIENTED_EDGE('',*,*,#1568,.T.);
#670=ORIENTED_EDGE('',*,*,#1410,.T.);
#671=ORIENTED_EDGE('',*,*,#1569,.T.);
#672=ORIENTED_EDGE('',*,*,#1406,.T.);
#673=ORIENTED_EDGE('',*,*,#1570,.T.);
#674=ORIENTED_EDGE('',*,*,#1484,.T.);
#675=ORIENTED_EDGE('',*,*,#1571,.T.);
#676=ORIENTED_EDGE('',*,*,#1488,.T.);
#677=ORIENTED_EDGE('',*,*,#1572,.T.);
#678=ORIENTED_EDGE('',*,*,#1402,.T.);
#679=ORIENTED_EDGE('',*,*,#1573,.T.);
#680=ORIENTED_EDGE('',*,*,#1486,.F.);
#681=ORIENTED_EDGE('',*,*,#1574,.T.);
#682=ORIENTED_EDGE('',*,*,#1404,.F.);
#683=ORIENTED_EDGE('',*,*,#1575,.T.);
#684=ORIENTED_EDGE('',*,*,#1457,.F.);
#685=ORIENTED_EDGE('',*,*,#1576,.T.);
#686=ORIENTED_EDGE('',*,*,#1368,.T.);
#687=ORIENTED_EDGE('',*,*,#1577,.T.);
#688=ORIENTED_EDGE('',*,*,#1370,.T.);
#689=ORIENTED_EDGE('',*,*,#1578,.T.);
#690=ORIENTED_EDGE('',*,*,#1455,.F.);
#691=ORIENTED_EDGE('',*,*,#1579,.T.);
#692=ORIENTED_EDGE('',*,*,#1453,.T.);
#693=ORIENTED_EDGE('',*,*,#1580,.T.);
#694=ORIENTED_EDGE('',*,*,#1581,.F.);
#695=ORIENTED_EDGE('',*,*,#1582,.T.);
#696=ORIENTED_EDGE('',*,*,#1366,.F.);
#697=ORIENTED_EDGE('',*,*,#1583,.T.);
#698=ORIENTED_EDGE('',*,*,#1459,.T.);
#699=ORIENTED_EDGE('',*,*,#1584,.T.);
#700=ORIENTED_EDGE('',*,*,#1380,.F.);
#701=ORIENTED_EDGE('',*,*,#1585,.T.);
#702=ORIENTED_EDGE('',*,*,#1461,.T.);
#703=ORIENTED_EDGE('',*,*,#1586,.F.);
#704=ORIENTED_EDGE('',*,*,#1587,.F.);
#705=ORIENTED_EDGE('',*,*,#1588,.F.);
#706=ORIENTED_EDGE('',*,*,#1589,.T.);
#707=ORIENTED_EDGE('',*,*,#1465,.F.);
#708=ORIENTED_EDGE('',*,*,#1590,.T.);
#709=ORIENTED_EDGE('',*,*,#1591,.T.);
#710=ORIENTED_EDGE('',*,*,#1586,.T.);
#711=ORIENTED_EDGE('',*,*,#1463,.F.);
#712=ORIENTED_EDGE('',*,*,#1592,.T.);
#713=ORIENTED_EDGE('',*,*,#1378,.T.);
#714=ORIENTED_EDGE('',*,*,#1593,.T.);
#715=ORIENTED_EDGE('',*,*,#1379,.F.);
#716=ORIENTED_EDGE('',*,*,#1592,.F.);
#717=ORIENTED_EDGE('',*,*,#1462,.F.);
#718=ORIENTED_EDGE('',*,*,#1585,.F.);
#719=ORIENTED_EDGE('',*,*,#1594,.F.);
#720=ORIENTED_EDGE('',*,*,#1590,.F.);
#721=ORIENTED_EDGE('',*,*,#1464,.F.);
#722=ORIENTED_EDGE('',*,*,#1593,.F.);
#723=ORIENTED_EDGE('',*,*,#1377,.F.);
#724=ORIENTED_EDGE('',*,*,#1595,.F.);
#725=ORIENTED_EDGE('',*,*,#1580,.F.);
#726=ORIENTED_EDGE('',*,*,#1460,.F.);
#727=ORIENTED_EDGE('',*,*,#1583,.F.);
#728=ORIENTED_EDGE('',*,*,#1365,.F.);
#729=ORIENTED_EDGE('',*,*,#1596,.T.);
#730=ORIENTED_EDGE('',*,*,#1597,.F.);
#731=ORIENTED_EDGE('',*,*,#1369,.F.);
#732=ORIENTED_EDGE('',*,*,#1576,.F.);
#733=ORIENTED_EDGE('',*,*,#1456,.F.);
#734=ORIENTED_EDGE('',*,*,#1578,.F.);
#735=ORIENTED_EDGE('',*,*,#1371,.F.);
#736=ORIENTED_EDGE('',*,*,#1579,.F.);
#737=ORIENTED_EDGE('',*,*,#1454,.F.);
#738=ORIENTED_EDGE('',*,*,#1582,.F.);
#739=ORIENTED_EDGE('',*,*,#1598,.F.);
#740=ORIENTED_EDGE('',*,*,#1367,.F.);
#741=ORIENTED_EDGE('',*,*,#1584,.F.);
#742=ORIENTED_EDGE('',*,*,#1458,.F.);
#743=ORIENTED_EDGE('',*,*,#1577,.F.);
#744=ORIENTED_EDGE('',*,*,#1483,.F.);
#745=ORIENTED_EDGE('',*,*,#1562,.F.);
#746=ORIENTED_EDGE('',*,*,#1411,.F.);
#747=ORIENTED_EDGE('',*,*,#1568,.F.);
#748=ORIENTED_EDGE('',*,*,#1481,.F.);
#749=ORIENTED_EDGE('',*,*,#1564,.F.);
#750=ORIENTED_EDGE('',*,*,#1413,.F.);
#751=ORIENTED_EDGE('',*,*,#1563,.F.);
#752=ORIENTED_EDGE('',*,*,#1477,.F.);
#753=ORIENTED_EDGE('',*,*,#1569,.F.);
#754=ORIENTED_EDGE('',*,*,#1409,.F.);
#755=ORIENTED_EDGE('',*,*,#1566,.F.);
#756=ORIENTED_EDGE('',*,*,#1479,.F.);
#757=ORIENTED_EDGE('',*,*,#1567,.F.);
#758=ORIENTED_EDGE('',*,*,#1415,.F.);
#759=ORIENTED_EDGE('',*,*,#1565,.F.);
#760=ORIENTED_EDGE('',*,*,#1485,.F.);
#761=ORIENTED_EDGE('',*,*,#1570,.F.);
#762=ORIENTED_EDGE('',*,*,#1405,.F.);
#763=ORIENTED_EDGE('',*,*,#1574,.F.);
#764=ORIENTED_EDGE('',*,*,#1487,.F.);
#765=ORIENTED_EDGE('',*,*,#1575,.F.);
#766=ORIENTED_EDGE('',*,*,#1403,.F.);
#767=ORIENTED_EDGE('',*,*,#1572,.F.);
#768=ORIENTED_EDGE('',*,*,#1489,.F.);
#769=ORIENTED_EDGE('',*,*,#1573,.F.);
#770=ORIENTED_EDGE('',*,*,#1407,.F.);
#771=ORIENTED_EDGE('',*,*,#1571,.F.);
#772=ORIENTED_EDGE('',*,*,#1549,.F.);
#773=ORIENTED_EDGE('',*,*,#1599,.F.);
#774=ORIENTED_EDGE('',*,*,#1442,.F.);
#775=ORIENTED_EDGE('',*,*,#1490,.F.);
#776=ORIENTED_EDGE('',*,*,#1317,.F.);
#777=ORIENTED_EDGE('',*,*,#1550,.F.);
#778=ORIENTED_EDGE('',*,*,#1319,.F.);
#779=ORIENTED_EDGE('',*,*,#1493,.F.);
#780=ORIENTED_EDGE('',*,*,#1421,.F.);
#781=ORIENTED_EDGE('',*,*,#1559,.F.);
#782=ORIENTED_EDGE('',*,*,#1305,.F.);
#783=ORIENTED_EDGE('',*,*,#1491,.F.);
#784=ORIENTED_EDGE('',*,*,#1358,.F.);
#785=ORIENTED_EDGE('',*,*,#1600,.F.);
#786=ORIENTED_EDGE('',*,*,#1558,.F.);
#787=ORIENTED_EDGE('',*,*,#1423,.F.);
#788=ORIENTED_EDGE('',*,*,#1492,.F.);
#789=ORIENTED_EDGE('',*,*,#1307,.F.);
#790=ORIENTED_EDGE('',*,*,#1542,.F.);
#791=ORIENTED_EDGE('',*,*,#1601,.T.);
#792=ORIENTED_EDGE('',*,*,#1495,.F.);
#793=ORIENTED_EDGE('',*,*,#1602,.T.);
#794=ORIENTED_EDGE('',*,*,#1533,.F.);
#795=ORIENTED_EDGE('',*,*,#1603,.T.);
#796=ORIENTED_EDGE('',*,*,#1540,.F.);
#797=ORIENTED_EDGE('',*,*,#1604,.T.);
#798=ORIENTED_EDGE('',*,*,#1498,.F.);
#799=ORIENTED_EDGE('',*,*,#1605,.T.);
#800=ORIENTED_EDGE('',*,*,#1536,.F.);
#801=ORIENTED_EDGE('',*,*,#1606,.T.);
#802=ORIENTED_EDGE('',*,*,#1538,.F.);
#803=ORIENTED_EDGE('',*,*,#1607,.T.);
#804=ORIENTED_EDGE('',*,*,#1504,.F.);
#805=ORIENTED_EDGE('',*,*,#1608,.T.);
#806=ORIENTED_EDGE('',*,*,#1508,.T.);
#807=ORIENTED_EDGE('',*,*,#1554,.F.);
#808=ORIENTED_EDGE('',*,*,#1507,.T.);
#809=ORIENTED_EDGE('',*,*,#1553,.F.);
#810=ORIENTED_EDGE('',*,*,#1506,.T.);
#811=ORIENTED_EDGE('',*,*,#1545,.F.);
#812=ORIENTED_EDGE('',*,*,#1505,.T.);
#813=ORIENTED_EDGE('',*,*,#1544,.F.);
#814=ORIENTED_EDGE('',*,*,#1529,.F.);
#815=ORIENTED_EDGE('',*,*,#1560,.F.);
#816=ORIENTED_EDGE('',*,*,#1555,.F.);
#817=ORIENTED_EDGE('',*,*,#1362,.F.);
#818=ORIENTED_EDGE('',*,*,#1527,.F.);
#819=ORIENTED_EDGE('',*,*,#1417,.F.);
#820=ORIENTED_EDGE('',*,*,#1557,.F.);
#821=ORIENTED_EDGE('',*,*,#1561,.F.);
#822=ORIENTED_EDGE('',*,*,#1526,.F.);
#823=ORIENTED_EDGE('',*,*,#1551,.F.);
#824=ORIENTED_EDGE('',*,*,#1546,.F.);
#825=ORIENTED_EDGE('',*,*,#1419,.F.);
#826=ORIENTED_EDGE('',*,*,#1524,.F.);
#827=ORIENTED_EDGE('',*,*,#1384,.F.);
#828=ORIENTED_EDGE('',*,*,#1548,.F.);
#829=ORIENTED_EDGE('',*,*,#1552,.F.);
#830=ORIENTED_EDGE('',*,*,#1496,.F.);
#831=ORIENTED_EDGE('',*,*,#1601,.F.);
#832=ORIENTED_EDGE('',*,*,#1609,.F.);
#833=ORIENTED_EDGE('',*,*,#1474,.F.);
#834=ORIENTED_EDGE('',*,*,#1609,.T.);
#835=ORIENTED_EDGE('',*,*,#1541,.F.);
#836=ORIENTED_EDGE('',*,*,#1610,.F.);
#837=ORIENTED_EDGE('',*,*,#1475,.F.);
#838=ORIENTED_EDGE('',*,*,#1610,.T.);
#839=ORIENTED_EDGE('',*,*,#1603,.F.);
#840=ORIENTED_EDGE('',*,*,#1611,.F.);
#841=ORIENTED_EDGE('',*,*,#1466,.F.);
#842=ORIENTED_EDGE('',*,*,#1339,.F.);
#843=ORIENTED_EDGE('',*,*,#1467,.F.);
#844=ORIENTED_EDGE('',*,*,#1611,.T.);
#845=ORIENTED_EDGE('',*,*,#1532,.F.);
#846=ORIENTED_EDGE('',*,*,#1497,.F.);
#847=ORIENTED_EDGE('',*,*,#1472,.F.);
#848=ORIENTED_EDGE('',*,*,#1612,.F.);
#849=ORIENTED_EDGE('',*,*,#1605,.F.);
#850=ORIENTED_EDGE('',*,*,#1612,.T.);
#851=ORIENTED_EDGE('',*,*,#1471,.F.);
#852=ORIENTED_EDGE('',*,*,#1613,.F.);
#853=ORIENTED_EDGE('',*,*,#1537,.F.);
#854=ORIENTED_EDGE('',*,*,#1613,.T.);
#855=ORIENTED_EDGE('',*,*,#1470,.F.);
#856=ORIENTED_EDGE('',*,*,#1614,.F.);
#857=ORIENTED_EDGE('',*,*,#1607,.F.);
#858=ORIENTED_EDGE('',*,*,#1614,.T.);
#859=ORIENTED_EDGE('',*,*,#1469,.F.);
#860=ORIENTED_EDGE('',*,*,#1349,.F.);
#861=ORIENTED_EDGE('',*,*,#1500,.F.);
#862=ORIENTED_EDGE('',*,*,#1494,.F.);
#863=ORIENTED_EDGE('',*,*,#1446,.F.);
#864=ORIENTED_EDGE('',*,*,#1615,.F.);
#865=ORIENTED_EDGE('',*,*,#1602,.F.);
#866=ORIENTED_EDGE('',*,*,#1615,.T.);
#867=ORIENTED_EDGE('',*,*,#1445,.F.);
#868=ORIENTED_EDGE('',*,*,#1616,.F.);
#869=ORIENTED_EDGE('',*,*,#1543,.F.);
#870=ORIENTED_EDGE('',*,*,#1616,.T.);
#871=ORIENTED_EDGE('',*,*,#1444,.F.);
#872=ORIENTED_EDGE('',*,*,#1617,.F.);
#873=ORIENTED_EDGE('',*,*,#1604,.F.);
#874=ORIENTED_EDGE('',*,*,#1335,.F.);
#875=ORIENTED_EDGE('',*,*,#1534,.F.);
#876=ORIENTED_EDGE('',*,*,#1617,.T.);
#877=ORIENTED_EDGE('',*,*,#1443,.F.);
#878=ORIENTED_EDGE('',*,*,#1499,.F.);
#879=ORIENTED_EDGE('',*,*,#1606,.F.);
#880=ORIENTED_EDGE('',*,*,#1618,.F.);
#881=ORIENTED_EDGE('',*,*,#1448,.F.);
#882=ORIENTED_EDGE('',*,*,#1618,.T.);
#883=ORIENTED_EDGE('',*,*,#1539,.F.);
#884=ORIENTED_EDGE('',*,*,#1619,.F.);
#885=ORIENTED_EDGE('',*,*,#1449,.F.);
#886=ORIENTED_EDGE('',*,*,#1619,.T.);
#887=ORIENTED_EDGE('',*,*,#1608,.F.);
#888=ORIENTED_EDGE('',*,*,#1620,.F.);
#889=ORIENTED_EDGE('',*,*,#1450,.F.);
#890=ORIENTED_EDGE('',*,*,#1620,.T.);
#891=ORIENTED_EDGE('',*,*,#1503,.F.);
#892=ORIENTED_EDGE('',*,*,#1353,.F.);
#893=ORIENTED_EDGE('',*,*,#1451,.F.);
#894=ORIENTED_EDGE('',*,*,#1621,.T.);
#895=ORIENTED_EDGE('',*,*,#1622,.T.);
#896=ORIENTED_EDGE('',*,*,#1623,.T.);
#897=ORIENTED_EDGE('',*,*,#1624,.T.);
#898=ORIENTED_EDGE('',*,*,#1625,.T.);
#899=ORIENTED_EDGE('',*,*,#1626,.T.);
#900=ORIENTED_EDGE('',*,*,#1627,.T.);
#901=ORIENTED_EDGE('',*,*,#1628,.T.);
#902=ORIENTED_EDGE('',*,*,#1629,.T.);
#903=ORIENTED_EDGE('',*,*,#1630,.T.);
#904=ORIENTED_EDGE('',*,*,#1631,.T.);
#905=ORIENTED_EDGE('',*,*,#1632,.T.);
#906=ORIENTED_EDGE('',*,*,#1633,.T.);
#907=ORIENTED_EDGE('',*,*,#1634,.T.);
#908=ORIENTED_EDGE('',*,*,#1635,.T.);
#909=ORIENTED_EDGE('',*,*,#1636,.T.);
#910=ORIENTED_EDGE('',*,*,#1637,.F.);
#911=ORIENTED_EDGE('',*,*,#1638,.F.);
#912=ORIENTED_EDGE('',*,*,#1639,.F.);
#913=ORIENTED_EDGE('',*,*,#1640,.F.);
#914=ORIENTED_EDGE('',*,*,#1638,.T.);
#915=ORIENTED_EDGE('',*,*,#1641,.F.);
#916=ORIENTED_EDGE('',*,*,#1394,.T.);
#917=ORIENTED_EDGE('',*,*,#1622,.F.);
#918=ORIENTED_EDGE('',*,*,#1639,.T.);
#919=ORIENTED_EDGE('',*,*,#1642,.F.);
#920=ORIENTED_EDGE('',*,*,#1643,.F.);
#921=ORIENTED_EDGE('',*,*,#1644,.F.);
#922=ORIENTED_EDGE('',*,*,#1645,.F.);
#923=ORIENTED_EDGE('',*,*,#1637,.T.);
#924=ORIENTED_EDGE('',*,*,#1621,.F.);
#925=ORIENTED_EDGE('',*,*,#1641,.T.);
#926=ORIENTED_EDGE('',*,*,#1645,.T.);
#927=ORIENTED_EDGE('',*,*,#1646,.F.);
#928=ORIENTED_EDGE('',*,*,#1395,.F.);
#929=ORIENTED_EDGE('',*,*,#1647,.F.);
#930=ORIENTED_EDGE('',*,*,#1642,.T.);
#931=ORIENTED_EDGE('',*,*,#1640,.T.);
#932=ORIENTED_EDGE('',*,*,#1401,.F.);
#933=ORIENTED_EDGE('',*,*,#1643,.T.);
#934=ORIENTED_EDGE('',*,*,#1648,.F.);
#935=ORIENTED_EDGE('',*,*,#1649,.F.);
#936=ORIENTED_EDGE('',*,*,#1650,.T.);
#937=ORIENTED_EDGE('',*,*,#1644,.T.);
#938=ORIENTED_EDGE('',*,*,#1651,.F.);
#939=ORIENTED_EDGE('',*,*,#1646,.T.);
#940=ORIENTED_EDGE('',*,*,#1650,.F.);
#941=ORIENTED_EDGE('',*,*,#1652,.F.);
#942=ORIENTED_EDGE('',*,*,#1396,.T.);
#943=ORIENTED_EDGE('',*,*,#1647,.T.);
#944=ORIENTED_EDGE('',*,*,#1400,.T.);
#945=ORIENTED_EDGE('',*,*,#1653,.F.);
#946=ORIENTED_EDGE('',*,*,#1648,.T.);
#947=ORIENTED_EDGE('',*,*,#1623,.F.);
#948=ORIENTED_EDGE('',*,*,#1649,.T.);
#949=ORIENTED_EDGE('',*,*,#1654,.F.);
#950=ORIENTED_EDGE('',*,*,#1655,.F.);
#951=ORIENTED_EDGE('',*,*,#1656,.F.);
#952=ORIENTED_EDGE('',*,*,#1651,.T.);
#953=ORIENTED_EDGE('',*,*,#1624,.F.);
#954=ORIENTED_EDGE('',*,*,#1657,.F.);
#955=ORIENTED_EDGE('',*,*,#1652,.T.);
#956=ORIENTED_EDGE('',*,*,#1656,.T.);
#957=ORIENTED_EDGE('',*,*,#1658,.F.);
#958=ORIENTED_EDGE('',*,*,#1397,.F.);
#959=ORIENTED_EDGE('',*,*,#1653,.T.);
#960=ORIENTED_EDGE('',*,*,#1399,.F.);
#961=ORIENTED_EDGE('',*,*,#1659,.F.);
#962=ORIENTED_EDGE('',*,*,#1654,.T.);
#963=ORIENTED_EDGE('',*,*,#1657,.T.);
#964=ORIENTED_EDGE('',*,*,#1655,.T.);
#965=ORIENTED_EDGE('',*,*,#1660,.F.);
#966=ORIENTED_EDGE('',*,*,#1398,.T.);
#967=ORIENTED_EDGE('',*,*,#1658,.T.);
#968=ORIENTED_EDGE('',*,*,#1660,.T.);
#969=ORIENTED_EDGE('',*,*,#1659,.T.);
#970=ORIENTED_EDGE('',*,*,#1661,.F.);
#971=ORIENTED_EDGE('',*,*,#1662,.F.);
#972=ORIENTED_EDGE('',*,*,#1663,.F.);
#973=ORIENTED_EDGE('',*,*,#1664,.F.);
#974=ORIENTED_EDGE('',*,*,#1662,.T.);
#975=ORIENTED_EDGE('',*,*,#1665,.F.);
#976=ORIENTED_EDGE('',*,*,#1426,.T.);
#977=ORIENTED_EDGE('',*,*,#1633,.F.);
#978=ORIENTED_EDGE('',*,*,#1663,.T.);
#979=ORIENTED_EDGE('',*,*,#1666,.F.);
#980=ORIENTED_EDGE('',*,*,#1667,.F.);
#981=ORIENTED_EDGE('',*,*,#1668,.F.);
#982=ORIENTED_EDGE('',*,*,#1669,.F.);
#983=ORIENTED_EDGE('',*,*,#1661,.T.);
#984=ORIENTED_EDGE('',*,*,#1636,.F.);
#985=ORIENTED_EDGE('',*,*,#1665,.T.);
#986=ORIENTED_EDGE('',*,*,#1669,.T.);
#987=ORIENTED_EDGE('',*,*,#1670,.F.);
#988=ORIENTED_EDGE('',*,*,#1427,.F.);
#989=ORIENTED_EDGE('',*,*,#1671,.F.);
#990=ORIENTED_EDGE('',*,*,#1666,.T.);
#991=ORIENTED_EDGE('',*,*,#1664,.T.);
#992=ORIENTED_EDGE('',*,*,#1425,.F.);
#993=ORIENTED_EDGE('',*,*,#1667,.T.);
#994=ORIENTED_EDGE('',*,*,#1672,.F.);
#995=ORIENTED_EDGE('',*,*,#1673,.F.);
#996=ORIENTED_EDGE('',*,*,#1674,.T.);
#997=ORIENTED_EDGE('',*,*,#1668,.T.);
#998=ORIENTED_EDGE('',*,*,#1675,.F.);
#999=ORIENTED_EDGE('',*,*,#1670,.T.);
#1000=ORIENTED_EDGE('',*,*,#1674,.F.);
#1001=ORIENTED_EDGE('',*,*,#1676,.F.);
#1002=ORIENTED_EDGE('',*,*,#1428,.T.);
#1003=ORIENTED_EDGE('',*,*,#1671,.T.);
#1004=ORIENTED_EDGE('',*,*,#1424,.T.);
#1005=ORIENTED_EDGE('',*,*,#1677,.F.);
#1006=ORIENTED_EDGE('',*,*,#1672,.T.);
#1007=ORIENTED_EDGE('',*,*,#1634,.F.);
#1008=ORIENTED_EDGE('',*,*,#1673,.T.);
#1009=ORIENTED_EDGE('',*,*,#1678,.F.);
#1010=ORIENTED_EDGE('',*,*,#1679,.F.);
#1011=ORIENTED_EDGE('',*,*,#1680,.F.);
#1012=ORIENTED_EDGE('',*,*,#1675,.T.);
#1013=ORIENTED_EDGE('',*,*,#1635,.F.);
#1014=ORIENTED_EDGE('',*,*,#1681,.F.);
#1015=ORIENTED_EDGE('',*,*,#1676,.T.);
#1016=ORIENTED_EDGE('',*,*,#1680,.T.);
#1017=ORIENTED_EDGE('',*,*,#1682,.F.);
#1018=ORIENTED_EDGE('',*,*,#1429,.F.);
#1019=ORIENTED_EDGE('',*,*,#1677,.T.);
#1020=ORIENTED_EDGE('',*,*,#1431,.F.);
#1021=ORIENTED_EDGE('',*,*,#1683,.F.);
#1022=ORIENTED_EDGE('',*,*,#1678,.T.);
#1023=ORIENTED_EDGE('',*,*,#1681,.T.);
#1024=ORIENTED_EDGE('',*,*,#1679,.T.);
#1025=ORIENTED_EDGE('',*,*,#1684,.F.);
#1026=ORIENTED_EDGE('',*,*,#1430,.T.);
#1027=ORIENTED_EDGE('',*,*,#1682,.T.);
#1028=ORIENTED_EDGE('',*,*,#1684,.T.);
#1029=ORIENTED_EDGE('',*,*,#1683,.T.);
#1030=ORIENTED_EDGE('',*,*,#1685,.F.);
#1031=ORIENTED_EDGE('',*,*,#1686,.F.);
#1032=ORIENTED_EDGE('',*,*,#1687,.F.);
#1033=ORIENTED_EDGE('',*,*,#1625,.F.);
#1034=ORIENTED_EDGE('',*,*,#1688,.F.);
#1035=ORIENTED_EDGE('',*,*,#1685,.T.);
#1036=ORIENTED_EDGE('',*,*,#1689,.F.);
#1037=ORIENTED_EDGE('',*,*,#1690,.F.);
#1038=ORIENTED_EDGE('',*,*,#1686,.T.);
#1039=ORIENTED_EDGE('',*,*,#1691,.F.);
#1040=ORIENTED_EDGE('',*,*,#1391,.F.);
#1041=ORIENTED_EDGE('',*,*,#1687,.T.);
#1042=ORIENTED_EDGE('',*,*,#1692,.F.);
#1043=ORIENTED_EDGE('',*,*,#1693,.F.);
#1044=ORIENTED_EDGE('',*,*,#1689,.T.);
#1045=ORIENTED_EDGE('',*,*,#1628,.F.);
#1046=ORIENTED_EDGE('',*,*,#1694,.F.);
#1047=ORIENTED_EDGE('',*,*,#1695,.F.);
#1048=ORIENTED_EDGE('',*,*,#1691,.T.);
#1049=ORIENTED_EDGE('',*,*,#1688,.T.);
#1050=ORIENTED_EDGE('',*,*,#1696,.F.);
#1051=ORIENTED_EDGE('',*,*,#1392,.T.);
#1052=ORIENTED_EDGE('',*,*,#1690,.T.);
#1053=ORIENTED_EDGE('',*,*,#1390,.T.);
#1054=ORIENTED_EDGE('',*,*,#1697,.F.);
#1055=ORIENTED_EDGE('',*,*,#1692,.T.);
#1056=ORIENTED_EDGE('',*,*,#1698,.F.);
#1057=ORIENTED_EDGE('',*,*,#1626,.F.);
#1058=ORIENTED_EDGE('',*,*,#1693,.T.);
#1059=ORIENTED_EDGE('',*,*,#1699,.F.);
#1060=ORIENTED_EDGE('',*,*,#1700,.F.);
#1061=ORIENTED_EDGE('',*,*,#1698,.T.);
#1062=ORIENTED_EDGE('',*,*,#1701,.F.);
#1063=ORIENTED_EDGE('',*,*,#1702,.F.);
#1064=ORIENTED_EDGE('',*,*,#1694,.T.);
#1065=ORIENTED_EDGE('',*,*,#1703,.F.);
#1066=ORIENTED_EDGE('',*,*,#1696,.T.);
#1067=ORIENTED_EDGE('',*,*,#1695,.T.);
#1068=ORIENTED_EDGE('',*,*,#1704,.F.);
#1069=ORIENTED_EDGE('',*,*,#1393,.F.);
#1070=ORIENTED_EDGE('',*,*,#1697,.T.);
#1071=ORIENTED_EDGE('',*,*,#1389,.F.);
#1072=ORIENTED_EDGE('',*,*,#1705,.F.);
#1073=ORIENTED_EDGE('',*,*,#1699,.T.);
#1074=ORIENTED_EDGE('',*,*,#1627,.F.);
#1075=ORIENTED_EDGE('',*,*,#1700,.T.);
#1076=ORIENTED_EDGE('',*,*,#1706,.F.);
#1077=ORIENTED_EDGE('',*,*,#1703,.T.);
#1078=ORIENTED_EDGE('',*,*,#1704,.T.);
#1079=ORIENTED_EDGE('',*,*,#1702,.T.);
#1080=ORIENTED_EDGE('',*,*,#1707,.F.);
#1081=ORIENTED_EDGE('',*,*,#1386,.T.);
#1082=ORIENTED_EDGE('',*,*,#1705,.T.);
#1083=ORIENTED_EDGE('',*,*,#1388,.T.);
#1084=ORIENTED_EDGE('',*,*,#1708,.F.);
#1085=ORIENTED_EDGE('',*,*,#1701,.T.);
#1086=ORIENTED_EDGE('',*,*,#1707,.T.);
#1087=ORIENTED_EDGE('',*,*,#1706,.T.);
#1088=ORIENTED_EDGE('',*,*,#1708,.T.);
#1089=ORIENTED_EDGE('',*,*,#1387,.F.);
#1090=ORIENTED_EDGE('',*,*,#1709,.F.);
#1091=ORIENTED_EDGE('',*,*,#1439,.F.);
#1092=ORIENTED_EDGE('',*,*,#1710,.F.);
#1093=ORIENTED_EDGE('',*,*,#1711,.F.);
#1094=ORIENTED_EDGE('',*,*,#1712,.F.);
#1095=ORIENTED_EDGE('',*,*,#1710,.T.);
#1096=ORIENTED_EDGE('',*,*,#1438,.T.);
#1097=ORIENTED_EDGE('',*,*,#1713,.F.);
#1098=ORIENTED_EDGE('',*,*,#1714,.F.);
#1099=ORIENTED_EDGE('',*,*,#1711,.T.);
#1100=ORIENTED_EDGE('',*,*,#1715,.F.);
#1101=ORIENTED_EDGE('',*,*,#1632,.F.);
#1102=ORIENTED_EDGE('',*,*,#1709,.T.);
#1103=ORIENTED_EDGE('',*,*,#1716,.F.);
#1104=ORIENTED_EDGE('',*,*,#1717,.F.);
#1105=ORIENTED_EDGE('',*,*,#1432,.T.);
#1106=ORIENTED_EDGE('',*,*,#1713,.T.);
#1107=ORIENTED_EDGE('',*,*,#1437,.F.);
#1108=ORIENTED_EDGE('',*,*,#1718,.F.);
#1109=ORIENTED_EDGE('',*,*,#1719,.F.);
#1110=ORIENTED_EDGE('',*,*,#1715,.T.);
#1111=ORIENTED_EDGE('',*,*,#1712,.T.);
#1112=ORIENTED_EDGE('',*,*,#1720,.F.);
#1113=ORIENTED_EDGE('',*,*,#1716,.T.);
#1114=ORIENTED_EDGE('',*,*,#1714,.T.);
#1115=ORIENTED_EDGE('',*,*,#1721,.F.);
#1116=ORIENTED_EDGE('',*,*,#1722,.F.);
#1117=ORIENTED_EDGE('',*,*,#1433,.F.);
#1118=ORIENTED_EDGE('',*,*,#1717,.T.);
#1119=ORIENTED_EDGE('',*,*,#1723,.F.);
#1120=ORIENTED_EDGE('',*,*,#1434,.T.);
#1121=ORIENTED_EDGE('',*,*,#1722,.T.);
#1122=ORIENTED_EDGE('',*,*,#1724,.F.);
#1123=ORIENTED_EDGE('',*,*,#1725,.F.);
#1124=ORIENTED_EDGE('',*,*,#1726,.F.);
#1125=ORIENTED_EDGE('',*,*,#1718,.T.);
#1126=ORIENTED_EDGE('',*,*,#1436,.T.);
#1127=ORIENTED_EDGE('',*,*,#1727,.F.);
#1128=ORIENTED_EDGE('',*,*,#1720,.T.);
#1129=ORIENTED_EDGE('',*,*,#1719,.T.);
#1130=ORIENTED_EDGE('',*,*,#1728,.F.);
#1131=ORIENTED_EDGE('',*,*,#1629,.F.);
#1132=ORIENTED_EDGE('',*,*,#1721,.T.);
#1133=ORIENTED_EDGE('',*,*,#1631,.F.);
#1134=ORIENTED_EDGE('',*,*,#1729,.F.);
#1135=ORIENTED_EDGE('',*,*,#1723,.T.);
#1136=ORIENTED_EDGE('',*,*,#1435,.F.);
#1137=ORIENTED_EDGE('',*,*,#1725,.T.);
#1138=ORIENTED_EDGE('',*,*,#1730,.F.);
#1139=ORIENTED_EDGE('',*,*,#1727,.T.);
#1140=ORIENTED_EDGE('',*,*,#1728,.T.);
#1141=ORIENTED_EDGE('',*,*,#1726,.T.);
#1142=ORIENTED_EDGE('',*,*,#1731,.F.);
#1143=ORIENTED_EDGE('',*,*,#1724,.T.);
#1144=ORIENTED_EDGE('',*,*,#1729,.T.);
#1145=ORIENTED_EDGE('',*,*,#1732,.F.);
#1146=ORIENTED_EDGE('',*,*,#1731,.T.);
#1147=ORIENTED_EDGE('',*,*,#1730,.T.);
#1148=ORIENTED_EDGE('',*,*,#1732,.T.);
#1149=ORIENTED_EDGE('',*,*,#1630,.F.);
#1150=ORIENTED_EDGE('',*,*,#1733,.T.);
#1151=ORIENTED_EDGE('',*,*,#1587,.T.);
#1152=ORIENTED_EDGE('',*,*,#1591,.F.);
#1153=ORIENTED_EDGE('',*,*,#1594,.T.);
#1154=ORIENTED_EDGE('',*,*,#1517,.T.);
#1155=ORIENTED_EDGE('',*,*,#1734,.T.);
#1156=ORIENTED_EDGE('',*,*,#1588,.T.);
#1157=ORIENTED_EDGE('',*,*,#1733,.F.);
#1158=ORIENTED_EDGE('',*,*,#1376,.F.);
#1159=ORIENTED_EDGE('',*,*,#1735,.F.);
#1160=ORIENTED_EDGE('',*,*,#1736,.T.);
#1161=ORIENTED_EDGE('',*,*,#1375,.T.);
#1162=ORIENTED_EDGE('',*,*,#1440,.T.);
#1163=ORIENTED_EDGE('',*,*,#1737,.F.);
#1164=ORIENTED_EDGE('',*,*,#1738,.F.);
#1165=ORIENTED_EDGE('',*,*,#1735,.T.);
#1166=ORIENTED_EDGE('',*,*,#1599,.T.);
#1167=ORIENTED_EDGE('',*,*,#1382,.T.);
#1168=ORIENTED_EDGE('',*,*,#1523,.F.);
#1169=ORIENTED_EDGE('',*,*,#1739,.F.);
#1170=ORIENTED_EDGE('',*,*,#1737,.T.);
#1171=ORIENTED_EDGE('',*,*,#1522,.T.);
#1172=ORIENTED_EDGE('',*,*,#1740,.T.);
#1173=ORIENTED_EDGE('',*,*,#1741,.T.);
#1174=ORIENTED_EDGE('',*,*,#1742,.T.);
#1175=ORIENTED_EDGE('',*,*,#1518,.T.);
#1176=ORIENTED_EDGE('',*,*,#1736,.F.);
#1177=ORIENTED_EDGE('',*,*,#1738,.T.);
#1178=ORIENTED_EDGE('',*,*,#1739,.T.);
#1179=ORIENTED_EDGE('',*,*,#1743,.F.);
#1180=ORIENTED_EDGE('',*,*,#1744,.T.);
#1181=ORIENTED_EDGE('',*,*,#1745,.F.);
#1182=ORIENTED_EDGE('',*,*,#1520,.T.);
#1183=ORIENTED_EDGE('',*,*,#1589,.F.);
#1184=ORIENTED_EDGE('',*,*,#1734,.F.);
#1185=ORIENTED_EDGE('',*,*,#1516,.F.);
#1186=ORIENTED_EDGE('',*,*,#1381,.F.);
#1187=ORIENTED_EDGE('',*,*,#1519,.F.);
#1188=ORIENTED_EDGE('',*,*,#1742,.F.);
#1189=ORIENTED_EDGE('',*,*,#1746,.F.);
#1190=ORIENTED_EDGE('',*,*,#1743,.T.);
#1191=ORIENTED_EDGE('',*,*,#1746,.T.);
#1192=ORIENTED_EDGE('',*,*,#1741,.F.);
#1193=ORIENTED_EDGE('',*,*,#1747,.F.);
#1194=ORIENTED_EDGE('',*,*,#1744,.F.);
#1195=ORIENTED_EDGE('',*,*,#1747,.T.);
#1196=ORIENTED_EDGE('',*,*,#1740,.F.);
#1197=ORIENTED_EDGE('',*,*,#1521,.F.);
#1198=ORIENTED_EDGE('',*,*,#1745,.T.);
#1199=ORIENTED_EDGE('',*,*,#1748,.F.);
#1200=ORIENTED_EDGE('',*,*,#1598,.T.);
#1201=ORIENTED_EDGE('',*,*,#1581,.T.);
#1202=ORIENTED_EDGE('',*,*,#1595,.T.);
#1203=ORIENTED_EDGE('',*,*,#1597,.T.);
#1204=ORIENTED_EDGE('',*,*,#1749,.T.);
#1205=ORIENTED_EDGE('',*,*,#1514,.F.);
#1206=ORIENTED_EDGE('',*,*,#1750,.F.);
#1207=ORIENTED_EDGE('',*,*,#1751,.T.);
#1208=ORIENTED_EDGE('',*,*,#1372,.T.);
#1209=ORIENTED_EDGE('',*,*,#1748,.T.);
#1210=ORIENTED_EDGE('',*,*,#1600,.T.);
#1211=ORIENTED_EDGE('',*,*,#1752,.F.);
#1212=ORIENTED_EDGE('',*,*,#1753,.T.);
#1213=ORIENTED_EDGE('',*,*,#1530,.T.);
#1214=ORIENTED_EDGE('',*,*,#1360,.F.);
#1215=ORIENTED_EDGE('',*,*,#1373,.F.);
#1216=ORIENTED_EDGE('',*,*,#1751,.F.);
#1217=ORIENTED_EDGE('',*,*,#1754,.T.);
#1218=ORIENTED_EDGE('',*,*,#1752,.T.);
#1219=ORIENTED_EDGE('',*,*,#1357,.F.);
#1220=ORIENTED_EDGE('',*,*,#1755,.T.);
#1221=ORIENTED_EDGE('',*,*,#1756,.T.);
#1222=ORIENTED_EDGE('',*,*,#1509,.F.);
#1223=ORIENTED_EDGE('',*,*,#1753,.F.);
#1224=ORIENTED_EDGE('',*,*,#1754,.F.);
#1225=ORIENTED_EDGE('',*,*,#1750,.T.);
#1226=ORIENTED_EDGE('',*,*,#1513,.F.);
#1227=ORIENTED_EDGE('',*,*,#1757,.T.);
#1228=ORIENTED_EDGE('',*,*,#1758,.T.);
#1229=ORIENTED_EDGE('',*,*,#1511,.F.);
#1230=ORIENTED_EDGE('',*,*,#1759,.T.);
#1231=ORIENTED_EDGE('',*,*,#1760,.F.);
#1232=ORIENTED_EDGE('',*,*,#1596,.F.);
#1233=ORIENTED_EDGE('',*,*,#1364,.F.);
#1234=ORIENTED_EDGE('',*,*,#1515,.F.);
#1235=ORIENTED_EDGE('',*,*,#1749,.F.);
#1236=ORIENTED_EDGE('',*,*,#1512,.F.);
#1237=ORIENTED_EDGE('',*,*,#1758,.F.);
#1238=ORIENTED_EDGE('',*,*,#1761,.F.);
#1239=ORIENTED_EDGE('',*,*,#1757,.F.);
#1240=ORIENTED_EDGE('',*,*,#1761,.T.);
#1241=ORIENTED_EDGE('',*,*,#1760,.T.);
#1242=ORIENTED_EDGE('',*,*,#1762,.F.);
#1243=ORIENTED_EDGE('',*,*,#1755,.F.);
#1244=ORIENTED_EDGE('',*,*,#1762,.T.);
#1245=ORIENTED_EDGE('',*,*,#1759,.F.);
#1246=ORIENTED_EDGE('',*,*,#1510,.F.);
#1247=ORIENTED_EDGE('',*,*,#1756,.F.);
#1248=ORIENTED_EDGE('',*,*,#1342,.F.);
#1249=ORIENTED_EDGE('',*,*,#1763,.T.);
#1250=ORIENTED_EDGE('',*,*,#1314,.F.);
#1251=ORIENTED_EDGE('',*,*,#1764,.T.);
#1252=ORIENTED_EDGE('',*,*,#1344,.F.);
#1253=ORIENTED_EDGE('',*,*,#1765,.T.);
#1254=ORIENTED_EDGE('',*,*,#1312,.F.);
#1255=ORIENTED_EDGE('',*,*,#1766,.T.);
#1256=ORIENTED_EDGE('',*,*,#1310,.F.);
#1257=ORIENTED_EDGE('',*,*,#1767,.T.);
#1258=ORIENTED_EDGE('',*,*,#1346,.F.);
#1259=ORIENTED_EDGE('',*,*,#1768,.T.);
#1260=ORIENTED_EDGE('',*,*,#1322,.F.);
#1261=ORIENTED_EDGE('',*,*,#1769,.T.);
#1262=ORIENTED_EDGE('',*,*,#1330,.T.);
#1263=ORIENTED_EDGE('',*,*,#1770,.T.);
#1264=ORIENTED_EDGE('',*,*,#1324,.F.);
#1265=ORIENTED_EDGE('',*,*,#1771,.T.);
#1266=ORIENTED_EDGE('',*,*,#1328,.T.);
#1267=ORIENTED_EDGE('',*,*,#1772,.T.);
#1268=ORIENTED_EDGE('',*,*,#1332,.T.);
#1269=ORIENTED_EDGE('',*,*,#1773,.T.);
#1270=ORIENTED_EDGE('',*,*,#1320,.F.);
#1271=ORIENTED_EDGE('',*,*,#1774,.T.);
#1272=ORIENTED_EDGE('',*,*,#1309,.F.);
#1273=ORIENTED_EDGE('',*,*,#1501,.F.);
#1274=ORIENTED_EDGE('',*,*,#1347,.F.);
#1275=ORIENTED_EDGE('',*,*,#1767,.F.);
#1276=ORIENTED_EDGE('',*,*,#1315,.F.);
#1277=ORIENTED_EDGE('',*,*,#1763,.F.);
#1278=ORIENTED_EDGE('',*,*,#1355,.F.);
#1279=ORIENTED_EDGE('',*,*,#1502,.F.);
#1280=ORIENTED_EDGE('',*,*,#1313,.F.);
#1281=ORIENTED_EDGE('',*,*,#1765,.F.);
#1282=ORIENTED_EDGE('',*,*,#1343,.F.);
#1283=ORIENTED_EDGE('',*,*,#1764,.F.);
#1284=ORIENTED_EDGE('',*,*,#1311,.F.);
#1285=ORIENTED_EDGE('',*,*,#1768,.F.);
#1286=ORIENTED_EDGE('',*,*,#1345,.F.);
#1287=ORIENTED_EDGE('',*,*,#1766,.F.);
#1288=ORIENTED_EDGE('',*,*,#1331,.F.);
#1289=ORIENTED_EDGE('',*,*,#1769,.F.);
#1290=ORIENTED_EDGE('',*,*,#1321,.F.);
#1291=ORIENTED_EDGE('',*,*,#1773,.F.);
#1292=ORIENTED_EDGE('',*,*,#1329,.F.);
#1293=ORIENTED_EDGE('',*,*,#1771,.F.);
#1294=ORIENTED_EDGE('',*,*,#1323,.F.);
#1295=ORIENTED_EDGE('',*,*,#1770,.F.);
#1296=ORIENTED_EDGE('',*,*,#1341,.F.);
#1297=ORIENTED_EDGE('',*,*,#1531,.F.);
#1298=ORIENTED_EDGE('',*,*,#1325,.F.);
#1299=ORIENTED_EDGE('',*,*,#1772,.F.);
#1300=ORIENTED_EDGE('',*,*,#1333,.F.);
#1301=ORIENTED_EDGE('',*,*,#1774,.F.);
#1302=ORIENTED_EDGE('',*,*,#1327,.F.);
#1303=ORIENTED_EDGE('',*,*,#1535,.F.);
#1304=EDGE_CURVE('',#1775,#1776,#2069,.T.);
#1305=EDGE_CURVE('',#1776,#1777,#2070,.F.);
#1306=EDGE_CURVE('',#1778,#1777,#2071,.T.);
#1307=EDGE_CURVE('',#1778,#1775,#2072,.T.);
#1308=EDGE_CURVE('',#1779,#1780,#2073,.T.);
#1309=EDGE_CURVE('',#1780,#1781,#145,.T.);
#1310=EDGE_CURVE('',#1781,#1782,#2074,.T.);
#1311=EDGE_CURVE('',#1782,#1783,#146,.T.);
#1312=EDGE_CURVE('',#1783,#1784,#2075,.T.);
#1313=EDGE_CURVE('',#1784,#1785,#147,.T.);
#1314=EDGE_CURVE('',#1785,#1786,#2076,.T.);
#1315=EDGE_CURVE('',#1786,#1779,#148,.T.);
#1316=EDGE_CURVE('',#1787,#1788,#2077,.T.);
#1317=EDGE_CURVE('',#1788,#1789,#2078,.T.);
#1318=EDGE_CURVE('',#1790,#1789,#2079,.T.);
#1319=EDGE_CURVE('',#1790,#1787,#2080,.F.);
#1320=EDGE_CURVE('',#1791,#1792,#2081,.T.);
#1321=EDGE_CURVE('',#1792,#1793,#149,.F.);
#1322=EDGE_CURVE('',#1793,#1794,#2082,.T.);
#1323=EDGE_CURVE('',#1794,#1795,#150,.F.);
#1324=EDGE_CURVE('',#1795,#1796,#2083,.T.);
#1325=EDGE_CURVE('',#1796,#1797,#151,.F.);
#1326=EDGE_CURVE('',#1797,#1798,#2084,.T.);
#1327=EDGE_CURVE('',#1798,#1791,#152,.F.);
#1328=EDGE_CURVE('',#1799,#1800,#2085,.T.);
#1329=EDGE_CURVE('',#1799,#1801,#153,.T.);
#1330=EDGE_CURVE('',#1802,#1801,#2086,.T.);
#1331=EDGE_CURVE('',#1802,#1803,#154,.T.);
#1332=EDGE_CURVE('',#1804,#1803,#2087,.T.);
#1333=EDGE_CURVE('',#1804,#1805,#155,.T.);
#1334=EDGE_CURVE('',#1806,#1805,#2088,.T.);
#1335=EDGE_CURVE('',#1806,#1807,#156,.F.);
#1336=EDGE_CURVE('',#1808,#1807,#2089,.T.);
#1337=EDGE_CURVE('',#1809,#1808,#2090,.T.);
#1338=EDGE_CURVE('',#1809,#1810,#2091,.T.);
#1339=EDGE_CURVE('',#1810,#1811,#157,.F.);
#1340=EDGE_CURVE('',#1812,#1811,#2092,.T.);
#1341=EDGE_CURVE('',#1812,#1800,#158,.T.);
#1342=EDGE_CURVE('',#1813,#1814,#2093,.T.);
#1343=EDGE_CURVE('',#1814,#1815,#159,.F.);
#1344=EDGE_CURVE('',#1815,#1816,#2094,.T.);
#1345=EDGE_CURVE('',#1816,#1817,#160,.F.);
#1346=EDGE_CURVE('',#1817,#1818,#2095,.T.);
#1347=EDGE_CURVE('',#1818,#1819,#161,.F.);
#1348=EDGE_CURVE('',#1820,#1819,#2096,.T.);
#1349=EDGE_CURVE('',#1820,#1821,#162,.T.);
#1350=EDGE_CURVE('',#1822,#1821,#2097,.T.);
#1351=EDGE_CURVE('',#1822,#1823,#2098,.T.);
#1352=EDGE_CURVE('',#1823,#1824,#2099,.T.);
#1353=EDGE_CURVE('',#1824,#1825,#163,.T.);
#1354=EDGE_CURVE('',#1826,#1825,#2100,.T.);
#1355=EDGE_CURVE('',#1826,#1813,#164,.F.);
#1356=EDGE_CURVE('',#1827,#1828,#2101,.T.);
#1357=EDGE_CURVE('',#1827,#1829,#165,.T.);
#1358=EDGE_CURVE('',#1829,#1828,#2102,.T.);
#1359=EDGE_CURVE('',#1830,#1831,#2103,.T.);
#1360=EDGE_CURVE('',#1831,#1832,#2104,.F.);
#1361=EDGE_CURVE('',#1832,#1833,#2105,.T.);
#1362=EDGE_CURVE('',#1833,#1830,#2106,.T.);
#1363=EDGE_CURVE('',#1834,#1835,#2107,.T.);
#1364=EDGE_CURVE('',#1835,#1836,#2108,.F.);
#1365=EDGE_CURVE('',#1836,#1837,#166,.F.);
#1366=EDGE_CURVE('',#1837,#1838,#2109,.T.);
#1367=EDGE_CURVE('',#1838,#1839,#167,.F.);
#1368=EDGE_CURVE('',#1840,#1839,#2110,.T.);
#1369=EDGE_CURVE('',#1840,#1841,#168,.F.);
#1370=EDGE_CURVE('',#1842,#1841,#2111,.T.);
#1371=EDGE_CURVE('',#1842,#1843,#169,.F.);
#1372=EDGE_CURVE('',#1844,#1843,#2112,.T.);
#1373=EDGE_CURVE('',#1844,#1827,#170,.T.);
#1374=EDGE_CURVE('',#1845,#1827,#2113,.T.);
#1375=EDGE_CURVE('',#1846,#1845,#171,.T.);
#1376=EDGE_CURVE('',#1846,#1847,#2114,.T.);
#1377=EDGE_CURVE('',#1847,#1848,#172,.F.);
#1378=EDGE_CURVE('',#1849,#1848,#2115,.T.);
#1379=EDGE_CURVE('',#1849,#1850,#173,.F.);
#1380=EDGE_CURVE('',#1850,#1851,#2116,.T.);
#1381=EDGE_CURVE('',#1851,#1834,#2117,.T.);
#1382=EDGE_CURVE('',#1852,#1853,#2118,.F.);
#1383=EDGE_CURVE('',#1854,#1852,#2119,.T.);
#1384=EDGE_CURVE('',#1854,#1855,#2120,.F.);
#1385=EDGE_CURVE('',#1855,#1853,#2121,.T.);
#1386=EDGE_CURVE('',#1856,#1857,#174,.F.);
#1387=EDGE_CURVE('',#1856,#1858,#2122,.T.);
#1388=EDGE_CURVE('',#1859,#1858,#175,.F.);
#1389=EDGE_CURVE('',#1859,#1860,#2123,.T.);
#1390=EDGE_CURVE('',#1861,#1860,#176,.F.);
#1391=EDGE_CURVE('',#1861,#1862,#2124,.F.);
#1392=EDGE_CURVE('',#1863,#1862,#177,.F.);
#1393=EDGE_CURVE('',#1863,#1857,#2125,.F.);
#1394=EDGE_CURVE('',#1864,#1865,#178,.F.);
#1395=EDGE_CURVE('',#1864,#1866,#2126,.F.);
#1396=EDGE_CURVE('',#1867,#1866,#179,.F.);
#1397=EDGE_CURVE('',#1867,#1868,#2127,.T.);
#1398=EDGE_CURVE('',#1869,#1868,#180,.F.);
#1399=EDGE_CURVE('',#1869,#1870,#2128,.T.);
#1400=EDGE_CURVE('',#1871,#1870,#181,.F.);
#1401=EDGE_CURVE('',#1871,#1865,#2129,.F.);
#1402=EDGE_CURVE('',#1872,#1873,#2130,.T.);
#1403=EDGE_CURVE('',#1872,#1874,#182,.T.);
#1404=EDGE_CURVE('',#1874,#1875,#2131,.T.);
#1405=EDGE_CURVE('',#1875,#1876,#183,.T.);
#1406=EDGE_CURVE('',#1877,#1876,#2132,.T.);
#1407=EDGE_CURVE('',#1877,#1873,#184,.T.);
#1408=EDGE_CURVE('',#1878,#1879,#2133,.T.);
#1409=EDGE_CURVE('',#1878,#1880,#185,.T.);
#1410=EDGE_CURVE('',#1881,#1880,#2134,.T.);
#1411=EDGE_CURVE('',#1881,#1882,#186,.T.);
#1412=EDGE_CURVE('',#1882,#1883,#2135,.T.);
#1413=EDGE_CURVE('',#1883,#1884,#187,.T.);
#1414=EDGE_CURVE('',#1884,#1885,#2136,.T.);
#1415=EDGE_CURVE('',#1885,#1879,#188,.T.);
#1416=EDGE_CURVE('',#1886,#1887,#2137,.T.);
#1417=EDGE_CURVE('',#1886,#1888,#2138,.F.);
#1418=EDGE_CURVE('',#1889,#1888,#2139,.T.);
#1419=EDGE_CURVE('',#1889,#1890,#2140,.T.);
#1420=EDGE_CURVE('',#1890,#1891,#2141,.T.);
#1421=EDGE_CURVE('',#1891,#1892,#2142,.T.);
#1422=EDGE_CURVE('',#1892,#1893,#2143,.T.);
#1423=EDGE_CURVE('',#1893,#1887,#2144,.F.);
#1424=EDGE_CURVE('',#1894,#1895,#189,.F.);
#1425=EDGE_CURVE('',#1894,#1896,#2145,.F.);
#1426=EDGE_CURVE('',#1897,#1896,#190,.F.);
#1427=EDGE_CURVE('',#1897,#1898,#2146,.T.);
#1428=EDGE_CURVE('',#1899,#1898,#191,.F.);
#1429=EDGE_CURVE('',#1899,#1900,#2147,.T.);
#1430=EDGE_CURVE('',#1901,#1900,#192,.F.);
#1431=EDGE_CURVE('',#1901,#1895,#2148,.F.);
#1432=EDGE_CURVE('',#1902,#1903,#193,.F.);
#1433=EDGE_CURVE('',#1902,#1904,#2149,.T.);
#1434=EDGE_CURVE('',#1905,#1904,#194,.F.);
#1435=EDGE_CURVE('',#1905,#1906,#2150,.F.);
#1436=EDGE_CURVE('',#1907,#1906,#195,.F.);
#1437=EDGE_CURVE('',#1907,#1908,#2151,.F.);
#1438=EDGE_CURVE('',#1909,#1908,#196,.F.);
#1439=EDGE_CURVE('',#1909,#1903,#2152,.T.);
#1440=EDGE_CURVE('',#1845,#1910,#197,.T.);
#1441=EDGE_CURVE('',#1911,#1845,#2153,.T.);
#1442=EDGE_CURVE('',#1911,#1910,#2154,.F.);
#1443=EDGE_CURVE('',#1807,#1912,#2155,.T.);
#1444=EDGE_CURVE('',#1912,#1913,#198,.T.);
#1445=EDGE_CURVE('',#1913,#1914,#2156,.T.);
#1446=EDGE_CURVE('',#1914,#1915,#199,.T.);
#1447=EDGE_CURVE('',#1915,#1916,#2157,.T.);
#1448=EDGE_CURVE('',#1916,#1917,#200,.T.);
#1449=EDGE_CURVE('',#1917,#1918,#2158,.F.);
#1450=EDGE_CURVE('',#1918,#1919,#201,.T.);
#1451=EDGE_CURVE('',#1919,#1824,#2159,.T.);
#1452=EDGE_CURVE('',#1808,#1823,#2160,.T.);
#1453=EDGE_CURVE('',#1920,#1921,#2161,.T.);
#1454=EDGE_CURVE('',#1920,#1922,#202,.T.);
#1455=EDGE_CURVE('',#1922,#1923,#2162,.T.);
#1456=EDGE_CURVE('',#1923,#1924,#203,.T.);
#1457=EDGE_CURVE('',#1924,#1925,#2163,.T.);
#1458=EDGE_CURVE('',#1925,#1926,#204,.T.);
#1459=EDGE_CURVE('',#1927,#1926,#2164,.T.);
#1460=EDGE_CURVE('',#1927,#1921,#205,.T.);
#1461=EDGE_CURVE('',#1928,#1929,#2165,.T.);
#1462=EDGE_CURVE('',#1928,#1930,#206,.T.);
#1463=EDGE_CURVE('',#1930,#1931,#2166,.T.);
#1464=EDGE_CURVE('',#1931,#1932,#207,.T.);
#1465=EDGE_CURVE('',#1932,#1929,#2167,.T.);
#1466=EDGE_CURVE('',#1933,#1934,#208,.F.);
#1467=EDGE_CURVE('',#1934,#1810,#2168,.F.);
#1468=EDGE_CURVE('',#1809,#1822,#2169,.T.);
#1469=EDGE_CURVE('',#1821,#1935,#2170,.F.);
#1470=EDGE_CURVE('',#1935,#1936,#209,.F.);
#1471=EDGE_CURVE('',#1936,#1937,#2171,.T.);
#1472=EDGE_CURVE('',#1937,#1938,#210,.F.);
#1473=EDGE_CURVE('',#1939,#1938,#2172,.T.);
#1474=EDGE_CURVE('',#1939,#1940,#211,.F.);
#1475=EDGE_CURVE('',#1940,#1933,#2173,.F.);
#1476=EDGE_CURVE('',#1941,#1942,#2174,.T.);
#1477=EDGE_CURVE('',#1941,#1943,#212,.F.);
#1478=EDGE_CURVE('',#1944,#1943,#2175,.T.);
#1479=EDGE_CURVE('',#1944,#1945,#213,.F.);
#1480=EDGE_CURVE('',#1945,#1946,#2176,.T.);
#1481=EDGE_CURVE('',#1946,#1947,#214,.F.);
#1482=EDGE_CURVE('',#1947,#1948,#2177,.T.);
#1483=EDGE_CURVE('',#1948,#1942,#215,.F.);
#1484=EDGE_CURVE('',#1949,#1950,#2178,.T.);
#1485=EDGE_CURVE('',#1949,#1951,#216,.F.);
#1486=EDGE_CURVE('',#1951,#1952,#2179,.T.);
#1487=EDGE_CURVE('',#1952,#1953,#217,.F.);
#1488=EDGE_CURVE('',#1954,#1953,#2180,.T.);
#1489=EDGE_CURVE('',#1954,#1950,#218,.F.);
#1490=EDGE_CURVE('',#1789,#1911,#219,.F.);
#1491=EDGE_CURVE('',#1828,#1776,#220,.F.);
#1492=EDGE_CURVE('',#1775,#1893,#221,.F.);
#1493=EDGE_CURVE('',#1892,#1790,#222,.F.);
#1494=EDGE_CURVE('',#1915,#1955,#140,.T.);
#1495=EDGE_CURVE('',#1955,#1956,#2181,.F.);
#1496=EDGE_CURVE('',#1956,#1939,#141,.F.);
#1497=EDGE_CURVE('',#1938,#1957,#142,.T.);
#1498=EDGE_CURVE('',#1957,#1958,#2182,.T.);
#1499=EDGE_CURVE('',#1958,#1916,#143,.F.);
#1500=EDGE_CURVE('',#1959,#1820,#2183,.T.);
#1501=EDGE_CURVE('',#1819,#1780,#2184,.F.);
#1502=EDGE_CURVE('',#1779,#1826,#2185,.T.);
#1503=EDGE_CURVE('',#1825,#1960,#2186,.F.);
#1504=EDGE_CURVE('',#1960,#1959,#2187,.T.);
#1505=EDGE_CURVE('',#1961,#1961,#223,.T.);
#1506=EDGE_CURVE('',#1962,#1962,#224,.T.);
#1507=EDGE_CURVE('',#1963,#1963,#225,.T.);
#1508=EDGE_CURVE('',#1964,#1964,#226,.T.);
#1509=EDGE_CURVE('',#1965,#1966,#2188,.T.);
#1510=EDGE_CURVE('',#1966,#1967,#227,.T.);
#1511=EDGE_CURVE('',#1967,#1968,#2189,.T.);
#1512=EDGE_CURVE('',#1968,#1969,#228,.T.);
#1513=EDGE_CURVE('',#1969,#1970,#2190,.T.);
#1514=EDGE_CURVE('',#1970,#1971,#2191,.T.);
#1515=EDGE_CURVE('',#1971,#1835,#229,.F.);
#1516=EDGE_CURVE('',#1834,#1972,#230,.F.);
#1517=EDGE_CURVE('',#1973,#1972,#2192,.T.);
#1518=EDGE_CURVE('',#1974,#1973,#2193,.T.);
#1519=EDGE_CURVE('',#1974,#1975,#231,.T.);
#1520=EDGE_CURVE('',#1976,#1975,#2194,.T.);
#1521=EDGE_CURVE('',#1976,#1977,#232,.T.);
#1522=EDGE_CURVE('',#1978,#1977,#2195,.T.);
#1523=EDGE_CURVE('',#1978,#1853,#2196,.T.);
#1524=EDGE_CURVE('',#1855,#1979,#233,.T.);
#1525=EDGE_CURVE('',#1980,#1979,#2197,.T.);
#1526=EDGE_CURVE('',#1980,#1889,#234,.T.);
#1527=EDGE_CURVE('',#1888,#1981,#235,.T.);
#1528=EDGE_CURVE('',#1981,#1982,#2198,.T.);
#1529=EDGE_CURVE('',#1982,#1833,#236,.T.);
#1530=EDGE_CURVE('',#1965,#1832,#2199,.T.);
#1531=EDGE_CURVE('',#1797,#1812,#2200,.F.);
#1532=EDGE_CURVE('',#1811,#1983,#2201,.T.);
#1533=EDGE_CURVE('',#1983,#1984,#2202,.F.);
#1534=EDGE_CURVE('',#1984,#1806,#2203,.F.);
#1535=EDGE_CURVE('',#1805,#1798,#2204,.T.);
#1536=EDGE_CURVE('',#1985,#1986,#2205,.F.);
#1537=EDGE_CURVE('',#1986,#1987,#2206,.F.);
#1538=EDGE_CURVE('',#1987,#1988,#2207,.F.);
#1539=EDGE_CURVE('',#1988,#1985,#2208,.T.);
#1540=EDGE_CURVE('',#1989,#1990,#2209,.T.);
#1541=EDGE_CURVE('',#1990,#1991,#2210,.T.);
#1542=EDGE_CURVE('',#1991,#1992,#2211,.T.);
#1543=EDGE_CURVE('',#1992,#1989,#2212,.F.);
#1544=EDGE_CURVE('',#1993,#1993,#237,.T.);
#1545=EDGE_CURVE('',#1994,#1994,#238,.T.);
#1546=EDGE_CURVE('',#1890,#1995,#239,.F.);
#1547=EDGE_CURVE('',#1995,#1996,#2213,.T.);
#1548=EDGE_CURVE('',#1996,#1854,#240,.F.);
#1549=EDGE_CURVE('',#1852,#1788,#241,.T.);
#1550=EDGE_CURVE('',#1787,#1891,#242,.T.);
#1551=EDGE_CURVE('',#1995,#1980,#2214,.F.);
#1552=EDGE_CURVE('',#1979,#1996,#2215,.T.);
#1553=EDGE_CURVE('',#1997,#1997,#243,.T.);
#1554=EDGE_CURVE('',#1998,#1998,#244,.T.);
#1555=EDGE_CURVE('',#1830,#1999,#245,.F.);
#1556=EDGE_CURVE('',#2000,#1999,#2216,.T.);
#1557=EDGE_CURVE('',#2000,#1886,#246,.F.);
#1558=EDGE_CURVE('',#1887,#1778,#247,.T.);
#1559=EDGE_CURVE('',#1777,#1831,#248,.T.);
#1560=EDGE_CURVE('',#1999,#1982,#2217,.F.);
#1561=EDGE_CURVE('',#1981,#2000,#2218,.T.);
#1562=EDGE_CURVE('',#1882,#1948,#2219,.F.);
#1563=EDGE_CURVE('',#1947,#1883,#2220,.T.);
#1564=EDGE_CURVE('',#1884,#1946,#2221,.F.);
#1565=EDGE_CURVE('',#1945,#1885,#2222,.T.);
#1566=EDGE_CURVE('',#1943,#1878,#2223,.T.);
#1567=EDGE_CURVE('',#1879,#1944,#2224,.F.);
#1568=EDGE_CURVE('',#1942,#1881,#2225,.T.);
#1569=EDGE_CURVE('',#1880,#1941,#2226,.F.);
#1570=EDGE_CURVE('',#1876,#1949,#2227,.F.);
#1571=EDGE_CURVE('',#1950,#1877,#2228,.T.);
#1572=EDGE_CURVE('',#1953,#1872,#2229,.T.);
#1573=EDGE_CURVE('',#1873,#1954,#2230,.F.);
#1574=EDGE_CURVE('',#1951,#1875,#2231,.T.);
#1575=EDGE_CURVE('',#1874,#1952,#2232,.F.);
#1576=EDGE_CURVE('',#1924,#1840,#2233,.F.);
#1577=EDGE_CURVE('',#1839,#1925,#2234,.T.);
#1578=EDGE_CURVE('',#1841,#1923,#2235,.T.);
#1579=EDGE_CURVE('',#1922,#1842,#2236,.F.);
#1580=EDGE_CURVE('',#1921,#2001,#2237,.F.);
#1581=EDGE_CURVE('',#2002,#2001,#2238,.T.);
#1582=EDGE_CURVE('',#2002,#1920,#2239,.T.);
#1583=EDGE_CURVE('',#1837,#1927,#2240,.T.);
#1584=EDGE_CURVE('',#1926,#1838,#2241,.F.);
#1585=EDGE_CURVE('',#1850,#1928,#2242,.T.);
#1586=EDGE_CURVE('',#2003,#1929,#2243,.T.);
#1587=EDGE_CURVE('',#2004,#2003,#2244,.T.);
#1588=EDGE_CURVE('',#2005,#2004,#2245,.T.);
#1589=EDGE_CURVE('',#2005,#1851,#139,.F.);
#1590=EDGE_CURVE('',#1932,#2006,#2246,.F.);
#1591=EDGE_CURVE('',#2006,#2003,#2247,.T.);
#1592=EDGE_CURVE('',#1930,#1849,#2248,.F.);
#1593=EDGE_CURVE('',#1848,#1931,#2249,.T.);
#1594=EDGE_CURVE('',#2006,#1847,#249,.F.);
#1595=EDGE_CURVE('',#2001,#2007,#250,.F.);
#1596=EDGE_CURVE('',#1836,#2008,#144,.T.);
#1597=EDGE_CURVE('',#2007,#2008,#2250,.T.);
#1598=EDGE_CURVE('',#1843,#2002,#251,.F.);
#1599=EDGE_CURVE('',#1910,#1852,#2251,.F.);
#1600=EDGE_CURVE('',#1831,#1829,#2252,.T.);
#1601=EDGE_CURVE('',#1991,#1956,#252,.T.);
#1602=EDGE_CURVE('',#1955,#1992,#253,.F.);
#1603=EDGE_CURVE('',#1983,#1990,#254,.T.);
#1604=EDGE_CURVE('',#1989,#1984,#255,.F.);
#1605=EDGE_CURVE('',#1957,#1986,#256,.T.);
#1606=EDGE_CURVE('',#1985,#1958,#257,.F.);
#1607=EDGE_CURVE('',#1987,#1959,#258,.T.);
#1608=EDGE_CURVE('',#1960,#1988,#259,.F.);
#1609=EDGE_CURVE('',#1940,#1991,#260,.T.);
#1610=EDGE_CURVE('',#1933,#1990,#261,.T.);
#1611=EDGE_CURVE('',#1934,#1983,#262,.T.);
#1612=EDGE_CURVE('',#1986,#1937,#263,.T.);
#1613=EDGE_CURVE('',#1987,#1936,#264,.T.);
#1614=EDGE_CURVE('',#1959,#1935,#265,.T.);
#1615=EDGE_CURVE('',#1992,#1914,#266,.T.);
#1616=EDGE_CURVE('',#1989,#1913,#267,.T.);
#1617=EDGE_CURVE('',#1984,#1912,#268,.T.);
#1618=EDGE_CURVE('',#1917,#1985,#269,.T.);
#1619=EDGE_CURVE('',#1918,#1988,#270,.T.);
#1620=EDGE_CURVE('',#1919,#1960,#271,.T.);
#1621=EDGE_CURVE('',#2009,#2010,#2253,.T.);
#1622=EDGE_CURVE('',#2010,#2011,#2254,.T.);
#1623=EDGE_CURVE('',#2011,#2012,#2255,.F.);
#1624=EDGE_CURVE('',#2012,#2009,#2256,.F.);
#1625=EDGE_CURVE('',#2013,#2014,#2257,.T.);
#1626=EDGE_CURVE('',#2014,#2015,#2258,.F.);
#1627=EDGE_CURVE('',#2015,#2016,#2259,.F.);
#1628=EDGE_CURVE('',#2016,#2013,#2260,.T.);
#1629=EDGE_CURVE('',#2017,#2018,#2261,.T.);
#1630=EDGE_CURVE('',#2018,#2019,#2262,.T.);
#1631=EDGE_CURVE('',#2019,#2020,#2263,.F.);
#1632=EDGE_CURVE('',#2020,#2017,#2264,.F.);
#1633=EDGE_CURVE('',#2021,#2022,#2265,.T.);
#1634=EDGE_CURVE('',#2022,#2023,#2266,.T.);
#1635=EDGE_CURVE('',#2023,#2024,#2267,.F.);
#1636=EDGE_CURVE('',#2024,#2021,#2268,.F.);
#1637=EDGE_CURVE('',#2025,#2010,#272,.F.);
#1638=EDGE_CURVE('',#2026,#2025,#273,.T.);
#1639=EDGE_CURVE('',#2010,#2026,#274,.F.);
#1640=EDGE_CURVE('',#2026,#1865,#275,.F.);
#1641=EDGE_CURVE('',#1864,#2025,#276,.F.);
#1642=EDGE_CURVE('',#2027,#2026,#2269,.F.);
#1643=EDGE_CURVE('',#2011,#2027,#277,.T.);
#1644=EDGE_CURVE('',#2028,#2009,#278,.T.);
#1645=EDGE_CURVE('',#2025,#2028,#2270,.F.);
#1646=EDGE_CURVE('',#1866,#2028,#279,.T.);
#1647=EDGE_CURVE('',#2027,#1871,#280,.T.);
#1648=EDGE_CURVE('',#2029,#2027,#281,.T.);
#1649=EDGE_CURVE('',#2011,#2029,#282,.F.);
#1650=EDGE_CURVE('',#2030,#2028,#283,.T.);
#1651=EDGE_CURVE('',#2030,#2009,#284,.F.);
#1652=EDGE_CURVE('',#1867,#2030,#285,.F.);
#1653=EDGE_CURVE('',#2029,#1870,#286,.F.);
#1654=EDGE_CURVE('',#2031,#2029,#2271,.T.);
#1655=EDGE_CURVE('',#2012,#2031,#287,.T.);
#1656=EDGE_CURVE('',#2030,#2032,#2272,.T.);
#1657=EDGE_CURVE('',#2032,#2012,#288,.T.);
#1658=EDGE_CURVE('',#1868,#2032,#289,.T.);
#1659=EDGE_CURVE('',#2031,#1869,#290,.T.);
#1660=EDGE_CURVE('',#2032,#2031,#291,.F.);
#1661=EDGE_CURVE('',#2033,#2021,#292,.F.);
#1662=EDGE_CURVE('',#2034,#2033,#293,.T.);
#1663=EDGE_CURVE('',#2021,#2034,#294,.F.);
#1664=EDGE_CURVE('',#2034,#1896,#295,.F.);
#1665=EDGE_CURVE('',#1897,#2033,#296,.F.);
#1666=EDGE_CURVE('',#2035,#2034,#2273,.F.);
#1667=EDGE_CURVE('',#2022,#2035,#297,.T.);
#1668=EDGE_CURVE('',#2036,#2024,#298,.T.);
#1669=EDGE_CURVE('',#2033,#2036,#2274,.T.);
#1670=EDGE_CURVE('',#1898,#2036,#299,.T.);
#1671=EDGE_CURVE('',#2035,#1894,#300,.T.);
#1672=EDGE_CURVE('',#2037,#2035,#301,.T.);
#1673=EDGE_CURVE('',#2022,#2037,#302,.F.);
#1674=EDGE_CURVE('',#2038,#2036,#303,.T.);
#1675=EDGE_CURVE('',#2038,#2024,#304,.F.);
#1676=EDGE_CURVE('',#1899,#2038,#305,.F.);
#1677=EDGE_CURVE('',#2037,#1895,#306,.F.);
#1678=EDGE_CURVE('',#2039,#2037,#2275,.F.);
#1679=EDGE_CURVE('',#2023,#2039,#307,.T.);
#1680=EDGE_CURVE('',#2038,#2040,#2276,.T.);
#1681=EDGE_CURVE('',#2040,#2023,#308,.T.);
#1682=EDGE_CURVE('',#1900,#2040,#309,.T.);
#1683=EDGE_CURVE('',#2039,#1901,#310,.T.);
#1684=EDGE_CURVE('',#2040,#2039,#311,.F.);
#1685=EDGE_CURVE('',#2041,#2013,#312,.T.);
#1686=EDGE_CURVE('',#2042,#2041,#2277,.F.);
#1687=EDGE_CURVE('',#2014,#2042,#313,.T.);
#1688=EDGE_CURVE('',#2041,#2043,#314,.F.);
#1689=EDGE_CURVE('',#2043,#2013,#315,.F.);
#1690=EDGE_CURVE('',#2042,#1861,#316,.T.);
#1691=EDGE_CURVE('',#1862,#2041,#317,.T.);
#1692=EDGE_CURVE('',#2044,#2042,#318,.T.);
#1693=EDGE_CURVE('',#2014,#2044,#319,.F.);
#1694=EDGE_CURVE('',#2045,#2016,#320,.T.);
#1695=EDGE_CURVE('',#2043,#2045,#2278,.F.);
#1696=EDGE_CURVE('',#1863,#2043,#321,.F.);
#1697=EDGE_CURVE('',#2044,#1860,#322,.F.);
#1698=EDGE_CURVE('',#2015,#2046,#323,.T.);
#1699=EDGE_CURVE('',#2046,#2044,#2279,.T.);
#1700=EDGE_CURVE('',#2015,#2047,#324,.F.);
#1701=EDGE_CURVE('',#2047,#2046,#325,.F.);
#1702=EDGE_CURVE('',#2045,#2048,#326,.F.);
#1703=EDGE_CURVE('',#2048,#2016,#327,.F.);
#1704=EDGE_CURVE('',#1857,#2045,#328,.T.);
#1705=EDGE_CURVE('',#2046,#1859,#329,.T.);
#1706=EDGE_CURVE('',#2048,#2047,#2280,.T.);
#1707=EDGE_CURVE('',#1856,#2048,#330,.F.);
#1708=EDGE_CURVE('',#2047,#1858,#331,.F.);
#1709=EDGE_CURVE('',#1903,#2049,#332,.T.);
#1710=EDGE_CURVE('',#2050,#1909,#333,.T.);
#1711=EDGE_CURVE('',#2049,#2050,#2281,.F.);
#1712=EDGE_CURVE('',#2050,#2051,#334,.F.);
#1713=EDGE_CURVE('',#2051,#1908,#335,.F.);
#1714=EDGE_CURVE('',#2049,#2020,#336,.T.);
#1715=EDGE_CURVE('',#2017,#2050,#337,.T.);
#1716=EDGE_CURVE('',#2052,#2049,#338,.T.);
#1717=EDGE_CURVE('',#1902,#2052,#339,.F.);
#1718=EDGE_CURVE('',#2053,#1907,#340,.T.);
#1719=EDGE_CURVE('',#2051,#2053,#2282,.T.);
#1720=EDGE_CURVE('',#2017,#2051,#341,.F.);
#1721=EDGE_CURVE('',#2052,#2020,#342,.F.);
#1722=EDGE_CURVE('',#1904,#2054,#343,.T.);
#1723=EDGE_CURVE('',#2054,#2052,#2283,.F.);
#1724=EDGE_CURVE('',#2055,#2054,#344,.F.);
#1725=EDGE_CURVE('',#1905,#2055,#345,.F.);
#1726=EDGE_CURVE('',#2053,#2056,#346,.F.);
#1727=EDGE_CURVE('',#2056,#1906,#347,.F.);
#1728=EDGE_CURVE('',#2018,#2053,#348,.T.);
#1729=EDGE_CURVE('',#2054,#2019,#349,.T.);
#1730=EDGE_CURVE('',#2056,#2055,#2284,.T.);
#1731=EDGE_CURVE('',#2018,#2056,#350,.F.);
#1732=EDGE_CURVE('',#2055,#2019,#351,.F.);
#1733=EDGE_CURVE('',#1847,#2004,#2285,.T.);
#1734=EDGE_CURVE('',#1972,#2005,#2286,.F.);
#1735=EDGE_CURVE('',#2057,#1846,#2287,.T.);
#1736=EDGE_CURVE('',#2057,#1973,#2288,.T.);
#1737=EDGE_CURVE('',#2058,#1910,#2289,.T.);
#1738=EDGE_CURVE('',#2057,#2058,#352,.T.);
#1739=EDGE_CURVE('',#2058,#1978,#2290,.F.);
#1740=EDGE_CURVE('',#1977,#2059,#2291,.F.);
#1741=EDGE_CURVE('',#2059,#2060,#353,.F.);
#1742=EDGE_CURVE('',#2060,#1974,#2292,.F.);
#1743=EDGE_CURVE('',#2061,#1975,#2293,.T.);
#1744=EDGE_CURVE('',#2061,#2062,#354,.T.);
#1745=EDGE_CURVE('',#1976,#2062,#2294,.T.);
#1746=EDGE_CURVE('',#2061,#2060,#355,.T.);
#1747=EDGE_CURVE('',#2062,#2059,#356,.T.);
#1748=EDGE_CURVE('',#1843,#2007,#2295,.T.);
#1749=EDGE_CURVE('',#2008,#1971,#2296,.T.);
#1750=EDGE_CURVE('',#2063,#1970,#2297,.T.);
#1751=EDGE_CURVE('',#2063,#1844,#2298,.T.);
#1752=EDGE_CURVE('',#2064,#1829,#2299,.T.);
#1753=EDGE_CURVE('',#2064,#1965,#2300,.F.);
#1754=EDGE_CURVE('',#2063,#2064,#357,.T.);
#1755=EDGE_CURVE('',#2065,#2066,#358,.F.);
#1756=EDGE_CURVE('',#2066,#1966,#2301,.T.);
#1757=EDGE_CURVE('',#1969,#2065,#2302,.T.);
#1758=EDGE_CURVE('',#2067,#1968,#2303,.T.);
#1759=EDGE_CURVE('',#1967,#2068,#2304,.T.);
#1760=EDGE_CURVE('',#2067,#2068,#359,.T.);
#1761=EDGE_CURVE('',#2065,#2067,#360,.T.);
#1762=EDGE_CURVE('',#2066,#2068,#361,.T.);
#1763=EDGE_CURVE('',#1813,#1786,#2305,.F.);
#1764=EDGE_CURVE('',#1785,#1814,#2306,.T.);
#1765=EDGE_CURVE('',#1815,#1784,#2307,.F.);
#1766=EDGE_CURVE('',#1783,#1816,#2308,.T.);
#1767=EDGE_CURVE('',#1781,#1818,#2309,.T.);
#1768=EDGE_CURVE('',#1817,#1782,#2310,.F.);
#1769=EDGE_CURVE('',#1793,#1802,#2311,.F.);
#1770=EDGE_CURVE('',#1801,#1794,#2312,.T.);
#1771=EDGE_CURVE('',#1795,#1799,#2313,.F.);
#1772=EDGE_CURVE('',#1800,#1796,#2314,.T.);
#1773=EDGE_CURVE('',#1803,#1792,#2315,.T.);
#1774=EDGE_CURVE('',#1791,#1804,#2316,.F.);
#1775=VERTEX_POINT('',#4691);
#1776=VERTEX_POINT('',#4692);
#1777=VERTEX_POINT('',#4694);
#1778=VERTEX_POINT('',#4696);
#1779=VERTEX_POINT('',#4699);
#1780=VERTEX_POINT('',#4700);
#1781=VERTEX_POINT('',#4702);
#1782=VERTEX_POINT('',#4704);
#1783=VERTEX_POINT('',#4706);
#1784=VERTEX_POINT('',#4708);
#1785=VERTEX_POINT('',#4710);
#1786=VERTEX_POINT('',#4712);
#1787=VERTEX_POINT('',#4716);
#1788=VERTEX_POINT('',#4717);
#1789=VERTEX_POINT('',#4719);
#1790=VERTEX_POINT('',#4721);
#1791=VERTEX_POINT('',#4724);
#1792=VERTEX_POINT('',#4725);
#1793=VERTEX_POINT('',#4727);
#1794=VERTEX_POINT('',#4729);
#1795=VERTEX_POINT('',#4731);
#1796=VERTEX_POINT('',#4733);
#1797=VERTEX_POINT('',#4735);
#1798=VERTEX_POINT('',#4737);
#1799=VERTEX_POINT('',#4741);
#1800=VERTEX_POINT('',#4742);
#1801=VERTEX_POINT('',#4744);
#1802=VERTEX_POINT('',#4746);
#1803=VERTEX_POINT('',#4748);
#1804=VERTEX_POINT('',#4750);
#1805=VERTEX_POINT('',#4752);
#1806=VERTEX_POINT('',#4754);
#1807=VERTEX_POINT('',#4756);
#1808=VERTEX_POINT('',#4758);
#1809=VERTEX_POINT('',#4760);
#1810=VERTEX_POINT('',#4762);
#1811=VERTEX_POINT('',#4764);
#1812=VERTEX_POINT('',#4766);
#1813=VERTEX_POINT('',#4770);
#1814=VERTEX_POINT('',#4771);
#1815=VERTEX_POINT('',#4773);
#1816=VERTEX_POINT('',#4775);
#1817=VERTEX_POINT('',#4777);
#1818=VERTEX_POINT('',#4779);
#1819=VERTEX_POINT('',#4781);
#1820=VERTEX_POINT('',#4783);
#1821=VERTEX_POINT('',#4785);
#1822=VERTEX_POINT('',#4787);
#1823=VERTEX_POINT('',#4789);
#1824=VERTEX_POINT('',#4791);
#1825=VERTEX_POINT('',#4793);
#1826=VERTEX_POINT('',#4795);
#1827=VERTEX_POINT('',#4799);
#1828=VERTEX_POINT('',#4800);
#1829=VERTEX_POINT('',#4802);
#1830=VERTEX_POINT('',#4806);
#1831=VERTEX_POINT('',#4807);
#1832=VERTEX_POINT('',#4809);
#1833=VERTEX_POINT('',#4811);
#1834=VERTEX_POINT('',#4815);
#1835=VERTEX_POINT('',#4816);
#1836=VERTEX_POINT('',#4818);
#1837=VERTEX_POINT('',#4820);
#1838=VERTEX_POINT('',#4822);
#1839=VERTEX_POINT('',#4824);
#1840=VERTEX_POINT('',#4826);
#1841=VERTEX_POINT('',#4828);
#1842=VERTEX_POINT('',#4830);
#1843=VERTEX_POINT('',#4832);
#1844=VERTEX_POINT('',#4834);
#1845=VERTEX_POINT('',#4837);
#1846=VERTEX_POINT('',#4839);
#1847=VERTEX_POINT('',#4841);
#1848=VERTEX_POINT('',#4843);
#1849=VERTEX_POINT('',#4845);
#1850=VERTEX_POINT('',#4847);
#1851=VERTEX_POINT('',#4849);
#1852=VERTEX_POINT('',#4853);
#1853=VERTEX_POINT('',#4854);
#1854=VERTEX_POINT('',#4856);
#1855=VERTEX_POINT('',#4858);
#1856=VERTEX_POINT('',#4862);
#1857=VERTEX_POINT('',#4863);
#1858=VERTEX_POINT('',#4865);
#1859=VERTEX_POINT('',#4867);
#1860=VERTEX_POINT('',#4869);
#1861=VERTEX_POINT('',#4871);
#1862=VERTEX_POINT('',#4873);
#1863=VERTEX_POINT('',#4875);
#1864=VERTEX_POINT('',#4878);
#1865=VERTEX_POINT('',#4879);
#1866=VERTEX_POINT('',#4881);
#1867=VERTEX_POINT('',#4883);
#1868=VERTEX_POINT('',#4885);
#1869=VERTEX_POINT('',#4887);
#1870=VERTEX_POINT('',#4889);
#1871=VERTEX_POINT('',#4891);
#1872=VERTEX_POINT('',#4894);
#1873=VERTEX_POINT('',#4895);
#1874=VERTEX_POINT('',#4897);
#1875=VERTEX_POINT('',#4899);
#1876=VERTEX_POINT('',#4901);
#1877=VERTEX_POINT('',#4903);
#1878=VERTEX_POINT('',#4906);
#1879=VERTEX_POINT('',#4907);
#1880=VERTEX_POINT('',#4909);
#1881=VERTEX_POINT('',#4911);
#1882=VERTEX_POINT('',#4913);
#1883=VERTEX_POINT('',#4915);
#1884=VERTEX_POINT('',#4917);
#1885=VERTEX_POINT('',#4919);
#1886=VERTEX_POINT('',#4922);
#1887=VERTEX_POINT('',#4923);
#1888=VERTEX_POINT('',#4925);
#1889=VERTEX_POINT('',#4927);
#1890=VERTEX_POINT('',#4929);
#1891=VERTEX_POINT('',#4931);
#1892=VERTEX_POINT('',#4933);
#1893=VERTEX_POINT('',#4935);
#1894=VERTEX_POINT('',#4938);
#1895=VERTEX_POINT('',#4939);
#1896=VERTEX_POINT('',#4941);
#1897=VERTEX_POINT('',#4943);
#1898=VERTEX_POINT('',#4945);
#1899=VERTEX_POINT('',#4947);
#1900=VERTEX_POINT('',#4949);
#1901=VERTEX_POINT('',#4951);
#1902=VERTEX_POINT('',#4954);
#1903=VERTEX_POINT('',#4955);
#1904=VERTEX_POINT('',#4957);
#1905=VERTEX_POINT('',#4959);
#1906=VERTEX_POINT('',#4961);
#1907=VERTEX_POINT('',#4963);
#1908=VERTEX_POINT('',#4965);
#1909=VERTEX_POINT('',#4967);
#1910=VERTEX_POINT('',#4971);
#1911=VERTEX_POINT('',#4973);
#1912=VERTEX_POINT('',#4977);
#1913=VERTEX_POINT('',#4979);
#1914=VERTEX_POINT('',#4981);
#1915=VERTEX_POINT('',#4983);
#1916=VERTEX_POINT('',#4985);
#1917=VERTEX_POINT('',#4987);
#1918=VERTEX_POINT('',#4989);
#1919=VERTEX_POINT('',#4991);
#1920=VERTEX_POINT('',#4995);
#1921=VERTEX_POINT('',#4996);
#1922=VERTEX_POINT('',#4998);
#1923=VERTEX_POINT('',#5000);
#1924=VERTEX_POINT('',#5002);
#1925=VERTEX_POINT('',#5004);
#1926=VERTEX_POINT('',#5006);
#1927=VERTEX_POINT('',#5008);
#1928=VERTEX_POINT('',#5011);
#1929=VERTEX_POINT('',#5012);
#1930=VERTEX_POINT('',#5014);
#1931=VERTEX_POINT('',#5016);
#1932=VERTEX_POINT('',#5018);
#1933=VERTEX_POINT('',#5022);
#1934=VERTEX_POINT('',#5023);
#1935=VERTEX_POINT('',#5027);
#1936=VERTEX_POINT('',#5029);
#1937=VERTEX_POINT('',#5031);
#1938=VERTEX_POINT('',#5033);
#1939=VERTEX_POINT('',#5035);
#1940=VERTEX_POINT('',#5037);
#1941=VERTEX_POINT('',#5040);
#1942=VERTEX_POINT('',#5041);
#1943=VERTEX_POINT('',#5043);
#1944=VERTEX_POINT('',#5045);
#1945=VERTEX_POINT('',#5047);
#1946=VERTEX_POINT('',#5049);
#1947=VERTEX_POINT('',#5051);
#1948=VERTEX_POINT('',#5053);
#1949=VERTEX_POINT('',#5056);
#1950=VERTEX_POINT('',#5057);
#1951=VERTEX_POINT('',#5059);
#1952=VERTEX_POINT('',#5061);
#1953=VERTEX_POINT('',#5063);
#1954=VERTEX_POINT('',#5065);
#1955=VERTEX_POINT('',#5078);
#1956=VERTEX_POINT('',#5080);
#1957=VERTEX_POINT('',#5093);
#1958=VERTEX_POINT('',#5095);
#1959=VERTEX_POINT('',#5104);
#1960=VERTEX_POINT('',#5108);
#1961=VERTEX_POINT('',#5112);
#1962=VERTEX_POINT('',#5114);
#1963=VERTEX_POINT('',#5116);
#1964=VERTEX_POINT('',#5118);
#1965=VERTEX_POINT('',#5120);
#1966=VERTEX_POINT('',#5121);
#1967=VERTEX_POINT('',#5123);
#1968=VERTEX_POINT('',#5125);
#1969=VERTEX_POINT('',#5127);
#1970=VERTEX_POINT('',#5129);
#1971=VERTEX_POINT('',#5131);
#1972=VERTEX_POINT('',#5134);
#1973=VERTEX_POINT('',#5136);
#1974=VERTEX_POINT('',#5138);
#1975=VERTEX_POINT('',#5140);
#1976=VERTEX_POINT('',#5142);
#1977=VERTEX_POINT('',#5144);
#1978=VERTEX_POINT('',#5146);
#1979=VERTEX_POINT('',#5149);
#1980=VERTEX_POINT('',#5151);
#1981=VERTEX_POINT('',#5154);
#1982=VERTEX_POINT('',#5156);
#1983=VERTEX_POINT('',#5162);
#1984=VERTEX_POINT('',#5164);
#1985=VERTEX_POINT('',#5169);
#1986=VERTEX_POINT('',#5170);
#1987=VERTEX_POINT('',#5172);
#1988=VERTEX_POINT('',#5174);
#1989=VERTEX_POINT('',#5178);
#1990=VERTEX_POINT('',#5179);
#1991=VERTEX_POINT('',#5181);
#1992=VERTEX_POINT('',#5183);
#1993=VERTEX_POINT('',#5187);
#1994=VERTEX_POINT('',#5189);
#1995=VERTEX_POINT('',#5191);
#1996=VERTEX_POINT('',#5193);
#1997=VERTEX_POINT('',#5202);
#1998=VERTEX_POINT('',#5204);
#1999=VERTEX_POINT('',#5206);
#2000=VERTEX_POINT('',#5208);
#2001=VERTEX_POINT('',#5244);
#2002=VERTEX_POINT('',#5246);
#2003=VERTEX_POINT('',#5254);
#2004=VERTEX_POINT('',#5256);
#2005=VERTEX_POINT('',#5258);
#2006=VERTEX_POINT('',#5262);
#2007=VERTEX_POINT('',#5272);
#2008=VERTEX_POINT('',#5279);
#2009=VERTEX_POINT('',#5348);
#2010=VERTEX_POINT('',#5349);
#2011=VERTEX_POINT('',#5351);
#2012=VERTEX_POINT('',#5353);
#2013=VERTEX_POINT('',#5357);
#2014=VERTEX_POINT('',#5358);
#2015=VERTEX_POINT('',#5360);
#2016=VERTEX_POINT('',#5362);
#2017=VERTEX_POINT('',#5366);
#2018=VERTEX_POINT('',#5367);
#2019=VERTEX_POINT('',#5369);
#2020=VERTEX_POINT('',#5371);
#2021=VERTEX_POINT('',#5375);
#2022=VERTEX_POINT('',#5376);
#2023=VERTEX_POINT('',#5378);
#2024=VERTEX_POINT('',#5380);
#2025=VERTEX_POINT('',#5384);
#2026=VERTEX_POINT('',#5386);
#2027=VERTEX_POINT('',#5393);
#2028=VERTEX_POINT('',#5397);
#2029=VERTEX_POINT('',#5405);
#2030=VERTEX_POINT('',#5409);
#2031=VERTEX_POINT('',#5417);
#2032=VERTEX_POINT('',#5421);
#2033=VERTEX_POINT('',#5432);
#2034=VERTEX_POINT('',#5434);
#2035=VERTEX_POINT('',#5441);
#2036=VERTEX_POINT('',#5445);
#2037=VERTEX_POINT('',#5453);
#2038=VERTEX_POINT('',#5457);
#2039=VERTEX_POINT('',#5465);
#2040=VERTEX_POINT('',#5469);
#2041=VERTEX_POINT('',#5480);
#2042=VERTEX_POINT('',#5482);
#2043=VERTEX_POINT('',#5486);
#2044=VERTEX_POINT('',#5493);
#2045=VERTEX_POINT('',#5497);
#2046=VERTEX_POINT('',#5505);
#2047=VERTEX_POINT('',#5509);
#2048=VERTEX_POINT('',#5513);
#2049=VERTEX_POINT('',#5528);
#2050=VERTEX_POINT('',#5530);
#2051=VERTEX_POINT('',#5534);
#2052=VERTEX_POINT('',#5541);
#2053=VERTEX_POINT('',#5545);
#2054=VERTEX_POINT('',#5553);
#2055=VERTEX_POINT('',#5557);
#2056=VERTEX_POINT('',#5561);
#2057=VERTEX_POINT('',#5579);
#2058=VERTEX_POINT('',#5583);
#2059=VERTEX_POINT('',#5589);
#2060=VERTEX_POINT('',#5591);
#2061=VERTEX_POINT('',#5595);
#2062=VERTEX_POINT('',#5597);
#2063=VERTEX_POINT('',#5610);
#2064=VERTEX_POINT('',#5614);
#2065=VERTEX_POINT('',#5620);
#2066=VERTEX_POINT('',#5621);
#2067=VERTEX_POINT('',#5626);
#2068=VERTEX_POINT('',#5628);
#2069=LINE('',#4690,#2317);
#2070=LINE('',#4693,#2318);
#2071=LINE('',#4695,#2319);
#2072=LINE('',#4697,#2320);
#2073=LINE('',#4698,#2321);
#2074=LINE('',#4703,#2322);
#2075=LINE('',#4707,#2323);
#2076=LINE('',#4711,#2324);
#2077=LINE('',#4715,#2325);
#2078=LINE('',#4718,#2326);
#2079=LINE('',#4720,#2327);
#2080=LINE('',#4722,#2328);
#2081=LINE('',#4723,#2329);
#2082=LINE('',#4728,#2330);
#2083=LINE('',#4732,#2331);
#2084=LINE('',#4736,#2332);
#2085=LINE('',#4740,#2333);
#2086=LINE('',#4745,#2334);
#2087=LINE('',#4749,#2335);
#2088=LINE('',#4753,#2336);
#2089=LINE('',#4757,#2337);
#2090=LINE('',#4759,#2338);
#2091=LINE('',#4761,#2339);
#2092=LINE('',#4765,#2340);
#2093=LINE('',#4769,#2341);
#2094=LINE('',#4774,#2342);
#2095=LINE('',#4778,#2343);
#2096=LINE('',#4782,#2344);
#2097=LINE('',#4786,#2345);
#2098=LINE('',#4788,#2346);
#2099=LINE('',#4790,#2347);
#2100=LINE('',#4794,#2348);
#2101=LINE('',#4798,#2349);
#2102=LINE('',#4803,#2350);
#2103=LINE('',#4805,#2351);
#2104=LINE('',#4808,#2352);
#2105=LINE('',#4810,#2353);
#2106=LINE('',#4812,#2354);
#2107=LINE('',#4814,#2355);
#2108=LINE('',#4817,#2356);
#2109=LINE('',#4821,#2357);
#2110=LINE('',#4825,#2358);
#2111=LINE('',#4829,#2359);
#2112=LINE('',#4833,#2360);
#2113=LINE('',#4836,#2361);
#2114=LINE('',#4840,#2362);
#2115=LINE('',#4844,#2363);
#2116=LINE('',#4848,#2364);
#2117=LINE('',#4850,#2365);
#2118=LINE('',#4852,#2366);
#2119=LINE('',#4855,#2367);
#2120=LINE('',#4857,#2368);
#2121=LINE('',#4859,#2369);
#2122=LINE('',#4864,#2370);
#2123=LINE('',#4868,#2371);
#2124=LINE('',#4872,#2372);
#2125=LINE('',#4876,#2373);
#2126=LINE('',#4880,#2374);
#2127=LINE('',#4884,#2375);
#2128=LINE('',#4888,#2376);
#2129=LINE('',#4892,#2377);
#2130=LINE('',#4893,#2378);
#2131=LINE('',#4898,#2379);
#2132=LINE('',#4902,#2380);
#2133=LINE('',#4905,#2381);
#2134=LINE('',#4910,#2382);
#2135=LINE('',#4914,#2383);
#2136=LINE('',#4918,#2384);
#2137=LINE('',#4921,#2385);
#2138=LINE('',#4924,#2386);
#2139=LINE('',#4926,#2387);
#2140=LINE('',#4928,#2388);
#2141=LINE('',#4930,#2389);
#2142=LINE('',#4932,#2390);
#2143=LINE('',#4934,#2391);
#2144=LINE('',#4936,#2392);
#2145=LINE('',#4940,#2393);
#2146=LINE('',#4944,#2394);
#2147=LINE('',#4948,#2395);
#2148=LINE('',#4952,#2396);
#2149=LINE('',#4956,#2397);
#2150=LINE('',#4960,#2398);
#2151=LINE('',#4964,#2399);
#2152=LINE('',#4968,#2400);
#2153=LINE('',#4972,#2401);
#2154=LINE('',#4974,#2402);
#2155=LINE('',#4976,#2403);
#2156=LINE('',#4980,#2404);
#2157=LINE('',#4984,#2405);
#2158=LINE('',#4988,#2406);
#2159=LINE('',#4992,#2407);
#2160=LINE('',#4993,#2408);
#2161=LINE('',#4994,#2409);
#2162=LINE('',#4999,#2410);
#2163=LINE('',#5003,#2411);
#2164=LINE('',#5007,#2412);
#2165=LINE('',#5010,#2413);
#2166=LINE('',#5015,#2414);
#2167=LINE('',#5019,#2415);
#2168=LINE('',#5024,#2416);
#2169=LINE('',#5025,#2417);
#2170=LINE('',#5026,#2418);
#2171=LINE('',#5030,#2419);
#2172=LINE('',#5034,#2420);
#2173=LINE('',#5038,#2421);
#2174=LINE('',#5039,#2422);
#2175=LINE('',#5044,#2423);
#2176=LINE('',#5048,#2424);
#2177=LINE('',#5052,#2425);
#2178=LINE('',#5055,#2426);
#2179=LINE('',#5060,#2427);
#2180=LINE('',#5064,#2428);
#2181=LINE('',#5079,#2429);
#2182=LINE('',#5094,#2430);
#2183=LINE('',#5103,#2431);
#2184=LINE('',#5105,#2432);
#2185=LINE('',#5106,#2433);
#2186=LINE('',#5107,#2434);
#2187=LINE('',#5109,#2435);
#2188=LINE('',#5119,#2436);
#2189=LINE('',#5124,#2437);
#2190=LINE('',#5128,#2438);
#2191=LINE('',#5130,#2439);
#2192=LINE('',#5135,#2440);
#2193=LINE('',#5137,#2441);
#2194=LINE('',#5141,#2442);
#2195=LINE('',#5145,#2443);
#2196=LINE('',#5147,#2444);
#2197=LINE('',#5150,#2445);
#2198=LINE('',#5155,#2446);
#2199=LINE('',#5158,#2447);
#2200=LINE('',#5160,#2448);
#2201=LINE('',#5161,#2449);
#2202=LINE('',#5163,#2450);
#2203=LINE('',#5165,#2451);
#2204=LINE('',#5166,#2452);
#2205=LINE('',#5168,#2453);
#2206=LINE('',#5171,#2454);
#2207=LINE('',#5173,#2455);
#2208=LINE('',#5175,#2456);
#2209=LINE('',#5177,#2457);
#2210=LINE('',#5180,#2458);
#2211=LINE('',#5182,#2459);
#2212=LINE('',#5184,#2460);
#2213=LINE('',#5192,#2461);
#2214=LINE('',#5198,#2462);
#2215=LINE('',#5199,#2463);
#2216=LINE('',#5207,#2464);
#2217=LINE('',#5213,#2465);
#2218=LINE('',#5214,#2466);
#2219=LINE('',#5216,#2467);
#2220=LINE('',#5217,#2468);
#2221=LINE('',#5219,#2469);
#2222=LINE('',#5220,#2470);
#2223=LINE('',#5222,#2471);
#2224=LINE('',#5223,#2472);
#2225=LINE('',#5225,#2473);
#2226=LINE('',#5226,#2474);
#2227=LINE('',#5228,#2475);
#2228=LINE('',#5229,#2476);
#2229=LINE('',#5231,#2477);
#2230=LINE('',#5232,#2478);
#2231=LINE('',#5234,#2479);
#2232=LINE('',#5235,#2480);
#2233=LINE('',#5237,#2481);
#2234=LINE('',#5238,#2482);
#2235=LINE('',#5240,#2483);
#2236=LINE('',#5241,#2484);
#2237=LINE('',#5243,#2485);
#2238=LINE('',#5245,#2486);
#2239=LINE('',#5247,#2487);
#2240=LINE('',#5249,#2488);
#2241=LINE('',#5250,#2489);
#2242=LINE('',#5252,#2490);
#2243=LINE('',#5253,#2491);
#2244=LINE('',#5255,#2492);
#2245=LINE('',#5257,#2493);
#2246=LINE('',#5261,#2494);
#2247=LINE('',#5263,#2495);
#2248=LINE('',#5265,#2496);
#2249=LINE('',#5266,#2497);
#2250=LINE('',#5280,#2498);
#2251=LINE('',#5293,#2499);
#2252=LINE('',#5296,#2500);
#2253=LINE('',#5347,#2501);
#2254=LINE('',#5350,#2502);
#2255=LINE('',#5352,#2503);
#2256=LINE('',#5354,#2504);
#2257=LINE('',#5356,#2505);
#2258=LINE('',#5359,#2506);
#2259=LINE('',#5361,#2507);
#2260=LINE('',#5363,#2508);
#2261=LINE('',#5365,#2509);
#2262=LINE('',#5368,#2510);
#2263=LINE('',#5370,#2511);
#2264=LINE('',#5372,#2512);
#2265=LINE('',#5374,#2513);
#2266=LINE('',#5377,#2514);
#2267=LINE('',#5379,#2515);
#2268=LINE('',#5381,#2516);
#2269=LINE('',#5392,#2517);
#2270=LINE('',#5398,#2518);
#2271=LINE('',#5416,#2519);
#2272=LINE('',#5420,#2520);
#2273=LINE('',#5440,#2521);
#2274=LINE('',#5446,#2522);
#2275=LINE('',#5464,#2523);
#2276=LINE('',#5468,#2524);
#2277=LINE('',#5481,#2525);
#2278=LINE('',#5498,#2526);
#2279=LINE('',#5506,#2527);
#2280=LINE('',#5520,#2528);
#2281=LINE('',#5531,#2529);
#2282=LINE('',#5546,#2530);
#2283=LINE('',#5554,#2531);
#2284=LINE('',#5568,#2532);
#2285=LINE('',#5575,#2533);
#2286=LINE('',#5577,#2534);
#2287=LINE('',#5578,#2535);
#2288=LINE('',#5580,#2536);
#2289=LINE('',#5582,#2537);
#2290=LINE('',#5586,#2538);
#2291=LINE('',#5588,#2539);
#2292=LINE('',#5592,#2540);
#2293=LINE('',#5594,#2541);
#2294=LINE('',#5598,#2542);
#2295=LINE('',#5606,#2543);
#2296=LINE('',#5608,#2544);
#2297=LINE('',#5609,#2545);
#2298=LINE('',#5611,#2546);
#2299=LINE('',#5613,#2547);
#2300=LINE('',#5615,#2548);
#2301=LINE('',#5622,#2549);
#2302=LINE('',#5623,#2550);
#2303=LINE('',#5625,#2551);
#2304=LINE('',#5627,#2552);
#2305=LINE('',#5637,#2553);
#2306=LINE('',#5638,#2554);
#2307=LINE('',#5640,#2555);
#2308=LINE('',#5641,#2556);
#2309=LINE('',#5643,#2557);
#2310=LINE('',#5644,#2558);
#2311=LINE('',#5646,#2559);
#2312=LINE('',#5647,#2560);
#2313=LINE('',#5649,#2561);
#2314=LINE('',#5650,#2562);
#2315=LINE('',#5652,#2563);
#2316=LINE('',#5653,#2564);
#2317=VECTOR('',#3640,1.);
#2318=VECTOR('',#3641,1.);
#2319=VECTOR('',#3642,1.);
#2320=VECTOR('',#3643,1.);
#2321=VECTOR('',#3644,1.);
#2322=VECTOR('',#3647,1.);
#2323=VECTOR('',#3650,1.);
#2324=VECTOR('',#3653,1.);
#2325=VECTOR('',#3658,1.);
#2326=VECTOR('',#3659,1.);
#2327=VECTOR('',#3660,1.);
#2328=VECTOR('',#3661,1.);
#2329=VECTOR('',#3662,1.);
#2330=VECTOR('',#3665,1.);
#2331=VECTOR('',#3668,1.);
#2332=VECTOR('',#3671,1.);
#2333=VECTOR('',#3676,1.);
#2334=VECTOR('',#3679,1.);
#2335=VECTOR('',#3682,1.);
#2336=VECTOR('',#3685,1.);
#2337=VECTOR('',#3688,1.);
#2338=VECTOR('',#3689,1.);
#2339=VECTOR('',#3690,1.);
#2340=VECTOR('',#3693,1.);
#2341=VECTOR('',#3698,1.);
#2342=VECTOR('',#3701,1.);
#2343=VECTOR('',#3704,1.);
#2344=VECTOR('',#3707,1.);
#2345=VECTOR('',#3710,1.);
#2346=VECTOR('',#3711,1.);
#2347=VECTOR('',#3712,1.);
#2348=VECTOR('',#3715,1.);
#2349=VECTOR('',#3720,1.);
#2350=VECTOR('',#3723,1.);
#2351=VECTOR('',#3726,1.);
#2352=VECTOR('',#3727,1.);
#2353=VECTOR('',#3728,1.);
#2354=VECTOR('',#3729,1.);
#2355=VECTOR('',#3732,1.);
#2356=VECTOR('',#3733,1.);
#2357=VECTOR('',#3736,1.);
#2358=VECTOR('',#3739,1.);
#2359=VECTOR('',#3742,1.);
#2360=VECTOR('',#3745,1.);
#2361=VECTOR('',#3748,1.);
#2362=VECTOR('',#3751,1.);
#2363=VECTOR('',#3754,1.);
#2364=VECTOR('',#3757,1.);
#2365=VECTOR('',#3758,1.);
#2366=VECTOR('',#3761,1.);
#2367=VECTOR('',#3762,1.);
#2368=VECTOR('',#3763,1.);
#2369=VECTOR('',#3764,1.);
#2370=VECTOR('',#3769,1.);
#2371=VECTOR('',#3772,1.);
#2372=VECTOR('',#3775,1.);
#2373=VECTOR('',#3778,1.);
#2374=VECTOR('',#3781,1.);
#2375=VECTOR('',#3784,1.);
#2376=VECTOR('',#3787,1.);
#2377=VECTOR('',#3790,1.);
#2378=VECTOR('',#3791,1.);
#2379=VECTOR('',#3794,1.);
#2380=VECTOR('',#3797,1.);
#2381=VECTOR('',#3800,1.);
#2382=VECTOR('',#3803,1.);
#2383=VECTOR('',#3806,1.);
#2384=VECTOR('',#3809,1.);
#2385=VECTOR('',#3812,1.);
#2386=VECTOR('',#3813,1.);
#2387=VECTOR('',#3814,1.);
#2388=VECTOR('',#3815,1.);
#2389=VECTOR('',#3816,1.);
#2390=VECTOR('',#3817,1.);
#2391=VECTOR('',#3818,1.);
#2392=VECTOR('',#3819,1.);
#2393=VECTOR('',#3822,1.);
#2394=VECTOR('',#3825,1.);
#2395=VECTOR('',#3828,1.);
#2396=VECTOR('',#3831,1.);
#2397=VECTOR('',#3834,1.);
#2398=VECTOR('',#3837,1.);
#2399=VECTOR('',#3840,1.);
#2400=VECTOR('',#3843,1.);
#2401=VECTOR('',#3848,1.);
#2402=VECTOR('',#3849,1.);
#2403=VECTOR('',#3852,1.);
#2404=VECTOR('',#3855,1.);
#2405=VECTOR('',#3858,1.);
#2406=VECTOR('',#3861,1.);
#2407=VECTOR('',#3864,1.);
#2408=VECTOR('',#3865,1.);
#2409=VECTOR('',#3866,1.);
#2410=VECTOR('',#3869,1.);
#2411=VECTOR('',#3872,1.);
#2412=VECTOR('',#3875,1.);
#2413=VECTOR('',#3878,1.);
#2414=VECTOR('',#3881,1.);
#2415=VECTOR('',#3884,1.);
#2416=VECTOR('',#3889,1.);
#2417=VECTOR('',#3890,1.);
#2418=VECTOR('',#3891,1.);
#2419=VECTOR('',#3894,1.);
#2420=VECTOR('',#3897,1.);
#2421=VECTOR('',#3900,1.);
#2422=VECTOR('',#3901,1.);
#2423=VECTOR('',#3904,1.);
#2424=VECTOR('',#3907,1.);
#2425=VECTOR('',#3910,1.);
#2426=VECTOR('',#3913,1.);
#2427=VECTOR('',#3916,1.);
#2428=VECTOR('',#3919,1.);
#2429=VECTOR('',#3932,1.);
#2430=VECTOR('',#3933,1.);
#2431=VECTOR('',#3936,1.);
#2432=VECTOR('',#3937,1.);
#2433=VECTOR('',#3938,1.);
#2434=VECTOR('',#3939,1.);
#2435=VECTOR('',#3940,1.);
#2436=VECTOR('',#3951,1.);
#2437=VECTOR('',#3954,1.);
#2438=VECTOR('',#3957,1.);
#2439=VECTOR('',#3958,1.);
#2440=VECTOR('',#3963,1.);
#2441=VECTOR('',#3964,1.);
#2442=VECTOR('',#3967,1.);
#2443=VECTOR('',#3970,1.);
#2444=VECTOR('',#3971,1.);
#2445=VECTOR('',#3974,1.);
#2446=VECTOR('',#3979,1.);
#2447=VECTOR('',#3982,1.);
#2448=VECTOR('',#3985,1.);
#2449=VECTOR('',#3986,1.);
#2450=VECTOR('',#3987,1.);
#2451=VECTOR('',#3988,1.);
#2452=VECTOR('',#3989,1.);
#2453=VECTOR('',#3992,1.);
#2454=VECTOR('',#3993,1.);
#2455=VECTOR('',#3994,1.);
#2456=VECTOR('',#3995,1.);
#2457=VECTOR('',#3998,1.);
#2458=VECTOR('',#3999,1.);
#2459=VECTOR('',#4000,1.);
#2460=VECTOR('',#4001,1.);
#2461=VECTOR('',#4010,1.);
#2462=VECTOR('',#4019,1.);
#2463=VECTOR('',#4020,1.);
#2464=VECTOR('',#4029,1.);
#2465=VECTOR('',#4038,1.);
#2466=VECTOR('',#4039,1.);
#2467=VECTOR('',#4042,1.);
#2468=VECTOR('',#4043,1.);
#2469=VECTOR('',#4046,1.);
#2470=VECTOR('',#4047,1.);
#2471=VECTOR('',#4050,1.);
#2472=VECTOR('',#4051,1.);
#2473=VECTOR('',#4054,1.);
#2474=VECTOR('',#4055,1.);
#2475=VECTOR('',#4058,1.);
#2476=VECTOR('',#4059,1.);
#2477=VECTOR('',#4062,1.);
#2478=VECTOR('',#4063,1.);
#2479=VECTOR('',#4066,1.);
#2480=VECTOR('',#4067,1.);
#2481=VECTOR('',#4070,1.);
#2482=VECTOR('',#4071,1.);
#2483=VECTOR('',#4074,1.);
#2484=VECTOR('',#4075,1.);
#2485=VECTOR('',#4078,1.);
#2486=VECTOR('',#4079,1.);
#2487=VECTOR('',#4080,1.);
#2488=VECTOR('',#4083,1.);
#2489=VECTOR('',#4084,1.);
#2490=VECTOR('',#4087,1.);
#2491=VECTOR('',#4088,1.);
#2492=VECTOR('',#4089,1.);
#2493=VECTOR('',#4090,1.);
#2494=VECTOR('',#4095,1.);
#2495=VECTOR('',#4096,1.);
#2496=VECTOR('',#4099,1.);
#2497=VECTOR('',#4100,1.);
#2498=VECTOR('',#4111,1.);
#2499=VECTOR('',#4136,1.);
#2500=VECTOR('',#4141,1.);
#2501=VECTOR('',#4242,1.);
#2502=VECTOR('',#4243,1.);
#2503=VECTOR('',#4244,1.);
#2504=VECTOR('',#4245,1.);
#2505=VECTOR('',#4248,1.);
#2506=VECTOR('',#4249,1.);
#2507=VECTOR('',#4250,1.);
#2508=VECTOR('',#4251,1.);
#2509=VECTOR('',#4254,1.);
#2510=VECTOR('',#4255,1.);
#2511=VECTOR('',#4256,1.);
#2512=VECTOR('',#4257,1.);
#2513=VECTOR('',#4260,1.);
#2514=VECTOR('',#4261,1.);
#2515=VECTOR('',#4262,1.);
#2516=VECTOR('',#4263,1.);
#2517=VECTOR('',#4280,1.);
#2518=VECTOR('',#4287,1.);
#2519=VECTOR('',#4318,1.);
#2520=VECTOR('',#4323,1.);
#2521=VECTOR('',#4356,1.);
#2522=VECTOR('',#4363,1.);
#2523=VECTOR('',#4394,1.);
#2524=VECTOR('',#4399,1.);
#2525=VECTOR('',#4420,1.);
#2526=VECTOR('',#4445,1.);
#2527=VECTOR('',#4458,1.);
#2528=VECTOR('',#4481,1.);
#2529=VECTOR('',#4498,1.);
#2530=VECTOR('',#4521,1.);
#2531=VECTOR('',#4534,1.);
#2532=VECTOR('',#4557,1.);
#2533=VECTOR('',#4570,1.);
#2534=VECTOR('',#4573,1.);
#2535=VECTOR('',#4574,1.);
#2536=VECTOR('',#4575,1.);
#2537=VECTOR('',#4578,1.);
#2538=VECTOR('',#4583,1.);
#2539=VECTOR('',#4586,1.);
#2540=VECTOR('',#4589,1.);
#2541=VECTOR('',#4592,1.);
#2542=VECTOR('',#4595,1.);
#2543=VECTOR('',#4610,1.);
#2544=VECTOR('',#4613,1.);
#2545=VECTOR('',#4614,1.);
#2546=VECTOR('',#4615,1.);
#2547=VECTOR('',#4618,1.);
#2548=VECTOR('',#4619,1.);
#2549=VECTOR('',#4628,1.);
#2550=VECTOR('',#4629,1.);
#2551=VECTOR('',#4632,1.);
#2552=VECTOR('',#4633,1.);
#2553=VECTOR('',#4650,1.);
#2554=VECTOR('',#4651,1.);
#2555=VECTOR('',#4654,1.);
#2556=VECTOR('',#4655,1.);
#2557=VECTOR('',#4658,1.);
#2558=VECTOR('',#4659,1.);
#2559=VECTOR('',#4662,1.);
#2560=VECTOR('',#4663,1.);
#2561=VECTOR('',#4666,1.);
#2562=VECTOR('',#4667,1.);
#2563=VECTOR('',#4670,1.);
#2564=VECTOR('',#4671,1.);
#2565=EDGE_LOOP('',(#362,#363,#364,#365));
#2566=EDGE_LOOP('',(#366,#367,#368,#369,#370,#371,#372,#373));
#2567=EDGE_LOOP('',(#374,#375,#376,#377));
#2568=EDGE_LOOP('',(#378,#379,#380,#381,#382,#383,#384,#385));
#2569=EDGE_LOOP('',(#386,#387,#388,#389,#390,#391,#392,#393,#394,#395,#396,
#397,#398,#399));
#2570=EDGE_LOOP('',(#400,#401,#402,#403,#404,#405,#406,#407,#408,#409,#410,
#411,#412,#413));
#2571=EDGE_LOOP('',(#414,#415,#416));
#2572=EDGE_LOOP('',(#417,#418,#419,#420));
#2573=EDGE_LOOP('',(#421,#422,#423,#424,#425,#426,#427,#428,#429,#430,#431,
#432,#433,#434,#435,#436,#437,#438,#439));
#2574=EDGE_LOOP('',(#440,#441,#442,#443));
#2575=EDGE_LOOP('',(#444,#445,#446,#447,#448,#449,#450,#451));
#2576=EDGE_LOOP('',(#452,#453,#454,#455,#456,#457,#458,#459));
#2577=EDGE_LOOP('',(#460,#461,#462,#463,#464,#465));
#2578=EDGE_LOOP('',(#466,#467,#468,#469,#470,#471,#472,#473));
#2579=EDGE_LOOP('',(#474,#475,#476,#477,#478,#479,#480,#481));
#2580=EDGE_LOOP('',(#482,#483,#484,#485,#486,#487,#488,#489));
#2581=EDGE_LOOP('',(#490,#491,#492,#493,#494,#495,#496,#497));
#2582=EDGE_LOOP('',(#498,#499,#500));
#2583=EDGE_LOOP('',(#501,#502,#503,#504,#505,#506,#507,#508,#509,#510,#511,
#512));
#2584=EDGE_LOOP('',(#513,#514,#515,#516,#517,#518,#519,#520));
#2585=EDGE_LOOP('',(#521,#522,#523,#524,#525));
#2586=EDGE_LOOP('',(#526,#527,#528,#529,#530,#531,#532,#533,#534,#535,#536,
#537));
#2587=EDGE_LOOP('',(#538,#539,#540,#541,#542,#543,#544,#545));
#2588=EDGE_LOOP('',(#546,#547,#548,#549,#550,#551));
#2589=EDGE_LOOP('',(#552,#553,#554,#555,#556,#557,#558,#559,#560,#561));
#2590=EDGE_LOOP('',(#562,#563,#564,#565,#566,#567,#568,#569));
#2591=EDGE_LOOP('',(#570,#571,#572,#573,#574,#575,#576,#577));
#2592=EDGE_LOOP('',(#578));
#2593=EDGE_LOOP('',(#579));
#2594=EDGE_LOOP('',(#580));
#2595=EDGE_LOOP('',(#581));
#2596=EDGE_LOOP('',(#582,#583,#584,#585,#586,#587,#588,#589,#590,#591,#592,
#593,#594,#595,#596,#597,#598,#599,#600,#601,#602,#603,#604,#605,#606,#607));
#2597=EDGE_LOOP('',(#608,#609,#610,#611));
#2598=EDGE_LOOP('',(#612,#613,#614,#615,#616,#617,#618,#619));
#2599=EDGE_LOOP('',(#620,#621,#622,#623));
#2600=EDGE_LOOP('',(#624,#625,#626,#627));
#2601=EDGE_LOOP('',(#628));
#2602=EDGE_LOOP('',(#629));
#2603=EDGE_LOOP('',(#630,#631,#632,#633,#634,#635,#636,#637));
#2604=EDGE_LOOP('',(#638,#639,#640,#641));
#2605=EDGE_LOOP('',(#642));
#2606=EDGE_LOOP('',(#643));
#2607=EDGE_LOOP('',(#644,#645,#646,#647,#648,#649,#650,#651));
#2608=EDGE_LOOP('',(#652,#653,#654,#655));
#2609=EDGE_LOOP('',(#656,#657,#658,#659));
#2610=EDGE_LOOP('',(#660,#661,#662,#663));
#2611=EDGE_LOOP('',(#664,#665,#666,#667));
#2612=EDGE_LOOP('',(#668,#669,#670,#671));
#2613=EDGE_LOOP('',(#672,#673,#674,#675));
#2614=EDGE_LOOP('',(#676,#677,#678,#679));
#2615=EDGE_LOOP('',(#680,#681,#682,#683));
#2616=EDGE_LOOP('',(#684,#685,#686,#687));
#2617=EDGE_LOOP('',(#688,#689,#690,#691));
#2618=EDGE_LOOP('',(#692,#693,#694,#695));
#2619=EDGE_LOOP('',(#696,#697,#698,#699));
#2620=EDGE_LOOP('',(#700,#701,#702,#703,#704,#705,#706));
#2621=EDGE_LOOP('',(#707,#708,#709,#710));
#2622=EDGE_LOOP('',(#711,#712,#713,#714));
#2623=EDGE_LOOP('',(#715,#716,#717,#718));
#2624=EDGE_LOOP('',(#719,#720,#721,#722,#723));
#2625=EDGE_LOOP('',(#724,#725,#726,#727,#728,#729,#730));
#2626=EDGE_LOOP('',(#731,#732,#733,#734));
#2627=EDGE_LOOP('',(#735,#736,#737,#738,#739));
#2628=EDGE_LOOP('',(#740,#741,#742,#743));
#2629=EDGE_LOOP('',(#744,#745,#746,#747));
#2630=EDGE_LOOP('',(#748,#749,#750,#751));
#2631=EDGE_LOOP('',(#752,#753,#754,#755));
#2632=EDGE_LOOP('',(#756,#757,#758,#759));
#2633=EDGE_LOOP('',(#760,#761,#762,#763));
#2634=EDGE_LOOP('',(#764,#765,#766,#767));
#2635=EDGE_LOOP('',(#768,#769,#770,#771));
#2636=EDGE_LOOP('',(#772,#773,#774,#775,#776));
#2637=EDGE_LOOP('',(#777,#778,#779,#780));
#2638=EDGE_LOOP('',(#781,#782,#783,#784,#785));
#2639=EDGE_LOOP('',(#786,#787,#788,#789));
#2640=EDGE_LOOP('',(#790,#791,#792,#793));
#2641=EDGE_LOOP('',(#794,#795,#796,#797));
#2642=EDGE_LOOP('',(#798,#799,#800,#801));
#2643=EDGE_LOOP('',(#802,#803,#804,#805));
#2644=EDGE_LOOP('',(#806));
#2645=EDGE_LOOP('',(#807));
#2646=EDGE_LOOP('',(#808));
#2647=EDGE_LOOP('',(#809));
#2648=EDGE_LOOP('',(#810));
#2649=EDGE_LOOP('',(#811));
#2650=EDGE_LOOP('',(#812));
#2651=EDGE_LOOP('',(#813));
#2652=EDGE_LOOP('',(#814,#815,#816,#817));
#2653=EDGE_LOOP('',(#818,#819,#820,#821));
#2654=EDGE_LOOP('',(#822,#823,#824,#825));
#2655=EDGE_LOOP('',(#826,#827,#828,#829));
#2656=EDGE_LOOP('',(#830,#831,#832,#833));
#2657=EDGE_LOOP('',(#834,#835,#836,#837));
#2658=EDGE_LOOP('',(#838,#839,#840,#841));
#2659=EDGE_LOOP('',(#842,#843,#844,#845));
#2660=EDGE_LOOP('',(#846,#847,#848,#849));
#2661=EDGE_LOOP('',(#850,#851,#852,#853));
#2662=EDGE_LOOP('',(#854,#855,#856,#857));
#2663=EDGE_LOOP('',(#858,#859,#860,#861));
#2664=EDGE_LOOP('',(#862,#863,#864,#865));
#2665=EDGE_LOOP('',(#866,#867,#868,#869));
#2666=EDGE_LOOP('',(#870,#871,#872,#873));
#2667=EDGE_LOOP('',(#874,#875,#876,#877));
#2668=EDGE_LOOP('',(#878,#879,#880,#881));
#2669=EDGE_LOOP('',(#882,#883,#884,#885));
#2670=EDGE_LOOP('',(#886,#887,#888,#889));
#2671=EDGE_LOOP('',(#890,#891,#892,#893));
#2672=EDGE_LOOP('',(#894,#895,#896,#897));
#2673=EDGE_LOOP('',(#898,#899,#900,#901));
#2674=EDGE_LOOP('',(#902,#903,#904,#905));
#2675=EDGE_LOOP('',(#906,#907,#908,#909));
#2676=EDGE_LOOP('',(#910,#911,#912));
#2677=EDGE_LOOP('',(#913,#914,#915,#916));
#2678=EDGE_LOOP('',(#917,#918,#919,#920));
#2679=EDGE_LOOP('',(#921,#922,#923,#924));
#2680=EDGE_LOOP('',(#925,#926,#927,#928));
#2681=EDGE_LOOP('',(#929,#930,#931,#932));
#2682=EDGE_LOOP('',(#933,#934,#935));
#2683=EDGE_LOOP('',(#936,#937,#938));
#2684=EDGE_LOOP('',(#939,#940,#941,#942));
#2685=EDGE_LOOP('',(#943,#944,#945,#946));
#2686=EDGE_LOOP('',(#947,#948,#949,#950));
#2687=EDGE_LOOP('',(#951,#952,#953,#954));
#2688=EDGE_LOOP('',(#955,#956,#957,#958));
#2689=EDGE_LOOP('',(#959,#960,#961,#962));
#2690=EDGE_LOOP('',(#963,#964,#965));
#2691=EDGE_LOOP('',(#966,#967,#968,#969));
#2692=EDGE_LOOP('',(#970,#971,#972));
#2693=EDGE_LOOP('',(#973,#974,#975,#976));
#2694=EDGE_LOOP('',(#977,#978,#979,#980));
#2695=EDGE_LOOP('',(#981,#982,#983,#984));
#2696=EDGE_LOOP('',(#985,#986,#987,#988));
#2697=EDGE_LOOP('',(#989,#990,#991,#992));
#2698=EDGE_LOOP('',(#993,#994,#995));
#2699=EDGE_LOOP('',(#996,#997,#998));
#2700=EDGE_LOOP('',(#999,#1000,#1001,#1002));
#2701=EDGE_LOOP('',(#1003,#1004,#1005,#1006));
#2702=EDGE_LOOP('',(#1007,#1008,#1009,#1010));
#2703=EDGE_LOOP('',(#1011,#1012,#1013,#1014));
#2704=EDGE_LOOP('',(#1015,#1016,#1017,#1018));
#2705=EDGE_LOOP('',(#1019,#1020,#1021,#1022));
#2706=EDGE_LOOP('',(#1023,#1024,#1025));
#2707=EDGE_LOOP('',(#1026,#1027,#1028,#1029));
#2708=EDGE_LOOP('',(#1030,#1031,#1032,#1033));
#2709=EDGE_LOOP('',(#1034,#1035,#1036));
#2710=EDGE_LOOP('',(#1037,#1038,#1039,#1040));
#2711=EDGE_LOOP('',(#1041,#1042,#1043));
#2712=EDGE_LOOP('',(#1044,#1045,#1046,#1047));
#2713=EDGE_LOOP('',(#1048,#1049,#1050,#1051));
#2714=EDGE_LOOP('',(#1052,#1053,#1054,#1055));
#2715=EDGE_LOOP('',(#1056,#1057,#1058,#1059));
#2716=EDGE_LOOP('',(#1060,#1061,#1062));
#2717=EDGE_LOOP('',(#1063,#1064,#1065));
#2718=EDGE_LOOP('',(#1066,#1067,#1068,#1069));
#2719=EDGE_LOOP('',(#1070,#1071,#1072,#1073));
#2720=EDGE_LOOP('',(#1074,#1075,#1076,#1077));
#2721=EDGE_LOOP('',(#1078,#1079,#1080,#1081));
#2722=EDGE_LOOP('',(#1082,#1083,#1084,#1085));
#2723=EDGE_LOOP('',(#1086,#1087,#1088,#1089));
#2724=EDGE_LOOP('',(#1090,#1091,#1092,#1093));
#2725=EDGE_LOOP('',(#1094,#1095,#1096,#1097));
#2726=EDGE_LOOP('',(#1098,#1099,#1100,#1101));
#2727=EDGE_LOOP('',(#1102,#1103,#1104,#1105));
#2728=EDGE_LOOP('',(#1106,#1107,#1108,#1109));
#2729=EDGE_LOOP('',(#1110,#1111,#1112));
#2730=EDGE_LOOP('',(#1113,#1114,#1115));
#2731=EDGE_LOOP('',(#1116,#1117,#1118,#1119));
#2732=EDGE_LOOP('',(#1120,#1121,#1122,#1123));
#2733=EDGE_LOOP('',(#1124,#1125,#1126,#1127));
#2734=EDGE_LOOP('',(#1128,#1129,#1130,#1131));
#2735=EDGE_LOOP('',(#1132,#1133,#1134,#1135));
#2736=EDGE_LOOP('',(#1136,#1137,#1138,#1139));
#2737=EDGE_LOOP('',(#1140,#1141,#1142));
#2738=EDGE_LOOP('',(#1143,#1144,#1145));
#2739=EDGE_LOOP('',(#1146,#1147,#1148,#1149));
#2740=EDGE_LOOP('',(#1150,#1151,#1152,#1153));
#2741=EDGE_LOOP('',(#1154,#1155,#1156,#1157,#1158,#1159,#1160));
#2742=EDGE_LOOP('',(#1161,#1162,#1163,#1164,#1165));
#2743=EDGE_LOOP('',(#1166,#1167,#1168,#1169,#1170));
#2744=EDGE_LOOP('',(#1171,#1172,#1173,#1174,#1175,#1176,#1177,#1178));
#2745=EDGE_LOOP('',(#1179,#1180,#1181,#1182));
#2746=EDGE_LOOP('',(#1183,#1184,#1185,#1186));
#2747=EDGE_LOOP('',(#1187,#1188,#1189,#1190));
#2748=EDGE_LOOP('',(#1191,#1192,#1193,#1194));
#2749=EDGE_LOOP('',(#1195,#1196,#1197,#1198));
#2750=EDGE_LOOP('',(#1199,#1200,#1201,#1202));
#2751=EDGE_LOOP('',(#1203,#1204,#1205,#1206,#1207,#1208,#1209));
#2752=EDGE_LOOP('',(#1210,#1211,#1212,#1213,#1214));
#2753=EDGE_LOOP('',(#1215,#1216,#1217,#1218,#1219));
#2754=EDGE_LOOP('',(#1220,#1221,#1222,#1223,#1224,#1225,#1226,#1227));
#2755=EDGE_LOOP('',(#1228,#1229,#1230,#1231));
#2756=EDGE_LOOP('',(#1232,#1233,#1234,#1235));
#2757=EDGE_LOOP('',(#1236,#1237,#1238,#1239));
#2758=EDGE_LOOP('',(#1240,#1241,#1242,#1243));
#2759=EDGE_LOOP('',(#1244,#1245,#1246,#1247));
#2760=EDGE_LOOP('',(#1248,#1249,#1250,#1251));
#2761=EDGE_LOOP('',(#1252,#1253,#1254,#1255));
#2762=EDGE_LOOP('',(#1256,#1257,#1258,#1259));
#2763=EDGE_LOOP('',(#1260,#1261,#1262,#1263));
#2764=EDGE_LOOP('',(#1264,#1265,#1266,#1267));
#2765=EDGE_LOOP('',(#1268,#1269,#1270,#1271));
#2766=EDGE_LOOP('',(#1272,#1273,#1274,#1275));
#2767=EDGE_LOOP('',(#1276,#1277,#1278,#1279));
#2768=EDGE_LOOP('',(#1280,#1281,#1282,#1283));
#2769=EDGE_LOOP('',(#1284,#1285,#1286,#1287));
#2770=EDGE_LOOP('',(#1288,#1289,#1290,#1291));
#2771=EDGE_LOOP('',(#1292,#1293,#1294,#1295));
#2772=EDGE_LOOP('',(#1296,#1297,#1298,#1299));
#2773=EDGE_LOOP('',(#1300,#1301,#1302,#1303));
#2774=FACE_BOUND('',#2565,.T.);
#2775=FACE_BOUND('',#2566,.T.);
#2776=FACE_BOUND('',#2567,.T.);
#2777=FACE_BOUND('',#2568,.T.);
#2778=FACE_BOUND('',#2569,.T.);
#2779=FACE_BOUND('',#2570,.T.);
#2780=FACE_BOUND('',#2571,.T.);
#2781=FACE_BOUND('',#2572,.T.);
#2782=FACE_BOUND('',#2573,.T.);
#2783=FACE_BOUND('',#2574,.T.);
#2784=FACE_BOUND('',#2575,.T.);
#2785=FACE_BOUND('',#2576,.T.);
#2786=FACE_BOUND('',#2577,.T.);
#2787=FACE_BOUND('',#2578,.T.);
#2788=FACE_BOUND('',#2579,.T.);
#2789=FACE_BOUND('',#2580,.T.);
#2790=FACE_BOUND('',#2581,.T.);
#2791=FACE_BOUND('',#2582,.T.);
#2792=FACE_BOUND('',#2583,.T.);
#2793=FACE_BOUND('',#2584,.T.);
#2794=FACE_BOUND('',#2585,.T.);
#2795=FACE_BOUND('',#2586,.T.);
#2796=FACE_BOUND('',#2587,.T.);
#2797=FACE_BOUND('',#2588,.T.);
#2798=FACE_BOUND('',#2589,.T.);
#2799=FACE_BOUND('',#2590,.T.);
#2800=FACE_BOUND('',#2591,.T.);
#2801=FACE_BOUND('',#2592,.T.);
#2802=FACE_BOUND('',#2593,.T.);
#2803=FACE_BOUND('',#2594,.T.);
#2804=FACE_BOUND('',#2595,.T.);
#2805=FACE_BOUND('',#2596,.T.);
#2806=FACE_BOUND('',#2597,.T.);
#2807=FACE_BOUND('',#2598,.T.);
#2808=FACE_BOUND('',#2599,.T.);
#2809=FACE_BOUND('',#2600,.T.);
#2810=FACE_BOUND('',#2601,.T.);
#2811=FACE_BOUND('',#2602,.T.);
#2812=FACE_BOUND('',#2603,.T.);
#2813=FACE_BOUND('',#2604,.T.);
#2814=FACE_BOUND('',#2605,.T.);
#2815=FACE_BOUND('',#2606,.T.);
#2816=FACE_BOUND('',#2607,.T.);
#2817=FACE_BOUND('',#2608,.T.);
#2818=FACE_BOUND('',#2609,.T.);
#2819=FACE_BOUND('',#2610,.T.);
#2820=FACE_BOUND('',#2611,.T.);
#2821=FACE_BOUND('',#2612,.T.);
#2822=FACE_BOUND('',#2613,.T.);
#2823=FACE_BOUND('',#2614,.T.);
#2824=FACE_BOUND('',#2615,.T.);
#2825=FACE_BOUND('',#2616,.T.);
#2826=FACE_BOUND('',#2617,.T.);
#2827=FACE_BOUND('',#2618,.T.);
#2828=FACE_BOUND('',#2619,.T.);
#2829=FACE_BOUND('',#2620,.T.);
#2830=FACE_BOUND('',#2621,.T.);
#2831=FACE_BOUND('',#2622,.T.);
#2832=FACE_BOUND('',#2623,.T.);
#2833=FACE_BOUND('',#2624,.T.);
#2834=FACE_BOUND('',#2625,.T.);
#2835=FACE_BOUND('',#2626,.T.);
#2836=FACE_BOUND('',#2627,.T.);
#2837=FACE_BOUND('',#2628,.T.);
#2838=FACE_BOUND('',#2629,.T.);
#2839=FACE_BOUND('',#2630,.T.);
#2840=FACE_BOUND('',#2631,.T.);
#2841=FACE_BOUND('',#2632,.T.);
#2842=FACE_BOUND('',#2633,.T.);
#2843=FACE_BOUND('',#2634,.T.);
#2844=FACE_BOUND('',#2635,.T.);
#2845=FACE_BOUND('',#2636,.T.);
#2846=FACE_BOUND('',#2637,.T.);
#2847=FACE_BOUND('',#2638,.T.);
#2848=FACE_BOUND('',#2639,.T.);
#2849=FACE_BOUND('',#2640,.T.);
#2850=FACE_BOUND('',#2641,.T.);
#2851=FACE_BOUND('',#2642,.T.);
#2852=FACE_BOUND('',#2643,.T.);
#2853=FACE_BOUND('',#2644,.T.);
#2854=FACE_BOUND('',#2645,.T.);
#2855=FACE_BOUND('',#2646,.T.);
#2856=FACE_BOUND('',#2647,.T.);
#2857=FACE_BOUND('',#2648,.T.);
#2858=FACE_BOUND('',#2649,.T.);
#2859=FACE_BOUND('',#2650,.T.);
#2860=FACE_BOUND('',#2651,.T.);
#2861=FACE_BOUND('',#2652,.T.);
#2862=FACE_BOUND('',#2653,.T.);
#2863=FACE_BOUND('',#2654,.T.);
#2864=FACE_BOUND('',#2655,.T.);
#2865=FACE_BOUND('',#2656,.T.);
#2866=FACE_BOUND('',#2657,.T.);
#2867=FACE_BOUND('',#2658,.T.);
#2868=FACE_BOUND('',#2659,.T.);
#2869=FACE_BOUND('',#2660,.T.);
#2870=FACE_BOUND('',#2661,.T.);
#2871=FACE_BOUND('',#2662,.T.);
#2872=FACE_BOUND('',#2663,.T.);
#2873=FACE_BOUND('',#2664,.T.);
#2874=FACE_BOUND('',#2665,.T.);
#2875=FACE_BOUND('',#2666,.T.);
#2876=FACE_BOUND('',#2667,.T.);
#2877=FACE_BOUND('',#2668,.T.);
#2878=FACE_BOUND('',#2669,.T.);
#2879=FACE_BOUND('',#2670,.T.);
#2880=FACE_BOUND('',#2671,.T.);
#2881=FACE_BOUND('',#2672,.T.);
#2882=FACE_BOUND('',#2673,.T.);
#2883=FACE_BOUND('',#2674,.T.);
#2884=FACE_BOUND('',#2675,.T.);
#2885=FACE_BOUND('',#2676,.T.);
#2886=FACE_BOUND('',#2677,.T.);
#2887=FACE_BOUND('',#2678,.T.);
#2888=FACE_BOUND('',#2679,.T.);
#2889=FACE_BOUND('',#2680,.T.);
#2890=FACE_BOUND('',#2681,.T.);
#2891=FACE_BOUND('',#2682,.T.);
#2892=FACE_BOUND('',#2683,.T.);
#2893=FACE_BOUND('',#2684,.T.);
#2894=FACE_BOUND('',#2685,.T.);
#2895=FACE_BOUND('',#2686,.T.);
#2896=FACE_BOUND('',#2687,.T.);
#2897=FACE_BOUND('',#2688,.T.);
#2898=FACE_BOUND('',#2689,.T.);
#2899=FACE_BOUND('',#2690,.T.);
#2900=FACE_BOUND('',#2691,.T.);
#2901=FACE_BOUND('',#2692,.T.);
#2902=FACE_BOUND('',#2693,.T.);
#2903=FACE_BOUND('',#2694,.T.);
#2904=FACE_BOUND('',#2695,.T.);
#2905=FACE_BOUND('',#2696,.T.);
#2906=FACE_BOUND('',#2697,.T.);
#2907=FACE_BOUND('',#2698,.T.);
#2908=FACE_BOUND('',#2699,.T.);
#2909=FACE_BOUND('',#2700,.T.);
#2910=FACE_BOUND('',#2701,.T.);
#2911=FACE_BOUND('',#2702,.T.);
#2912=FACE_BOUND('',#2703,.T.);
#2913=FACE_BOUND('',#2704,.T.);
#2914=FACE_BOUND('',#2705,.T.);
#2915=FACE_BOUND('',#2706,.T.);
#2916=FACE_BOUND('',#2707,.T.);
#2917=FACE_BOUND('',#2708,.T.);
#2918=FACE_BOUND('',#2709,.T.);
#2919=FACE_BOUND('',#2710,.T.);
#2920=FACE_BOUND('',#2711,.T.);
#2921=FACE_BOUND('',#2712,.T.);
#2922=FACE_BOUND('',#2713,.T.);
#2923=FACE_BOUND('',#2714,.T.);
#2924=FACE_BOUND('',#2715,.T.);
#2925=FACE_BOUND('',#2716,.T.);
#2926=FACE_BOUND('',#2717,.T.);
#2927=FACE_BOUND('',#2718,.T.);
#2928=FACE_BOUND('',#2719,.T.);
#2929=FACE_BOUND('',#2720,.T.);
#2930=FACE_BOUND('',#2721,.T.);
#2931=FACE_BOUND('',#2722,.T.);
#2932=FACE_BOUND('',#2723,.T.);
#2933=FACE_BOUND('',#2724,.T.);
#2934=FACE_BOUND('',#2725,.T.);
#2935=FACE_BOUND('',#2726,.T.);
#2936=FACE_BOUND('',#2727,.T.);
#2937=FACE_BOUND('',#2728,.T.);
#2938=FACE_BOUND('',#2729,.T.);
#2939=FACE_BOUND('',#2730,.T.);
#2940=FACE_BOUND('',#2731,.T.);
#2941=FACE_BOUND('',#2732,.T.);
#2942=FACE_BOUND('',#2733,.T.);
#2943=FACE_BOUND('',#2734,.T.);
#2944=FACE_BOUND('',#2735,.T.);
#2945=FACE_BOUND('',#2736,.T.);
#2946=FACE_BOUND('',#2737,.T.);
#2947=FACE_BOUND('',#2738,.T.);
#2948=FACE_BOUND('',#2739,.T.);
#2949=FACE_BOUND('',#2740,.T.);
#2950=FACE_BOUND('',#2741,.T.);
#2951=FACE_BOUND('',#2742,.T.);
#2952=FACE_BOUND('',#2743,.T.);
#2953=FACE_BOUND('',#2744,.T.);
#2954=FACE_BOUND('',#2745,.T.);
#2955=FACE_BOUND('',#2746,.T.);
#2956=FACE_BOUND('',#2747,.T.);
#2957=FACE_BOUND('',#2748,.T.);
#2958=FACE_BOUND('',#2749,.T.);
#2959=FACE_BOUND('',#2750,.T.);
#2960=FACE_BOUND('',#2751,.T.);
#2961=FACE_BOUND('',#2752,.T.);
#2962=FACE_BOUND('',#2753,.T.);
#2963=FACE_BOUND('',#2754,.T.);
#2964=FACE_BOUND('',#2755,.T.);
#2965=FACE_BOUND('',#2756,.T.);
#2966=FACE_BOUND('',#2757,.T.);
#2967=FACE_BOUND('',#2758,.T.);
#2968=FACE_BOUND('',#2759,.T.);
#2969=FACE_BOUND('',#2760,.T.);
#2970=FACE_BOUND('',#2761,.T.);
#2971=FACE_BOUND('',#2762,.T.);
#2972=FACE_BOUND('',#2763,.T.);
#2973=FACE_BOUND('',#2764,.T.);
#2974=FACE_BOUND('',#2765,.T.);
#2975=FACE_BOUND('',#2766,.T.);
#2976=FACE_BOUND('',#2767,.T.);
#2977=FACE_BOUND('',#2768,.T.);
#2978=FACE_BOUND('',#2769,.T.);
#2979=FACE_BOUND('',#2770,.T.);
#2980=FACE_BOUND('',#2771,.T.);
#2981=FACE_BOUND('',#2772,.T.);
#2982=FACE_BOUND('',#2773,.T.);
#2983=PLANE('',#3235);
#2984=PLANE('',#3240);
#2985=PLANE('',#3245);
#2986=PLANE('',#3252);
#2987=PLANE('',#3259);
#2988=PLANE('',#3261);
#2989=PLANE('',#3262);
#2990=PLANE('',#3271);
#2991=PLANE('',#3272);
#2992=PLANE('',#3296);
#2993=PLANE('',#3298);
#2994=PLANE('',#3309);
#2995=PLANE('',#3321);
#2996=PLANE('',#3326);
#2997=PLANE('',#3327);
#2998=PLANE('',#3342);
#2999=PLANE('',#3343);
#3000=PLANE('',#3344);
#3001=PLANE('',#3345);
#3002=PLANE('',#3352);
#3003=PLANE('',#3353);
#3004=PLANE('',#3360);
#3005=PLANE('',#3361);
#3006=PLANE('',#3362);
#3007=PLANE('',#3363);
#3008=PLANE('',#3364);
#3009=PLANE('',#3365);
#3010=PLANE('',#3366);
#3011=PLANE('',#3367);
#3012=PLANE('',#3368);
#3013=PLANE('',#3369);
#3014=PLANE('',#3370);
#3015=PLANE('',#3371);
#3016=PLANE('',#3372);
#3017=PLANE('',#3374);
#3018=PLANE('',#3375);
#3019=PLANE('',#3444);
#3020=PLANE('',#3445);
#3021=PLANE('',#3446);
#3022=PLANE('',#3447);
#3023=PLANE('',#3592);
#3024=PLANE('',#3593);
#3025=PLANE('',#3596);
#3026=PLANE('',#3597);
#3027=PLANE('',#3599);
#3028=PLANE('',#3607);
#3029=PLANE('',#3608);
#3030=PLANE('',#3609);
#3031=PLANE('',#3612);
#3032=PLANE('',#3614);
#3033=PLANE('',#3622);
#3034=PLANE('',#3623);
#3035=PLANE('',#3624);
#3036=PLANE('',#3625);
#3037=PLANE('',#3626);
#3038=PLANE('',#3627);
#3039=ADVANCED_FACE('',(#2774,#2775),#2983,.F.);
#3040=ADVANCED_FACE('',(#2776,#2777),#2984,.T.);
#3041=ADVANCED_FACE('',(#2778),#2985,.F.);
#3042=ADVANCED_FACE('',(#2779),#2986,.T.);
#3043=ADVANCED_FACE('',(#2780),#2987,.T.);
#3044=ADVANCED_FACE('',(#2781),#2988,.T.);
#3045=ADVANCED_FACE('',(#2782),#2989,.T.);
#3046=ADVANCED_FACE('',(#2783),#2990,.T.);
#3047=ADVANCED_FACE('',(#2784,#2785,#2786,#2787,#2788,#2789,#2790),#2991,
 .F.);
#3048=ADVANCED_FACE('',(#2791),#2992,.T.);
#3049=ADVANCED_FACE('',(#2792,#2793,#2794),#2993,.F.);
#3050=ADVANCED_FACE('',(#2795,#2796,#2797),#2994,.T.);
#3051=ADVANCED_FACE('',(#2798,#2799),#2995,.F.);
#3052=ADVANCED_FACE('',(#2800),#2996,.T.);
#3053=ADVANCED_FACE('',(#2801,#2802,#2803,#2804,#2805,#2806),#2997,.T.);
#3054=ADVANCED_FACE('',(#2807),#2998,.T.);
#3055=ADVANCED_FACE('',(#2808),#2999,.T.);
#3056=ADVANCED_FACE('',(#2809),#3000,.F.);
#3057=ADVANCED_FACE('',(#2810,#2811,#2812),#3001,.F.);
#3058=ADVANCED_FACE('',(#2813),#3002,.T.);
#3059=ADVANCED_FACE('',(#2814,#2815,#2816),#3003,.F.);
#3060=ADVANCED_FACE('',(#2817),#3004,.T.);
#3061=ADVANCED_FACE('',(#2818),#3005,.T.);
#3062=ADVANCED_FACE('',(#2819),#3006,.T.);
#3063=ADVANCED_FACE('',(#2820),#3007,.F.);
#3064=ADVANCED_FACE('',(#2821),#3008,.F.);
#3065=ADVANCED_FACE('',(#2822),#3009,.F.);
#3066=ADVANCED_FACE('',(#2823),#3010,.F.);
#3067=ADVANCED_FACE('',(#2824),#3011,.T.);
#3068=ADVANCED_FACE('',(#2825),#3012,.F.);
#3069=ADVANCED_FACE('',(#2826),#3013,.F.);
#3070=ADVANCED_FACE('',(#2827),#3014,.T.);
#3071=ADVANCED_FACE('',(#2828),#3015,.T.);
#3072=ADVANCED_FACE('',(#2829),#3016,.T.);
#3073=ADVANCED_FACE('',(#2830),#3017,.F.);
#3074=ADVANCED_FACE('',(#2831),#3018,.F.);
#3075=ADVANCED_FACE('',(#2832),#54,.F.);
#3076=ADVANCED_FACE('',(#2833),#55,.F.);
#3077=ADVANCED_FACE('',(#2834),#56,.F.);
#3078=ADVANCED_FACE('',(#2835),#57,.F.);
#3079=ADVANCED_FACE('',(#2836),#58,.F.);
#3080=ADVANCED_FACE('',(#2837),#59,.F.);
#3081=ADVANCED_FACE('',(#2838),#60,.F.);
#3082=ADVANCED_FACE('',(#2839),#61,.F.);
#3083=ADVANCED_FACE('',(#2840),#62,.F.);
#3084=ADVANCED_FACE('',(#2841),#63,.F.);
#3085=ADVANCED_FACE('',(#2842),#64,.F.);
#3086=ADVANCED_FACE('',(#2843),#65,.F.);
#3087=ADVANCED_FACE('',(#2844),#66,.F.);
#3088=ADVANCED_FACE('',(#2845),#67,.T.);
#3089=ADVANCED_FACE('',(#2846),#68,.T.);
#3090=ADVANCED_FACE('',(#2847),#69,.T.);
#3091=ADVANCED_FACE('',(#2848),#70,.T.);
#3092=ADVANCED_FACE('',(#2849),#71,.T.);
#3093=ADVANCED_FACE('',(#2850),#72,.T.);
#3094=ADVANCED_FACE('',(#2851),#73,.T.);
#3095=ADVANCED_FACE('',(#2852),#74,.T.);
#3096=ADVANCED_FACE('',(#2853,#2854),#75,.F.);
#3097=ADVANCED_FACE('',(#2855,#2856),#76,.F.);
#3098=ADVANCED_FACE('',(#2857,#2858),#77,.F.);
#3099=ADVANCED_FACE('',(#2859,#2860),#78,.F.);
#3100=ADVANCED_FACE('',(#2861),#79,.T.);
#3101=ADVANCED_FACE('',(#2862),#80,.T.);
#3102=ADVANCED_FACE('',(#2863),#81,.T.);
#3103=ADVANCED_FACE('',(#2864),#82,.T.);
#3104=ADVANCED_FACE('',(#2865),#28,.F.);
#3105=ADVANCED_FACE('',(#2866),#83,.F.);
#3106=ADVANCED_FACE('',(#2867),#29,.F.);
#3107=ADVANCED_FACE('',(#2868),#84,.F.);
#3108=ADVANCED_FACE('',(#2869),#30,.F.);
#3109=ADVANCED_FACE('',(#2870),#85,.F.);
#3110=ADVANCED_FACE('',(#2871),#31,.F.);
#3111=ADVANCED_FACE('',(#2872),#86,.F.);
#3112=ADVANCED_FACE('',(#2873),#32,.F.);
#3113=ADVANCED_FACE('',(#2874),#87,.F.);
#3114=ADVANCED_FACE('',(#2875),#33,.F.);
#3115=ADVANCED_FACE('',(#2876),#88,.F.);
#3116=ADVANCED_FACE('',(#2877),#34,.F.);
#3117=ADVANCED_FACE('',(#2878),#89,.F.);
#3118=ADVANCED_FACE('',(#2879),#35,.F.);
#3119=ADVANCED_FACE('',(#2880),#90,.F.);
#3120=ADVANCED_FACE('',(#2881),#3019,.T.);
#3121=ADVANCED_FACE('',(#2882),#3020,.T.);
#3122=ADVANCED_FACE('',(#2883),#3021,.T.);
#3123=ADVANCED_FACE('',(#2884),#3022,.T.);
#3124=ADVANCED_FACE('',(#2885),#12,.T.);
#3125=ADVANCED_FACE('',(#2886),#36,.F.);
#3126=ADVANCED_FACE('',(#2887),#91,.T.);
#3127=ADVANCED_FACE('',(#2888),#92,.T.);
#3128=ADVANCED_FACE('',(#2889),#93,.F.);
#3129=ADVANCED_FACE('',(#2890),#94,.F.);
#3130=ADVANCED_FACE('',(#2891),#13,.T.);
#3131=ADVANCED_FACE('',(#2892),#14,.T.);
#3132=ADVANCED_FACE('',(#2893),#37,.F.);
#3133=ADVANCED_FACE('',(#2894),#38,.F.);
#3134=ADVANCED_FACE('',(#2895),#95,.T.);
#3135=ADVANCED_FACE('',(#2896),#96,.T.);
#3136=ADVANCED_FACE('',(#2897),#97,.F.);
#3137=ADVANCED_FACE('',(#2898),#98,.F.);
#3138=ADVANCED_FACE('',(#2899),#15,.T.);
#3139=ADVANCED_FACE('',(#2900),#39,.F.);
#3140=ADVANCED_FACE('',(#2901),#16,.T.);
#3141=ADVANCED_FACE('',(#2902),#40,.F.);
#3142=ADVANCED_FACE('',(#2903),#99,.T.);
#3143=ADVANCED_FACE('',(#2904),#100,.T.);
#3144=ADVANCED_FACE('',(#2905),#101,.F.);
#3145=ADVANCED_FACE('',(#2906),#102,.F.);
#3146=ADVANCED_FACE('',(#2907),#17,.T.);
#3147=ADVANCED_FACE('',(#2908),#18,.T.);
#3148=ADVANCED_FACE('',(#2909),#41,.F.);
#3149=ADVANCED_FACE('',(#2910),#42,.F.);
#3150=ADVANCED_FACE('',(#2911),#103,.T.);
#3151=ADVANCED_FACE('',(#2912),#104,.T.);
#3152=ADVANCED_FACE('',(#2913),#105,.F.);
#3153=ADVANCED_FACE('',(#2914),#106,.F.);
#3154=ADVANCED_FACE('',(#2915),#19,.T.);
#3155=ADVANCED_FACE('',(#2916),#43,.F.);
#3156=ADVANCED_FACE('',(#2917),#107,.T.);
#3157=ADVANCED_FACE('',(#2918),#20,.T.);
#3158=ADVANCED_FACE('',(#2919),#108,.F.);
#3159=ADVANCED_FACE('',(#2920),#21,.T.);
#3160=ADVANCED_FACE('',(#2921),#109,.T.);
#3161=ADVANCED_FACE('',(#2922),#44,.F.);
#3162=ADVANCED_FACE('',(#2923),#45,.F.);
#3163=ADVANCED_FACE('',(#2924),#110,.T.);
#3164=ADVANCED_FACE('',(#2925),#22,.T.);
#3165=ADVANCED_FACE('',(#2926),#23,.T.);
#3166=ADVANCED_FACE('',(#2927),#111,.F.);
#3167=ADVANCED_FACE('',(#2928),#112,.F.);
#3168=ADVANCED_FACE('',(#2929),#113,.T.);
#3169=ADVANCED_FACE('',(#2930),#46,.F.);
#3170=ADVANCED_FACE('',(#2931),#47,.F.);
#3171=ADVANCED_FACE('',(#2932),#114,.F.);
#3172=ADVANCED_FACE('',(#2933),#115,.F.);
#3173=ADVANCED_FACE('',(#2934),#48,.F.);
#3174=ADVANCED_FACE('',(#2935),#116,.T.);
#3175=ADVANCED_FACE('',(#2936),#49,.F.);
#3176=ADVANCED_FACE('',(#2937),#117,.F.);
#3177=ADVANCED_FACE('',(#2938),#24,.T.);
#3178=ADVANCED_FACE('',(#2939),#25,.T.);
#3179=ADVANCED_FACE('',(#2940),#118,.F.);
#3180=ADVANCED_FACE('',(#2941),#50,.F.);
#3181=ADVANCED_FACE('',(#2942),#51,.F.);
#3182=ADVANCED_FACE('',(#2943),#119,.T.);
#3183=ADVANCED_FACE('',(#2944),#120,.T.);
#3184=ADVANCED_FACE('',(#2945),#121,.F.);
#3185=ADVANCED_FACE('',(#2946),#26,.T.);
#3186=ADVANCED_FACE('',(#2947),#27,.T.);
#3187=ADVANCED_FACE('',(#2948),#122,.T.);
#3188=ADVANCED_FACE('',(#2949),#3023,.F.);
#3189=ADVANCED_FACE('',(#2950),#3024,.T.);
#3190=ADVANCED_FACE('',(#2951),#123,.T.);
#3191=ADVANCED_FACE('',(#2952),#3025,.F.);
#3192=ADVANCED_FACE('',(#2953),#3026,.T.);
#3193=ADVANCED_FACE('',(#2954),#3027,.T.);
#3194=ADVANCED_FACE('',(#2955),#124,.F.);
#3195=ADVANCED_FACE('',(#2956),#125,.T.);
#3196=ADVANCED_FACE('',(#2957),#52,.T.);
#3197=ADVANCED_FACE('',(#2958),#126,.T.);
#3198=ADVANCED_FACE('',(#2959),#3028,.F.);
#3199=ADVANCED_FACE('',(#2960),#3029,.F.);
#3200=ADVANCED_FACE('',(#2961),#3030,.T.);
#3201=ADVANCED_FACE('',(#2962),#127,.T.);
#3202=ADVANCED_FACE('',(#2963),#3031,.T.);
#3203=ADVANCED_FACE('',(#2964),#3032,.T.);
#3204=ADVANCED_FACE('',(#2965),#128,.F.);
#3205=ADVANCED_FACE('',(#2966),#129,.T.);
#3206=ADVANCED_FACE('',(#2967),#53,.T.);
#3207=ADVANCED_FACE('',(#2968),#130,.T.);
#3208=ADVANCED_FACE('',(#2969),#3033,.T.);
#3209=ADVANCED_FACE('',(#2970),#3034,.T.);
#3210=ADVANCED_FACE('',(#2971),#3035,.T.);
#3211=ADVANCED_FACE('',(#2972),#3036,.T.);
#3212=ADVANCED_FACE('',(#2973),#3037,.T.);
#3213=ADVANCED_FACE('',(#2974),#3038,.T.);
#3214=ADVANCED_FACE('',(#2975),#131,.F.);
#3215=ADVANCED_FACE('',(#2976),#132,.F.);
#3216=ADVANCED_FACE('',(#2977),#133,.F.);
#3217=ADVANCED_FACE('',(#2978),#134,.F.);
#3218=ADVANCED_FACE('',(#2979),#135,.F.);
#3219=ADVANCED_FACE('',(#2980),#136,.F.);
#3220=ADVANCED_FACE('',(#2981),#137,.F.);
#3221=ADVANCED_FACE('',(#2982),#138,.F.);
#3222=CLOSED_SHELL('',(#3039,#3040,#3041,#3042,#3043,#3044,#3045,#3046,
#3047,#3048,#3049,#3050,#3051,#3052,#3053,#3054,#3055,#3056,#3057,#3058,
#3059,#3060,#3061,#3062,#3063,#3064,#3065,#3066,#3067,#3068,#3069,#3070,
#3071,#3072,#3073,#3074,#3075,#3076,#3077,#3078,#3079,#3080,#3081,#3082,
#3083,#3084,#3085,#3086,#3087,#3088,#3089,#3090,#3091,#3092,#3093,#3094,
#3095,#3096,#3097,#3098,#3099,#3100,#3101,#3102,#3103,#3104,#3105,#3106,
#3107,#3108,#3109,#3110,#3111,#3112,#3113,#3114,#3115,#3116,#3117,#3118,
#3119,#3120,#3121,#3122,#3123,#3124,#3125,#3126,#3127,#3128,#3129,#3130,
#3131,#3132,#3133,#3134,#3135,#3136,#3137,#3138,#3139,#3140,#3141,#3142,
#3143,#3144,#3145,#3146,#3147,#3148,#3149,#3150,#3151,#3152,#3153,#3154,
#3155,#3156,#3157,#3158,#3159,#3160,#3161,#3162,#3163,#3164,#3165,#3166,
#3167,#3168,#3169,#3170,#3171,#3172,#3173,#3174,#3175,#3176,#3177,#3178,
#3179,#3180,#3181,#3182,#3183,#3184,#3185,#3186,#3187,#3188,#3189,#3190,
#3191,#3192,#3193,#3194,#3195,#3196,#3197,#3198,#3199,#3200,#3201,#3202,
#3203,#3204,#3205,#3206,#3207,#3208,#3209,#3210,#3211,#3212,#3213,#3214,
#3215,#3216,#3217,#3218,#3219,#3220,#3221));
#3223=STYLED_ITEM('',(#3224),#3231);
#3224=PRESENTATION_STYLE_ASSIGNMENT((#3225));
#3225=SURFACE_STYLE_USAGE(.BOTH.,#3226);
#3226=SURFACE_SIDE_STYLE('',(#3227));
#3227=SURFACE_STYLE_FILL_AREA(#3228);
#3228=FILL_AREA_STYLE('',(#3229));
#3229=FILL_AREA_STYLE_COLOUR('',#3230);
#3230=DRAUGHTING_PRE_DEFINED_COLOUR('white');
#3231=MANIFOLD_SOLID_BREP('Battery Holder',#3222);
#3232=SHAPE_DEFINITION_REPRESENTATION(#5668,#3233);
#3233=SHAPE_REPRESENTATION('Battery Holder',(#3234),#5663);
#3234=AXIS2_PLACEMENT_3D('',#4688,#3636,#3637);
#3235=AXIS2_PLACEMENT_3D('',#4689,#3638,#3639);
#3236=AXIS2_PLACEMENT_3D('',#4701,#3645,#3646);
#3237=AXIS2_PLACEMENT_3D('',#4705,#3648,#3649);
#3238=AXIS2_PLACEMENT_3D('',#4709,#3651,#3652);
#3239=AXIS2_PLACEMENT_3D('',#4713,#3654,#3655);
#3240=AXIS2_PLACEMENT_3D('',#4714,#3656,#3657);
#3241=AXIS2_PLACEMENT_3D('',#4726,#3663,#3664);
#3242=AXIS2_PLACEMENT_3D('',#4730,#3666,#3667);
#3243=AXIS2_PLACEMENT_3D('',#4734,#3669,#3670);
#3244=AXIS2_PLACEMENT_3D('',#4738,#3672,#3673);
#3245=AXIS2_PLACEMENT_3D('',#4739,#3674,#3675);
#3246=AXIS2_PLACEMENT_3D('',#4743,#3677,#3678);
#3247=AXIS2_PLACEMENT_3D('',#4747,#3680,#3681);
#3248=AXIS2_PLACEMENT_3D('',#4751,#3683,#3684);
#3249=AXIS2_PLACEMENT_3D('',#4755,#3686,#3687);
#3250=AXIS2_PLACEMENT_3D('',#4763,#3691,#3692);
#3251=AXIS2_PLACEMENT_3D('',#4767,#3694,#3695);
#3252=AXIS2_PLACEMENT_3D('',#4768,#3696,#3697);
#3253=AXIS2_PLACEMENT_3D('',#4772,#3699,#3700);
#3254=AXIS2_PLACEMENT_3D('',#4776,#3702,#3703);
#3255=AXIS2_PLACEMENT_3D('',#4780,#3705,#3706);
#3256=AXIS2_PLACEMENT_3D('',#4784,#3708,#3709);
#3257=AXIS2_PLACEMENT_3D('',#4792,#3713,#3714);
#3258=AXIS2_PLACEMENT_3D('',#4796,#3716,#3717);
#3259=AXIS2_PLACEMENT_3D('',#4797,#3718,#3719);
#3260=AXIS2_PLACEMENT_3D('',#4801,#3721,#3722);
#3261=AXIS2_PLACEMENT_3D('',#4804,#3724,#3725);
#3262=AXIS2_PLACEMENT_3D('',#4813,#3730,#3731);
#3263=AXIS2_PLACEMENT_3D('',#4819,#3734,#3735);
#3264=AXIS2_PLACEMENT_3D('',#4823,#3737,#3738);
#3265=AXIS2_PLACEMENT_3D('',#4827,#3740,#3741);
#3266=AXIS2_PLACEMENT_3D('',#4831,#3743,#3744);
#3267=AXIS2_PLACEMENT_3D('',#4835,#3746,#3747);
#3268=AXIS2_PLACEMENT_3D('',#4838,#3749,#3750);
#3269=AXIS2_PLACEMENT_3D('',#4842,#3752,#3753);
#3270=AXIS2_PLACEMENT_3D('',#4846,#3755,#3756);
#3271=AXIS2_PLACEMENT_3D('',#4851,#3759,#3760);
#3272=AXIS2_PLACEMENT_3D('',#4860,#3765,#3766);
#3273=AXIS2_PLACEMENT_3D('',#4861,#3767,#3768);
#3274=AXIS2_PLACEMENT_3D('',#4866,#3770,#3771);
#3275=AXIS2_PLACEMENT_3D('',#4870,#3773,#3774);
#3276=AXIS2_PLACEMENT_3D('',#4874,#3776,#3777);
#3277=AXIS2_PLACEMENT_3D('',#4877,#3779,#3780);
#3278=AXIS2_PLACEMENT_3D('',#4882,#3782,#3783);
#3279=AXIS2_PLACEMENT_3D('',#4886,#3785,#3786);
#3280=AXIS2_PLACEMENT_3D('',#4890,#3788,#3789);
#3281=AXIS2_PLACEMENT_3D('',#4896,#3792,#3793);
#3282=AXIS2_PLACEMENT_3D('',#4900,#3795,#3796);
#3283=AXIS2_PLACEMENT_3D('',#4904,#3798,#3799);
#3284=AXIS2_PLACEMENT_3D('',#4908,#3801,#3802);
#3285=AXIS2_PLACEMENT_3D('',#4912,#3804,#3805);
#3286=AXIS2_PLACEMENT_3D('',#4916,#3807,#3808);
#3287=AXIS2_PLACEMENT_3D('',#4920,#3810,#3811);
#3288=AXIS2_PLACEMENT_3D('',#4937,#3820,#3821);
#3289=AXIS2_PLACEMENT_3D('',#4942,#3823,#3824);
#3290=AXIS2_PLACEMENT_3D('',#4946,#3826,#3827);
#3291=AXIS2_PLACEMENT_3D('',#4950,#3829,#3830);
#3292=AXIS2_PLACEMENT_3D('',#4953,#3832,#3833);
#3293=AXIS2_PLACEMENT_3D('',#4958,#3835,#3836);
#3294=AXIS2_PLACEMENT_3D('',#4962,#3838,#3839);
#3295=AXIS2_PLACEMENT_3D('',#4966,#3841,#3842);
#3296=AXIS2_PLACEMENT_3D('',#4969,#3844,#3845);
#3297=AXIS2_PLACEMENT_3D('',#4970,#3846,#3847);
#3298=AXIS2_PLACEMENT_3D('',#4975,#3850,#3851);
#3299=AXIS2_PLACEMENT_3D('',#4978,#3853,#3854);
#3300=AXIS2_PLACEMENT_3D('',#4982,#3856,#3857);
#3301=AXIS2_PLACEMENT_3D('',#4986,#3859,#3860);
#3302=AXIS2_PLACEMENT_3D('',#4990,#3862,#3863);
#3303=AXIS2_PLACEMENT_3D('',#4997,#3867,#3868);
#3304=AXIS2_PLACEMENT_3D('',#5001,#3870,#3871);
#3305=AXIS2_PLACEMENT_3D('',#5005,#3873,#3874);
#3306=AXIS2_PLACEMENT_3D('',#5009,#3876,#3877);
#3307=AXIS2_PLACEMENT_3D('',#5013,#3879,#3880);
#3308=AXIS2_PLACEMENT_3D('',#5017,#3882,#3883);
#3309=AXIS2_PLACEMENT_3D('',#5020,#3885,#3886);
#3310=AXIS2_PLACEMENT_3D('',#5021,#3887,#3888);
#3311=AXIS2_PLACEMENT_3D('',#5028,#3892,#3893);
#3312=AXIS2_PLACEMENT_3D('',#5032,#3895,#3896);
#3313=AXIS2_PLACEMENT_3D('',#5036,#3898,#3899);
#3314=AXIS2_PLACEMENT_3D('',#5042,#3902,#3903);
#3315=AXIS2_PLACEMENT_3D('',#5046,#3905,#3906);
#3316=AXIS2_PLACEMENT_3D('',#5050,#3908,#3909);
#3317=AXIS2_PLACEMENT_3D('',#5054,#3911,#3912);
#3318=AXIS2_PLACEMENT_3D('',#5058,#3914,#3915);
#3319=AXIS2_PLACEMENT_3D('',#5062,#3917,#3918);
#3320=AXIS2_PLACEMENT_3D('',#5066,#3920,#3921);
#3321=AXIS2_PLACEMENT_3D('',#5067,#3922,#3923);
#3322=AXIS2_PLACEMENT_3D('',#5068,#3924,#3925);
#3323=AXIS2_PLACEMENT_3D('',#5069,#3926,#3927);
#3324=AXIS2_PLACEMENT_3D('',#5070,#3928,#3929);
#3325=AXIS2_PLACEMENT_3D('',#5071,#3930,#3931);
#3326=AXIS2_PLACEMENT_3D('',#5102,#3934,#3935);
#3327=AXIS2_PLACEMENT_3D('',#5110,#3941,#3942);
#3328=AXIS2_PLACEMENT_3D('',#5111,#3943,#3944);
#3329=AXIS2_PLACEMENT_3D('',#5113,#3945,#3946);
#3330=AXIS2_PLACEMENT_3D('',#5115,#3947,#3948);
#3331=AXIS2_PLACEMENT_3D('',#5117,#3949,#3950);
#3332=AXIS2_PLACEMENT_3D('',#5122,#3952,#3953);
#3333=AXIS2_PLACEMENT_3D('',#5126,#3955,#3956);
#3334=AXIS2_PLACEMENT_3D('',#5132,#3959,#3960);
#3335=AXIS2_PLACEMENT_3D('',#5133,#3961,#3962);
#3336=AXIS2_PLACEMENT_3D('',#5139,#3965,#3966);
#3337=AXIS2_PLACEMENT_3D('',#5143,#3968,#3969);
#3338=AXIS2_PLACEMENT_3D('',#5148,#3972,#3973);
#3339=AXIS2_PLACEMENT_3D('',#5152,#3975,#3976);
#3340=AXIS2_PLACEMENT_3D('',#5153,#3977,#3978);
#3341=AXIS2_PLACEMENT_3D('',#5157,#3980,#3981);
#3342=AXIS2_PLACEMENT_3D('',#5159,#3983,#3984);
#3343=AXIS2_PLACEMENT_3D('',#5167,#3990,#3991);
#3344=AXIS2_PLACEMENT_3D('',#5176,#3996,#3997);
#3345=AXIS2_PLACEMENT_3D('',#5185,#4002,#4003);
#3346=AXIS2_PLACEMENT_3D('',#5186,#4004,#4005);
#3347=AXIS2_PLACEMENT_3D('',#5188,#4006,#4007);
#3348=AXIS2_PLACEMENT_3D('',#5190,#4008,#4009);
#3349=AXIS2_PLACEMENT_3D('',#5194,#4011,#4012);
#3350=AXIS2_PLACEMENT_3D('',#5195,#4013,#4014);
#3351=AXIS2_PLACEMENT_3D('',#5196,#4015,#4016);
#3352=AXIS2_PLACEMENT_3D('',#5197,#4017,#4018);
#3353=AXIS2_PLACEMENT_3D('',#5200,#4021,#4022);
#3354=AXIS2_PLACEMENT_3D('',#5201,#4023,#4024);
#3355=AXIS2_PLACEMENT_3D('',#5203,#4025,#4026);
#3356=AXIS2_PLACEMENT_3D('',#5205,#4027,#4028);
#3357=AXIS2_PLACEMENT_3D('',#5209,#4030,#4031);
#3358=AXIS2_PLACEMENT_3D('',#5210,#4032,#4033);
#3359=AXIS2_PLACEMENT_3D('',#5211,#4034,#4035);
#3360=AXIS2_PLACEMENT_3D('',#5212,#4036,#4037);
#3361=AXIS2_PLACEMENT_3D('',#5215,#4040,#4041);
#3362=AXIS2_PLACEMENT_3D('',#5218,#4044,#4045);
#3363=AXIS2_PLACEMENT_3D('',#5221,#4048,#4049);
#3364=AXIS2_PLACEMENT_3D('',#5224,#4052,#4053);
#3365=AXIS2_PLACEMENT_3D('',#5227,#4056,#4057);
#3366=AXIS2_PLACEMENT_3D('',#5230,#4060,#4061);
#3367=AXIS2_PLACEMENT_3D('',#5233,#4064,#4065);
#3368=AXIS2_PLACEMENT_3D('',#5236,#4068,#4069);
#3369=AXIS2_PLACEMENT_3D('',#5239,#4072,#4073);
#3370=AXIS2_PLACEMENT_3D('',#5242,#4076,#4077);
#3371=AXIS2_PLACEMENT_3D('',#5248,#4081,#4082);
#3372=AXIS2_PLACEMENT_3D('',#5251,#4085,#4086);
#3373=AXIS2_PLACEMENT_3D('',#5259,#4091,#4092);
#3374=AXIS2_PLACEMENT_3D('',#5260,#4093,#4094);
#3375=AXIS2_PLACEMENT_3D('',#5264,#4097,#4098);
#3376=AXIS2_PLACEMENT_3D('',#5267,#4101,#4102);
#3377=AXIS2_PLACEMENT_3D('',#5268,#4103,#4104);
#3378=AXIS2_PLACEMENT_3D('',#5269,#4105,#4106);
#3379=AXIS2_PLACEMENT_3D('',#5270,#4107,#4108);
#3380=AXIS2_PLACEMENT_3D('',#5271,#4109,#4110);
#3381=AXIS2_PLACEMENT_3D('',#5281,#4112,#4113);
#3382=AXIS2_PLACEMENT_3D('',#5282,#4114,#4115);
#3383=AXIS2_PLACEMENT_3D('',#5283,#4116,#4117);
#3384=AXIS2_PLACEMENT_3D('',#5284,#4118,#4119);
#3385=AXIS2_PLACEMENT_3D('',#5285,#4120,#4121);
#3386=AXIS2_PLACEMENT_3D('',#5286,#4122,#4123);
#3387=AXIS2_PLACEMENT_3D('',#5287,#4124,#4125);
#3388=AXIS2_PLACEMENT_3D('',#5288,#4126,#4127);
#3389=AXIS2_PLACEMENT_3D('',#5289,#4128,#4129);
#3390=AXIS2_PLACEMENT_3D('',#5290,#4130,#4131);
#3391=AXIS2_PLACEMENT_3D('',#5291,#4132,#4133);
#3392=AXIS2_PLACEMENT_3D('',#5292,#4134,#4135);
#3393=AXIS2_PLACEMENT_3D('',#5294,#4137,#4138);
#3394=AXIS2_PLACEMENT_3D('',#5295,#4139,#4140);
#3395=AXIS2_PLACEMENT_3D('',#5297,#4142,#4143);
#3396=AXIS2_PLACEMENT_3D('',#5298,#4144,#4145);
#3397=AXIS2_PLACEMENT_3D('',#5299,#4146,#4147);
#3398=AXIS2_PLACEMENT_3D('',#5300,#4148,#4149);
#3399=AXIS2_PLACEMENT_3D('',#5301,#4150,#4151);
#3400=AXIS2_PLACEMENT_3D('',#5302,#4152,#4153);
#3401=AXIS2_PLACEMENT_3D('',#5303,#4154,#4155);
#3402=AXIS2_PLACEMENT_3D('',#5304,#4156,#4157);
#3403=AXIS2_PLACEMENT_3D('',#5305,#4158,#4159);
#3404=AXIS2_PLACEMENT_3D('',#5306,#4160,#4161);
#3405=AXIS2_PLACEMENT_3D('',#5307,#4162,#4163);
#3406=AXIS2_PLACEMENT_3D('',#5308,#4164,#4165);
#3407=AXIS2_PLACEMENT_3D('',#5309,#4166,#4167);
#3408=AXIS2_PLACEMENT_3D('',#5310,#4168,#4169);
#3409=AXIS2_PLACEMENT_3D('',#5311,#4170,#4171);
#3410=AXIS2_PLACEMENT_3D('',#5312,#4172,#4173);
#3411=AXIS2_PLACEMENT_3D('',#5313,#4174,#4175);
#3412=AXIS2_PLACEMENT_3D('',#5314,#4176,#4177);
#3413=AXIS2_PLACEMENT_3D('',#5315,#4178,#4179);
#3414=AXIS2_PLACEMENT_3D('',#5316,#4180,#4181);
#3415=AXIS2_PLACEMENT_3D('',#5317,#4182,#4183);
#3416=AXIS2_PLACEMENT_3D('',#5318,#4184,#4185);
#3417=AXIS2_PLACEMENT_3D('',#5319,#4186,#4187);
#3418=AXIS2_PLACEMENT_3D('',#5320,#4188,#4189);
#3419=AXIS2_PLACEMENT_3D('',#5321,#4190,#4191);
#3420=AXIS2_PLACEMENT_3D('',#5322,#4192,#4193);
#3421=AXIS2_PLACEMENT_3D('',#5323,#4194,#4195);
#3422=AXIS2_PLACEMENT_3D('',#5324,#4196,#4197);
#3423=AXIS2_PLACEMENT_3D('',#5325,#4198,#4199);
#3424=AXIS2_PLACEMENT_3D('',#5326,#4200,#4201);
#3425=AXIS2_PLACEMENT_3D('',#5327,#4202,#4203);
#3426=AXIS2_PLACEMENT_3D('',#5328,#4204,#4205);
#3427=AXIS2_PLACEMENT_3D('',#5329,#4206,#4207);
#3428=AXIS2_PLACEMENT_3D('',#5330,#4208,#4209);
#3429=AXIS2_PLACEMENT_3D('',#5331,#4210,#4211);
#3430=AXIS2_PLACEMENT_3D('',#5332,#4212,#4213);
#3431=AXIS2_PLACEMENT_3D('',#5333,#4214,#4215);
#3432=AXIS2_PLACEMENT_3D('',#5334,#4216,#4217);
#3433=AXIS2_PLACEMENT_3D('',#5335,#4218,#4219);
#3434=AXIS2_PLACEMENT_3D('',#5336,#4220,#4221);
#3435=AXIS2_PLACEMENT_3D('',#5337,#4222,#4223);
#3436=AXIS2_PLACEMENT_3D('',#5338,#4224,#4225);
#3437=AXIS2_PLACEMENT_3D('',#5339,#4226,#4227);
#3438=AXIS2_PLACEMENT_3D('',#5340,#4228,#4229);
#3439=AXIS2_PLACEMENT_3D('',#5341,#4230,#4231);
#3440=AXIS2_PLACEMENT_3D('',#5342,#4232,#4233);
#3441=AXIS2_PLACEMENT_3D('',#5343,#4234,#4235);
#3442=AXIS2_PLACEMENT_3D('',#5344,#4236,#4237);
#3443=AXIS2_PLACEMENT_3D('',#5345,#4238,#4239);
#3444=AXIS2_PLACEMENT_3D('',#5346,#4240,#4241);
#3445=AXIS2_PLACEMENT_3D('',#5355,#4246,#4247);
#3446=AXIS2_PLACEMENT_3D('',#5364,#4252,#4253);
#3447=AXIS2_PLACEMENT_3D('',#5373,#4258,#4259);
#3448=AXIS2_PLACEMENT_3D('',#5382,#4264,#4265);
#3449=AXIS2_PLACEMENT_3D('',#5383,#4266,#4267);
#3450=AXIS2_PLACEMENT_3D('',#5385,#4268,#4269);
#3451=AXIS2_PLACEMENT_3D('',#5387,#4270,#4271);
#3452=AXIS2_PLACEMENT_3D('',#5388,#4272,#4273);
#3453=AXIS2_PLACEMENT_3D('',#5389,#4274,#4275);
#3454=AXIS2_PLACEMENT_3D('',#5390,#4276,#4277);
#3455=AXIS2_PLACEMENT_3D('',#5391,#4278,#4279);
#3456=AXIS2_PLACEMENT_3D('',#5394,#4281,#4282);
#3457=AXIS2_PLACEMENT_3D('',#5395,#4283,#4284);
#3458=AXIS2_PLACEMENT_3D('',#5396,#4285,#4286);
#3459=AXIS2_PLACEMENT_3D('',#5399,#4288,#4289);
#3460=AXIS2_PLACEMENT_3D('',#5400,#4290,#4291);
#3461=AXIS2_PLACEMENT_3D('',#5401,#4292,#4293);
#3462=AXIS2_PLACEMENT_3D('',#5402,#4294,#4295);
#3463=AXIS2_PLACEMENT_3D('',#5403,#4296,#4297);
#3464=AXIS2_PLACEMENT_3D('',#5404,#4298,#4299);
#3465=AXIS2_PLACEMENT_3D('',#5406,#4300,#4301);
#3466=AXIS2_PLACEMENT_3D('',#5407,#4302,#4303);
#3467=AXIS2_PLACEMENT_3D('',#5408,#4304,#4305);
#3468=AXIS2_PLACEMENT_3D('',#5410,#4306,#4307);
#3469=AXIS2_PLACEMENT_3D('',#5411,#4308,#4309);
#3470=AXIS2_PLACEMENT_3D('',#5412,#4310,#4311);
#3471=AXIS2_PLACEMENT_3D('',#5413,#4312,#4313);
#3472=AXIS2_PLACEMENT_3D('',#5414,#4314,#4315);
#3473=AXIS2_PLACEMENT_3D('',#5415,#4316,#4317);
#3474=AXIS2_PLACEMENT_3D('',#5418,#4319,#4320);
#3475=AXIS2_PLACEMENT_3D('',#5419,#4321,#4322);
#3476=AXIS2_PLACEMENT_3D('',#5422,#4324,#4325);
#3477=AXIS2_PLACEMENT_3D('',#5423,#4326,#4327);
#3478=AXIS2_PLACEMENT_3D('',#5424,#4328,#4329);
#3479=AXIS2_PLACEMENT_3D('',#5425,#4330,#4331);
#3480=AXIS2_PLACEMENT_3D('',#5426,#4332,#4333);
#3481=AXIS2_PLACEMENT_3D('',#5427,#4334,#4335);
#3482=AXIS2_PLACEMENT_3D('',#5428,#4336,#4337);
#3483=AXIS2_PLACEMENT_3D('',#5429,#4338,#4339);
#3484=AXIS2_PLACEMENT_3D('',#5430,#4340,#4341);
#3485=AXIS2_PLACEMENT_3D('',#5431,#4342,#4343);
#3486=AXIS2_PLACEMENT_3D('',#5433,#4344,#4345);
#3487=AXIS2_PLACEMENT_3D('',#5435,#4346,#4347);
#3488=AXIS2_PLACEMENT_3D('',#5436,#4348,#4349);
#3489=AXIS2_PLACEMENT_3D('',#5437,#4350,#4351);
#3490=AXIS2_PLACEMENT_3D('',#5438,#4352,#4353);
#3491=AXIS2_PLACEMENT_3D('',#5439,#4354,#4355);
#3492=AXIS2_PLACEMENT_3D('',#5442,#4357,#4358);
#3493=AXIS2_PLACEMENT_3D('',#5443,#4359,#4360);
#3494=AXIS2_PLACEMENT_3D('',#5444,#4361,#4362);
#3495=AXIS2_PLACEMENT_3D('',#5447,#4364,#4365);
#3496=AXIS2_PLACEMENT_3D('',#5448,#4366,#4367);
#3497=AXIS2_PLACEMENT_3D('',#5449,#4368,#4369);
#3498=AXIS2_PLACEMENT_3D('',#5450,#4370,#4371);
#3499=AXIS2_PLACEMENT_3D('',#5451,#4372,#4373);
#3500=AXIS2_PLACEMENT_3D('',#5452,#4374,#4375);
#3501=AXIS2_PLACEMENT_3D('',#5454,#4376,#4377);
#3502=AXIS2_PLACEMENT_3D('',#5455,#4378,#4379);
#3503=AXIS2_PLACEMENT_3D('',#5456,#4380,#4381);
#3504=AXIS2_PLACEMENT_3D('',#5458,#4382,#4383);
#3505=AXIS2_PLACEMENT_3D('',#5459,#4384,#4385);
#3506=AXIS2_PLACEMENT_3D('',#5460,#4386,#4387);
#3507=AXIS2_PLACEMENT_3D('',#5461,#4388,#4389);
#3508=AXIS2_PLACEMENT_3D('',#5462,#4390,#4391);
#3509=AXIS2_PLACEMENT_3D('',#5463,#4392,#4393);
#3510=AXIS2_PLACEMENT_3D('',#5466,#4395,#4396);
#3511=AXIS2_PLACEMENT_3D('',#5467,#4397,#4398);
#3512=AXIS2_PLACEMENT_3D('',#5470,#4400,#4401);
#3513=AXIS2_PLACEMENT_3D('',#5471,#4402,#4403);
#3514=AXIS2_PLACEMENT_3D('',#5472,#4404,#4405);
#3515=AXIS2_PLACEMENT_3D('',#5473,#4406,#4407);
#3516=AXIS2_PLACEMENT_3D('',#5474,#4408,#4409);
#3517=AXIS2_PLACEMENT_3D('',#5475,#4410,#4411);
#3518=AXIS2_PLACEMENT_3D('',#5476,#4412,#4413);
#3519=AXIS2_PLACEMENT_3D('',#5477,#4414,#4415);
#3520=AXIS2_PLACEMENT_3D('',#5478,#4416,#4417);
#3521=AXIS2_PLACEMENT_3D('',#5479,#4418,#4419);
#3522=AXIS2_PLACEMENT_3D('',#5483,#4421,#4422);
#3523=AXIS2_PLACEMENT_3D('',#5484,#4423,#4424);
#3524=AXIS2_PLACEMENT_3D('',#5485,#4425,#4426);
#3525=AXIS2_PLACEMENT_3D('',#5487,#4427,#4428);
#3526=AXIS2_PLACEMENT_3D('',#5488,#4429,#4430);
#3527=AXIS2_PLACEMENT_3D('',#5489,#4431,#4432);
#3528=AXIS2_PLACEMENT_3D('',#5490,#4433,#4434);
#3529=AXIS2_PLACEMENT_3D('',#5491,#4435,#4436);
#3530=AXIS2_PLACEMENT_3D('',#5492,#4437,#4438);
#3531=AXIS2_PLACEMENT_3D('',#5494,#4439,#4440);
#3532=AXIS2_PLACEMENT_3D('',#5495,#4441,#4442);
#3533=AXIS2_PLACEMENT_3D('',#5496,#4443,#4444);
#3534=AXIS2_PLACEMENT_3D('',#5499,#4446,#4447);
#3535=AXIS2_PLACEMENT_3D('',#5500,#4448,#4449);
#3536=AXIS2_PLACEMENT_3D('',#5501,#4450,#4451);
#3537=AXIS2_PLACEMENT_3D('',#5502,#4452,#4453);
#3538=AXIS2_PLACEMENT_3D('',#5503,#4454,#4455);
#3539=AXIS2_PLACEMENT_3D('',#5504,#4456,#4457);
#3540=AXIS2_PLACEMENT_3D('',#5507,#4459,#4460);
#3541=AXIS2_PLACEMENT_3D('',#5508,#4461,#4462);
#3542=AXIS2_PLACEMENT_3D('',#5510,#4463,#4464);
#3543=AXIS2_PLACEMENT_3D('',#5511,#4465,#4466);
#3544=AXIS2_PLACEMENT_3D('',#5512,#4467,#4468);
#3545=AXIS2_PLACEMENT_3D('',#5514,#4469,#4470);
#3546=AXIS2_PLACEMENT_3D('',#5515,#4471,#4472);
#3547=AXIS2_PLACEMENT_3D('',#5516,#4473,#4474);
#3548=AXIS2_PLACEMENT_3D('',#5517,#4475,#4476);
#3549=AXIS2_PLACEMENT_3D('',#5518,#4477,#4478);
#3550=AXIS2_PLACEMENT_3D('',#5519,#4479,#4480);
#3551=AXIS2_PLACEMENT_3D('',#5521,#4482,#4483);
#3552=AXIS2_PLACEMENT_3D('',#5522,#4484,#4485);
#3553=AXIS2_PLACEMENT_3D('',#5523,#4486,#4487);
#3554=AXIS2_PLACEMENT_3D('',#5524,#4488,#4489);
#3555=AXIS2_PLACEMENT_3D('',#5525,#4490,#4491);
#3556=AXIS2_PLACEMENT_3D('',#5526,#4492,#4493);
#3557=AXIS2_PLACEMENT_3D('',#5527,#4494,#4495);
#3558=AXIS2_PLACEMENT_3D('',#5529,#4496,#4497);
#3559=AXIS2_PLACEMENT_3D('',#5532,#4499,#4500);
#3560=AXIS2_PLACEMENT_3D('',#5533,#4501,#4502);
#3561=AXIS2_PLACEMENT_3D('',#5535,#4503,#4504);
#3562=AXIS2_PLACEMENT_3D('',#5536,#4505,#4506);
#3563=AXIS2_PLACEMENT_3D('',#5537,#4507,#4508);
#3564=AXIS2_PLACEMENT_3D('',#5538,#4509,#4510);
#3565=AXIS2_PLACEMENT_3D('',#5539,#4511,#4512);
#3566=AXIS2_PLACEMENT_3D('',#5540,#4513,#4514);
#3567=AXIS2_PLACEMENT_3D('',#5542,#4515,#4516);
#3568=AXIS2_PLACEMENT_3D('',#5543,#4517,#4518);
#3569=AXIS2_PLACEMENT_3D('',#5544,#4519,#4520);
#3570=AXIS2_PLACEMENT_3D('',#5547,#4522,#4523);
#3571=AXIS2_PLACEMENT_3D('',#5548,#4524,#4525);
#3572=AXIS2_PLACEMENT_3D('',#5549,#4526,#4527);
#3573=AXIS2_PLACEMENT_3D('',#5550,#4528,#4529);
#3574=AXIS2_PLACEMENT_3D('',#5551,#4530,#4531);
#3575=AXIS2_PLACEMENT_3D('',#5552,#4532,#4533);
#3576=AXIS2_PLACEMENT_3D('',#5555,#4535,#4536);
#3577=AXIS2_PLACEMENT_3D('',#5556,#4537,#4538);
#3578=AXIS2_PLACEMENT_3D('',#5558,#4539,#4540);
#3579=AXIS2_PLACEMENT_3D('',#5559,#4541,#4542);
#3580=AXIS2_PLACEMENT_3D('',#5560,#4543,#4544);
#3581=AXIS2_PLACEMENT_3D('',#5562,#4545,#4546);
#3582=AXIS2_PLACEMENT_3D('',#5563,#4547,#4548);
#3583=AXIS2_PLACEMENT_3D('',#5564,#4549,#4550);
#3584=AXIS2_PLACEMENT_3D('',#5565,#4551,#4552);
#3585=AXIS2_PLACEMENT_3D('',#5566,#4553,#4554);
#3586=AXIS2_PLACEMENT_3D('',#5567,#4555,#4556);
#3587=AXIS2_PLACEMENT_3D('',#5569,#4558,#4559);
#3588=AXIS2_PLACEMENT_3D('',#5570,#4560,#4561);
#3589=AXIS2_PLACEMENT_3D('',#5571,#4562,#4563);
#3590=AXIS2_PLACEMENT_3D('',#5572,#4564,#4565);
#3591=AXIS2_PLACEMENT_3D('',#5573,#4566,#4567);
#3592=AXIS2_PLACEMENT_3D('',#5574,#4568,#4569);
#3593=AXIS2_PLACEMENT_3D('',#5576,#4571,#4572);
#3594=AXIS2_PLACEMENT_3D('',#5581,#4576,#4577);
#3595=AXIS2_PLACEMENT_3D('',#5584,#4579,#4580);
#3596=AXIS2_PLACEMENT_3D('',#5585,#4581,#4582);
#3597=AXIS2_PLACEMENT_3D('',#5587,#4584,#4585);
#3598=AXIS2_PLACEMENT_3D('',#5590,#4587,#4588);
#3599=AXIS2_PLACEMENT_3D('',#5593,#4590,#4591);
#3600=AXIS2_PLACEMENT_3D('',#5596,#4593,#4594);
#3601=AXIS2_PLACEMENT_3D('',#5599,#4596,#4597);
#3602=AXIS2_PLACEMENT_3D('',#5600,#4598,#4599);
#3603=AXIS2_PLACEMENT_3D('',#5601,#4600,#4601);
#3604=AXIS2_PLACEMENT_3D('',#5602,#4602,#4603);
#3605=AXIS2_PLACEMENT_3D('',#5603,#4604,#4605);
#3606=AXIS2_PLACEMENT_3D('',#5604,#4606,#4607);
#3607=AXIS2_PLACEMENT_3D('',#5605,#4608,#4609);
#3608=AXIS2_PLACEMENT_3D('',#5607,#4611,#4612);
#3609=AXIS2_PLACEMENT_3D('',#5612,#4616,#4617);
#3610=AXIS2_PLACEMENT_3D('',#5616,#4620,#4621);
#3611=AXIS2_PLACEMENT_3D('',#5617,#4622,#4623);
#3612=AXIS2_PLACEMENT_3D('',#5618,#4624,#4625);
#3613=AXIS2_PLACEMENT_3D('',#5619,#4626,#4627);
#3614=AXIS2_PLACEMENT_3D('',#5624,#4630,#4631);
#3615=AXIS2_PLACEMENT_3D('',#5629,#4634,#4635);
#3616=AXIS2_PLACEMENT_3D('',#5630,#4636,#4637);
#3617=AXIS2_PLACEMENT_3D('',#5631,#4638,#4639);
#3618=AXIS2_PLACEMENT_3D('',#5632,#4640,#4641);
#3619=AXIS2_PLACEMENT_3D('',#5633,#4642,#4643);
#3620=AXIS2_PLACEMENT_3D('',#5634,#4644,#4645);
#3621=AXIS2_PLACEMENT_3D('',#5635,#4646,#4647);
#3622=AXIS2_PLACEMENT_3D('',#5636,#4648,#4649);
#3623=AXIS2_PLACEMENT_3D('',#5639,#4652,#4653);
#3624=AXIS2_PLACEMENT_3D('',#5642,#4656,#4657);
#3625=AXIS2_PLACEMENT_3D('',#5645,#4660,#4661);
#3626=AXIS2_PLACEMENT_3D('',#5648,#4664,#4665);
#3627=AXIS2_PLACEMENT_3D('',#5651,#4668,#4669);
#3628=AXIS2_PLACEMENT_3D('',#5654,#4672,#4673);
#3629=AXIS2_PLACEMENT_3D('',#5655,#4674,#4675);
#3630=AXIS2_PLACEMENT_3D('',#5656,#4676,#4677);
#3631=AXIS2_PLACEMENT_3D('',#5657,#4678,#4679);
#3632=AXIS2_PLACEMENT_3D('',#5658,#4680,#4681);
#3633=AXIS2_PLACEMENT_3D('',#5659,#4682,#4683);
#3634=AXIS2_PLACEMENT_3D('',#5660,#4684,#4685);
#3635=AXIS2_PLACEMENT_3D('',#5661,#4686,#4687);
#3636=DIRECTION('',(0.,0.,1.));
#3637=DIRECTION('',(1.,0.,0.));
#3638=DIRECTION('',(0.,-1.,0.));
#3639=DIRECTION('',(0.,0.,-1.));
#3640=DIRECTION('',(-1.,0.,0.));
#3641=DIRECTION('',(0.,0.,-1.));
#3642=DIRECTION('',(-1.,0.,0.));
#3643=DIRECTION('',(0.,0.,-1.));
#3644=DIRECTION('',(1.,0.,0.));
#3645=DIRECTION('',(0.,-1.,0.));
#3646=DIRECTION('',(0.,0.,-1.));
#3647=DIRECTION('',(-1.06752213906265E-16,0.,1.));
#3648=DIRECTION('',(0.,-1.,0.));
#3649=DIRECTION('',(0.,0.,-1.));
#3650=DIRECTION('',(-1.,0.,0.));
#3651=DIRECTION('',(0.,-1.,0.));
#3652=DIRECTION('',(0.,0.,-1.));
#3653=DIRECTION('',(1.06752213906265E-16,0.,-1.));
#3654=DIRECTION('',(0.,-1.,0.));
#3655=DIRECTION('',(0.,0.,-1.));
#3656=DIRECTION('',(3.73058812038023E-16,-1.,0.));
#3657=DIRECTION('',(1.,3.73058812038023E-16,0.));
#3658=DIRECTION('',(-1.,0.,0.));
#3659=DIRECTION('',(0.,0.,-1.));
#3660=DIRECTION('',(-1.,-3.73058812038023E-16,0.));
#3661=DIRECTION('',(0.,0.,-1.));
#3662=DIRECTION('',(-1.06752213906265E-16,-3.98248541023001E-32,1.));
#3663=DIRECTION('',(3.73058812038023E-16,-1.,0.));
#3664=DIRECTION('',(1.,3.73058812038023E-16,0.));
#3665=DIRECTION('',(1.,3.73058812038023E-16,0.));
#3666=DIRECTION('',(3.73058812038023E-16,-1.,0.));
#3667=DIRECTION('',(1.,3.73058812038023E-16,0.));
#3668=DIRECTION('',(1.06752213906265E-16,3.98248541023001E-32,-1.));
#3669=DIRECTION('',(3.73058812038023E-16,-1.,0.));
#3670=DIRECTION('',(1.,3.73058812038023E-16,0.));
#3671=DIRECTION('',(-1.,-3.73058812038023E-16,0.));
#3672=DIRECTION('',(3.73058812038023E-16,-1.,0.));
#3673=DIRECTION('',(1.,3.73058812038023E-16,0.));
#3674=DIRECTION('',(5.10212787052002E-16,-1.,0.));
#3675=DIRECTION('',(1.,5.10212787052002E-16,0.));
#3676=DIRECTION('',(1.06752213906265E-16,5.4466344581087E-32,-1.));
#3677=DIRECTION('',(5.10212787052002E-16,-1.,0.));
#3678=DIRECTION('',(1.,5.10212787052002E-16,0.));
#3679=DIRECTION('',(1.,5.10212787052002E-16,0.));
#3680=DIRECTION('',(5.10212787052002E-16,-1.,0.));
#3681=DIRECTION('',(1.,5.10212787052002E-16,0.));
#3682=DIRECTION('',(-1.06752213906265E-16,-5.4466344581087E-32,1.));
#3683=DIRECTION('',(5.10212787052002E-16,-1.,0.));
#3684=DIRECTION('',(1.,5.10212787052002E-16,0.));
#3685=DIRECTION('',(1.,5.10212787052002E-16,0.));
#3686=DIRECTION('',(5.10212787052002E-16,-1.,0.));
#3687=DIRECTION('',(1.,5.10212787052002E-16,0.));
#3688=DIRECTION('',(0.,0.,-1.));
#3689=DIRECTION('',(-1.,-5.10212787052002E-16,0.));
#3690=DIRECTION('',(0.,0.,-1.));
#3691=DIRECTION('',(5.10212787052002E-16,-1.,0.));
#3692=DIRECTION('',(1.,5.10212787052002E-16,0.));
#3693=DIRECTION('',(1.,5.10212787052002E-16,0.));
#3694=DIRECTION('',(5.10212787052002E-16,-1.,0.));
#3695=DIRECTION('',(1.,5.10212787052002E-16,0.));
#3696=DIRECTION('',(0.,-1.,0.));
#3697=DIRECTION('',(0.,0.,-1.));
#3698=DIRECTION('',(-1.06752213906265E-16,0.,1.));
#3699=DIRECTION('',(0.,-1.,0.));
#3700=DIRECTION('',(0.,0.,-1.));
#3701=DIRECTION('',(1.,0.,0.));
#3702=DIRECTION('',(0.,-1.,0.));
#3703=DIRECTION('',(0.,0.,-1.));
#3704=DIRECTION('',(1.06752213906265E-16,0.,-1.));
#3705=DIRECTION('',(0.,-1.,0.));
#3706=DIRECTION('',(0.,0.,-1.));
#3707=DIRECTION('',(-1.,0.,0.));
#3708=DIRECTION('',(0.,-1.,0.));
#3709=DIRECTION('',(0.,0.,-1.));
#3710=DIRECTION('',(0.,0.,-1.));
#3711=DIRECTION('',(-1.,0.,0.));
#3712=DIRECTION('',(0.,0.,-1.));
#3713=DIRECTION('',(0.,-1.,0.));
#3714=DIRECTION('',(0.,0.,-1.));
#3715=DIRECTION('',(-1.,0.,0.));
#3716=DIRECTION('',(0.,-1.,0.));
#3717=DIRECTION('',(0.,0.,-1.));
#3718=DIRECTION('',(-1.,6.1153589047361E-17,0.));
#3719=DIRECTION('',(-6.1153589047361E-17,-1.,0.));
#3720=DIRECTION('',(6.1153589047361E-17,1.,0.));
#3721=DIRECTION('',(1.,6.1153589047361E-17,0.));
#3722=DIRECTION('',(-6.1153589047361E-17,1.,0.));
#3723=DIRECTION('',(0.,0.,-1.));
#3724=DIRECTION('',(-1.,6.1153589047361E-17,0.));
#3725=DIRECTION('',(-6.1153589047361E-17,-1.,0.));
#3726=DIRECTION('',(0.,-1.,0.));
#3727=DIRECTION('',(0.,0.,-1.));
#3728=DIRECTION('',(6.1153589047361E-17,1.,0.));
#3729=DIRECTION('',(0.,0.,-1.));
#3730=DIRECTION('',(-1.,6.1153589047361E-17,0.));
#3731=DIRECTION('',(-6.1153589047361E-17,-1.,0.));
#3732=DIRECTION('',(6.1153589047361E-17,1.,0.));
#3733=DIRECTION('',(0.,0.,1.));
#3734=DIRECTION('',(-1.,6.1153589047361E-17,0.));
#3735=DIRECTION('',(-6.1153589047361E-17,-1.,0.));
#3736=DIRECTION('',(-6.1153589047361E-17,-1.,-2.13176464021727E-16));
#3737=DIRECTION('',(-1.,6.1153589047361E-17,0.));
#3738=DIRECTION('',(-6.1153589047361E-17,-1.,0.));
#3739=DIRECTION('',(-5.72716297293689E-17,-0.936521153075976,0.350611080602487));
#3740=DIRECTION('',(-1.,6.1153589047361E-17,0.));
#3741=DIRECTION('',(-6.1153589047361E-17,-1.,0.));
#3742=DIRECTION('',(-6.1153589047361E-17,-1.,0.));
#3743=DIRECTION('',(-1.,6.1153589047361E-17,0.));
#3744=DIRECTION('',(-6.1153589047361E-17,-1.,0.));
#3745=DIRECTION('',(0.,0.,1.));
#3746=DIRECTION('',(1.,6.1153589047361E-17,0.));
#3747=DIRECTION('',(-6.1153589047361E-17,1.,0.));
#3748=DIRECTION('',(6.1153589047361E-17,1.,0.));
#3749=DIRECTION('',(-1.,6.1153589047361E-17,0.));
#3750=DIRECTION('',(-6.1153589047361E-17,-1.,0.));
#3751=DIRECTION('',(0.,0.,1.));
#3752=DIRECTION('',(-1.,6.1153589047361E-17,0.));
#3753=DIRECTION('',(-6.1153589047361E-17,-1.,0.));
#3754=DIRECTION('',(-6.1153589047361E-17,-1.,0.));
#3755=DIRECTION('',(-1.,6.1153589047361E-17,0.));
#3756=DIRECTION('',(-6.1153589047361E-17,-1.,0.));
#3757=DIRECTION('',(-5.72716297293689E-17,-0.936521153075976,0.350611080602487));
#3758=DIRECTION('',(0.,0.,1.));
#3759=DIRECTION('',(-1.,6.1153589047361E-17,0.));
#3760=DIRECTION('',(-6.1153589047361E-17,-1.,0.));
#3761=DIRECTION('',(0.,0.,-1.));
#3762=DIRECTION('',(0.,1.,0.));
#3763=DIRECTION('',(0.,0.,-1.));
#3764=DIRECTION('',(6.1153589047361E-17,1.,0.));
#3765=DIRECTION('',(-1.,6.1153589047361E-17,0.));
#3766=DIRECTION('',(-6.1153589047361E-17,-1.,0.));
#3767=DIRECTION('',(-1.,6.1153589047361E-17,0.));
#3768=DIRECTION('',(-6.1153589047361E-17,-1.,0.));
#3769=DIRECTION('',(-6.1153589047361E-17,-1.,0.));
#3770=DIRECTION('',(-1.,6.1153589047361E-17,0.));
#3771=DIRECTION('',(-6.1153589047361E-17,-1.,0.));
#3772=DIRECTION('',(-1.06084566560695E-31,-1.73472347597681E-15,1.));
#3773=DIRECTION('',(-1.,6.1153589047361E-17,0.));
#3774=DIRECTION('',(-6.1153589047361E-17,-1.,0.));
#3775=DIRECTION('',(-6.1153589047361E-17,-1.,0.));
#3776=DIRECTION('',(-1.,6.1153589047361E-17,0.));
#3777=DIRECTION('',(-6.1153589047361E-17,-1.,0.));
#3778=DIRECTION('',(-1.06084566560695E-31,-1.73472347597681E-15,1.));
#3779=DIRECTION('',(-1.,6.1153589047361E-17,0.));
#3780=DIRECTION('',(-6.1153589047361E-17,-1.,0.));
#3781=DIRECTION('',(0.,0.,1.));
#3782=DIRECTION('',(-1.,6.1153589047361E-17,0.));
#3783=DIRECTION('',(-6.1153589047361E-17,-1.,0.));
#3784=DIRECTION('',(-6.1153589047361E-17,-1.,0.));
#3785=DIRECTION('',(-1.,6.1153589047361E-17,0.));
#3786=DIRECTION('',(-6.1153589047361E-17,-1.,0.));
#3787=DIRECTION('',(0.,0.,1.));
#3788=DIRECTION('',(-1.,6.1153589047361E-17,0.));
#3789=DIRECTION('',(-6.1153589047361E-17,-1.,0.));
#3790=DIRECTION('',(-6.1153589047361E-17,-1.,0.));
#3791=DIRECTION('',(0.,0.,-1.));
#3792=DIRECTION('',(-1.,6.1153589047361E-17,0.));
#3793=DIRECTION('',(-6.1153589047361E-17,-1.,0.));
#3794=DIRECTION('',(5.72716297293689E-17,0.936521153075976,-0.350611080602487));
#3795=DIRECTION('',(-1.,6.1153589047361E-17,0.));
#3796=DIRECTION('',(-6.1153589047361E-17,-1.,0.));
#3797=DIRECTION('',(6.1153589047361E-17,1.,0.));
#3798=DIRECTION('',(-1.,6.1153589047361E-17,0.));
#3799=DIRECTION('',(-6.1153589047361E-17,-1.,0.));
#3800=DIRECTION('',(6.1153589047361E-17,1.,0.));
#3801=DIRECTION('',(-1.,6.1153589047361E-17,0.));
#3802=DIRECTION('',(-6.1153589047361E-17,-1.,0.));
#3803=DIRECTION('',(5.72716297293689E-17,0.936521153075976,-0.350611080602487));
#3804=DIRECTION('',(-1.,6.1153589047361E-17,0.));
#3805=DIRECTION('',(-6.1153589047361E-17,-1.,0.));
#3806=DIRECTION('',(6.1153589047361E-17,1.,2.13176464021727E-16));
#3807=DIRECTION('',(-1.,6.1153589047361E-17,0.));
#3808=DIRECTION('',(-6.1153589047361E-17,-1.,0.));
#3809=DIRECTION('',(0.,0.,-1.));
#3810=DIRECTION('',(-1.,6.1153589047361E-17,0.));
#3811=DIRECTION('',(-6.1153589047361E-17,-1.,0.));
#3812=DIRECTION('',(0.,-1.,0.));
#3813=DIRECTION('',(0.,0.,-1.));
#3814=DIRECTION('',(6.1153589047361E-17,1.,0.));
#3815=DIRECTION('',(0.,0.,-1.));
#3816=DIRECTION('',(0.,1.,0.));
#3817=DIRECTION('',(0.,0.,-1.));
#3818=DIRECTION('',(6.1153589047361E-17,1.,0.));
#3819=DIRECTION('',(0.,0.,-1.));
#3820=DIRECTION('',(-1.,6.1153589047361E-17,0.));
#3821=DIRECTION('',(-6.1153589047361E-17,-1.,0.));
#3822=DIRECTION('',(-1.06084566560695E-31,-1.73472347597681E-15,1.));
#3823=DIRECTION('',(-1.,6.1153589047361E-17,0.));
#3824=DIRECTION('',(-6.1153589047361E-17,-1.,0.));
#3825=DIRECTION('',(-6.1153589047361E-17,-1.,0.));
#3826=DIRECTION('',(-1.,6.1153589047361E-17,0.));
#3827=DIRECTION('',(-6.1153589047361E-17,-1.,0.));
#3828=DIRECTION('',(-1.06084566560695E-31,-1.73472347597681E-15,1.));
#3829=DIRECTION('',(-1.,6.1153589047361E-17,0.));
#3830=DIRECTION('',(-6.1153589047361E-17,-1.,0.));
#3831=DIRECTION('',(-6.1153589047361E-17,-1.,0.));
#3832=DIRECTION('',(-1.,6.1153589047361E-17,0.));
#3833=DIRECTION('',(-6.1153589047361E-17,-1.,0.));
#3834=DIRECTION('',(0.,0.,1.));
#3835=DIRECTION('',(-1.,6.1153589047361E-17,0.));
#3836=DIRECTION('',(-6.1153589047361E-17,-1.,0.));
#3837=DIRECTION('',(-6.1153589047361E-17,-1.,0.));
#3838=DIRECTION('',(-1.,6.1153589047361E-17,0.));
#3839=DIRECTION('',(-6.1153589047361E-17,-1.,0.));
#3840=DIRECTION('',(0.,0.,1.));
#3841=DIRECTION('',(-1.,6.1153589047361E-17,0.));
#3842=DIRECTION('',(-6.1153589047361E-17,-1.,0.));
#3843=DIRECTION('',(-6.1153589047361E-17,-1.,0.));
#3844=DIRECTION('',(-1.,6.1153589047361E-17,0.));
#3845=DIRECTION('',(-6.1153589047361E-17,-1.,0.));
#3846=DIRECTION('',(-1.,6.1153589047361E-17,0.));
#3847=DIRECTION('',(-6.1153589047361E-17,-1.,0.));
#3848=DIRECTION('',(6.1153589047361E-17,1.,0.));
#3849=DIRECTION('',(0.,0.,-1.));
#3850=DIRECTION('',(-1.,6.49709167032512E-17,0.));
#3851=DIRECTION('',(-6.49709167032512E-17,-1.,0.));
#3852=DIRECTION('',(6.49709167032512E-17,1.,0.));
#3853=DIRECTION('',(-1.,6.49709167032512E-17,0.));
#3854=DIRECTION('',(-6.49709167032512E-17,-1.,0.));
#3855=DIRECTION('',(0.,0.,-1.));
#3856=DIRECTION('',(-1.,6.49709167032512E-17,0.));
#3857=DIRECTION('',(-6.49709167032512E-17,-1.,0.));
#3858=DIRECTION('',(6.49709167032512E-17,1.,0.));
#3859=DIRECTION('',(-1.,6.49709167032512E-17,0.));
#3860=DIRECTION('',(-6.49709167032512E-17,-1.,0.));
#3861=DIRECTION('',(0.,0.,-1.));
#3862=DIRECTION('',(-1.,6.49709167032512E-17,0.));
#3863=DIRECTION('',(-6.49709167032512E-17,-1.,0.));
#3864=DIRECTION('',(6.49709167032512E-17,1.,0.));
#3865=DIRECTION('',(6.49709167032512E-17,1.,0.));
#3866=DIRECTION('',(0.,0.,1.));
#3867=DIRECTION('',(-1.,6.49709167032512E-17,0.));
#3868=DIRECTION('',(-6.49709167032512E-17,-1.,0.));
#3869=DIRECTION('',(-6.49709167032512E-17,-1.,0.));
#3870=DIRECTION('',(-1.,6.49709167032512E-17,0.));
#3871=DIRECTION('',(-6.49709167032512E-17,-1.,0.));
#3872=DIRECTION('',(-6.0846637827332E-17,-0.936521153075976,0.350611080602487));
#3873=DIRECTION('',(-1.,6.49709167032512E-17,0.));
#3874=DIRECTION('',(-6.49709167032512E-17,-1.,0.));
#3875=DIRECTION('',(-6.49709167032512E-17,-1.,-2.13176464021727E-16));
#3876=DIRECTION('',(-1.,6.49709167032512E-17,0.));
#3877=DIRECTION('',(-6.49709167032512E-17,-1.,0.));
#3878=DIRECTION('',(-6.08466378273321E-17,-0.936521153075976,0.350611080602487));
#3879=DIRECTION('',(-1.,6.49709167032512E-17,0.));
#3880=DIRECTION('',(-6.49709167032512E-17,-1.,0.));
#3881=DIRECTION('',(-6.49709167032512E-17,-1.,0.));
#3882=DIRECTION('',(-1.,6.49709167032512E-17,0.));
#3883=DIRECTION('',(-6.49709167032512E-17,-1.,0.));
#3884=DIRECTION('',(0.,0.,1.));
#3885=DIRECTION('',(-1.,6.49709167032512E-17,0.));
#3886=DIRECTION('',(-6.49709167032512E-17,-1.,0.));
#3887=DIRECTION('',(-1.,6.49709167032512E-17,0.));
#3888=DIRECTION('',(-6.49709167032512E-17,-1.,0.));
#3889=DIRECTION('',(6.49709167032512E-17,1.,0.));
#3890=DIRECTION('',(6.49709167032512E-17,1.,0.));
#3891=DIRECTION('',(6.49709167032512E-17,1.,0.));
#3892=DIRECTION('',(-1.,6.49709167032512E-17,0.));
#3893=DIRECTION('',(-6.49709167032512E-17,-1.,0.));
#3894=DIRECTION('',(0.,0.,-1.));
#3895=DIRECTION('',(-1.,6.49709167032512E-17,0.));
#3896=DIRECTION('',(-6.49709167032512E-17,-1.,0.));
#3897=DIRECTION('',(6.49709167032512E-17,1.,0.));
#3898=DIRECTION('',(-1.,6.49709167032512E-17,0.));
#3899=DIRECTION('',(-6.49709167032512E-17,-1.,0.));
#3900=DIRECTION('',(0.,0.,-1.));
#3901=DIRECTION('',(-6.0846637827332E-17,-0.936521153075976,0.350611080602487));
#3902=DIRECTION('',(-1.,6.49709167032512E-17,0.));
#3903=DIRECTION('',(-6.49709167032512E-17,-1.,0.));
#3904=DIRECTION('',(-6.49709167032512E-17,-1.,0.));
#3905=DIRECTION('',(-1.,6.49709167032512E-17,0.));
#3906=DIRECTION('',(-6.49709167032512E-17,-1.,0.));
#3907=DIRECTION('',(0.,0.,1.));
#3908=DIRECTION('',(-1.,6.49709167032512E-17,0.));
#3909=DIRECTION('',(-6.49709167032512E-17,-1.,0.));
#3910=DIRECTION('',(-6.49709167032512E-17,-1.,-2.13176464021727E-16));
#3911=DIRECTION('',(-1.,6.49709167032512E-17,0.));
#3912=DIRECTION('',(-6.49709167032512E-17,-1.,0.));
#3913=DIRECTION('',(-6.49709167032512E-17,-1.,0.));
#3914=DIRECTION('',(-1.,6.49709167032512E-17,0.));
#3915=DIRECTION('',(-6.49709167032512E-17,-1.,0.));
#3916=DIRECTION('',(-6.08466378273321E-17,-0.936521153075976,0.350611080602487));
#3917=DIRECTION('',(-1.,6.49709167032512E-17,0.));
#3918=DIRECTION('',(-6.49709167032512E-17,-1.,0.));
#3919=DIRECTION('',(0.,0.,1.));
#3920=DIRECTION('',(-1.,6.49709167032512E-17,0.));
#3921=DIRECTION('',(-6.49709167032512E-17,-1.,0.));
#3922=DIRECTION('',(0.,0.,1.));
#3923=DIRECTION('',(1.,0.,0.));
#3924=DIRECTION('',(0.,0.,1.));
#3925=DIRECTION('',(1.,0.,0.));
#3926=DIRECTION('',(0.,0.,1.));
#3927=DIRECTION('',(1.,0.,0.));
#3928=DIRECTION('',(0.,0.,1.));
#3929=DIRECTION('',(1.,0.,0.));
#3930=DIRECTION('',(0.,0.,1.));
#3931=DIRECTION('',(1.,0.,0.));
#3932=DIRECTION('',(-1.,0.,0.));
#3933=DIRECTION('',(-1.,0.,0.));
#3934=DIRECTION('',(0.,0.,1.));
#3935=DIRECTION('',(1.,0.,0.));
#3936=DIRECTION('',(6.49709167032512E-17,1.,0.));
#3937=DIRECTION('',(3.73058812038023E-16,-1.,0.));
#3938=DIRECTION('',(3.73058812038023E-16,-1.,0.));
#3939=DIRECTION('',(6.49709167032512E-17,1.,0.));
#3940=DIRECTION('',(1.,0.,0.));
#3941=DIRECTION('',(0.,0.,1.));
#3942=DIRECTION('',(1.,0.,0.));
#3943=DIRECTION('',(0.,0.,1.));
#3944=DIRECTION('',(1.,0.,0.));
#3945=DIRECTION('',(0.,0.,1.));
#3946=DIRECTION('',(1.,0.,0.));
#3947=DIRECTION('',(0.,0.,1.));
#3948=DIRECTION('',(1.,0.,0.));
#3949=DIRECTION('',(0.,0.,1.));
#3950=DIRECTION('',(1.,0.,0.));
#3951=DIRECTION('',(6.1153589047361E-17,-1.,0.));
#3952=DIRECTION('',(0.,0.,1.));
#3953=DIRECTION('',(1.,0.,0.));
#3954=DIRECTION('',(6.1153589047361E-17,-1.,0.));
#3955=DIRECTION('',(0.,0.,1.));
#3956=DIRECTION('',(1.,0.,0.));
#3957=DIRECTION('',(6.1153589047361E-17,-1.,0.));
#3958=DIRECTION('',(1.,6.1153589047361E-17,0.));
#3959=DIRECTION('',(0.,0.,1.));
#3960=DIRECTION('',(1.,0.,0.));
#3961=DIRECTION('',(0.,0.,1.));
#3962=DIRECTION('',(1.,0.,0.));
#3963=DIRECTION('',(1.,-6.1153589047361E-17,0.));
#3964=DIRECTION('',(6.1153589047361E-17,1.,0.));
#3965=DIRECTION('',(0.,0.,1.));
#3966=DIRECTION('',(1.,0.,0.));
#3967=DIRECTION('',(6.1153589047361E-17,1.,0.));
#3968=DIRECTION('',(0.,0.,1.));
#3969=DIRECTION('',(1.,0.,0.));
#3970=DIRECTION('',(6.1153589047361E-17,1.,0.));
#3971=DIRECTION('',(1.,-6.1153589047361E-17,0.));
#3972=DIRECTION('',(0.,0.,1.));
#3973=DIRECTION('',(1.,0.,0.));
#3974=DIRECTION('',(-1.,0.,0.));
#3975=DIRECTION('',(0.,0.,1.));
#3976=DIRECTION('',(1.,0.,0.));
#3977=DIRECTION('',(0.,0.,1.));
#3978=DIRECTION('',(1.,0.,0.));
#3979=DIRECTION('',(-1.,0.,0.));
#3980=DIRECTION('',(0.,0.,1.));
#3981=DIRECTION('',(1.,0.,0.));
#3982=DIRECTION('',(1.,6.1153589047361E-17,0.));
#3983=DIRECTION('',(0.,0.,1.));
#3984=DIRECTION('',(1.,0.,0.));
#3985=DIRECTION('',(3.73058812038023E-16,-1.,0.));
#3986=DIRECTION('',(6.49709167032512E-17,1.,0.));
#3987=DIRECTION('',(1.,0.,0.));
#3988=DIRECTION('',(6.49709167032512E-17,1.,0.));
#3989=DIRECTION('',(3.73058812038023E-16,-1.,0.));
#3990=DIRECTION('',(0.,-1.,0.));
#3991=DIRECTION('',(0.,0.,-1.));
#3992=DIRECTION('',(-1.,0.,0.));
#3993=DIRECTION('',(0.,0.,-1.));
#3994=DIRECTION('',(1.,0.,0.));
#3995=DIRECTION('',(0.,0.,-1.));
#3996=DIRECTION('',(0.,-1.,0.));
#3997=DIRECTION('',(0.,0.,-1.));
#3998=DIRECTION('',(1.,0.,0.));
#3999=DIRECTION('',(0.,0.,-1.));
#4000=DIRECTION('',(-1.,0.,0.));
#4001=DIRECTION('',(0.,0.,-1.));
#4002=DIRECTION('',(0.,0.,1.));
#4003=DIRECTION('',(1.,0.,0.));
#4004=DIRECTION('',(0.,0.,1.));
#4005=DIRECTION('',(1.,0.,0.));
#4006=DIRECTION('',(0.,0.,1.));
#4007=DIRECTION('',(1.,0.,0.));
#4008=DIRECTION('',(0.,0.,1.));
#4009=DIRECTION('',(1.,0.,0.));
#4010=DIRECTION('',(-1.,0.,0.));
#4011=DIRECTION('',(0.,0.,1.));
#4012=DIRECTION('',(1.,0.,0.));
#4013=DIRECTION('',(0.,0.,1.));
#4014=DIRECTION('',(1.,0.,0.));
#4015=DIRECTION('',(0.,0.,1.));
#4016=DIRECTION('',(1.,0.,0.));
#4017=DIRECTION('',(0.,-1.,0.));
#4018=DIRECTION('',(-1.,0.,0.));
#4019=DIRECTION('',(0.,0.,-1.));
#4020=DIRECTION('',(0.,0.,-1.));
#4021=DIRECTION('',(0.,0.,1.));
#4022=DIRECTION('',(1.,0.,0.));
#4023=DIRECTION('',(0.,0.,1.));
#4024=DIRECTION('',(1.,0.,0.));
#4025=DIRECTION('',(0.,0.,1.));
#4026=DIRECTION('',(1.,0.,0.));
#4027=DIRECTION('',(0.,0.,1.));
#4028=DIRECTION('',(1.,0.,0.));
#4029=DIRECTION('',(-1.,0.,0.));
#4030=DIRECTION('',(0.,0.,1.));
#4031=DIRECTION('',(1.,0.,0.));
#4032=DIRECTION('',(0.,0.,1.));
#4033=DIRECTION('',(1.,0.,0.));
#4034=DIRECTION('',(0.,0.,1.));
#4035=DIRECTION('',(1.,0.,0.));
#4036=DIRECTION('',(0.,1.,0.));
#4037=DIRECTION('',(-1.,0.,0.));
#4038=DIRECTION('',(0.,0.,-1.));
#4039=DIRECTION('',(0.,0.,-1.));
#4040=DIRECTION('',(1.30365058753543E-32,2.13176464021727E-16,-1.));
#4041=DIRECTION('',(0.,1.,2.13176464021727E-16));
#4042=DIRECTION('',(1.,-6.1153589047361E-17,0.));
#4043=DIRECTION('',(1.,-6.1153589047361E-17,-2.73691106313441E-48));
#4044=DIRECTION('',(-6.1153589047361E-17,-1.,0.));
#4045=DIRECTION('',(1.,-6.1153589047361E-17,0.));
#4046=DIRECTION('',(1.,-6.1153589047361E-17,-6.07716335728627E-64));
#4047=DIRECTION('',(1.,-6.1153589047361E-17,0.));
#4048=DIRECTION('',(0.,0.,-1.));
#4049=DIRECTION('',(-1.,0.,0.));
#4050=DIRECTION('',(1.,-6.1153589047361E-17,0.));
#4051=DIRECTION('',(1.,-6.1153589047361E-17,0.));
#4052=DIRECTION('',(-2.14411259386156E-17,-0.350611080602487,-0.936521153075976));
#4053=DIRECTION('',(0.,0.936521153075976,-0.350611080602487));
#4054=DIRECTION('',(1.,-6.1153589047361E-17,-2.86335913133831E-33));
#4055=DIRECTION('',(1.,-6.1153589047361E-17,3.32236180395593E-34));
#4056=DIRECTION('',(0.,0.,-1.));
#4057=DIRECTION('',(-1.,0.,0.));
#4058=DIRECTION('',(1.,-6.1153589047361E-17,0.));
#4059=DIRECTION('',(1.,-6.1153589047361E-17,0.));
#4060=DIRECTION('',(-6.1153589047361E-17,-1.,0.));
#4061=DIRECTION('',(1.,-6.1153589047361E-17,0.));
#4062=DIRECTION('',(1.,-6.1153589047361E-17,1.00534183301565E-32));
#4063=DIRECTION('',(1.,-6.1153589047361E-17,0.));
#4064=DIRECTION('',(-2.14411259386156E-17,-0.350611080602487,-0.936521153075976));
#4065=DIRECTION('',(0.,0.936521153075976,-0.350611080602487));
#4066=DIRECTION('',(1.,-6.1153589047361E-17,-1.07286685689674E-33));
#4067=DIRECTION('',(1.,-6.1153589047361E-17,4.98608758617548E-33));
#4068=DIRECTION('',(-2.14411259386156E-17,-0.350611080602487,-0.936521153075976));
#4069=DIRECTION('',(0.,0.936521153075976,-0.350611080602487));
#4070=DIRECTION('',(1.,-6.1153589047361E-17,3.32236180395593E-34));
#4071=DIRECTION('',(1.,-6.1153589047361E-17,-2.86335913133831E-33));
#4072=DIRECTION('',(0.,0.,-1.));
#4073=DIRECTION('',(-1.,0.,0.));
#4074=DIRECTION('',(1.,-6.1153589047361E-17,0.));
#4075=DIRECTION('',(1.,-6.1153589047361E-17,0.));
#4076=DIRECTION('',(-6.1153589047361E-17,-1.,0.));
#4077=DIRECTION('',(1.,-6.1153589047361E-17,0.));
#4078=DIRECTION('',(1.,-6.1153589047361E-17,-6.07716335728627E-64));
#4079=DIRECTION('',(0.,0.,1.));
#4080=DIRECTION('',(1.,-6.1153589047361E-17,0.));
#4081=DIRECTION('',(1.30365058753543E-32,2.13176464021727E-16,-1.));
#4082=DIRECTION('',(0.,1.,2.13176464021727E-16));
#4083=DIRECTION('',(1.,-6.1153589047361E-17,-2.73691106313441E-48));
#4084=DIRECTION('',(1.,-6.1153589047361E-17,0.));
#4085=DIRECTION('',(-2.14411259386156E-17,-0.350611080602487,-0.936521153075976));
#4086=DIRECTION('',(0.,0.936521153075976,-0.350611080602487));
#4087=DIRECTION('',(1.,-6.1153589047361E-17,-1.07286685689674E-33));
#4088=DIRECTION('',(1.,-6.1153589047361E-17,0.));
#4089=DIRECTION('',(-5.72716297293689E-17,-0.936521153075976,0.350611080602487));
#4090=DIRECTION('',(1.,-6.1153589047361E-17,4.04477298548862E-34));
#4091=DIRECTION('',(-2.14411259386156E-17,-0.350611080602487,-0.936521153075976));
#4092=DIRECTION('',(5.72716297293689E-17,0.936521153075976,-0.350611080602487));
#4093=DIRECTION('',(-6.1153589047361E-17,-1.,0.));
#4094=DIRECTION('',(1.,-6.1153589047361E-17,0.));
#4095=DIRECTION('',(1.,-6.1153589047361E-17,0.));
#4096=DIRECTION('',(0.,0.,1.));
#4097=DIRECTION('',(0.,0.,-1.));
#4098=DIRECTION('',(-1.,0.,0.));
#4099=DIRECTION('',(1.,-6.1153589047361E-17,0.));
#4100=DIRECTION('',(1.,-6.1153589047361E-17,0.));
#4101=DIRECTION('',(1.,-6.1153589047361E-17,0.));
#4102=DIRECTION('',(6.1153589047361E-17,1.,0.));
#4103=DIRECTION('',(-1.,6.1153589047361E-17,0.));
#4104=DIRECTION('',(-6.1153589047361E-17,-1.,0.));
#4105=DIRECTION('',(-1.,6.1153589047361E-17,0.));
#4106=DIRECTION('',(-6.1153589047361E-17,-1.,0.));
#4107=DIRECTION('',(-1.,6.1153589047361E-17,6.07716335728627E-64));
#4108=DIRECTION('',(-6.1153589047361E-17,-1.,0.));
#4109=DIRECTION('',(-1.,6.1153589047361E-17,0.));
#4110=DIRECTION('',(-6.1153589047361E-17,-1.,0.));
#4111=DIRECTION('',(-1.,6.1153589047361E-17,6.07716335728627E-64));
#4112=DIRECTION('',(-1.,6.1153589047361E-17,-4.11549829893948E-33));
#4113=DIRECTION('',(-6.1153589047361E-17,-1.,0.));
#4114=DIRECTION('',(1.,-6.1153589047361E-17,0.));
#4115=DIRECTION('',(6.1153589047361E-17,1.,0.));
#4116=DIRECTION('',(-1.,6.1153589047361E-17,0.));
#4117=DIRECTION('',(-6.1153589047361E-17,-1.,0.));
#4118=DIRECTION('',(1.,-6.1153589047361E-17,-9.75764605910102E-49));
#4119=DIRECTION('',(6.1153589047361E-17,1.,0.));
#4120=DIRECTION('',(1.,-6.1153589047361E-17,-9.75764605910102E-49));
#4121=DIRECTION('',(6.1153589047361E-17,1.,0.));
#4122=DIRECTION('',(-1.,6.1153589047361E-17,6.07716335728627E-64));
#4123=DIRECTION('',(-6.1153589047361E-17,-1.,0.));
#4124=DIRECTION('',(-1.,6.1153589047361E-17,-4.11549829893948E-33));
#4125=DIRECTION('',(-6.1153589047361E-17,-1.,0.));
#4126=DIRECTION('',(1.,-6.1153589047361E-17,0.));
#4127=DIRECTION('',(6.1153589047361E-17,1.,0.));
#4128=DIRECTION('',(1.,-6.1153589047361E-17,0.));
#4129=DIRECTION('',(6.1153589047361E-17,1.,0.));
#4130=DIRECTION('',(1.,-6.1153589047361E-17,1.00534183301565E-32));
#4131=DIRECTION('',(6.1153589047361E-17,1.,0.));
#4132=DIRECTION('',(-1.,6.1153589047361E-17,0.));
#4133=DIRECTION('',(-6.1153589047361E-17,-1.,0.));
#4134=DIRECTION('',(0.,0.,-1.));
#4135=DIRECTION('',(-1.,0.,0.));
#4136=DIRECTION('',(0.,0.,-1.));
#4137=DIRECTION('',(0.,0.,1.));
#4138=DIRECTION('',(1.,0.,0.));
#4139=DIRECTION('',(0.,0.,1.));
#4140=DIRECTION('',(1.,0.,0.));
#4141=DIRECTION('',(0.,0.,-1.));
#4142=DIRECTION('',(0.,0.,-1.));
#4143=DIRECTION('',(-1.,0.,0.));
#4144=DIRECTION('',(-1.,0.,0.));
#4145=DIRECTION('',(0.,0.,1.));
#4146=DIRECTION('',(-1.,6.49709167032512E-17,0.));
#4147=DIRECTION('',(-6.49709167032512E-17,-1.,0.));
#4148=DIRECTION('',(-1.,6.49709167032512E-17,0.));
#4149=DIRECTION('',(-6.49709167032512E-17,-1.,0.));
#4150=DIRECTION('',(-1.,0.,0.));
#4151=DIRECTION('',(0.,0.,1.));
#4152=DIRECTION('',(-1.,6.49709167032512E-17,0.));
#4153=DIRECTION('',(-6.49709167032512E-17,-1.,0.));
#4154=DIRECTION('',(-1.,6.49709167032512E-17,0.));
#4155=DIRECTION('',(-6.49709167032512E-17,-1.,0.));
#4156=DIRECTION('',(1.,0.,0.));
#4157=DIRECTION('',(0.,0.,-1.));
#4158=DIRECTION('',(-1.,6.49709167032512E-17,0.));
#4159=DIRECTION('',(-6.49709167032512E-17,-1.,0.));
#4160=DIRECTION('',(-1.,6.49709167032512E-17,0.));
#4161=DIRECTION('',(-6.49709167032512E-17,-1.,0.));
#4162=DIRECTION('',(1.,0.,0.));
#4163=DIRECTION('',(0.,0.,-1.));
#4164=DIRECTION('',(-1.,6.49709167032512E-17,0.));
#4165=DIRECTION('',(-6.49709167032512E-17,-1.,0.));
#4166=DIRECTION('',(-1.,6.49709167032512E-17,0.));
#4167=DIRECTION('',(-6.49709167032512E-17,-1.,0.));
#4168=DIRECTION('',(0.,0.,1.));
#4169=DIRECTION('',(1.,0.,0.));
#4170=DIRECTION('',(0.,0.,1.));
#4171=DIRECTION('',(1.,0.,0.));
#4172=DIRECTION('',(0.,0.,1.));
#4173=DIRECTION('',(1.,0.,0.));
#4174=DIRECTION('',(0.,0.,1.));
#4175=DIRECTION('',(1.,0.,0.));
#4176=DIRECTION('',(0.,0.,-1.));
#4177=DIRECTION('',(-1.,0.,0.));
#4178=DIRECTION('',(0.,0.,1.));
#4179=DIRECTION('',(1.,0.,0.));
#4180=DIRECTION('',(0.,0.,1.));
#4181=DIRECTION('',(1.,0.,0.));
#4182=DIRECTION('',(0.,0.,-1.));
#4183=DIRECTION('',(-1.,0.,0.));
#4184=DIRECTION('',(-1.,6.49709167032512E-17,0.));
#4185=DIRECTION('',(-6.49709167032512E-17,-1.,0.));
#4186=DIRECTION('',(0.,0.,-1.));
#4187=DIRECTION('',(-1.,0.,0.));
#4188=DIRECTION('',(0.,0.,-1.));
#4189=DIRECTION('',(-1.,0.,0.));
#4190=DIRECTION('',(0.,0.,-1.));
#4191=DIRECTION('',(-1.,0.,0.));
#4192=DIRECTION('',(-1.,6.49709167032512E-17,0.));
#4193=DIRECTION('',(-6.49709167032512E-17,-1.,0.));
#4194=DIRECTION('',(0.,1.,0.));
#4195=DIRECTION('',(0.,0.,1.));
#4196=DIRECTION('',(-6.49709167032512E-17,-1.,0.));
#4197=DIRECTION('',(1.,-6.49709167032512E-17,0.));
#4198=DIRECTION('',(-1.,6.49709167032512E-17,0.));
#4199=DIRECTION('',(-6.49709167032512E-17,-1.,0.));
#4200=DIRECTION('',(0.,0.,-1.));
#4201=DIRECTION('',(-1.,0.,0.));
#4202=DIRECTION('',(0.,0.,1.));
#4203=DIRECTION('',(1.,0.,0.));
#4204=DIRECTION('',(0.,0.,-1.));
#4205=DIRECTION('',(-1.,0.,0.));
#4206=DIRECTION('',(-1.,6.49709167032512E-17,0.));
#4207=DIRECTION('',(-6.49709167032512E-17,-1.,0.));
#4208=DIRECTION('',(0.,-1.,0.));
#4209=DIRECTION('',(0.,0.,-1.));
#4210=DIRECTION('',(-6.49709167032512E-17,-1.,0.));
#4211=DIRECTION('',(1.,-6.49709167032512E-17,0.));
#4212=DIRECTION('',(-1.,6.49709167032512E-17,0.));
#4213=DIRECTION('',(-6.49709167032512E-17,-1.,0.));
#4214=DIRECTION('',(0.,0.,-1.));
#4215=DIRECTION('',(-1.,0.,0.));
#4216=DIRECTION('',(0.,0.,1.));
#4217=DIRECTION('',(1.,0.,0.));
#4218=DIRECTION('',(0.,0.,-1.));
#4219=DIRECTION('',(-1.,0.,0.));
#4220=DIRECTION('',(-1.,6.49709167032512E-17,0.));
#4221=DIRECTION('',(-6.49709167032512E-17,-1.,0.));
#4222=DIRECTION('',(0.,1.,0.));
#4223=DIRECTION('',(0.,0.,1.));
#4224=DIRECTION('',(6.49709167032512E-17,1.,0.));
#4225=DIRECTION('',(-1.,6.49709167032512E-17,0.));
#4226=DIRECTION('',(-1.,6.49709167032512E-17,0.));
#4227=DIRECTION('',(-6.49709167032512E-17,-1.,0.));
#4228=DIRECTION('',(0.,0.,-1.));
#4229=DIRECTION('',(-1.,0.,0.));
#4230=DIRECTION('',(0.,0.,-1.));
#4231=DIRECTION('',(-1.,0.,0.));
#4232=DIRECTION('',(0.,0.,-1.));
#4233=DIRECTION('',(-1.,0.,0.));
#4234=DIRECTION('',(-1.,6.49709167032512E-17,0.));
#4235=DIRECTION('',(-6.49709167032512E-17,-1.,0.));
#4236=DIRECTION('',(0.,-1.,0.));
#4237=DIRECTION('',(0.,0.,-1.));
#4238=DIRECTION('',(6.49709167032512E-17,1.,0.));
#4239=DIRECTION('',(-1.,6.49709167032512E-17,0.));
#4240=DIRECTION('',(1.,-6.1153589047361E-17,0.));
#4241=DIRECTION('',(6.1153589047361E-17,1.,0.));
#4242=DIRECTION('',(0.,0.,1.));
#4243=DIRECTION('',(-6.1153589047361E-17,-1.,0.));
#4244=DIRECTION('',(0.,0.,1.));
#4245=DIRECTION('',(-6.1153589047361E-17,-1.,0.));
#4246=DIRECTION('',(1.,-6.1153589047361E-17,0.));
#4247=DIRECTION('',(6.1153589047361E-17,1.,0.));
#4248=DIRECTION('',(-6.1153589047361E-17,-1.,0.));
#4249=DIRECTION('',(-1.06084566560695E-31,-1.73472347597681E-15,1.));
#4250=DIRECTION('',(-6.1153589047361E-17,-1.,0.));
#4251=DIRECTION('',(-1.06084566560695E-31,-1.73472347597681E-15,1.));
#4252=DIRECTION('',(1.,-6.1153589047361E-17,0.));
#4253=DIRECTION('',(6.1153589047361E-17,1.,0.));
#4254=DIRECTION('',(0.,0.,1.));
#4255=DIRECTION('',(-6.1153589047361E-17,-1.,0.));
#4256=DIRECTION('',(0.,0.,1.));
#4257=DIRECTION('',(-6.1153589047361E-17,-1.,0.));
#4258=DIRECTION('',(1.,-6.1153589047361E-17,0.));
#4259=DIRECTION('',(6.1153589047361E-17,1.,0.));
#4260=DIRECTION('',(-1.06084566560695E-31,-1.73472347597681E-15,1.));
#4261=DIRECTION('',(-6.1153589047361E-17,-1.,0.));
#4262=DIRECTION('',(-1.06084566560695E-31,-1.73472347597681E-15,1.));
#4263=DIRECTION('',(-6.1153589047361E-17,-1.,0.));
#4264=DIRECTION('',(0.,0.,1.));
#4265=DIRECTION('',(1.,0.,0.));
#4266=DIRECTION('',(0.,0.,1.));
#4267=DIRECTION('',(1.,0.,0.));
#4268=DIRECTION('',(-1.,6.1153589047361E-17,0.));
#4269=DIRECTION('',(-6.1153589047361E-17,-1.,0.));
#4270=DIRECTION('',(0.,1.,0.));
#4271=DIRECTION('',(0.,0.,1.));
#4272=DIRECTION('',(-1.,6.1153589047361E-17,0.));
#4273=DIRECTION('',(-6.1153589047361E-17,-1.,0.));
#4274=DIRECTION('',(0.,-1.,0.));
#4275=DIRECTION('',(0.,0.,-1.));
#4276=DIRECTION('',(0.,0.,-1.));
#4277=DIRECTION('',(-1.,0.,0.));
#4278=DIRECTION('',(6.1153589047361E-17,1.,0.));
#4279=DIRECTION('',(-1.,6.1153589047361E-17,0.));
#4280=DIRECTION('',(-6.1153589047361E-17,-1.,0.));
#4281=DIRECTION('',(0.,-1.,0.));
#4282=DIRECTION('',(0.,0.,-1.));
#4283=DIRECTION('',(0.,0.,-1.));
#4284=DIRECTION('',(-1.,0.,0.));
#4285=DIRECTION('',(0.,0.,-1.));
#4286=DIRECTION('',(-1.,0.,0.));
#4287=DIRECTION('',(0.,0.,1.));
#4288=DIRECTION('',(0.,0.,-1.));
#4289=DIRECTION('',(-1.,0.,0.));
#4290=DIRECTION('',(0.,0.,1.));
#4291=DIRECTION('',(1.,0.,0.));
#4292=DIRECTION('',(6.1153589047361E-17,1.,0.));
#4293=DIRECTION('',(-1.,6.1153589047361E-17,0.));
#4294=DIRECTION('',(0.,1.,0.));
#4295=DIRECTION('',(0.,0.,1.));
#4296=DIRECTION('',(0.,0.,1.));
#4297=DIRECTION('',(1.,0.,0.));
#4298=DIRECTION('',(-1.,6.1153589047361E-17,0.));
#4299=DIRECTION('',(-6.1153589047361E-17,-1.,0.));
#4300=DIRECTION('',(0.,0.,1.));
#4301=DIRECTION('',(1.,0.,0.));
#4302=DIRECTION('',(0.,1.,0.));
#4303=DIRECTION('',(0.,0.,1.));
#4304=DIRECTION('',(1.,0.,0.));
#4305=DIRECTION('',(0.,0.,-1.));
#4306=DIRECTION('',(0.,1.,0.));
#4307=DIRECTION('',(0.,0.,1.));
#4308=DIRECTION('',(-1.,6.1153589047361E-17,0.));
#4309=DIRECTION('',(-6.1153589047361E-17,-1.,0.));
#4310=DIRECTION('',(0.,-1.,0.));
#4311=DIRECTION('',(0.,0.,-1.));
#4312=DIRECTION('',(-1.,6.1153589047361E-17,0.));
#4313=DIRECTION('',(-6.1153589047361E-17,-1.,0.));
#4314=DIRECTION('',(0.,0.,-1.));
#4315=DIRECTION('',(-1.,0.,0.));
#4316=DIRECTION('',(0.,0.,1.));
#4317=DIRECTION('',(1.,0.,0.));
#4318=DIRECTION('',(0.,0.,1.));
#4319=DIRECTION('',(0.,0.,-1.));
#4320=DIRECTION('',(-1.,0.,0.));
#4321=DIRECTION('',(-6.1153589047361E-17,-1.,0.));
#4322=DIRECTION('',(1.,-6.1153589047361E-17,0.));
#4323=DIRECTION('',(-6.1153589047361E-17,-1.,0.));
#4324=DIRECTION('',(0.,-1.,0.));
#4325=DIRECTION('',(0.,0.,-1.));
#4326=DIRECTION('',(-6.1153589047361E-17,-1.,0.));
#4327=DIRECTION('',(1.,-6.1153589047361E-17,0.));
#4328=DIRECTION('',(0.,1.,0.));
#4329=DIRECTION('',(0.,0.,1.));
#4330=DIRECTION('',(0.,0.,1.));
#4331=DIRECTION('',(1.,0.,0.));
#4332=DIRECTION('',(0.,0.,1.));
#4333=DIRECTION('',(1.,0.,0.));
#4334=DIRECTION('',(1.,0.,0.));
#4335=DIRECTION('',(0.,0.,-1.));
#4336=DIRECTION('',(1.,0.,0.));
#4337=DIRECTION('',(0.,0.,-1.));
#4338=DIRECTION('',(-1.,6.1153589047361E-17,0.));
#4339=DIRECTION('',(-6.1153589047361E-17,-1.,0.));
#4340=DIRECTION('',(0.,1.,1.73472347597681E-15));
#4341=DIRECTION('',(0.,-1.73472347597681E-15,1.));
#4342=DIRECTION('',(0.,1.,-1.38777878078144E-14));
#4343=DIRECTION('',(0.,1.38777878078144E-14,1.));
#4344=DIRECTION('',(-1.,6.1153589047361E-17,0.));
#4345=DIRECTION('',(-6.1153589047361E-17,-1.,0.));
#4346=DIRECTION('',(-2.40741243048404E-29,1.73472347597681E-15,-1.));
#4347=DIRECTION('',(0.,1.,1.73472347597681E-15));
#4348=DIRECTION('',(-1.,6.1153589047361E-17,0.));
#4349=DIRECTION('',(-6.1153589047361E-17,-1.,0.));
#4350=DIRECTION('',(0.,-1.73472347597681E-15,1.));
#4351=DIRECTION('',(0.,-1.,-1.73472347597681E-15));
#4352=DIRECTION('',(0.,-1.,0.));
#4353=DIRECTION('',(0.,0.,-1.));
#4354=DIRECTION('',(1.06084566560695E-31,1.73472347597681E-15,-1.));
#4355=DIRECTION('',(0.,1.,1.73472347597681E-15));
#4356=DIRECTION('',(-1.06084566560695E-31,-1.73472347597681E-15,1.));
#4357=DIRECTION('',(0.,0.,1.));
#4358=DIRECTION('',(1.,0.,0.));
#4359=DIRECTION('',(-6.1153589047361E-17,-1.,0.));
#4360=DIRECTION('',(1.,-6.1153589047361E-17,0.));
#4361=DIRECTION('',(0.,-1.,0.));
#4362=DIRECTION('',(0.,0.,-1.));
#4363=DIRECTION('',(-6.1153589047361E-17,-1.,0.));
#4364=DIRECTION('',(-6.1153589047361E-17,-1.,0.));
#4365=DIRECTION('',(1.,-6.1153589047361E-17,0.));
#4366=DIRECTION('',(0.,1.,0.));
#4367=DIRECTION('',(0.,0.,1.));
#4368=DIRECTION('',(1.06084566560695E-31,1.73472347597681E-15,-1.));
#4369=DIRECTION('',(0.,1.,1.73472347597681E-15));
#4370=DIRECTION('',(0.,0.,-1.));
#4371=DIRECTION('',(-1.,0.,0.));
#4372=DIRECTION('',(0.,1.,0.));
#4373=DIRECTION('',(0.,0.,1.));
#4374=DIRECTION('',(-1.,6.1153589047361E-17,0.));
#4375=DIRECTION('',(-6.1153589047361E-17,-1.,0.));
#4376=DIRECTION('',(0.,1.,0.));
#4377=DIRECTION('',(0.,0.,1.));
#4378=DIRECTION('',(0.,0.,-1.));
#4379=DIRECTION('',(-1.,0.,0.));
#4380=DIRECTION('',(1.,0.,0.));
#4381=DIRECTION('',(0.,0.,-1.));
#4382=DIRECTION('',(0.,1.73472347597681E-15,-1.));
#4383=DIRECTION('',(0.,1.,1.73472347597681E-15));
#4384=DIRECTION('',(-1.,6.1153589047361E-17,0.));
#4385=DIRECTION('',(-6.1153589047361E-17,-1.,0.));
#4386=DIRECTION('',(0.,-1.73472347597681E-15,1.));
#4387=DIRECTION('',(0.,-1.,-1.73472347597681E-15));
#4388=DIRECTION('',(-1.,6.1153589047361E-17,0.));
#4389=DIRECTION('',(-6.1153589047361E-17,-1.,0.));
#4390=DIRECTION('',(0.,-1.,0.));
#4391=DIRECTION('',(0.,0.,-1.));
#4392=DIRECTION('',(6.1153589047361E-17,1.,0.));
#4393=DIRECTION('',(-1.,6.1153589047361E-17,0.));
#4394=DIRECTION('',(-6.1153589047361E-17,-1.,0.));
#4395=DIRECTION('',(0.,-1.,1.38777878078144E-14));
#4396=DIRECTION('',(0.,-1.38777878078144E-14,-1.));
#4397=DIRECTION('',(-1.06084566560695E-31,-1.73472347597681E-15,1.));
#4398=DIRECTION('',(0.,-1.,-1.73472347597681E-15));
#4399=DIRECTION('',(-1.06084566560695E-31,-1.73472347597681E-15,1.));
#4400=DIRECTION('',(-3.46944695195361E-15,0.,1.));
#4401=DIRECTION('',(1.,0.,3.46944695195361E-15));
#4402=DIRECTION('',(-1.06084566560695E-31,-1.73472347597681E-15,1.));
#4403=DIRECTION('',(0.,-1.,-1.73472347597681E-15));
#4404=DIRECTION('',(0.,0.,-1.));
#4405=DIRECTION('',(-1.,0.,0.));
#4406=DIRECTION('',(6.1153589047361E-17,1.,0.));
#4407=DIRECTION('',(-1.,6.1153589047361E-17,0.));
#4408=DIRECTION('',(0.,1.,0.));
#4409=DIRECTION('',(0.,0.,1.));
#4410=DIRECTION('',(1.,-1.38777878078144E-14,0.));
#4411=DIRECTION('',(1.38777878078144E-14,1.,0.));
#4412=DIRECTION('',(1.,0.,0.));
#4413=DIRECTION('',(0.,0.,-1.));
#4414=DIRECTION('',(-1.,6.1153589047361E-17,0.));
#4415=DIRECTION('',(-6.1153589047361E-17,-1.,0.));
#4416=DIRECTION('',(6.1153589047361E-17,1.,0.));
#4417=DIRECTION('',(-1.,6.1153589047361E-17,0.));
#4418=DIRECTION('',(0.,1.,0.));
#4419=DIRECTION('',(0.,0.,1.));
#4420=DIRECTION('',(-6.1153589047361E-17,-1.,0.));
#4421=DIRECTION('',(0.,-1.,1.38777878078144E-14));
#4422=DIRECTION('',(0.,-1.38777878078144E-14,-1.));
#4423=DIRECTION('',(0.,0.,1.));
#4424=DIRECTION('',(1.,0.,0.));
#4425=DIRECTION('',(1.,0.,0.));
#4426=DIRECTION('',(0.,0.,-1.));
#4427=DIRECTION('',(0.,0.,1.));
#4428=DIRECTION('',(1.,0.,0.));
#4429=DIRECTION('',(6.1153589047361E-17,1.,0.));
#4430=DIRECTION('',(-1.,6.1153589047361E-17,0.));
#4431=DIRECTION('',(0.,1.,0.));
#4432=DIRECTION('',(0.,0.,1.));
#4433=DIRECTION('',(0.,-1.,0.));
#4434=DIRECTION('',(0.,0.,-1.));
#4435=DIRECTION('',(0.,0.,1.));
#4436=DIRECTION('',(1.,0.,0.));
#4437=DIRECTION('',(-1.,6.1153589047361E-17,0.));
#4438=DIRECTION('',(-6.1153589047361E-17,-1.,0.));
#4439=DIRECTION('',(-3.46944695195361E-15,0.,1.));
#4440=DIRECTION('',(1.,0.,3.46944695195361E-15));
#4441=DIRECTION('',(1.06084566560695E-31,1.73472347597681E-15,-1.));
#4442=DIRECTION('',(0.,1.,1.73472347597681E-15));
#4443=DIRECTION('',(-2.40741243048404E-29,1.73472347597681E-15,-1.));
#4444=DIRECTION('',(0.,1.,1.73472347597681E-15));
#4445=DIRECTION('',(-1.06084566560695E-31,-1.73472347597681E-15,1.));
#4446=DIRECTION('',(-1.,6.1153589047361E-17,0.));
#4447=DIRECTION('',(-6.1153589047361E-17,-1.,0.));
#4448=DIRECTION('',(0.,0.,-1.));
#4449=DIRECTION('',(-1.,0.,0.));
#4450=DIRECTION('',(-1.,6.1153589047361E-17,0.));
#4451=DIRECTION('',(-6.1153589047361E-17,-1.,0.));
#4452=DIRECTION('',(0.,0.,-1.));
#4453=DIRECTION('',(-1.,0.,0.));
#4454=DIRECTION('',(-1.06084566560695E-31,-1.73472347597681E-15,1.));
#4455=DIRECTION('',(0.,-1.,-1.73472347597681E-15));
#4456=DIRECTION('',(0.,1.73472347597681E-15,-1.));
#4457=DIRECTION('',(0.,1.,1.73472347597681E-15));
#4458=DIRECTION('',(-1.06084566560695E-31,-1.73472347597681E-15,1.));
#4459=DIRECTION('',(0.,-1.,-1.73472347597681E-15));
#4460=DIRECTION('',(0.,1.73472347597681E-15,-1.));
#4461=DIRECTION('',(0.,-1.,0.));
#4462=DIRECTION('',(0.,0.,-1.));
#4463=DIRECTION('',(1.,0.,0.));
#4464=DIRECTION('',(0.,0.,-1.));
#4465=DIRECTION('',(0.,1.,1.73472347597681E-15));
#4466=DIRECTION('',(0.,-1.73472347597681E-15,1.));
#4467=DIRECTION('',(1.,0.,0.));
#4468=DIRECTION('',(0.,0.,-1.));
#4469=DIRECTION('',(0.,1.,-1.38777878078144E-14));
#4470=DIRECTION('',(0.,1.38777878078144E-14,1.));
#4471=DIRECTION('',(1.06084566560695E-31,1.73472347597681E-15,-1.));
#4472=DIRECTION('',(0.,1.,1.73472347597681E-15));
#4473=DIRECTION('',(0.,-1.73472347597681E-15,1.));
#4474=DIRECTION('',(0.,-1.,-1.73472347597681E-15));
#4475=DIRECTION('',(-1.06084566560695E-31,-1.73472347597681E-15,1.));
#4476=DIRECTION('',(0.,-1.,-1.73472347597681E-15));
#4477=DIRECTION('',(0.,-1.73472347597681E-15,1.));
#4478=DIRECTION('',(0.,-1.,-1.73472347597681E-15));
#4479=DIRECTION('',(-6.1153589047361E-17,-1.,0.));
#4480=DIRECTION('',(1.,-6.1153589047361E-17,0.));
#4481=DIRECTION('',(-6.1153589047361E-17,-1.,0.));
#4482=DIRECTION('',(-1.,6.1153589047361E-17,0.));
#4483=DIRECTION('',(-6.1153589047361E-17,-1.,0.));
#4484=DIRECTION('',(0.,-1.,0.));
#4485=DIRECTION('',(0.,0.,-1.));
#4486=DIRECTION('',(-1.,6.1153589047361E-17,0.));
#4487=DIRECTION('',(-6.1153589047361E-17,-1.,0.));
#4488=DIRECTION('',(0.,1.,0.));
#4489=DIRECTION('',(0.,0.,1.));
#4490=DIRECTION('',(-6.1153589047361E-17,-1.,0.));
#4491=DIRECTION('',(1.,-6.1153589047361E-17,0.));
#4492=DIRECTION('',(-6.1153589047361E-17,-1.,0.));
#4493=DIRECTION('',(1.,-6.1153589047361E-17,0.));
#4494=DIRECTION('',(0.,1.,0.));
#4495=DIRECTION('',(0.,0.,1.));
#4496=DIRECTION('',(0.,-1.,0.));
#4497=DIRECTION('',(0.,0.,-1.));
#4498=DIRECTION('',(-6.1153589047361E-17,-1.,0.));
#4499=DIRECTION('',(-1.,6.1153589047361E-17,0.));
#4500=DIRECTION('',(-6.1153589047361E-17,-1.,0.));
#4501=DIRECTION('',(-1.,6.1153589047361E-17,0.));
#4502=DIRECTION('',(-6.1153589047361E-17,-1.,0.));
#4503=DIRECTION('',(0.,0.,1.));
#4504=DIRECTION('',(1.,0.,0.));
#4505=DIRECTION('',(-6.1153589047361E-17,-1.,0.));
#4506=DIRECTION('',(1.,-6.1153589047361E-17,0.));
#4507=DIRECTION('',(0.,-1.,0.));
#4508=DIRECTION('',(0.,0.,-1.));
#4509=DIRECTION('',(0.,1.,0.));
#4510=DIRECTION('',(0.,0.,1.));
#4511=DIRECTION('',(-1.,6.1153589047361E-17,0.));
#4512=DIRECTION('',(-6.1153589047361E-17,-1.,0.));
#4513=DIRECTION('',(1.,0.,0.));
#4514=DIRECTION('',(0.,0.,-1.));
#4515=DIRECTION('',(0.,0.,1.));
#4516=DIRECTION('',(1.,0.,0.));
#4517=DIRECTION('',(0.,0.,-1.));
#4518=DIRECTION('',(-1.,0.,0.));
#4519=DIRECTION('',(0.,0.,-1.));
#4520=DIRECTION('',(-1.,0.,0.));
#4521=DIRECTION('',(0.,0.,1.));
#4522=DIRECTION('',(0.,0.,-1.));
#4523=DIRECTION('',(-1.,0.,0.));
#4524=DIRECTION('',(0.,0.,-1.));
#4525=DIRECTION('',(-1.,0.,0.));
#4526=DIRECTION('',(0.,0.,-1.));
#4527=DIRECTION('',(-1.,0.,0.));
#4528=DIRECTION('',(0.,0.,-1.));
#4529=DIRECTION('',(-1.,0.,0.));
#4530=DIRECTION('',(0.,0.,1.));
#4531=DIRECTION('',(1.,0.,0.));
#4532=DIRECTION('',(0.,0.,-1.));
#4533=DIRECTION('',(-1.,0.,0.));
#4534=DIRECTION('',(0.,0.,1.));
#4535=DIRECTION('',(-1.,6.1153589047361E-17,0.));
#4536=DIRECTION('',(-6.1153589047361E-17,-1.,0.));
#4537=DIRECTION('',(-1.,6.1153589047361E-17,0.));
#4538=DIRECTION('',(-6.1153589047361E-17,-1.,0.));
#4539=DIRECTION('',(0.,1.,0.));
#4540=DIRECTION('',(0.,0.,1.));
#4541=DIRECTION('',(-1.,6.1153589047361E-17,0.));
#4542=DIRECTION('',(-6.1153589047361E-17,-1.,0.));
#4543=DIRECTION('',(-1.,6.1153589047361E-17,0.));
#4544=DIRECTION('',(-6.1153589047361E-17,-1.,0.));
#4545=DIRECTION('',(0.,-1.,0.));
#4546=DIRECTION('',(0.,0.,-1.));
#4547=DIRECTION('',(0.,0.,-1.));
#4548=DIRECTION('',(-1.,0.,0.));
#4549=DIRECTION('',(0.,0.,1.));
#4550=DIRECTION('',(1.,0.,0.));
#4551=DIRECTION('',(0.,0.,1.));
#4552=DIRECTION('',(1.,0.,0.));
#4553=DIRECTION('',(0.,0.,1.));
#4554=DIRECTION('',(1.,0.,0.));
#4555=DIRECTION('',(6.1153589047361E-17,1.,0.));
#4556=DIRECTION('',(-1.,6.1153589047361E-17,0.));
#4557=DIRECTION('',(-6.1153589047361E-17,-1.,0.));
#4558=DIRECTION('',(0.,1.,0.));
#4559=DIRECTION('',(0.,0.,1.));
#4560=DIRECTION('',(0.,1.,0.));
#4561=DIRECTION('',(0.,0.,1.));
#4562=DIRECTION('',(0.,-1.,0.));
#4563=DIRECTION('',(0.,0.,-1.));
#4564=DIRECTION('',(0.,-1.,0.));
#4565=DIRECTION('',(0.,0.,-1.));
#4566=DIRECTION('',(6.1153589047361E-17,1.,0.));
#4567=DIRECTION('',(-1.,6.1153589047361E-17,0.));
#4568=DIRECTION('',(-1.,6.1153589047361E-17,0.));
#4569=DIRECTION('',(-6.1153589047361E-17,-1.,0.));
#4570=DIRECTION('',(0.,0.,1.));
#4571=DIRECTION('',(6.1153589047361E-17,1.,0.));
#4572=DIRECTION('',(-1.,6.1153589047361E-17,0.));
#4573=DIRECTION('',(0.,0.,1.));
#4574=DIRECTION('',(1.,-6.1153589047361E-17,0.));
#4575=DIRECTION('',(0.,0.,1.));
#4576=DIRECTION('',(1.,-6.1153589047361E-17,0.));
#4577=DIRECTION('',(6.1153589047361E-17,1.,0.));
#4578=DIRECTION('',(1.,-6.1153589047361E-17,0.));
#4579=DIRECTION('',(-1.,6.1153589047361E-17,0.));
#4580=DIRECTION('',(-6.1153589047361E-17,-1.,0.));
#4581=DIRECTION('',(6.1153589047361E-17,1.,0.));
#4582=DIRECTION('',(-1.,6.1153589047361E-17,0.));
#4583=DIRECTION('',(0.,0.,-1.));
#4584=DIRECTION('',(-1.,6.1153589047361E-17,0.));
#4585=DIRECTION('',(-6.1153589047361E-17,-1.,0.));
#4586=DIRECTION('',(0.,0.,1.));
#4587=DIRECTION('',(-1.,6.1153589047361E-17,0.));
#4588=DIRECTION('',(-6.1153589047361E-17,-1.,0.));
#4589=DIRECTION('',(0.,0.,-1.));
#4590=DIRECTION('',(-1.,6.1153589047361E-17,0.));
#4591=DIRECTION('',(-6.1153589047361E-17,-1.,0.));
#4592=DIRECTION('',(0.,0.,1.));
#4593=DIRECTION('',(-1.,6.1153589047361E-17,0.));
#4594=DIRECTION('',(-6.1153589047361E-17,-1.,0.));
#4595=DIRECTION('',(0.,0.,-1.));
#4596=DIRECTION('',(0.,0.,-1.));
#4597=DIRECTION('',(-1.,0.,0.));
#4598=DIRECTION('',(0.,0.,-1.));
#4599=DIRECTION('',(-1.,0.,0.));
#4600=DIRECTION('',(0.,0.,-1.));
#4601=DIRECTION('',(-1.,0.,0.));
#4602=DIRECTION('',(-1.,6.1153589047361E-17,0.));
#4603=DIRECTION('',(-6.1153589047361E-17,-1.,0.));
#4604=DIRECTION('',(1.73472347597681E-15,-1.73472347597681E-15,1.));
#4605=DIRECTION('',(1.,0.,-1.73472347597681E-15));
#4606=DIRECTION('',(0.,0.,1.));
#4607=DIRECTION('',(1.,0.,0.));
#4608=DIRECTION('',(-1.,-6.1153589047361E-17,0.));
#4609=DIRECTION('',(-6.1153589047361E-17,1.,0.));
#4610=DIRECTION('',(0.,0.,1.));
#4611=DIRECTION('',(-6.1153589047361E-17,1.,0.));
#4612=DIRECTION('',(-1.,-6.1153589047361E-17,0.));
#4613=DIRECTION('',(0.,0.,1.));
#4614=DIRECTION('',(0.,0.,1.));
#4615=DIRECTION('',(1.,6.1153589047361E-17,0.));
#4616=DIRECTION('',(-6.1153589047361E-17,1.,0.));
#4617=DIRECTION('',(-1.,-6.1153589047361E-17,0.));
#4618=DIRECTION('',(1.,6.1153589047361E-17,0.));
#4619=DIRECTION('',(0.,0.,-1.));
#4620=DIRECTION('',(1.,6.1153589047361E-17,0.));
#4621=DIRECTION('',(-6.1153589047361E-17,1.,0.));
#4622=DIRECTION('',(1.,6.1153589047361E-17,0.));
#4623=DIRECTION('',(-6.1153589047361E-17,1.,0.));
#4624=DIRECTION('',(-1.,-6.1153589047361E-17,0.));
#4625=DIRECTION('',(-6.1153589047361E-17,1.,0.));
#4626=DIRECTION('',(-1.,-6.1153589047361E-17,0.));
#4627=DIRECTION('',(6.1153589047361E-17,-1.,0.));
#4628=DIRECTION('',(0.,0.,1.));
#4629=DIRECTION('',(0.,0.,-1.));
#4630=DIRECTION('',(-1.,-6.1153589047361E-17,0.));
#4631=DIRECTION('',(-6.1153589047361E-17,1.,0.));
#4632=DIRECTION('',(0.,0.,1.));
#4633=DIRECTION('',(0.,0.,-1.));
#4634=DIRECTION('',(1.,6.1153589047361E-17,0.));
#4635=DIRECTION('',(-6.1153589047361E-17,1.,0.));
#4636=DIRECTION('',(0.,0.,1.));
#4637=DIRECTION('',(1.,0.,0.));
#4638=DIRECTION('',(0.,0.,1.));
#4639=DIRECTION('',(1.,0.,0.));
#4640=DIRECTION('',(0.,0.,-1.));
#4641=DIRECTION('',(-1.,0.,0.));
#4642=DIRECTION('',(-1.,-6.1153589047361E-17,0.));
#4643=DIRECTION('',(6.1153589047361E-17,-1.,0.));
#4644=DIRECTION('',(0.,0.,1.));
#4645=DIRECTION('',(1.,0.,0.));
#4646=DIRECTION('',(0.,0.,-1.));
#4647=DIRECTION('',(-1.,0.,0.));
#4648=DIRECTION('',(1.,3.73058812038023E-16,1.06752213906265E-16));
#4649=DIRECTION('',(-3.73058812038023E-16,1.,0.));
#4650=DIRECTION('',(3.73058812038023E-16,-1.,0.));
#4651=DIRECTION('',(3.73058812038023E-16,-1.,0.));
#4652=DIRECTION('',(0.,0.,-1.));
#4653=DIRECTION('',(-1.,0.,0.));
#4654=DIRECTION('',(3.73058812038023E-16,-1.,0.));
#4655=DIRECTION('',(3.73058812038023E-16,-1.,0.));
#4656=DIRECTION('',(-1.,-3.73058812038023E-16,-1.06752213906265E-16));
#4657=DIRECTION('',(3.73058812038023E-16,-1.,0.));
#4658=DIRECTION('',(3.73058812038023E-16,-1.,0.));
#4659=DIRECTION('',(3.73058812038023E-16,-1.,0.));
#4660=DIRECTION('',(0.,0.,-1.));
#4661=DIRECTION('',(-1.,0.,0.));
#4662=DIRECTION('',(3.73058812038023E-16,-1.,0.));
#4663=DIRECTION('',(3.73058812038023E-16,-1.,0.));
#4664=DIRECTION('',(-1.,-3.73058812038023E-16,-1.06752213906265E-16));
#4665=DIRECTION('',(3.73058812038023E-16,-1.,0.));
#4666=DIRECTION('',(3.73058812038023E-16,-1.,0.));
#4667=DIRECTION('',(3.73058812038023E-16,-1.,0.));
#4668=DIRECTION('',(1.,3.73058812038023E-16,1.06752213906265E-16));
#4669=DIRECTION('',(-3.73058812038023E-16,1.,0.));
#4670=DIRECTION('',(3.73058812038023E-16,-1.,0.));
#4671=DIRECTION('',(3.73058812038023E-16,-1.,0.));
#4672=DIRECTION('',(-3.73058812038023E-16,1.,0.));
#4673=DIRECTION('',(-1.,-3.73058812038023E-16,0.));
#4674=DIRECTION('',(-3.73058812038023E-16,1.,0.));
#4675=DIRECTION('',(-1.,-3.73058812038023E-16,0.));
#4676=DIRECTION('',(-3.73058812038023E-16,1.,0.));
#4677=DIRECTION('',(-1.,-3.73058812038023E-16,0.));
#4678=DIRECTION('',(-3.73058812038023E-16,1.,0.));
#4679=DIRECTION('',(-1.,-3.73058812038023E-16,0.));
#4680=DIRECTION('',(-3.73058812038023E-16,1.,0.));
#4681=DIRECTION('',(-1.,-3.73058812038023E-16,0.));
#4682=DIRECTION('',(-3.73058812038023E-16,1.,0.));
#4683=DIRECTION('',(-1.,-3.73058812038023E-16,0.));
#4684=DIRECTION('',(-3.73058812038023E-16,1.,0.));
#4685=DIRECTION('',(-1.,-3.73058812038023E-16,0.));
#4686=DIRECTION('',(-3.73058812038023E-16,1.,0.));
#4687=DIRECTION('',(-1.,-3.73058812038023E-16,0.));
#4688=CARTESIAN_POINT('',(0.,0.,0.));
#4689=CARTESIAN_POINT('',(3.46944695195361E-18,0.0851,0.005));
#4690=CARTESIAN_POINT('',(3.46944695195361E-18,0.0851,0.));
#4691=CARTESIAN_POINT('',(0.0136,0.0851,0.));
#4692=CARTESIAN_POINT('',(-0.0136,0.0851,0.));
#4693=CARTESIAN_POINT('',(-0.0136,0.0851,0.075));
#4694=CARTESIAN_POINT('',(-0.0136,0.0851,0.075));
#4695=CARTESIAN_POINT('',(3.46944695195361E-18,0.0851,0.075));
#4696=CARTESIAN_POINT('',(0.0136,0.0851,0.075));
#4697=CARTESIAN_POINT('',(0.0136,0.0851,0.005));
#4698=CARTESIAN_POINT('',(-6.69648028784492E-17,0.0851,0.005));
#4699=CARTESIAN_POINT('',(-0.0066,0.0851,0.005));
#4700=CARTESIAN_POINT('',(0.0066,0.0851,0.005));
#4701=CARTESIAN_POINT('',(0.0066,0.0851,0.007));
#4702=CARTESIAN_POINT('',(0.0086,0.0851,0.007));
#4703=CARTESIAN_POINT('',(0.0086,0.0851,0.0375));
#4704=CARTESIAN_POINT('',(0.0086,0.0851,0.068));
#4705=CARTESIAN_POINT('',(0.0066,0.0851,0.068));
#4706=CARTESIAN_POINT('',(0.0066,0.0851,0.07));
#4707=CARTESIAN_POINT('',(-7.56384202583333E-17,0.0851,0.07));
#4708=CARTESIAN_POINT('',(-0.00660000000000008,0.0851,0.07));
#4709=CARTESIAN_POINT('',(-0.00660000000000008,0.0851,0.068));
#4710=CARTESIAN_POINT('',(-0.0086,0.0851,0.068));
#4711=CARTESIAN_POINT('',(-0.0086,0.0851,0.0375));
#4712=CARTESIAN_POINT('',(-0.0086,0.0851,0.007));
#4713=CARTESIAN_POINT('',(-0.0066,0.0851,0.007));
#4714=CARTESIAN_POINT('',(-3.46944695195361E-18,-0.0851,0.005));
#4715=CARTESIAN_POINT('',(3.46944695195361E-18,-0.0851,0.075));
#4716=CARTESIAN_POINT('',(0.0136,-0.0851,0.075));
#4717=CARTESIAN_POINT('',(-0.0136,-0.0851,0.075));
#4718=CARTESIAN_POINT('',(-0.0136,-0.0851,0.005));
#4719=CARTESIAN_POINT('',(-0.0136,-0.0851,0.));
#4720=CARTESIAN_POINT('',(-3.46944695195361E-18,-0.0851,0.));
#4721=CARTESIAN_POINT('',(0.0136,-0.0851,0.));
#4722=CARTESIAN_POINT('',(0.0136,-0.0851,0.075));
#4723=CARTESIAN_POINT('',(-0.0086,-0.0851,0.0375));
#4724=CARTESIAN_POINT('',(-0.0086,-0.0851,0.007));
#4725=CARTESIAN_POINT('',(-0.0086,-0.0851,0.068));
#4726=CARTESIAN_POINT('',(-0.0066,-0.0851,0.068));
#4727=CARTESIAN_POINT('',(-0.0066,-0.0851,0.07));
#4728=CARTESIAN_POINT('',(-1.21430643318376E-17,-0.0851,0.07));
#4729=CARTESIAN_POINT('',(0.0066,-0.0851,0.07));
#4730=CARTESIAN_POINT('',(0.0066,-0.0851,0.068));
#4731=CARTESIAN_POINT('',(0.0086,-0.0851,0.068));
#4732=CARTESIAN_POINT('',(0.0086,-0.0851,0.0375));
#4733=CARTESIAN_POINT('',(0.0086,-0.0851,0.007));
#4734=CARTESIAN_POINT('',(0.0066,-0.0851,0.007));
#4735=CARTESIAN_POINT('',(0.0066,-0.0851,0.005));
#4736=CARTESIAN_POINT('',(-3.46944695195361E-18,-0.0851,0.005));
#4737=CARTESIAN_POINT('',(-0.0066,-0.0851,0.005));
#4738=CARTESIAN_POINT('',(-0.0066,-0.0851,0.007));
#4739=CARTESIAN_POINT('',(-3.46944695195361E-18,-0.0801,0.085));
#4740=CARTESIAN_POINT('',(0.0086,-0.0801,0.085));
#4741=CARTESIAN_POINT('',(0.0086,-0.0801,0.068));
#4742=CARTESIAN_POINT('',(0.0086,-0.0801,0.007));
#4743=CARTESIAN_POINT('',(0.0066,-0.0801,0.068));
#4744=CARTESIAN_POINT('',(0.0066,-0.0801,0.07));
#4745=CARTESIAN_POINT('',(-3.46944695195361E-18,-0.0801,0.07));
#4746=CARTESIAN_POINT('',(-0.0066,-0.0801,0.07));
#4747=CARTESIAN_POINT('',(-0.0066,-0.0801,0.068));
#4748=CARTESIAN_POINT('',(-0.0086,-0.0801,0.068));
#4749=CARTESIAN_POINT('',(-0.0086,-0.0801,0.085));
#4750=CARTESIAN_POINT('',(-0.0086,-0.0801,0.007));
#4751=CARTESIAN_POINT('',(-0.0066,-0.0801,0.007));
#4752=CARTESIAN_POINT('',(-0.0066,-0.0801,0.005));
#4753=CARTESIAN_POINT('',(4.08680442428654E-17,-0.0801,0.005));
#4754=CARTESIAN_POINT('',(-0.0086,-0.0801,0.005));
#4755=CARTESIAN_POINT('',(-0.0086,-0.0801,0.01));
#4756=CARTESIAN_POINT('',(-0.0136,-0.0801,0.01));
#4757=CARTESIAN_POINT('',(-0.0136,-0.0801,0.085));
#4758=CARTESIAN_POINT('',(-0.0136,-0.0801,0.085));
#4759=CARTESIAN_POINT('',(-3.46944695195361E-18,-0.0801,0.085));
#4760=CARTESIAN_POINT('',(0.0136,-0.0801,0.085));
#4761=CARTESIAN_POINT('',(0.0136,-0.0801,0.085));
#4762=CARTESIAN_POINT('',(0.0136,-0.0801,0.01));
#4763=CARTESIAN_POINT('',(0.0086,-0.0801,0.01));
#4764=CARTESIAN_POINT('',(0.0086,-0.0801,0.005));
#4765=CARTESIAN_POINT('',(4.08680442428654E-17,-0.0801,0.005));
#4766=CARTESIAN_POINT('',(0.0066,-0.0801,0.005));
#4767=CARTESIAN_POINT('',(0.0066,-0.0801,0.007));
#4768=CARTESIAN_POINT('',(5.20417042793042E-18,0.0801,0.085));
#4769=CARTESIAN_POINT('',(-0.0086,0.0801,0.085));
#4770=CARTESIAN_POINT('',(-0.0086,0.0801,0.007));
#4771=CARTESIAN_POINT('',(-0.0086,0.0801,0.068));
#4772=CARTESIAN_POINT('',(-0.00660000000000008,0.0801,0.068));
#4773=CARTESIAN_POINT('',(-0.00660000000000008,0.0801,0.07));
#4774=CARTESIAN_POINT('',(5.20417042793042E-18,0.0801,0.07));
#4775=CARTESIAN_POINT('',(0.0066,0.0801,0.07));
#4776=CARTESIAN_POINT('',(0.0066,0.0801,0.068));
#4777=CARTESIAN_POINT('',(0.0086,0.0801,0.068));
#4778=CARTESIAN_POINT('',(0.0086,0.0801,0.085));
#4779=CARTESIAN_POINT('',(0.0086,0.0801,0.007));
#4780=CARTESIAN_POINT('',(0.0066,0.0801,0.007));
#4781=CARTESIAN_POINT('',(0.0066,0.0801,0.005));
#4782=CARTESIAN_POINT('',(5.20417042793042E-18,0.0801,0.005));
#4783=CARTESIAN_POINT('',(0.0086,0.0801,0.005));
#4784=CARTESIAN_POINT('',(0.0086,0.0801,0.01));
#4785=CARTESIAN_POINT('',(0.0136,0.0801,0.01));
#4786=CARTESIAN_POINT('',(0.0136,0.0801,0.085));
#4787=CARTESIAN_POINT('',(0.0136,0.0801,0.085));
#4788=CARTESIAN_POINT('',(5.20417042793042E-18,0.0801,0.085));
#4789=CARTESIAN_POINT('',(-0.0136,0.0801,0.085));
#4790=CARTESIAN_POINT('',(-0.0136,0.0801,0.085));
#4791=CARTESIAN_POINT('',(-0.0136,0.0801,0.01));
#4792=CARTESIAN_POINT('',(-0.0086,0.0801,0.01));
#4793=CARTESIAN_POINT('',(-0.0086,0.0801,0.005));
#4794=CARTESIAN_POINT('',(5.20417042793042E-18,0.0801,0.005));
#4795=CARTESIAN_POINT('',(-0.0066,0.0801,0.005));
#4796=CARTESIAN_POINT('',(-0.0066,0.0801,0.007));
#4797=CARTESIAN_POINT('',(-0.0186,0.,0.005));
#4798=CARTESIAN_POINT('',(-0.0186,0.,0.));
#4799=CARTESIAN_POINT('',(-0.0186,0.0726,0.));
#4800=CARTESIAN_POINT('',(-0.0186,0.0801,0.));
#4801=CARTESIAN_POINT('',(-0.0186,0.0726,0.008));
#4802=CARTESIAN_POINT('',(-0.0186,0.0801,0.00521611781858563));
#4803=CARTESIAN_POINT('',(-0.0186,0.0801,0.));
#4804=CARTESIAN_POINT('',(-0.0186,0.,0.005));
#4805=CARTESIAN_POINT('',(-0.0186,0.0951,0.075));
#4806=CARTESIAN_POINT('',(-0.0186,0.0901,0.075));
#4807=CARTESIAN_POINT('',(-0.0186,0.0801,0.075));
#4808=CARTESIAN_POINT('',(-0.0186,0.0801,0.005));
#4809=CARTESIAN_POINT('',(-0.0186,0.0801,0.085));
#4810=CARTESIAN_POINT('',(-0.0186,0.,0.085));
#4811=CARTESIAN_POINT('',(-0.0186,0.0901,0.085));
#4812=CARTESIAN_POINT('',(-0.0186,0.0901,0.005));
#4813=CARTESIAN_POINT('',(-0.0186,0.,0.005));
#4814=CARTESIAN_POINT('',(-0.0186,0.,0.085));
#4815=CARTESIAN_POINT('',(-0.0186,-0.0636,0.085));
#4816=CARTESIAN_POINT('',(-0.0186,0.0636,0.085));
#4817=CARTESIAN_POINT('',(-0.0186,0.0636,0.005));
#4818=CARTESIAN_POINT('',(-0.0186,0.0636,0.0635707142142715));
#4819=CARTESIAN_POINT('',(-0.0186,0.0601,0.06));
#4820=CARTESIAN_POINT('',(-0.0186,0.0601,0.065));
#4821=CARTESIAN_POINT('',(-0.0186,-1.27905878413036E-17,0.065));
#4822=CARTESIAN_POINT('',(-0.0186,-0.0374836287525728,0.065));
#4823=CARTESIAN_POINT('',(-0.0186,-0.0374836287525728,0.06));
#4824=CARTESIAN_POINT('',(-0.0186,-0.0392366841555853,0.0553173942346201));
#4825=CARTESIAN_POINT('',(-0.0186,0.0116986603565584,0.0362484216635181));
#4826=CARTESIAN_POINT('',(-0.0186,0.0542522047333036,0.0203173942346201));
#4827=CARTESIAN_POINT('',(-0.0186,0.0560052601363161,0.025));
#4828=CARTESIAN_POINT('',(-0.0186,0.0560052601363161,0.02));
#4829=CARTESIAN_POINT('',(-0.0186,0.,0.02));
#4830=CARTESIAN_POINT('',(-0.0186,0.0601,0.02));
#4831=CARTESIAN_POINT('',(-0.0186,0.0601,0.025));
#4832=CARTESIAN_POINT('',(-0.0186,0.0646,0.0228205505282296));
#4833=CARTESIAN_POINT('',(-0.0186,0.0646,0.078));
#4834=CARTESIAN_POINT('',(-0.0186,0.0646,0.008));
#4835=CARTESIAN_POINT('',(-0.0186,0.0726,0.008));
#4836=CARTESIAN_POINT('',(-0.0186,0.,0.));
#4837=CARTESIAN_POINT('',(-0.0186,-0.0726,0.));
#4838=CARTESIAN_POINT('',(-0.0186,-0.0726,0.008));
#4839=CARTESIAN_POINT('',(-0.0186,-0.0646,0.008));
#4840=CARTESIAN_POINT('',(-0.0186,-0.0646,0.078));
#4841=CARTESIAN_POINT('',(-0.0186,-0.0646,0.0228205505282297));
#4842=CARTESIAN_POINT('',(-0.0186,-0.0601,0.025));
#4843=CARTESIAN_POINT('',(-0.0186,-0.0601,0.02));
#4844=CARTESIAN_POINT('',(-0.0186,0.,0.02));
#4845=CARTESIAN_POINT('',(-0.0186,-0.0295596340149135,0.02));
#4846=CARTESIAN_POINT('',(-0.0186,-0.0295596340149135,0.025));
#4847=CARTESIAN_POINT('',(-0.0186,-0.027806578611901,0.0296826057653799));
#4848=CARTESIAN_POINT('',(-0.0186,0.00468643874450861,0.0175179986019986));
#4849=CARTESIAN_POINT('',(-0.0186,-0.0636,0.0430828051203254));
#4850=CARTESIAN_POINT('',(-0.0186,-0.0636,0.085));
#4851=CARTESIAN_POINT('',(-0.0186,0.,0.005));
#4852=CARTESIAN_POINT('',(-0.0186,-0.0801,0.005));
#4853=CARTESIAN_POINT('',(-0.0186,-0.0801,0.075));
#4854=CARTESIAN_POINT('',(-0.0186,-0.0801,0.085));
#4855=CARTESIAN_POINT('',(-0.0186,-0.0951,0.075));
#4856=CARTESIAN_POINT('',(-0.0186,-0.0901,0.075));
#4857=CARTESIAN_POINT('',(-0.0186,-0.0901,0.005));
#4858=CARTESIAN_POINT('',(-0.0186,-0.0901,0.085));
#4859=CARTESIAN_POINT('',(-0.0186,0.,0.085));
#4860=CARTESIAN_POINT('',(0.0186,1.38777878078145E-17,0.005));
#4861=CARTESIAN_POINT('',(0.0186,0.0736,0.013));
#4862=CARTESIAN_POINT('',(0.0186,0.0736,0.011));
#4863=CARTESIAN_POINT('',(0.0186,0.0756,0.013));
#4864=CARTESIAN_POINT('',(0.0186,1.38777878078145E-17,0.011));
#4865=CARTESIAN_POINT('',(0.0186,0.0716,0.011));
#4866=CARTESIAN_POINT('',(0.0186,0.0716,0.013));
#4867=CARTESIAN_POINT('',(0.0186,0.0696,0.013));
#4868=CARTESIAN_POINT('',(0.0186,0.0696,0.00500000000000012));
#4869=CARTESIAN_POINT('',(0.0186,0.0696,0.019));
#4870=CARTESIAN_POINT('',(0.0186,0.0716,0.019));
#4871=CARTESIAN_POINT('',(0.0186,0.0716,0.021));
#4872=CARTESIAN_POINT('',(0.0186,0.0746,0.021));
#4873=CARTESIAN_POINT('',(0.0186,0.0736,0.021));
#4874=CARTESIAN_POINT('',(0.0186,0.0736,0.019));
#4875=CARTESIAN_POINT('',(0.0186,0.0756,0.019));
#4876=CARTESIAN_POINT('',(0.0186,0.0756,0.012));
#4877=CARTESIAN_POINT('',(0.0186,-0.0716,0.074));
#4878=CARTESIAN_POINT('',(0.0186,-0.0696,0.074));
#4879=CARTESIAN_POINT('',(0.0186,-0.0716,0.076));
#4880=CARTESIAN_POINT('',(0.0186,-0.0696,0.067));
#4881=CARTESIAN_POINT('',(0.0186,-0.0696,0.068));
#4882=CARTESIAN_POINT('',(0.0186,-0.0716,0.068));
#4883=CARTESIAN_POINT('',(0.0186,-0.0716,0.066));
#4884=CARTESIAN_POINT('',(0.0186,1.38777878078145E-17,0.066));
#4885=CARTESIAN_POINT('',(0.0186,-0.0736,0.066));
#4886=CARTESIAN_POINT('',(0.0186,-0.0736,0.068));
#4887=CARTESIAN_POINT('',(0.0186,-0.0756,0.068));
#4888=CARTESIAN_POINT('',(0.0186,-0.0756,0.005));
#4889=CARTESIAN_POINT('',(0.0186,-0.0756,0.074));
#4890=CARTESIAN_POINT('',(0.0186,-0.0736,0.074));
#4891=CARTESIAN_POINT('',(0.0186,-0.0736,0.076));
#4892=CARTESIAN_POINT('',(0.0186,-0.0706,0.076));
#4893=CARTESIAN_POINT('',(0.0186,-0.0651,0.0318221845901128));
#4894=CARTESIAN_POINT('',(0.0186,-0.0651,0.0364335812756148));
#4895=CARTESIAN_POINT('',(0.0186,-0.0651,0.025));
#4896=CARTESIAN_POINT('',(0.0186,-0.0601,0.0364335812756148));
#4897=CARTESIAN_POINT('',(0.0186,-0.0583469445969876,0.0411161870409947));
#4898=CARTESIAN_POINT('',(0.0186,-0.0335216313837432,0.0318221845901128));
#4899=CARTESIAN_POINT('',(0.0186,-0.027806578611901,0.0296826057653799));
#4900=CARTESIAN_POINT('',(0.0186,-0.0295596340149135,0.025));
#4901=CARTESIAN_POINT('',(0.0186,-0.0295596340149135,0.02));
#4902=CARTESIAN_POINT('',(0.0186,-0.0335216313837432,0.02));
#4903=CARTESIAN_POINT('',(0.0186,-0.0601,0.02));
#4904=CARTESIAN_POINT('',(0.0186,-0.0601,0.025));
#4905=CARTESIAN_POINT('',(0.0186,0.0601,0.02));
#4906=CARTESIAN_POINT('',(0.0186,0.0560052601363161,0.02));
#4907=CARTESIAN_POINT('',(0.0186,0.0601,0.02));
#4908=CARTESIAN_POINT('',(0.0186,0.0560052601363161,0.025));
#4909=CARTESIAN_POINT('',(0.0186,0.0542522047333036,0.0203173942346201));
#4910=CARTESIAN_POINT('',(0.0186,-0.005,0.0425));
#4911=CARTESIAN_POINT('',(0.0186,-0.0392366841555853,0.0553173942346201));
#4912=CARTESIAN_POINT('',(0.0186,-0.0374836287525728,0.06));
#4913=CARTESIAN_POINT('',(0.0186,-0.0374836287525728,0.065));
#4914=CARTESIAN_POINT('',(0.0186,1.38777878078145E-17,0.065));
#4915=CARTESIAN_POINT('',(0.0186,0.0601,0.065));
#4916=CARTESIAN_POINT('',(0.0186,0.0601,0.06));
#4917=CARTESIAN_POINT('',(0.0186,0.0651,0.06));
#4918=CARTESIAN_POINT('',(0.0186,0.0651,0.0425));
#4919=CARTESIAN_POINT('',(0.0186,0.0651,0.025));
#4920=CARTESIAN_POINT('',(0.0186,0.0601,0.025));
#4921=CARTESIAN_POINT('',(0.0186,0.0951,0.075));
#4922=CARTESIAN_POINT('',(0.0186,0.0901,0.075));
#4923=CARTESIAN_POINT('',(0.0186,0.0801,0.075));
#4924=CARTESIAN_POINT('',(0.0186,0.0901,0.085));
#4925=CARTESIAN_POINT('',(0.0186,0.0901,0.085));
#4926=CARTESIAN_POINT('',(0.0186,1.38777878078145E-17,0.085));
#4927=CARTESIAN_POINT('',(0.0186,-0.0901,0.085));
#4928=CARTESIAN_POINT('',(0.0186,-0.0901,0.075));
#4929=CARTESIAN_POINT('',(0.0186,-0.0901,0.075));
#4930=CARTESIAN_POINT('',(0.0186,-0.0951,0.075));
#4931=CARTESIAN_POINT('',(0.0186,-0.0801,0.075));
#4932=CARTESIAN_POINT('',(0.0186,-0.0801,0.));
#4933=CARTESIAN_POINT('',(0.0186,-0.0801,0.));
#4934=CARTESIAN_POINT('',(0.0186,1.38777878078145E-17,0.));
#4935=CARTESIAN_POINT('',(0.0186,0.0801,0.));
#4936=CARTESIAN_POINT('',(0.0186,0.0801,0.005));
#4937=CARTESIAN_POINT('',(0.0186,-0.0716,0.019));
#4938=CARTESIAN_POINT('',(0.0186,-0.0696,0.019));
#4939=CARTESIAN_POINT('',(0.0186,-0.0716,0.021));
#4940=CARTESIAN_POINT('',(0.0186,-0.0696,0.012));
#4941=CARTESIAN_POINT('',(0.0186,-0.0696,0.013));
#4942=CARTESIAN_POINT('',(0.0186,-0.0716,0.013));
#4943=CARTESIAN_POINT('',(0.0186,-0.0716,0.011));
#4944=CARTESIAN_POINT('',(0.0186,1.38777878078145E-17,0.011));
#4945=CARTESIAN_POINT('',(0.0186,-0.0736,0.011));
#4946=CARTESIAN_POINT('',(0.0186,-0.0736,0.013));
#4947=CARTESIAN_POINT('',(0.0186,-0.0756,0.013));
#4948=CARTESIAN_POINT('',(0.0186,-0.0756,0.00499999999999987));
#4949=CARTESIAN_POINT('',(0.0186,-0.0756,0.019));
#4950=CARTESIAN_POINT('',(0.0186,-0.0736,0.019));
#4951=CARTESIAN_POINT('',(0.0186,-0.0736,0.021));
#4952=CARTESIAN_POINT('',(0.0186,-0.0706,0.021));
#4953=CARTESIAN_POINT('',(0.0186,0.0716,0.068));
#4954=CARTESIAN_POINT('',(0.0186,0.0696,0.068));
#4955=CARTESIAN_POINT('',(0.0186,0.0716,0.066));
#4956=CARTESIAN_POINT('',(0.0186,0.0696,0.005));
#4957=CARTESIAN_POINT('',(0.0186,0.0696,0.074));
#4958=CARTESIAN_POINT('',(0.0186,0.0716,0.074));
#4959=CARTESIAN_POINT('',(0.0186,0.0716,0.076));
#4960=CARTESIAN_POINT('',(0.0186,0.0746,0.076));
#4961=CARTESIAN_POINT('',(0.0186,0.0736,0.076));
#4962=CARTESIAN_POINT('',(0.0186,0.0736,0.074));
#4963=CARTESIAN_POINT('',(0.0186,0.0756,0.074));
#4964=CARTESIAN_POINT('',(0.0186,0.0756,0.067));
#4965=CARTESIAN_POINT('',(0.0186,0.0756,0.068));
#4966=CARTESIAN_POINT('',(0.0186,0.0736,0.068));
#4967=CARTESIAN_POINT('',(0.0186,0.0736,0.066));
#4968=CARTESIAN_POINT('',(0.0186,1.38777878078145E-17,0.066));
#4969=CARTESIAN_POINT('',(-0.0186,0.,0.005));
#4970=CARTESIAN_POINT('',(-0.0186,-0.0726,0.008));
#4971=CARTESIAN_POINT('',(-0.0186,-0.0801,0.00521611781858563));
#4972=CARTESIAN_POINT('',(-0.0186,0.,0.));
#4973=CARTESIAN_POINT('',(-0.0186,-0.0801,0.));
#4974=CARTESIAN_POINT('',(-0.0186,-0.0801,0.005));
#4975=CARTESIAN_POINT('',(-0.0136,0.,0.085));
#4976=CARTESIAN_POINT('',(-0.0136,0.,0.01));
#4977=CARTESIAN_POINT('',(-0.0136,-0.0761,0.01));
#4978=CARTESIAN_POINT('',(-0.0136,-0.0761,0.004));
#4979=CARTESIAN_POINT('',(-0.0136,-0.0701,0.004));
#4980=CARTESIAN_POINT('',(-0.0136,-0.0701,0.001));
#4981=CARTESIAN_POINT('',(-0.0136,-0.0701,0.001));
#4982=CARTESIAN_POINT('',(-0.0136,-0.0761,0.001));
#4983=CARTESIAN_POINT('',(-0.0136,-0.0701839202169004,0.));
#4984=CARTESIAN_POINT('',(-0.0136,0.,0.));
#4985=CARTESIAN_POINT('',(-0.0136,0.0701839202169004,0.));
#4986=CARTESIAN_POINT('',(-0.0136,0.0761,0.001));
#4987=CARTESIAN_POINT('',(-0.0136,0.0701,0.001));
#4988=CARTESIAN_POINT('',(-0.0136,0.0701,0.085));
#4989=CARTESIAN_POINT('',(-0.0136,0.0701,0.004));
#4990=CARTESIAN_POINT('',(-0.0136,0.0761,0.004));
#4991=CARTESIAN_POINT('',(-0.0136,0.0761,0.01));
#4992=CARTESIAN_POINT('',(-0.0136,0.,0.01));
#4993=CARTESIAN_POINT('',(-0.0136,0.,0.085));
#4994=CARTESIAN_POINT('',(-0.0136,0.0651,0.085));
#4995=CARTESIAN_POINT('',(-0.0136,0.0651,0.025));
#4996=CARTESIAN_POINT('',(-0.0136,0.0651,0.06));
#4997=CARTESIAN_POINT('',(-0.0136,0.0601,0.025));
#4998=CARTESIAN_POINT('',(-0.0136,0.0601,0.02));
#4999=CARTESIAN_POINT('',(-0.0136,0.,0.02));
#5000=CARTESIAN_POINT('',(-0.0136,0.0560052601363161,0.02));
#5001=CARTESIAN_POINT('',(-0.0136,0.0560052601363161,0.025));
#5002=CARTESIAN_POINT('',(-0.0136,0.0542522047333037,0.0203173942346201));
#5003=CARTESIAN_POINT('',(-0.0136,-0.0145697151224061,0.0460826720508176));
#5004=CARTESIAN_POINT('',(-0.0136,-0.0392366841555853,0.0553173942346201));
#5005=CARTESIAN_POINT('',(-0.0136,-0.0374836287525728,0.06));
#5006=CARTESIAN_POINT('',(-0.0136,-0.0374836287525728,0.065));
#5007=CARTESIAN_POINT('',(-0.0136,4.26352928043455E-18,0.065));
#5008=CARTESIAN_POINT('',(-0.0136,0.0601,0.065));
#5009=CARTESIAN_POINT('',(-0.0136,0.0601,0.06));
#5010=CARTESIAN_POINT('',(-0.0136,-0.0215819367344558,0.0273522489892981));
#5011=CARTESIAN_POINT('',(-0.0136,-0.027806578611901,0.0296826057653799));
#5012=CARTESIAN_POINT('',(-0.0136,-0.0651,0.0436443691802256));
#5013=CARTESIAN_POINT('',(-0.0136,-0.0295596340149135,0.025));
#5014=CARTESIAN_POINT('',(-0.0136,-0.0295596340149135,0.02));
#5015=CARTESIAN_POINT('',(-0.0136,0.,0.02));
#5016=CARTESIAN_POINT('',(-0.0136,-0.0601,0.02));
#5017=CARTESIAN_POINT('',(-0.0136,-0.0601,0.025));
#5018=CARTESIAN_POINT('',(-0.0136,-0.0651,0.025));
#5019=CARTESIAN_POINT('',(-0.0136,-0.0651,0.085));
#5020=CARTESIAN_POINT('',(0.0136,6.93889390390723E-18,0.085));
#5021=CARTESIAN_POINT('',(0.0136,-0.0761,0.004));
#5022=CARTESIAN_POINT('',(0.0136,-0.0701,0.004));
#5023=CARTESIAN_POINT('',(0.0136,-0.0761,0.01));
#5024=CARTESIAN_POINT('',(0.0136,-0.0801,0.01));
#5025=CARTESIAN_POINT('',(0.0136,6.93889390390723E-18,0.085));
#5026=CARTESIAN_POINT('',(0.0136,0.0761,0.01));
#5027=CARTESIAN_POINT('',(0.0136,0.0761,0.01));
#5028=CARTESIAN_POINT('',(0.0136,0.0761,0.004));
#5029=CARTESIAN_POINT('',(0.0136,0.0701,0.004));
#5030=CARTESIAN_POINT('',(0.0136,0.0701,0.001));
#5031=CARTESIAN_POINT('',(0.0136,0.0701,0.001));
#5032=CARTESIAN_POINT('',(0.0136,0.0761,0.001));
#5033=CARTESIAN_POINT('',(0.0136,0.0701839202169004,0.));
#5034=CARTESIAN_POINT('',(0.0136,6.93889390390723E-18,0.));
#5035=CARTESIAN_POINT('',(0.0136,-0.0701839202169004,0.));
#5036=CARTESIAN_POINT('',(0.0136,-0.0761,0.001));
#5037=CARTESIAN_POINT('',(0.0136,-0.0701,0.001));
#5038=CARTESIAN_POINT('',(0.0136,-0.0701,0.085));
#5039=CARTESIAN_POINT('',(0.0136,-0.0145697151224061,0.0460826720508176));
#5040=CARTESIAN_POINT('',(0.0136,0.0542522047333036,0.0203173942346201));
#5041=CARTESIAN_POINT('',(0.0136,-0.0392366841555853,0.0553173942346201));
#5042=CARTESIAN_POINT('',(0.0136,0.0560052601363161,0.025));
#5043=CARTESIAN_POINT('',(0.0136,0.0560052601363161,0.02));
#5044=CARTESIAN_POINT('',(0.0136,6.93889390390723E-18,0.02));
#5045=CARTESIAN_POINT('',(0.0136,0.0601,0.02));
#5046=CARTESIAN_POINT('',(0.0136,0.0601,0.025));
#5047=CARTESIAN_POINT('',(0.0136,0.0651,0.025));
#5048=CARTESIAN_POINT('',(0.0136,0.0651,0.085));
#5049=CARTESIAN_POINT('',(0.0136,0.0651,0.06));
#5050=CARTESIAN_POINT('',(0.0136,0.0601,0.06));
#5051=CARTESIAN_POINT('',(0.0136,0.0601,0.065));
#5052=CARTESIAN_POINT('',(0.0136,1.12024231843418E-17,0.065));
#5053=CARTESIAN_POINT('',(0.0136,-0.0374836287525728,0.065));
#5054=CARTESIAN_POINT('',(0.0136,-0.0374836287525728,0.06));
#5055=CARTESIAN_POINT('',(0.0136,6.93889390390723E-18,0.02));
#5056=CARTESIAN_POINT('',(0.0136,-0.0295596340149135,0.02));
#5057=CARTESIAN_POINT('',(0.0136,-0.0601,0.02));
#5058=CARTESIAN_POINT('',(0.0136,-0.0295596340149135,0.025));
#5059=CARTESIAN_POINT('',(0.0136,-0.027806578611901,0.0296826057653799));
#5060=CARTESIAN_POINT('',(0.0136,-0.0215819367344558,0.0273522489892981));
#5061=CARTESIAN_POINT('',(0.0136,-0.0583469445969876,0.0411161870409947));
#5062=CARTESIAN_POINT('',(0.0136,-0.0601,0.0364335812756148));
#5063=CARTESIAN_POINT('',(0.0136,-0.0651,0.0364335812756148));
#5064=CARTESIAN_POINT('',(0.0136,-0.0651,0.085));
#5065=CARTESIAN_POINT('',(0.0136,-0.0651,0.025));
#5066=CARTESIAN_POINT('',(0.0136,-0.0601,0.025));
#5067=CARTESIAN_POINT('',(0.,0.,0.));
#5068=CARTESIAN_POINT('',(-0.0136,-0.0801,0.));
#5069=CARTESIAN_POINT('',(-0.0136,0.0801,0.));
#5070=CARTESIAN_POINT('',(0.0136,0.0801,0.));
#5071=CARTESIAN_POINT('',(0.0136,-0.0801,0.));
#5072=CARTESIAN_POINT('',(-0.0136,-0.0701839202169004,0.));
#5073=CARTESIAN_POINT('',(-0.0136,-0.07157101565744,0.));
#5074=CARTESIAN_POINT('',(-0.0127184447665334,-0.0735796505467327,1.18276600634782E-19));
#5075=CARTESIAN_POINT('',(-0.0104945785312276,-0.0752483402883698,-1.97127667724637E-19));
#5076=CARTESIAN_POINT('',(-0.00922631971835661,-0.0758198998690212,4.33680868994202E-19));
#5077=CARTESIAN_POINT('',(-0.0086,-0.0761,4.33680868994202E-19));
#5078=CARTESIAN_POINT('',(-0.0086,-0.0761,0.));
#5079=CARTESIAN_POINT('',(0.,-0.0761,0.));
#5080=CARTESIAN_POINT('',(0.0086,-0.0761,0.));
#5081=CARTESIAN_POINT('',(0.0136,-0.0701839202169004,-2.02384405530628E-18));
#5082=CARTESIAN_POINT('',(0.0136,-0.07157101565744,-2.02384405530628E-18));
#5083=CARTESIAN_POINT('',(0.012718444766534,-0.073579650546734,5.78241158658937E-19));
#5084=CARTESIAN_POINT('',(0.0104945785312266,-0.0752483402883676,-2.89120579329468E-19));
#5085=CARTESIAN_POINT('',(0.00922631971835877,-0.0758198998690261,4.33680868994202E-19));
#5086=CARTESIAN_POINT('',(0.0086,-0.0761,4.33680868994202E-19));
#5087=CARTESIAN_POINT('',(0.0136,0.0701839202169004,2.45752492430047E-18));
#5088=CARTESIAN_POINT('',(0.0136,0.07157101565744,2.45752492430047E-18));
#5089=CARTESIAN_POINT('',(0.0127184447665323,0.0735796505467303,-5.5852839188647E-19));
#5090=CARTESIAN_POINT('',(0.0104945785312294,0.0752483402883739,1.11705678377294E-19));
#5091=CARTESIAN_POINT('',(0.00922631971835262,0.0758198998690123,0.));
#5092=CARTESIAN_POINT('',(0.0086,0.0761,0.));
#5093=CARTESIAN_POINT('',(0.0086,0.0761,0.));
#5094=CARTESIAN_POINT('',(-0.0136,0.0761,0.));
#5095=CARTESIAN_POINT('',(-0.0086,0.0761,0.));
#5096=CARTESIAN_POINT('',(-0.0136,0.0701839202169004,0.));
#5097=CARTESIAN_POINT('',(-0.0136,0.07157101565744,0.));
#5098=CARTESIAN_POINT('',(-0.0127184447665329,0.0735796505467316,0.));
#5099=CARTESIAN_POINT('',(-0.0104945785312284,0.0752483402883717,0.));
#5100=CARTESIAN_POINT('',(-0.00922631971835477,0.0758198998690171,0.));
#5101=CARTESIAN_POINT('',(-0.0086,0.0761,0.));
#5102=CARTESIAN_POINT('',(0.,0.,0.005));
#5103=CARTESIAN_POINT('',(0.0086,0.0801,0.005));
#5104=CARTESIAN_POINT('',(0.0086,0.0761,0.005));
#5105=CARTESIAN_POINT('',(0.0066,0.0851,0.005));
#5106=CARTESIAN_POINT('',(-0.0066,0.0801,0.005));
#5107=CARTESIAN_POINT('',(-0.0086,5.5874988364796E-19,0.005));
#5108=CARTESIAN_POINT('',(-0.0086,0.0761,0.005));
#5109=CARTESIAN_POINT('',(0.,0.0761,0.005));
#5110=CARTESIAN_POINT('',(0.,0.,0.085));
#5111=CARTESIAN_POINT('',(-0.0086,-0.0901,0.085));
#5112=CARTESIAN_POINT('',(-0.00715,-0.0901,0.085));
#5113=CARTESIAN_POINT('',(0.0086,-0.0901,0.085));
#5114=CARTESIAN_POINT('',(0.01005,-0.0901,0.085));
#5115=CARTESIAN_POINT('',(0.0086,0.0901,0.085));
#5116=CARTESIAN_POINT('',(0.01005,0.0901,0.085));
#5117=CARTESIAN_POINT('',(-0.0086,0.0901,0.085));
#5118=CARTESIAN_POINT('',(-0.00715,0.0901,0.085));
#5119=CARTESIAN_POINT('',(-0.0216,-1.83460767142083E-19,0.085));
#5120=CARTESIAN_POINT('',(-0.0216,0.0801,0.085));
#5121=CARTESIAN_POINT('',(-0.0216,0.0766,0.085));
#5122=CARTESIAN_POINT('',(-0.0206,0.0766,0.085));
#5123=CARTESIAN_POINT('',(-0.0206,0.0756,0.085));
#5124=CARTESIAN_POINT('',(-0.0206,-1.22307178094722E-19,0.085));
#5125=CARTESIAN_POINT('',(-0.0206,0.0696,0.085));
#5126=CARTESIAN_POINT('',(-0.0206,0.0686,0.085));
#5127=CARTESIAN_POINT('',(-0.0216,0.0686,0.085));
#5128=CARTESIAN_POINT('',(-0.0216,-1.83460767142083E-19,0.085));
#5129=CARTESIAN_POINT('',(-0.0216,0.0646,0.085));
#5130=CARTESIAN_POINT('',(-0.0216,0.0646,0.085));
#5131=CARTESIAN_POINT('',(-0.0196,0.0646,0.085));
#5132=CARTESIAN_POINT('',(-0.0196,0.0636,0.085));
#5133=CARTESIAN_POINT('',(-0.0196,-0.0636,0.085));
#5134=CARTESIAN_POINT('',(-0.0196,-0.0646,0.085));
#5135=CARTESIAN_POINT('',(-0.0216,-0.0646,0.085));
#5136=CARTESIAN_POINT('',(-0.0216,-0.0646,0.085));
#5137=CARTESIAN_POINT('',(-0.0216,1.83460767142083E-19,0.085));
#5138=CARTESIAN_POINT('',(-0.0216,-0.0686,0.085));
#5139=CARTESIAN_POINT('',(-0.0206,-0.0686,0.085));
#5140=CARTESIAN_POINT('',(-0.0206,-0.0696,0.085));
#5141=CARTESIAN_POINT('',(-0.0206,1.22307178094722E-19,0.085));
#5142=CARTESIAN_POINT('',(-0.0206,-0.0756,0.085));
#5143=CARTESIAN_POINT('',(-0.0206,-0.0766,0.085));
#5144=CARTESIAN_POINT('',(-0.0216,-0.0766,0.085));
#5145=CARTESIAN_POINT('',(-0.0216,1.83460767142083E-19,0.085));
#5146=CARTESIAN_POINT('',(-0.0216,-0.0801,0.085));
#5147=CARTESIAN_POINT('',(-0.0216,-0.0801,0.085));
#5148=CARTESIAN_POINT('',(-0.0136,-0.0901,0.085));
#5149=CARTESIAN_POINT('',(-0.0136,-0.0951,0.085));
#5150=CARTESIAN_POINT('',(3.46944695195361E-18,-0.0951,0.085));
#5151=CARTESIAN_POINT('',(0.0136,-0.0951,0.085));
#5152=CARTESIAN_POINT('',(0.0136,-0.0901,0.085));
#5153=CARTESIAN_POINT('',(0.0136,0.0901,0.085));
#5154=CARTESIAN_POINT('',(0.0136,0.0951,0.085));
#5155=CARTESIAN_POINT('',(3.46944695195361E-18,0.0951,0.085));
#5156=CARTESIAN_POINT('',(-0.0136,0.0951,0.085));
#5157=CARTESIAN_POINT('',(-0.0136,0.0901,0.085));
#5158=CARTESIAN_POINT('',(-0.0216,0.0801,0.085));
#5159=CARTESIAN_POINT('',(0.,0.,0.005));
#5160=CARTESIAN_POINT('',(0.0066,-0.0801,0.005));
#5161=CARTESIAN_POINT('',(0.0086,-0.0761,0.005));
#5162=CARTESIAN_POINT('',(0.0086,-0.0761,0.005));
#5163=CARTESIAN_POINT('',(-0.0136,-0.0761,0.005));
#5164=CARTESIAN_POINT('',(-0.0086,-0.0761,0.005));
#5165=CARTESIAN_POINT('',(-0.0086,5.5874988364796E-19,0.005));
#5166=CARTESIAN_POINT('',(-0.0066,-0.0851,0.005));
#5167=CARTESIAN_POINT('',(-8.67361737988404E-18,0.0751,0.025));
#5168=CARTESIAN_POINT('',(0.0136,0.0751,0.001));
#5169=CARTESIAN_POINT('',(-0.0086,0.0751,0.001));
#5170=CARTESIAN_POINT('',(0.0086,0.0751,0.001));
#5171=CARTESIAN_POINT('',(0.0086,0.0751,0.004));
#5172=CARTESIAN_POINT('',(0.0086,0.0751,0.004));
#5173=CARTESIAN_POINT('',(-8.67361737988404E-18,0.0751,0.004));
#5174=CARTESIAN_POINT('',(-0.0086,0.0751,0.004));
#5175=CARTESIAN_POINT('',(-0.0086,0.0751,0.025));
#5176=CARTESIAN_POINT('',(1.04083408558608E-17,-0.0751,0.025));
#5177=CARTESIAN_POINT('',(0.0136,-0.0751,0.004));
#5178=CARTESIAN_POINT('',(-0.0086,-0.0751,0.004));
#5179=CARTESIAN_POINT('',(0.0086,-0.0751,0.004));
#5180=CARTESIAN_POINT('',(0.0086,-0.0751,0.025));
#5181=CARTESIAN_POINT('',(0.0086,-0.0751,0.001));
#5182=CARTESIAN_POINT('',(1.04083408558608E-17,-0.0751,0.001));
#5183=CARTESIAN_POINT('',(-0.0086,-0.0751,0.001));
#5184=CARTESIAN_POINT('',(-0.0086,-0.0751,0.004));
#5185=CARTESIAN_POINT('',(3.46944695195361E-18,-0.0951,0.075));
#5186=CARTESIAN_POINT('',(-0.0086,-0.0901,0.075));
#5187=CARTESIAN_POINT('',(-0.00715,-0.0901,0.075));
#5188=CARTESIAN_POINT('',(0.0086,-0.0901,0.075));
#5189=CARTESIAN_POINT('',(0.01005,-0.0901,0.075));
#5190=CARTESIAN_POINT('',(0.0136,-0.0901,0.075));
#5191=CARTESIAN_POINT('',(0.0136,-0.0951,0.075));
#5192=CARTESIAN_POINT('',(3.46944695195361E-18,-0.0951,0.075));
#5193=CARTESIAN_POINT('',(-0.0136,-0.0951,0.075));
#5194=CARTESIAN_POINT('',(-0.0136,-0.0901,0.075));
#5195=CARTESIAN_POINT('',(-0.0136,-0.0801,0.075));
#5196=CARTESIAN_POINT('',(0.0136,-0.0801,0.075));
#5197=CARTESIAN_POINT('',(0.,-0.0951,0.0425));
#5198=CARTESIAN_POINT('',(0.0136,-0.0951,0.085));
#5199=CARTESIAN_POINT('',(-0.0136,-0.0951,0.0425));
#5200=CARTESIAN_POINT('',(3.46944695195361E-18,0.0951,0.075));
#5201=CARTESIAN_POINT('',(0.0086,0.0901,0.075));
#5202=CARTESIAN_POINT('',(0.01005,0.0901,0.075));
#5203=CARTESIAN_POINT('',(-0.0086,0.0901,0.075));
#5204=CARTESIAN_POINT('',(-0.00715,0.0901,0.075));
#5205=CARTESIAN_POINT('',(-0.0136,0.0901,0.075));
#5206=CARTESIAN_POINT('',(-0.0136,0.0951,0.075));
#5207=CARTESIAN_POINT('',(3.46944695195361E-18,0.0951,0.075));
#5208=CARTESIAN_POINT('',(0.0136,0.0951,0.075));
#5209=CARTESIAN_POINT('',(0.0136,0.0901,0.075));
#5210=CARTESIAN_POINT('',(0.0136,0.0801,0.075));
#5211=CARTESIAN_POINT('',(-0.0136,0.0801,0.075));
#5212=CARTESIAN_POINT('',(0.,0.0951,0.0425));
#5213=CARTESIAN_POINT('',(-0.0136,0.0951,0.0425));
#5214=CARTESIAN_POINT('',(0.0136,0.0951,0.075));
#5215=CARTESIAN_POINT('',(-0.0784,1.98096859454085E-17,0.065));
#5216=CARTESIAN_POINT('',(-0.0784,-0.0374836287525728,0.065));
#5217=CARTESIAN_POINT('',(0.0186,0.0601,0.065));
#5218=CARTESIAN_POINT('',(-0.0784,0.0651,0.0425));
#5219=CARTESIAN_POINT('',(0.0136,0.0651,0.06));
#5220=CARTESIAN_POINT('',(-0.0784,0.0651,0.025));
#5221=CARTESIAN_POINT('',(-0.0784,0.0601,0.02));
#5222=CARTESIAN_POINT('',(0.0186,0.0560052601363161,0.02));
#5223=CARTESIAN_POINT('',(-0.0784,0.0601,0.02));
#5224=CARTESIAN_POINT('',(-0.0784,-0.005,0.0425));
#5225=CARTESIAN_POINT('',(-0.0784,-0.0392366841555853,0.0553173942346201));
#5226=CARTESIAN_POINT('',(0.0136,0.0542522047333036,0.0203173942346201));
#5227=CARTESIAN_POINT('',(-0.0784,-0.0335216313837432,0.02));
#5228=CARTESIAN_POINT('',(-0.0784,-0.0295596340149135,0.02));
#5229=CARTESIAN_POINT('',(0.0186,-0.0601,0.02));
#5230=CARTESIAN_POINT('',(-0.0784,-0.0651,0.0318221845901128));
#5231=CARTESIAN_POINT('',(-0.0784,-0.0651,0.0364335812756148));
#5232=CARTESIAN_POINT('',(0.0136,-0.0651,0.025));
#5233=CARTESIAN_POINT('',(-0.0784,-0.0335216313837432,0.0318221845901128));
#5234=CARTESIAN_POINT('',(-0.0784,-0.027806578611901,0.0296826057653799));
#5235=CARTESIAN_POINT('',(-0.0784,-0.0583469445969875,0.0411161870409947));
#5236=CARTESIAN_POINT('',(-0.0784,-0.005,0.0425));
#5237=CARTESIAN_POINT('',(-0.0186,0.0542522047333036,0.0203173942346201));
#5238=CARTESIAN_POINT('',(-0.0784,-0.0392366841555853,0.0553173942346201));
#5239=CARTESIAN_POINT('',(-0.0784,0.0601,0.02));
#5240=CARTESIAN_POINT('',(-0.0136,0.0560052601363161,0.02));
#5241=CARTESIAN_POINT('',(-0.0784,0.0601,0.02));
#5242=CARTESIAN_POINT('',(-0.0784,0.0651,0.0425));
#5243=CARTESIAN_POINT('',(-0.0186,0.0651,0.06));
#5244=CARTESIAN_POINT('',(-0.0186,0.0651,0.06));
#5245=CARTESIAN_POINT('',(-0.0186,0.0651,0.005));
#5246=CARTESIAN_POINT('',(-0.0186,0.0651,0.025));
#5247=CARTESIAN_POINT('',(-0.0784,0.0651,0.025));
#5248=CARTESIAN_POINT('',(-0.0784,1.98096859454085E-17,0.065));
#5249=CARTESIAN_POINT('',(-0.0136,0.0601,0.065));
#5250=CARTESIAN_POINT('',(-0.0784,-0.0374836287525728,0.065));
#5251=CARTESIAN_POINT('',(-0.0784,-0.0335216313837432,0.0318221845901128));
#5252=CARTESIAN_POINT('',(-0.0784,-0.027806578611901,0.0296826057653799));
#5253=CARTESIAN_POINT('',(-0.0784,-0.0651,0.0436443691802256));
#5254=CARTESIAN_POINT('',(-0.0186,-0.0651,0.0436443691802256));
#5255=CARTESIAN_POINT('',(-0.0186,0.00468643874450861,0.0175179986019986));
#5256=CARTESIAN_POINT('',(-0.0186,-0.0646,0.0434571811602589));
#5257=CARTESIAN_POINT('',(-0.0784,-0.0646,0.0434571811602589));
#5258=CARTESIAN_POINT('',(-0.0196,-0.0646,0.0434571811602589));
#5259=CARTESIAN_POINT('',(-0.0196,-0.0636,0.0430828051203254));
#5260=CARTESIAN_POINT('',(-0.0784,-0.0651,0.0318221845901128));
#5261=CARTESIAN_POINT('',(-0.0186,-0.0651,0.025));
#5262=CARTESIAN_POINT('',(-0.0186,-0.0651,0.025));
#5263=CARTESIAN_POINT('',(-0.0186,-0.0651,0.005));
#5264=CARTESIAN_POINT('',(-0.0784,-0.0335216313837432,0.02));
#5265=CARTESIAN_POINT('',(-0.0784,-0.0295596340149135,0.02));
#5266=CARTESIAN_POINT('',(-0.0136,-0.0601,0.02));
#5267=CARTESIAN_POINT('',(-0.0784,-0.0295596340149135,0.025));
#5268=CARTESIAN_POINT('',(-0.0784,-0.0601,0.025));
#5269=CARTESIAN_POINT('',(-0.0186,-0.0601,0.025));
#5270=CARTESIAN_POINT('',(-0.0784,0.0601,0.06));
#5271=CARTESIAN_POINT('',(-0.0186,0.0601,0.06));
#5272=CARTESIAN_POINT('',(-0.0186,0.0646,0.0621794494717705));
#5273=CARTESIAN_POINT('',(-0.0186,0.0636,0.0635707142142715));
#5274=CARTESIAN_POINT('',(-0.0186,0.0638567025418056,0.0633190953945046));
#5275=CARTESIAN_POINT('',(-0.0187375578122192,0.0641888335039801,0.0629089752422837));
#5276=CARTESIAN_POINT('',(-0.0191071556764062,0.0645018499776442,0.0623837395476325));
#5277=CARTESIAN_POINT('',(-0.0194182565549919,0.0646,0.0621794494717705));
#5278=CARTESIAN_POINT('',(-0.0196,0.0646,0.0621794494717705));
#5279=CARTESIAN_POINT('',(-0.0196,0.0646,0.0621794494717705));
#5280=CARTESIAN_POINT('',(-0.0186,0.0646,0.0621794494717705));
#5281=CARTESIAN_POINT('',(-0.0784,0.0560052601363161,0.025));
#5282=CARTESIAN_POINT('',(-0.0784,0.0601,0.025));
#5283=CARTESIAN_POINT('',(-0.0186,0.0601,0.025));
#5284=CARTESIAN_POINT('',(-0.0784,-0.0374836287525728,0.06));
#5285=CARTESIAN_POINT('',(-0.0784,-0.0374836287525728,0.06));
#5286=CARTESIAN_POINT('',(-0.0784,0.0601,0.06));
#5287=CARTESIAN_POINT('',(-0.0784,0.0560052601363161,0.025));
#5288=CARTESIAN_POINT('',(-0.0784,0.0601,0.025));
#5289=CARTESIAN_POINT('',(-0.0784,-0.0295596340149135,0.025));
#5290=CARTESIAN_POINT('',(-0.0784,-0.0601,0.0364335812756148));
#5291=CARTESIAN_POINT('',(-0.0784,-0.0601,0.025));
#5292=CARTESIAN_POINT('',(-0.0136,-0.0801,0.005));
#5293=CARTESIAN_POINT('',(-0.0186,-0.0801,0.005));
#5294=CARTESIAN_POINT('',(0.0136,-0.0801,0.005));
#5295=CARTESIAN_POINT('',(-0.0136,0.0801,0.005));
#5296=CARTESIAN_POINT('',(-0.0186,0.0801,0.));
#5297=CARTESIAN_POINT('',(0.0136,0.0801,0.005));
#5298=CARTESIAN_POINT('',(1.04083408558608E-17,-0.0761,0.001));
#5299=CARTESIAN_POINT('',(0.0086,-0.0761,0.001));
#5300=CARTESIAN_POINT('',(-0.0086,-0.0761,0.001));
#5301=CARTESIAN_POINT('',(1.04083408558608E-17,-0.0761,0.004));
#5302=CARTESIAN_POINT('',(0.0086,-0.0761,0.004));
#5303=CARTESIAN_POINT('',(-0.0086,-0.0761,0.004));
#5304=CARTESIAN_POINT('',(0.,0.0761,0.001));
#5305=CARTESIAN_POINT('',(0.0086,0.0761,0.001));
#5306=CARTESIAN_POINT('',(-0.0086,0.0761,0.001));
#5307=CARTESIAN_POINT('',(0.,0.0761,0.004));
#5308=CARTESIAN_POINT('',(0.0086,0.0761,0.004));
#5309=CARTESIAN_POINT('',(-0.0086,0.0761,0.004));
#5310=CARTESIAN_POINT('',(-0.0086,0.0901,0.06));
#5311=CARTESIAN_POINT('',(0.0086,0.0901,0.06));
#5312=CARTESIAN_POINT('',(0.0086,-0.0901,0.06));
#5313=CARTESIAN_POINT('',(-0.0086,-0.0901,0.06));
#5314=CARTESIAN_POINT('',(-0.0136,0.0901,0.005));
#5315=CARTESIAN_POINT('',(0.0136,0.0901,0.0425));
#5316=CARTESIAN_POINT('',(0.0136,-0.0901,0.005));
#5317=CARTESIAN_POINT('',(-0.0136,-0.0901,0.0425));
#5318=CARTESIAN_POINT('',(0.0086,-0.0761,0.001));
#5319=CARTESIAN_POINT('',(0.0086,-0.0701,0.001));
#5320=CARTESIAN_POINT('',(0.0086,-0.0701,0.025));
#5321=CARTESIAN_POINT('',(0.0086,-0.0701,0.004));
#5322=CARTESIAN_POINT('',(0.0086,-0.0761,0.004));
#5323=CARTESIAN_POINT('',(0.0086,-0.0761,0.01));
#5324=CARTESIAN_POINT('',(0.0086,-5.5874988364796E-19,0.01));
#5325=CARTESIAN_POINT('',(0.0086,0.0761,0.001));
#5326=CARTESIAN_POINT('',(0.0086,0.0701,0.001));
#5327=CARTESIAN_POINT('',(0.0086,0.0701,0.085));
#5328=CARTESIAN_POINT('',(0.0086,0.0701,0.004));
#5329=CARTESIAN_POINT('',(0.0086,0.0761,0.004));
#5330=CARTESIAN_POINT('',(0.0086,0.0761,0.01));
#5331=CARTESIAN_POINT('',(0.0086,-5.5874988364796E-19,0.01));
#5332=CARTESIAN_POINT('',(-0.0086,-0.0761,0.001));
#5333=CARTESIAN_POINT('',(-0.0086,-0.0701,0.001));
#5334=CARTESIAN_POINT('',(-0.0086,-0.0701,0.085));
#5335=CARTESIAN_POINT('',(-0.0086,-0.0701,0.004));
#5336=CARTESIAN_POINT('',(-0.0086,-0.0761,0.004));
#5337=CARTESIAN_POINT('',(-0.0086,-0.0761,0.01));
#5338=CARTESIAN_POINT('',(-0.0086,-3.24854583516256E-19,0.01));
#5339=CARTESIAN_POINT('',(-0.0086,0.0761,0.001));
#5340=CARTESIAN_POINT('',(-0.0086,0.0701,0.001));
#5341=CARTESIAN_POINT('',(-0.0086,0.0701,0.025));
#5342=CARTESIAN_POINT('',(-0.0086,0.0701,0.004));
#5343=CARTESIAN_POINT('',(-0.0086,0.0761,0.004));
#5344=CARTESIAN_POINT('',(-0.0086,0.0761,0.01));
#5345=CARTESIAN_POINT('',(-0.0086,-3.24854583516256E-19,0.01));
#5346=CARTESIAN_POINT('',(0.0206,-1.25976393437564E-18,0.0425));
#5347=CARTESIAN_POINT('',(0.0206,-0.0716,0.075));
#5348=CARTESIAN_POINT('',(0.0206,-0.0716,0.068));
#5349=CARTESIAN_POINT('',(0.0206,-0.0716,0.074));
#5350=CARTESIAN_POINT('',(0.0206,-0.0746,0.074));
#5351=CARTESIAN_POINT('',(0.0206,-0.0736,0.074));
#5352=CARTESIAN_POINT('',(0.0206,-0.0736,0.0425));
#5353=CARTESIAN_POINT('',(0.0206,-0.0736,0.068));
#5354=CARTESIAN_POINT('',(0.0206,-1.25976393437564E-18,0.068));
#5355=CARTESIAN_POINT('',(0.0206,-1.25976393437564E-18,0.0425));
#5356=CARTESIAN_POINT('',(0.0206,0.0706,0.019));
#5357=CARTESIAN_POINT('',(0.0206,0.0736,0.019));
#5358=CARTESIAN_POINT('',(0.0206,0.0716,0.019));
#5359=CARTESIAN_POINT('',(0.0206,0.0716,0.0425));
#5360=CARTESIAN_POINT('',(0.0206,0.0716,0.013));
#5361=CARTESIAN_POINT('',(0.0206,-1.25976393437564E-18,0.013));
#5362=CARTESIAN_POINT('',(0.0206,0.0736,0.013));
#5363=CARTESIAN_POINT('',(0.0206,0.0736,0.02));
#5364=CARTESIAN_POINT('',(0.0206,-1.25976393437564E-18,0.0425));
#5365=CARTESIAN_POINT('',(0.0206,0.0736,0.075));
#5366=CARTESIAN_POINT('',(0.0206,0.0736,0.068));
#5367=CARTESIAN_POINT('',(0.0206,0.0736,0.074));
#5368=CARTESIAN_POINT('',(0.0206,0.0706,0.074));
#5369=CARTESIAN_POINT('',(0.0206,0.0716,0.074));
#5370=CARTESIAN_POINT('',(0.0206,0.0716,0.0425));
#5371=CARTESIAN_POINT('',(0.0206,0.0716,0.068));
#5372=CARTESIAN_POINT('',(0.0206,-1.25976393437564E-18,0.068));
#5373=CARTESIAN_POINT('',(0.0206,-1.25976393437564E-18,0.0425));
#5374=CARTESIAN_POINT('',(0.0206,-0.0716,0.02));
#5375=CARTESIAN_POINT('',(0.0206,-0.0716,0.013));
#5376=CARTESIAN_POINT('',(0.0206,-0.0716,0.019));
#5377=CARTESIAN_POINT('',(0.0206,-0.0746,0.019));
#5378=CARTESIAN_POINT('',(0.0206,-0.0736,0.019));
#5379=CARTESIAN_POINT('',(0.0206,-0.0736,0.0425));
#5380=CARTESIAN_POINT('',(0.0206,-0.0736,0.013));
#5381=CARTESIAN_POINT('',(0.0206,-1.25976393437564E-18,0.013));
#5382=CARTESIAN_POINT('',(0.0196,-0.0716,0.074));
#5383=CARTESIAN_POINT('',(0.0196,-0.0716,0.074));
#5384=CARTESIAN_POINT('',(0.0196,-0.0706,0.074));
#5385=CARTESIAN_POINT('',(0.0196,-0.0716,0.074));
#5386=CARTESIAN_POINT('',(0.0196,-0.0716,0.075));
#5387=CARTESIAN_POINT('',(0.0196,-0.0716,0.074));
#5388=CARTESIAN_POINT('',(0.0196,-0.0716,0.074));
#5389=CARTESIAN_POINT('',(0.0196,-0.0716,0.076));
#5390=CARTESIAN_POINT('',(0.0196,-0.0696,0.074));
#5391=CARTESIAN_POINT('',(0.0196,-1.19861034532828E-18,0.074));
#5392=CARTESIAN_POINT('',(0.0196,-0.0706,0.075));
#5393=CARTESIAN_POINT('',(0.0196,-0.0736,0.075));
#5394=CARTESIAN_POINT('',(0.0196,-0.0736,0.074));
#5395=CARTESIAN_POINT('',(0.0196,-0.0716,0.0425));
#5396=CARTESIAN_POINT('',(0.0196,-0.0716,0.068));
#5397=CARTESIAN_POINT('',(0.0196,-0.0706,0.068));
#5398=CARTESIAN_POINT('',(0.0196,-0.0706,0.067));
#5399=CARTESIAN_POINT('',(0.0196,-0.0696,0.071));
#5400=CARTESIAN_POINT('',(0.0196,-0.0696,0.068));
#5401=CARTESIAN_POINT('',(0.0196,-0.0726,0.076));
#5402=CARTESIAN_POINT('',(0.0196,-0.0736,0.076));
#5403=CARTESIAN_POINT('',(0.0196,-0.0736,0.074));
#5404=CARTESIAN_POINT('',(0.0196,-0.0736,0.074));
#5405=CARTESIAN_POINT('',(0.0196,-0.0746,0.074));
#5406=CARTESIAN_POINT('',(0.0196,-0.0736,0.074));
#5407=CARTESIAN_POINT('',(0.0196,-0.0716,0.068));
#5408=CARTESIAN_POINT('',(0.0196,-0.0716,0.068));
#5409=CARTESIAN_POINT('',(0.0196,-0.0716,0.067));
#5410=CARTESIAN_POINT('',(0.0196,-0.0716,0.068));
#5411=CARTESIAN_POINT('',(0.0196,-0.0716,0.068));
#5412=CARTESIAN_POINT('',(0.0196,-0.0716,0.066));
#5413=CARTESIAN_POINT('',(0.0196,-0.0736,0.074));
#5414=CARTESIAN_POINT('',(0.0196,-0.0756,0.074));
#5415=CARTESIAN_POINT('',(0.0196,-0.0736,0.071));
#5416=CARTESIAN_POINT('',(0.0196,-0.0746,0.071));
#5417=CARTESIAN_POINT('',(0.0196,-0.0746,0.068));
#5418=CARTESIAN_POINT('',(0.0196,-0.0736,0.068));
#5419=CARTESIAN_POINT('',(0.0196,-0.0726,0.068));
#5420=CARTESIAN_POINT('',(0.0196,-0.0726,0.067));
#5421=CARTESIAN_POINT('',(0.0196,-0.0736,0.067));
#5422=CARTESIAN_POINT('',(0.0196,-0.0736,0.068));
#5423=CARTESIAN_POINT('',(0.0196,1.38166342187671E-17,0.066));
#5424=CARTESIAN_POINT('',(0.0196,-0.0736,0.066));
#5425=CARTESIAN_POINT('',(0.0196,-0.0756,0.005));
#5426=CARTESIAN_POINT('',(0.0196,-0.0756,0.068));
#5427=CARTESIAN_POINT('',(0.0196,-0.0736,0.068));
#5428=CARTESIAN_POINT('',(0.0196,-0.0736,0.068));
#5429=CARTESIAN_POINT('',(0.0196,-0.0736,0.068));
#5430=CARTESIAN_POINT('',(0.0196,-0.0716,0.013));
#5431=CARTESIAN_POINT('',(0.0196,-0.0716,0.013));
#5432=CARTESIAN_POINT('',(0.0196,-0.0716,0.012));
#5433=CARTESIAN_POINT('',(0.0196,-0.0716,0.013));
#5434=CARTESIAN_POINT('',(0.0196,-0.0706,0.013));
#5435=CARTESIAN_POINT('',(0.0196,-0.0716,0.013));
#5436=CARTESIAN_POINT('',(0.0196,-0.0716,0.013));
#5437=CARTESIAN_POINT('',(0.0196,-0.0696,0.013));
#5438=CARTESIAN_POINT('',(0.0196,-0.0716,0.011));
#5439=CARTESIAN_POINT('',(0.0196,-0.0716,0.0425));
#5440=CARTESIAN_POINT('',(0.0196,-0.0706,0.012));
#5441=CARTESIAN_POINT('',(0.0196,-0.0706,0.019));
#5442=CARTESIAN_POINT('',(0.0196,-0.0716,0.019));
#5443=CARTESIAN_POINT('',(0.0196,-0.0726,0.013));
#5444=CARTESIAN_POINT('',(0.0196,-0.0736,0.013));
#5445=CARTESIAN_POINT('',(0.0196,-0.0736,0.012));
#5446=CARTESIAN_POINT('',(0.0196,-0.0726,0.012));
#5447=CARTESIAN_POINT('',(0.0196,1.38166342187671E-17,0.011));
#5448=CARTESIAN_POINT('',(0.0196,-0.0736,0.011));
#5449=CARTESIAN_POINT('',(0.0196,-0.0696,0.016));
#5450=CARTESIAN_POINT('',(0.0196,-0.0696,0.019));
#5451=CARTESIAN_POINT('',(0.0196,-0.0716,0.019));
#5452=CARTESIAN_POINT('',(0.0196,-0.0716,0.019));
#5453=CARTESIAN_POINT('',(0.0196,-0.0716,0.02));
#5454=CARTESIAN_POINT('',(0.0196,-0.0716,0.019));
#5455=CARTESIAN_POINT('',(0.0196,-0.0736,0.013));
#5456=CARTESIAN_POINT('',(0.0196,-0.0736,0.013));
#5457=CARTESIAN_POINT('',(0.0196,-0.0746,0.013));
#5458=CARTESIAN_POINT('',(0.0196,-0.0736,0.013));
#5459=CARTESIAN_POINT('',(0.0196,-0.0736,0.013));
#5460=CARTESIAN_POINT('',(0.0196,-0.0756,0.013));
#5461=CARTESIAN_POINT('',(0.0196,-0.0716,0.019));
#5462=CARTESIAN_POINT('',(0.0196,-0.0716,0.021));
#5463=CARTESIAN_POINT('',(0.0196,-1.19861034532828E-18,0.019));
#5464=CARTESIAN_POINT('',(0.0196,-0.0706,0.02));
#5465=CARTESIAN_POINT('',(0.0196,-0.0736,0.02));
#5466=CARTESIAN_POINT('',(0.0196,-0.0736,0.019));
#5467=CARTESIAN_POINT('',(0.0196,-0.0736,0.016));
#5468=CARTESIAN_POINT('',(0.0196,-0.0746,0.016));
#5469=CARTESIAN_POINT('',(0.0196,-0.0746,0.019));
#5470=CARTESIAN_POINT('',(0.0196,-0.0736,0.019));
#5471=CARTESIAN_POINT('',(0.0196,-0.0756,0.00499999999999987));
#5472=CARTESIAN_POINT('',(0.0196,-0.0756,0.019));
#5473=CARTESIAN_POINT('',(0.0196,-0.0726,0.021));
#5474=CARTESIAN_POINT('',(0.0196,-0.0736,0.021));
#5475=CARTESIAN_POINT('',(0.0196,-0.0736,0.019));
#5476=CARTESIAN_POINT('',(0.0196,-0.0736,0.019));
#5477=CARTESIAN_POINT('',(0.0196,-0.0736,0.019));
#5478=CARTESIAN_POINT('',(0.0196,-1.19861034532828E-18,0.019));
#5479=CARTESIAN_POINT('',(0.0196,0.0736,0.019));
#5480=CARTESIAN_POINT('',(0.0196,0.0736,0.02));
#5481=CARTESIAN_POINT('',(0.0196,0.0746,0.02));
#5482=CARTESIAN_POINT('',(0.0196,0.0716,0.02));
#5483=CARTESIAN_POINT('',(0.0196,0.0716,0.019));
#5484=CARTESIAN_POINT('',(0.0196,0.0736,0.019));
#5485=CARTESIAN_POINT('',(0.0196,0.0736,0.019));
#5486=CARTESIAN_POINT('',(0.0196,0.0746,0.019));
#5487=CARTESIAN_POINT('',(0.0196,0.0736,0.019));
#5488=CARTESIAN_POINT('',(0.0196,0.0726,0.021));
#5489=CARTESIAN_POINT('',(0.0196,0.0716,0.021));
#5490=CARTESIAN_POINT('',(0.0196,0.0736,0.021));
#5491=CARTESIAN_POINT('',(0.0196,0.0716,0.019));
#5492=CARTESIAN_POINT('',(0.0196,0.0716,0.019));
#5493=CARTESIAN_POINT('',(0.0196,0.0706,0.019));
#5494=CARTESIAN_POINT('',(0.0196,0.0716,0.019));
#5495=CARTESIAN_POINT('',(0.0196,0.0736,0.0425));
#5496=CARTESIAN_POINT('',(0.0196,0.0736,0.013));
#5497=CARTESIAN_POINT('',(0.0196,0.0746,0.013));
#5498=CARTESIAN_POINT('',(0.0196,0.0746,0.012));
#5499=CARTESIAN_POINT('',(0.0196,0.0736,0.019));
#5500=CARTESIAN_POINT('',(0.0196,0.0756,0.019));
#5501=CARTESIAN_POINT('',(0.0196,0.0716,0.019));
#5502=CARTESIAN_POINT('',(0.0196,0.0696,0.019));
#5503=CARTESIAN_POINT('',(0.0196,0.0716,0.016));
#5504=CARTESIAN_POINT('',(0.0196,0.0716,0.013));
#5505=CARTESIAN_POINT('',(0.0196,0.0706,0.013));
#5506=CARTESIAN_POINT('',(0.0196,0.0706,0.016));
#5507=CARTESIAN_POINT('',(0.0196,0.0716,0.013));
#5508=CARTESIAN_POINT('',(0.0196,0.0716,0.013));
#5509=CARTESIAN_POINT('',(0.0196,0.0716,0.012));
#5510=CARTESIAN_POINT('',(0.0196,0.0716,0.013));
#5511=CARTESIAN_POINT('',(0.0196,0.0736,0.013));
#5512=CARTESIAN_POINT('',(0.0196,0.0736,0.013));
#5513=CARTESIAN_POINT('',(0.0196,0.0736,0.012));
#5514=CARTESIAN_POINT('',(0.0196,0.0736,0.013));
#5515=CARTESIAN_POINT('',(0.0196,0.0756,0.016));
#5516=CARTESIAN_POINT('',(0.0196,0.0756,0.013));
#5517=CARTESIAN_POINT('',(0.0196,0.0696,0.00500000000000012));
#5518=CARTESIAN_POINT('',(0.0196,0.0696,0.013));
#5519=CARTESIAN_POINT('',(0.0196,0.0726,0.013));
#5520=CARTESIAN_POINT('',(0.0196,0.0726,0.012));
#5521=CARTESIAN_POINT('',(0.0196,0.0736,0.013));
#5522=CARTESIAN_POINT('',(0.0196,0.0736,0.011));
#5523=CARTESIAN_POINT('',(0.0196,0.0716,0.013));
#5524=CARTESIAN_POINT('',(0.0196,0.0716,0.011));
#5525=CARTESIAN_POINT('',(0.0196,1.38166342187671E-17,0.011));
#5526=CARTESIAN_POINT('',(0.0196,1.38166342187671E-17,0.066));
#5527=CARTESIAN_POINT('',(0.0196,0.0716,0.066));
#5528=CARTESIAN_POINT('',(0.0196,0.0716,0.067));
#5529=CARTESIAN_POINT('',(0.0196,0.0736,0.066));
#5530=CARTESIAN_POINT('',(0.0196,0.0736,0.067));
#5531=CARTESIAN_POINT('',(0.0196,0.0726,0.067));
#5532=CARTESIAN_POINT('',(0.0196,0.0736,0.068));
#5533=CARTESIAN_POINT('',(0.0196,0.0736,0.068));
#5534=CARTESIAN_POINT('',(0.0196,0.0746,0.068));
#5535=CARTESIAN_POINT('',(0.0196,0.0756,0.068));
#5536=CARTESIAN_POINT('',(0.0196,0.0726,0.068));
#5537=CARTESIAN_POINT('',(0.0196,0.0716,0.068));
#5538=CARTESIAN_POINT('',(0.0196,0.0736,0.068));
#5539=CARTESIAN_POINT('',(0.0196,0.0716,0.068));
#5540=CARTESIAN_POINT('',(0.0196,0.0716,0.068));
#5541=CARTESIAN_POINT('',(0.0196,0.0706,0.068));
#5542=CARTESIAN_POINT('',(0.0196,0.0696,0.068));
#5543=CARTESIAN_POINT('',(0.0196,0.0756,0.071));
#5544=CARTESIAN_POINT('',(0.0196,0.0756,0.074));
#5545=CARTESIAN_POINT('',(0.0196,0.0746,0.074));
#5546=CARTESIAN_POINT('',(0.0196,0.0746,0.075));
#5547=CARTESIAN_POINT('',(0.0196,0.0736,0.068));
#5548=CARTESIAN_POINT('',(0.0196,0.0736,0.068));
#5549=CARTESIAN_POINT('',(0.0196,0.0716,0.068));
#5550=CARTESIAN_POINT('',(0.0196,0.0716,0.068));
#5551=CARTESIAN_POINT('',(0.0196,0.0696,0.005));
#5552=CARTESIAN_POINT('',(0.0196,0.0696,0.074));
#5553=CARTESIAN_POINT('',(0.0196,0.0706,0.074));
#5554=CARTESIAN_POINT('',(0.0196,0.0706,0.071));
#5555=CARTESIAN_POINT('',(0.0196,0.0716,0.074));
#5556=CARTESIAN_POINT('',(0.0196,0.0716,0.074));
#5557=CARTESIAN_POINT('',(0.0196,0.0716,0.075));
#5558=CARTESIAN_POINT('',(0.0196,0.0716,0.076));
#5559=CARTESIAN_POINT('',(0.0196,0.0736,0.074));
#5560=CARTESIAN_POINT('',(0.0196,0.0736,0.074));
#5561=CARTESIAN_POINT('',(0.0196,0.0736,0.075));
#5562=CARTESIAN_POINT('',(0.0196,0.0736,0.076));
#5563=CARTESIAN_POINT('',(0.0196,0.0736,0.0425));
#5564=CARTESIAN_POINT('',(0.0196,0.0736,0.074));
#5565=CARTESIAN_POINT('',(0.0196,0.0716,0.071));
#5566=CARTESIAN_POINT('',(0.0196,0.0716,0.074));
#5567=CARTESIAN_POINT('',(0.0196,0.0726,0.076));
#5568=CARTESIAN_POINT('',(0.0196,0.0706,0.075));
#5569=CARTESIAN_POINT('',(0.0196,0.0736,0.074));
#5570=CARTESIAN_POINT('',(0.0196,0.0736,0.074));
#5571=CARTESIAN_POINT('',(0.0196,0.0716,0.074));
#5572=CARTESIAN_POINT('',(0.0196,0.0716,0.074));
#5573=CARTESIAN_POINT('',(0.0196,-1.19861034532828E-18,0.074));
#5574=CARTESIAN_POINT('',(-0.0186,-0.00299999999999996,0.0425));
#5575=CARTESIAN_POINT('',(-0.0186,-0.0646,0.078));
#5576=CARTESIAN_POINT('',(-0.0216,-0.0646,0.078));
#5577=CARTESIAN_POINT('',(-0.0196,-0.0646,0.0434571811602589));
#5578=CARTESIAN_POINT('',(-0.0216,-0.0646,0.008));
#5579=CARTESIAN_POINT('',(-0.0216,-0.0646,0.008));
#5580=CARTESIAN_POINT('',(-0.0216,-0.0646,0.078));
#5581=CARTESIAN_POINT('',(-0.0216,-0.0726,0.008));
#5582=CARTESIAN_POINT('',(-0.0216,-0.0801,0.00521611781858563));
#5583=CARTESIAN_POINT('',(-0.0216,-0.0801,0.00521611781858563));
#5584=CARTESIAN_POINT('',(-0.0216,-0.0726,0.008));
#5585=CARTESIAN_POINT('',(-0.0216,-0.0801,0.005));
#5586=CARTESIAN_POINT('',(-0.0216,-0.0801,0.005));
#5587=CARTESIAN_POINT('',(-0.0216,-0.00299999999999996,0.0425));
#5588=CARTESIAN_POINT('',(-0.0216,-0.0766,0.0425));
#5589=CARTESIAN_POINT('',(-0.0216,-0.0766,0.008));
#5590=CARTESIAN_POINT('',(-0.0216,-0.0726,0.008));
#5591=CARTESIAN_POINT('',(-0.0216,-0.0686,0.008));
#5592=CARTESIAN_POINT('',(-0.0216,-0.0686,0.0425));
#5593=CARTESIAN_POINT('',(-0.0206,-0.00299999999999996,0.0425));
#5594=CARTESIAN_POINT('',(-0.0206,-0.0696,0.078));
#5595=CARTESIAN_POINT('',(-0.0206,-0.0696,0.008));
#5596=CARTESIAN_POINT('',(-0.0206,-0.0726,0.008));
#5597=CARTESIAN_POINT('',(-0.0206,-0.0756,0.008));
#5598=CARTESIAN_POINT('',(-0.0206,-0.0756,0.0395));
#5599=CARTESIAN_POINT('',(-0.0196,-0.0636,0.005));
#5600=CARTESIAN_POINT('',(-0.0206,-0.0686,0.0395));
#5601=CARTESIAN_POINT('',(-0.0206,-0.0686,0.008));
#5602=CARTESIAN_POINT('',(-0.0206,-0.0726,0.008));
#5603=CARTESIAN_POINT('',(-0.0206,-0.0766,0.008));
#5604=CARTESIAN_POINT('',(-0.0206,-0.0766,0.078));
#5605=CARTESIAN_POINT('',(-0.0186,0.00299999999999996,0.0425));
#5606=CARTESIAN_POINT('',(-0.0186,0.0646,0.078));
#5607=CARTESIAN_POINT('',(-0.0216,0.0646,0.078));
#5608=CARTESIAN_POINT('',(-0.0196,0.0646,0.078));
#5609=CARTESIAN_POINT('',(-0.0216,0.0646,0.078));
#5610=CARTESIAN_POINT('',(-0.0216,0.0646,0.008));
#5611=CARTESIAN_POINT('',(-0.0216,0.0646,0.008));
#5612=CARTESIAN_POINT('',(-0.0216,0.0801,0.005));
#5613=CARTESIAN_POINT('',(-0.0216,0.0801,0.00521611781858563));
#5614=CARTESIAN_POINT('',(-0.0216,0.0801,0.00521611781858563));
#5615=CARTESIAN_POINT('',(-0.0216,0.0801,0.005));
#5616=CARTESIAN_POINT('',(-0.0216,0.0726,0.008));
#5617=CARTESIAN_POINT('',(-0.0216,0.0726,0.008));
#5618=CARTESIAN_POINT('',(-0.0216,0.00299999999999996,0.0425));
#5619=CARTESIAN_POINT('',(-0.0216,0.0726,0.008));
#5620=CARTESIAN_POINT('',(-0.0216,0.0686,0.008));
#5621=CARTESIAN_POINT('',(-0.0216,0.0766,0.008));
#5622=CARTESIAN_POINT('',(-0.0216,0.0766,0.085));
#5623=CARTESIAN_POINT('',(-0.0216,0.0686,0.008));
#5624=CARTESIAN_POINT('',(-0.0206,0.00299999999999996,0.0425));
#5625=CARTESIAN_POINT('',(-0.0206,0.0696,0.078));
#5626=CARTESIAN_POINT('',(-0.0206,0.0696,0.008));
#5627=CARTESIAN_POINT('',(-0.0206,0.0756,0.0395));
#5628=CARTESIAN_POINT('',(-0.0206,0.0756,0.008));
#5629=CARTESIAN_POINT('',(-0.0206,0.0726,0.008));
#5630=CARTESIAN_POINT('',(-0.0196,0.0636,0.078));
#5631=CARTESIAN_POINT('',(-0.0206,0.0686,0.0425));
#5632=CARTESIAN_POINT('',(-0.0206,0.0686,0.008));
#5633=CARTESIAN_POINT('',(-0.0206,0.0726,0.008));
#5634=CARTESIAN_POINT('',(-0.0206,0.0766,0.008));
#5635=CARTESIAN_POINT('',(-0.0206,0.0766,0.0425));
#5636=CARTESIAN_POINT('',(-0.0086,0.085102,0.0375));
#5637=CARTESIAN_POINT('',(-0.0086,0.0851,0.007));
#5638=CARTESIAN_POINT('',(-0.0086,0.0801,0.068));
#5639=CARTESIAN_POINT('',(-7.56384202583333E-17,0.085102,0.07));
#5640=CARTESIAN_POINT('',(-0.00660000000000008,0.0851,0.07));
#5641=CARTESIAN_POINT('',(0.0066,0.0801,0.07));
#5642=CARTESIAN_POINT('',(0.0086,0.085102,0.0375));
#5643=CARTESIAN_POINT('',(0.0086,0.0801,0.007));
#5644=CARTESIAN_POINT('',(0.0086,0.0851,0.068));
#5645=CARTESIAN_POINT('',(-7.56384202583333E-17,0.085102,0.07));
#5646=CARTESIAN_POINT('',(-0.0066,-0.0801,0.07));
#5647=CARTESIAN_POINT('',(0.0066,-0.0851,0.07));
#5648=CARTESIAN_POINT('',(0.0086,0.085102,0.0375));
#5649=CARTESIAN_POINT('',(0.0086,-0.0801,0.068));
#5650=CARTESIAN_POINT('',(0.0086,-0.0851,0.007));
#5651=CARTESIAN_POINT('',(-0.0086,0.085102,0.0375));
#5652=CARTESIAN_POINT('',(-0.0086,-0.0851,0.068));
#5653=CARTESIAN_POINT('',(-0.0086,-0.0801,0.007));
#5654=CARTESIAN_POINT('',(0.0066,0.085102,0.007));
#5655=CARTESIAN_POINT('',(-0.0066,-2.46218815945096E-18,0.007));
#5656=CARTESIAN_POINT('',(-0.00660000000000008,0.085102,0.068));
#5657=CARTESIAN_POINT('',(0.0066,0.085102,0.068));
#5658=CARTESIAN_POINT('',(-0.00660000000000008,0.085102,0.068));
#5659=CARTESIAN_POINT('',(0.0066,0.085102,0.068));
#5660=CARTESIAN_POINT('',(0.0066,0.085102,0.007));
#5661=CARTESIAN_POINT('',(-0.0066,-2.46218815945096E-18,0.007));
#5662=MECHANICAL_DESIGN_GEOMETRIC_PRESENTATION_REPRESENTATION('',(#3223),
#5663);
#5663=(
GEOMETRIC_REPRESENTATION_CONTEXT(3)
GLOBAL_UNCERTAINTY_ASSIGNED_CONTEXT((#5664))
GLOBAL_UNIT_ASSIGNED_CONTEXT((#5667,#5666,#5665))
REPRESENTATION_CONTEXT('Battery Holder','TOP_LEVEL_ASSEMBLY_PART')
);
#5664=UNCERTAINTY_MEASURE_WITH_UNIT(LENGTH_MEASURE(2.E-5),#5667,
'DISTANCE_ACCURACY_VALUE','Maximum Tolerance applied to model');
#5665=(
NAMED_UNIT(*)
SI_UNIT($,.STERADIAN.)
SOLID_ANGLE_UNIT()
);
#5666=(
NAMED_UNIT(*)
PLANE_ANGLE_UNIT()
SI_UNIT($,.RADIAN.)
);
#5667=(
LENGTH_UNIT()
NAMED_UNIT(*)
SI_UNIT($,.METRE.)
);
#5668=PRODUCT_DEFINITION_SHAPE('','',#5669);
#5669=PRODUCT_DEFINITION('','',#5671,#5670);
#5670=PRODUCT_DEFINITION_CONTEXT('',#5677,'design');
#5671=PRODUCT_DEFINITION_FORMATION_WITH_SPECIFIED_SOURCE('','',#5673,
 .NOT_KNOWN.);
#5672=PRODUCT_RELATED_PRODUCT_CATEGORY('','',(#5673));
#5673=PRODUCT('Battery Holder','Battery Holder','Battery Holder',(#5675));
#5674=PRODUCT_CATEGORY('','');
#5675=PRODUCT_CONTEXT('',#5677,'mechanical');
#5676=APPLICATION_PROTOCOL_DEFINITION('international standard',
'ap242_managed_model_based_3d_engineering',2020,#5677);
#5677=APPLICATION_CONTEXT('managed model based 3d engineering');
ENDSEC;
END-ISO-10303-21;
